{
  "type": "FeatureCollection",
  "name": "ENTSOG_GIE_SYSCAP_2026_pipelines_project",
  "provenance": {
    "source_pdf": "ENTSOG_GIE_SYSCAP_2026_1600x1200_FULL_016_FLAT.pdf",
    "source_title": "ENTSOG/GIE System Capacity Map 2026 (version January 2026)",
    "source_page": 1,
    "extraction": "PyMuPDF get_drawings(); optional-content (Illustrator layer) attributed",
    "classification": "map legend 'Transport by pipeline': solid = operational (by size class), even dash = project, dash-dot-dot = not operational",
    "georeferencing": "page -> EPSG:3857 affine (map states 'WGS 84 / Pseudo-Mercator projection'), fitted by trimmed ICP of the PDF's own 'ne_10m_coastline' layer against Natural Earth 1:10m coastline; median residual 1 m, p90 2 m; scale 2707.9 m/pt, rotation 0.0000 deg",
    "crs": "EPSG:4326",
    "caveats": "cartographic centrelines, not surveyed routes; casing strokes may draw a line more than once; name_nearest is an unverified proximity join",
    "generated_from": "sources/entsog/ + scripts in session scratchpad",
    "status_subset": "project"
  },
  "features": [
    {
      "type": "Feature",
      "properties": {
        "status": "project",
        "status_basis": "legend dash (on a built layer - verify)",
        "pdf_layer": "= PIPELINES-LARGE =",
        "size_class": "DN900+ (36\" and over)",
        "stroke_width_pt": 1.3,
        "dash_pattern": "[ 2.12 2 2.12 ] 0",
        "name_nearest": null,
        "name_dist_pt": null,
        "n_vertices": 36
      },
      "geometry": {
        "type": "LineString",
        "coordinates": [
          [
            47.259445,
            30.542209
          ],
          [
            47.262056,
            30.53382
          ],
          [
            47.26897,
            30.511645
          ],
          [
            47.278812,
            30.480175
          ],
          [
            47.290204,
            30.443897
          ],
          [
            47.30177,
            30.40731
          ],
          [
            47.312132,
            30.374914
          ],
          [
            47.319914,
            30.351218
          ],
          [
            47.323738,
            30.340732
          ],
          [
            47.325827,
            30.338164
          ],
          [
            47.32908,
            30.335324
          ],
          [
            47.33311,
            30.332376
          ],
          [
            47.337529,
            30.329481
          ],
          [
            47.341948,
            30.326805
          ],
          [
            47.345979,
            30.324508
          ],
          [
            47.349234,
            30.322755
          ],
          [
            47.351324,
            30.321709
          ],
          [
            47.368084,
            30.265585
          ],
          [
            47.36959,
            30.258528
          ],
          [
            47.373578,
            30.23985
          ],
          [
            47.379248,
            30.213287
          ],
          [
            47.385801,
            30.182575
          ],
          [
            47.392441,
            30.151457
          ],
          [
            47.398367,
            30.123677
          ],
          [
            47.402782,
            30.102986
          ],
          [
            47.404886,
            30.093134
          ],
          [
            47.411269,
            30.086183
          ],
          [
            47.426946,
            30.073134
          ],
          [
            47.448791,
            30.05615
          ],
          [
            47.473677,
            30.037395
          ],
          [
            47.498475,
            30.019035
          ],
          [
            47.520061,
            30.003235
          ],
          [
            47.535305,
            29.992166
          ],
          [
            47.541081,
            29.987994
          ],
          [
            47.649673,
            29.913314
          ],
          [
            47.664389,
            29.879344
          ]
        ]
      }
    },
    {
      "type": "Feature",
      "properties": {
        "status": "project",
        "status_basis": "legend dash (on a built layer - verify)",
        "pdf_layer": "= PIPELINES-LARGE =",
        "size_class": "DN900+ (36\" and over)",
        "stroke_width_pt": 1.3,
        "dash_pattern": "[ 2.12 2 2.12 ] 0",
        "name_nearest": null,
        "name_dist_pt": null,
        "n_vertices": 7
      },
      "geometry": {
        "type": "LineString",
        "coordinates": [
          [
            43.950603,
            36.190896
          ],
          [
            43.325585,
            36.472185
          ],
          [
            42.569894,
            37.130081
          ],
          [
            42.430148,
            37.251541
          ],
          [
            42.207371,
            37.418208
          ],
          [
            41.139928,
            37.868153
          ],
          [
            40.719923,
            37.890119
          ]
        ]
      }
    },
    {
      "type": "Feature",
      "properties": {
        "status": "project",
        "status_basis": "legend dash (on a built layer - verify)",
        "pdf_layer": "= PIPELINES-LARGE =",
        "size_class": "DN900+ (36\" and over)",
        "stroke_width_pt": 1.3,
        "dash_pattern": "[ 2.12 2 2.12 ] 0",
        "name_nearest": null,
        "name_dist_pt": null,
        "n_vertices": 3
      },
      "geometry": {
        "type": "LineString",
        "coordinates": [
          [
            45.965044,
            34.879794
          ],
          [
            45.7729,
            34.869596
          ],
          [
            45.254013,
            35.085156
          ]
        ]
      }
    },
    {
      "type": "Feature",
      "properties": {
        "status": "project",
        "status_basis": "legend dash (on a built layer - verify)",
        "pdf_layer": "= PIPELINES-LARGE =",
        "size_class": "DN900+ (36\" and over)",
        "stroke_width_pt": 0.9,
        "dash_pattern": "[ 1.8 1 ] 0",
        "name_nearest": "PW",
        "name_dist_pt": 15.1,
        "n_vertices": 85
      },
      "geometry": {
        "type": "LineString",
        "coordinates": [
          [
            13.801131,
            48.534379
          ],
          [
            13.806945,
            48.533333
          ],
          [
            13.811518,
            48.53077
          ],
          [
            13.827672,
            48.53077
          ],
          [
            13.835238,
            48.528788
          ],
          [
            13.845257,
            48.527516
          ],
          [
            13.845733,
            48.527485
          ],
          [
            13.846995,
            48.527405
          ],
          [
            13.848787,
            48.527292
          ],
          [
            13.850858,
            48.527162
          ],
          [
            13.852955,
            48.527032
          ],
          [
            13.854822,
            48.526919
          ],
          [
            13.856209,
            48.526838
          ],
          [
            13.856861,
            48.526808
          ],
          [
            13.85744,
            48.526763
          ],
          [
            13.858642,
            48.526644
          ],
          [
            13.860269,
            48.526476
          ],
          [
            13.862118,
            48.526284
          ],
          [
            13.863992,
            48.526091
          ],
          [
            13.86569,
            48.525924
          ],
          [
            13.867012,
            48.525805
          ],
          [
            13.867759,
            48.52576
          ],
          [
            13.868376,
            48.525785
          ],
          [
            13.869351,
            48.52585
          ],
          [
            13.87055,
            48.525943
          ],
          [
            13.871836,
            48.52605
          ],
          [
            13.873073,
            48.526156
          ],
          [
            13.874124,
            48.526249
          ],
          [
            13.874855,
            48.526315
          ],
          [
            13.875129,
            48.52634
          ],
          [
            13.880943,
            48.527516
          ],
          [
            13.886757,
            48.52961
          ],
          [
            13.88706,
            48.52963
          ],
          [
            13.887864,
            48.529683
          ],
          [
            13.889009,
            48.529758
          ],
          [
            13.890337,
            48.529844
          ],
          [
            13.891689,
            48.52993
          ],
          [
            13.892905,
            48.530005
          ],
          [
            13.893829,
            48.530058
          ],
          [
            13.894299,
            48.530078
          ],
          [
            13.894823,
            48.530053
          ],
          [
            13.89587,
            48.529985
          ],
          [
            13.897259,
            48.52989
          ],
          [
            13.898806,
            48.52978
          ],
          [
            13.900327,
            48.529671
          ],
          [
            13.90164,
            48.529575
          ],
          [
            13.902563,
            48.529508
          ],
          [
            13.902911,
            48.529482
          ],
          [
            13.903253,
            48.529402
          ],
          [
            13.904161,
            48.529189
          ],
          [
            13.905457,
            48.528884
          ],
          [
            13.906963,
            48.528526
          ],
          [
            13.908503,
            48.528157
          ],
          [
            13.909898,
            48.527817
          ],
          [
            13.910972,
            48.527548
          ],
          [
            13.911546,
            48.527388
          ],
          [
            13.912034,
            48.527278
          ],
          [
            13.912899,
            48.527129
          ],
          [
            13.914006,
            48.526957
          ],
          [
            13.915217,
            48.526779
          ],
          [
            13.916397,
            48.526612
          ],
          [
            13.917408,
            48.526472
          ],
          [
            13.918115,
            48.526376
          ],
          [
            13.918381,
            48.52634
          ],
          [
            13.924534,
            48.52705
          ],
          [
            13.937546,
            48.527388
          ],
          [
            13.952316,
            48.527742
          ],
          [
            13.964086,
            48.527162
          ],
          [
            13.974473,
            48.52576
          ],
          [
            13.979557,
            48.52576
          ],
          [
            13.988537,
            48.526582
          ],
          [
            13.99381,
            48.52576
          ],
          [
            14.003639,
            48.522265
          ],
          [
            14.010498,
            48.520298
          ],
          [
            14.018771,
            48.519364
          ],
          [
            14.030203,
            48.51785
          ],
          [
            14.041101,
            48.51785
          ],
          [
            14.04935,
            48.516561
          ],
          [
            14.059737,
            48.515047
          ],
          [
            14.065183,
            48.515047
          ],
          [
            14.069756,
            48.516093
          ],
          [
            14.071846,
            48.515981
          ],
          [
            14.078367,
            48.514128
          ],
          [
            14.085571,
            48.511856
          ],
          [
            14.129524,
            48.512838
          ]
        ]
      }
    },
    {
      "type": "Feature",
      "properties": {
        "status": "project",
        "status_basis": "legend dash (on a built layer - verify)",
        "pdf_layer": "= PIPELINES-MEDIUM =",
        "size_class": "DN600-900 (24\" to 36\")",
        "stroke_width_pt": 0.96,
        "dash_pattern": "[ 1 1 1 ] 0",
        "name_nearest": null,
        "name_dist_pt": null,
        "n_vertices": 4
      },
      "geometry": {
        "type": "LineString",
        "coordinates": [
          [
            10.453153,
            42.832842
          ],
          [
            10.501465,
            42.852228
          ],
          [
            10.555028,
            42.895977
          ],
          [
            10.579086,
            42.945999
          ]
        ]
      }
    },
    {
      "type": "Feature",
      "properties": {
        "status": "project",
        "status_basis": "layer",
        "pdf_layer": "= PIPELINES-PROJ =",
        "size_class": null,
        "stroke_width_pt": 0.48,
        "dash_pattern": "[] 0",
        "name_nearest": null,
        "name_dist_pt": null,
        "n_vertices": 8
      },
      "geometry": {
        "type": "LineString",
        "coordinates": [
          [
            24.052598,
            42.340448
          ],
          [
            24.087726,
            42.378447
          ],
          [
            24.099865,
            42.445239
          ],
          [
            24.116209,
            42.528633
          ],
          [
            24.157394,
            42.586727
          ],
          [
            24.087774,
            42.692193
          ],
          [
            24.086972,
            42.697632
          ],
          [
            24.107063,
            42.721171
          ]
        ]
      }
    },
    {
      "type": "Feature",
      "properties": {
        "status": "project",
        "status_basis": "layer",
        "pdf_layer": "= PIPELINES-PROJ =",
        "size_class": null,
        "stroke_width_pt": 0.48,
        "dash_pattern": "[] 0",
        "name_nearest": "IBR",
        "name_dist_pt": 24.0,
        "n_vertices": 4
      },
      "geometry": {
        "type": "LineString",
        "coordinates": [
          [
            25.330774,
            43.321833
          ],
          [
            25.371686,
            43.44894
          ],
          [
            25.376479,
            43.535324
          ],
          [
            25.36877,
            43.628101
          ]
        ]
      }
    },
    {
      "type": "Feature",
      "properties": {
        "status": "project",
        "status_basis": "layer",
        "pdf_layer": "= PIPELINES-PROJ =",
        "size_class": null,
        "stroke_width_pt": 0.48,
        "dash_pattern": "[] 0",
        "name_nearest": null,
        "name_dist_pt": null,
        "n_vertices": 3
      },
      "geometry": {
        "type": "LineString",
        "coordinates": [
          [
            23.562836,
            43.411599
          ],
          [
            23.645516,
            43.562549
          ],
          [
            23.716912,
            43.720912
          ]
        ]
      }
    },
    {
      "type": "Feature",
      "properties": {
        "status": "project",
        "status_basis": "layer",
        "pdf_layer": "= PIPELINES-PROJ =",
        "size_class": null,
        "stroke_width_pt": 0.48,
        "dash_pattern": "[ 1 1 1 1 ] 0",
        "name_nearest": "IBS",
        "name_dist_pt": 19.9,
        "n_vertices": 6
      },
      "geometry": {
        "type": "LineString",
        "coordinates": [
          [
            23.018424,
            42.354248
          ],
          [
            22.98354,
            42.415967
          ],
          [
            22.960533,
            42.435378
          ],
          [
            22.920172,
            42.485356
          ],
          [
            22.907891,
            42.576936
          ],
          [
            22.964642,
            42.625263
          ]
        ]
      }
    },
    {
      "type": "Feature",
      "properties": {
        "status": "project",
        "status_basis": "layer",
        "pdf_layer": "= PIPELINES-PROJ =",
        "size_class": null,
        "stroke_width_pt": 0.48,
        "dash_pattern": "[ 1 1 1 1 ] 0",
        "name_nearest": null,
        "name_dist_pt": null,
        "n_vertices": 10
      },
      "geometry": {
        "type": "LineString",
        "coordinates": [
          [
            23.088906,
            41.632901
          ],
          [
            23.041206,
            41.608296
          ],
          [
            23.06869,
            41.509896
          ],
          [
            23.048504,
            41.472943
          ],
          [
            23.067574,
            41.442463
          ],
          [
            23.127413,
            41.426488
          ],
          [
            23.15225,
            41.402317
          ],
          [
            23.156021,
            41.383975
          ],
          [
            23.161591,
            41.376293
          ],
          [
            23.175601,
            41.375397
          ]
        ]
      }
    },
    {
      "type": "Feature",
      "properties": {
        "status": "project",
        "status_basis": "layer",
        "pdf_layer": "= PIPELINES-PROJ =",
        "size_class": null,
        "stroke_width_pt": 0.48,
        "dash_pattern": "[ 1 1 1 1 ] 0",
        "name_nearest": null,
        "name_dist_pt": null,
        "n_vertices": 43
      },
      "geometry": {
        "type": "LineString",
        "coordinates": [
          [
            13.556761,
            45.509233
          ],
          [
            13.570408,
            45.51051
          ],
          [
            13.587678,
            45.512437
          ],
          [
            13.608161,
            45.515966
          ],
          [
            13.629541,
            45.522374
          ],
          [
            13.653189,
            45.525578
          ],
          [
            13.686393,
            45.525903
          ],
          [
            13.695486,
            45.526552
          ],
          [
            13.718208,
            45.529106
          ],
          [
            13.741416,
            45.532959
          ],
          [
            13.766882,
            45.541919
          ],
          [
            13.791914,
            45.554101
          ],
          [
            13.820106,
            45.568184
          ],
          [
            13.846474,
            45.581312
          ],
          [
            13.866037,
            45.592193
          ],
          [
            13.885593,
            45.59956
          ],
          [
            13.903326,
            45.606915
          ],
          [
            13.916071,
            45.615236
          ],
          [
            13.917871,
            45.62675
          ],
          [
            13.916974,
            45.64818
          ],
          [
            13.908772,
            45.671848
          ],
          [
            13.900601,
            45.690067
          ],
          [
            13.897411,
            45.709876
          ],
          [
            13.896515,
            45.742769
          ],
          [
            13.904247,
            45.770212
          ],
          [
            13.915608,
            45.787111
          ],
          [
            13.934268,
            45.805934
          ],
          [
            13.935031,
            45.806649
          ],
          [
            13.937045,
            45.80854
          ],
          [
            13.939902,
            45.811232
          ],
          [
            13.943189,
            45.814345
          ],
          [
            13.946497,
            45.817502
          ],
          [
            13.949416,
            45.820327
          ],
          [
            13.951533,
            45.822441
          ],
          [
            13.95244,
            45.823468
          ],
          [
            13.952631,
            45.824704
          ],
          [
            13.95285,
            45.827363
          ],
          [
            13.953079,
            45.830955
          ],
          [
            13.953304,
            45.83499
          ],
          [
            13.953507,
            45.83898
          ],
          [
            13.953672,
            45.842436
          ],
          [
            13.953784,
            45.844868
          ],
          [
            13.953824,
            45.845787
          ]
        ]
      }
    },
    {
      "type": "Feature",
      "properties": {
        "status": "project",
        "status_basis": "layer",
        "pdf_layer": "= PIPELINES-PROJ =",
        "size_class": null,
        "stroke_width_pt": 0.48,
        "dash_pattern": "[ 1 1 1 1 ] 0",
        "name_nearest": null,
        "name_dist_pt": null,
        "n_vertices": 5
      },
      "geometry": {
        "type": "LineString",
        "coordinates": [
          [
            13.817825,
            45.706355
          ],
          [
            13.840571,
            45.712742
          ],
          [
            13.855115,
            45.716889
          ],
          [
            13.873775,
            45.718178
          ],
          [
            13.896521,
            45.718178
          ]
        ]
      }
    },
    {
      "type": "Feature",
      "properties": {
        "status": "project",
        "status_basis": "layer",
        "pdf_layer": "= PIPELINES-PROJ =",
        "size_class": null,
        "stroke_width_pt": 0.48,
        "dash_pattern": "[ 1 1 1 1 ] 0",
        "name_nearest": null,
        "name_dist_pt": null,
        "n_vertices": 8
      },
      "geometry": {
        "type": "LineString",
        "coordinates": [
          [
            13.618162,
            45.439949
          ],
          [
            13.624998,
            45.458243
          ],
          [
            13.634536,
            45.474928
          ],
          [
            13.649543,
            45.488078
          ],
          [
            13.667276,
            45.494165
          ],
          [
            13.685033,
            45.501853
          ],
          [
            13.691382,
            45.513719
          ],
          [
            13.694108,
            45.527184
          ]
        ]
      }
    },
    {
      "type": "Feature",
      "properties": {
        "status": "project",
        "status_basis": "layer",
        "pdf_layer": "= PIPELINES-PROJ =",
        "size_class": null,
        "stroke_width_pt": 1.32,
        "dash_pattern": "[ 1.818 1.5 1.818 1.5 ] 0",
        "name_nearest": null,
        "name_dist_pt": null,
        "n_vertices": 73
      },
      "geometry": {
        "type": "LineString",
        "coordinates": [
          [
            13.976433,
            45.839979
          ],
          [
            14.027638,
            45.836284
          ],
          [
            14.052355,
            45.834012
          ],
          [
            14.076603,
            45.833371
          ],
          [
            14.118252,
            45.836607
          ],
          [
            14.1425,
            45.843384
          ],
          [
            14.163084,
            45.854685
          ],
          [
            14.17865,
            45.866968
          ],
          [
            14.199228,
            45.870831
          ],
          [
            14.199586,
            45.87093
          ],
          [
            14.200545,
            45.8712
          ],
          [
            14.201934,
            45.8716
          ],
          [
            14.20358,
            45.872086
          ],
          [
            14.205312,
            45.872618
          ],
          [
            14.206957,
            45.873152
          ],
          [
            14.208344,
            45.873649
          ],
          [
            14.2093,
            45.874064
          ],
          [
            14.210598,
            45.875354
          ],
          [
            14.212869,
            45.878153
          ],
          [
            14.21576,
            45.881943
          ],
          [
            14.218919,
            45.886206
          ],
          [
            14.221991,
            45.890422
          ],
          [
            14.224623,
            45.894076
          ],
          [
            14.226461,
            45.896647
          ],
          [
            14.227152,
            45.897619
          ],
          [
            14.227725,
            45.898385
          ],
          [
            14.229242,
            45.900414
          ],
          [
            14.231403,
            45.903305
          ],
          [
            14.233907,
            45.906658
          ],
          [
            14.236453,
            45.910071
          ],
          [
            14.23874,
            45.913143
          ],
          [
            14.240467,
            45.915473
          ],
          [
            14.241334,
            45.916661
          ],
          [
            14.242151,
            45.917557
          ],
          [
            14.243728,
            45.919118
          ],
          [
            14.245798,
            45.921102
          ],
          [
            14.248093,
            45.923268
          ],
          [
            14.250343,
            45.925374
          ],
          [
            14.252283,
            45.927177
          ],
          [
            14.253643,
            45.928437
          ],
          [
            14.254156,
            45.92891
          ],
          [
            14.277021,
            45.935697
          ],
          [
            14.285733,
            45.953743
          ],
          [
            14.28894,
            45.965344
          ],
          [
            14.303585,
            45.981453
          ],
          [
            14.319127,
            45.99403
          ],
          [
            14.343844,
            46.002075
          ],
          [
            14.379091,
            46.013683
          ],
          [
            14.41935,
            46.02495
          ],
          [
            14.441318,
            46.030739
          ],
          [
            14.462383,
            46.035571
          ],
          [
            14.469682,
            46.043927
          ],
          [
            14.476998,
            46.061316
          ],
          [
            14.499892,
            46.079964
          ],
          [
            14.501252,
            46.109233
          ],
          [
            14.502642,
            46.120481
          ],
          [
            14.502386,
            46.121077
          ],
          [
            14.50171,
            46.122656
          ],
          [
            14.500756,
            46.124906
          ],
          [
            14.499661,
            46.127514
          ],
          [
            14.498566,
            46.130166
          ],
          [
            14.497611,
            46.13255
          ],
          [
            14.496936,
            46.134354
          ],
          [
            14.49668,
            46.135265
          ],
          [
            14.497074,
            46.136232
          ],
          [
            14.498112,
            46.138181
          ],
          [
            14.499581,
            46.140771
          ],
          [
            14.501264,
            46.143658
          ],
          [
            14.502948,
            46.1465
          ],
          [
            14.504416,
            46.148955
          ],
          [
            14.505455,
            46.150678
          ],
          [
            14.505849,
            46.151329
          ],
          [
            14.511325,
            46.161926
          ]
        ]
      }
    },
    {
      "type": "Feature",
      "properties": {
        "status": "project",
        "status_basis": "layer",
        "pdf_layer": "= PIPELINES-PROJ =",
        "size_class": null,
        "stroke_width_pt": 0.48,
        "dash_pattern": "[] 0",
        "name_nearest": null,
        "name_dist_pt": null,
        "n_vertices": 2
      },
      "geometry": {
        "type": "LineString",
        "coordinates": [
          [
            12.651857,
            47.434559
          ],
          [
            12.658135,
            47.43229
          ]
        ]
      }
    },
    {
      "type": "Feature",
      "properties": {
        "status": "project",
        "status_basis": "layer",
        "pdf_layer": "= PIPELINES-PROJ =",
        "size_class": null,
        "stroke_width_pt": 0.48,
        "dash_pattern": "[ .556 .555 ] 0",
        "name_nearest": null,
        "name_dist_pt": null,
        "n_vertices": 7
      },
      "geometry": {
        "type": "LineString",
        "coordinates": [
          [
            12.670066,
            47.428003
          ],
          [
            12.691351,
            47.420582
          ],
          [
            12.718598,
            47.411825
          ],
          [
            12.754694,
            47.40537
          ],
          [
            12.78532,
            47.398473
          ],
          [
            12.813245,
            47.395707
          ],
          [
            12.81638,
            47.394686
          ]
        ]
      }
    },
    {
      "type": "Feature",
      "properties": {
        "status": "project",
        "status_basis": "layer",
        "pdf_layer": "= PIPELINES-PROJ =",
        "size_class": null,
        "stroke_width_pt": 0.48,
        "dash_pattern": "[] 0",
        "name_nearest": null,
        "name_dist_pt": null,
        "n_vertices": 2
      },
      "geometry": {
        "type": "LineString",
        "coordinates": [
          [
            12.82248,
            47.392708
          ],
          [
            12.828899,
            47.390633
          ]
        ]
      }
    },
    {
      "type": "Feature",
      "properties": {
        "status": "project",
        "status_basis": "layer",
        "pdf_layer": "= PIPELINES PROJ LEGACY (2022)",
        "size_class": null,
        "stroke_width_pt": 1.31,
        "dash_pattern": "[ 1.8 1.6 1.8 ] 0",
        "name_nearest": null,
        "name_dist_pt": null,
        "n_vertices": 2
      },
      "geometry": {
        "type": "LineString",
        "coordinates": [
          [
            0.024508,
            49.529109
          ],
          [
            0.082061,
            49.550309
          ]
        ]
      }
    },
    {
      "type": "Feature",
      "properties": {
        "status": "project",
        "status_basis": "layer",
        "pdf_layer": "= PIPELINES PROJ LEGACY (2022)",
        "size_class": null,
        "stroke_width_pt": 1.3,
        "dash_pattern": "[ 2.12 2 2.12 ] 0",
        "name_nearest": null,
        "name_dist_pt": null,
        "n_vertices": 2
      },
      "geometry": {
        "type": "LineString",
        "coordinates": [
          [
            17.987617,
            45.034591
          ],
          [
            17.970709,
            45.142838
          ]
        ]
      }
    },
    {
      "type": "Feature",
      "properties": {
        "status": "project",
        "status_basis": "layer",
        "pdf_layer": "= PIPELINES PROJ LEGACY (2022)",
        "size_class": null,
        "stroke_width_pt": 1.3,
        "dash_pattern": "[ 2.12 2 2.12 ] 0",
        "name_nearest": "Trans-Caspian Pipeline",
        "name_dist_pt": 11.7,
        "n_vertices": 20
      },
      "geometry": {
        "type": "LineString",
        "coordinates": [
          [
            54.182686,
            39.643953
          ],
          [
            54.135175,
            39.771523
          ],
          [
            54.08011,
            39.825592
          ],
          [
            53.975409,
            39.851371
          ],
          [
            53.79652,
            39.903432
          ],
          [
            53.501302,
            40.034136
          ],
          [
            53.453708,
            40.062573
          ],
          [
            52.977284,
            39.958107
          ],
          [
            52.624566,
            39.920058
          ],
          [
            52.524544,
            39.922614
          ],
          [
            52.077714,
            39.972386
          ],
          [
            50.686813,
            40.204789
          ],
          [
            50.659322,
            40.199142
          ],
          [
            50.535433,
            40.17545
          ],
          [
            50.255643,
            40.109377
          ],
          [
            50.143429,
            40.093918
          ],
          [
            49.927737,
            40.08584
          ],
          [
            49.753273,
            40.093918
          ],
          [
            49.65043,
            40.078193
          ],
          [
            49.544197,
            40.128987
          ]
        ]
      }
    },
    {
      "type": "Feature",
      "properties": {
        "status": "project",
        "status_basis": "layer",
        "pdf_layer": "= PIPELINES PROJ LEGACY (2022)",
        "size_class": null,
        "stroke_width_pt": 1.31,
        "dash_pattern": "[ 1.8 1.6 1.8 ] 0",
        "name_nearest": null,
        "name_dist_pt": null,
        "n_vertices": 3
      },
      "geometry": {
        "type": "LineString",
        "coordinates": [
          [
            13.046533,
            45.788751
          ],
          [
            13.161717,
            45.763795
          ],
          [
            13.203116,
            45.792006
          ]
        ]
      }
    },
    {
      "type": "Feature",
      "properties": {
        "status": "project",
        "status_basis": "layer",
        "pdf_layer": "= PIPELINES PROJ LEGACY (2022)",
        "size_class": null,
        "stroke_width_pt": 1.3,
        "dash_pattern": "[ 2.12 2 2.12 ] 0",
        "name_nearest": "(SCPFX)",
        "name_dist_pt": 11.5,
        "n_vertices": 35
      },
      "geometry": {
        "type": "LineString",
        "coordinates": [
          [
            49.045882,
            40.110263
          ],
          [
            49.049992,
            40.070808
          ],
          [
            49.057119,
            40.047017
          ],
          [
            48.94921,
            40.016077
          ],
          [
            48.915692,
            40.013748
          ],
          [
            48.829775,
            40.068299
          ],
          [
            48.68915,
            40.151256
          ],
          [
            48.621014,
            40.207139
          ],
          [
            48.568592,
            40.252434
          ],
          [
            48.419842,
            40.408798
          ],
          [
            48.354895,
            40.461861
          ],
          [
            48.230424,
            40.506913
          ],
          [
            48.159467,
            40.515325
          ],
          [
            48.099841,
            40.571078
          ],
          [
            47.993079,
            40.59216
          ],
          [
            47.925822,
            40.607857
          ],
          [
            47.863987,
            40.614912
          ],
          [
            47.816648,
            40.612031
          ],
          [
            47.635324,
            40.625122
          ],
          [
            47.48993,
            40.648417
          ],
          [
            47.278936,
            40.703304
          ],
          [
            47.202189,
            40.71278
          ],
          [
            47.038135,
            40.708427
          ],
          [
            46.762728,
            40.7333
          ],
          [
            46.514385,
            40.792275
          ],
          [
            46.290592,
            40.836296
          ],
          [
            45.954247,
            41.023236
          ],
          [
            45.666333,
            41.06538
          ],
          [
            45.471315,
            41.094715
          ],
          [
            45.313396,
            41.156048
          ],
          [
            45.219622,
            41.215232
          ],
          [
            45.220471,
            41.303024
          ],
          [
            45.241536,
            41.423394
          ],
          [
            45.241536,
            41.557482
          ],
          [
            45.190379,
            41.688335
          ]
        ]
      }
    },
    {
      "type": "Feature",
      "properties": {
        "status": "project",
        "status_basis": "layer",
        "pdf_layer": "= PIPELINES PROJ LEGACY (2022)",
        "size_class": null,
        "stroke_width_pt": 1.31,
        "dash_pattern": "[ 1.8 1.6 1.8 ] 0",
        "name_nearest": "RHG",
        "name_dist_pt": 25.9,
        "n_vertices": 12
      },
      "geometry": {
        "type": "LineString",
        "coordinates": [
          [
            7.178881,
            52.141046
          ],
          [
            7.355288,
            52.205448
          ],
          [
            7.926935,
            52.301006
          ],
          [
            8.198113,
            52.383248
          ],
          [
            8.174423,
            52.4352
          ],
          [
            8.07148,
            52.722601
          ],
          [
            8.184495,
            52.921017
          ],
          [
            8.208162,
            53.097429
          ],
          [
            7.982302,
            53.35848
          ],
          [
            7.944739,
            53.452333
          ],
          [
            7.911149,
            53.440496
          ],
          [
            7.712704,
            53.448538
          ]
        ]
      }
    },
    {
      "type": "Feature",
      "properties": {
        "status": "project",
        "status_basis": "layer",
        "pdf_layer": "= PIPELINES PROJ LEGACY (2022)",
        "size_class": null,
        "stroke_width_pt": 1.31,
        "dash_pattern": "[ 1.8 1.6 1.8 ] 0",
        "name_nearest": null,
        "name_dist_pt": null,
        "n_vertices": 2
      },
      "geometry": {
        "type": "LineString",
        "coordinates": [
          [
            10.637666,
            42.901246
          ],
          [
            10.596314,
            42.968991
          ]
        ]
      }
    },
    {
      "type": "Feature",
      "properties": {
        "status": "project",
        "status_basis": "layer",
        "pdf_layer": "= PIPELINES PROJ LEGACY (2022)",
        "size_class": null,
        "stroke_width_pt": 1.31,
        "dash_pattern": "[ 1.8 1.6 1.8 ] 0",
        "name_nearest": null,
        "name_dist_pt": null,
        "n_vertices": 3
      },
      "geometry": {
        "type": "LineString",
        "coordinates": [
          [
            13.046533,
            45.788751
          ],
          [
            13.161717,
            45.763795
          ],
          [
            13.203116,
            45.792006
          ]
        ]
      }
    },
    {
      "type": "Feature",
      "properties": {
        "status": "project",
        "status_basis": "layer",
        "pdf_layer": "= PIPELINES PROJ LEGACY (2022)",
        "size_class": null,
        "stroke_width_pt": 1.31,
        "dash_pattern": "[ 1.8 1.6 1.8 ] 0",
        "name_nearest": null,
        "name_dist_pt": null,
        "n_vertices": 2
      },
      "geometry": {
        "type": "LineString",
        "coordinates": [
          [
            0.029579,
            49.528631
          ],
          [
            0.087133,
            49.549831
          ]
        ]
      }
    },
    {
      "type": "Feature",
      "properties": {
        "status": "project",
        "status_basis": "layer",
        "pdf_layer": "= PIPELINES PROJ LEGACY (2022)",
        "size_class": null,
        "stroke_width_pt": 1.31,
        "dash_pattern": "[ 1.8 1.6 1.8 ] 0",
        "name_nearest": "WAL",
        "name_dist_pt": 6.6,
        "n_vertices": 5
      },
      "geometry": {
        "type": "LineString",
        "coordinates": [
          [
            7.98915,
            53.49449
          ],
          [
            8.023619,
            53.501653
          ],
          [
            8.055172,
            53.553824
          ],
          [
            8.123498,
            53.542868
          ],
          [
            8.130601,
            53.591191
          ]
        ]
      }
    },
    {
      "type": "Feature",
      "properties": {
        "status": "project",
        "status_basis": "layer",
        "pdf_layer": "= PIPELINES PROJ LEGACY (2022)",
        "size_class": null,
        "stroke_width_pt": 1.31,
        "dash_pattern": "[ 1.8 1.6 1.8 ] 0",
        "name_nearest": "IAP",
        "name_dist_pt": 15.9,
        "n_vertices": 21
      },
      "geometry": {
        "type": "LineString",
        "coordinates": [
          [
            16.392884,
            43.585938
          ],
          [
            16.417988,
            43.58731
          ],
          [
            16.500549,
            43.592282
          ],
          [
            16.58722,
            43.597211
          ],
          [
            16.604859,
            43.574696
          ],
          [
            16.630057,
            43.574115
          ],
          [
            16.64317,
            43.559554
          ],
          [
            16.761435,
            43.49864
          ],
          [
            16.821447,
            43.466778
          ],
          [
            17.000241,
            43.373808
          ],
          [
            17.097252,
            43.253772
          ],
          [
            17.187183,
            43.196715
          ],
          [
            17.320925,
            43.14951
          ],
          [
            17.385457,
            43.099016
          ],
          [
            17.424694,
            43.073665
          ],
          [
            17.508396,
            43.059803
          ],
          [
            17.558365,
            43.020938
          ],
          [
            17.551138,
            42.889568
          ],
          [
            17.672545,
            42.859137
          ],
          [
            17.841754,
            42.823051
          ],
          [
            17.964254,
            42.756165
          ]
        ]
      }
    },
    {
      "type": "Feature",
      "properties": {
        "status": "project",
        "status_basis": "layer",
        "pdf_layer": "= PIPELINES PROJ LEGACY (2022)",
        "size_class": null,
        "stroke_width_pt": 1.31,
        "dash_pattern": "[ 1.8 1.6 1.8 ] 0",
        "name_nearest": "IAP",
        "name_dist_pt": 15.6,
        "n_vertices": 15
      },
      "geometry": {
        "type": "LineString",
        "coordinates": [
          [
            19.57201,
            40.701588
          ],
          [
            19.607281,
            40.871935
          ],
          [
            19.659073,
            40.989498
          ],
          [
            19.691885,
            41.297523
          ],
          [
            19.688262,
            41.564583
          ],
          [
            19.705485,
            41.869084
          ],
          [
            19.468871,
            41.963752
          ],
          [
            19.415113,
            41.931167
          ],
          [
            19.283366,
            41.952861
          ],
          [
            19.13717,
            42.0385
          ],
          [
            19.003671,
            42.108702
          ],
          [
            18.879318,
            42.201034
          ],
          [
            18.812839,
            42.318632
          ],
          [
            18.738426,
            42.354002
          ],
          [
            18.615368,
            42.443999
          ]
        ]
      }
    },
    {
      "type": "Feature",
      "properties": {
        "status": "project",
        "status_basis": "layer",
        "pdf_layer": "= PIPELINES PROJ LEGACY (2022)",
        "size_class": null,
        "stroke_width_pt": 1.31,
        "dash_pattern": "[ 1.8 1.6 1.8 ] 0",
        "name_nearest": null,
        "name_dist_pt": null,
        "n_vertices": 10
      },
      "geometry": {
        "type": "LineString",
        "coordinates": [
          [
            17.978917,
            45.16315
          ],
          [
            18.031071,
            45.196878
          ],
          [
            18.0768,
            45.173936
          ],
          [
            18.287824,
            45.17008
          ],
          [
            18.448784,
            45.23264
          ],
          [
            18.530104,
            45.251089
          ],
          [
            18.966554,
            45.24148
          ],
          [
            18.98978,
            45.245746
          ],
          [
            19.044614,
            45.2855
          ],
          [
            19.116129,
            45.309454
          ]
        ]
      }
    },
    {
      "type": "Feature",
      "properties": {
        "status": "project",
        "status_basis": "layer",
        "pdf_layer": "= PIPELINES PROJ LEGACY (2022)",
        "size_class": null,
        "stroke_width_pt": 1.0,
        "dash_pattern": "[ 1.8 1.6 1.8 ] 0",
        "name_nearest": null,
        "name_dist_pt": null,
        "n_vertices": 2
      },
      "geometry": {
        "type": "LineString",
        "coordinates": [
          [
            18.94695,
            45.374539
          ],
          [
            18.748136,
            45.548977
          ]
        ]
      }
    },
    {
      "type": "Feature",
      "properties": {
        "status": "project",
        "status_basis": "layer",
        "pdf_layer": "= PIPELINES PROJ LEGACY (2022)",
        "size_class": null,
        "stroke_width_pt": 0.5,
        "dash_pattern": "[ 1.8 1.6 1.8 ] 0",
        "name_nearest": "IAP",
        "name_dist_pt": 11.0,
        "n_vertices": 7
      },
      "geometry": {
        "type": "LineString",
        "coordinates": [
          [
            17.000241,
            43.373813
          ],
          [
            16.976088,
            43.357506
          ],
          [
            17.028848,
            43.393119
          ],
          [
            17.09411,
            43.421676
          ],
          [
            17.171879,
            43.447888
          ],
          [
            17.265243,
            43.474161
          ],
          [
            17.321216,
            43.49559
          ]
        ]
      }
    },
    {
      "type": "Feature",
      "properties": {
        "status": "project",
        "status_basis": "layer",
        "pdf_layer": "= PIPELINES PROJ LEGACY (2022)",
        "size_class": null,
        "stroke_width_pt": 1.31,
        "dash_pattern": "[ 1.8 1.6 1.8 ] 0",
        "name_nearest": null,
        "name_dist_pt": null,
        "n_vertices": 17
      },
      "geometry": {
        "type": "LineString",
        "coordinates": [
          [
            23.94428,
            46.916274
          ],
          [
            23.818543,
            47.029492
          ],
          [
            23.625229,
            47.205815
          ],
          [
            23.560228,
            47.206263
          ],
          [
            23.349864,
            47.326418
          ],
          [
            23.211014,
            47.556304
          ],
          [
            22.833098,
            47.716283
          ],
          [
            22.781893,
            47.694331
          ],
          [
            22.784156,
            47.645256
          ],
          [
            22.474126,
            47.52233
          ],
          [
            22.390668,
            47.479208
          ],
          [
            22.280277,
            47.382447
          ],
          [
            21.95736,
            47.121335
          ],
          [
            21.621353,
            46.813239
          ],
          [
            21.542438,
            46.739456
          ],
          [
            21.435967,
            46.488666
          ],
          [
            21.38272,
            46.277587
          ]
        ]
      }
    },
    {
      "type": "Feature",
      "properties": {
        "status": "project",
        "status_basis": "layer",
        "pdf_layer": "= PIPELINES PROJ LEGACY (2022)",
        "size_class": null,
        "stroke_width_pt": 1.31,
        "dash_pattern": "[ 1.8 1.6 1.8 ] 0",
        "name_nearest": null,
        "name_dist_pt": null,
        "n_vertices": 3
      },
      "geometry": {
        "type": "LineString",
        "coordinates": [
          [
            23.051016,
            47.117993
          ],
          [
            22.547892,
            47.254301
          ],
          [
            22.281215,
            47.275181
          ]
        ]
      }
    },
    {
      "type": "Feature",
      "properties": {
        "status": "project",
        "status_basis": "layer",
        "pdf_layer": "= PIPELINES PROJ LEGACY (2022)",
        "size_class": null,
        "stroke_width_pt": 1.31,
        "dash_pattern": "[ 1.8 1.6 1.8 ] 0",
        "name_nearest": "NEL",
        "name_dist_pt": 20.7,
        "n_vertices": 6
      },
      "geometry": {
        "type": "LineString",
        "coordinates": [
          [
            9.301765,
            53.551727
          ],
          [
            9.412102,
            53.345784
          ],
          [
            8.979626,
            53.023933
          ],
          [
            8.895871,
            52.939752
          ],
          [
            8.754105,
            52.912519
          ],
          [
            8.430671,
            52.660864
          ]
        ]
      }
    },
    {
      "type": "Feature",
      "properties": {
        "status": "project",
        "status_basis": "layer",
        "pdf_layer": "= PIPELINES PROJ LEGACY (2022)",
        "size_class": null,
        "stroke_width_pt": 0.5,
        "dash_pattern": "[ 1.8 1.6 1.8 ] 0",
        "name_nearest": "IAP",
        "name_dist_pt": 22.1,
        "n_vertices": 35
      },
      "geometry": {
        "type": "LineString",
        "coordinates": [
          [
            17.733786,
            43.358728
          ],
          [
            17.617219,
            43.380335
          ],
          [
            17.500604,
            43.40823
          ],
          [
            17.408968,
            43.432256
          ],
          [
            17.405854,
            43.434373
          ],
          [
            17.397564,
            43.439953
          ],
          [
            17.385678,
            43.447841
          ],
          [
            17.371773,
            43.456881
          ],
          [
            17.357429,
            43.465918
          ],
          [
            17.344225,
            43.473798
          ],
          [
            17.33374,
            43.479366
          ],
          [
            17.327553,
            43.48147
          ],
          [
            17.32271,
            43.48287
          ],
          [
            17.315768,
            43.486582
          ],
          [
            17.307574,
            43.491835
          ],
          [
            17.298973,
            43.49786
          ],
          [
            17.290811,
            43.503886
          ],
          [
            17.283934,
            43.509142
          ],
          [
            17.279188,
            43.512861
          ],
          [
            17.277418,
            43.514271
          ],
          [
            17.23334,
            43.575316
          ],
          [
            17.21079,
            43.676314
          ],
          [
            17.200843,
            43.756084
          ],
          [
            17.175371,
            43.828675
          ],
          [
            17.146936,
            43.882436
          ],
          [
            17.137131,
            43.943226
          ],
          [
            17.174278,
            43.983096
          ],
          [
            17.220785,
            44.018319
          ],
          [
            17.285981,
            44.055898
          ],
          [
            17.351023,
            44.116792
          ],
          [
            17.378853,
            44.149527
          ],
          [
            17.440979,
            44.182364
          ],
          [
            17.509358,
            44.212884
          ],
          [
            17.574697,
            44.231746
          ],
          [
            17.6214,
            44.24123
          ]
        ]
      }
    },
    {
      "type": "Feature",
      "properties": {
        "status": "project",
        "status_basis": "layer",
        "pdf_layer": "= PIPELINES PROJ LEGACY (2022)",
        "size_class": null,
        "stroke_width_pt": 1.0,
        "dash_pattern": "[ 1.8 1.6 1.8 ] 0",
        "name_nearest": null,
        "name_dist_pt": null,
        "n_vertices": 6
      },
      "geometry": {
        "type": "LineString",
        "coordinates": [
          [
            17.914902,
            44.186418
          ],
          [
            18.142638,
            44.410155
          ],
          [
            18.126823,
            44.510973
          ],
          [
            18.154385,
            44.737151
          ],
          [
            18.012667,
            44.924242
          ],
          [
            17.994619,
            45.016126
          ]
        ]
      }
    },
    {
      "type": "Feature",
      "properties": {
        "status": "project",
        "status_basis": "layer",
        "pdf_layer": "= PIPELINES PROJ LEGACY (2022)",
        "size_class": null,
        "stroke_width_pt": 1.0,
        "dash_pattern": "[ 1.8 1.6 1.8 ] 0",
        "name_nearest": null,
        "name_dist_pt": null,
        "n_vertices": 11
      },
      "geometry": {
        "type": "LineString",
        "coordinates": [
          [
            15.786234,
            45.040772
          ],
          [
            15.721893,
            45.014518
          ],
          [
            15.67149,
            45.009429
          ],
          [
            15.643032,
            45.001674
          ],
          [
            15.619045,
            44.993863
          ],
          [
            15.555654,
            45.008379
          ],
          [
            15.516784,
            45.019472
          ],
          [
            15.473995,
            45.036148
          ],
          [
            15.459766,
            45.037524
          ],
          [
            15.352778,
            45.035014
          ],
          [
            15.142294,
            44.971166
          ]
        ]
      }
    },
    {
      "type": "Feature",
      "properties": {
        "status": "project",
        "status_basis": "layer",
        "pdf_layer": "= PIPELINES PROJ LEGACY (2022)",
        "size_class": null,
        "stroke_width_pt": 1.0,
        "dash_pattern": "[ 1.8 1.6 1.8 ] 0",
        "name_nearest": null,
        "name_dist_pt": null,
        "n_vertices": 3
      },
      "geometry": {
        "type": "LineString",
        "coordinates": [
          [
            15.831927,
            45.021835
          ],
          [
            15.991771,
            44.99755
          ],
          [
            16.294181,
            44.895027
          ]
        ]
      }
    },
    {
      "type": "Feature",
      "properties": {
        "status": "project",
        "status_basis": "layer",
        "pdf_layer": "= PIPELINES PROJ LEGACY (2022)",
        "size_class": null,
        "stroke_width_pt": 1.0,
        "dash_pattern": "[ 1.8 1.6 1.8 ] 0",
        "name_nearest": null,
        "name_dist_pt": null,
        "n_vertices": 3
      },
      "geometry": {
        "type": "LineString",
        "coordinates": [
          [
            15.894742,
            44.820804
          ],
          [
            15.961928,
            45.002085
          ],
          [
            15.84551,
            45.190169
          ]
        ]
      }
    },
    {
      "type": "Feature",
      "properties": {
        "status": "project",
        "status_basis": "layer",
        "pdf_layer": "= PIPELINES PROJ LEGACY (2022)",
        "size_class": null,
        "stroke_width_pt": 1.31,
        "dash_pattern": "[ 1.8 1.6 1.8 ] 0",
        "name_nearest": "Trans-Anatolian Pipeline",
        "name_dist_pt": 25.5,
        "n_vertices": 126
      },
      "geometry": {
        "type": "LineString",
        "coordinates": [
          [
            26.377562,
            41.015399
          ],
          [
            26.456471,
            40.979931
          ],
          [
            26.537334,
            40.934005
          ],
          [
            26.633976,
            40.897128
          ],
          [
            26.675132,
            40.87013
          ],
          [
            26.766501,
            40.786047
          ],
          [
            26.851568,
            40.730919
          ],
          [
            26.898633,
            40.657347
          ],
          [
            27.045661,
            40.548938
          ],
          [
            27.246173,
            40.413907
          ],
          [
            27.444666,
            40.326396
          ],
          [
            27.59923,
            40.338357
          ],
          [
            27.801547,
            40.338357
          ],
          [
            27.890261,
            40.338357
          ],
          [
            28.037087,
            40.338357
          ],
          [
            28.099801,
            40.323353
          ],
          [
            28.25706,
            40.267358
          ],
          [
            28.49197,
            40.155046
          ],
          [
            28.755488,
            40.113128
          ],
          [
            29.243801,
            40.039192
          ],
          [
            29.651008,
            39.923201
          ],
          [
            29.928024,
            39.907171
          ],
          [
            30.203193,
            39.851097
          ],
          [
            30.387771,
            39.803928
          ],
          [
            30.785102,
            39.772897
          ],
          [
            31.348672,
            39.772897
          ],
          [
            31.678015,
            39.762859
          ],
          [
            32.005606,
            39.762859
          ],
          [
            32.173087,
            39.790545
          ],
          [
            32.399652,
            39.83029
          ],
          [
            32.507145,
            39.723953
          ],
          [
            32.511639,
            39.7197
          ],
          [
            32.523665,
            39.708464
          ],
          [
            32.541041,
            39.692525
          ],
          [
            32.561585,
            39.674168
          ],
          [
            32.583115,
            39.655676
          ],
          [
            32.603446,
            39.639336
          ],
          [
            32.620399,
            39.627437
          ],
          [
            32.631789,
            39.622268
          ],
          [
            32.646361,
            39.621466
          ],
          [
            32.671701,
            39.621089
          ],
          [
            32.703891,
            39.62104
          ],
          [
            32.739015,
            39.62122
          ],
          [
            32.773153,
            39.621531
          ],
          [
            32.802388,
            39.621875
          ],
          [
            32.822803,
            39.622154
          ],
          [
            32.830478,
            39.622268
          ],
          [
            33.002775,
            39.589411
          ],
          [
            33.305577,
            39.582981
          ],
          [
            33.415214,
            39.582981
          ],
          [
            33.874647,
            39.606169
          ],
          [
            34.31321,
            39.670498
          ],
          [
            34.480275,
            39.768035
          ],
          [
            34.663007,
            39.762859
          ],
          [
            35.066104,
            39.819024
          ],
          [
            35.256425,
            39.851097
          ],
          [
            35.688569,
            39.870667
          ],
          [
            36.129443,
            39.851097
          ],
          [
            36.626071,
            39.843309
          ],
          [
            36.844536,
            39.851097
          ],
          [
            37.320217,
            39.870667
          ],
          [
            37.466609,
            39.937209
          ],
          [
            37.685853,
            39.987235
          ],
          [
            37.931856,
            40.015258
          ],
          [
            38.189654,
            40.015258
          ],
          [
            38.391895,
            40.011233
          ],
          [
            38.459158,
            40.079188
          ],
          [
            38.543204,
            40.079188
          ],
          [
            38.675093,
            40.124791
          ],
          [
            38.760113,
            40.119096
          ],
          [
            38.870741,
            40.055209
          ],
          [
            38.988354,
            40.051222
          ],
          [
            39.173449,
            40.093164
          ],
          [
            39.340858,
            40.067199
          ],
          [
            39.450174,
            40.036178
          ],
          [
            39.577954,
            40.047221
          ],
          [
            39.690655,
            40.035227
          ],
          [
            39.86193,
            40.055209
          ],
          [
            39.964731,
            40.023472
          ],
          [
            40.216353,
            39.987235
          ],
          [
            40.329731,
            39.987235
          ],
          [
            40.408521,
            39.97523
          ],
          [
            40.495851,
            40.011233
          ],
          [
            40.616967,
            40.02722
          ],
          [
            40.710961,
            40.02722
          ],
          [
            40.845113,
            40.119096
          ],
          [
            41.039574,
            40.155028
          ],
          [
            41.045691,
            40.153413
          ],
          [
            41.062173,
            40.149219
          ],
          [
            41.086215,
            40.143419
          ],
          [
            41.115011,
            40.136988
          ],
          [
            41.145758,
            40.130901
          ],
          [
            41.175649,
            40.126133
          ],
          [
            41.20188,
            40.123659
          ],
          [
            41.221646,
            40.124455
          ],
          [
            41.243418,
            40.126339
          ],
          [
            41.274937,
            40.126725
          ],
          [
            41.312305,
            40.125996
          ],
          [
            41.351623,
            40.124538
          ],
          [
            41.38899,
            40.122734
          ],
          [
            41.420509,
            40.120969
          ],
          [
            41.44228,
            40.119629
          ],
          [
            41.450403,
            40.119096
          ],
          [
            41.706426,
            40.119096
          ],
          [
            41.899039,
            40.119096
          ],
          [
            41.984148,
            40.124455
          ],
          [
            42.028885,
            40.210871
          ],
          [
            42.162699,
            40.254754
          ],
          [
            42.229303,
            40.338339
          ],
          [
            42.278363,
            40.386084
          ],
          [
            42.316556,
            40.41015
          ],
          [
            42.358496,
            40.470486
          ],
          [
            42.509894,
            40.498884
          ],
          [
            42.71024,
            40.562006
          ],
          [
            42.849262,
            40.573663
          ],
          [
            42.972124,
            40.628169
          ],
          [
            43.017081,
            40.811628
          ],
          [
            43.086672,
            40.903709
          ],
          [
            43.209932,
            41.006074
          ],
          [
            43.120095,
            41.070529
          ],
          [
            43.044613,
            41.138021
          ],
          [
            42.946415,
            41.245817
          ],
          [
            42.936099,
            41.34765
          ],
          [
            42.895941,
            41.412411
          ],
          [
            42.810677,
            41.503728
          ],
          [
            42.796323,
            41.583141
          ]
        ]
      }
    },
    {
      "type": "Feature",
      "properties": {
        "status": "project",
        "status_basis": "layer",
        "pdf_layer": "= PIPELINES PROJ LEGACY (2022)",
        "size_class": null,
        "stroke_width_pt": 1.31,
        "dash_pattern": "[ 1.8 1.6 1.8 ] 0",
        "name_nearest": null,
        "name_dist_pt": null,
        "n_vertices": 2
      },
      "geometry": {
        "type": "LineString",
        "coordinates": [
          [
            42.897633,
            41.660637
          ],
          [
            42.80206,
            41.628915
          ]
        ]
      }
    },
    {
      "type": "Feature",
      "properties": {
        "status": "project",
        "status_basis": "layer",
        "pdf_layer": "= PIPELINES PROJ LEGACY (2022)",
        "size_class": null,
        "stroke_width_pt": 1.31,
        "dash_pattern": "[ 1.8 1.6 1.8 ] 0",
        "name_nearest": "IAP",
        "name_dist_pt": 15.7,
        "n_vertices": 63
      },
      "geometry": {
        "type": "LineString",
        "coordinates": [
          [
            17.957935,
            42.744055
          ],
          [
            17.961361,
            42.743682
          ],
          [
            17.968552,
            42.743115
          ],
          [
            17.978268,
            42.742419
          ],
          [
            17.989271,
            42.741658
          ],
          [
            18.000322,
            42.740896
          ],
          [
            18.010182,
            42.740198
          ],
          [
            18.017612,
            42.739627
          ],
          [
            18.021373,
            42.739248
          ],
          [
            18.025339,
            42.738317
          ],
          [
            18.033296,
            42.736283
          ],
          [
            18.043851,
            42.733524
          ],
          [
            18.055611,
            42.730419
          ],
          [
            18.067182,
            42.727345
          ],
          [
            18.077173,
            42.724681
          ],
          [
            18.084189,
            42.722805
          ],
          [
            18.086837,
            42.722096
          ],
          [
            18.141201,
            42.696017
          ],
          [
            18.200607,
            42.661001
          ],
          [
            18.20295,
            42.659699
          ],
          [
            18.209152,
            42.656248
          ],
          [
            18.217974,
            42.651333
          ],
          [
            18.228178,
            42.645636
          ],
          [
            18.238522,
            42.639842
          ],
          [
            18.247769,
            42.634636
          ],
          [
            18.254679,
            42.630701
          ],
          [
            18.258011,
            42.628723
          ],
          [
            18.26109,
            42.627006
          ],
          [
            18.267355,
            42.623743
          ],
          [
            18.275745,
            42.619448
          ],
          [
            18.285196,
            42.614637
          ],
          [
            18.294648,
            42.609825
          ],
          [
            18.303037,
            42.605529
          ],
          [
            18.309303,
            42.602264
          ],
          [
            18.312381,
            42.600547
          ],
          [
            18.315331,
            42.598626
          ],
          [
            18.321216,
            42.594843
          ],
          [
            18.329011,
            42.589851
          ],
          [
            18.337689,
            42.584302
          ],
          [
            18.346225,
            42.578848
          ],
          [
            18.353592,
            42.574145
          ],
          [
            18.358765,
            42.570843
          ],
          [
            18.360717,
            42.569597
          ],
          [
            18.381877,
            42.551715
          ],
          [
            18.41912,
            42.513178
          ],
          [
            18.448333,
            42.498721
          ],
          [
            18.498688,
            42.491137
          ],
          [
            18.501549,
            42.489982
          ],
          [
            18.509119,
            42.48693
          ],
          [
            18.519874,
            42.482604
          ],
          [
            18.532293,
            42.477623
          ],
          [
            18.544853,
            42.472611
          ],
          [
            18.556032,
            42.468187
          ],
          [
            18.564309,
            42.464974
          ],
          [
            18.56816,
            42.463594
          ],
          [
            18.572488,
            42.461648
          ],
          [
            18.582021,
            42.45695
          ],
          [
            18.594977,
            42.450427
          ],
          [
            18.609574,
            42.443008
          ],
          [
            18.62403,
            42.435621
          ],
          [
            18.636562,
            42.429194
          ],
          [
            18.645388,
            42.424657
          ],
          [
            18.648726,
            42.422938
          ]
        ]
      }
    },
    {
      "type": "Feature",
      "properties": {
        "status": "project",
        "status_basis": "layer",
        "pdf_layer": "= PIPELINES PROJ LEGACY (2022)",
        "size_class": null,
        "stroke_width_pt": 1.31,
        "dash_pattern": "[ 1.8 1.6 1.8 ] 0",
        "name_nearest": null,
        "name_dist_pt": null,
        "n_vertices": 12
      },
      "geometry": {
        "type": "LineString",
        "coordinates": [
          [
            5.196825,
            47.957425
          ],
          [
            5.275764,
            47.985747
          ],
          [
            5.308136,
            48.013401
          ],
          [
            5.347641,
            48.031216
          ],
          [
            5.42699,
            48.044278
          ],
          [
            5.452171,
            48.066341
          ],
          [
            5.531786,
            48.110116
          ],
          [
            5.61082,
            48.185521
          ],
          [
            5.736753,
            48.255197
          ],
          [
            5.856651,
            48.337795
          ],
          [
            5.899755,
            48.376686
          ],
          [
            5.984384,
            48.407924
          ]
        ]
      }
    },
    {
      "type": "Feature",
      "properties": {
        "status": "project",
        "status_basis": "layer",
        "pdf_layer": "= PIPELINES PROJ LEGACY (2022)",
        "size_class": null,
        "stroke_width_pt": 1.44,
        "dash_pattern": "[] 0",
        "name_nearest": "OAL",
        "name_dist_pt": 12.1,
        "n_vertices": 11
      },
      "geometry": {
        "type": "LineString",
        "coordinates": [
          [
            13.659158,
            54.443865
          ],
          [
            13.769911,
            54.392287
          ],
          [
            13.830338,
            54.354087
          ],
          [
            13.845298,
            54.335071
          ],
          [
            13.845298,
            54.303828
          ],
          [
            13.805574,
            54.250598
          ],
          [
            13.685307,
            54.203487
          ],
          [
            13.625105,
            54.180928
          ],
          [
            13.625105,
            54.15353
          ],
          [
            13.601433,
            54.125029
          ],
          [
            13.490923,
            54.110459
          ]
        ]
      }
    },
    {
      "type": "Feature",
      "properties": {
        "status": "project",
        "status_basis": "layer",
        "pdf_layer": "= PIPELINES PROJ LEGACY (2022)",
        "size_class": null,
        "stroke_width_pt": 0.5,
        "dash_pattern": "[ 1.8 1 1.8 1 ] 0",
        "name_nearest": null,
        "name_dist_pt": null,
        "n_vertices": 2
      },
      "geometry": {
        "type": "LineString",
        "coordinates": [
          [
            21.35011,
            52.292503
          ],
          [
            21.197809,
            52.245895
          ]
        ]
      }
    },
    {
      "type": "Feature",
      "properties": {
        "status": "project",
        "status_basis": "layer",
        "pdf_layer": "= PIPELINES PROJ LEGACY (2022)",
        "size_class": null,
        "stroke_width_pt": 0.5,
        "dash_pattern": "[ 1.8 1 1.8 1 ] 0",
        "name_nearest": null,
        "name_dist_pt": null,
        "n_vertices": 9
      },
      "geometry": {
        "type": "LineString",
        "coordinates": [
          [
            16.153817,
            52.179871
          ],
          [
            16.12037,
            52.179871
          ],
          [
            16.066125,
            52.18202
          ],
          [
            16.044038,
            52.186792
          ],
          [
            15.985434,
            52.212228
          ],
          [
            15.964832,
            52.208098
          ],
          [
            15.837783,
            52.186792
          ],
          [
            15.764926,
            52.179871
          ],
          [
            15.732037,
            52.153626
          ]
        ]
      }
    },
    {
      "type": "Feature",
      "properties": {
        "status": "project",
        "status_basis": "layer",
        "pdf_layer": "= PIPELINES PROJ LEGACY (2022)",
        "size_class": null,
        "stroke_width_pt": 0.5,
        "dash_pattern": "[ 1.8 1 1.8 1 ] 0",
        "name_nearest": null,
        "name_dist_pt": null,
        "n_vertices": 10
      },
      "geometry": {
        "type": "LineString",
        "coordinates": [
          [
            17.648457,
            50.776655
          ],
          [
            17.630189,
            50.7559
          ],
          [
            17.596136,
            50.719799
          ],
          [
            17.53831,
            50.639815
          ],
          [
            17.52009,
            50.620081
          ],
          [
            17.474533,
            50.635512
          ],
          [
            17.474533,
            50.620081
          ],
          [
            17.43583,
            50.573618
          ],
          [
            17.410311,
            50.524142
          ],
          [
            17.417972,
            50.461745
          ]
        ]
      }
    },
    {
      "type": "Feature",
      "properties": {
        "status": "project",
        "status_basis": "layer",
        "pdf_layer": "= PIPELINES PROJ LEGACY (2022)",
        "size_class": null,
        "stroke_width_pt": 0.5,
        "dash_pattern": "[ 1.8 1 1.8 1 ] 0",
        "name_nearest": null,
        "name_dist_pt": null,
        "n_vertices": 46
      },
      "geometry": {
        "type": "LineString",
        "coordinates": [
          [
            21.363199,
            52.287105
          ],
          [
            21.363673,
            52.287225
          ],
          [
            21.364381,
            52.287429
          ],
          [
            21.36523,
            52.287687
          ],
          [
            21.36613,
            52.287968
          ],
          [
            21.366989,
            52.288241
          ],
          [
            21.367716,
            52.288474
          ],
          [
            21.368219,
            52.288637
          ],
          [
            21.368407,
            52.288698
          ],
          [
            21.375047,
            52.288698
          ],
          [
            21.385749,
            52.284279
          ],
          [
            21.395577,
            52.28215
          ],
          [
            21.40657,
            52.278607
          ],
          [
            21.414089,
            52.282508
          ],
          [
            21.419879,
            52.282864
          ],
          [
            21.423917,
            52.285334
          ],
          [
            21.423917,
            52.290825
          ],
          [
            21.422189,
            52.292596
          ],
          [
            21.425936,
            52.296479
          ],
          [
            21.433158,
            52.298071
          ],
          [
            21.436056,
            52.30161
          ],
          [
            21.436056,
            52.311159
          ],
          [
            21.44386,
            52.312573
          ],
          [
            21.449068,
            52.315042
          ],
          [
            21.453398,
            52.321406
          ],
          [
            21.453398,
            52.326698
          ],
          [
            21.458042,
            52.335722
          ],
          [
            21.449941,
            52.337489
          ],
          [
            21.449941,
            52.346585
          ],
          [
            21.456438,
            52.349141
          ],
          [
            21.465828,
            52.349141
          ],
          [
            21.46872,
            52.351622
          ],
          [
            21.476238,
            52.353911
          ],
          [
            21.497939,
            52.353911
          ],
          [
            21.49937,
            52.360092
          ],
          [
            21.512388,
            52.361858
          ],
          [
            21.512388,
            52.367502
          ],
          [
            21.506039,
            52.373326
          ],
          [
            21.507471,
            52.377216
          ],
          [
            21.517299,
            52.381804
          ],
          [
            21.52192,
            52.386748
          ],
          [
            21.52192,
            52.390445
          ],
          [
            21.514698,
            52.392746
          ],
          [
            21.50949,
            52.396798
          ],
          [
            21.50402,
            52.403684
          ],
          [
            21.503729,
            52.41391
          ]
        ]
      }
    },
    {
      "type": "Feature",
      "properties": {
        "status": "project",
        "status_basis": "layer",
        "pdf_layer": "= PIPELINES PROJ LEGACY (2022)",
        "size_class": null,
        "stroke_width_pt": 0.5,
        "dash_pattern": "[ 1.8 1 1.8 1 ] 0",
        "name_nearest": null,
        "name_dist_pt": null,
        "n_vertices": 7
      },
      "geometry": {
        "type": "LineString",
        "coordinates": [
          [
            16.097998,
            51.181434
          ],
          [
            16.108267,
            51.329594
          ],
          [
            16.128453,
            51.403039
          ],
          [
            16.153508,
            51.420701
          ],
          [
            16.06015,
            51.485049
          ],
          [
            16.082213,
            51.51541
          ],
          [
            16.297566,
            51.616403
          ]
        ]
      }
    },
    {
      "type": "Feature",
      "properties": {
        "status": "project",
        "status_basis": "layer",
        "pdf_layer": "2024 PROJ /// TRA",
        "size_class": null,
        "stroke_width_pt": 1.31,
        "dash_pattern": "[ 1.8 1.6 1.8 ] 0",
        "name_nearest": null,
        "name_dist_pt": null,
        "n_vertices": 51
      },
      "geometry": {
        "type": "LineString",
        "coordinates": [
          [
            11.664559,
            44.568728
          ],
          [
            11.750624,
            44.52518
          ],
          [
            11.80905,
            44.503913
          ],
          [
            11.897937,
            44.489341
          ],
          [
            11.990202,
            44.499872
          ],
          [
            12.029368,
            44.45417
          ],
          [
            12.086773,
            44.392148
          ],
          [
            12.130803,
            44.330777
          ],
          [
            12.152088,
            44.257315
          ],
          [
            12.207379,
            44.161905
          ],
          [
            12.238736,
            44.079572
          ],
          [
            12.228764,
            44.022171
          ],
          [
            12.252579,
            43.962252
          ],
          [
            12.249241,
            43.905422
          ],
          [
            12.217813,
            43.87497
          ],
          [
            12.222024,
            43.844207
          ],
          [
            12.222487,
            43.775885
          ],
          [
            12.255863,
            43.710795
          ],
          [
            12.280598,
            43.676073
          ],
          [
            12.31733,
            43.634734
          ],
          [
            12.368635,
            43.585013
          ],
          [
            12.413978,
            43.52874
          ],
          [
            12.451975,
            43.461881
          ],
          [
            12.482839,
            43.398181
          ],
          [
            12.52188,
            43.323366
          ],
          [
            12.565085,
            43.241378
          ],
          [
            12.602714,
            43.209684
          ],
          [
            12.662529,
            43.178208
          ],
          [
            12.740298,
            43.128804
          ],
          [
            12.779465,
            43.118895
          ],
          [
            12.817242,
            43.045287
          ],
          [
            12.875917,
            42.989925
          ],
          [
            12.90788,
            42.933721
          ],
          [
            12.930257,
            42.875456
          ],
          [
            12.95232,
            42.855276
          ],
          [
            12.989295,
            42.799791
          ],
          [
            13.040209,
            42.714434
          ],
          [
            13.073365,
            42.630017
          ],
          [
            13.125252,
            42.568779
          ],
          [
            13.128317,
            42.520317
          ],
          [
            13.20292,
            42.45998
          ],
          [
            13.267065,
            42.442281
          ],
          [
            13.349187,
            42.423481
          ],
          [
            13.382712,
            42.41181
          ],
          [
            13.464543,
            42.316102
          ],
          [
            13.531171,
            42.257634
          ],
          [
            13.599378,
            42.27945
          ],
          [
            13.659045,
            42.241246
          ],
          [
            13.725287,
            42.167876
          ],
          [
            13.813146,
            42.117372
          ],
          [
            13.866494,
            42.071396
          ]
        ]
      }
    },
    {
      "type": "Feature",
      "properties": {
        "status": "project",
        "status_basis": "layer",
        "pdf_layer": "2024 PROJ /// TRA",
        "size_class": null,
        "stroke_width_pt": 0.96,
        "dash_pattern": "[ 1.8 1.6 1.8 ] 0",
        "name_nearest": null,
        "name_dist_pt": null,
        "n_vertices": 2
      },
      "geometry": {
        "type": "LineString",
        "coordinates": [
          [
            12.347903,
            44.44815
          ],
          [
            12.257484,
            44.472354
          ]
        ]
      }
    },
    {
      "type": "Feature",
      "properties": {
        "status": "project",
        "status_basis": "layer",
        "pdf_layer": "2024 PROJ /// TRA",
        "size_class": null,
        "stroke_width_pt": 1.31,
        "dash_pattern": "[ 1.8 1.6 1.8 ] 0",
        "name_nearest": null,
        "name_dist_pt": null,
        "n_vertices": 15
      },
      "geometry": {
        "type": "LineString",
        "coordinates": [
          [
            13.625396,
            45.902467
          ],
          [
            13.642791,
            45.893106
          ],
          [
            13.661545,
            45.882457
          ],
          [
            13.675727,
            45.875358
          ],
          [
            13.699518,
            45.877934
          ],
          [
            13.722406,
            45.878579
          ],
          [
            13.735686,
            45.875036
          ],
          [
            13.7613,
            45.859218
          ],
          [
            13.790127,
            45.850813
          ],
          [
            13.815301,
            45.847918
          ],
          [
            13.848238,
            45.845324
          ],
          [
            13.875242,
            45.844678
          ],
          [
            13.901806,
            45.83887
          ],
          [
            13.92742,
            45.833056
          ],
          [
            13.960381,
            45.833698
          ]
        ]
      }
    },
    {
      "type": "Feature",
      "properties": {
        "status": "project",
        "status_basis": "layer",
        "pdf_layer": "2024 PROJ /// TRA",
        "size_class": null,
        "stroke_width_pt": 1.31,
        "dash_pattern": "[ 1.8 1.6 1.8 ] 0",
        "name_nearest": "SOL",
        "name_dist_pt": 25.9,
        "n_vertices": 16
      },
      "geometry": {
        "type": "LineString",
        "coordinates": [
          [
            15.737952,
            46.421567
          ],
          [
            15.784536,
            46.418349
          ],
          [
            15.826446,
            46.417293
          ],
          [
            15.863712,
            46.424784
          ],
          [
            15.888572,
            46.442978
          ],
          [
            15.916526,
            46.466503
          ],
          [
            15.970842,
            46.483607
          ],
          [
            16.023656,
            46.493241
          ],
          [
            16.074884,
            46.512478
          ],
          [
            16.152529,
            46.557323
          ],
          [
            16.183571,
            46.557323
          ],
          [
            16.211519,
            46.547722
          ],
          [
            16.253453,
            46.560537
          ],
          [
            16.306243,
            46.581873
          ],
          [
            16.362139,
            46.582942
          ],
          [
            16.452195,
            46.572276
          ]
        ]
      }
    },
    {
      "type": "Feature",
      "properties": {
        "status": "project",
        "status_basis": "layer",
        "pdf_layer": "2024 PROJ /// TRA",
        "size_class": null,
        "stroke_width_pt": 1.31,
        "dash_pattern": "[ 1.8 1.6 1.8 ] 0",
        "name_nearest": null,
        "name_dist_pt": null,
        "n_vertices": 14
      },
      "geometry": {
        "type": "LineString",
        "coordinates": [
          [
            0.516809,
            48.162441
          ],
          [
            0.452613,
            48.189888
          ],
          [
            0.323251,
            48.154118
          ],
          [
            0.156599,
            48.143812
          ],
          [
            0.131739,
            48.119832
          ],
          [
            0.08389,
            48.1191
          ],
          [
            -0.300547,
            47.989382
          ],
          [
            -0.35392,
            47.981549
          ],
          [
            -0.407532,
            47.949805
          ],
          [
            -0.719528,
            47.859824
          ],
          [
            -0.920676,
            47.809564
          ],
          [
            -0.997325,
            47.782012
          ],
          [
            -1.15634,
            47.752287
          ],
          [
            -1.651094,
            47.573992
          ]
        ]
      }
    },
    {
      "type": "Feature",
      "properties": {
        "status": "project",
        "status_basis": "layer",
        "pdf_layer": "2024 PROJ /// TRA",
        "size_class": null,
        "stroke_width_pt": 1.31,
        "dash_pattern": "[ 1.8 1.6 1.8 ] 0",
        "name_nearest": null,
        "name_dist_pt": null,
        "n_vertices": 7
      },
      "geometry": {
        "type": "LineString",
        "coordinates": [
          [
            1.196141,
            48.528259
          ],
          [
            1.142576,
            48.491919
          ],
          [
            1.091128,
            48.444679
          ],
          [
            0.86787,
            48.369703
          ],
          [
            0.670324,
            48.254661
          ],
          [
            0.634834,
            48.203033
          ],
          [
            0.54264,
            48.178076
          ]
        ]
      }
    },
    {
      "type": "Feature",
      "properties": {
        "status": "project",
        "status_basis": "layer",
        "pdf_layer": "2024 PROJ /// TRA",
        "size_class": null,
        "stroke_width_pt": 1.31,
        "dash_pattern": "[ 1.8 1.6 1.8 ] 0",
        "name_nearest": "IGB",
        "name_dist_pt": 4.1,
        "n_vertices": 29
      },
      "geometry": {
        "type": "LineString",
        "coordinates": [
          [
            25.716126,
            42.368777
          ],
          [
            25.713424,
            42.340303
          ],
          [
            25.684038,
            42.316278
          ],
          [
            25.673972,
            42.23429
          ],
          [
            25.676817,
            42.157791
          ],
          [
            25.678325,
            42.126495
          ],
          [
            25.673141,
            42.095981
          ],
          [
            25.673556,
            42.056061
          ],
          [
            25.669809,
            42.043396
          ],
          [
            25.650935,
            42.025386
          ],
          [
            25.640715,
            42.012661
          ],
          [
            25.636219,
            41.994532
          ],
          [
            25.620452,
            41.908746
          ],
          [
            25.576302,
            41.88162
          ],
          [
            25.527242,
            41.816568
          ],
          [
            25.437578,
            41.778359
          ],
          [
            25.426656,
            41.756243
          ],
          [
            25.437114,
            41.692207
          ],
          [
            25.421109,
            41.667753
          ],
          [
            25.417778,
            41.601831
          ],
          [
            25.375861,
            41.574833
          ],
          [
            25.364037,
            41.544144
          ],
          [
            25.35577,
            41.464786
          ],
          [
            25.336261,
            41.437913
          ],
          [
            25.354458,
            41.392601
          ],
          [
            25.351393,
            41.33657
          ],
          [
            25.424756,
            41.270966
          ],
          [
            25.441224,
            41.191532
          ],
          [
            25.458542,
            41.120252
          ]
        ]
      }
    },
    {
      "type": "Feature",
      "properties": {
        "status": "project",
        "status_basis": "layer",
        "pdf_layer": "2024 PROJ /// TRA",
        "size_class": null,
        "stroke_width_pt": 1.31,
        "dash_pattern": "[ 1.8 1.6 1.8 ] 0",
        "name_nearest": null,
        "name_dist_pt": null,
        "n_vertices": 32
      },
      "geometry": {
        "type": "LineString",
        "coordinates": [
          [
            20.698004,
            46.134504
          ],
          [
            20.933229,
            46.116751
          ],
          [
            21.042693,
            46.161938
          ],
          [
            21.175461,
            46.171608
          ],
          [
            21.322191,
            46.187744
          ],
          [
            21.282591,
            46.058596
          ],
          [
            21.41767,
            45.951827
          ],
          [
            21.536452,
            45.781545
          ],
          [
            21.748396,
            45.682371
          ],
          [
            22.086107,
            45.480246
          ],
          [
            22.20489,
            45.4247
          ],
          [
            22.293384,
            45.4247
          ],
          [
            22.430796,
            45.437778
          ],
          [
            22.589184,
            45.459006
          ],
          [
            22.912903,
            45.512899
          ],
          [
            22.987436,
            45.530845
          ],
          [
            23.031686,
            45.569988
          ],
          [
            23.080604,
            45.620507
          ],
          [
            23.068952,
            45.784788
          ],
          [
            23.628703,
            46.044583
          ],
          [
            23.628703,
            46.096291
          ],
          [
            23.731183,
            46.186666
          ],
          [
            24.119344,
            46.240382
          ],
          [
            24.209401,
            46.291906
          ],
          [
            24.62896,
            46.271598
          ],
          [
            24.690724,
            46.240382
          ],
          [
            25.097545,
            46.2318
          ],
          [
            25.696872,
            45.997154
          ],
          [
            26.22478,
            45.994988
          ],
          [
            26.426634,
            46.001461
          ],
          [
            26.569474,
            46.128585
          ],
          [
            26.845855,
            46.221044
          ]
        ]
      }
    },
    {
      "type": "Feature",
      "properties": {
        "status": "project",
        "status_basis": "layer",
        "pdf_layer": "2024 PROJ /// TRA",
        "size_class": null,
        "stroke_width_pt": 1.31,
        "dash_pattern": "[ 1.8 1.6 1.8 ] 0",
        "name_nearest": "PIPELINE",
        "name_dist_pt": 10.4,
        "n_vertices": 3
      },
      "geometry": {
        "type": "LineString",
        "coordinates": [
          [
            28.476179,
            45.212884
          ],
          [
            28.296073,
            44.231036
          ],
          [
            28.578149,
            44.199708
          ]
        ]
      }
    },
    {
      "type": "Feature",
      "properties": {
        "status": "project",
        "status_basis": "layer",
        "pdf_layer": "2024 PROJ /// TRA",
        "size_class": null,
        "stroke_width_pt": 1.31,
        "dash_pattern": "[ 1.8 1.6 1.8 ] 0",
        "name_nearest": "PIPELINE",
        "name_dist_pt": 24.4,
        "n_vertices": 5
      },
      "geometry": {
        "type": "LineString",
        "coordinates": [
          [
            28.296067,
            44.231044
          ],
          [
            28.286749,
            44.155348
          ],
          [
            28.140796,
            43.970134
          ],
          [
            28.10353,
            43.918711
          ],
          [
            28.003746,
            43.84497
          ]
        ]
      }
    },
    {
      "type": "Feature",
      "properties": {
        "status": "project",
        "status_basis": "layer",
        "pdf_layer": "2024 PROJ /// TRA",
        "size_class": null,
        "stroke_width_pt": 1.31,
        "dash_pattern": "[ 1.8 1.6 1.8 ] 0",
        "name_nearest": "ATI, SDKRI, AI",
        "name_dist_pt": 21.1,
        "n_vertices": 7
      },
      "geometry": {
        "type": "LineString",
        "coordinates": [
          [
            28.469967,
            45.331444
          ],
          [
            28.444353,
            45.643306
          ],
          [
            28.530537,
            46.076372
          ],
          [
            28.835626,
            46.160326
          ],
          [
            29.245535,
            46.499651
          ],
          [
            29.508708,
            46.723634
          ],
          [
            29.597232,
            46.867134
          ]
        ]
      }
    },
    {
      "type": "Feature",
      "properties": {
        "status": "project",
        "status_basis": "layer",
        "pdf_layer": "2024 PROJ /// TRA",
        "size_class": null,
        "stroke_width_pt": 1.31,
        "dash_pattern": "[ 1.8 1.6 1.8 ] 0",
        "name_nearest": null,
        "name_dist_pt": null,
        "n_vertices": 11
      },
      "geometry": {
        "type": "LineString",
        "coordinates": [
          [
            23.947,
            49.792554
          ],
          [
            23.993584,
            49.804581
          ],
          [
            25.554032,
            49.509067
          ],
          [
            26.035361,
            49.507044
          ],
          [
            26.855173,
            49.571529
          ],
          [
            27.265082,
            49.708278
          ],
          [
            27.904788,
            49.820607
          ],
          [
            28.202898,
            49.912693
          ],
          [
            28.656297,
            50.020546
          ],
          [
            30.333194,
            50.219657
          ],
          [
            30.957357,
            50.292133
          ]
        ]
      }
    },
    {
      "type": "Feature",
      "properties": {
        "status": "project",
        "status_basis": "layer",
        "pdf_layer": "2024 PROJ /// TRA",
        "size_class": null,
        "stroke_width_pt": 1.31,
        "dash_pattern": "[ 1.8 1.6 1.8 ] 0",
        "name_nearest": null,
        "name_dist_pt": null,
        "n_vertices": 20
      },
      "geometry": {
        "type": "LineString",
        "coordinates": [
          [
            2.773812,
            43.200304
          ],
          [
            2.84601,
            43.205394
          ],
          [
            2.960142,
            43.252911
          ],
          [
            3.181381,
            43.388471
          ],
          [
            3.297853,
            43.442593
          ],
          [
            3.388687,
            43.469644
          ],
          [
            3.428263,
            43.4781
          ],
          [
            3.512113,
            43.516958
          ],
          [
            3.637874,
            43.533855
          ],
          [
            3.663488,
            43.538914
          ],
          [
            3.812552,
            43.589538
          ],
          [
            3.84284,
            43.613161
          ],
          [
            3.917372,
            43.635065
          ],
          [
            3.922017,
            43.673822
          ],
          [
            3.973274,
            43.677198
          ],
          [
            4.024503,
            43.678886
          ],
          [
            4.231779,
            43.705832
          ],
          [
            4.394806,
            43.707502
          ],
          [
            4.474012,
            43.715924
          ],
          [
            4.536892,
            43.702457
          ]
        ]
      }
    },
    {
      "type": "Feature",
      "properties": {
        "status": "project",
        "status_basis": "layer",
        "pdf_layer": "2024 PROJ /// TRA",
        "size_class": null,
        "stroke_width_pt": 1.31,
        "dash_pattern": "[ 1.8 1.6 1.8 ] 0",
        "name_nearest": null,
        "name_dist_pt": null,
        "n_vertices": 8
      },
      "geometry": {
        "type": "LineString",
        "coordinates": [
          [
            15.940816,
            45.787629
          ],
          [
            15.834416,
            45.877612
          ],
          [
            15.872537,
            46.027387
          ],
          [
            15.946024,
            46.079062
          ],
          [
            15.89944,
            46.132894
          ],
          [
            15.800072,
            46.150103
          ],
          [
            15.684983,
            46.163769
          ],
          [
            15.701357,
            46.044257
          ]
        ]
      }
    },
    {
      "type": "Feature",
      "properties": {
        "status": "project",
        "status_basis": "layer",
        "pdf_layer": "2024 PROJ /// TRA",
        "size_class": null,
        "stroke_width_pt": 1.31,
        "dash_pattern": "[ 1.8 1.6 1.8 ] 0",
        "name_nearest": "BRUA",
        "name_dist_pt": 6.2,
        "n_vertices": 20
      },
      "geometry": {
        "type": "LineString",
        "coordinates": [
          [
            21.49453,
            46.186124
          ],
          [
            21.466582,
            46.094129
          ],
          [
            21.652912,
            45.942098
          ],
          [
            21.72511,
            45.841596
          ],
          [
            21.857855,
            45.783169
          ],
          [
            22.249128,
            45.555303
          ],
          [
            22.423806,
            45.56835
          ],
          [
            22.922233,
            45.638415
          ],
          [
            23.19473,
            45.596066
          ],
          [
            23.429955,
            45.46228
          ],
          [
            23.460243,
            45.193744
          ],
          [
            23.506797,
            45.126403
          ],
          [
            23.499819,
            44.834805
          ],
          [
            24.077422,
            44.762103
          ],
          [
            24.731874,
            44.553359
          ],
          [
            24.773814,
            44.596489
          ],
          [
            25.074253,
            44.564971
          ],
          [
            25.749674,
            44.493577
          ],
          [
            26.050119,
            44.442054
          ],
          [
            26.080621,
            44.419314
          ]
        ]
      }
    },
    {
      "type": "Feature",
      "properties": {
        "status": "project",
        "status_basis": "layer",
        "pdf_layer": "2024 PROJ /// TRA",
        "size_class": null,
        "stroke_width_pt": 1.31,
        "dash_pattern": "[] 0",
        "name_nearest": "STORK",
        "name_dist_pt": 9.2,
        "n_vertices": 2
      },
      "geometry": {
        "type": "LineString",
        "coordinates": [
          [
            18.177285,
            49.908802
          ],
          [
            18.163709,
            49.897739
          ]
        ]
      }
    },
    {
      "type": "Feature",
      "properties": {
        "status": "project",
        "status_basis": "layer",
        "pdf_layer": "2024 PROJ /// TRA",
        "size_class": null,
        "stroke_width_pt": 1.31,
        "dash_pattern": "[] 0",
        "name_nearest": "STORK",
        "name_dist_pt": 9.1,
        "n_vertices": 4
      },
      "geometry": {
        "type": "LineString",
        "coordinates": [
          [
            18.14499,
            49.882492
          ],
          [
            18.131414,
            49.871424
          ],
          [
            18.136794,
            49.852152
          ],
          [
            18.122832,
            49.841282
          ]
        ]
      }
    },
    {
      "type": "Feature",
      "properties": {
        "status": "project",
        "status_basis": "layer",
        "pdf_layer": "2024 PROJ /// TRA",
        "size_class": null,
        "stroke_width_pt": 1.31,
        "dash_pattern": "[] 0",
        "name_nearest": "STORK",
        "name_dist_pt": 9.8,
        "n_vertices": 3
      },
      "geometry": {
        "type": "LineString",
        "coordinates": [
          [
            18.103216,
            49.825983
          ],
          [
            18.089254,
            49.815107
          ],
          [
            18.104065,
            49.8047
          ]
        ]
      }
    },
    {
      "type": "Feature",
      "properties": {
        "status": "project",
        "status_basis": "layer",
        "pdf_layer": "2024 PROJ /// TRA",
        "size_class": null,
        "stroke_width_pt": 1.31,
        "dash_pattern": "[ 1.481 1.317 ] 0",
        "name_nearest": "STORK",
        "name_dist_pt": 8.2,
        "n_vertices": 2
      },
      "geometry": {
        "type": "LineString",
        "coordinates": [
          [
            18.125736,
            49.789477
          ],
          [
            18.160935,
            49.764737
          ]
        ]
      }
    },
    {
      "type": "Feature",
      "properties": {
        "status": "project",
        "status_basis": "layer",
        "pdf_layer": "2024 PROJ /// TRA",
        "size_class": null,
        "stroke_width_pt": 1.31,
        "dash_pattern": "[] 0",
        "name_nearest": "STORK",
        "name_dist_pt": 8.1,
        "n_vertices": 3
      },
      "geometry": {
        "type": "LineString",
        "coordinates": [
          [
            18.168104,
            49.755863
          ],
          [
            18.173015,
            49.74208
          ],
          [
            18.152752,
            49.736718
          ]
        ]
      }
    },
    {
      "type": "Feature",
      "properties": {
        "status": "project",
        "status_basis": "layer",
        "pdf_layer": "2024 PROJ /// TRA",
        "size_class": null,
        "stroke_width_pt": 1.31,
        "dash_pattern": "[ 1.764 1.568 ] 0",
        "name_nearest": null,
        "name_dist_pt": null,
        "n_vertices": 14
      },
      "geometry": {
        "type": "LineString",
        "coordinates": [
          [
            18.117457,
            49.7274
          ],
          [
            18.101838,
            49.72328
          ],
          [
            18.0366,
            49.718577
          ],
          [
            17.926602,
            49.711909
          ],
          [
            17.83003,
            49.698316
          ],
          [
            17.776243,
            49.651313
          ],
          [
            17.702904,
            49.627273
          ],
          [
            17.594069,
            49.565308
          ],
          [
            17.524164,
            49.52803
          ],
          [
            17.498668,
            49.504545
          ],
          [
            17.450991,
            49.463503
          ],
          [
            17.411391,
            49.389522
          ],
          [
            17.378015,
            49.350048
          ],
          [
            17.35831,
            49.3442
          ]
        ]
      }
    },
    {
      "type": "Feature",
      "properties": {
        "status": "project",
        "status_basis": "layer",
        "pdf_layer": "2024 PROJ /// TRA",
        "size_class": null,
        "stroke_width_pt": 1.31,
        "dash_pattern": "[] 0",
        "name_nearest": null,
        "name_dist_pt": null,
        "n_vertices": 2
      },
      "geometry": {
        "type": "LineString",
        "coordinates": [
          [
            17.340969,
            49.339044
          ],
          [
            17.321044,
            49.33313
          ]
        ]
      }
    },
    {
      "type": "Feature",
      "properties": {
        "status": "project",
        "status_basis": "layer",
        "pdf_layer": "2024 PROJ /// TRA",
        "size_class": null,
        "stroke_width_pt": 1.31,
        "dash_pattern": "[ 1.8 1.6 1.8 ] 0",
        "name_nearest": null,
        "name_dist_pt": null,
        "n_vertices": 43
      },
      "geometry": {
        "type": "LineString",
        "coordinates": [
          [
            18.684876,
            54.418238
          ],
          [
            18.615231,
            54.335225
          ],
          [
            18.614148,
            54.333626
          ],
          [
            18.61118,
            54.329343
          ],
          [
            18.606746,
            54.32315
          ],
          [
            18.601265,
            54.315821
          ],
          [
            18.595159,
            54.308129
          ],
          [
            18.588846,
            54.300849
          ],
          [
            18.582747,
            54.294756
          ],
          [
            18.577282,
            54.290626
          ],
          [
            18.573081,
            54.28492
          ],
          [
            18.570325,
            54.274681
          ],
          [
            18.568742,
            54.261538
          ],
          [
            18.568059,
            54.24712
          ],
          [
            18.568003,
            54.233061
          ],
          [
            18.568301,
            54.220992
          ],
          [
            18.56868,
            54.212552
          ],
          [
            18.568867,
            54.209375
          ],
          [
            18.62484,
            54.1534
          ],
          [
            18.696237,
            54.074305
          ],
          [
            18.779624,
            53.936991
          ],
          [
            18.806164,
            53.934183
          ],
          [
            18.838513,
            53.916823
          ],
          [
            18.96384,
            53.906708
          ],
          [
            18.985611,
            53.813945
          ],
          [
            18.985611,
            53.728578
          ],
          [
            18.977849,
            53.703674
          ],
          [
            18.94265,
            53.577199
          ],
          [
            18.926259,
            53.549532
          ],
          [
            18.870576,
            53.507078
          ],
          [
            18.814241,
            53.419261
          ],
          [
            18.732261,
            53.312954
          ],
          [
            18.724185,
            53.220598
          ],
          [
            18.763274,
            53.125853
          ],
          [
            18.743795,
            53.076678
          ],
          [
            18.743795,
            53.043786
          ],
          [
            18.712461,
            53.024214
          ],
          [
            18.732261,
            52.996829
          ],
          [
            18.754449,
            52.965297
          ],
          [
            18.823553,
            52.923199
          ],
          [
            18.851507,
            52.869196
          ],
          [
            18.913609,
            52.838423
          ],
          [
            18.938006,
            52.774426
          ]
        ]
      }
    },
    {
      "type": "Feature",
      "properties": {
        "status": "project",
        "status_basis": "layer",
        "pdf_layer": "2024 PROJ /// TRA",
        "size_class": null,
        "stroke_width_pt": 1.31,
        "dash_pattern": "[ 1.8 1.6 1.8 ] 0",
        "name_nearest": "BRUA",
        "name_dist_pt": 7.6,
        "n_vertices": 20
      },
      "geometry": {
        "type": "LineString",
        "coordinates": [
          [
            25.703084,
            44.445378
          ],
          [
            25.663484,
            44.541733
          ],
          [
            25.132459,
            44.596493
          ],
          [
            24.74352,
            44.636285
          ],
          [
            24.708588,
            44.599804
          ],
          [
            24.06112,
            44.803425
          ],
          [
            23.558049,
            44.866185
          ],
          [
            23.558049,
            45.114912
          ],
          [
            23.513799,
            45.203591
          ],
          [
            23.478867,
            45.481866
          ],
          [
            23.21102,
            45.631908
          ],
          [
            22.929211,
            45.677491
          ],
          [
            22.479702,
            45.613994
          ],
          [
            22.270092,
            45.599324
          ],
          [
            21.909101,
            45.802647
          ],
          [
            21.76237,
            45.874048
          ],
          [
            21.697156,
            45.96316
          ],
          [
            21.53179,
            46.098976
          ],
          [
            21.566746,
            46.211909
          ],
          [
            21.499192,
            46.279569
          ]
        ]
      }
    },
    {
      "type": "Feature",
      "properties": {
        "status": "project",
        "status_basis": "layer",
        "pdf_layer": "2024 PROJ /// TRA",
        "size_class": null,
        "stroke_width_pt": 1.31,
        "dash_pattern": "[ 1.8 1.6 1.8 ] 0",
        "name_nearest": null,
        "name_dist_pt": null,
        "n_vertices": 7
      },
      "geometry": {
        "type": "LineString",
        "coordinates": [
          [
            25.731032,
            44.410448
          ],
          [
            25.793912,
            44.265519
          ],
          [
            25.868445,
            44.203787
          ],
          [
            25.922013,
            44.148658
          ],
          [
            25.95125,
            44.098997
          ],
          [
            25.956945,
            43.979635
          ],
          [
            26.035634,
            43.959572
          ]
        ]
      }
    },
    {
      "type": "Feature",
      "properties": {
        "status": "project",
        "status_basis": "layer",
        "pdf_layer": "2024 PROJ /// TRA",
        "size_class": null,
        "stroke_width_pt": 1.31,
        "dash_pattern": "[ 1.8 1.6 1.8 ] 0",
        "name_nearest": null,
        "name_dist_pt": null,
        "n_vertices": 5
      },
      "geometry": {
        "type": "LineString",
        "coordinates": [
          [
            20.704994,
            46.196332
          ],
          [
            20.895974,
            46.179138
          ],
          [
            21.001543,
            46.228567
          ],
          [
            21.153725,
            46.23072
          ],
          [
            21.484428,
            46.279028
          ]
        ]
      }
    },
    {
      "type": "Feature",
      "properties": {
        "status": "project",
        "status_basis": "layer",
        "pdf_layer": "2024 PROJ /// TRA",
        "size_class": null,
        "stroke_width_pt": 1.31,
        "dash_pattern": "[ 1.8 1.6 1.8 ] 0",
        "name_nearest": "BRUA",
        "name_dist_pt": 27.1,
        "n_vertices": 4
      },
      "geometry": {
        "type": "LineString",
        "coordinates": [
          [
            21.47644,
            45.961022
          ],
          [
            21.198355,
            45.921338
          ],
          [
            20.919848,
            45.891903
          ],
          [
            20.647358,
            45.797824
          ]
        ]
      }
    },
    {
      "type": "Feature",
      "properties": {
        "status": "project",
        "status_basis": "layer",
        "pdf_layer": "2024 PROJ /// TRA",
        "size_class": null,
        "stroke_width_pt": 1.31,
        "dash_pattern": "[] 0",
        "name_nearest": null,
        "name_dist_pt": null,
        "n_vertices": 2
      },
      "geometry": {
        "type": "LineString",
        "coordinates": [
          [
            3.703652,
            51.082221
          ],
          [
            3.682682,
            51.078277
          ]
        ]
      }
    },
    {
      "type": "Feature",
      "properties": {
        "status": "project",
        "status_basis": "layer",
        "pdf_layer": "2024 PROJ /// TRA",
        "size_class": null,
        "stroke_width_pt": 1.31,
        "dash_pattern": "[ 1.712 1.332 ] 0",
        "name_nearest": null,
        "name_dist_pt": null,
        "n_vertices": 7
      },
      "geometry": {
        "type": "LineString",
        "coordinates": [
          [
            3.652044,
            51.076218
          ],
          [
            3.620034,
            51.085233
          ],
          [
            3.563959,
            51.089283
          ],
          [
            3.496459,
            51.10372
          ],
          [
            3.433288,
            51.11948
          ],
          [
            3.409906,
            51.143216
          ],
          [
            3.405553,
            51.144286
          ]
        ]
      }
    },
    {
      "type": "Feature",
      "properties": {
        "status": "project",
        "status_basis": "layer",
        "pdf_layer": "2024 PROJ /// TRA",
        "size_class": null,
        "stroke_width_pt": 1.31,
        "dash_pattern": "[] 0",
        "name_nearest": null,
        "name_dist_pt": null,
        "n_vertices": 3
      },
      "geometry": {
        "type": "LineString",
        "coordinates": [
          [
            3.390451,
            51.147987
          ],
          [
            3.370069,
            51.152977
          ],
          [
            3.364813,
            51.166311
          ]
        ]
      }
    },
    {
      "type": "Feature",
      "properties": {
        "status": "project",
        "status_basis": "layer",
        "pdf_layer": "2024 PROJ /// TRA",
        "size_class": null,
        "stroke_width_pt": 1.31,
        "dash_pattern": "[ 1.518 1.181 ] 0",
        "name_nearest": null,
        "name_dist_pt": null,
        "n_vertices": 3
      },
      "geometry": {
        "type": "LineString",
        "coordinates": [
          [
            3.35072,
            51.181099
          ],
          [
            3.309172,
            51.204758
          ],
          [
            3.268598,
            51.233127
          ]
        ]
      }
    },
    {
      "type": "Feature",
      "properties": {
        "status": "project",
        "status_basis": "layer",
        "pdf_layer": "2024 PROJ /// TRA",
        "size_class": null,
        "stroke_width_pt": 1.31,
        "dash_pattern": "[] 0",
        "name_nearest": null,
        "name_dist_pt": null,
        "n_vertices": 3
      },
      "geometry": {
        "type": "LineString",
        "coordinates": [
          [
            3.259013,
            51.239829
          ],
          [
            3.244392,
            51.250032
          ],
          [
            3.250473,
            51.263201
          ]
        ]
      }
    },
    {
      "type": "Feature",
      "properties": {
        "status": "project",
        "status_basis": "layer",
        "pdf_layer": "2024 PROJ /// TRA",
        "size_class": null,
        "stroke_width_pt": 1.31,
        "dash_pattern": "[ 2.121 1.65 ] 0",
        "name_nearest": null,
        "name_dist_pt": null,
        "n_vertices": 3
      },
      "geometry": {
        "type": "LineString",
        "coordinates": [
          [
            3.261579,
            51.287324
          ],
          [
            3.265249,
            51.295279
          ],
          [
            3.249101,
            51.330374
          ]
        ]
      }
    },
    {
      "type": "Feature",
      "properties": {
        "status": "project",
        "status_basis": "layer",
        "pdf_layer": "2024 PROJ /// TRA",
        "size_class": null,
        "stroke_width_pt": 1.31,
        "dash_pattern": "[] 0",
        "name_nearest": null,
        "name_dist_pt": null,
        "n_vertices": 2
      },
      "geometry": {
        "type": "LineString",
        "coordinates": [
          [
            3.243548,
            51.342417
          ],
          [
            3.237491,
            51.355559
          ]
        ]
      }
    },
    {
      "type": "Feature",
      "properties": {
        "status": "project",
        "status_basis": "layer",
        "pdf_layer": "2024 PROJ /// TRA",
        "size_class": null,
        "stroke_width_pt": 1.31,
        "dash_pattern": "[ 1.8 1.6 1.8 ] 0",
        "name_nearest": null,
        "name_dist_pt": null,
        "n_vertices": 13
      },
      "geometry": {
        "type": "LineString",
        "coordinates": [
          [
            26.118885,
            44.410346
          ],
          [
            26.168094,
            44.398182
          ],
          [
            26.295802,
            44.221418
          ],
          [
            26.591234,
            44.193083
          ],
          [
            26.933904,
            44.202952
          ],
          [
            27.042614,
            44.202952
          ],
          [
            27.281372,
            44.152885
          ],
          [
            27.459578,
            44.097321
          ],
          [
            27.654597,
            44.077195
          ],
          [
            27.911279,
            44.030707
          ],
          [
            28.037621,
            43.959294
          ],
          [
            28.135897,
            43.934088
          ],
          [
            28.61861,
            43.883125
          ]
        ]
      }
    },
    {
      "type": "Feature",
      "properties": {
        "status": "project",
        "status_basis": "layer",
        "pdf_layer": "2024 PROJ /// TRA",
        "size_class": null,
        "stroke_width_pt": 1.31,
        "dash_pattern": "[ 1.8 1.6 1.8 ] 0",
        "name_nearest": "POSEIDON",
        "name_dist_pt": 14.8,
        "n_vertices": 131
      },
      "geometry": {
        "type": "LineString",
        "coordinates": [
          [
            18.544007,
            40.092555
          ],
          [
            18.760067,
            40.07303
          ],
          [
            19.476401,
            39.755682
          ],
          [
            19.768015,
            39.427512
          ],
          [
            20.058381,
            39.321983
          ],
          [
            20.218468,
            39.368186
          ],
          [
            20.374297,
            39.366341
          ],
          [
            20.45513,
            39.378323
          ],
          [
            20.599841,
            39.413528
          ],
          [
            20.675567,
            39.449793
          ],
          [
            20.748472,
            39.488308
          ],
          [
            20.850008,
            39.521919
          ],
          [
            20.965744,
            39.548713
          ],
          [
            21.040982,
            39.567335
          ],
          [
            21.118145,
            39.656234
          ],
          [
            21.13133,
            39.719713
          ],
          [
            21.138308,
            39.765671
          ],
          [
            21.184648,
            39.778104
          ],
          [
            21.2767,
            39.778848
          ],
          [
            21.360621,
            39.799466
          ],
          [
            21.456824,
            39.848356
          ],
          [
            21.545152,
            39.925801
          ],
          [
            21.714676,
            40.028102
          ],
          [
            21.846328,
            40.111198
          ],
          [
            21.96046,
            40.185741
          ],
          [
            21.997482,
            40.278835
          ],
          [
            22.022122,
            40.339366
          ],
          [
            22.107166,
            40.401078
          ],
          [
            22.208892,
            40.440783
          ],
          [
            22.368445,
            40.492584
          ],
          [
            22.536287,
            40.548758
          ],
          [
            22.604988,
            40.559389
          ],
          [
            22.685916,
            40.586162
          ],
          [
            22.792464,
            40.656617
          ],
          [
            22.919899,
            40.709377
          ],
          [
            22.959505,
            40.715017
          ],
          [
            22.961854,
            40.714494
          ],
          [
            22.968054,
            40.713116
          ],
          [
            22.976837,
            40.711166
          ],
          [
            22.986937,
            40.708931
          ],
          [
            22.997084,
            40.706695
          ],
          [
            23.006011,
            40.704743
          ],
          [
            23.012451,
            40.70336
          ],
          [
            23.015134,
            40.702831
          ],
          [
            23.016083,
            40.702827
          ],
          [
            23.017948,
            40.702833
          ],
          [
            23.020409,
            40.702844
          ],
          [
            23.023143,
            40.702858
          ],
          [
            23.025829,
            40.702874
          ],
          [
            23.028146,
            40.702888
          ],
          [
            23.029772,
            40.702899
          ],
          [
            23.030385,
            40.702903
          ],
          [
            23.042114,
            40.709098
          ],
          [
            23.056344,
            40.707603
          ],
          [
            23.088841,
            40.715791
          ],
          [
            23.09867,
            40.71513
          ],
          [
            23.105089,
            40.713505
          ],
          [
            23.111295,
            40.716732
          ],
          [
            23.114188,
            40.723331
          ],
          [
            23.120709,
            40.725784
          ],
          [
            23.130193,
            40.724366
          ],
          [
            23.139659,
            40.722944
          ],
          [
            23.172958,
            40.723187
          ],
          [
            23.181183,
            40.724861
          ],
          [
            23.192711,
            40.724676
          ],
          [
            23.205966,
            40.724474
          ],
          [
            23.228712,
            40.724123
          ],
          [
            23.282838,
            40.727129
          ],
          [
            23.296753,
            40.726909
          ],
          [
            23.307769,
            40.731589
          ],
          [
            23.338663,
            40.731112
          ],
          [
            23.382355,
            40.725082
          ],
          [
            23.390479,
            40.724181
          ],
          [
            23.396483,
            40.720513
          ],
          [
            23.415529,
            40.72099
          ],
          [
            23.424847,
            40.725968
          ],
          [
            23.434723,
            40.726576
          ],
          [
            23.463746,
            40.732255
          ],
          [
            23.47734,
            40.732053
          ],
          [
            23.487436,
            40.728826
          ],
          [
            23.493862,
            40.727201
          ],
          [
            23.497241,
            40.728421
          ],
          [
            23.505728,
            40.739275
          ],
          [
            23.51327,
            40.741453
          ],
          [
            23.543873,
            40.754775
          ],
          [
            23.549467,
            40.760322
          ],
          [
            23.553773,
            40.781434
          ],
          [
            23.556232,
            40.7837
          ],
          [
            23.564766,
            40.785616
          ],
          [
            23.574499,
            40.793628
          ],
          [
            23.608677,
            40.801028
          ],
          [
            23.617675,
            40.806756
          ],
          [
            23.625633,
            40.811727
          ],
          [
            23.633537,
            40.827686
          ],
          [
            23.636311,
            40.84193
          ],
          [
            23.639761,
            40.856413
          ],
          [
            23.639957,
            40.863811
          ],
          [
            23.652874,
            40.876098
          ],
          [
            23.658813,
            40.894875
          ],
          [
            23.649566,
            40.980743
          ],
          [
            23.649566,
            41.063844
          ],
          [
            23.658593,
            41.132823
          ],
          [
            23.690799,
            41.133449
          ],
          [
            23.717577,
            41.143047
          ],
          [
            23.756013,
            41.126395
          ],
          [
            23.780464,
            41.126395
          ],
          [
            23.796783,
            41.121116
          ],
          [
            23.800264,
            41.107957
          ],
          [
            23.832885,
            41.101817
          ],
          [
            23.852685,
            41.112356
          ],
          [
            23.893426,
            41.113219
          ],
          [
            23.928358,
            41.117617
          ],
          [
            23.96098,
            41.117617
          ],
          [
            23.978446,
            41.127254
          ],
          [
            24.006394,
            41.137788
          ],
          [
            24.077428,
            41.139545
          ],
          [
            24.146122,
            41.120235
          ],
          [
            24.338362,
            41.103008
          ],
          [
            24.6121,
            41.158998
          ],
          [
            24.650726,
            41.169858
          ],
          [
            24.773665,
            41.179438
          ],
          [
            24.915045,
            41.170538
          ],
          [
            24.944988,
            41.175482
          ],
          [
            24.965935,
            41.19214
          ],
          [
            25.031149,
            41.209656
          ],
          [
            25.119673,
            41.211412
          ],
          [
            25.153435,
            41.206162
          ],
          [
            25.212811,
            41.206162
          ],
          [
            25.264069,
            41.195639
          ],
          [
            25.353733,
            41.206162
          ],
          [
            25.401089,
            41.178723
          ]
        ]
      }
    },
    {
      "type": "Feature",
      "properties": {
        "status": "project",
        "status_basis": "layer",
        "pdf_layer": "2024 PROJ /// TRA",
        "size_class": null,
        "stroke_width_pt": 1.31,
        "dash_pattern": "[ 1.8 1.6 1.8 ] 0",
        "name_nearest": "EAST MED",
        "name_dist_pt": 27.3,
        "n_vertices": 83
      },
      "geometry": {
        "type": "LineString",
        "coordinates": [
          [
            20.261358,
            39.373002
          ],
          [
            20.299258,
            39.370129
          ],
          [
            20.330803,
            39.367354
          ],
          [
            20.357328,
            39.364238
          ],
          [
            20.38017,
            39.360343
          ],
          [
            20.400665,
            39.35523
          ],
          [
            20.42015,
            39.348461
          ],
          [
            20.439962,
            39.339595
          ],
          [
            20.461437,
            39.328194
          ],
          [
            20.481476,
            39.312943
          ],
          [
            20.497495,
            39.293691
          ],
          [
            20.511565,
            39.271751
          ],
          [
            20.525758,
            39.248438
          ],
          [
            20.542148,
            39.225069
          ],
          [
            20.562806,
            39.202961
          ],
          [
            20.589805,
            39.183434
          ],
          [
            20.625218,
            39.16781
          ],
          [
            20.671458,
            39.159363
          ],
          [
            20.727574,
            39.158234
          ],
          [
            20.790616,
            39.161057
          ],
          [
            20.857635,
            39.164467
          ],
          [
            20.925679,
            39.165099
          ],
          [
            20.9918,
            39.159588
          ],
          [
            21.053047,
            39.144568
          ],
          [
            21.10647,
            39.116665
          ],
          [
            21.15372,
            39.072284
          ],
          [
            21.1983,
            39.013073
          ],
          [
            21.240069,
            38.943513
          ],
          [
            21.278885,
            38.868098
          ],
          [
            21.314608,
            38.791339
          ],
          [
            21.347097,
            38.717765
          ],
          [
            21.37621,
            38.651926
          ],
          [
            21.401807,
            38.598384
          ],
          [
            21.423445,
            38.556623
          ],
          [
            21.441072,
            38.522088
          ],
          [
            21.455127,
            38.493315
          ],
          [
            21.466049,
            38.468837
          ],
          [
            21.474275,
            38.447183
          ],
          [
            21.480244,
            38.426878
          ],
          [
            21.484395,
            38.406449
          ],
          [
            21.487166,
            38.384418
          ],
          [
            21.48665,
            38.362156
          ],
          [
            21.481603,
            38.341659
          ],
          [
            21.473476,
            38.322383
          ],
          [
            21.463724,
            38.303788
          ],
          [
            21.453797,
            38.285329
          ],
          [
            21.445148,
            38.266464
          ],
          [
            21.439229,
            38.246646
          ],
          [
            21.437493,
            38.225333
          ],
          [
            21.43923,
            38.203524
          ],
          [
            21.442756,
            38.182167
          ],
          [
            21.448054,
            38.160637
          ],
          [
            21.455108,
            38.138308
          ],
          [
            21.463903,
            38.114553
          ],
          [
            21.474422,
            38.088744
          ],
          [
            21.48665,
            38.060252
          ],
          [
            21.50057,
            38.028447
          ],
          [
            21.515528,
            37.992188
          ],
          [
            21.531261,
            37.951575
          ],
          [
            21.548335,
            37.907848
          ],
          [
            21.567316,
            37.862249
          ],
          [
            21.588769,
            37.816024
          ],
          [
            21.613259,
            37.77042
          ],
          [
            21.641353,
            37.726689
          ],
          [
            21.673615,
            37.686085
          ],
          [
            21.709651,
            37.649215
          ],
          [
            21.748736,
            37.615148
          ],
          [
            21.790978,
            37.582835
          ],
          [
            21.83648,
            37.551226
          ],
          [
            21.88535,
            37.519269
          ],
          [
            21.937692,
            37.48591
          ],
          [
            21.993613,
            37.450093
          ],
          [
            22.053218,
            37.410759
          ],
          [
            22.092486,
            37.381515
          ],
          [
            22.1274,
            37.350719
          ],
          [
            22.159921,
            37.318637
          ],
          [
            22.192012,
            37.285534
          ],
          [
            22.225633,
            37.251674
          ],
          [
            22.262745,
            37.217324
          ],
          [
            22.305311,
            37.18275
          ],
          [
            22.35529,
            37.148218
          ],
          [
            22.439063,
            37.073128
          ],
          [
            22.615131,
            36.903718
          ]
        ]
      }
    },
    {
      "type": "Feature",
      "properties": {
        "status": "project",
        "status_basis": "layer",
        "pdf_layer": "2024 PROJ /// TRA",
        "size_class": null,
        "stroke_width_pt": 1.31,
        "dash_pattern": "[ 1.8 1.6 1.8 ] 0",
        "name_nearest": null,
        "name_dist_pt": null,
        "n_vertices": 34
      },
      "geometry": {
        "type": "LineString",
        "coordinates": [
          [
            23.179099,
            36.457646
          ],
          [
            23.332639,
            36.367503
          ],
          [
            23.506125,
            36.250877
          ],
          [
            23.689661,
            36.118903
          ],
          [
            23.873353,
            35.982776
          ],
          [
            24.047304,
            35.853769
          ],
          [
            24.20162,
            35.743223
          ],
          [
            24.326406,
            35.662536
          ],
          [
            24.411766,
            35.623121
          ],
          [
            24.522008,
            35.611151
          ],
          [
            24.703705,
            35.606164
          ],
          [
            24.935025,
            35.606095
          ],
          [
            25.194138,
            35.608878
          ],
          [
            25.459211,
            35.612444
          ],
          [
            25.708412,
            35.614729
          ],
          [
            25.91991,
            35.613664
          ],
          [
            26.071873,
            35.607184
          ],
          [
            26.174022,
            35.599041
          ],
          [
            26.253154,
            35.593411
          ],
          [
            26.313056,
            35.588857
          ],
          [
            26.357517,
            35.583943
          ],
          [
            26.390324,
            35.57723
          ],
          [
            26.415265,
            35.56728
          ],
          [
            26.436128,
            35.552655
          ],
          [
            26.456702,
            35.531912
          ],
          [
            26.477064,
            35.507039
          ],
          [
            26.494995,
            35.481204
          ],
          [
            26.51087,
            35.454735
          ],
          [
            26.525059,
            35.427963
          ],
          [
            26.537937,
            35.401217
          ],
          [
            26.549874,
            35.374828
          ],
          [
            26.561245,
            35.349128
          ],
          [
            26.57242,
            35.324446
          ],
          [
            26.326197,
            35.197343
          ]
        ]
      }
    },
    {
      "type": "Feature",
      "properties": {
        "status": "project",
        "status_basis": "layer",
        "pdf_layer": "2024 PROJ /// TRA",
        "size_class": null,
        "stroke_width_pt": 1.31,
        "dash_pattern": "[ 1.8 1.6 1.8 ] 0",
        "name_nearest": null,
        "name_dist_pt": null,
        "n_vertices": 51
      },
      "geometry": {
        "type": "LineString",
        "coordinates": [
          [
            26.440424,
            35.204938
          ],
          [
            26.650741,
            35.313509
          ],
          [
            26.637091,
            35.340795
          ],
          [
            26.619195,
            35.373355
          ],
          [
            26.598033,
            35.409432
          ],
          [
            26.57458,
            35.447276
          ],
          [
            26.549816,
            35.485138
          ],
          [
            26.524716,
            35.521272
          ],
          [
            26.500259,
            35.553934
          ],
          [
            26.477423,
            35.581386
          ],
          [
            26.456849,
            35.602117
          ],
          [
            26.435985,
            35.616735
          ],
          [
            26.411044,
            35.626681
          ],
          [
            26.378237,
            35.633392
          ],
          [
            26.333776,
            35.638305
          ],
          [
            26.273874,
            35.642855
          ],
          [
            26.194743,
            35.648479
          ],
          [
            26.092593,
            35.656612
          ],
          [
            25.94063,
            35.66309
          ],
          [
            25.729132,
            35.664157
          ],
          [
            25.47993,
            35.661877
          ],
          [
            25.214856,
            35.658316
          ],
          [
            24.95574,
            35.655538
          ],
          [
            24.724415,
            35.65561
          ],
          [
            24.542712,
            35.660595
          ],
          [
            24.432462,
            35.672558
          ],
          [
            24.350391,
            35.709536
          ],
          [
            24.234262,
            35.783835
          ],
          [
            24.092178,
            35.885373
          ],
          [
            23.932247,
            36.004086
          ],
          [
            23.762573,
            36.129952
          ],
          [
            23.591262,
            36.253004
          ],
          [
            23.42642,
            36.363341
          ],
          [
            23.276151,
            36.451111
          ],
          [
            23.179093,
            36.457646
          ],
          [
            23.083462,
            36.517828
          ],
          [
            23.021241,
            36.570518
          ],
          [
            22.984593,
            36.61672
          ],
          [
            22.96568,
            36.657434
          ],
          [
            22.956668,
            36.693655
          ],
          [
            22.949718,
            36.726378
          ],
          [
            22.936996,
            36.756592
          ],
          [
            22.910664,
            36.785287
          ],
          [
            22.875686,
            36.809709
          ],
          [
            22.841569,
            36.827899
          ],
          [
            22.807297,
            36.841986
          ],
          [
            22.771853,
            36.854099
          ],
          [
            22.734219,
            36.866366
          ],
          [
            22.693379,
            36.880912
          ],
          [
            22.648315,
            36.89986
          ],
          [
            22.59801,
            36.925332
          ]
        ]
      }
    },
    {
      "type": "Feature",
      "properties": {
        "status": "project",
        "status_basis": "layer",
        "pdf_layer": "2024 PROJ /// TRA",
        "size_class": null,
        "stroke_width_pt": 1.31,
        "dash_pattern": "[ 1.8 1.6 1.8 ] 0",
        "name_nearest": "EAST MED / NL",
        "name_dist_pt": 15.3,
        "n_vertices": 18
      },
      "geometry": {
        "type": "LineString",
        "coordinates": [
          [
            33.276632,
            33.237533
          ],
          [
            33.319617,
            33.51386
          ],
          [
            33.35905,
            33.632426
          ],
          [
            33.404013,
            33.75087
          ],
          [
            33.450949,
            33.865221
          ],
          [
            33.496299,
            33.971528
          ],
          [
            33.536509,
            34.065861
          ],
          [
            33.568021,
            34.144301
          ],
          [
            33.587278,
            34.202937
          ],
          [
            33.590724,
            34.237858
          ],
          [
            33.59229,
            34.25104
          ],
          [
            33.594384,
            34.287588
          ],
          [
            33.593097,
            34.342993
          ],
          [
            33.584522,
            34.412744
          ],
          [
            33.564751,
            34.492335
          ],
          [
            33.529877,
            34.577274
          ],
          [
            33.47599,
            34.663082
          ],
          [
            33.399185,
            34.745301
          ]
        ]
      }
    },
    {
      "type": "Feature",
      "properties": {
        "status": "project",
        "status_basis": "layer",
        "pdf_layer": "2024 PROJ /// TRA",
        "size_class": null,
        "stroke_width_pt": 1.31,
        "dash_pattern": "[ 1.8 1.6 1.8 ] 0",
        "name_nearest": null,
        "name_dist_pt": null,
        "n_vertices": 49
      },
      "geometry": {
        "type": "LineString",
        "coordinates": [
          [
            26.321137,
            35.197945
          ],
          [
            26.378505,
            35.175616
          ],
          [
            26.484048,
            35.133224
          ],
          [
            26.625169,
            35.077421
          ],
          [
            26.789269,
            35.014872
          ],
          [
            26.963752,
            34.952256
          ],
          [
            27.13602,
            34.896274
          ],
          [
            27.293474,
            34.853643
          ],
          [
            27.423518,
            34.831089
          ],
          [
            27.54784,
            34.81496
          ],
          [
            27.692027,
            34.789121
          ],
          [
            27.849323,
            34.756546
          ],
          [
            28.012971,
            34.720214
          ],
          [
            28.176215,
            34.683108
          ],
          [
            28.332298,
            34.648215
          ],
          [
            28.474463,
            34.618528
          ],
          [
            28.595953,
            34.597044
          ],
          [
            28.690391,
            34.58371
          ],
          [
            28.817076,
            34.567537
          ],
          [
            28.970166,
            34.549802
          ],
          [
            29.143822,
            34.531787
          ],
          [
            29.332201,
            34.51477
          ],
          [
            29.529465,
            34.500033
          ],
          [
            29.729772,
            34.488858
          ],
          [
            29.927281,
            34.482528
          ],
          [
            30.10917,
            34.47145
          ],
          [
            30.272237,
            34.448158
          ],
          [
            30.425071,
            34.417121
          ],
          [
            30.57626,
            34.382809
          ],
          [
            30.734392,
            34.349698
          ],
          [
            30.908055,
            34.322273
          ],
          [
            31.105837,
            34.305021
          ],
          [
            31.336325,
            34.302434
          ],
          [
            31.590389,
            34.312318
          ],
          [
            31.850052,
            34.32902
          ],
          [
            32.11067,
            34.351828
          ],
          [
            32.367599,
            34.380032
          ],
          [
            32.616194,
            34.412918
          ],
          [
            32.85181,
            34.449776
          ],
          [
            33.069802,
            34.489894
          ],
          [
            33.265526,
            34.532563
          ],
          [
            33.280665,
            34.534953
          ],
          [
            33.318605,
            34.542953
          ],
          [
            33.368127,
            34.557804
          ],
          [
            33.418012,
            34.580745
          ],
          [
            33.457044,
            34.613014
          ],
          [
            33.474003,
            34.65584
          ],
          [
            33.457673,
            34.710449
          ],
          [
            33.396833,
            34.778058
          ]
        ]
      }
    },
    {
      "type": "Feature",
      "properties": {
        "status": "project",
        "status_basis": "layer",
        "pdf_layer": "2024 PROJ /// TRA",
        "size_class": null,
        "stroke_width_pt": 1.31,
        "dash_pattern": "[ 1.8 1.6 1.8 ] 0",
        "name_nearest": null,
        "name_dist_pt": null,
        "n_vertices": 49
      },
      "geometry": {
        "type": "LineString",
        "coordinates": [
          [
            26.435352,
            35.205539
          ],
          [
            26.487812,
            35.184912
          ],
          [
            26.580415,
            35.147006
          ],
          [
            26.703243,
            35.097552
          ],
          [
            26.846373,
            35.04229
          ],
          [
            26.999887,
            34.986971
          ],
          [
            27.153863,
            34.937362
          ],
          [
            27.298382,
            34.899242
          ],
          [
            27.423524,
            34.8784
          ],
          [
            27.547846,
            34.862287
          ],
          [
            27.692034,
            34.836467
          ],
          [
            27.849331,
            34.803915
          ],
          [
            28.01298,
            34.767606
          ],
          [
            28.176224,
            34.730522
          ],
          [
            28.332306,
            34.69565
          ],
          [
            28.47447,
            34.665981
          ],
          [
            28.595959,
            34.644509
          ],
          [
            28.690399,
            34.631182
          ],
          [
            28.817085,
            34.615015
          ],
          [
            28.970176,
            34.597288
          ],
          [
            29.143832,
            34.579279
          ],
          [
            29.332212,
            34.562268
          ],
          [
            29.529474,
            34.547536
          ],
          [
            29.72978,
            34.536366
          ],
          [
            29.927287,
            34.530038
          ],
          [
            30.109168,
            34.518967
          ],
          [
            30.27223,
            34.495692
          ],
          [
            30.425061,
            34.464675
          ],
          [
            30.576249,
            34.430386
          ],
          [
            30.734383,
            34.397298
          ],
          [
            30.90805,
            34.369891
          ],
          [
            31.105839,
            34.352652
          ],
          [
            31.336337,
            34.350067
          ],
          [
            31.580635,
            34.358938
          ],
          [
            31.814639,
            34.372741
          ],
          [
            32.039136,
            34.390964
          ],
          [
            32.254912,
            34.413095
          ],
          [
            32.462751,
            34.438622
          ],
          [
            32.663439,
            34.467032
          ],
          [
            32.857763,
            34.497815
          ],
          [
            33.046508,
            34.530459
          ],
          [
            33.204988,
            34.560146
          ],
          [
            33.31369,
            34.584059
          ],
          [
            33.381161,
            34.604684
          ],
          [
            33.415947,
            34.624504
          ],
          [
            33.426596,
            34.645999
          ],
          [
            33.421653,
            34.67165
          ],
          [
            33.409665,
            34.703929
          ],
          [
            33.399179,
            34.745306
          ]
        ]
      }
    },
    {
      "type": "Feature",
      "properties": {
        "status": "project",
        "status_basis": "layer",
        "pdf_layer": "2024 PROJ /// TRA",
        "size_class": null,
        "stroke_width_pt": 1.31,
        "dash_pattern": "[ 1.8 1.6 1.8 ] 0",
        "name_nearest": "EAST MED / SL",
        "name_dist_pt": 8.1,
        "n_vertices": 13
      },
      "geometry": {
        "type": "LineString",
        "coordinates": [
          [
            33.399179,
            34.745306
          ],
          [
            33.549213,
            34.655076
          ],
          [
            33.688941,
            34.530723
          ],
          [
            33.815374,
            34.386325
          ],
          [
            33.925522,
            34.236037
          ],
          [
            34.016397,
            34.094107
          ],
          [
            34.085008,
            33.974882
          ],
          [
            34.128368,
            33.89277
          ],
          [
            34.143485,
            33.862201
          ],
          [
            34.534764,
            33.207217
          ],
          [
            34.75162,
            32.450706
          ],
          [
            34.79125,
            32.45241
          ],
          [
            34.873223,
            32.430317
          ]
        ]
      }
    },
    {
      "type": "Feature",
      "properties": {
        "status": "project",
        "status_basis": "layer",
        "pdf_layer": "2024 PROJ /// TRA",
        "size_class": null,
        "stroke_width_pt": 1.0,
        "dash_pattern": "[ 1.8 1.6 1.8 ] 0",
        "name_nearest": null,
        "name_dist_pt": null,
        "n_vertices": 21
      },
      "geometry": {
        "type": "LineString",
        "coordinates": [
          [
            17.963535,
            45.11987
          ],
          [
            17.884917,
            45.12181
          ],
          [
            17.806685,
            45.104593
          ],
          [
            17.743585,
            45.111475
          ],
          [
            17.696104,
            45.11254
          ],
          [
            17.643267,
            45.14319
          ],
          [
            17.603007,
            45.155835
          ],
          [
            17.487295,
            45.186223
          ],
          [
            17.370289,
            45.186926
          ],
          [
            17.235157,
            45.192224
          ],
          [
            17.189915,
            45.222526
          ],
          [
            17.124867,
            45.26055
          ],
          [
            17.030559,
            45.277155
          ],
          [
            16.995728,
            45.299454
          ],
          [
            16.932456,
            45.330212
          ],
          [
            16.884921,
            45.391845
          ],
          [
            16.812699,
            45.429414
          ],
          [
            16.775095,
            45.448495
          ],
          [
            16.73401,
            45.469618
          ],
          [
            16.676356,
            45.484593
          ],
          [
            16.62919,
            45.54008
          ]
        ]
      }
    },
    {
      "type": "Feature",
      "properties": {
        "status": "project",
        "status_basis": "layer",
        "pdf_layer": "2024 PROJ /// TRA",
        "size_class": null,
        "stroke_width_pt": 1.0,
        "dash_pattern": "[ 1.8 1.6 1.8 ] 0",
        "name_nearest": "POSEIDON",
        "name_dist_pt": 20.6,
        "n_vertices": 69
      },
      "geometry": {
        "type": "LineString",
        "coordinates": [
          [
            23.266922,
            41.188636
          ],
          [
            23.29098,
            41.192149
          ],
          [
            23.292741,
            41.192387
          ],
          [
            23.295448,
            41.19266
          ],
          [
            23.298737,
            41.19295
          ],
          [
            23.302243,
            41.193233
          ],
          [
            23.305604,
            41.19349
          ],
          [
            23.308455,
            41.193699
          ],
          [
            23.310432,
            41.19384
          ],
          [
            23.311172,
            41.193892
          ],
          [
            23.328246,
            41.186294
          ],
          [
            23.337564,
            41.181038
          ],
          [
            23.35155,
            41.178128
          ],
          [
            23.367068,
            41.162928
          ],
          [
            23.370964,
            41.15357
          ],
          [
            23.381031,
            41.150073
          ],
          [
            23.390349,
            41.147139
          ],
          [
            23.40823,
            41.143056
          ],
          [
            23.422971,
            41.145968
          ],
          [
            23.440823,
            41.140713
          ],
          [
            23.461015,
            41.138365
          ],
          [
            23.499035,
            41.123178
          ],
          [
            23.530101,
            41.117313
          ],
          [
            23.562717,
            41.110588
          ],
          [
            23.604633,
            41.107089
          ],
          [
            23.660529,
            41.109724
          ],
          [
            23.688483,
            41.107966
          ],
          [
            23.715261,
            41.114986
          ],
          [
            23.745549,
            41.101826
          ],
          [
            23.771163,
            41.100068
          ],
          [
            23.779311,
            41.086023
          ],
          [
            23.804926,
            41.086023
          ],
          [
            23.83288,
            41.075498
          ],
          [
            23.867806,
            41.089527
          ],
          [
            23.906242,
            41.088664
          ],
          [
            23.923708,
            41.093045
          ],
          [
            23.97844,
            41.092164
          ],
          [
            24.007558,
            41.11147
          ],
          [
            24.034342,
            41.114986
          ],
          [
            24.073942,
            41.114105
          ],
          [
            24.108874,
            41.105326
          ],
          [
            24.220672,
            41.072857
          ],
          [
            24.320795,
            41.062312
          ],
          [
            24.348743,
            41.07022
          ],
          [
            24.409313,
            41.069338
          ],
          [
            24.420941,
            41.066714
          ],
          [
            24.445415,
            41.049142
          ],
          [
            24.451229,
            41.046522
          ],
          [
            24.479177,
            41.056168
          ],
          [
            24.498977,
            41.044757
          ],
          [
            24.578159,
            41.042114
          ],
          [
            24.600293,
            41.042114
          ],
          [
            24.611922,
            41.029822
          ],
          [
            24.656196,
            41.033348
          ],
          [
            24.679476,
            41.041236
          ],
          [
            24.717906,
            41.079881
          ],
          [
            24.767994,
            41.1334
          ],
          [
            24.802926,
            41.131642
          ],
          [
            24.877458,
            41.134281
          ],
          [
            24.950796,
            41.150073
          ],
          [
            24.97527,
            41.158828
          ],
          [
            24.990402,
            41.173734
          ],
          [
            25.041654,
            41.18338
          ],
          [
            25.119667,
            41.187756
          ],
          [
            25.149949,
            41.182504
          ],
          [
            25.200013,
            41.18338
          ],
          [
            25.252411,
            41.171977
          ],
          [
            25.343239,
            41.182504
          ],
          [
            25.389823,
            41.178986
          ]
        ]
      }
    },
    {
      "type": "Feature",
      "properties": {
        "status": "project",
        "status_basis": "layer",
        "pdf_layer": "2024 PROJ /// TRA",
        "size_class": null,
        "stroke_width_pt": 1.31,
        "dash_pattern": "[ 1.8 1.6 1.8 ] 0",
        "name_nearest": null,
        "name_dist_pt": null,
        "n_vertices": 10
      },
      "geometry": {
        "type": "LineString",
        "coordinates": [
          [
            26.145597,
            42.271452
          ],
          [
            26.066421,
            42.326579
          ],
          [
            25.977897,
            42.335176
          ],
          [
            25.903389,
            42.347238
          ],
          [
            25.868433,
            42.330013
          ],
          [
            25.856805,
            42.343788
          ],
          [
            25.814871,
            42.366171
          ],
          [
            25.796235,
            42.378587
          ],
          [
            25.761302,
            42.378587
          ],
          [
            25.750458,
            42.393067
          ]
        ]
      }
    },
    {
      "type": "Feature",
      "properties": {
        "status": "project",
        "status_basis": "layer",
        "pdf_layer": "2024 PROJ /// TRA",
        "size_class": null,
        "stroke_width_pt": 1.31,
        "dash_pattern": "[] 0",
        "name_nearest": null,
        "name_dist_pt": null,
        "n_vertices": 3
      },
      "geometry": {
        "type": "LineString",
        "coordinates": [
          [
            17.54062,
            40.567645
          ],
          [
            17.542788,
            40.541957
          ],
          [
            17.56453,
            40.540161
          ]
        ]
      }
    },
    {
      "type": "Feature",
      "properties": {
        "status": "project",
        "status_basis": "layer",
        "pdf_layer": "2024 PROJ /// TRA",
        "size_class": null,
        "stroke_width_pt": 1.31,
        "dash_pattern": "[ 1.214 1.214 1.079 1.214 ] 0",
        "name_nearest": null,
        "name_dist_pt": null,
        "n_vertices": 3
      },
      "geometry": {
        "type": "LineString",
        "coordinates": [
          [
            17.590649,
            40.537994
          ],
          [
            17.674938,
            40.531025
          ],
          [
            17.690088,
            40.53265
          ]
        ]
      }
    },
    {
      "type": "Feature",
      "properties": {
        "status": "project",
        "status_basis": "layer",
        "pdf_layer": "2024 PROJ /// TRA",
        "size_class": null,
        "stroke_width_pt": 1.31,
        "dash_pattern": "[ 1.214 1.079 1.214 1.214 1.079 1.214 ] 0",
        "name_nearest": null,
        "name_dist_pt": null,
        "n_vertices": 2
      },
      "geometry": {
        "type": "LineString",
        "coordinates": [
          [
            17.704733,
            40.534221
          ],
          [
            17.859101,
            40.550748
          ]
        ]
      }
    },
    {
      "type": "Feature",
      "properties": {
        "status": "project",
        "status_basis": "layer",
        "pdf_layer": "2024 PROJ /// TRA",
        "size_class": null,
        "stroke_width_pt": 1.31,
        "dash_pattern": "[] 0",
        "name_nearest": null,
        "name_dist_pt": null,
        "n_vertices": 3
      },
      "geometry": {
        "type": "LineString",
        "coordinates": [
          [
            17.873728,
            40.552309
          ],
          [
            17.895405,
            40.554619
          ],
          [
            17.905424,
            40.569422
          ]
        ]
      }
    },
    {
      "type": "Feature",
      "properties": {
        "status": "project",
        "status_basis": "layer",
        "pdf_layer": "2024 PROJ /// TRA",
        "size_class": null,
        "stroke_width_pt": 1.31,
        "dash_pattern": "[ .68 .68 .605 .68 ] 0",
        "name_nearest": null,
        "name_dist_pt": null,
        "n_vertices": 4
      },
      "geometry": {
        "type": "LineString",
        "coordinates": [
          [
            17.912152,
            40.579355
          ],
          [
            17.923686,
            40.59639
          ],
          [
            17.92558,
            40.61827
          ],
          [
            17.927041,
            40.619266
          ]
        ]
      }
    },
    {
      "type": "Feature",
      "properties": {
        "status": "project",
        "status_basis": "layer",
        "pdf_layer": "2024 PROJ /// TRA",
        "size_class": null,
        "stroke_width_pt": 1.31,
        "dash_pattern": "[] 0",
        "name_nearest": null,
        "name_dist_pt": null,
        "n_vertices": 2
      },
      "geometry": {
        "type": "LineString",
        "coordinates": [
          [
            17.933212,
            40.62345
          ],
          [
            17.949531,
            40.634528
          ]
        ]
      }
    },
    {
      "type": "Feature",
      "properties": {
        "status": "project",
        "status_basis": "layer",
        "pdf_layer": "2024 PROJ /// TRA",
        "size_class": null,
        "stroke_width_pt": 1.0,
        "dash_pattern": "[ 1.8 1.6 1.8 ] 0",
        "name_nearest": "TAP",
        "name_dist_pt": 28.7,
        "n_vertices": 25
      },
      "geometry": {
        "type": "LineString",
        "coordinates": [
          [
            22.600563,
            41.12958
          ],
          [
            22.606621,
            41.11917
          ],
          [
            22.623018,
            41.112664
          ],
          [
            22.629046,
            41.105518
          ],
          [
            22.647171,
            41.093806
          ],
          [
            22.654957,
            41.084053
          ],
          [
            22.686896,
            41.060633
          ],
          [
            22.69293,
            41.054762
          ],
          [
            22.69293,
            41.048913
          ],
          [
            22.685168,
            41.040452
          ],
          [
            22.687745,
            41.024177
          ],
          [
            22.671348,
            41.011787
          ],
          [
            22.670475,
            41.003326
          ],
          [
            22.685168,
            40.993559
          ],
          [
            22.685168,
            40.964233
          ],
          [
            22.684289,
            40.955102
          ],
          [
            22.703287,
            40.940111
          ],
          [
            22.7102,
            40.925758
          ],
          [
            22.742988,
            40.916639
          ],
          [
            22.7542,
            40.870965
          ],
          [
            22.761113,
            40.859207
          ],
          [
            22.7542,
            40.842227
          ],
          [
            22.769748,
            40.823947
          ],
          [
            22.746444,
            40.806311
          ],
          [
            22.737809,
            40.783534
          ]
        ]
      }
    },
    {
      "type": "Feature",
      "properties": {
        "status": "project",
        "status_basis": "layer",
        "pdf_layer": "2024 PROJ /// TRA",
        "size_class": null,
        "stroke_width_pt": 1.31,
        "dash_pattern": "[ 1.8 1.6 1.8 ] 0",
        "name_nearest": null,
        "name_dist_pt": null,
        "n_vertices": 108
      },
      "geometry": {
        "type": "LineString",
        "coordinates": [
          [
            16.581062,
            45.540085
          ],
          [
            16.580895,
            45.540014
          ],
          [
            16.580431,
            45.539793
          ],
          [
            16.579725,
            45.539406
          ],
          [
            16.578829,
            45.538839
          ],
          [
            16.5778,
            45.538075
          ],
          [
            16.57669,
            45.537101
          ],
          [
            16.575554,
            45.535901
          ],
          [
            16.574446,
            45.534461
          ],
          [
            16.573243,
            45.532224
          ],
          [
            16.571863,
            45.528897
          ],
          [
            16.570387,
            45.52486
          ],
          [
            16.568898,
            45.520492
          ],
          [
            16.567477,
            45.516173
          ],
          [
            16.566206,
            45.512283
          ],
          [
            16.565168,
            45.509202
          ],
          [
            16.564445,
            45.50731
          ],
          [
            16.562388,
            45.505711
          ],
          [
            16.557818,
            45.503427
          ],
          [
            16.551526,
            45.500703
          ],
          [
            16.544306,
            45.497783
          ],
          [
            16.536949,
            45.494911
          ],
          [
            16.530247,
            45.492332
          ],
          [
            16.524992,
            45.490291
          ],
          [
            16.521976,
            45.489031
          ],
          [
            16.519313,
            45.487585
          ],
          [
            16.515001,
            45.485085
          ],
          [
            16.509657,
            45.481915
          ],
          [
            16.503899,
            45.478459
          ],
          [
            16.498346,
            45.475102
          ],
          [
            16.493614,
            45.472229
          ],
          [
            16.490322,
            45.470223
          ],
          [
            16.489087,
            45.469468
          ],
          [
            16.432045,
            45.459593
          ],
          [
            16.429945,
            45.458823
          ],
          [
            16.424371,
            45.45679
          ],
          [
            16.416409,
            45.453914
          ],
          [
            16.407145,
            45.450611
          ],
          [
            16.397665,
            45.447298
          ],
          [
            16.389057,
            45.444395
          ],
          [
            16.382405,
            45.442318
          ],
          [
            16.378797,
            45.441486
          ],
          [
            16.359841,
            45.440027
          ],
          [
            16.339556,
            45.437428
          ],
          [
            16.31902,
            45.43411
          ],
          [
            16.299309,
            45.430495
          ],
          [
            16.281499,
            45.427004
          ],
          [
            16.266666,
            45.42406
          ],
          [
            16.255885,
            45.422084
          ],
          [
            16.250234,
            45.421498
          ],
          [
            16.243914,
            45.421226
          ],
          [
            16.231664,
            45.420113
          ],
          [
            16.21537,
            45.418461
          ],
          [
            16.196915,
            45.416572
          ],
          [
            16.178187,
            45.414748
          ],
          [
            16.16107,
            45.413291
          ],
          [
            16.147451,
            45.412503
          ],
          [
            16.139214,
            45.412686
          ],
          [
            16.131811,
            45.413276
          ],
          [
            16.120326,
            45.413556
          ],
          [
            16.106096,
            45.413598
          ],
          [
            16.09046,
            45.413472
          ],
          [
            16.074756,
            45.413247
          ],
          [
            16.060323,
            45.412995
          ],
          [
            16.0485,
            45.412784
          ],
          [
            16.040623,
            45.412686
          ],
          [
            16.031067,
            45.41305
          ],
          [
            16.014921,
            45.414042
          ],
          [
            15.99461,
            45.415452
          ],
          [
            15.972556,
            45.417073
          ],
          [
            15.951185,
            45.418697
          ],
          [
            15.932919,
            45.420114
          ],
          [
            15.920182,
            45.421118
          ],
          [
            15.915398,
            45.421498
          ],
          [
            15.796081,
            45.436657
          ],
          [
            15.787744,
            45.438393
          ],
          [
            15.765678,
            45.442996
          ],
          [
            15.734299,
            45.449558
          ],
          [
            15.698025,
            45.457171
          ],
          [
            15.661272,
            45.464929
          ],
          [
            15.628457,
            45.471923
          ],
          [
            15.603997,
            45.477247
          ],
          [
            15.592308,
            45.479996
          ],
          [
            15.585426,
            45.480621
          ],
          [
            15.573623,
            45.480337
          ],
          [
            15.558698,
            45.4794
          ],
          [
            15.542452,
            45.478063
          ],
          [
            15.526683,
            45.476581
          ],
          [
            15.513191,
            45.475208
          ],
          [
            15.503777,
            45.474197
          ],
          [
            15.500239,
            45.473804
          ],
          [
            15.439057,
            45.436657
          ],
          [
            15.383885,
            45.417484
          ],
          [
            15.326991,
            45.438174
          ],
          [
            15.274688,
            45.414495
          ],
          [
            15.198262,
            45.41214
          ],
          [
            15.15552,
            45.405923
          ],
          [
            15.112535,
            45.391678
          ],
          [
            15.095609,
            45.391612
          ],
          [
            15.076878,
            45.409917
          ],
          [
            15.017134,
            45.409696
          ],
          [
            14.948778,
            45.42059
          ],
          [
            14.89069,
            45.409255
          ],
          [
            14.849505,
            45.417947
          ],
          [
            14.833743,
            45.390586
          ],
          [
            14.823992,
            45.374372
          ],
          [
            14.756485,
            45.345007
          ],
          [
            14.706765,
            45.348922
          ]
        ]
      }
    },
    {
      "type": "Feature",
      "properties": {
        "status": "project",
        "status_basis": "layer",
        "pdf_layer": "2024 PROJ /// TRA",
        "size_class": null,
        "stroke_width_pt": 1.31,
        "dash_pattern": "[ 1.8 1.6 1.8 ] 0",
        "name_nearest": null,
        "name_dist_pt": null,
        "n_vertices": 10
      },
      "geometry": {
        "type": "LineString",
        "coordinates": [
          [
            27.484011,
            43.308299
          ],
          [
            27.448301,
            43.224642
          ],
          [
            27.40639,
            43.198598
          ],
          [
            27.378436,
            43.106847
          ],
          [
            27.320984,
            43.037674
          ],
          [
            27.303904,
            42.997939
          ],
          [
            27.248008,
            42.972937
          ],
          [
            27.235578,
            42.932026
          ],
          [
            27.195218,
            42.917257
          ],
          [
            27.157952,
            42.8911
          ]
        ]
      }
    },
    {
      "type": "Feature",
      "properties": {
        "status": "project",
        "status_basis": "layer",
        "pdf_layer": "2024 PROJ /// TRA",
        "size_class": null,
        "stroke_width_pt": 1.5,
        "dash_pattern": "[ .1 2 ] 0",
        "name_nearest": "SOL",
        "name_dist_pt": 11.5,
        "n_vertices": 3
      },
      "geometry": {
        "type": "LineString",
        "coordinates": [
          [
            15.73225,
            46.584865
          ],
          [
            15.73269,
            46.623838
          ],
          [
            15.714541,
            46.6632
          ]
        ]
      }
    },
    {
      "type": "Feature",
      "properties": {
        "status": "project",
        "status_basis": "layer",
        "pdf_layer": "2024 PROJ /// TRA",
        "size_class": null,
        "stroke_width_pt": 1.31,
        "dash_pattern": "[ 1.8 1.6 1.8 ] 0",
        "name_nearest": "TAG I",
        "name_dist_pt": 29.6,
        "n_vertices": 3
      },
      "geometry": {
        "type": "LineString",
        "coordinates": [
          [
            15.743766,
            46.236557
          ],
          [
            15.761766,
            46.278523
          ],
          [
            15.754248,
            46.294877
          ]
        ]
      }
    },
    {
      "type": "Feature",
      "properties": {
        "status": "project",
        "status_basis": "layer",
        "pdf_layer": "2024 PROJ /// TRA",
        "size_class": null,
        "stroke_width_pt": 1.12,
        "dash_pattern": "[] 0",
        "name_nearest": null,
        "name_dist_pt": null,
        "n_vertices": 2
      },
      "geometry": {
        "type": "LineString",
        "coordinates": [
          [
            25.791347,
            40.677888
          ],
          [
            25.890305,
            40.932865
          ]
        ]
      }
    },
    {
      "type": "Feature",
      "properties": {
        "status": "project",
        "status_basis": "layer",
        "pdf_layer": "2024 PROJ /// TRA",
        "size_class": null,
        "stroke_width_pt": 0.48,
        "dash_pattern": "[ 1 1 1 1 ] 0",
        "name_nearest": null,
        "name_dist_pt": null,
        "n_vertices": 37
      },
      "geometry": {
        "type": "LineString",
        "coordinates": [
          [
            15.188985,
            41.813903
          ],
          [
            15.215668,
            41.808556
          ],
          [
            15.237636,
            41.81053
          ],
          [
            15.248486,
            41.810242
          ],
          [
            15.269159,
            41.809171
          ],
          [
            15.286263,
            41.812217
          ],
          [
            15.309347,
            41.81207
          ],
          [
            15.323381,
            41.809171
          ],
          [
            15.344422,
            41.808556
          ],
          [
            15.367726,
            41.806249
          ],
          [
            15.378796,
            41.805652
          ],
          [
            15.410931,
            41.780861
          ],
          [
            15.410931,
            41.751325
          ],
          [
            15.422024,
            41.74459
          ],
          [
            15.445548,
            41.708156
          ],
          [
            15.477897,
            41.683798
          ],
          [
            15.500084,
            41.65009
          ],
          [
            15.527231,
            41.634747
          ],
          [
            15.531536,
            41.625856
          ],
          [
            15.533799,
            41.603469
          ],
          [
            15.533799,
            41.581835
          ],
          [
            15.529713,
            41.569862
          ],
          [
            15.513874,
            41.552042
          ],
          [
            15.487191,
            41.54438
          ],
          [
            15.474054,
            41.542375
          ],
          [
            15.468169,
            41.540375
          ],
          [
            15.445109,
            41.53961
          ],
          [
            15.430612,
            41.536694
          ],
          [
            15.418859,
            41.536694
          ],
          [
            15.407765,
            41.534093
          ],
          [
            15.384901,
            41.534093
          ],
          [
            15.383101,
            41.528394
          ],
          [
            15.379039,
            41.524259
          ],
          [
            15.36342,
            41.522254
          ],
          [
            15.34827,
            41.516571
          ],
          [
            15.327663,
            41.517336
          ],
          [
            15.322775,
            41.513494
          ]
        ]
      }
    },
    {
      "type": "Feature",
      "properties": {
        "status": "project",
        "status_basis": "layer",
        "pdf_layer": "2024 PROJ /// TRA",
        "size_class": null,
        "stroke_width_pt": 0.48,
        "dash_pattern": "[ 1 1 1 1 ] 0",
        "name_nearest": null,
        "name_dist_pt": null,
        "n_vertices": 10
      },
      "geometry": {
        "type": "LineString",
        "coordinates": [
          [
            15.67949,
            41.567244
          ],
          [
            15.676464,
            41.566677
          ],
          [
            15.668913,
            41.565182
          ],
          [
            15.658355,
            41.563069
          ],
          [
            15.646309,
            41.560646
          ],
          [
            15.634295,
            41.558223
          ],
          [
            15.623833,
            41.556109
          ],
          [
            15.616442,
            41.554614
          ],
          [
            15.61364,
            41.554047
          ],
          [
            15.51388,
            41.552047
          ]
        ]
      }
    },
    {
      "type": "Feature",
      "properties": {
        "status": "project",
        "status_basis": "layer",
        "pdf_layer": "2024 PROJ /// TRA",
        "size_class": null,
        "stroke_width_pt": 0.48,
        "dash_pattern": "[ 1 1 1 1 ] 0",
        "name_nearest": null,
        "name_dist_pt": null,
        "n_vertices": 2
      },
      "geometry": {
        "type": "LineString",
        "coordinates": [
          [
            15.577449,
            41.690064
          ],
          [
            15.506201,
            41.646637
          ]
        ]
      }
    },
    {
      "type": "Feature",
      "properties": {
        "status": "project",
        "status_basis": "layer",
        "pdf_layer": "2024 PROJ /// TRA",
        "size_class": null,
        "stroke_width_pt": 0.48,
        "dash_pattern": "[ 1 1 1 1 ] 0",
        "name_nearest": null,
        "name_dist_pt": null,
        "n_vertices": 3
      },
      "geometry": {
        "type": "LineString",
        "coordinates": [
          [
            15.50053,
            41.819865
          ],
          [
            15.445554,
            41.817271
          ],
          [
            15.387027,
            41.800592
          ]
        ]
      }
    },
    {
      "type": "Feature",
      "properties": {
        "status": "project",
        "status_basis": "layer",
        "pdf_layer": "2024 PROJ /// TRA",
        "size_class": null,
        "stroke_width_pt": 1.0,
        "dash_pattern": "[ 1.8 1.6 1.8 ] 0",
        "name_nearest": null,
        "name_dist_pt": null,
        "n_vertices": 18
      },
      "geometry": {
        "type": "LineString",
        "coordinates": [
          [
            19.471276,
            50.118357
          ],
          [
            19.481615,
            50.080346
          ],
          [
            19.454344,
            50.050788
          ],
          [
            19.421823,
            50.029041
          ],
          [
            19.433351,
            49.995839
          ],
          [
            19.425179,
            49.956916
          ],
          [
            19.428,
            49.944176
          ],
          [
            19.4119,
            49.923163
          ],
          [
            19.374996,
            49.913437
          ],
          [
            19.347167,
            49.890937
          ],
          [
            19.30275,
            49.862423
          ],
          [
            19.276744,
            49.853406
          ],
          [
            19.248457,
            49.853406
          ],
          [
            19.189954,
            49.821667
          ],
          [
            19.133809,
            49.784034
          ],
          [
            19.072704,
            49.769158
          ],
          [
            19.007537,
            49.76292
          ],
          [
            18.965918,
            49.757954
          ]
        ]
      }
    },
    {
      "type": "Feature",
      "properties": {
        "status": "project",
        "status_basis": "layer",
        "pdf_layer": "2024 PROJ /// TRA",
        "size_class": null,
        "stroke_width_pt": 1.31,
        "dash_pattern": "[ 1.8 1.4 1.8 1.4 ] 0",
        "name_nearest": null,
        "name_dist_pt": null,
        "n_vertices": 5
      },
      "geometry": {
        "type": "LineString",
        "coordinates": [
          [
            19.358409,
            48.074953
          ],
          [
            19.371397,
            48.102982
          ],
          [
            19.425232,
            48.14658
          ],
          [
            19.454226,
            48.166005
          ],
          [
            19.436956,
            48.215221
          ]
        ]
      }
    },
    {
      "type": "Feature",
      "properties": {
        "status": "project",
        "status_basis": "layer",
        "pdf_layer": "2024 PROJ /// TRA",
        "size_class": null,
        "stroke_width_pt": 0.48,
        "dash_pattern": "[ 1 1 1 1 ] 0",
        "name_nearest": "MELITA TRANSGAS",
        "name_dist_pt": 14.2,
        "n_vertices": 4
      },
      "geometry": {
        "type": "LineString",
        "coordinates": [
          [
            14.21961,
            37.107478
          ],
          [
            14.540829,
            35.961078
          ],
          [
            14.6077,
            35.902224
          ],
          [
            14.806365,
            35.877412
          ]
        ]
      }
    },
    {
      "type": "Feature",
      "properties": {
        "status": "project",
        "status_basis": "layer",
        "pdf_layer": "2024 PROJ /// TRA",
        "size_class": null,
        "stroke_width_pt": 1.31,
        "dash_pattern": "[ 1.8 1.6 1.8 ] 0",
        "name_nearest": null,
        "name_dist_pt": null,
        "n_vertices": 42
      },
      "geometry": {
        "type": "LineString",
        "coordinates": [
          [
            22.108443,
            51.450431
          ],
          [
            22.185677,
            51.408057
          ],
          [
            22.23323,
            51.365338
          ],
          [
            22.249823,
            51.336852
          ],
          [
            22.276874,
            51.284347
          ],
          [
            22.283828,
            51.254274
          ],
          [
            22.283442,
            51.210377
          ],
          [
            22.28595,
            51.210419
          ],
          [
            22.292561,
            51.210521
          ],
          [
            22.301909,
            51.210647
          ],
          [
            22.312626,
            51.210763
          ],
          [
            22.323345,
            51.210832
          ],
          [
            22.332699,
            51.210819
          ],
          [
            22.339321,
            51.210689
          ],
          [
            22.341845,
            51.210407
          ],
          [
            22.345297,
            51.206433
          ],
          [
            22.35437,
            51.196582
          ],
          [
            22.367188,
            51.182825
          ],
          [
            22.381878,
            51.167134
          ],
          [
            22.396566,
            51.151486
          ],
          [
            22.409378,
            51.137857
          ],
          [
            22.418439,
            51.128228
          ],
          [
            22.421876,
            51.124578
          ],
          [
            22.394558,
            51.058316
          ],
          [
            22.361259,
            51.034566
          ],
          [
            22.361912,
            51.022234
          ],
          [
            22.352428,
            50.997301
          ],
          [
            22.313605,
            50.996475
          ],
          [
            22.313968,
            50.979111
          ],
          [
            22.344422,
            50.912196
          ],
          [
            22.092533,
            50.643757
          ],
          [
            22.066723,
            50.624224
          ],
          [
            22.095063,
            50.602459
          ],
          [
            22.16308,
            50.571293
          ],
          [
            22.16308,
            50.537029
          ],
          [
            22.17529,
            50.387488
          ],
          [
            22.217201,
            50.24085
          ],
          [
            22.317834,
            50.096273
          ],
          [
            22.326813,
            50.018873
          ],
          [
            22.295967,
            49.852612
          ],
          [
            22.256973,
            49.627779
          ],
          [
            22.272396,
            49.63457
          ]
        ]
      }
    },
    {
      "type": "Feature",
      "properties": {
        "status": "project",
        "status_basis": "layer",
        "pdf_layer": "2024 PROJ /// TRA",
        "size_class": null,
        "stroke_width_pt": 1.0,
        "dash_pattern": "[ 1.8 1.6 1.8 ] 0",
        "name_nearest": null,
        "name_dist_pt": null,
        "n_vertices": 69
      },
      "geometry": {
        "type": "LineString",
        "coordinates": [
          [
            23.413308,
            38.075998
          ],
          [
            23.442812,
            38.094322
          ],
          [
            23.463467,
            38.107374
          ],
          [
            23.494777,
            38.125728
          ],
          [
            23.509172,
            38.12925
          ],
          [
            23.523455,
            38.148803
          ],
          [
            23.549871,
            38.160165
          ],
          [
            23.589329,
            38.158236
          ],
          [
            23.614842,
            38.16143
          ],
          [
            23.622242,
            38.17019
          ],
          [
            23.62185,
            38.186329
          ],
          [
            23.604289,
            38.197284
          ],
          [
            23.602875,
            38.225762
          ],
          [
            23.608933,
            38.233422
          ],
          [
            23.608327,
            38.257611
          ],
          [
            23.587161,
            38.262423
          ],
          [
            23.560377,
            38.277049
          ],
          [
            23.551065,
            38.286196
          ],
          [
            23.540868,
            38.300324
          ],
          [
            23.509345,
            38.31634
          ],
          [
            23.516133,
            38.303572
          ],
          [
            23.459185,
            38.333574
          ],
          [
            23.420922,
            38.344581
          ],
          [
            23.370566,
            38.351069
          ],
          [
            23.369428,
            38.351386
          ],
          [
            23.366403,
            38.352219
          ],
          [
            23.362078,
            38.353396
          ],
          [
            23.357039,
            38.354743
          ],
          [
            23.35187,
            38.356088
          ],
          [
            23.347158,
            38.357256
          ],
          [
            23.343489,
            38.358075
          ],
          [
            23.341448,
            38.358372
          ],
          [
            23.33986,
            38.359298
          ],
          [
            23.33738,
            38.361773
          ],
          [
            23.334348,
            38.365283
          ],
          [
            23.331104,
            38.36931
          ],
          [
            23.32799,
            38.37334
          ],
          [
            23.325343,
            38.376857
          ],
          [
            23.323506,
            38.379345
          ],
          [
            23.322818,
            38.380288
          ],
          [
            23.29487,
            38.391233
          ],
          [
            23.293553,
            38.391666
          ],
          [
            23.290064,
            38.392808
          ],
          [
            23.285095,
            38.394422
          ],
          [
            23.279337,
            38.396271
          ],
          [
            23.273484,
            38.398117
          ],
          [
            23.268227,
            38.399725
          ],
          [
            23.264259,
            38.400857
          ],
          [
            23.262272,
            38.401277
          ],
          [
            23.259076,
            38.401462
          ],
          [
            23.251936,
            38.401973
          ],
          [
            23.242199,
            38.402702
          ],
          [
            23.231212,
            38.403541
          ],
          [
            23.220322,
            38.404382
          ],
          [
            23.210876,
            38.405116
          ],
          [
            23.20422,
            38.405636
          ],
          [
            23.201702,
            38.405833
          ],
          [
            23.1656,
            38.414963
          ],
          [
            23.141156,
            38.420435
          ],
          [
            23.121356,
            38.442329
          ],
          [
            23.086424,
            38.43503
          ],
          [
            23.05964,
            38.447799
          ],
          [
            23.037506,
            38.446901
          ],
          [
            23.00024,
            38.473338
          ],
          [
            22.997929,
            38.476979
          ],
          [
            22.971145,
            38.497047
          ],
          [
            22.952509,
            38.520724
          ],
          [
            22.933879,
            38.544417
          ],
          [
            22.867495,
            38.577189
          ]
        ]
      }
    },
    {
      "type": "Feature",
      "properties": {
        "status": "project",
        "status_basis": "layer",
        "pdf_layer": "2024 PROJ /// TRA",
        "size_class": null,
        "stroke_width_pt": 1.31,
        "dash_pattern": "[ 1.8 1.6 1.8 ] 0",
        "name_nearest": "TENP",
        "name_dist_pt": 8.3,
        "n_vertices": 9
      },
      "geometry": {
        "type": "LineString",
        "coordinates": [
          [
            7.565683,
            49.412799
          ],
          [
            7.67371,
            49.366881
          ],
          [
            7.685463,
            49.298448
          ],
          [
            7.733258,
            49.279187
          ],
          [
            7.806989,
            49.267029
          ],
          [
            7.872814,
            49.267029
          ],
          [
            7.88955,
            49.267029
          ],
          [
            7.92988,
            49.221072
          ],
          [
            7.942334,
            49.21049
          ]
        ]
      }
    },
    {
      "type": "Feature",
      "properties": {
        "status": "project",
        "status_basis": "layer",
        "pdf_layer": "2024 PROJ /// TRA",
        "size_class": null,
        "stroke_width_pt": 1.31,
        "dash_pattern": "[ 1.8 1.6 1.8 ] 0",
        "name_nearest": "TENP",
        "name_dist_pt": 4.9,
        "n_vertices": 7
      },
      "geometry": {
        "type": "LineString",
        "coordinates": [
          [
            8.250404,
            48.717067
          ],
          [
            8.241259,
            48.678951
          ],
          [
            8.196207,
            48.625968
          ],
          [
            8.085578,
            48.574926
          ],
          [
            8.034101,
            48.524283
          ],
          [
            8.027146,
            48.500595
          ],
          [
            8.007513,
            48.443988
          ]
        ]
      }
    },
    {
      "type": "Feature",
      "properties": {
        "status": "project",
        "status_basis": "layer",
        "pdf_layer": "2024 PROJ /// TRA",
        "size_class": null,
        "stroke_width_pt": 1.31,
        "dash_pattern": "[ 1.8 1.6 1.8 ] 0",
        "name_nearest": null,
        "name_dist_pt": null,
        "n_vertices": 8
      },
      "geometry": {
        "type": "LineString",
        "coordinates": [
          [
            7.668965,
            47.950582
          ],
          [
            7.649604,
            47.908432
          ],
          [
            7.617178,
            47.809378
          ],
          [
            7.608513,
            47.736725
          ],
          [
            7.611607,
            47.711656
          ],
          [
            7.741258,
            47.638082
          ],
          [
            7.793294,
            47.629033
          ],
          [
            7.851844,
            47.621148
          ]
        ]
      }
    },
    {
      "type": "Feature",
      "properties": {
        "status": "project",
        "status_basis": "layer",
        "pdf_layer": "2024 PROJ /// TRA",
        "size_class": null,
        "stroke_width_pt": 1.31,
        "dash_pattern": "[ 1.8 1.6 1.8 ] 0",
        "name_nearest": "TENP",
        "name_dist_pt": 16.9,
        "n_vertices": 11
      },
      "geometry": {
        "type": "LineString",
        "coordinates": [
          [
            7.85185,
            49.128865
          ],
          [
            7.865961,
            49.119823
          ],
          [
            7.909231,
            49.11261
          ],
          [
            7.928865,
            49.082108
          ],
          [
            7.975568,
            49.074126
          ],
          [
            8.076712,
            49.043425
          ],
          [
            8.089534,
            49.024973
          ],
          [
            8.117559,
            49.019151
          ],
          [
            8.157866,
            48.954037
          ],
          [
            8.229286,
            48.920882
          ],
          [
            8.272289,
            48.903119
          ]
        ]
      }
    },
    {
      "type": "Feature",
      "properties": {
        "status": "project",
        "status_basis": "layer",
        "pdf_layer": "2024 PROJ /// TRA",
        "size_class": null,
        "stroke_width_pt": 1.31,
        "dash_pattern": "[ 1.8 1.6 1.8 ] 0",
        "name_nearest": "RHG",
        "name_dist_pt": 14.3,
        "n_vertices": 7
      },
      "geometry": {
        "type": "LineString",
        "coordinates": [
          [
            8.028097,
            53.488583
          ],
          [
            8.066093,
            53.392866
          ],
          [
            8.326201,
            53.086216
          ],
          [
            8.295943,
            52.933475
          ],
          [
            8.226857,
            52.72473
          ],
          [
            8.297137,
            52.425033
          ],
          [
            8.254953,
            52.397997
          ]
        ]
      }
    },
    {
      "type": "Feature",
      "properties": {
        "status": "project",
        "status_basis": "layer",
        "pdf_layer": "2024 PROJ /// TRA",
        "size_class": null,
        "stroke_width_pt": 1.31,
        "dash_pattern": "[ 1.8 1.6 1.8 ] 0",
        "name_nearest": null,
        "name_dist_pt": null,
        "n_vertices": 2
      },
      "geometry": {
        "type": "LineString",
        "coordinates": [
          [
            6.890392,
            53.214008
          ],
          [
            7.043738,
            53.210338
          ]
        ]
      }
    },
    {
      "type": "Feature",
      "properties": {
        "status": "project",
        "status_basis": "layer",
        "pdf_layer": "2024 PROJ /// TRA",
        "size_class": null,
        "stroke_width_pt": 1.31,
        "dash_pattern": "[ 1.8 1.6 1.8 ] 0",
        "name_nearest": null,
        "name_dist_pt": null,
        "n_vertices": 9
      },
      "geometry": {
        "type": "LineString",
        "coordinates": [
          [
            8.938363,
            53.926764
          ],
          [
            9.111075,
            53.927236
          ],
          [
            9.250727,
            53.919544
          ],
          [
            9.355838,
            53.891771
          ],
          [
            9.396531,
            53.866605
          ],
          [
            9.435163,
            53.850122
          ],
          [
            9.455545,
            53.800658
          ],
          [
            9.499646,
            53.763648
          ],
          [
            9.561873,
            53.730765
          ]
        ]
      }
    },
    {
      "type": "Feature",
      "properties": {
        "status": "project",
        "status_basis": "layer",
        "pdf_layer": "2024 PROJ /// TRA",
        "size_class": null,
        "stroke_width_pt": 1.31,
        "dash_pattern": "[ 1.8 1.6 1.8 ] 0",
        "name_nearest": null,
        "name_dist_pt": null,
        "n_vertices": 3
      },
      "geometry": {
        "type": "LineString",
        "coordinates": [
          [
            9.44182,
            53.698692
          ],
          [
            9.33469,
            53.640744
          ],
          [
            9.353326,
            53.561959
          ]
        ]
      }
    },
    {
      "type": "Feature",
      "properties": {
        "status": "project",
        "status_basis": "layer",
        "pdf_layer": "2024 PROJ /// TRA",
        "size_class": null,
        "stroke_width_pt": 1.31,
        "dash_pattern": "[ 1.8 1.6 1.8 ] 0",
        "name_nearest": null,
        "name_dist_pt": null,
        "n_vertices": 10
      },
      "geometry": {
        "type": "LineString",
        "coordinates": [
          [
            23.144262,
            41.421331
          ],
          [
            23.10079,
            41.456254
          ],
          [
            23.08836,
            41.488822
          ],
          [
            23.097678,
            41.526042
          ],
          [
            23.079048,
            41.593424
          ],
          [
            23.044894,
            41.611995
          ],
          [
            23.044894,
            41.642177
          ],
          [
            23.032464,
            41.681616
          ],
          [
            23.054212,
            41.72798
          ],
          [
            23.06973,
            41.755786
          ]
        ]
      }
    },
    {
      "type": "Feature",
      "properties": {
        "status": "project",
        "status_basis": "layer",
        "pdf_layer": "2024 PROJ /// TRA",
        "size_class": null,
        "stroke_width_pt": 1.31,
        "dash_pattern": "[ 1.8 1.6 1.8 ] 0",
        "name_nearest": "IBS",
        "name_dist_pt": 19.1,
        "n_vertices": 6
      },
      "geometry": {
        "type": "LineString",
        "coordinates": [
          [
            23.038676,
            42.387387
          ],
          [
            23.01384,
            42.426362
          ],
          [
            22.976573,
            42.465316
          ],
          [
            22.948625,
            42.501966
          ],
          [
            22.942419,
            42.577474
          ],
          [
            22.992092,
            42.623187
          ]
        ]
      }
    },
    {
      "type": "Feature",
      "properties": {
        "status": "project",
        "status_basis": "layer",
        "pdf_layer": "2024 PROJ /// TRA",
        "size_class": null,
        "stroke_width_pt": 1.31,
        "dash_pattern": "[ 1.8 1.6 1.8 ] 0",
        "name_nearest": null,
        "name_dist_pt": null,
        "n_vertices": 11
      },
      "geometry": {
        "type": "LineString",
        "coordinates": [
          [
            23.072836,
            41.785892
          ],
          [
            23.044888,
            41.82988
          ],
          [
            22.973467,
            41.848383
          ],
          [
            22.926883,
            41.890012
          ],
          [
            22.902047,
            41.968552
          ],
          [
            22.889617,
            42.033176
          ],
          [
            22.877211,
            42.104631
          ],
          [
            22.898935,
            42.150689
          ],
          [
            22.892729,
            42.201329
          ],
          [
            22.939313,
            42.274897
          ],
          [
            22.964149,
            42.323137
          ]
        ]
      }
    },
    {
      "type": "Feature",
      "properties": {
        "status": "project",
        "status_basis": "layer",
        "pdf_layer": "2024 PROJ /// TRA",
        "size_class": null,
        "stroke_width_pt": 1.31,
        "dash_pattern": "[ 1.8 1.6 1.8 ] 0",
        "name_nearest": null,
        "name_dist_pt": null,
        "n_vertices": 7
      },
      "geometry": {
        "type": "LineString",
        "coordinates": [
          [
            23.771543,
            42.442408
          ],
          [
            23.743595,
            42.511125
          ],
          [
            23.712529,
            42.55459
          ],
          [
            23.712529,
            42.614036
          ],
          [
            23.659745,
            42.66201
          ],
          [
            23.634909,
            42.725931
          ],
          [
            23.569689,
            42.769246
          ]
        ]
      }
    },
    {
      "type": "Feature",
      "properties": {
        "status": "project",
        "status_basis": "layer",
        "pdf_layer": "2024 PROJ /// TRA",
        "size_class": null,
        "stroke_width_pt": 1.31,
        "dash_pattern": "[ 1.8 1.6 1.8 ] 0",
        "name_nearest": "IGB",
        "name_dist_pt": 29.7,
        "n_vertices": 8
      },
      "geometry": {
        "type": "LineString",
        "coordinates": [
          [
            25.868445,
            42.330017
          ],
          [
            25.79858,
            42.293843
          ],
          [
            25.775276,
            42.255938
          ],
          [
            25.761314,
            42.230077
          ],
          [
            25.784594,
            42.180037
          ],
          [
            25.8638,
            42.154146
          ],
          [
            25.931325,
            42.126513
          ],
          [
            25.996545,
            42.121337
          ]
        ]
      }
    },
    {
      "type": "Feature",
      "properties": {
        "status": "project",
        "status_basis": "layer",
        "pdf_layer": "2024 PROJ /// TRA",
        "size_class": null,
        "stroke_width_pt": 0.48,
        "dash_pattern": "[ 1 1 1 1 ] 0",
        "name_nearest": null,
        "name_dist_pt": null,
        "n_vertices": 12
      },
      "geometry": {
        "type": "LineString",
        "coordinates": [
          [
            8.443517,
            44.304241
          ],
          [
            8.414981,
            44.310387
          ],
          [
            8.36013,
            44.320096
          ],
          [
            8.335466,
            44.321023
          ],
          [
            8.33062,
            44.326469
          ],
          [
            8.336048,
            44.333844
          ],
          [
            8.320696,
            44.340615
          ],
          [
            8.300724,
            44.340059
          ],
          [
            8.299702,
            44.358061
          ],
          [
            8.298681,
            44.376058
          ],
          [
            8.285818,
            44.397545
          ],
          [
            8.257596,
            44.416836
          ]
        ]
      }
    },
    {
      "type": "Feature",
      "properties": {
        "status": "project",
        "status_basis": "layer",
        "pdf_layer": "2024 PROJ /// TRA",
        "size_class": null,
        "stroke_width_pt": 1.31,
        "dash_pattern": "[ 1.8 1.6 1.8 ] 0",
        "name_nearest": null,
        "name_dist_pt": null,
        "n_vertices": 2
      },
      "geometry": {
        "type": "LineString",
        "coordinates": [
          [
            7.043738,
            53.210333
          ],
          [
            7.127392,
            53.229282
          ]
        ]
      }
    },
    {
      "type": "Feature",
      "properties": {
        "status": "project",
        "status_basis": "layer",
        "pdf_layer": "2024 PROJ /// TRA",
        "size_class": null,
        "stroke_width_pt": 0.48,
        "dash_pattern": "[ 1 1 1 1 ] 0",
        "name_nearest": null,
        "name_dist_pt": null,
        "n_vertices": 4
      },
      "geometry": {
        "type": "LineString",
        "coordinates": [
          [
            12.048402,
            54.17853
          ],
          [
            12.043734,
            54.139887
          ],
          [
            12.048402,
            54.1217
          ],
          [
            12.058475,
            54.104404
          ]
        ]
      }
    },
    {
      "type": "Feature",
      "properties": {
        "status": "project",
        "status_basis": "layer",
        "pdf_layer": "2024 PROJ /// TRA",
        "size_class": null,
        "stroke_width_pt": 1.0,
        "dash_pattern": "[ 1.8 1.6 1.8 ] 0",
        "name_nearest": "STORK",
        "name_dist_pt": 28.3,
        "n_vertices": 126
      },
      "geometry": {
        "type": "LineString",
        "coordinates": [
          [
            18.225199,
            50.122704
          ],
          [
            18.238116,
            50.119024
          ],
          [
            18.255511,
            50.121643
          ],
          [
            18.25617,
            50.121701
          ],
          [
            18.25791,
            50.12186
          ],
          [
            18.260376,
            50.122101
          ],
          [
            18.263211,
            50.122406
          ],
          [
            18.266062,
            50.122753
          ],
          [
            18.268572,
            50.123124
          ],
          [
            18.270386,
            50.123498
          ],
          [
            18.271148,
            50.123857
          ],
          [
            18.271639,
            50.124709
          ],
          [
            18.272735,
            50.12637
          ],
          [
            18.27423,
            50.128557
          ],
          [
            18.275915,
            50.130985
          ],
          [
            18.277586,
            50.133368
          ],
          [
            18.279035,
            50.135423
          ],
          [
            18.280056,
            50.136865
          ],
          [
            18.280442,
            50.137409
          ],
          [
            18.301679,
            50.136069
          ],
          [
            18.306009,
            50.137549
          ],
          [
            18.322477,
            50.131687
          ],
          [
            18.323594,
            50.124545
          ],
          [
            18.334373,
            50.122829
          ],
          [
            18.3478,
            50.130315
          ],
          [
            18.383558,
            50.135336
          ],
          [
            18.386795,
            50.140964
          ],
          [
            18.401196,
            50.145188
          ],
          [
            18.408442,
            50.142648
          ],
          [
            18.423793,
            50.143942
          ],
          [
            18.431502,
            50.147152
          ],
          [
            18.428634,
            50.153886
          ],
          [
            18.429827,
            50.15786
          ],
          [
            18.436633,
            50.161009
          ],
          [
            18.432791,
            50.185422
          ],
          [
            18.503849,
            50.192694
          ],
          [
            18.512311,
            50.196853
          ],
          [
            18.523625,
            50.197585
          ],
          [
            18.534036,
            50.195249
          ],
          [
            18.546685,
            50.199064
          ],
          [
            18.555148,
            50.191806
          ],
          [
            18.561425,
            50.183785
          ],
          [
            18.583559,
            50.188225
          ],
          [
            18.600758,
            50.195046
          ],
          [
            18.611317,
            50.177385
          ],
          [
            18.618129,
            50.163095
          ],
          [
            18.641576,
            50.153481
          ],
          [
            18.648702,
            50.145828
          ],
          [
            18.658044,
            50.144627
          ],
          [
            18.667511,
            50.122064
          ],
          [
            18.726471,
            50.136396
          ],
          [
            18.738978,
            50.144128
          ],
          [
            18.768631,
            50.147245
          ],
          [
            18.802565,
            50.140714
          ],
          [
            18.809448,
            50.146264
          ],
          [
            18.816913,
            50.145251
          ],
          [
            18.823066,
            50.138126
          ],
          [
            18.832532,
            50.136021
          ],
          [
            18.836713,
            50.129675
          ],
          [
            18.851531,
            50.125512
          ],
          [
            18.860142,
            50.126072
          ],
          [
            18.877412,
            50.123578
          ],
          [
            18.898673,
            50.12495
          ],
          [
            18.914482,
            50.131982
          ],
          [
            18.931924,
            50.134321
          ],
          [
            18.943481,
            50.139279
          ],
          [
            18.966857,
            50.135958
          ],
          [
            18.967097,
            50.135444
          ],
          [
            18.967741,
            50.134089
          ],
          [
            18.968676,
            50.132175
          ],
          [
            18.969788,
            50.129983
          ],
          [
            18.970964,
            50.127795
          ],
          [
            18.97209,
            50.125894
          ],
          [
            18.973053,
            50.12456
          ],
          [
            18.97374,
            50.124076
          ],
          [
            18.975024,
            50.124161
          ],
          [
            18.977563,
            50.124325
          ],
          [
            18.980918,
            50.124541
          ],
          [
            18.984649,
            50.124782
          ],
          [
            18.988315,
            50.125017
          ],
          [
            18.991479,
            50.12522
          ],
          [
            18.9937,
            50.125363
          ],
          [
            18.994537,
            50.125417
          ],
          [
            18.99724,
            50.11988
          ],
          [
            19.030806,
            50.127164
          ],
          [
            19.037909,
            50.119787
          ],
          [
            19.057228,
            50.11893
          ],
          [
            19.057783,
            50.118914
          ],
          [
            19.059258,
            50.118873
          ],
          [
            19.061368,
            50.118817
          ],
          [
            19.063827,
            50.118754
          ],
          [
            19.066349,
            50.118697
          ],
          [
            19.068647,
            50.118653
          ],
          [
            19.070437,
            50.118634
          ],
          [
            19.071433,
            50.118648
          ],
          [
            19.072616,
            50.118877
          ],
          [
            19.074887,
            50.119432
          ],
          [
            19.077864,
            50.120203
          ],
          [
            19.08116,
            50.12108
          ],
          [
            19.084393,
            50.121953
          ],
          [
            19.087178,
            50.122712
          ],
          [
            19.089131,
            50.123249
          ],
          [
            19.089867,
            50.123452
          ],
          [
            19.09678,
            50.111552
          ],
          [
            19.117578,
            50.112892
          ],
          [
            19.135673,
            50.119787
          ],
          [
            19.142289,
            50.124122
          ],
          [
            19.146547,
            50.131919
          ],
          [
            19.160023,
            50.127678
          ],
          [
            19.18588,
            50.128739
          ],
          [
            19.203251,
            50.13167
          ],
          [
            19.217724,
            50.132606
          ],
          [
            19.227939,
            50.122734
          ],
          [
            19.247305,
            50.115857
          ],
          [
            19.286199,
            50.106621
          ],
          [
            19.321303,
            50.110101
          ],
          [
            19.330182,
            50.105858
          ],
          [
            19.340444,
            50.10169
          ],
          [
            19.350564,
            50.112892
          ],
          [
            19.361509,
            50.112986
          ],
          [
            19.370803,
            50.117807
          ],
          [
            19.381802,
            50.117618
          ],
          [
            19.387806,
            50.120099
          ],
          [
            19.400919,
            50.117946
          ],
          [
            19.41364,
            50.118462
          ],
          [
            19.427994,
            50.131733
          ]
        ]
      }
    },
    {
      "type": "Feature",
      "properties": {
        "status": "project",
        "status_basis": "layer",
        "pdf_layer": "2024 PROJ /// TRA",
        "size_class": null,
        "stroke_width_pt": 0.5,
        "dash_pattern": "[ 1.8 1 1.8 1 ] 0",
        "name_nearest": "STORK",
        "name_dist_pt": 24.8,
        "n_vertices": 20
      },
      "geometry": {
        "type": "LineString",
        "coordinates": [
          [
            18.549186,
            50.162859
          ],
          [
            18.550032,
            50.162587
          ],
          [
            18.551259,
            50.162306
          ],
          [
            18.55273,
            50.162026
          ],
          [
            18.554306,
            50.161761
          ],
          [
            18.555849,
            50.161522
          ],
          [
            18.557224,
            50.161321
          ],
          [
            18.558291,
            50.161171
          ],
          [
            18.558913,
            50.161083
          ],
          [
            18.559814,
            50.161083
          ],
          [
            18.561612,
            50.161172
          ],
          [
            18.563994,
            50.161322
          ],
          [
            18.566646,
            50.161506
          ],
          [
            18.569254,
            50.161696
          ],
          [
            18.571506,
            50.161866
          ],
          [
            18.573087,
            50.161987
          ],
          [
            18.573683,
            50.162034
          ],
          [
            18.573172,
            50.175028
          ],
          [
            18.578155,
            50.179967
          ],
          [
            18.57553,
            50.186618
          ]
        ]
      }
    },
    {
      "type": "Feature",
      "properties": {
        "status": "project",
        "status_basis": "layer",
        "pdf_layer": "2024 PROJ /// TRA",
        "size_class": null,
        "stroke_width_pt": 0.5,
        "dash_pattern": "[ 1.8 1 1.8 1 ] 0",
        "name_nearest": null,
        "name_dist_pt": null,
        "n_vertices": 92
      },
      "geometry": {
        "type": "LineString",
        "coordinates": [
          [
            20.2317,
            50.09261
          ],
          [
            20.242087,
            50.095809
          ],
          [
            20.255586,
            50.095435
          ],
          [
            20.259844,
            50.100833
          ],
          [
            20.268503,
            50.104671
          ],
          [
            20.273099,
            50.104968
          ],
          [
            20.279887,
            50.103033
          ],
          [
            20.284294,
            50.104656
          ],
          [
            20.288303,
            50.109977
          ],
          [
            20.284775,
            50.116139
          ],
          [
            20.284437,
            50.127119
          ],
          [
            20.290031,
            50.129846
          ],
          [
            20.290981,
            50.134228
          ],
          [
            20.29964,
            50.136567
          ],
          [
            20.300543,
            50.141089
          ],
          [
            20.293464,
            50.144939
          ],
          [
            20.293205,
            50.144931
          ],
          [
            20.292525,
            50.144919
          ],
          [
            20.291564,
            50.144924
          ],
          [
            20.290464,
            50.144965
          ],
          [
            20.289367,
            50.145062
          ],
          [
            20.288413,
            50.145235
          ],
          [
            20.287744,
            50.145505
          ],
          [
            20.287501,
            50.145891
          ],
          [
            20.287566,
            50.146412
          ],
          [
            20.287708,
            50.14705
          ],
          [
            20.2879,
            50.147747
          ],
          [
            20.288116,
            50.148447
          ],
          [
            20.28833,
            50.14909
          ],
          [
            20.288515,
            50.149621
          ],
          [
            20.288645,
            50.149982
          ],
          [
            20.288695,
            50.150115
          ],
          [
            20.301612,
            50.168193
          ],
          [
            20.306766,
            50.175095
          ],
          [
            20.302217,
            50.184861
          ],
          [
            20.301586,
            50.184808
          ],
          [
            20.299915,
            50.18467
          ],
          [
            20.297534,
            50.18448
          ],
          [
            20.294776,
            50.184268
          ],
          [
            20.291972,
            50.184067
          ],
          [
            20.289455,
            50.183909
          ],
          [
            20.287555,
            50.183826
          ],
          [
            20.286604,
            50.18385
          ],
          [
            20.285929,
            50.184196
          ],
          [
            20.28474,
            50.184965
          ],
          [
            20.283223,
            50.186012
          ],
          [
            20.281565,
            50.187192
          ],
          [
            20.279951,
            50.188361
          ],
          [
            20.278568,
            50.189375
          ],
          [
            20.277602,
            50.190089
          ],
          [
            20.277239,
            50.19036
          ],
          [
            20.282999,
            50.197865
          ],
          [
            20.281348,
            50.203829
          ],
          [
            20.270961,
            50.20657
          ],
          [
            20.270411,
            50.20709
          ],
          [
            20.26896,
            50.208467
          ],
          [
            20.266912,
            50.210424
          ],
          [
            20.264569,
            50.212686
          ],
          [
            20.262233,
            50.214976
          ],
          [
            20.260206,
            50.217018
          ],
          [
            20.25879,
            50.218537
          ],
          [
            20.258288,
            50.219256
          ],
          [
            20.258431,
            50.219814
          ],
          [
            20.258733,
            50.220906
          ],
          [
            20.259141,
            50.222345
          ],
          [
            20.259597,
            50.223943
          ],
          [
            20.260049,
            50.225512
          ],
          [
            20.260439,
            50.226866
          ],
          [
            20.260714,
            50.227815
          ],
          [
            20.260818,
            50.228173
          ],
          [
            20.260693,
            50.228453
          ],
          [
            20.260364,
            50.229194
          ],
          [
            20.259897,
            50.23025
          ],
          [
            20.25936,
            50.231472
          ],
          [
            20.258819,
            50.232716
          ],
          [
            20.258342,
            50.233833
          ],
          [
            20.257997,
            50.234676
          ],
          [
            20.257848,
            50.235099
          ],
          [
            20.257615,
            50.235668
          ],
          [
            20.25703,
            50.236899
          ],
          [
            20.256212,
            50.238563
          ],
          [
            20.255277,
            50.240435
          ],
          [
            20.254345,
            50.242285
          ],
          [
            20.253532,
            50.243889
          ],
          [
            20.252959,
            50.245017
          ],
          [
            20.252741,
            50.245444
          ],
          [
            20.238488,
            50.246144
          ],
          [
            20.233303,
            50.253969
          ],
          [
            20.249457,
            50.258867
          ],
          [
            20.245056,
            50.273545
          ],
          [
            20.237342,
            50.27824
          ],
          [
            20.246707,
            50.286542
          ]
        ]
      }
    },
    {
      "type": "Feature",
      "properties": {
        "status": "project",
        "status_basis": "layer",
        "pdf_layer": "2024 PROJ /// TRA",
        "size_class": null,
        "stroke_width_pt": 1.31,
        "dash_pattern": "[ 1.4 1.6 1.4 ] 0",
        "name_nearest": null,
        "name_dist_pt": null,
        "n_vertices": 4
      },
      "geometry": {
        "type": "LineString",
        "coordinates": [
          [
            9.003868,
            48.927525
          ],
          [
            9.246296,
            48.875812
          ],
          [
            9.252597,
            48.784152
          ],
          [
            9.304942,
            48.758934
          ]
        ]
      }
    },
    {
      "type": "Feature",
      "properties": {
        "status": "project",
        "status_basis": "layer",
        "pdf_layer": "2024 PROJ /// TRA",
        "size_class": null,
        "stroke_width_pt": 1.31,
        "dash_pattern": "[ 1.8 1.6 1.8 ] 0",
        "name_nearest": "TAP",
        "name_dist_pt": 27.9,
        "n_vertices": 2
      },
      "geometry": {
        "type": "LineString",
        "coordinates": [
          [
            18.372244,
            40.289663
          ],
          [
            18.508053,
            40.094554
          ]
        ]
      }
    },
    {
      "type": "Feature",
      "properties": {
        "status": "project",
        "status_basis": "layer",
        "pdf_layer": "2024 PROJ /// TRA",
        "size_class": null,
        "stroke_width_pt": 1.31,
        "dash_pattern": "[ 1.8 1.6 1.8 ] 0",
        "name_nearest": null,
        "name_dist_pt": null,
        "n_vertices": 8
      },
      "geometry": {
        "type": "LineString",
        "coordinates": [
          [
            8.309721,
            40.81952
          ],
          [
            8.340787,
            40.778385
          ],
          [
            8.378053,
            40.741921
          ],
          [
            8.412201,
            40.732521
          ],
          [
            8.441711,
            40.723101
          ],
          [
            8.454118,
            40.686607
          ],
          [
            8.477422,
            40.654815
          ],
          [
            8.508458,
            40.605322
          ]
        ]
      }
    },
    {
      "type": "Feature",
      "properties": {
        "status": "project",
        "status_basis": "layer",
        "pdf_layer": "2024 PROJ /// TRA",
        "size_class": null,
        "stroke_width_pt": 1.31,
        "dash_pattern": "[ 1.8 1.6 1.8 ] 0",
        "name_nearest": null,
        "name_dist_pt": null,
        "n_vertices": 37
      },
      "geometry": {
        "type": "LineString",
        "coordinates": [
          [
            9.027451,
            39.038161
          ],
          [
            8.966905,
            39.051726
          ],
          [
            8.956423,
            39.090612
          ],
          [
            8.922655,
            39.126736
          ],
          [
            8.922299,
            39.128993
          ],
          [
            8.921342,
            39.134966
          ],
          [
            8.919947,
            39.143459
          ],
          [
            8.91828,
            39.153273
          ],
          [
            8.916504,
            39.163214
          ],
          [
            8.914785,
            39.172085
          ],
          [
            8.913286,
            39.178691
          ],
          [
            8.912173,
            39.181838
          ],
          [
            8.911002,
            39.18389
          ],
          [
            8.909367,
            39.187625
          ],
          [
            8.90746,
            39.19244
          ],
          [
            8.905471,
            39.197731
          ],
          [
            8.903592,
            39.202896
          ],
          [
            8.902013,
            39.207331
          ],
          [
            8.900926,
            39.210434
          ],
          [
            8.900521,
            39.211602
          ],
          [
            8.867923,
            39.261212
          ],
          [
            8.850433,
            39.29006
          ],
          [
            8.822194,
            39.325199
          ],
          [
            8.77476,
            39.318896
          ],
          [
            8.743308,
            39.302694
          ],
          [
            8.702562,
            39.28556
          ],
          [
            8.655978,
            39.281059
          ],
          [
            8.618712,
            39.273851
          ],
          [
            8.577942,
            39.261212
          ],
          [
            8.568624,
            39.242283
          ],
          [
            8.554662,
            39.233258
          ],
          [
            8.52321,
            39.208004
          ],
          [
            8.491782,
            39.20169
          ],
          [
            8.467308,
            39.176406
          ],
          [
            8.441694,
            39.165581
          ],
          [
            8.423064,
            39.143909
          ],
          [
            8.414916,
            39.111393
          ]
        ]
      }
    },
    {
      "type": "Feature",
      "properties": {
        "status": "project",
        "status_basis": "layer",
        "pdf_layer": "2024 PROJ /// TRA",
        "size_class": null,
        "stroke_width_pt": 1.31,
        "dash_pattern": "[ 1.8 1.6 1.8 ] 0",
        "name_nearest": null,
        "name_dist_pt": null,
        "n_vertices": 5
      },
      "geometry": {
        "type": "LineString",
        "coordinates": [
          [
            9.038586,
            39.179021
          ],
          [
            9.004165,
            39.207092
          ],
          [
            8.968069,
            39.217027
          ],
          [
            8.940115,
            39.212522
          ],
          [
            8.906768,
            39.194294
          ]
        ]
      }
    },
    {
      "type": "Feature",
      "properties": {
        "status": "project",
        "status_basis": "layer",
        "pdf_layer": "2024 PROJ /// TRA",
        "size_class": null,
        "stroke_width_pt": 1.31,
        "dash_pattern": "[ 1.8 1.6 1.8 ] 0",
        "name_nearest": null,
        "name_dist_pt": null,
        "n_vertices": 17
      },
      "geometry": {
        "type": "LineString",
        "coordinates": [
          [
            8.822182,
            39.325208
          ],
          [
            8.810845,
            39.375637
          ],
          [
            8.792214,
            39.441327
          ],
          [
            8.777082,
            39.463792
          ],
          [
            8.760786,
            39.509636
          ],
          [
            8.732832,
            39.529394
          ],
          [
            8.72118,
            39.617373
          ],
          [
            8.703714,
            39.658621
          ],
          [
            8.697906,
            39.689983
          ],
          [
            8.661804,
            39.726716
          ],
          [
            8.661804,
            39.767003
          ],
          [
            8.667618,
            39.806387
          ],
          [
            8.676936,
            39.83858
          ],
          [
            8.661804,
            39.853782
          ],
          [
            8.628018,
            39.853782
          ],
          [
            8.598924,
            39.825167
          ],
          [
            8.552096,
            39.820793
          ]
        ]
      }
    },
    {
      "type": "Feature",
      "properties": {
        "status": "project",
        "status_basis": "layer",
        "pdf_layer": "2024 PROJ /// TRA",
        "size_class": null,
        "stroke_width_pt": 0.48,
        "dash_pattern": "[ 1 1 1 1 ] 0",
        "name_nearest": null,
        "name_dist_pt": null,
        "n_vertices": 2
      },
      "geometry": {
        "type": "LineString",
        "coordinates": [
          [
            8.589594,
            39.892209
          ],
          [
            8.657148,
            39.853786
          ]
        ]
      }
    },
    {
      "type": "Feature",
      "properties": {
        "status": "project",
        "status_basis": "layer",
        "pdf_layer": "2024 PROJ /// TRA",
        "size_class": null,
        "stroke_width_pt": 0.48,
        "dash_pattern": "[ 1 1 1 1 ] 0",
        "name_nearest": null,
        "name_dist_pt": null,
        "n_vertices": 3
      },
      "geometry": {
        "type": "LineString",
        "coordinates": [
          [
            8.60124,
            39.708799
          ],
          [
            8.648988,
            39.667582
          ],
          [
            8.702966,
            39.662635
          ]
        ]
      }
    },
    {
      "type": "Feature",
      "properties": {
        "status": "project",
        "status_basis": "layer",
        "pdf_layer": "2024 PROJ /// TRA",
        "size_class": null,
        "stroke_width_pt": 0.48,
        "dash_pattern": "[ 1 1 1 1 ] 0",
        "name_nearest": null,
        "name_dist_pt": null,
        "n_vertices": 12
      },
      "geometry": {
        "type": "LineString",
        "coordinates": [
          [
            8.60124,
            39.488065
          ],
          [
            8.601521,
            39.489885
          ],
          [
            8.603714,
            39.492999
          ],
          [
            8.607218,
            39.496933
          ],
          [
            8.611432,
            39.501215
          ],
          [
            8.615755,
            39.505369
          ],
          [
            8.619587,
            39.508923
          ],
          [
            8.622327,
            39.511402
          ],
          [
            8.623374,
            39.512334
          ],
          [
            8.64549,
            39.530292
          ],
          [
            8.66181,
            39.55723
          ],
          [
            8.728705,
            39.560682
          ]
        ]
      }
    },
    {
      "type": "Feature",
      "properties": {
        "status": "project",
        "status_basis": "layer",
        "pdf_layer": "2024 PROJ /// TRA",
        "size_class": null,
        "stroke_width_pt": 0.48,
        "dash_pattern": "[ 1 1 1 1 ] 0",
        "name_nearest": null,
        "name_dist_pt": null,
        "n_vertices": 4
      },
      "geometry": {
        "type": "LineString",
        "coordinates": [
          [
            8.770942,
            39.481057
          ],
          [
            8.829492,
            39.488061
          ],
          [
            8.870239,
            39.500654
          ],
          [
            8.906751,
            39.515033
          ]
        ]
      }
    },
    {
      "type": "Feature",
      "properties": {
        "status": "project",
        "status_basis": "layer",
        "pdf_layer": "2024 PROJ /// TRA",
        "size_class": null,
        "stroke_width_pt": 0.48,
        "dash_pattern": "[ 1 1 1 1 ] 0",
        "name_nearest": null,
        "name_dist_pt": null,
        "n_vertices": 4
      },
      "geometry": {
        "type": "LineString",
        "coordinates": [
          [
            8.674602,
            39.426929
          ],
          [
            8.710698,
            39.422438
          ],
          [
            8.763096,
            39.437713
          ],
          [
            8.787422,
            39.448459
          ]
        ]
      }
    },
    {
      "type": "Feature",
      "properties": {
        "status": "project",
        "status_basis": "layer",
        "pdf_layer": "2024 PROJ /// TRA",
        "size_class": null,
        "stroke_width_pt": 0.48,
        "dash_pattern": "[ 1 1 1 1 ] 0",
        "name_nearest": null,
        "name_dist_pt": null,
        "n_vertices": 3
      },
      "geometry": {
        "type": "LineString",
        "coordinates": [
          [
            8.806794,
            39.38994
          ],
          [
            8.878387,
            39.38994
          ],
          [
            8.959897,
            39.38994
          ]
        ]
      }
    },
    {
      "type": "Feature",
      "properties": {
        "status": "project",
        "status_basis": "layer",
        "pdf_layer": "2024 PROJ /// TRA",
        "size_class": null,
        "stroke_width_pt": 0.48,
        "dash_pattern": "[ 1 1 1 1 ] 0",
        "name_nearest": null,
        "name_dist_pt": null,
        "n_vertices": 7
      },
      "geometry": {
        "type": "LineString",
        "coordinates": [
          [
            8.858444,
            39.287279
          ],
          [
            8.892379,
            39.274343
          ],
          [
            8.923807,
            39.269842
          ],
          [
            8.954089,
            39.287279
          ],
          [
            8.980243,
            39.287279
          ],
          [
            9.018139,
            39.287279
          ],
          [
            9.025729,
            39.266435
          ]
        ]
      }
    },
    {
      "type": "Feature",
      "properties": {
        "status": "project",
        "status_basis": "layer",
        "pdf_layer": "2024 PROJ /// TRA",
        "size_class": null,
        "stroke_width_pt": 0.48,
        "dash_pattern": "[ 1 1 1 1 ] 0",
        "name_nearest": null,
        "name_dist_pt": null,
        "n_vertices": 11
      },
      "geometry": {
        "type": "LineString",
        "coordinates": [
          [
            8.323903,
            40.530826
          ],
          [
            8.346987,
            40.543988
          ],
          [
            8.36095,
            40.582909
          ],
          [
            8.36095,
            40.61946
          ],
          [
            8.36095,
            40.645375
          ],
          [
            8.395127,
            40.657171
          ],
          [
            8.443244,
            40.672483
          ],
          [
            8.454118,
            40.686598
          ],
          [
            8.48051,
            40.698382
          ],
          [
            8.524006,
            40.707787
          ],
          [
            8.539524,
            40.707787
          ]
        ]
      }
    },
    {
      "type": "Feature",
      "properties": {
        "status": "project",
        "status_basis": "layer",
        "pdf_layer": "2024 PROJ /// TRA",
        "size_class": null,
        "stroke_width_pt": 0.48,
        "dash_pattern": "[ 1 1 1 1 ] 0",
        "name_nearest": null,
        "name_dist_pt": null,
        "n_vertices": 3
      },
      "geometry": {
        "type": "LineString",
        "coordinates": [
          [
            8.568636,
            39.75895
          ],
          [
            8.611716,
            39.749992
          ],
          [
            8.661804,
            39.749992
          ]
        ]
      }
    }
  ]
}