ISO 3166-1 alpha-3,GEM subnat code,Subnational name,Subnational name variations,Category,Latest ISO update,Boundary source,Latitude,Longitude
AFG,AF-BDS,Badakhshān,Badakhshan Province,province,2020-11-24,GADM,36.984013,73.372344
AFG,AF-BDG,Bādghīs,Badghis,province,2020-11-24,GADM,35.264269,63.626937
AFG,AF-BGL,Baghlān,Baghlan,province,2020-11-24,GADM,35.734060,69.039809
AFG,AF-BAL,Balkh,,province,2020-11-24,GADM,36.505919,67.173358
AFG,AF-BAM,Bāmyān,"Bamyan Province, Bamyan",province,2020-11-24,GADM,34.712677,67.391810
AFG,AF-DAY,Dāykundī,"Daykundi, Daykundi Province",province,2020-11-24,GADM,33.734995,66.402918
AFG,AF-FRA,Farāh,Farah,province,2020-11-24,GADM,32.475472,62.460394
AFG,AF-FYB,Fāryāb,Faryab,province,2020-11-24,GADM,36.230392,64.804529
AFG,AF-GHA,Ghaznī,Ghazni,province,2020-11-24,GADM,33.163839,67.796982
AFG,AF-GHO,Ghōr,"Ghor, Ghor Province",province,2020-11-24,GADM,34.230970,64.497134
AFG,AF-HEL,Helmand,Helmand Province,province,2020-11-24,GADM,31.388647,64.010695
AFG,AF-HER,Herāt,"Herat, Herat Province",province,2020-11-24,GADM,34.203157,62.038718
AFG,AF-JOW,Jowzjān,"Jawzjan, Jowzjan",province,2020-11-24,GADM,36.735783,65.963744
AFG,AF-KAB,Kābul,"Kabul, Kabul Province",province,2020-11-24,GADM,34.552790,69.329748
AFG,AF-KAN,Kandahār,"Kandahar, Kandahar Province",province,2020-11-24,GADM,31.024993,65.663714
AFG,AF-KAP,Kāpīsā,Kapisa,province,2020-11-24,GADM,34.910038,69.742444
AFG,AF-KHO,Khōst,Khost,province,2020-11-24,GADM,33.379671,69.919483
AFG,AF-KNR,Kunaṟ,Kunar,province,2020-11-24,GADM,35.020136,71.079134
AFG,AF-KDZ,Kunduz,,province,2020-11-24,GADM,36.823006,68.667785
AFG,AF-LAG,Laghmān,,province,2020-11-24,GADM,34.810947,70.272130
AFG,AF-LOG,Lōgar,Logar,province,2020-11-24,GADM,33.983418,69.168987
AFG,AF-NAN,Nangarhār,Nangarhar,province,2020-11-24,GADM,34.367256,70.415000
AFG,AF-NIM,Nīmrōz,"Nimroz, Nimruz Province",province,2020-11-24,GADM,30.820248,62.460870
AFG,AF-NUR,Nūristān,Noristan,province,2020-11-24,GADM,35.469809,71.108720
AFG,AF-PKA,Paktīkā,Paktika,province,2020-11-24,GADM,32.500628,68.657090
AFG,AF-PIA,Paktiyā,Paktia,province,2020-11-24,GADM,33.702072,69.523138
AFG,AF-PAN,Panjshayr,,province,2020-11-24,GADM,35.497240,69.902846
AFG,AF-PAR,Parwān,,province,2020-11-24,GADM,35.007217,68.738193
AFG,AF-SAM,Samangān,Samangan,province,2020-11-24,GADM,35.977315,67.724541
AFG,AF-SAR,Sar-e Pul,,province,2020-11-24,GADM,35.733330,66.112551
AFG,AF-TAK,Takhār,Takhar,province,2020-11-24,GADM,36.701050,69.615697
AFG,AF-URU,Uruzgān,"Uruzgan, Uruzgan Province",province,2020-11-24,GADM,32.801497,65.982298
AFG,AF-WAR,Wardak,,province,2020-11-24,GADM,34.246255,68.237460
AFG,AF-ZAB,Zābul,Zabul,province,2020-11-24,GADM,32.312578,66.936674
AGO,AO-BGO,Bengo,,province,2020-11-24,GADM,-9.034342,13.817614
AGO,AO-BGU,Benguela,Benguela Province,province,2020-11-24,GADM,-12.821597,13.898806
AGO,AO-BIE,Bié,Bié Province,province,2020-11-24,GADM,-12.442103,17.417242
AGO,AO-CAB,Cabinda,,province,2020-11-24,GADM,-5.071423,12.258576
AGO,AO-CCU,Cuando Cubango,"Cuando Cubango Province, Kuando Kubango",province,2020-11-24,GADM,-15.816036,19.494730
AGO,AO-CNO,Cuanza-Norte,"Cuanza Norte, Cuanza Norte Province, Kwanza Norte",province,2020-11-24,GADM,-8.862846,14.965524
AGO,AO-CUS,Cuanza-Sul,"Cuanza Sul Province, Kwanza Sul",province,2020-11-24,GADM,-10.942976,15.049148
AGO,AO-CNN,Cunene,Cunene Province,province,2020-11-24,GADM,-16.296677,15.599691
AGO,AO-HUA,Huambo,Huambo Province,province,2020-11-24,GADM,-12.604511,15.608794
AGO,AO-HUI,Huíla,Huíla Province,province,2020-11-24,GADM,-14.862469,15.007642
AGO,AO-LUA,Luanda,Luanda Province,province,2020-11-24,GADM,-8.987311,13.292270
AGO,AO-LNO,Lunda-Norte,Lunda Norte Province,province,2020-11-24,GADM,-8.801684,19.192611
AGO,AO-LSU,Lunda-Sul,"Lunda Sul, Lunda Sul Province",province,2020-11-24,GADM,-9.903118,20.941320
AGO,AO-MAL,Malange,Malanje Province,province,2020-11-24,GADM,-9.536280,16.266822
AGO,AO-MOX,Moxico,,province,2020-11-24,GADM,-13.407283,19.969973
AGO,AO-NAM,Namibe,Namibe Province,province,2020-11-24,GADM,-15.396366,12.728238
AGO,AO-UIG,Uíge,Uíge Province,province,2020-11-24,GADM,-7.139492,15.410887
AGO,AO-ZAI,Zaire,,province,2020-11-24,GADM,-6.822344,13.462647
ALB,AL-01,Berat,,county,2020-11-24,GADM,40.616427,20.093741
ALB,AL-09,Dibër,,county,2020-11-24,GADM,41.585837,20.194855
ALB,AL-02,Durrës,Durres,county,2020-11-24,GADM,41.417534,19.532940
ALB,AL-03,Elbasan,,county,2020-11-24,GADM,41.042129,20.137962
ALB,AL-04,Fier,,county,2020-11-24,GADM,40.745783,19.567394
ALB,AL-05,Gjirokastër,,county,2020-11-24,GADM,40.156338,20.205410
ALB,AL-06,Korçë,,county,2020-11-24,GADM,40.586186,20.730938
ALB,AL-07,Kukës,,county,2020-11-24,GADM,42.188590,20.374195
ALB,AL-08,Lezhë,,county,2020-11-24,GADM,41.787644,19.890690
ALB,AL-10,Shkodër,,county,2020-11-24,GADM,42.250762,19.589780
ALB,AL-11,Tiranë,,county,2020-11-24,GADM,41.258297,19.816710
ALB,AL-12,Vlorë,,county,2020-11-24,GADM,40.159667,19.744319
AND,AD-07,Andorra la Vella,,parish,,GADM,42.505714,1.515454
AND,AD-02,Canillo,,parish,,GADM,42.573396,1.669380
AND,AD-03,Encamp,,parish,,GADM,42.515288,1.645971
AND,AD-08,Escaldes-Engordany,,parish,,GADM,42.489425,1.587815
AND,AD-04,La Massana,,parish,,GADM,42.552970,1.473939
AND,AD-05,Ordino,,parish,,GADM,42.599527,1.531252
AND,AD-06,Sant Julià de Lòria,,parish,,GADM,42.469864,1.499974
ARE,AE-AZ,Abu Dhabi,"Abu Dhabi Emirate, Abū Z̧aby, Emirate of Abu Dhabi",emirate,,GADM,23.775815,53.711819
ARE,AE-AJ,Ajman,‘Ajmān,emirate,,GADM,25.403549,55.540550
ARE,AE-UQ,Al Quwain,"Umm Al Quwain Emirate, Umm al Qaywayn, Umm Al Quwain",emirate,,GADM,25.482186,55.699583
ARE,AE-DU,Dubai,"Dubayy, Emirate of Dubai",emirate,,GADM,24.975679,55.362934
ARE,AE-FU,Fujairah,Al Fujayrah,emirate,,GADM,25.434555,56.236629
ARE,AE-RK,Ras Al Khaimah,"Ras al Khaymah, Ras al-Khaimah, Ra’s al Khaymah",emirate,,GADM,25.712229,55.981856
ARE,AE-SH,Sharjah,"Ash Shāriqah, Emirate of Sharjah",emirate,,GADM,25.138268,55.823946
ARG,AR-B,Buenos Aires,Provincia de Buenos Aires,province,,GADM,-37.248056,-60.173580
ARG,AR-K,Catamarca,,province,,GADM,-27.667651,-67.488039
ARG,AR-H,Chaco,,province,,GADM,-26.061716,-60.692309
ARG,AR-U,Chubut,Chubut Province,province,,GADM,-44.035555,-68.477145
ARG,AR-C,Ciudad Autónoma de Buenos Aires,,city,,GADM,-34.621111,-58.434269
ARG,AR-X,Córdoba,,province,,GADM,-32.292013,-63.620788
ARG,AR-W,Corrientes,,province,,GADM,-29.016922,-57.799708
ARG,AR-E,Entre Ríos,Entre Ríos Province,province,,GADM,-32.124044,-59.433863
ARG,AR-P,Formosa,,province,,GADM,-24.685909,-60.068419
ARG,AR-Y,Jujuy,,province,,GADM,-23.206705,-66.039275
ARG,AR-L,La Pampa,,province,,GADM,-37.194655,-65.817049
ARG,AR-F,La Rioja,,province,,GADM,-29.880325,-66.801125
ARG,AR-M,Mendoza,Mendoza Province,province,,GADM,-34.820760,-68.428360
ARG,AR-N,Misiones,,province,,GADM,-26.840636,-54.392042
ARG,AR-Q,Neuquén,"Neuquen, Neuquén Province",province,,GADM,-38.643130,-69.565032
ARG,AR-R,Río Negro,Río Negro Province,province,,GADM,-39.829494,-66.503259
ARG,AR-A,Salta,,province,,GADM,-24.216826,-66.744984
ARG,AR-J,San Juan,San Juan Province,province,,GADM,-30.529092,-68.796279
ARG,AR-D,San Luis,,province,,GADM,-33.958546,-65.924616
ARG,AR-Z,Santa Cruz,Santa Cruz Province,province,,GADM,-49.301250,-70.342747
ARG,AR-S,Santa Fe,,province,,GADM,-31.242745,-61.011821
ARG,AR-G,Santiago del Estero,,province,,GADM,-28.081027,-63.438067
ARG,AR-V,Tierra del Fuego,,province,,GADM,-53.874027,-68.092404
ARG,AR-T,Tucumán,,province,,GADM,-27.041203,-65.370216
ARM,AM-AG,Aragac̣otn,"Aragatsotn, Aragatsotn Province",region,,GADM,40.481491,44.296783
ARM,AM-AR,Ararat,Ararat Province,region,,GADM,39.954804,44.804875
ARM,AM-AV,Armavir,Armavir Province,region,,GADM,40.150316,44.047694
ARM,AM-ER,Erevan,Yerevan,city,,GADM,40.174811,44.549845
ARM,AM-GR,Geġark'unik',Gegharkunik Province,region,,GADM,40.304283,45.390798
ARM,AM-KT,Kotayk',"Kotayk, Kotayk Province, Palace",region,,GADM,40.405564,44.720827
ARM,AM-LO,Loṙi,"Lori, Lori Province",region,,GADM,40.987123,44.508244
ARM,AM-SH,Širak,"Shirak, Shirak Province",region,,GADM,40.810875,43.882538
ARM,AM-SU,Syunik',Syunik Province,region,,GADM,39.348066,46.168123
ARM,AM-TV,Tavuš,Tavush,region,,GADM,40.974535,45.147489
ARM,AM-VD,Vayoć Jor,Vayots Dzor Province,region,,GADM,39.756796,45.428387
ATG,AG-10,Barbuda,,dependency,,GADM,17.636251,-61.786527
ATG,AG-11,Redonda,,dependency,,GADM,16.937918,-62.344723
ATG,AG-03,Saint George,,parish,,GADM,17.124444,-61.798612
ATG,AG-04,Saint John,,parish,,GADM,17.111788,-61.852411
ATG,AG-05,Saint Mary,,parish,,GADM,17.056250,-61.867921
ATG,AG-06,Saint Paul,,parish,,GADM,17.030967,-61.775664
ATG,AG-07,Saint Peter,,parish,,GADM,17.098889,-61.758306
ATG,AG-08,Saint Philip,,parish,,GADM,17.066944,-61.718817
AUS,AU-ACT,Australian Capital Territory,,territory,,GADM,-35.523632,148.956076
AUS,AU-NSW,New South Wales,,state,,GADM,-32.954487,146.375870
AUS,AU-NT,Northern Territory,Nothern Territory,territory,,GADM,-18.775432,133.499520
AUS,AU-QLD,Queensland,,state,,GADM,-20.206290,143.299880
AUS,AU-SA,South Australia,,state,,GADM,-32.228577,137.381081
AUS,AU-TAS,Tasmania,,state,,GADM,-42.160143,146.703465
AUS,AU-VIC,Victoria,,state,,GADM,-36.601614,144.590764
AUS,AU-WA,Western Australia,WA,state,,GADM,-24.898965,121.332030
AUT,AT-1,Burgenland,,state,,GADM,47.478999,16.486444
AUT,AT-2,Kärnten,,state,,GADM,46.753525,13.939774
AUT,AT-3,Niederösterreich,Lower Austria,state,,GADM,48.228132,15.577908
AUT,AT-4,Oberösterreich,Upper Austria,state,,GADM,48.121612,13.614920
AUT,AT-5,Salzburg,,state,,GADM,47.496174,13.283203
AUT,AT-6,Steiermark,Styria,state,,GADM,47.223825,14.972731
AUT,AT-7,Tirol,Tyrol,state,,GADM,47.255537,11.161054
AUT,AT-8,Vorarlberg,,state,,GADM,47.220403,9.890148
AUT,AT-9,Wien,Vienna,state,,GADM,48.220939,16.372560
AZE,AZ-ABS,Abşeron,,rayon,,COD-AB,40.296263,49.187868
AZE,AZ-AGC,Ağcabədi,,rayon,,COD-AB,39.979391,47.379809
AZE,AZ-AGM,Ağdam,,rayon,,COD-AB,40.008492,46.903679
AZE,AZ-AGS,Ağdaş,,rayon,,COD-AB,40.539116,47.355083
AZE,AZ-AGA,Ağstafa,,rayon,,COD-AB,41.218913,45.568697
AZE,AZ-AGU,Ağsu,,rayon,,COD-AB,40.536543,48.306956
AZE,AZ-AST,Astara,,rayon,,COD-AB,38.500612,48.716634
AZE,AZ-BAB,Babək,,rayon,,COD-AB,39.261580,45.418527
AZE,AZ-BA,Bakı,Baku Ekonomic Zone,municipality,,COD-AB,40.127686,49.419417
AZE,AZ-BAL,Balakən,,rayon,,COD-AB,41.728287,46.452332
AZE,AZ-BEY,Beyləqan,,rayon,,COD-AB,39.836111,47.623576
AZE,AZ-BAR,Bərdə,,rayon,,COD-AB,40.348238,47.169918
AZE,AZ-BIL,Biləsuvar,,rayon,,COD-AB,39.509256,48.461711
AZE,AZ-CAB,Cəbrayıl,,rayon,,COD-AB,39.307697,46.963549
AZE,AZ-CAL,Cəlilabad,,rayon,,COD-AB,39.205679,48.447032
AZE,AZ-CUL,Culfa,,rayon,,COD-AB,39.151804,45.667116
AZE,AZ-DAS,Daşkəsən,Dashkesan,rayon,,COD-AB,40.478243,45.986460
AZE,AZ-FUZ,Füzuli,,rayon,,COD-AB,39.546232,47.355009
AZE,AZ-GAD,Gədəbəy,,rayon,,COD-AB,40.569517,45.672783
AZE,AZ-GA,Gəncə,,municipality,,COD-AB,40.680969,46.322217
AZE,AZ-GOR,Goranboy,,rayon,,COD-AB,40.614073,46.692242
AZE,AZ-GOY,Göyçay,,rayon,,COD-AB,40.560570,47.809774
AZE,AZ-GYG,Göygöl,,rayon,,COD-AB,40.553154,46.347092
AZE,AZ-HAC,Hacıqabul,Hajigabul District,rayon,,COD-AB,40.079077,48.928569
AZE,AZ-IMI,İmişli,,rayon,,COD-AB,39.848404,47.986494
AZE,AZ-ISM,İsmayıllı,,rayon,,COD-AB,40.788336,48.162246
AZE,AZ-KAN,Kǝngǝrli,,rayon,,COD-AB,39.409044,45.192514
AZE,AZ-KAL,Kəlbəcər,,rayon,,COD-AB,40.061493,46.310918
AZE,AZ-KUR,Kürdəmir,,rayon,,COD-AB,40.248927,48.193440
AZE,AZ-LAC,Laçın,,rayon,,COD-AB,39.699360,46.314949
AZE,AZ-LER,Lerik,,rayon,,COD-AB,38.718407,48.462596
AZE,AZ-LAN,Lənkəran,,rayon,,COD-AB,38.735990,48.745487
AZE,AZ-LA,Lənkəran Municipality,,municipality,,COD-AB,38.765659,48.826537
AZE,AZ-MAS,Masallı,,rayon,,COD-AB,38.990667,48.696699
AZE,AZ-MI,Mingəçevir,,municipality,,COD-AB,40.751589,46.985369
AZE,AZ-NA,Naftalan,,municipality,,COD-AB,40.440489,46.776001
AZE,AZ-NV,Naxçıvan Municipality,,municipality,,COD-AB,39.209959,45.385440
AZE,AZ-NEF,Neftçala,,rayon,,COD-AB,39.337114,49.054081
AZE,AZ-OGU,Oğuz,,rayon,,COD-AB,41.037359,47.461805
AZE,AZ-ORD,Ordubad,,rayon,,COD-AB,39.073174,45.901181
AZE,AZ-QAX,Qax,,rayon,,COD-AB,41.249151,46.758976
AZE,AZ-QAZ,Qazax,,rayon,,COD-AB,41.179219,45.268434
AZE,AZ-QAB,Qəbələ,,rayon,,COD-AB,40.931404,47.789083
AZE,AZ-QOB,Qobustan,,rayon,,COD-AB,40.524891,48.968010
AZE,AZ-QBA,Quba,,rayon,,COD-AB,41.189619,48.327307
AZE,AZ-QBI,Qubadlı,,rayon,,COD-AB,39.301056,46.636857
AZE,AZ-QUS,Qusar,,rayon,,COD-AB,41.442102,48.238783
AZE,AZ-SAT,Saatlı,,rayon,,COD-AB,39.807711,48.455066
AZE,AZ-SAB,Sabirabad,,rayon,,COD-AB,39.863945,48.785858
AZE,AZ-SBN,Şabran,,rayon,,COD-AB,41.112722,48.795936
AZE,AZ-SAH,Şahbuz,,rayon,,COD-AB,39.445929,45.596578
AZE,AZ-SAL,Salyan,,rayon,,COD-AB,39.632366,49.106668
AZE,AZ-SMI,Şamaxı,,rayon,,COD-AB,40.609268,48.573419
AZE,AZ-SMX,Samux,,rayon,,COD-AB,40.939175,46.503913
AZE,AZ-SAD,Sədərək,,rayon,,COD-AB,39.680153,44.835109
AZE,AZ-SAK,Şəki,,rayon,,COD-AB,41.121403,47.075395
AZE,AZ-SA,Şəki Municipality,,municipality,,COD-AB,41.181255,47.170431
AZE,AZ-SKR,Şəmkir,,rayon,,COD-AB,40.848454,45.996374
AZE,AZ-SAR,Şərur,,rayon,,COD-AB,39.584257,45.053925
AZE,AZ-SR,Şirvan,,municipality,,COD-AB,39.948154,48.922033
AZE,AZ-SIY,Siyəzən,,rayon,,COD-AB,41.029659,49.049117
AZE,AZ-SM,Sumqayıt,,municipality,,COD-AB,40.600614,49.605310
AZE,AZ-SUS,Şuşa,,rayon,,COD-AB,39.679785,46.664970
AZE,AZ-TAR,Tərtər,,rayon,,COD-AB,40.257380,46.788849
AZE,AZ-TOV,Tovuz,,rayon,,COD-AB,40.915600,45.663823
AZE,AZ-UCA,Ucar,,rayon,,COD-AB,40.416115,47.744316
AZE,AZ-XAC,Xaçmaz,,rayon,,COD-AB,41.616535,48.663120
AZE,AZ-XA,Xankəndi,,municipality,,COD-AB,39.827472,46.777698
AZE,AZ-XIZ,Xızı,,rayon,,COD-AB,40.742685,49.190512
AZE,AZ-XCI,Xocalı,,rayon,,COD-AB,39.824205,46.630953
AZE,AZ-XVD,Xocavənd,,rayon,,COD-AB,39.630104,46.935312
AZE,AZ-YAR,Yardımlı,,rayon,,COD-AB,38.876575,48.214483
AZE,AZ-YEV,Yevlax,,rayon,,COD-AB,40.691870,47.018608
AZE,AZ-YE,Yevlax Municipality,,municipality,,COD-AB,40.614894,47.145592
AZE,AZ-ZAQ,Zaqatala,,rayon,,COD-AB,41.618568,46.764453
AZE,AZ-ZAN,Zəngilan,,rayon,,COD-AB,39.050182,46.656844
AZE,AZ-ZAR,Zərdab,,rayon,,COD-AB,40.237835,47.697413
BDI,BI-BB,Bubanza,,province,2020-11-24,COD-AB,-3.117192,29.398708
BDI,BI-BM,Bujumbura Mairie,,province,2020-11-24,COD-AB,-3.394488,29.367350
BDI,BI-BL,Bujumbura Rural,,province,2020-11-24,COD-AB,-3.462616,29.484595
BDI,BI-BR,Bururi,,province,2020-11-24,COD-AB,-3.859325,29.732164
BDI,BI-CA,Cankuzo,,province,2020-11-24,COD-AB,-3.144739,30.591222
BDI,BI-CI,Cibitoke,,province,2020-11-24,COD-AB,-2.848325,29.262058
BDI,BI-GI,Gitega,,province,2020-11-24,COD-AB,-3.452543,29.964275
BDI,BI-KR,Karuzi,,province,2020-11-24,COD-AB,-3.149099,30.079206
BDI,BI-KY,Kayanza,,province,2020-11-24,COD-AB,-3.007799,29.662127
BDI,BI-KI,Kirundo,,province,2020-11-24,COD-AB,-2.555647,30.165400
BDI,BI-MA,Makamba,,province,2020-11-24,COD-AB,-4.236447,29.800293
BDI,BI-MU,Muramvya,,province,2020-11-24,COD-AB,-3.266492,29.653233
BDI,BI-MY,Muyinga,,province,2020-11-24,COD-AB,-2.733770,30.319670
BDI,BI-MW,Mwaro,,province,2020-11-24,COD-AB,-3.509267,29.714969
BDI,BI-NG,Ngozi,,province,2020-11-24,COD-AB,-2.871333,29.921016
BDI,BI-RM,Rumonge,,province,2020-11-24,COD-AB,-3.875260,29.470618
BDI,BI-RT,Rutana,,province,2020-11-24,COD-AB,-3.865335,30.093802
BDI,BI-RY,Ruyigi,,province,2020-11-24,COD-AB,-3.458020,30.348456
BEL,BE-BRU,Brussels Hoofdstedelijk,,region,,GADM,50.838665,4.366827
BEL,BE-VLG,Vlaams,,region,,GADM,51.095224,4.186826
BEL,BE-WAL,Wallonne,,region,,GADM,50.157621,5.396313
BEN,BJ-AL,Alibori,Alibori Department,department,2020-11-24,GADM,11.414408,2.827125
BEN,BJ-AK,Atacora,,department,2020-11-24,GADM,10.709159,1.880239
BEN,BJ-AQ,Atlantique,,department,2020-11-24,GADM,6.642669,2.207385
BEN,BJ-BO,Borgou,,department,2020-11-24,GADM,9.707465,2.758818
BEN,BJ-CO,Collines,,department,2020-11-24,GADM,8.112854,2.184990
BEN,BJ-KO,Couffo,Kouffo Department,department,2020-11-24,GADM,7.104042,1.756387
BEN,BJ-DO,Donga,,department,2020-11-24,GADM,9.270077,1.711691
BEN,BJ-LI,Littoral,,department,2020-11-24,GADM,6.375981,2.424557
BEN,BJ-MO,Mono,,department,2020-11-24,GADM,6.504810,1.838181
BEN,BJ-OU,Ouémé,,department,2020-11-24,GADM,6.667911,2.498041
BEN,BJ-PL,Plateau,Plateau Department,department,2020-11-24,GADM,7.113648,2.647962
BEN,BJ-ZO,Zou,,department,2020-11-24,GADM,7.271290,2.130456
BES,BQ-BO,Bonaire,,special municipality,,GADM,12.168056,-68.246387
BES,BQ-SA,Saba,,special municipality,,GADM,17.631945,-63.235416
BES,BQ-SE,Sint Eustatius,,special municipality,,GADM,17.495556,-62.978611
BFA,BF-01,Boucle du Mouhoun,Mouhoun,region,,GADM,12.482255,-3.591602
BFA,BF-02,Cascades,,region,,GADM,10.309226,-4.483126
BFA,BF-03,Centre,,region,,GADM,12.368940,-1.543508
BFA,BF-04,Centre-Est,,region,,GADM,11.738310,-0.293927
BFA,BF-05,Centre-Nord,,region,,GADM,13.239910,-1.035167
BFA,BF-06,Centre-Ouest,,region,,GADM,11.924900,-2.423488
BFA,BF-07,Centre-Sud,,region,,GADM,11.583925,-1.054741
BFA,BF-08,Est,,region,,GADM,12.261070,0.998855
BFA,BF-09,Hauts-Bassins,,region,,GADM,11.390485,-4.029406
BFA,BF-10,Nord,,region,,GADM,13.459975,-2.248854
BFA,BF-11,Plateau-Central,,region,,GADM,12.404140,-0.886416
BFA,BF-12,Sahel,,region,,GADM,14.031950,-0.783163
BFA,BF-13,Sud-Ouest,,region,,GADM,10.386221,-3.283735
BGD,BD-A,Barisal,"Barisal Division, Barishal",division,2020-11-24,GADM,22.509426,90.066844
BGD,BD-B,Chittagong,"Chattogram, Chattogram, Chattogram Division",division,2020-11-24,GADM,22.515760,92.115890
BGD,BD-C,Dhaka,Dhaka Division,division,2020-11-24,GADM,23.823995,90.238407
BGD,BD-D,Khulna,Khulna Division,division,2020-11-24,GADM,23.018414,89.314471
BGD,BD-H,Mymensingh,Mymensingh Division,division,2020-11-24,GADM,24.840674,90.405195
BGD,BD-E,Rajshahi,Rajshahi Division,division,2020-11-24,GADM,24.544641,88.938585
BGD,BD-F,Rangpur,Rangpur Division,division,2020-11-24,GADM,25.838666,88.970427
BGD,BD-G,Sylhet,Sylhet Division,division,2020-11-24,GADM,24.591944,91.717334
BGR,BG-01,Blagoevgrad,,district,,GADM,41.748104,23.482941
BGR,BG-02,Burgas,,district,,GADM,42.442222,27.225249
BGR,BG-08,Dobrich,,district,,GADM,43.655607,27.932547
BGR,BG-07,Gabrovo,,district,,GADM,42.973894,25.238959
BGR,BG-26,Haskovo,Haskovo Province,district,,GADM,41.771311,25.907408
BGR,BG-09,Kardzhali,,district,,GADM,41.564690,25.405345
BGR,BG-10,Kyustendil,,district,,GADM,42.317698,22.880077
BGR,BG-11,Lovech,,district,,GADM,43.052830,24.502442
BGR,BG-12,Montana,,district,,GADM,43.481152,23.102033
BGR,BG-13,Pazardzhik,,district,,GADM,42.143887,24.116000
BGR,BG-14,Pernik,,district,,GADM,42.616816,22.890271
BGR,BG-15,Pleven,,district,,GADM,43.491564,24.627342
BGR,BG-16,Plovdiv,,district,,GADM,42.234070,24.793744
BGR,BG-17,Razgrad,,district,,GADM,43.620201,26.476752
BGR,BG-18,Ruse,,district,,GADM,43.680805,26.091551
BGR,BG-27,Shumen,,district,,GADM,43.322834,27.026444
BGR,BG-19,Silistra,,district,,GADM,43.910177,27.064857
BGR,BG-20,Sliven,,district,,GADM,42.646643,26.270936
BGR,BG-21,Smolyan,,district,,GADM,41.626717,24.611354
BGR,BG-23,Sofia,,district,,GADM,42.645079,23.951307
BGR,BG-22,Sofia Stolitsa,Sofia City,district,,GADM,42.645094,23.345130
BGR,BG-24,Stara Zagora,,district,,GADM,42.399759,25.581734
BGR,BG-25,Targovishte,,district,,GADM,43.265108,26.423993
BGR,BG-03,Varna,,district,,GADM,43.209999,27.629560
BGR,BG-04,Veliko Tarnovo,,district,,GADM,43.221764,25.634464
BGR,BG-05,Vidin,,district,,GADM,43.797853,22.687744
BGR,BG-06,Vratsa,,district,,GADM,43.395536,23.715452
BGR,BG-28,Yambol,,district,,GADM,42.330748,26.568936
BHR,BH-13,Capital,"Al Manāmah, Al ‘Āşimah",governorate,,GADM,26.190974,50.552148
BHR,BH-15,Muharraq,Al Muḩarraq,governorate,,GADM,26.258889,50.629584
BHR,BH-17,Northern,Ash Shamālīyah,governorate,,GADM,26.141944,50.498411
BHR,BH-14,Southern,"Al Janūbīyah, Southern Governorate, المحافظة الجنوبية",governorate,,GADM,25.984028,50.537083
BHS,BS-AK,Acklins,,district,,GADM,22.444722,-73.965553
BHS,BS-BY,Berry Islands,,district,,GADM,25.754444,-77.856678
BHS,BS-BI,Bimini,,district,,GADM,25.732222,-79.263474
BHS,BS-BP,Black Point,,district,,GADM,23.809865,-76.166742
BHS,BS-CI,Cat Island,,district,,GADM,24.576668,-75.935417
BHS,BS-CO,Central Abaco,,district,,GADM,26.472640,-77.120697
BHS,BS-CS,Central Andros,,district,,GADM,24.436667,-78.002361
BHS,BS-CE,Central Eleuthera,,district,,GADM,25.104028,-76.139862
BHS,BS-FP,City of Freeport,,district,,GADM,26.517362,-78.650463
BHS,BS-CK,Crooked Island and Long Cay,,district,,GADM,23.084723,-73.750557
BHS,BS-EG,East Grand Bahama,,district,,GADM,26.689445,-78.091114
BHS,BS-EX,Exuma,,district,,GADM,23.547778,-75.860416
BHS,BS-GC,Grand Cay,,district,,GADM,27.228751,-78.331250
BHS,BS-HI,Harbour Island,,district,,GADM,25.544444,-76.778332
BHS,BS-HT,Hope Town,,district,,GADM,27.084028,-78.017222
BHS,BS-IN,Inagua,,district,,GADM,21.125279,-73.315418
BHS,BS-LI,Long Island,,district,,GADM,23.268611,-75.096390
BHS,BS-MC,Mangrove Cay,,district,,GADM,24.150279,-77.793334
BHS,BS-MG,Mayaguana,,district,,GADM,22.369723,-72.887780
BHS,BS-MI,Moore's Island,,district,,GADM,26.293750,-77.550419
BHS,BS-NP,New Providence,,island,,GADM,25.032778,-77.392777
BHS,BS-NO,North Abaco,,district,,GADM,26.797778,-77.438332
BHS,BS-NS,North Andros,,district,,GADM,24.820555,-78.063888
BHS,BS-NE,North Eleuthera,,district,,GADM,25.382500,-76.536110
BHS,BS-RI,Ragged Island,,district,,GADM,22.299861,-75.778473
BHS,BS-RC,Rum Cay,,district,,GADM,23.673841,-74.870415
BHS,BS-SS,San Salvador,,district,,GADM,24.036251,-74.481388
BHS,BS-SO,South Abaco,,district,,GADM,26.063576,-77.255415
BHS,BS-SA,South Andros,,district,,GADM,24.002639,-77.660836
BHS,BS-SE,South Eleuthera,,district,,GADM,24.804721,-76.318195
BHS,BS-SW,Spanish Wells,,district,,GADM,25.495279,-76.881942
BHS,BS-WG,West Grand Bahama,,district,,GADM,26.643611,-78.524790
BIH,BA-BRC,Brčko distrikt,,district with special status,,GADM,44.855246,18.776486
BIH,BA-BIH,Federacija Bosne i Hercegovine,"FBIH, Federation of Bosnia and Herzegovina",entity,,GADM,43.941357,17.548901
BIH,BA-SRP,Republika Srpska,Srpska,entity,,GADM,44.672473,17.353152
BLR,BY-BR,Bresckaja,Brest,oblast,2020-11-24,GADM,52.471796,25.249657
BLR,BY-HO,Homieĺskaja,Gomel,oblast,2020-11-24,GADM,52.322021,29.499099
BLR,BY-HM,Horad Minsk,,city,2020-11-24,GADM,53.945274,27.474089
BLR,BY-HR,Hrodzienskaja,"Grodno, Hrodna Region",oblast,2020-11-24,GADM,53.890808,25.065981
BLR,BY-MA,Mahilioŭskaja,Mogilev,oblast,2020-11-24,GADM,53.588793,30.770453
BLR,BY-MI,Minskaja,"Minsk Oblast, Minsk Region",oblast,2020-11-24,GADM,53.731598,28.527350
BLR,BY-VI,Viciebskaja,"Vitebsk, Vitebsk Oblast",oblast,2020-11-24,GADM,55.208994,28.825574
BLZ,BZ-BZ,Belize,Belize District,district,,GADM,17.553056,-88.447058
BLZ,BZ-CY,Cayo,Cayo District,district,,GADM,16.962449,-88.887788
BLZ,BZ-CZL,Corozal,,district,,GADM,18.238055,-88.321452
BLZ,BZ-OW,Orange Walk,,district,,GADM,17.766948,-88.854317
BLZ,BZ-SC,Stann Creek,,district,,GADM,16.824475,-88.464495
BLZ,BZ-TOL,Toledo,,district,,GADM,16.299027,-88.869826
BOL,BO-B,Beni,El Beni,department,,GADM,-13.455795,-64.622414
BOL,BO-H,Chuquisaca,,department,,GADM,-19.940122,-64.274475
BOL,BO-C,Cochabamba,,department,,GADM,-17.236277,-65.600736
BOL,BO-L,La Paz,,department,,GADM,-14.970460,-68.387016
BOL,BO-O,Oruro,,department,,GADM,-18.609128,-67.835439
BOL,BO-N,Pando,,department,,GADM,-11.087956,-67.359973
BOL,BO-P,Potosí,,department,,GADM,-20.378160,-66.995688
BOL,BO-S,Santa Cruz,,department,,GADM,-17.007106,-61.530912
BOL,BO-T,Tarija,,department,,GADM,-21.887401,-63.971551
BRA,BR-AC,Acre,,state,2020-11-24,GADM,-9.135664,-70.707078
BRA,BR-AL,Alagoas,,state,2020-11-24,GADM,-9.657931,-36.683490
BRA,BR-AP,Amapá,,state,2020-11-24,GADM,1.622475,-52.018025
BRA,BR-AM,Amazonas,,state,2020-11-24,GADM,-3.811570,-63.440487
BRA,BR-BA,Bahia,,state,2020-11-24,GADM,-13.491105,-42.569502
BRA,BR-CE,Ceará,,state,2020-11-24,GADM,-5.329163,-39.372677
BRA,BR-DF,Distrito Federal,,federal district,2020-11-24,GADM,-15.776245,-47.779832
BRA,BR-ES,Espírito Santo,,state,2020-11-24,GADM,-19.605537,-40.446625
BRA,BR-GO,Goiás,,state,2020-11-24,GADM,-15.978197,-50.274282
BRA,BR-MA,Maranhão,,state,2020-11-24,GADM,-5.673917,-45.284065
BRA,BR-MT,Mato Grosso,,state,2020-11-24,GADM,-12.751300,-55.347221
BRA,BR-MS,Mato Grosso do Sul,,state,2020-11-24,GADM,-20.656395,-54.788191
BRA,BR-MG,Minas Gerais,,state,2020-11-24,GADM,-18.633587,-45.211937
BRA,BR-PA,Pará,,state,2020-11-24,GADM,-3.627064,-51.994105
BRA,BR-PB,Paraíba,,state,2020-11-24,GADM,-7.166113,-36.737812
BRA,BR-PR,Paraná,,state,2020-11-24,GADM,-24.634412,-51.823005
BRA,BR-PE,Pernambuco,,state,2020-11-24,GADM,-8.379413,-37.902343
BRA,BR-PI,Piauí,,state,2020-11-24,GADM,-6.857080,-42.259192
BRA,BR-RJ,Rio de Janeiro,,state,2020-11-24,GADM,-22.072072,-42.071119
BRA,BR-RN,Rio Grande do Norte,,state,2020-11-24,GADM,-5.908195,-36.649956
BRA,BR-RS,Rio Grande do Sul,,state,2020-11-24,GADM,-30.471319,-53.357293
BRA,BR-RO,Rondônia,,state,2020-11-24,GADM,-10.848894,-63.409776
BRA,BR-RR,Roraima,,state,2020-11-24,GADM,1.845434,-61.224093
BRA,BR-SC,Santa Catarina,,state,2020-11-24,GADM,-27.668721,-49.924994
BRA,BR-SP,São Paulo,,state,2020-11-24,GADM,-22.573701,-49.183180
BRA,BR-SE,Sergipe,,state,2020-11-24,GADM,-10.543541,-37.167463
BRA,BR-TO,Tocantins,,state,2020-11-24,GADM,-9.344096,-48.424286
BRB,BB-01,Christ Church,,parish,,GADM,13.082799,-59.537030
BRB,BB-02,Saint Andrew,,parish,,GADM,13.248611,-59.575443
BRB,BB-03,Saint George,St George,parish,,GADM,13.137375,-59.543054
BRB,BB-04,Saint James,,parish,,GADM,13.185418,-59.627934
BRB,BB-05,Saint John,,parish,,GADM,13.171916,-59.500992
BRB,BB-06,Saint Joseph,,parish,,GADM,13.200218,-59.544791
BRB,BB-07,Saint Lucy,St Lucy,parish,,GADM,13.304166,-59.613472
BRB,BB-08,Saint Michael,St.Michael,parish,,GADM,13.116667,-59.600198
BRB,BB-09,Saint Peter,,parish,,GADM,13.260973,-59.619254
BRB,BB-10,Saint Philip,St Philip,parish,,GADM,13.129447,-59.467994
BRB,BB-11,Saint Thomas,St Thomas,parish,,GADM,13.179019,-59.586119
BRN,BN-BE,Belait,,district,,GADM,4.369870,114.558696
BRN,BN-BM,Brunei-Muara,,district,,GADM,4.893458,114.886182
BRN,BN-TE,Temburong,,district,,GADM,4.610028,115.185126
BRN,BN-TU,Tutong,,district,,GADM,4.629466,114.697238
BTN,BT-33,Bumthang,,district,2020-11-24,GADM,27.708557,90.768859
BTN,BT-12,Chhukha,Chukha District,district,2020-11-24,GADM,27.016495,89.543910
BTN,BT-22,Dagana,Dagana District,district,2020-11-24,GADM,26.990927,89.924270
BTN,BT-GA,Gasa,,district,2020-11-24,GADM,27.985783,89.861626
BTN,BT-13,Haa,,district,2020-11-24,GADM,27.323200,89.191191
BTN,BT-44,Lhuentse,Lhuntse District,district,2020-11-24,GADM,27.732053,91.135277
BTN,BT-42,Monggar,Mongar District,district,2020-11-24,GADM,27.270303,91.211432
BTN,BT-11,Paro,,district,2020-11-24,GADM,27.487382,89.372606
BTN,BT-43,Pema Gatshel,,district,2020-11-24,GADM,26.980636,91.318405
BTN,BT-23,Punakha,,district,2020-11-24,GADM,27.665698,89.858502
BTN,BT-45,Samdrup Jongkhar,,district,2020-11-24,GADM,27.020995,91.800917
BTN,BT-14,Samtse,,district,2020-11-24,GADM,27.042449,88.990181
BTN,BT-31,Sarpang,,district,2020-11-24,GADM,26.976094,90.452210
BTN,BT-15,Thimphu,,district,2020-11-24,GADM,27.573606,89.582436
BTN,BT-TY,Trashi Yangtse,Trashiyangtse District,district,2020-11-24,GADM,27.677560,91.472197
BTN,BT-41,Trashigang,,district,2020-11-24,GADM,27.251446,91.734933
BTN,BT-32,Trongsa,Trongsa District,district,2020-11-24,GADM,27.463834,90.429880
BTN,BT-21,Tsirang,,district,2020-11-24,GADM,27.005022,90.155870
BTN,BT-24,Wangdue Phodrang,Wangdue Phodrang District,district,2020-11-24,GADM,27.583728,90.153991
BTN,BT-34,Zhemgang,Zhemgang District,district,2020-11-24,GADM,27.082603,90.841444
BWA,BW-CE,Central,Central District,district,2020-11-24,GADM,-21.494309,25.931037
BWA,BW-CH,Chobe,,district,2020-11-24,GADM,-18.396666,24.710136
BWA,BW-FR,Francistown,,city,2020-11-24,GADM,-21.171887,27.501423
BWA,BW-GA,Gaborone,,city,2020-11-24,GADM,-24.604429,25.920856
BWA,BW-GH,Ghanzi,Ghanzi District,district,2020-11-24,GADM,-22.156115,22.400001
BWA,BW-JW,Jwaneng,,town,2020-11-24,GADM,-24.607857,24.730811
BWA,BW-KG,Kgalagadi,,district,2020-11-24,GADM,-25.121305,22.333882
BWA,BW-KL,Kgatleng,,district,2020-11-24,GADM,-24.125085,26.416515
BWA,BW-KW,Kweneng,Kweneng District,district,2020-11-24,GADM,-23.864307,24.523199
BWA,BW-LO,Lobatse,,town,2020-11-24,GADM,-25.215189,25.683359
BWA,BW-NE,North East,,district,2020-11-24,GADM,-21.024304,27.518724
BWA,BW-NW,North West,North-West District,district,2020-11-24,GADM,-19.504305,22.994135
BWA,BW-SP,Selibe Phikwe,,town,2020-11-24,GADM,-21.977464,27.845650
BWA,BW-SE,South East,,district,2020-11-24,GADM,-25.018336,25.744276
BWA,BW-SO,Southern,,district,2020-11-24,GADM,-24.914865,24.888613
BWA,BW-ST,Sowa Town,,town,2020-11-24,GADM,-20.562278,26.222820
CAF,CF-BB,Bamïngï-Bangoran,,prefecture,,GADM,8.397085,20.577740
CAF,CF-BGF,Bangî,,commune,,GADM,4.379850,18.602603
CAF,CF-BK,Do-Kötö,,prefecture,,GADM,4.977917,21.366166
CAF,CF-KB,Gïrïbïngï,,economic prefecture,,GADM,7.503472,19.255478
CAF,CF-KG,Kemö-Gïrïbïngï,,prefecture,,GADM,5.746250,19.149473
CAF,CF-LB,Lobâye,,prefecture,,GADM,4.256195,17.536184
CAF,CF-MB,Mbömü,,prefecture,,GADM,5.434167,23.401572
CAF,CF-NM,Nanä-Mbaere,,prefecture,,GADM,5.848631,15.284104
CAF,CF-MP,Ömbëlä-Pökö,,prefecture,,GADM,4.880930,18.185435
CAF,CF-SE,Sangä,,economic prefecture,,GADM,3.240907,16.115002
CAF,CF-HK,Tö-Kötö,,prefecture,,GADM,7.362637,22.972460
CAF,CF-HM,Tö-Mbömü,,prefecture,,GADM,6.598138,25.392590
CAF,CF-HS,Tö-Sangä / Mbaere-Kadeï,Mambere Kadei,prefecture,,GADM,4.533949,15.867177
CAF,CF-VK,Vakaga,,prefecture,,GADM,9.796639,22.399021
CAF,CF-UK,Wäkä,,prefecture,,GADM,6.119445,20.822337
CAF,CF-AC,Wâmo,,prefecture,,GADM,7.068195,17.729664
CAF,CF-OP,Wâmo-Pendë,,prefecture,,GADM,6.725835,15.968829
CAN,CA-AB,Alberta,,province,,GADM,54.880524,-115.002256
CAN,CA-BC,British Columbia,,province,,GADM,54.873085,-125.037082
CAN,CA-MB,Manitoba,,province,,GADM,54.857875,-96.975890
CAN,CA-NB,New Brunswick,,province,,GADM,46.572569,-66.420127
CAN,CA-NL,Newfoundland and Labrador,"Labrador, Newfoundland",province,,GADM,49.184201,-56.642383
CAN,CA-NT,Northwest Territories,,territory,,GADM,65.816349,-123.238233
CAN,CA-NS,Nova Scotia,,province,,GADM,44.741137,-64.344397
CAN,CA-NU,Nunavut,,territory,,GADM,66.720574,-101.759375
CAN,CA-ON,Ontario,,province,,GADM,49.862116,-87.335237
CAN,CA-PE,Prince Edward Island,,province,,GADM,46.506660,-63.612849
CAN,CA-QC,Quebec,Québec,province,,GADM,54.811289,-73.171727
CAN,CA-SK,Saskatchewan,,province,,GADM,54.875263,-105.943303
CAN,CA-YT,Yukon,,territory,,GADM,65.262066,-136.835290
CHE,CH-AG,Aargau,,canton,2020-11-24,GADM,47.383142,8.214486
CHE,CH-AR,Appenzell Ausserrhoden,,canton,2020-11-24,GADM,47.359020,9.279618
CHE,CH-AI,Appenzell Innerrhoden,,canton,2020-11-24,GADM,47.310995,9.405282
CHE,CH-BL,Basel-Landschaft,,canton,2020-11-24,GADM,47.453457,7.821041
CHE,CH-BS,Basel-Stadt,,canton,2020-11-24,GADM,47.561579,7.585531
CHE,CH-BE,Bern,,canton,2020-11-24,GADM,46.841730,7.601911
CHE,CH-FR,Freiburg,Fribourg,canton,2020-11-24,GADM,46.725031,7.114201
CHE,CH-GE,Genève,Geneva,canton,2020-11-24,GADM,46.242117,6.209876
CHE,CH-GL,Glarus,,canton,2020-11-24,GADM,46.988045,9.095236
CHE,CH-GR,Graubünden,,canton,2020-11-24,GADM,46.614611,9.572400
CHE,CH-JU,Jura,,canton,2020-11-24,GADM,47.328783,7.289440
CHE,CH-LU,Luzern,Lucerne,canton,2020-11-24,GADM,47.033461,8.194224
CHE,CH-NE,Neuchâtel,,canton,2020-11-24,GADM,47.006147,6.833697
CHE,CH-NW,Nidwalden,,canton,2020-11-24,GADM,46.889153,8.405551
CHE,CH-OW,Obwalden,,canton,2020-11-24,GADM,46.867804,8.202214
CHE,CH-SG,Sankt Gallen,St. Gallen,canton,2020-11-24,GADM,47.204722,9.231795
CHE,CH-SH,Schaffhausen,,canton,2020-11-24,GADM,47.723425,8.585388
CHE,CH-SZ,Schwyz,,canton,2020-11-24,GADM,47.059717,8.703676
CHE,CH-SO,Solothurn,,canton,2020-11-24,GADM,47.289158,7.577106
CHE,CH-TG,Thurgau,,canton,2020-11-24,GADM,47.538843,9.202227
CHE,CH-TI,Ticino,,canton,2020-11-24,GADM,46.228657,8.772974
CHE,CH-UR,Uri,,canton,2020-11-24,GADM,46.761944,8.630605
CHE,CH-VD,Vaud,,canton,2020-11-24,GADM,46.563816,6.506216
CHE,CH-VS,Wallis,"Canton of Valais, Valais",canton,2020-11-24,GADM,46.260399,7.630800
CHE,CH-ZG,Zug,,canton,2020-11-24,GADM,47.167788,8.539884
CHE,CH-ZH,Zürich,Zurich,canton,2020-11-24,GADM,47.431999,8.649984
CHL,CL-AN,Antofagasta,Antofagasta Region,region,,GADM,-23.526138,-68.784231
CHL,CL-AP,Arica y Parinacota,"Arica, Arica and Parinacota Region",region,,GADM,-18.365478,-69.706002
CHL,CL-AT,Atacama,"Atacama Region, III Region",region,,GADM,-27.430948,-69.953134
CHL,CL-AI,Aysén,"Aisén, Aysen",region,,GADM,-46.496242,-72.644030
CHL,CL-BI,Biobío,"Biobio Region, Biobío Region",region,,GADM,-37.474960,-72.358166
CHL,CL-CO,Coquimbo,"Coquimbo Region, IV Region",region,,GADM,-30.673755,-70.972911
CHL,CL-AR,La Araucanía,"Araucanía, Araucanía Region",region,,GADM,-38.616807,-72.170166
CHL,CL-LL,Los Lagos,Los Lagos Region,region,,GADM,-42.603446,-73.959610
CHL,CL-LR,Los Ríos,Los Ríos Region,region,,GADM,-39.988010,-72.669810
CHL,CL-MA,Magallanes,"Magallanes Province, Magallanes Y Antártica Chilena, Region of Magallanes and Chilean Antarctica",region,,GADM,-53.729030,-69.312315
CHL,CL-ML,Maule,"Maule Region, VII Region",region,,GADM,-35.619485,-71.512174
CHL,CL-NB,Ñuble,Ñuble Region,region,,GADM,-36.603880,-71.923693
CHL,CL-LI,O'Higgins,"Libertador General Bernardo O'Higgins, Libertador General Bernardo O'Higgins Region, Libertador Gral. Bernardo O’Higgins, O'Higgins Region",region,,GADM,-34.429970,-71.047531
CHL,CL-RM,Santiago,"Metropolitan Region, Metropolitana, Metropolitana Region, Metropolitana de Santiago, Región Metropolitana, Región Metropolitana de Santiago, Santiago Metropolitan Region",region,,GADM,-33.609183,-70.607158
CHL,CL-TA,Tarapacá,"Tarapaca, Tarapacá Region",region,,GADM,-20.290935,-69.404684
CHL,CL-VS,Valparaíso,"V Region, Valparaiso, Valparaiso Region, Valparaíso Region",region,,GADM,-32.993710,-70.292585
CHN,CN-AH,Anhui,,province,2021-11-25,GADM,32.062397,117.151846
CHN,CN-BJ,Beijing,,municipality,2021-11-25,GADM,40.255348,116.638040
CHN,CN-CQ,Chongqing,,municipality,2021-11-25,GADM,30.208667,107.882906
CHN,CN-FJ,Fujian,,province,2021-11-25,GADM,25.980246,118.034633
CHN,CN-GS,Gansu,,province,2021-11-25,GADM,37.859172,102.295720
CHN,CN-GD,Guangdong,,province,2021-11-25,GADM,22.897361,113.776120
CHN,CN-GX,Guangxi,,autonomous region,2021-11-25,GADM,23.913083,108.995738
CHN,CN-GZ,Guizhou,,province,2021-11-25,GADM,26.944586,106.653180
CHN,CN-HI,Hainan,,province,2021-11-25,GADM,19.163889,109.631244
CHN,CN-HE,Hebei,,province,2021-11-25,GADM,39.409113,115.655365
CHN,CN-HL,Heilongjiang,,province,2021-11-25,GADM,48.737998,127.597862
CHN,CN-HA,Henan,,province,2021-11-25,GADM,33.915337,113.087670
CHN,CN-HB,Hubei,,province,2021-11-25,GADM,31.180119,112.861961
CHN,CN-HN,Hunan,,province,2021-11-25,GADM,27.415707,111.376629
CHN,CN-NM,Inner Mongolia,,autonomous region,2021-11-25,GADM,45.971783,119.036477
CHN,CN-JS,Jiangsu,,province,2021-11-25,GADM,32.973619,119.579458
CHN,CN-JX,Jiangxi,,province,2021-11-25,GADM,27.318708,115.494127
CHN,CN-JL,Jilin,,province,2021-11-25,GADM,43.646639,126.169991
CHN,CN-LN,Liaoning,,province,2021-11-25,GADM,41.149904,122.449723
CHN,CN-NX,Ningxia,,autonomous region,2021-11-25,GADM,37.336800,105.980058
CHN,CN-QH,Qinghai,,province,2021-11-25,GADM,35.535843,96.101642
CHN,CN-SN,Shaanxi,,province,2021-11-25,GADM,35.746515,109.552415
CHN,CN-SD,Shandong,,province,2021-11-25,GADM,36.347222,118.039439
CHN,CN-SH,Shanghai,,municipality,2021-11-25,GADM,31.095836,121.371405
CHN,CN-SX,Shanxi,,province,2021-11-25,GADM,37.725983,112.346229
CHN,CN-SC,Sichuan,Sichaun,province,2021-11-25,GADM,30.268992,102.294276
CHN,CN-TJ,Tianjin,,municipality,2021-11-25,GADM,39.413042,117.360006
CHN,CN-XZ,Tibet,,autonomous region,2021-11-25,GADM,32.009249,87.085282
CHN,CN-XJ,Xinjiang,,autonomous region,2021-11-25,GADM,42.593086,88.137894
CHN,CN-YN,Yunnan,,province,2021-11-25,GADM,25.263686,101.386713
CHN,CN-ZJ,Zhejiang,,province,2021-11-25,GADM,29.192781,119.780391
CIV,CI-AB,Abidjan,,autonomous district,,GADM,5.428117,-4.041616
CIV,CI-BS,Bas-Sassandra,,district,,GADM,5.458505,-6.479156
CIV,CI-CM,Comoé,,district,,GADM,6.219725,-3.309632
CIV,CI-DN,Denguélé,Denguélé District,district,,GADM,9.499665,-7.458603
CIV,CI-GD,Gôh-Djiboua,,district,,GADM,5.901292,-5.643833
CIV,CI-LC,Lacs,,district,,GADM,7.116138,-4.553751
CIV,CI-LG,Lagunes,,district,,GADM,5.873454,-4.219080
CIV,CI-MG,Montagnes,,district,,GADM,6.899118,-7.684215
CIV,CI-SM,Sassandra-Marahoué,,district,,GADM,7.027226,-6.268628
CIV,CI-SV,Savanes,,district,,GADM,9.640237,-5.596204
CIV,CI-VB,Vallée du Bandama,,district,,GADM,8.329993,-4.695367
CIV,CI-WR,Woroba,,district,,GADM,8.427213,-6.645332
CIV,CI-YM,Yamoussoukro,Yamoussoukro District,autonomous district,,GADM,6.826025,-5.225981
CIV,CI-ZZ,Zanzan,,district,,GADM,8.511988,-3.258522
CMR,CM-AD,Adamaoua,,region,,GADM,7.081313,13.220102
CMR,CM-CE,Centre,,region,,GADM,4.684637,11.852981
CMR,CM-ES,East,East Province,region,,GADM,3.859043,13.829216
CMR,CM-EN,Far North,,region,,GADM,11.510657,14.872802
CMR,CM-LT,Littoral,,region,,GADM,4.299104,10.226927
CMR,CM-NO,North,,region,,GADM,8.642051,13.872374
CMR,CM-NW,North-West,"Northwest, Northwest Province",region,,GADM,6.433518,10.470255
CMR,CM-SU,South,South Province,region,,GADM,2.912400,11.345854
CMR,CM-SW,South-West,"Southwest, Southwest Province",region,,GADM,5.220656,9.286248
CMR,CM-OU,West,West Province,region,,GADM,5.573953,10.578416
COD,CD-BU,Bas-Uélé,,province,2020-11-24,GADM,3.668178,25.215486
COD,CD-EQ,Équateur,,province,2020-11-24,GADM,0.063109,19.134544
COD,CD-HK,Haut-Katanga,,province,2020-11-24,GADM,-10.551723,27.879169
COD,CD-HL,Haut-Lomami,,province,2020-11-24,GADM,-8.141762,25.572581
COD,CD-HU,Haut-Uélé,,province,2020-11-24,GADM,3.327404,28.811077
COD,CD-IT,Ituri,,province,2020-11-24,GADM,2.097601,29.055437
COD,CD-KS,Kasaï,,province,2020-11-24,GADM,-4.804842,21.131551
COD,CD-KC,Kasaï Central,,province,2020-11-24,GADM,-6.051472,22.266691
COD,CD-KE,Kasaï Oriental,,province,2020-11-24,GADM,-6.199443,23.571492
COD,CD-KN,Kinshasa,,city,2020-11-24,GADM,-4.476917,15.788167
COD,CD-BC,Kongo Central,,province,2020-11-24,GADM,-5.178811,14.396426
COD,CD-KG,Kwango,,province,2020-11-24,GADM,-6.184537,17.779223
COD,CD-KL,Kwilu,,province,2020-11-24,GADM,-4.793188,18.808682
COD,CD-LO,Lomami,,province,2020-11-24,GADM,-6.409745,24.625469
COD,CD-LU,Lualaba,,province,2020-11-24,GADM,-9.694487,23.025708
COD,CD-MN,Mai-Ndombe,,province,2020-11-24,GADM,-2.569675,18.584517
COD,CD-MA,Maniema,,province,2020-11-24,GADM,-2.524076,25.939207
COD,CD-MO,Mongala,,province,2020-11-24,GADM,2.029723,21.174707
COD,CD-NK,Nord-Kivu,North Kivu,province,2020-11-24,GADM,-0.558586,28.807897
COD,CD-NU,Nord-Ubangi,,province,2020-11-24,GADM,3.982941,21.356193
COD,CD-SA,Sankuru,,province,2020-11-24,GADM,-3.775868,23.431913
COD,CD-SK,Sud-Kivu,South Kivu,province,2020-11-24,GADM,-3.298329,28.162948
COD,CD-SU,Sud-Ubangi,,province,2020-11-24,GADM,3.341166,19.446979
COD,CD-TA,Tanganyika,,province,2020-11-24,GADM,-6.712151,27.966461
COD,CD-TO,Tshopo,,province,2020-11-24,GADM,0.141449,25.597941
COD,CD-TU,Tshuapa,,province,2020-11-24,GADM,-0.384291,21.529357
COG,CG-11,Bouenza,,department,,GADM,-4.136527,13.525713
COG,CG-BZV,Brazzaville,,department,,GADM,-4.270379,15.267776
COG,CG-8,Cuvette,Cuvette Department,department,,GADM,-0.779420,16.327573
COG,CG-15,Cuvette-Ouest,,department,,GADM,0.109556,14.578821
COG,CG-5,Kouilou,Kouilou Department,department,,GADM,-4.272154,12.012276
COG,CG-2,Lékoumou,Lékoumou Region,department,,GADM,-3.083472,13.629403
COG,CG-7,Likouala,,department,,GADM,1.474474,17.365990
COG,CG-9,Niari,,department,,GADM,-3.388056,12.341220
COG,CG-14,Plateaux,Plateaux Department,department,,GADM,-2.010695,15.440096
COG,CG-16,Pointe-Noire,Pointe-Noire (département),department,,GADM,-4.788889,11.878298
COG,CG-12,Pool,,department,,GADM,-3.820277,15.123794
COG,CG-13,Sangha,,department,,GADM,1.377500,15.621611
COL,CO-AMA,Amazonas,,department,,GADM,-2.059433,-71.324734
COL,CO-ANT,Antioquia,Antiquia,department,,GADM,7.154299,-75.435641
COL,CO-ARA,Arauca,,department,,GADM,6.570358,-70.961289
COL,CO-ATL,Atlántico,Atlantico,department,,GADM,10.675746,-74.993103
COL,CO-BOL,Bolívar,Bolivar,department,,GADM,8.905495,-74.234900
COL,CO-BOY,Boyacá,Boyaca,department,,GADM,5.856565,-72.867415
COL,CO-CAL,Caldas,Caldas Department,department,,GADM,5.289524,-75.339515
COL,CO-CAQ,Caquetá,Caqueta,department,,GADM,1.130283,-74.819559
COL,CO-CAS,Casanare,,department,,GADM,5.292779,-71.682358
COL,CO-CAU,Cauca,,department,,GADM,2.144153,-76.865767
COL,CO-CES,Cesar,,department,,GADM,9.275552,-73.620913
COL,CO-CHO,Chocó,Choco,department,,GADM,6.331013,-77.078035
COL,CO-COR,Córdoba,Cordoba,department,,GADM,8.397011,-75.688165
COL,CO-CUN,Cundinamarca,,department,,GADM,4.783318,-73.673492
COL,CO-DC,Distrito Capital de Bogotá,Santafe De Bogota D.C.,capital district,,GADM,4.282073,-74.179223
COL,CO-GUA,Guainía,Guainia,department,,GADM,2.578148,-69.159692
COL,CO-GUV,Guaviare,,department,,GADM,1.790279,-72.373326
COL,CO-HUI,Huila,,department,,GADM,2.673057,-75.417103
COL,CO-LAG,La Guajira,"La Gaujira, la Guajira",department,,GADM,11.429306,-72.583141
COL,CO-MAG,Magdalena,,department,,GADM,10.131734,-74.502863
COL,CO-MET,Meta,,department,,GADM,3.264874,-72.861434
COL,CO-NAR,Nariño,,department,,GADM,1.523007,-77.867815
COL,CO-NSA,Norte de Santander,Norte De Santander,department,,GADM,8.083966,-72.864310
COL,CO-PUT,Putumayo,,department,,GADM,0.481626,-76.161359
COL,CO-QUI,Quindío,,department,,GADM,4.398207,-75.694408
COL,CO-RIS,Risaralda,,department,,GADM,5.097089,-75.998204
COL,CO-SAP,"San Andrés, Providencia y Santa Catalina",San Andrés,department,,GADM,13.353056,-81.375279
COL,CO-SAN,Santander,,department,,GADM,6.929507,-73.267234
COL,CO-SUC,Sucre,,department,,GADM,9.213089,-75.187448
COL,CO-TOL,Tolima,,department,,GADM,4.095419,-75.117253
COL,CO-VAC,Valle del Cauca,"Valle Del Cauca, Valle de Cauca",department,,GADM,4.038640,-76.131770
COL,CO-VAU,Vaupés,Vaupes,department,,GADM,0.419482,-70.943909
COL,CO-VID,Vichada,,department,,GADM,4.532541,-69.468101
COM,KM-A,Anjouan,,island,2020-11-24,GADM,-12.226806,44.411806
COM,KM-G,Grande Comore,,island,2020-11-24,GADM,-11.652638,43.330833
COM,KM-M,Mohéli,,island,2020-11-24,GADM,-12.320555,43.720417
CPV,CV-BV,Boa Vista,,municipality,2020-11-24,GADM,16.102499,-22.799721
CPV,CV-BR,Brava,,municipality,2020-11-24,GADM,14.851389,-24.708474
CPV,CV-MA,Maio,,municipality,2020-11-24,GADM,15.227777,-23.155695
CPV,CV-MO,Mosteiros,,municipality,2020-11-24,GADM,15.002501,-24.338240
CPV,CV-PA,Paul,,municipality,2020-11-24,GADM,17.121389,-25.026269
CPV,CV-PN,Porto Novo,,municipality,2020-11-24,GADM,17.019167,-25.188056
CPV,CV-PR,Praia,,municipality,2020-11-24,GADM,14.946250,-23.521419
CPV,CV-RB,Ribeira Brava,,municipality,2020-11-24,GADM,16.580555,-24.085556
CPV,CV-RG,Ribeira Grande,,municipality,2020-11-24,GADM,17.142360,-25.135490
CPV,CV-RS,Ribeira Grande de Santiago,,municipality,2020-11-24,GADM,14.981296,-23.657746
CPV,CV-SL,Sal,,municipality,2020-11-24,GADM,16.720556,-22.938750
CPV,CV-CA,Santa Catarina,,municipality,2020-11-24,GADM,15.093611,-23.718380
CPV,CV-CF,Santa Catarina do Fogo,,municipality,2020-11-24,GADM,14.929619,-24.337155
CPV,CV-CR,Santa Cruz,,municipality,2020-11-24,GADM,15.113056,-23.547423
CPV,CV-SD,São Domingos,,municipality,2020-11-24,GADM,15.032917,-23.532731
CPV,CV-SF,São Filipe,,municipality,2020-11-24,GADM,14.921389,-24.443466
CPV,CV-SO,São Lourenço dos Órgãos,,municipality,2020-11-24,GADM,15.070047,-23.594815
CPV,CV-SM,São Miguel,,municipality,2020-11-24,GADM,15.191250,-23.643828
CPV,CV-SS,São Salvador do Mundo,,municipality,2020-11-24,GADM,15.087877,-23.638674
CPV,CV-SV,São Vicente,,municipality,2020-11-24,GADM,16.849445,-24.972499
CPV,CV-TA,Tarrafal,,municipality,2020-11-24,GADM,15.267222,-23.722084
CPV,CV-TS,Tarrafal de São Nicolau,,municipality,2020-11-24,GADM,16.576251,-24.335505
CRI,CR-A,Alajuela,,province,,GADM,10.463454,-84.467529
CRI,CR-C,Cartago,,province,,GADM,9.816024,-83.694213
CRI,CR-G,Guanacaste,,province,,GADM,10.474250,-85.276850
CRI,CR-H,Heredia,,province,,GADM,10.376427,-84.013017
CRI,CR-L,Limón,,province,,GADM,10.008345,-83.371809
CRI,CR-P,Puntarenas,,province,,GADM,9.190391,-83.274761
CRI,CR-SJ,San José,,province,,GADM,9.632931,-84.066377
CUB,CU-15,Artemisa,,province,,COD-AB,22.769960,-82.870703
CUB,CU-09,Camagüey,Camaguey,province,,COD-AB,21.507500,-77.950417
CUB,CU-08,Ciego de Ávila,Ciego de Avila,province,,COD-AB,21.954815,-78.580064
CUB,CU-06,Cienfuegos,,province,,COD-AB,22.185945,-80.487802
CUB,CU-12,Granma,,province,,COD-AB,20.290834,-76.762594
CUB,CU-14,Guantánamo,,province,,COD-AB,20.233057,-74.785913
CUB,CU-11,Holguín,,province,,COD-AB,20.827223,-76.236788
CUB,CU-99,Isla de la Juventud,Isle of Youth,special municipality,,COD-AB,21.690833,-82.813473
CUB,CU-03,La Habana,,province,,COD-AB,23.060112,-82.307587
CUB,CU-10,Las Tunas,,province,,COD-AB,21.049782,-76.872362
CUB,CU-04,Matanzas,,province,,COD-AB,22.610294,-81.084995
CUB,CU-16,Mayabeque,,province,,COD-AB,22.864472,-82.057379
CUB,CU-01,Pinar del Río,Pinar del Rio,province,,COD-AB,22.332975,-83.834030
CUB,CU-07,Sancti Spíritus,Sancti Spiritus,province,,COD-AB,21.999953,-79.358917
CUB,CU-13,Santiago de Cuba,,province,,COD-AB,20.235950,-75.913178
CUB,CU-05,Villa Clara,,province,,COD-AB,22.483820,-79.834840
CYP,CY-04,Ammochostos,,district,,WOF,35.326405,33.820862
CYP,CY-06,Keryneia,,district,,WOF,35.317896,33.275957
CYP,CY-03,Larnaka,Larnaca,district,,WOF,34.916977,33.470487
CYP,CY-01,Lefkosia,Nicosia province,district,,WOF,35.086593,33.072704
CYP,CY-02,Lemesos,,district,,WOF,34.763102,32.997321
CYP,CY-05,Pafos,,district,,WOF,34.917500,32.497970
CZE,CZ-31,Jihočeský,Jihocesky,region,2020-11-24,GADM,49.086514,14.605632
CZE,CZ-64,Jihomoravský,"Jihomoravsky, South Moravian",region,2020-11-24,GADM,49.130548,16.724230
CZE,CZ-41,Karlovarský,Karlovy Vary,region,2020-11-24,GADM,50.175537,12.812439
CZE,CZ-63,Kraj Vysočina,,region,2020-11-24,GADM,49.401541,15.646572
CZE,CZ-52,Královéhradecký,,region,2020-11-24,GADM,50.414427,15.684956
CZE,CZ-51,Liberecký,,region,2020-11-24,GADM,50.752941,14.983203
CZE,CZ-80,Moravskoslezský,"Moravia-Silesia, Moravskoslezsky",region,2020-11-24,GADM,49.866728,17.887047
CZE,CZ-71,Olomoucký,"Olomouc, Olomoucky",region,2020-11-24,GADM,49.875557,16.956602
CZE,CZ-53,Pardubický,,region,2020-11-24,GADM,49.894068,16.128559
CZE,CZ-32,Plzeňský,Plzensky,region,2020-11-24,GADM,49.525249,13.211644
CZE,CZ-10,Praha,Prague,capital city,2020-11-24,GADM,50.056288,14.457321
CZE,CZ-20,Středočeský,"Central Bohemia, Central Bohemian, Stredocesky, Střední Čechy",region,2020-11-24,GADM,50.063412,13.858290
CZE,CZ-42,Ústecký,"Ustecky, Ustecky kraj",region,2020-11-24,GADM,50.566566,13.813289
CZE,CZ-72,Zlínský,,region,2020-11-24,GADM,49.212442,17.654791
DEU,DE-BW,Baden-Württemberg,Baden-Wuerttemberg,Land,,GADM,48.659916,9.073923
DEU,DE-BY,Bayern,Bavaria,Land,,GADM,48.944696,11.967112
DEU,DE-BE,Berlin,,Land,,GADM,52.508213,13.397129
DEU,DE-BB,Brandenburg,,Land,,GADM,52.472609,14.141523
DEU,DE-HB,Bremen,Free Hanseatic City of Bremen,Land,,GADM,53.120251,8.807329
DEU,DE-HH,Hamburg,,Land,,GADM,53.567312,9.941430
DEU,DE-HE,Hessen,Hesse,Land,,GADM,50.539719,9.083992
DEU,DE-MV,Mecklenburg-Vorpommern,"Mecklenburg, Mecklenburg-Western Pomerania",Land,,GADM,53.802843,12.513022
DEU,DE-NI,Niedersachsen,Lower Saxony,Land,,GADM,52.612994,8.824620
DEU,DE-NW,Nordrhein-Westfalen,North Rhine-Westphalia,Land,,GADM,51.440752,7.567978
DEU,DE-RP,Rheinland-Pfalz,"Rhineland-Palatinate, Rhineland-Pfalz",Land,,GADM,49.964476,7.261990
DEU,DE-SL,Saarland,,Land,,GADM,49.376390,6.969875
DEU,DE-SN,Sachsen,Saxony,Land,,GADM,50.934403,13.517670
DEU,DE-ST,Sachsen-Anhalt,Saxony-Anhalt,Land,,GADM,52.002192,11.549691
DEU,DE-SH,Schleswig-Holstein,,Land,,GADM,54.216667,9.962222
DEU,DE-TH,Thüringen,Thuringia,Land,,GADM,50.932463,11.315360
DJI,DJ-AS,Ali Sabieh,,region,2020-11-24,GADM,11.214919,42.843468
DJI,DJ-AR,Arta,,region,2020-11-24,GADM,11.450690,42.599862
DJI,DJ-DI,Dikhil,,region,2020-11-24,GADM,11.447786,42.035816
DJI,DJ-DJ,Djibouti,,city,2020-11-24,GADM,11.576806,43.033069
DJI,DJ-OB,Obock,,region,2020-11-24,GADM,12.274496,43.060938
DJI,DJ-TA,Tadjourah,,region,2020-11-24,GADM,12.029988,42.515189
DMA,DM-02,Saint Andrew,,parish,,GADM,15.545933,-61.351965
DMA,DM-03,Saint David,,parish,,GADM,15.422084,-61.287978
DMA,DM-04,Saint George,,parish,,GADM,15.306528,-61.348410
DMA,DM-05,Saint John,,parish,,GADM,15.574305,-61.434605
DMA,DM-06,Saint Joseph,,parish,,GADM,15.445001,-61.382694
DMA,DM-07,Saint Luke,,parish,,GADM,15.251806,-61.360914
DMA,DM-08,Saint Mark,,parish,,GADM,15.227777,-61.349126
DMA,DM-09,Saint Patrick,,parish,,GADM,15.277647,-61.296403
DMA,DM-10,Saint Paul,,parish,,GADM,15.364446,-61.362212
DMA,DM-11,Saint Peter,,parish,,GADM,15.500458,-61.440517
DNK,DK-84,Hovedstaden,,region,,GADM,55.862593,12.313335
DNK,DK-82,Midtjylland,"Central Denmark Region, Region Midtjylland)",region,,GADM,56.240011,9.236111
DNK,DK-81,Nordjylland,North Denmark Region,region,,GADM,56.815676,9.727222
DNK,DK-85,Sjælland,Region Zealand,region,,GADM,55.490000,11.687500
DNK,DK-83,Syddanmark,Region of Southern Denmark,region,,GADM,55.382120,9.131390
DOM,DO-02,Azua,,province,,GADM,18.622552,-70.889727
DOM,DO-03,Baoruco,,province,,GADM,18.489122,-71.327770
DOM,DO-04,Barahona,,province,,GADM,18.181945,-71.243684
DOM,DO-05,Dajabón,,province,,GADM,19.435557,-71.566382
DOM,DO-01,Distrito Nacional (Santo Domingo),Distrito Nacional,district,,GADM,18.483269,-69.920218
DOM,DO-06,Duarte,,province,,GADM,19.277223,-70.186029
DOM,DO-08,El Seibo,,province,,GADM,18.789762,-69.021845
DOM,DO-07,Elías Piña,,province,,GADM,18.964984,-71.706711
DOM,DO-09,Espaillat,,province,,GADM,19.500813,-70.488329
DOM,DO-30,Hato Mayor,,province,,GADM,18.815877,-69.343213
DOM,DO-19,Hermanas Mirabal,,province,,GADM,19.390784,-70.375186
DOM,DO-10,Independencia,,province,,GADM,18.417204,-71.630899
DOM,DO-11,La Altagracia,,province,,GADM,18.588750,-68.598230
DOM,DO-12,La Romana,,province,,GADM,18.530810,-68.961199
DOM,DO-13,La Vega,,province,,GADM,19.023266,-70.716759
DOM,DO-14,María Trinidad Sánchez,,province,,GADM,19.440304,-70.003360
DOM,DO-28,Monseñor Nouel,,province,,GADM,18.919264,-70.410664
DOM,DO-15,Monte Cristi,Montecristi,province,,GADM,19.714946,-71.438552
DOM,DO-29,Monte Plata,,province,,GADM,18.838719,-69.830238
DOM,DO-16,Pedernales,,province,,GADM,17.948752,-71.519355
DOM,DO-17,Peravia,,province,,GADM,18.349921,-70.358518
DOM,DO-18,Puerto Plata,,province,,GADM,19.719861,-70.718317
DOM,DO-20,Samaná,,province,,GADM,19.178050,-69.650729
DOM,DO-21,San Cristóbal,,province,,GADM,18.518174,-70.212208
DOM,DO-31,San José de Ocoa,,province,,GADM,18.606607,-70.508677
DOM,DO-22,San Juan,,province,,GADM,18.880775,-71.314138
DOM,DO-23,San Pedro de Macorís,,province,,GADM,18.609258,-69.481413
DOM,DO-24,Sánchez Ramírez,,province,,GADM,19.000576,-70.145888
DOM,DO-25,Santiago,,province,,GADM,19.332502,-70.931710
DOM,DO-26,Santiago Rodríguez,,province,,GADM,19.362395,-71.339437
DOM,DO-32,Santo Domingo,,province,,GADM,18.563806,-69.855955
DOM,DO-27,Valverde,,province,,GADM,19.585653,-71.022200
DZA,DZ-01,Adrar,,province,2022-11-29,Kontur,26.514654,-1.336388
DZA,DZ-44,Aïn Defla,,province,2022-11-29,Kontur,36.159227,2.081388
DZA,DZ-46,Aïn Témouchent,,province,2022-11-29,Kontur,35.365581,-0.945078
DZA,DZ-16,Alger,Algiers,province,2022-11-29,Kontur,36.700313,3.029230
DZA,DZ-23,Annaba,,province,2022-11-29,Kontur,36.843888,7.598307
DZA,DZ-05,Batna,,province,2022-11-29,Kontur,35.340486,5.731381
DZA,DZ-08,Béchar,Bechar,province,2022-11-29,Kontur,31.391563,-2.011322
DZA,DZ-06,Béjaïa,Bejaia,province,2022-11-29,Kontur,36.557527,4.786780
DZA,DZ-52,Béni Abbès,,province,2022-11-29,Kontur,29.112855,-2.646516
DZA,DZ-07,Biskra,,province,2022-11-29,Kontur,34.785392,5.811694
DZA,DZ-09,Blida,,province,2022-11-29,Kontur,36.501368,2.951894
DZA,DZ-50,Bordj Badji Mokhtar,,province,2022-11-29,Kontur,22.673521,0.121467
DZA,DZ-34,Bordj Bou Arréridj,,province,2022-11-29,Kontur,36.096651,4.659939
DZA,DZ-10,Bouira,,province,2022-11-29,Kontur,36.232337,3.909277
DZA,DZ-35,Boumerdès,,province,2022-11-29,Kontur,36.736073,3.616319
DZA,DZ-02,Chlef,,province,2022-11-29,Kontur,36.204110,1.268280
DZA,DZ-25,Constantine,,province,2022-11-29,Kontur,36.358873,6.638148
DZA,DZ-56,Djanet,,province,2022-11-29,Kontur,24.070590,9.616160
DZA,DZ-17,Djelfa,,province,2022-11-29,Kontur,34.356051,3.208367
DZA,DZ-32,El Bayadh,,province,2022-11-29,Kontur,32.587091,1.123009
DZA,DZ-57,El Meghaier,,province,2022-11-29,Kontur,33.958070,5.701129
DZA,DZ-58,El Meniaa,,province,2022-11-29,Kontur,30.750272,3.056183
DZA,DZ-39,El Oued,,province,2022-11-29,Kontur,33.222855,7.152189
DZA,DZ-36,El Tarf,El Taref,province,2022-11-29,Kontur,36.672429,8.070805
DZA,DZ-47,Ghardaïa,Ghardaia,province,2022-11-29,Kontur,32.440843,3.561847
DZA,DZ-24,Guelma,,province,2022-11-29,Kontur,36.349712,7.409249
DZA,DZ-33,Illizi,,province,2022-11-29,Kontur,27.906038,7.817710
DZA,DZ-54,In Guezzam,,province,2022-11-29,Kontur,20.427531,4.676630
DZA,DZ-53,In Salah,,province,2022-11-29,Kontur,27.226152,3.534394
DZA,DZ-18,Jijel,,province,2022-11-29,Kontur,36.729219,5.960778
DZA,DZ-40,Khenchela,,province,2022-11-29,Kontur,34.917429,6.908874
DZA,DZ-03,Laghouat,,province,2022-11-29,Kontur,33.753677,2.640755
DZA,DZ-28,M'sila,M'Sila,province,2022-11-29,Kontur,35.134461,4.193210
DZA,DZ-29,Mascara,,province,2022-11-29,Kontur,35.398899,0.242358
DZA,DZ-26,Médéa,,province,2022-11-29,Kontur,35.976868,3.012394
DZA,DZ-43,Mila,Mila Province,province,2022-11-29,Kontur,36.251130,6.161670
DZA,DZ-27,Mostaganem,,province,2022-11-29,Kontur,36.003522,0.369786
DZA,DZ-45,Naama,Naâma,province,2022-11-29,Kontur,33.243730,-0.816836
DZA,DZ-31,Oran,,province,2022-11-29,Kontur,35.621874,-0.701288
DZA,DZ-30,Ouargla,Ouargla Province,province,2022-11-29,Kontur,31.038494,6.767939
DZA,DZ-51,Ouled Djellal,,province,2022-11-29,Kontur,34.111866,4.822647
DZA,DZ-04,Oum el Bouaghi,Oum El Bouaghi,province,2022-11-29,Kontur,35.811497,7.017152
DZA,DZ-48,Relizane,,province,2022-11-29,Kontur,35.837316,0.912934
DZA,DZ-20,Saïda,,province,2022-11-29,Kontur,34.743981,0.243212
DZA,DZ-19,Sétif,Setif,province,2022-11-29,Kontur,36.107248,5.556426
DZA,DZ-22,Sidi Bel Abbès,,province,2022-11-29,Kontur,34.686483,-0.436624
DZA,DZ-21,Skikda,,province,2022-11-29,Kontur,36.755083,6.885350
DZA,DZ-41,Souk Ahras,,province,2022-11-29,Kontur,36.138758,7.825357
DZA,DZ-11,Tamanrasset,,province,2022-11-29,Kontur,23.978810,4.478282
DZA,DZ-12,Tébessa,,province,2022-11-29,Kontur,35.130667,7.906313
DZA,DZ-14,Tiaret,,province,2022-11-29,Kontur,34.894758,1.594579
DZA,DZ-49,Timimoun,,province,2022-11-29,Kontur,30.037651,0.860313
DZA,DZ-37,Tindouf,,province,2022-11-29,Kontur,27.591460,-6.263657
DZA,DZ-42,Tipaza,,province,2022-11-29,Kontur,36.527539,2.167514
DZA,DZ-38,Tissemsilt,,province,2022-11-29,Kontur,35.786302,1.834151
DZA,DZ-15,Tizi Ouzou,,province,2022-11-29,Kontur,36.681992,4.237004
DZA,DZ-13,Tlemcen,,province,2022-11-29,Kontur,34.669058,-1.296175
DZA,DZ-55,Touggourt,,province,2022-11-29,Kontur,32.985625,6.233023
ECU,EC-A,Azuay,,province,,GADM,-3.072158,-79.219274
ECU,EC-B,Bolívar,,province,,GADM,-1.652585,-79.071135
ECU,EC-F,Cañar,,province,,GADM,-2.526640,-78.994637
ECU,EC-C,Carchi,,province,,GADM,0.771087,-77.975514
ECU,EC-H,Chimborazo,,province,,GADM,-2.028714,-78.740194
ECU,EC-X,Cotopaxi,,province,,GADM,-0.775885,-78.791442
ECU,EC-O,El Oro,,province,,GADM,-3.468801,-79.841853
ECU,EC-E,Esmeraldas,Esmeralda,province,,GADM,0.714980,-79.303678
ECU,EC-W,Galápagos,,province,,GADM,-0.628440,-90.364590
ECU,EC-G,Guayas,,province,,GADM,-1.954720,-79.926580
ECU,EC-I,Imbabura,,province,,GADM,0.498598,-78.330618
ECU,EC-L,Loja,,province,,GADM,-4.038648,-79.803379
ECU,EC-R,Los Ríos,,province,,GADM,-1.335724,-79.538071
ECU,EC-M,Manabí,,province,,GADM,-0.782956,-80.059933
ECU,EC-S,Morona Santiago,Morona-Santiago,province,,GADM,-2.518605,-77.733454
ECU,EC-N,Napo,,province,,GADM,-0.607379,-77.951797
ECU,EC-D,Orellana,,province,,GADM,-0.797367,-76.221388
ECU,EC-Y,Pastaza,,province,,GADM,-1.803757,-76.822600
ECU,EC-P,Pichincha,,province,,GADM,-0.175176,-78.494609
ECU,EC-SE,Santa Elena,,province,,GADM,-2.087787,-80.524083
ECU,EC-SD,Santo Domingo de los Tsáchilas,,province,,GADM,-0.336957,-79.174771
ECU,EC-U,Sucumbíos,Sucumbios,province,,GADM,0.003214,-76.683783
ECU,EC-T,Tungurahua,,province,,GADM,-1.258915,-78.500558
ECU,EC-Z,Zamora Chinchipe,Zamora,province,,GADM,-4.179328,-78.847638
EGY,EG-SHR,Al Sharqia,"Ash Sharqīyah, Sharqia Governorate",governorate,,GADM,30.644740,31.774218
EGY,EG-ALX,Alexandria,Al Iskandarīyah,governorate,,GADM,30.810846,29.693543
EGY,EG-ASN,Aswan,"Aswan Governorate, Aswān",governorate,,GADM,23.677566,32.677016
EGY,EG-AST,Asyut,"Assiut, Asyūţ",governorate,,GADM,27.289987,31.611059
EGY,EG-BH,Beheira,"Al Buhayrah, Al Buḩayrah, El Beheira, The Lake",governorate,,GADM,30.677798,30.351999
EGY,EG-BNS,Beni Suef,Banī Suwayf,governorate,,GADM,28.866059,30.823673
EGY,EG-C,Cairo,"Al Qāhirah, Cairo Governorate",governorate,,GADM,29.979220,31.568179
EGY,EG-DK,Dakahlia,"Ad Dakahliya, Ad Daqahlīyah",governorate,,GADM,31.048791,31.529087
EGY,EG-DT,Damietta,Dumyāţ,governorate,,GADM,31.346762,31.685909
EGY,EG-FYM,Faiyum,Al Fayyūm,governorate,,GADM,29.317432,30.584737
EGY,EG-GH,Gharbia,Al Gharbīyah,governorate,,GADM,30.873129,31.007416
EGY,EG-GZ,Giza,"Al Jīzah, Giza Governorate",governorate,,GADM,29.042202,29.465452
EGY,EG-IS,Ismailia,"Al Ismailia, Al Ismā'īlīyah",governorate,,GADM,30.601061,32.445174
EGY,EG-KFS,Kafr el-Sheikh,"Kafr El Sheikh, Kafr ash Shaykh, West Nile",governorate,,GADM,31.299379,30.898995
EGY,EG-LX,Luxor,Al Uqşur,governorate,,GADM,25.683301,32.692829
EGY,EG-MT,Matrouh,"Marsa Matrouh, Matrouh Governorate, Matruh, Maţrūḩ",governorate,,GADM,29.689876,27.418724
EGY,EG-MN,Minya,"Al Minya, Al Minyā, Menia",governorate,,GADM,28.206692,30.915140
EGY,EG-MNF,Monufia,"Al Minūfīyah, Menofia",governorate,,GADM,30.472896,30.974441
EGY,EG-WAD,New Valley,Al Wādī al Jadīd,governorate,,GADM,24.873058,28.748927
EGY,EG-SIN,North Sinai,Shamāl Sīnā',governorate,,GADM,30.420037,33.699484
EGY,EG-PTS,Port Said,Būr Sa‘īd,governorate,,GADM,31.132257,32.289014
EGY,EG-KB,Qalyubia,"Al Qalyubia, Al Qalyūbīyah, Al-Qalyubia",governorate,,GADM,30.359947,31.208083
EGY,EG-KN,Qena,Qinā,governorate,,GADM,25.928595,33.081470
EGY,EG-BA,Red Sea,"Al Bahr al Ahmar, Al Baḩr al Aḩmar, Red Sea Governate, Red Sea Governorate, Red. Sea Governorate",governorate,,GADM,25.504167,33.980270
EGY,EG-SHG,Sohag,Sūhāj,governorate,,GADM,26.739335,32.057414
EGY,EG-JS,South Sinai,Janūb Sīnā',governorate,,GADM,28.838889,33.900000
EGY,EG-SUZ,Suez,"As Suways, As Suways, Suez Governorate",governorate,,GADM,29.633008,32.125648
ERI,ER-AN,‘Anseba,,region,,GADM,16.541737,37.559138
ERI,ER-DU,Debub,Debub Region,region,,GADM,14.831407,39.028947
ERI,ER-DK,Debubawi K’eyyĭḥ Baḥri,,region,,GADM,13.694444,41.674246
ERI,ER-GB,Gash-Barka,,region,,GADM,15.269477,37.641575
ERI,ER-MA,Ma’ĭkel,Maekel Region,region,,GADM,15.351604,38.883261
ERI,ER-SK,Semienawi K’eyyĭḥ Baḥri,,region,,GADM,16.201667,38.845559
ESH,EH-01,Boujdour,,province,,COD-AB,-13.401626,25.361945
ESH,EH-02,Es-Semara,,province,,COD-AB,-10.489548,26.850426
ESH,EH-03,Laayoune,,province,,COD-AB,-13.225466,26.533333
ESH,EH-04,Oued el Dahab,,province,,COD-AB,-14.741230,22.691667
ESP,ES-AN,Andalucía,"Andalucia, Andalusia",autonomous community,2020-11-24,Kontur,37.376429,-4.534633
ESP,ES-AR,Aragón,Aragon,autonomous community,2020-11-24,Kontur,41.403902,-0.815281
ESP,ES-AS,Asturias,,autonomous community,2020-11-24,Kontur,43.272176,-5.854090
ESP,ES-CN,Canarias,"Canary Islands, Gran Canaria, Islas Canarias, Las Islas Canarias",autonomous community,2020-11-24,Kontur,28.294001,-16.621241
ESP,ES-CB,Cantabria,,autonomous community,2020-11-24,Kontur,43.137016,-4.264157
ESP,ES-CL,Castilla y León,"Castile and León, Castilla y Leon, Castilla y Léon",autonomous community,2020-11-24,Kontur,41.679560,-4.105863
ESP,ES-CM,Castilla-La Mancha,"Castile-La Mancha, Castilia-La Mancha, Castilla La Mancha, Castilla la Mancha, Castilla-La  Mancha, Castilla–La Mancha",autonomous community,2020-11-24,Kontur,39.695398,-3.208345
ESP,ES-CT,Catalunya,"Catalonia, Catalonia Region, Cataluña",autonomous community,2020-11-24,Kontur,41.702884,1.616022
ESP,ES-CE,Ceuta,,autonomous city in North Africa,2020-11-24,Kontur,35.894422,-5.355817
ESP,ES-EX,Extremadura,"Extemadura, Extremedura",autonomous community,2020-11-24,Kontur,39.224921,-5.977254
ESP,ES-GA,Galicia,Galacia,autonomous community,2020-11-24,Kontur,42.806810,-7.880618
ESP,ES-IB,Illes Balears,"Balearic Islands, Islas Baleares",autonomous community,2020-11-24,Kontur,39.614299,2.888524
ESP,ES-RI,La Rioja,Rioja,autonomous community,2020-11-24,Kontur,42.283085,-2.482479
ESP,ES-MD,Madrid,"Community of Madrid, Comunidad Autónoma de Madrid, Comunidad autónoma de Madrid, Comunidad de Madrid, Área metropolitana de Madrid",autonomous community,2020-11-24,Kontur,40.528231,-3.772916
ESP,ES-ML,Melilla,,autonomous city in North Africa,2020-11-24,Kontur,35.292911,-2.950720
ESP,ES-MC,Murcia,"Murica, Region of Murcia, Región de Murcia",autonomous community,2020-11-24,Kontur,38.067569,-1.672743
ESP,ES-NC,Navarra,"Comunidad Foral de Navarra, Navarre",autonomous community,2020-11-24,Kontur,42.616342,-1.826274
ESP,ES-PV,País Vasco,"Autonomous Community of the Basque Country, Basque Country, Vizcaya",autonomous community,2020-11-24,Kontur,42.966082,-2.564396
ESP,ES-VC,Valenciana,"Comunidad Valenciana, Comunitat Valenciana, Valencia, Valencian Community",autonomous community,2020-11-24,Kontur,39.331798,-0.787965
EST,EE-37,Harjumaa,"Harju, Harju County",county,2020-11-24,GADM,59.334076,25.008438
EST,EE-39,Hiiumaa,,county,2020-11-24,GADM,58.890770,22.708531
EST,EE-45,Ida-Virumaa,Ida-Viru County,county,2020-11-24,GADM,59.184841,27.433203
EST,EE-52,Järvamaa,,county,2020-11-24,GADM,58.953609,25.730624
EST,EE-50,Jõgevamaa,,county,2020-11-24,GADM,58.720759,26.469507
EST,EE-60,Lääne-Virumaa,,county,2020-11-24,GADM,59.258581,26.328949
EST,EE-56,Läänemaa,,county,2020-11-24,GADM,58.893000,23.789609
EST,EE-68,Pärnumaa,Pärnu County,county,2020-11-24,GADM,58.315912,24.842975
EST,EE-64,Põlvamaa,,county,2020-11-24,GADM,58.043499,27.092667
EST,EE-71,Raplamaa,,county,2020-11-24,GADM,58.943314,24.698031
EST,EE-74,Saaremaa,,county,2020-11-24,GADM,58.297688,22.371981
EST,EE-79,Tartumaa,,county,2020-11-24,GADM,58.389845,26.712703
EST,EE-81,Valgamaa,,county,2020-11-24,GADM,57.879602,26.103446
EST,EE-84,Viljandimaa,,county,2020-11-24,GADM,58.324917,25.486760
EST,EE-87,Võrumaa,,county,2020-11-24,GADM,57.736042,26.996971
ETH,ET-AA,Addis Ababa,,administration,2022-11-29,COD-AB,8.967698,38.772902
ETH,ET-AF,Afar,Afar Region,regional state,2022-11-29,COD-AB,11.690503,40.876163
ETH,ET-AM,Amara,"Amhara, Amhara Region",regional state,2022-11-29,COD-AB,11.247556,38.317090
ETH,ET-BE,Benshangul-Gumaz,Benishangul-Gumuz Region,regional state,2022-11-29,COD-AB,10.477028,35.344799
ETH,ET-DD,Dire Dawa,,administration,2022-11-29,COD-AB,9.625688,41.876223
ETH,ET-GA,Gambela Peoples,Gambela Region,regional state,2022-11-29,COD-AB,7.503854,34.519437
ETH,ET-HA,Harari People,,regional state,2022-11-29,COD-AB,9.292182,42.161002
ETH,ET-OR,Oromia,"Oromia Region, Oromiya",regional state,2022-11-29,COD-AB,6.962898,40.417789
ETH,ET-SI,Sidama,,regional state,2022-11-29,COD-AB,6.651685,38.477924
ETH,ET-SO,Somali,Somali Region,regional state,2022-11-29,COD-AB,7.268670,44.711077
ETH,ET-SN,"Southern Nations, Nationalities and Peoples","Southern Nations, Nationalities, and Peoples",regional state,2022-11-29,COD-AB,6.449940,37.056708
ETH,ET-SW,Southwest Ethiopia Peoples,,regional state,2022-11-29,COD-AB,6.715721,36.201890
ETH,ET-TI,Tigrai,Tigray,regional state,2022-11-29,COD-AB,13.553968,39.133896
FIN,FI-01,Ahvenanmaan,,region,2022-11-29,WOF,60.158715,20.085799
FIN,FI-02,Etelä-Karjala,South Karelia,region,2022-11-29,WOF,61.271379,28.415518
FIN,FI-03,Etelä-Pohjanmaa,"South Ostrobothnia, Southern Ostrobothnia",region,2022-11-29,WOF,62.748874,23.105229
FIN,FI-04,Etelä-Savo,,region,2022-11-29,WOF,61.913410,27.977477
FIN,FI-05,Kainuu,,region,2022-11-29,WOF,64.610142,28.320991
FIN,FI-06,Kanta-Häme,,region,2022-11-29,WOF,60.941031,24.429179
FIN,FI-07,Keski-Pohjanmaa,Central Ostrobothnia,region,2022-11-29,WOF,63.652674,24.115589
FIN,FI-08,Keski-Suomi,Central Finland,region,2022-11-29,WOF,62.551712,25.535219
FIN,FI-09,Kymenlaakso,,region,2022-11-29,WOF,60.736823,27.081009
FIN,FI-10,Lappi,Lapland,region,2022-11-29,WOF,67.815166,26.559206
FIN,FI-16,Päijät-Häme,Paijat-Hame,region,2022-11-29,WOF,61.241807,25.804065
FIN,FI-11,Pirkanmaa,,region,2022-11-29,WOF,61.726581,23.714010
FIN,FI-12,Pohjanmaa,Ostrobothnia,region,2022-11-29,WOF,62.983675,21.368784
FIN,FI-13,Pohjois-Karjala,North Karelia,region,2022-11-29,WOF,62.821999,30.255116
FIN,FI-14,Pohjois-Pohjanmaa,"North Ostrobothnia, Northern Ostrobothnia",region,2022-11-29,WOF,65.000693,25.672344
FIN,FI-15,Pohjois-Savo,"North Savo, Pohjois Savo",region,2022-11-29,WOF,63.104452,27.511838
FIN,FI-17,Satakunta,,region,2022-11-29,WOF,61.601496,21.793393
FIN,FI-18,Uusimaa,,region,2022-11-29,WOF,60.231950,25.123547
FIN,FI-19,Varsinais-Suomi,"South-Western Finland, Southwest Finland, Southwestern Finland, Varsinais-Finland",region,2022-11-29,WOF,60.315321,22.419451
FJI,FJ-C,Central,,division,,GADM,-17.917409,178.290805
FJI,FJ-E,Eastern,,division,,GADM,-18.217353,-178.787622
FJI,FJ-N,Northern,,division,,GADM,-16.578440,179.193273
FJI,FJ-R,Rotuma,,dependency,,GADM,-12.502063,177.093604
FJI,FJ-W,Western,,division,,GADM,-17.775555,177.699524
FRA,FR-ARA,Auvergne-Rhône-Alpes,,metropolitan region,2021-11-25,GADM,45.476631,4.791812
FRA,FR-BFC,Bourgogne-Franche-Comté,,metropolitan region,2021-11-25,GADM,47.289869,4.940990
FRA,FR-BRE,Bretagne,Brittany,metropolitan region,2021-11-25,GADM,48.168077,-2.684752
FRA,FR-CVL,Centre-Val de Loire,"Centre-Loire Valley, Centre-Val De Loire, Centre-Val-de-Loire",metropolitan region,2021-11-25,GADM,47.662308,1.739120
FRA,FR-20R,Corse,,metropolitan collectivity with special status,2021-11-25,GADM,42.193333,9.067916
FRA,FR-GES,Grand-Est,Grand Est,metropolitan region,2021-11-25,GADM,48.814102,5.792225
FRA,FR-HDF,Hauts-de-France,"Haus-de-France, Hauts de France, Hauts-De-France",metropolitan region,2021-11-25,GADM,49.976789,2.856851
FRA,FR-IDF,Île-de-France,Ile-de-France,metropolitan region,2021-11-25,GADM,48.680986,2.530658
FRA,FR-NOR,Normandie,Normandy,metropolitan region,2021-11-25,GADM,49.134623,0.031322
FRA,FR-NAQ,Nouvelle-Aquitaine,"New Aquitaine, Nouvelle Aquitaine, Nouvelle-Aquitane",metropolitan region,2021-11-25,GADM,45.018852,0.430042
FRA,FR-OCC,Occitanie,Occitania,metropolitan region,2021-11-25,GADM,43.704796,2.142758
FRA,FR-PDL,Pays-de-la-Loire,"Pays De La Loire, Pays de la Loire",metropolitan region,2021-11-25,GADM,47.429861,-1.135422
FRA,FR-PAC,Provence-Alpes-Côte-d’Azur,Provence-Alpes-Côte d'Azur,metropolitan region,2021-11-25,GADM,44.086321,6.236157
FSM,FM-TRK,Chuuk,,state,,GADM,7.376494,151.880627
FSM,FM-KSA,Kosrae,,state,,GADM,5.314209,162.980632
FSM,FM-PNI,Pohnpei,,state,,GADM,6.884862,158.240068
FSM,FM-YAP,Yap,,state,,GADM,9.528751,138.103676
GAB,GA-1,Estuaire,,province,,GADM,0.245555,10.270229
GAB,GA-2,Haut-Ogooué,Haut-Ogooué Province,province,,GADM,-1.223473,13.825715
GAB,GA-3,Moyen-Ogooué,,province,,GADM,-0.509843,10.505052
GAB,GA-4,Ngounié,Ngounié Province,province,,GADM,-1.719987,11.008332
GAB,GA-5,Nyanga,,province,,GADM,-3.121389,11.228206
GAB,GA-6,Ogooué-Ivindo,Ogooue-Ivindo,province,,GADM,0.343336,12.722565
GAB,GA-7,Ogooué-Lolo,,province,,GADM,-0.804305,12.527934
GAB,GA-8,Ogooué-Maritime,,province,,GADM,-1.552222,9.580956
GAB,GA-9,Woleu-Ntem,,province,,GADM,1.270027,12.259049
GBR,GB-ENG,England,,country,2022-11-29,Kontur,52.907735,-0.451391
GBR,GB-NIR,Northern Ireland,,province,2022-11-29,Kontur,54.664528,-6.574608
GBR,GB-SCT,Scotland,,country,2022-11-29,Kontur,57.899500,-5.493747
GBR,GB-WLS,Wales,,country,2022-11-29,Kontur,52.448401,-3.824754
GEO,GE-AB,Abkhazia,"Apkhazeti, Autonomous Republic of Abkhazia",autonomous republic,2020-11-24,GADM,42.998352,41.498539
GEO,GE-AJ,Ajaria,"Ach'ara, Autonomous Republic of Adjara",autonomous republic,2020-11-24,GADM,41.669771,42.095432
GEO,GE-GU,Guria,,region,2020-11-24,GADM,41.975971,42.114802
GEO,GE-IM,Imereti,Imereti region,region,2020-11-24,GADM,42.165228,42.947743
GEO,GE-KA,K'akheti,,region,2020-11-24,GADM,41.803900,45.710797
GEO,GE-KK,Kvemo Kartli,Lower Kartli,region,2020-11-24,GADM,41.502728,44.593383
GEO,GE-MM,Mtskheta-Mtianeti,,region,2020-11-24,GADM,42.221664,44.733343
GEO,GE-RL,Rach'a-Lechkhumi-Kvemo Svaneti,"Racha-Lechkhumi and Kvemo Svaneti region, Racha-Lechkhumi and Lower Svaneti",region,2020-11-24,GADM,42.637411,43.133586
GEO,GE-SZ,Samegrelo-Zemo Svaneti,Samegrelo-Upper Svaneti,region,2020-11-24,GADM,42.676271,42.254846
GEO,GE-SJ,Samtskhe-Javakheti,,region,2020-11-24,GADM,41.517372,43.233398
GEO,GE-SK,Shida Kartli,Inner Kartli,region,2020-11-24,GADM,42.170404,43.945958
GEO,GE-TB,Tbilisi,,city,2020-11-24,GADM,41.712231,44.784057
GHA,GH-AF,Ahafo,,region,2020-11-24,GADM,6.875486,-2.617769
GHA,GH-AH,Ashanti,Ashanti Region,region,2020-11-24,GADM,6.740699,-1.629035
GHA,GH-BO,Bono,Bono Region,region,2020-11-24,GADM,7.820383,-2.369359
GHA,GH-BE,Bono East,Bono East Region,region,2020-11-24,GADM,7.973937,-1.105373
GHA,GH-CP,Central,"Central Region, Central region",region,2020-11-24,GADM,5.664297,-1.158974
GHA,GH-EP,Eastern,Eastern Region,region,2020-11-24,GADM,6.457214,-0.411703
GHA,GH-AA,Greater Accra,Greater Accra Region,region,2020-11-24,GADM,5.790444,0.247565
GHA,GH-NE,North East,North East Region,region,2020-11-24,GADM,10.322262,-0.855449
GHA,GH-NP,Northern,Northern Region,region,2020-11-24,GADM,9.280277,0.002525
GHA,GH-OT,Oti,,region,2020-11-24,GADM,7.933010,0.241187
GHA,GH-SV,Savannah,Savannah Region,region,2020-11-24,GADM,9.049217,-1.494870
GHA,GH-UE,Upper East,,region,2020-11-24,GADM,10.725150,-0.819304
GHA,GH-UW,Upper West,Upper West Region,region,2020-11-24,GADM,10.335922,-2.213865
GHA,GH-TV,Volta,,region,2020-11-24,GADM,6.536301,0.457454
GHA,GH-WP,Western,Western Region,region,2020-11-24,GADM,5.445067,-2.111903
GHA,GH-WN,Western North,,region,2020-11-24,GADM,6.175501,-2.655943
GIN,GN-B,Boké,Boké Region,administrative region,2020-11-24,GADM,11.268489,-14.314759
GIN,GN-C,Conakry,,governorate,2020-11-24,GADM,9.627777,-13.553511
GIN,GN-F,Faranah,Faranah Region,administrative region,2020-11-24,GADM,10.521577,-10.984883
GIN,GN-K,Kankan,Kankan Region,administrative region,2020-11-24,GADM,10.639448,-9.381873
GIN,GN-D,Kindia,Kindia Region,administrative region,2020-11-24,GADM,10.214892,-13.019765
GIN,GN-L,Labé,,administrative region,2020-11-24,GADM,11.722194,-11.939592
GIN,GN-M,Mamou,,administrative region,2020-11-24,GADM,10.605519,-12.011346
GIN,GN-N,Nzérékoré,Nzérékoré Prefecture,administrative region,2020-11-24,GADM,8.391248,-8.889950
GMB,GM-B,Banjul,,city,,GADM,13.452222,-16.681153
GMB,GM-M,Central River,,division,,GADM,13.581724,-14.778827
GMB,GM-L,Lower River,Lower River Division,division,,GADM,13.401188,-15.710948
GMB,GM-N,North Bank,,division,,GADM,13.485055,-16.133410
GMB,GM-U,Upper River,,division,,GADM,13.396924,-14.149199
GMB,GM-W,Western,West Coast Division (The Gambia),division,,GADM,13.258585,-16.502277
GNB,GW-BA,Bafatá,,region,2020-11-24,GADM,12.138290,-14.754614
GNB,GW-BM,Biombo,Biombo Region,region,2020-11-24,GADM,11.880277,-15.781485
GNB,GW-BS,Bissau,"Bissau Autonomous Sector, SAB",autonomous sector,2020-11-24,GADM,11.869430,-15.612303
GNB,GW-BL,Bolama / Bijagós,,region,2020-11-24,GADM,11.539445,-16.329583
GNB,GW-CA,Cacheu,,region,2020-11-24,GADM,12.195000,-15.983072
GNB,GW-GA,Gabú,,region,2020-11-24,GADM,12.119489,-14.186604
GNB,GW-OI,Oio,Oio Region,region,2020-11-24,GADM,12.287470,-15.340595
GNB,GW-QU,Quinara,,region,2020-11-24,GADM,11.633319,-14.958325
GNB,GW-TO,Tombali,,region,2020-11-24,GADM,11.310556,-15.184583
GNQ,GQ-AN,Annobón,,province,2020-11-24,Kontur,-1.434384,5.637424
GNQ,GQ-BN,Bioko Norte,,province,2020-11-24,Kontur,3.647275,8.771979
GNQ,GQ-BS,Bioko Sur,,province,2020-11-24,Kontur,3.427967,8.621828
GNQ,GQ-CS,Centro Sur,,province,2020-11-24,Kontur,1.585470,10.302751
GNQ,GQ-DJ,Djibloho,,province,2020-11-24,Kontur,1.598346,10.797117
GNQ,GQ-KN,Kié-Ntem,,province,2020-11-24,Kontur,1.968140,11.087921
GNQ,GQ-LI,Litoral,Litoral Province,province,2020-11-24,Kontur,1.635582,9.803133
GNQ,GQ-WN,Wele-Nzas,,province,2020-11-24,Kontur,1.519175,11.078169
GRC,GR-69,Ágion Óros,,self-governed part,2020-11-24,WOF,40.283476,24.213769
GRC,GR-A,Anatolikí Makedonía kai Thráki,"East Macedonia and Thrace, Eastern Macedonia and Thrace, Macedonia and Thrace",administrative region,2020-11-24,WOF,41.236084,25.014224
GRC,GR-I,Attikí,Attica,administrative region,2020-11-24,WOF,37.992617,23.807951
GRC,GR-G,Dytikí Elláda,Western Greece,administrative region,2020-11-24,WOF,37.861813,21.492305
GRC,GR-C,Dytikí Makedonía,Western Macedonia,administrative region,2020-11-24,WOF,40.387227,21.434618
GRC,GR-F,Ionía Nísia,Ioanian Islands,administrative region,2020-11-24,WOF,37.789115,20.788874
GRC,GR-D,Ípeiros,Epirus,administrative region,2020-11-24,WOF,39.666413,20.673655
GRC,GR-B,Kentrikí Makedonía,Central Macedonia,administrative region,2020-11-24,WOF,40.678050,22.798909
GRC,GR-M,Kríti,Region of Crete,administrative region,2020-11-24,WOF,35.311320,24.482036
GRC,GR-L,Nótio Aigaío,South Aegean,administrative region,2020-11-24,WOF,36.168585,27.913772
GRC,GR-J,Pelopónnisos,"Peloponnese, Peloponnese Region",administrative region,2020-11-24,WOF,37.272194,22.264867
GRC,GR-H,Stereá Elláda,"Central Greece, Stereo Ellada",administrative region,2020-11-24,WOF,38.706385,22.527635
GRC,GR-E,Thessalía,Thessaly,administrative region,2020-11-24,WOF,39.585858,22.056783
GRC,GR-K,Vóreio Aigaío,Northern Aegean,administrative region,2020-11-24,WOF,37.728156,26.813946
GRD,GD-01,Saint Andrew,,parish,,GADM,12.110557,-61.663055
GRD,GD-02,Saint David,,parish,,GADM,12.040555,-61.679990
GRD,GD-03,Saint George,,parish,,GADM,12.049167,-61.729699
GRD,GD-04,Saint John,,parish,,GADM,12.144305,-61.713203
GRD,GD-05,Saint Mark,,parish,,GADM,12.185833,-61.696146
GRD,GD-06,Saint Patrick,,parish,,GADM,12.201453,-61.637487
GRD,GD-10,Southern Grenadine Islands,Carriacou,dependency,,GADM,12.483056,-61.445139
GRL,GL-AV,Avannaata Kommunia,,municipality,2018-11-26,Kontur,76.540728,-55.895850
GRL,GL-KU,Kommune Kujalleq,,municipality,2018-11-26,Kontur,61.279223,-44.555249
GRL,GL-QT,Kommune Qeqertalik,,municipality,2018-11-26,Kontur,68.910261,-52.447883
GRL,GL-SM,Kommuneqarfik Sermersooq,,municipality,2018-11-26,Kontur,67.142140,-38.316590
GRL,GL-QE,Qeqqata Kommunia,,municipality,2018-11-26,Kontur,66.089139,-49.104756
GTM,GT-16,Alta Verapaz,,department,2021-11-25,GADM,15.603226,-90.130767
GTM,GT-15,Baja Verapaz,,department,2021-11-25,GADM,15.084022,-90.350742
GTM,GT-04,Chimaltenango,,department,2021-11-25,GADM,14.655334,-90.926387
GTM,GT-20,Chiquimula,,department,2021-11-25,GADM,14.686845,-89.395545
GTM,GT-02,El Progreso,,department,2021-11-25,GADM,14.895864,-90.064941
GTM,GT-05,Escuintla,,department,2021-11-25,GADM,14.194269,-90.985269
GTM,GT-01,Guatemala,Guatemala Department,department,2021-11-25,GADM,14.587687,-90.434305
GTM,GT-13,Huehuetenango,,department,2021-11-25,GADM,15.603115,-91.642723
GTM,GT-18,Izabal,Izabel,department,2021-11-25,GADM,15.518037,-89.040561
GTM,GT-21,Jalapa,,department,2021-11-25,GADM,14.650896,-89.922966
GTM,GT-22,Jutiapa,,department,2021-11-25,GADM,14.153126,-89.884731
GTM,GT-17,Petén,,department,2021-11-25,GADM,16.836320,-90.046261
GTM,GT-09,Quetzaltenango,,department,2021-11-25,GADM,14.859471,-91.600172
GTM,GT-14,Quiché,,department,2021-11-25,GADM,15.449047,-90.976955
GTM,GT-11,Retalhuleu,,department,2021-11-25,GADM,14.420833,-91.831414
GTM,GT-03,Sacatepéquez,,department,2021-11-25,GADM,14.547330,-90.753614
GTM,GT-12,San Marcos,,department,2021-11-25,GADM,14.953314,-91.912045
GTM,GT-06,Santa Rosa,,department,2021-11-25,GADM,14.162095,-90.320502
GTM,GT-07,Sololá,,department,2021-11-25,GADM,14.702149,-91.282027
GTM,GT-10,Suchitepéquez,,department,2021-11-25,GADM,14.378181,-91.478781
GTM,GT-08,Totonicapán,,department,2021-11-25,GADM,15.032990,-91.407124
GTM,GT-19,Zacapa,,department,2021-11-25,GADM,15.017288,-89.479947
GUY,GY-BA,Barima-Waini,,region,,GADM,7.757528,-59.717976
GUY,GY-CU,Cuyuni-Mazaruni,,region,,GADM,6.134934,-59.883920
GUY,GY-DE,Demerara-Mahaica,,region,,GADM,6.456776,-58.125629
GUY,GY-EB,East Berbice-Corentyne,,region,,GADM,3.907623,-58.168458
GUY,GY-ES,Essequibo Islands-West Demerara,,region,,GADM,6.489306,-58.441356
GUY,GY-MA,Mahaica-Berbice,,region,,GADM,6.247810,-57.819270
GUY,GY-PM,Pomeroon-Supenaam,,region,,GADM,7.193101,-58.837528
GUY,GY-PT,Potaro-Siparuni,,region,,GADM,4.903847,-59.426672
GUY,GY-UD,Upper Demerara-Berbice,,region,,GADM,5.506536,-58.177666
GUY,GY-UT,Upper Takutu-Upper Essequibo,,region,,GADM,2.865154,-58.950893
HND,HN-AT,Atlántida,,department,,GADM,15.669400,-87.062153
HND,HN-CH,Choluteca,,department,,GADM,13.374306,-87.053013
HND,HN-CL,Colón,,department,,GADM,15.545281,-85.319210
HND,HN-CM,Comayagua,,department,,GADM,14.541380,-87.691145
HND,HN-CP,Copán,,department,,GADM,14.885810,-88.926502
HND,HN-CR,Cortés,,department,,GADM,15.352689,-87.994433
HND,HN-EP,El Paraíso,,department,,GADM,13.954998,-86.563848
HND,HN-FM,Francisco Morazán,,department,,GADM,14.333906,-87.131175
HND,HN-GD,Gracias a Dios,,department,,GADM,15.298056,-84.405537
HND,HN-IN,Intibucá,,department,,GADM,14.249211,-88.209486
HND,HN-IB,Islas de la Bahía,,department,,GADM,16.349167,-86.500416
HND,HN-LP,La Paz,,department,,GADM,14.118946,-87.960269
HND,HN-LE,Lempira,,department,,GADM,14.435012,-88.612499
HND,HN-OC,Ocotepeque,,department,,GADM,14.462610,-89.038282
HND,HN-OL,Olancho,,department,,GADM,14.814723,-85.960063
HND,HN-SB,Santa Bárbara,,department,,GADM,15.085751,-88.362908
HND,HN-VA,Valle,,department,,GADM,13.593598,-87.596887
HND,HN-YO,Yoro,,department,,GADM,15.292096,-87.294867
HRV,HR-07,Bjelovarsko-bilogorska,,county,,GADM,45.779480,16.882006
HRV,HR-12,Brodsko-posavska,,county,,GADM,45.221731,18.128080
HRV,HR-19,Dubrovačko-neretvanska,,county,,GADM,42.943829,16.912769
HRV,HR-18,Istarska,,county,,GADM,45.136946,13.912487
HRV,HR-04,Karlovačka,Karlovac County,county,,GADM,45.328127,15.480425
HRV,HR-06,Koprivničko-križevačka,Koprivnica-Križevci,county,,GADM,46.118710,16.768781
HRV,HR-02,Krapinsko-zagorska,Krapinsko-Zagorska,county,,GADM,46.092697,15.919568
HRV,HR-09,Ličko-senjska,,county,,GADM,44.693167,15.439209
HRV,HR-20,Međimurska,,county,,GADM,46.418377,16.487376
HRV,HR-14,Osječko-baranjska,Osijek-Baranja,county,,GADM,45.564644,18.437351
HRV,HR-11,Požeško-slavonska,,county,,GADM,45.383043,17.751568
HRV,HR-08,Primorsko-goranska,,county,,GADM,45.358488,14.701984
HRV,HR-15,Šibensko-kninska,,county,,GADM,43.851334,15.989698
HRV,HR-03,Sisačko-moslavačka,"Sisacko-Moslavacka, Sisak-Moslavina County, Sisačko-moslavačka županija",county,,GADM,45.342957,16.452832
HRV,HR-17,Splitsko-dalmatinska,Split-Dalmatia County,county,,GADM,43.534565,16.795561
HRV,HR-05,Varaždinska,,county,,GADM,46.214010,16.433742
HRV,HR-10,Virovitičko-podravska,,county,,GADM,45.736580,17.637039
HRV,HR-16,Vukovarsko-srijemska,,county,,GADM,45.178494,18.842573
HRV,HR-13,Zadarska,,county,,GADM,44.183889,15.775142
HRV,HR-21,Zagreb,,city,,GADM,45.724667,15.980133
HRV,HR-01,Zagrebačka,,county,,GADM,45.752726,15.557492
HTI,HT-GA,Grandans,,department,,GADM,18.516389,-74.098214
HTI,HT-AR,Latibonit,Artibonite,department,,GADM,19.336946,-72.492571
HTI,HT-OU,Lwès,,department,,GADM,18.618167,-72.166239
HTI,HT-NI,Nip,,department,,GADM,18.405090,-73.319005
HTI,HT-ND,Nò,,department,,GADM,19.567569,-72.217679
HTI,HT-NE,Nòdès,Nord-Est Department,department,,GADM,19.497723,-71.889791
HTI,HT-NO,Nòdwès,,department,,GADM,19.787638,-73.098665
HTI,HT-CE,Sant,,department,,GADM,19.009476,-72.015205
HTI,HT-SD,Sid,,department,,GADM,18.227649,-73.881846
HTI,HT-SE,Sidès,,department,,GADM,18.218061,-72.781559
HUN,HU-BK,Bács-Kiskun,,county,2021-11-25,GADM,46.513596,19.348700
HUN,HU-BA,Baranya,,county,2021-11-25,GADM,46.084312,18.189084
HUN,HU-BE,Békés,,county,2021-11-25,GADM,46.743753,21.047385
HUN,HU-BZ,Borsod-Abaúj-Zemplén,"Borsod-Abauj-Zemplen, Borsod-Abauji-Zemplen",county,2021-11-25,GADM,48.115532,20.941947
HUN,HU-BU,Budapest,,capital city,2021-11-25,GADM,47.484484,19.146461
HUN,HU-CS,Csongrád-Csanád,Csongrad,county,2021-11-25,GADM,46.469475,20.240490
HUN,HU-FE,Fejér,,county,2021-11-25,GADM,47.134115,18.548156
HUN,HU-GS,Győr-Moson-Sopron,,county,2021-11-25,GADM,47.648191,17.185924
HUN,HU-HB,Hajdú-Bihar,Hajdu-Bihar,county,2021-11-25,GADM,47.458675,21.507803
HUN,HU-HE,Heves,,county,2021-11-25,GADM,47.783075,20.083976
HUN,HU-JN,Jász-Nagykun-Szolnok,,county,2021-11-25,GADM,47.231300,20.517862
HUN,HU-KE,Komárom-Esztergom,,county,2021-11-25,GADM,47.577518,18.297790
HUN,HU-NO,Nógrád,,county,2021-11-25,GADM,47.973213,19.457289
HUN,HU-PE,Pest,,county,2021-11-25,GADM,47.504496,19.543946
HUN,HU-SO,Somogy,,county,2021-11-25,GADM,46.416862,17.563925
HUN,HU-SZ,Szabolcs-Szatmár-Bereg,,county,2021-11-25,GADM,48.009796,21.975791
HUN,HU-TO,Tolna,,county,2021-11-25,GADM,46.486393,18.478915
HUN,HU-VA,Vas,,county,2021-11-25,GADM,47.089203,16.845348
HUN,HU-VE,Veszprém,Veszprem,county,2021-11-25,GADM,47.123890,17.725563
HUN,HU-ZA,Zala,,county,2021-11-25,GADM,46.680159,16.822878
IDN,ID-JW,Jawa,Java,geographical unit,2023-11-23,Kontur,-6.711575,110.633748
IDN,ID-KA,Kalimantan,,geographical unit,2023-11-23,Kontur,-0.648798,113.468164
IDN,ID-ML,Maluku,,geographical unit,2023-11-23,Kontur,-2.584226,127.478939
IDN,ID-NU,Nusa Tenggara,Nusa Tengara,geographical unit,2023-11-23,Kontur,-8.989766,119.499769
IDN,ID-PP,Papua,,geographical unit,2023-11-23,Kontur,-4.095534,136.632705
IDN,ID-SL,Sulawesi,,geographical unit,2023-11-23,Kontur,-1.007514,121.479886
IDN,ID-SM,Sumatera,Sumatra,geographical unit,2023-11-23,Kontur,0.149861,102.819787
IND,IN-AN,Andaman and Nicobar Islands,,union territory,2023-11-23,WOF,12.611865,92.831581
IND,IN-AP,Andhra Pradesh,,state,2023-11-23,WOF,15.920609,79.641347
IND,IN-AR,Arunachal Pradesh,,state,2023-11-23,WOF,28.064451,94.988659
IND,IN-AS,Assam,,state,2023-11-23,WOF,26.068102,90.779344
IND,IN-BR,Bihar,,state,2023-11-23,WOF,25.914988,86.117257
IND,IN-CH,Chandigarh,,union territory,2023-11-23,WOF,30.729169,76.781234
IND,IN-CG,Chhattisgarh,,state,2023-11-23,WOF,20.977336,81.513155
IND,IN-DH,Dadra and Nagar Haveli and Daman and Diu,Dadra and Nagar Haveli,union territory,2023-11-23,WOF,20.719449,70.930834
IND,IN-DL,Delhi,,union territory,2023-11-23,WOF,28.643558,77.128442
IND,IN-GA,Goa,,state,2023-11-23,WOF,15.347739,74.104197
IND,IN-GJ,Gujarat,,state,2023-11-23,WOF,22.433651,71.961816
IND,IN-HR,Haryana,,state,2023-11-23,WOF,29.299665,76.052838
IND,IN-HP,Himachal Pradesh,,state,2023-11-23,WOF,31.828599,77.350205
IND,IN-JK,Jammu and Kashmir,,union territory,2023-11-23,WOF,33.540323,75.351272
IND,IN-JH,Jharkhand,,state,2023-11-23,WOF,23.669240,85.164086
IND,IN-KA,Karnataka,Karanataka,state,2023-11-23,WOF,15.047800,75.536962
IND,IN-KL,Kerala,,state,2023-11-23,WOF,10.551692,76.442984
IND,IN-LA,Ladakh,,union territory,2023-11-23,WOF,33.939534,77.409859
IND,IN-LD,Lakshadweep,,union territory,2023-11-23,WOF,11.277190,74.043459
IND,IN-MP,Madhya Pradesh,Madyha Pradesh,state,2023-11-23,WOF,24.002714,79.384449
IND,IN-MH,Maharashtra,,state,2023-11-23,WOF,18.848404,75.386115
IND,IN-MN,Manipur,,state,2023-11-23,WOF,24.768082,93.866296
IND,IN-ML,Meghalaya,,state,2023-11-23,WOF,25.575639,91.269427
IND,IN-MZ,Mizoram,,state,2023-11-23,WOF,23.237439,92.875996
IND,IN-NL,Nagaland,,state,2023-11-23,WOF,26.122212,94.559837
IND,IN-OD,Odisha,,state,2023-11-23,WOF,20.207902,84.500160
IND,IN-PY,Puducherry,Pondicherry,union territory,2023-11-23,WOF,10.916559,79.798591
IND,IN-PB,Punjab,,state,2023-11-23,WOF,31.071348,75.656180
IND,IN-RJ,Rajasthan,,state,2023-11-23,WOF,26.684678,73.821668
IND,IN-SK,Sikkim,,state,2023-11-23,WOF,27.609459,88.463646
IND,IN-TN,Tamil Nadu,,state,2023-11-23,WOF,10.832646,78.342864
IND,IN-TS,Telangana,,state,2023-11-23,WOF,17.886584,79.300798
IND,IN-TR,Tripura,,state,2023-11-23,WOF,23.739655,91.713302
IND,IN-UP,Uttar Pradesh,,state,2023-11-23,WOF,27.184854,80.834994
IND,IN-UK,Uttarakhand,,state,2023-11-23,WOF,30.093761,79.318224
IND,IN-WB,West Bengal,,state,2023-11-23,WOF,24.442698,88.035259
IRL,IE-C,Connaught,Connacht,province,,Kontur,53.727899,-8.921632
IRL,IE-L,Leinster,,province,,Kontur,53.129892,-7.010866
IRL,IE-M,Munster,,province,,Kontur,52.315975,-8.565101
IRL,IE-U,Ulster,,province,,Kontur,54.094679,-7.204430
IRN,IR-30,Alborz,Alborz Province,province,2024-02-29,GADM,35.942001,50.857495
IRN,IR-24,Ardabil,"Ardabil Province, Ardabīl, Ardebil",province,2024-02-29,GADM,38.432751,47.943685
IRN,IR-18,Bushehr,"Bushehr Province, Būshehr",province,2024-02-29,GADM,28.806945,51.487793
IRN,IR-09,Central Khorasan,"Khorasan Razavi, Khorāsān-e Raẕavī, Razavi Khorasan",province,2024-02-29,GADM,35.366068,59.039848
IRN,IR-14,Chaharmahal and Bakhtiari,"Chaharmahal and Bakhtiyari Province, Chaharmahal-Bakhtiari Province, Chahār Maḩāl va Bakhtīārī",province,2024-02-29,GADM,31.886868,50.715611
IRN,IR-03,East Azerbaijan,"East Azarbaijan, East Azerbaijan Province, Āz̄ārbāyjān-e Shārqī",province,2024-02-29,GADM,38.083361,46.475496
IRN,IR-07,Fars,"Fars Province, Fārs, Fārs",province,2024-02-29,GADM,29.453503,53.027014
IRN,IR-01,Gilan,"Gilan Province, Gīlān",province,2024-02-29,GADM,37.504954,49.022058
IRN,IR-27,Golestan,Golestān,province,2024-02-29,GADM,37.281565,54.842575
IRN,IR-13,Hamadan,"Hamadan Province, Hamadān, Hamadān",province,2024-02-29,GADM,34.885420,48.473243
IRN,IR-22,Hormozgan,"Hormozgān, Hormozgān, Hormuzgan",province,2024-02-29,GADM,27.190556,55.676429
IRN,IR-16,Ilam,Īlām,province,2024-02-29,GADM,33.085318,46.797036
IRN,IR-10,Isfahan,"Esfahan, Eşfahān, Eşfahān, Isfahan Province",province,2024-02-29,GADM,32.677441,51.518925
IRN,IR-08,Kerman,"Kerman Province, Kermān, Kermān",province,2024-02-29,GADM,29.079733,57.200598
IRN,IR-05,Kermanshah,"Kermanshah Province, Kermānshāh",province,2024-02-29,GADM,34.466503,46.751060
IRN,IR-06,Khuzestan,"Khouzestan, Khuzestan Province, Khūzestān",province,2024-02-29,GADM,31.493035,49.001396
IRN,IR-17,Kohgiluyeh and Boyer-Ahmad,"Kohgiluye and Buyer Ahmad Province, Kohgīlūyeh va Bowyer Aḩmad",province,2024-02-29,GADM,30.817112,50.872877
IRN,IR-12,Kurdistan,"Kordestān, Kurdistan Province",province,2024-02-29,GADM,35.624599,46.915274
IRN,IR-15,Lorestan,"Lorestan Province, Lorestān",province,2024-02-29,GADM,33.482015,48.443379
IRN,IR-00,Markazi,"Markazi Province, Markazī",province,2024-02-29,GADM,34.597397,49.570461
IRN,IR-02,Mazandaran,"Mazandaran Province, Māzandarān",province,2024-02-29,GADM,36.378073,52.321454
IRN,IR-28,North Khorasan,"Khorāsān-e Shomālī, North Khorasan Province",province,2024-02-29,GADM,37.448807,57.076765
IRN,IR-26,Qazvin,"Qazvin Province, Qazvīn",province,2024-02-29,GADM,36.121554,50.011390
IRN,IR-25,Qom,Qom Province,province,2024-02-29,GADM,34.678998,51.026777
IRN,IR-20,Semnan,"Semnan Province, Semnān, Semnān",province,2024-02-29,GADM,35.859135,55.038442
IRN,IR-11,Sistan and Baluchestan,"Sistan, Sistan & Baluchestan, Sistan and Baluchestan Province, Sistan and Baluchistan, Sīstān va Balūchestān, Sīstān va Balūchestān",province,2024-02-29,GADM,28.304337,60.798461
IRN,IR-29,South Khorasan,"Khorāsān-e Jonūbī, Khorāsān-e Jonūbī, South Khorasan Province",province,2024-02-29,GADM,32.350717,59.532328
IRN,IR-23,Tehran,"Tahran, Tehrān",province,2024-02-29,GADM,35.476351,51.367572
IRN,IR-04,West Azerbaijan,"West Azarbaijan, West Azerbaijan Province, Āz̄ārbāyjān-e Ghārbī",province,2024-02-29,GADM,37.894368,44.728017
IRN,IR-21,Yazd,Yazd Province,province,2024-02-29,GADM,32.541935,55.554326
IRN,IR-19,Zanjan,"Zanjan Province, Zanjān",province,2024-02-29,GADM,36.396464,48.570876
IRQ,IQ-QA,al-Qadisiyyah,"Al Qādisīyah, Al-Qadisiyyah Governorate, Al-Qādisiyyah, Qādisiyyah",governorate,2022-03-03,GADM,31.833782,45.097805
IRQ,IQ-AN,Anbar,"AL Anbar, Al Anbār, Al-Anbar, Anbar Governorate",governorate,2022-03-03,GADM,32.887116,41.523157
IRQ,IQ-BB,Babil,"Babil/Babylon Governorate, Babylon (Babil), Bābil",governorate,2022-03-03,GADM,32.638573,44.556990
IRQ,IQ-BG,Baghdad,Baghdād,governorate,2022-03-03,GADM,33.345238,44.405435
IRQ,IQ-BA,Basrah,"Al Başrah, Basra",governorate,2022-03-03,GADM,30.229711,47.496498
IRQ,IQ-DA,Duhok,Dahūk,governorate,2022-03-03,GADM,37.039138,43.152075
IRQ,IQ-DI,Dyala,"Diyala, Diyālá",governorate,2022-03-03,GADM,34.056286,44.886922
IRQ,IQ-AR,Erbil,"Arbīl, Erbil Governorate",governorate,2022-03-03,GADM,36.386380,44.181668
IRQ,IQ-KA,Karbala,"Karbalā’, Kerbala",governorate,2022-03-03,GADM,32.420661,43.765748
IRQ,IQ-KI,Karkuk,"Kirkuk, Kirkūk, Kiruk, kirkuk",governorate,2022-03-03,GADM,35.281225,44.013339
IRQ,IQ-MA,Missan,"Maysan, Maysan Governorate, Maysān",governorate,2022-03-03,GADM,32.015306,47.115330
IRQ,IQ-MU,Muthana,"Al Muthanná, Al Muthna, Al-Muthanna, Al-Muthanna Governorate, Muthanna, Muthanna Governorate",governorate,2022-03-03,GADM,30.407027,45.338813
IRQ,IQ-NA,Najaf,"An Najaf, Najaf Governorate",governorate,2022-03-03,GADM,31.117160,43.803026
IRQ,IQ-NI,Ninawa,"Nineveh, Nineveh Governorate, Nīnawá",governorate,2022-03-03,GADM,35.977268,42.335293
IRQ,IQ-SD,Salahddin,"Saladin, Saladin Governorate, Salah al-Din, Şalāḩ ad Dīn",governorate,2022-03-03,GADM,34.549200,43.471684
IRQ,IQ-SU,Sulimania,"As Sulaymānīyah, Sulaymaniyah",governorate,2022-03-03,GADM,35.538840,45.340185
IRQ,IQ-DQ,Thiqar,"Dhi Qar, Dhi Qar Governorate, Dhi-Qar, Dhī Qār",governorate,2022-03-03,GADM,31.268294,46.254806
IRQ,IQ-WA,Wassit,"Wasit, Wasit Governorate, Wāsiţ",governorate,2022-03-03,GADM,32.718362,45.626347
ISL,IS-7,Austurland,,region,2022-11-29,GADM,65.006573,-15.166397
ISL,IS-1,Höfuðborgarsvæði,,region,2022-11-29,GADM,64.175262,-21.551180
ISL,IS-6,Norðurland eystra,,region,2022-11-29,GADM,65.497632,-17.406643
ISL,IS-5,Norðurland vestra,,region,2022-11-29,GADM,65.474999,-19.868319
ISL,IS-8,Suðurland,Southern Region,region,2022-11-29,GADM,64.147183,-19.381591
ISL,IS-2,Suðurnes,,region,2022-11-29,GADM,63.940625,-22.204292
ISL,IS-4,Vestfirðir,,region,2022-11-29,GADM,65.726196,-22.551224
ISL,IS-3,Vesturland,,region,2022-11-29,GADM,64.910603,-21.700268
ISR,IL-D,HaDarom,"South District, Southern District",district,,WOF,30.683589,34.882029
ISR,IL-M,HaMerkaz,,district,,WOF,32.086459,34.916501
ISR,IL-Z,HaTsafon,"North District, Northern District",district,,WOF,32.862181,35.474157
ISR,IL-HA,H̱efa,"Haifa, Haifa, Haifa District",district,,WOF,32.630346,34.987508
ISR,IL-TA,Tel Aviv,,district,,WOF,32.095632,34.809088
ISR,IL-JM,Yerushalayim,Jerusalem District,district,,WOF,31.743029,35.066092
ITA,IT-65,Abruzzo,,region,2020-11-24,GADM,42.292269,13.851246
ITA,IT-77,Basilicata,,region,2020-11-24,GADM,40.522028,16.128387
ITA,IT-78,Calabria,,region,2020-11-24,GADM,39.038889,16.629721
ITA,IT-72,Campania,,region,2020-11-24,GADM,40.753611,14.913731
ITA,IT-45,Emilia-Romagna,Emilia Romagna,region,2020-11-24,GADM,44.445086,11.148519
ITA,IT-36,Friuli Venezia Giulia,Friuli-Venezia Giulia,autonomous region,2020-11-24,GADM,46.115440,13.051429
ITA,IT-62,Lazio,,region,2020-11-24,GADM,42.026894,12.494391
ITA,IT-42,Liguria,,region,2020-11-24,GADM,44.228056,9.683455
ITA,IT-25,Lombardia,Lombardy,region,2020-11-24,GADM,45.668104,9.686976
ITA,IT-57,Marche,,region,2020-11-24,GADM,43.331806,13.254908
ITA,IT-67,Molise,,region,2020-11-24,GADM,41.718584,14.625332
ITA,IT-21,Piemonte,"Piedmont, Piednot",region,2020-11-24,GADM,45.273937,7.834449
ITA,IT-75,Puglia,Apulia,region,2020-11-24,GADM,40.878889,16.815760
ITA,IT-88,Sardegna,"Sardina, Sardinia",autonomous region,2020-11-24,GADM,40.072222,9.106249
ITA,IT-82,Sicilia,"Siciliy, Sicily",autonomous region,2020-11-24,GADM,37.477501,14.136945
ITA,IT-52,Toscana,Tuscany,region,2020-11-24,GADM,43.426390,11.218944
ITA,IT-32,Trentino-Alto Adige,"Trentino Alto Adige, Trentino-Alto Adige/Südtirol, Trento",autonomous region,2020-11-24,GADM,46.387940,11.223444
ITA,IT-55,Umbria,,region,2020-11-24,GADM,42.994772,12.431079
ITA,IT-23,Valle d'Aosta,Aosta Valley,autonomous region,2020-11-24,GADM,45.730465,7.377313
ITA,IT-34,Veneto,,region,2020-11-24,GADM,45.744507,12.094860
JAM,JM-13,Clarendon,,parish,,GADM,17.958499,-77.267108
JAM,JM-09,Hanover,,parish,,GADM,18.385834,-78.130704
JAM,JM-01,Kingston,,parish,,GADM,17.968750,-76.765515
JAM,JM-12,Manchester,,parish,,GADM,18.060163,-77.508665
JAM,JM-04,Portland,,parish,,GADM,18.127126,-76.539377
JAM,JM-02,Saint Andrew,,parish,,GADM,18.054389,-76.762279
JAM,JM-06,Saint Ann,,parish,,GADM,18.331693,-77.250676
JAM,JM-14,Saint Catherine,St Catherine,parish,,GADM,18.048889,-77.026131
JAM,JM-11,Saint Elizabeth,St Elizabeth,parish,,GADM,18.052221,-77.776939
JAM,JM-08,Saint James,,parish,,GADM,18.369967,-77.854365
JAM,JM-05,Saint Mary,,parish,,GADM,18.278611,-76.903208
JAM,JM-03,Saint Thomas,,parish,,GADM,17.970011,-76.442513
JAM,JM-07,Trelawny,,parish,,GADM,18.340688,-77.606717
JAM,JM-10,Westmoreland,,parish,,GADM,18.208055,-77.976488
JOR,JO-AJ,Ajloun,‘Ajlūn,governorate,,GADM,32.300871,35.781179
JOR,JO-BA,Al Balqā’,Balqa,governorate,,GADM,31.978169,35.703843
JOR,JO-AQ,Aqaba,Al ‘Aqabah,governorate,,GADM,30.065945,35.236000
JOR,JO-IR,Irbid,,governorate,,GADM,32.493767,35.875544
JOR,JO-JA,Jerash,Jarash,governorate,,GADM,32.241180,35.945988
JOR,JO-KA,Karak,"Al Karak, Al Karak",governorate,,GADM,31.158468,35.817140
JOR,JO-MN,Maan,"Ma'an Governorate, Ma‘ān",governorate,,GADM,30.232598,36.514271
JOR,JO-MD,Madaba,Mādabā,governorate,,GADM,31.618846,35.686371
JOR,JO-MA,Mafraq,"Al Mafraq, Al Mafraq, Mafraq Governorate",governorate,,GADM,32.532127,38.136786
JOR,JO-AT,Tafelah,"Aţ Ţafīlah, Tafilah, Tafilah Governorate",governorate,,GADM,30.822401,35.723946
JOR,JO-AM,The Capital,"Al ‘A̅şimah, Amman, ‘Ammān, Al ‘A̅şimah",governorate,,GADM,31.655012,36.328238
JOR,JO-AZ,Zarqa,"Az Zarqā’, Az Zarqā’, Zarqa Governorate",governorate,,GADM,31.833542,36.860690
JPN,JP-23,Aichi,,prefecture,,GADM,35.001208,137.279050
JPN,JP-05,Akita,,prefecture,,GADM,39.694416,140.437905
JPN,JP-02,Aomori,,prefecture,,GADM,40.884132,140.491766
JPN,JP-12,Chiba,,prefecture,,GADM,35.501793,140.228217
JPN,JP-38,Ehime,,prefecture,,GADM,33.521784,132.708663
JPN,JP-18,Fukui,Fukui Prefecture,prefecture,,GADM,35.817556,136.437323
JPN,JP-40,Fukuoka,,prefecture,,GADM,33.485957,130.500489
JPN,JP-07,Fukushima,,prefecture,,GADM,37.385670,140.134169
JPN,JP-21,Gifu,,prefecture,,GADM,35.806103,137.064977
JPN,JP-10,Gunma,Gunma Prefecture,prefecture,,GADM,36.525108,138.926523
JPN,JP-34,Hiroshima,,prefecture,,GADM,34.586005,132.769274
JPN,JP-01,Hokkaido,Hokkaidō,prefecture,,GADM,43.495695,143.310001
JPN,JP-28,Hyogo,Hyōgo,prefecture,,GADM,35.151804,134.851987
JPN,JP-08,Ibaraki,,prefecture,,GADM,36.332974,140.256163
JPN,JP-17,Ishikawa,,prefecture,,GADM,37.129520,136.984491
JPN,JP-03,Iwate,,prefecture,,GADM,39.604332,141.380227
JPN,JP-37,Kagawa,,prefecture,,GADM,34.205674,134.039945
JPN,JP-46,Kagoshima,,prefecture,,GADM,31.590972,130.993634
JPN,JP-14,Kanagawa,,prefecture,,GADM,35.403750,139.283056
JPN,JP-39,Kochi,,prefecture,,GADM,33.302077,133.064951
JPN,JP-43,Kumamoto,,prefecture,,GADM,32.643435,130.803199
JPN,JP-26,Kyoto,,prefecture,,GADM,35.242849,135.504391
JPN,JP-24,Mie,,prefecture,,GADM,34.491648,136.519425
JPN,JP-04,Miyagi,,prefecture,,GADM,38.388319,140.871060
JPN,JP-45,Miyazaki,,prefecture,,GADM,32.100008,131.194342
JPN,JP-20,Nagano,,prefecture,,GADM,36.118013,138.101600
JPN,JP-42,Nagasaki,,prefecture,,GADM,32.685677,128.756405
JPN,JP-29,Nara,,prefecture,,GADM,34.326118,135.888156
JPN,JP-15,Niigata,,prefecture,,GADM,37.645971,139.159355
JPN,JP-44,Oita,Ōita,prefecture,,GADM,33.214386,131.355864
JPN,JP-33,Okayama,,prefecture,,GADM,34.889694,133.788733
JPN,JP-47,Okinawa,,prefecture,,GADM,24.346946,123.847500
JPN,JP-27,Osaka,Osaka Prefecture,prefecture,,GADM,34.658961,135.555684
JPN,JP-41,Saga,,prefecture,,GADM,33.254004,130.101565
JPN,JP-11,Saitama,,prefecture,,GADM,36.016235,139.285684
JPN,JP-25,Shiga,,prefecture,,GADM,35.246241,136.115526
JPN,JP-32,Shimane,,prefecture,,GADM,34.954724,132.431539
JPN,JP-22,Shizuoka,,prefecture,,GADM,35.119883,138.226200
JPN,JP-09,Tochigi,,prefecture,,GADM,36.677839,139.782850
JPN,JP-36,Tokushima,,prefecture,,GADM,33.893486,134.182230
JPN,JP-13,Tokyo,,prefecture,,GADM,35.697899,139.459929
JPN,JP-31,Tottori,,prefecture,,GADM,35.334669,134.261290
JPN,JP-16,Toyama,,prefecture,,GADM,36.626671,137.273274
JPN,JP-30,Wakayama,,prefecture,,GADM,33.909193,135.346497
JPN,JP-06,Yamagata,,prefecture,,GADM,38.434410,140.154651
JPN,JP-35,Yamaguchi,,prefecture,,GADM,34.255499,131.522238
JPN,JP-19,Yamanashi,,prefecture,,GADM,35.570387,138.689182
KAZ,KZ-10,Abay,"Abai Region, Abay Region",region,2022-11-29,COD-AB,48.716735,80.214916
KAZ,KZ-11,Akmola,"Akmola Region, Aqmola, Aqmola, Aqmola Oblysy, Aqmola oblysy",region,2022-11-29,COD-AB,51.906752,69.897366
KAZ,KZ-15,Aktobe,"Aktobe region, Aqtöbe",region,2022-11-29,COD-AB,48.328771,59.392936
KAZ,KZ-19,Almaty,"Almaty Region, Almaty oblast",region,2022-11-29,COD-AB,44.510207,75.777874
KAZ,KZ-75,Almaty City,,city,2022-11-29,COD-AB,43.219973,76.918274
KAZ,KZ-71,Astana,,city,2022-11-29,COD-AB,51.118884,71.467839
KAZ,KZ-23,Atyrau,Atyraū,region,2022-11-29,COD-AB,47.508918,51.715980
KAZ,KZ-27,Batys Kazakhstan,"Batys Qazaqstan, West Kazakhstan",region,2022-11-29,COD-AB,49.902079,51.585997
KAZ,KZ-35,Karaganda,"Karaganda Region, Karagandy Region, Qaraghandy, Qarağandy oblysy",region,2022-11-29,COD-AB,48.724499,74.676500
KAZ,KZ-39,Kostanay,"Kostanay Region, Kostanay oblysy, Qostanay",region,2022-11-29,COD-AB,51.561693,63.235246
KAZ,KZ-43,Kyzylorda,"Kyzylorda Region, Qyzylorda, Qyzylorda oblysy",region,2022-11-29,COD-AB,45.109134,63.540823
KAZ,KZ-47,Mangystau,"Mangghystaū, Mangistau, Mangystau Region",region,2022-11-29,COD-AB,43.947770,53.492119
KAZ,KZ-55,Pavlodar,,region,2022-11-29,COD-AB,52.287656,76.423695
KAZ,KZ-63,Shygys Kazakhstan,"East Kazakhstan, East Kazakhstan Region, Shyghys Qazaqstan",region,2022-11-29,COD-AB,48.981942,84.754909
KAZ,KZ-79,Shymkent,,city,2022-11-29,COD-AB,42.294411,69.638092
KAZ,KZ-59,Soltustik Kazakhstan,"North Kazakhstan, Soltüstik Qazaqstan",region,2022-11-29,COD-AB,53.855722,69.736752
KAZ,KZ-61,Turkistan,"Ongtüstik Qazaqstan oblysy, Turkestan, Turkistan Region, Türkistan",region,2022-11-29,COD-AB,43.345863,68.624714
KAZ,KZ-62,Ulytau,Ulytaū,region,2022-11-29,COD-AB,48.007015,68.049545
KAZ,KZ-31,Zhambyl,"Jambyl, Jambyl Oblysy, Jambyl Region",region,2022-11-29,COD-AB,44.181445,72.529089
KAZ,KZ-33,Zhetisu,"Jetisu Oblysy, Jetisu Region, Zhetisū",region,2022-11-29,COD-AB,45.582929,79.203833
KEN,KE-01,Baringo,Baringo Province,county,,GADM,0.731130,36.019421
KEN,KE-02,Bomet,,county,,GADM,-0.712038,35.238652
KEN,KE-03,Bungoma,,county,,GADM,0.787992,34.758527
KEN,KE-04,Busia,,county,,GADM,0.378073,34.264517
KEN,KE-05,Elgeyo/Marakwet,,county,,GADM,0.749112,35.560962
KEN,KE-06,Embu,Embu County,county,,GADM,-0.530987,37.665164
KEN,KE-07,Garissa,,county,,GADM,-0.523257,40.360350
KEN,KE-08,Homa Bay,,county,,GADM,-0.557509,34.319840
KEN,KE-09,Isiolo,Isiolo County,county,,GADM,1.006947,38.747662
KEN,KE-10,Kajiado,Kajiado County,county,,GADM,-2.114257,36.779565
KEN,KE-11,Kakamega,Kakamega County,county,,GADM,0.374613,34.688297
KEN,KE-12,Kericho,,county,,GADM,-0.313447,35.225838
KEN,KE-13,Kiambu,Kiumbu,county,,GADM,-1.030241,36.843115
KEN,KE-14,Kilifi,Kilifi County,county,,GADM,-3.150694,39.674734
KEN,KE-15,Kirinyaga,,county,,GADM,-0.465468,37.301531
KEN,KE-16,Kisii,,county,,GADM,-0.732177,34.753353
KEN,KE-17,Kisumu,Kisumu County,county,,GADM,-0.190097,34.777366
KEN,KE-18,Kitui,Kitui County,county,,GADM,-1.560490,38.371810
KEN,KE-19,Kwale,Kwale County,county,,GADM,-4.120331,39.066522
KEN,KE-20,Laikipia,Laikipia County,county,,GADM,0.292504,36.827242
KEN,KE-21,Lamu,,county,,GADM,-2.062500,40.556070
KEN,KE-22,Machakos,Machakos County,county,,GADM,-1.276106,37.394627
KEN,KE-23,Makueni,,county,,GADM,-2.253912,37.876842
KEN,KE-24,Mandera,,county,,GADM,3.221397,40.710789
KEN,KE-25,Marsabit,Marsabit County,county,,GADM,2.860597,37.716431
KEN,KE-26,Meru,,county,,GADM,0.229004,37.776181
KEN,KE-27,Migori,,county,,GADM,-1.017900,34.308865
KEN,KE-28,Mombasa,,county,,GADM,-3.999271,39.650078
KEN,KE-29,Murang'a,,county,,GADM,-0.824860,37.004527
KEN,KE-30,Nairobi City,Nairobi County,county,,GADM,-1.300040,36.827986
KEN,KE-31,Nakuru,,county,,GADM,-0.454487,36.100458
KEN,KE-32,Nandi,Nandi County,county,,GADM,0.232034,35.121308
KEN,KE-33,Narok,,county,,GADM,-1.274315,35.476630
KEN,KE-34,Nyamira,,county,,GADM,-0.645144,34.933478
KEN,KE-35,Nyandarua,,county,,GADM,-0.385292,36.497446
KEN,KE-36,Nyeri,Nyeri County,county,,GADM,-0.310396,36.930471
KEN,KE-37,Samburu,,county,,GADM,1.543364,36.941388
KEN,KE-38,Siaya,Siaya County,county,,GADM,-0.053114,34.200586
KEN,KE-39,Taita/Taveta,Taita Taveta County,county,,GADM,-3.408934,38.371033
KEN,KE-40,Tana River,Tana River County,county,,GADM,-1.535944,39.551007
KEN,KE-41,Tharaka-Nithi,,county,,GADM,-0.191979,37.959946
KEN,KE-42,Trans Nzoia,,county,,GADM,1.047358,34.983649
KEN,KE-43,Turkana,,county,,GADM,2.990749,35.356325
KEN,KE-44,Uasin Gishu,Uasin Gishu County,county,,GADM,0.482212,35.303794
KEN,KE-45,Vihiga,,county,,GADM,0.087874,34.708027
KEN,KE-46,Wajir,,county,,GADM,1.935791,40.024232
KEN,KE-47,West Pokot,,county,,GADM,1.818697,35.236604
KGZ,KG-B,Batken,Batken Region,region,2020-11-24,GADM,39.858485,71.603382
KGZ,KG-GB,Bishkek,,city,2020-11-24,GADM,42.884527,74.640412
KGZ,KG-C,Chüy,"Chuy, Chuy Region",region,2020-11-24,GADM,42.541901,74.598699
KGZ,KG-J,Jalal-Abad,Jalal-Abad Region,region,2020-11-24,GADM,41.519991,73.214081
KGZ,KG-N,Naryn,Naryn Region,region,2020-11-24,GADM,41.376696,75.989680
KGZ,KG-O,Osh,,region,2020-11-24,GADM,40.166870,73.357206
KGZ,KG-GO,Osh City,,city,2020-11-24,GADM,40.512997,72.793732
KGZ,KG-T,Talas,,region,2020-11-24,GADM,42.444944,72.135034
KGZ,KG-Y,Ysyk-Köl,"Issyk Kul Region, Issyk-Kul, Issyk-Kul Region",region,2020-11-24,GADM,42.064830,78.164702
KHM,KH-2,Baat Dambang,"Battambang, Battambang",province,2021-11-25,GADM,12.925428,103.231714
KHM,KH-1,Banteay Mean Choăy,"Banteay Meanchey, Bantey Meanchey",province,2021-11-25,GADM,13.804653,103.079625
KHM,KH-23,Kaeb,Kep,province,2021-11-25,GADM,10.518246,104.349217
KHM,KH-3,Kampong Chaam,"Kampong Cham, Kampong Cham",province,2021-11-25,GADM,12.117486,105.208002
KHM,KH-4,Kampong Chhnang,Kampong Chhang,province,2021-11-25,GADM,12.170942,104.540758
KHM,KH-5,Kampong Spueu,"Kampong Speu, Kampong Speu",province,2021-11-25,GADM,11.577537,104.270504
KHM,KH-6,Kampong Thum,"Kampong Thom, Kampong Thom",province,2021-11-25,GADM,12.819747,104.957979
KHM,KH-7,Kampot,Kâmpôt,province,2021-11-25,GADM,10.788444,104.328824
KHM,KH-8,Kandaal,"Kandal, Kandal",province,2021-11-25,GADM,11.396263,105.020902
KHM,KH-9,Kaoh Kong,"Koh Kong, Koh Kong, Koh Kong Province",province,2021-11-25,GADM,11.487468,103.526657
KHM,KH-10,Kracheh,Kratie,province,2021-11-25,GADM,12.679156,106.058389
KHM,KH-11,Mondol Kiri,"Mondolkiri, Mondulkiri",province,2021-11-25,GADM,12.740557,107.009698
KHM,KH-22,Otdar Mean Chey,"Oddar Meanchey, Oddar Meanchey",province,2021-11-25,GADM,14.158563,103.782796
KHM,KH-24,Pailin,Krong Pailin,province,2021-11-25,GADM,12.890533,102.629460
KHM,KH-12,Phnom Penh,,autonomous municipality,2021-11-25,GADM,11.579928,104.838640
KHM,KH-15,Pousaat,"Pursat, Pursat, Pursat Province",province,2021-11-25,GADM,12.460115,103.728719
KHM,KH-18,Preah Sihanouk,"Sihanoukville, Sihanoukville",province,2021-11-25,GADM,10.962031,103.860965
KHM,KH-13,Preah Vihear,,province,2021-11-25,GADM,13.747290,104.972877
KHM,KH-14,Prey Veaeng,Prey Veng,province,2021-11-25,GADM,11.366119,105.455661
KHM,KH-16,Rotanak Kiri,"Ratanakiri, Ratanakiri",province,2021-11-25,GADM,13.932529,107.039602
KHM,KH-17,Siem Reab,Siem Reap,province,2021-11-25,GADM,13.357660,104.004866
KHM,KH-19,Stueng Traeng,"Stung Treng, Stung Treng",province,2021-11-25,GADM,13.854898,106.089576
KHM,KH-20,Svaay Rieng,"Svay Rieng, Svay Rieng, Svay Riĕng",province,2021-11-25,GADM,11.194852,105.795733
KHM,KH-21,Taakaev,Takeo,province,2021-11-25,GADM,10.935392,104.789883
KHM,KH-25,Tbong Khmum,,province,2021-11-25,GADM,11.950318,105.824514
KIR,KI-G,Gilbert Islands,,group of islands (20 inhabited islands),,COD-AB,0.213403,173.431856
KIR,KI-L,Line Islands,,group of islands (20 inhabited islands),,COD-AB,1.871231,-157.505121
KIR,KI-P,Phoenix Islands,,group of islands (20 inhabited islands),,COD-AB,-2.820784,-171.660178
KNA,KN-01,Christ Church Nichola Town,,parish,,GADM,17.362970,-62.769978
KNA,KN-02,Saint Anne Sandy Point,,parish,,GADM,17.367980,-62.837663
KNA,KN-03,Saint George Basseterre,,parish,,GADM,17.268888,-62.662500
KNA,KN-04,Saint George Gingerland,,parish,,GADM,17.127918,-62.561279
KNA,KN-05,Saint James Windward,,parish,,GADM,17.174445,-62.569935
KNA,KN-06,Saint John Capisterre,,parish,,GADM,17.383372,-62.799148
KNA,KN-07,Saint John Figtree,,parish,,GADM,17.122778,-62.603898
KNA,KN-08,Saint Mary Cayon,,parish,,GADM,17.355341,-62.738708
KNA,KN-09,Saint Paul Capisterre,,parish,,GADM,17.395505,-62.839721
KNA,KN-10,Saint Paul Charlestown,,parish,,GADM,17.143341,-62.622111
KNA,KN-11,Saint Peter Basseterre,Basseterre,parish,,GADM,17.316033,-62.716809
KNA,KN-12,Saint Thomas Lowland,,parish,,GADM,17.170278,-62.610703
KNA,KN-13,Saint Thomas Middle Island,,parish,,GADM,17.341110,-62.809211
KNA,KN-15,Trinity Palmetto Point,,parish,,GADM,17.314018,-62.771259
KOR,KR-26,Busan,Busan-gwangyeoksi,metropolitan city,2023-11-23,GADM,35.211255,129.052711
KOR,KR-27,Daegu,Daegu-gwangyeoksi,metropolitan city,2023-11-23,GADM,35.811062,128.595669
KOR,KR-30,Daejeon,Daejeon-gwangyeoksi,metropolitan city,2023-11-23,GADM,36.341980,127.388186
KOR,KR-42,Gangwon,"Gangwon Province, Gangwon-do, Gangwon-teukbyeoljachido",special self-governing province,2023-11-23,GADM,37.824196,128.205024
KOR,KR-29,Gwangju,Gwangju-gwangyeoksi,metropolitan city,2023-11-23,GADM,35.155178,126.829722
KOR,KR-41,Gyeonggi,"Gyeonggi-do, Gyeonggi-do",province,2023-11-23,GADM,37.590980,127.405045
KOR,KR-28,Incheon,Incheon-gwangyeoksi,metropolitan city,2023-11-23,GADM,37.477821,126.470590
KOR,KR-49,Jeju,"Jeju Province, Jeju, Jeju-teukbyeoljachido, Jeju-do",special self-governing province,2023-11-23,GADM,33.380158,126.548362
KOR,KR-43,North Chungcheong,"Chungcheongbuk-do, Chungcheongbuk-do, Chungbuk",province,2023-11-23,GADM,36.637887,127.569889
KOR,KR-47,North Gyeongsang,"Gyeongbuk, Gyeongsangbuk-do, Gyeongsang, Gyeongsangbuk, Gyeongsangbuk-do, North Gyeongsang Province",province,2023-11-23,GADM,36.360432,128.642639
KOR,KR-45,North Jeolla,"Jeollabuk, Jeollabuk-do, Jeonbuk, Jeollabuk-do, Jeonbuk-do, North Jeolla Province",province,2023-11-23,GADM,35.729403,127.135130
KOR,KR-50,Sejong,"Sejong, Sejong-teukbyeoljachisi",special self-governing city,2023-11-23,GADM,36.570525,127.269826
KOR,KR-11,Seoul,Seoul-teukbyeolsi,special city,2023-11-23,GADM,37.565558,126.939275
KOR,KR-44,South Chungcheong,"Chungcheongnam, Chungcheongnam-do, Chungcheongnam-do, Chungnam, South Chungcheong Province",province,2023-11-23,GADM,36.523352,126.870075
KOR,KR-48,South Gyeongsang,"Gyeongnam, Gyeongsangnam-do, Gyeongsangnam-do, South Gyeongsang Province",province,2023-11-23,GADM,35.370908,128.408286
KOR,KR-46,South Jeolla,"Jeollanam, Jeollanam-do, Jeollanamdo, Jeonnam, Jeollanam-do, South Jeolla Province",province,2023-11-23,GADM,34.891688,127.002154
KOR,KR-31,Ulsan,Ulsan-gwangyeoksi,metropolitan city,2023-11-23,GADM,35.526624,129.214797
KWT,KW-AH,Ahmadi,"Al Ahmadi, Al Aḩmadī",governorate,,GADM,28.896111,47.890073
KWT,KW-KU,Al Asimah,"Al Kuwayt, Al ‘Āşimah",governorate,,GADM,29.351666,47.956625
KWT,KW-FA,Farwaniya,Al Farwānīyah,governorate,,GADM,29.260268,47.936542
KWT,KW-HA,Hawalli,Ḩawallī,governorate,,GADM,29.334999,48.041694
KWT,KW-JA,Jahra,"Al Jahra, Al Jahrā’",governorate,,GADM,29.539167,47.412831
KWT,KW-MU,Mubarak Al-Kabeer,Mubārak al Kabīr,governorate,,GADM,29.256804,48.059349
LAO,LA-AT,Attapu,"Attapeu, Attapeu, Attapeu Province",province,2020-11-24,GADM,14.787209,107.099471
LAO,LA-BK,Bokèo,Bokeo Province,province,2020-11-24,GADM,20.308334,100.736068
LAO,LA-BL,Bolikhamxai,"Bolikhamsai, Borikhamxay",province,2020-11-24,GADM,18.488890,103.971693
LAO,LA-CH,Champasak,"Champasack, Champasak Province",province,2020-11-24,GADM,14.687773,105.880489
LAO,LA-HO,Houaphan,"Houaphanh, Houaphanh Province, Huaphanh",province,2020-11-24,GADM,20.296339,103.921353
LAO,LA-KH,Khammouan,"Khammouane, Khammuane, Khammouane province",province,2020-11-24,GADM,17.587270,105.243459
LAO,LA-LM,Louang Namtha,Luangnamtha,province,2020-11-24,GADM,20.931983,101.068287
LAO,LA-LP,Louangphabang,"Luang Prabang, Luang Prabang Province, Luangprabang",province,2020-11-24,GADM,20.103488,102.662597
LAO,LA-OU,Oudômxai,"Oudomxay, Oudomxay",province,2020-11-24,GADM,20.510539,101.874394
LAO,LA-PH,Phôngsali,"Phongsaly, Phongsaly",province,2020-11-24,GADM,21.679575,102.215774
LAO,LA-SL,Salavan,"Salavan Province, Saravane",province,2020-11-24,GADM,15.920055,106.354030
LAO,LA-SV,Savannakhét,"Savannakhet, Savannakhet, Savannakhet Province",province,2020-11-24,GADM,16.498051,105.717639
LAO,LA-VI,Viangchan,"Vientiane Province, Vientiane province",province,2020-11-24,GADM,18.609848,102.234155
LAO,LA-VT,Viangchan Prefecture,Vientiane Prefecture,prefecture,2020-11-24,GADM,18.118211,102.654053
LAO,LA-XA,Xaignabouli,"Sainyabuli, Sainyabuli Province, Xayabury",province,2020-11-24,GADM,18.696350,101.544037
LAO,LA-XS,Xaisômboun,"Xaisomboun Province, Xaysomboon",province,2020-11-24,GADM,18.898346,103.059255
LAO,LA-XE,Xékong,"Sekong, Sekong, Sekong Province",province,2020-11-24,GADM,15.619549,107.013178
LAO,LA-XI,Xiangkhouang,"Xiangkhouang Province, Xiengkhuang",province,2020-11-24,GADM,19.422426,103.358812
LBN,LB-AK,Akkar,Aakkâr,governorate,,GADM,34.552280,36.199433
LBN,LB-BH,Baalbek-Hermel,,governorate,,GADM,34.170094,36.298696
LBN,LB-BA,Beirut,Beyrouth,governorate,,GADM,33.889313,35.501423
LBN,LB-BI,Beqaa,Béqaa,governorate,,GADM,33.640232,35.808760
LBN,LB-JL,Mount Lebanon,Mont-Liban,governorate,,GADM,33.852280,35.647296
LBN,LB-NA,Nabatiye,Nabatîyé,governorate,,GADM,33.283443,35.496071
LBN,LB-AS,North,"Liban-Nord, North Region",governorate,,GADM,34.320187,35.936019
LBN,LB-JA,South,Liban-Sud,governorate,,GADM,33.342316,35.302832
LBR,LR-BM,Bomi,Bomi County,county,,GADM,6.691846,-10.818621
LBR,LR-BG,Bong,Bong County,county,,GADM,6.903937,-9.794348
LBR,LR-GP,Gbarpolu,,county,,GADM,7.373314,-10.236978
LBR,LR-GB,Grand Bassa,,county,,GADM,6.140100,-9.919342
LBR,LR-CM,Grand Cape Mount,Grand Cape Mount County,county,,GADM,7.050709,-11.090868
LBR,LR-GG,Grand Gedeh,,county,,GADM,6.012998,-8.313010
LBR,LR-GK,Grand Kru,,county,,GADM,4.787500,-8.275804
LBR,LR-LO,Lofa,,county,,GADM,7.870439,-9.907246
LBR,LR-MG,Margibi,,county,,GADM,6.457857,-10.301225
LBR,LR-MY,Maryland,,county,,GADM,4.744632,-7.698834
LBR,LR-MO,Montserrado,,county,,GADM,6.532047,-10.479304
LBR,LR-NI,Nimba,Nimba County,county,,GADM,6.742274,-8.757258
LBR,LR-RI,River Cess,Rivercess,county,,GADM,5.836936,-9.378675
LBR,LR-RG,River Gee,,county,,GADM,5.220098,-7.887169
LBR,LR-SI,Sinoe,,county,,GADM,5.342078,-8.838588
LBY,LY-JA,Al-Hizam,"Jabal Al-Akhdar, Al Jabal al Akhḑar, Green Mountain",popularate,2020-11-24,GADM,32.037290,21.877571
LBY,LY-JI,Al-Jafara,"Jafara, Al Jafārah",popularate,2020-11-24,GADM,32.527313,13.011686
LBY,LY-JU,Al-Jufrah,"District of Al-Jufra, Jufra, Al Jufrah",popularate,2020-11-24,GADM,27.781087,17.475344
LBY,LY-KF,Al-Kufra,"Kufra, Al Kufrah",popularate,2020-11-24,GADM,23.298644,22.005054
LBY,LY-MB,Al-Margab,"Murqub, Al Marqab",popularate,2020-11-24,GADM,32.397127,14.052112
LBY,LY-MJ,Al-Marj,"Meadows, Al Marj",popularate,2020-11-24,GADM,31.922895,21.314210
LBY,LY-WD,Al-Wadi,"Wadi al Hayaa, Wādī al Ḩayāt",popularate,2020-11-24,GADM,26.358043,12.781204
LBY,LY-WA,Al-Wahat,"Oases, Al Wāḩāt",popularate,2020-11-24,GADM,29.127929,20.906407
LBY,LY-ZA,Al-Zawiya,Az Zāwiyah,popularate,2020-11-24,GADM,32.516054,12.629331
LBY,LY-BA,Benghazi,Banghāzī,popularate,2020-11-24,GADM,31.825078,20.413685
LBY,LY-BU,Butnan,Al Buţnān,popularate,2020-11-24,GADM,30.134936,23.859978
LBY,LY-DR,Derna,Darnah,popularate,2020-11-24,GADM,31.960534,22.603629
LBY,LY-GT,Ghat,Ghāt,popularate,2020-11-24,GADM,26.041398,10.453092
LBY,LY-JG,Gheryan,"Al Jabal al Gharbī, Western Mountain, Jebel Nafusa, Jabal al Gharbi",popularate,2020-11-24,GADM,30.397580,13.160606
LBY,LY-MI,Misrata,Mişrātah,popularate,2020-11-24,GADM,31.419894,14.529080
LBY,LY-MQ,Murzuq Basin,Murzuq,popularate,2020-11-24,GADM,24.549041,15.266686
LBY,LY-NL,Nalut,Nālūt,popularate,2020-11-24,GADM,30.433061,10.771510
LBY,LY-NQ,Nuqat al Khams,An Nuqāţ al Khams,popularate,2020-11-24,GADM,32.700871,12.006789
LBY,LY-SB,Sabha,Sabhā,popularate,2020-11-24,GADM,27.010589,15.015781
LBY,LY-SR,Surt,Sirte,popularate,2020-11-24,GADM,29.980038,16.914980
LBY,LY-TB,Tripoli,Ţarābulus,popularate,2020-11-24,GADM,32.630837,13.406540
LBY,LY-WS,Wadi ash Shati,"Wadi al Shatii, Wādī ash Shāţi’, Wadi al Shati",popularate,2020-11-24,GADM,27.912313,12.989289
LCA,LC-01,Anse la Raye,,district,,GADM,13.906978,-61.003105
LCA,LC-12,Canaries,,district,,GADM,13.910002,-61.043867
LCA,LC-02,Castries,,district,,GADM,13.952827,-60.977528
LCA,LC-03,Choiseul,,district,,GADM,13.802453,-61.041549
LCA,LC-05,Dennery,,district,,GADM,13.918056,-60.922683
LCA,LC-06,Gros Islet,,district,,GADM,14.035834,-60.929837
LCA,LC-07,Laborie,,district,,GADM,13.785062,-61.003909
LCA,LC-08,Micoud,,district,,GADM,13.822465,-60.936093
LCA,LC-10,Soufrière,,district,,GADM,13.848585,-61.026082
LCA,LC-11,Vieux Fort,,district,,GADM,13.775569,-60.967870
LIE,LI-01,Balzers,,commune,,GADM,47.068542,9.508150
LIE,LI-02,Eschen,,commune,,GADM,47.210621,9.524693
LIE,LI-03,Gamprin,,commune,,GADM,47.215538,9.508603
LIE,LI-04,Mauren,,commune,,GADM,47.214996,9.553462
LIE,LI-05,Planken,,commune,,GADM,47.183821,9.558826
LIE,LI-06,Ruggell,,commune,,GADM,47.249596,9.537677
LIE,LI-07,Schaan,,commune,,GADM,47.167696,9.534744
LIE,LI-08,Schellenberg,,commune,,GADM,47.240242,9.559926
LIE,LI-09,Triesen,,commune,,GADM,47.087484,9.543601
LIE,LI-10,Triesenberg,,commune,,GADM,47.129082,9.556645
LIE,LI-11,Vaduz,,commune,,GADM,47.148335,9.527453
LKA,LK-2,Central Province,,province,,COD-AB,7.381675,80.723109
LKA,LK-5,Eastern Province,,province,,COD-AB,7.751388,81.412243
LKA,LK-7,North Central Province,,province,,COD-AB,8.281856,80.484993
LKA,LK-6,North Western Province,,province,,COD-AB,7.913051,80.107027
LKA,LK-4,Northern Province,,province,,COD-AB,9.180754,80.481566
LKA,LK-9,Sabaragamuwa Province,,province,,COD-AB,6.813034,80.334902
LKA,LK-3,Southern Province,,province,,COD-AB,6.249515,80.460879
LKA,LK-8,Uva Province,"Ūva paḷāta, Uva",province,,COD-AB,6.954292,81.235351
LKA,LK-1,Western Province,Western Region,province,,COD-AB,6.827869,80.032958
LSO,LS-D,Berea,,district,,GADM,-29.171830,27.905064
LSO,LS-B,Butha-Buthe,,district,,GADM,-28.828761,28.568984
LSO,LS-C,Leribe,,district,,GADM,-29.032625,28.283004
LSO,LS-E,Mafeteng,,district,,GADM,-29.791021,27.407761
LSO,LS-A,Maseru,,district,,GADM,-29.604535,27.777890
LSO,LS-F,Mohale's Hoek,,district,,GADM,-30.102764,27.612628
LSO,LS-J,Mokhotlong,,district,,GADM,-29.169391,28.996099
LSO,LS-H,Qacha's Nek,,district,,GADM,-29.939960,28.835738
LSO,LS-G,Quthing,,district,,GADM,-30.349355,27.994099
LSO,LS-K,Thaba-Tseka,Thaba-Tseka District,district,,GADM,-29.509305,28.511926
LTU,LT-AL,Alytaus,Alytus County,county,2021-11-25,GADM,54.232180,24.064385
LTU,LT-KU,Kauno,"Kauna, Kaunas County",county,2021-11-25,GADM,55.020081,24.068952
LTU,LT-KL,Klaipėdos,"Klaipeda, Klaipeda County",county,2021-11-25,GADM,55.711668,21.435225
LTU,LT-MR,Marijampolės,"Marijampole County, Marijampolė County",county,2021-11-25,GADM,54.684137,23.200051
LTU,LT-PN,Panevėžio,"Panevezys, Panevezys County, Panevėžys County",county,2021-11-25,GADM,55.924559,25.052797
LTU,LT-SA,Šiaulių,Siauliai County,county,2021-11-25,GADM,55.943197,23.372088
LTU,LT-TA,Tauragės,Taurage County,county,2021-11-25,GADM,55.365229,22.412933
LTU,LT-TE,Telšių,"Telsiai County, Telšiai County",county,2021-11-25,GADM,56.015232,22.144533
LTU,LT-UT,Utenos,Utena County,county,2021-11-25,GADM,55.490036,25.653951
LTU,LT-VL,Vilniaus,"Vilnius, Vilnius County",county,2021-11-25,GADM,54.836439,25.255689
LUX,LU-CA,Capellen,,canton,,WOF,49.635183,5.973641
LUX,LU-CL,Clerf,Clervaux,canton,,WOF,50.057762,5.984893
LUX,LU-DI,Diekirch,,canton,,WOF,49.939951,5.973732
LUX,LU-EC,Echternach,,canton,,WOF,49.794724,6.380120
LUX,LU-ES,Esch an der Alzette,"Esch, Esch-sur-Alzette",canton,,WOF,49.518830,5.999353
LUX,LU-GR,Grevenmacher,,canton,,WOF,49.652038,6.360755
LUX,LU-LU,Luxemburg,Luxembourg,canton,,WOF,49.639194,6.092479
LUX,LU-ME,Mersch,,canton,,WOF,49.757963,6.134002
LUX,LU-RD,Redingen,,canton,,WOF,49.795352,5.902916
LUX,LU-RM,Remich,,canton,,WOF,49.543685,6.299206
LUX,LU-VD,Vianden,,canton,,WOF,49.929154,6.160316
LUX,LU-WI,Wiltz,,canton,,WOF,49.942533,5.905038
LVA,LV-011,Ādažu,Ādaži,municipality,2021-11-25,Kontur,55.942438,26.311957
LVA,LV-002,Aizkraukles,Aizkraukle,municipality,2021-11-25,Kontur,57.111377,24.345544
LVA,LV-007,Alūksnes,Alūksne,municipality,2021-11-25,Kontur,56.488912,25.261327
LVA,LV-111,Augšdaugavas,Augšdaugava,municipality,2021-11-25,Kontur,57.429048,27.121044
LVA,LV-015,Balvu,Balvi,municipality,2021-11-25,Kontur,57.076717,27.360700
LVA,LV-016,Bauskas,Bauska,municipality,2021-11-25,Kontur,56.484297,24.432012
LVA,LV-022,Cēsu,Cēsis,municipality,2021-11-25,Kontur,57.217027,25.338398
LVA,LV-DGV,Daugavpils,,state city,2021-11-25,Kontur,55.900146,26.533050
LVA,LV-112,Dienvidkurzemes,Dienvidkurzeme,municipality,2021-11-25,Kontur,56.525205,21.450079
LVA,LV-026,Dobeles,Dobele,municipality,2021-11-25,Kontur,56.562118,23.104321
LVA,LV-033,Gulbenes,Gulbene,municipality,2021-11-25,Kontur,57.177352,26.610361
LVA,LV-042,Jēkabpils,,municipality,2021-11-25,Kontur,56.609209,23.866485
LVA,LV-JEL,Jelgava,,state city,2021-11-25,Kontur,56.359696,25.728101
LVA,LV-041,Jelgavas,,municipality,2021-11-25,Kontur,56.644444,23.718557
LVA,LV-JUR,Jūrmala,,state city,2021-11-25,Kontur,56.966356,23.557195
LVA,LV-052,Ķekavas,Ķekava,municipality,2021-11-25,Kontur,56.843372,21.953483
LVA,LV-047,Krāslavas,Krāslava,municipality,2021-11-25,Kontur,56.784940,24.320845
LVA,LV-050,Kuldīgas,Kuldīga,municipality,2021-11-25,Kontur,56.023292,27.398669
LVA,LV-LPX,Liepāja,,state city,2021-11-25,Kontur,56.537150,21.033285
LVA,LV-054,Limbažu,Limbaži,municipality,2021-11-25,Kontur,57.608114,24.641045
LVA,LV-056,Līvānu,Līvāni,municipality,2021-11-25,Kontur,56.351666,26.333786
LVA,LV-058,Ludzas,Ludza,municipality,2021-11-25,Kontur,56.510113,27.799392
LVA,LV-059,Madonas,Madona,municipality,2021-11-25,Kontur,56.844582,26.228560
LVA,LV-062,Mārupes,Mārupe,municipality,2021-11-25,Kontur,56.895167,23.807425
LVA,LV-067,Ogres,Ogre,municipality,2021-11-25,Kontur,56.769534,24.976953
LVA,LV-068,Olaines,Olaine,municipality,2021-11-25,Kontur,56.772343,23.900375
LVA,LV-073,Preiļu,Preiļi,municipality,2021-11-25,Kontur,56.310281,26.771183
LVA,LV-REZ,Rēzekne,,state city,2021-11-25,Kontur,56.507913,27.342560
LVA,LV-077,Rēzeknes,,municipality,2021-11-25,Kontur,56.502432,27.058878
LVA,LV-RIX,Rīga,,state city,2021-11-25,Kontur,56.971885,24.166326
LVA,LV-080,Ropažu,Ropaži,municipality,2021-11-25,Kontur,56.988126,24.559780
LVA,LV-087,Salaspils,,municipality,2021-11-25,Kontur,56.873143,24.367530
LVA,LV-088,Saldus,,municipality,2021-11-25,Kontur,56.640846,22.486029
LVA,LV-089,Saulkrastu,Saulkrasti,municipality,2021-11-25,Kontur,57.229469,24.527437
LVA,LV-091,Siguldas,Sigulda,municipality,2021-11-25,Kontur,57.167374,24.830822
LVA,LV-094,Smiltenes,Smiltene,municipality,2021-11-25,Kontur,57.385708,26.041746
LVA,LV-097,Talsu,Talsi,municipality,2021-11-25,Kontur,57.383373,22.654534
LVA,LV-099,Tukuma,Tukums,municipality,2021-11-25,Kontur,57.003723,23.008975
LVA,LV-101,Valkas,Valka,municipality,2021-11-25,Kontur,57.711415,26.016495
LVA,LV-113,Valmieras,Valmiera,municipality,2021-11-25,Kontur,57.736241,25.398088
LVA,LV-102,Varakļānu,Varakļāni,municipality,2021-11-25,Kontur,56.624810,26.599168
LVA,LV-106,Ventspils,,municipality,2021-11-25,Kontur,57.299759,21.865700
LVA,LV-VEN,Ventspils City,,state city,2021-11-25,Kontur,57.409762,21.616530
MAR,MA-05,Béni Mellal-Khénifra,,region,2020-11-24,COD-AB,32.396710,-6.305140
MAR,MA-06,Casablanca-Settat,"Grand Casablanca, Grand Casablanca Region",region,2020-11-24,COD-AB,33.068703,-7.776106
MAR,MA-08,Drâa-Tafilalet,,region,2020-11-24,COD-AB,31.278304,-5.625185
MAR,MA-03,Fès-Meknès,,region,2020-11-24,COD-AB,33.747327,-4.843747
MAR,MA-10,Guelmim-Oued Noun,"Guelmim-Oued Noun (EH-partial), Guilmim-Oued Noun",region,2020-11-24,COD-AB,28.297999,-10.089789
MAR,MA-11,Laâyoune-Sakia El Hamra,Laâyoune-Sakia El Hamra (EH-partial),region,2020-11-24,COD-AB,27.928611,-12.396600
MAR,MA-07,Marrakesh-Safi,"Marakesh-Safi, Marrakech-Safi",region,2020-11-24,COD-AB,31.799595,-8.308270
MAR,MA-02,Oriental,L'Oriental,region,2020-11-24,COD-AB,33.580112,-2.416644
MAR,MA-04,Rabat-Salé-Kénitra,,region,2020-11-24,COD-AB,34.094819,-6.308558
MAR,MA-09,Souss-Massa,,region,2020-11-24,COD-AB,29.875745,-8.042037
MAR,MA-01,Tanger-Tetouan-Al Hoceima,"Tanger-Tétouan-Al Hoceïma, Tangier-Asilah, Tangier-Tétouan, Tangier-Tétouan-Al Hoceima, Tetouan",region,2020-11-24,COD-AB,35.216812,-5.431980
MDA,MD-AN,Anenii Noi,,district,,GADM,46.951920,29.174608
MDA,MD-BA,Bălți,,city,,GADM,47.763926,27.952798
MDA,MD-BS,Basarabeasca,,district,,GADM,46.415740,28.890139
MDA,MD-BD,Bender,,city,,GADM,46.840958,29.454131
MDA,MD-BR,Briceni,,district,,GADM,48.280674,27.038452
MDA,MD-CA,Cahul,,district,,GADM,45.791291,28.328237
MDA,MD-CL,Călărași,,district,,GADM,47.302616,28.299476
MDA,MD-CT,Cantemir,,district,,GADM,46.266001,28.352420
MDA,MD-CS,Căușeni,,district,,GADM,46.604359,29.202437
MDA,MD-CU,Chișinău,,city,,GADM,47.002256,28.866549
MDA,MD-CM,Cimișlia,,district,,GADM,46.602541,28.782403
MDA,MD-CR,Criuleni,,district,,GADM,47.206070,28.996875
MDA,MD-DO,Dondușeni,,district,,GADM,48.207739,27.696563
MDA,MD-DR,Drochia,,district,,GADM,48.027758,27.866455
MDA,MD-DU,Dubăsari,,district,,GADM,47.184565,29.206048
MDA,MD-ED,Edineț,,district,,GADM,48.121498,27.290733
MDA,MD-FA,Fălești,,district,,GADM,47.572639,27.692630
MDA,MD-FL,Florești,,district,,GADM,47.905706,28.367956
MDA,MD-GA,Găgăuzia,,autonomous territorial unit,,GADM,46.211453,28.761858
MDA,MD-GL,Glodeni,,district,,GADM,47.722147,27.506196
MDA,MD-HI,Hîncești,,district,,GADM,46.830544,28.426450
MDA,MD-IA,Ialoveni,,district,,GADM,46.879402,28.829271
MDA,MD-LE,Leova,,district,,GADM,46.556534,28.406970
MDA,MD-NI,Nisporeni,,district,,GADM,47.078239,28.181016
MDA,MD-OC,Ocnița,,district,,GADM,48.362333,27.482692
MDA,MD-OR,Orhei,,district,,GADM,47.400191,28.767923
MDA,MD-RE,Rezina,,district,,GADM,47.709522,28.805050
MDA,MD-RI,Rîșcani,,district,,GADM,47.937773,27.441505
MDA,MD-SI,Sîngerei,,district,,GADM,47.668657,28.205108
MDA,MD-SD,Șoldănești,,district,,GADM,47.853319,28.815791
MDA,MD-SO,Soroca,,district,,GADM,48.155594,28.183709
MDA,MD-SV,Ștefan Vodă,,district,,GADM,46.540333,29.659109
MDA,MD-SN,Stînga Nistrului,"Transdniestr, Transnistria",territorial unit,,GADM,47.372351,29.281442
MDA,MD-ST,Strășeni,,district,,GADM,47.174908,28.592320
MDA,MD-TA,Taraclia,,district,,GADM,45.910313,28.614561
MDA,MD-TE,Telenești,,district,,GADM,47.584751,28.533963
MDA,MD-UN,Ungheni,,district,,GADM,47.244555,27.907904
MDG,MG-T,Antananarivo,,province,,GADM,-18.999268,46.741557
MDG,MG-D,Antsiranana,Antsiranana Province,province,,GADM,-13.983996,49.174349
MDG,MG-F,Fianarantsoa,,province,,GADM,-22.105416,46.666845
MDG,MG-M,Mahajanga,,province,,GADM,-16.614050,46.182161
MDG,MG-A,Toamasina,,province,,GADM,-17.656112,48.770564
MDG,MG-U,Toliara,,province,,GADM,-21.943854,44.263449
MDV,MV-01,Addu City,,city,2020-11-24,COD-AB,-0.641670,73.162808
MDV,MV-03,Faadhippolhu,,administrative atoll,2020-11-24,COD-AB,5.401071,73.498048
MDV,MV-04,Felidhu Atoll,,administrative atoll,2020-11-24,COD-AB,3.494426,73.408776
MDV,MV-29,Fuvammulah,,administrative atoll,2020-11-24,COD-AB,-0.303279,73.430565
MDV,MV-05,Hahdhunmathi,,administrative atoll,2020-11-24,COD-AB,1.955537,73.399120
MDV,MV-08,Kolhumadulu,,administrative atoll,2020-11-24,COD-AB,2.361794,73.134039
MDV,MV-MLE,Male,,city,2020-11-24,COD-AB,4.174520,73.510468
MDV,MV-26,Male Atoll,Kaafu Atoll,administrative atoll,2020-11-24,COD-AB,4.437129,73.536175
MDV,MV-12,Mulaku Atoll,,administrative atoll,2020-11-24,COD-AB,2.961319,73.494415
MDV,MV-02,North Ari Atoll,,administrative atoll,2020-11-24,COD-AB,4.095153,72.831415
MDV,MV-27,North Huvadhu Atoll,,administrative atoll,2020-11-24,COD-AB,0.634113,73.281586
MDV,MV-13,North Maalhosmadulu,,administrative atoll,2020-11-24,COD-AB,5.622869,72.938468
MDV,MV-24,North Miladhunmadulu,,administrative atoll,2020-11-24,COD-AB,6.229999,73.135162
MDV,MV-14,North Nilandhe Atoll,,administrative atoll,2020-11-24,COD-AB,3.187826,72.931939
MDV,MV-07,North Thiladhunmathi,,administrative atoll,2020-11-24,COD-AB,7.012043,72.919866
MDV,MV-00,South Ari Atoll,,administrative atoll,2020-11-24,COD-AB,3.685539,72.840556
MDV,MV-28,South Huvadhu Atoll,,administrative atoll,2020-11-24,COD-AB,0.379099,73.232531
MDV,MV-20,South Maalhosmadulu,,administrative atoll,2020-11-24,COD-AB,5.143215,72.976827
MDV,MV-25,South Miladhunmadulu,,administrative atoll,2020-11-24,COD-AB,5.821789,73.315797
MDV,MV-17,South Nilandhe Atoll,,administrative atoll,2020-11-24,COD-AB,2.834293,72.928773
MDV,MV-23,South Thiladhunmathi,,administrative atoll,2020-11-24,COD-AB,6.652851,72.978566
MEX,MX-AGU,Aguascalientes,,state,2022-11-29,GADM,22.041554,-102.317393
MEX,MX-BCN,Baja California,,state,2022-11-29,GADM,30.387914,-115.266747
MEX,MX-BCS,Baja California Sur,,state,2022-11-29,GADM,25.463276,-111.546144
MEX,MX-CAM,Campeche,,state,2022-11-29,GADM,19.338482,-89.940929
MEX,MX-CHP,Chiapas,,state,2022-11-29,GADM,16.267524,-92.232160
MEX,MX-CHH,Chihuahua,,state,2022-11-29,GADM,28.728051,-106.031523
MEX,MX-CMX,Ciudad de México,Ciudad de Mexico,federal entity,2022-11-29,GADM,19.320556,-99.151701
MEX,MX-COA,Coahuila,"Coahuila de Zaragoza, Coahuila de Zaragoza",state,2022-11-29,GADM,27.243451,-102.293908
MEX,MX-COL,Colima,,state,2022-11-29,GADM,19.099068,-103.922361
MEX,MX-DUR,Durango,,state,2022-11-29,GADM,24.618155,-104.591747
MEX,MX-federal_offshore,federal offshore,,zone,,Marine Regions
MEX,MX-GUA,Guanajuato,Guanajuto,state,2022-11-29,GADM,20.879632,-101.258370
MEX,MX-GRO,Guerrero,,state,2022-11-29,GADM,17.606054,-99.950146
MEX,MX-HID,Hidalgo,,state,2022-11-29,GADM,20.500756,-99.210650
MEX,MX-JAL,Jalisco,,state,2022-11-29,GADM,20.850184,-103.163004
MEX,MX-MEX,México,"Estado de Mexico, Mexico, State of Mexico, State of México",state,2022-11-29,GADM,19.329254,-99.821088
MEX,MX-MIC,Michoacán,"Michoacán de Ocampo, Michoacan",state,2022-11-29,GADM,19.159518,-101.667956
MEX,MX-MOR,Morelos,,state,2022-11-29,GADM,18.732498,-99.101610
MEX,MX-NAY,Nayarit,,state,2022-11-29,GADM,21.848780,-104.873762
MEX,MX-NLE,Nuevo León,Nuevo Leon,state,2022-11-29,GADM,25.503456,-99.596438
MEX,MX-OAX,Oaxaca,,state,2022-11-29,GADM,17.170004,-96.340386
MEX,MX-PUE,Puebla,,state,2022-11-29,GADM,19.357263,-97.429604
MEX,MX-QUE,Querétaro,Queretaro,state,2022-11-29,GADM,20.844824,-99.997028
MEX,MX-ROO,Quintana Roo,,state,2022-11-29,GADM,19.752217,-88.318569
MEX,MX-SLP,San Luis Potosí,San Luis Potosi,state,2022-11-29,GADM,22.836143,-101.100666
MEX,MX-SIN,Sinaloa,,state,2022-11-29,GADM,24.776125,-107.395611
MEX,MX-SON,Sonora,,state,2022-11-29,GADM,29.442862,-110.546954
MEX,MX-TAB,Tabasco,,state,2022-11-29,GADM,17.951779,-92.483848
MEX,MX-TAM,Tamaulipas,,state,2022-11-29,GADM,24.974250,-98.426839
MEX,MX-TLA,Tlaxcala,,state,2022-11-29,GADM,19.417333,-98.110016
MEX,MX-VER,Veracruz,Veracruz de Ignacio de la Llave,state,2022-11-29,GADM,19.826747,-96.880615
MEX,MX-YUC,Yucatán,Yucatan,state,2022-11-29,GADM,20.609879,-89.087971
MEX,MX-ZAC,Zacatecas,,state,2022-11-29,GADM,23.097244,-103.204282
MHL,MH-ALL,Ailinglaplap,,municipality,,GADM,7.340416,168.624584
MHL,MH-ALK,Ailuk,,municipality,,GADM,10.465694,169.946732
MHL,MH-ARN,Arno,,municipality,,GADM,7.085152,171.856525
MHL,MH-AUR,Aur,,municipality,,GADM,8.307188,171.161683
MHL,MH-EBO,Ebon,,municipality,,GADM,4.610695,168.666532
MHL,MH-ENI,Enewetak & Ujelang,,municipality,,GADM,11.663056,162.239305
MHL,MH-JAB,Jabat,,municipality,,GADM,7.751529,168.976601
MHL,MH-JAL,Jaluit,,municipality,,GADM,6.204442,169.531301
MHL,MH-KWA,Kwajalein,,municipality,,GADM,9.396197,167.475792
MHL,MH-LAE,Lae,,municipality,,GADM,8.927639,166.267357
MHL,MH-LIB,Lib,,municipality,,GADM,8.312779,167.379868
MHL,MH-LIK,Likiep,,municipality,,GADM,10.033472,169.011466
MHL,MH-MAJ,Majuro,,municipality,,GADM,7.148542,171.267990
MHL,MH-MAL,Maloelap,,municipality,,GADM,8.903750,170.889725
MHL,MH-MEJ,Mejit,,municipality,,GADM,10.284306,170.870071
MHL,MH-MIL,Mili,,municipality,,GADM,6.034429,171.955457
MHL,MH-NMK,Namdrik,,municipality,,GADM,5.635137,168.096935
MHL,MH-NMU,Namu,,municipality,,GADM,8.195140,167.975833
MHL,MH-RON,Rongelap,,municipality,,GADM,11.116548,166.486271
MHL,MH-UJA,Ujae,,municipality,,GADM,8.931113,165.760452
MHL,MH-UTI,Utrik,,municipality,,GADM,11.225973,169.852570
MHL,MH-WTH,Wotho,,municipality,,GADM,10.020972,166.021038
MHL,MH-WTJ,Wotje,,municipality,,GADM,9.550972,170.150139
MKD,MK-801,Aerodrom †,,municipality,,GADM,41.950624,21.508544
MKD,MK-802,Aračinovo,,municipality,,GADM,42.028553,21.584905
MKD,MK-201,Berovo,,municipality,,GADM,41.662155,22.798149
MKD,MK-501,Bitola,,municipality,,GADM,41.044277,21.249714
MKD,MK-401,Bogdanci,,municipality,,GADM,41.188334,22.593893
MKD,MK-601,Bogovinje,,municipality,,GADM,41.931173,20.855805
MKD,MK-402,Bosilovo,,municipality,,GADM,41.480501,22.764320
MKD,MK-602,Brvenica,,municipality,,GADM,41.871338,21.009883
MKD,MK-803,Butel †,,municipality,,GADM,42.076422,21.457172
MKD,MK-815,Čair †,,municipality,,GADM,42.000782,21.442178
MKD,MK-109,Čaška,,municipality,,GADM,41.584803,21.593176
MKD,MK-814,Centar †,,municipality,,GADM,41.980749,21.430385
MKD,MK-313,Centar Župa,,municipality,,GADM,41.460901,20.582931
MKD,MK-210,Češinovo-Obleševo,,municipality,,GADM,41.868097,22.268197
MKD,MK-816,Čučer-Sandevo,,municipality,,GADM,42.129454,21.382743
MKD,MK-303,Debar,,municipality,,GADM,41.503390,20.662667
MKD,MK-304,Debrca,,municipality,,GADM,41.301292,20.851444
MKD,MK-203,Delčevo,,municipality,,GADM,41.928753,22.729730
MKD,MK-502,Demir Hisar,,municipality,,GADM,41.254618,21.154820
MKD,MK-103,Demir Kapija,,municipality,,GADM,41.385191,22.233334
MKD,MK-406,Dojran,,municipality,,GADM,41.222628,22.670481
MKD,MK-503,Dolneni,,municipality,,GADM,41.471127,21.401584
MKD,MK-804,Gazi Baba †,,municipality,,GADM,42.006491,21.498456
MKD,MK-405,Gevgelija,,municipality,,GADM,41.249991,22.384304
MKD,MK-805,Gjorče Petrov †,,municipality,,GADM,42.039415,21.327093
MKD,MK-604,Gostivar,,municipality,,GADM,41.752333,20.929727
MKD,MK-102,Gradsko,,municipality,,GADM,41.603348,21.876172
MKD,MK-807,Ilinden,,municipality,,GADM,41.978947,21.607529
MKD,MK-606,Jegunovce,,municipality,,GADM,42.089331,21.169574
MKD,MK-205,Karbinci,,municipality,,GADM,41.784680,22.292098
MKD,MK-808,Karpoš †,,municipality,,GADM,41.986227,21.393597
MKD,MK-104,Kavadarci,,municipality,,GADM,41.302071,21.986580
MKD,MK-307,Kičevo,,municipality,,GADM,41.491928,20.941207
MKD,MK-809,Kisela Voda †,,municipality,,GADM,41.933691,21.480652
MKD,MK-206,Kočani,,municipality,,GADM,41.972954,22.400903
MKD,MK-407,Konče,,municipality,,GADM,41.511631,22.389411
MKD,MK-701,Kratovo,,municipality,,GADM,42.074116,22.143735
MKD,MK-702,Kriva Palanka,,municipality,,GADM,42.216768,22.316944
MKD,MK-504,Krivogaštani,,municipality,,GADM,41.315630,21.370566
MKD,MK-505,Kruševo,,municipality,,GADM,41.353487,21.261922
MKD,MK-703,Kumanovo,,municipality,,GADM,42.095663,21.788212
MKD,MK-704,Lipkovo,,municipality,,GADM,42.148645,21.584502
MKD,MK-105,Lozovo,,municipality,,GADM,41.742928,21.909272
MKD,MK-207,Makedonska Kamenica,,municipality,,GADM,42.043486,22.545030
MKD,MK-308,Makedonski Brod,,municipality,,GADM,41.635086,21.218389
MKD,MK-607,Mavrovo i Rostuše,,municipality,,GADM,41.631085,20.664046
MKD,MK-506,Mogila,,municipality,,GADM,41.172985,21.402103
MKD,MK-106,Negotino,,municipality,,GADM,41.500374,22.169230
MKD,MK-507,Novaci,,municipality,,GADM,41.015213,21.644519
MKD,MK-408,Novo Selo,,municipality,,GADM,41.430405,22.874437
MKD,MK-310,Ohrid,,municipality,,GADM,41.074984,20.848243
MKD,MK-208,Pehčevo,,municipality,,GADM,41.772699,22.855049
MKD,MK-810,Petrovec,,municipality,,GADM,41.893429,21.687951
MKD,MK-311,Plasnica,,municipality,,GADM,41.442856,21.115643
MKD,MK-508,Prilep,,municipality,,GADM,41.268600,21.621362
MKD,MK-209,Probištip,,municipality,,GADM,41.947241,22.142257
MKD,MK-409,Radoviš,,municipality,,GADM,41.638773,22.464968
MKD,MK-705,Rankovce,,municipality,,GADM,42.193403,22.114014
MKD,MK-509,Resen,,municipality,,GADM,41.033876,20.990109
MKD,MK-107,Rosoman,,municipality,,GADM,41.492941,21.899649
MKD,MK-811,Saraj †,,municipality,,GADM,41.989380,21.234411
MKD,MK-812,Sopište,,municipality,,GADM,41.840241,21.298550
MKD,MK-706,Staro Nagoričane,,municipality,,GADM,42.210835,21.894655
MKD,MK-211,Štip,,municipality,,GADM,41.706646,22.169376
MKD,MK-312,Struga,,municipality,,GADM,41.256870,20.700239
MKD,MK-410,Strumica,,municipality,,GADM,41.401840,22.632348
MKD,MK-813,Studeničani,,municipality,,GADM,41.796635,21.400298
MKD,MK-817,Šuto Orizari †,,municipality,,GADM,42.033926,21.408502
MKD,MK-108,Sveti Nikole,,municipality,,GADM,41.861734,21.958703
MKD,MK-608,Tearce,,municipality,,GADM,42.088661,21.045724
MKD,MK-609,Tetovo,,municipality,,GADM,42.027472,20.875389
MKD,MK-403,Valandovo,,municipality,,GADM,41.330784,22.484787
MKD,MK-404,Vasilevo,,municipality,,GADM,41.545616,22.669362
MKD,MK-101,Veles,,municipality,,GADM,41.756386,21.722955
MKD,MK-301,Vevčani,,municipality,,GADM,41.245136,20.580773
MKD,MK-202,Vinica,,municipality,,GADM,41.855862,22.569025
MKD,MK-603,Vrapčište,,municipality,,GADM,41.859825,20.841803
MKD,MK-806,Zelenikovo,,municipality,,GADM,41.818092,21.566203
MKD,MK-605,Želino,,municipality,,GADM,41.914766,21.118544
MKD,MK-204,Zrnovci,,municipality,,GADM,41.831232,22.403166
MLI,ML-BKO,Bamako,Bamako Capital District,district,,Kontur,12.613266,-7.984739
MLI,ML-7,Gao,,region,,Kontur,17.002443,-0.099168
MLI,ML-1,Kayes,"Kayes Cercle, Kayes Region",region,,Kontur,13.807982,-10.214067
MLI,ML-8,Kidal,,region,,Kontur,19.820497,0.717415
MLI,ML-2,Koulikoro,,region,,Kontur,13.490595,-7.617173
MLI,ML-9,Ménaka,,region,,Kontur,16.698299,2.814543
MLI,ML-5,Mopti,,region,,Kontur,14.514489,-3.646456
MLI,ML-4,Ségou,Ségou Region,region,,Kontur,14.057578,-5.990014
MLI,ML-3,Sikasso,,region,,Kontur,11.485853,-6.863331
MLI,ML-10,Taoudénit,"Taoudenni, Taoudéni",region,,Kontur,20.935317,-3.354536
MLI,ML-6,Tombouctou,Timbuktu,region,,Kontur,16.209717,-3.028118
MLT,MT-01,Attard,,local council,,WOF,35.892021,14.433176
MLT,MT-02,Balzan,,local council,,WOF,35.897438,14.451970
MLT,MT-03,Birgu,,local council,,WOF,35.886502,14.523358
MLT,MT-04,Birkirkara,,local council,,WOF,35.895468,14.466600
MLT,MT-05,Birżebbuġa,,local council,,WOF,35.824845,14.521588
MLT,MT-06,Bormla,,local council,,WOF,35.882600,14.522691
MLT,MT-07,Dingli,,local council,,WOF,35.859399,14.380579
MLT,MT-08,Fgura,,local council,,WOF,35.873372,14.519863
MLT,MT-09,Floriana,,local council,,WOF,35.892803,14.503853
MLT,MT-10,Fontana,,local council,,WOF,36.036926,14.236103
MLT,MT-13,Għajnsielem,,local council,,WOF,36.026251,14.285517
MLT,MT-14,Għarb,,local council,,WOF,36.067441,14.198453
MLT,MT-15,Għargħur,,local council,,WOF,35.923248,14.454363
MLT,MT-16,Għasri,,local council,,WOF,36.065803,14.220442
MLT,MT-17,Għaxaq,,local council,,WOF,35.846598,14.517961
MLT,MT-11,Gudja,,local council,,WOF,35.850748,14.503767
MLT,MT-12,Gżira,,local council,,WOF,35.904999,14.492044
MLT,MT-18,Ħamrun,,local council,,WOF,35.886666,14.489139
MLT,MT-19,Iklin,,local council,,WOF,35.909993,14.456346
MLT,MT-20,Isla,,local council,,WOF,35.887759,14.517037
MLT,MT-21,Kalkara,,local council,,WOF,35.891428,14.533917
MLT,MT-22,Kerċem,,local council,,WOF,36.044187,14.217771
MLT,MT-23,Kirkop,,local council,,WOF,35.842096,14.484562
MLT,MT-24,Lija,,local council,,WOF,35.900702,14.442696
MLT,MT-25,Luqa,,local council,,WOF,35.851812,14.487242
MLT,MT-26,Marsa,,local council,,WOF,35.876875,14.490718
MLT,MT-27,Marsaskala,,local council,,WOF,35.861109,14.561760
MLT,MT-28,Marsaxlokk,,local council,,WOF,35.834274,14.558102
MLT,MT-29,Mdina,,local council,,WOF,35.886917,14.404909
MLT,MT-30,Mellieħa,,local council,,WOF,35.964546,14.367435
MLT,MT-31,Mġarr,,local council,,WOF,35.918436,14.362322
MLT,MT-32,Mosta,,local council,,WOF,35.911896,14.418783
MLT,MT-33,Mqabba,,local council,,WOF,35.845186,14.467365
MLT,MT-34,Msida,,local council,,WOF,35.897548,14.485632
MLT,MT-35,Mtarfa,,local council,,WOF,35.890499,14.397058
MLT,MT-36,Munxar,,local council,,WOF,36.029189,14.226308
MLT,MT-37,Nadur,,local council,,WOF,36.050564,14.298519
MLT,MT-38,Naxxar,,local council,,WOF,35.929996,14.435114
MLT,MT-39,Paola,,local council,,WOF,35.873803,14.506519
MLT,MT-40,Pembroke,,local council,,WOF,35.931125,14.478221
MLT,MT-41,Pietà,,local council,,WOF,35.892074,14.493776
MLT,MT-42,Qala,,local council,,WOF,36.037863,14.318975
MLT,MT-43,Qormi,,local council,,WOF,35.876717,14.467795
MLT,MT-44,Qrendi,,local council,,WOF,35.830244,14.448563
MLT,MT-45,Rabat Gozo,,local council,,WOF,36.043361,14.242392
MLT,MT-46,Rabat Malta,,local council,,WOF,35.884596,14.363823
MLT,MT-47,Safi,,local council,,WOF,35.834743,14.491670
MLT,MT-49,Saint John,,local council,,WOF,35.909973,14.475608
MLT,MT-48,Saint Julian's,,local council,,WOF,35.920283,14.490688
MLT,MT-50,Saint Lawrence,,local council,,WOF,36.047898,14.198404
MLT,MT-53,Saint Lucia's,,local council,,WOF,35.861183,14.506803
MLT,MT-51,Saint Paul's Bay,,local council,,WOF,35.935850,14.400095
MLT,MT-52,Sannat,,local council,,WOF,36.021158,14.250405
MLT,MT-54,Santa Venera,,local council,,WOF,35.889948,14.478542
MLT,MT-55,Siġġiewi,,local council,,WOF,35.847507,14.422740
MLT,MT-56,Sliema,,local council,,WOF,35.912222,14.500554
MLT,MT-57,Swieqi,,local council,,WOF,35.923113,14.473541
MLT,MT-58,Ta' Xbiex,,local council,,WOF,35.899487,14.495735
MLT,MT-59,Tarxien,,local council,,WOF,35.865868,14.513187
MLT,MT-60,Valletta,,local council,,WOF,35.898087,14.512053
MLT,MT-61,Xagħra,,local council,,WOF,36.056426,14.267346
MLT,MT-62,Xewkija,,local council,,WOF,36.031553,14.256429
MLT,MT-63,Xgħajra,,local council,,WOF,35.885070,14.547943
MLT,MT-64,Żabbar,,local council,,WOF,35.874975,14.543601
MLT,MT-65,Żebbuġ Gozo,,local council,,WOF,36.065803,14.246366
MLT,MT-66,Żebbuġ Malta,,local council,,WOF,35.873501,14.437098
MLT,MT-67,Żejtun,,local council,,WOF,35.857496,14.534557
MLT,MT-68,Żurrieq,,local council,,WOF,35.826320,14.499137
MMR,MM-07,Ayeyarwady,,region,,GADM,17.095419,95.142073
MMR,MM-02,Bago,Bago Region,region,,GADM,18.204577,96.269577
MMR,MM-14,Chin,Chin State,state,,GADM,22.388886,93.605414
MMR,MM-11,Kachin,Kachin State,state,,GADM,26.117411,97.366724
MMR,MM-12,Kayah,Kayah State,state,,GADM,19.241105,97.331593
MMR,MM-13,Kayin,,state,,GADM,17.369529,97.800064
MMR,MM-03,Magway,Magway Region,region,,GADM,20.776940,94.580634
MMR,MM-04,Mandalay,,region,,GADM,21.540970,95.844360
MMR,MM-15,Mon,,state,,GADM,16.302639,97.846435
MMR,MM-18,Nay Pyi Taw,,union territory,,GADM,19.709205,96.094768
MMR,MM-16,Rakhine,Rakhine State,state,,GADM,19.434595,94.240939
MMR,MM-01,Sagaing,Sagaing Division,region,,GADM,24.520910,95.300877
MMR,MM-17,Shan,Shan State,state,,GADM,21.743465,98.433008
MMR,MM-05,Tanintharyi,Tanintharyi Region,region,,GADM,12.550980,99.070211
MMR,MM-06,Yangon,,region,,GADM,17.042360,96.119681
MNE,ME-01,Andrijevica,,municipality,2023-11-23,Kontur,42.721998,19.754574
MNE,ME-02,Bar,,municipality,2023-11-23,Kontur,42.136772,19.149701
MNE,ME-03,Berane,,municipality,2023-11-23,Kontur,42.830423,19.833091
MNE,ME-04,Bijelo Polje,,municipality,2023-11-23,Kontur,43.081973,19.691423
MNE,ME-05,Budva,,municipality,2023-11-23,Kontur,42.259384,18.920166
MNE,ME-06,Cetinje,,municipality,2023-11-23,Kontur,42.478306,18.898006
MNE,ME-07,Danilovgrad,,municipality,2023-11-23,Kontur,42.612061,19.100779
MNE,ME-22,Gusinje,,municipality,2023-11-23,Kontur,42.548087,19.823385
MNE,ME-08,Herceg-Novi,,municipality,2023-11-23,Kontur,42.504333,18.544008
MNE,ME-09,Kolašin,,municipality,2023-11-23,Kontur,42.795062,19.421304
MNE,ME-10,Kotor,Bay of Kotor,municipality,2023-11-23,Kontur,42.448465,18.787166
MNE,ME-11,Mojkovac,,municipality,2023-11-23,Kontur,42.976932,19.471118
MNE,ME-12,Nikšić,,municipality,2023-11-23,Kontur,42.842122,18.812226
MNE,ME-23,Petnjica,,municipality,2023-11-23,Kontur,42.940729,19.988738
MNE,ME-13,Plav,,municipality,2023-11-23,Kontur,42.609098,19.965040
MNE,ME-14,Pljevlja,,municipality,2023-11-23,Kontur,43.312728,19.306015
MNE,ME-15,Plužine,,municipality,2023-11-23,Kontur,43.148373,18.821154
MNE,ME-16,Podgorica,,municipality,2023-11-23,Kontur,42.525128,19.379805
MNE,ME-17,Rožaje,,municipality,2023-11-23,Kontur,42.867313,20.189929
MNE,ME-18,Šavnik,,municipality,2023-11-23,Kontur,42.978775,19.167140
MNE,ME-19,Tivat,,municipality,2023-11-23,Kontur,42.420241,18.719772
MNE,ME-24,Tuzi,,municipality,2023-11-23,Kontur,42.407659,19.389578
MNE,ME-20,Ulcinj,,municipality,2023-11-23,Kontur,41.965172,19.315517
MNE,ME-21,Žabljak,,municipality,2023-11-23,Kontur,43.129320,19.153180
MNE,ME-25,Zeta,,municipality,2023-11-23,Kontur,42.319586,19.226488
MNG,MN-073,Arhangay,Arkhangai,province,,GADM,48.016123,100.519485
MNG,MN-071,Bayan-Ölgiy,,province,,GADM,48.302856,89.704498
MNG,MN-069,Bayanhongor,,province,,GADM,45.253374,99.775835
MNG,MN-067,Bulgan,Bulgan Province,province,,GADM,48.854511,103.171064
MNG,MN-037,Darhan uul,"Darkhan-Uul, Darkhan-Uul Province, Darkhan",province,,GADM,49.450777,106.348620
MNG,MN-061,Dornod,,province,,GADM,48.295343,114.173830
MNG,MN-063,Dornogovĭ,"Dornogobi, Dornogovi",province,,GADM,44.538870,109.585659
MNG,MN-059,Dundgovĭ,"Dundgovi, Dundgovi Province",province,,GADM,45.488324,106.065587
MNG,MN-057,Dzavhan,,province,,GADM,48.333995,96.291073
MNG,MN-065,Govĭ-Altay,Govi-Altai,province,,GADM,45.302065,95.793645
MNG,MN-064,Govĭ-Sümber,"Govisumber, Govisümber Province",province,,GADM,46.445412,108.552032
MNG,MN-039,Hentiy,Khentii,province,,GADM,47.760002,110.420671
MNG,MN-043,Hovd,"Khovd, Khovd Province",province,,GADM,47.022654,92.815650
MNG,MN-041,Hövsgöl,,province,,GADM,50.233785,100.303176
MNG,MN-053,Ömnögovĭ,"Omnogovi, Ömnögovi",province,,GADM,43.405443,103.700617
MNG,MN-035,Orhon,Orkhon Province,province,,GADM,49.018855,104.285530
MNG,MN-055,Övörhangay,,province,,GADM,45.756447,102.705725
MNG,MN-049,Selenge,,province,,GADM,49.502470,107.543088
MNG,MN-051,Sühbaatar,,province,,GADM,46.294724,113.853018
MNG,MN-047,Töv,Tov,province,,GADM,47.776141,105.608129
MNG,MN-1,Ulaanbaatar,Ulaanbaatar Province,capital city,,GADM,47.949386,106.967807
MNG,MN-046,Uvs,,province,,GADM,49.679475,92.877425
MOZ,MZ-P,Cabo Delgado,Cabo Delgado Province,province,,GADM,-12.320555,39.358200
MOZ,MZ-G,Gaza,,province,,GADM,-23.368920,32.697999
MOZ,MZ-I,Inhambane,,province,,GADM,-22.925000,34.601527
MOZ,MZ-B,Manica,Manica Province,province,,GADM,-19.005693,33.370266
MOZ,MZ-L,Maputo,,province,,GADM,-25.543472,32.437589
MOZ,MZ-MPM,Maputo City,,city,,GADM,-25.834526,32.530885
MOZ,MZ-N,Nampula,,province,,GADM,-15.183333,39.042723
MOZ,MZ-A,Niassa,Niassa Province,province,,GADM,-13.372055,36.307828
MOZ,MZ-S,Sofala,,province,,GADM,-19.065139,34.879035
MOZ,MZ-T,Tete,Tete Province,province,,GADM,-15.886985,32.342041
MOZ,MZ-Q,Zambézia,Zambezia Province,province,,GADM,-16.939134,37.162827
MRT,MR-07,Adrar,,region,,COD-AB,21.434117,-9.562423
MRT,MR-03,Assaba,,region,,COD-AB,16.718722,-11.860793
MRT,MR-05,Brakna,,region,,COD-AB,17.293105,-13.279306
MRT,MR-08,Dakhlet Nouâdhibou,"Dakhlet Nouadhibou, Ras Nouadhibou",region,,COD-AB,20.174208,-15.887413
MRT,MR-04,Gorgol,,region,,COD-AB,15.948605,-12.676917
MRT,MR-10,Guidimaka,,region,,COD-AB,15.388958,-12.205557
MRT,MR-01,Hodh ech Chargui,Hodh Ech Chargui,region,,COD-AB,18.654969,-7.131351
MRT,MR-02,Hodh el Gharbi,Hodh El Gharbi,region,,COD-AB,16.570438,-9.733879
MRT,MR-12,Inchiri,,region,,COD-AB,19.690501,-14.804693
MRT,MR-13,Nuwākshūţ al Gharbīyah,,region,,COD-AB,18.305329,-15.973985
MRT,MR-15,Nuwākshūţ al Janūbīyah,,region,,COD-AB,17.943243,-15.939891
MRT,MR-14,Nuwākshūţ ash Shamālīyah,,region,,COD-AB,18.105980,-15.894218
MRT,MR-09,Tagant,,region,,COD-AB,18.434475,-10.561433
MRT,MR-11,Tiris Zemmour,,region,,COD-AB,24.487559,-9.255412
MRT,MR-06,Trarza,,region,,COD-AB,17.517313,-15.054041
MUS,MU-AG,Agalega Islands,,dependency,2020-11-24,GADM,-10.467084,56.689165
MUS,MU-BL,Black River,Riviere Noire,district,2020-11-24,GADM,-20.326667,57.415373
MUS,MU-CC,Cargados Carajos Shoals,Saint Brandon Islands,dependency,2020-11-24,GADM,-16.241527,59.591667
MUS,MU-FL,Flacq,,district,2020-11-24,GADM,-20.222779,57.723721
MUS,MU-GP,Grand Port,,district,2020-11-24,GADM,-20.404410,57.628034
MUS,MU-MO,Moka,,district,2020-11-24,GADM,-20.253489,57.589231
MUS,MU-PA,Pamplemousses,,district,2020-11-24,GADM,-20.098056,57.573935
MUS,MU-PW,Plaines Wilhems,,district,2020-11-24,GADM,-20.304768,57.496149
MUS,MU-PL,Port Louis,,district,2020-11-24,GADM,-20.168368,57.515957
MUS,MU-RR,Rivière du Rempart,,district,2020-11-24,GADM,-20.065944,57.652012
MUS,MU-RO,Rodrigues Island,,dependency,2020-11-24,GADM,-19.719446,63.417639
MUS,MU-SA,Savanne,,district,2020-11-24,GADM,-20.458714,57.489223
MWI,MW-BA,Balaka,,district,2020-11-24,GADM,-15.032576,35.061759
MWI,MW-BL,Blantyre,,district,2020-11-24,GADM,-15.682003,34.928252
MWI,MW-CK,Chikwawa,,district,2020-11-24,GADM,-16.215837,34.720662
MWI,MW-CR,Chiradzulu,,district,2020-11-24,GADM,-15.763205,35.207520
MWI,MW-CT,Chitipa,,district,2020-11-24,GADM,-9.977354,33.418815
MWI,MW-DE,Dedza,,district,2020-11-24,GADM,-14.013647,34.281696
MWI,MW-DO,Dowa,,district,2020-11-24,GADM,-13.520327,33.740310
MWI,MW-KR,Karonga,,district,2020-11-24,GADM,-10.038460,34.066354
MWI,MW-KS,Kasungu,,district,2020-11-24,GADM,-12.976844,33.483417
MWI,MW-LK,Likoma,,district,2020-11-24,GADM,-12.065556,34.731945
MWI,MW-LI,Lilongwe,,district,2020-11-24,GADM,-14.044127,33.735416
MWI,MW-MH,Machinga,,district,2020-11-24,GADM,-14.906454,35.600021
MWI,MW-MG,Mangochi,,district,2020-11-24,GADM,-14.139584,35.117972
MWI,MW-MC,Mchinji,,district,2020-11-24,GADM,-13.778596,33.023115
MWI,MW-MU,Mulanje,,district,2020-11-24,GADM,-15.906247,35.543869
MWI,MW-MW,Mwanza,,district,2020-11-24,GADM,-15.612323,34.509563
MWI,MW-MZ,Mzimba,,district,2020-11-24,GADM,-11.850848,33.571704
MWI,MW-NE,Neno,,district,2020-11-24,GADM,-15.510353,34.682467
MWI,MW-NB,Nkhata Bay,,district,2020-11-24,GADM,-11.597003,34.212756
MWI,MW-NK,Nkhotakota,,district,2020-11-24,GADM,-12.834444,34.178209
MWI,MW-NS,Nsanje,,district,2020-11-24,GADM,-16.719644,35.100949
MWI,MW-NU,Ntcheu,,district,2020-11-24,GADM,-14.818918,34.767382
MWI,MW-NI,Ntchisi,,district,2020-11-24,GADM,-13.274095,33.897071
MWI,MW-PH,Phalombe,,district,2020-11-24,GADM,-15.681910,35.662704
MWI,MW-RU,Rumphi,,district,2020-11-24,GADM,-10.825826,34.045365
MWI,MW-SA,Salima,,district,2020-11-24,GADM,-13.735601,34.458482
MWI,MW-TH,Thyolo,,district,2020-11-24,GADM,-16.129833,35.142187
MWI,MW-ZO,Zomba,,district,2020-11-24,GADM,-15.439834,35.385046
MYS,MY-01,Johor,Johar,state,,GADM,2.046871,103.301138
MYS,MY-02,Kedah,,state,,GADM,5.812686,100.680419
MYS,MY-03,Kelantan,,state,,GADM,5.398030,102.076559
MYS,MY-04,Melaka,Malacca,state,,GADM,2.296944,102.293509
MYS,MY-05,Negeri Sembilan,,state,,GADM,2.774702,102.218834
MYS,MY-06,Pahang,,state,,GADM,3.618195,102.594626
MYS,MY-08,Perak,,state,,GADM,4.800695,101.019386
MYS,MY-09,Perlis,,state,,GADM,6.490691,100.264230
MYS,MY-07,Pulau Pinang,Pinang,state,,GADM,5.357680,100.456200
MYS,MY-12,Sabah,,state,,GADM,5.583540,117.178517
MYS,MY-13,Sarawak,Sarawak State,state,,GADM,2.929785,113.673425
MYS,MY-10,Selangor,,state,,GADM,3.229872,101.513193
MYS,MY-11,Terengganu,,state,,GADM,4.867864,103.005247
MYS,MY-14,Wilayah Persekutuan Kuala Lumpur,,federal territory,,GADM,3.131205,101.670770
MYS,MY-15,Wilayah Persekutuan Labuan,"Labuan, Labuan Island",federal territory,,GADM,5.316314,115.218600
MYS,MY-16,Wilayah Persekutuan Putrajaya,,federal territory,,GADM,2.894107,101.687928
NAM,NA-KA,//Karas,"Karas, Karas Region, Karas, !Karas",region,2020-11-24,COD-AB,-27.001742,17.618021
NAM,NA-ER,Erongo,Erongo Region,region,2020-11-24,COD-AB,-22.160134,15.349232
NAM,NA-HA,Hardap,Hardap Region,region,2020-11-24,COD-AB,-24.527439,17.301370
NAM,NA-KE,Kavango East,,region,2020-11-24,COD-AB,-18.474882,20.330649
NAM,NA-KW,Kavango West,,region,2020-11-24,COD-AB,-18.327828,18.790583
NAM,NA-KH,Khomas,Khomas Region,region,2020-11-24,COD-AB,-22.909513,17.092974
NAM,NA-KU,Kunene,Kunene Region,region,2020-11-24,COD-AB,-19.090304,13.465338
NAM,NA-OW,Ohangwena,,region,2020-11-24,COD-AB,-17.660955,16.823254
NAM,NA-OH,Omaheke,,region,2020-11-24,COD-AB,-22.056316,19.023414
NAM,NA-OS,Omusati,,region,2020-11-24,COD-AB,-18.402983,14.920850
NAM,NA-ON,Oshana,,region,2020-11-24,COD-AB,-18.502613,15.745620
NAM,NA-OT,Oshikoto,Oshikoto Region,region,2020-11-24,COD-AB,-18.613771,17.007995
NAM,NA-OD,Otjozondjupa,,region,2020-11-24,COD-AB,-20.575342,17.174175
NAM,NA-CA,Zambezi,,region,2020-11-24,COD-AB,-17.985153,23.418455
NER,NE-1,Agadez,,region,,GADM,19.471351,10.772101
NER,NE-2,Diffa,,region,,GADM,15.563612,13.124867
NER,NE-3,Dosso,,region,,GADM,13.172177,3.301373
NER,NE-4,Maradi,,region,,GADM,14.224115,7.467833
NER,NE-8,Niamey,,urban community,,GADM,13.529849,2.105428
NER,NE-5,Tahoua,Tahoua Region,region,,GADM,16.177148,5.333379
NER,NE-6,Tillabéri,Tillabéri Region,region,,GADM,13.807986,1.872299
NER,NE-7,Zinder,,region,,GADM,15.177623,9.702770
NGA,NG-AB,Abia,Aba,state,,GADM,5.418409,7.483744
NGA,NG-FC,Abuja Federal Capital Territory,"Abuja, Federal Capital Territory",capital territory,,GADM,8.888936,7.150636
NGA,NG-AD,Adamawa,Adamawa State,state,,GADM,9.213244,12.361934
NGA,NG-AK,Akwa Ibom,,state,,GADM,4.998494,7.778542
NGA,NG-AN,Anambra,Anambra State,state,,GADM,6.234307,6.932820
NGA,NG-BA,Bauchi,Bauchi State,state,,GADM,11.003841,9.305300
NGA,NG-BY,Bayelsa,,state,,GADM,4.840277,6.014516
NGA,NG-BE,Benue,Benue State,state,,GADM,7.289176,8.857675
NGA,NG-BO,Borno,,state,,GADM,11.877867,13.458439
NGA,NG-CR,Cross River,,state,,GADM,5.793233,8.381739
NGA,NG-DE,Delta,Delta State,state,,GADM,5.773610,6.342718
NGA,NG-EB,Ebonyi,,state,,GADM,6.249006,8.048452
NGA,NG-ED,Edo,Edo State,state,,GADM,6.656338,5.851298
NGA,NG-EK,Ekiti,,state,,GADM,7.672746,5.292828
NGA,NG-EN,Enugu,Enugu State,state,,GADM,6.516673,7.374562
NGA,NG-GO,Gombe,,state,,GADM,10.455730,11.251402
NGA,NG-IM,Imo,,state,,GADM,5.557908,7.021420
NGA,NG-JI,Jigawa,Jigawa State,state,,GADM,11.958939,9.615565
NGA,NG-KD,Kaduna,Kaduna State,state,,GADM,10.250396,7.906948
NGA,NG-KN,Kano,Kano State,state,,GADM,11.561233,8.528812
NGA,NG-KT,Katsina,,state,,GADM,12.227239,7.487537
NGA,NG-KE,Kebbi,,state,,GADM,11.666101,4.061115
NGA,NG-KO,Kogi,"Kogi State, Koji",state,,GADM,7.623668,6.870604
NGA,NG-KW,Kwara,,state,,GADM,9.059848,4.574902
NGA,NG-LA,Lagos,Lagos State,state,,GADM,6.539820,3.699221
NGA,NG-NA,Nasarawa,Nasarawa State,state,,GADM,8.558839,8.171056
NGA,NG-NI,Niger,Niger State,state,,GADM,9.775137,5.799191
NGA,NG-OG,Ogun,,state,,GADM,7.143646,3.278191
NGA,NG-ON,Ondo,,state,,GADM,6.815104,4.837785
NGA,NG-OS,Osun,,state,,GADM,7.526453,4.536207
NGA,NG-OY,Oyo,Oyo State,state,,GADM,8.110302,3.613183
NGA,NG-PL,Plateau,Plateau State,state,,GADM,9.343055,9.629934
NGA,NG-RI,Rivers,Rivers State,state,,GADM,5.037708,6.814512
NGA,NG-SO,Sokoto,Sokoto State,state,,GADM,12.718106,5.270538
NGA,NG-TA,Taraba,Taraba State,state,,GADM,8.057683,10.387296
NGA,NG-YO,Yobe,,state,,GADM,11.973617,11.555922
NGA,NG-ZA,Zamfara,,state,,GADM,12.026597,6.076084
NIC,NI-BO,Boaco,,department,2020-11-24,GADM,12.410413,-85.559777
NIC,NI-CA,Carazo,,department,2020-11-24,GADM,11.734854,-86.264323
NIC,NI-CI,Chinandega,Chinadega,department,2020-11-24,GADM,12.878100,-87.160368
NIC,NI-CO,Chontales,,department,2020-11-24,GADM,12.130962,-85.205760
NIC,NI-AN,Costa Caribe Norte,Región Autónoma Costa Caribe Norte,autonomous region,2020-11-24,GADM,14.030834,-84.126124
NIC,NI-AS,Costa Caribe Sur,"Región Autónoma Costa Caribe Sur, South Caribbean Coast Autonomous Region",autonomous region,2020-11-24,GADM,12.108890,-84.237905
NIC,NI-ES,Estelí,,department,2020-11-24,GADM,13.140324,-86.487823
NIC,NI-GR,Granada,,department,2020-11-24,GADM,12.127784,-85.924266
NIC,NI-JI,Jinotega,,department,2020-11-24,GADM,13.797249,-85.448305
NIC,NI-LE,León,Leon,department,2020-11-24,GADM,12.561164,-86.650097
NIC,NI-MD,Madriz,,department,2020-11-24,GADM,13.429183,-86.414433
NIC,NI-MN,Managua,,department,2020-11-24,GADM,12.175026,-86.209511
NIC,NI-MS,Masaya,,department,2020-11-24,GADM,11.984137,-86.082758
NIC,NI-MT,Matagalpa,,department,2020-11-24,GADM,12.940964,-85.495821
NIC,NI-NS,Nueva Segovia,,department,2020-11-24,GADM,13.770567,-86.112403
NIC,NI-SJ,Río San Juan,,department,2020-11-24,GADM,11.283580,-84.599998
NIC,NI-RI,Rivas,,department,2020-11-24,GADM,11.381669,-85.900044
NLD,NL-DR,Drenthe,Drenthe Province,province,,GADM,52.908249,6.693258
NLD,NL-FL,Flevoland,,province,,GADM,52.429816,5.517056
NLD,NL-FR,Fryslân,"Friesland, Frisia",province,,GADM,53.108976,5.836869
NLD,NL-GE,Gelderland,,province,,GADM,52.129469,6.091506
NLD,NL-GR,Groningen,,province,,GADM,53.153463,6.891288
NLD,NL-LI,Limburg,,province,,GADM,51.255474,5.864010
NLD,NL-NB,Noord-Brabant,"North Barbant, North Brabant",province,,GADM,51.532095,5.043092
NLD,NL-NH,Noord-Holland,North Holland,province,,GADM,52.568008,4.821287
NLD,NL-OV,Overijssel,,province,,GADM,52.487349,6.385134
NLD,NL-UT,Utrecht,,province,,GADM,52.081875,5.146746
NLD,NL-ZE,Zeeland,Zeealand,province,,GADM,51.303072,3.892306
NLD,NL-ZH,Zuid-Holland,"South Holland, Zuid-Holland Province",province,,GADM,51.986944,4.469768
NOR,NO-Geonorge_Fylker_42,Agder,,county,,Geonorge,58.836447,7.648658
NOR,NO-Geonorge_Fylker_32,Akershus,,county,,Geonorge,60.043511,11.320322
NOR,NO-Geonorge_Fylker_33,Buskerud,,county,,Geonorge,60.261469,8.974281
NOR,NO-Geonorge_Fylker_56,Finnmark,,county,,Geonorge,69.883396,24.445816
NOR,NO-Geonorge_Fylker_34,Innlandet,,county,,Geonorge,61.301315,10.512038
NOR,NO-Geonorge_Fylker_15,Møre og Romsdal,,county,,Geonorge,62.534780,8.396086
NOR,NO-Geonorge_Fylker_18,Nordland,,county,,Geonorge,66.842538,14.855490
NOR,NO-Geonorge_Fylker_03,Oslo,,county,,Geonorge,59.972554,10.775590
NOR,NO-Geonorge_Fylker_31,Østfold,,county,,Geonorge,59.326544,11.315893
NOR,NO-Geonorge_Fylker_11,Rogaland,,county,,Geonorge,59.070036,6.356663
NOR,NO-Geonorge_Fylker_40,Telemark,,county,,Geonorge,59.486590,8.530689
NOR,NO-Geonorge_Fylker_55,Troms,,county,,Geonorge,69.309222,20.632837
NOR,NO-Geonorge_Fylker_50,Trøndelag,,county,,Geonorge,63.734219,11.819173
NOR,NO-Geonorge_Fylker_39,Vestfold,,county,,Geonorge,59.317957,10.148605
NOR,NO-Geonorge_Fylker_46,Vestland,,county,,Geonorge,60.924641,5.999002
NPL,NP-P3,Bagmati,"Bagmati Province, Province 3, Province no 3",province,2023-11-23,COD-AB,27.655228,85.394802
NPL,NP-P4,Gandaki,"Gandaki Province, Province 4",province,2023-11-23,COD-AB,28.388880,84.035533
NPL,NP-P6,Karnali,"Karnali Province, Karnali province, Province 6",province,2023-11-23,COD-AB,29.314350,82.478332
NPL,NP-P1,Koshi,"Koshi Province, Province 1, Province No. 1, Province No. 1 Province",province,2023-11-23,COD-AB,27.233787,87.163625
NPL,NP-P5,Lumbini,"Lumbini Province, Province 5",province,2023-11-23,COD-AB,28.102173,82.520974
NPL,NP-P2,Madhesh,Province 2,province,2023-11-23,COD-AB,26.943840,85.606522
NPL,NP-P7,Sudurpashchim,"Sudurpashchim Province, Sudūr Pashchim, Province 7",province,2023-11-23,COD-AB,29.324720,80.911979
NRU,NR-01,Aiwo,,district,,GADM,-0.534374,166.913273
NRU,NR-02,Anabar,,district,,GADM,-0.512821,166.951427
NRU,NR-03,Anetan,,district,,GADM,-0.510082,166.943200
NRU,NR-04,Anibare,,district,,GADM,-0.530905,166.944204
NRU,NR-05,Baitsi,Baiti,district,,GADM,-0.514712,166.932430
NRU,NR-06,Boe,,district,,GADM,-0.542829,166.916707
NRU,NR-07,Buada,,district,,GADM,-0.534564,166.926521
NRU,NR-08,Denigomodu,,district,,GADM,-0.524381,166.916609
NRU,NR-09,Ewa,,district,,GADM,-0.510850,166.937650
NRU,NR-10,Ijuw,,district,,GADM,-0.518096,166.952351
NRU,NR-11,Meneng,,district,,GADM,-0.545236,166.940034
NRU,NR-12,Nibok,,district,,GADM,-0.521910,166.926316
NRU,NR-13,Uaboe,,district,,GADM,-0.519594,166.930926
NRU,NR-14,Yaren,,district,,GADM,-0.547213,166.922699
NZL,NZ-AUK,Auckland,,region,2023-11-23,GADM,-36.707300,174.548344
NZL,NZ-BOP,Bay of Plenty,,region,2023-11-23,GADM,-38.118303,176.835522
NZL,NZ-CAN,Canterbury,,region,2023-11-23,GADM,-43.769715,171.443697
NZL,NZ-CIT,Chatham Islands Territory,,special island authority,2023-11-23,GADM,-44.287882,-176.221472
NZL,NZ-GIS,Gisborne,Gisborne Region,region,2023-11-23,GADM,-38.257109,177.908932
NZL,NZ-WGN,Greater Wellington,Wellington,region,2023-11-23,GADM,-41.144863,175.410003
NZL,NZ-HKB,Hawke's Bay,,region,2023-11-23,GADM,-39.513748,176.593083
NZL,NZ-MWT,Manawatū-Whanganui,Manawatu-Whanganui,region,2023-11-23,GADM,-39.675636,175.585466
NZL,NZ-MBH,Marlborough,,region,2023-11-23,GADM,-41.693202,173.601902
NZL,NZ-NSN,Nelson,,region,2023-11-23,GADM,-41.222296,173.405206
NZL,NZ-NTL,Northland,Northland Region,region,2023-11-23,GADM,-35.400717,173.941154
NZL,NZ-OTA,Otago,Otago Region,region,2023-11-23,GADM,-45.312479,169.756688
NZL,NZ-STL,Southland,,region,2023-11-23,GADM,-45.477823,168.111792
NZL,NZ-TKI,Taranaki,,region,2023-11-23,GADM,-39.290052,174.294624
NZL,NZ-TAS,Tasman,,region,2023-11-23,GADM,-41.408087,172.903127
NZL,NZ-WKO,Waikato,,region,2023-11-23,GADM,-37.898041,175.362694
NZL,NZ-WTC,West Coast,,region,2023-11-23,GADM,-42.664725,171.480006
OMN,OM-DA,A’Dakhiliya,"Ad Dakhiliyah, Ad Dākhilīyah, Al Dakhiliyah",governorate,,GADM,22.388545,57.223776
OMN,OM-ZA,A’Dhahirah,"Ad Dahahirah, Ad Dhahirah, Al Dhahirah, Az̧ Z̧āhirah",governorate,,GADM,23.013804,55.988253
OMN,OM-SS,A’Sharqiyah North,Shamāl ash Sharqīyah,governorate,,GADM,21.722613,58.547424
OMN,OM-SJ,A’Sharqiyah South,"Ash Sharqiyah South, Janūb ash Sharqīyah",governorate,,GADM,22.117778,59.523177
OMN,OM-BS,Al Batinah North,"North Al Batinah, Shamāl al Bāţinah",governorate,,GADM,24.236250,56.573518
OMN,OM-BJ,Al Batinah South,"Al Batinah South Governorate, Janūb al Bāţinah",governorate,,GADM,23.483118,57.649416
OMN,OM-BU,Al Buraimi,Al Buraymī,governorate,,GADM,24.331488,56.052710
OMN,OM-WU,Al Wusta,Al Wusţá,governorate,,GADM,20.483889,56.902851
OMN,OM-ZU,Dhofar,Z̧ufār,governorate,,GADM,18.875001,54.583548
OMN,OM-MU,Musandam,,governorate,,GADM,25.996111,56.303221
OMN,OM-MA,Muscat,"Masqaţ, Masqaţ, Muscat Governorate",governorate,,GADM,23.250695,58.759672
PAK,PK-JK,Azad Jammu and Kashmir,"AJ&K, Azad Kashmir",Pakistan administered area,2020-11-24,Kontur,33.970260,73.903961
PAK,PK-BA,Balochistan,Baluchistan,province,2020-11-24,Kontur,28.463703,65.784378
PAK,PK-GB,Gilgit-Baltistan,,Pakistan administered area,2020-11-24,Kontur,35.810651,74.843757
PAK,PK-IS,Islamabad,Islamabad Capital Territory,federal capital territory,2020-11-24,Kontur,33.635739,73.203116
PAK,PK-KP,Khyber Pakhtunkhwa,Khyber Pakhtunkwa,province,2020-11-24,Kontur,34.038087,72.262544
PAK,PK-PB,Punjab,Punjab province,province,2020-11-24,Kontur,30.914173,72.328555
PAK,PK-SD,Sindh,,province,2020-11-24,Kontur,25.990005,68.772452
PAN,PA-1,Bocas del Toro,,province,2022-11-29,Kontur,9.269513,-81.993506
PAN,PA-4,Chiriquí,,province,2022-11-29,Kontur,8.055752,-82.271535
PAN,PA-2,Coclé,Cocle,province,2022-11-29,Kontur,8.574709,-80.444641
PAN,PA-3,Colón,,province,2022-11-29,Kontur,9.235309,-80.253247
PAN,PA-5,Darién,,province,2022-11-29,Kontur,8.056643,-77.866936
PAN,PA-EM,Emberá,,indigenous region,2022-11-29,Kontur,8.421075,-77.592269
PAN,PA-KY,Guna Yala,Kuna Yala,indigenous region,2022-11-29,Kontur,9.187598,-77.871369
PAN,PA-6,Herrera,,province,2022-11-29,Kontur,7.843277,-80.758771
PAN,PA-7,Los Santos,,province,2022-11-29,Kontur,7.580734,-80.108335
PAN,PA-NT,Naso Tjër Di,,indigenous region,2022-11-29,Kontur,9.246301,-82.769891
PAN,PA-NB,Ngäbe-Buglé,,indigenous region,2022-11-29,Kontur,8.793106,-81.768618
PAN,PA-8,Panamá,,province,2022-11-29,Kontur,8.196544,-79.187796
PAN,PA-10,Panamá Oeste,,province,2022-11-29,Kontur,8.730946,-79.875617
PAN,PA-9,Veraguas,,province,2022-11-29,Kontur,8.243366,-81.110569
PER,PE-AMA,Amazonas,,region,2020-11-24,GADM,-4.988934,-78.194800
PER,PE-ANC,Ancash,Áncash,region,2020-11-24,GADM,-9.422499,-77.673461
PER,PE-APU,Apurímac,Apurimac,region,2020-11-24,GADM,-14.007585,-72.838875
PER,PE-ARE,Arequipa,,region,2020-11-24,GADM,-15.963895,-72.441831
PER,PE-AYA,Ayacucho,,region,2020-11-24,GADM,-13.904377,-74.231560
PER,PE-CAJ,Cajamarca,,region,2020-11-24,GADM,-6.194036,-78.839686
PER,PE-CAL,Callao,El Callao,region,2020-11-24,GADM,-12.085694,-77.223332
PER,PE-CUS,Cusco,"Cuzco, Cuzco",region,2020-11-24,GADM,-13.344195,-71.851565
PER,PE-HUV,Huancavelica,,region,2020-11-24,GADM,-13.059645,-75.018978
PER,PE-HUC,Huánuco,,region,2020-11-24,GADM,-9.404850,-76.288839
PER,PE-ICA,Ica,,region,2020-11-24,GADM,-14.206526,-75.633094
PER,PE-JUN,Junín,Junin,region,2020-11-24,GADM,-11.668968,-74.906317
PER,PE-LAL,La Libertad,,region,2020-11-24,GADM,-7.949167,-78.336200
PER,PE-LAM,Lambayeque,,region,2020-11-24,GADM,-6.330251,-80.012254
PER,PE-LIM,Lima,,region,2020-11-24,GADM,-11.800656,-76.514526
PER,PE-LMA,Lima Municipality,,municipality,2020-11-24,GADM,-12.047260,-76.881610
PER,PE-LOR,Loreto,,region,2020-11-24,GADM,-4.382586,-74.401439
PER,PE-MDD,Madre de Dios,,region,2020-11-24,GADM,-11.626084,-70.755054
PER,PE-MOQ,Moquegua,,region,2020-11-24,GADM,-16.900417,-70.937936
PER,PE-PAS,Pasco,,region,2020-11-24,GADM,-10.294363,-75.126084
PER,PE-PIU,Piura,,region,2020-11-24,GADM,-5.229861,-80.265052
PER,PE-PUN,Puno,,region,2020-11-24,GADM,-15.159291,-70.083224
PER,PE-SAM,San Martín,,region,2020-11-24,GADM,-7.095621,-76.865328
PER,PE-TAC,Tacna,,region,2020-11-24,GADM,-17.563692,-70.210989
PER,PE-TUM,Tumbes,,region,2020-11-24,GADM,-3.817322,-80.488006
PER,PE-UCA,Ucayali,,region,2020-11-24,GADM,-9.376259,-73.925136
PHL,PH-14,Autonomous Region in Muslim Mindanao,Autonomous Region in Muslim Mindanao (ARMM),region,2023-11-23,COD-AB,5.973584,121.156296
PHL,PH-05,Bicol,Bicol (Region V),region,2023-11-23,COD-AB,13.442743,123.437973
PHL,PH-02,Cagayan Valley,"Cagayan Valley (Region II), Cagayan",region,2023-11-23,COD-AB,17.197135,121.987779
PHL,PH-40,Calabarzon,Calabarzon (Region IV-A),region,2023-11-23,COD-AB,14.191758,120.883772
PHL,PH-13,Caraga,Caraga (Region XIII),region,2023-11-23,COD-AB,8.873034,125.784989
PHL,PH-03,Central Luzon,Central Luzon (Region III),region,2023-11-23,COD-AB,15.461068,120.696988
PHL,PH-07,Central Visayas,Central Visayas (Region VII),region,2023-11-23,COD-AB,9.880774,124.206788
PHL,PH-15,Cordillera Administrative Region,Cordillera Administrative Region (CAR),region,2023-11-23,COD-AB,17.366760,121.063528
PHL,PH-11,Davao,Davao (Region XI),region,2023-11-23,COD-AB,6.780588,125.221455
PHL,PH-08,Eastern Visayas,Eastern Visayas (Region VIII),region,2023-11-23,COD-AB,11.798911,125.167518
PHL,PH-01,Ilocos,Ilocos (Region I),region,2023-11-23,COD-AB,17.141058,120.615780
PHL,PH-41,Mimaropa,Mimaropa (Region IV-B),region,2023-11-23,COD-AB,12.869928,121.134268
PHL,PH-00,National Capital,National Capital Region,region,2023-11-23,COD-AB,14.568547,121.039810
PHL,PH-10,Northern Mindanao,Northern Mindanao (Region X),region,2023-11-23,COD-AB,8.248200,124.793508
PHL,PH-12,Soccsksargen,Soccsksargen (Region XII),region,2023-11-23,COD-AB,6.604547,124.420341
PHL,PH-06,Western Visayas,Western Visayas (Region VI),region,2023-11-23,COD-AB,11.173750,122.555953
PHL,PH-09,Zamboanga Peninsula,Zamboanga Peninsula (Region IX),region,2023-11-23,COD-AB,7.808902,122.784965
PLW,PW-002,Aimeliik,,state,,GADM,7.436666,134.507108
PLW,PW-004,Airai,,state,,GADM,7.375695,134.549931
PLW,PW-010,Angaur,,state,,GADM,6.906754,134.140156
PLW,PW-050,Hatohobei,,state,,GADM,3.005978,131.123485
PLW,PW-100,Kayangel,,state,,GADM,8.042441,134.699712
PLW,PW-150,Koror,,state,,GADM,7.275034,134.429928
PLW,PW-212,Melekeok,,state,,GADM,7.511661,134.598821
PLW,PW-214,Ngaraard,,state,,GADM,7.629583,134.633888
PLW,PW-218,Ngarchelong,,state,,GADM,7.708750,134.626205
PLW,PW-222,Ngardmau,,state,,GADM,7.588333,134.566484
PLW,PW-224,Ngatpang,,state,,GADM,7.462019,134.537568
PLW,PW-226,Ngchesar,,state,,GADM,7.457138,134.582640
PLW,PW-227,Ngeremlengui,,state,,GADM,7.521252,134.539607
PLW,PW-228,Ngiwal,,state,,GADM,7.557156,134.618163
PLW,PW-350,Peleliu,,state,,GADM,7.011693,134.240954
PLW,PW-370,Sonsorol,,state,,GADM,5.325694,132.222975
PNG,PG-NSB,Bougainville,,autonomous region,,GADM,-6.144340,155.206094
PNG,PG-CPM,Central,,province,,GADM,-9.073473,147.351056
PNG,PG-CPK,Chimbu,Chimbu Province,province,,GADM,-6.324335,144.942739
PNG,PG-EBR,East New Britain,,province,,GADM,-5.104723,151.620636
PNG,PG-ESW,East Sepik,,province,,GADM,-4.250561,142.962661
PNG,PG-EHG,Eastern Highlands,,province,,GADM,-6.506784,145.529707
PNG,PG-EPW,Enga,,province,,GADM,-5.513035,143.371085
PNG,PG-GPK,Gulf,,province,,GADM,-7.647460,145.680463
PNG,PG-HLA,Hela,,province,,GADM,-5.650988,142.617730
PNG,PG-JWK,Jiwaka,,province,,GADM,-5.805234,144.591865
PNG,PG-MPM,Madang,,province,,GADM,-4.997774,144.897939
PNG,PG-MRL,Manus,,province,,GADM,-2.103472,146.932495
PNG,PG-MBA,Milne Bay,,province,,GADM,-10.146841,149.960024
PNG,PG-MPL,Morobe,Morobe Province,province,,GADM,-6.933845,146.463692
PNG,PG-NCD,National Capital District (Port Moresby),,district,,GADM,-9.448260,147.217058
PNG,PG-NIK,New Ireland,,province,,GADM,-2.519504,150.238828
PNG,PG-NPP,Northern,,province,,GADM,-8.992049,148.087877
PNG,PG-SHM,Southern Highlands,,province,,GADM,-6.361834,143.586068
PNG,PG-WBK,West New Britain,,province,,GADM,-5.612319,149.631080
PNG,PG-SAN,West Sepik,,province,,GADM,-3.992686,142.128920
PNG,PG-WPD,Western,,province,,GADM,-7.206120,142.098684
PNG,PG-WHM,Western Highlands,,province,,GADM,-5.723435,144.276469
POL,PL-02,Dolnośląskie,"Dolnoslaskie, Lower Silesia, Lower Silesian Voivodeship",province,2023-11-23,GADM,50.958343,16.365212
POL,PL-04,Kujawsko-Pomorskie,"Kujawsko-pomorskie, Kuyavian-Pomeranian, Kuyavian-Pomeranian Voivodeship",province,2023-11-23,GADM,53.061867,18.488173
POL,PL-10,Łódzkie,"Lodzkie, Lódz Voivodeship, West Pomeranian Voivodeship - Wikipedia, Łódzkie voivodship, Łódź, Łódź Voivodeship",province,2023-11-23,GADM,51.625055,19.390300
POL,PL-06,Lubelskie,,province,2023-11-23,GADM,51.281086,22.762648
POL,PL-08,Lubuskie,"Lubusz, Lubusz Voivodeship",province,2023-11-23,GADM,52.252367,15.276235
POL,PL-12,Małopolskie,"Lesser Poland, Lesser Poland Voivodeship",province,2023-11-23,GADM,49.854132,20.253238
POL,PL-14,Mazowieckie,"Masovian, Masovian Voivodeship, Mazowieckie Voivodeship",province,2023-11-23,GADM,52.264641,21.541292
POL,PL-16,Opolskie,Opole Voivodeship,province,2023-11-23,GADM,50.587553,17.854854
POL,PL-18,Podkarpackie,"Subcarpathia, Subcarpathian Voivodeship",province,2023-11-23,GADM,49.920090,22.183925
POL,PL-20,Podlaskie,Podlaskie Voivodeship,province,2023-11-23,GADM,53.358454,22.712638
POL,PL-22,Pomorskie,"Pomeranian, Pomeranian Voivodeship",province,2023-11-23,GADM,54.169210,18.002176
POL,PL-24,Śląskie,"Silesia, Silesian Voivodeship, Slaskie",province,2023-11-23,GADM,50.254406,18.877610
POL,PL-26,Świętokrzyskie,Świętokrzyskie Voivodeship,province,2023-11-23,GADM,50.767430,20.802568
POL,PL-28,Warmińsko-Mazurskie,"Warmian-Masurian, Warmian-Masurian Voivodeship",province,2023-11-23,GADM,53.801239,21.109169
POL,PL-30,Wielkopolskie,"Greater Poland, Greater Poland Voivodeship, Wielkopolskie Voivodeship",province,2023-11-23,GADM,52.398142,17.292270
POL,PL-32,Zachodniopomorskie,"West Pomerania, West Pomeranian, West Pomeranian Voivodeship, West Pomerian Voivodeship, West Pomerianian Voivodeship, Zachodnio-Pomorskie",province,2023-11-23,GADM,53.608299,15.534622
PRK,KP-04,Chagang,"Chagang Province, Chagang-do",province,2024-02-29,Kontur,40.878740,126.680673
PRK,KP-15,Kaesong,Kaesŏng,metropolitan city,2024-02-29,Kontur,37.996985,126.601383
PRK,KP-07,Kangwon,"Kangwon province, Kangwǒn-do",province,2024-02-29,Kontur,38.791127,127.724169
PRK,KP-14,Nampo,Namp’o,metropolitan city,2024-02-29,Kontur,38.759753,125.147014
PRK,KP-09,North Hamgyong,"Hamgyǒng-bukto, North Hamgyeong, North Hamgyong Province",province,2024-02-29,Kontur,41.738707,129.522762
PRK,KP-06,North Hwanghae,Hwanghae-bukto,province,2024-02-29,Kontur,38.596429,126.172956
PRK,KP-03,North Pyongan,"North Pyongan Province, P'yǒngan-bukto",province,2024-02-29,Kontur,39.874557,125.783375
PRK,KP-01,Pyongyang,P'yǒngyang,capital city,2024-02-29,Kontur,39.049073,125.735718
PRK,KP-13,Rason,"Najin Sǒnbong, Rasǒn",special city,2024-02-29,Kontur,42.303976,130.455969
PRK,KP-10,Ryanggang,"Ryanggang Province, Ryanggang-do",province,2024-02-29,Kontur,41.259356,128.091221
PRK,KP-08,South Hamgyong,"Hamgyǒng-namdo, South Hamgyong Province",province,2024-02-29,Kontur,40.204592,128.045608
PRK,KP-05,South Hwanghae,Hwanghae-namdo,province,2024-02-29,Kontur,38.157373,125.175135
PRK,KP-02,South Pyongan,P'yǒngan-namdo,province,2024-02-29,Kontur,39.634875,126.161959
PRT,PT-20,Açores,,autonomous region,,GADM,37.807652,-25.473655
PRT,PT-01,Aveiro,,district,,GADM,40.680555,-8.481688
PRT,PT-02,Beja,,district,,GADM,37.826994,-7.933161
PRT,PT-03,Braga,,district,,GADM,41.570263,-8.305711
PRT,PT-04,Bragança,,district,,GADM,41.510412,-6.773461
PRT,PT-05,Castelo Branco,,district,,GADM,39.978159,-7.424286
PRT,PT-06,Coimbra,,district,,GADM,40.222708,-8.336834
PRT,PT-07,Évora,,district,,GADM,38.592060,-7.957118
PRT,PT-08,Faro,,district,,GADM,37.255671,-8.149744
PRT,PT-09,Guarda,,district,,GADM,40.706425,-7.196550
PRT,PT-10,Leiria,,district,,GADM,39.652071,-8.870192
PRT,PT-11,Lisboa,,district,,GADM,38.996182,-9.143490
PRT,PT-30,Madeira,,autonomous region,,GADM,32.751663,-16.981917
PRT,PT-12,Portalegre,,district,,GADM,39.209101,-7.720805
PRT,PT-13,Porto,,district,,GADM,41.236616,-8.301634
PRT,PT-14,Santarém,Santarem,district,,GADM,39.287205,-8.555100
PRT,PT-15,Setúbal,Setubal,district,,GADM,38.299333,-8.461635
PRT,PT-16,Viana do Castelo,Viana de Castelo,district,,GADM,41.880903,-8.523165
PRT,PT-17,Vila Real,,district,,GADM,41.524239,-7.548004
PRT,PT-18,Viseu,,district,,GADM,40.770136,-7.930392
PRY,PY-16,Alto Paraguay,,department,,GADM,-20.846910,-58.841342
PRY,PY-10,Alto Paraná,,department,,GADM,-25.369519,-54.747245
PRY,PY-13,Amambay,,department,,GADM,-22.958663,-55.916021
PRY,PY-ASU,Asunción,,capital,,GADM,-25.286399,-57.605609
PRY,PY-19,Boquerón,,department,,GADM,-21.968779,-61.241135
PRY,PY-5,Caaguazú,,department,,GADM,-25.084013,-55.875551
PRY,PY-6,Caazapá,,department,,GADM,-26.157182,-55.954155
PRY,PY-14,Canindeyú,,department,,GADM,-24.159678,-55.241579
PRY,PY-11,Central,Central Department,department,,GADM,-25.549858,-57.445663
PRY,PY-1,Concepción,,department,,GADM,-22.793056,-57.262942
PRY,PY-3,Cordillera,,department,,GADM,-25.248831,-56.953794
PRY,PY-4,Guairá,,department,,GADM,-25.871260,-56.324873
PRY,PY-7,Itapúa,,department,,GADM,-26.847950,-55.878622
PRY,PY-8,Misiones,,department,,GADM,-26.981721,-57.063471
PRY,PY-12,Ñeembucú,,department,,GADM,-26.603410,-57.942124
PRY,PY-9,Paraguarí,,department,,GADM,-26.000411,-57.099275
PRY,PY-15,Presidente Hayes,,department,,GADM,-23.669320,-59.086520
PRY,PY-2,San Pedro,,department,,GADM,-24.158465,-56.719713
PSE,PS-BTH,Bethlehem,,governorate,,COD-AB,31.603834,35.306874
PSE,PS-DEB,Deir al-Balah,Deir El Balah,governorate,,COD-AB,31.420300,34.374087
PSE,PS-GZA,Gaza,,governorate,,COD-AB,31.486286,34.445154
PSE,PS-HBN,Hebron,,governorate,,COD-AB,31.507086,35.116676
PSE,PS-JEN,Jenin,,governorate,,COD-AB,32.426420,35.255292
PSE,PS-JRH,Jericho,"Jericho and Al Aghwar, Jericho and Al Aghwar",governorate,,COD-AB,31.968538,35.478834
PSE,PS-JEM,Jerusalem,,governorate,,COD-AB,31.801507,35.302307
PSE,PS-KYS,Khan Younis,Khan Yunis,governorate,,COD-AB,31.327796,34.317902
PSE,PS-NBS,Nablus,,governorate,,COD-AB,32.179450,35.301670
PSE,PS-NGZ,North Gaza,,governorate,,COD-AB,31.547083,34.506416
PSE,PS-QQA,Qalqilya,,governorate,,COD-AB,32.180893,35.066627
PSE,PS-RFH,Rafah,,governorate,,COD-AB,31.281777,34.282712
PSE,PS-RBH,Ramallah,,governorate,,COD-AB,31.942995,35.197105
PSE,PS-SLT,Salfit,,governorate,,COD-AB,32.112325,35.120786
PSE,PS-TBS,Tubas,,governorate,,COD-AB,32.294681,35.439787
PSE,PS-TKM,Tulkarm,,governorate,,COD-AB,32.327515,35.084294
QAT,QA-KH,Al Khor,"Al Khawr wa adh Dhakhīrah, Khor",municipality,,COD-AB,25.762737,51.340577
QAT,QA-ZA,Daayen,Az̧ Z̧a‘āyin,municipality,,COD-AB,25.510971,51.444368
QAT,QA-DA,Doha,Ad Dawḩah,municipality,,COD-AB,25.291885,51.503676
QAT,QA-MS,Madinat Ash Shamal,"Al Shamal, Ash Shamāl, North",municipality,,COD-AB,26.001423,51.218195
QAT,QA-RA,Rayyan,"Al Rayyan, Ar Rayyān, Al Rayyan",municipality,,COD-AB,24.930839,50.978082
QAT,QA-SH,Shahaniya,Ash Shīḩānīyah,municipality,,COD-AB,25.444924,51.012120
QAT,QA-US,Umm Salal,Umm Şalāl,municipality,,COD-AB,25.463080,51.339347
QAT,QA-WA,Wakra,"Al Wakrah, Al Wakrah",municipality,,COD-AB,24.847064,51.303745
ROU,RO-AB,Alba,,department,,GADM,46.015230,23.548196
ROU,RO-AR,Arad,,department,,GADM,46.293619,21.894992
ROU,RO-AG,Argeș,,department,,GADM,44.997572,24.853783
ROU,RO-BC,Bacău,Bacau,department,,GADM,46.424698,26.717780
ROU,RO-BH,Bihor,,department,,GADM,46.995796,22.197703
ROU,RO-BN,Bistrița-Năsăud,,department,,GADM,47.179842,24.506646
ROU,RO-BT,Botoșani,,department,,GADM,47.853018,26.758799
ROU,RO-BR,Brăila,Braila,department,,GADM,45.122156,27.667806
ROU,RO-BV,Brașov,,department,,GADM,45.787334,25.156322
ROU,RO-B,București,"Bucharest, Bucuresti",municipality,,GADM,44.438744,26.096494
ROU,RO-BZ,Buzău,,department,,GADM,45.270742,26.776194
ROU,RO-CL,Călărași,Județul Călărași,department,,GADM,44.314880,27.139982
ROU,RO-CS,Caraș-Severin,"Caras Severin, Caras-Severin",department,,GADM,45.129740,22.073467
ROU,RO-CJ,Cluj,,department,,GADM,46.890999,23.721166
ROU,RO-CT,Constanța,Constanta,department,,GADM,44.271849,28.294419
ROU,RO-CV,Covasna,,department,,GADM,45.898355,26.011258
ROU,RO-DB,Dâmbovița,Județul Dâmbovița,department,,GADM,44.924656,25.483611
ROU,RO-DJ,Dolj,,department,,GADM,44.216375,23.669072
ROU,RO-GL,Galați,"Galati, Galați County",department,,GADM,45.778299,27.750839
ROU,RO-GR,Giurgiu,,department,,GADM,44.123775,26.050240
ROU,RO-GJ,Gorj,,department,,GADM,44.962381,23.327627
ROU,RO-HR,Harghita,,department,,GADM,46.645857,25.623717
ROU,RO-HD,Hunedoara,,department,,GADM,45.804209,22.908237
ROU,RO-IL,Ialomița,,department,,GADM,44.596430,27.203972
ROU,RO-IS,Iași,"Iasi, Iaşi",department,,GADM,47.199701,27.196944
ROU,RO-IF,Ilfov,,department,,GADM,44.493279,26.242880
ROU,RO-MM,Maramureș,,department,,GADM,47.671635,24.198001
ROU,RO-MH,Mehedinți,,department,,GADM,44.605616,23.053007
ROU,RO-MS,Mureș,Mures,department,,GADM,46.609280,24.626453
ROU,RO-NT,Neamț,,department,,GADM,46.992014,26.517478
ROU,RO-OT,Olt,,department,,GADM,44.295383,24.468065
ROU,RO-PH,Prahova,,department,,GADM,45.109016,26.039484
ROU,RO-SJ,Sălaj,,department,,GADM,47.157122,23.022687
ROU,RO-SM,Satu Mare,,department,,GADM,47.728434,22.754549
ROU,RO-SB,Sibiu,,department,,GADM,45.890402,24.237982
ROU,RO-SV,Suceava,,department,,GADM,47.535078,25.824638
ROU,RO-TR,Teleorman,,department,,GADM,44.070515,25.193093
ROU,RO-TM,Timiș,,department,,GADM,45.694595,21.635805
ROU,RO-TL,Tulcea,,department,,GADM,45.039723,28.898318
ROU,RO-VL,Vâlcea,Valcea,department,,GADM,45.043159,24.155422
ROU,RO-VS,Vaslui,,department,,GADM,46.499988,27.798343
ROU,RO-VN,Vrancea,,department,,GADM,45.790188,26.881540
RUS,RU-AD,Adygeya,"Adygea, Adygeja, Republic of Adygea",republic,2021-11-25,GADM,44.490580,40.150414
RUS,RU-ALT,Altai,Altajskij,administrative territory,2021-11-25,GADM,50.901555,86.855905
RUS,RU-AL,Altai Republic,"Altai Krai, Altaj",republic,2021-11-25,GADM,52.583426,82.680124
RUS,RU-AMU,Amur,"Amur Oblast, Amurskaja",administrative region,2021-11-25,GADM,53.150265,128.575862
RUS,RU-ARK,Arkhangelsk,Arhangel'skaja,administrative region,2021-11-25,GADM,63.756981,41.726588
RUS,RU-AST,Astrakhan,"Astrahanskaja, Astrakhan Oblast",administrative region,2021-11-25,GADM,47.188035,47.679093
RUS,RU-BA,Bashkortostan,"Baškortostan, Republic of Bashkortostan",republic,2021-11-25,GADM,54.131216,56.343662
RUS,RU-BEL,Belgorod,"Belgorodskaja, Belgorod Oblast",administrative region,2021-11-25,GADM,50.624235,37.273847
RUS,RU-BRY,Bryansk,Brjanskaja,administrative region,2021-11-25,GADM,52.955792,33.121383
RUS,RU-BU,Buryatia,Burjatija,republic,2021-11-25,GADM,53.760124,111.274925
RUS,RU-CE,Chechen,"Chechen Republic, Chechnya, Čečenskaja",republic,2021-11-25,GADM,43.223180,45.887852
RUS,RU-CHE,Chelyabinsk,"Chelyabinsk Oblast, Čeljabinskaja",administrative region,2021-11-25,GADM,54.252054,61.551733
RUS,RU-CHU,Chukotka,"Chukotka Autonomous Okrug, Čukotskij",autonomous district,2021-11-25,GADM,66.289725,169.363918
RUS,RU-CU,Chuvash,"Chuvash Republic, Chuvashia, Čuvašskaja",republic,2021-11-25,GADM,55.501602,47.158360
RUS,RU-DA,Daghestan,"Dagestan, Dagestan",republic,2021-11-25,GADM,43.136691,46.963957
RUS,RU-IN,Ingushetia,Ingušetija,republic,2021-11-25,GADM,43.095397,45.032274
RUS,RU-IRK,Irkutsk,"Irkutsk Oblast, Irkutskaja",administrative region,2021-11-25,GADM,58.310469,109.495330
RUS,RU-IVA,Ivanovo,"Ivanovo Oblast, Ivanovskaja",administrative region,2021-11-25,GADM,57.029301,41.657183
RUS,RU-YEV,Jewish Autonomous Region,"Evrejskaja, Jewish Autonomous Oblast",autonomous region,2021-11-25,GADM,48.581560,132.748455
RUS,RU-KB,Kabardino-Balkarian,Kabardino-Balkarskaja,republic,2021-11-25,GADM,43.430236,43.549672
RUS,RU-KGD,Kaliningrad,Kaliningradskaja,administrative region,2021-11-25,GADM,54.807535,21.426165
RUS,RU-KL,Kalmykia,"Kalmykija, Republic of Kalmykia",republic,2021-11-25,GADM,46.527182,45.472401
RUS,RU-KLU,Kaluga,"Kaluga Oblast, Kalužskaja",administrative region,2021-11-25,GADM,54.303015,35.348930
RUS,RU-KAM,Kamchatka,"Kamchatka Krai, Kamčatskij",administrative territory,2021-11-25,GADM,58.585139,160.809307
RUS,RU-KC,Karachayevo-Circassian,"Karachay-Cherkessia, Karačaevo-Čerkesskaja, North Caucasian Federal District",republic,2021-11-25,GADM,43.836812,41.789245
RUS,RU-KR,Karelia,"Karelija, Republic of Karelia",republic,2021-11-25,GADM,63.807796,33.419955
RUS,RU-KEM,Kemerovo,"Kemerovo Oblast, Kemerovo Oblast–Kuzbass, Kemerovskaya, Kuzbass, Kemerovskaja",administrative region,2021-11-25,GADM,54.594852,86.782278
RUS,RU-KHA,Khabarovsk,"Habarovskij, Khabarovsk Krai, Khabarovsk Oblast, Khabarovsk region",administrative territory,2021-11-25,GADM,55.360128,134.459418
RUS,RU-KK,Khakassia,Hakasija,republic,2021-11-25,GADM,53.400568,90.296548
RUS,RU-KHM,Khanty-Mansi,"Jugra, Hanty-Mansijskij, Yugra, Khanty-Mansi Autonomous Okrug",autonomous district,2021-11-25,GADM,62.348957,71.948066
RUS,RU-KIR,Kirov,"Kirov Oblast, Kirovskaja",administrative region,2021-11-25,GADM,58.682790,50.389545
RUS,RU-KO,Komi,Komi Republic,republic,2021-11-25,GADM,64.199296,52.543018
RUS,RU-KOS,Kostroma,"Kostroma Oblast, Kostromskaja",administrative region,2021-11-25,GADM,58.482984,43.850606
RUS,RU-KYA,Krasnoyarsk,"Krasnojarskij, Krasnoyarsk Krai",administrative territory,2021-11-25,GADM,68.108414,94.721114
RUS,RU-KDA,Krasnodar,"Krasnodar Krai, Krasnodarskij",administrative territory,2021-11-25,GADM,45.159167,38.096639
RUS,RU-KGN,Kurgan,"Kurgan Oblast, Kurganskaja",administrative region,2021-11-25,GADM,55.542739,65.456271
RUS,RU-KRS,Kursk,"Kursk Oblast, Kurskaja",administrative region,2021-11-25,GADM,51.719749,36.507946
RUS,RU-LEN,Leningrad,"Leningrad Oblast, Leningrad Region, Leningrad oblast, Leningradskaja",administrative region,2021-11-25,GADM,59.910276,32.966153
RUS,RU-LIP,Lipetsk,"Lipeckaja, Lipetsk Oblast",administrative region,2021-11-25,GADM,52.736110,38.932979
RUS,RU-MAG,Magadan,"Magadan Oblast, Magadanskaja",administrative region,2021-11-25,GADM,62.805684,153.987495
RUS,RU-ME,Mari El,"Mari El Republic, Marij Èl",republic,2021-11-25,GADM,56.596326,47.945928
RUS,RU-MO,Mordovia,Mordovija,republic,2021-11-25,GADM,54.431777,44.564625
RUS,RU-MOS,Moscow,"Moscow Oblast, Moskovskaja",administrative region,2021-11-25,GADM,55.608179,38.962260
RUS,RU-MOW,Moscow City,Moskva,autonomous city,2021-11-25,GADM,55.712351,37.658565
RUS,RU-MUR,Murmansk,"Murmansk Oblast, Murmanskaja",administrative region,2021-11-25,GADM,68.086460,34.350025
RUS,RU-NEN,Nenets,Neneckij,autonomous district,2021-11-25,GADM,67.935158,58.965940
RUS,RU-NIZ,Nizhny Novgorod,"Nizhny Novgorod Oblast, Nižegorodskaja",administrative region,2021-11-25,GADM,56.305871,44.313780
RUS,RU-SE,North Ossetia-Alania,"Alanija, Severnaja Osetija, Republic of North Ossetia – Alania",republic,2021-11-25,GADM,43.162323,44.442183
RUS,RU-NGR,Novgorod,"Novgorod Oblast, Novgorodskaja",administrative region,2021-11-25,GADM,58.166210,31.864961
RUS,RU-NVS,Novosibirsk,"Novosibirsk Oblast, Novosibirskaja",administrative region,2021-11-25,GADM,55.319951,80.036709
RUS,RU-OMS,Omsk,"Omsk Oblast, Omskaja",administrative region,2021-11-25,GADM,56.096035,73.368699
RUS,RU-ORL,Orel,"Orlovskaja, Oryol Oblast",administrative region,2021-11-25,GADM,52.807219,36.401612
RUS,RU-ORE,Orenburg,"Orenburg Oblast, Orenburgskaja",administrative region,2021-11-25,GADM,52.492432,53.537798
RUS,RU-PNZ,Penza,"Penza Oblast, Penzenskaja",administrative region,2021-11-25,GADM,53.169185,44.777316
RUS,RU-PER,Perm,"Perm Krai, Permskij",administrative territory,2021-11-25,GADM,59.020186,56.477064
RUS,RU-PRI,Primorye,"Primorskij, Primorsky, Primorsky Krai",administrative territory,2021-11-25,GADM,45.453318,135.177401
RUS,RU-PSK,Pskov,"Pskov Oblast, Pskovskaja",administrative region,2021-11-25,GADM,57.340448,29.135478
RUS,RU-ROS,Rostov,"Rostov Oblast, Rostovskaja",administrative region,2021-11-25,GADM,48.115196,40.951923
RUS,RU-RYA,Ryazan,"Rjazanskaja, Ryazan Oblast",administrative region,2021-11-25,GADM,54.328327,40.725858
RUS,RU-SPE,Saint Petersburg,Sankt-Peterburg,autonomous city,2021-11-25,GADM,59.936388,30.362283
RUS,RU-SA,Sakha,"Sakha Republic, Yakutiya, Yakutia",republic,2021-11-25,GADM,66.398970,132.340819
RUS,RU-SAK,Sakhalin,"Sahalinskaja, Sakhalin Oblast",administrative region,2021-11-25,GADM,50.350441,142.964265
RUS,RU-SAM,Samara,"Samara Oblast, Samarskaja",administrative region,2021-11-25,GADM,53.263749,50.158652
RUS,RU-SAR,Saratov,"Saratov Oblast, Saratovskaja",administrative region,2021-11-25,GADM,51.345613,46.650071
RUS,RU-SMO,Smolensk,"Smolensk Oblast, Smolenskaja",administrative region,2021-11-25,GADM,54.746670,32.934914
RUS,RU-STA,Stavropol,Stavropol Krai,administrative territory,2021-11-25,GADM,44.947295,43.684090
RUS,RU-SVE,Sverdlovsk,"Sverdlovsk Oblast, Sverdlovskaja",administrative region,2021-11-25,GADM,59.142867,62.236659
RUS,RU-TAM,Tambov,"Tambov Oblast, Tambovskaja",administrative region,2021-11-25,GADM,52.690573,41.643577
RUS,RU-TA,Tatarstan,Republic of Tatarstan,republic,2021-11-25,GADM,55.396040,50.902213
RUS,RU-TOM,Tomsk,"Tomsk Oblast, Tomskaja",administrative region,2021-11-25,GADM,58.463099,81.612161
RUS,RU-ZAB,Trans-Baikal,"Zabajkal'skij, Zabaykalsky Krai, Zabaykal'skiy kray",administrative territory,2021-11-25,GADM,54.022634,118.271713
RUS,RU-TUL,Tula,"Tul'skaja, Tula Oblast",administrative region,2021-11-25,GADM,53.911298,37.443521
RUS,RU-TY,Tuva,Tyva,republic,2021-11-25,GADM,51.800770,95.522600
RUS,RU-TVE,Tver,"Tver Oblast, Tverskaja",administrative region,2021-11-25,GADM,57.254521,35.453453
RUS,RU-TYU,Tyumen,"Tjumenskaja, Tyumen Oblast",administrative region,2021-11-25,GADM,57.623055,67.817627
RUS,RU-UD,Udmurtian,"Udmurt Republic, Udmurtskaja",republic,2021-11-25,GADM,57.230810,52.750812
RUS,RU-ULY,Ulyanovsk,"Ul'janovskaja, Ulyanovsk Oblast",administrative region,2021-11-25,GADM,53.753033,47.396875
RUS,RU-VLA,Vladimir,Vladimirskaja,administrative region,2021-11-25,GADM,55.964388,40.722670
RUS,RU-VGG,Volgograd,"Volgograd Oblast, Volgogradskaja",administrative region,2021-11-25,GADM,49.358009,44.442549
RUS,RU-VLG,Vologda,"Vologda Oblast, Vologodskaja",administrative region,2021-11-25,GADM,60.090368,40.863878
RUS,RU-VOR,Voronezh,"Voronezh Oblast, Voronežskaja",administrative region,2021-11-25,GADM,50.849032,40.169341
RUS,RU-YAN,Yamal-Nenets,"Jamalo-Neneckij, Yamalo-Nenets Autonomous Okrug",autonomous district,2021-11-25,GADM,68.148961,69.222117
RUS,RU-YAR,Yaroslavl,"Jaroslavskaja, Yaroslavl Oblast",administrative region,2021-11-25,GADM,57.766938,39.123183
RWA,RW-01,City of Kigali,,city,,GADM,-1.929618,30.133215
RWA,RW-02,Eastern,,province,,GADM,-1.742740,30.539607
RWA,RW-03,Northern,,province,,GADM,-1.611047,29.910890
RWA,RW-05,Southern,,province,,GADM,-2.285784,29.681734
RWA,RW-04,Western,,province,,GADM,-2.125159,29.391169
SAU,SA-11,Al-Baha,Al Bāḩah,region,2018-11-26,Kontur,20.137229,41.362352
SAU,SA-12,Al-Jouf,"Al Jawf, Al Jawf, Al Jawf Region, Al Jouf",region,2018-11-26,Kontur,30.070333,39.674625
SAU,SA-03,Al-Medinah,"Al Madina, Al Madinah, Al Madīnah al Munawwarah, AlMadinah, Medina, Medina Province",region,2018-11-26,Kontur,25.019375,39.953831
SAU,SA-14,Assir,"Asir, Asīr",region,2018-11-26,Kontur,19.093800,42.971064
SAU,SA-04,Eastern,"Ash Sharqiyah, Ash Sharqīyah, Eastern Region, Eastern province",region,2018-11-26,Kontur,24.183300,49.852131
SAU,SA-06,Hail,"Ḥa'il Province, Ḩā'il",region,2018-11-26,Kontur,27.247579,41.506865
SAU,SA-09,Jizan,"Jizan Region, Jāzān",region,2018-11-26,Kontur,17.222551,42.774212
SAU,SA-02,Makkah,"Makkah Region, Makkah al Mukarramah, Mecca",region,2018-11-26,Kontur,21.152222,41.368588
SAU,SA-10,Najran,Najrān,region,2018-11-26,Kontur,18.201335,46.013505
SAU,SA-08,Northern,"Al Ḩudūd ash Shamālīyah, Northen Borders, Northern Border",region,2018-11-26,Kontur,30.066535,42.679562
SAU,SA-05,Qasim,"Al Qassim, Al Qassim Province, Al Qaşīm, Al-Qassim, Al-Qassim Province",region,2018-11-26,Kontur,26.380004,43.315919
SAU,SA-01,Riyadh,"Ar Riyad, Ar Riyāḑ, Riyadh Region",region,2018-11-26,Kontur,23.524495,45.187998
SAU,SA-07,Tabuk,"Tabouk, Tabuk Province, Tabūk",region,2018-11-26,Kontur,27.302332,36.697527
SDN,SD-NB,Blue Nile,,state,2020-11-24,GADM,11.019809,34.113436
SDN,SD-DC,Central Darfur,Zalingei,state,2020-11-24,GADM,12.142050,23.363993
SDN,SD-DE,East Darfur,East Darfur State,state,2020-11-24,GADM,11.265417,26.438451
SDN,SD-GD,Gedaref,,state,2020-11-24,GADM,14.224153,35.257666
SDN,SD-GZ,Gezira,,state,2020-11-24,GADM,14.515920,33.310159
SDN,SD-KA,Kassala,,state,2020-11-24,GADM,16.036905,35.526272
SDN,SD-KH,Khartoum,,state,2020-11-24,GADM,15.884703,33.129318
SDN,SD-DN,North Darfur,North Darfur State,state,2020-11-24,GADM,15.926743,25.500915
SDN,SD-KN,North Kordofan,,state,2020-11-24,GADM,14.416941,29.468392
SDN,SD-NO,Northern,Northern State,state,2020-11-24,GADM,19.441476,29.900925
SDN,SD-RS,Red Sea,Red Sea State,state,2020-11-24,GADM,20.118750,35.413419
SDN,SD-NR,River Nile,,state,2020-11-24,GADM,19.071636,33.045555
SDN,SD-SI,Sennar,,state,2020-11-24,GADM,12.908060,34.131445
SDN,SD-DS,South Darfur,South Darfur State,state,2020-11-24,GADM,11.053043,24.541762
SDN,SD-KS,South Kordofan,,state,2020-11-24,GADM,11.226405,30.916444
SDN,SD-DW,West Darfur,,state,2020-11-24,GADM,13.498135,22.738628
SDN,SD-GK,West Kordofan,,state,2020-11-24,GADM,11.752281,28.204605
SDN,SD-NW,White Nile,White Nile State,state,2020-11-24,GADM,13.555152,32.468794
SEN,SN-DK,Dakar,Dakar Region,region,,GADM,14.741799,-17.320856
SEN,SN-DB,Diourbel,,region,,GADM,14.771984,-16.017535
SEN,SN-FK,Fatick,,region,,GADM,14.166411,-16.567683
SEN,SN-KA,Kaffrine,,region,,GADM,14.271107,-15.187333
SEN,SN-KL,Kaolack,,region,,GADM,14.047887,-16.015134
SEN,SN-KE,Kédougou,,region,,GADM,12.884977,-12.284665
SEN,SN-KD,Kolda,,region,,GADM,13.129438,-14.419441
SEN,SN-LG,Louga,,region,,GADM,15.399545,-15.699101
SEN,SN-MT,Matam,,region,,GADM,15.279155,-13.678232
SEN,SN-SL,Saint-Louis,,region,,GADM,16.032941,-14.517933
SEN,SN-SE,Sédhiou,,region,,GADM,12.910956,-15.553767
SEN,SN-TC,Tambacounda,,region,,GADM,13.875244,-13.317272
SEN,SN-TH,Thiès,,region,,GADM,14.756196,-16.862403
SEN,SN-ZG,Ziguinchor,,region,,GADM,12.757012,-16.400541
SGP,SG-01,Central Singapore,,district,,Kontur,1.325371,103.842574
SGP,SG-02,North East,,district,,Kontur,1.377230,103.927471
SGP,SG-03,North West,,district,,Kontur,1.389228,103.783852
SGP,SG-04,South East,,district,,Kontur,1.334622,104.009032
SGP,SG-05,South West,,district,,Kontur,1.293912,103.701444
SHN,SH-AC,Ascension,Ascension Island,geographical entity,,GADM,-7.941528,-14.362934
SHN,SH-HL,Saint Helena,,geographical entity,,GADM,-15.965617,-5.702114
SHN,SH-TA,Tristan da Cunha,,geographical entity,,GADM,-37.116146,-12.282280
SLB,SB-CT,Capital Territory (Honiara),,capital territory,,COD-AB,-9.437204,159.962386
SLB,SB-CE,Central,,province,,COD-AB,-9.069625,160.223776
SLB,SB-CH,Choiseul,,province,,COD-AB,-7.009451,156.923415
SLB,SB-GU,Guadalcanal,,province,,COD-AB,-9.598441,160.147356
SLB,SB-IS,Isabel,,province,,COD-AB,-8.041012,159.211273
SLB,SB-MK,Makira-Ulawa,,province,,COD-AB,-10.519992,161.823261
SLB,SB-ML,Malaita,,province,,COD-AB,-8.955747,160.952037
SLB,SB-RB,Rennell and Bellona,,province,,COD-AB,-11.671753,160.358705
SLB,SB-TE,Temotu,,province,,COD-AB,-10.758104,165.887158
SLB,SB-WE,Western,,province,,COD-AB,-7.990067,157.068347
SLE,SL-E,Eastern,,province,2020-11-24,COD-AB,8.210224,-10.845855
SLE,SL-NW,North Western,,province,2020-11-24,COD-AB,9.101756,-12.638602
SLE,SL-N,Northern,Northern Province,province,2020-11-24,COD-AB,9.119345,-11.474742
SLE,SL-S,Southern,,province,2020-11-24,COD-AB,7.706392,-11.999782
SLE,SL-W,Western Area (Freetown),Western Area,area,2020-11-24,COD-AB,8.334619,-13.065892
SLV,SV-AH,Ahuachapán,,department,,GADM,13.863054,-89.929770
SLV,SV-CA,Cabañas,Departamento de Cabañas,department,,GADM,13.878819,-88.741864
SLV,SV-CH,Chalatenango,Departamento de Chalatenango,department,,GADM,14.162570,-89.111270
SLV,SV-CU,Cuscatlán,Departamento de Cuscatlán,department,,GADM,13.845167,-89.051747
SLV,SV-LI,La Libertad,Departamento de La Libertad,department,,GADM,13.741162,-89.362063
SLV,SV-PA,La Paz,Departamento de La Paz,department,,GADM,13.462273,-88.976590
SLV,SV-UN,La Unión,"Departamento de La Unión, La Union",department,,GADM,13.526422,-87.906341
SLV,SV-MO,Morazán,,department,,GADM,13.763370,-88.093759
SLV,SV-SM,San Miguel,Departamento de San Miguel,department,,GADM,13.532346,-88.199560
SLV,SV-SS,San Salvador,Departamento de San Salvador,department,,GADM,13.762850,-89.156965
SLV,SV-SV,San Vicente,Departamento de San Vicente,department,,GADM,13.514739,-88.739059
SLV,SV-SA,Santa Ana,Departamento de Santa Ana,department,,GADM,14.111394,-89.563827
SLV,SV-SO,Sonsonate,Departamento de Sonsonate,department,,GADM,13.712295,-89.646329
SLV,SV-US,Usulután,Departamento de Usulután,department,,GADM,13.425969,-88.533505
SMR,SM-01,Acquaviva,,municipality,2020-11-24,GADM,43.942713,12.414902
SMR,SM-06,Borgo Maggiore,,municipality,2020-11-24,GADM,43.943445,12.445518
SMR,SM-02,Chiesanuova,,municipality,2020-11-24,GADM,43.913536,12.418176
SMR,SM-07,Città di San Marino,San Marino,municipality,2020-11-24,GADM,43.928284,12.436697
SMR,SM-03,Domagnano,,municipality,2020-11-24,GADM,43.953810,12.482933
SMR,SM-04,Faetano,,municipality,2020-11-24,GADM,43.936640,12.493099
SMR,SM-05,Fiorentino,,municipality,2020-11-24,GADM,43.909494,12.453069
SMR,SM-08,Montegiardino,,municipality,2020-11-24,GADM,43.910919,12.482801
SMR,SM-09,Serravalle,,municipality,2020-11-24,GADM,43.976940,12.487151
SOM,SO-AW,Awdal,,region,,GADM,10.561110,43.408754
SOM,SO-BK,Bakool,,region,,GADM,4.167343,43.845761
SOM,SO-BN,Banaadir,,region,,GADM,2.085834,45.390674
SOM,SO-BR,Bari,,region,,GADM,10.163194,49.973161
SOM,SO-BY,Bay,,region,,GADM,2.655003,43.585462
SOM,SO-GA,Galguduud,,region,,GADM,4.985002,46.897101
SOM,SO-GE,Gedo,,region,,GADM,2.769464,41.765697
SOM,SO-HI,Hiiraan,,region,,GADM,4.320006,45.493017
SOM,SO-JD,Jubbada Dhexe,,region,,GADM,1.145006,42.840389
SOM,SO-JH,Jubbada Hoose,,region,,GADM,-0.163611,41.863518
SOM,SO-MU,Mudug,,region,,GADM,6.029028,48.225307
SOM,SO-NU,Nugaal,,region,,GADM,8.272500,49.114191
SOM,SO-SA,Sanaag,,region,,GADM,10.515114,47.531320
SOM,SO-SD,Shabeellaha Dhexe,,region,,GADM,3.020278,45.875599
SOM,SO-SH,Shabeellaha Hoose,Lower Shabelle,region,,GADM,1.973056,44.661684
SOM,SO-SO,Sool,,region,,GADM,9.065009,47.591303
SOM,SO-TO,Togdheer,,region,,GADM,9.150038,45.426829
SOM,SO-WO,Woqooyi Galbeed,,region,,GADM,9.820002,44.119696
SRB,RS-00,Beograd,,city,2020-11-24,WOF,44.674896,20.383281
SRB,RS-14,Borski,,district,2020-11-24,WOF,44.306895,22.236673
SRB,RS-11,Braničevski,,district,2020-11-24,WOF,44.452368,21.526890
SRB,RS-23,Jablanički,,district,2020-11-24,WOF,42.922569,21.916855
SRB,RS-06,Južnobački,,district,2020-11-24,WOF,45.451101,19.766865
SRB,RS-04,Južnobanatski,,district,2020-11-24,WOF,44.995894,20.936952
SRB,RS-09,Kolubarski,,district,2020-11-24,WOF,44.327143,19.857183
SRB,RS-08,Mačvanski,,district,2020-11-24,WOF,44.521721,19.503758
SRB,RS-17,Moravički,,district,2020-11-24,WOF,43.772886,20.329483
SRB,RS-20,Nišavski,,district,2020-11-24,WOF,43.441304,21.962164
SRB,RS-24,Pčinjski,,district,2020-11-24,WOF,42.534323,22.100102
SRB,RS-22,Pirotski,,district,2020-11-24,WOF,43.133285,22.635223
SRB,RS-10,Podunavski,Podunavlje,district,2020-11-24,WOF,44.465681,21.001534
SRB,RS-13,Pomoravski,Pomoravlje,district,2020-11-24,WOF,44.021789,21.441882
SRB,RS-19,Rasinski,,district,2020-11-24,WOF,43.500556,21.177977
SRB,RS-18,Raški,,district,2020-11-24,WOF,43.356664,20.644290
SRB,RS-01,Severnobački,,district,2020-11-24,WOF,45.901325,19.583407
SRB,RS-03,Severnobanatski,,district,2020-11-24,WOF,45.890825,20.192324
SRB,RS-02,Srednjebanatski,,district,2020-11-24,WOF,45.440077,20.512299
SRB,RS-07,Sremski,,district,2020-11-24,WOF,44.919496,19.971530
SRB,RS-12,Šumadijski,,district,2020-11-24,WOF,44.119140,20.853356
SRB,RS-21,Toplički,,district,2020-11-24,WOF,43.136891,21.409660
SRB,RS-15,Zaječarski,,district,2020-11-24,WOF,43.757792,22.035735
SRB,RS-05,Zapadnobački,,district,2020-11-24,WOF,45.731275,19.232895
SRB,RS-16,Zlatiborski,Zlatibor,district,2020-11-24,WOF,43.590830,19.759053
SSD,SS-EC,Central Equatoria,,state,2021-11-25,GADM,4.874994,31.440386
SSD,SS-EE,Eastern Equatoria,,state,2021-11-25,GADM,4.752201,33.418637
SSD,SS-JG,Jonglei,,state,2021-11-25,GADM,7.623776,32.132367
SSD,SS-LK,Lakes,,state,2021-11-25,GADM,6.766000,30.087276
SSD,SS-BN,Northern Bahr el Ghazal,,state,2021-11-25,GADM,8.903145,26.876676
SSD,SS-UY,Unity,,state,2021-11-25,GADM,8.683235,29.791055
SSD,SS-NU,Upper Nile,,state,2021-11-25,GADM,10.107525,32.794310
SSD,SS-WR,Warrap,,state,2021-11-25,GADM,7.713241,28.662166
SSD,SS-BW,Western Bahr el Ghazal,,state,2021-11-25,GADM,8.540431,25.212741
SSD,SS-EW,Western Equatoria,,state,2021-11-25,GADM,5.542992,29.136546
STP,ST-01,Água Grande,,district,2020-11-24,COD-AB,0.346667,6.714265
STP,ST-02,Cantagalo,,district,2020-11-24,COD-AB,0.227083,6.679968
STP,ST-03,Caué,,district,2020-11-24,COD-AB,0.143659,6.594108
STP,ST-04,Lembá,,district,2020-11-24,COD-AB,0.253704,6.509477
STP,ST-05,Lobata,,district,2020-11-24,COD-AB,0.365391,6.653773
STP,ST-06,Mé-Zóchi,,district,2020-11-24,COD-AB,0.293801,6.665183
STP,ST-P,Príncipe,,autonomous region,2020-11-24,COD-AB,1.610000,7.399445
SUR,SR-BR,Brokopondo,,district,,GADM,4.690617,-55.075723
SUR,SR-CM,Commewijne,,district,,GADM,5.742655,-54.914980
SUR,SR-CR,Coronie,,district,,GADM,5.646580,-56.264003
SUR,SR-MA,Marowijne,,district,,GADM,5.606889,-54.332683
SUR,SR-NI,Nickerie,,district,,GADM,5.612612,-56.856028
SUR,SR-PR,Para,,district,,GADM,5.346223,-55.570328
SUR,SR-PM,Paramaribo,,district,,GADM,5.845515,-55.175996
SUR,SR-SA,Saramacca,,district,,GADM,5.698028,-55.624848
SUR,SR-SI,Sipaliwini,,district,,GADM,3.698005,-55.962500
SUR,SR-WA,Wanica,,district,,GADM,5.800927,-55.268656
SVK,SK-BC,Banskobystrický,"Banska Bystrica, Banskobystrický kraj, Region of Banská Bystrica",region,,GADM,48.501390,19.423651
SVK,SK-BL,Bratislavský,"Bratislava, Region of Bratislava",region,,GADM,48.332956,17.173051
SVK,SK-KI,Košický,"Košice, Košice Region, Košice-okolie, Region of Košice",region,,GADM,48.677309,21.294742
SVK,SK-NI,Nitriansky,"Nitra, Region of Nitra",region,,GADM,48.225693,18.333292
SVK,SK-PV,Prešovský,Region of Prešov,region,,GADM,49.115925,21.219675
SVK,SK-TC,Trenčiansky,"Region of Trenčín, Trencin, Trenčín",region,,GADM,48.906635,18.218046
SVK,SK-TA,Trnavský,"Region of Trnava, Trnava, Trnava Region",region,,GADM,48.327675,17.648118
SVK,SK-ZI,Žilinský,"Region of Žilina, Zilina",region,,GADM,49.179029,19.194208
SVN,SI-001,Ajdovščina,,municipality,2022-11-29,WOF,45.912341,13.876097
SVN,SI-213,Ankaran,Ancarano,municipality,2022-11-29,WOF,45.576677,13.746388
SVN,SI-195,Apače,,municipality,2022-11-29,WOF,46.691003,15.882740
SVN,SI-002,Beltinci,,municipality,2022-11-29,WOF,46.607945,16.231741
SVN,SI-148,Benedikt,,municipality,2022-11-29,WOF,46.613935,15.881953
SVN,SI-149,Bistrica ob Sotli,,municipality,2022-11-29,WOF,46.059246,15.653025
SVN,SI-003,Bled,,municipality,2022-11-29,WOF,46.348511,14.069209
SVN,SI-150,Bloke,,municipality,2022-11-29,WOF,45.787045,14.498594
SVN,SI-004,Bohinj,,municipality,2022-11-29,WOF,46.301992,13.908999
SVN,SI-005,Borovnica,,municipality,2022-11-29,WOF,45.911311,14.383159
SVN,SI-006,Bovec,,municipality,2022-11-29,WOF,46.356276,13.614426
SVN,SI-151,Braslovče,,municipality,2022-11-29,WOF,46.280343,15.017597
SVN,SI-007,Brda,,municipality,2022-11-29,WOF,46.016248,13.548905
SVN,SI-009,Brežice,,municipality,2022-11-29,WOF,45.937561,15.632880
SVN,SI-008,Brezovica,,municipality,2022-11-29,WOF,45.947987,14.418025
SVN,SI-152,Cankova,,municipality,2022-11-29,WOF,46.732958,16.024955
SVN,SI-011,Celje,,urban municipality,2022-11-29,WOF,46.254641,15.284313
SVN,SI-012,Cerklje na Gorenjskem,,municipality,2022-11-29,WOF,46.255113,14.503582
SVN,SI-013,Cerknica,,municipality,2022-11-29,WOF,45.798398,14.344918
SVN,SI-014,Cerkno,,municipality,2022-11-29,WOF,46.124300,13.967966
SVN,SI-153,Cerkvenjak,,municipality,2022-11-29,WOF,46.559737,15.935535
SVN,SI-196,Cirkulane,,municipality,2022-11-29,WOF,46.344921,15.996150
SVN,SI-015,Črenšovci,,municipality,2022-11-29,WOF,46.561473,16.290205
SVN,SI-016,Črna na Koroškem,,municipality,2022-11-29,WOF,46.464624,14.828598
SVN,SI-017,Črnomelj,,municipality,2022-11-29,WOF,45.525425,15.210408
SVN,SI-018,Destrnik,,municipality,2022-11-29,WOF,46.478826,15.885448
SVN,SI-019,Divača,,municipality,2022-11-29,WOF,45.686769,14.012549
SVN,SI-154,Dobje,,municipality,2022-11-29,WOF,46.134747,15.400043
SVN,SI-020,Dobrepolje,,municipality,2022-11-29,WOF,45.810069,14.742439
SVN,SI-155,Dobrna,,municipality,2022-11-29,WOF,46.352791,15.227851
SVN,SI-021,Dobrova-Polhov Gradec,,municipality,2022-11-29,WOF,46.059644,14.321686
SVN,SI-156,Dobrovnik,Dobronak,municipality,2022-11-29,WOF,46.651151,16.347644
SVN,SI-022,Dol pri Ljubljani,,municipality,2022-11-29,WOF,46.096630,14.669690
SVN,SI-157,Dolenjske Toplice,,municipality,2022-11-29,WOF,45.714883,15.042103
SVN,SI-023,Domžale,,municipality,2022-11-29,WOF,46.150478,14.626462
SVN,SI-024,Dornava,,municipality,2022-11-29,WOF,46.454381,16.005560
SVN,SI-025,Dravograd,,municipality,2022-11-29,WOF,46.591364,15.038287
SVN,SI-026,Duplek,,municipality,2022-11-29,WOF,46.509218,15.762660
SVN,SI-027,Gorenja vas-Poljane,,municipality,2022-11-29,WOF,46.109145,14.127470
SVN,SI-028,Gorišnica,,municipality,2022-11-29,WOF,46.404570,16.011392
SVN,SI-207,Gorje,,municipality,2022-11-29,WOF,46.394514,13.991350
SVN,SI-029,Gornja Radgona,,municipality,2022-11-29,WOF,46.636075,15.966596
SVN,SI-030,Gornji Grad,,municipality,2022-11-29,WOF,46.296047,14.794262
SVN,SI-031,Gornji Petrovci,,municipality,2022-11-29,WOF,46.799278,16.222891
SVN,SI-158,Grad,,municipality,2022-11-29,WOF,46.794580,16.095143
SVN,SI-032,Grosuplje,,municipality,2022-11-29,WOF,45.944250,14.664192
SVN,SI-159,Hajdina,,municipality,2022-11-29,WOF,46.419877,15.823875
SVN,SI-160,Hoče-Slivnica,,municipality,2022-11-29,WOF,46.489967,15.610462
SVN,SI-161,Hodoš,Hodos,municipality,2022-11-29,WOF,46.831710,16.329700
SVN,SI-162,Horjul,,municipality,2022-11-29,WOF,46.019450,14.292002
SVN,SI-034,Hrastnik,,municipality,2022-11-29,WOF,46.134924,15.117525
SVN,SI-035,Hrpelje-Kozina,,municipality,2022-11-29,WOF,45.562505,14.012497
SVN,SI-036,Idrija,,municipality,2022-11-29,WOF,45.983881,14.000679
SVN,SI-037,Ig,,municipality,2022-11-29,WOF,45.933562,14.511230
SVN,SI-038,Ilirska Bistrica,,municipality,2022-11-29,WOF,45.577008,14.297110
SVN,SI-039,Ivančna Gorica,,municipality,2022-11-29,WOF,45.904276,14.812146
SVN,SI-040,Izola,Isola,municipality,2022-11-29,WOF,45.510458,13.659333
SVN,SI-041,Jesenice,,municipality,2022-11-29,WOF,46.445885,14.066337
SVN,SI-163,Jezersko,,municipality,2022-11-29,WOF,46.386356,14.487299
SVN,SI-042,Juršinci,,municipality,2022-11-29,WOF,46.482978,15.969334
SVN,SI-043,Kamnik,,municipality,2022-11-29,WOF,46.275020,14.626868
SVN,SI-044,Kanal ob Soči,,municipality,2022-11-29,WOF,46.084098,13.663520
SVN,SI-045,Kidričevo,,municipality,2022-11-29,WOF,46.397767,15.753754
SVN,SI-046,Kobarid,,municipality,2022-11-29,WOF,46.243108,13.546751
SVN,SI-047,Kobilje,,municipality,2022-11-29,WOF,46.681262,16.387508
SVN,SI-048,Kočevje,,municipality,2022-11-29,WOF,45.630919,14.867964
SVN,SI-049,Komen,,municipality,2022-11-29,WOF,45.819226,13.790097
SVN,SI-164,Komenda,,municipality,2022-11-29,WOF,46.207205,14.537677
SVN,SI-050,Koper,Capodistria,urban municipality,2022-11-29,WOF,45.518116,13.846222
SVN,SI-197,Kostanjevica na Krki,,municipality,2022-11-29,WOF,45.841478,15.418893
SVN,SI-165,Kostel,,municipality,2022-11-29,WOF,45.499405,14.855636
SVN,SI-051,Kozje,,municipality,2022-11-29,WOF,46.064860,15.556171
SVN,SI-052,Kranj,,urban municipality,2022-11-29,WOF,46.254213,14.258017
SVN,SI-053,Kranjska Gora,,municipality,2022-11-29,WOF,46.450130,13.843376
SVN,SI-166,Križevci,,municipality,2022-11-29,WOF,46.566813,16.117470
SVN,SI-054,Krško,,urban municipality,2022-11-29,WOF,45.946435,15.460792
SVN,SI-055,Kungota,,municipality,2022-11-29,WOF,46.641349,15.596712
SVN,SI-056,Kuzma,,municipality,2022-11-29,WOF,46.839943,16.092426
SVN,SI-057,Laško,,municipality,2022-11-29,WOF,46.127825,15.269501
SVN,SI-058,Lenart,,municipality,2022-11-29,WOF,46.554254,15.811406
SVN,SI-059,Lendava,Lendva,municipality,2022-11-29,WOF,46.550208,16.450136
SVN,SI-060,Litija,,municipality,2022-11-29,WOF,46.049695,14.963094
SVN,SI-061,Ljubljana,,urban municipality,2022-11-29,WOF,46.060044,14.591142
SVN,SI-062,Ljubno,,municipality,2022-11-29,WOF,46.366808,14.839660
SVN,SI-063,Ljutomer,,municipality,2022-11-29,WOF,46.522070,16.131186
SVN,SI-208,Log-Dragomer,,municipality,2022-11-29,WOF,46.013206,14.374096
SVN,SI-064,Logatec,,municipality,2022-11-29,WOF,45.942341,14.179753
SVN,SI-065,Loška dolina,,municipality,2022-11-29,WOF,45.664411,14.499731
SVN,SI-066,Loški Potok,,municipality,2022-11-29,WOF,45.662487,14.670121
SVN,SI-167,Lovrenc na Pohorju,,municipality,2022-11-29,WOF,46.524278,15.385269
SVN,SI-067,Luče,,municipality,2022-11-29,WOF,46.356810,14.714025
SVN,SI-068,Lukovica,,municipality,2022-11-29,WOF,46.175013,14.761981
SVN,SI-069,Majšperk,,municipality,2022-11-29,WOF,46.315595,15.747660
SVN,SI-198,Makole,,municipality,2022-11-29,WOF,46.312655,15.678809
SVN,SI-070,Maribor,,urban municipality,2022-11-29,WOF,46.566859,15.631596
SVN,SI-168,Markovci,,municipality,2022-11-29,WOF,46.391082,15.941038
SVN,SI-071,Medvode,,municipality,2022-11-29,WOF,46.134683,14.401288
SVN,SI-072,Mengeš,,municipality,2022-11-29,WOF,46.163324,14.563050
SVN,SI-073,Metlika,,municipality,2022-11-29,WOF,45.649278,15.340036
SVN,SI-074,Mežica,,municipality,2022-11-29,WOF,46.520193,14.850040
SVN,SI-169,Miklavž na Dravskem polju,,municipality,2022-11-29,WOF,46.488552,15.701475
SVN,SI-075,Miren-Kostanjevica,,municipality,2022-11-29,WOF,45.859793,13.649858
SVN,SI-212,Mirna,,municipality,2022-11-29,WOF,45.946270,15.057382
SVN,SI-170,Mirna Peč,,municipality,2022-11-29,WOF,45.854183,15.080963
SVN,SI-076,Mislinja,,municipality,2022-11-29,WOF,46.446944,15.221260
SVN,SI-199,Mokronog-Trebelno,,municipality,2022-11-29,WOF,45.923499,15.167738
SVN,SI-077,Moravče,,municipality,2022-11-29,WOF,46.131716,14.758193
SVN,SI-078,Moravske Toplice,,municipality,2022-11-29,WOF,46.710727,16.274526
SVN,SI-079,Mozirje,,municipality,2022-11-29,WOF,46.351273,14.960164
SVN,SI-080,Murska Sobota,,urban municipality,2022-11-29,WOF,46.649434,16.179893
SVN,SI-081,Muta,,municipality,2022-11-29,WOF,46.625698,15.136154
SVN,SI-082,Naklo,,municipality,2022-11-29,WOF,46.287173,14.290529
SVN,SI-083,Nazarje,,municipality,2022-11-29,WOF,46.286166,14.920635
SVN,SI-084,Nova Gorica,,urban municipality,2022-11-29,WOF,45.971069,13.721075
SVN,SI-085,Novo Mesto,,urban municipality,2022-11-29,WOF,45.780931,15.209963
SVN,SI-086,Odranci,,municipality,2022-11-29,WOF,46.585248,16.271430
SVN,SI-171,Oplotnica,,municipality,2022-11-29,WOF,46.389253,15.450687
SVN,SI-087,Ormož,,municipality,2022-11-29,WOF,46.439187,16.122501
SVN,SI-088,Osilnica,,municipality,2022-11-29,WOF,45.550745,14.720206
SVN,SI-089,Pesnica,,municipality,2022-11-29,WOF,46.617824,15.705884
SVN,SI-090,Piran,Pirano,municipality,2022-11-29,WOF,45.492759,13.613773
SVN,SI-091,Pivka,,municipality,2022-11-29,WOF,45.688796,14.228617
SVN,SI-092,Podčetrtek,,municipality,2022-11-29,WOF,46.136102,15.568396
SVN,SI-172,Podlehnik,,municipality,2022-11-29,WOF,46.315258,15.861505
SVN,SI-093,Podvelka,,municipality,2022-11-29,WOF,46.583134,15.322258
SVN,SI-200,Poljčane,,municipality,2022-11-29,WOF,46.304231,15.600659
SVN,SI-173,Polzela,,municipality,2022-11-29,WOF,46.302955,15.083506
SVN,SI-094,Postojna,,municipality,2022-11-29,WOF,45.790252,14.157704
SVN,SI-174,Prebold,,municipality,2022-11-29,WOF,46.221002,15.086653
SVN,SI-095,Preddvor,,municipality,2022-11-29,WOF,46.324099,14.467832
SVN,SI-175,Prevalje,,municipality,2022-11-29,WOF,46.554914,14.891334
SVN,SI-096,Ptuj,,urban municipality,2022-11-29,WOF,46.441369,15.886010
SVN,SI-097,Puconci,,municipality,2022-11-29,WOF,46.755127,16.121664
SVN,SI-098,Rače-Fram,,municipality,2022-11-29,WOF,46.447450,15.653618
SVN,SI-099,Radeče,,municipality,2022-11-29,WOF,46.059520,15.135858
SVN,SI-100,Radenci,,municipality,2022-11-29,WOF,46.620453,16.044294
SVN,SI-101,Radlje ob Dravi,,municipality,2022-11-29,WOF,46.590233,15.250065
SVN,SI-102,Radovljica,,municipality,2022-11-29,WOF,46.345060,14.197075
SVN,SI-103,Ravne na Koroškem,,municipality,2022-11-29,WOF,46.548376,14.975046
SVN,SI-176,Razkrižje,,municipality,2022-11-29,WOF,46.518788,16.276396
SVN,SI-209,Rečica ob Savinji,,municipality,2022-11-29,WOF,46.332305,14.905713
SVN,SI-201,Renče-Vogrsko,,municipality,2022-11-29,WOF,45.894979,13.677461
SVN,SI-104,Ribnica,,municipality,2022-11-29,WOF,45.728661,14.739847
SVN,SI-177,Ribnica na Pohorju,,municipality,2022-11-29,WOF,46.528012,15.258883
SVN,SI-106,Rogaška Slatina,,municipality,2022-11-29,WOF,46.237834,15.626985
SVN,SI-105,Rogašovci,,municipality,2022-11-29,WOF,46.797685,16.024061
SVN,SI-107,Rogatec,,municipality,2022-11-29,WOF,46.237565,15.737373
SVN,SI-108,Ruše,,municipality,2022-11-29,WOF,46.519323,15.492001
SVN,SI-033,Šalovci,,municipality,2022-11-29,WOF,46.823714,16.282014
SVN,SI-178,Selnica ob Dravi,,municipality,2022-11-29,WOF,46.594154,15.480767
SVN,SI-109,Semič,,municipality,2022-11-29,WOF,45.652369,15.153206
SVN,SI-183,Šempeter-Vrtojba,,municipality,2022-11-29,WOF,45.917753,13.651685
SVN,SI-117,Šenčur,,municipality,2022-11-29,WOF,46.239612,14.419575
SVN,SI-118,Šentilj,,municipality,2022-11-29,WOF,46.669566,15.768784
SVN,SI-119,Šentjernej,,municipality,2022-11-29,WOF,45.825011,15.318759
SVN,SI-120,Šentjur,,municipality,2022-11-29,WOF,46.188544,15.406016
SVN,SI-211,Šentrupert,,municipality,2022-11-29,WOF,45.984742,15.081530
SVN,SI-110,Sevnica,,municipality,2022-11-29,WOF,46.008692,15.262580
SVN,SI-111,Sežana,,municipality,2022-11-29,WOF,45.726365,13.889814
SVN,SI-121,Škocjan,,municipality,2022-11-29,WOF,45.913943,15.295831
SVN,SI-122,Škofja Loka,,municipality,2022-11-29,WOF,46.168835,14.306493
SVN,SI-123,Škofljica,,municipality,2022-11-29,WOF,45.956793,14.578327
SVN,SI-112,Slovenj Gradec,,urban municipality,2022-11-29,WOF,46.492518,15.090989
SVN,SI-113,Slovenska Bistrica,,municipality,2022-11-29,WOF,46.407508,15.563749
SVN,SI-114,Slovenske Konjice,,municipality,2022-11-29,WOF,46.324712,15.449680
SVN,SI-124,Šmarje pri Jelšah,,municipality,2022-11-29,WOF,46.217088,15.517746
SVN,SI-206,Šmarješke Toplice,,municipality,2022-11-29,WOF,45.887461,15.242257
SVN,SI-125,Šmartno ob Paki,,municipality,2022-11-29,WOF,46.339831,15.029678
SVN,SI-194,Šmartno pri Litiji,,municipality,2022-11-29,WOF,46.017017,14.833642
SVN,SI-179,Sodražica,,municipality,2022-11-29,WOF,45.754827,14.622078
SVN,SI-180,Solčava,,municipality,2022-11-29,WOF,46.403080,14.659409
SVN,SI-126,Šoštanj,,municipality,2022-11-29,WOF,46.402327,15.013075
SVN,SI-202,Središče ob Dravi,,municipality,2022-11-29,WOF,46.408969,16.255990
SVN,SI-115,Starše,,municipality,2022-11-29,WOF,46.465206,15.759581
SVN,SI-127,Štore,,municipality,2022-11-29,WOF,46.198052,15.327697
SVN,SI-203,Straža,,municipality,2022-11-29,WOF,45.774711,15.083383
SVN,SI-181,Sveta Ana,,municipality,2022-11-29,WOF,46.654089,15.841809
SVN,SI-204,Sveta Trojica v Slovenskih goricah,,municipality,2022-11-29,WOF,46.567004,15.882141
SVN,SI-182,Sveti Andraž v Slovenskih goricah,,municipality,2022-11-29,WOF,46.518290,15.950946
SVN,SI-116,Sveti Jurij ob Ščavnici,,municipality,2022-11-29,WOF,46.561807,16.018498
SVN,SI-210,Sveti Jurij v Slovenskih goricah,,municipality,2022-11-29,WOF,46.613196,15.797292
SVN,SI-205,Sveti Tomaž,,municipality,2022-11-29,WOF,46.476525,16.072155
SVN,SI-184,Tabor,,municipality,2022-11-29,WOF,46.224320,15.007571
SVN,SI-010,Tišina,,municipality,2022-11-29,WOF,46.658122,16.072086
SVN,SI-128,Tolmin,,municipality,2022-11-29,WOF,46.144040,13.789442
SVN,SI-129,Trbovlje,,municipality,2022-11-29,WOF,46.137222,15.044329
SVN,SI-130,Trebnje,,municipality,2022-11-29,WOF,45.908303,14.992394
SVN,SI-185,Trnovska Vas,,municipality,2022-11-29,WOF,46.526163,15.890324
SVN,SI-131,Tržič,,municipality,2022-11-29,WOF,46.380533,14.332652
SVN,SI-186,Trzin,,municipality,2022-11-29,WOF,46.127649,14.544404
SVN,SI-132,Turnišče,,municipality,2022-11-29,WOF,46.614908,16.319891
SVN,SI-133,Velenje,,urban municipality,2022-11-29,WOF,46.374575,15.130712
SVN,SI-187,Velika Polana,,municipality,2022-11-29,WOF,46.578242,16.363064
SVN,SI-134,Velike Lašče,,municipality,2022-11-29,WOF,45.850239,14.567464
SVN,SI-188,Veržej,,municipality,2022-11-29,WOF,46.583122,16.174005
SVN,SI-135,Videm,,municipality,2022-11-29,WOF,46.342998,15.932100
SVN,SI-136,Vipava,,municipality,2022-11-29,WOF,45.821318,13.980132
SVN,SI-137,Vitanje,,municipality,2022-11-29,WOF,46.405477,15.285188
SVN,SI-138,Vodice,,municipality,2022-11-29,WOF,46.170682,14.498901
SVN,SI-139,Vojnik,,municipality,2022-11-29,WOF,46.314113,15.306469
SVN,SI-189,Vransko,,municipality,2022-11-29,WOF,46.233752,14.935248
SVN,SI-140,Vrhnika,,municipality,2022-11-29,WOF,45.947544,14.287623
SVN,SI-141,Vuzenica,,municipality,2022-11-29,WOF,46.564770,15.147272
SVN,SI-142,Zagorje ob Savi,,municipality,2022-11-29,WOF,46.149149,14.928564
SVN,SI-190,Žalec,,municipality,2022-11-29,WOF,46.261182,15.156949
SVN,SI-143,Zavrč,,municipality,2022-11-29,WOF,46.363814,16.044281
SVN,SI-146,Železniki,,municipality,2022-11-29,WOF,46.218268,14.120383
SVN,SI-191,Žetale,,municipality,2022-11-29,WOF,46.288308,15.795788
SVN,SI-147,Žiri,,municipality,2022-11-29,WOF,46.044156,14.123703
SVN,SI-192,Žirovnica,,municipality,2022-11-29,WOF,46.406289,14.164072
SVN,SI-144,Zreče,,municipality,2022-11-29,WOF,46.406923,15.367415
SVN,SI-193,Žužemberk,,municipality,2022-11-29,WOF,45.807115,14.968453
SWE,SE-K,Blekinge,,county,,GADM,56.244166,15.227314
SWE,SE-W,Dalarnas,"Dalarna, Dalarna County",county,,GADM,61.080400,14.204234
SWE,SE-X,Gävleborgs,Gävleborg County,county,,GADM,61.276045,16.343850
SWE,SE-I,Gotlands,Gotland,county,,GADM,57.421000,18.540000
SWE,SE-N,Hallands,,county,,GADM,56.959584,13.020844
SWE,SE-Z,Jämtlands,Jämtland County,county,,GADM,63.392641,14.129503
SWE,SE-F,Jönköpings,,county,,GADM,57.532957,14.643853
SWE,SE-H,Kalmar,,county,,GADM,57.224169,16.009149
SWE,SE-G,Kronobergs,,county,,GADM,56.794372,14.413357
SWE,SE-BD,Norrbottens,"Norrbotten, Norrbotten County",county,,GADM,67.140911,19.994220
SWE,SE-T,Örebro,,county,,GADM,59.379078,14.994999
SWE,SE-E,Östergötlands,,county,,GADM,58.359028,15.619806
SWE,SE-M,Skåne,Skane,county,,GADM,55.934306,13.552778
SWE,SE-D,Södermanlands,Södermanland,county,,GADM,59.070103,16.511507
SWE,SE-AB,Stockholms,,county,,GADM,59.482222,17.960280
SWE,SE-C,Uppsala,,county,,GADM,60.025038,17.806000
SWE,SE-S,Värmlands,Värmland County,county,,GADM,59.907381,13.281664
SWE,SE-AC,Västerbottens,Västerbotten County,county,,GADM,64.923180,18.012936
SWE,SE-Y,Västernorrlands,Västernorrland County,county,,GADM,63.089981,17.633378
SWE,SE-U,Västmanlands,Västmanland,county,,GADM,59.748926,16.146098
SWE,SE-O,Västra Götalands,"Västra Götaland, Västra Götaland County",county,,GADM,58.212624,13.164216
SWZ,SZ-HH,Hhohho,,region,,GADM,-26.090779,31.366775
SWZ,SZ-LU,Lubombo,,region,,GADM,-26.551920,31.859814
SWZ,SZ-MA,Manzini,Manzini Region,region,,GADM,-26.535360,31.185919
SWZ,SZ-SH,Shiselweni,,region,,GADM,-27.024345,31.313401
SYC,SC-01,Anse aux Pins,,district,2020-11-24,WOF,-4.685019,55.521225
SYC,SC-02,Anse Boileau,,district,2020-11-24,WOF,-4.709683,55.492295
SYC,SC-03,Anse Etoile,,district,2020-11-24,WOF,-4.591823,55.450979
SYC,SC-05,Anse Royale,,district,2020-11-24,WOF,-4.746829,55.511205
SYC,SC-04,Au Cap,,district,2020-11-24,WOF,-4.710854,55.514248
SYC,SC-06,Baie Lazare,,district,2020-11-24,WOF,-4.751042,55.485350
SYC,SC-07,Baie Sainte Anne,,district,2020-11-24,WOF,-4.319791,55.739408
SYC,SC-08,Beau Vallon,,district,2020-11-24,WOF,-4.606494,55.429412
SYC,SC-09,Bel Air,,district,2020-11-24,WOF,-4.641616,55.451870
SYC,SC-10,Bel Ombre,,district,2020-11-24,WOF,-4.625511,55.404709
SYC,SC-11,Cascade,,district,2020-11-24,WOF,-4.664214,55.497516
SYC,SC-16,English River,,district,2020-11-24,WOF,-4.609670,55.452631
SYC,SC-12,Glacis,,district,2020-11-24,WOF,-4.572805,55.448313
SYC,SC-13,Grand Anse Mahe,,district,2020-11-24,WOF,-4.683113,55.473080
SYC,SC-14,Grand Anse Praslin,,district,2020-11-24,WOF,-4.327079,55.717829
SYC,SC-15,La Digue,,district,2020-11-24,WOF,-4.471816,55.244223
SYC,SC-24,Les Mamelles,,district,2020-11-24,WOF,-4.656763,55.480926
SYC,SC-17,Mont Buxton,,district,2020-11-24,WOF,-4.610665,55.441679
SYC,SC-18,Mont Fleuri,,district,2020-11-24,WOF,-4.632063,55.498395
SYC,SC-19,Plaisance,,district,2020-11-24,WOF,-4.653909,55.468018
SYC,SC-20,Pointe Larue,,district,2020-11-24,WOF,-4.672688,55.515207
SYC,SC-21,Port Glaud,,district,2020-11-24,WOF,-4.651779,55.423291
SYC,SC-25,Roche Caiman,,district,2020-11-24,WOF,-4.649486,55.483405
SYC,SC-22,Saint Louis,,district,2020-11-24,WOF,-4.622299,55.439063
SYC,SC-23,Takamaka,,district,2020-11-24,WOF,-4.786757,55.514978
SYR,SY-HA,Al-Hasakah,Al Ḩasakah,province,,GADM,36.423914,40.601916
SYR,SY-RA,Al-Raqqah,"Ar Raqqah, Ar-Raqqah Governorate, ar-Raqqah",province,,GADM,36.009405,38.901437
SYR,SY-SU,Al-Suwayda,As Suwaydā',province,,GADM,32.769973,36.907000
SYR,SY-HL,Aleppo,Ḩalab,province,,GADM,36.168108,37.439857
SYR,SY-DI,Damascus,Dimashq,province,,GADM,33.555708,36.345350
SYR,SY-DR,Daraa,Dar'ā,province,,GADM,32.824582,36.114542
SYR,SY-DY,Deirez-Zor,"Dayr az Zawr, Deir El Zor",province,,GADM,35.200501,40.242483
SYR,SY-HM,Hama,"Hamah, Ḩamāh",province,,GADM,35.310941,37.714224
SYR,SY-HI,Homs,"Homs Governorate, Ḩimş",province,,GADM,34.259533,38.134760
SYR,SY-ID,Idlib,"Idleb, Idleb Governorate",province,,GADM,35.796091,36.645221
SYR,SY-LA,Latakia,Al Lādhiqīyah,province,,GADM,35.574888,35.982580
SYR,SY-QU,Quneitra,Al Qunayţirah,province,,GADM,33.101368,35.931989
SYR,SY-RD,Rif Dimashq,"Rif Dimashq Governorate, Rif-Dimashq, Rīf Dimashq",province,,GADM,33.453520,36.854447
SYR,SY-TA,Tartus,"Tartous, Tartus Governorate, Ţarţūs",province,,GADM,34.935053,36.068320
TCD,TD-BG,Bahr el Ghazal,Barh-el-Ghazal,province,2020-11-24,GADM,14.631217,16.988307
TCD,TD-BA,Batha,,province,2020-11-24,GADM,14.450700,18.915410
TCD,TD-BO,Borkou,,province,2020-11-24,GADM,18.542257,18.325194
TCD,TD-CB,Chari-Baguirmi,,province,2020-11-24,GADM,11.131839,16.368870
TCD,TD-EE,Ennedi-Est,,province,2020-11-24,GADM,17.950111,23.270576
TCD,TD-EO,Ennedi-Ouest,,province,2020-11-24,GADM,18.515327,21.399026
TCD,TD-GR,Guéra,,province,2020-11-24,GADM,11.437002,18.104535
TCD,TD-HL,Hadjer Lamis,,province,2020-11-24,GADM,12.434342,16.086469
TCD,TD-KA,Kanem,,province,2020-11-24,GADM,15.006697,15.042109
TCD,TD-LC,Lac,,province,2020-11-24,GADM,13.750973,14.176792
TCD,TD-LO,Logone-Occidental,,province,2020-11-24,GADM,8.752500,15.924156
TCD,TD-LR,Logone-Oriental,Logone Oriental,province,2020-11-24,GADM,8.297169,16.459759
TCD,TD-MA,Mandoul,,province,2020-11-24,GADM,8.727511,17.584178
TCD,TD-ME,Mayo-Kebbi-Est,,province,2020-11-24,GADM,10.211294,15.809061
TCD,TD-MO,Mayo-Kebbi-Ouest,,province,2020-11-24,GADM,9.172480,14.908840
TCD,TD-MC,Moyen-Chari,,province,2020-11-24,GADM,9.305805,18.866601
TCD,TD-OD,Ouaddaï,,province,2020-11-24,GADM,13.518656,21.268695
TCD,TD-SA,Salamat,,province,2020-11-24,GADM,10.620411,20.720719
TCD,TD-SI,Sila,,province,2020-11-24,GADM,12.000617,21.501803
TCD,TD-TA,Tandjilé,,province,2020-11-24,GADM,9.647615,16.652362
TCD,TD-TI,Tibesti,,province,2020-11-24,GADM,20.302990,16.669953
TCD,TD-ND,Ville de Ndjamena,,province,2020-11-24,GADM,12.113377,15.068456
TCD,TD-WF,Wadi Fira,,province,2020-11-24,GADM,14.941105,21.401232
TGO,TG-C,Centrale,Centrale Region,region,,GADM,8.611050,1.048074
TGO,TG-K,Kara,Kara Region,region,,GADM,9.561283,0.793181
TGO,TG-M,Maritime,Maritime Region,region,,GADM,6.518269,1.211207
TGO,TG-P,Plateaux,,region,,GADM,7.498538,1.100832
TGO,TG-S,Savanes,Savanes Region,region,,GADM,10.507576,0.464737
THA,TH-37,Amnat Charoen,,province,,COD-AB,15.911119,104.729221
THA,TH-15,Ang Thong,Angthong,province,,COD-AB,14.620840,100.350543
THA,TH-38,Bueng Kan,,province,,COD-AB,18.110134,103.701579
THA,TH-31,Buri Ram,Buriram,province,,COD-AB,14.964631,103.064059
THA,TH-24,Chachoengsao,Chachoengsao Province,province,,COD-AB,13.577919,101.563949
THA,TH-18,Chai Nat,Chainat,province,,COD-AB,15.162537,100.033498
THA,TH-36,Chaiyaphum,"Chaiyaphum Province, Chaiyaphumn Province",province,,COD-AB,16.031347,101.848609
THA,TH-22,Chanthaburi,,province,,COD-AB,12.815039,102.178729
THA,TH-50,Chiang Mai,,province,,COD-AB,18.701300,98.618740
THA,TH-57,Chiang Rai,,province,,COD-AB,19.733981,99.883688
THA,TH-20,Chon Buri,Chonburi,province,,COD-AB,13.092605,101.224829
THA,TH-86,Chumphon,,province,,COD-AB,10.318217,99.036113
THA,TH-46,Kalasin,Kalasin Province,province,,COD-AB,16.642432,103.670202
THA,TH-62,Kamphaeng Phet,,province,,COD-AB,16.383646,99.510428
THA,TH-71,Kanchanaburi,Kanchanaburi Province,province,,COD-AB,14.695329,99.073976
THA,TH-40,Khon Kaen,Khon Kaen Province,province,,COD-AB,16.361794,102.680583
THA,TH-81,Krabi,,province,,COD-AB,8.169941,99.022491
THA,TH-10,Krung Thep Maha Nakhon,"Bangkok, Bangkok",metropolitan administration,,COD-AB,13.724364,100.603029
THA,TH-52,Lampang,Lampang Province,province,,COD-AB,18.315155,99.539934
THA,TH-51,Lamphun,,province,,COD-AB,18.068110,98.939888
THA,TH-42,Loei,Loei Province,province,,COD-AB,17.488486,101.644861
THA,TH-16,Lop Buri,"Lop Buri Province, Lopburi, Lopburi Province",province,,COD-AB,15.202569,100.978313
THA,TH-58,Mae Hong Son,,province,,COD-AB,18.729516,97.928801
THA,TH-44,Maha Sarakham,,province,,COD-AB,16.025696,103.177510
THA,TH-49,Mukdahan,Mukdahan Province,province,,COD-AB,16.546745,104.479550
THA,TH-26,Nakhon Nayok,,province,,COD-AB,14.237265,101.163000
THA,TH-73,Nakhon Pathom,"Nakhon Pathom Province, Nakhonpathom Province",province,,COD-AB,13.914472,100.096505
THA,TH-48,Nakhon Phanom,,province,,COD-AB,17.406466,104.601968
THA,TH-30,Nakhon Ratchasima,Nakhon Ratchasima Province,province,,COD-AB,14.965861,102.071307
THA,TH-60,Nakhon Sawan,Nakhon Sawan Province,province,,COD-AB,15.622243,100.382067
THA,TH-80,Nakhon Si Thammarat,Nakhon Si Thammarat Province,province,,COD-AB,8.581133,99.717979
THA,TH-55,Nan,,province,,COD-AB,18.827596,100.795998
THA,TH-96,Narathiwat,,province,,COD-AB,6.184160,101.732724
THA,TH-39,Nong Bua Lam Phu,,province,,COD-AB,17.231558,102.322151
THA,TH-43,Nong Khai,,province,,COD-AB,17.950154,103.119532
THA,TH-12,Nonthaburi,"Nonthaburi,",province,,COD-AB,13.964669,100.383858
THA,TH-13,Pathum Thani,,province,,COD-AB,14.096171,100.627754
THA,TH-94,Pattani,,province,,COD-AB,6.750958,101.321068
THA,TH-82,Phangnga,,province,,COD-AB,8.737988,98.418163
THA,TH-93,Phatthalung,,province,,COD-AB,7.497904,100.051367
THA,TH-56,Phayao,,province,,COD-AB,19.271878,100.154883
THA,TH-67,Phetchabun,,province,,COD-AB,16.250346,101.040202
THA,TH-76,Phetchaburi,Phetchaburi Province,province,,COD-AB,12.953718,99.615381
THA,TH-66,Phichit,,province,,COD-AB,16.284037,100.342764
THA,TH-65,Phitsanulok,Phitsanulok Province,province,,COD-AB,17.032684,100.537025
THA,TH-14,Phra Nakhon Si Ayutthaya,"Ayutthaya, Nakhon Si Ayutthaya Province, Phra Nakhon Si Ayutthaya Province",province,,COD-AB,14.392122,100.536621
THA,TH-54,Phrae,,province,,COD-AB,18.262537,100.163846
THA,TH-83,Phuket,,province,,COD-AB,7.979388,98.335267
THA,TH-25,Prachin Buri,"Prachin Buri Province, Prachinburi, Prachinburi Province",province,,COD-AB,14.022866,101.577522
THA,TH-77,Prachuap Khiri Khan,"Prachuab Khiri Khan, Prachuap Khiri Khan Province",province,,COD-AB,11.801395,99.724015
THA,TH-85,Ranong,,province,,COD-AB,10.047253,98.757128
THA,TH-70,Ratchaburi,,province,,COD-AB,13.554985,99.611267
THA,TH-21,Rayong,,province,,COD-AB,12.873423,101.443425
THA,TH-45,Roi Et,,province,,COD-AB,15.939522,103.758198
THA,TH-27,Sa Kaeo,Sa Kaeo Province,province,,COD-AB,13.717038,102.278535
THA,TH-47,Sakon Nakhon,,province,,COD-AB,17.431793,103.658015
THA,TH-11,Samut Prakan,,province,,COD-AB,13.598327,100.719687
THA,TH-74,Samut Sakhon,,province,,COD-AB,13.575014,100.213503
THA,TH-75,Samut Songkhram,,province,,COD-AB,13.379253,99.953098
THA,TH-19,Saraburi,Saraburi Province,province,,COD-AB,14.658906,100.918666
THA,TH-91,Satun,,province,,COD-AB,6.813249,99.996332
THA,TH-33,Si Sa Ket,Sisaket,province,,COD-AB,14.956224,104.326110
THA,TH-17,Sing Buri,Singburi,province,,COD-AB,14.920767,100.304135
THA,TH-90,Songkhla,,province,,COD-AB,7.115431,100.365971
THA,TH-64,Sukhothai,,province,,COD-AB,17.253066,99.708669
THA,TH-72,Suphan Buri,"Suphan Buri Province, Suphanburi",province,,COD-AB,14.573158,100.003071
THA,TH-84,Surat Thani,Surat Thani Province,province,,COD-AB,9.016893,99.113719
THA,TH-32,Surin,,province,,COD-AB,14.905524,103.668123
THA,TH-63,Tak,Tak Province,province,,COD-AB,16.528607,98.891335
THA,TH-92,Trang,,province,,COD-AB,7.563567,99.557408
THA,TH-23,Trat,Trat Province,province,,COD-AB,12.204207,102.430175
THA,TH-34,Ubon Ratchathani,"Ubon Ratchatani, Ubon Ratchathani Province",province,,COD-AB,15.155828,105.102315
THA,TH-41,Udon Thani,,province,,COD-AB,17.445809,102.832603
THA,TH-61,Uthai Thani,,province,,COD-AB,15.370606,99.559342
THA,TH-53,Uttaradit,Uttaradit Province,province,,COD-AB,17.761230,100.445432
THA,TH-95,Yala,Yala Province,province,,COD-AB,6.148384,101.236604
THA,TH-35,Yasothon,,province,,COD-AB,15.819731,104.273763
TJK,TJ-RA,Districts under Central Government Jurisdiction,"Districts of Republican Subordination, Region of Republican Subordination, nohiyahoi tobei jumhurí, Districts under Republican Subordination",districts under republic administration,2020-11-24,GADM,38.722851,69.019977
TJK,TJ-DU,Dushanbe,,capital territory,2020-11-24,GADM,38.569275,68.763803
TJK,TJ-KT,Khatlon,"Khatlon Province, Khatlon Region",region,2020-11-24,GADM,37.839604,69.387775
TJK,TJ-GB,Kŭhistoni Badakhshon,Gorno-Badakhshan Autonomous Province,autonomous region,2020-11-24,GADM,38.083866,73.071912
TJK,TJ-SU,Sughd,"Sughd Province, Sughd Region",region,2020-11-24,GADM,39.962817,69.105166
TKM,TM-A,Ahal,,region,,GADM,37.825338,59.728371
TKM,TM-S,Aşgabat,,city,,GADM,37.951951,58.234232
TKM,TM-B,Balkan,,region,,GADM,39.871540,55.314597
TKM,TM-D,Daşoguz,Dasoguz,region,,GADM,41.109049,58.712650
TKM,TM-L,Lebap,,region,,GADM,39.087653,62.761230
TKM,TM-M,Mary,Mari,region,,GADM,37.303899,62.253055
TLS,TL-AL,Aileu,,municipality,,GADM,-8.704768,125.662224
TLS,TL-AN,Ainaro,,municipality,,GADM,-8.991106,125.508786
TLS,TL-BA,Baucau,,municipality,,GADM,-8.558254,126.476880
TLS,TL-BO,Bobonaro,,municipality,,GADM,-8.974805,125.230535
TLS,TL-CO,Cova Lima,,municipality,,GADM,-9.233585,125.234432
TLS,TL-DI,Díli,,municipality,,GADM,-8.556303,125.643614
TLS,TL-ER,Ermera,,municipality,,GADM,-8.817192,125.382942
TLS,TL-LA,Lautém,,municipality,,GADM,-8.541392,126.958766
TLS,TL-LI,Liquiça,,municipality,,GADM,-8.654687,125.274846
TLS,TL-MT,Manatuto,,municipality,,GADM,-8.766038,125.934116
TLS,TL-MF,Manufahi,,municipality,,GADM,-8.966854,125.781345
TLS,TL-OE,Oé-Cusse Ambeno,Oecussi,special administrative region,,GADM,-9.335756,124.230260
TLS,TL-VI,Viqueque,,municipality,,GADM,-8.791226,126.339142
TON,TO-01,Eua,,division,,GADM,-21.369863,-174.938752
TON,TO-02,Ha'apai,,division,,GADM,-19.747627,-175.068135
TON,TO-03,Niuas,,division,,GADM,-15.956527,-173.783160
TON,TO-04,Tongatapu,,division,,GADM,-21.167915,-175.273613
TON,TO-05,Vava'u,,division,,GADM,-15.603225,-175.640605
TTO,TT-ARI,Arima,,borough,2020-11-24,GADM,10.629686,-61.279691
TTO,TT-CHA,Chaguanas,,borough,2020-11-24,GADM,10.533194,-61.418269
TTO,TT-CTT,Couva-Tabaquite-Talparo,Couva,region,2020-11-24,GADM,10.449195,-61.342001
TTO,TT-DMN,Diego Martin,,region,2020-11-24,GADM,10.713872,-61.579585
TTO,TT-MRC,Mayaro-Rio Claro,,region,2020-11-24,GADM,10.265888,-61.091232
TTO,TT-PED,Penal-Debe,Penal–Debe,region,2020-11-24,GADM,10.164211,-61.425640
TTO,TT-PTF,Point Fortin,,borough,2020-11-24,GADM,10.177509,-61.669779
TTO,TT-POS,Port of Spain,,city,2020-11-24,GADM,10.660712,-61.516655
TTO,TT-PRT,Princes Town,,region,2020-11-24,GADM,10.206427,-61.278160
TTO,TT-SFO,San Fernando,,city,2020-11-24,GADM,10.280220,-61.454739
TTO,TT-SJL,San Juan-Laventille,,region,2020-11-24,GADM,10.677055,-61.471802
TTO,TT-SGE,Sangre Grande,,region,2020-11-24,GADM,10.638494,-61.117733
TTO,TT-SIP,Siparia,,region,2020-11-24,GADM,10.147500,-61.575415
TTO,TT-TOB,Tobago,,ward,2020-11-24,GADM,11.240555,-60.670973
TTO,TT-TUP,Tunapuna-Piarco,Tunapuna,region,2020-11-24,GADM,10.687362,-61.319928
TUN,TN-31,Béja,Béja Governorate,governorate,2020-11-24,GADM,36.770081,9.189257
TUN,TN-13,Ben Arous,Ben Arous Governorate,governorate,2020-11-24,GADM,36.636517,10.167482
TUN,TN-23,Bizerte,"Bizerte Governorate, Bizerte governorate, Bizerete Governorate",governorate,2020-11-24,GADM,37.045313,9.624571
TUN,TN-81,Gabès,Gabes,governorate,2020-11-24,GADM,33.803610,9.765396
TUN,TN-71,Gafsa,,governorate,2020-11-24,GADM,34.430359,8.852561
TUN,TN-32,Jendouba,,governorate,2020-11-24,GADM,36.694424,8.757207
TUN,TN-41,Kairouan,,governorate,2020-11-24,GADM,35.600510,9.847226
TUN,TN-42,Kasserine,Kasserine Governorate,governorate,2020-11-24,GADM,35.220844,8.864959
TUN,TN-73,Kébili,,governorate,2020-11-24,GADM,33.373013,8.702761
TUN,TN-12,L'Ariana,,governorate,2020-11-24,GADM,36.981667,10.101750
TUN,TN-14,La Manouba,Manouba,governorate,2020-11-24,GADM,36.786665,9.807594
TUN,TN-33,Le Kef,Kef Governorate,governorate,2020-11-24,GADM,36.048633,8.724570
TUN,TN-53,Mahdia,,governorate,2020-11-24,GADM,35.352423,10.606542
TUN,TN-82,Médenine,Medenine,governorate,2020-11-24,GADM,32.984355,11.279272
TUN,TN-52,Monastir,,governorate,2020-11-24,GADM,35.632223,10.814662
TUN,TN-21,Nabeul,,governorate,2020-11-24,GADM,36.727222,10.740278
TUN,TN-61,Sfax,,governorate,2020-11-24,GADM,34.730278,10.327137
TUN,TN-43,Sidi Bouzid,,governorate,2020-11-24,GADM,34.898031,9.524183
TUN,TN-34,Siliana,,governorate,2020-11-24,GADM,35.982966,9.347829
TUN,TN-51,Sousse,,governorate,2020-11-24,GADM,35.919443,10.391157
TUN,TN-83,Tataouine,,governorate,2020-11-24,GADM,31.767388,9.859369
TUN,TN-72,Tozeur,Tozeur Governorate,governorate,2020-11-24,GADM,33.974549,8.068592
TUN,TN-11,Tunis,,governorate,2020-11-24,GADM,36.838057,10.160123
TUN,TN-22,Zaghouan,,governorate,2020-11-24,GADM,36.354748,10.039560
TUR,TR-01,Adana,,province,2022-07-11,GADM,37.509243,35.420881
TUR,TR-02,Adıyaman,Adiyaman,province,2022-07-11,GADM,37.819769,38.281027
TUR,TR-03,Afyonkarahisar,Afyon,province,2022-07-11,GADM,38.528179,30.629394
TUR,TR-04,Ağrı,,province,2022-07-11,GADM,39.528530,43.472056
TUR,TR-68,Aksaray,,province,2022-07-11,GADM,38.470387,33.845825
TUR,TR-05,Amasya,,province,2022-07-11,GADM,40.641663,35.895562
TUR,TR-06,Ankara,,province,2022-07-11,GADM,39.676855,32.603697
TUR,TR-07,Antalya,ANTALYA,province,2022-07-11,GADM,36.761073,31.935520
TUR,TR-75,Ardahan,,province,2022-07-11,GADM,41.124789,42.855550
TUR,TR-08,Artvin,,province,2022-07-11,GADM,41.047997,41.872375
TUR,TR-09,Aydın,"Aydin, Aydin Province, Aydın Province, aydin",province,2022-07-11,GADM,37.726389,28.052996
TUR,TR-10,Balıkesir,Balikesir,province,2022-07-11,GADM,39.788799,27.893609
TUR,TR-74,Bartın,Bartin,province,2022-07-11,GADM,41.537056,32.456073
TUR,TR-72,Batman,,province,2022-07-11,GADM,38.049240,41.398524
TUR,TR-69,Bayburt,,province,2022-07-11,GADM,40.233778,40.262098
TUR,TR-11,Bilecik,,province,2022-07-11,GADM,40.106751,30.128289
TUR,TR-12,Bingöl,Bingol,province,2022-07-11,GADM,39.018835,40.771769
TUR,TR-13,Bitlis,,province,2022-07-11,GADM,38.555367,42.224222
TUR,TR-14,Bolu,,province,2022-07-11,GADM,40.599479,31.698832
TUR,TR-15,Burdur,,province,2022-07-11,GADM,37.377319,30.236777
TUR,TR-16,Bursa,,province,2022-07-11,GADM,40.081419,28.917945
TUR,TR-17,Çanakkale,,province,2022-07-11,GADM,39.965836,26.827644
TUR,TR-18,Çankırı,,province,2022-07-11,GADM,40.679749,33.380604
TUR,TR-19,Çorum,Corum,province,2022-07-11,GADM,40.607134,34.753715
TUR,TR-20,Denizli,,province,2022-07-11,GADM,37.670605,29.268233
TUR,TR-21,Diyarbakır,,province,2022-07-11,GADM,38.140789,40.233059
TUR,TR-81,Düzce,,province,2022-07-11,GADM,40.890894,31.267234
TUR,TR-22,Edirne,,province,2022-07-11,GADM,41.298603,26.682895
TUR,TR-23,Elazığ,,province,2022-07-11,GADM,38.769102,39.952782
TUR,TR-24,Erzincan,,province,2022-07-11,GADM,39.539703,39.094742
TUR,TR-25,Erzurum,,province,2022-07-11,GADM,40.076937,41.519676
TUR,TR-26,Eskişehir,Eskisehir,province,2022-07-11,GADM,39.625122,31.019345
TUR,TR-27,Gaziantep,Gaziantip,province,2022-07-11,GADM,37.098961,37.195422
TUR,TR-28,Giresun,,province,2022-07-11,GADM,40.566252,38.490826
TUR,TR-29,Gümüşhane,,province,2022-07-11,GADM,40.325069,39.441634
TUR,TR-30,Hakkâri,Hakkari,province,2022-07-11,GADM,37.367270,44.089828
TUR,TR-31,Hatay,,province,2022-07-11,GADM,36.422916,36.238824
TUR,TR-76,Iğdır,,province,2022-07-11,GADM,39.924019,43.961141
TUR,TR-32,Isparta,,province,2022-07-11,GADM,37.931940,30.814884
TUR,TR-34,İstanbul,Istanbul,province,2022-07-11,GADM,41.251665,28.569601
TUR,TR-35,İzmir,Izmir,province,2022-07-11,GADM,38.660000,26.993732
TUR,TR-46,Kahramanmaraş,"KAHRAMANMARAŞ, Kahramanmaras",province,2022-07-11,GADM,37.925202,36.984675
TUR,TR-78,Karabük,,province,2022-07-11,GADM,41.196697,32.563427
TUR,TR-70,Karaman,,province,2022-07-11,GADM,37.021002,33.074263
TUR,TR-36,Kars,,province,2022-07-11,GADM,40.561358,43.103442
TUR,TR-37,Kastamonu,,province,2022-07-11,GADM,41.439877,33.743907
TUR,TR-38,Kayseri,,province,2022-07-11,GADM,38.610479,35.903149
TUR,TR-79,Kilis,,province,2022-07-11,GADM,36.816494,37.073051
TUR,TR-71,Kırıkkale,,province,2022-07-11,GADM,39.722855,33.636694
TUR,TR-39,Kırklareli,"Kirklareli, Kırklareli Province",province,2022-07-11,GADM,41.664660,27.505833
TUR,TR-40,Kırşehir,Kirsehir,province,2022-07-11,GADM,39.302414,34.128700
TUR,TR-41,Kocaeli,,province,2022-07-11,GADM,40.883646,29.857879
TUR,TR-42,Konya,,province,2022-07-11,GADM,38.024796,32.416503
TUR,TR-43,Kütahya,Kutahya,province,2022-07-11,GADM,39.320147,29.606211
TUR,TR-44,Malatya,,province,2022-07-11,GADM,38.477526,37.808746
TUR,TR-45,Manisa,,province,2022-07-11,GADM,38.759214,28.116204
TUR,TR-47,Mardin,,province,2022-07-11,GADM,37.351647,40.859498
TUR,TR-33,Mersin,Mersin Province,province,2022-07-11,GADM,36.709166,33.745174
TUR,TR-48,Muğla,Mugla,province,2022-07-11,GADM,36.946669,28.657588
TUR,TR-49,Muş,,province,2022-07-11,GADM,39.003113,42.000063
TUR,TR-50,Nevşehir,,province,2022-07-11,GADM,38.922825,34.729178
TUR,TR-51,Niğde,,province,2022-07-11,GADM,37.894821,34.743805
TUR,TR-52,Ordu,,province,2022-07-11,GADM,40.736857,37.475534
TUR,TR-80,Osmaniye,,province,2022-07-11,GADM,37.300057,36.287713
TUR,TR-53,Rize,,province,2022-07-11,GADM,40.921799,40.829190
TUR,TR-54,Sakarya,,province,2022-07-11,GADM,40.759754,30.618020
TUR,TR-55,Samsun,,province,2022-07-11,GADM,41.290445,35.879677
TUR,TR-63,Şanlıurfa,Şanliurfa,province,2022-07-11,GADM,37.349854,38.939037
TUR,TR-56,Siirt,,province,2022-07-11,GADM,37.952944,42.227238
TUR,TR-57,Sinop,Sinop Province,province,2022-07-11,GADM,41.648333,35.033221
TUR,TR-58,Sivas,,province,2022-07-11,GADM,39.552389,37.214014
TUR,TR-73,Şırnak,,province,2022-07-11,GADM,37.495682,42.651306
TUR,TR-59,Tekirdağ,Tekirdag,province,2022-07-11,GADM,41.086846,27.430633
TUR,TR-60,Tokat,,province,2022-07-11,GADM,40.423929,36.695588
TUR,TR-61,Trabzon,,province,2022-07-11,GADM,40.809418,39.808138
TUR,TR-62,Tunceli,,province,2022-07-11,GADM,39.153006,39.399102
TUR,TR-64,Uşak,,province,2022-07-11,GADM,38.541458,29.325402
TUR,TR-65,Van,,province,2022-07-11,GADM,38.521999,43.608609
TUR,TR-77,Yalova,,province,2022-07-11,GADM,40.579027,29.117992
TUR,TR-66,Yozgat,,province,2022-07-11,GADM,39.618084,35.336220
TUR,TR-67,Zonguldak,,province,2022-07-11,GADM,41.291111,31.855200
TUV,TV-FUN,Funafuti,,town council,,GADM,-8.426081,179.120117
TUV,TV-NMG,Nanumaga,,island council,,GADM,-6.288333,176.320274
TUV,TV-NMA,Nanumea,,island council,,GADM,-5.647916,176.068382
TUV,TV-NIT,Niutao,,island council,,GADM,-6.108831,177.343051
TUV,TV-NUI,Nui,,island council,,GADM,-7.220973,177.163055
TUV,TV-NKF,Nukufetau,,island council,,GADM,-8.031609,178.312025
TUV,TV-NKL,Nukulaelae,,island council,,GADM,-9.432588,179.856589
TUV,TV-VAI,Vaitupu,,island council,,GADM,-7.478752,178.675769
TWN,TW-CHA,Changhua,Changhua County,county,2020-11-24,WOF,23.985100,120.486598
TWN,TW-CYQ,Chiayi,Chiayi County,county,2020-11-24,WOF,23.432604,120.508415
TWN,TW-CYI,Chiayi City,,city,2020-11-24,WOF,23.481823,120.438837
TWN,TW-HSQ,Hsinchu,Hsinchu County,county,2020-11-24,WOF,24.685574,121.134377
TWN,TW-HSZ,Hsinchu City,,city,2020-11-24,WOF,24.782312,120.966011
TWN,TW-HUA,Hualien,Hualien County,county,2020-11-24,WOF,23.733772,121.393598
TWN,TW-KHH,Kaohsiung,,special municipality,2020-11-24,WOF,22.987796,120.651373
TWN,TW-KEE,Keelung,,city,2020-11-24,WOF,25.112473,121.704923
TWN,TW-KIN,Kinmen,,county,2020-11-24,WOF,24.458731,118.377545
TWN,TW-LIE,Lienchiang,,county,2020-11-24,WOF,26.155545,119.936779
TWN,TW-MIA,Miaoli,Miaoli County,county,2020-11-24,WOF,24.518840,120.865958
TWN,TW-NAN,Nantou,,county,2020-11-24,WOF,23.836840,120.939507
TWN,TW-NWT,New Taipei,,special municipality,2020-11-24,WOF,24.981706,121.766820
TWN,TW-PEN,Penghu,Penghu County,county,2020-11-24,WOF,23.563015,119.601647
TWN,TW-PIF,Pingtung,Pingtung County,county,2020-11-24,WOF,22.396886,120.650520
TWN,TW-TXG,Taichung,"Taichung City, Taichung County",special municipality,2020-11-24,WOF,24.233065,120.862677
TWN,TW-TNN,Tainan,Tainan County,special municipality,2020-11-24,WOF,23.158835,120.335293
TWN,TW-TPE,Taipei,,special municipality,2020-11-24,WOF,25.093198,121.558204
TWN,TW-TTT,Taitung,,county,2020-11-24,WOF,22.839155,121.026798
TWN,TW-TAO,Taoyuan,Taoyuan City,special municipality,2020-11-24,WOF,24.863057,121.254663
TWN,TW-ILA,Yilan,,county,2020-11-24,WOF,24.654487,121.634355
TWN,TW-YUN,Yunlin,Yunlin County,county,2020-11-24,WOF,23.676908,120.401145
TZA,TZ-01,Arusha,,region,,GADM,-2.922905,36.093219
TZA,TZ-19,Coast,"Pwani, Pwani Region",region,,GADM,-7.180947,38.933315
TZA,TZ-02,Dar es Salaam,,region,,GADM,-6.877409,39.298247
TZA,TZ-03,Dodoma,,region,,GADM,-5.848844,35.959923
TZA,TZ-27,Geita,,region,,GADM,-3.322307,31.839124
TZA,TZ-04,Iringa,Iringa Region,region,,GADM,-7.967128,35.794168
TZA,TZ-05,Kagera,,region,,GADM,-2.174979,31.348679
TZA,TZ-28,Katavi,,region,,GADM,-6.456699,31.510764
TZA,TZ-08,Kigoma,Kigoma Region,region,,GADM,-4.799220,30.364317
TZA,TZ-09,Kilimanjaro,,region,,GADM,-3.733594,37.645717
TZA,TZ-12,Lindi,,region,,GADM,-9.338333,38.475720
TZA,TZ-26,Manyara,,region,,GADM,-4.703954,37.144823
TZA,TZ-13,Mara,,region,,GADM,-1.747398,34.353962
TZA,TZ-14,Mbeya,Mbeya Region,region,,GADM,-8.293232,33.982704
TZA,TZ-16,Morogoro,Morogoro Region,region,,GADM,-7.868809,37.309773
TZA,TZ-17,Mtwara,,region,,GADM,-10.769771,39.048766
TZA,TZ-18,Mwanza,,region,,GADM,-2.443456,32.741283
TZA,TZ-29,Njombe,Njombe Region,region,,GADM,-9.604895,34.770329
TZA,TZ-06,Pemba North,,region,,GADM,-5.035555,39.759167
TZA,TZ-10,Pemba South,,region,,GADM,-5.317478,39.745427
TZA,TZ-20,Rukwa,,region,,GADM,-7.984403,31.493914
TZA,TZ-21,Ruvuma,,region,,GADM,-10.500636,36.177309
TZA,TZ-22,Shinyanga,,region,,GADM,-3.762490,33.232130
TZA,TZ-30,Simiyu,,region,,GADM,-3.135118,34.185062
TZA,TZ-23,Singida,Singida Region,region,,GADM,-5.672957,34.692611
TZA,TZ-31,Songwe,,region,,GADM,-8.279649,32.693586
TZA,TZ-24,Tabora,,region,,GADM,-5.431040,32.688654
TZA,TZ-25,Tanga,,region,,GADM,-5.067221,38.293482
TZA,TZ-07,Zanzibar North,,region,,GADM,-5.881944,39.292362
TZA,TZ-11,Zanzibar South,,region,,GADM,-6.251112,39.427361
TZA,TZ-15,Zanzibar West,,region,,GADM,-6.175889,39.235721
UGA,UG-314,Abim,,district,2020-11-24,COD-AB,2.746219,33.726200
UGA,UG-301,Adjumani,,district,2020-11-24,COD-AB,3.235163,31.786637
UGA,UG-322,Agago,,district,2020-11-24,COD-AB,2.944957,33.386863
UGA,UG-323,Alebtong,,district,2020-11-24,COD-AB,2.266426,33.325393
UGA,UG-315,Amolatar,,district,2020-11-24,COD-AB,1.635690,32.633043
UGA,UG-324,Amudat,,district,2020-11-24,COD-AB,1.824823,34.930374
UGA,UG-216,Amuria,,district,2020-11-24,COD-AB,1.980771,33.658200
UGA,UG-316,Amuru,,district,2020-11-24,COD-AB,3.127510,32.104543
UGA,UG-302,Apac,,district,2020-11-24,COD-AB,1.931262,32.502488
UGA,UG-303,Arua,,district,2020-11-24,COD-AB,2.997659,31.015188
UGA,UG-217,Budaka,,district,2020-11-24,COD-AB,1.064287,34.005085
UGA,UG-218,Bududa,,district,2020-11-24,COD-AB,1.026200,34.390654
UGA,UG-201,Bugiri,,district,2020-11-24,COD-AB,0.518767,33.773168
UGA,UG-235,Bugweri,,district,2020-11-24,COD-AB,0.622056,33.615743
UGA,UG-420,Buhweju,,district,2020-11-24,COD-AB,-0.323024,30.348089
UGA,UG-117,Buikwe,,district,2020-11-24,COD-AB,0.301637,33.038753
UGA,UG-219,Bukedea,,district,2020-11-24,COD-AB,1.369329,34.142039
UGA,UG-118,Bukomansibi,,district,2020-11-24,COD-AB,-0.128473,31.623712
UGA,UG-220,Bukwo,,district,2020-11-24,COD-AB,1.269617,34.698050
UGA,UG-225,Bulambuli,,district,2020-11-24,COD-AB,1.348458,34.278657
UGA,UG-416,Buliisa,,district,2020-11-24,COD-AB,1.974013,31.383133
UGA,UG-401,Bundibugyo,,district,2020-11-24,COD-AB,0.647321,30.042094
UGA,UG-430,Bunyangabu,,district,2020-11-24,COD-AB,0.479797,30.201779
UGA,UG-402,Bushenyi,,district,2020-11-24,COD-AB,-0.475423,30.171007
UGA,UG-202,Busia,,district,2020-11-24,COD-AB,0.391207,34.015913
UGA,UG-221,Butaleja,,district,2020-11-24,COD-AB,0.865798,33.885074
UGA,UG-119,Butambala,,district,2020-11-24,COD-AB,0.161658,32.136032
UGA,UG-233,Butebo,,district,2020-11-24,COD-AB,1.171709,34.059641
UGA,UG-120,Buvuma,,district,2020-11-24,COD-AB,-0.346607,33.198553
UGA,UG-226,Buyende,,district,2020-11-24,COD-AB,1.232795,33.176481
UGA,UG-317,Dokolo,,district,2020-11-24,COD-AB,1.907407,33.075816
UGA,UG-121,Gomba,,district,2020-11-24,COD-AB,0.202704,31.737435
UGA,UG-304,Gulu,,district,2020-11-24,COD-AB,3.018620,32.388478
UGA,UG-403,Hoima,,district,2020-11-24,COD-AB,1.563806,31.149457
UGA,UG-417,Ibanda,,district,2020-11-24,COD-AB,-0.061930,30.492240
UGA,UG-203,Iganga,,district,2020-11-24,COD-AB,0.722271,33.501585
UGA,UG-418,Isingiro,,district,2020-11-24,COD-AB,-0.839440,30.931211
UGA,UG-204,Jinja,,district,2020-11-24,COD-AB,0.543607,33.228754
UGA,UG-318,Kaabong,,district,2020-11-24,COD-AB,3.655067,34.209468
UGA,UG-404,Kabale,,district,2020-11-24,COD-AB,-1.335967,30.036572
UGA,UG-405,Kabarole,,district,2020-11-24,COD-AB,0.621332,30.268038
UGA,UG-213,Kaberamaido,,district,2020-11-24,COD-AB,1.685270,33.117162
UGA,UG-427,Kagadi,,district,2020-11-24,COD-AB,1.019900,30.832249
UGA,UG-428,Kakumiro,,district,2020-11-24,COD-AB,0.960855,31.290862
UGA,UG-237,Kalaki,,district,2020-11-24,COD-AB,1.829564,33.356453
UGA,UG-101,Kalangala,,district,2020-11-24,COD-AB,-0.571871,32.438102
UGA,UG-222,Kaliro,,district,2020-11-24,COD-AB,1.079841,33.482192
UGA,UG-122,Kalungu,,district,2020-11-24,COD-AB,-0.099728,31.814620
UGA,UG-102,Kampala,,city,2020-11-24,COD-AB,0.310067,32.586901
UGA,UG-205,Kamuli,,district,2020-11-24,COD-AB,0.939846,33.127864
UGA,UG-413,Kamwenge,,district,2020-11-24,COD-AB,0.334436,30.613537
UGA,UG-414,Kanungu,,district,2020-11-24,COD-AB,-0.707807,29.714116
UGA,UG-206,Kapchorwa,,district,2020-11-24,COD-AB,1.328326,34.407022
UGA,UG-236,Kapelebyong,,district,2020-11-24,COD-AB,2.195377,33.777320
UGA,UG-335,Karenga,,district,2020-11-24,COD-AB,3.710285,33.768982
UGA,UG-126,Kasanda,,district,2020-11-24,COD-AB,0.530584,31.762909
UGA,UG-406,Kasese,,district,2020-11-24,COD-AB,0.135686,30.008394
UGA,UG-207,Katakwi,,district,2020-11-24,COD-AB,1.970610,34.057504
UGA,UG-112,Kayunga,,district,2020-11-24,COD-AB,0.989765,32.862291
UGA,UG-433,Kazo,,district,2020-11-24,COD-AB,0.023641,30.752427
UGA,UG-407,Kibaale,,district,2020-11-24,COD-AB,0.820976,31.026655
UGA,UG-103,Kiboga,,district,2020-11-24,COD-AB,0.854898,31.929349
UGA,UG-227,Kibuku,,district,2020-11-24,COD-AB,1.055452,33.805679
UGA,UG-432,Kikuube,,district,2020-11-24,COD-AB,1.308385,31.001090
UGA,UG-419,Kiruhura,,district,2020-11-24,COD-AB,-0.326982,30.873089
UGA,UG-421,Kiryandongo,,district,2020-11-24,COD-AB,1.991014,32.050567
UGA,UG-408,Kisoro,,district,2020-11-24,COD-AB,-1.197863,29.668534
UGA,UG-434,Kitagwenda,,district,2020-11-24,COD-AB,0.013776,30.324288
UGA,UG-305,Kitgum,,district,2020-11-24,COD-AB,3.417574,33.318471
UGA,UG-319,Koboko,,district,2020-11-24,COD-AB,3.532839,30.985109
UGA,UG-325,Kole,,district,2020-11-24,COD-AB,2.298856,32.738798
UGA,UG-306,Kotido,,district,2020-11-24,COD-AB,2.989243,34.034537
UGA,UG-208,Kumi,,district,2020-11-24,COD-AB,1.455605,33.925050
UGA,UG-333,Kwania,,district,2020-11-24,COD-AB,1.900553,32.774199
UGA,UG-228,Kween,,district,2020-11-24,COD-AB,1.350733,34.560994
UGA,UG-123,Kyankwanzi,,district,2020-11-24,COD-AB,1.090648,31.682118
UGA,UG-422,Kyegegwa,,district,2020-11-24,COD-AB,0.478219,31.000576
UGA,UG-415,Kyenjojo,,district,2020-11-24,COD-AB,0.642676,30.658677
UGA,UG-125,Kyotera,,district,2020-11-24,COD-AB,-0.716824,31.620666
UGA,UG-326,Lamwo,,district,2020-11-24,COD-AB,3.521192,32.622808
UGA,UG-307,Lira,,district,2020-11-24,COD-AB,2.332033,32.950148
UGA,UG-229,Luuka,,district,2020-11-24,COD-AB,0.818417,33.327621
UGA,UG-104,Luwero,,district,2020-11-24,COD-AB,0.845691,32.602936
UGA,UG-124,Lwengo,,district,2020-11-24,COD-AB,-0.446941,31.399814
UGA,UG-114,Lyantonde,,district,2020-11-24,COD-AB,-0.262331,31.184368
UGA,UG-336,Madi-Okollo,,district,2020-11-24,COD-AB,2.866923,31.238352
UGA,UG-223,Manafwa,,district,2020-11-24,COD-AB,0.882602,34.269787
UGA,UG-320,Maracha,,district,2020-11-24,COD-AB,3.243662,30.926131
UGA,UG-105,Masaka,,district,2020-11-24,COD-AB,-0.486166,31.832509
UGA,UG-409,Masindi,,district,2020-11-24,COD-AB,1.812097,31.737279
UGA,UG-214,Mayuge,,district,2020-11-24,COD-AB,-0.193130,33.590446
UGA,UG-209,Mbale,,district,2020-11-24,COD-AB,1.001917,34.196970
UGA,UG-410,Mbarara,,district,2020-11-24,COD-AB,-0.487474,30.627567
UGA,UG-423,Mitooma,,district,2020-11-24,COD-AB,-0.609149,30.007755
UGA,UG-115,Mityana,,district,2020-11-24,COD-AB,0.453283,32.077582
UGA,UG-308,Moroto,,district,2020-11-24,COD-AB,2.613397,34.640758
UGA,UG-309,Moyo,,district,2020-11-24,COD-AB,3.665309,31.746580
UGA,UG-106,Mpigi,,district,2020-11-24,COD-AB,0.126145,32.254266
UGA,UG-107,Mubende,,district,2020-11-24,COD-AB,0.514000,31.411470
UGA,UG-108,Mukono,,district,2020-11-24,COD-AB,0.351234,32.774864
UGA,UG-334,Nabilatuk,,district,2020-11-24,COD-AB,2.038124,34.585665
UGA,UG-311,Nakapiripirit,,district,2020-11-24,COD-AB,1.847090,34.638762
UGA,UG-116,Nakaseke,,district,2020-11-24,COD-AB,1.000198,32.176613
UGA,UG-109,Nakasongola,,district,2020-11-24,COD-AB,1.315739,32.490800
UGA,UG-230,Namayingo,,district,2020-11-24,COD-AB,-0.269926,33.813673
UGA,UG-234,Namisindwa,,district,2020-11-24,COD-AB,0.863577,34.383813
UGA,UG-224,Namutumba,,district,2020-11-24,COD-AB,0.886814,33.666402
UGA,UG-327,Napak,,district,2020-11-24,COD-AB,2.395213,34.260563
UGA,UG-310,Nebbi,,district,2020-11-24,COD-AB,2.432661,31.162655
UGA,UG-231,Ngora,,district,2020-11-24,COD-AB,1.496159,33.773679
UGA,UG-424,Ntoroko,,district,2020-11-24,COD-AB,0.989963,30.387189
UGA,UG-411,Ntungamo,,district,2020-11-24,COD-AB,-0.956453,30.300004
UGA,UG-328,Nwoya,,district,2020-11-24,COD-AB,2.525748,31.871545
UGA,UG-337,Obongi,,district,2020-11-24,COD-AB,3.363664,31.537178
UGA,UG-331,Omoro,,district,2020-11-24,COD-AB,2.644603,32.498390
UGA,UG-329,Otuke,,district,2020-11-24,COD-AB,2.476273,33.382707
UGA,UG-321,Oyam,,district,2020-11-24,COD-AB,2.346114,32.424083
UGA,UG-312,Pader,,district,2020-11-24,COD-AB,2.886778,32.912694
UGA,UG-332,Pakwach,,district,2020-11-24,COD-AB,2.464871,31.395542
UGA,UG-210,Pallisa,,district,2020-11-24,COD-AB,1.217492,33.691294
UGA,UG-110,Rakai,,district,2020-11-24,COD-AB,-0.727322,31.338911
UGA,UG-429,Rubanda,,district,2020-11-24,COD-AB,-1.174519,29.900119
UGA,UG-425,Rubirizi,,district,2020-11-24,COD-AB,-0.261440,29.951702
UGA,UG-431,Rukiga,,district,2020-11-24,COD-AB,-1.146832,30.054593
UGA,UG-412,Rukungiri,,district,2020-11-24,COD-AB,-0.698964,29.890731
UGA,UG-435,Rwampara,,district,2020-11-24,COD-AB,-0.734864,30.460781
UGA,UG-111,Sembabule,,district,2020-11-24,COD-AB,-0.055279,31.374130
UGA,UG-232,Serere,,district,2020-11-24,COD-AB,1.492019,33.358521
UGA,UG-426,Sheema,,district,2020-11-24,COD-AB,-0.594637,30.372692
UGA,UG-215,Sironko,,district,2020-11-24,COD-AB,1.188007,34.291861
UGA,UG-211,Soroti,,district,2020-11-24,COD-AB,1.787906,33.606816
UGA,UG-212,Tororo,,district,2020-11-24,COD-AB,0.738820,34.102959
UGA,UG-113,Wakiso,,district,2020-11-24,COD-AB,0.215671,32.513728
UGA,UG-313,Yumbe,,district,2020-11-24,COD-AB,3.488343,31.284955
UGA,UG-330,Zombo,,district,2020-11-24,COD-AB,2.520290,30.875314
UKR,UA-43,Avtonomna Respublika Krym,"Autonomous Republic of Crimea, Crimea",republic,,GADM,45.297499,34.254305
UKR,UA-71,Cherkaska,"Cherkasy, Cherkasy Oblast",region,,GADM,49.343906,31.694045
UKR,UA-74,Chernihivska,"Chernihiv, Chernihiv Oblast",region,,GADM,51.360029,31.853346
UKR,UA-77,Chernivetska,Chernivtsi Oblast,region,,GADM,48.203165,25.780864
UKR,UA-12,Dnipropetrovska,"Dnipropetrovsk, Dnipropetrovsk Oblast, Dnepropetrovsk",region,,GADM,48.303862,35.157647
UKR,UA-14,Donetska,"Donestk Region, Donetsk, Donetsk Oblast, Donetsk region",region,,GADM,48.076452,37.841263
UKR,UA-26,Ivano-Frankivska,"Ivano-Frankivsk, Ivano-Frankivsk Oblast",region,,GADM,48.644646,24.636127
UKR,UA-63,Kharkivska,"Kharkiv, Kharkiv Oblast",region,,GADM,49.501700,36.689030
UKR,UA-65,Khersonska,"Kherson Oblast, Kherson oblast, Kherson region",region,,GADM,46.746437,33.485818
UKR,UA-68,Khmelnytska,"Khmelnitsky Oblast, Khmelnytskyi Oblast",region,,GADM,49.534493,26.977008
UKR,UA-35,Kirovohradska,Kirovohrad Oblast,region,,GADM,48.489115,31.834641
UKR,UA-30,Kyiv,,city,,GADM,50.411480,30.500386
UKR,UA-32,Kyivska,Kyiv Oblast,region,,GADM,50.372643,31.440503
UKR,UA-09,Luhanska,"Luhansk, Luhansk Oblast",region,,GADM,48.963799,38.889615
UKR,UA-46,Lvivska,Lviv Oblast,region,,GADM,49.701001,23.901131
UKR,UA-48,Mykolaivska,"Mykolaiv, Mykolaiv Oblast, Mykolaiv Region, Mykolaiv region",region,,GADM,47.419121,31.961383
UKR,UA-51,Odeska,"Odesa, Odesa Oblast, Odesa region, Odessa, Odessa Oblast",region,,GADM,46.752825,30.588945
UKR,UA-53,Poltavska,"Poltava, Poltava Oblast",region,,GADM,49.631546,34.098313
UKR,UA-56,Rivnenska,Rivne Oblast,region,,GADM,50.994812,26.649938
UKR,UA-40,Sevastopol,,city,,GADM,44.614168,33.667631
UKR,UA-59,Sumska,"Sumy, Sumy Oblast",region,,GADM,51.244398,33.699292
UKR,UA-61,Ternopilska,Ternopil Oblast,region,,GADM,49.399344,25.488011
UKR,UA-05,Vinnytska,"Vinnytsia, Vinnytsia Oblast",region,,GADM,48.989977,28.546287
UKR,UA-07,Volynska,,region,,GADM,51.145550,24.937155
UKR,UA-21,Zakarpatska,Zakarpattia Oblast,region,,GADM,48.500360,23.028409
UKR,UA-23,Zaporizka,"Zaporizhia, Zaporizhia Oblast, Zaporizhya region, Zaporizhzhia, Zaporizhzhia Oblast",region,,GADM,47.104889,35.759233
UKR,UA-18,Zhytomyrska,Zhytomyr Oblast,region,,GADM,50.654648,28.358878
UMI,UM-81,Baker Island,,"islands, groups of islands",2020-11-24,GADM,0.195523,-176.477467
UMI,UM-84,Howland Island,,"islands, groups of islands",2020-11-24,GADM,0.807362,-176.616875
UMI,UM-86,Jarvis Island,,"islands, groups of islands",2020-11-24,GADM,-0.380908,-160.018221
UMI,UM-67,Johnston Atoll,,"islands, groups of islands",2020-11-24,GADM,16.728791,-169.533857
UMI,UM-89,Kingman Reef,,"islands, groups of islands",2020-11-24,GADM,6.408751,-162.356390
UMI,UM-71,Midway Islands,,"islands, groups of islands",2020-11-24,GADM,28.207110,-177.375214
UMI,UM-76,Navassa Island,,"islands, groups of islands",2020-11-24,GADM,18.402499,-75.012638
UMI,UM-95,Palmyra Atoll,,"islands, groups of islands",2020-11-24,GADM,5.881805,-162.080831
UMI,UM-79,Wake Island,,"islands, groups of islands",2020-11-24,GADM,19.311251,166.625275
URY,UY-AR,Artigas,,department,,GADM,-30.585206,-57.073123
URY,UY-CA,Canelones,,department,,GADM,-34.543923,-55.973711
URY,UY-CL,Cerro Largo,,department,,GADM,-32.342781,-54.265490
URY,UY-CO,Colonia,,department,,GADM,-34.121135,-57.602873
URY,UY-DU,Durazno,,department,,GADM,-32.960174,-56.047393
URY,UY-FS,Flores,,department,,GADM,-33.553058,-56.874610
URY,UY-FD,Florida,,department,,GADM,-33.766235,-55.864690
URY,UY-LA,Lavalleja,,department,,GADM,-33.980053,-54.987529
URY,UY-MA,Maldonado,,department,,GADM,-34.453132,-54.778876
URY,UY-MO,Montevideo,Departamento de Montevideo,department,,GADM,-34.820096,-56.234799
URY,UY-PA,Paysandú,,department,,GADM,-32.026769,-57.215487
URY,UY-RN,Río Negro,,department,,GADM,-32.888641,-57.475728
URY,UY-RV,Rivera,,department,,GADM,-31.473812,-55.192478
URY,UY-RO,Rocha,,department,,GADM,-33.977250,-54.005129
URY,UY-SA,Salto,,department,,GADM,-31.307902,-57.066761
URY,UY-SJ,San José,,department,,GADM,-34.310271,-56.755625
URY,UY-SO,Soriano,,department,,GADM,-33.478428,-57.853958
URY,UY-TA,Tacuarembó,Tacuarembo,department,,GADM,-32.052454,-55.509022
URY,UY-TT,Treinta y Tres,Treinta y Tres Department,department,,GADM,-33.080202,-54.294838
USA,US-AL,Alabama,,state,,GADM,32.648310,-86.742007
USA,US-AK,Alaska,,state,,GADM,64.263539,-150.995233
USA,US-AZ,Arizona,,state,,GADM,34.216986,-111.627512
USA,US-AR,Arkansas,,state,,GADM,34.770555,-92.499006
USA,US-CA,California,,state,,GADM,37.419861,-120.103568
USA,US-CO,Colorado,,state,,GADM,39.020787,-105.549893
USA,US-CT,Connecticut,,state,,GADM,41.520418,-72.805904
USA,US-DE,Delaware,,state,,GADM,39.140234,-75.578413
USA,US-DC,District of Columbia,,district,,GADM,38.901905,-76.999844
USA,US-federal_offshore,federal offshore,,zone,,Marine Regions
USA,US-FL,Florida,,state,,GADM,28.099583,-81.694836
USA,US-GA,Georgia,,state,,GADM,32.710106,-83.270119
USA,US-HI,Hawaii,,state,,GADM,19.590278,-155.448892
USA,US-ID,Idaho,,state,,GADM,45.605261,-115.502915
USA,US-IL,Illinois,,state,,GADM,39.794525,-89.447973
USA,US-IN,Indiana,,state,,GADM,39.787142,-86.173085
USA,US-IA,Iowa,,state,,GADM,41.958872,-93.151280
USA,US-KS,Kansas,,state,,GADM,38.544829,-98.328467
USA,US-KY,Kentucky,,state,,GADM,37.834274,-84.728589
USA,US-LA,Louisiana,,state,,GADM,31.029381,-92.545673
USA,US-ME,Maine,,state,,GADM,45.303873,-69.137444
USA,US-MD,Maryland,,state,,GADM,38.236851,-75.539577
USA,US-MA,Massachusetts,,state,,GADM,42.188004,-72.096403
USA,US-MI,Michigan,,state,,GADM,45.091644,-84.471569
USA,US-MN,Minnesota,,state,,GADM,46.522366,-94.515666
USA,US-MS,Mississippi,,state,,GADM,32.619795,-89.693080
USA,US-MO,Missouri,,state,,GADM,38.339720,-92.489867
USA,US-MT,Montana,,state,,GADM,46.728870,-109.346736
USA,US-NE,Nebraska,,state,,GADM,41.518791,-100.056384
USA,US-NV,Nevada,,state,,GADM,38.581641,-116.722070
USA,US-NH,New Hampshire,,state,,GADM,44.017675,-71.546783
USA,US-NJ,New Jersey,,state,,GADM,40.154469,-74.372359
USA,US-NM,New Mexico,,state,,GADM,34.226896,-106.044448
USA,US-NY,New York,,state,,GADM,42.896779,-76.087677
USA,US-NC,North Carolina,,state,,GADM,35.238211,-80.430428
USA,US-ND,North Dakota,,state,,GADM,47.489925,-100.452836
USA,US-OH,Ohio,,state,,GADM,40.716638,-82.660387
USA,US-OK,Oklahoma,,state,,GADM,35.329583,-97.217243
USA,US-OR,Oregon,,state,,GADM,44.172642,-120.506426
USA,US-PA,Pennsylvania,,state,,GADM,41.004801,-77.813760
USA,US-RI,Rhode Island,,state,,GADM,41.662310,-71.599092
USA,US-SC,South Carolina,,state,,GADM,33.659347,-80.558159
USA,US-SD,South Dakota,,state,,GADM,44.336357,-100.254552
USA,US-TN,Tennessee,,state,,GADM,35.835285,-86.316984
USA,US-TX,Texas,,state,,GADM,31.321231,-99.810632
USA,US-UT,Utah,,state,,GADM,39.562148,-111.549706
USA,US-VT,Vermont,,state,,GADM,43.882256,-72.776328
USA,US-VA,Virginia,,state,,GADM,38.017466,-78.455838
USA,US-WA,Washington,,state,,GADM,47.309561,-119.737642
USA,US-WV,West Virginia,,state,,GADM,38.941774,-80.213338
USA,US-WI,Wisconsin,,state,,GADM,44.950111,-89.690882
USA,US-WY,Wyoming,,state,,GADM,43.035914,-107.548842
UZB,UZ-AN,Andijon,"Andijan Region, Andijan region",region,2020-11-24,GADM,40.731094,72.243703
UZB,UZ-BU,Buxoro,"Bukhara, Bukhara Region, Bukhara region",region,2020-11-24,GADM,40.241184,63.641715
UZB,UZ-FA,Farg‘ona,"Fergana, Fergana Region",region,2020-11-24,GADM,40.450666,71.213237
UZB,UZ-JI,Jizzax,"Jizzakh, Jizzakh Region, Jizzakh region",region,2020-11-24,GADM,40.397347,67.426972
UZB,UZ-NG,Namangan,"Namangan Region, Namangan region",region,2020-11-24,GADM,41.093485,71.358849
UZB,UZ-NW,Navoiy,"Navoi Region, Navoi region",region,2020-11-24,GADM,41.639259,64.302508
UZB,UZ-QA,Qashqadaryo,Kashkadarya region,region,2020-11-24,GADM,38.765942,66.110826
UZB,UZ-QR,Qoraqalpog‘iston Respublikasi,"Karakalpakstan, Karakalpakstan Region, Republic of Karakalpakstan",republic,2020-11-24,GADM,43.331747,59.305624
UZB,UZ-SA,Samarqand,"Samarkand Region, Samarkand region",region,2020-11-24,GADM,39.870478,66.297626
UZB,UZ-SI,Sirdaryo,,region,2020-11-24,GADM,40.579992,68.886693
UZB,UZ-SU,Surxondaryo,"Surkhandarya, Surkhandarya region, Surxondaryo Region",region,2020-11-24,GADM,38.110125,67.551492
UZB,UZ-TK,Toshkent City,,city,2020-11-24,GADM,41.279614,69.215638
UZB,UZ-TO,Toshkent Region,"Tashkent Region, Tashkent region",region,2020-11-24,GADM,41.249025,69.891857
UZB,UZ-XO,Xorazm,"Khorezm region, Khorezm/Xorazm",region,2020-11-24,GADM,41.585509,60.519878
VCT,VC-01,Charlotte,,parish,,GADM,13.275039,-61.145904
VCT,VC-06,Grenadines,,parish,,GADM,12.600556,-61.429583
VCT,VC-02,Saint Andrew,,parish,,GADM,13.194167,-61.240157
VCT,VC-03,Saint David,,parish,,GADM,13.318196,-61.201299
VCT,VC-04,Saint George,,parish,,GADM,13.166243,-61.187493
VCT,VC-05,Saint Patrick,,parish,,GADM,13.237778,-61.236624
VEN,VE-Z,Amazonas,,state,2024-02-29,GADM,3.406378,-65.783440
VEN,VE-B,Anzoátegui,Anzoategui,state,2024-02-29,GADM,8.919781,-64.138759
VEN,VE-C,Apure,,state,2024-02-29,GADM,7.081683,-68.847853
VEN,VE-D,Aragua,,state,2024-02-29,GADM,9.884926,-66.875161
VEN,VE-E,Barinas,Barinas State,state,2024-02-29,GADM,8.201262,-69.982648
VEN,VE-F,Bolívar,Bolivar State,state,2024-02-29,GADM,6.007724,-63.360131
VEN,VE-G,Carabobo,,state,2024-02-29,GADM,10.212350,-67.959499
VEN,VE-H,Cojedes,,state,2024-02-29,GADM,9.290557,-68.278422
VEN,VE-Y,Delta Amacuro,,state,2024-02-29,GADM,8.816528,-61.361953
VEN,VE-W,Dependencias Federales,,federal dependency,2024-02-29,GADM,10.938055,-65.315556
VEN,VE-A,Distrito Capital,,capital district,2024-02-29,GADM,10.479790,-66.944405
VEN,VE-I,Falcón,Falcon State,state,2024-02-29,GADM,11.250834,-69.510418
VEN,VE-J,Guárico,,state,2024-02-29,GADM,8.799762,-66.386280
VEN,VE-X,La Guaira,,state,2024-02-29,GADM,10.514473,-67.192725
VEN,VE-K,Lara,,state,2024-02-29,GADM,10.124468,-69.983687
VEN,VE-L,Mérida,Merida State,state,2024-02-29,GADM,8.485417,-71.307913
VEN,VE-M,Miranda,,state,2024-02-29,GADM,10.307918,-66.499139
VEN,VE-N,Monagas,,state,2024-02-29,GADM,9.319093,-63.170147
VEN,VE-O,Nueva Esparta,,state,2024-02-29,GADM,11.020555,-63.907501
VEN,VE-P,Portuguesa,,state,2024-02-29,GADM,8.998655,-69.377603
VEN,VE-R,Sucre,,state,2024-02-29,GADM,10.384951,-63.507919
VEN,VE-S,Táchira,Tachira State,state,2024-02-29,GADM,7.993590,-72.050422
VEN,VE-T,Trujillo,,state,2024-02-29,GADM,9.518194,-70.570816
VEN,VE-U,Yaracuy,Yaracuy State,state,2024-02-29,GADM,10.328536,-68.649908
VEN,VE-V,Zulia,Zulia State,state,2024-02-29,GADM,10.112929,-72.414677
VNM,VN-44,An Giang,An Giang Province,province,2020-11-24,GADM,10.572286,105.142432
VNM,VN-43,Bà Rịa - Vũng Tàu,"Ba Ria - Vung Tau, Ba Ria Vung Tau, Ba Ria-Vung Tau, Ba Ria-Vung Tau Province, Bà Rịa - Vũng Tàu Province, Bà Rịa Vũng Tàu, Bà Rịa–Vũng Tàu",province,2020-11-24,GADM,10.565377,107.290860
VNM,VN-54,Bắc Giang,Bac Giang,province,2020-11-24,GADM,21.374281,106.466228
VNM,VN-53,Bắc Kạn,,province,2020-11-24,GADM,22.273444,105.856377
VNM,VN-55,Bạc Liêu,"Bac Lieu, Bạc Liêu Province",province,2020-11-24,GADM,9.327389,105.532767
VNM,VN-56,Bắc Ninh,,province,2020-11-24,GADM,21.117640,106.109755
VNM,VN-50,Bến Tre,Bến Tre Province,province,2020-11-24,GADM,10.060878,106.518208
VNM,VN-31,Bình Định,"Binh Dinh, Bình Định Province",province,2020-11-24,GADM,14.108334,108.952869
VNM,VN-57,Bình Dương,"Binh Duong, Bình Dương Province",province,2020-11-24,GADM,11.182814,106.673928
VNM,VN-58,Bình Phước,Bình Phước Province,province,2020-11-24,GADM,11.800306,106.915077
VNM,VN-40,Bình Thuận,"Binh Thuan, Binh Thuan province, Bình Thuận Province, Bình Thuận Province",province,2020-11-24,GADM,11.062153,107.950794
VNM,VN-59,Cà Mau,Ca Mau,province,2020-11-24,GADM,9.062020,105.082762
VNM,VN-CT,Cần Thơ,Can Tho,municipality,2020-11-24,GADM,10.126363,105.512713
VNM,VN-04,Cao Bằng,"Cao Bang, Cao Bang Province, Cao Bang province",province,2020-11-24,GADM,22.738679,106.255379
VNM,VN-DN,Đà Nẵng,,municipality,2020-11-24,GADM,16.067552,108.034183
VNM,VN-33,Đắk Lắk,"Đăk Lăk Province, Đắk Lắk Province, Đắk Lắk province",province,2020-11-24,GADM,12.789335,108.416941
VNM,VN-72,Đắk Nông,"Dak Nong Province, Đắk Nông Province",province,2020-11-24,GADM,12.281213,107.743890
VNM,VN-71,Điện Biên,"Dien Bien, Điện Biên Province",province,2020-11-24,GADM,21.722055,103.281673
VNM,VN-39,Đồng Nai,"Dong Nai, Đồng Nai Province",province,2020-11-24,GADM,11.081697,107.188336
VNM,VN-45,Đồng Tháp,,province,2020-11-24,GADM,10.560618,105.647884
VNM,VN-30,Gia Lai,Gia Lai Province,province,2020-11-24,GADM,13.800569,108.137366
VNM,VN-03,Hà Giang,"Ha Giang Province, Hà Giang Province",province,2020-11-24,GADM,22.781738,104.960121
VNM,VN-63,Hà Nam,,province,2020-11-24,GADM,20.533610,105.980622
VNM,VN-HN,Hà Nội,,municipality,2020-11-24,GADM,20.975367,105.676866
VNM,VN-23,Hà Tĩnh,"Ha Tinh, Hà Tĩnh Province",province,2020-11-24,GADM,18.339476,105.609768
VNM,VN-61,Hải Dương,Hai Duong,province,2020-11-24,GADM,20.960967,106.360140
VNM,VN-HP,Hải Phòng,Hai Phong,municipality,2020-11-24,GADM,20.809809,106.704642
VNM,VN-73,Hậu Giang,"Hau Giang, Hậu Giang Province",province,2020-11-24,GADM,9.787660,105.638590
VNM,VN-SG,Hồ Chí Minh,"Ho Chi Minh City, Sai Gon",municipality,2020-11-24,GADM,10.757755,106.630785
VNM,VN-14,Hòa Bình,"Hòa Bình Province, Hòa Bình province",province,2020-11-24,GADM,20.709888,105.257028
VNM,VN-66,Hưng Yên,Hưng Yên Province,province,2020-11-24,GADM,20.805892,106.024141
VNM,VN-34,Khánh Hòa,"Khanh Hoa, Khánh Hòa Province",province,2020-11-24,GADM,12.337127,108.941290
VNM,VN-47,Kiến Giang,"Kien Giang, Kiên Giang, Kiên Giang Province",province,2020-11-24,GADM,9.975680,105.281827
VNM,VN-28,Kon Tum,"Kon Tum Province, Kon Tum province",province,2020-11-24,GADM,14.671116,108.028491
VNM,VN-01,Lai Châu,"Lai Chau, Lai Chau Province, Lai Chau province, Lai Châu Province",province,2020-11-24,GADM,22.249897,103.263125
VNM,VN-35,Lâm Đồng,Lâm Đồng Province,province,2020-11-24,GADM,11.767197,108.067865
VNM,VN-09,Lạng Sơn,"Lang Son, Lang Son Province",province,2020-11-24,GADM,21.894386,106.588614
VNM,VN-02,Lào Cai,"Lao Cai, Lao Cai province, Lào Cai Province, Lào Cai province",province,2020-11-24,GADM,22.360758,104.156847
VNM,VN-41,Long An,"Long An Province, Long An province",province,2020-11-24,GADM,10.712114,106.125709
VNM,VN-67,Nam Định,Nam Dinh,province,2020-11-24,GADM,20.228643,106.343438
VNM,VN-22,Nghệ An,"Nghe An, Nghệ An Province",province,2020-11-24,GADM,19.275764,104.861579
VNM,VN-18,Ninh Bình,Ninh Binh,province,2020-11-24,GADM,20.195086,105.946619
VNM,VN-36,Ninh Thuận,"Ninh Thuan, Ninh Thuan province, Ninh Thuân, Ninh Thuận Province",province,2020-11-24,GADM,11.736337,108.959136
VNM,VN-68,Phú Thọ,Phu Tho,province,2020-11-24,GADM,21.319450,105.136489
VNM,VN-32,Phú Yên,"Phu Yen, Phu Yen province, Phú Yên Province",province,2020-11-24,GADM,13.201500,109.072396
VNM,VN-24,Quảng Bình,"Quang Binh, Quang Binh province, Quảng Bình Province",province,2020-11-24,GADM,17.517159,106.283500
VNM,VN-27,Quảng Nam,"Quang Nam, Quang Nam Province, Quảng Nam Province",province,2020-11-24,GADM,15.510055,108.002354
VNM,VN-29,Quảng Ngãi,"Quang Ngai, Quảng Ngãi Province",province,2020-11-24,GADM,14.978293,108.604111
VNM,VN-13,Quảng Ninh,Quang Ninh,province,2020-11-24,GADM,21.238466,107.242106
VNM,VN-25,Quảng Trị,"Quang Tri, Quang Tri Province, Quảng Tri, Quảng Trị Province",province,2020-11-24,GADM,16.737284,106.964896
VNM,VN-52,Sóc Trăng,"Soc Trang, Sóc Trăng Province",province,2020-11-24,GADM,9.589196,105.921183
VNM,VN-05,Sơn La,"Son La, Son La Province, Son La province, Sơn La Province",province,2020-11-24,GADM,21.305345,104.138002
VNM,VN-37,Tây Ninh,Tây Ninh Province,province,2020-11-24,GADM,11.370624,106.112030
VNM,VN-20,Thái Bình,"Thai Binh, Thái Bình Province",province,2020-11-24,GADM,20.482538,106.393468
VNM,VN-69,Thái Nguyên,"Thai Nguyen, Thai Nguyen Province",province,2020-11-24,GADM,21.685613,105.856622
VNM,VN-21,Thanh Hóa,"Thanh Hoa, Thanh Hoa province, Thanh Hóa Province",province,2020-11-24,GADM,19.980587,105.493680
VNM,VN-26,Thừa Thiên-Huế,"Thua Thien Hue, Thua Thien-Hue, Thừa Thiên Huế, Thừa Thiên Huế Province",province,2020-11-24,GADM,16.369239,107.463600
VNM,VN-46,Tiền Giang,Tien Giang,province,2020-11-24,GADM,10.384336,106.334939
VNM,VN-51,Trà Vinh,"Tra Vinh, Tra Vinh province, Trà Vinh Province",province,2020-11-24,GADM,9.806520,106.320767
VNM,VN-07,Tuyên Quang,"Tuyen Quang, Tuyen Quang Province",province,2020-11-24,GADM,22.098867,105.168264
VNM,VN-49,Vĩnh Long,,province,2020-11-24,GADM,10.110633,105.981973
VNM,VN-70,Vĩnh Phúc,,province,2020-11-24,GADM,21.362462,105.584091
VNM,VN-06,Yên Bái,"Yen Bai, Yen Bai Province, Yen Bai province, Yên Bái Province",province,2020-11-24,GADM,21.808280,104.517882
VUT,VU-MAP,Malampa,,province,,GADM,-16.235275,168.065288
VUT,VU-PAM,Pénama,,province,,GADM,-15.375417,167.832710
VUT,VU-SAM,Sanma,,province,,GADM,-15.157083,167.051040
VUT,VU-SEE,Shéfa,,province,,GADM,-17.674028,168.364586
VUT,VU-TAE,Taféa,,province,,GADM,-18.809167,169.111664
VUT,VU-TOB,Torba,,province,,GADM,-14.284306,167.512010
WLF,WF-AL,Alo,,administrative precinct,,GADM,-14.344582,-178.044514
WLF,WF-SG,Sigave,,administrative precinct,,GADM,-14.283333,-178.152859
WLF,WF-UV,Uvea,,administrative precinct,,GADM,-13.285972,-176.208619
WSM,WS-AA,A'ana,,district,,GADM,-13.889386,-171.965147
WSM,WS-AL,Aiga-i-le-Tai,,district,,GADM,-13.861505,-172.032727
WSM,WS-AT,Atua,,district,,GADM,-13.954925,-171.651073
WSM,WS-FA,Fa'asaleleaga,,district,,GADM,-13.657074,-172.259251
WSM,WS-GE,Gaga'emauga,,district,,GADM,-13.531769,-172.324553
WSM,WS-GI,Gagaifomauga,,district,,GADM,-13.540162,-172.471463
WSM,WS-PA,Palauli,,district,,GADM,-13.707089,-172.482716
WSM,WS-SA,Satupa'itea,,district,,GADM,-13.633048,-172.616183
WSM,WS-TU,Tuamasaga,,district,,GADM,-13.917627,-171.799672
WSM,WS-VF,Va'a-o-Fonoti,,district,,GADM,-13.946546,-171.547829
WSM,WS-VS,Vaisigano,,district,,GADM,-13.560274,-172.656849
XXK,XK-FR,Ferizaj,,district,,WOF,42.292431,21.120312
XXK,XK-GK,Gjakova,,district,,WOF,42.454973,20.430287
XXK,XK-GN,Gjilan,,district,,WOF,42.487056,21.486456
XXK,XK-MT,Mitrovica,,district,,WOF,42.937917,20.783602
XXK,XK-PP,Peja-Pec,Pec,district,,WOF,42.704539,20.329838
XXK,XK-PT,Pristina,,district,,WOF,42.791380,21.244389
XXK,XK-PZ,Prizren,,district,,WOF,42.232031,20.687237
YEM,YE-AB,Abyan,,governorate,2020-11-24,Kontur,13.578807,46.214248
YEM,YE-AD,Aden,‘Adan,governorate,2020-11-24,Kontur,12.685866,44.827798
YEM,YE-BA,Al-Baydha,Al Bayḑā’,governorate,2020-11-24,Kontur,14.325943,45.215950
YEM,YE-DA,Al-Dhalea,Aḑ Ḑāli‘,governorate,2020-11-24,Kontur,13.894300,44.782516
YEM,YE-HU,Al-Hodeidah,"Al Hudaydah, Al Hudaydah Governorate, Al Ḩudaydah",governorate,2020-11-24,Kontur,14.654225,43.085265
YEM,YE-JA,Al-Jawf,Al Jawf,governorate,2020-11-24,Kontur,16.596195,45.598884
YEM,YE-MR,Al-Mahra,Al Mahrah,governorate,2020-11-24,Kontur,16.956377,51.860733
YEM,YE-MW,Al-Mahweet,Al Maḩwīt,governorate,2020-11-24,Kontur,15.308733,43.499521
YEM,YE-AM,Amran,‘Amrān,governorate,2020-11-24,Kontur,16.112977,43.943451
YEM,YE-SA,Capital City of Sana'a,Amānat al ‘Āşimah,municipality,2020-11-24,Kontur,15.442821,44.204664
YEM,YE-DH,Dhamar,Dhamār,governorate,2020-11-24,Kontur,14.539551,44.306327
YEM,YE-HD,Hadhramout,"Broom Hadramout, Hadramawt, Hadramout, Ḩaḑramawt",governorate,2020-11-24,Kontur,16.429571,48.616691
YEM,YE-HJ,Hajjah,Ḩajjah,governorate,2020-11-24,Kontur,16.094937,42.824628
YEM,YE-IB,Ibb,,governorate,2020-11-24,Kontur,14.088106,44.174998
YEM,YE-LA,Lahj,Laḩij,governorate,2020-11-24,Kontur,13.226473,44.748588
YEM,YE-MA,Marib,Ma’rib,governorate,2020-11-24,Kontur,15.332882,45.452127
YEM,YE-RA,Raymah,,governorate,2020-11-24,Kontur,14.658811,43.687819
YEM,YE-SD,Sa'adah,Şāʻdah,governorate,2020-11-24,Kontur,17.092792,44.039870
YEM,YE-SN,Sana'a,Şanʻā’,governorate,2020-11-24,Kontur,15.398349,44.469289
YEM,YE-SH,Shabwah,Shabwah Governorate,governorate,2020-11-24,Kontur,14.554327,46.756063
YEM,YE-SU,Socotra,Arkhabīl Suquţrá,governorate,2020-11-24,Kontur,12.413092,53.915520
YEM,YE-TA,Taiz,"Ta'izz Governorate, Taiz Governorate, Tāʻizz",governorate,2020-11-24,Kontur,13.216705,43.601247
ZAF,ZA-EC,Eastern Cape,,province,,GADM,-32.133890,26.566743
ZAF,ZA-FS,Free State,,province,,GADM,-28.700770,26.527082
ZAF,ZA-GP,Gauteng,,province,,GADM,-26.020451,28.011226
ZAF,ZA-KZN,Kwazulu-Natal,"KwaZulu-Natal, Kwazulu Natal",province,,GADM,-28.964159,30.446609
ZAF,ZA-LP,Limpopo,,province,,GADM,-23.784216,29.340881
ZAF,ZA-MP,Mpumalanga,,province,,GADM,-25.757050,30.137678
ZAF,ZA-NW,North-West,,province,,GADM,-26.383786,25.234279
ZAF,ZA-NC,Northern Cape,Northern Cape Province,province,,GADM,-28.936050,21.975367
ZAF,ZA-WC,Western Cape,Western Cape Province,province,,GADM,-32.659584,22.073939
ZMB,ZM-02,Central,Central Province,province,2020-11-24,GADM,-14.291376,28.576637
ZMB,ZM-08,Copperbelt,Copperbelt Province,province,2020-11-24,GADM,-13.091476,27.950157
ZMB,ZM-03,Eastern,Eastern Province,province,2020-11-24,GADM,-13.293461,32.302823
ZMB,ZM-04,Luapula,Luapula Province,province,2020-11-24,GADM,-10.421844,29.039720
ZMB,ZM-09,Lusaka,Lusaka Province,province,2020-11-24,GADM,-15.536478,29.003822
ZMB,ZM-10,Muchinga,Muchinga Province,province,2020-11-24,GADM,-11.254310,32.040213
ZMB,ZM-06,North-Western,North-Western Province,province,2020-11-24,GADM,-12.818776,25.413349
ZMB,ZM-05,Northern,Northern Province,province,2020-11-24,GADM,-9.893219,31.051506
ZMB,ZM-07,Southern,Southern Province,province,2020-11-24,GADM,-16.798028,26.713939
ZMB,ZM-01,Western,Central Province,province,2020-11-24,GADM,-15.686876,23.620639
ZWE,ZW-BU,Bulawayo,Bulawayo District,province,,GADM,-20.105817,28.534543
ZWE,ZW-HA,Harare,Harare Province,province,,GADM,-17.855254,31.052324
ZWE,ZW-MA,Manicaland,Manicaland Province,province,,GADM,-19.298841,32.077067
ZWE,ZW-MC,Mashonaland Central,Mashonaland Central Province,province,,GADM,-16.678635,31.600874
ZWE,ZW-ME,Mashonaland East,Mashonaland East Province,province,,GADM,-17.983361,31.598381
ZWE,ZW-MW,Mashonaland West,Mashonaland West Province,province,,GADM,-17.266825,29.866380
ZWE,ZW-MV,Masvingo,"Masingo Province, Masvingo Province",province,,GADM,-20.792890,31.339542
ZWE,ZW-MN,Matabeleland North,Matabeleland North Province,province,,GADM,-18.636673,27.452047
ZWE,ZW-MS,Matabeleland South,Matabeleland South Province,province,,GADM,-20.924364,28.641351
ZWE,ZW-MI,Midlands,Midlands Province,province,,GADM,-19.091895,29.867171
