{
 "type": "FeatureCollection",
 "features": [
  {
   "type": "Feature",
   "properties": {
    "text": "Godah",
    "kind": "other",
    "font": "Gen_District-Pro-Bold_Bo",
    "size": 6.0
   },
   "geometry": {
    "type": "Point",
    "coordinates": [
     49.383433,
     16.183576
    ]
   }
  },
  {
   "type": "Feature",
   "properties": {
    "text": "Rabab",
    "kind": "other",
    "font": "Gen_District-Pro-Bold_Bo",
    "size": 6.0
   },
   "geometry": {
    "type": "Point",
    "coordinates": [
     54.480936,
     18.171662
    ]
   }
  },
  {
   "type": "Feature",
   "properties": {
    "text": "Abu Butabul",
    "kind": "other",
    "font": "Gen_District-Pro-Bold_Bo",
    "size": 6.0
   },
   "geometry": {
    "type": "Point",
    "coordinates": [
     55.617968,
     20.889612
    ]
   }
  },
  {
   "type": "Feature",
   "properties": {
    "text": "Barik",
    "kind": "other",
    "font": "Gen_District-Pro-Bold_Bo",
    "size": 6.0
   },
   "geometry": {
    "type": "Point",
    "coordinates": [
     56.444559,
     21.054156
    ]
   }
  },
  {
   "type": "Feature",
   "properties": {
    "text": "Saih Rawl",
    "kind": "other",
    "font": "Gen_District-Pro-Bold_Bo",
    "size": 6.0
   },
   "geometry": {
    "type": "Point",
    "coordinates": [
     56.516115,
     21.421487
    ]
   }
  },
  {
   "type": "Feature",
   "properties": {
    "text": "Saih Nihayda",
    "kind": "other",
    "font": "Gen_District-Pro-Bold_Bo",
    "size": 6.0
   },
   "geometry": {
    "type": "Point",
    "coordinates": [
     57.332506,
     21.40759
    ]
   }
  },
  {
   "type": "Feature",
   "properties": {
    "text": "Makarem",
    "kind": "other",
    "font": "Gen_District-Pro-Bold_Bo",
    "size": 6.0
   },
   "geometry": {
    "type": "Point",
    "coordinates": [
     56.215284,
     21.754257
    ]
   }
  },
  {
   "type": "Feature",
   "properties": {
    "text": "Yibal",
    "kind": "other",
    "font": "Gen_District-Pro-Bold_Bo",
    "size": 6.0
   },
   "geometry": {
    "type": "Point",
    "coordinates": [
     55.917839,
     22.174724
    ]
   }
  },
  {
   "type": "Feature",
   "properties": {
    "text": "Khazen",
    "kind": "other",
    "font": "Gen_District-Pro-Bold_Bo",
    "size": 6.0
   },
   "geometry": {
    "type": "Point",
    "coordinates": [
     56.806297,
     22.01107
    ]
   }
  },
  {
   "type": "Feature",
   "properties": {
    "text": "Kauther",
    "kind": "other",
    "font": "Gen_District-Pro-Bold_Bo",
    "size": 6.0
   },
   "geometry": {
    "type": "Point",
    "coordinates": [
     57.463287,
     21.945707
    ]
   }
  },
  {
   "type": "Feature",
   "properties": {
    "text": "Lekhwar",
    "kind": "other",
    "font": "Gen_District-Pro-Bold_Bo",
    "size": 6.0
   },
   "geometry": {
    "type": "Point",
    "coordinates": [
     55.388593,
     22.948014
    ]
   }
  },
  {
   "type": "Feature",
   "properties": {
    "text": "Safah",
    "kind": "other",
    "font": "Gen_District-Pro-Bold_Bo",
    "size": 6.0
   },
   "geometry": {
    "type": "Point",
    "coordinates": [
     55.698273,
     23.209082
    ]
   }
  },
  {
   "type": "Feature",
   "properties": {
    "text": "Asab",
    "kind": "other",
    "font": "Gen_District-Pro-Bold_Bo",
    "size": 6.0
   },
   "geometry": {
    "type": "Point",
    "coordinates": [
     54.421444,
     23.353198
    ]
   }
  },
  {
   "type": "Feature",
   "properties": {
    "text": "Shah",
    "kind": "other",
    "font": "Gen_District-Pro-Bold_Bo",
    "size": 6.0
   },
   "geometry": {
    "type": "Point",
    "coordinates": [
     53.666608,
     22.866507
    ]
   }
  },
  {
   "type": "Feature",
   "properties": {
    "text": "North Kidan",
    "kind": "other",
    "font": "Gen_District-Pro-Bold_Bo",
    "size": 6.0
   },
   "geometry": {
    "type": "Point",
    "coordinates": [
     53.006581,
     22.420551
    ]
   }
  },
  {
   "type": "Feature",
   "properties": {
    "text": "South Kidan",
    "kind": "other",
    "font": "Gen_District-Pro-Bold_Bo",
    "size": 6.0
   },
   "geometry": {
    "type": "Point",
    "coordinates": [
     53.104762,
     21.598117
    ]
   }
  },
  {
   "type": "Feature",
   "properties": {
    "text": "Sahil",
    "kind": "other",
    "font": "Gen_District-Pro-Bold_Bo",
    "size": 6.0
   },
   "geometry": {
    "type": "Point",
    "coordinates": [
     54.512343,
     23.61471
    ]
   }
  },
  {
   "type": "Feature",
   "properties": {
    "text": "Murban Bab",
    "kind": "other",
    "font": "Gen_District-Pro-Bold_Bo",
    "size": 6.0
   },
   "geometry": {
    "type": "Point",
    "coordinates": [
     53.580949,
     24.056983
    ]
   }
  },
  {
   "type": "Feature",
   "properties": {
    "text": "Bu Hasa",
    "kind": "other",
    "font": "Gen_District-Pro-Bold_Bo",
    "size": 6.0
   },
   "geometry": {
    "type": "Point",
    "coordinates": [
     53.562201,
     23.377619
    ]
   }
  },
  {
   "type": "Feature",
   "properties": {
    "text": "Zakum",
    "kind": "other",
    "font": "Gen_District-Pro-Bold_Bo",
    "size": 6.0
   },
   "geometry": {
    "type": "Point",
    "coordinates": [
     53.916437,
     24.721898
    ]
   }
  },
  {
   "type": "Feature",
   "properties": {
    "text": "Ghasha",
    "kind": "other",
    "font": "Gen_District-Pro-Bold_Bo",
    "size": 6.0
   },
   "geometry": {
    "type": "Point",
    "coordinates": [
     53.021452,
     24.390023
    ]
   }
  },
  {
   "type": "Feature",
   "properties": {
    "text": "Umm Shaif",
    "kind": "other",
    "font": "Gen_District-Pro-Bold_Bo",
    "size": 6.0
   },
   "geometry": {
    "type": "Point",
    "coordinates": [
     53.544867,
     25.152057
    ]
   }
  },
  {
   "type": "Feature",
   "properties": {
    "text": "Nasr",
    "kind": "other",
    "font": "Gen_District-Pro-Bold_Bo",
    "size": 6.0
   },
   "geometry": {
    "type": "Point",
    "coordinates": [
     53.649128,
     25.397983
    ]
   }
  },
  {
   "type": "Feature",
   "properties": {
    "text": "Rashid",
    "kind": "other",
    "font": "Gen_District-Pro-Bold_Bo",
    "size": 6.0
   },
   "geometry": {
    "type": "Point",
    "coordinates": [
     54.349502,
     25.324986
    ]
   }
  },
  {
   "type": "Feature",
   "properties": {
    "text": "Kish",
    "kind": "other",
    "font": "Gen_District-Pro-Bold_Bo",
    "size": 6.0
   },
   "geometry": {
    "type": "Point",
    "coordinates": [
     54.100567,
     26.548668
    ]
   }
  },
  {
   "type": "Feature",
   "properties": {
    "text": "Gashu S",
    "kind": "other",
    "font": "Gen_District-Pro-Bold_Bo",
    "size": 6.0
   },
   "geometry": {
    "type": "Point",
    "coordinates": [
     55.576908,
     27.248934
    ]
   }
  },
  {
   "type": "Feature",
   "properties": {
    "text": "Suru",
    "kind": "other",
    "font": "Gen_District-Pro-Bold_Bo",
    "size": 6.0
   },
   "geometry": {
    "type": "Point",
    "coordinates": [
     55.998873,
     27.239855
    ]
   }
  },
  {
   "type": "Feature",
   "properties": {
    "text": "Sarkhun",
    "kind": "other",
    "font": "Gen_District-Pro-Bold_Bo",
    "size": 6.0
   },
   "geometry": {
    "type": "Point",
    "coordinates": [
     56.678489,
     27.315377
    ]
   }
  },
  {
   "type": "Feature",
   "properties": {
    "text": "Gavarzin",
    "kind": "other",
    "font": "Gen_District-Pro-Bold_Bo",
    "size": 6.0
   },
   "geometry": {
    "type": "Point",
    "coordinates": [
     56.064687,
     26.820115
    ]
   }
  },
  {
   "type": "Feature",
   "properties": {
    "text": "Salakh (Qeshm)",
    "kind": "other",
    "font": "Gen_District-Pro-Bold_Bo",
    "size": 6.0
   },
   "geometry": {
    "type": "Point",
    "coordinates": [
     55.314285,
     26.739156
    ]
   }
  },
  {
   "type": "Feature",
   "properties": {
    "text": "HA-1",
    "kind": "other",
    "font": "Gen_District-Pro-Bold_Bo",
    "size": 6.0
   },
   "geometry": {
    "type": "Point",
    "coordinates": [
     56.032539,
     26.599802
    ]
   }
  },
  {
   "type": "Feature",
   "properties": {
    "text": "Hengam",
    "kind": "other",
    "font": "Gen_District-Pro-Bold_Bo",
    "size": 6.0
   },
   "geometry": {
    "type": "Point",
    "coordinates": [
     55.851153,
     26.463747
    ]
   }
  },
  {
   "type": "Feature",
   "properties": {
    "text": "West Bukha",
    "kind": "other",
    "font": "Gen_District-Pro-Bold_Bo",
    "size": 6.0
   },
   "geometry": {
    "type": "Point",
    "coordinates": [
     56.301592,
     26.375885
    ]
   }
  },
  {
   "type": "Feature",
   "properties": {
    "text": "Bukha",
    "kind": "other",
    "font": "Gen_District-Pro-Bold_Bo",
    "size": 6.0
   },
   "geometry": {
    "type": "Point",
    "coordinates": [
     56.224392,
     26.221651
    ]
   }
  },
  {
   "type": "Feature",
   "properties": {
    "text": "Hamiriyah",
    "kind": "other",
    "font": "Gen_District-Pro-Bold_Bo",
    "size": 6.0
   },
   "geometry": {
    "type": "Point",
    "coordinates": [
     55.802235,
     25.45813
    ]
   }
  },
  {
   "type": "Feature",
   "properties": {
    "text": "Sajaa",
    "kind": "other",
    "font": "Gen_District-Pro-Bold_Bo",
    "size": 6.0
   },
   "geometry": {
    "type": "Point",
    "coordinates": [
     55.884612,
     25.359018
    ]
   }
  },
  {
   "type": "Feature",
   "properties": {
    "text": "Moveyeid",
    "kind": "other",
    "font": "Gen_District-Pro-Bold_Bo",
    "size": 6.0
   },
   "geometry": {
    "type": "Point",
    "coordinates": [
     55.916836,
     25.270449
    ]
   }
  },
  {
   "type": "Feature",
   "properties": {
    "text": "Kahaif",
    "kind": "other",
    "font": "Gen_District-Pro-Bold_Bo",
    "size": 6.0
   },
   "geometry": {
    "type": "Point",
    "coordinates": [
     55.874433,
     25.189526
    ]
   }
  },
  {
   "type": "Feature",
   "properties": {
    "text": "Margham",
    "kind": "other",
    "font": "Gen_District-Pro-Bold_Bo",
    "size": 6.0
   },
   "geometry": {
    "type": "Point",
    "coordinates": [
     55.83046,
     24.924229
    ]
   }
  },
  {
   "type": "Feature",
   "properties": {
    "text": "Jawb",
    "kind": "other",
    "font": "Gen_District-Pro-Bold_Bo",
    "size": 6.0
   },
   "geometry": {
    "type": "Point",
    "coordinates": [
     50.565707,
     23.46874
    ]
   }
  },
  {
   "type": "Feature",
   "properties": {
    "text": "Midrikah",
    "kind": "other",
    "font": "Gen_District-Pro-Bold_Bo",
    "size": 6.0
   },
   "geometry": {
    "type": "Point",
    "coordinates": [
     49.492213,
     23.555794
    ]
   }
  },
  {
   "type": "Feature",
   "properties": {
    "text": "Tinat S",
    "kind": "other",
    "font": "Gen_District-Pro-Bold_Bo",
    "size": 6.0
   },
   "geometry": {
    "type": "Point",
    "coordinates": [
     49.651662,
     23.712796
    ]
   }
  },
  {
   "type": "Feature",
   "properties": {
    "text": "Shamah",
    "kind": "other",
    "font": "Gen_District-Pro-Bold_Bo",
    "size": 6.0
   },
   "geometry": {
    "type": "Point",
    "coordinates": [
     48.638164,
     23.598881
    ]
   }
  },
  {
   "type": "Feature",
   "properties": {
    "text": "Waqr",
    "kind": "other",
    "font": "Gen_District-Pro-Bold_Bo",
    "size": 6.0
   },
   "geometry": {
    "type": "Point",
    "coordinates": [
     48.689288,
     23.786372
    ]
   }
  },
  {
   "type": "Feature",
   "properties": {
    "text": "Haradh",
    "kind": "other",
    "font": "Gen_District-Pro-Bold_Bo",
    "size": 6.0
   },
   "geometry": {
    "type": "Point",
    "coordinates": [
     49.305216,
     24.137882
    ]
   }
  },
  {
   "type": "Feature",
   "properties": {
    "text": "Tukhman",
    "kind": "other",
    "font": "Gen_District-Pro-Bold_Bo",
    "size": 6.0
   },
   "geometry": {
    "type": "Point",
    "coordinates": [
     48.736613,
     22.171573
    ]
   }
  },
  {
   "type": "Feature",
   "properties": {
    "text": "Hilwah",
    "kind": "other",
    "font": "Gen_District-Pro-Bold_Bo",
    "size": 6.0
   },
   "geometry": {
    "type": "Point",
    "coordinates": [
     46.661156,
     23.444221
    ]
   }
  },
  {
   "type": "Feature",
   "properties": {
    "text": "Mazalij",
    "kind": "other",
    "font": "Gen_District-Pro-Bold_Bo",
    "size": 6.0
   },
   "geometry": {
    "type": "Point",
    "coordinates": [
     48.423088,
     24.306517
    ]
   }
  },
  {
   "type": "Feature",
   "properties": {
    "text": "Manjurah",
    "kind": "other",
    "font": "Gen_District-Pro-Bold_Bo",
    "size": 6.0
   },
   "geometry": {
    "type": "Point",
    "coordinates": [
     48.725173,
     24.47575
    ]
   }
  },
  {
   "type": "Feature",
   "properties": {
    "text": "Sahba",
    "kind": "other",
    "font": "Gen_District-Pro-Bold_Bo",
    "size": 6.0
   },
   "geometry": {
    "type": "Point",
    "coordinates": [
     48.585482,
     24.212649
    ]
   }
  },
  {
   "type": "Feature",
   "properties": {
    "text": "Wadayhi",
    "kind": "other",
    "font": "Gen_District-Pro-Bold_Bo",
    "size": 6.0
   },
   "geometry": {
    "type": "Point",
    "coordinates": [
     48.595095,
     23.99951
    ]
   }
  },
  {
   "type": "Feature",
   "properties": {
    "text": "Uthmaniyah",
    "kind": "other",
    "font": "Gen_District-Pro-Bold_Bo",
    "size": 6.0
   },
   "geometry": {
    "type": "Point",
    "coordinates": [
     49.139956,
     25.367654
    ]
   }
  },
  {
   "type": "Feature",
   "properties": {
    "text": "Shedgum",
    "kind": "other",
    "font": "Gen_District-Pro-Bold_Bo",
    "size": 6.0
   },
   "geometry": {
    "type": "Point",
    "coordinates": [
     49.214841,
     25.602945
    ]
   }
  },
  {
   "type": "Feature",
   "properties": {
    "text": "Abu Sa’fah",
    "kind": "other",
    "font": "Gen_District-Pro-Bold_Bo",
    "size": 6.0
   },
   "geometry": {
    "type": "Point",
    "coordinates": [
     50.509969,
     27.004435
    ]
   }
  },
  {
   "type": "Feature",
   "properties": {
    "text": "Karan",
    "kind": "other",
    "font": "Gen_District-Pro-Bold_Bo",
    "size": 6.0
   },
   "geometry": {
    "type": "Point",
    "coordinates": [
     49.511555,
     27.587842
    ]
   }
  },
  {
   "type": "Feature",
   "properties": {
    "text": "Arabiyah",
    "kind": "other",
    "font": "Gen_District-Pro-Bold_Bo",
    "size": 6.0
   },
   "geometry": {
    "type": "Point",
    "coordinates": [
     50.22945,
     27.963252
    ]
   }
  },
  {
   "type": "Feature",
   "properties": {
    "text": "Hasbah",
    "kind": "other",
    "font": "Gen_District-Pro-Bold_Bo",
    "size": 6.0
   },
   "geometry": {
    "type": "Point",
    "coordinates": [
     50.251999,
     28.114123
    ]
   }
  },
  {
   "type": "Feature",
   "properties": {
    "text": "Ghalaisan",
    "kind": "other",
    "font": "Gen_District-Pro-Bold_Bo",
    "size": 6.0
   },
   "geometry": {
    "type": "Point",
    "coordinates": [
     43.982549,
     30.997412
    ]
   }
  },
  {
   "type": "Feature",
   "properties": {
    "text": "Haft Kel",
    "kind": "other",
    "font": "Gen_District-Pro-Bold_Bo",
    "size": 6.0
   },
   "geometry": {
    "type": "Point",
    "coordinates": [
     49.762352,
     31.521749
    ]
   }
  },
  {
   "type": "Feature",
   "properties": {
    "text": "Bangestan",
    "kind": "other",
    "font": "Gen_District-Pro-Bold_Bo",
    "size": 6.0
   },
   "geometry": {
    "type": "Point",
    "coordinates": [
     50.388232,
     31.101152
    ]
   }
  },
  {
   "type": "Feature",
   "properties": {
    "text": "Aghajari",
    "kind": "other",
    "font": "Gen_District-Pro-Bold_Bo",
    "size": 6.0
   },
   "geometry": {
    "type": "Point",
    "coordinates": [
     49.541792,
     30.847993
    ]
   }
  },
  {
   "type": "Feature",
   "properties": {
    "text": "Gachsaran",
    "kind": "other",
    "font": "Gen_District-Pro-Bold_Bo",
    "size": 6.0
   },
   "geometry": {
    "type": "Point",
    "coordinates": [
     50.542348,
     30.270231
    ]
   }
  },
  {
   "type": "Feature",
   "properties": {
    "text": "Milatun",
    "kind": "other",
    "font": "Gen_District-Pro-Bold_Bo",
    "size": 6.0
   },
   "geometry": {
    "type": "Point",
    "coordinates": [
     51.56272,
     29.721702
    ]
   }
  },
  {
   "type": "Feature",
   "properties": {
    "text": "Dalan",
    "kind": "other",
    "font": "Gen_District-Pro-Bold_Bo",
    "size": 6.0
   },
   "geometry": {
    "type": "Point",
    "coordinates": [
     52.177723,
     28.709876
    ]
   }
  },
  {
   "type": "Feature",
   "properties": {
    "text": "Gardan",
    "kind": "other",
    "font": "Gen_District-Pro-Bold_Bo",
    "size": 6.0
   },
   "geometry": {
    "type": "Point",
    "coordinates": [
     52.103271,
     28.377152
    ]
   }
  },
  {
   "type": "Feature",
   "properties": {
    "text": "Kuh-I-Mand",
    "kind": "other",
    "font": "Gen_District-Pro-Bold_Bo",
    "size": 6.0
   },
   "geometry": {
    "type": "Point",
    "coordinates": [
     50.956957,
     28.520863
    ]
   }
  },
  {
   "type": "Feature",
   "properties": {
    "text": "Aghar",
    "kind": "other",
    "font": "Gen_District-Pro-Bold_Bo",
    "size": 6.0
   },
   "geometry": {
    "type": "Point",
    "coordinates": [
     52.819528,
     28.520076
    ]
   }
  },
  {
   "type": "Feature",
   "properties": {
    "text": "Pars North",
    "kind": "other",
    "font": "Gen_District-Pro-Bold_Bo",
    "size": 6.0
   },
   "geometry": {
    "type": "Point",
    "coordinates": [
     51.116319,
     27.82976
    ]
   }
  },
  {
   "type": "Feature",
   "properties": {
    "text": "Kangan",
    "kind": "other",
    "font": "Gen_District-Pro-Bold_Bo",
    "size": 6.0
   },
   "geometry": {
    "type": "Point",
    "coordinates": [
     51.89961,
     27.896235
    ]
   }
  },
  {
   "type": "Feature",
   "properties": {
    "text": "Nar",
    "kind": "other",
    "font": "Gen_District-Pro-Bold_Bo",
    "size": 6.0
   },
   "geometry": {
    "type": "Point",
    "coordinates": [
     52.377283,
     28.003497
    ]
   }
  },
  {
   "type": "Feature",
   "properties": {
    "text": "G-3",
    "kind": "other",
    "font": "Gen_District-Pro-Bold_Bo",
    "size": 6.0
   },
   "geometry": {
    "type": "Point",
    "coordinates": [
     51.460625,
     27.326063
    ]
   }
  },
  {
   "type": "Feature",
   "properties": {
    "text": "F-Structure",
    "kind": "other",
    "font": "Gen_District-Pro-Bold_Bo",
    "size": 6.0
   },
   "geometry": {
    "type": "Point",
    "coordinates": [
     51.354078,
     27.238479
    ]
   }
  },
  {
   "type": "Feature",
   "properties": {
    "text": "Assaluyeh",
    "kind": "other",
    "font": "Gen_District-Pro-Bold_Bo",
    "size": 6.0
   },
   "geometry": {
    "type": "Point",
    "coordinates": [
     52.842896,
     27.686558
    ]
   }
  },
  {
   "type": "Feature",
   "properties": {
    "text": "Varavi",
    "kind": "other",
    "font": "Gen_District-Pro-Bold_Bo",
    "size": 6.0
   },
   "geometry": {
    "type": "Point",
    "coordinates": [
     53.206641,
     27.598176
    ]
   }
  },
  {
   "type": "Feature",
   "properties": {
    "text": "Tabruk",
    "kind": "other",
    "font": "Gen_District-Pro-Bold_Bo",
    "size": 6.0
   },
   "geometry": {
    "type": "Point",
    "coordinates": [
     53.330344,
     27.338027
    ]
   }
  },
  {
   "type": "Feature",
   "properties": {
    "text": "T-1",
    "kind": "other",
    "font": "Gen_District-Pro-Bold_Bo",
    "size": 6.0
   },
   "geometry": {
    "type": "Point",
    "coordinates": [
     53.60633,
     26.607453
    ]
   }
  },
  {
   "type": "Feature",
   "properties": {
    "text": "Balal",
    "kind": "other",
    "font": "Gen_District-Pro-Bold_Bo",
    "size": 6.0
   },
   "geometry": {
    "type": "Point",
    "coordinates": [
     52.72013,
     26.28096
    ]
   }
  },
  {
   "type": "Feature",
   "properties": {
    "text": "Samand",
    "kind": "other",
    "font": "Gen_District-Pro-Bold_Bo",
    "size": 6.0
   },
   "geometry": {
    "type": "Point",
    "coordinates": [
     46.988205,
     32.985123
    ]
   }
  },
  {
   "type": "Feature",
   "properties": {
    "text": "Huleylan",
    "kind": "other",
    "font": "Gen_District-Pro-Bold_Bo",
    "size": 6.0
   },
   "geometry": {
    "type": "Point",
    "coordinates": [
     47.00287,
     33.904325
    ]
   }
  },
  {
   "type": "Feature",
   "properties": {
    "text": "Kabir Kuh",
    "kind": "other",
    "font": "Gen_District-Pro-Bold_Bo",
    "size": 6.0
   },
   "geometry": {
    "type": "Point",
    "coordinates": [
     46.69272,
     33.521741
    ]
   }
  },
  {
   "type": "Feature",
   "properties": {
    "text": "Tang-E-Bijar",
    "kind": "other",
    "font": "Gen_District-Pro-Bold_Bo",
    "size": 6.0
   },
   "geometry": {
    "type": "Point",
    "coordinates": [
     46.067586,
     33.848932
    ]
   }
  },
  {
   "type": "Feature",
   "properties": {
    "text": "Tal Ghazal",
    "kind": "other",
    "font": "Gen_District-Pro-Bold_Bo",
    "size": 6.0
   },
   "geometry": {
    "type": "Point",
    "coordinates": [
     45.002233,
     33.975944
    ]
   }
  },
  {
   "type": "Feature",
   "properties": {
    "text": "Naft Khaneh",
    "kind": "other",
    "font": "Gen_District-Pro-Bold_Bo",
    "size": 6.0
   },
   "geometry": {
    "type": "Point",
    "coordinates": [
     45.687402,
     34.116754
    ]
   }
  },
  {
   "type": "Feature",
   "properties": {
    "text": "Mansuriyah",
    "kind": "other",
    "font": "Gen_District-Pro-Bold_Bo",
    "size": 6.0
   },
   "geometry": {
    "type": "Point",
    "coordinates": [
     44.668728,
     34.16486
    ]
   }
  },
  {
   "type": "Feature",
   "properties": {
    "text": "Jeria Pika",
    "kind": "other",
    "font": "Gen_District-Pro-Bold_Bo",
    "size": 6.0
   },
   "geometry": {
    "type": "Point",
    "coordinates": [
     45.689999,
     34.318
    ]
   }
  },
  {
   "type": "Feature",
   "properties": {
    "text": "Khashem Al-Ahmar",
    "kind": "other",
    "font": "Gen_District-Pro-Bold_Bo",
    "size": 6.0
   },
   "geometry": {
    "type": "Point",
    "coordinates": [
     44.336149,
     34.418875
    ]
   }
  },
  {
   "type": "Feature",
   "properties": {
    "text": "Qumar",
    "kind": "other",
    "font": "Gen_District-Pro-Bold_Bo",
    "size": 6.0
   },
   "geometry": {
    "type": "Point",
    "coordinates": [
     45.135652,
     34.679309
    ]
   }
  },
  {
   "type": "Feature",
   "properties": {
    "text": "Gilabat",
    "kind": "other",
    "font": "Gen_District-Pro-Bold_Bo",
    "size": 6.0
   },
   "geometry": {
    "type": "Point",
    "coordinates": [
     44.611564,
     34.615612
    ]
   }
  },
  {
   "type": "Feature",
   "properties": {
    "text": "Kurdamir",
    "kind": "other",
    "font": "Gen_District-Pro-Bold_Bo",
    "size": 6.0
   },
   "geometry": {
    "type": "Point",
    "coordinates": [
     45.41679,
     35.11505
    ]
   }
  },
  {
   "type": "Feature",
   "properties": {
    "text": "Kor Moor (Anfal)",
    "kind": "other",
    "font": "Gen_District-Pro-Bold_Bo",
    "size": 6.0
   },
   "geometry": {
    "type": "Point",
    "coordinates": [
     45.179224,
     35.214818
    ]
   }
  },
  {
   "type": "Feature",
   "properties": {
    "text": "Jambur",
    "kind": "other",
    "font": "Gen_District-Pro-Bold_Bo",
    "size": 6.0
   },
   "geometry": {
    "type": "Point",
    "coordinates": [
     44.614537,
     35.323552
    ]
   }
  },
  {
   "type": "Feature",
   "properties": {
    "text": "Khabbaz",
    "kind": "other",
    "font": "Gen_District-Pro-Bold_Bo",
    "size": 6.0
   },
   "geometry": {
    "type": "Point",
    "coordinates": [
     44.037527,
     35.509474
    ]
   }
  },
  {
   "type": "Feature",
   "properties": {
    "text": "Kirkuk-Avana",
    "kind": "other",
    "font": "Gen_District-Pro-Bold_Bo",
    "size": 6.0
   },
   "geometry": {
    "type": "Point",
    "coordinates": [
     44.400572,
     35.76471
    ]
   }
  },
  {
   "type": "Feature",
   "properties": {
    "text": "Bai Hassan",
    "kind": "other",
    "font": "Gen_District-Pro-Bold_Bo",
    "size": 6.0
   },
   "geometry": {
    "type": "Point",
    "coordinates": [
     43.621586,
     35.768052
    ]
   }
  },
  {
   "type": "Feature",
   "properties": {
    "text": "Qasab",
    "kind": "other",
    "font": "Gen_District-Pro-Bold_Bo",
    "size": 6.0
   },
   "geometry": {
    "type": "Point",
    "coordinates": [
     43.278425,
     35.988773
    ]
   }
  },
  {
   "type": "Feature",
   "properties": {
    "text": "Qalian",
    "kind": "other",
    "font": "Gen_District-Pro-Bold_Bo",
    "size": 6.0
   },
   "geometry": {
    "type": "Point",
    "coordinates": [
     43.27383,
     36.215682
    ]
   }
  },
  {
   "type": "Feature",
   "properties": {
    "text": "Atshan",
    "kind": "other",
    "font": "Gen_District-Pro-Bold_Bo",
    "size": 6.0
   },
   "geometry": {
    "type": "Point",
    "coordinates": [
     43.110484,
     36.438049
    ]
   }
  },
  {
   "type": "Feature",
   "properties": {
    "text": "Demir Dagh",
    "kind": "other",
    "font": "Gen_District-Pro-Bold_Bo",
    "size": 6.0
   },
   "geometry": {
    "type": "Point",
    "coordinates": [
     43.837911,
     36.337653
    ]
   }
  },
  {
   "type": "Feature",
   "properties": {
    "text": "Chemchemal",
    "kind": "other",
    "font": "Gen_District-Pro-Bold_Bo",
    "size": 6.0
   },
   "geometry": {
    "type": "Point",
    "coordinates": [
     44.842848,
     35.889633
    ]
   }
  },
  {
   "type": "Feature",
   "properties": {
    "text": "Akkas",
    "kind": "other",
    "font": "Gen_District-Pro-Bold_Bo",
    "size": 6.0
   },
   "geometry": {
    "type": "Point",
    "coordinates": [
     40.999738,
     34.103113
    ]
   }
  },
  {
   "type": "Feature",
   "properties": {
    "text": "Arak",
    "kind": "other",
    "font": "Gen_District-Pro-Bold_Bo",
    "size": 6.0
   },
   "geometry": {
    "type": "Point",
    "coordinates": [
     38.531726,
     34.69007
    ]
   }
  },
  {
   "type": "Feature",
   "properties": {
    "text": "Ash Shaer",
    "kind": "other",
    "font": "Gen_District-Pro-Bold_Bo",
    "size": 6.0
   },
   "geometry": {
    "type": "Point",
    "coordinates": [
     38.238017,
     34.795765
    ]
   }
  },
  {
   "type": "Feature",
   "properties": {
    "text": "Karish",
    "kind": "other",
    "font": "Gen_District-Pro-Bold_Bo",
    "size": 6.0
   },
   "geometry": {
    "type": "Point",
    "coordinates": [
     34.579832,
     33.300427
    ]
   }
  },
  {
   "type": "Feature",
   "properties": {
    "text": "Tamar",
    "kind": "other",
    "font": "Gen_District-Pro-Bold_Bo",
    "size": 6.0
   },
   "geometry": {
    "type": "Point",
    "coordinates": [
     34.229231,
     33.018486
    ]
   }
  },
  {
   "type": "Feature",
   "properties": {
    "text": "Tanin",
    "kind": "other",
    "font": "Gen_District-Pro-Bold_Bo",
    "size": 6.0
   },
   "geometry": {
    "type": "Point",
    "coordinates": [
     34.186559,
     33.129882
    ]
   }
  },
  {
   "type": "Feature",
   "properties": {
    "text": "Dalit",
    "kind": "other",
    "font": "Gen_District-Pro-Bold_Bo",
    "size": 6.0
   },
   "geometry": {
    "type": "Point",
    "coordinates": [
     34.432765,
     32.805103
    ]
   }
  },
  {
   "type": "Feature",
   "properties": {
    "text": "Pinnacles",
    "kind": "other",
    "font": "Gen_District-Pro-Bold_Bo",
    "size": 6.0
   },
   "geometry": {
    "type": "Point",
    "coordinates": [
     34.468644,
     31.809182
    ]
   }
  },
  {
   "type": "Feature",
   "properties": {
    "text": "Mari-B",
    "kind": "other",
    "font": "Gen_District-Pro-Bold_Bo",
    "size": 6.0
   },
   "geometry": {
    "type": "Point",
    "coordinates": [
     34.529091,
     31.726961
    ]
   }
  },
  {
   "type": "Feature",
   "properties": {
    "text": "Noa",
    "kind": "other",
    "font": "Gen_District-Pro-Bold_Bo",
    "size": 6.0
   },
   "geometry": {
    "type": "Point",
    "coordinates": [
     34.13587,
     31.88502
    ]
   }
  },
  {
   "type": "Feature",
   "properties": {
    "text": "Gaza Marine",
    "kind": "other",
    "font": "Gen_District-Pro-Bold_Bo",
    "size": 6.0
   },
   "geometry": {
    "type": "Point",
    "coordinates": [
     34.30027,
     31.551845
    ]
   }
  },
  {
   "type": "Feature",
   "properties": {
    "text": "Karish N",
    "kind": "other",
    "font": "Gen_District-Pro-Bold_Bo",
    "size": 6.0
   },
   "geometry": {
    "type": "Point",
    "coordinates": [
     34.204537,
     33.329529
    ]
   }
  },
  {
   "type": "Feature",
   "properties": {
    "text": "Al Hail",
    "kind": "other",
    "font": "Gen_District-Pro-Bold_Bo",
    "size": 6.0
   },
   "geometry": {
    "type": "Point",
    "coordinates": [
     38.929604,
     34.746215
    ]
   }
  },
  {
   "type": "Feature",
   "properties": {
    "text": "Doubayat",
    "kind": "other",
    "font": "Gen_District-Pro-Bold_Bo",
    "size": 6.0
   },
   "geometry": {
    "type": "Point",
    "coordinates": [
     39.125219,
     34.613226
    ]
   }
  },
  {
   "type": "Feature",
   "properties": {
    "text": "Najeeb",
    "kind": "other",
    "font": "Gen_District-Pro-Bold_Bo",
    "size": 6.0
   },
   "geometry": {
    "type": "Point",
    "coordinates": [
     39.142144,
     34.91575
    ]
   }
  },
  {
   "type": "Feature",
   "properties": {
    "text": "Soukhneh",
    "kind": "other",
    "font": "Gen_District-Pro-Bold_Bo",
    "size": 6.0
   },
   "geometry": {
    "type": "Point",
    "coordinates": [
     38.607398,
     34.892799
    ]
   }
  },
  {
   "type": "Feature",
   "properties": {
    "text": "Cherrife",
    "kind": "other",
    "font": "Gen_District-Pro-Bold_Bo",
    "size": 6.0
   },
   "geometry": {
    "type": "Point",
    "coordinates": [
     37.253165,
     34.430663
    ]
   }
  },
  {
   "type": "Feature",
   "properties": {
    "text": "KomKom",
    "kind": "other",
    "font": "Gen_District-Pro-Bold_Bo",
    "size": 6.0
   },
   "geometry": {
    "type": "Point",
    "coordinates": [
     37.648897,
     34.642679
    ]
   }
  },
  {
   "type": "Feature",
   "properties": {
    "text": "Bilas",
    "kind": "other",
    "font": "Gen_District-Pro-Bold_Bo",
    "size": 6.0
   },
   "geometry": {
    "type": "Point",
    "coordinates": [
     37.475054,
     34.904172
    ]
   }
  },
  {
   "type": "Feature",
   "properties": {
    "text": "Al Rasem",
    "kind": "other",
    "font": "Gen_District-Pro-Bold_Bo",
    "size": 6.0
   },
   "geometry": {
    "type": "Point",
    "coordinates": [
     37.286165,
     35.070546
    ]
   }
  },
  {
   "type": "Feature",
   "properties": {
    "text": "Abou Dohour",
    "kind": "other",
    "font": "Gen_District-Pro-Bold_Bo",
    "size": 6.0
   },
   "geometry": {
    "type": "Point",
    "coordinates": [
     37.750523,
     34.990631
    ]
   }
  },
  {
   "type": "Feature",
   "properties": {
    "text": "Feid",
    "kind": "other",
    "font": "Gen_District-Pro-Bold_Bo",
    "size": 6.0
   },
   "geometry": {
    "type": "Point",
    "coordinates": [
     37.277138,
     34.663606
    ]
   }
  },
  {
   "type": "Feature",
   "properties": {
    "text": "Abou Rabah",
    "kind": "other",
    "font": "Gen_District-Pro-Bold_Bo",
    "size": 6.0
   },
   "geometry": {
    "type": "Point",
    "coordinates": [
     36.542048,
     34.579969
    ]
   }
  },
  {
   "type": "Feature",
   "properties": {
    "text": "Abou Rjmain",
    "kind": "other",
    "font": "Gen_District-Pro-Bold_Bo",
    "size": 6.0
   },
   "geometry": {
    "type": "Point",
    "coordinates": [
     38.580293,
     34.983657
    ]
   }
  },
  {
   "type": "Feature",
   "properties": {
    "text": "Al Zamieh-Ajouz",
    "kind": "other",
    "font": "Gen_District-Pro-Bold_Bo",
    "size": 6.0
   },
   "geometry": {
    "type": "Point",
    "coordinates": [
     39.36894,
     35.474213
    ]
   }
  },
  {
   "type": "Feature",
   "properties": {
    "text": "Al Kalaa",
    "kind": "other",
    "font": "Gen_District-Pro-Bold_Bo",
    "size": 6.0
   },
   "geometry": {
    "type": "Point",
    "coordinates": [
     39.106895,
     35.628345
    ]
   }
  },
  {
   "type": "Feature",
   "properties": {
    "text": "Margada",
    "kind": "other",
    "font": "Gen_District-Pro-Bold_Bo",
    "size": 6.0
   },
   "geometry": {
    "type": "Point",
    "coordinates": [
     41.18543,
     35.791288
    ]
   }
  },
  {
   "type": "Feature",
   "properties": {
    "text": "Gbeibe",
    "kind": "other",
    "font": "Gen_District-Pro-Bold_Bo",
    "size": 6.0
   },
   "geometry": {
    "type": "Point",
    "coordinates": [
     41.356216,
     36.031951
    ]
   }
  },
  {
   "type": "Feature",
   "properties": {
    "text": "Sheikh Sulaiman",
    "kind": "other",
    "font": "Gen_District-Pro-Bold_Bo",
    "size": 6.0
   },
   "geometry": {
    "type": "Point",
    "coordinates": [
     40.451659,
     36.458058
    ]
   }
  },
  {
   "type": "Feature",
   "properties": {
    "text": "Al Hol",
    "kind": "other",
    "font": "Gen_District-Pro-Bold_Bo",
    "size": 6.0
   },
   "geometry": {
    "type": "Point",
    "coordinates": [
     41.430618,
     36.555387
    ]
   }
  },
  {
   "type": "Feature",
   "properties": {
    "text": "Jeribe",
    "kind": "other",
    "font": "Gen_District-Pro-Bold_Bo",
    "size": 6.0
   },
   "geometry": {
    "type": "Point",
    "coordinates": [
     41.438206,
     36.417672
    ]
   }
  },
  {
   "type": "Feature",
   "properties": {
    "text": "Matlout",
    "kind": "other",
    "font": "Gen_District-Pro-Bold_Bo",
    "size": 6.0
   },
   "geometry": {
    "type": "Point",
    "coordinates": [
     41.544451,
     36.749075
    ]
   }
  },
  {
   "type": "Feature",
   "properties": {
    "text": "Khirbah",
    "kind": "other",
    "font": "Gen_District-Pro-Bold_Bo",
    "size": 6.0
   },
   "geometry": {
    "type": "Point",
    "coordinates": [
     41.538165,
     36.856416
    ]
   }
  },
  {
   "type": "Feature",
   "properties": {
    "text": "Lelac",
    "kind": "other",
    "font": "Gen_District-Pro-Bold_Bo",
    "size": 6.0
   },
   "geometry": {
    "type": "Point",
    "coordinates": [
     41.848859,
     37.205959
    ]
   }
  },
  {
   "type": "Feature",
   "properties": {
    "text": "Ajeel",
    "kind": "other",
    "font": "Gen_District-Pro-Bold_Bo",
    "size": 6.0
   },
   "geometry": {
    "type": "Point",
    "coordinates": [
     43.775035,
     35.041893
    ]
   }
  },
  {
   "type": "Feature",
   "properties": {
    "text": "Alborz",
    "kind": "other",
    "font": "Gen_District-Pro-Bold_Bo",
    "size": 6.0
   },
   "geometry": {
    "type": "Point",
    "coordinates": [
     51.092652,
     34.756155
    ]
   }
  },
  {
   "type": "Feature",
   "properties": {
    "text": "Sarajeh",
    "kind": "other",
    "font": "Gen_District-Pro-Bold_Bo",
    "size": 6.0
   },
   "geometry": {
    "type": "Point",
    "coordinates": [
     51.517159,
     34.545819
    ]
   }
  },
  {
   "type": "Feature",
   "properties": {
    "text": "Khwaja",
    "kind": "other",
    "font": "Gen_District-Pro-Bold_Bo",
    "size": 6.0
   },
   "geometry": {
    "type": "Point",
    "coordinates": [
     62.877116,
     35.079958
    ]
   }
  },
  {
   "type": "Feature",
   "properties": {
    "text": "Pogranichnaya",
    "kind": "other",
    "font": "Gen_District-Pro-Bold_Bo",
    "size": 6.0
   },
   "geometry": {
    "type": "Point",
    "coordinates": [
     63.222625,
     35.168984
    ]
   }
  },
  {
   "type": "Feature",
   "properties": {
    "text": "Garachop",
    "kind": "other",
    "font": "Gen_District-Pro-Bold_Bo",
    "size": 6.0
   },
   "geometry": {
    "type": "Point",
    "coordinates": [
     62.900755,
     35.435457
    ]
   }
  },
  {
   "type": "Feature",
   "properties": {
    "text": "Chemenbit",
    "kind": "other",
    "font": "Gen_District-Pro-Bold_Bo",
    "size": 6.0
   },
   "geometry": {
    "type": "Point",
    "coordinates": [
     62.886302,
     35.603479
    ]
   }
  },
  {
   "type": "Feature",
   "properties": {
    "text": "Morgunovka",
    "kind": "other",
    "font": "Gen_District-Pro-Bold_Bo",
    "size": 6.0
   },
   "geometry": {
    "type": "Point",
    "coordinates": [
     62.050162,
     35.444966
    ]
   }
  },
  {
   "type": "Feature",
   "properties": {
    "text": "Islim",
    "kind": "other",
    "font": "Gen_District-Pro-Bold_Bo",
    "size": 6.0
   },
   "geometry": {
    "type": "Point",
    "coordinates": [
     62.277701,
     35.337487
    ]
   }
  },
  {
   "type": "Feature",
   "properties": {
    "text": "Salman",
    "kind": "other",
    "font": "Gen_District-Pro-Bold_Bo",
    "size": 6.0
   },
   "geometry": {
    "type": "Point",
    "coordinates": [
     52.969058,
     25.620361
    ]
   }
  },
  {
   "type": "Feature",
   "properties": {
    "text": "Abu Al Bukhoosh",
    "kind": "other",
    "font": "Gen_District-Pro-Bold_Bo",
    "size": 6.0
   },
   "geometry": {
    "type": "Point",
    "coordinates": [
     53.504776,
     25.509557
    ]
   }
  },
  {
   "type": "Feature",
   "properties": {
    "text": "Al Rayyan",
    "kind": "other",
    "font": "Gen_District-Pro-Bold_Bo",
    "size": 6.0
   },
   "geometry": {
    "type": "Point",
    "coordinates": [
     51.306673,
     26.697323
    ]
   }
  },
  {
   "type": "Feature",
   "properties": {
    "text": "Al Rayyan S",
    "kind": "other",
    "font": "Gen_District-Pro-Bold_Bo",
    "size": 6.0
   },
   "geometry": {
    "type": "Point",
    "coordinates": [
     51.289948,
     26.473508
    ]
   }
  },
  {
   "type": "Feature",
   "properties": {
    "text": "South Pars",
    "kind": "other",
    "font": "Gen_District-Pro-Bold_Bo",
    "size": 6.0
   },
   "geometry": {
    "type": "Point",
    "coordinates": [
     52.63751,
     26.967195
    ]
   }
  },
  {
   "type": "Feature",
   "properties": {
    "text": "Awali",
    "kind": "other",
    "font": "Gen_District-Pro-Bold_Bo",
    "size": 6.0
   },
   "geometry": {
    "type": "Point",
    "coordinates": [
     50.724147,
     26.004762
    ]
   }
  },
  {
   "type": "Feature",
   "properties": {
    "text": "Dukhan",
    "kind": "other",
    "font": "Gen_District-Pro-Bold_Bo",
    "size": 6.0
   },
   "geometry": {
    "type": "Point",
    "coordinates": [
     50.97037,
     25.33671
    ]
   }
  },
  {
   "type": "Feature",
   "properties": {
    "text": "North Field",
    "kind": "other",
    "font": "Gen_District-Pro-Bold_Bo",
    "size": 6.0
   },
   "geometry": {
    "type": "Point",
    "coordinates": [
     51.142005,
     26.186799
    ]
   }
  },
  {
   "type": "Feature",
   "properties": {
    "text": "Bul Hanine",
    "kind": "other",
    "font": "Gen_District-Pro-Bold_Bo",
    "size": 6.0
   },
   "geometry": {
    "type": "Point",
    "coordinates": [
     53.047767,
     25.408028
    ]
   }
  },
  {
   "type": "Feature",
   "properties": {
    "text": "Idd El Shargi",
    "kind": "other",
    "font": "Gen_District-Pro-Bold_Bo",
    "size": 6.0
   },
   "geometry": {
    "type": "Point",
    "coordinates": [
     52.184713,
     25.252359
    ]
   }
  },
  {
   "type": "Feature",
   "properties": {
    "text": "Salah Deep",
    "kind": "other",
    "font": "Gen_District-Pro-Bold_Bo",
    "size": 6.0
   },
   "geometry": {
    "type": "Point",
    "coordinates": [
     55.501126,
     26.203973
    ]
   }
  },
  {
   "type": "Feature",
   "properties": {
    "text": "Mubarek",
    "kind": "other",
    "font": "Gen_District-Pro-Bold_Bo",
    "size": 6.0
   },
   "geometry": {
    "type": "Point",
    "coordinates": [
     55.418603,
     25.940854
    ]
   }
  },
  {
   "type": "Feature",
   "properties": {
    "text": "Umm Al Quwain",
    "kind": "other",
    "font": "Gen_District-Pro-Bold_Bo",
    "size": 6.0
   },
   "geometry": {
    "type": "Point",
    "coordinates": [
     55.711022,
     25.677623
    ]
   }
  },
  {
   "type": "Feature",
   "properties": {
    "text": "Tibat",
    "kind": "other",
    "font": "Gen_District-Pro-Bold_Bo",
    "size": 6.0
   },
   "geometry": {
    "type": "Point",
    "coordinates": [
     56.17907,
     26.145807
    ]
   }
  },
  {
   "type": "Feature",
   "properties": {
    "text": "Sarqala",
    "kind": "other",
    "font": "Gen_District-Pro-Bold_Bo",
    "size": 6.0
   },
   "geometry": {
    "type": "Point",
    "coordinates": [
     45.267802,
     34.761155
    ]
   }
  },
  {
   "type": "Feature",
   "properties": {
    "text": "Bina Bawi",
    "kind": "other",
    "font": "Gen_District-Pro-Bold_Bo",
    "size": 6.0
   },
   "geometry": {
    "type": "Point",
    "coordinates": [
     44.712064,
     36.289806
    ]
   }
  },
  {
   "type": "Feature",
   "properties": {
    "text": "Kirkuk-Khurmala",
    "kind": "other",
    "font": "Gen_District-Pro-Bold_Bo",
    "size": 6.0
   },
   "geometry": {
    "type": "Point",
    "coordinates": [
     44.039451,
     36.07923
    ]
   }
  },
  {
   "type": "Feature",
   "properties": {
    "text": "Kirkuk-Baba",
    "kind": "other",
    "font": "Gen_District-Pro-Bold_Bo",
    "size": 6.0
   },
   "geometry": {
    "type": "Point",
    "coordinates": [
     44.781509,
     35.401784
    ]
   }
  },
  {
   "type": "Feature",
   "properties": {
    "text": "Mubarras",
    "kind": "place",
    "font": "Gen_Arial",
    "size": 7.0
   },
   "geometry": {
    "type": "Point",
    "coordinates": [
     53.56599,
     24.500475
    ]
   }
  },
  {
   "type": "Feature",
   "properties": {
    "text": "Jebel Dhanna",
    "kind": "place",
    "font": "Gen_Arial",
    "size": 7.0
   },
   "geometry": {
    "type": "Point",
    "coordinates": [
     52.307357,
     24.209547
    ]
   }
  },
  {
   "type": "Feature",
   "properties": {
    "text": "Dukhan",
    "kind": "place",
    "font": "Gen_Arial",
    "size": 7.0
   },
   "geometry": {
    "type": "Point",
    "coordinates": [
     50.924,
     25.502692
    ]
   }
  },
  {
   "type": "Feature",
   "properties": {
    "text": "Ras Laffan",
    "kind": "place",
    "font": "Gen_Arial",
    "size": 7.0
   },
   "geometry": {
    "type": "Point",
    "coordinates": [
     51.316557,
     25.881432
    ]
   }
  },
  {
   "type": "Feature",
   "properties": {
    "text": "Sirri D",
    "kind": "other",
    "font": "Gen_District-Pro-Bold_Bo",
    "size": 6.0
   },
   "geometry": {
    "type": "Point",
    "coordinates": [
     54.533853,
     25.746921
    ]
   }
  },
  {
   "type": "Feature",
   "properties": {
    "text": "Fateh",
    "kind": "other",
    "font": "Gen_District-Pro-Bold_Bo",
    "size": 6.0
   },
   "geometry": {
    "type": "Point",
    "coordinates": [
     54.562795,
     25.572578
    ]
   }
  },
  {
   "type": "Feature",
   "properties": {
    "text": "Buzurgan",
    "kind": "other",
    "font": "Gen_District-Pro-Bold_Bo",
    "size": 6.0
   },
   "geometry": {
    "type": "Point",
    "coordinates": [
     47.031783,
     32.35408
    ]
   }
  },
  {
   "type": "Feature",
   "properties": {
    "text": "Zubair",
    "kind": "other",
    "font": "Gen_District-Pro-Bold_Bo",
    "size": 6.0
   },
   "geometry": {
    "type": "Point",
    "coordinates": [
     47.927278,
     30.144747
    ]
   }
  },
  {
   "type": "Feature",
   "properties": {
    "text": "Ratqa",
    "kind": "other",
    "font": "Gen_District-Pro-Bold_Bo",
    "size": 6.0
   },
   "geometry": {
    "type": "Point",
    "coordinates": [
     47.365349,
     29.994524
    ]
   }
  },
  {
   "type": "Feature",
   "properties": {
    "text": "Rumaila N",
    "kind": "other",
    "font": "Gen_District-Pro-Bold_Bo",
    "size": 6.0
   },
   "geometry": {
    "type": "Point",
    "coordinates": [
     47.041963,
     30.760739
    ]
   }
  },
  {
   "type": "Feature",
   "properties": {
    "text": "Rumaila S",
    "kind": "other",
    "font": "Gen_District-Pro-Bold_Bo",
    "size": 6.0
   },
   "geometry": {
    "type": "Point",
    "coordinates": [
     47.138707,
     30.164488
    ]
   }
  },
  {
   "type": "Feature",
   "properties": {
    "text": "Umm Gudair",
    "kind": "other",
    "font": "Gen_District-Pro-Bold_Bo",
    "size": 6.0
   },
   "geometry": {
    "type": "Point",
    "coordinates": [
     47.459301,
     28.809556
    ]
   }
  },
  {
   "type": "Feature",
   "properties": {
    "text": "Fadhili",
    "kind": "other",
    "font": "Gen_District-Pro-Bold_Bo",
    "size": 6.0
   },
   "geometry": {
    "type": "Point",
    "coordinates": [
     49.032743,
     27.019825
    ]
   }
  },
  {
   "type": "Feature",
   "properties": {
    "text": "Jafurah",
    "kind": "other",
    "font": "Gen_District-Pro-Bold_Bo",
    "size": 6.0
   },
   "geometry": {
    "type": "Point",
    "coordinates": [
     50.063899,
     24.599578
    ]
   }
  },
  {
   "type": "Feature",
   "properties": {
    "text": "Basin",
    "kind": "other",
    "font": "Gen_District-Pro-Bold_Bo",
    "size": 6.0
   },
   "geometry": {
    "type": "Point",
    "coordinates": [
     50.063912,
     24.526997
    ]
   }
  },
  {
   "type": "Feature",
   "properties": {
    "text": "Luhais",
    "kind": "other",
    "font": "Gen_District-Pro-Bold_Bo",
    "size": 6.0
   },
   "geometry": {
    "type": "Point",
    "coordinates": [
     46.651047,
     30.387039
    ]
   }
  },
  {
   "type": "Feature",
   "properties": {
    "text": "Subba",
    "kind": "other",
    "font": "Gen_District-Pro-Bold_Bo",
    "size": 6.0
   },
   "geometry": {
    "type": "Point",
    "coordinates": [
     46.510648,
     30.735237
    ]
   }
  },
  {
   "type": "Feature",
   "properties": {
    "text": "Ratawi",
    "kind": "other",
    "font": "Gen_District-Pro-Bold_Bo",
    "size": 6.0
   },
   "geometry": {
    "type": "Point",
    "coordinates": [
     47.119174,
     30.311493
    ]
   }
  },
  {
   "type": "Feature",
   "properties": {
    "text": "Nahr Bin Umar",
    "kind": "other",
    "font": "Gen_District-Pro-Bold_Bo",
    "size": 6.0
   },
   "geometry": {
    "type": "Point",
    "coordinates": [
     47.817057,
     30.893827
    ]
   }
  },
  {
   "type": "Feature",
   "properties": {
    "text": "Majnoon",
    "kind": "other",
    "font": "Gen_District-Pro-Bold_Bo",
    "size": 6.0
   },
   "geometry": {
    "type": "Point",
    "coordinates": [
     47.437877,
     31.329373
    ]
   }
  },
  {
   "type": "Feature",
   "properties": {
    "text": "West Qurna",
    "kind": "other",
    "font": "Gen_District-Pro-Bold_Bo",
    "size": 6.0
   },
   "geometry": {
    "type": "Point",
    "coordinates": [
     46.994012,
     31.136308
    ]
   }
  },
  {
   "type": "Feature",
   "properties": {
    "text": "Tarsus I-II",
    "kind": "other",
    "font": "Gen_District-Pro-Bold_Bo",
    "size": 6.0
   },
   "geometry": {
    "type": "Point",
    "coordinates": [
     34.687522,
     36.952178
    ]
   }
  },
  {
   "type": "Feature",
   "properties": {
    "text": "JORDAN",
    "kind": "country",
    "font": "Gen_Calibri",
    "size": 13.72
   },
   "geometry": {
    "type": "Point",
    "coordinates": [
     36.572898,
     30.566032
    ]
   }
  },
  {
   "type": "Feature",
   "properties": {
    "text": "ISRAEL",
    "kind": "country",
    "font": "Gen_Calibri",
    "size": 13.72
   },
   "geometry": {
    "type": "Point",
    "coordinates": [
     35.082479,
     31.394314
    ]
   }
  },
  {
   "type": "Feature",
   "properties": {
    "text": "EGYPT",
    "kind": "country",
    "font": "Gen_Calibri",
    "size": 13.72
   },
   "geometry": {
    "type": "Point",
    "coordinates": [
     34.403683,
     29.391546
    ]
   }
  },
  {
   "type": "Feature",
   "properties": {
    "text": "S A U D I   A R A B I A",
    "kind": "country",
    "font": "Gen_Calibri",
    "size": 13.72
   },
   "geometry": {
    "type": "Point",
    "coordinates": [
     42.578915,
     26.845859
    ]
   }
  },
  {
   "type": "Feature",
   "properties": {
    "text": "KUWAIT",
    "kind": "country",
    "font": "Gen_Calibri",
    "size": 13.72
   },
   "geometry": {
    "type": "Point",
    "coordinates": [
     47.340533,
     29.65187
    ]
   }
  },
  {
   "type": "Feature",
   "properties": {
    "text": "I R A Q",
    "kind": "country",
    "font": "Gen_Calibri",
    "size": 13.72
   },
   "geometry": {
    "type": "Point",
    "coordinates": [
     42.797064,
     32.64921
    ]
   }
  },
  {
   "type": "Feature",
   "properties": {
    "text": "I R A N",
    "kind": "country",
    "font": "Gen_Calibri",
    "size": 13.72
   },
   "geometry": {
    "type": "Point",
    "coordinates": [
     54.98196,
     33.090442
    ]
   }
  },
  {
   "type": "Feature",
   "properties": {
    "text": "SYRIA",
    "kind": "country",
    "font": "Gen_Calibri",
    "size": 13.72
   },
   "geometry": {
    "type": "Point",
    "coordinates": [
     39.185726,
     35.155248
    ]
   }
  },
  {
   "type": "Feature",
   "properties": {
    "text": "TURKEY",
    "kind": "country",
    "font": "Gen_Calibri",
    "size": 13.72
   },
   "geometry": {
    "type": "Point",
    "coordinates": [
     41.843965,
     39.05344
    ]
   }
  },
  {
   "type": "Feature",
   "properties": {
    "text": "LEBANON",
    "kind": "country",
    "font": "Gen_Calibri",
    "size": 13.72
   },
   "geometry": {
    "type": "Point",
    "coordinates": [
     36.090854,
     34.206606
    ]
   }
  },
  {
   "type": "Feature",
   "properties": {
    "text": "QATAR",
    "kind": "country",
    "font": "Gen_Calibri",
    "size": 13.72
   },
   "geometry": {
    "type": "Point",
    "coordinates": [
     51.149335,
     24.756745
    ]
   }
  },
  {
   "type": "Feature",
   "properties": {
    "text": "BAHRAIN",
    "kind": "country",
    "font": "Gen_Calibri",
    "size": 11.83
   },
   "geometry": {
    "type": "Point",
    "coordinates": [
     50.678405,
     26.392502
    ]
   }
  },
  {
   "type": "Feature",
   "properties": {
    "text": "UNITED ARAB EMIRATES",
    "kind": "country",
    "font": "Gen_Calibri",
    "size": 13.72
   },
   "geometry": {
    "type": "Point",
    "coordinates": [
     53.033354,
     23.108711
    ]
   }
  },
  {
   "type": "Feature",
   "properties": {
    "text": "OMAN",
    "kind": "country",
    "font": "Gen_Calibri",
    "size": 13.72
   },
   "geometry": {
    "type": "Point",
    "coordinates": [
     56.797487,
     20.328251
    ]
   }
  },
  {
   "type": "Feature",
   "properties": {
    "text": "YEMEN",
    "kind": "country",
    "font": "Gen_Calibri",
    "size": 13.72
   },
   "geometry": {
    "type": "Point",
    "coordinates": [
     49.009743,
     16.669258
    ]
   }
  },
  {
   "type": "Feature",
   "properties": {
    "text": "DJIBOUTI",
    "kind": "country",
    "font": "Gen_Calibri",
    "size": 13.72
   },
   "geometry": {
    "type": "Point",
    "coordinates": [
     42.702606,
     11.922383
    ]
   }
  },
  {
   "type": "Feature",
   "properties": {
    "text": "ETHIOPIA",
    "kind": "country",
    "font": "Gen_Calibri",
    "size": 13.72
   },
   "geometry": {
    "type": "Point",
    "coordinates": [
     39.285881,
     11.735533
    ]
   }
  },
  {
   "type": "Feature",
   "properties": {
    "text": "AFGHANISTAN",
    "kind": "country",
    "font": "Gen_Calibri",
    "size": 13.72
   },
   "geometry": {
    "type": "Point",
    "coordinates": [
     62.52403,
     31.941436
    ]
   }
  },
  {
   "type": "Feature",
   "properties": {
    "text": "PAKISTAN",
    "kind": "country",
    "font": "Gen_Calibri",
    "size": 13.72
   },
   "geometry": {
    "type": "Point",
    "coordinates": [
     62.856638,
     28.826192
    ]
   }
  },
  {
   "type": "Feature",
   "properties": {
    "text": "T U R K M E N I S T A N",
    "kind": "country",
    "font": "Gen_Calibri",
    "size": 13.72
   },
   "geometry": {
    "type": "Point",
    "coordinates": [
     59.286701,
     39.196042
    ]
   }
  },
  {
   "type": "Feature",
   "properties": {
    "text": "AZERBAIJAN",
    "kind": "country",
    "font": "Gen_Calibri",
    "size": 13.72
   },
   "geometry": {
    "type": "Point",
    "coordinates": [
     47.829196,
     39.842224
    ]
   }
  },
  {
   "type": "Feature",
   "properties": {
    "text": "ARMENIA",
    "kind": "country",
    "font": "Gen_Calibri",
    "size": 13.72
   },
   "geometry": {
    "type": "Point",
    "coordinates": [
     45.305316,
     39.921348
    ]
   }
  },
  {
   "type": "Feature",
   "properties": {
    "text": "TEHRAN",
    "kind": "capital_city",
    "font": "Gen_Calibri_Bold",
    "size": 8.0
   },
   "geometry": {
    "type": "Point",
    "coordinates": [
     51.342248,
     35.796996
    ]
   }
  },
  {
   "type": "Feature",
   "properties": {
    "text": "ASHGABAT",
    "kind": "capital_city",
    "font": "Gen_Calibri_Bold",
    "size": 8.0
   },
   "geometry": {
    "type": "Point",
    "coordinates": [
     58.690467,
     38.033708
    ]
   }
  },
  {
   "type": "Feature",
   "properties": {
    "text": "BEIRUT",
    "kind": "capital_city",
    "font": "Gen_Calibri_Bold",
    "size": 8.0
   },
   "geometry": {
    "type": "Point",
    "coordinates": [
     35.315256,
     33.971901
    ]
   }
  },
  {
   "type": "Feature",
   "properties": {
    "text": "BAGHDAD",
    "kind": "capital_city",
    "font": "Gen_Calibri_Bold",
    "size": 8.0
   },
   "geometry": {
    "type": "Point",
    "coordinates": [
     44.117055,
     33.255304
    ]
   }
  },
  {
   "type": "Feature",
   "properties": {
    "text": "JERUSALEM",
    "kind": "capital_city",
    "font": "Gen_Calibri_Bold",
    "size": 8.0
   },
   "geometry": {
    "type": "Point",
    "coordinates": [
     35.458676,
     31.697166
    ]
   }
  },
  {
   "type": "Feature",
   "properties": {
    "text": "AMMAN",
    "kind": "capital_city",
    "font": "Gen_Calibri_Bold",
    "size": 8.0
   },
   "geometry": {
    "type": "Point",
    "coordinates": [
     36.125017,
     31.880446
    ]
   }
  },
  {
   "type": "Feature",
   "properties": {
    "text": "DAMASCUS",
    "kind": "capital_city",
    "font": "Gen_Calibri_Bold",
    "size": 8.0
   },
   "geometry": {
    "type": "Point",
    "coordinates": [
     36.578328,
     33.439111
    ]
   }
  },
  {
   "type": "Feature",
   "properties": {
    "text": "KUWAIT CITY",
    "kind": "capital_city",
    "font": "Gen_Calibri_Bold",
    "size": 8.0
   },
   "geometry": {
    "type": "Point",
    "coordinates": [
     48.29866,
     29.355181
    ]
   }
  },
  {
   "type": "Feature",
   "properties": {
    "text": "RIYADH",
    "kind": "capital_city",
    "font": "Gen_Calibri_Bold",
    "size": 8.0
   },
   "geometry": {
    "type": "Point",
    "coordinates": [
     46.49778,
     24.540108
    ]
   }
  },
  {
   "type": "Feature",
   "properties": {
    "text": "DOHA",
    "kind": "capital_city",
    "font": "Gen_Calibri_Bold",
    "size": 8.0
   },
   "geometry": {
    "type": "Point",
    "coordinates": [
     51.664367,
     25.361916
    ]
   }
  },
  {
   "type": "Feature",
   "properties": {
    "text": "ABU DHABI",
    "kind": "capital_city",
    "font": "Gen_Calibri_Bold",
    "size": 8.0
   },
   "geometry": {
    "type": "Point",
    "coordinates": [
     54.107202,
     24.511715
    ]
   }
  },
  {
   "type": "Feature",
   "properties": {
    "text": "MUSCAT",
    "kind": "capital_city",
    "font": "Gen_Calibri_Bold",
    "size": 8.0
   },
   "geometry": {
    "type": "Point",
    "coordinates": [
     58.707844,
     23.703105
    ]
   }
  },
  {
   "type": "Feature",
   "properties": {
    "text": "MANAMA",
    "kind": "capital_city",
    "font": "Gen_Calibri_Bold",
    "size": 8.0
   },
   "geometry": {
    "type": "Point",
    "coordinates": [
     50.825346,
     26.280706
    ]
   }
  },
  {
   "type": "Feature",
   "properties": {
    "text": "DJIBOUTI",
    "kind": "capital_city",
    "font": "Gen_Calibri_Bold",
    "size": 8.0
   },
   "geometry": {
    "type": "Point",
    "coordinates": [
     43.373006,
     11.633402
    ]
   }
  },
  {
   "type": "Feature",
   "properties": {
    "text": "SANAA",
    "kind": "capital_city",
    "font": "Gen_Calibri_Bold",
    "size": 8.0
   },
   "geometry": {
    "type": "Point",
    "coordinates": [
     44.004311,
     15.426246
    ]
   }
  },
  {
   "type": "Feature",
   "properties": {
    "text": "Kilis",
    "kind": "place",
    "font": "Gen_Arial",
    "size": 7.0
   },
   "geometry": {
    "type": "Point",
    "coordinates": [
     37.213351,
     36.770422
    ]
   }
  },
  {
   "type": "Feature",
   "properties": {
    "text": "Gaziantep",
    "kind": "place",
    "font": "Gen_Arial",
    "size": 7.0
   },
   "geometry": {
    "type": "Point",
    "coordinates": [
     37.602588,
     37.053867
    ]
   }
  },
  {
   "type": "Feature",
   "properties": {
    "text": "Kahramanmaras",
    "kind": "place",
    "font": "Gen_Arial",
    "size": 7.0
   },
   "geometry": {
    "type": "Point",
    "coordinates": [
     36.591894,
     37.619009
    ]
   }
  },
  {
   "type": "Feature",
   "properties": {
    "text": "Mersin",
    "kind": "place",
    "font": "Gen_Arial",
    "size": 7.0
   },
   "geometry": {
    "type": "Point",
    "coordinates": [
     34.534299,
     36.814826
    ]
   }
  },
  {
   "type": "Feature",
   "properties": {
    "text": "Adana",
    "kind": "place",
    "font": "Gen_Arial",
    "size": 7.0
   },
   "geometry": {
    "type": "Point",
    "coordinates": [
     35.20186,
     37.067438
    ]
   }
  },
  {
   "type": "Feature",
   "properties": {
    "text": "Ceyhan",
    "kind": "place",
    "font": "Gen_Arial",
    "size": 7.0
   },
   "geometry": {
    "type": "Point",
    "coordinates": [
     35.660709,
     37.075547
    ]
   }
  },
  {
   "type": "Feature",
   "properties": {
    "text": "Iskenderun",
    "kind": "place",
    "font": "Gen_Arial",
    "size": 7.0
   },
   "geometry": {
    "type": "Point",
    "coordinates": [
     35.955444,
     36.572491
    ]
   }
  },
  {
   "type": "Feature",
   "properties": {
    "text": "Dörtyol",
    "kind": "place",
    "font": "Gen_Arial",
    "size": 7.0
   },
   "geometry": {
    "type": "Point",
    "coordinates": [
     36.319997,
     36.904942
    ]
   }
  },
  {
   "type": "Feature",
   "properties": {
    "text": "Yumurtalik",
    "kind": "place",
    "font": "Gen_Arial",
    "size": 7.0
   },
   "geometry": {
    "type": "Point",
    "coordinates": [
     35.717364,
     36.86249
    ]
   }
  },
  {
   "type": "Feature",
   "properties": {
    "text": "Aleppo",
    "kind": "place",
    "font": "Gen_Arial",
    "size": 7.0
   },
   "geometry": {
    "type": "Point",
    "coordinates": [
     37.295115,
     36.159009
    ]
   }
  },
  {
   "type": "Feature",
   "properties": {
    "text": "Sanliurfa",
    "kind": "place",
    "font": "Gen_Arial",
    "size": 7.0
   },
   "geometry": {
    "type": "Point",
    "coordinates": [
     38.971541,
     37.133431
    ]
   }
  },
  {
   "type": "Feature",
   "properties": {
    "text": "Adiyaman",
    "kind": "place",
    "font": "Gen_Arial",
    "size": 7.0
   },
   "geometry": {
    "type": "Point",
    "coordinates": [
     38.537621,
     37.81691
    ]
   }
  },
  {
   "type": "Feature",
   "properties": {
    "text": "Van",
    "kind": "place",
    "font": "Gen_Arial",
    "size": 7.0
   },
   "geometry": {
    "type": "Point",
    "coordinates": [
     43.48985,
     38.467335
    ]
   }
  },
  {
   "type": "Feature",
   "properties": {
    "text": "Siverek",
    "kind": "place",
    "font": "Gen_Arial",
    "size": 7.0
   },
   "geometry": {
    "type": "Point",
    "coordinates": [
     39.488239,
     37.796334
    ]
   }
  },
  {
   "type": "Feature",
   "properties": {
    "text": "Batman",
    "kind": "place",
    "font": "Gen_Arial",
    "size": 7.0
   },
   "geometry": {
    "type": "Point",
    "coordinates": [
     40.971957,
     37.937336
    ]
   }
  },
  {
   "type": "Feature",
   "properties": {
    "text": "Antioch",
    "kind": "place",
    "font": "Gen_Arial",
    "size": 7.0
   },
   "geometry": {
    "type": "Point",
    "coordinates": [
     35.986638,
     36.238772
    ]
   }
  },
  {
   "type": "Feature",
   "properties": {
    "text": "Viransehir",
    "kind": "place",
    "font": "Gen_Arial",
    "size": 7.0
   },
   "geometry": {
    "type": "Point",
    "coordinates": [
     39.570062,
     37.187893
    ]
   }
  },
  {
   "type": "Feature",
   "properties": {
    "text": "Kiziltepe",
    "kind": "place",
    "font": "Gen_Arial",
    "size": 7.0
   },
   "geometry": {
    "type": "Point",
    "coordinates": [
     40.414836,
     37.153408
    ]
   }
  },
  {
   "type": "Feature",
   "properties": {
    "text": "Mus",
    "kind": "place",
    "font": "Gen_Arial",
    "size": 7.0
   },
   "geometry": {
    "type": "Point",
    "coordinates": [
     41.60609,
     38.715276
    ]
   }
  },
  {
   "type": "Feature",
   "properties": {
    "text": "Karakose",
    "kind": "place",
    "font": "Gen_Arial",
    "size": 7.0
   },
   "geometry": {
    "type": "Point",
    "coordinates": [
     43.257389,
     39.78724
    ]
   }
  },
  {
   "type": "Feature",
   "properties": {
    "text": "Hakkari",
    "kind": "place",
    "font": "Gen_Arial",
    "size": 7.0
   },
   "geometry": {
    "type": "Point",
    "coordinates": [
     43.91877,
     37.541394
    ]
   }
  },
  {
   "type": "Feature",
   "properties": {
    "text": "Dahuk",
    "kind": "place",
    "font": "Gen_Arial",
    "size": 7.0
   },
   "geometry": {
    "type": "Point",
    "coordinates": [
     43.149477,
     36.920821
    ]
   }
  },
  {
   "type": "Feature",
   "properties": {
    "text": "Hamah",
    "kind": "place",
    "font": "Gen_Arial",
    "size": 7.0
   },
   "geometry": {
    "type": "Point",
    "coordinates": [
     36.910091,
     35.105377
    ]
   }
  },
  {
   "type": "Feature",
   "properties": {
    "text": "Tripoli",
    "kind": "place",
    "font": "Gen_Arial",
    "size": 7.0
   },
   "geometry": {
    "type": "Point",
    "coordinates": [
     35.719198,
     34.398356
    ]
   }
  },
  {
   "type": "Feature",
   "properties": {
    "text": "Tartus",
    "kind": "place",
    "font": "Gen_Arial",
    "size": 7.0
   },
   "geometry": {
    "type": "Point",
    "coordinates": [
     35.722117,
     34.903772
    ]
   }
  },
  {
   "type": "Feature",
   "properties": {
    "text": "Al Ladhiqiyah",
    "kind": "place",
    "font": "Gen_Arial",
    "size": 7.0
   },
   "geometry": {
    "type": "Point",
    "coordinates": [
     35.559805,
     35.602075
    ]
   }
  },
  {
   "type": "Feature",
   "properties": {
    "text": "Homs",
    "kind": "place",
    "font": "Gen_Arial",
    "size": 7.0
   },
   "geometry": {
    "type": "Point",
    "coordinates": [
     36.599947,
     34.801442
    ]
   }
  },
  {
   "type": "Feature",
   "properties": {
    "text": "Banias",
    "kind": "place",
    "font": "Gen_Arial",
    "size": 7.0
   },
   "geometry": {
    "type": "Point",
    "coordinates": [
     35.8161,
     35.251602
    ]
   }
  },
  {
   "type": "Feature",
   "properties": {
    "text": "Mosul",
    "kind": "place",
    "font": "Gen_Arial",
    "size": 7.0
   },
   "geometry": {
    "type": "Point",
    "coordinates": [
     43.291356,
     36.321945
    ]
   }
  },
  {
   "type": "Feature",
   "properties": {
    "text": "Irbil",
    "kind": "place",
    "font": "Gen_Arial",
    "size": 7.0
   },
   "geometry": {
    "type": "Point",
    "coordinates": [
     43.943081,
     36.19731
    ]
   }
  },
  {
   "type": "Feature",
   "properties": {
    "text": "Kirkuk",
    "kind": "place",
    "font": "Gen_Arial",
    "size": 7.0
   },
   "geometry": {
    "type": "Point",
    "coordinates": [
     44.520619,
     35.491613
    ]
   }
  },
  {
   "type": "Feature",
   "properties": {
    "text": "As Sulaymaniyah",
    "kind": "place",
    "font": "Gen_Arial",
    "size": 7.0
   },
   "geometry": {
    "type": "Point",
    "coordinates": [
     45.793241,
     35.625254
    ]
   }
  },
  {
   "type": "Feature",
   "properties": {
    "text": "Mahabad",
    "kind": "place",
    "font": "Gen_Arial",
    "size": 7.0
   },
   "geometry": {
    "type": "Point",
    "coordinates": [
     45.550998,
     36.742227
    ]
   }
  },
  {
   "type": "Feature",
   "properties": {
    "text": "Bukan",
    "kind": "place",
    "font": "Gen_Arial",
    "size": 7.0
   },
   "geometry": {
    "type": "Point",
    "coordinates": [
     46.361784,
     36.597714
    ]
   }
  },
  {
   "type": "Feature",
   "properties": {
    "text": "Orumiyeh",
    "kind": "place",
    "font": "Gen_Arial",
    "size": 7.0
   },
   "geometry": {
    "type": "Point",
    "coordinates": [
     44.877145,
     37.605415
    ]
   }
  },
  {
   "type": "Feature",
   "properties": {
    "text": "Khvoy",
    "kind": "place",
    "font": "Gen_Arial",
    "size": 7.0
   },
   "geometry": {
    "type": "Point",
    "coordinates": [
     45.101869,
     38.606189
    ]
   }
  },
  {
   "type": "Feature",
   "properties": {
    "text": "Tabriz",
    "kind": "place",
    "font": "Gen_Arial",
    "size": 7.0
   },
   "geometry": {
    "type": "Point",
    "coordinates": [
     46.444195,
     38.142936
    ]
   }
  },
  {
   "type": "Feature",
   "properties": {
    "text": "Sanandaj",
    "kind": "place",
    "font": "Gen_Arial",
    "size": 7.0
   },
   "geometry": {
    "type": "Point",
    "coordinates": [
     46.793541,
     35.387828
    ]
   }
  },
  {
   "type": "Feature",
   "properties": {
    "text": "Hamadan",
    "kind": "place",
    "font": "Gen_Arial",
    "size": 7.0
   },
   "geometry": {
    "type": "Point",
    "coordinates": [
     48.735687,
     34.887522
    ]
   }
  },
  {
   "type": "Feature",
   "properties": {
    "text": "Qazvin",
    "kind": "place",
    "font": "Gen_Arial",
    "size": 7.0
   },
   "geometry": {
    "type": "Point",
    "coordinates": [
     50.165802,
     36.354761
    ]
   }
  },
  {
   "type": "Feature",
   "properties": {
    "text": "Rasht",
    "kind": "place",
    "font": "Gen_Arial",
    "size": 7.0
   },
   "geometry": {
    "type": "Point",
    "coordinates": [
     49.730193,
     37.344771
    ]
   }
  },
  {
   "type": "Feature",
   "properties": {
    "text": "Ardabil",
    "kind": "place",
    "font": "Gen_Arial",
    "size": 7.0
   },
   "geometry": {
    "type": "Point",
    "coordinates": [
     48.150002,
     38.307604
    ]
   }
  },
  {
   "type": "Feature",
   "properties": {
    "text": "Lankaran",
    "kind": "place",
    "font": "Gen_Arial",
    "size": 7.0
   },
   "geometry": {
    "type": "Point",
    "coordinates": [
     49.054287,
     38.798231
    ]
   }
  },
  {
   "type": "Feature",
   "properties": {
    "text": "Shirvan",
    "kind": "place",
    "font": "Gen_Arial",
    "size": 7.0
   },
   "geometry": {
    "type": "Point",
    "coordinates": [
     49.092387,
     39.875298
    ]
   }
  },
  {
   "type": "Feature",
   "properties": {
    "text": "Amol",
    "kind": "place",
    "font": "Gen_Arial",
    "size": 7.0
   },
   "geometry": {
    "type": "Point",
    "coordinates": [
     52.244764,
     36.441501
    ]
   }
  },
  {
   "type": "Feature",
   "properties": {
    "text": "Sari",
    "kind": "place",
    "font": "Gen_Arial",
    "size": 7.0
   },
   "geometry": {
    "type": "Point",
    "coordinates": [
     52.972242,
     36.633566
    ]
   }
  },
  {
   "type": "Feature",
   "properties": {
    "text": "Neka",
    "kind": "place",
    "font": "Gen_Arial",
    "size": 7.0
   },
   "geometry": {
    "type": "Point",
    "coordinates": [
     53.180313,
     36.723245
    ]
   }
  },
  {
   "type": "Feature",
   "properties": {
    "text": "Damghan",
    "kind": "place",
    "font": "Gen_Arial",
    "size": 7.0
   },
   "geometry": {
    "type": "Point",
    "coordinates": [
     54.562994,
     36.144444
    ]
   }
  },
  {
   "type": "Feature",
   "properties": {
    "text": "Gurgan",
    "kind": "place",
    "font": "Gen_Arial",
    "size": 7.0
   },
   "geometry": {
    "type": "Point",
    "coordinates": [
     54.602753,
     36.809306
    ]
   }
  },
  {
   "type": "Feature",
   "properties": {
    "text": "Bojnurd",
    "kind": "place",
    "font": "Gen_Arial",
    "size": 7.0
   },
   "geometry": {
    "type": "Point",
    "coordinates": [
     57.193517,
     37.536821
    ]
   }
  },
  {
   "type": "Feature",
   "properties": {
    "text": "Mashhad",
    "kind": "place",
    "font": "Gen_Arial",
    "size": 7.0
   },
   "geometry": {
    "type": "Point",
    "coordinates": [
     59.429617,
     36.268929
    ]
   }
  },
  {
   "type": "Feature",
   "properties": {
    "text": "Sarakhs",
    "kind": "place",
    "font": "Gen_Arial",
    "size": 7.0
   },
   "geometry": {
    "type": "Point",
    "coordinates": [
     61.045836,
     36.633747
    ]
   }
  },
  {
   "type": "Feature",
   "properties": {
    "text": "Mary",
    "kind": "place",
    "font": "Gen_Arial",
    "size": 7.0
   },
   "geometry": {
    "type": "Point",
    "coordinates": [
     61.760144,
     37.546783
    ]
   }
  },
  {
   "type": "Feature",
   "properties": {
    "text": "Gabakly",
    "kind": "place",
    "font": "Gen_Arial",
    "size": 7.0
   },
   "geometry": {
    "type": "Point",
    "coordinates": [
     62.408644,
     39.755762
    ]
   }
  },
  {
   "type": "Feature",
   "properties": {
    "text": "Baherden",
    "kind": "place",
    "font": "Gen_Arial",
    "size": 7.0
   },
   "geometry": {
    "type": "Point",
    "coordinates": [
     57.2694,
     38.41164
    ]
   }
  },
  {
   "type": "Feature",
   "properties": {
    "text": "Serdar",
    "kind": "place",
    "font": "Gen_Arial",
    "size": 7.0
   },
   "geometry": {
    "type": "Point",
    "coordinates": [
     56.191149,
     38.950295
    ]
   }
  },
  {
   "type": "Feature",
   "properties": {
    "text": "Balkanabat",
    "kind": "place",
    "font": "Gen_Arial",
    "size": 7.0
   },
   "geometry": {
    "type": "Point",
    "coordinates": [
     54.642156,
     39.552371
    ]
   }
  },
  {
   "type": "Feature",
   "properties": {
    "text": "Kum Dag",
    "kind": "place",
    "font": "Gen_Arial",
    "size": 7.0
   },
   "geometry": {
    "type": "Point",
    "coordinates": [
     54.786573,
     39.260495
    ]
   }
  },
  {
   "type": "Feature",
   "properties": {
    "text": "Hazar",
    "kind": "place",
    "font": "Gen_Arial",
    "size": 7.0
   },
   "geometry": {
    "type": "Point",
    "coordinates": [
     52.987717,
     39.425338
    ]
   }
  },
  {
   "type": "Feature",
   "properties": {
    "text": "Okarem",
    "kind": "place",
    "font": "Gen_Arial",
    "size": 7.0
   },
   "geometry": {
    "type": "Point",
    "coordinates": [
     53.686979,
     38.111813
    ]
   }
  },
  {
   "type": "Feature",
   "properties": {
    "text": "Sabzevar",
    "kind": "place",
    "font": "Gen_Arial",
    "size": 7.0
   },
   "geometry": {
    "type": "Point",
    "coordinates": [
     57.903948,
     36.27401
    ]
   }
  },
  {
   "type": "Feature",
   "properties": {
    "text": "Tikrit",
    "kind": "place",
    "font": "Gen_Arial",
    "size": 7.0
   },
   "geometry": {
    "type": "Point",
    "coordinates": [
     43.805497,
     34.639535
    ]
   }
  },
  {
   "type": "Feature",
   "properties": {
    "text": "Bayji",
    "kind": "place",
    "font": "Gen_Arial",
    "size": 7.0
   },
   "geometry": {
    "type": "Point",
    "coordinates": [
     43.392771,
     34.980636
    ]
   }
  },
  {
   "type": "Feature",
   "properties": {
    "text": "Hadithah",
    "kind": "place",
    "font": "Gen_Arial",
    "size": 7.0
   },
   "geometry": {
    "type": "Point",
    "coordinates": [
     42.551625,
     34.093533
    ]
   }
  },
  {
   "type": "Feature",
   "properties": {
    "text": "Ar Ramadi",
    "kind": "place",
    "font": "Gen_Arial",
    "size": 7.0
   },
   "geometry": {
    "type": "Point",
    "coordinates": [
     43.4768,
     33.396657
    ]
   }
  },
  {
   "type": "Feature",
   "properties": {
    "text": "Al Kut",
    "kind": "place",
    "font": "Gen_Arial",
    "size": 7.0
   },
   "geometry": {
    "type": "Point",
    "coordinates": [
     45.940966,
     32.459368
    ]
   }
  },
  {
   "type": "Feature",
   "properties": {
    "text": "An Najaf",
    "kind": "place",
    "font": "Gen_Arial",
    "size": 7.0
   },
   "geometry": {
    "type": "Point",
    "coordinates": [
     44.525458,
     32.072389
    ]
   }
  },
  {
   "type": "Feature",
   "properties": {
    "text": "Ad Diwaniyah",
    "kind": "place",
    "font": "Gen_Arial",
    "size": 7.0
   },
   "geometry": {
    "type": "Point",
    "coordinates": [
     45.198865,
     31.95787
    ]
   }
  },
  {
   "type": "Feature",
   "properties": {
    "text": "Baqubah",
    "kind": "place",
    "font": "Gen_Arial",
    "size": 7.0
   },
   "geometry": {
    "type": "Point",
    "coordinates": [
     44.808209,
     33.783237
    ]
   }
  },
  {
   "type": "Feature",
   "properties": {
    "text": "Al Amarah",
    "kind": "place",
    "font": "Gen_Arial",
    "size": 7.0
   },
   "geometry": {
    "type": "Point",
    "coordinates": [
     46.916425,
     31.887951
    ]
   }
  },
  {
   "type": "Feature",
   "properties": {
    "text": "Esfahan",
    "kind": "place",
    "font": "Gen_Arial",
    "size": 7.0
   },
   "geometry": {
    "type": "Point",
    "coordinates": [
     51.866353,
     32.713578
    ]
   }
  },
  {
   "type": "Feature",
   "properties": {
    "text": "Yazd",
    "kind": "place",
    "font": "Gen_Arial",
    "size": 7.0
   },
   "geometry": {
    "type": "Point",
    "coordinates": [
     54.269598,
     31.849043
    ]
   }
  },
  {
   "type": "Feature",
   "properties": {
    "text": "Qom",
    "kind": "place",
    "font": "Gen_Arial",
    "size": 7.0
   },
   "geometry": {
    "type": "Point",
    "coordinates": [
     51.014041,
     34.602816
    ]
   }
  },
  {
   "type": "Feature",
   "properties": {
    "text": "Saveh",
    "kind": "place",
    "font": "Gen_Arial",
    "size": 7.0
   },
   "geometry": {
    "type": "Point",
    "coordinates": [
     50.228253,
     35.072354
    ]
   }
  },
  {
   "type": "Feature",
   "properties": {
    "text": "Shahtyar",
    "kind": "place",
    "font": "Gen_Arial",
    "size": 7.0
   },
   "geometry": {
    "type": "Point",
    "coordinates": [
     50.876753,
     35.714074
    ]
   }
  },
  {
   "type": "Feature",
   "properties": {
    "text": "Arak",
    "kind": "place",
    "font": "Gen_Arial",
    "size": 7.0
   },
   "geometry": {
    "type": "Point",
    "coordinates": [
     49.818666,
     34.146265
    ]
   }
  },
  {
   "type": "Feature",
   "properties": {
    "text": "Borujerd",
    "kind": "place",
    "font": "Gen_Arial",
    "size": 7.0
   },
   "geometry": {
    "type": "Point",
    "coordinates": [
     48.975733,
     33.812421
    ]
   }
  },
  {
   "type": "Feature",
   "properties": {
    "text": "Kermanshah",
    "kind": "place",
    "font": "Gen_Arial",
    "size": 7.0
   },
   "geometry": {
    "type": "Point",
    "coordinates": [
     47.339555,
     34.287887
    ]
   }
  },
  {
   "type": "Feature",
   "properties": {
    "text": "Dezful",
    "kind": "place",
    "font": "Gen_Arial",
    "size": 7.0
   },
   "geometry": {
    "type": "Point",
    "coordinates": [
     48.545721,
     32.420856
    ]
   }
  },
  {
   "type": "Feature",
   "properties": {
    "text": "Torbat-e Jam",
    "kind": "place",
    "font": "Gen_Arial",
    "size": 7.0
   },
   "geometry": {
    "type": "Point",
    "coordinates": [
     60.36612,
     35.305065
    ]
   }
  },
  {
   "type": "Feature",
   "properties": {
    "text": "Birjand",
    "kind": "place",
    "font": "Gen_Arial",
    "size": 7.0
   },
   "geometry": {
    "type": "Point",
    "coordinates": [
     59.084817,
     32.848689
    ]
   }
  },
  {
   "type": "Feature",
   "properties": {
    "text": "Farah",
    "kind": "place",
    "font": "Gen_Arial",
    "size": 7.0
   },
   "geometry": {
    "type": "Point",
    "coordinates": [
     62.427023,
     32.235589
    ]
   }
  },
  {
   "type": "Feature",
   "properties": {
    "text": "Herat",
    "kind": "place",
    "font": "Gen_Arial",
    "size": 7.0
   },
   "geometry": {
    "type": "Point",
    "coordinates": [
     62.390408,
     34.388212
    ]
   }
  },
  {
   "type": "Feature",
   "properties": {
    "text": "Kushka",
    "kind": "place",
    "font": "Gen_Arial",
    "size": 7.0
   },
   "geometry": {
    "type": "Point",
    "coordinates": [
     62.611196,
     35.263117
    ]
   }
  },
  {
   "type": "Feature",
   "properties": {
    "text": "Khorramabad",
    "kind": "place",
    "font": "Gen_Arial",
    "size": 7.0
   },
   "geometry": {
    "type": "Point",
    "coordinates": [
     48.09392,
     33.548375
    ]
   }
  },
  {
   "type": "Feature",
   "properties": {
    "text": "Shahreza",
    "kind": "place",
    "font": "Gen_Arial",
    "size": 7.0
   },
   "geometry": {
    "type": "Point",
    "coordinates": [
     51.65207,
     31.962219
    ]
   }
  },
  {
   "type": "Feature",
   "properties": {
    "text": "Tel Aviv",
    "kind": "place",
    "font": "Gen_Arial",
    "size": 7.0
   },
   "geometry": {
    "type": "Point",
    "coordinates": [
     34.637263,
     32.039906
    ]
   }
  },
  {
   "type": "Feature",
   "properties": {
    "text": "Ashkelon",
    "kind": "place",
    "font": "Gen_Arial",
    "size": 7.0
   },
   "geometry": {
    "type": "Point",
    "coordinates": [
     34.709887,
     31.620271
    ]
   }
  },
  {
   "type": "Feature",
   "properties": {
    "text": "Ashdod",
    "kind": "place",
    "font": "Gen_Arial",
    "size": 7.0
   },
   "geometry": {
    "type": "Point",
    "coordinates": [
     34.821027,
     31.813202
    ]
   }
  },
  {
   "type": "Feature",
   "properties": {
    "text": "Hadera",
    "kind": "place",
    "font": "Gen_Arial",
    "size": 7.0
   },
   "geometry": {
    "type": "Point",
    "coordinates": [
     35.04118,
     32.502499
    ]
   }
  },
  {
   "type": "Feature",
   "properties": {
    "text": "Haifa",
    "kind": "place",
    "font": "Gen_Arial",
    "size": 7.0
   },
   "geometry": {
    "type": "Point",
    "coordinates": [
     34.873683,
     32.881063
    ]
   }
  },
  {
   "type": "Feature",
   "properties": {
    "text": "Sidon",
    "kind": "place",
    "font": "Gen_Arial",
    "size": 7.0
   },
   "geometry": {
    "type": "Point",
    "coordinates": [
     35.219585,
     33.524272
    ]
   }
  },
  {
   "type": "Feature",
   "properties": {
    "text": "Az Zarqa",
    "kind": "place",
    "font": "Gen_Arial",
    "size": 7.0
   },
   "geometry": {
    "type": "Point",
    "coordinates": [
     35.907536,
     32.119725
    ]
   }
  },
  {
   "type": "Feature",
   "properties": {
    "text": "Duma",
    "kind": "place",
    "font": "Gen_Arial",
    "size": 7.0
   },
   "geometry": {
    "type": "Point",
    "coordinates": [
     36.666795,
     33.545768
    ]
   }
  },
  {
   "type": "Feature",
   "properties": {
    "text": "Tadmur",
    "kind": "place",
    "font": "Gen_Arial",
    "size": 7.0
   },
   "geometry": {
    "type": "Point",
    "coordinates": [
     38.130352,
     34.606689
    ]
   }
  },
  {
   "type": "Feature",
   "properties": {
    "text": "Ar Rutbah",
    "kind": "place",
    "font": "Gen_Arial",
    "size": 7.0
   },
   "geometry": {
    "type": "Point",
    "coordinates": [
     40.497656,
     32.999571
    ]
   }
  },
  {
   "type": "Feature",
   "properties": {
    "text": "Ar Raqqah",
    "kind": "place",
    "font": "Gen_Arial",
    "size": 7.0
   },
   "geometry": {
    "type": "Point",
    "coordinates": [
     38.788667,
     36.015869
    ]
   }
  },
  {
   "type": "Feature",
   "properties": {
    "text": "Dayr Az Zawr",
    "kind": "place",
    "font": "Gen_Arial",
    "size": 7.0
   },
   "geometry": {
    "type": "Point",
    "coordinates": [
     39.869118,
     35.405041
    ]
   }
  },
  {
   "type": "Feature",
   "properties": {
    "text": "Al Mayadin",
    "kind": "place",
    "font": "Gen_Arial",
    "size": 7.0
   },
   "geometry": {
    "type": "Point",
    "coordinates": [
     40.235255,
     34.993328
    ]
   }
  },
  {
   "type": "Feature",
   "properties": {
    "text": "T2",
    "kind": "place",
    "font": "Gen_Arial",
    "size": 7.0
   },
   "geometry": {
    "type": "Point",
    "coordinates": [
     40.206424,
     34.482179
    ]
   }
  },
  {
   "type": "Feature",
   "properties": {
    "text": "Irbid",
    "kind": "place",
    "font": "Gen_Arial",
    "size": 7.0
   },
   "geometry": {
    "type": "Point",
    "coordinates": [
     35.965475,
     32.571897
    ]
   }
  },
  {
   "type": "Feature",
   "properties": {
    "text": "Bijar",
    "kind": "place",
    "font": "Gen_Arial",
    "size": 7.0
   },
   "geometry": {
    "type": "Point",
    "coordinates": [
     47.71003,
     35.931177
    ]
   }
  },
  {
   "type": "Feature",
   "properties": {
    "text": "Karbala",
    "kind": "place",
    "font": "Gen_Arial",
    "size": 7.0
   },
   "geometry": {
    "type": "Point",
    "coordinates": [
     44.190374,
     32.62998
    ]
   }
  },
  {
   "type": "Feature",
   "properties": {
    "text": "As Samawah",
    "kind": "place",
    "font": "Gen_Arial",
    "size": 7.0
   },
   "geometry": {
    "type": "Point",
    "coordinates": [
     45.032833,
     31.351261
    ]
   }
  },
  {
   "type": "Feature",
   "properties": {
    "text": "An Nasiriyah",
    "kind": "place",
    "font": "Gen_Arial",
    "size": 7.0
   },
   "geometry": {
    "type": "Point",
    "coordinates": [
     45.989357,
     31.064364
    ]
   }
  },
  {
   "type": "Feature",
   "properties": {
    "text": "Al Basrah",
    "kind": "place",
    "font": "Gen_Arial",
    "size": 7.0
   },
   "geometry": {
    "type": "Point",
    "coordinates": [
     47.576772,
     30.410532
    ]
   }
  },
  {
   "type": "Feature",
   "properties": {
    "text": "Abadan",
    "kind": "place",
    "font": "Gen_Arial",
    "size": 7.0
   },
   "geometry": {
    "type": "Point",
    "coordinates": [
     48.444791,
     30.406756
    ]
   }
  },
  {
   "type": "Feature",
   "properties": {
    "text": "Ahwaz",
    "kind": "place",
    "font": "Gen_Arial",
    "size": 7.0
   },
   "geometry": {
    "type": "Point",
    "coordinates": [
     48.810186,
     31.413389
    ]
   }
  },
  {
   "type": "Feature",
   "properties": {
    "text": "Bandar-e Mahshahr",
    "kind": "place",
    "font": "Gen_Arial",
    "size": 7.0
   },
   "geometry": {
    "type": "Point",
    "coordinates": [
     49.247399,
     30.50821
    ]
   }
  },
  {
   "type": "Feature",
   "properties": {
    "text": "Ras Baheregan",
    "kind": "place",
    "font": "Gen_Arial",
    "size": 7.0
   },
   "geometry": {
    "type": "Point",
    "coordinates": [
     49.954381,
     29.873235
    ]
   }
  },
  {
   "type": "Feature",
   "properties": {
    "text": "Al Faw",
    "kind": "place",
    "font": "Gen_Arial",
    "size": 7.0
   },
   "geometry": {
    "type": "Point",
    "coordinates": [
     48.609532,
     29.996713
    ]
   }
  },
  {
   "type": "Feature",
   "properties": {
    "text": "Ganeveh",
    "kind": "place",
    "font": "Gen_Arial",
    "size": 7.0
   },
   "geometry": {
    "type": "Point",
    "coordinates": [
     50.310959,
     29.594581
    ]
   }
  },
  {
   "type": "Feature",
   "properties": {
    "text": "Kharq Island",
    "kind": "place",
    "font": "Gen_Arial",
    "size": 7.0
   },
   "geometry": {
    "type": "Point",
    "coordinates": [
     50.06376,
     29.194211
    ]
   }
  },
  {
   "type": "Feature",
   "properties": {
    "text": "Shiraz",
    "kind": "place",
    "font": "Gen_Arial",
    "size": 7.0
   },
   "geometry": {
    "type": "Point",
    "coordinates": [
     52.664593,
     29.57398
    ]
   }
  },
  {
   "type": "Feature",
   "properties": {
    "text": "Khor Al Amaya Terminal",
    "kind": "place",
    "font": "Gen_Arial",
    "size": 7.0
   },
   "geometry": {
    "type": "Point",
    "coordinates": [
     49.154116,
     29.782949
    ]
   }
  },
  {
   "type": "Feature",
   "properties": {
    "text": "Al Basrah Terminal",
    "kind": "place",
    "font": "Gen_Arial",
    "size": 7.0
   },
   "geometry": {
    "type": "Point",
    "coordinates": [
     48.943265,
     29.683238
    ]
   }
  },
  {
   "type": "Feature",
   "properties": {
    "text": "Assaluyeh",
    "kind": "place",
    "font": "Gen_Arial",
    "size": 7.0
   },
   "geometry": {
    "type": "Point",
    "coordinates": [
     52.416864,
     27.450086
    ]
   }
  },
  {
   "type": "Feature",
   "properties": {
    "text": "Beer Sheva",
    "kind": "place",
    "font": "Gen_Arial",
    "size": 7.0
   },
   "geometry": {
    "type": "Point",
    "coordinates": [
     35.020493,
     31.244131
    ]
   }
  },
  {
   "type": "Feature",
   "properties": {
    "text": "Eilat",
    "kind": "place",
    "font": "Gen_Arial",
    "size": 7.0
   },
   "geometry": {
    "type": "Point",
    "coordinates": [
     34.840574,
     29.594009
    ]
   }
  },
  {
   "type": "Feature",
   "properties": {
    "text": "Aqaba",
    "kind": "place",
    "font": "Gen_Arial",
    "size": 7.0
   },
   "geometry": {
    "type": "Point",
    "coordinates": [
     35.145626,
     29.501927
    ]
   }
  },
  {
   "type": "Feature",
   "properties": {
    "text": "Dahab",
    "kind": "place",
    "font": "Gen_Arial",
    "size": 7.0
   },
   "geometry": {
    "type": "Point",
    "coordinates": [
     34.656517,
     28.540845
    ]
   }
  },
  {
   "type": "Feature",
   "properties": {
    "text": "Sharm El-Sheikh",
    "kind": "place",
    "font": "Gen_Arial",
    "size": 7.0
   },
   "geometry": {
    "type": "Point",
    "coordinates": [
     34.656049,
     27.857278
    ]
   }
  },
  {
   "type": "Feature",
   "properties": {
    "text": "Sakakah",
    "kind": "place",
    "font": "Gen_Arial",
    "size": 7.0
   },
   "geometry": {
    "type": "Point",
    "coordinates": [
     40.025578,
     29.940109
    ]
   }
  },
  {
   "type": "Feature",
   "properties": {
    "text": "Hafar al Batin",
    "kind": "place",
    "font": "Gen_Arial",
    "size": 7.0
   },
   "geometry": {
    "type": "Point",
    "coordinates": [
     46.260063,
     28.464698
    ]
   }
  },
  {
   "type": "Feature",
   "properties": {
    "text": "Hail",
    "kind": "place",
    "font": "Gen_Arial",
    "size": 7.0
   },
   "geometry": {
    "type": "Point",
    "coordinates": [
     41.589386,
     27.448792
    ]
   }
  },
  {
   "type": "Feature",
   "properties": {
    "text": "Tabouk",
    "kind": "place",
    "font": "Gen_Arial",
    "size": 7.0
   },
   "geometry": {
    "type": "Point",
    "coordinates": [
     36.434161,
     28.37209
    ]
   }
  },
  {
   "type": "Feature",
   "properties": {
    "text": "Mina Saud",
    "kind": "place",
    "font": "Gen_Arial",
    "size": 7.0
   },
   "geometry": {
    "type": "Point",
    "coordinates": [
     48.583645,
     28.688788
    ]
   }
  },
  {
   "type": "Feature",
   "properties": {
    "text": "Mina Abdulla",
    "kind": "place",
    "font": "Gen_Arial",
    "size": 7.0
   },
   "geometry": {
    "type": "Point",
    "coordinates": [
     48.414204,
     28.965116
    ]
   }
  },
  {
   "type": "Feature",
   "properties": {
    "text": "Mina al Ahmadi",
    "kind": "place",
    "font": "Gen_Arial",
    "size": 7.0
   },
   "geometry": {
    "type": "Point",
    "coordinates": [
     48.467244,
     29.090587
    ]
   }
  },
  {
   "type": "Feature",
   "properties": {
    "text": "Ras al Khafji",
    "kind": "place",
    "font": "Gen_Arial",
    "size": 7.0
   },
   "geometry": {
    "type": "Point",
    "coordinates": [
     48.800525,
     28.378587
    ]
   }
  },
  {
   "type": "Feature",
   "properties": {
    "text": "Jubayl",
    "kind": "place",
    "font": "Gen_Arial",
    "size": 7.0
   },
   "geometry": {
    "type": "Point",
    "coordinates": [
     49.739127,
     27.096407
    ]
   }
  },
  {
   "type": "Feature",
   "properties": {
    "text": "Juaymah",
    "kind": "place",
    "font": "Gen_Arial",
    "size": 7.0
   },
   "geometry": {
    "type": "Point",
    "coordinates": [
     50.176743,
     26.891332
    ]
   }
  },
  {
   "type": "Feature",
   "properties": {
    "text": "Ra’s Tannurah",
    "kind": "place",
    "font": "Gen_Arial",
    "size": 7.0
   },
   "geometry": {
    "type": "Point",
    "coordinates": [
     50.372313,
     26.650692
    ]
   }
  },
  {
   "type": "Feature",
   "properties": {
    "text": "Ad Damman",
    "kind": "place",
    "font": "Gen_Arial",
    "size": 7.0
   },
   "geometry": {
    "type": "Point",
    "coordinates": [
     50.375934,
     26.501039
    ]
   }
  },
  {
   "type": "Feature",
   "properties": {
    "text": "Dhahran",
    "kind": "place",
    "font": "Gen_Arial",
    "size": 7.0
   },
   "geometry": {
    "type": "Point",
    "coordinates": [
     49.955824,
     26.29128
    ]
   }
  },
  {
   "type": "Feature",
   "properties": {
    "text": "Abqaiq",
    "kind": "place",
    "font": "Gen_Arial",
    "size": 7.0
   },
   "geometry": {
    "type": "Point",
    "coordinates": [
     49.850651,
     25.905367
    ]
   }
  },
  {
   "type": "Feature",
   "properties": {
    "text": "Ain Dar",
    "kind": "place",
    "font": "Gen_Arial",
    "size": 7.0
   },
   "geometry": {
    "type": "Point",
    "coordinates": [
     49.071432,
     25.864854
    ]
   }
  },
  {
   "type": "Feature",
   "properties": {
    "text": "Sitra",
    "kind": "place",
    "font": "Gen_Arial",
    "size": 7.0
   },
   "geometry": {
    "type": "Point",
    "coordinates": [
     50.699697,
     26.090658
    ]
   }
  },
  {
   "type": "Feature",
   "properties": {
    "text": "Sirri",
    "kind": "place",
    "font": "Gen_Arial",
    "size": 7.0
   },
   "geometry": {
    "type": "Point",
    "coordinates": [
     54.428491,
     25.963991
    ]
   }
  },
  {
   "type": "Feature",
   "properties": {
    "text": "Ras Al Khaimah",
    "kind": "place",
    "font": "Gen_Arial",
    "size": 7.0
   },
   "geometry": {
    "type": "Point",
    "coordinates": [
     55.650578,
     25.792577
    ]
   }
  },
  {
   "type": "Feature",
   "properties": {
    "text": "Buraydah",
    "kind": "place",
    "font": "Gen_Arial",
    "size": 7.0
   },
   "geometry": {
    "type": "Point",
    "coordinates": [
     44.151605,
     26.343915
    ]
   }
  },
  {
   "type": "Feature",
   "properties": {
    "text": "Lavan Island",
    "kind": "place",
    "font": "Gen_Arial",
    "size": 7.0
   },
   "geometry": {
    "type": "Point",
    "coordinates": [
     53.611576,
     26.868177
    ]
   }
  },
  {
   "type": "Feature",
   "properties": {
    "text": "Kish",
    "kind": "place",
    "font": "Gen_Arial",
    "size": 7.0
   },
   "geometry": {
    "type": "Point",
    "coordinates": [
     53.862213,
     26.494761
    ]
   }
  },
  {
   "type": "Feature",
   "properties": {
    "text": "Bandar-e Abbas",
    "kind": "place",
    "font": "Gen_Arial",
    "size": 7.0
   },
   "geometry": {
    "type": "Point",
    "coordinates": [
     56.628647,
     27.153867
    ]
   }
  },
  {
   "type": "Feature",
   "properties": {
    "text": "Iranshahr",
    "kind": "place",
    "font": "Gen_Arial",
    "size": 7.0
   },
   "geometry": {
    "type": "Point",
    "coordinates": [
     60.846476,
     27.255837
    ]
   }
  },
  {
   "type": "Feature",
   "properties": {
    "text": "Zahedan",
    "kind": "place",
    "font": "Gen_Arial",
    "size": 7.0
   },
   "geometry": {
    "type": "Point",
    "coordinates": [
     61.066068,
     29.534518
    ]
   }
  },
  {
   "type": "Feature",
   "properties": {
    "text": "Rafsanjan",
    "kind": "place",
    "font": "Gen_Arial",
    "size": 7.0
   },
   "geometry": {
    "type": "Point",
    "coordinates": [
     56.203953,
     30.447538
    ]
   }
  },
  {
   "type": "Feature",
   "properties": {
    "text": "Kerman",
    "kind": "place",
    "font": "Gen_Arial",
    "size": 7.0
   },
   "geometry": {
    "type": "Point",
    "coordinates": [
     57.244788,
     30.33287
    ]
   }
  },
  {
   "type": "Feature",
   "properties": {
    "text": "Sa’idabad",
    "kind": "place",
    "font": "Gen_Arial",
    "size": 7.0
   },
   "geometry": {
    "type": "Point",
    "coordinates": [
     55.487126,
     29.488508
    ]
   }
  },
  {
   "type": "Feature",
   "properties": {
    "text": "Bam",
    "kind": "place",
    "font": "Gen_Arial",
    "size": 7.0
   },
   "geometry": {
    "type": "Point",
    "coordinates": [
     58.478513,
     29.143874
    ]
   }
  },
  {
   "type": "Feature",
   "properties": {
    "text": "Bandar-e Bushehr",
    "kind": "place",
    "font": "Gen_Arial",
    "size": 7.0
   },
   "geometry": {
    "type": "Point",
    "coordinates": [
     50.464189,
     28.944113
    ]
   }
  },
  {
   "type": "Feature",
   "properties": {
    "text": "Qeshm",
    "kind": "place",
    "font": "Gen_Arial",
    "size": 7.0
   },
   "geometry": {
    "type": "Point",
    "coordinates": [
     56.402502,
     26.936399
    ]
   }
  },
  {
   "type": "Feature",
   "properties": {
    "text": "Fujairah",
    "kind": "place",
    "font": "Gen_Arial",
    "size": 7.0
   },
   "geometry": {
    "type": "Point",
    "coordinates": [
     56.521883,
     25.224267
    ]
   }
  },
  {
   "type": "Feature",
   "properties": {
    "text": "Sohar",
    "kind": "place",
    "font": "Gen_Arial",
    "size": 7.0
   },
   "geometry": {
    "type": "Point",
    "coordinates": [
     56.87352,
     24.411264
    ]
   }
  },
  {
   "type": "Feature",
   "properties": {
    "text": "Sur",
    "kind": "place",
    "font": "Gen_Arial",
    "size": 7.0
   },
   "geometry": {
    "type": "Point",
    "coordinates": [
     59.606208,
     22.632975
    ]
   }
  },
  {
   "type": "Feature",
   "properties": {
    "text": "Sharjah",
    "kind": "place",
    "font": "Gen_Arial",
    "size": 7.0
   },
   "geometry": {
    "type": "Point",
    "coordinates": [
     55.217365,
     25.340474
    ]
   }
  },
  {
   "type": "Feature",
   "properties": {
    "text": "Jebel Ali",
    "kind": "place",
    "font": "Gen_Arial",
    "size": 7.0
   },
   "geometry": {
    "type": "Point",
    "coordinates": [
     55.275874,
     25.097285
    ]
   }
  },
  {
   "type": "Feature",
   "properties": {
    "text": "Al Ain",
    "kind": "place",
    "font": "Gen_Arial",
    "size": 7.0
   },
   "geometry": {
    "type": "Point",
    "coordinates": [
     55.777695,
     24.17019
    ]
   }
  },
  {
   "type": "Feature",
   "properties": {
    "text": "Al Ghuzail",
    "kind": "place",
    "font": "Gen_Arial",
    "size": 7.0
   },
   "geometry": {
    "type": "Point",
    "coordinates": [
     56.828317,
     24.538189
    ]
   }
  },
  {
   "type": "Feature",
   "properties": {
    "text": "Taweelah",
    "kind": "place",
    "font": "Gen_Arial",
    "size": 7.0
   },
   "geometry": {
    "type": "Point",
    "coordinates": [
     54.980811,
     24.765043
    ]
   }
  },
  {
   "type": "Feature",
   "properties": {
    "text": "Al Maqta",
    "kind": "place",
    "font": "Gen_Arial",
    "size": 7.0
   },
   "geometry": {
    "type": "Point",
    "coordinates": [
     54.33709,
     24.34967
    ]
   }
  },
  {
   "type": "Feature",
   "properties": {
    "text": "Habshan",
    "kind": "place",
    "font": "Gen_Arial",
    "size": 7.0
   },
   "geometry": {
    "type": "Point",
    "coordinates": [
     53.445227,
     23.912696
    ]
   }
  },
  {
   "type": "Feature",
   "properties": {
    "text": "Asab",
    "kind": "place",
    "font": "Gen_Arial",
    "size": 7.0
   },
   "geometry": {
    "type": "Point",
    "coordinates": [
     54.35631,
     23.252449
    ]
   }
  },
  {
   "type": "Feature",
   "properties": {
    "text": "Ruwais",
    "kind": "place",
    "font": "Gen_Arial",
    "size": 7.0
   },
   "geometry": {
    "type": "Point",
    "coordinates": [
     52.558001,
     24.091919
    ]
   }
  },
  {
   "type": "Feature",
   "properties": {
    "text": "Mesaieed",
    "kind": "place",
    "font": "Gen_Arial",
    "size": 7.0
   },
   "geometry": {
    "type": "Point",
    "coordinates": [
     51.736075,
     24.858652
    ]
   }
  },
  {
   "type": "Feature",
   "properties": {
    "text": "Al Wakra",
    "kind": "place",
    "font": "Gen_Arial",
    "size": 7.0
   },
   "geometry": {
    "type": "Point",
    "coordinates": [
     51.790044,
     25.12019
    ]
   }
  },
  {
   "type": "Feature",
   "properties": {
    "text": "Yanbu",
    "kind": "place",
    "font": "Gen_Arial",
    "size": 7.0
   },
   "geometry": {
    "type": "Point",
    "coordinates": [
     37.954357,
     24.069166
    ]
   }
  },
  {
   "type": "Feature",
   "properties": {
    "text": "Yanbu Ind. City",
    "kind": "place",
    "font": "Gen_Arial",
    "size": 7.0
   },
   "geometry": {
    "type": "Point",
    "coordinates": [
     37.95104,
     23.928382
    ]
   }
  },
  {
   "type": "Feature",
   "properties": {
    "text": "Rabigh",
    "kind": "place",
    "font": "Gen_Arial",
    "size": 7.0
   },
   "geometry": {
    "type": "Point",
    "coordinates": [
     38.881979,
     22.839113
    ]
   }
  },
  {
   "type": "Feature",
   "properties": {
    "text": "Madinah",
    "kind": "place",
    "font": "Gen_Arial",
    "size": 7.0
   },
   "geometry": {
    "type": "Point",
    "coordinates": [
     39.813042,
     24.517542
    ]
   }
  },
  {
   "type": "Feature",
   "properties": {
    "text": "Mecca",
    "kind": "place",
    "font": "Gen_Arial",
    "size": 7.0
   },
   "geometry": {
    "type": "Point",
    "coordinates": [
     39.688094,
     21.471745
    ]
   }
  },
  {
   "type": "Feature",
   "properties": {
    "text": "Jeddah",
    "kind": "place",
    "font": "Gen_Arial",
    "size": 7.0
   },
   "geometry": {
    "type": "Point",
    "coordinates": [
     39.021688,
     21.440154
    ]
   }
  },
  {
   "type": "Feature",
   "properties": {
    "text": "At Ta’if",
    "kind": "place",
    "font": "Gen_Arial",
    "size": 7.0
   },
   "geometry": {
    "type": "Point",
    "coordinates": [
     40.584706,
     21.211938
    ]
   }
  },
  {
   "type": "Feature",
   "properties": {
    "text": "Dubai",
    "kind": "place",
    "font": "Gen_Arial",
    "size": 7.0
   },
   "geometry": {
    "type": "Point",
    "coordinates": [
     55.167094,
     25.228823
    ]
   }
  },
  {
   "type": "Feature",
   "properties": {
    "text": "Zirku",
    "kind": "place",
    "font": "Gen_Arial",
    "size": 7.0
   },
   "geometry": {
    "type": "Point",
    "coordinates": [
     52.963036,
     24.84272
    ]
   }
  },
  {
   "type": "Feature",
   "properties": {
    "text": "Das",
    "kind": "place",
    "font": "Gen_Arial",
    "size": 7.0
   },
   "geometry": {
    "type": "Point",
    "coordinates": [
     52.958289,
     25.221013
    ]
   }
  },
  {
   "type": "Feature",
   "properties": {
    "text": "Halule",
    "kind": "place",
    "font": "Gen_Arial",
    "size": 7.0
   },
   "geometry": {
    "type": "Point",
    "coordinates": [
     52.256376,
     25.700085
    ]
   }
  },
  {
   "type": "Feature",
   "properties": {
    "text": "Duqm",
    "kind": "place",
    "font": "Gen_Arial",
    "size": 7.0
   },
   "geometry": {
    "type": "Point",
    "coordinates": [
     57.829247,
     19.653076
    ]
   }
  },
  {
   "type": "Feature",
   "properties": {
    "text": "Hayma",
    "kind": "place",
    "font": "Gen_Arial",
    "size": 7.0
   },
   "geometry": {
    "type": "Point",
    "coordinates": [
     56.417061,
     19.925631
    ]
   }
  },
  {
   "type": "Feature",
   "properties": {
    "text": "Bandar-e Jask",
    "kind": "place",
    "font": "Gen_Arial",
    "size": 7.0
   },
   "geometry": {
    "type": "Point",
    "coordinates": [
     58.105462,
     25.630758
    ]
   }
  },
  {
   "type": "Feature",
   "properties": {
    "text": "Chah Bahar",
    "kind": "place",
    "font": "Gen_Arial",
    "size": 7.0
   },
   "geometry": {
    "type": "Point",
    "coordinates": [
     60.424463,
     25.271749
    ]
   }
  },
  {
   "type": "Feature",
   "properties": {
    "text": "Gwadar",
    "kind": "place",
    "font": "Gen_Arial",
    "size": 7.0
   },
   "geometry": {
    "type": "Point",
    "coordinates": [
     62.516974,
     25.08128
    ]
   }
  },
  {
   "type": "Feature",
   "properties": {
    "text": "Umm Al Quwain",
    "kind": "place",
    "font": "Gen_Arial",
    "size": 7.0
   },
   "geometry": {
    "type": "Point",
    "coordinates": [
     55.895765,
     25.570856
    ]
   }
  },
  {
   "type": "Feature",
   "properties": {
    "text": "Salalah",
    "kind": "place",
    "font": "Gen_Arial",
    "size": 7.0
   },
   "geometry": {
    "type": "Point",
    "coordinates": [
     54.217203,
     16.966115
    ]
   }
  },
  {
   "type": "Feature",
   "properties": {
    "text": "Massawa",
    "kind": "place",
    "font": "Gen_Arial",
    "size": 7.0
   },
   "geometry": {
    "type": "Point",
    "coordinates": [
     39.649931,
     15.689521
    ]
   }
  },
  {
   "type": "Feature",
   "properties": {
    "text": "Al Hudaydah",
    "kind": "place",
    "font": "Gen_Arial",
    "size": 7.0
   },
   "geometry": {
    "type": "Point",
    "coordinates": [
     42.710549,
     14.758057
    ]
   }
  },
  {
   "type": "Feature",
   "properties": {
    "text": "Aden",
    "kind": "place",
    "font": "Gen_Arial",
    "size": 7.0
   },
   "geometry": {
    "type": "Point",
    "coordinates": [
     44.864359,
     12.814387
    ]
   }
  },
  {
   "type": "Feature",
   "properties": {
    "text": "Balhaf",
    "kind": "place",
    "font": "Gen_Arial",
    "size": 7.0
   },
   "geometry": {
    "type": "Point",
    "coordinates": [
     48.311548,
     14.064272
    ]
   }
  },
  {
   "type": "Feature",
   "properties": {
    "text": "Bir Ali Terminal",
    "kind": "place",
    "font": "Gen_Arial",
    "size": 7.0
   },
   "geometry": {
    "type": "Point",
    "coordinates": [
     48.169214,
     13.953171
    ]
   }
  },
  {
   "type": "Feature",
   "properties": {
    "text": "Ash Shihr",
    "kind": "place",
    "font": "Gen_Arial",
    "size": 7.0
   },
   "geometry": {
    "type": "Point",
    "coordinates": [
     49.593228,
     14.657048
    ]
   }
  },
  {
   "type": "Feature",
   "properties": {
    "text": "Marib",
    "kind": "place",
    "font": "Gen_Arial",
    "size": 7.0
   },
   "geometry": {
    "type": "Point",
    "coordinates": [
     45.338738,
     15.602031
    ]
   }
  },
  {
   "type": "Feature",
   "properties": {
    "text": "Kuh-e Mobarak",
    "kind": "place",
    "font": "Gen_Arial",
    "size": 7.0
   },
   "geometry": {
    "type": "Point",
    "coordinates": [
     57.642049,
     25.81703
    ]
   }
  },
  {
   "type": "Feature",
   "properties": {
    "text": "Dehbarez (Rudon)",
    "kind": "place",
    "font": "Gen_Arial",
    "size": 7.0
   },
   "geometry": {
    "type": "Point",
    "coordinates": [
     57.216309,
     27.476112
    ]
   }
  },
  {
   "type": "Feature",
   "properties": {
    "text": "Fishkabour",
    "kind": "place",
    "font": "Gen_Arial",
    "size": 7.0
   },
   "geometry": {
    "type": "Point",
    "coordinates": [
     42.641613,
     37.066915
    ]
   }
  },
  {
   "type": "Feature",
   "properties": {
    "text": "Siirt",
    "kind": "place",
    "font": "Gen_Arial",
    "size": 7.0
   },
   "geometry": {
    "type": "Point",
    "coordinates": [
     42.05661,
     37.865281
    ]
   }
  },
  {
   "type": "Feature",
   "properties": {
    "text": "Bisha",
    "kind": "place",
    "font": "Gen_Arial",
    "size": 7.0
   },
   "geometry": {
    "type": "Point",
    "coordinates": [
     42.731961,
     19.970664
    ]
   }
  },
  {
   "type": "Feature",
   "properties": {
    "text": "Khamees Moshait",
    "kind": "place",
    "font": "Gen_Arial",
    "size": 7.0
   },
   "geometry": {
    "type": "Point",
    "coordinates": [
     43.029255,
     18.218827
    ]
   }
  },
  {
   "type": "Feature",
   "properties": {
    "text": "Jazan",
    "kind": "place",
    "font": "Gen_Arial",
    "size": 7.0
   },
   "geometry": {
    "type": "Point",
    "coordinates": [
     42.704605,
     16.948854
    ]
   }
  },
  {
   "type": "Feature",
   "properties": {
    "text": "Al Dawadmy",
    "kind": "place",
    "font": "Gen_Arial",
    "size": 7.0
   },
   "geometry": {
    "type": "Point",
    "coordinates": [
     44.662664,
     24.443793
    ]
   }
  },
  {
   "type": "Feature",
   "properties": {
    "text": "Bazargan",
    "kind": "place",
    "font": "Gen_Arial",
    "size": 7.0
   },
   "geometry": {
    "type": "Point",
    "coordinates": [
     44.612214,
     39.410054
    ]
   }
  },
  {
   "type": "Feature",
   "properties": {
    "text": "Dogubayazit",
    "kind": "place",
    "font": "Gen_Arial",
    "size": 7.0
   },
   "geometry": {
    "type": "Point",
    "coordinates": [
     44.311413,
     39.640271
    ]
   }
  },
  {
   "type": "Feature",
   "properties": {
    "text": "Qbal",
    "kind": "place",
    "font": "Gen_Arial",
    "size": 7.0
   },
   "geometry": {
    "type": "Point",
    "coordinates": [
     34.860403,
     28.281641
    ]
   }
  },
  {
   "type": "Feature",
   "properties": {
    "text": "Nehbandan",
    "kind": "place",
    "font": "Gen_Arial",
    "size": 7.0
   },
   "geometry": {
    "type": "Point",
    "coordinates": [
     59.793236,
     31.526818
    ]
   }
  },
  {
   "type": "Feature",
   "properties": {
    "text": "Zabol",
    "kind": "place",
    "font": "Gen_Arial",
    "size": 7.0
   },
   "geometry": {
    "type": "Point",
    "coordinates": [
     61.677754,
     31.060953
    ]
   }
  },
  {
   "type": "Feature",
   "properties": {
    "text": "Adana Dogu Akdeniz Refinery",
    "kind": "other",
    "font": "Gen_District-Pro-Demi_Bo",
    "size": 6.57
   },
   "geometry": {
    "type": "Point",
    "coordinates": [
     34.89056,
     37.15165
    ]
   }
  },
  {
   "type": "Feature",
   "properties": {
    "text": "Banias Refinery",
    "kind": "other",
    "font": "Gen_District-Pro-Demi_Bo",
    "size": 6.57
   },
   "geometry": {
    "type": "Point",
    "coordinates": [
     36.438868,
     35.272753
    ]
   }
  },
  {
   "type": "Feature",
   "properties": {
    "text": "Homs Refinery",
    "kind": "other",
    "font": "Gen_District-Pro-Demi_Bo",
    "size": 6.57
   },
   "geometry": {
    "type": "Point",
    "coordinates": [
     37.169258,
     34.785261
    ]
   }
  },
  {
   "type": "Feature",
   "properties": {
    "text": "Haifa Refinery",
    "kind": "other",
    "font": "Gen_District-Pro-Demi_Bo",
    "size": 6.57
   },
   "geometry": {
    "type": "Point",
    "coordinates": [
     35.427791,
     32.777914
    ]
   }
  },
  {
   "type": "Feature",
   "properties": {
    "text": "Jordan Refinery",
    "kind": "other",
    "font": "Gen_District-Pro-Demi_Bo",
    "size": 6.57
   },
   "geometry": {
    "type": "Point",
    "coordinates": [
     36.566199,
     32.016494
    ]
   }
  },
  {
   "type": "Feature",
   "properties": {
    "text": "Jordan Refinery",
    "kind": "other",
    "font": "Gen_District-Pro-Demi_Bo",
    "size": 6.57
   },
   "geometry": {
    "type": "Point",
    "coordinates": [
     35.144131,
     31.904907
    ]
   }
  },
  {
   "type": "Feature",
   "properties": {
    "text": "Yanbu Refinery",
    "kind": "other",
    "font": "Gen_District-Pro-Demi_Bo",
    "size": 6.57
   },
   "geometry": {
    "type": "Point",
    "coordinates": [
     38.888737,
     24.040468
    ]
   }
  },
  {
   "type": "Feature",
   "properties": {
    "text": "Rabigh Refinery",
    "kind": "other",
    "font": "Gen_District-Pro-Demi_Bo",
    "size": 6.57
   },
   "geometry": {
    "type": "Point",
    "coordinates": [
     38.632528,
     22.682382
    ]
   }
  },
  {
   "type": "Feature",
   "properties": {
    "text": "Marib Refinery",
    "kind": "other",
    "font": "Gen_District-Pro-Demi_Bo",
    "size": 6.57
   },
   "geometry": {
    "type": "Point",
    "coordinates": [
     45.209619,
     15.413641
    ]
   }
  },
  {
   "type": "Feature",
   "properties": {
    "text": "Duqm Refinery",
    "kind": "other",
    "font": "Gen_District-Pro-Demi_Bo",
    "size": 6.57
   },
   "geometry": {
    "type": "Point",
    "coordinates": [
     57.255181,
     19.592391
    ]
   }
  },
  {
   "type": "Feature",
   "properties": {
    "text": "Mina al Fahal Refinery",
    "kind": "other",
    "font": "Gen_District-Pro-Demi_Bo",
    "size": 6.57
   },
   "geometry": {
    "type": "Point",
    "coordinates": [
     57.886518,
     23.623277
    ]
   }
  },
  {
   "type": "Feature",
   "properties": {
    "text": "Sohar Refinery",
    "kind": "other",
    "font": "Gen_District-Pro-Demi_Bo",
    "size": 6.57
   },
   "geometry": {
    "type": "Point",
    "coordinates": [
     56.310613,
     24.339492
    ]
   }
  },
  {
   "type": "Feature",
   "properties": {
    "text": "Fujairah Refinery",
    "kind": "other",
    "font": "Gen_District-Pro-Demi_Bo",
    "size": 6.57
   },
   "geometry": {
    "type": "Point",
    "coordinates": [
     56.812432,
     25.082247
    ]
   }
  },
  {
   "type": "Feature",
   "properties": {
    "text": "Bandar-e Abbas Refinery",
    "kind": "other",
    "font": "Gen_District-Pro-Demi_Bo",
    "size": 6.57
   },
   "geometry": {
    "type": "Point",
    "coordinates": [
     56.931355,
     27.244024
    ]
   }
  },
  {
   "type": "Feature",
   "properties": {
    "text": "Lavan Island Refinery",
    "kind": "other",
    "font": "Gen_District-Pro-Demi_Bo",
    "size": 6.57
   },
   "geometry": {
    "type": "Point",
    "coordinates": [
     53.917838,
     26.751482
    ]
   }
  },
  {
   "type": "Feature",
   "properties": {
    "text": "Abadan Refinery",
    "kind": "other",
    "font": "Gen_District-Pro-Demi_Bo",
    "size": 6.57
   },
   "geometry": {
    "type": "Point",
    "coordinates": [
     48.733221,
     30.301512
    ]
   }
  },
  {
   "type": "Feature",
   "properties": {
    "text": "Al Basrah Refinery",
    "kind": "other",
    "font": "Gen_District-Pro-Demi_Bo",
    "size": 6.57
   },
   "geometry": {
    "type": "Point",
    "coordinates": [
     48.230579,
     30.575164
    ]
   }
  },
  {
   "type": "Feature",
   "properties": {
    "text": "Riyadh Refinery",
    "kind": "other",
    "font": "Gen_District-Pro-Demi_Bo",
    "size": 6.57
   },
   "geometry": {
    "type": "Point",
    "coordinates": [
     47.194384,
     24.523477
    ]
   }
  },
  {
   "type": "Feature",
   "properties": {
    "text": "Al Zour Refinery",
    "kind": "other",
    "font": "Gen_District-Pro-Demi_Bo",
    "size": 6.57
   },
   "geometry": {
    "type": "Point",
    "coordinates": [
     48.734216,
     28.823095
    ]
   }
  },
  {
   "type": "Feature",
   "properties": {
    "text": "Mina Abdullah Refinery",
    "kind": "other",
    "font": "Gen_District-Pro-Demi_Bo",
    "size": 6.57
   },
   "geometry": {
    "type": "Point",
    "coordinates": [
     47.559137,
     28.900671
    ]
   }
  },
  {
   "type": "Feature",
   "properties": {
    "text": "Mina al Ahmadi Refinery",
    "kind": "other",
    "font": "Gen_District-Pro-Demi_Bo",
    "size": 6.57
   },
   "geometry": {
    "type": "Point",
    "coordinates": [
     47.489049,
     29.167443
    ]
   }
  },
  {
   "type": "Feature",
   "properties": {
    "text": "Shuaiba Refinery",
    "kind": "other",
    "font": "Gen_District-Pro-Demi_Bo",
    "size": 6.57
   },
   "geometry": {
    "type": "Point",
    "coordinates": [
     47.532314,
     29.019116
    ]
   }
  },
  {
   "type": "Feature",
   "properties": {
    "text": "Jubail Refinery",
    "kind": "other",
    "font": "Gen_District-Pro-Demi_Bo",
    "size": 6.57
   },
   "geometry": {
    "type": "Point",
    "coordinates": [
     50.17312,
     26.963316
    ]
   }
  },
  {
   "type": "Feature",
   "properties": {
    "text": "Ras Tanura Refinery",
    "kind": "other",
    "font": "Gen_District-Pro-Demi_Bo",
    "size": 6.57
   },
   "geometry": {
    "type": "Point",
    "coordinates": [
     49.568204,
     26.67334
    ]
   }
  },
  {
   "type": "Feature",
   "properties": {
    "text": "Sitra Refinery",
    "kind": "other",
    "font": "Gen_District-Pro-Demi_Bo",
    "size": 6.57
   },
   "geometry": {
    "type": "Point",
    "coordinates": [
     50.229347,
     26.012052
    ]
   }
  },
  {
   "type": "Feature",
   "properties": {
    "text": "Umm Said Refinery",
    "kind": "other",
    "font": "Gen_District-Pro-Demi_Bo",
    "size": 6.57
   },
   "geometry": {
    "type": "Point",
    "coordinates": [
     51.090722,
     24.973171
    ]
   }
  },
  {
   "type": "Feature",
   "properties": {
    "text": "Ruwais Refinery",
    "kind": "other",
    "font": "Gen_District-Pro-Demi_Bo",
    "size": 6.57
   },
   "geometry": {
    "type": "Point",
    "coordinates": [
     51.879774,
     24.078123
    ]
   }
  },
  {
   "type": "Feature",
   "properties": {
    "text": "Esfahan Refinery",
    "kind": "other",
    "font": "Gen_District-Pro-Demi_Bo",
    "size": 6.57
   },
   "geometry": {
    "type": "Point",
    "coordinates": [
     52.111661,
     32.557699
    ]
   }
  },
  {
   "type": "Feature",
   "properties": {
    "text": "Tehran Refinery",
    "kind": "other",
    "font": "Gen_District-Pro-Demi_Bo",
    "size": 6.57
   },
   "geometry": {
    "type": "Point",
    "coordinates": [
     51.801736,
     35.57721
    ]
   }
  },
  {
   "type": "Feature",
   "properties": {
    "text": "Deir Ammar LNG",
    "kind": "other",
    "font": "Gen_District-Pro-Demi_Bo",
    "size": 6.57
   },
   "geometry": {
    "type": "Point",
    "coordinates": [
     35.296947,
     34.548194
    ]
   }
  },
  {
   "type": "Feature",
   "properties": {
    "text": "Hadera Deepwater LNG",
    "kind": "other",
    "font": "Gen_District-Pro-Demi_Bo",
    "size": 6.57
   },
   "geometry": {
    "type": "Point",
    "coordinates": [
     35.442634,
     32.283327
    ]
   }
  },
  {
   "type": "Feature",
   "properties": {
    "text": "Jordan LNG",
    "kind": "other",
    "font": "Gen_District-Pro-Demi_Bo",
    "size": 6.57
   },
   "geometry": {
    "type": "Point",
    "coordinates": [
     35.507674,
     29.36391
    ]
   }
  },
  {
   "type": "Feature",
   "properties": {
    "text": "OLNG (Qalhat)",
    "kind": "other",
    "font": "Gen_District-Pro-Demi_Bo",
    "size": 6.57
   },
   "geometry": {
    "type": "Point",
    "coordinates": [
     59.078082,
     22.614381
    ]
   }
  },
  {
   "type": "Feature",
   "properties": {
    "text": "Qalhat LNG",
    "kind": "other",
    "font": "Gen_District-Pro-Demi_Bo",
    "size": 6.57
   },
   "geometry": {
    "type": "Point",
    "coordinates": [
     59.138896,
     22.759639
    ]
   }
  },
  {
   "type": "Feature",
   "properties": {
    "text": "Jebel Ali Port [FSRU]",
    "kind": "other",
    "font": "Gen_District-Pro-Demi_Bo",
    "size": 6.57
   },
   "geometry": {
    "type": "Point",
    "coordinates": [
     54.431992,
     24.986949
    ]
   }
  },
  {
   "type": "Feature",
   "properties": {
    "text": "ADGAS (Das Island I & II)",
    "kind": "other",
    "font": "Gen_District-Pro-Demi_Bo",
    "size": 6.57
   },
   "geometry": {
    "type": "Point",
    "coordinates": [
     52.170807,
     25.00666
    ]
   }
  },
  {
   "type": "Feature",
   "properties": {
    "text": "Bahrain Hidd FLNG Terminal",
    "kind": "other",
    "font": "Gen_District-Pro-Demi_Bo",
    "size": 6.57
   },
   "geometry": {
    "type": "Point",
    "coordinates": [
     49.686422,
     26.133654
    ]
   }
  },
  {
   "type": "Feature",
   "properties": {
    "text": "Al Zour",
    "kind": "other",
    "font": "Gen_District-Pro-Demi_Bo",
    "size": 6.57
   },
   "geometry": {
    "type": "Point",
    "coordinates": [
     48.642138,
     29.547948
    ]
   }
  },
  {
   "type": "Feature",
   "properties": {
    "text": "QatarEnergy N",
    "kind": "other",
    "font": "Gen_District-Pro-Demi_Bo",
    "size": 6.57
   },
   "geometry": {
    "type": "Point",
    "coordinates": [
     52.296124,
     26.473751
    ]
   }
  },
  {
   "type": "Feature",
   "properties": {
    "text": "QatarEnergy S",
    "kind": "other",
    "font": "Gen_District-Pro-Demi_Bo",
    "size": 6.57
   },
   "geometry": {
    "type": "Point",
    "coordinates": [
     52.288592,
     26.113589
    ]
   }
  },
  {
   "type": "Feature",
   "properties": {
    "text": "North Field",
    "kind": "other",
    "font": "Gen_District-Pro-Demi_Bo",
    "size": 6.57
   },
   "geometry": {
    "type": "Point",
    "coordinates": [
     52.467293,
     25.917089
    ]
   }
  },
  {
   "type": "Feature",
   "properties": {
    "text": "Expansion",
    "kind": "other",
    "font": "Gen_District-Pro-Demi_Bo",
    "size": 6.57
   },
   "geometry": {
    "type": "Point",
    "coordinates": [
     52.453488,
     25.837608
    ]
   }
  },
  {
   "type": "Feature",
   "properties": {
    "text": "Sheikh Sabah Al-Ahmad",
    "kind": "other",
    "font": "Gen_District-Pro-Demi_Bo",
    "size": 6.57
   },
   "geometry": {
    "type": "Point",
    "coordinates": [
     35.725689,
     29.102278
    ]
   }
  },
  {
   "type": "Feature",
   "properties": {
    "text": "Al-Jaber Al Sabah",
    "kind": "other",
    "font": "Gen_District-Pro-Demi_Bo",
    "size": 6.57
   },
   "geometry": {
    "type": "Point",
    "coordinates": [
     35.610983,
     29.022723
    ]
   }
  },
  {
   "type": "Feature",
   "properties": {
    "text": "LNG Terminal",
    "kind": "other",
    "font": "Gen_District-Pro-Demi_Bo",
    "size": 6.57
   },
   "geometry": {
    "type": "Point",
    "coordinates": [
     35.543849,
     28.9432
    ]
   }
  },
  {
   "type": "Feature",
   "properties": {
    "text": "Jafurah LNG",
    "kind": "other",
    "font": "Gen_District-Pro-Demi_Bo",
    "size": 6.57
   },
   "geometry": {
    "type": "Point",
    "coordinates": [
     50.48885,
     25.680077
    ]
   }
  },
  {
   "type": "Feature",
   "properties": {
    "text": "Al-Ruwais LNG (Export)",
    "kind": "other",
    "font": "Gen_District-Pro-Demi_Bo",
    "size": 6.57
   },
   "geometry": {
    "type": "Point",
    "coordinates": [
     51.681519,
     23.884119
    ]
   }
  },
  {
   "type": "Feature",
   "properties": {
    "text": "Little Aden LNG Import",
    "kind": "other",
    "font": "Gen_District-Pro-Demi_Bo",
    "size": 6.57
   },
   "geometry": {
    "type": "Point",
    "coordinates": [
     45.723171,
     12.706068
    ]
   }
  },
  {
   "type": "Feature",
   "properties": {
    "text": "Al-Ruwais LNG (Import)",
    "kind": "other",
    "font": "Gen_District-Pro-Demi_Bo",
    "size": 6.57
   },
   "geometry": {
    "type": "Point",
    "coordinates": [
     51.826839,
     23.671194
    ]
   }
  },
  {
   "type": "Feature",
   "properties": {
    "text": "Iran LNG",
    "kind": "other",
    "font": "Gen_District-Pro-Demi_Bo",
    "size": 6.57
   },
   "geometry": {
    "type": "Point",
    "coordinates": [
     52.156262,
     27.226778
    ]
   }
  },
  {
   "type": "Feature",
   "properties": {
    "text": "Marsa LNG",
    "kind": "other",
    "font": "Gen_District-Pro-Demi_Bo",
    "size": 6.57
   },
   "geometry": {
    "type": "Point",
    "coordinates": [
     57.39518,
     24.225353
    ]
   }
  },
  {
   "type": "Feature",
   "properties": {
    "text": "Dortyol LNG",
    "kind": "other",
    "font": "Gen_District-Pro-Demi_Bo",
    "size": 6.57
   },
   "geometry": {
    "type": "Point",
    "coordinates": [
     35.787142,
     36.72544
    ]
   }
  },
  {
   "type": "Feature",
   "properties": {
    "text": "Faridah",
    "kind": "other",
    "font": "Gen_District-Pro-Bold_Bo",
    "size": 6.0
   },
   "geometry": {
    "type": "Point",
    "coordinates": [
     47.142631,
     26.775818
    ]
   }
  },
  {
   "type": "Feature",
   "properties": {
    "text": "El Haba",
    "kind": "other",
    "font": "Gen_District-Pro-Bold_Bo",
    "size": 6.0
   },
   "geometry": {
    "type": "Point",
    "coordinates": [
     46.963264,
     27.244585
    ]
   }
  },
  {
   "type": "Feature",
   "properties": {
    "text": "Dhib",
    "kind": "other",
    "font": "Gen_District-Pro-Bold_Bo",
    "size": 6.0
   },
   "geometry": {
    "type": "Point",
    "coordinates": [
     48.070418,
     26.727503
    ]
   }
  },
  {
   "type": "Feature",
   "properties": {
    "text": "Jaladi",
    "kind": "other",
    "font": "Gen_District-Pro-Bold_Bo",
    "size": 6.0
   },
   "geometry": {
    "type": "Point",
    "coordinates": [
     48.439843,
     27.179137
    ]
   }
  },
  {
   "type": "Feature",
   "properties": {
    "text": "Bakr",
    "kind": "other",
    "font": "Gen_District-Pro-Bold_Bo",
    "size": 6.0
   },
   "geometry": {
    "type": "Point",
    "coordinates": [
     48.261606,
     27.066254
    ]
   }
  },
  {
   "type": "Feature",
   "properties": {
    "text": "Juraybiat",
    "kind": "other",
    "font": "Gen_District-Pro-Bold_Bo",
    "size": 6.0
   },
   "geometry": {
    "type": "Point",
    "coordinates": [
     48.224134,
     27.39435
    ]
   }
  },
  {
   "type": "Feature",
   "properties": {
    "text": "Watban",
    "kind": "other",
    "font": "Gen_District-Pro-Bold_Bo",
    "size": 6.0
   },
   "geometry": {
    "type": "Point",
    "coordinates": [
     47.515524,
     27.433734
    ]
   }
  },
  {
   "type": "Feature",
   "properties": {
    "text": "Wariah",
    "kind": "other",
    "font": "Gen_District-Pro-Bold_Bo",
    "size": 6.0
   },
   "geometry": {
    "type": "Point",
    "coordinates": [
     47.073518,
     27.695247
    ]
   }
  },
  {
   "type": "Feature",
   "properties": {
    "text": "Suban",
    "kind": "other",
    "font": "Gen_District-Pro-Bold_Bo",
    "size": 6.0
   },
   "geometry": {
    "type": "Point",
    "coordinates": [
     46.853502,
     27.860117
    ]
   }
  },
  {
   "type": "Feature",
   "properties": {
    "text": "Habari",
    "kind": "other",
    "font": "Gen_District-Pro-Bold_Bo",
    "size": 6.0
   },
   "geometry": {
    "type": "Point",
    "coordinates": [
     47.751476,
     27.716489
    ]
   }
  },
  {
   "type": "Feature",
   "properties": {
    "text": "Sharar",
    "kind": "other",
    "font": "Gen_District-Pro-Bold_Bo",
    "size": 6.0
   },
   "geometry": {
    "type": "Point",
    "coordinates": [
     48.570728,
     27.77256
    ]
   }
  },
  {
   "type": "Feature",
   "properties": {
    "text": "Abu Hadriya",
    "kind": "other",
    "font": "Gen_District-Pro-Bold_Bo",
    "size": 6.0
   },
   "geometry": {
    "type": "Point",
    "coordinates": [
     48.71443,
     27.468657
    ]
   }
  },
  {
   "type": "Feature",
   "properties": {
    "text": "Khursaniyah",
    "kind": "other",
    "font": "Gen_District-Pro-Bold_Bo",
    "size": 6.0
   },
   "geometry": {
    "type": "Point",
    "coordinates": [
     48.957744,
     27.256825
    ]
   }
  },
  {
   "type": "Feature",
   "properties": {
    "text": "Fazran",
    "kind": "other",
    "font": "Gen_District-Pro-Bold_Bo",
    "size": 6.0
   },
   "geometry": {
    "type": "Point",
    "coordinates": [
     49.06441,
     26.388921
    ]
   }
  },
  {
   "type": "Feature",
   "properties": {
    "text": "Jaham",
    "kind": "other",
    "font": "Gen_District-Pro-Bold_Bo",
    "size": 6.0
   },
   "geometry": {
    "type": "Point",
    "coordinates": [
     47.61576,
     26.086304
    ]
   }
  },
  {
   "type": "Feature",
   "properties": {
    "text": "Samin",
    "kind": "other",
    "font": "Gen_District-Pro-Bold_Bo",
    "size": 6.0
   },
   "geometry": {
    "type": "Point",
    "coordinates": [
     49.12554,
     26.803151
    ]
   }
  },
  {
   "type": "Feature",
   "properties": {
    "text": "Manifa",
    "kind": "other",
    "font": "Gen_District-Pro-Bold_Bo",
    "size": 6.0
   },
   "geometry": {
    "type": "Point",
    "coordinates": [
     49.207469,
     27.760483
    ]
   }
  },
  {
   "type": "Feature",
   "properties": {
    "text": "Berri",
    "kind": "other",
    "font": "Gen_District-Pro-Bold_Bo",
    "size": 6.0
   },
   "geometry": {
    "type": "Point",
    "coordinates": [
     49.500962,
     27.152545
    ]
   }
  },
  {
   "type": "Feature",
   "properties": {
    "text": "Qatif",
    "kind": "other",
    "font": "Gen_District-Pro-Bold_Bo",
    "size": 6.0
   },
   "geometry": {
    "type": "Point",
    "coordinates": [
     50.169714,
     26.79866
    ]
   }
  },
  {
   "type": "Feature",
   "properties": {
    "text": "Jurayd",
    "kind": "other",
    "font": "Gen_District-Pro-Bold_Bo",
    "size": 6.0
   },
   "geometry": {
    "type": "Point",
    "coordinates": [
     50.40823,
     27.388442
    ]
   }
  },
  {
   "type": "Feature",
   "properties": {
    "text": "Jana",
    "kind": "other",
    "font": "Gen_District-Pro-Bold_Bo",
    "size": 6.0
   },
   "geometry": {
    "type": "Point",
    "coordinates": [
     49.898935,
     27.470847
    ]
   }
  },
  {
   "type": "Feature",
   "properties": {
    "text": "Harqus",
    "kind": "other",
    "font": "Gen_District-Pro-Bold_Bo",
    "size": 6.0
   },
   "geometry": {
    "type": "Point",
    "coordinates": [
     49.52141,
     27.863325
    ]
   }
  },
  {
   "type": "Feature",
   "properties": {
    "text": "BB",
    "kind": "other",
    "font": "Gen_District-Pro-Bold_Bo",
    "size": 6.0
   },
   "geometry": {
    "type": "Point",
    "coordinates": [
     50.258118,
     28.368442
    ]
   }
  },
  {
   "type": "Feature",
   "properties": {
    "text": "Lawhah",
    "kind": "other",
    "font": "Gen_District-Pro-Bold_Bo",
    "size": 6.0
   },
   "geometry": {
    "type": "Point",
    "coordinates": [
     49.88493,
     28.212614
    ]
   }
  },
  {
   "type": "Feature",
   "properties": {
    "text": "Foroozan",
    "kind": "other",
    "font": "Gen_District-Pro-Bold_Bo",
    "size": 6.0
   },
   "geometry": {
    "type": "Point",
    "coordinates": [
     49.954804,
     28.362397
    ]
   }
  },
  {
   "type": "Feature",
   "properties": {
    "text": "Maharah",
    "kind": "other",
    "font": "Gen_District-Pro-Bold_Bo",
    "size": 6.0
   },
   "geometry": {
    "type": "Point",
    "coordinates": [
     49.360145,
     28.111345
    ]
   }
  },
  {
   "type": "Feature",
   "properties": {
    "text": "Hamur",
    "kind": "other",
    "font": "Gen_District-Pro-Bold_Bo",
    "size": 6.0
   },
   "geometry": {
    "type": "Point",
    "coordinates": [
     49.219782,
     28.185507
    ]
   }
  },
  {
   "type": "Feature",
   "properties": {
    "text": "Zuluf",
    "kind": "other",
    "font": "Gen_District-Pro-Bold_Bo",
    "size": 6.0
   },
   "geometry": {
    "type": "Point",
    "coordinates": [
     49.240672,
     28.478902
    ]
   }
  },
  {
   "type": "Feature",
   "properties": {
    "text": "Ribyan",
    "kind": "other",
    "font": "Gen_District-Pro-Bold_Bo",
    "size": 6.0
   },
   "geometry": {
    "type": "Point",
    "coordinates": [
     48.911431,
     28.13553
    ]
   }
  },
  {
   "type": "Feature",
   "properties": {
    "text": "Safaniyah",
    "kind": "other",
    "font": "Gen_District-Pro-Bold_Bo",
    "size": 6.0
   },
   "geometry": {
    "type": "Point",
    "coordinates": [
     48.541398,
     28.141562
    ]
   }
  },
  {
   "type": "Feature",
   "properties": {
    "text": "Khafji",
    "kind": "other",
    "font": "Gen_District-Pro-Bold_Bo",
    "size": 6.0
   },
   "geometry": {
    "type": "Point",
    "coordinates": [
     48.808553,
     28.537807
    ]
   }
  },
  {
   "type": "Feature",
   "properties": {
    "text": "Arg",
    "kind": "other",
    "font": "Gen_District-Pro-Bold_Bo",
    "size": 6.0
   },
   "geometry": {
    "type": "Point",
    "coordinates": [
     48.169711,
     28.223203
    ]
   }
  },
  {
   "type": "Feature",
   "properties": {
    "text": "Humma",
    "kind": "other",
    "font": "Gen_District-Pro-Bold_Bo",
    "size": 6.0
   },
   "geometry": {
    "type": "Point",
    "coordinates": [
     47.755454,
     28.274586
    ]
   }
  },
  {
   "type": "Feature",
   "properties": {
    "text": "S Fuwaris",
    "kind": "other",
    "font": "Gen_District-Pro-Bold_Bo",
    "size": 6.0
   },
   "geometry": {
    "type": "Point",
    "coordinates": [
     48.121107,
     28.374431
    ]
   }
  },
  {
   "type": "Feature",
   "properties": {
    "text": "N Fuwaris",
    "kind": "other",
    "font": "Gen_District-Pro-Bold_Bo",
    "size": 6.0
   },
   "geometry": {
    "type": "Point",
    "coordinates": [
     48.19373,
     28.483324
    ]
   }
  },
  {
   "type": "Feature",
   "properties": {
    "text": "Dibdibah",
    "kind": "other",
    "font": "Gen_District-Pro-Bold_Bo",
    "size": 6.0
   },
   "geometry": {
    "type": "Point",
    "coordinates": [
     47.046997,
     28.229138
    ]
   }
  },
  {
   "type": "Feature",
   "properties": {
    "text": "Rimthan",
    "kind": "other",
    "font": "Gen_District-Pro-Bold_Bo",
    "size": 6.0
   },
   "geometry": {
    "type": "Point",
    "coordinates": [
     46.916549,
     28.583001
    ]
   }
  },
  {
   "type": "Feature",
   "properties": {
    "text": "Wafra",
    "kind": "other",
    "font": "Gen_District-Pro-Bold_Bo",
    "size": 6.0
   },
   "geometry": {
    "type": "Point",
    "coordinates": [
     47.718881,
     28.628829
    ]
   }
  },
  {
   "type": "Feature",
   "properties": {
    "text": "Abu Khaimah",
    "kind": "other",
    "font": "Gen_District-Pro-Bold_Bo",
    "size": 6.0
   },
   "geometry": {
    "type": "Point",
    "coordinates": [
     46.049672,
     29.19384
    ]
   }
  },
  {
   "type": "Feature",
   "properties": {
    "text": "Rugel",
    "kind": "other",
    "font": "Gen_District-Pro-Bold_Bo",
    "size": 6.0
   },
   "geometry": {
    "type": "Point",
    "coordinates": [
     46.834818,
     29.172799
    ]
   }
  },
  {
   "type": "Feature",
   "properties": {
    "text": "Dharif",
    "kind": "other",
    "font": "Gen_District-Pro-Bold_Bo",
    "size": 6.0
   },
   "geometry": {
    "type": "Point",
    "coordinates": [
     47.624345,
     29.278769
    ]
   }
  },
  {
   "type": "Feature",
   "properties": {
    "text": "Kra Al Maru",
    "kind": "other",
    "font": "Gen_District-Pro-Bold_Bo",
    "size": 6.0
   },
   "geometry": {
    "type": "Point",
    "coordinates": [
     47.119062,
     29.423893
    ]
   }
  },
  {
   "type": "Feature",
   "properties": {
    "text": "Mutriba",
    "kind": "other",
    "font": "Gen_District-Pro-Bold_Bo",
    "size": 6.0
   },
   "geometry": {
    "type": "Point",
    "coordinates": [
     47.140844,
     29.770172
    ]
   }
  },
  {
   "type": "Feature",
   "properties": {
    "text": "Khidhr Almaa",
    "kind": "other",
    "font": "Gen_District-Pro-Bold_Bo",
    "size": 6.0
   },
   "geometry": {
    "type": "Point",
    "coordinates": [
     46.743973,
     29.866905
    ]
   }
  },
  {
   "type": "Feature",
   "properties": {
    "text": "Khashman",
    "kind": "other",
    "font": "Gen_District-Pro-Bold_Bo",
    "size": 6.0
   },
   "geometry": {
    "type": "Point",
    "coordinates": [
     47.714871,
     29.360448
    ]
   }
  },
  {
   "type": "Feature",
   "properties": {
    "text": "Medina",
    "kind": "other",
    "font": "Gen_District-Pro-Bold_Bo",
    "size": 6.0
   },
   "geometry": {
    "type": "Point",
    "coordinates": [
     48.160641,
     29.461763
    ]
   }
  },
  {
   "type": "Feature",
   "properties": {
    "text": "Greater Burgan",
    "kind": "other",
    "font": "Gen_District-Pro-Bold_Bo",
    "size": 6.0
   },
   "geometry": {
    "type": "Point",
    "coordinates": [
     48.349421,
     29.188096
    ]
   }
  },
  {
   "type": "Feature",
   "properties": {
    "text": "Riquah",
    "kind": "other",
    "font": "Gen_District-Pro-Bold_Bo",
    "size": 6.0
   },
   "geometry": {
    "type": "Point",
    "coordinates": [
     48.481701,
     29.262153
    ]
   }
  },
  {
   "type": "Feature",
   "properties": {
    "text": "Esfandiar",
    "kind": "other",
    "font": "Gen_District-Pro-Bold_Bo",
    "size": 6.0
   },
   "geometry": {
    "type": "Point",
    "coordinates": [
     49.807292,
     28.849382
    ]
   }
  },
  {
   "type": "Feature",
   "properties": {
    "text": "Lulu",
    "kind": "other",
    "font": "Gen_District-Pro-Bold_Bo",
    "size": 6.0
   },
   "geometry": {
    "type": "Point",
    "coordinates": [
     49.344061,
     28.619494
    ]
   }
  },
  {
   "type": "Feature",
   "properties": {
    "text": "Hout",
    "kind": "other",
    "font": "Gen_District-Pro-Bold_Bo",
    "size": 6.0
   },
   "geometry": {
    "type": "Point",
    "coordinates": [
     49.122034,
     28.752576
    ]
   }
  },
  {
   "type": "Feature",
   "properties": {
    "text": "Dorra",
    "kind": "other",
    "font": "Gen_District-Pro-Bold_Bo",
    "size": 6.0
   },
   "geometry": {
    "type": "Point",
    "coordinates": [
     49.002557,
     29.019233
    ]
   }
  },
  {
   "type": "Feature",
   "properties": {
    "text": "Soroosh",
    "kind": "other",
    "font": "Gen_District-Pro-Bold_Bo",
    "size": 6.0
   },
   "geometry": {
    "type": "Point",
    "coordinates": [
     49.71283,
     29.031474
    ]
   }
  },
  {
   "type": "Feature",
   "properties": {
    "text": "Mahar",
    "kind": "other",
    "font": "Gen_District-Pro-Bold_Bo",
    "size": 6.0
   },
   "geometry": {
    "type": "Point",
    "coordinates": [
     49.122922,
     29.239685
    ]
   }
  },
  {
   "type": "Feature",
   "properties": {
    "text": "Aboozar",
    "kind": "other",
    "font": "Gen_District-Pro-Bold_Bo",
    "size": 6.0
   },
   "geometry": {
    "type": "Point",
    "coordinates": [
     49.683533,
     29.340852
    ]
   }
  },
  {
   "type": "Feature",
   "properties": {
    "text": "Nowruz",
    "kind": "other",
    "font": "Gen_District-Pro-Bold_Bo",
    "size": 6.0
   },
   "geometry": {
    "type": "Point",
    "coordinates": [
     49.221427,
     29.549553
    ]
   }
  },
  {
   "type": "Feature",
   "properties": {
    "text": "Bahrah",
    "kind": "other",
    "font": "Gen_District-Pro-Bold_Bo",
    "size": 6.0
   },
   "geometry": {
    "type": "Point",
    "coordinates": [
     48.128046,
     29.65692
    ]
   }
  },
  {
   "type": "Feature",
   "properties": {
    "text": "Sabriya",
    "kind": "other",
    "font": "Gen_District-Pro-Bold_Bo",
    "size": 6.0
   },
   "geometry": {
    "type": "Point",
    "coordinates": [
     48.014107,
     29.753582
    ]
   }
  },
  {
   "type": "Feature",
   "properties": {
    "text": "Abdali",
    "kind": "other",
    "font": "Gen_District-Pro-Bold_Bo",
    "size": 6.0
   },
   "geometry": {
    "type": "Point",
    "coordinates": [
     47.706032,
     29.970853
    ]
   }
  },
  {
   "type": "Feature",
   "properties": {
    "text": "Raudhatain",
    "kind": "other",
    "font": "Gen_District-Pro-Bold_Bo",
    "size": 6.0
   },
   "geometry": {
    "type": "Point",
    "coordinates": [
     47.475379,
     29.839788
    ]
   }
  },
  {
   "type": "Feature",
   "properties": {
    "text": "Jerishan",
    "kind": "other",
    "font": "Gen_District-Pro-Bold_Bo",
    "size": 6.0
   },
   "geometry": {
    "type": "Point",
    "coordinates": [
     46.981889,
     30.084003
    ]
   }
  },
  {
   "type": "Feature",
   "properties": {
    "text": "Umm Qasr",
    "kind": "other",
    "font": "Gen_District-Pro-Bold_Bo",
    "size": 6.0
   },
   "geometry": {
    "type": "Point",
    "coordinates": [
     48.082354,
     30.056196
    ]
   }
  },
  {
   "type": "Feature",
   "properties": {
    "text": "Rachi",
    "kind": "other",
    "font": "Gen_District-Pro-Bold_Bo",
    "size": 6.0
   },
   "geometry": {
    "type": "Point",
    "coordinates": [
     47.166692,
     30.254149
    ]
   }
  },
  {
   "type": "Feature",
   "properties": {
    "text": "Tuba",
    "kind": "other",
    "font": "Gen_District-Pro-Bold_Bo",
    "size": 6.0
   },
   "geometry": {
    "type": "Point",
    "coordinates": [
     47.629331,
     30.258689
    ]
   }
  },
  {
   "type": "Feature",
   "properties": {
    "text": "Arzanah",
    "kind": "other",
    "font": "Gen_District-Pro-Bold_Bo",
    "size": 6.0
   },
   "geometry": {
    "type": "Point",
    "coordinates": [
     52.408256,
     24.740236
    ]
   }
  },
  {
   "type": "Feature",
   "properties": {
    "text": "Satah",
    "kind": "other",
    "font": "Gen_District-Pro-Bold_Bo",
    "size": 6.0
   },
   "geometry": {
    "type": "Point",
    "coordinates": [
     52.446983,
     24.914069
    ]
   }
  },
  {
   "type": "Feature",
   "properties": {
    "text": "A Structure",
    "kind": "other",
    "font": "Gen_District-Pro-Bold_Bo",
    "size": 6.0
   },
   "geometry": {
    "type": "Point",
    "coordinates": [
     52.328437,
     25.080913
    ]
   }
  },
  {
   "type": "Feature",
   "properties": {
    "text": "B1",
    "kind": "other",
    "font": "Gen_District-Pro-Bold_Bo",
    "size": 6.0
   },
   "geometry": {
    "type": "Point",
    "coordinates": [
     53.601669,
     25.032276
    ]
   }
  },
  {
   "type": "Feature",
   "properties": {
    "text": "C1",
    "kind": "other",
    "font": "Gen_District-Pro-Bold_Bo",
    "size": 6.0
   },
   "geometry": {
    "type": "Point",
    "coordinates": [
     53.623463,
     25.108003
    ]
   }
  },
  {
   "type": "Feature",
   "properties": {
    "text": "Bu Dana",
    "kind": "other",
    "font": "Gen_District-Pro-Bold_Bo",
    "size": 6.0
   },
   "geometry": {
    "type": "Point",
    "coordinates": [
     53.729906,
     25.269122
    ]
   }
  },
  {
   "type": "Feature",
   "properties": {
    "text": "Mandous",
    "kind": "other",
    "font": "Gen_District-Pro-Bold_Bo",
    "size": 6.0
   },
   "geometry": {
    "type": "Point",
    "coordinates": [
     54.130894,
     25.21495
    ]
   }
  },
  {
   "type": "Feature",
   "properties": {
    "text": "Sirri A",
    "kind": "other",
    "font": "Gen_District-Pro-Bold_Bo",
    "size": 6.0
   },
   "geometry": {
    "type": "Point",
    "coordinates": [
     54.000703,
     25.753948
    ]
   }
  },
  {
   "type": "Feature",
   "properties": {
    "text": "Sirri C",
    "kind": "other",
    "font": "Gen_District-Pro-Bold_Bo",
    "size": 6.0
   },
   "geometry": {
    "type": "Point",
    "coordinates": [
     54.301066,
     25.813278
    ]
   }
  },
  {
   "type": "Feature",
   "properties": {
    "text": "Sirri E",
    "kind": "other",
    "font": "Gen_District-Pro-Bold_Bo",
    "size": 6.0
   },
   "geometry": {
    "type": "Point",
    "coordinates": [
     54.806743,
     25.69035
    ]
   }
  },
  {
   "type": "Feature",
   "properties": {
    "text": "Alpha 2",
    "kind": "other",
    "font": "Gen_District-Pro-Bold_Bo",
    "size": 6.0
   },
   "geometry": {
    "type": "Point",
    "coordinates": [
     53.28622,
     26.187217
    ]
   }
  },
  {
   "type": "Feature",
   "properties": {
    "text": "Resalat",
    "kind": "other",
    "font": "Gen_District-Pro-Bold_Bo",
    "size": 6.0
   },
   "geometry": {
    "type": "Point",
    "coordinates": [
     53.38272,
     25.957332
    ]
   }
  },
  {
   "type": "Feature",
   "properties": {
    "text": "Reshadat",
    "kind": "other",
    "font": "Gen_District-Pro-Bold_Bo",
    "size": 6.0
   },
   "geometry": {
    "type": "Point",
    "coordinates": [
     53.143916,
     25.84281
    ]
   }
  },
  {
   "type": "Feature",
   "properties": {
    "text": "Hair Dalma",
    "kind": "other",
    "font": "Gen_District-Pro-Bold_Bo",
    "size": 6.0
   },
   "geometry": {
    "type": "Point",
    "coordinates": [
     52.236607,
     24.492149
    ]
   }
  },
  {
   "type": "Feature",
   "properties": {
    "text": "Forman",
    "kind": "other",
    "font": "Gen_District-Pro-Bold_Bo",
    "size": 6.0
   },
   "geometry": {
    "type": "Point",
    "coordinates": [
     55.024408,
     25.607779
    ]
   }
  },
  {
   "type": "Feature",
   "properties": {
    "text": "Fateh SW",
    "kind": "other",
    "font": "Gen_District-Pro-Bold_Bo",
    "size": 6.0
   },
   "geometry": {
    "type": "Point",
    "coordinates": [
     54.105094,
     25.450503
    ]
   }
  },
  {
   "type": "Feature",
   "properties": {
    "text": "Farzam",
    "kind": "other",
    "font": "Gen_District-Pro-Bold_Bo",
    "size": 6.0
   },
   "geometry": {
    "type": "Point",
    "coordinates": [
     54.058831,
     25.552622
    ]
   }
  },
  {
   "type": "Feature",
   "properties": {
    "text": "Ghafeer",
    "kind": "other",
    "font": "Gen_District-Pro-Bold_Bo",
    "size": 6.0
   },
   "geometry": {
    "type": "Point",
    "coordinates": [
     54.239205,
     17.908578
    ]
   }
  },
  {
   "type": "Feature",
   "properties": {
    "text": "Harweel",
    "kind": "other",
    "font": "Gen_District-Pro-Bold_Bo",
    "size": 6.0
   },
   "geometry": {
    "type": "Point",
    "coordinates": [
     54.32503,
     18.086937
    ]
   }
  },
  {
   "type": "Feature",
   "properties": {
    "text": "Birba",
    "kind": "other",
    "font": "Gen_District-Pro-Bold_Bo",
    "size": 6.0
   },
   "geometry": {
    "type": "Point",
    "coordinates": [
     55.024451,
     18.345259
    ]
   }
  },
  {
   "type": "Feature",
   "properties": {
    "text": "Wadi Haka",
    "kind": "other",
    "font": "Gen_District-Pro-Bold_Bo",
    "size": 6.0
   },
   "geometry": {
    "type": "Point",
    "coordinates": [
     55.399349,
     18.010945
    ]
   }
  },
  {
   "type": "Feature",
   "properties": {
    "text": "Marmul",
    "kind": "other",
    "font": "Gen_District-Pro-Bold_Bo",
    "size": 6.0
   },
   "geometry": {
    "type": "Point",
    "coordinates": [
     55.392921,
     18.311856
    ]
   }
  },
  {
   "type": "Feature",
   "properties": {
    "text": "Amin",
    "kind": "other",
    "font": "Gen_District-Pro-Bold_Bo",
    "size": 6.0
   },
   "geometry": {
    "type": "Point",
    "coordinates": [
     55.676447,
     18.500659
    ]
   }
  },
  {
   "type": "Feature",
   "properties": {
    "text": "Al Noor",
    "kind": "other",
    "font": "Gen_District-Pro-Bold_Bo",
    "size": 6.0
   },
   "geometry": {
    "type": "Point",
    "coordinates": [
     55.382867,
     18.774478
    ]
   }
  },
  {
   "type": "Feature",
   "properties": {
    "text": "Nimr",
    "kind": "other",
    "font": "Gen_District-Pro-Bold_Bo",
    "size": 6.0
   },
   "geometry": {
    "type": "Point",
    "coordinates": [
     55.909748,
     18.813574
    ]
   }
  },
  {
   "type": "Feature",
   "properties": {
    "text": "Rima",
    "kind": "other",
    "font": "Gen_District-Pro-Bold_Bo",
    "size": 6.0
   },
   "geometry": {
    "type": "Point",
    "coordinates": [
     56.491544,
     18.870776
    ]
   }
  },
  {
   "type": "Feature",
   "properties": {
    "text": "Mukhaizna",
    "kind": "other",
    "font": "Gen_District-Pro-Bold_Bo",
    "size": 6.0
   },
   "geometry": {
    "type": "Point",
    "coordinates": [
     56.780987,
     19.371142
    ]
   }
  },
  {
   "type": "Feature",
   "properties": {
    "text": "Ghufos",
    "kind": "other",
    "font": "Gen_District-Pro-Bold_Bo",
    "size": 6.0
   },
   "geometry": {
    "type": "Point",
    "coordinates": [
     55.916887,
     19.332203
    ]
   }
  },
  {
   "type": "Feature",
   "properties": {
    "text": "Zareef",
    "kind": "other",
    "font": "Gen_District-Pro-Bold_Bo",
    "size": 6.0
   },
   "geometry": {
    "type": "Point",
    "coordinates": [
     55.689196,
     19.451673
    ]
   }
  },
  {
   "type": "Feature",
   "properties": {
    "text": "Sayyala",
    "kind": "other",
    "font": "Gen_District-Pro-Bold_Bo",
    "size": 6.0
   },
   "geometry": {
    "type": "Point",
    "coordinates": [
     55.617748,
     19.604462
    ]
   }
  },
  {
   "type": "Feature",
   "properties": {
    "text": "Hawqa",
    "kind": "other",
    "font": "Gen_District-Pro-Bold_Bo",
    "size": 6.0
   },
   "geometry": {
    "type": "Point",
    "coordinates": [
     55.935959,
     20.204509
    ]
   }
  },
  {
   "type": "Feature",
   "properties": {
    "text": "Mabrouk",
    "kind": "other",
    "font": "Gen_District-Pro-Bold_Bo",
    "size": 6.0
   },
   "geometry": {
    "type": "Point",
    "coordinates": [
     56.145367,
     21.222049
    ]
   }
  },
  {
   "type": "Feature",
   "properties": {
    "text": "Tawf Dahm",
    "kind": "other",
    "font": "Gen_District-Pro-Bold_Bo",
    "size": 6.0
   },
   "geometry": {
    "type": "Point",
    "coordinates": [
     55.763184,
     21.456498
    ]
   }
  },
  {
   "type": "Feature",
   "properties": {
    "text": "Malih",
    "kind": "other",
    "font": "Gen_District-Pro-Bold_Bo",
    "size": 6.0
   },
   "geometry": {
    "type": "Point",
    "coordinates": [
     55.871767,
     21.640925
    ]
   }
  },
  {
   "type": "Feature",
   "properties": {
    "text": "Al Huwaisah",
    "kind": "other",
    "font": "Gen_District-Pro-Bold_Bo",
    "size": 6.0
   },
   "geometry": {
    "type": "Point",
    "coordinates": [
     55.822712,
     21.928232
    ]
   }
  },
  {
   "type": "Feature",
   "properties": {
    "text": "Fahud",
    "kind": "other",
    "font": "Gen_District-Pro-Bold_Bo",
    "size": 6.0
   },
   "geometry": {
    "type": "Point",
    "coordinates": [
     56.392823,
     22.272767
    ]
   }
  },
  {
   "type": "Feature",
   "properties": {
    "text": "Daleel",
    "kind": "other",
    "font": "Gen_District-Pro-Bold_Bo",
    "size": 6.0
   },
   "geometry": {
    "type": "Point",
    "coordinates": [
     56.084217,
     22.802121
    ]
   }
  },
  {
   "type": "Feature",
   "properties": {
    "text": "Mender",
    "kind": "other",
    "font": "Gen_District-Pro-Bold_Bo",
    "size": 6.0
   },
   "geometry": {
    "type": "Point",
    "coordinates": [
     54.92113,
     22.642359
    ]
   }
  },
  {
   "type": "Feature",
   "properties": {
    "text": "Qusahwira",
    "kind": "other",
    "font": "Gen_District-Pro-Bold_Bo",
    "size": 6.0
   },
   "geometry": {
    "type": "Point",
    "coordinates": [
     54.591613,
     22.882823
    ]
   }
  },
  {
   "type": "Feature",
   "properties": {
    "text": "Ramlah",
    "kind": "other",
    "font": "Gen_District-Pro-Bold_Bo",
    "size": 6.0
   },
   "geometry": {
    "type": "Point",
    "coordinates": [
     54.559656,
     22.110105
    ]
   }
  },
  {
   "type": "Feature",
   "properties": {
    "text": "Shaybah",
    "kind": "other",
    "font": "Gen_District-Pro-Bold_Bo",
    "size": 6.0
   },
   "geometry": {
    "type": "Point",
    "coordinates": [
     54.286675,
     22.432193
    ]
   }
  },
  {
   "type": "Feature",
   "properties": {
    "text": "Zarrarah",
    "kind": "other",
    "font": "Gen_District-Pro-Bold_Bo",
    "size": 6.0
   },
   "geometry": {
    "type": "Point",
    "coordinates": [
     54.376316,
     22.740629
    ]
   }
  },
  {
   "type": "Feature",
   "properties": {
    "text": "Huwaila",
    "kind": "other",
    "font": "Gen_District-Pro-Bold_Bo",
    "size": 6.0
   },
   "geometry": {
    "type": "Point",
    "coordinates": [
     53.531961,
     23.247465
    ]
   }
  },
  {
   "type": "Feature",
   "properties": {
    "text": "Arjan",
    "kind": "other",
    "font": "Gen_District-Pro-Bold_Bo",
    "size": 6.0
   },
   "geometry": {
    "type": "Point",
    "coordinates": [
     54.64952,
     23.876212
    ]
   }
  },
  {
   "type": "Feature",
   "properties": {
    "text": "Rumaitha",
    "kind": "other",
    "font": "Gen_District-Pro-Bold_Bo",
    "size": 6.0
   },
   "geometry": {
    "type": "Point",
    "coordinates": [
     54.596082,
     24.021395
    ]
   }
  },
  {
   "type": "Feature",
   "properties": {
    "text": "Shanayel",
    "kind": "other",
    "font": "Gen_District-Pro-Bold_Bo",
    "size": 6.0
   },
   "geometry": {
    "type": "Point",
    "coordinates": [
     54.622834,
     24.12724
    ]
   }
  },
  {
   "type": "Feature",
   "properties": {
    "text": "Jarn Yaphour",
    "kind": "other",
    "font": "Gen_District-Pro-Bold_Bo",
    "size": 6.0
   },
   "geometry": {
    "type": "Point",
    "coordinates": [
     55.011745,
     24.251125
    ]
   }
  },
  {
   "type": "Feature",
   "properties": {
    "text": "Umm Ad Dalkh",
    "kind": "other",
    "font": "Gen_District-Pro-Bold_Bo",
    "size": 6.0
   },
   "geometry": {
    "type": "Point",
    "coordinates": [
     54.174189,
     24.391933
    ]
   }
  },
  {
   "type": "Feature",
   "properties": {
    "text": "Umm Al Lulu",
    "kind": "other",
    "font": "Gen_District-Pro-Bold_Bo",
    "size": 6.0
   },
   "geometry": {
    "type": "Point",
    "coordinates": [
     54.454058,
     24.634415
    ]
   }
  },
  {
   "type": "Feature",
   "properties": {
    "text": "Bida Al Qemzan",
    "kind": "other",
    "font": "Gen_District-Pro-Bold_Bo",
    "size": 6.0
   },
   "geometry": {
    "type": "Point",
    "coordinates": [
     53.029662,
     23.832343
    ]
   }
  },
  {
   "type": "Feature",
   "properties": {
    "text": "Ruwais",
    "kind": "other",
    "font": "Gen_District-Pro-Bold_Bo",
    "size": 6.0
   },
   "geometry": {
    "type": "Point",
    "coordinates": [
     52.490244,
     23.864629
    ]
   }
  },
  {
   "type": "Feature",
   "properties": {
    "text": "Gezira",
    "kind": "other",
    "font": "Gen_District-Pro-Bold_Bo",
    "size": 6.0
   },
   "geometry": {
    "type": "Point",
    "coordinates": [
     52.066321,
     23.5918
    ]
   }
  },
  {
   "type": "Feature",
   "properties": {
    "text": "Lughfah",
    "kind": "other",
    "font": "Gen_District-Pro-Bold_Bo",
    "size": 6.0
   },
   "geometry": {
    "type": "Point",
    "coordinates": [
     50.691646,
     23.680416
    ]
   }
  },
  {
   "type": "Feature",
   "properties": {
    "text": "Shweihat",
    "kind": "other",
    "font": "Gen_District-Pro-Bold_Bo",
    "size": 6.0
   },
   "geometry": {
    "type": "Point",
    "coordinates": [
     52.24693,
     24.285407
    ]
   }
  },
  {
   "type": "Feature",
   "properties": {
    "text": "Niban",
    "kind": "other",
    "font": "Gen_District-Pro-Bold_Bo",
    "size": 6.0
   },
   "geometry": {
    "type": "Point",
    "coordinates": [
     49.857657,
     23.630407
    ]
   }
  },
  {
   "type": "Feature",
   "properties": {
    "text": "Yabrin",
    "kind": "other",
    "font": "Gen_District-Pro-Bold_Bo",
    "size": 6.0
   },
   "geometry": {
    "type": "Point",
    "coordinates": [
     49.284636,
     23.322588
    ]
   }
  },
  {
   "type": "Feature",
   "properties": {
    "text": "Halfa",
    "kind": "other",
    "font": "Gen_District-Pro-Bold_Bo",
    "size": 6.0
   },
   "geometry": {
    "type": "Point",
    "coordinates": [
     49.444571,
     23.436406
    ]
   }
  },
  {
   "type": "Feature",
   "properties": {
    "text": "Tinat",
    "kind": "other",
    "font": "Gen_District-Pro-Bold_Bo",
    "size": 6.0
   },
   "geometry": {
    "type": "Point",
    "coordinates": [
     49.319279,
     24.029496
    ]
   }
  },
  {
   "type": "Feature",
   "properties": {
    "text": "Harmaliyah",
    "kind": "other",
    "font": "Gen_District-Pro-Bold_Bo",
    "size": 6.0
   },
   "geometry": {
    "type": "Point",
    "coordinates": [
     49.665901,
     24.383551
    ]
   }
  },
  {
   "type": "Feature",
   "properties": {
    "text": "Layla",
    "kind": "other",
    "font": "Gen_District-Pro-Bold_Bo",
    "size": 6.0
   },
   "geometry": {
    "type": "Point",
    "coordinates": [
     46.797809,
     22.371116
    ]
   }
  },
  {
   "type": "Feature",
   "properties": {
    "text": "Saylah",
    "kind": "other",
    "font": "Gen_District-Pro-Bold_Bo",
    "size": 6.0
   },
   "geometry": {
    "type": "Point",
    "coordinates": [
     46.931054,
     22.467887
    ]
   }
  },
  {
   "type": "Feature",
   "properties": {
    "text": "Umm Jurf",
    "kind": "other",
    "font": "Gen_District-Pro-Bold_Bo",
    "size": 6.0
   },
   "geometry": {
    "type": "Point",
    "coordinates": [
     47.061498,
     22.61449
    ]
   }
  },
  {
   "type": "Feature",
   "properties": {
    "text": "Ghinah",
    "kind": "other",
    "font": "Gen_District-Pro-Bold_Bo",
    "size": 6.0
   },
   "geometry": {
    "type": "Point",
    "coordinates": [
     46.650802,
     22.73699
    ]
   }
  },
  {
   "type": "Feature",
   "properties": {
    "text": "Hazmiyah",
    "kind": "other",
    "font": "Gen_District-Pro-Bold_Bo",
    "size": 6.0
   },
   "geometry": {
    "type": "Point",
    "coordinates": [
     47.052496,
     22.726372
    ]
   }
  },
  {
   "type": "Feature",
   "properties": {
    "text": "Nuayyim",
    "kind": "other",
    "font": "Gen_District-Pro-Bold_Bo",
    "size": 6.0
   },
   "geometry": {
    "type": "Point",
    "coordinates": [
     47.469094,
     23.01221
    ]
   }
  },
  {
   "type": "Feature",
   "properties": {
    "text": "Hawtah",
    "kind": "other",
    "font": "Gen_District-Pro-Bold_Bo",
    "size": 6.0
   },
   "geometry": {
    "type": "Point",
    "coordinates": [
     46.619755,
     22.925556
    ]
   }
  },
  {
   "type": "Feature",
   "properties": {
    "text": "Burmah",
    "kind": "other",
    "font": "Gen_District-Pro-Bold_Bo",
    "size": 6.0
   },
   "geometry": {
    "type": "Point",
    "coordinates": [
     46.681376,
     23.07869
    ]
   }
  },
  {
   "type": "Feature",
   "properties": {
    "text": "Khuzama",
    "kind": "other",
    "font": "Gen_District-Pro-Bold_Bo",
    "size": 6.0
   },
   "geometry": {
    "type": "Point",
    "coordinates": [
     46.697307,
     23.163845
    ]
   }
  },
  {
   "type": "Feature",
   "properties": {
    "text": "Nisalan",
    "kind": "other",
    "font": "Gen_District-Pro-Bold_Bo",
    "size": 6.0
   },
   "geometry": {
    "type": "Point",
    "coordinates": [
     46.740096,
     23.237511
    ]
   }
  },
  {
   "type": "Feature",
   "properties": {
    "text": "Abu Markhah",
    "kind": "other",
    "font": "Gen_District-Pro-Bold_Bo",
    "size": 6.0
   },
   "geometry": {
    "type": "Point",
    "coordinates": [
     47.59904,
     23.260299
    ]
   }
  },
  {
   "type": "Feature",
   "properties": {
    "text": "Mulayh",
    "kind": "other",
    "font": "Gen_District-Pro-Bold_Bo",
    "size": 6.0
   },
   "geometry": {
    "type": "Point",
    "coordinates": [
     47.13908,
     23.383413
    ]
   }
  },
  {
   "type": "Feature",
   "properties": {
    "text": "Shiblah",
    "kind": "other",
    "font": "Gen_District-Pro-Bold_Bo",
    "size": 6.0
   },
   "geometry": {
    "type": "Point",
    "coordinates": [
     46.580407,
     23.65323
    ]
   }
  },
  {
   "type": "Feature",
   "properties": {
    "text": "Dilam",
    "kind": "other",
    "font": "Gen_District-Pro-Bold_Bo",
    "size": 6.0
   },
   "geometry": {
    "type": "Point",
    "coordinates": [
     46.874941,
     23.999563
    ]
   }
  },
  {
   "type": "Feature",
   "properties": {
    "text": "Raghib",
    "kind": "other",
    "font": "Gen_District-Pro-Bold_Bo",
    "size": 6.0
   },
   "geometry": {
    "type": "Point",
    "coordinates": [
     46.967924,
     23.721361
    ]
   }
  },
  {
   "type": "Feature",
   "properties": {
    "text": "Abu Shidad",
    "kind": "other",
    "font": "Gen_District-Pro-Bold_Bo",
    "size": 6.0
   },
   "geometry": {
    "type": "Point",
    "coordinates": [
     47.80247,
     23.756726
    ]
   }
  },
  {
   "type": "Feature",
   "properties": {
    "text": "Du’ayban",
    "kind": "other",
    "font": "Gen_District-Pro-Bold_Bo",
    "size": 6.0
   },
   "geometry": {
    "type": "Point",
    "coordinates": [
     47.656534,
     23.51117
    ]
   }
  },
  {
   "type": "Feature",
   "properties": {
    "text": "Abu Rakiz",
    "kind": "other",
    "font": "Gen_District-Pro-Bold_Bo",
    "size": 6.0
   },
   "geometry": {
    "type": "Point",
    "coordinates": [
     47.195375,
     23.592796
    ]
   }
  },
  {
   "type": "Feature",
   "properties": {
    "text": "Ghazal",
    "kind": "other",
    "font": "Gen_District-Pro-Bold_Bo",
    "size": 6.0
   },
   "geometry": {
    "type": "Point",
    "coordinates": [
     48.0197,
     23.920998
    ]
   }
  },
  {
   "type": "Feature",
   "properties": {
    "text": "Warid",
    "kind": "other",
    "font": "Gen_District-Pro-Bold_Bo",
    "size": 6.0
   },
   "geometry": {
    "type": "Point",
    "coordinates": [
     47.99054,
     24.403401
    ]
   }
  },
  {
   "type": "Feature",
   "properties": {
    "text": "Farhah",
    "kind": "other",
    "font": "Gen_District-Pro-Bold_Bo",
    "size": 6.0
   },
   "geometry": {
    "type": "Point",
    "coordinates": [
     47.870246,
     24.580248
    ]
   }
  },
  {
   "type": "Feature",
   "properties": {
    "text": "Abu Jifan",
    "kind": "other",
    "font": "Gen_District-Pro-Bold_Bo",
    "size": 6.0
   },
   "geometry": {
    "type": "Point",
    "coordinates": [
     47.713292,
     24.805601
    ]
   }
  },
  {
   "type": "Feature",
   "properties": {
    "text": "Hawiyah",
    "kind": "other",
    "font": "Gen_District-Pro-Bold_Bo",
    "size": 6.0
   },
   "geometry": {
    "type": "Point",
    "coordinates": [
     48.888238,
     24.693732
    ]
   }
  },
  {
   "type": "Feature",
   "properties": {
    "text": "Mazalij",
    "kind": "other",
    "font": "Gen_District-Pro-Bold_Bo",
    "size": 6.0
   },
   "geometry": {
    "type": "Point",
    "coordinates": [
     48.359542,
     24.421555
    ]
   }
  },
  {
   "type": "Feature",
   "properties": {
    "text": "Khurais",
    "kind": "other",
    "font": "Gen_District-Pro-Bold_Bo",
    "size": 6.0
   },
   "geometry": {
    "type": "Point",
    "coordinates": [
     48.385424,
     25.159337
    ]
   }
  },
  {
   "type": "Feature",
   "properties": {
    "text": "Ghawar",
    "kind": "other",
    "font": "Gen_District-Pro-Bold_Bo",
    "size": 6.0
   },
   "geometry": {
    "type": "Point",
    "coordinates": [
     49.043406,
     25.236401
    ]
   }
  },
  {
   "type": "Feature",
   "properties": {
    "text": "Abqaiq",
    "kind": "other",
    "font": "Gen_District-Pro-Bold_Bo",
    "size": 6.0
   },
   "geometry": {
    "type": "Point",
    "coordinates": [
     49.617805,
     26.229712
    ]
   }
  },
  {
   "type": "Feature",
   "properties": {
    "text": "Damman",
    "kind": "other",
    "font": "Gen_District-Pro-Bold_Bo",
    "size": 6.0
   },
   "geometry": {
    "type": "Point",
    "coordinates": [
     49.938642,
     26.390241
    ]
   }
  },
  {
   "type": "Feature",
   "properties": {
    "text": "Ain Dar",
    "kind": "other",
    "font": "Gen_District-Pro-Bold_Bo",
    "size": 6.0
   },
   "geometry": {
    "type": "Point",
    "coordinates": [
     49.067676,
     26.050067
    ]
   }
  },
  {
   "type": "Feature",
   "properties": {
    "text": "Zubbaya",
    "kind": "other",
    "font": "Gen_District-Pro-Bold_Bo",
    "size": 6.0
   },
   "geometry": {
    "type": "Point",
    "coordinates": [
     53.790796,
     24.177422
    ]
   }
  },
  {
   "type": "Feature",
   "properties": {
    "text": "Hail",
    "kind": "other",
    "font": "Gen_District-Pro-Bold_Bo",
    "size": 6.0
   },
   "geometry": {
    "type": "Point",
    "coordinates": [
     53.283373,
     24.356821
    ]
   }
  },
  {
   "type": "Feature",
   "properties": {
    "text": "Mubarraz",
    "kind": "other",
    "font": "Gen_District-Pro-Bold_Bo",
    "size": 6.0
   },
   "geometry": {
    "type": "Point",
    "coordinates": [
     53.536554,
     24.587825
    ]
   }
  },
  {
   "type": "Feature",
   "properties": {
    "text": "Sarb",
    "kind": "other",
    "font": "Gen_District-Pro-Bold_Bo",
    "size": 6.0
   },
   "geometry": {
    "type": "Point",
    "coordinates": [
     53.075778,
     24.741562
    ]
   }
  },
  {
   "type": "Feature",
   "properties": {
    "text": "Al Khalij",
    "kind": "other",
    "font": "Gen_District-Pro-Bold_Bo",
    "size": 6.0
   },
   "geometry": {
    "type": "Point",
    "coordinates": [
     52.491876,
     26.032743
    ]
   }
  },
  {
   "type": "Feature",
   "properties": {
    "text": "Al Shaheen",
    "kind": "other",
    "font": "Gen_District-Pro-Bold_Bo",
    "size": 6.0
   },
   "geometry": {
    "type": "Point",
    "coordinates": [
     52.267326,
     26.653294
    ]
   }
  },
  {
   "type": "Feature",
   "properties": {
    "text": "3H-2",
    "kind": "other",
    "font": "Gen_District-Pro-Bold_Bo",
    "size": 6.0
   },
   "geometry": {
    "type": "Point",
    "coordinates": [
     52.703484,
     26.85116
    ]
   }
  },
  {
   "type": "Feature",
   "properties": {
    "text": "Jufeyr",
    "kind": "other",
    "font": "Gen_District-Pro-Bold_Bo",
    "size": 6.0
   },
   "geometry": {
    "type": "Point",
    "coordinates": [
     47.993971,
     31.359821
    ]
   }
  },
  {
   "type": "Feature",
   "properties": {
    "text": "Ahwaz",
    "kind": "other",
    "font": "Gen_District-Pro-Bold_Bo",
    "size": 6.0
   },
   "geometry": {
    "type": "Point",
    "coordinates": [
     48.437848,
     31.430899
    ]
   }
  },
  {
   "type": "Feature",
   "properties": {
    "text": "Yadavaran",
    "kind": "other",
    "font": "Gen_District-Pro-Bold_Bo",
    "size": 6.0
   },
   "geometry": {
    "type": "Point",
    "coordinates": [
     48.229763,
     31.089048
    ]
   }
  },
  {
   "type": "Feature",
   "properties": {
    "text": "Darquain",
    "kind": "other",
    "font": "Gen_District-Pro-Bold_Bo",
    "size": 6.0
   },
   "geometry": {
    "type": "Point",
    "coordinates": [
     48.279993,
     30.895453
    ]
   }
  },
  {
   "type": "Feature",
   "properties": {
    "text": "Mansuri",
    "kind": "other",
    "font": "Gen_District-Pro-Bold_Bo",
    "size": 6.0
   },
   "geometry": {
    "type": "Point",
    "coordinates": [
     48.691508,
     30.843704
    ]
   }
  },
  {
   "type": "Feature",
   "properties": {
    "text": "Sinbad",
    "kind": "other",
    "font": "Gen_District-Pro-Bold_Bo",
    "size": 6.0
   },
   "geometry": {
    "type": "Point",
    "coordinates": [
     47.892508,
     30.801272
    ]
   }
  },
  {
   "type": "Feature",
   "properties": {
    "text": "Shadegan",
    "kind": "other",
    "font": "Gen_District-Pro-Bold_Bo",
    "size": 6.0
   },
   "geometry": {
    "type": "Point",
    "coordinates": [
     49.010722,
     31.024141
    ]
   }
  },
  {
   "type": "Feature",
   "properties": {
    "text": "Ramshir",
    "kind": "other",
    "font": "Gen_District-Pro-Bold_Bo",
    "size": 6.0
   },
   "geometry": {
    "type": "Point",
    "coordinates": [
     49.306218,
     30.741622
    ]
   }
  },
  {
   "type": "Feature",
   "properties": {
    "text": "Marun",
    "kind": "other",
    "font": "Gen_District-Pro-Bold_Bo",
    "size": 6.0
   },
   "geometry": {
    "type": "Point",
    "coordinates": [
     49.479427,
     31.205673
    ]
   }
  },
  {
   "type": "Feature",
   "properties": {
    "text": "Kupal",
    "kind": "other",
    "font": "Gen_District-Pro-Bold_Bo",
    "size": 6.0
   },
   "geometry": {
    "type": "Point",
    "coordinates": [
     49.428347,
     31.393226
    ]
   }
  },
  {
   "type": "Feature",
   "properties": {
    "text": "Ramin",
    "kind": "other",
    "font": "Gen_District-Pro-Bold_Bo",
    "size": 6.0
   },
   "geometry": {
    "type": "Point",
    "coordinates": [
     48.829281,
     31.567187
    ]
   }
  },
  {
   "type": "Feature",
   "properties": {
    "text": "Karanj",
    "kind": "other",
    "font": "Gen_District-Pro-Bold_Bo",
    "size": 6.0
   },
   "geometry": {
    "type": "Point",
    "coordinates": [
     49.667775,
     31.045353
    ]
   }
  },
  {
   "type": "Feature",
   "properties": {
    "text": "Parsi",
    "kind": "other",
    "font": "Gen_District-Pro-Bold_Bo",
    "size": 6.0
   },
   "geometry": {
    "type": "Point",
    "coordinates": [
     49.759818,
     31.143732
    ]
   }
  },
  {
   "type": "Feature",
   "properties": {
    "text": "Shuroum",
    "kind": "other",
    "font": "Gen_District-Pro-Bold_Bo",
    "size": 6.0
   },
   "geometry": {
    "type": "Point",
    "coordinates": [
     50.963698,
     31.074165
    ]
   }
  },
  {
   "type": "Feature",
   "properties": {
    "text": "Khaviz",
    "kind": "other",
    "font": "Gen_District-Pro-Bold_Bo",
    "size": 6.0
   },
   "geometry": {
    "type": "Point",
    "coordinates": [
     50.664516,
     30.774685
    ]
   }
  },
  {
   "type": "Feature",
   "properties": {
    "text": "Pazanan",
    "kind": "other",
    "font": "Gen_District-Pro-Bold_Bo",
    "size": 6.0
   },
   "geometry": {
    "type": "Point",
    "coordinates": [
     50.153892,
     30.680907
    ]
   }
  },
  {
   "type": "Feature",
   "properties": {
    "text": "Mansurabad",
    "kind": "other",
    "font": "Gen_District-Pro-Bold_Bo",
    "size": 6.0
   },
   "geometry": {
    "type": "Point",
    "coordinates": [
     50.750128,
     30.608305
    ]
   }
  },
  {
   "type": "Feature",
   "properties": {
    "text": "Tangu",
    "kind": "other",
    "font": "Gen_District-Pro-Bold_Bo",
    "size": 6.0
   },
   "geometry": {
    "type": "Point",
    "coordinates": [
     49.752818,
     30.293699
    ]
   }
  },
  {
   "type": "Feature",
   "properties": {
    "text": "Rag-E-Safid",
    "kind": "other",
    "font": "Gen_District-Pro-Bold_Bo",
    "size": 6.0
   },
   "geometry": {
    "type": "Point",
    "coordinates": [
     49.61804,
     30.392067
    ]
   }
  },
  {
   "type": "Feature",
   "properties": {
    "text": "Hendijan",
    "kind": "other",
    "font": "Gen_District-Pro-Bold_Bo",
    "size": 6.0
   },
   "geometry": {
    "type": "Point",
    "coordinates": [
     49.566072,
     30.045648
    ]
   }
  },
  {
   "type": "Feature",
   "properties": {
    "text": "Bahrgansar",
    "kind": "other",
    "font": "Gen_District-Pro-Bold_Bo",
    "size": 6.0
   },
   "geometry": {
    "type": "Point",
    "coordinates": [
     49.449851,
     29.966996
    ]
   }
  },
  {
   "type": "Feature",
   "properties": {
    "text": "Zaqeh",
    "kind": "other",
    "font": "Gen_District-Pro-Bold_Bo",
    "size": 6.0
   },
   "geometry": {
    "type": "Point",
    "coordinates": [
     50.013121,
     30.210578
    ]
   }
  },
  {
   "type": "Feature",
   "properties": {
    "text": "Chillingar",
    "kind": "other",
    "font": "Gen_District-Pro-Bold_Bo",
    "size": 6.0
   },
   "geometry": {
    "type": "Point",
    "coordinates": [
     51.195702,
     30.07746
    ]
   }
  },
  {
   "type": "Feature",
   "properties": {
    "text": "Garangan",
    "kind": "other",
    "font": "Gen_District-Pro-Bold_Bo",
    "size": 6.0
   },
   "geometry": {
    "type": "Point",
    "coordinates": [
     51.082554,
     30.162165
    ]
   }
  },
  {
   "type": "Feature",
   "properties": {
    "text": "Khayrabad",
    "kind": "other",
    "font": "Gen_District-Pro-Bold_Bo",
    "size": 6.0
   },
   "geometry": {
    "type": "Point",
    "coordinates": [
     50.928252,
     30.253526
    ]
   }
  },
  {
   "type": "Feature",
   "properties": {
    "text": "Chahar Bisheh",
    "kind": "other",
    "font": "Gen_District-Pro-Bold_Bo",
    "size": 6.0
   },
   "geometry": {
    "type": "Point",
    "coordinates": [
     51.452033,
     29.909621
    ]
   }
  },
  {
   "type": "Feature",
   "properties": {
    "text": "Rudak",
    "kind": "other",
    "font": "Gen_District-Pro-Bold_Bo",
    "size": 6.0
   },
   "geometry": {
    "type": "Point",
    "coordinates": [
     51.411918,
     29.821899
    ]
   }
  },
  {
   "type": "Feature",
   "properties": {
    "text": "Binak",
    "kind": "other",
    "font": "Gen_District-Pro-Bold_Bo",
    "size": 6.0
   },
   "geometry": {
    "type": "Point",
    "coordinates": [
     50.268524,
     29.71219
    ]
   }
  },
  {
   "type": "Feature",
   "properties": {
    "text": "Gulkhari",
    "kind": "other",
    "font": "Gen_District-Pro-Bold_Bo",
    "size": 6.0
   },
   "geometry": {
    "type": "Point",
    "coordinates": [
     51.040296,
     29.632797
    ]
   }
  },
  {
   "type": "Feature",
   "properties": {
    "text": "Shur",
    "kind": "other",
    "font": "Gen_District-Pro-Bold_Bo",
    "size": 6.0
   },
   "geometry": {
    "type": "Point",
    "coordinates": [
     51.018179,
     29.713019
    ]
   }
  },
  {
   "type": "Feature",
   "properties": {
    "text": "Sulabedar",
    "kind": "other",
    "font": "Gen_District-Pro-Bold_Bo",
    "size": 6.0
   },
   "geometry": {
    "type": "Point",
    "coordinates": [
     50.839305,
     29.812849
    ]
   }
  },
  {
   "type": "Feature",
   "properties": {
    "text": "Kilur Karim",
    "kind": "other",
    "font": "Gen_District-Pro-Bold_Bo",
    "size": 6.0
   },
   "geometry": {
    "type": "Point",
    "coordinates": [
     50.431548,
     29.935308
    ]
   }
  },
  {
   "type": "Feature",
   "properties": {
    "text": "Saih Makan",
    "kind": "other",
    "font": "Gen_District-Pro-Bold_Bo",
    "size": 6.0
   },
   "geometry": {
    "type": "Point",
    "coordinates": [
     50.286095,
     30.023032
    ]
   }
  },
  {
   "type": "Feature",
   "properties": {
    "text": "Bibi Hakimeh",
    "kind": "other",
    "font": "Gen_District-Pro-Bold_Bo",
    "size": 6.0
   },
   "geometry": {
    "type": "Point",
    "coordinates": [
     50.200323,
     30.118258
    ]
   }
  },
  {
   "type": "Feature",
   "properties": {
    "text": "Nargesi",
    "kind": "other",
    "font": "Gen_District-Pro-Bold_Bo",
    "size": 6.0
   },
   "geometry": {
    "type": "Point",
    "coordinates": [
     51.109925,
     29.398181
    ]
   }
  },
  {
   "type": "Feature",
   "properties": {
    "text": "Khesht",
    "kind": "other",
    "font": "Gen_District-Pro-Bold_Bo",
    "size": 6.0
   },
   "geometry": {
    "type": "Point",
    "coordinates": [
     51.69298,
     29.426942
    ]
   }
  },
  {
   "type": "Feature",
   "properties": {
    "text": "Bushire",
    "kind": "other",
    "font": "Gen_District-Pro-Bold_Bo",
    "size": 6.0
   },
   "geometry": {
    "type": "Point",
    "coordinates": [
     50.699584,
     28.832792
    ]
   }
  },
  {
   "type": "Feature",
   "properties": {
    "text": "Bushgan",
    "kind": "other",
    "font": "Gen_District-Pro-Bold_Bo",
    "size": 6.0
   },
   "geometry": {
    "type": "Point",
    "coordinates": [
     52.080216,
     28.933847
    ]
   }
  },
  {
   "type": "Feature",
   "properties": {
    "text": "Kuh-E-Kari",
    "kind": "other",
    "font": "Gen_District-Pro-Bold_Bo",
    "size": 6.0
   },
   "geometry": {
    "type": "Point",
    "coordinates": [
     51.680149,
     28.453661
    ]
   }
  },
  {
   "type": "Feature",
   "properties": {
    "text": "Paydar",
    "kind": "other",
    "font": "Gen_District-Pro-Bold_Bo",
    "size": 6.0
   },
   "geometry": {
    "type": "Point",
    "coordinates": [
     48.062379,
     32.007197
    ]
   }
  },
  {
   "type": "Feature",
   "properties": {
    "text": "Shakeh",
    "kind": "other",
    "font": "Gen_District-Pro-Bold_Bo",
    "size": 6.0
   },
   "geometry": {
    "type": "Point",
    "coordinates": [
     48.195295,
     32.265925
    ]
   }
  },
  {
   "type": "Feature",
   "properties": {
    "text": "Naft Safid",
    "kind": "other",
    "font": "Gen_District-Pro-Bold_Bo",
    "size": 6.0
   },
   "geometry": {
    "type": "Point",
    "coordinates": [
     49.481701,
     31.741118
    ]
   }
  },
  {
   "type": "Feature",
   "properties": {
    "text": "Masjid-I Sulaiman",
    "kind": "other",
    "font": "Gen_District-Pro-Bold_Bo",
    "size": 6.0
   },
   "geometry": {
    "type": "Point",
    "coordinates": [
     49.656922,
     32.049696
    ]
   }
  },
  {
   "type": "Feature",
   "properties": {
    "text": "Zeloi",
    "kind": "other",
    "font": "Gen_District-Pro-Bold_Bo",
    "size": 6.0
   },
   "geometry": {
    "type": "Point",
    "coordinates": [
     48.891612,
     32.126843
    ]
   }
  },
  {
   "type": "Feature",
   "properties": {
    "text": "Chia Surkh",
    "kind": "other",
    "font": "Gen_District-Pro-Bold_Bo",
    "size": 6.0
   },
   "geometry": {
    "type": "Point",
    "coordinates": [
     45.76444,
     34.767348
    ]
   }
  },
  {
   "type": "Feature",
   "properties": {
    "text": "Pulkhana",
    "kind": "other",
    "font": "Gen_District-Pro-Bold_Bo",
    "size": 6.0
   },
   "geometry": {
    "type": "Point",
    "coordinates": [
     44.90029,
     34.927317
    ]
   }
  },
  {
   "type": "Feature",
   "properties": {
    "text": "Balad",
    "kind": "other",
    "font": "Gen_District-Pro-Bold_Bo",
    "size": 6.0
   },
   "geometry": {
    "type": "Point",
    "coordinates": [
     44.285093,
     33.96652
    ]
   }
  },
  {
   "type": "Feature",
   "properties": {
    "text": "Nau Doman",
    "kind": "other",
    "font": "Gen_District-Pro-Bold_Bo",
    "size": 6.0
   },
   "geometry": {
    "type": "Point",
    "coordinates": [
     44.95126,
     34.329766
    ]
   }
  },
  {
   "type": "Feature",
   "properties": {
    "text": "Injana",
    "kind": "other",
    "font": "Gen_District-Pro-Bold_Bo",
    "size": 6.0
   },
   "geometry": {
    "type": "Point",
    "coordinates": [
     44.497798,
     34.517191
    ]
   }
  },
  {
   "type": "Feature",
   "properties": {
    "text": "Ratawi",
    "kind": "other",
    "font": "Gen_District-Pro-Bold_Bo",
    "size": 6.0
   },
   "geometry": {
    "type": "Point",
    "coordinates": [
     46.906778,
     30.645649
    ]
   }
  },
  {
   "type": "Feature",
   "properties": {
    "text": "Rumaila N",
    "kind": "other",
    "font": "Gen_District-Pro-Bold_Bo",
    "size": 6.0
   },
   "geometry": {
    "type": "Point",
    "coordinates": [
     47.037108,
     30.964861
    ]
   }
  },
  {
   "type": "Feature",
   "properties": {
    "text": "Diwan",
    "kind": "other",
    "font": "Gen_District-Pro-Bold_Bo",
    "size": 6.0
   },
   "geometry": {
    "type": "Point",
    "coordinates": [
     45.08628,
     30.863057
    ]
   }
  },
  {
   "type": "Feature",
   "properties": {
    "text": "Samawa",
    "kind": "other",
    "font": "Gen_District-Pro-Bold_Bo",
    "size": 6.0
   },
   "geometry": {
    "type": "Point",
    "coordinates": [
     44.820249,
     31.151923
    ]
   }
  },
  {
   "type": "Feature",
   "properties": {
    "text": "Nasiryah",
    "kind": "other",
    "font": "Gen_District-Pro-Bold_Bo",
    "size": 6.0
   },
   "geometry": {
    "type": "Point",
    "coordinates": [
     46.214715,
     31.316571
    ]
   }
  },
  {
   "type": "Feature",
   "properties": {
    "text": "Bina",
    "kind": "other",
    "font": "Gen_District-Pro-Bold_Bo",
    "size": 6.0
   },
   "geometry": {
    "type": "Point",
    "coordinates": [
     47.084923,
     31.239899
    ]
   }
  },
  {
   "type": "Feature",
   "properties": {
    "text": "Muhainya",
    "kind": "other",
    "font": "Gen_District-Pro-Bold_Bo",
    "size": 6.0
   },
   "geometry": {
    "type": "Point",
    "coordinates": [
     46.816452,
     31.406348
    ]
   }
  },
  {
   "type": "Feature",
   "properties": {
    "text": "Rifai",
    "kind": "other",
    "font": "Gen_District-Pro-Bold_Bo",
    "size": 6.0
   },
   "geometry": {
    "type": "Point",
    "coordinates": [
     47.002641,
     31.626118
    ]
   }
  },
  {
   "type": "Feature",
   "properties": {
    "text": "Halfayah",
    "kind": "other",
    "font": "Gen_District-Pro-Bold_Bo",
    "size": 6.0
   },
   "geometry": {
    "type": "Point",
    "coordinates": [
     47.366649,
     31.587942
    ]
   }
  },
  {
   "type": "Feature",
   "properties": {
    "text": "Garraf",
    "kind": "other",
    "font": "Gen_District-Pro-Bold_Bo",
    "size": 6.0
   },
   "geometry": {
    "type": "Point",
    "coordinates": [
     45.835255,
     31.705621
    ]
   }
  },
  {
   "type": "Feature",
   "properties": {
    "text": "Rafidain",
    "kind": "other",
    "font": "Gen_District-Pro-Bold_Bo",
    "size": 6.0
   },
   "geometry": {
    "type": "Point",
    "coordinates": [
     45.977974,
     31.893205
    ]
   }
  },
  {
   "type": "Feature",
   "properties": {
    "text": "Dujaila",
    "kind": "other",
    "font": "Gen_District-Pro-Bold_Bo",
    "size": 6.0
   },
   "geometry": {
    "type": "Point",
    "coordinates": [
     46.2617,
     32.014269
    ]
   }
  },
  {
   "type": "Feature",
   "properties": {
    "text": "E Rafidain",
    "kind": "other",
    "font": "Gen_District-Pro-Bold_Bo",
    "size": 6.0
   },
   "geometry": {
    "type": "Point",
    "coordinates": [
     46.264954,
     31.802517
    ]
   }
  },
  {
   "type": "Feature",
   "properties": {
    "text": "Kumait",
    "kind": "other",
    "font": "Gen_District-Pro-Bold_Bo",
    "size": 6.0
   },
   "geometry": {
    "type": "Point",
    "coordinates": [
     46.592011,
     31.941736
    ]
   }
  },
  {
   "type": "Feature",
   "properties": {
    "text": "Noor",
    "kind": "other",
    "font": "Gen_District-Pro-Bold_Bo",
    "size": 6.0
   },
   "geometry": {
    "type": "Point",
    "coordinates": [
     47.135487,
     32.029564
    ]
   }
  },
  {
   "type": "Feature",
   "properties": {
    "text": "Amara",
    "kind": "other",
    "font": "Gen_District-Pro-Bold_Bo",
    "size": 6.0
   },
   "geometry": {
    "type": "Point",
    "coordinates": [
     46.976355,
     31.76938
    ]
   }
  },
  {
   "type": "Feature",
   "properties": {
    "text": "Huwaiza",
    "kind": "other",
    "font": "Gen_District-Pro-Bold_Bo",
    "size": 6.0
   },
   "geometry": {
    "type": "Point",
    "coordinates": [
     47.658349,
     31.78159
    ]
   }
  },
  {
   "type": "Feature",
   "properties": {
    "text": "Fauqi",
    "kind": "other",
    "font": "Gen_District-Pro-Bold_Bo",
    "size": 6.0
   },
   "geometry": {
    "type": "Point",
    "coordinates": [
     47.559591,
     31.923755
    ]
   }
  },
  {
   "type": "Feature",
   "properties": {
    "text": "Abu Ghirab",
    "kind": "other",
    "font": "Gen_District-Pro-Bold_Bo",
    "size": 6.0
   },
   "geometry": {
    "type": "Point",
    "coordinates": [
     47.149654,
     32.406254
    ]
   }
  },
  {
   "type": "Feature",
   "properties": {
    "text": "Azadegan",
    "kind": "other",
    "font": "Gen_District-Pro-Bold_Bo",
    "size": 6.0
   },
   "geometry": {
    "type": "Point",
    "coordinates": [
     47.580219,
     31.433697
    ]
   }
  },
  {
   "type": "Feature",
   "properties": {
    "text": "Ahdab",
    "kind": "other",
    "font": "Gen_District-Pro-Bold_Bo",
    "size": 6.0
   },
   "geometry": {
    "type": "Point",
    "coordinates": [
     45.447973,
     32.467837
    ]
   }
  },
  {
   "type": "Feature",
   "properties": {
    "text": "Dhafriyah",
    "kind": "other",
    "font": "Gen_District-Pro-Bold_Bo",
    "size": 6.0
   },
   "geometry": {
    "type": "Point",
    "coordinates": [
     46.118615,
     32.576905
    ]
   }
  },
  {
   "type": "Feature",
   "properties": {
    "text": "Nahrawan",
    "kind": "other",
    "font": "Gen_District-Pro-Bold_Bo",
    "size": 6.0
   },
   "geometry": {
    "type": "Point",
    "coordinates": [
     44.998833,
     33.201367
    ]
   }
  },
  {
   "type": "Feature",
   "properties": {
    "text": "E Baghdad",
    "kind": "other",
    "font": "Gen_District-Pro-Bold_Bo",
    "size": 6.0
   },
   "geometry": {
    "type": "Point",
    "coordinates": [
     44.831653,
     33.458337
    ]
   }
  },
  {
   "type": "Feature",
   "properties": {
    "text": "W Baghdad",
    "kind": "other",
    "font": "Gen_District-Pro-Bold_Bo",
    "size": 6.0
   },
   "geometry": {
    "type": "Point",
    "coordinates": [
     43.860766,
     33.491178
    ]
   }
  },
  {
   "type": "Feature",
   "properties": {
    "text": "Dehluran",
    "kind": "other",
    "font": "Gen_District-Pro-Bold_Bo",
    "size": 6.0
   },
   "geometry": {
    "type": "Point",
    "coordinates": [
     47.256075,
     32.682531
    ]
   }
  },
  {
   "type": "Feature",
   "properties": {
    "text": "Nafatah",
    "kind": "other",
    "font": "Gen_District-Pro-Bold_Bo",
    "size": 6.0
   },
   "geometry": {
    "type": "Point",
    "coordinates": [
     43.301104,
     33.530182
    ]
   }
  },
  {
   "type": "Feature",
   "properties": {
    "text": "Abu Jir",
    "kind": "other",
    "font": "Gen_District-Pro-Bold_Bo",
    "size": 6.0
   },
   "geometry": {
    "type": "Point",
    "coordinates": [
     43.17906,
     33.129853
    ]
   }
  },
  {
   "type": "Feature",
   "properties": {
    "text": "Hit",
    "kind": "other",
    "font": "Gen_District-Pro-Bold_Bo",
    "size": 6.0
   },
   "geometry": {
    "type": "Point",
    "coordinates": [
     42.900324,
     33.693385
    ]
   }
  },
  {
   "type": "Feature",
   "properties": {
    "text": "Awasil",
    "kind": "other",
    "font": "Gen_District-Pro-Bold_Bo",
    "size": 6.0
   },
   "geometry": {
    "type": "Point",
    "coordinates": [
     42.789396,
     33.443828
    ]
   }
  },
  {
   "type": "Feature",
   "properties": {
    "text": "Mileh Tharthar",
    "kind": "other",
    "font": "Gen_District-Pro-Bold_Bo",
    "size": 6.0
   },
   "geometry": {
    "type": "Point",
    "coordinates": [
     43.098096,
     34.268248
    ]
   }
  },
  {
   "type": "Feature",
   "properties": {
    "text": "Tikrit",
    "kind": "other",
    "font": "Gen_District-Pro-Bold_Bo",
    "size": 6.0
   },
   "geometry": {
    "type": "Point",
    "coordinates": [
     43.439833,
     34.613502
    ]
   }
  },
  {
   "type": "Feature",
   "properties": {
    "text": "Judaida",
    "kind": "other",
    "font": "Gen_District-Pro-Bold_Bo",
    "size": 6.0
   },
   "geometry": {
    "type": "Point",
    "coordinates": [
     44.400702,
     35.049499
    ]
   }
  },
  {
   "type": "Feature",
   "properties": {
    "text": "Hamrin",
    "kind": "other",
    "font": "Gen_District-Pro-Bold_Bo",
    "size": 6.0
   },
   "geometry": {
    "type": "Point",
    "coordinates": [
     44.058924,
     35.008597
    ]
   }
  },
  {
   "type": "Feature",
   "properties": {
    "text": "Makhul",
    "kind": "other",
    "font": "Gen_District-Pro-Bold_Bo",
    "size": 6.0
   },
   "geometry": {
    "type": "Point",
    "coordinates": [
     43.10471,
     35.297093
    ]
   }
  },
  {
   "type": "Feature",
   "properties": {
    "text": "Khanuqah",
    "kind": "other",
    "font": "Gen_District-Pro-Bold_Bo",
    "size": 6.0
   },
   "geometry": {
    "type": "Point",
    "coordinates": [
     43.464468,
     35.47876
    ]
   }
  },
  {
   "type": "Feature",
   "properties": {
    "text": "Qara Chauq",
    "kind": "other",
    "font": "Gen_District-Pro-Bold_Bo",
    "size": 6.0
   },
   "geometry": {
    "type": "Point",
    "coordinates": [
     43.633749,
     35.601295
    ]
   }
  },
  {
   "type": "Feature",
   "properties": {
    "text": "Ismail",
    "kind": "other",
    "font": "Gen_District-Pro-Bold_Bo",
    "size": 6.0
   },
   "geometry": {
    "type": "Point",
    "coordinates": [
     43.601014,
     35.869094
    ]
   }
  },
  {
   "type": "Feature",
   "properties": {
    "text": "Jawan/Najmah/Qaiyarah",
    "kind": "other",
    "font": "Gen_District-Pro-Bold_Bo",
    "size": 6.0
   },
   "geometry": {
    "type": "Point",
    "coordinates": [
     42.412145,
     35.957785
    ]
   }
  },
  {
   "type": "Feature",
   "properties": {
    "text": "Adaiyah",
    "kind": "other",
    "font": "Gen_District-Pro-Bold_Bo",
    "size": 6.0
   },
   "geometry": {
    "type": "Point",
    "coordinates": [
     42.642305,
     36.168216
    ]
   }
  },
  {
   "type": "Feature",
   "properties": {
    "text": "Ibrahim",
    "kind": "other",
    "font": "Gen_District-Pro-Bold_Bo",
    "size": 6.0
   },
   "geometry": {
    "type": "Point",
    "coordinates": [
     42.491366,
     36.336001
    ]
   }
  },
  {
   "type": "Feature",
   "properties": {
    "text": "Sasan",
    "kind": "other",
    "font": "Gen_District-Pro-Bold_Bo",
    "size": 6.0
   },
   "geometry": {
    "type": "Point",
    "coordinates": [
     42.248243,
     36.437304
    ]
   }
  },
  {
   "type": "Feature",
   "properties": {
    "text": "Gusair",
    "kind": "other",
    "font": "Gen_District-Pro-Bold_Bo",
    "size": 6.0
   },
   "geometry": {
    "type": "Point",
    "coordinates": [
     42.259921,
     36.614362
    ]
   }
  },
  {
   "type": "Feature",
   "properties": {
    "text": "Butmah",
    "kind": "other",
    "font": "Gen_District-Pro-Bold_Bo",
    "size": 6.0
   },
   "geometry": {
    "type": "Point",
    "coordinates": [
     42.858285,
     36.661466
    ]
   }
  },
  {
   "type": "Feature",
   "properties": {
    "text": "Alan",
    "kind": "other",
    "font": "Gen_District-Pro-Bold_Bo",
    "size": 6.0
   },
   "geometry": {
    "type": "Point",
    "coordinates": [
     43.025574,
     36.516313
    ]
   }
  },
  {
   "type": "Feature",
   "properties": {
    "text": "Tawke",
    "kind": "other",
    "font": "Gen_District-Pro-Bold_Bo",
    "size": 6.0
   },
   "geometry": {
    "type": "Point",
    "coordinates": [
     42.976907,
     37.198617
    ]
   }
  },
  {
   "type": "Feature",
   "properties": {
    "text": "Mushorah",
    "kind": "other",
    "font": "Gen_District-Pro-Bold_Bo",
    "size": 6.0
   },
   "geometry": {
    "type": "Point",
    "coordinates": [
     42.737862,
     36.974618
    ]
   }
  },
  {
   "type": "Feature",
   "properties": {
    "text": "Ain Zalah",
    "kind": "other",
    "font": "Gen_District-Pro-Bold_Bo",
    "size": 6.0
   },
   "geometry": {
    "type": "Point",
    "coordinates": [
     42.739205,
     36.880826
    ]
   }
  },
  {
   "type": "Feature",
   "properties": {
    "text": "Sufaya",
    "kind": "other",
    "font": "Gen_District-Pro-Bold_Bo",
    "size": 6.0
   },
   "geometry": {
    "type": "Point",
    "coordinates": [
     42.281624,
     36.779202
    ]
   }
  },
  {
   "type": "Feature",
   "properties": {
    "text": "Taq Taq",
    "kind": "other",
    "font": "Gen_District-Pro-Bold_Bo",
    "size": 6.0
   },
   "geometry": {
    "type": "Point",
    "coordinates": [
     44.715984,
     36.116141
    ]
   }
  },
  {
   "type": "Feature",
   "properties": {
    "text": "Khlesia",
    "kind": "other",
    "font": "Gen_District-Pro-Bold_Bo",
    "size": 6.0
   },
   "geometry": {
    "type": "Point",
    "coordinates": [
     41.847195,
     35.53857
    ]
   }
  },
  {
   "type": "Feature",
   "properties": {
    "text": "Derro",
    "kind": "other",
    "font": "Gen_District-Pro-Bold_Bo",
    "size": 6.0
   },
   "geometry": {
    "type": "Point",
    "coordinates": [
     40.223544,
     35.663233
    ]
   }
  },
  {
   "type": "Feature",
   "properties": {
    "text": "Ash Shola",
    "kind": "other",
    "font": "Gen_District-Pro-Bold_Bo",
    "size": 6.0
   },
   "geometry": {
    "type": "Point",
    "coordinates": [
     39.723176,
     35.166813
    ]
   }
  },
  {
   "type": "Feature",
   "properties": {
    "text": "Thayyem",
    "kind": "other",
    "font": "Gen_District-Pro-Bold_Bo",
    "size": 6.0
   },
   "geometry": {
    "type": "Point",
    "coordinates": [
     40.165301,
     35.14443
    ]
   }
  },
  {
   "type": "Feature",
   "properties": {
    "text": "Al Ward N",
    "kind": "other",
    "font": "Gen_District-Pro-Bold_Bo",
    "size": 6.0
   },
   "geometry": {
    "type": "Point",
    "coordinates": [
     40.55861,
     34.678758
    ]
   }
  },
  {
   "type": "Feature",
   "properties": {
    "text": "Al Ishara",
    "kind": "other",
    "font": "Gen_District-Pro-Bold_Bo",
    "size": 6.0
   },
   "geometry": {
    "type": "Point",
    "coordinates": [
     40.508871,
     34.878394
    ]
   }
  },
  {
   "type": "Feature",
   "properties": {
    "text": "Omar",
    "kind": "other",
    "font": "Gen_District-Pro-Bold_Bo",
    "size": 6.0
   },
   "geometry": {
    "type": "Point",
    "coordinates": [
     40.414065,
     35.082607
    ]
   }
  },
  {
   "type": "Feature",
   "properties": {
    "text": "An Nishan",
    "kind": "other",
    "font": "Gen_District-Pro-Bold_Bo",
    "size": 6.0
   },
   "geometry": {
    "type": "Point",
    "coordinates": [
     40.435273,
     35.282284
    ]
   }
  },
  {
   "type": "Feature",
   "properties": {
    "text": "Sijan",
    "kind": "other",
    "font": "Gen_District-Pro-Bold_Bo",
    "size": 6.0
   },
   "geometry": {
    "type": "Point",
    "coordinates": [
     40.908376,
     35.243203
    ]
   }
  },
  {
   "type": "Feature",
   "properties": {
    "text": "Ghawari",
    "kind": "other",
    "font": "Gen_District-Pro-Bold_Bo",
    "size": 6.0
   },
   "geometry": {
    "type": "Point",
    "coordinates": [
     40.848604,
     35.429166
    ]
   }
  },
  {
   "type": "Feature",
   "properties": {
    "text": "Barghouth",
    "kind": "other",
    "font": "Gen_District-Pro-Bold_Bo",
    "size": 6.0
   },
   "geometry": {
    "type": "Point",
    "coordinates": [
     41.414373,
     34.915274
    ]
   }
  },
  {
   "type": "Feature",
   "properties": {
    "text": "Abu Hardan",
    "kind": "other",
    "font": "Gen_District-Pro-Bold_Bo",
    "size": 6.0
   },
   "geometry": {
    "type": "Point",
    "coordinates": [
     41.242393,
     34.791156
    ]
   }
  },
  {
   "type": "Feature",
   "properties": {
    "text": "Kishma",
    "kind": "other",
    "font": "Gen_District-Pro-Bold_Bo",
    "size": 6.0
   },
   "geometry": {
    "type": "Point",
    "coordinates": [
     41.071016,
     34.657962
    ]
   }
  },
  {
   "type": "Feature",
   "properties": {
    "text": "Galban",
    "kind": "other",
    "font": "Gen_District-Pro-Bold_Bo",
    "size": 6.0
   },
   "geometry": {
    "type": "Point",
    "coordinates": [
     41.177787,
     34.99079
    ]
   }
  },
  {
   "type": "Feature",
   "properties": {
    "text": "Azraq",
    "kind": "other",
    "font": "Gen_District-Pro-Bold_Bo",
    "size": 6.0
   },
   "geometry": {
    "type": "Point",
    "coordinates": [
     41.020909,
     35.125275
    ]
   }
  },
  {
   "type": "Feature",
   "properties": {
    "text": "Akash",
    "kind": "other",
    "font": "Gen_District-Pro-Bold_Bo",
    "size": 6.0
   },
   "geometry": {
    "type": "Point",
    "coordinates": [
     40.577695,
     34.376372
    ]
   }
  },
  {
   "type": "Feature",
   "properties": {
    "text": "Al Ahmar",
    "kind": "other",
    "font": "Gen_District-Pro-Bold_Bo",
    "size": 6.0
   },
   "geometry": {
    "type": "Point",
    "coordinates": [
     40.610083,
     34.523169
    ]
   }
  },
  {
   "type": "Feature",
   "properties": {
    "text": "Ratka",
    "kind": "other",
    "font": "Gen_District-Pro-Bold_Bo",
    "size": 6.0
   },
   "geometry": {
    "type": "Point",
    "coordinates": [
     40.95252,
     34.449166
    ]
   }
  },
  {
   "type": "Feature",
   "properties": {
    "text": "Atala N",
    "kind": "other",
    "font": "Gen_District-Pro-Bold_Bo",
    "size": 6.0
   },
   "geometry": {
    "type": "Point",
    "coordinates": [
     40.33826,
     35.442571
    ]
   }
  },
  {
   "type": "Feature",
   "properties": {
    "text": "Yimken",
    "kind": "other",
    "font": "Gen_District-Pro-Bold_Bo",
    "size": 6.0
   },
   "geometry": {
    "type": "Point",
    "coordinates": [
     40.874382,
     35.338421
    ]
   }
  },
  {
   "type": "Feature",
   "properties": {
    "text": "Jubaissah",
    "kind": "other",
    "font": "Gen_District-Pro-Bold_Bo",
    "size": 6.0
   },
   "geometry": {
    "type": "Point",
    "coordinates": [
     40.598907,
     36.038699
    ]
   }
  },
  {
   "type": "Feature",
   "properties": {
    "text": "Salhieh",
    "kind": "other",
    "font": "Gen_District-Pro-Bold_Bo",
    "size": 6.0
   },
   "geometry": {
    "type": "Point",
    "coordinates": [
     40.566869,
     36.146021
    ]
   }
  },
  {
   "type": "Feature",
   "properties": {
    "text": "Ghouna",
    "kind": "other",
    "font": "Gen_District-Pro-Bold_Bo",
    "size": 6.0
   },
   "geometry": {
    "type": "Point",
    "coordinates": [
     40.892557,
     36.24458
    ]
   }
  },
  {
   "type": "Feature",
   "properties": {
    "text": "Tishreen",
    "kind": "other",
    "font": "Gen_District-Pro-Bold_Bo",
    "size": 6.0
   },
   "geometry": {
    "type": "Point",
    "coordinates": [
     40.711643,
     36.369978
    ]
   }
  },
  {
   "type": "Feature",
   "properties": {
    "text": "Hasw",
    "kind": "other",
    "font": "Gen_District-Pro-Bold_Bo",
    "size": 6.0
   },
   "geometry": {
    "type": "Point",
    "coordinates": [
     41.389726,
     36.178276
    ]
   }
  },
  {
   "type": "Feature",
   "properties": {
    "text": "Al Aounat",
    "kind": "other",
    "font": "Gen_District-Pro-Bold_Bo",
    "size": 6.0
   },
   "geometry": {
    "type": "Point",
    "coordinates": [
     41.510578,
     36.275029
    ]
   }
  },
  {
   "type": "Feature",
   "properties": {
    "text": "Sheikh Mansour",
    "kind": "other",
    "font": "Gen_District-Pro-Bold_Bo",
    "size": 6.0
   },
   "geometry": {
    "type": "Point",
    "coordinates": [
     40.781573,
     36.554566
    ]
   }
  },
  {
   "type": "Feature",
   "properties": {
    "text": "Al Barde",
    "kind": "other",
    "font": "Gen_District-Pro-Bold_Bo",
    "size": 6.0
   },
   "geometry": {
    "type": "Point",
    "coordinates": [
     41.096868,
     36.746788
    ]
   }
  },
  {
   "type": "Feature",
   "properties": {
    "text": "Kotba",
    "kind": "other",
    "font": "Gen_District-Pro-Bold_Bo",
    "size": 6.0
   },
   "geometry": {
    "type": "Point",
    "coordinates": [
     41.250949,
     36.942073
    ]
   }
  },
  {
   "type": "Feature",
   "properties": {
    "text": "Kahtaniyeh",
    "kind": "other",
    "font": "Gen_District-Pro-Bold_Bo",
    "size": 6.0
   },
   "geometry": {
    "type": "Point",
    "coordinates": [
     41.157613,
     37.025287
    ]
   }
  },
  {
   "type": "Feature",
   "properties": {
    "text": "Zurabeh",
    "kind": "other",
    "font": "Gen_District-Pro-Bold_Bo",
    "size": 6.0
   },
   "geometry": {
    "type": "Point",
    "coordinates": [
     41.242315,
     37.108472
    ]
   }
  },
  {
   "type": "Feature",
   "properties": {
    "text": "Sheikh Said",
    "kind": "other",
    "font": "Gen_District-Pro-Bold_Bo",
    "size": 6.0
   },
   "geometry": {
    "type": "Point",
    "coordinates": [
     41.434131,
     37.208414
    ]
   }
  },
  {
   "type": "Feature",
   "properties": {
    "text": "Oudeh",
    "kind": "other",
    "font": "Gen_District-Pro-Bold_Bo",
    "size": 6.0
   },
   "geometry": {
    "type": "Point",
    "coordinates": [
     41.682339,
     36.936241
    ]
   }
  },
  {
   "type": "Feature",
   "properties": {
    "text": "Ulayyan",
    "kind": "other",
    "font": "Gen_District-Pro-Bold_Bo",
    "size": 6.0
   },
   "geometry": {
    "type": "Point",
    "coordinates": [
     41.984986,
     37.113443
    ]
   }
  },
  {
   "type": "Feature",
   "properties": {
    "text": "Derik",
    "kind": "other",
    "font": "Gen_District-Pro-Bold_Bo",
    "size": 6.0
   },
   "geometry": {
    "type": "Point",
    "coordinates": [
     42.309643,
     37.278432
    ]
   }
  },
  {
   "type": "Feature",
   "properties": {
    "text": "Karatchok",
    "kind": "other",
    "font": "Gen_District-Pro-Bold_Bo",
    "size": 6.0
   },
   "geometry": {
    "type": "Point",
    "coordinates": [
     42.399209,
     37.163501
    ]
   }
  },
  {
   "type": "Feature",
   "properties": {
    "text": "Rumilan",
    "kind": "other",
    "font": "Gen_District-Pro-Bold_Bo",
    "size": 6.0
   },
   "geometry": {
    "type": "Point",
    "coordinates": [
     41.819977,
     37.004443
    ]
   }
  },
  {
   "type": "Feature",
   "properties": {
    "text": "Sarjoun",
    "kind": "other",
    "font": "Gen_District-Pro-Bold_Bo",
    "size": 6.0
   },
   "geometry": {
    "type": "Point",
    "coordinates": [
     41.733083,
     36.364449
    ]
   }
  },
  {
   "type": "Feature",
   "properties": {
    "text": "Tuweinan",
    "kind": "other",
    "font": "Gen_District-Pro-Bold_Bo",
    "size": 6.0
   },
   "geometry": {
    "type": "Point",
    "coordinates": [
     38.187429,
     35.117606
    ]
   }
  },
  {
   "type": "Feature",
   "properties": {
    "text": "Akram",
    "kind": "other",
    "font": "Gen_District-Pro-Bold_Bo",
    "size": 6.0
   },
   "geometry": {
    "type": "Point",
    "coordinates": [
     38.643425,
     35.204049
    ]
   }
  },
  {
   "type": "Feature",
   "properties": {
    "text": "Habbari",
    "kind": "other",
    "font": "Gen_District-Pro-Bold_Bo",
    "size": 6.0
   },
   "geometry": {
    "type": "Point",
    "coordinates": [
     37.948663,
     35.454697
    ]
   }
  },
  {
   "type": "Feature",
   "properties": {
    "text": "Sfaiyen",
    "kind": "other",
    "font": "Gen_District-Pro-Bold_Bo",
    "size": 6.0
   },
   "geometry": {
    "type": "Point",
    "coordinates": [
     38.322473,
     35.645526
    ]
   }
  },
  {
   "type": "Feature",
   "properties": {
    "text": "Wahab",
    "kind": "other",
    "font": "Gen_District-Pro-Bold_Bo",
    "size": 6.0
   },
   "geometry": {
    "type": "Point",
    "coordinates": [
     38.290972,
     35.545674
    ]
   }
  },
  {
   "type": "Feature",
   "properties": {
    "text": "Ammala",
    "kind": "other",
    "font": "Gen_District-Pro-Bold_Bo",
    "size": 6.0
   },
   "geometry": {
    "type": "Point",
    "coordinates": [
     38.744724,
     35.669993
    ]
   }
  },
  {
   "type": "Feature",
   "properties": {
    "text": "Fahdeh",
    "kind": "other",
    "font": "Gen_District-Pro-Bold_Bo",
    "size": 6.0
   },
   "geometry": {
    "type": "Point",
    "coordinates": [
     38.740657,
     35.583711
    ]
   }
  },
  {
   "type": "Feature",
   "properties": {
    "text": "Deilla",
    "kind": "other",
    "font": "Gen_District-Pro-Bold_Bo",
    "size": 6.0
   },
   "geometry": {
    "type": "Point",
    "coordinates": [
     38.464255,
     35.464103
    ]
   }
  },
  {
   "type": "Feature",
   "properties": {
    "text": "Al Hussein N",
    "kind": "other",
    "font": "Gen_District-Pro-Bold_Bo",
    "size": 6.0
   },
   "geometry": {
    "type": "Point",
    "coordinates": [
     38.894,
     35.349412
    ]
   }
  },
  {
   "type": "Feature",
   "properties": {
    "text": "Bishri",
    "kind": "other",
    "font": "Gen_District-Pro-Bold_Bo",
    "size": 6.0
   },
   "geometry": {
    "type": "Point",
    "coordinates": [
     39.313168,
     35.396614
    ]
   }
  },
  {
   "type": "Feature",
   "properties": {
    "text": "Wadi Aabeid",
    "kind": "other",
    "font": "Gen_District-Pro-Bold_Bo",
    "size": 6.0
   },
   "geometry": {
    "type": "Point",
    "coordinates": [
     39.56919,
     35.64326
    ]
   }
  },
  {
   "type": "Feature",
   "properties": {
    "text": "D-Bissan",
    "kind": "other",
    "font": "Gen_District-Pro-Bold_Bo",
    "size": 6.0
   },
   "geometry": {
    "type": "Point",
    "coordinates": [
     38.785158,
     35.49758
    ]
   }
  },
  {
   "type": "Feature",
   "properties": {
    "text": "Al Kharrata E",
    "kind": "other",
    "font": "Gen_District-Pro-Bold_Bo",
    "size": 6.0
   },
   "geometry": {
    "type": "Point",
    "coordinates": [
     39.559075,
     35.287849
    ]
   }
  },
  {
   "type": "Feature",
   "properties": {
    "text": "Batman",
    "kind": "other",
    "font": "Gen_District-Pro-Bold_Bo",
    "size": 6.0
   },
   "geometry": {
    "type": "Point",
    "coordinates": [
     40.922174,
     37.751294
    ]
   }
  },
  {
   "type": "Feature",
   "properties": {
    "text": "Raman",
    "kind": "other",
    "font": "Gen_District-Pro-Bold_Bo",
    "size": 6.0
   },
   "geometry": {
    "type": "Point",
    "coordinates": [
     41.282652,
     37.694001
    ]
   }
  },
  {
   "type": "Feature",
   "properties": {
    "text": "Selmo",
    "kind": "other",
    "font": "Gen_District-Pro-Bold_Bo",
    "size": 6.0
   },
   "geometry": {
    "type": "Point",
    "coordinates": [
     41.451839,
     38.246209
    ]
   }
  },
  {
   "type": "Feature",
   "properties": {
    "text": "Garzan",
    "kind": "other",
    "font": "Gen_District-Pro-Bold_Bo",
    "size": 6.0
   },
   "geometry": {
    "type": "Point",
    "coordinates": [
     41.661065,
     37.852981
    ]
   }
  },
  {
   "type": "Feature",
   "properties": {
    "text": "Lab-E-Safid",
    "kind": "other",
    "font": "Gen_District-Pro-Bold_Bo",
    "size": 6.0
   },
   "geometry": {
    "type": "Point",
    "coordinates": [
     48.894131,
     32.755725
    ]
   }
  },
  {
   "type": "Feature",
   "properties": {
    "text": "Maleh Kuh",
    "kind": "other",
    "font": "Gen_District-Pro-Bold_Bo",
    "size": 6.0
   },
   "geometry": {
    "type": "Point",
    "coordinates": [
     48.014045,
     33.241233
    ]
   }
  },
  {
   "type": "Feature",
   "properties": {
    "text": "Tawila",
    "kind": "other",
    "font": "Gen_District-Pro-Bold_Bo",
    "size": 6.0
   },
   "geometry": {
    "type": "Point",
    "coordinates": [
     48.881515,
     15.540822
    ]
   }
  },
  {
   "type": "Feature",
   "properties": {
    "text": "Atuf NW",
    "kind": "other",
    "font": "Gen_District-Pro-Bold_Bo",
    "size": 6.0
   },
   "geometry": {
    "type": "Point",
    "coordinates": [
     48.725825,
     15.725244
    ]
   }
  },
  {
   "type": "Feature",
   "properties": {
    "text": "Kharir",
    "kind": "other",
    "font": "Gen_District-Pro-Bold_Bo",
    "size": 6.0
   },
   "geometry": {
    "type": "Point",
    "coordinates": [
     48.621842,
     15.875076
    ]
   }
  },
  {
   "type": "Feature",
   "properties": {
    "text": "Jathma",
    "kind": "other",
    "font": "Gen_District-Pro-Bold_Bo",
    "size": 6.0
   },
   "geometry": {
    "type": "Point",
    "coordinates": [
     48.618823,
     16.070002
    ]
   }
  },
  {
   "type": "Feature",
   "properties": {
    "text": "Wadi Taribah",
    "kind": "other",
    "font": "Gen_District-Pro-Bold_Bo",
    "size": 6.0
   },
   "geometry": {
    "type": "Point",
    "coordinates": [
     48.593672,
     16.160697
    ]
   }
  },
  {
   "type": "Feature",
   "properties": {
    "text": "Nabrajah",
    "kind": "other",
    "font": "Gen_District-Pro-Bold_Bo",
    "size": 6.0
   },
   "geometry": {
    "type": "Point",
    "coordinates": [
     49.5209,
     15.764678
    ]
   }
  },
  {
   "type": "Feature",
   "properties": {
    "text": "Nazaih",
    "kind": "other",
    "font": "Gen_District-Pro-Bold_Bo",
    "size": 6.0
   },
   "geometry": {
    "type": "Point",
    "coordinates": [
     49.201335,
     15.687577
    ]
   }
  },
  {
   "type": "Feature",
   "properties": {
    "text": "Hemiar S",
    "kind": "other",
    "font": "Gen_District-Pro-Bold_Bo",
    "size": 6.0
   },
   "geometry": {
    "type": "Point",
    "coordinates": [
     49.37706,
     15.846322
    ]
   }
  },
  {
   "type": "Feature",
   "properties": {
    "text": "Hemiar",
    "kind": "other",
    "font": "Gen_District-Pro-Bold_Bo",
    "size": 6.0
   },
   "geometry": {
    "type": "Point",
    "coordinates": [
     49.373393,
     15.977765
    ]
   }
  },
  {
   "type": "Feature",
   "properties": {
    "text": "Hemiar N",
    "kind": "other",
    "font": "Gen_District-Pro-Bold_Bo",
    "size": 6.0
   },
   "geometry": {
    "type": "Point",
    "coordinates": [
     49.522091,
     16.0821
    ]
   }
  },
  {
   "type": "Feature",
   "properties": {
    "text": "Tasour",
    "kind": "other",
    "font": "Gen_District-Pro-Bold_Bo",
    "size": 6.0
   },
   "geometry": {
    "type": "Point",
    "coordinates": [
     48.953896,
     16.207574
    ]
   }
  },
  {
   "type": "Feature",
   "properties": {
    "text": "Sunah",
    "kind": "other",
    "font": "Gen_District-Pro-Bold_Bo",
    "size": 6.0
   },
   "geometry": {
    "type": "Point",
    "coordinates": [
     49.002328,
     16.073102
    ]
   }
  },
  {
   "type": "Feature",
   "properties": {
    "text": "Doroud",
    "kind": "other",
    "font": "Gen_District-Pro-Bold_Bo",
    "size": 6.0
   },
   "geometry": {
    "type": "Point",
    "coordinates": [
     50.470206,
     29.181502
    ]
   }
  },
  {
   "type": "Feature",
   "properties": {
    "text": "Sahmah",
    "kind": "other",
    "font": "Gen_District-Pro-Bold_Bo",
    "size": 6.0
   },
   "geometry": {
    "type": "Point",
    "coordinates": [
     55.664798,
     20.748678
    ]
   }
  },
  {
   "type": "Feature",
   "properties": {
    "text": "Meem",
    "kind": "other",
    "font": "Gen_District-Pro-Bold_Bo",
    "size": 6.0
   },
   "geometry": {
    "type": "Point",
    "coordinates": [
     46.028615,
     16.125136
    ]
   }
  },
  {
   "type": "Feature",
   "properties": {
    "text": "Asab Gas Processing Expansion",
    "kind": "other",
    "font": "Gen_Futura-PT-Cond-Bold_",
    "size": 8.0
   },
   "geometry": {
    "type": "Point",
    "coordinates": [
     54.744393,
     23.139471
    ]
   }
  },
  {
   "type": "Feature",
   "properties": {
    "text": "Rich Gas Development (RGD)",
    "kind": "other",
    "font": "Gen_Futura-PT-Cond-Bold_",
    "size": 8.0
   },
   "geometry": {
    "type": "Point",
    "coordinates": [
     54.71644,
     23.042705
    ]
   }
  },
  {
   "type": "Feature",
   "properties": {
    "text": "Duqm NGL extraction",
    "kind": "other",
    "font": "Gen_Futura-PT-Cond-Bold_",
    "size": 8.0
   },
   "geometry": {
    "type": "Point",
    "coordinates": [
     58.120247,
     19.774492
    ]
   }
  },
  {
   "type": "Feature",
   "properties": {
    "text": "Bu Hasa Expansion",
    "kind": "other",
    "font": "Gen_Futura-PT-Cond-Bold_",
    "size": 8.0
   },
   "geometry": {
    "type": "Point",
    "coordinates": [
     52.867236,
     23.529592
    ]
   }
  },
  {
   "type": "Feature",
   "properties": {
    "text": "Rich Gas Development (RGD)",
    "kind": "other",
    "font": "Gen_Futura-PT-Cond-Bold_",
    "size": 8.0
   },
   "geometry": {
    "type": "Point",
    "coordinates": [
     52.703319,
     23.432246
    ]
   }
  },
  {
   "type": "Feature",
   "properties": {
    "text": "Bab Gas Cap (GGC) Plant",
    "kind": "other",
    "font": "Gen_Futura-PT-Cond-Bold_",
    "size": 8.0
   },
   "geometry": {
    "type": "Point",
    "coordinates": [
     53.048935,
     23.735442
    ]
   }
  },
  {
   "type": "Feature",
   "properties": {
    "text": "Habshan Gas Processing Expansion",
    "kind": "other",
    "font": "Gen_Futura-PT-Cond-Bold_",
    "size": 8.0
   },
   "geometry": {
    "type": "Point",
    "coordinates": [
     54.417813,
     23.933256
    ]
   }
  },
  {
   "type": "Feature",
   "properties": {
    "text": "Habshan Gas Processing Expansion",
    "kind": "other",
    "font": "Gen_Futura-PT-Cond-Bold_",
    "size": 8.0
   },
   "geometry": {
    "type": "Point",
    "coordinates": [
     54.325303,
     23.814971
    ]
   }
  },
  {
   "type": "Feature",
   "properties": {
    "text": "Rich Gas Development (RGD)",
    "kind": "other",
    "font": "Gen_Futura-PT-Cond-Bold_",
    "size": 8.0
   },
   "geometry": {
    "type": "Point",
    "coordinates": [
     54.238243,
     23.717854
    ]
   }
  },
  {
   "type": "Feature",
   "properties": {
    "text": "Das Island Gas Processing Expansion",
    "kind": "other",
    "font": "Gen_Futura-PT-Cond-Bold_",
    "size": 8.0
   },
   "geometry": {
    "type": "Point",
    "coordinates": [
     53.591373,
     25.070991
    ]
   }
  },
  {
   "type": "Feature",
   "properties": {
    "text": "Rich Gas Development (RGD)",
    "kind": "other",
    "font": "Gen_Futura-PT-Cond-Bold_",
    "size": 8.0
   },
   "geometry": {
    "type": "Point",
    "coordinates": [
     53.475729,
     24.973751
    ]
   }
  },
  {
   "type": "Feature",
   "properties": {
    "text": "Fadhili Gas Plant Expansion",
    "kind": "other",
    "font": "Gen_Futura-PT-Cond-Bold_",
    "size": 8.0
   },
   "geometry": {
    "type": "Point",
    "coordinates": [
     48.721023,
     26.911541
    ]
   }
  },
  {
   "type": "Feature",
   "properties": {
    "text": "Riyas NGL Fractionation Facility",
    "kind": "other",
    "font": "Gen_Futura-PT-Cond-Bold_",
    "size": 8.0
   },
   "geometry": {
    "type": "Point",
    "coordinates": [
     49.405672,
     26.574502
    ]
   }
  },
  {
   "type": "Feature",
   "properties": {
    "text": "Jafurah GPP Phase I/II",
    "kind": "other",
    "font": "Gen_Futura-PT-Cond-Bold_",
    "size": 8.0
   },
   "geometry": {
    "type": "Point",
    "coordinates": [
     50.146356,
     25.234188
    ]
   }
  },
  {
   "type": "Feature",
   "properties": {
    "text": "Kharg NGL Processing Plant",
    "kind": "other",
    "font": "Gen_Futura-PT-Cond-Bold_",
    "size": 8.0
   },
   "geometry": {
    "type": "Point",
    "coordinates": [
     49.771315,
     29.431841
    ]
   }
  },
  {
   "type": "Feature",
   "properties": {
    "text": "Dorra Gas Processing Plant",
    "kind": "other",
    "font": "Gen_Futura-PT-Cond-Bold_",
    "size": 8.0
   },
   "geometry": {
    "type": "Point",
    "coordinates": [
     47.767306,
     28.743046
    ]
   }
  },
  {
   "type": "Feature",
   "properties": {
    "text": "Hail / Ghasha GPP",
    "kind": "other",
    "font": "Gen_Futura-PT-Cond-Bold_",
    "size": 8.0
   },
   "geometry": {
    "type": "Point",
    "coordinates": [
     53.186039,
     24.200425
    ]
   }
  },
  {
   "type": "Feature",
   "properties": {
    "text": "Dalma Gas Plant",
    "kind": "other",
    "font": "Gen_Futura-PT-Cond-Bold_",
    "size": 8.0
   },
   "geometry": {
    "type": "Point",
    "coordinates": [
     52.010559,
     24.583761
    ]
   }
  },
  {
   "type": "Feature",
   "properties": {
    "text": "Siraf Condensates",
    "kind": "other",
    "font": "Gen_Futura-PT-Cond-Bold_",
    "size": 8.0
   },
   "geometry": {
    "type": "Point",
    "coordinates": [
     52.028857,
     27.654121
    ]
   }
  },
  {
   "type": "Feature",
   "properties": {
    "text": "Refinery",
    "kind": "other",
    "font": "Gen_Futura-PT-Cond-Bold_",
    "size": 8.0
   },
   "geometry": {
    "type": "Point",
    "coordinates": [
     52.174368,
     27.557918
    ]
   }
  },
  {
   "type": "Feature",
   "properties": {
    "text": "Persian Gulf Mehr Condensate Splitter",
    "kind": "other",
    "font": "Gen_Futura-PT-Cond-Bold_",
    "size": 8.0
   },
   "geometry": {
    "type": "Point",
    "coordinates": [
     57.049175,
     27.773097
    ]
   }
  },
  {
   "type": "Feature",
   "properties": {
    "text": "Basrah GPP",
    "kind": "other",
    "font": "Gen_Futura-PT-Cond-Bold_",
    "size": 8.0
   },
   "geometry": {
    "type": "Point",
    "coordinates": [
     48.086061,
     30.482828
    ]
   }
  },
  {
   "type": "Feature",
   "properties": {
    "text": "Ratawi GPP",
    "kind": "other",
    "font": "Gen_Futura-PT-Cond-Bold_",
    "size": 8.0
   },
   "geometry": {
    "type": "Point",
    "coordinates": [
     46.758024,
     30.476109
    ]
   }
  },
  {
   "type": "Feature",
   "properties": {
    "text": "Gas Growth",
    "kind": "other",
    "font": "Gen_Futura-PT-Cond-Bold_",
    "size": 8.0
   },
   "geometry": {
    "type": "Point",
    "coordinates": [
     48.01073,
     30.335325
    ]
   }
  },
  {
   "type": "Feature",
   "properties": {
    "text": "Integrated Project",
    "kind": "other",
    "font": "Gen_Futura-PT-Cond-Bold_",
    "size": 8.0
   },
   "geometry": {
    "type": "Point",
    "coordinates": [
     48.102279,
     30.238901
    ]
   }
  },
  {
   "type": "Feature",
   "properties": {
    "text": "Bin Umar GPP",
    "kind": "other",
    "font": "Gen_Futura-PT-Cond-Bold_",
    "size": 8.0
   },
   "geometry": {
    "type": "Point",
    "coordinates": [
     47.977281,
     30.716825
    ]
   }
  },
  {
   "type": "Feature",
   "properties": {
    "text": "TotalEnergies Flare Reduction GPP",
    "kind": "other",
    "font": "Gen_Futura-PT-Cond-Bold_",
    "size": 8.0
   },
   "geometry": {
    "type": "Point",
    "coordinates": [
     45.963015,
     30.627685
    ]
   }
  },
  {
   "type": "Feature",
   "properties": {
    "text": "Ajeel GPP",
    "kind": "other",
    "font": "Gen_Futura-PT-Cond-Bold_",
    "size": 8.0
   },
   "geometry": {
    "type": "Point",
    "coordinates": [
     44.086897,
     34.92184
    ]
   }
  },
  {
   "type": "Feature",
   "properties": {
    "text": "A r a b i a n   S e a",
    "kind": "other",
    "font": "Gen_Times-New-Roman_Ital",
    "size": 14.0
   },
   "geometry": {
    "type": "Point",
    "coordinates": [
     56.339235,
     15.516685
    ]
   }
  },
  {
   "type": "Feature",
   "properties": {
    "text": "R e d   S e a",
    "kind": "other",
    "font": "Gen_Times-New-Roman_Ital",
    "size": 14.0
   },
   "geometry": {
    "type": "Point",
    "coordinates": [
     35.53104,
     26.159255
    ]
   }
  },
  {
   "type": "Feature",
   "properties": {
    "text": "G u l f   o f",
    "kind": "other",
    "font": "Gen_Times-New-Roman_Ital",
    "size": 10.0
   },
   "geometry": {
    "type": "Point",
    "coordinates": [
     60.442974,
     24.337115
    ]
   }
  },
  {
   "type": "Feature",
   "properties": {
    "text": "O m a n",
    "kind": "other",
    "font": "Gen_Times-New-Roman_Ital",
    "size": 10.0
   },
   "geometry": {
    "type": "Point",
    "coordinates": [
     60.442856,
     24.216131
    ]
   }
  },
  {
   "type": "Feature",
   "properties": {
    "text": "C a s p i a n   S e a",
    "kind": "other",
    "font": "Gen_Times-New-Roman_Ital",
    "size": 10.0
   },
   "geometry": {
    "type": "Point",
    "coordinates": [
     51.293197,
     37.846005
    ]
   }
  },
  {
   "type": "Feature",
   "properties": {
    "text": "East-West (Petroline) [56]",
    "kind": "pipeline_name",
    "font": "Gen_Arial_Bold",
    "size": 6.98,
    "nearest_route": "ME2026-0243",
    "nearest_pt": 7.7,
    "nearest_gas_pt": 10.8,
    "nearest_oil_pt": 7.7,
    "ambiguous": true,
    "via_leader": true
   },
   "geometry": {
    "type": "Point",
    "coordinates": [
     42.417169,
     24.557307
    ]
   }
  },
  {
   "type": "Feature",
   "properties": {
    "text": "Iraq-Saudi Arabia Oil Pipeline (IPSA) rehabilitated [48]",
    "kind": "pipeline_name",
    "font": "Gen_Arial_Bold",
    "size": 6.98,
    "nearest_route": "ME2026-0243",
    "nearest_pt": 15.1,
    "nearest_gas_pt": 18.2,
    "nearest_oil_pt": 15.1,
    "ambiguous": true,
    "via_leader": true
   },
   "geometry": {
    "type": "Point",
    "coordinates": [
     42.190869,
     24.695976
    ]
   }
  },
  {
   "type": "Feature",
   "properties": {
    "text": "ORPIC [24]",
    "kind": "pipeline_name",
    "font": "Gen_Arial_Bold",
    "size": 6.97,
    "nearest_route": "ME2026-0295",
    "nearest_pt": 4.3,
    "nearest_gas_pt": 6.2,
    "nearest_oil_pt": 4.3,
    "ambiguous": true,
    "via_leader": false
   },
   "geometry": {
    "type": "Point",
    "coordinates": [
     56.921844,
     23.993992
    ]
   }
  },
  {
   "type": "Feature",
   "properties": {
    "text": "Ain Dar-Khurais [56]",
    "kind": "pipeline_name",
    "font": "Gen_Arial_Bold",
    "size": 6.96,
    "nearest_route": "ME2026-0015",
    "nearest_pt": 19.4,
    "nearest_gas_pt": 19.4,
    "nearest_oil_pt": 21.3,
    "ambiguous": true,
    "via_leader": true
   },
   "geometry": {
    "type": "Point",
    "coordinates": [
     47.897666,
     25.70919
    ]
   }
  },
  {
   "type": "Feature",
   "properties": {
    "text": "Iraq-Jordan Oil Export (Hadithah-Aqaba)",
    "kind": "pipeline_name",
    "font": "Gen_Arial_Bold",
    "size": 6.98,
    "nearest_route": "ME2026-0038",
    "nearest_pt": 65.5,
    "nearest_gas_pt": 66.8,
    "nearest_oil_pt": 65.5,
    "ambiguous": true,
    "via_leader": false
   },
   "geometry": {
    "type": "Point",
    "coordinates": [
     36.621242,
     30.274808
    ]
   }
  },
  {
   "type": "Feature",
   "properties": {
    "text": "[16] not in use",
    "kind": "pipeline_name",
    "font": "Gen_Arial_Bold",
    "size": 6.98,
    "nearest_route": "ME2026-0212",
    "nearest_pt": 5.2,
    "nearest_gas_pt": 64.5,
    "nearest_oil_pt": 5.2,
    "ambiguous": false,
    "via_leader": false
   },
   "geometry": {
    "type": "Point",
    "coordinates": [
     40.540695,
     33.386488
    ]
   }
  },
  {
   "type": "Feature",
   "properties": {
    "text": "Iraq-Turkey Pipeline (ITP) [46]",
    "kind": "pipeline_name",
    "font": "Gen_Arial_Bold",
    "size": 6.98,
    "nearest_route": "ME2026-0196",
    "nearest_pt": 3.9,
    "nearest_gas_pt": 7.7,
    "nearest_oil_pt": 3.9,
    "ambiguous": false,
    "via_leader": false
   },
   "geometry": {
    "type": "Point",
    "coordinates": [
     39.621957,
     37.343737
    ]
   }
  },
  {
   "type": "Feature",
   "properties": {
    "text": "Tehran-Esfahan Pipeline [24]",
    "kind": "pipeline_name",
    "font": "Gen_Arial_Bold",
    "size": 6.98,
    "nearest_route": "ME2026-0265",
    "nearest_pt": 0.1,
    "nearest_gas_pt": 44.0,
    "nearest_oil_pt": 0.1,
    "ambiguous": false,
    "via_leader": true
   },
   "geometry": {
    "type": "Point",
    "coordinates": [
     52.090367,
     35.110641
    ]
   }
  },
  {
   "type": "Feature",
   "properties": {
    "text": "Esfahan-Kerman Pipeline [16]",
    "kind": "pipeline_name",
    "font": "Gen_Arial_Bold",
    "size": 6.98,
    "nearest_route": "ME2026-0224",
    "nearest_pt": 39.1,
    "nearest_gas_pt": 45.3,
    "nearest_oil_pt": 39.1,
    "ambiguous": true,
    "via_leader": false
   },
   "geometry": {
    "type": "Point",
    "coordinates": [
     55.416473,
     31.415649
    ]
   }
  },
  {
   "type": "Feature",
   "properties": {
    "text": "ADCOP",
    "kind": "pipeline_name",
    "font": "Gen_Arial_Bold",
    "size": 6.98,
    "nearest_route": "ME2026-0289",
    "nearest_pt": 4.1,
    "nearest_gas_pt": 5.6,
    "nearest_oil_pt": 4.1,
    "ambiguous": true,
    "via_leader": false
   },
   "geometry": {
    "type": "Point",
    "coordinates": [
     55.413642,
     24.429804
    ]
   }
  },
  {
   "type": "Feature",
   "properties": {
    "text": "Ahwaz-Tehran Pipeline [30/26]",
    "kind": "pipeline_name",
    "font": "Gen_Arial_Bold",
    "size": 6.98,
    "nearest_route": "ME2026-0222",
    "nearest_pt": 0.0,
    "nearest_gas_pt": 8.5,
    "nearest_oil_pt": 0.0,
    "ambiguous": false,
    "via_leader": true
   },
   "geometry": {
    "type": "Point",
    "coordinates": [
     49.569818,
     34.40559
    ]
   }
  },
  {
   "type": "Feature",
   "properties": {
    "text": "Strategic Pipeline [42/42]",
    "kind": "pipeline_name",
    "font": "Gen_Arial_Bold",
    "size": 6.98,
    "nearest_route": "ME2026-0209",
    "nearest_pt": 0.0,
    "nearest_gas_pt": 3.3,
    "nearest_oil_pt": 0.0,
    "ambiguous": false,
    "via_leader": true
   },
   "geometry": {
    "type": "Point",
    "coordinates": [
     43.527721,
     31.760319
    ]
   }
  },
  {
   "type": "Feature",
   "properties": {
    "text": "SCOTRACO [12]",
    "kind": "pipeline_name",
    "font": "Gen_Arial_Bold",
    "size": 6.98,
    "nearest_route": "ME2026-0198",
    "nearest_pt": 5.2,
    "nearest_gas_pt": 55.1,
    "nearest_oil_pt": 5.2,
    "ambiguous": false,
    "via_leader": false
   },
   "geometry": {
    "type": "Point",
    "coordinates": [
     39.844252,
     36.182589
    ]
   }
  },
  {
   "type": "Feature",
   "properties": {
    "text": "Masila-Ash Shihr Pipeline [24]",
    "kind": "pipeline_name",
    "font": "Gen_Arial_Bold",
    "size": 6.98,
    "nearest_route": "ME2026-0320",
    "nearest_pt": 34.4,
    "nearest_gas_pt": 171.3,
    "nearest_oil_pt": 34.4,
    "ambiguous": false,
    "via_leader": false
   },
   "geometry": {
    "type": "Point",
    "coordinates": [
     49.789659,
     15.307977
    ]
   }
  },
  {
   "type": "Feature",
   "properties": {
    "text": "Marib-Ras Issa Pipeline [24]",
    "kind": "pipeline_name",
    "font": "Gen_Arial_Bold",
    "size": 6.98,
    "nearest_route": "ME2026-0315",
    "nearest_pt": 28.3,
    "nearest_gas_pt": 63.5,
    "nearest_oil_pt": 28.3,
    "ambiguous": false,
    "via_leader": false
   },
   "geometry": {
    "type": "Point",
    "coordinates": [
     44.977933,
     14.957127
    ]
   }
  },
  {
   "type": "Feature",
   "properties": {
    "text": "Bandar Abbas-Rafsanjan Pipeline [26]",
    "kind": "pipeline_name",
    "font": "Gen_Arial_Bold",
    "size": 6.98,
    "nearest_route": "ME2026-0051",
    "nearest_pt": 63.6,
    "nearest_gas_pt": 63.6,
    "nearest_oil_pt": 80.4,
    "ambiguous": true,
    "via_leader": false
   },
   "geometry": {
    "type": "Point",
    "coordinates": [
     56.560368,
     29.262231
    ]
   }
  },
  {
   "type": "Feature",
   "properties": {
    "text": "Trans-Arabian Pipeline (Tapline) mothballed [30]",
    "kind": "pipeline_name",
    "font": "Gen_Arial_Bold",
    "size": 6.98,
    "nearest_route": "ME2026-0246",
    "nearest_pt": 0.0,
    "nearest_gas_pt": 173.8,
    "nearest_oil_pt": 0.0,
    "ambiguous": false,
    "via_leader": true
   },
   "geometry": {
    "type": "Point",
    "coordinates": [
     42.01691,
     30.424013
    ]
   }
  },
  {
   "type": "Feature",
   "properties": {
    "text": "Shaybah-Abqaiq [46]",
    "kind": "pipeline_name",
    "font": "Gen_Arial_Bold",
    "size": 6.98,
    "nearest_route": "ME2026-0248",
    "nearest_pt": 5.2,
    "nearest_gas_pt": 91.1,
    "nearest_oil_pt": 5.2,
    "ambiguous": false,
    "via_leader": false
   },
   "geometry": {
    "type": "Point",
    "coordinates": [
     52.548658,
     22.782632
    ]
   }
  },
  {
   "type": "Feature",
   "properties": {
    "text": "Banias Line",
    "kind": "pipeline_name",
    "font": "Gen_Arial_Bold",
    "size": 6.98,
    "nearest_route": "ME2026-0199",
    "nearest_pt": 5.0,
    "nearest_gas_pt": 6.6,
    "nearest_oil_pt": 5.0,
    "ambiguous": true,
    "via_leader": false
   },
   "geometry": {
    "type": "Point",
    "coordinates": [
     39.600327,
     34.498484
    ]
   }
  },
  {
   "type": "Feature",
   "properties": {
    "text": "Miran West",
    "kind": "pipeline_name",
    "font": "Gen_Arial-Narrow_Bold",
    "size": 6.77,
    "nearest_route": "ME2026-0043",
    "nearest_pt": 21.9,
    "nearest_gas_pt": 51.7,
    "nearest_oil_pt": 21.9,
    "ambiguous": false,
    "via_leader": false
   },
   "geometry": {
    "type": "Point",
    "coordinates": [
     45.471033,
     35.759916
    ]
   }
  },
  {
   "type": "Feature",
   "properties": {
    "text": "Ekhalder",
    "kind": "pipeline_name",
    "font": "Gen_Arial-Narrow_Bold",
    "size": 6.77,
    "nearest_route": "ME2026-0133",
    "nearest_pt": 67.5,
    "nearest_gas_pt": 67.5,
    "nearest_oil_pt": 70.1,
    "ambiguous": true,
    "via_leader": false
   },
   "geometry": {
    "type": "Point",
    "coordinates": [
     43.124135,
     32.250096
    ]
   }
  },
  {
   "type": "Feature",
   "properties": {
    "text": "Ekhaider",
    "kind": "pipeline_name",
    "font": "Gen_Arial-Narrow_Bold",
    "size": 6.77,
    "nearest_route": "ME2026-0133",
    "nearest_pt": 64.4,
    "nearest_gas_pt": 64.4,
    "nearest_oil_pt": 68.0,
    "ambiguous": true,
    "via_leader": false
   },
   "geometry": {
    "type": "Point",
    "coordinates": [
     43.333833,
     31.938844
    ]
   }
  },
  {
   "type": "Feature",
   "properties": {
    "text": "Salalah Pipeline",
    "kind": "pipeline_name",
    "font": "Gen_Arial_Bold",
    "size": 6.98,
    "nearest_route": "ME2026-0164",
    "nearest_pt": 28.5,
    "nearest_gas_pt": 28.5,
    "nearest_oil_pt": 123.6,
    "ambiguous": false,
    "via_leader": false
   },
   "geometry": {
    "type": "Point",
    "coordinates": [
     53.553297,
     17.567819
    ]
   }
  },
  {
   "type": "Feature",
   "properties": {
    "text": "Balhaf LNG Pipeline [38]",
    "kind": "pipeline_name",
    "font": "Gen_Arial_Bold",
    "size": 6.97,
    "nearest_route": "ME2026-0171",
    "nearest_pt": 5.9,
    "nearest_gas_pt": 5.9,
    "nearest_oil_pt": 45.0,
    "ambiguous": false,
    "via_leader": false
   },
   "geometry": {
    "type": "Point",
    "coordinates": [
     46.05732,
     15.11416
    ]
   }
  },
  {
   "type": "Feature",
   "properties": {
    "text": "Southern Oman Gas Line (SOGL)",
    "kind": "pipeline_name",
    "font": "Gen_Arial_Bold",
    "size": 6.98,
    "nearest_route": "ME2026-0323",
    "nearest_pt": 14.8,
    "nearest_gas_pt": 21.9,
    "nearest_oil_pt": 14.8,
    "ambiguous": true,
    "via_leader": false
   },
   "geometry": {
    "type": "Point",
    "coordinates": [
     55.100466,
     18.628665
    ]
   }
  },
  {
   "type": "Feature",
   "properties": {
    "text": "Saih Nihayda-Duqm SEZ",
    "kind": "pipeline_name",
    "font": "Gen_Arial_Bold",
    "size": 6.98,
    "nearest_route": "ME2026-0300",
    "nearest_pt": 40.7,
    "nearest_gas_pt": 40.7,
    "nearest_oil_pt": 40.7,
    "ambiguous": true,
    "via_leader": false
   },
   "geometry": {
    "type": "Point",
    "coordinates": [
     57.70195,
     21.017072
    ]
   }
  },
  {
   "type": "Feature",
   "properties": {
    "text": "Government Gas System [36]",
    "kind": "pipeline_name",
    "font": "Gen_Arial_Bold",
    "size": 6.98,
    "nearest_route": "ME2026-0150",
    "nearest_pt": 19.0,
    "nearest_gas_pt": 19.0,
    "nearest_oil_pt": 22.5,
    "ambiguous": true,
    "via_leader": false
   },
   "geometry": {
    "type": "Point",
    "coordinates": [
     57.463437,
     22.877052
    ]
   }
  },
  {
   "type": "Feature",
   "properties": {
    "text": "IGAT 7 [56]",
    "kind": "pipeline_name",
    "font": "Gen_Arial_Bold",
    "size": 6.98,
    "nearest_route": "ME2026-0046",
    "nearest_pt": 6.0,
    "nearest_gas_pt": 6.0,
    "nearest_oil_pt": 170.0,
    "ambiguous": false,
    "via_leader": false
   },
   "geometry": {
    "type": "Point",
    "coordinates": [
     59.175283,
     27.299803
    ]
   }
  },
  {
   "type": "Feature",
   "properties": {
    "text": "TAPI Pipeline [56]",
    "kind": "pipeline_name",
    "font": "Gen_Arial_Bold",
    "size": 6.98,
    "nearest_route": "ME2026-0009",
    "nearest_pt": 30.7,
    "nearest_gas_pt": 30.7,
    "nearest_oil_pt": 557.6,
    "ambiguous": false,
    "via_leader": false
   },
   "geometry": {
    "type": "Point",
    "coordinates": [
     62.651685,
     33.592125
    ]
   }
  },
  {
   "type": "Feature",
   "properties": {
    "text": "IGAT 1 [42]",
    "kind": "pipeline_name",
    "font": "Gen_Arial_Bold",
    "size": 6.98,
    "nearest_route": "ME2026-0103",
    "nearest_pt": 0.2,
    "nearest_gas_pt": 0.2,
    "nearest_oil_pt": 46.7,
    "ambiguous": false,
    "via_leader": true
   },
   "geometry": {
    "type": "Point",
    "coordinates": [
     50.965448,
     33.277163
    ]
   }
  },
  {
   "type": "Feature",
   "properties": {
    "text": "IGAT 2 [56]",
    "kind": "pipeline_name",
    "font": "Gen_Arial_Bold",
    "size": 6.98,
    "nearest_route": "ME2026-0103",
    "nearest_pt": 0.0,
    "nearest_gas_pt": 0.0,
    "nearest_oil_pt": 49.4,
    "ambiguous": false,
    "via_leader": true
   },
   "geometry": {
    "type": "Point",
    "coordinates": [
     50.970066,
     33.156268
    ]
   }
  },
  {
   "type": "Feature",
   "properties": {
    "text": "IGAT 3 [56]",
    "kind": "pipeline_name",
    "font": "Gen_Arial_Bold",
    "size": 6.98,
    "nearest_route": "ME2026-0101",
    "nearest_pt": 0.0,
    "nearest_gas_pt": 0.0,
    "nearest_oil_pt": 49.9,
    "ambiguous": false,
    "via_leader": true
   },
   "geometry": {
    "type": "Point",
    "coordinates": [
     50.181565,
     33.215424
    ]
   }
  },
  {
   "type": "Feature",
   "properties": {
    "text": "IGAT 4 [56]",
    "kind": "pipeline_name",
    "font": "Gen_Arial_Bold",
    "size": 6.98,
    "nearest_route": "ME2026-0131",
    "nearest_pt": 0.1,
    "nearest_gas_pt": 0.1,
    "nearest_oil_pt": 94.6,
    "ambiguous": false,
    "via_leader": true
   },
   "geometry": {
    "type": "Point",
    "coordinates": [
     51.93466,
     30.866114
    ]
   }
  },
  {
   "type": "Feature",
   "properties": {
    "text": "IGAT 8 [56]",
    "kind": "pipeline_name",
    "font": "Gen_Arial_Bold",
    "size": 6.98,
    "nearest_route": "ME2026-0100",
    "nearest_pt": 0.1,
    "nearest_gas_pt": 0.1,
    "nearest_oil_pt": 82.0,
    "ambiguous": false,
    "via_leader": true
   },
   "geometry": {
    "type": "Point",
    "coordinates": [
     52.892876,
     30.745019
    ]
   }
  },
  {
   "type": "Feature",
   "properties": {
    "text": "IGAT 5 [56]",
    "kind": "pipeline_name",
    "font": "Gen_Arial_Bold",
    "size": 6.98,
    "nearest_route": "ME2026-0103",
    "nearest_pt": 0.0,
    "nearest_gas_pt": 0.0,
    "nearest_oil_pt": 24.3,
    "ambiguous": false,
    "via_leader": true
   },
   "geometry": {
    "type": "Point",
    "coordinates": [
     51.25539,
     29.282501
    ]
   }
  },
  {
   "type": "Feature",
   "properties": {
    "text": "IGAT 6 [56]",
    "kind": "pipeline_name",
    "font": "Gen_Arial_Bold",
    "size": 6.98,
    "nearest_route": "ME2026-0130",
    "nearest_pt": 0.1,
    "nearest_gas_pt": 0.1,
    "nearest_oil_pt": 25.1,
    "ambiguous": false,
    "via_leader": true
   },
   "geometry": {
    "type": "Point",
    "coordinates": [
     51.276043,
     29.158722
    ]
   }
  },
  {
   "type": "Feature",
   "properties": {
    "text": "IGAT 9 [56]",
    "kind": "pipeline_name",
    "font": "Gen_Arial_Bold",
    "size": 6.98,
    "nearest_route": "ME2026-0190",
    "nearest_pt": 0.5,
    "nearest_gas_pt": 0.5,
    "nearest_oil_pt": 19.1,
    "ambiguous": false,
    "via_leader": true
   },
   "geometry": {
    "type": "Point",
    "coordinates": [
     48.011473,
     32.492607
    ]
   }
  },
  {
   "type": "Feature",
   "properties": {
    "text": "Arab Gas Pipeline [30]",
    "kind": "pipeline_name",
    "font": "Gen_Arial_Bold",
    "size": 6.98,
    "nearest_route": "ME2026-0062",
    "nearest_pt": 20.9,
    "nearest_gas_pt": 20.9,
    "nearest_oil_pt": 74.8,
    "ambiguous": false,
    "via_leader": false
   },
   "geometry": {
    "type": "Point",
    "coordinates": [
     36.968128,
     35.932917
    ]
   }
  },
  {
   "type": "Feature",
   "properties": {
    "text": "Arab Gas Pipeline [30]",
    "kind": "pipeline_name",
    "font": "Gen_Arial_Bold",
    "size": 6.98,
    "nearest_route": "ME2026-0038",
    "nearest_pt": 22.0,
    "nearest_gas_pt": 23.7,
    "nearest_oil_pt": 22.0,
    "ambiguous": true,
    "via_leader": false
   },
   "geometry": {
    "type": "Point",
    "coordinates": [
     36.298974,
     30.794684
    ]
   }
  },
  {
   "type": "Feature",
   "properties": {
    "text": "East-West Pipeline [16]",
    "kind": "pipeline_name",
    "font": "Gen_Arial_Bold",
    "size": 6.98,
    "nearest_route": "ME2026-0135",
    "nearest_pt": 21.0,
    "nearest_gas_pt": 21.0,
    "nearest_oil_pt": 26.3,
    "ambiguous": true,
    "via_leader": true
   },
   "geometry": {
    "type": "Point",
    "coordinates": [
     42.506274,
     23.956729
    ]
   }
  },
  {
   "type": "Feature",
   "properties": {
    "text": "Master Gas System 3 (MGS 3) [56]",
    "kind": "pipeline_name",
    "font": "Gen_Arial_Bold",
    "size": 6.98,
    "nearest_route": "ME2026-0243",
    "nearest_pt": 27.6,
    "nearest_gas_pt": 31.1,
    "nearest_oil_pt": 27.6,
    "ambiguous": true,
    "via_leader": true
   },
   "geometry": {
    "type": "Point",
    "coordinates": [
     44.530691,
     24.900819
    ]
   }
  },
  {
   "type": "Feature",
   "properties": {
    "text": "Dolphin [48]",
    "kind": "pipeline_name",
    "font": "Gen_Arial_Bold",
    "size": 6.98,
    "nearest_route": "ME2026-0116",
    "nearest_pt": 3.9,
    "nearest_gas_pt": 3.9,
    "nearest_oil_pt": 17.0,
    "ambiguous": false,
    "via_leader": false
   },
   "geometry": {
    "type": "Point",
    "coordinates": [
     54.273886,
     24.81006
    ]
   }
  },
  {
   "type": "Feature",
   "properties": {
    "text": "Nitzana Export Route",
    "kind": "pipeline_name",
    "font": "Gen_Arial_Bold",
    "size": 6.98,
    "nearest_route": "ME2026-0337",
    "nearest_pt": 3.6,
    "nearest_gas_pt": 12.2,
    "nearest_oil_pt": 3.6,
    "ambiguous": false,
    "via_leader": false
   },
   "geometry": {
    "type": "Point",
    "coordinates": [
     34.814649,
     30.831863
    ]
   }
  },
  {
   "type": "Feature",
   "properties": {
    "text": "Master Gas System 2 (MGS 2) [16]",
    "kind": "pipeline_name",
    "font": "Gen_Arial_Bold",
    "size": 6.98,
    "nearest_route": "ME2026-0243",
    "nearest_pt": 40.3,
    "nearest_gas_pt": 44.0,
    "nearest_oil_pt": 40.3,
    "ambiguous": true,
    "via_leader": true
   },
   "geometry": {
    "type": "Point",
    "coordinates": [
     44.497228,
     25.041128
    ]
   }
  },
  {
   "type": "Feature",
   "properties": {
    "text": "Master Gas System (MGS) [16]",
    "kind": "pipeline_name",
    "font": "Gen_Arial_Bold",
    "size": 6.98,
    "nearest_route": "ME2026-0135",
    "nearest_pt": 7.0,
    "nearest_gas_pt": 7.0,
    "nearest_oil_pt": 33.5,
    "ambiguous": false,
    "via_leader": false
   },
   "geometry": {
    "type": "Point",
    "coordinates": [
     38.754641,
     24.376041
    ]
   }
  },
  {
   "type": "Feature",
   "properties": {
    "text": "Master Gas System 3 (MGS 3) [56]",
    "kind": "pipeline_name",
    "font": "Gen_Arial_Bold",
    "size": 6.98,
    "nearest_route": "ME2026-0000",
    "nearest_pt": 6.3,
    "nearest_gas_pt": 6.3,
    "nearest_oil_pt": 260.6,
    "ambiguous": false,
    "via_leader": true
   },
   "geometry": {
    "type": "Point",
    "coordinates": [
     41.491816,
     20.021928
    ]
   }
  },
  {
   "type": "Feature",
   "properties": {
    "text": "Master Gas System 3 (MGS 3) [56]",
    "kind": "pipeline_name",
    "font": "Gen_Arial_Bold",
    "size": 6.98,
    "nearest_route": "ME2026-0020",
    "nearest_pt": 0.2,
    "nearest_gas_pt": 0.2,
    "nearest_oil_pt": 143.5,
    "ambiguous": false,
    "via_leader": true
   },
   "geometry": {
    "type": "Point",
    "coordinates": [
     38.384603,
     21.001373
    ]
   }
  },
  {
   "type": "Feature",
   "properties": {
    "text": "Master Gas System 3 (MGS 3) [56]",
    "kind": "pipeline_name",
    "font": "Gen_Arial_Bold",
    "size": 6.98,
    "nearest_route": "ME2026-0020",
    "nearest_pt": 0.2,
    "nearest_gas_pt": 0.2,
    "nearest_oil_pt": 83.0,
    "ambiguous": false,
    "via_leader": true
   },
   "geometry": {
    "type": "Point",
    "coordinates": [
     41.322396,
     23.009986
    ]
   }
  },
  {
   "type": "Feature",
   "properties": {
    "text": "Master Gas System (MGS) [16]",
    "kind": "pipeline_name",
    "font": "Gen_Arial_Bold",
    "size": 6.98,
    "nearest_route": "ME2026-0014",
    "nearest_pt": 27.0,
    "nearest_gas_pt": 27.0,
    "nearest_oil_pt": 254.4,
    "ambiguous": false,
    "via_leader": false
   },
   "geometry": {
    "type": "Point",
    "coordinates": [
     36.747709,
     26.911219
    ]
   }
  },
  {
   "type": "Feature",
   "properties": {
    "text": "Iran - Oman Project [16]",
    "kind": "pipeline_name",
    "font": "Gen_Arial_Bold",
    "size": 6.98,
    "nearest_route": "ME2026-0017",
    "nearest_pt": 0.2,
    "nearest_gas_pt": 0.2,
    "nearest_oil_pt": 41.7,
    "ambiguous": false,
    "via_leader": true
   },
   "geometry": {
    "type": "Point",
    "coordinates": [
     57.603421,
     25.479069
    ]
   }
  },
  {
   "type": "Feature",
   "properties": {
    "text": "Oman LNG Pipeline",
    "kind": "pipeline_name",
    "font": "Gen_Arial_Bold",
    "size": 6.98,
    "nearest_route": "ME2026-0162",
    "nearest_pt": 22.1,
    "nearest_gas_pt": 22.1,
    "nearest_oil_pt": 92.3,
    "ambiguous": false,
    "via_leader": false
   },
   "geometry": {
    "type": "Point",
    "coordinates": [
     58.663337,
     22.121753
    ]
   }
  },
  {
   "type": "Feature",
   "properties": {
    "text": "IGAT 2 [Extension]",
    "kind": "pipeline_name",
    "font": "Gen_Arial_Bold",
    "size": 6.98,
    "nearest_route": "ME2026-0074",
    "nearest_pt": 0.2,
    "nearest_gas_pt": 0.2,
    "nearest_oil_pt": 2.7,
    "ambiguous": true,
    "via_leader": true
   },
   "geometry": {
    "type": "Point",
    "coordinates": [
     48.4823,
     37.219435
    ]
   }
  },
  {
   "type": "Feature",
   "properties": {
    "text": "IGAT 4 [56]",
    "kind": "pipeline_name",
    "font": "Gen_Arial_Bold",
    "size": 6.98,
    "nearest_route": "ME2026-0048",
    "nearest_pt": 0.0,
    "nearest_gas_pt": 0.0,
    "nearest_oil_pt": 57.2,
    "ambiguous": false,
    "via_leader": true
   },
   "geometry": {
    "type": "Point",
    "coordinates": [
     50.16851,
     33.092594
    ]
   }
  },
  {
   "type": "Feature",
   "properties": {
    "text": "IGAT 10 [56]",
    "kind": "pipeline_name",
    "font": "Gen_Arial_Bold",
    "size": 6.98,
    "nearest_route": "ME2026-0048",
    "nearest_pt": 0.2,
    "nearest_gas_pt": 0.2,
    "nearest_oil_pt": 61.7,
    "ambiguous": false,
    "via_leader": true
   },
   "geometry": {
    "type": "Point",
    "coordinates": [
     50.190789,
     32.95361
    ]
   }
  },
  {
   "type": "Feature",
   "properties": {
    "text": "IGAT 11 [56]",
    "kind": "pipeline_name",
    "font": "Gen_Arial_Bold",
    "size": 6.98,
    "nearest_route": "ME2026-0021",
    "nearest_pt": 0.2,
    "nearest_gas_pt": 0.2,
    "nearest_oil_pt": 7.1,
    "ambiguous": false,
    "via_leader": true
   },
   "geometry": {
    "type": "Point",
    "coordinates": [
     48.091186,
     32.370764
    ]
   }
  },
  {
   "type": "Feature",
   "properties": {
    "text": "IGAT 9 [56]",
    "kind": "pipeline_name",
    "font": "Gen_Arial_Bold",
    "size": 6.98,
    "nearest_route": "ME2026-0191",
    "nearest_pt": 0.1,
    "nearest_gas_pt": 0.1,
    "nearest_oil_pt": 104.0,
    "ambiguous": false,
    "via_leader": true
   },
   "geometry": {
    "type": "Point",
    "coordinates": [
     46.605909,
     36.488734
    ]
   }
  },
  {
   "type": "Feature",
   "properties": {
    "text": "IGAT 11 [56]",
    "kind": "pipeline_name",
    "font": "Gen_Arial_Bold",
    "size": 6.98,
    "nearest_route": "ME2026-0022",
    "nearest_pt": 0.2,
    "nearest_gas_pt": 0.2,
    "nearest_oil_pt": 96.6,
    "ambiguous": false,
    "via_leader": true
   },
   "geometry": {
    "type": "Point",
    "coordinates": [
     45.844302,
     36.302691
    ]
   }
  },
  {
   "type": "Feature",
   "properties": {
    "text": "IGAT 1 [42]",
    "kind": "pipeline_name",
    "font": "Gen_Arial_Bold",
    "size": 6.98,
    "nearest_route": "ME2026-0100",
    "nearest_pt": 0.0,
    "nearest_gas_pt": 0.0,
    "nearest_oil_pt": 58.6,
    "ambiguous": false,
    "via_leader": true
   },
   "geometry": {
    "type": "Point",
    "coordinates": [
     49.078725,
     36.895527
    ]
   }
  },
  {
   "type": "Feature",
   "properties": {
    "text": "IGAT 2 [42]",
    "kind": "pipeline_name",
    "font": "Gen_Arial_Bold",
    "size": 6.98,
    "nearest_route": "ME2026-0074",
    "nearest_pt": 1.1,
    "nearest_gas_pt": 1.1,
    "nearest_oil_pt": 47.8,
    "ambiguous": false,
    "via_leader": true
   },
   "geometry": {
    "type": "Point",
    "coordinates": [
     49.858734,
     36.774592
    ]
   }
  },
  {
   "type": "Feature",
   "properties": {
    "text": "Trans Caspian Gas Pipeline [16]",
    "kind": "pipeline_name",
    "font": "Gen_Arial_Bold",
    "size": 6.98,
    "nearest_route": "ME2026-0008",
    "nearest_pt": 8.0,
    "nearest_gas_pt": 8.0,
    "nearest_oil_pt": 304.9,
    "ambiguous": false,
    "via_leader": false
   },
   "geometry": {
    "type": "Point",
    "coordinates": [
     58.287292,
     38.513682
    ]
   }
  },
  {
   "type": "Feature",
   "properties": {
    "text": "Iranshahr to Chabahar Gas Pipeline [56]",
    "kind": "pipeline_name",
    "font": "Gen_Arial_Bold",
    "size": 7.06,
    "nearest_route": "ME2026-0049",
    "nearest_pt": 55.4,
    "nearest_gas_pt": 55.4,
    "nearest_oil_pt": 318.2,
    "ambiguous": false,
    "via_leader": false
   },
   "geometry": {
    "type": "Point",
    "coordinates": [
     61.109679,
     26.705026
    ]
   }
  },
  {
   "type": "Feature",
   "properties": {
    "text": "Iranshahr - Zahedan Gas Pipeline [36]",
    "kind": "pipeline_name",
    "font": "Gen_Arial_Bold",
    "size": 7.06,
    "nearest_route": "ME2026-0049",
    "nearest_pt": 50.7,
    "nearest_gas_pt": 50.7,
    "nearest_oil_pt": 268.3,
    "ambiguous": false,
    "via_leader": false
   },
   "geometry": {
    "type": "Point",
    "coordinates": [
     59.899597,
     28.957026
    ]
   }
  },
  {
   "type": "Feature",
   "properties": {
    "text": "Sirik - Kuh Mobarak Gas Pipeline [42]",
    "kind": "pipeline_name",
    "font": "Gen_Arial_Bold",
    "size": 7.06,
    "nearest_route": "ME2026-0046",
    "nearest_pt": 57.9,
    "nearest_gas_pt": 57.9,
    "nearest_oil_pt": 62.6,
    "ambiguous": true,
    "via_leader": false
   },
   "geometry": {
    "type": "Point",
    "coordinates": [
     57.974732,
     26.656204
    ]
   }
  },
  {
   "type": "Feature",
   "properties": {
    "text": "Zahedan - Zabol/Dashtak Gas Pipeline [36]",
    "kind": "pipeline_name",
    "font": "Gen_Arial_Bold",
    "size": 7.06,
    "nearest_route": "ME2026-0049",
    "nearest_pt": 48.2,
    "nearest_gas_pt": 48.2,
    "nearest_oil_pt": 288.5,
    "ambiguous": false,
    "via_leader": false
   },
   "geometry": {
    "type": "Point",
    "coordinates": [
     60.297988,
     30.325241
    ]
   }
  },
  {
   "type": "Feature",
   "properties": {
    "text": "Dashtak–Nehbandan Gas Pipeline [36]",
    "kind": "pipeline_name",
    "font": "Gen_Arial_Bold",
    "size": 7.06,
    "nearest_route": "ME2026-0049",
    "nearest_pt": 21.1,
    "nearest_gas_pt": 21.1,
    "nearest_oil_pt": 293.5,
    "ambiguous": false,
    "via_leader": false
   },
   "geometry": {
    "type": "Point",
    "coordinates": [
     60.187408,
     31.301546
    ]
   }
  },
  {
   "type": "Feature",
   "properties": {
    "text": "Northern Arm (South Khorasan Supply) [36]",
    "kind": "pipeline_name",
    "font": "Gen_Arial_Bold",
    "size": 7.06,
    "nearest_route": "ME2026-0049",
    "nearest_pt": 0.4,
    "nearest_gas_pt": 0.4,
    "nearest_oil_pt": 380.6,
    "ambiguous": false,
    "via_leader": true
   },
   "geometry": {
    "type": "Point",
    "coordinates": [
     57.968005,
     34.410606
    ]
   }
  },
  {
   "type": "Feature",
   "properties": {
    "text": "Goreh - Jask [46]",
    "kind": "pipeline_name",
    "font": "Gen_Arial_Bold",
    "size": 7.06,
    "nearest_route": "ME2026-0338",
    "nearest_pt": 9.7,
    "nearest_gas_pt": 68.6,
    "nearest_oil_pt": 9.7,
    "ambiguous": false,
    "via_leader": false
   },
   "geometry": {
    "type": "Point",
    "coordinates": [
     54.509861,
     27.620295
    ]
   }
  }
 ]
}