{
 "type": "FeatureCollection",
 "features": [
  {
   "type": "Feature",
   "properties": {
    "id": "ME2026-0038",
    "commodity": "oil",
    "status_class": "uc_planned_proposed",
    "name": "Arab Gas Pipeline",
    "name_dist_pt": 22.0,
    "name_ambiguous": true,
    "name_confidence": "low",
    "commodity_conflict": true,
    "other_names": "Iraq-Jordan Oil Export (Hadithah-Aqaba)",
    "diameter_in": "30",
    "length_km": 982.05,
    "n_vertices": 94,
    "legend_class": "oil_uc_planned_proposed",
    "stroke_rgb": "#00922f",
    "dashed": true,
    "source_map": "me2026",
    "source_file": "../energy-map-of-the-middle-east-2026-peregrine-bush.pdf",
    "source_page": 1,
    "source_title": "Energy Infrastructure Map of the Middle East, 2026 edition",
    "source_publisher": "Petroleum Economist / World Oil / Gulf Energy Information / Global Energy Infrastructure",
    "geometry_source": "stroke",
    "georef_order": 2,
    "georef_source": "map's own coastline vector registered to Natural Earth 10m coastline+lakes by trimmed ICP",
    "georef_insample_rmse_km": 0.97,
    "georef_holdout_layer": "ne_10m_admin_0_countries vs the map's own border strokes",
    "georef_holdout_median_km": 1.45,
    "georef_holdout_rmse_km": 1.6,
    "drawn_feature_offset_median_km": 2.39,
    "accuracy_tier": "medium"
   },
   "geometry": {
    "type": "LineString",
    "coordinates": [
     [
      42.343011,
      34.066412
     ],
     [
      42.307633,
      34.041989
     ],
     [
      42.202325,
      34.01905
     ],
     [
      42.124787,
      33.998227
     ],
     [
      42.022235,
      33.969975
     ],
     [
      41.701022,
      33.877371
     ],
     [
      41.421749,
      33.75786
     ],
     [
      41.128728,
      33.624134
     ],
     [
      40.869606,
      33.481286
     ],
     [
      40.64459,
      33.355855
     ],
     [
      40.367694,
      33.190526
     ],
     [
      40.122582,
      33.04283
     ],
     [
      40.042239,
      32.930612
     ],
     [
      39.841293,
      32.927953
     ],
     [
      39.725258,
      32.924079
     ],
     [
      39.500554,
      32.85908
     ],
     [
      39.358454,
      32.816786
     ],
     [
      39.201106,
      32.766244
     ],
     [
      39.068336,
      32.737336
     ],
     [
      39.013272,
      32.721188
     ],
     [
      38.76921,
      32.657865
     ],
     [
      38.1759,
      32.496461
     ],
     [
      37.919223,
      32.417514
     ],
     [
      37.880918,
      32.390582
     ],
     [
      37.828666,
      32.368747
     ],
     [
      37.775863,
      32.355624
     ],
     [
      37.704509,
      32.345222
     ],
     [
      37.628313,
      32.333184
     ],
     [
      37.482934,
      32.298756
     ],
     [
      37.368586,
      32.261055
     ],
     [
      37.268436,
      32.232594
     ],
     [
      37.113268,
      32.189978
     ],
     [
      36.884089,
      32.125499
     ],
     [
      36.807354,
      32.102
     ],
     [
      36.75832,
      32.093789
     ],
     [
      36.71915,
      32.106309
     ],
     [
      36.559697,
      32.160162
     ],
     [
      36.478609,
      32.137773
     ],
     [
      36.290821,
      32.089116
     ],
     [
      36.16016,
      32.050262
     ],
     [
      36.099223,
      32.037141
     ],
     [
      36.089944,
      31.972431
     ],
     [
      36.056552,
      31.907063
     ],
     [
      35.993773,
      31.876616
     ],
     [
      35.979368,
      31.876606
     ],
     [
      35.971777,
      31.859312
     ],
     [
      35.976275,
      31.730139
     ],
     [
      36.043552,
      31.66275
     ],
     [
      36.090558,
      31.629354
     ],
     [
      36.117073,
      31.566304
     ],
     [
      36.172067,
      31.422855
     ],
     [
      36.172046,
      31.368969
     ],
     [
      36.140171,
      31.311517
     ],
     [
      36.099113,
      31.270355
     ],
     [
      36.070089,
      31.249066
     ],
     [
      36.037518,
      31.20082
     ],
     [
      36.040331,
      31.131342
     ],
     [
      36.055151,
      31.039177
     ],
     [
      36.066457,
      30.976783
     ],
     [
      36.060075,
      30.920063
     ],
     [
      36.019692,
      30.790284
     ],
     [
      35.947482,
      30.696633
     ],
     [
      35.878833,
      30.674616
     ],
     [
      35.86893,
      30.668935
     ],
     [
      35.847678,
      30.620698
     ],
     [
      35.832793,
      30.500158
     ],
     [
      35.824268,
      30.404434
     ],
     [
      35.800893,
      30.312246
     ],
     [
      35.781063,
      30.246288
     ],
     [
      35.745671,
      30.181747
     ],
     [
      35.655073,
      30.090928
     ],
     [
      35.623933,
      30.079559
     ],
     [
      35.602705,
      30.069624
     ],
     [
      35.535468,
      30.012853
     ],
     [
      35.514938,
      29.992272
     ],
     [
      35.502212,
      29.98659
     ],
     [
      35.500083,
      29.965321
     ],
     [
      35.490162,
      29.922066
     ],
     [
      35.483079,
      29.883773
     ],
     [
      35.463976,
      29.864621
     ],
     [
      35.377644,
      29.819183
     ],
     [
      35.355702,
      29.790812
     ],
     [
      35.308277,
      29.702154
     ],
     [
      35.236095,
      29.641834
     ],
     [
      35.219819,
      29.625516
     ],
     [
      35.207079,
      29.602824
     ],
     [
      35.192926,
      29.581547
     ],
     [
      35.150461,
      29.538971
     ],
     [
      35.133486,
      29.53683
     ],
     [
      35.08183,
      29.551685
     ],
     [
      35.063443,
      29.547414
     ],
     [
      35.044331,
      29.533936
     ],
     [
      35.027357,
      29.52825
     ],
     [
      35.006339,
      29.530643
     ]
    ]
   }
  },
  {
   "type": "Feature",
   "properties": {
    "id": "ME2026-0039",
    "commodity": "oil",
    "status_class": "uc_planned_proposed",
    "name": null,
    "name_dist_pt": null,
    "name_ambiguous": null,
    "name_confidence": null,
    "commodity_conflict": null,
    "other_names": null,
    "diameter_in": null,
    "length_km": 11.69,
    "n_vertices": 3,
    "legend_class": "oil_uc_planned_proposed",
    "stroke_rgb": "#00922f",
    "dashed": true,
    "source_map": "me2026",
    "source_file": "../energy-map-of-the-middle-east-2026-peregrine-bush.pdf",
    "source_page": 1,
    "source_title": "Energy Infrastructure Map of the Middle East, 2026 edition",
    "source_publisher": "Petroleum Economist / World Oil / Gulf Energy Information / Global Energy Infrastructure",
    "geometry_source": "stroke",
    "georef_order": 2,
    "georef_source": "map's own coastline vector registered to Natural Earth 10m coastline+lakes by trimmed ICP",
    "georef_insample_rmse_km": 0.97,
    "georef_holdout_layer": "ne_10m_admin_0_countries vs the map's own border strokes",
    "georef_holdout_median_km": 1.45,
    "georef_holdout_rmse_km": 1.6,
    "drawn_feature_offset_median_km": 2.39,
    "accuracy_tier": "medium"
   },
   "geometry": {
    "type": "LineString",
    "coordinates": [
     [
      50.08421,
      26.711981
     ],
     [
      50.061685,
      26.698275
     ],
     [
      49.971566,
      26.693378
     ]
    ]
   }
  },
  {
   "type": "Feature",
   "properties": {
    "id": "ME2026-0040",
    "commodity": "oil",
    "status_class": "uc_planned_proposed",
    "name": null,
    "name_dist_pt": null,
    "name_ambiguous": null,
    "name_confidence": null,
    "commodity_conflict": null,
    "other_names": null,
    "diameter_in": null,
    "length_km": 746.56,
    "n_vertices": 88,
    "legend_class": "oil_uc_planned_proposed",
    "stroke_rgb": "#00922f",
    "dashed": true,
    "source_map": "me2026",
    "source_file": "../energy-map-of-the-middle-east-2026-peregrine-bush.pdf",
    "source_page": 1,
    "source_title": "Energy Infrastructure Map of the Middle East, 2026 edition",
    "source_publisher": "Petroleum Economist / World Oil / Gulf Energy Information / Global Energy Infrastructure",
    "geometry_source": "stroke",
    "georef_order": 2,
    "georef_source": "map's own coastline vector registered to Natural Earth 10m coastline+lakes by trimmed ICP",
    "georef_insample_rmse_km": 0.97,
    "georef_holdout_layer": "ne_10m_admin_0_countries vs the map's own border strokes",
    "georef_holdout_median_km": 1.45,
    "georef_holdout_rmse_km": 1.6,
    "drawn_feature_offset_median_km": 2.39,
    "accuracy_tier": "medium"
   },
   "geometry": {
    "type": "LineString",
    "coordinates": [
     [
      51.44771,
      35.560433
     ],
     [
      51.492413,
      35.634758
     ],
     [
      51.520019,
      35.696834
     ],
     [
      51.524413,
      35.71695
     ],
     [
      51.53142,
      35.723945
     ],
     [
      51.684509,
      35.738809
     ],
     [
      51.761012,
      35.730059
     ],
     [
      51.956485,
      35.711711
     ],
     [
      51.991461,
      35.695964
     ],
     [
      52.101183,
      35.655745
     ],
     [
      52.185156,
      35.651374
     ],
     [
      52.311526,
      35.63738
     ],
     [
      52.371896,
      35.639993
     ],
     [
      52.466407,
      35.665358
     ],
     [
      52.510585,
      35.676722
     ],
     [
      52.563962,
      35.682844
     ],
     [
      52.625199,
      35.689826
     ],
     [
      52.676394,
      35.714308
     ],
     [
      52.692175,
      35.735295
     ],
     [
      52.798944,
      35.768065
     ],
     [
      52.85629,
      35.810025
     ],
     [
      52.964815,
      35.849367
     ],
     [
      53.017392,
      35.911442
     ],
     [
      53.042842,
      35.974814
     ],
     [
      53.050274,
      35.990548
     ],
     [
      53.076564,
      36.017658
     ],
     [
      53.080978,
      36.051766
     ],
     [
      53.088867,
      36.064873
     ],
     [
      53.104641,
      36.088474
     ],
     [
      53.091588,
      36.139612
     ],
     [
      53.058372,
      36.172838
     ],
     [
      53.004625,
      36.204322
     ],
     [
      52.958287,
      36.233179
     ],
     [
      52.941689,
      36.247159
     ],
     [
      52.929468,
      36.276027
     ],
     [
      52.918119,
      36.294388
     ],
     [
      52.921647,
      36.316671
     ],
     [
      52.903298,
      36.335032
     ],
     [
      52.88934,
      36.358635
     ],
     [
      52.886714,
      36.37
     ],
     [
      52.884998,
      36.39186
     ],
     [
      52.88502,
      36.409349
     ],
     [
      52.878063,
      36.443457
     ],
     [
      52.938477,
      36.474924
     ],
     [
      53.050955,
      36.532182
     ],
     [
      53.101735,
      36.548786
     ],
     [
      53.128869,
      36.561033
     ],
     [
      53.183528,
      36.589002
     ],
     [
      53.208061,
      36.593794
     ],
     [
      53.267491,
      36.620358
     ],
     [
      53.30666,
      36.646924
     ],
     [
      53.350638,
      36.674227
     ],
     [
      53.375415,
      36.70854
     ],
     [
      53.532683,
      36.728768
     ],
     [
      53.619119,
      36.748322
     ],
     [
      53.681842,
      36.75052
     ],
     [
      53.907816,
      36.783715
     ],
     [
      54.010608,
      36.800676
     ],
     [
      54.096999,
      36.879635
     ],
     [
      54.150935,
      36.955474
     ],
     [
      54.184351,
      37.03146
     ],
     [
      54.243433,
      37.225969
     ],
     [
      54.241285,
      37.515129
     ],
     [
      54.253813,
      37.900765
     ],
     [
      54.256597,
      38.046759
     ],
     [
      54.281687,
      38.257512
     ],
     [
      54.372408,
      38.358108
     ],
     [
      54.397267,
      38.405932
     ],
     [
      54.38199,
      38.47665
     ],
     [
      54.361558,
      38.527032
     ],
     [
      54.353049,
      38.547527
     ],
     [
      54.355784,
      38.654111
     ],
     [
      54.462598,
      38.746318
     ],
     [
      54.573752,
      38.78473
     ],
     [
      54.587454,
      38.807777
     ],
     [
      54.587567,
      38.878507
     ],
     [
      54.569861,
      39.026229
     ],
     [
      54.558091,
      39.149897
     ],
     [
      54.536887,
      39.244538
     ],
     [
      54.459426,
      39.429696
     ],
     [
      54.330629,
      39.485209
     ],
     [
      54.225743,
      39.609878
     ],
     [
      54.218974,
      39.654995
     ],
     [
      54.173195,
      39.785641
     ],
     [
      54.157866,
      39.818799
     ],
     [
      54.050327,
      39.889671
     ],
     [
      53.969324,
      39.912736
     ],
     [
      53.92209,
      40.046651
     ]
    ]
   }
  },
  {
   "type": "Feature",
   "properties": {
    "id": "ME2026-0041",
    "commodity": "oil",
    "status_class": "uc_planned_proposed",
    "name": null,
    "name_dist_pt": null,
    "name_ambiguous": null,
    "name_confidence": null,
    "commodity_conflict": null,
    "other_names": null,
    "diameter_in": null,
    "length_km": 198.07,
    "n_vertices": 6,
    "legend_class": "oil_uc_planned_proposed",
    "stroke_rgb": "#00922f",
    "dashed": true,
    "source_map": "me2026",
    "source_file": "../energy-map-of-the-middle-east-2026-peregrine-bush.pdf",
    "source_page": 1,
    "source_title": "Energy Infrastructure Map of the Middle East, 2026 edition",
    "source_publisher": "Petroleum Economist / World Oil / Gulf Energy Information / Global Energy Infrastructure",
    "geometry_source": "stroke",
    "georef_order": 2,
    "georef_source": "map's own coastline vector registered to Natural Earth 10m coastline+lakes by trimmed ICP",
    "georef_insample_rmse_km": 0.97,
    "georef_holdout_layer": "ne_10m_admin_0_countries vs the map's own border strokes",
    "georef_holdout_median_km": 1.45,
    "georef_holdout_rmse_km": 1.6,
    "drawn_feature_offset_median_km": 2.39,
    "accuracy_tier": "medium"
   },
   "geometry": {
    "type": "LineString",
    "coordinates": [
     [
      45.062645,
      34.790136
     ],
     [
      45.204987,
      35.044313
     ],
     [
      45.035872,
      35.243939
     ],
     [
      45.039183,
      35.528332
     ],
     [
      44.386274,
      35.679387
     ],
     [
      44.035899,
      35.992397
     ]
    ]
   }
  },
  {
   "type": "Feature",
   "properties": {
    "id": "ME2026-0042",
    "commodity": "oil",
    "status_class": "uc_planned_proposed",
    "name": null,
    "name_dist_pt": null,
    "name_ambiguous": null,
    "name_confidence": null,
    "commodity_conflict": null,
    "other_names": null,
    "diameter_in": null,
    "length_km": 25.02,
    "n_vertices": 2,
    "legend_class": "oil_uc_planned_proposed",
    "stroke_rgb": "#00922f",
    "dashed": true,
    "source_map": "me2026",
    "source_file": "../energy-map-of-the-middle-east-2026-peregrine-bush.pdf",
    "source_page": 1,
    "source_title": "Energy Infrastructure Map of the Middle East, 2026 edition",
    "source_publisher": "Petroleum Economist / World Oil / Gulf Energy Information / Global Energy Infrastructure",
    "geometry_source": "stroke",
    "georef_order": 2,
    "georef_source": "map's own coastline vector registered to Natural Earth 10m coastline+lakes by trimmed ICP",
    "georef_insample_rmse_km": 0.97,
    "georef_holdout_layer": "ne_10m_admin_0_countries vs the map's own border strokes",
    "georef_holdout_median_km": 1.45,
    "georef_holdout_rmse_km": 1.6,
    "drawn_feature_offset_median_km": 2.39,
    "accuracy_tier": "medium"
   },
   "geometry": {
    "type": "LineString",
    "coordinates": [
     [
      44.516708,
      36.096951
     ],
     [
      44.483709,
      36.320829
     ]
    ]
   }
  },
  {
   "type": "Feature",
   "properties": {
    "id": "ME2026-0043",
    "commodity": "oil",
    "status_class": "uc_planned_proposed",
    "name": "Miran West",
    "name_dist_pt": 21.9,
    "name_ambiguous": false,
    "name_confidence": "medium",
    "commodity_conflict": null,
    "other_names": null,
    "diameter_in": null,
    "length_km": 24.97,
    "n_vertices": 2,
    "legend_class": "oil_uc_planned_proposed",
    "stroke_rgb": "#00922f",
    "dashed": true,
    "source_map": "me2026",
    "source_file": "../energy-map-of-the-middle-east-2026-peregrine-bush.pdf",
    "source_page": 1,
    "source_title": "Energy Infrastructure Map of the Middle East, 2026 edition",
    "source_publisher": "Petroleum Economist / World Oil / Gulf Energy Information / Global Energy Infrastructure",
    "geometry_source": "stroke",
    "georef_order": 2,
    "georef_source": "map's own coastline vector registered to Natural Earth 10m coastline+lakes by trimmed ICP",
    "georef_insample_rmse_km": 0.97,
    "georef_holdout_layer": "ne_10m_admin_0_countries vs the map's own border strokes",
    "georef_holdout_median_km": 1.45,
    "georef_holdout_rmse_km": 1.6,
    "drawn_feature_offset_median_km": 2.39,
    "accuracy_tier": "medium"
   },
   "geometry": {
    "type": "LineString",
    "coordinates": [
     [
      45.211714,
      35.703865
     ],
     [
      45.039183,
      35.528332
     ]
    ]
   }
  },
  {
   "type": "Feature",
   "properties": {
    "id": "ME2026-0196",
    "commodity": "oil",
    "status_class": "in_service",
    "name": "Iraq-Turkey Pipeline (ITP)",
    "name_dist_pt": 3.9,
    "name_ambiguous": false,
    "name_confidence": "high",
    "commodity_conflict": null,
    "other_names": null,
    "diameter_in": "46",
    "length_km": 532.43,
    "n_vertices": 44,
    "legend_class": "oil_in_service",
    "stroke_rgb": "#00922f",
    "dashed": false,
    "source_map": "me2026",
    "source_file": "../energy-map-of-the-middle-east-2026-peregrine-bush.pdf",
    "source_page": 1,
    "source_title": "Energy Infrastructure Map of the Middle East, 2026 edition",
    "source_publisher": "Petroleum Economist / World Oil / Gulf Energy Information / Global Energy Infrastructure",
    "geometry_source": "stroke",
    "georef_order": 2,
    "georef_source": "map's own coastline vector registered to Natural Earth 10m coastline+lakes by trimmed ICP",
    "georef_insample_rmse_km": 0.97,
    "georef_holdout_layer": "ne_10m_admin_0_countries vs the map's own border strokes",
    "georef_holdout_median_km": 1.45,
    "georef_holdout_rmse_km": 1.6,
    "drawn_feature_offset_median_km": 2.39,
    "accuracy_tier": "medium"
   },
   "geometry": {
    "type": "LineString",
    "coordinates": [
     [
      36.158167,
      36.852241
     ],
     [
      36.217119,
      36.91768
     ],
     [
      36.215064,
      36.99768
     ],
     [
      36.2051,
      37.04281
     ],
     [
      36.220686,
      37.084208
     ],
     [
      36.282036,
      37.119881
     ],
     [
      36.32459,
      37.12744
     ],
     [
      36.409018,
      37.18392
     ],
     [
      36.579211,
      37.199101
     ],
     [
      36.706106,
      37.186658
     ],
     [
      36.818055,
      37.221834
     ],
     [
      37.061508,
      37.364228
     ],
     [
      37.170389,
      37.370575
     ],
     [
      37.556995,
      37.433559
     ],
     [
      38.029081,
      37.442186
     ],
     [
      38.19742,
      37.418942
     ],
     [
      38.403187,
      37.381467
     ],
     [
      38.535169,
      37.399101
     ],
     [
      38.587715,
      37.381587
     ],
     [
      38.738483,
      37.394222
     ],
     [
      39.029469,
      37.428256
     ],
     [
      39.414843,
      37.402173
     ],
     [
      39.77144,
      37.382322
     ],
     [
      40.186906,
      37.357477
     ],
     [
      40.235729,
      37.347484
     ],
     [
      40.281374,
      37.378855
     ],
     [
      40.341471,
      37.377642
     ],
     [
      40.55608,
      37.345159
     ],
     [
      40.758213,
      37.333979
     ],
     [
      40.771933,
      37.28455
     ],
     [
      40.834503,
      37.253239
     ],
     [
      40.831943,
      37.203074
     ],
     [
      40.844458,
      37.198071
     ],
     [
      40.867512,
      37.181782
     ],
     [
      40.877508,
      37.161722
     ],
     [
      40.897537,
      37.152959
     ],
     [
      40.982673,
      37.142972
     ],
     [
      41.104666,
      37.135509
     ],
     [
      41.20733,
      37.114251
     ],
     [
      41.251695,
      37.109251
     ],
     [
      41.301788,
      37.113053
     ],
     [
      41.466373,
      37.108115
     ],
     [
      41.585366,
      37.12196
     ],
     [
      41.592883,
      37.120717
     ]
    ]
   }
  },
  {
   "type": "Feature",
   "properties": {
    "id": "ME2026-0197",
    "commodity": "oil",
    "status_class": "in_service",
    "name": null,
    "name_dist_pt": null,
    "name_ambiguous": null,
    "name_confidence": null,
    "commodity_conflict": null,
    "other_names": null,
    "diameter_in": "46/40/12",
    "length_km": 1859.25,
    "n_vertices": 126,
    "legend_class": "oil_in_service",
    "stroke_rgb": "#00922f",
    "dashed": false,
    "source_map": "me2026",
    "source_file": "../energy-map-of-the-middle-east-2026-peregrine-bush.pdf",
    "source_page": 1,
    "source_title": "Energy Infrastructure Map of the Middle East, 2026 edition",
    "source_publisher": "Petroleum Economist / World Oil / Gulf Energy Information / Global Energy Infrastructure",
    "geometry_source": "stroke",
    "georef_order": 2,
    "georef_source": "map's own coastline vector registered to Natural Earth 10m coastline+lakes by trimmed ICP",
    "georef_insample_rmse_km": 0.97,
    "georef_holdout_layer": "ne_10m_admin_0_countries vs the map's own border strokes",
    "georef_holdout_median_km": 1.45,
    "georef_holdout_rmse_km": 1.6,
    "drawn_feature_offset_median_km": 2.39,
    "accuracy_tier": "medium"
   },
   "geometry": {
    "type": "LineString",
    "coordinates": [
     [
      40.834503,
      37.253239
     ],
     [
      41.062271,
      37.285964
     ],
     [
      41.168712,
      37.291563
     ],
     [
      41.251882,
      37.271009
     ],
     [
      41.304486,
      37.282328
     ],
     [
      41.474105,
      37.291721
     ],
     [
      41.583026,
      37.261158
     ],
     [
      41.779,
      37.318197
     ],
     [
      41.857187,
      37.318236
     ],
     [
      41.888516,
      37.335812
     ],
     [
      41.962437,
      37.357173
     ],
     [
      42.117026,
      37.357248
     ],
     [
      42.237778,
      37.333488
     ],
     [
      42.314151,
      37.308436
     ],
     [
      42.385489,
      37.256526
     ],
     [
      42.417201,
      37.144945
     ],
     [
      42.403283,
      37.090708
     ],
     [
      42.383896,
      37.053025
     ],
     [
      42.38719,
      36.858217
     ],
     [
      42.495742,
      36.688183
     ],
     [
      42.640752,
      36.509913
     ],
     [
      42.739286,
      36.268062
     ],
     [
      42.739231,
      36.216242
     ],
     [
      42.783784,
      36.069732
     ],
     [
      42.825388,
      35.98027
     ],
     [
      42.983183,
      35.633115
     ],
     [
      43.013697,
      35.558957
     ],
     [
      43.383543,
      34.951795
     ],
     [
      43.4094,
      34.932963
     ],
     [
      43.027825,
      35.577793
     ],
     [
      42.998495,
      35.650777
     ],
     [
      42.800793,
      36.080341
     ],
     [
      42.755713,
      36.219783
     ],
     [
      42.755773,
      36.276299
     ],
     [
      42.652528,
      36.522226
     ],
     [
      42.509876,
      36.699965
     ],
     [
      42.405386,
      36.870001
     ],
     [
      42.399174,
      37.050672
     ],
     [
      42.417399,
      37.087181
     ],
     [
      42.428015,
      37.108921
     ],
     [
      42.434424,
      37.141746
     ],
     [
      42.400531,
      37.269071
     ],
     [
      42.324648,
      37.321318
     ],
     [
      42.247818,
      37.348536
     ],
     [
      42.192186,
      37.359789
     ],
     [
      42.120805,
      37.37337
     ],
     [
      42.084491,
      37.373352
     ],
     [
      42.020602,
      37.373321
     ],
     [
      41.963399,
      37.373293
     ],
     [
      41.877257,
      37.352108
     ],
     [
      41.853449,
      37.337053
     ],
     [
      41.777773,
      37.333264
     ],
     [
      41.578033,
      37.281209
     ],
     [
      41.477886,
      37.31053
     ],
     [
      41.303262,
      37.30042
     ],
     [
      41.251906,
      37.291607
     ],
     [
      41.173747,
      37.307868
     ],
     [
      41.068539,
      37.30279
     ],
     [
      40.843284,
      37.269545
     ],
     [
      40.788216,
      37.297629
     ],
     [
      40.772011,
      37.351535
     ],
     [
      40.559581,
      37.362843
     ],
     [
      40.333988,
      37.396433
     ],
     [
      40.277639,
      37.398906
     ],
     [
      40.228234,
      37.366275
     ],
     [
      40.179422,
      37.375033
     ],
     [
      39.034502,
      37.44456
     ],
     [
      38.595341,
      37.394432
     ],
     [
      38.534616,
      37.412594
     ],
     [
      38.404449,
      37.397756
     ],
     [
      38.025454,
      37.460203
     ],
     [
      37.553243,
      37.448599
     ],
     [
      37.166652,
      37.388132
     ],
     [
      37.056524,
      37.379279
     ],
     [
      36.814319,
      37.240649
     ],
     [
      36.703626,
      37.205462
     ],
     [
      36.57297,
      37.212892
     ],
     [
      36.407245,
      37.197714
     ],
     [
      36.318349,
      37.141231
     ],
     [
      36.270792,
      37.131163
     ],
     [
      36.208908,
      37.092247
     ],
     [
      36.148765,
      37.020198
     ],
     [
      36.101191,
      36.991325
     ],
     [
      35.955452,
      36.927271
     ],
     [
      35.92916,
      36.900918
     ],
     [
      35.94797,
      36.943565
     ],
     [
      36.094953,
      37.008879
     ],
     [
      36.136279,
      37.033222
     ],
     [
      36.198908,
      37.103517
     ],
     [
      36.261975,
      37.14137
     ],
     [
      36.31262,
      37.159572
     ],
     [
      36.39976,
      37.211504
     ],
     [
      36.572556,
      37.232738
     ],
     [
      36.703644,
      37.22175
     ],
     [
      36.813083,
      37.259454
     ],
     [
      37.054046,
      37.399341
     ],
     [
      37.165428,
      37.40569
     ],
     [
      37.55452,
      37.467394
     ],
     [
      38.029227,
      37.475248
     ],
     [
      38.405724,
      37.414071
     ],
     [
      38.550151,
      37.432161
     ],
     [
      38.723043,
      37.436799
     ],
     [
      38.873816,
      37.513948
     ],
     [
      38.954572,
      37.606797
     ],
     [
      39.171706,
      37.638278
     ],
     [
      39.269459,
      37.722884
     ],
     [
      39.285801,
      37.779327
     ],
     [
      39.327646,
      37.780599
     ],
     [
      39.524763,
      37.803291
     ],
     [
      39.757016,
      37.886731
     ],
     [
      39.911593,
      37.924425
     ],
     [
      40.010509,
      37.92826
     ],
     [
      40.248995,
      37.972282
     ],
     [
      40.349641,
      37.924681
     ],
     [
      40.487835,
      37.864054
     ],
     [
      40.529133,
      37.845258
     ],
     [
      40.65559,
      37.829027
     ],
     [
      40.826434,
      37.836649
     ],
     [
      40.883335,
      37.855487
     ],
     [
      40.989785,
      37.859309
     ],
     [
      41.126819,
      37.855619
     ],
     [
      41.145626,
      37.874969
     ],
     [
      41.13795,
      37.884368
     ],
     [
      41.15444,
      37.916352
     ],
     [
      41.213483,
      38.060597
     ],
     [
      41.280572,
      38.207874
     ]
    ]
   }
  },
  {
   "type": "Feature",
   "properties": {
    "id": "ME2026-0198",
    "commodity": "oil",
    "status_class": "in_service",
    "name": "SCOTRACO",
    "name_dist_pt": 5.2,
    "name_ambiguous": false,
    "name_confidence": "high",
    "commodity_conflict": null,
    "other_names": null,
    "diameter_in": "12",
    "length_km": 730.56,
    "n_vertices": 57,
    "legend_class": "oil_in_service",
    "stroke_rgb": "#00922f",
    "dashed": false,
    "source_map": "me2026",
    "source_file": "../energy-map-of-the-middle-east-2026-peregrine-bush.pdf",
    "source_page": 1,
    "source_title": "Energy Infrastructure Map of the Middle East, 2026 edition",
    "source_publisher": "Petroleum Economist / World Oil / Gulf Energy Information / Global Energy Infrastructure",
    "geometry_source": "stroke",
    "georef_order": 2,
    "georef_source": "map's own coastline vector registered to Natural Earth 10m coastline+lakes by trimmed ICP",
    "georef_insample_rmse_km": 0.97,
    "georef_holdout_layer": "ne_10m_admin_0_countries vs the map's own border strokes",
    "georef_holdout_median_km": 1.45,
    "georef_holdout_rmse_km": 1.6,
    "drawn_feature_offset_median_km": 2.39,
    "accuracy_tier": "medium"
   },
   "geometry": {
    "type": "LineString",
    "coordinates": [
     [
      35.956428,
      35.208884
     ],
     [
      35.940849,
      35.177787
     ],
     [
      35.903297,
      35.107094
     ],
     [
      35.906674,
      35.05757
     ],
     [
      35.901948,
      35.021339
     ],
     [
      35.887854,
      34.973883
     ],
     [
      35.896342,
      34.927147
     ],
     [
      35.91674,
      34.869106
     ],
     [
      35.988213,
      34.743851
     ],
     [
      36.126874,
      34.709806
     ],
     [
      36.1746,
      34.72862
     ],
     [
      36.219552,
      34.720123
     ],
     [
      36.384845,
      34.715124
     ],
     [
      36.581485,
      34.728913
     ],
     [
      36.638381,
      34.732378
     ],
     [
      36.682709,
      34.756307
     ],
     [
      36.696366,
      34.784292
     ],
     [
      36.761123,
      34.784338
     ],
     [
      36.850439,
      34.837338
     ],
     [
      36.910111,
      34.864702
     ],
     [
      37.093199,
      34.958739
     ],
     [
      37.320653,
      35.091031
     ],
     [
      37.525945,
      35.211339
     ],
     [
      37.606756,
      35.272876
     ],
     [
      37.74663,
      35.381197
     ],
     [
      37.943357,
      35.43768
     ],
     [
      38.248173,
      35.533497
     ],
     [
      38.475617,
      35.604311
     ],
     [
      38.716739,
      35.691552
     ],
     [
      38.782198,
      35.718917
     ],
     [
      38.953401,
      35.78968
     ],
     [
      39.110329,
      35.859792
     ],
     [
      39.199693,
      35.914482
     ],
     [
      39.255992,
      35.945919
     ],
     [
      39.372607,
      35.976713
     ],
     [
      39.606938,
      36.043456
     ],
     [
      39.842966,
      36.117023
     ],
     [
      40.178605,
      36.21521
     ],
     [
      40.570558,
      36.335618
     ],
     [
      40.813468,
      36.407475
     ],
     [
      40.863604,
      36.433121
     ],
     [
      41.013766,
      36.504914
     ],
     [
      41.231153,
      36.61669
     ],
     [
      41.473082,
      36.733584
     ],
     [
      41.690474,
      36.839585
     ],
     [
      41.943725,
      36.96332
     ],
     [
      41.999709,
      36.997499
     ],
     [
      42.06215,
      37.011193
     ],
     [
      42.144042,
      37.024895
     ],
     [
      42.149172,
      37.038561
     ],
     [
      42.174807,
      37.076139
     ],
     [
      42.125348,
      37.082953
     ],
     [
      42.060526,
      37.091466
     ],
     [
      41.95751,
      37.072621
     ],
     [
      41.822703,
      37.041828
     ],
     [
      41.745347,
      37.089606
     ],
     [
      41.700996,
      37.089584
     ]
    ]
   }
  },
  {
   "type": "Feature",
   "properties": {
    "id": "ME2026-0199",
    "commodity": "oil",
    "status_class": "in_service",
    "name": "Banias Line",
    "name_dist_pt": 5.0,
    "name_ambiguous": true,
    "name_confidence": "low",
    "commodity_conflict": null,
    "other_names": null,
    "diameter_in": null,
    "length_km": 548.42,
    "n_vertices": 30,
    "legend_class": "oil_in_service",
    "stroke_rgb": "#00922f",
    "dashed": false,
    "source_map": "me2026",
    "source_file": "../energy-map-of-the-middle-east-2026-peregrine-bush.pdf",
    "source_page": 1,
    "source_title": "Energy Infrastructure Map of the Middle East, 2026 edition",
    "source_publisher": "Petroleum Economist / World Oil / Gulf Energy Information / Global Energy Infrastructure",
    "geometry_source": "stroke",
    "georef_order": 2,
    "georef_source": "map's own coastline vector registered to Natural Earth 10m coastline+lakes by trimmed ICP",
    "georef_insample_rmse_km": 0.97,
    "georef_holdout_layer": "ne_10m_admin_0_countries vs the map's own border strokes",
    "georef_holdout_median_km": 1.45,
    "georef_holdout_rmse_km": 1.6,
    "drawn_feature_offset_median_km": 2.39,
    "accuracy_tier": "medium"
   },
   "geometry": {
    "type": "LineString",
    "coordinates": [
     [
      39.751048,
      35.336193
     ],
     [
      39.917412,
      35.159806
     ],
     [
      40.059183,
      35.177153
     ],
     [
      40.116532,
      35.188692
     ],
     [
      40.140913,
      34.596083
     ],
     [
      40.15108,
      34.379173
     ],
     [
      40.016161,
      34.391298
     ],
     [
      39.512842,
      34.446669
     ],
     [
      39.123473,
      34.486316
     ],
     [
      38.852627,
      34.515838
     ],
     [
      38.748005,
      34.533393
     ],
     [
      38.61489,
      34.524963
     ],
     [
      38.473441,
      34.514675
     ],
     [
      38.285702,
      34.501587
     ],
     [
      38.148642,
      34.455133
     ],
     [
      37.615121,
      34.451062
     ],
     [
      37.270306,
      34.498132
     ],
     [
      37.075236,
      34.527681
     ],
     [
      36.952507,
      34.594123
     ],
     [
      36.738897,
      34.686347
     ],
     [
      36.67414,
      34.701657
     ],
     [
      36.623053,
      34.74431
     ],
     [
      36.374633,
      34.735602
     ],
     [
      36.224672,
      34.735493
     ],
     [
      36.1729,
      34.747398
     ],
     [
      36.123473,
      34.730301
     ],
     [
      36.001411,
      34.759227
     ],
     [
      35.932722,
      34.877975
     ],
     [
      35.919244,
      34.920328
     ],
     [
      35.880156,
      34.935436
     ]
    ]
   }
  },
  {
   "type": "Feature",
   "properties": {
    "id": "ME2026-0200",
    "commodity": "oil",
    "status_class": "in_service",
    "name": null,
    "name_dist_pt": null,
    "name_ambiguous": null,
    "name_confidence": null,
    "commodity_conflict": null,
    "other_names": null,
    "diameter_in": null,
    "length_km": 36.62,
    "n_vertices": 2,
    "legend_class": "oil_in_service",
    "stroke_rgb": "#00922f",
    "dashed": false,
    "source_map": "me2026",
    "source_file": "../energy-map-of-the-middle-east-2026-peregrine-bush.pdf",
    "source_page": 1,
    "source_title": "Energy Infrastructure Map of the Middle East, 2026 edition",
    "source_publisher": "Petroleum Economist / World Oil / Gulf Energy Information / Global Energy Infrastructure",
    "geometry_source": "stroke",
    "georef_order": 2,
    "georef_source": "map's own coastline vector registered to Natural Earth 10m coastline+lakes by trimmed ICP",
    "georef_insample_rmse_km": 0.97,
    "georef_holdout_layer": "ne_10m_admin_0_countries vs the map's own border strokes",
    "georef_holdout_median_km": 1.45,
    "georef_holdout_rmse_km": 1.6,
    "drawn_feature_offset_median_km": 2.39,
    "accuracy_tier": "medium"
   },
   "geometry": {
    "type": "LineString",
    "coordinates": [
     [
      40.813468,
      36.407475
     ],
     [
      40.89053,
      36.083447
     ]
    ]
   }
  },
  {
   "type": "Feature",
   "properties": {
    "id": "ME2026-0201",
    "commodity": "oil",
    "status_class": "in_service",
    "name": null,
    "name_dist_pt": null,
    "name_ambiguous": null,
    "name_confidence": null,
    "commodity_conflict": null,
    "other_names": null,
    "diameter_in": null,
    "length_km": 28.53,
    "n_vertices": 3,
    "legend_class": "oil_in_service",
    "stroke_rgb": "#00922f",
    "dashed": false,
    "source_map": "me2026",
    "source_file": "../energy-map-of-the-middle-east-2026-peregrine-bush.pdf",
    "source_page": 1,
    "source_title": "Energy Infrastructure Map of the Middle East, 2026 edition",
    "source_publisher": "Petroleum Economist / World Oil / Gulf Energy Information / Global Energy Infrastructure",
    "geometry_source": "stroke",
    "georef_order": 2,
    "georef_source": "map's own coastline vector registered to Natural Earth 10m coastline+lakes by trimmed ICP",
    "georef_insample_rmse_km": 0.97,
    "georef_holdout_layer": "ne_10m_admin_0_countries vs the map's own border strokes",
    "georef_holdout_median_km": 1.45,
    "georef_holdout_rmse_km": 1.6,
    "drawn_feature_offset_median_km": 2.39,
    "accuracy_tier": "medium"
   },
   "geometry": {
    "type": "LineString",
    "coordinates": [
     [
      40.35983,
      35.349949
     ],
     [
      40.198938,
      35.232857
     ],
     [
      40.116532,
      35.188692
     ]
    ]
   }
  },
  {
   "type": "Feature",
   "properties": {
    "id": "ME2026-0202",
    "commodity": "oil",
    "status_class": "in_service",
    "name": null,
    "name_dist_pt": null,
    "name_ambiguous": null,
    "name_confidence": null,
    "commodity_conflict": null,
    "other_names": null,
    "diameter_in": null,
    "length_km": 221.37,
    "n_vertices": 7,
    "legend_class": "oil_in_service",
    "stroke_rgb": "#00922f",
    "dashed": false,
    "source_map": "me2026",
    "source_file": "../energy-map-of-the-middle-east-2026-peregrine-bush.pdf",
    "source_page": 1,
    "source_title": "Energy Infrastructure Map of the Middle East, 2026 edition",
    "source_publisher": "Petroleum Economist / World Oil / Gulf Energy Information / Global Energy Infrastructure",
    "geometry_source": "stroke",
    "georef_order": 2,
    "georef_source": "map's own coastline vector registered to Natural Earth 10m coastline+lakes by trimmed ICP",
    "georef_insample_rmse_km": 0.97,
    "georef_holdout_layer": "ne_10m_admin_0_countries vs the map's own border strokes",
    "georef_holdout_median_km": 1.45,
    "georef_holdout_rmse_km": 1.6,
    "drawn_feature_offset_median_km": 2.39,
    "accuracy_tier": "medium"
   },
   "geometry": {
    "type": "LineString",
    "coordinates": [
     [
      40.782812,
      35.196719
     ],
     [
      40.597133,
      35.022187
     ],
     [
      40.295953,
      34.596166
     ],
     [
      40.15108,
      34.379173
     ],
     [
      40.227121,
      34.596129
     ],
     [
      40.340773,
      35.219357
     ],
     [
      40.438382,
      35.365214
     ]
    ]
   }
  },
  {
   "type": "Feature",
   "properties": {
    "id": "ME2026-0203",
    "commodity": "oil",
    "status_class": "in_service",
    "name": null,
    "name_dist_pt": null,
    "name_ambiguous": null,
    "name_confidence": null,
    "commodity_conflict": null,
    "other_names": null,
    "diameter_in": null,
    "length_km": 81.2,
    "n_vertices": 4,
    "legend_class": "oil_in_service",
    "stroke_rgb": "#00922f",
    "dashed": false,
    "source_map": "me2026",
    "source_file": "../energy-map-of-the-middle-east-2026-peregrine-bush.pdf",
    "source_page": 1,
    "source_title": "Energy Infrastructure Map of the Middle East, 2026 edition",
    "source_publisher": "Petroleum Economist / World Oil / Gulf Energy Information / Global Energy Infrastructure",
    "geometry_source": "stroke",
    "georef_order": 2,
    "georef_source": "map's own coastline vector registered to Natural Earth 10m coastline+lakes by trimmed ICP",
    "georef_insample_rmse_km": 0.97,
    "georef_holdout_layer": "ne_10m_admin_0_countries vs the map's own border strokes",
    "georef_holdout_median_km": 1.45,
    "georef_holdout_rmse_km": 1.6,
    "drawn_feature_offset_median_km": 2.39,
    "accuracy_tier": "medium"
   },
   "geometry": {
    "type": "LineString",
    "coordinates": [
     [
      40.669933,
      35.365337
     ],
     [
      40.597133,
      35.022187
     ],
     [
      40.570264,
      35.165908
     ],
     [
      40.375158,
      35.342297
     ]
    ]
   }
  },
  {
   "type": "Feature",
   "properties": {
    "id": "ME2026-0204",
    "commodity": "oil",
    "status_class": "in_service",
    "name": null,
    "name_dist_pt": null,
    "name_ambiguous": null,
    "name_confidence": null,
    "commodity_conflict": null,
    "other_names": null,
    "diameter_in": null,
    "length_km": 55.89,
    "n_vertices": 5,
    "legend_class": "oil_in_service",
    "stroke_rgb": "#00922f",
    "dashed": false,
    "source_map": "me2026",
    "source_file": "../energy-map-of-the-middle-east-2026-peregrine-bush.pdf",
    "source_page": 1,
    "source_title": "Energy Infrastructure Map of the Middle East, 2026 edition",
    "source_publisher": "Petroleum Economist / World Oil / Gulf Energy Information / Global Energy Infrastructure",
    "geometry_source": "stroke",
    "georef_order": 2,
    "georef_source": "map's own coastline vector registered to Natural Earth 10m coastline+lakes by trimmed ICP",
    "georef_insample_rmse_km": 0.97,
    "georef_holdout_layer": "ne_10m_admin_0_countries vs the map's own border strokes",
    "georef_holdout_median_km": 1.45,
    "georef_holdout_rmse_km": 1.6,
    "drawn_feature_offset_median_km": 2.39,
    "accuracy_tier": "medium"
   },
   "geometry": {
    "type": "LineString",
    "coordinates": [
     [
      40.761489,
      34.922645
     ],
     [
      40.870543,
      34.901609
     ],
     [
      40.914684,
      34.974394
     ],
     [
      40.886021,
      35.060696
     ],
     [
      40.597133,
      35.022187
     ]
    ]
   }
  },
  {
   "type": "Feature",
   "properties": {
    "id": "ME2026-0205",
    "commodity": "oil",
    "status_class": "in_service",
    "name": null,
    "name_dist_pt": null,
    "name_ambiguous": null,
    "name_confidence": null,
    "commodity_conflict": null,
    "other_names": null,
    "diameter_in": null,
    "length_km": 11.21,
    "n_vertices": 2,
    "legend_class": "oil_in_service",
    "stroke_rgb": "#00922f",
    "dashed": false,
    "source_map": "me2026",
    "source_file": "../energy-map-of-the-middle-east-2026-peregrine-bush.pdf",
    "source_page": 1,
    "source_title": "Energy Infrastructure Map of the Middle East, 2026 edition",
    "source_publisher": "Petroleum Economist / World Oil / Gulf Energy Information / Global Energy Infrastructure",
    "geometry_source": "stroke",
    "georef_order": 2,
    "georef_source": "map's own coastline vector registered to Natural Earth 10m coastline+lakes by trimmed ICP",
    "georef_insample_rmse_km": 0.97,
    "georef_holdout_layer": "ne_10m_admin_0_countries vs the map's own border strokes",
    "georef_holdout_median_km": 1.45,
    "georef_holdout_rmse_km": 1.6,
    "drawn_feature_offset_median_km": 2.39,
    "accuracy_tier": "medium"
   },
   "geometry": {
    "type": "LineString",
    "coordinates": [
     [
      40.941365,
      34.819165
     ],
     [
      40.870543,
      34.901609
     ]
    ]
   }
  },
  {
   "type": "Feature",
   "properties": {
    "id": "ME2026-0206",
    "commodity": "oil",
    "status_class": "in_service",
    "name": null,
    "name_dist_pt": null,
    "name_ambiguous": null,
    "name_confidence": null,
    "commodity_conflict": null,
    "other_names": null,
    "diameter_in": null,
    "length_km": 8.13,
    "n_vertices": 2,
    "legend_class": "oil_in_service",
    "stroke_rgb": "#00922f",
    "dashed": false,
    "source_map": "me2026",
    "source_file": "../energy-map-of-the-middle-east-2026-peregrine-bush.pdf",
    "source_page": 1,
    "source_title": "Energy Infrastructure Map of the Middle East, 2026 edition",
    "source_publisher": "Petroleum Economist / World Oil / Gulf Energy Information / Global Energy Infrastructure",
    "geometry_source": "stroke",
    "georef_order": 2,
    "georef_source": "map's own coastline vector registered to Natural Earth 10m coastline+lakes by trimmed ICP",
    "georef_insample_rmse_km": 0.97,
    "georef_holdout_layer": "ne_10m_admin_0_countries vs the map's own border strokes",
    "georef_holdout_median_km": 1.45,
    "georef_holdout_rmse_km": 1.6,
    "drawn_feature_offset_median_km": 2.39,
    "accuracy_tier": "medium"
   },
   "geometry": {
    "type": "LineString",
    "coordinates": [
     [
      40.956745,
      34.882461
     ],
     [
      40.870542,
      34.90046
     ]
    ]
   }
  },
  {
   "type": "Feature",
   "properties": {
    "id": "ME2026-0207",
    "commodity": "oil",
    "status_class": "in_service",
    "name": null,
    "name_dist_pt": null,
    "name_ambiguous": null,
    "name_confidence": null,
    "commodity_conflict": null,
    "other_names": null,
    "diameter_in": null,
    "length_km": 28.97,
    "n_vertices": 3,
    "legend_class": "oil_in_service",
    "stroke_rgb": "#00922f",
    "dashed": false,
    "source_map": "me2026",
    "source_file": "../energy-map-of-the-middle-east-2026-peregrine-bush.pdf",
    "source_page": 1,
    "source_title": "Energy Infrastructure Map of the Middle East, 2026 edition",
    "source_publisher": "Petroleum Economist / World Oil / Gulf Energy Information / Global Energy Infrastructure",
    "geometry_source": "stroke",
    "georef_order": 2,
    "georef_source": "map's own coastline vector registered to Natural Earth 10m coastline+lakes by trimmed ICP",
    "georef_insample_rmse_km": 0.97,
    "georef_holdout_layer": "ne_10m_admin_0_countries vs the map's own border strokes",
    "georef_holdout_median_km": 1.45,
    "georef_holdout_rmse_km": 1.6,
    "drawn_feature_offset_median_km": 2.39,
    "accuracy_tier": "medium"
   },
   "geometry": {
    "type": "LineString",
    "coordinates": [
     [
      41.180779,
      34.890244
     ],
     [
      41.021927,
      34.926613
     ],
     [
      40.873935,
      34.897654
     ]
    ]
   }
  },
  {
   "type": "Feature",
   "properties": {
    "id": "ME2026-0208",
    "commodity": "oil",
    "status_class": "in_service",
    "name": null,
    "name_dist_pt": null,
    "name_ambiguous": null,
    "name_confidence": null,
    "commodity_conflict": null,
    "other_names": null,
    "diameter_in": null,
    "length_km": 10.86,
    "n_vertices": 2,
    "legend_class": "oil_in_service",
    "stroke_rgb": "#00922f",
    "dashed": false,
    "source_map": "me2026",
    "source_file": "../energy-map-of-the-middle-east-2026-peregrine-bush.pdf",
    "source_page": 1,
    "source_title": "Energy Infrastructure Map of the Middle East, 2026 edition",
    "source_publisher": "Petroleum Economist / World Oil / Gulf Energy Information / Global Energy Infrastructure",
    "geometry_source": "stroke",
    "georef_order": 2,
    "georef_source": "map's own coastline vector registered to Natural Earth 10m coastline+lakes by trimmed ICP",
    "georef_insample_rmse_km": 0.97,
    "georef_holdout_layer": "ne_10m_admin_0_countries vs the map's own border strokes",
    "georef_holdout_median_km": 1.45,
    "georef_holdout_rmse_km": 1.6,
    "drawn_feature_offset_median_km": 2.39,
    "accuracy_tier": "medium"
   },
   "geometry": {
    "type": "LineString",
    "coordinates": [
     [
      41.027582,
      34.828793
     ],
     [
      41.021927,
      34.926613
     ]
    ]
   }
  },
  {
   "type": "Feature",
   "properties": {
    "id": "ME2026-0209",
    "commodity": "oil",
    "status_class": "in_service",
    "name": "Strategic Pipeline",
    "name_dist_pt": 0.0,
    "name_ambiguous": false,
    "name_confidence": "high",
    "commodity_conflict": null,
    "other_names": null,
    "diameter_in": "42/42",
    "length_km": 1627.83,
    "n_vertices": 97,
    "legend_class": "oil_in_service",
    "stroke_rgb": "#00922f",
    "dashed": false,
    "source_map": "me2026",
    "source_file": "../energy-map-of-the-middle-east-2026-peregrine-bush.pdf",
    "source_page": 1,
    "source_title": "Energy Infrastructure Map of the Middle East, 2026 edition",
    "source_publisher": "Petroleum Economist / World Oil / Gulf Energy Information / Global Energy Infrastructure",
    "geometry_source": "stroke",
    "georef_order": 2,
    "georef_source": "map's own coastline vector registered to Natural Earth 10m coastline+lakes by trimmed ICP",
    "georef_insample_rmse_km": 0.97,
    "georef_holdout_layer": "ne_10m_admin_0_countries vs the map's own border strokes",
    "georef_holdout_median_km": 1.45,
    "georef_holdout_rmse_km": 1.6,
    "drawn_feature_offset_median_km": 2.39,
    "accuracy_tier": "medium"
   },
   "geometry": {
    "type": "LineString",
    "coordinates": [
     [
      40.675249,
      34.882317
     ],
     [
      40.801633,
      34.821006
     ],
     [
      40.736407,
      34.707927
     ],
     [
      40.52134,
      34.591674
     ],
     [
      40.15108,
      34.379173
     ],
     [
      40.728127,
      34.312885
     ],
     [
      40.868108,
      34.293873
     ],
     [
      41.226206,
      34.241048
     ],
     [
      41.414486,
      34.208467
     ],
     [
      41.618424,
      34.160002
     ],
     [
      41.889945,
      34.103713
     ],
     [
      42.071047,
      34.077087
     ],
     [
      42.18245,
      34.061442
     ],
     [
      42.23435,
      34.053405
     ],
     [
      42.306803,
      34.062766
     ],
     [
      42.352502,
      34.067831
     ],
     [
      42.359098,
      34.047541
     ],
     [
      42.368041,
      34.014293
     ],
     [
      42.4099,
      33.979279
     ],
     [
      42.462241,
      33.930451
     ],
     [
      42.490064,
      33.892345
     ],
     [
      42.521984,
      33.868315
     ],
     [
      42.589661,
      33.826402
     ],
     [
      42.663189,
      33.752776
     ],
     [
      42.714245,
      33.694738
     ],
     [
      42.76734,
      33.614194
     ],
     [
      42.790532,
      33.540294
     ],
     [
      42.849266,
      33.497348
     ],
     [
      42.995617,
      33.408419
     ],
     [
      43.094971,
      33.342715
     ],
     [
      43.32257,
      33.212371
     ],
     [
      43.46897,
      33.173546
     ],
     [
      43.507278,
      33.146697
     ],
     [
      43.592093,
      33.125769
     ],
     [
      43.644196,
      33.079225
     ],
     [
      43.810868,
      32.778264
     ],
     [
      43.909996,
      32.71206
     ],
     [
      43.949532,
      32.615913
     ],
     [
      44.10064,
      32.297294
     ],
     [
      44.199919,
      32.089412
     ],
     [
      44.20269,
      32.032894
     ],
     [
      44.299118,
      31.710681
     ],
     [
      44.325164,
      31.667734
     ],
     [
      44.431674,
      31.494583
     ],
     [
      44.555914,
      31.410466
     ],
     [
      44.81071,
      31.272783
     ],
     [
      44.981873,
      31.2639
     ],
     [
      45.086792,
      31.279548
     ],
     [
      45.249031,
      31.256153
     ],
     [
      45.462567,
      31.143412
     ],
     [
      45.605842,
      31.125575
     ],
     [
      46.018461,
      30.927608
     ],
     [
      46.064214,
      30.893727
     ],
     [
      46.459003,
      30.699086
     ],
     [
      46.659615,
      30.627651
     ],
     [
      47.286043,
      30.577503
     ],
     [
      47.307254,
      30.558521
     ],
     [
      46.656255,
      30.609779
     ],
     [
      46.456769,
      30.682328
     ],
     [
      46.056392,
      30.876967
     ],
     [
      46.00395,
      30.910859
     ],
     [
      45.596906,
      31.107702
     ],
     [
      45.452522,
      31.130003
     ],
     [
      45.232284,
      31.240516
     ],
     [
      45.08567,
      31.260575
     ],
     [
      45.045492,
      31.254975
     ],
     [
      44.972927,
      31.247139
     ],
     [
      44.807354,
      31.260501
     ],
     [
      44.542509,
      31.397068
     ],
     [
      44.413808,
      31.485648
     ],
     [
      44.282535,
      31.70344
     ],
     [
      44.181781,
      32.029354
     ],
     [
      44.178331,
      32.083633
     ],
     [
      44.078966,
      32.287656
     ],
     [
      43.932127,
      32.608926
     ],
     [
      43.895055,
      32.700342
     ],
     [
      43.797643,
      32.765324
     ],
     [
      43.631078,
      33.06424
     ],
     [
      43.585854,
      33.109504
     ],
     [
      43.501475,
      33.130371
     ],
     [
      43.464377,
      33.158225
     ],
     [
      43.317359,
      33.195331
     ],
     [
      43.098606,
      33.320113
     ],
     [
      42.988327,
      33.392286
     ],
     [
      42.8402,
      33.482497
     ],
     [
      42.776729,
      33.528926
     ],
     [
      42.751264,
      33.602063
     ],
     [
      42.700284,
      33.681858
     ],
     [
      42.651611,
      33.740804
     ],
     [
      42.57773,
      33.812723
     ],
     [
      42.511637,
      33.854492
     ],
     [
      42.480333,
      33.8777
     ],
     [
      42.450204,
      33.919482
     ],
     [
      42.398344,
      33.964753
     ],
     [
      42.35198,
      34.005077
     ],
     [
      42.341572,
      34.050353
     ],
     [
      42.347607,
      34.069209
     ]
    ]
   }
  },
  {
   "type": "Feature",
   "properties": {
    "id": "ME2026-0210",
    "commodity": "oil",
    "status_class": "in_service",
    "name": null,
    "name_dist_pt": null,
    "name_ambiguous": null,
    "name_confidence": null,
    "commodity_conflict": null,
    "other_names": null,
    "diameter_in": null,
    "length_km": 43.21,
    "n_vertices": 9,
    "legend_class": "oil_in_service",
    "stroke_rgb": "#00922f",
    "dashed": false,
    "source_map": "me2026",
    "source_file": "../energy-map-of-the-middle-east-2026-peregrine-bush.pdf",
    "source_page": 1,
    "source_title": "Energy Infrastructure Map of the Middle East, 2026 edition",
    "source_publisher": "Petroleum Economist / World Oil / Gulf Energy Information / Global Energy Infrastructure",
    "geometry_source": "stroke",
    "georef_order": 2,
    "georef_source": "map's own coastline vector registered to Natural Earth 10m coastline+lakes by trimmed ICP",
    "georef_insample_rmse_km": 0.97,
    "georef_holdout_layer": "ne_10m_admin_0_countries vs the map's own border strokes",
    "georef_holdout_median_km": 1.45,
    "georef_holdout_rmse_km": 1.6,
    "drawn_feature_offset_median_km": 2.39,
    "accuracy_tier": "medium"
   },
   "geometry": {
    "type": "LineString",
    "coordinates": [
     [
      40.708942,
      34.350145
     ],
     [
      40.781264,
      34.428799
     ],
     [
      40.784974,
      34.443637
     ],
     [
      40.792417,
      34.47054
     ],
     [
      40.799857,
      34.508576
     ],
     [
      40.79062,
      34.547512
     ],
     [
      40.767525,
      34.61962
     ],
     [
      40.759372,
      34.683
     ],
     [
      40.736407,
      34.707927
     ]
    ]
   }
  },
  {
   "type": "Feature",
   "properties": {
    "id": "ME2026-0211",
    "commodity": "oil",
    "status_class": "in_service",
    "name": null,
    "name_dist_pt": null,
    "name_ambiguous": null,
    "name_confidence": null,
    "commodity_conflict": null,
    "other_names": null,
    "diameter_in": null,
    "length_km": 609.08,
    "n_vertices": 77,
    "legend_class": "oil_in_service",
    "stroke_rgb": "#00922f",
    "dashed": false,
    "source_map": "me2026",
    "source_file": "../energy-map-of-the-middle-east-2026-peregrine-bush.pdf",
    "source_page": 1,
    "source_title": "Energy Infrastructure Map of the Middle East, 2026 edition",
    "source_publisher": "Petroleum Economist / World Oil / Gulf Energy Information / Global Energy Infrastructure",
    "geometry_source": "stroke",
    "georef_order": 2,
    "georef_source": "map's own coastline vector registered to Natural Earth 10m coastline+lakes by trimmed ICP",
    "georef_insample_rmse_km": 0.97,
    "georef_holdout_layer": "ne_10m_admin_0_countries vs the map's own border strokes",
    "georef_holdout_median_km": 1.45,
    "georef_holdout_rmse_km": 1.6,
    "drawn_feature_offset_median_km": 2.39,
    "accuracy_tier": "medium"
   },
   "geometry": {
    "type": "LineString",
    "coordinates": [
     [
      45.442447,
      34.044189
     ],
     [
      45.425355,
      34.028162
     ],
     [
      45.407193,
      34.019601
     ],
     [
      45.380475,
      34.004637
     ],
     [
      45.361237,
      33.996947
     ],
     [
      45.31638,
      33.985172
     ],
     [
      45.276645,
      33.979824
     ],
     [
      45.251006,
      33.968067
     ],
     [
      45.234979,
      33.952028
     ],
     [
      45.212547,
      33.941336
     ],
     [
      45.192236,
      33.935994
     ],
     [
      45.161277,
      33.93918
     ],
     [
      45.121753,
      33.939168
     ],
     [
      45.088431,
      33.922072
     ],
     [
      45.046761,
      33.900677
     ],
     [
      44.998699,
      33.88677
     ],
     [
      44.936734,
      33.863252
     ],
     [
      44.823278,
      33.798888
     ],
     [
      44.757028,
      33.751856
     ],
     [
      44.72712,
      33.73689
     ],
     [
      44.715129,
      33.713374
     ],
     [
      44.699091,
      33.680249
     ],
     [
      44.692672,
      33.668497
     ],
     [
      44.667035,
      33.654586
     ],
     [
      44.620042,
      33.641756
     ],
     [
      44.58692,
      33.627854
     ],
     [
      44.575168,
      33.616088
     ],
     [
      44.551652,
      33.576342
     ],
     [
      44.533486,
      33.558173
     ],
     [
      44.522549,
      33.504454
     ],
     [
      44.525919,
      33.437429
     ],
     [
      44.529081,
      33.39768
     ],
     [
      44.525866,
      33.369036
     ],
     [
      44.506406,
      33.349584
     ],
     [
      44.472218,
      33.315389
     ],
     [
      44.451911,
      33.295078
     ],
     [
      44.428397,
      33.271571
     ],
     [
      44.413451,
      33.25661
     ],
     [
      44.387811,
      33.251253
     ],
     [
      44.365394,
      33.255518
     ],
     [
      44.351522,
      33.269405
     ],
     [
      44.328896,
      33.283289
     ],
     [
      44.294728,
      33.290756
     ],
     [
      44.27018,
      33.290748
     ],
     [
      44.262701,
      33.298224
     ],
     [
      44.258453,
      33.326005
     ],
     [
      44.253132,
      33.356993
     ],
     [
      44.256394,
      33.417038
     ],
     [
      44.246815,
      33.461916
     ],
     [
      44.061046,
      33.758031
     ],
     [
      43.923304,
      34.006317
     ],
     [
      43.85614,
      34.129166
     ],
     [
      43.798544,
      34.210561
     ],
     [
      43.798559,
      34.228724
     ],
     [
      43.798579,
      34.252237
     ],
     [
      43.798595,
      34.2704
     ],
     [
      43.798621,
      34.300326
     ],
     [
      43.779429,
      34.325961
     ],
     [
      43.750418,
      34.363355
     ],
     [
      43.733379,
      34.416981
     ],
     [
      43.729144,
      34.455449
     ],
     [
      43.705701,
      34.499246
     ],
     [
      43.655572,
      34.569765
     ],
     [
      43.61319,
      34.648201
     ],
     [
      43.4094,
      34.932963
     ],
     [
      43.407093,
      34.973526
     ],
     [
      43.044319,
      35.591934
     ],
     [
      43.018498,
      35.656679
     ],
     [
      42.81962,
      36.082697
     ],
     [
      42.774526,
      36.220965
     ],
     [
      42.774592,
      36.282201
     ],
     [
      42.669002,
      36.529301
     ],
     [
      42.519296,
      36.713451
     ],
     [
      42.43007,
      36.857051
     ],
     [
      42.367202,
      36.864089
     ],
     [
      42.301359,
      36.880542
     ],
     [
      42.241405,
      36.908131
     ]
    ]
   }
  },
  {
   "type": "Feature",
   "properties": {
    "id": "ME2026-0212",
    "commodity": "oil",
    "status_class": "in_service",
    "name": "not in use",
    "name_dist_pt": 5.2,
    "name_ambiguous": false,
    "name_confidence": "high",
    "commodity_conflict": null,
    "other_names": null,
    "diameter_in": "16",
    "length_km": 673.35,
    "n_vertices": 41,
    "legend_class": "oil_in_service",
    "stroke_rgb": "#00922f",
    "dashed": false,
    "source_map": "me2026",
    "source_file": "../energy-map-of-the-middle-east-2026-peregrine-bush.pdf",
    "source_page": 1,
    "source_title": "Energy Infrastructure Map of the Middle East, 2026 edition",
    "source_publisher": "Petroleum Economist / World Oil / Gulf Energy Information / Global Energy Infrastructure",
    "geometry_source": "stroke",
    "georef_order": 2,
    "georef_source": "map's own coastline vector registered to Natural Earth 10m coastline+lakes by trimmed ICP",
    "georef_insample_rmse_km": 0.97,
    "georef_holdout_layer": "ne_10m_admin_0_countries vs the map's own border strokes",
    "georef_holdout_median_km": 1.45,
    "georef_holdout_rmse_km": 1.6,
    "drawn_feature_offset_median_km": 2.39,
    "accuracy_tier": "medium"
   },
   "geometry": {
    "type": "LineString",
    "coordinates": [
     [
      43.4094,
      34.932963
     ],
     [
      43.44472,
      34.961245
     ],
     [
      43.594809,
      35.129016
     ],
     [
      44.116113,
      35.385762
     ],
     [
      44.208438,
      35.408171
     ],
     [
      44.110251,
      35.401069
     ],
     [
      43.584244,
      35.14432
     ],
     [
      43.429444,
      34.968827
     ],
     [
      43.4094,
      34.932963
     ],
     [
      43.106553,
      34.677956
     ],
     [
      43.075184,
      34.643104
     ],
     [
      42.422542,
      34.12586
     ],
     [
      42.356678,
      34.074743
     ],
     [
      42.339855,
      34.064474
     ],
     [
      42.196838,
      34.035153
     ],
     [
      42.041739,
      33.99329
     ],
     [
      41.69469,
      33.89518
     ],
     [
      41.410326,
      33.772266
     ],
     [
      41.280665,
      33.710711
     ],
     [
      41.120703,
      33.640235
     ],
     [
      41.064769,
      33.606896
     ],
     [
      40.819821,
      33.473627
     ],
     [
      40.704991,
      33.408036
     ],
     [
      40.639514,
      33.372381
     ],
     [
      40.376604,
      33.214271
     ],
     [
      40.23699,
      33.131932
     ],
     [
      40.10989,
      33.05427
     ],
     [
      40.05498,
      32.975557
     ],
     [
      40.032511,
      32.948405
     ],
     [
      39.954596,
      32.946247
     ],
     [
      39.882375,
      32.946209
     ],
     [
      39.833257,
      32.946183
     ],
     [
      39.719759,
      32.941452
     ],
     [
      39.694779,
      32.93338
     ],
     [
      39.562403,
      32.896429
     ],
     [
      39.453763,
      32.864136
     ],
     [
      39.329245,
      32.824828
     ],
     [
      39.194761,
      32.78278
     ],
     [
      39.069193,
      32.756417
     ],
     [
      39.02261,
      32.740686
     ],
     [
      39.006514,
      32.734324
     ]
    ]
   }
  },
  {
   "type": "Feature",
   "properties": {
    "id": "ME2026-0213",
    "commodity": "oil",
    "status_class": "in_service",
    "name": null,
    "name_dist_pt": null,
    "name_ambiguous": null,
    "name_confidence": null,
    "commodity_conflict": null,
    "other_names": null,
    "diameter_in": null,
    "length_km": 117.54,
    "n_vertices": 8,
    "legend_class": "oil_in_service",
    "stroke_rgb": "#00922f",
    "dashed": false,
    "source_map": "me2026",
    "source_file": "../energy-map-of-the-middle-east-2026-peregrine-bush.pdf",
    "source_page": 1,
    "source_title": "Energy Infrastructure Map of the Middle East, 2026 edition",
    "source_publisher": "Petroleum Economist / World Oil / Gulf Energy Information / Global Energy Infrastructure",
    "geometry_source": "stroke",
    "georef_order": 2,
    "georef_source": "map's own coastline vector registered to Natural Earth 10m coastline+lakes by trimmed ICP",
    "georef_insample_rmse_km": 0.97,
    "georef_holdout_layer": "ne_10m_admin_0_countries vs the map's own border strokes",
    "georef_holdout_median_km": 1.45,
    "georef_holdout_rmse_km": 1.6,
    "drawn_feature_offset_median_km": 2.39,
    "accuracy_tier": "medium"
   },
   "geometry": {
    "type": "LineString",
    "coordinates": [
     [
      44.418261,
      35.260544
     ],
     [
      44.30959,
      35.37995
     ],
     [
      44.208438,
      35.408171
     ],
     [
      44.129052,
      35.373992
     ],
     [
      43.607737,
      35.11842
     ],
     [
      43.464712,
      34.954186
     ],
     [
      43.437635,
      34.935745
     ],
     [
      43.412849,
      34.935735
     ]
    ]
   }
  },
  {
   "type": "Feature",
   "properties": {
    "id": "ME2026-0214",
    "commodity": "oil",
    "status_class": "in_service",
    "name": null,
    "name_dist_pt": null,
    "name_ambiguous": null,
    "name_confidence": null,
    "commodity_conflict": null,
    "other_names": null,
    "diameter_in": null,
    "length_km": 134.85,
    "n_vertices": 9,
    "legend_class": "oil_in_service",
    "stroke_rgb": "#00922f",
    "dashed": false,
    "source_map": "me2026",
    "source_file": "../energy-map-of-the-middle-east-2026-peregrine-bush.pdf",
    "source_page": 1,
    "source_title": "Energy Infrastructure Map of the Middle East, 2026 edition",
    "source_publisher": "Petroleum Economist / World Oil / Gulf Energy Information / Global Energy Infrastructure",
    "geometry_source": "stroke",
    "georef_order": 2,
    "georef_source": "map's own coastline vector registered to Natural Earth 10m coastline+lakes by trimmed ICP",
    "georef_insample_rmse_km": 0.97,
    "georef_holdout_layer": "ne_10m_admin_0_countries vs the map's own border strokes",
    "georef_holdout_median_km": 1.45,
    "georef_holdout_rmse_km": 1.6,
    "drawn_feature_offset_median_km": 2.39,
    "accuracy_tier": "medium"
   },
   "geometry": {
    "type": "LineString",
    "coordinates": [
     [
      43.992862,
      35.655876
     ],
     [
      44.120986,
      35.542372
     ],
     [
      44.208438,
      35.408171
     ],
     [
      44.211998,
      35.43643
     ],
     [
      44.132766,
      35.555858
     ],
     [
      44.018741,
      35.657072
     ],
     [
      43.985904,
      35.7565
     ],
     [
      43.956493,
      35.754129
     ],
     [
      43.501109,
      36.059429
     ]
    ]
   }
  },
  {
   "type": "Feature",
   "properties": {
    "id": "ME2026-0215",
    "commodity": "oil",
    "status_class": "in_service",
    "name": null,
    "name_dist_pt": null,
    "name_ambiguous": null,
    "name_confidence": null,
    "commodity_conflict": null,
    "other_names": null,
    "diameter_in": null,
    "length_km": 22.03,
    "n_vertices": 3,
    "legend_class": "oil_in_service",
    "stroke_rgb": "#00922f",
    "dashed": false,
    "source_map": "me2026",
    "source_file": "../energy-map-of-the-middle-east-2026-peregrine-bush.pdf",
    "source_page": 1,
    "source_title": "Energy Infrastructure Map of the Middle East, 2026 edition",
    "source_publisher": "Petroleum Economist / World Oil / Gulf Energy Information / Global Energy Infrastructure",
    "geometry_source": "stroke",
    "georef_order": 2,
    "georef_source": "map's own coastline vector registered to Natural Earth 10m coastline+lakes by trimmed ICP",
    "georef_insample_rmse_km": 0.97,
    "georef_holdout_layer": "ne_10m_admin_0_countries vs the map's own border strokes",
    "georef_holdout_median_km": 1.45,
    "georef_holdout_rmse_km": 1.6,
    "drawn_feature_offset_median_km": 2.39,
    "accuracy_tier": "medium"
   },
   "geometry": {
    "type": "LineString",
    "coordinates": [
     [
      42.650867,
      37.133748
     ],
     [
      42.460943,
      37.106589
     ],
     [
      42.406414,
      37.101444
     ]
    ]
   }
  },
  {
   "type": "Feature",
   "properties": {
    "id": "ME2026-0216",
    "commodity": "oil",
    "status_class": "in_service",
    "name": null,
    "name_dist_pt": null,
    "name_ambiguous": null,
    "name_confidence": null,
    "commodity_conflict": null,
    "other_names": null,
    "diameter_in": null,
    "length_km": 864.35,
    "n_vertices": 122,
    "legend_class": "oil_in_service",
    "stroke_rgb": "#00922f",
    "dashed": false,
    "source_map": "me2026",
    "source_file": "../energy-map-of-the-middle-east-2026-peregrine-bush.pdf",
    "source_page": 1,
    "source_title": "Energy Infrastructure Map of the Middle East, 2026 edition",
    "source_publisher": "Petroleum Economist / World Oil / Gulf Energy Information / Global Energy Infrastructure",
    "geometry_source": "stroke",
    "georef_order": 2,
    "georef_source": "map's own coastline vector registered to Natural Earth 10m coastline+lakes by trimmed ICP",
    "georef_insample_rmse_km": 0.97,
    "georef_holdout_layer": "ne_10m_admin_0_countries vs the map's own border strokes",
    "georef_holdout_median_km": 1.45,
    "georef_holdout_rmse_km": 1.6,
    "drawn_feature_offset_median_km": 2.39,
    "accuracy_tier": "medium"
   },
   "geometry": {
    "type": "LineString",
    "coordinates": [
     [
      53.183153,
      36.58899
     ],
     [
      53.125393,
      36.579383
     ],
     [
      53.094759,
      36.567135
     ],
     [
      53.044436,
      36.548788
     ],
     [
      52.933252,
      36.489788
     ],
     [
      52.856197,
      36.447816
     ],
     [
      52.866644,
      36.406723
     ],
     [
      52.866624,
      36.390989
     ],
     [
      52.866597,
      36.36913
     ],
     [
      52.871829,
      36.349885
     ],
     [
      52.887543,
      36.326282
     ],
     [
      52.900648,
      36.307497
     ],
     [
      52.900624,
      36.289136
     ],
     [
      52.913715,
      36.269019
     ],
     [
      52.931174,
      36.235794
     ],
     [
      52.948653,
      36.218304
     ],
     [
      52.99412,
      36.191202
     ],
     [
      53.0457,
      36.160602
     ],
     [
      53.074946,
      36.129119
     ],
     [
      53.085409,
      36.089359
     ],
     [
      53.070501,
      36.070115
     ],
     [
      53.064366,
      36.055252
     ],
     [
      53.060825,
      36.02244
     ],
     [
      53.034112,
      35.99579
     ],
     [
      53.027975,
      35.979184
     ],
     [
      53.005158,
      35.920182
     ],
     [
      52.95259,
      35.865102
     ],
     [
      52.848888,
      35.827502
     ],
     [
      52.791963,
      35.783788
     ],
     [
      52.680818,
      35.747943
     ],
     [
      52.665908,
      35.725661
     ],
     [
      52.620857,
      35.704676
     ],
     [
      52.563982,
      35.700321
     ],
     [
      52.510606,
      35.694199
     ],
     [
      52.46644,
      35.683707
     ],
     [
      52.371921,
      35.66098
     ],
     [
      52.315048,
      35.6566
     ],
     [
      52.189549,
      35.669722
     ],
     [
      52.106449,
      35.674976
     ],
     [
      51.999352,
      35.71257
     ],
     [
      51.963505,
      35.729188
     ],
     [
      51.766287,
      35.747088
     ],
     [
      51.684528,
      35.754967
     ],
     [
      51.520939,
      35.737924
     ],
     [
      51.513944,
      35.730928
     ],
     [
      51.504287,
      35.703818
     ],
     [
      51.479293,
      35.639127
     ],
     [
      51.430217,
      35.562188
     ],
     [
      51.318326,
      35.612013
     ],
     [
      51.181534,
      35.672343
     ],
     [
      51.025501,
      35.738783
     ],
     [
      50.949455,
      35.777666
     ],
     [
      50.848523,
      35.830999
     ],
     [
      50.745398,
      35.901821
     ],
     [
      50.55183,
      36.013556
     ],
     [
      50.415954,
      36.095448
     ],
     [
      50.273948,
      36.171058
     ],
     [
      50.146314,
      36.235738
     ],
     [
      50.045402,
      36.273321
     ],
     [
      50.003515,
      36.289935
     ],
     [
      49.973728,
      36.292558
     ],
     [
      49.944423,
      36.273312
     ],
     [
      49.887548,
      36.237457
     ],
     [
      49.789513,
      36.166632
     ],
     [
      49.68233,
      36.096255
     ],
     [
      49.632449,
      36.05516
     ],
     [
      49.59744,
      36.030672
     ],
     [
      49.57031,
      36.016678
     ],
     [
      49.498233,
      36.049021
     ],
     [
      49.430931,
      36.076112
     ],
     [
      49.325646,
      36.120698
     ],
     [
      49.240879,
      36.156076
     ],
     [
      49.207668,
      36.177058
     ],
     [
      49.08757,
      36.270598
     ],
     [
      48.981471,
      36.358426
     ],
     [
      48.901981,
      36.419631
     ],
     [
      48.684935,
      36.589633
     ],
     [
      48.631646,
      36.627228
     ],
     [
      48.575304,
      36.65082
     ],
     [
      48.508032,
      36.68316
     ],
     [
      48.35469,
      36.742124
     ],
     [
      48.256831,
      36.785822
     ],
     [
      48.243808,
      36.813657
     ],
     [
      48.22053,
      36.847081
     ],
     [
      48.172284,
      36.906982
     ],
     [
      48.12093,
      36.968699
     ],
     [
      48.061872,
      37.041996
     ],
     [
      47.989229,
      37.127599
     ],
     [
      47.875001,
      37.281904
     ],
     [
      47.823653,
      37.353363
     ],
     [
      47.776638,
      37.368797
     ],
     [
      47.750939,
      37.380362
     ],
     [
      47.734272,
      37.4138
     ],
     [
      47.711185,
      37.461373
     ],
     [
      47.684203,
      37.471655
     ],
     [
      47.596051,
      37.489101
     ],
     [
      47.51122,
      37.509657
     ],
     [
      47.408926,
      37.527644
     ],
     [
      47.285548,
      37.557195
     ],
     [
      47.161422,
      37.586745
     ],
     [
      47.139579,
      37.602172
     ],
     [
      47.063788,
      37.647165
     ],
     [
      46.988536,
      37.696758
     ],
     [
      46.923035,
      37.744319
     ],
     [
      46.863965,
      37.78675
     ],
     [
      46.805431,
      37.831747
     ],
     [
      46.742487,
      37.872337
     ],
     [
      46.693699,
      37.921198
     ],
     [
      46.649281,
      37.944339
     ],
     [
      46.612014,
      37.959761
     ],
     [
      46.558056,
      37.977756
     ],
     [
      46.525917,
      37.981596
     ],
     [
      46.477086,
      37.988009
     ],
     [
      46.448061,
      37.995723
     ],
     [
      46.409493,
      37.995712
     ],
     [
      46.377394,
      38.011134
     ],
     [
      46.334983,
      38.022693
     ],
     [
      46.299008,
      38.034265
     ],
     [
      46.272566,
      38.045828
     ],
     [
      46.213433,
      38.045811
     ],
     [
      46.190326,
      38.062519
     ],
     [
      46.167946,
      38.062512
     ]
    ]
   }
  },
  {
   "type": "Feature",
   "properties": {
    "id": "ME2026-0217",
    "commodity": "oil",
    "status_class": "in_service",
    "name": null,
    "name_dist_pt": null,
    "name_ambiguous": null,
    "name_confidence": null,
    "commodity_conflict": null,
    "other_names": null,
    "diameter_in": null,
    "length_km": 31.51,
    "n_vertices": 7,
    "legend_class": "oil_in_service",
    "stroke_rgb": "#00922f",
    "dashed": false,
    "source_map": "me2026",
    "source_file": "../energy-map-of-the-middle-east-2026-peregrine-bush.pdf",
    "source_page": 1,
    "source_title": "Energy Infrastructure Map of the Middle East, 2026 edition",
    "source_publisher": "Petroleum Economist / World Oil / Gulf Energy Information / Global Energy Infrastructure",
    "geometry_source": "stroke",
    "georef_order": 2,
    "georef_source": "map's own coastline vector registered to Natural Earth 10m coastline+lakes by trimmed ICP",
    "georef_insample_rmse_km": 0.97,
    "georef_holdout_layer": "ne_10m_admin_0_countries vs the map's own border strokes",
    "georef_holdout_median_km": 1.45,
    "georef_holdout_rmse_km": 1.6,
    "drawn_feature_offset_median_km": 2.39,
    "accuracy_tier": "medium"
   },
   "geometry": {
    "type": "LineString",
    "coordinates": [
     [
      53.26527,
      36.85585
     ],
     [
      53.261732,
      36.808888
     ],
     [
      53.252924,
      36.760799
     ],
     [
      53.237479,
      36.648453
     ],
     [
      53.21383,
      36.634462
     ],
     [
      53.198055,
      36.610861
     ],
     [
      53.183528,
      36.58899
     ]
    ]
   }
  },
  {
   "type": "Feature",
   "properties": {
    "id": "ME2026-0218",
    "commodity": "oil",
    "status_class": "in_service",
    "name": null,
    "name_dist_pt": null,
    "name_ambiguous": null,
    "name_confidence": null,
    "commodity_conflict": null,
    "other_names": null,
    "diameter_in": null,
    "length_km": 189.09,
    "n_vertices": 16,
    "legend_class": "oil_in_service",
    "stroke_rgb": "#00922f",
    "dashed": false,
    "source_map": "me2026",
    "source_file": "../energy-map-of-the-middle-east-2026-peregrine-bush.pdf",
    "source_page": 1,
    "source_title": "Energy Infrastructure Map of the Middle East, 2026 edition",
    "source_publisher": "Petroleum Economist / World Oil / Gulf Energy Information / Global Energy Infrastructure",
    "geometry_source": "stroke",
    "georef_order": 2,
    "georef_source": "map's own coastline vector registered to Natural Earth 10m coastline+lakes by trimmed ICP",
    "georef_insample_rmse_km": 0.97,
    "georef_holdout_layer": "ne_10m_admin_0_countries vs the map's own border strokes",
    "georef_holdout_median_km": 1.45,
    "georef_holdout_rmse_km": 1.6,
    "drawn_feature_offset_median_km": 2.39,
    "accuracy_tier": "medium"
   },
   "geometry": {
    "type": "LineString",
    "coordinates": [
     [
      54.065492,
      39.608168
     ],
     [
      54.19433,
      39.653278
     ],
     [
      54.230073,
      39.649014
     ],
     [
      54.24368,
      39.60731
     ],
     [
      54.295692,
      39.537277
     ],
     [
      54.347738,
      39.494589
     ],
     [
      54.474838,
      39.438229
     ],
     [
      54.558247,
      39.237697
     ],
     [
      54.361975,
      39.319689
     ],
     [
      54.253489,
      39.341898
     ],
     [
      54.170752,
      39.344458
     ],
     [
      54.140023,
      39.362388
     ],
     [
      54.048125,
      39.596209
     ],
     [
      53.914517,
      39.839294
     ],
     [
      53.875037,
      39.967046
     ],
     [
      53.819264,
      40.015616
     ]
    ]
   }
  },
  {
   "type": "Feature",
   "properties": {
    "id": "ME2026-0219",
    "commodity": "oil",
    "status_class": "in_service",
    "name": null,
    "name_dist_pt": null,
    "name_ambiguous": null,
    "name_confidence": null,
    "commodity_conflict": null,
    "other_names": null,
    "diameter_in": null,
    "length_km": 176.81,
    "n_vertices": 22,
    "legend_class": "oil_in_service",
    "stroke_rgb": "#00922f",
    "dashed": false,
    "source_map": "me2026",
    "source_file": "../energy-map-of-the-middle-east-2026-peregrine-bush.pdf",
    "source_page": 1,
    "source_title": "Energy Infrastructure Map of the Middle East, 2026 edition",
    "source_publisher": "Petroleum Economist / World Oil / Gulf Energy Information / Global Energy Infrastructure",
    "geometry_source": "stroke",
    "georef_order": 2,
    "georef_source": "map's own coastline vector registered to Natural Earth 10m coastline+lakes by trimmed ICP",
    "georef_insample_rmse_km": 0.97,
    "georef_holdout_layer": "ne_10m_admin_0_countries vs the map's own border strokes",
    "georef_holdout_median_km": 1.45,
    "georef_holdout_rmse_km": 1.6,
    "drawn_feature_offset_median_km": 2.39,
    "accuracy_tier": "medium"
   },
   "geometry": {
    "type": "LineString",
    "coordinates": [
     [
      53.876385,
      39.961974
     ],
     [
      53.843742,
      39.921276
     ],
     [
      53.785637,
      39.838452
     ],
     [
      53.753039,
      39.766002
     ],
     [
      53.71626,
      39.641898
     ],
     [
      53.706633,
      39.607337
     ],
     [
      53.739086,
      39.593657
     ],
     [
      53.774067,
      39.562932
     ],
     [
      53.782562,
      39.550342
     ],
     [
      53.774836,
      39.507417
     ],
     [
      53.766146,
      39.423757
     ],
     [
      53.766122,
      39.409376
     ],
     [
      53.816512,
      39.393153
     ],
     [
      53.941076,
      39.363259
     ],
     [
      54.06992,
      39.34105
     ],
     [
      54.106658,
      39.338482
     ],
     [
      54.170752,
      39.344458
     ],
     [
      54.155409,
      39.370074
     ],
     [
      54.061809,
      39.608168
     ],
     [
      53.92992,
      39.850394
     ],
     [
      53.903583,
      39.934759
     ],
     [
      53.876385,
      39.961974
     ]
    ]
   }
  },
  {
   "type": "Feature",
   "properties": {
    "id": "ME2026-0220",
    "commodity": "oil",
    "status_class": "in_service",
    "name": null,
    "name_dist_pt": null,
    "name_ambiguous": null,
    "name_confidence": null,
    "commodity_conflict": null,
    "other_names": null,
    "diameter_in": null,
    "length_km": 164.88,
    "n_vertices": 19,
    "legend_class": "oil_in_service",
    "stroke_rgb": "#00922f",
    "dashed": false,
    "source_map": "me2026",
    "source_file": "../energy-map-of-the-middle-east-2026-peregrine-bush.pdf",
    "source_page": 1,
    "source_title": "Energy Infrastructure Map of the Middle East, 2026 edition",
    "source_publisher": "Petroleum Economist / World Oil / Gulf Energy Information / Global Energy Infrastructure",
    "geometry_source": "stroke",
    "georef_order": 2,
    "georef_source": "map's own coastline vector registered to Natural Earth 10m coastline+lakes by trimmed ICP",
    "georef_insample_rmse_km": 0.97,
    "georef_holdout_layer": "ne_10m_admin_0_countries vs the map's own border strokes",
    "georef_holdout_median_km": 1.45,
    "georef_holdout_rmse_km": 1.6,
    "drawn_feature_offset_median_km": 2.39,
    "accuracy_tier": "medium"
   },
   "geometry": {
    "type": "LineString",
    "coordinates": [
     [
      53.856158,
      38.058736
     ],
     [
      53.95276,
      38.097876
     ],
     [
      54.021854,
      38.112372
     ],
     [
      54.032123,
      38.118351
     ],
     [
      54.039847,
      38.147378
     ],
     [
      54.04332,
      38.18581
     ],
     [
      54.046796,
      38.225077
     ],
     [
      54.053698,
      38.263364
     ],
     [
      54.038418,
      38.33252
     ],
     [
      54.074436,
      38.414479
     ],
     [
      54.22246,
      38.510799
     ],
     [
      54.329125,
      38.548376
     ],
     [
      54.374567,
      38.642295
     ],
     [
      54.475403,
      38.730944
     ],
     [
      54.589967,
      38.772769
     ],
     [
      54.603547,
      38.802655
     ],
     [
      54.603714,
      38.907534
     ],
     [
      54.57349,
      39.149884
     ],
     [
      54.558247,
      39.237697
     ]
    ]
   }
  },
  {
   "type": "Feature",
   "properties": {
    "id": "ME2026-0221",
    "commodity": "oil",
    "status_class": "in_service",
    "name": null,
    "name_dist_pt": null,
    "name_ambiguous": null,
    "name_confidence": null,
    "commodity_conflict": null,
    "other_names": null,
    "diameter_in": null,
    "length_km": 149.25,
    "n_vertices": 23,
    "legend_class": "oil_in_service",
    "stroke_rgb": "#00922f",
    "dashed": false,
    "source_map": "me2026",
    "source_file": "../energy-map-of-the-middle-east-2026-peregrine-bush.pdf",
    "source_page": 1,
    "source_title": "Energy Infrastructure Map of the Middle East, 2026 edition",
    "source_publisher": "Petroleum Economist / World Oil / Gulf Energy Information / Global Energy Infrastructure",
    "geometry_source": "stroke",
    "georef_order": 2,
    "georef_source": "map's own coastline vector registered to Natural Earth 10m coastline+lakes by trimmed ICP",
    "georef_insample_rmse_km": 0.97,
    "georef_holdout_layer": "ne_10m_admin_0_countries vs the map's own border strokes",
    "georef_holdout_median_km": 1.45,
    "georef_holdout_rmse_km": 1.6,
    "drawn_feature_offset_median_km": 2.39,
    "accuracy_tier": "medium"
   },
   "geometry": {
    "type": "LineString",
    "coordinates": [
     [
      53.139512,
      39.45963
     ],
     [
      53.181359,
      39.451943
     ],
     [
      53.241583,
      39.452632
     ],
     [
      53.295673,
      39.43572
     ],
     [
      53.457827,
      39.414508
     ],
     [
      53.543295,
      39.428886
     ],
     [
      53.612532,
      39.450225
     ],
     [
      53.693576,
      39.454483
     ],
     [
      53.755157,
      39.496329
     ],
     [
      53.779726,
      39.534641
     ],
     [
      53.685055,
      39.473283
     ],
     [
      53.615134,
      39.470719
     ],
     [
      53.541619,
      39.448521
     ],
     [
      53.458723,
      39.436575
     ],
     [
      53.304246,
      39.456202
     ],
     [
      53.246325,
      39.471577
     ],
     [
      53.180543,
      39.471578
     ],
     [
      53.139516,
      39.462185
     ],
     [
      53.095953,
      39.464751
     ],
     [
      53.04741,
      39.473298
     ],
     [
      52.984197,
      39.480126
     ],
     [
      52.897106,
      39.512568
     ],
     [
      52.816885,
      39.479267
     ]
    ]
   }
  },
  {
   "type": "Feature",
   "properties": {
    "id": "ME2026-0222",
    "commodity": "oil",
    "status_class": "in_service",
    "name": "Ahwaz-Tehran Pipeline",
    "name_dist_pt": 0.0,
    "name_ambiguous": false,
    "name_confidence": "high",
    "commodity_conflict": null,
    "other_names": null,
    "diameter_in": "30/26",
    "length_km": 268.95,
    "n_vertices": 34,
    "legend_class": "oil_in_service",
    "stroke_rgb": "#00922f",
    "dashed": false,
    "source_map": "me2026",
    "source_file": "../energy-map-of-the-middle-east-2026-peregrine-bush.pdf",
    "source_page": 1,
    "source_title": "Energy Infrastructure Map of the Middle East, 2026 edition",
    "source_publisher": "Petroleum Economist / World Oil / Gulf Energy Information / Global Energy Infrastructure",
    "geometry_source": "stroke",
    "georef_order": 2,
    "georef_source": "map's own coastline vector registered to Natural Earth 10m coastline+lakes by trimmed ICP",
    "georef_insample_rmse_km": 0.97,
    "georef_holdout_layer": "ne_10m_admin_0_countries vs the map's own border strokes",
    "georef_holdout_median_km": 1.45,
    "georef_holdout_rmse_km": 1.6,
    "drawn_feature_offset_median_km": 2.39,
    "accuracy_tier": "medium"
   },
   "geometry": {
    "type": "LineString",
    "coordinates": [
     [
      51.428692,
      35.562865
     ],
     [
      51.40691,
      35.55259
     ],
     [
      51.386826,
      35.501902
     ],
     [
      51.260704,
      35.385858
     ],
     [
      51.203971,
      35.311775
     ],
     [
      51.14384,
      35.228991
     ],
     [
      51.023199,
      35.189303
     ],
     [
      50.972274,
      35.119566
     ],
     [
      50.90294,
      35.05277
     ],
     [
      50.876165,
      34.921093
     ],
     [
      50.832849,
      34.714382
     ],
     [
      50.826825,
      34.660817
     ],
     [
      50.821145,
      34.6229
     ],
     [
      50.787703,
      34.594822
     ],
     [
      50.623012,
      34.546866
     ],
     [
      50.482512,
      34.485393
     ],
     [
      50.42194,
      34.428764
     ],
     [
      50.351686,
      34.374034
     ],
     [
      50.227639,
      34.293682
     ],
     [
      50.112321,
      34.224464
     ],
     [
      50.029966,
      34.166345
     ],
     [
      49.973289,
      34.137308
     ],
     [
      49.926747,
      34.098095
     ],
     [
      49.894797,
      34.090832
     ],
     [
      49.805234,
      34.073411
     ],
     [
      49.751952,
      34.073407
     ],
     [
      49.680304,
      34.06856
     ],
     [
      49.654157,
      34.064686
     ],
     [
      49.615885,
      34.039027
     ],
     [
      49.585866,
      34.024502
     ],
     [
      49.548557,
      34.018218
     ],
     [
      49.510795,
      34.018215
     ],
     [
      49.499173,
      34.016265
     ],
     [
      49.490849,
      34.018685
     ]
    ]
   }
  },
  {
   "type": "Feature",
   "properties": {
    "id": "ME2026-0223",
    "commodity": "oil",
    "status_class": "in_service",
    "name": null,
    "name_dist_pt": null,
    "name_ambiguous": null,
    "name_confidence": null,
    "commodity_conflict": null,
    "other_names": null,
    "diameter_in": null,
    "length_km": 47.35,
    "n_vertices": 8,
    "legend_class": "oil_in_service",
    "stroke_rgb": "#00922f",
    "dashed": false,
    "source_map": "me2026",
    "source_file": "../energy-map-of-the-middle-east-2026-peregrine-bush.pdf",
    "source_page": 1,
    "source_title": "Energy Infrastructure Map of the Middle East, 2026 edition",
    "source_publisher": "Petroleum Economist / World Oil / Gulf Energy Information / Global Energy Infrastructure",
    "geometry_source": "stroke",
    "georef_order": 2,
    "georef_source": "map's own coastline vector registered to Natural Earth 10m coastline+lakes by trimmed ICP",
    "georef_insample_rmse_km": 0.97,
    "georef_holdout_layer": "ne_10m_admin_0_countries vs the map's own border strokes",
    "georef_holdout_median_km": 1.45,
    "georef_holdout_rmse_km": 1.6,
    "drawn_feature_offset_median_km": 2.39,
    "accuracy_tier": "medium"
   },
   "geometry": {
    "type": "LineString",
    "coordinates": [
     [
      49.450331,
      40.037639
     ],
     [
      49.371966,
      39.985841
     ],
     [
      49.350134,
      39.981164
     ],
     [
      49.309575,
      39.974911
     ],
     [
      49.20665,
      39.965536
     ],
     [
      49.128348,
      39.949931
     ],
     [
      49.087779,
      39.937443
     ],
     [
      48.929964,
      39.925006
     ]
    ]
   }
  },
  {
   "type": "Feature",
   "properties": {
    "id": "ME2026-0224",
    "commodity": "oil",
    "status_class": "in_service",
    "name": "Esfahan-Kerman Pipeline",
    "name_dist_pt": 39.1,
    "name_ambiguous": true,
    "name_confidence": "low",
    "commodity_conflict": null,
    "other_names": null,
    "diameter_in": "16",
    "length_km": 541.51,
    "n_vertices": 47,
    "legend_class": "oil_in_service",
    "stroke_rgb": "#00922f",
    "dashed": false,
    "source_map": "me2026",
    "source_file": "../energy-map-of-the-middle-east-2026-peregrine-bush.pdf",
    "source_page": 1,
    "source_title": "Energy Infrastructure Map of the Middle East, 2026 edition",
    "source_publisher": "Petroleum Economist / World Oil / Gulf Energy Information / Global Energy Infrastructure",
    "geometry_source": "stroke",
    "georef_order": 2,
    "georef_source": "map's own coastline vector registered to Natural Earth 10m coastline+lakes by trimmed ICP",
    "georef_insample_rmse_km": 0.97,
    "georef_holdout_layer": "ne_10m_admin_0_countries vs the map's own border strokes",
    "georef_holdout_median_km": 1.45,
    "georef_holdout_rmse_km": 1.6,
    "drawn_feature_offset_median_km": 2.39,
    "accuracy_tier": "medium"
   },
   "geometry": {
    "type": "LineString",
    "coordinates": [
     [
      55.859209,
      30.368297
     ],
     [
      55.817812,
      30.372701
     ],
     [
      55.726159,
      30.416711
     ],
     [
      55.663652,
      30.451033
     ],
     [
      55.404818,
      30.729248
     ],
     [
      55.228736,
      30.960733
     ],
     [
      55.186491,
      30.995049
     ],
     [
      55.027089,
      31.118236
     ],
     [
      54.961874,
      31.183439
     ],
     [
      54.821973,
      31.343651
     ],
     [
      54.674949,
      31.513545
     ],
     [
      54.484719,
      31.612993
     ],
     [
      54.476258,
      31.687042
     ],
     [
      54.461442,
      31.749718
     ],
     [
      54.442066,
      31.835424
     ],
     [
      54.426089,
      31.883941
     ],
     [
      54.41581,
      31.906803
     ],
     [
      54.364977,
      31.929659
     ],
     [
      54.282653,
      31.955945
     ],
     [
      54.250637,
      31.969661
     ],
     [
      54.026083,
      32.127899
     ],
     [
      53.977553,
      32.163328
     ],
     [
      53.929615,
      32.287255
     ],
     [
      53.882757,
      32.322683
     ],
     [
      53.775926,
      32.379842
     ],
     [
      53.62731,
      32.433544
     ],
     [
      53.56848,
      32.459231
     ],
     [
      53.49306,
      32.515222
     ],
     [
      53.33596,
      32.626068
     ],
     [
      53.218871,
      32.713455
     ],
     [
      53.169729,
      32.746582
     ],
     [
      53.132024,
      32.784295
     ],
     [
      53.094295,
      32.778587
     ],
     [
      53.041131,
      32.752319
     ],
     [
      52.980512,
      32.730614
     ],
     [
      52.915329,
      32.70891
     ],
     [
      52.878732,
      32.708913
     ],
     [
      52.802746,
      32.715782
     ],
     [
      52.735306,
      32.729498
     ],
     [
      52.665573,
      32.738641
     ],
     [
      52.581556,
      32.723799
     ],
     [
      52.509524,
      32.71808
     ],
     [
      52.402655,
      32.712375
     ],
     [
      52.157462,
      32.698679
     ],
     [
      51.961425,
      32.682703
     ],
     [
      51.764324,
      32.748979
     ],
     [
      51.518066,
      32.776481
     ]
    ]
   }
  },
  {
   "type": "Feature",
   "properties": {
    "id": "ME2026-0225",
    "commodity": "oil",
    "status_class": "in_service",
    "name": null,
    "name_dist_pt": null,
    "name_ambiguous": null,
    "name_confidence": null,
    "commodity_conflict": null,
    "other_names": null,
    "diameter_in": null,
    "length_km": 96.35,
    "n_vertices": 13,
    "legend_class": "oil_in_service",
    "stroke_rgb": "#00922f",
    "dashed": false,
    "source_map": "me2026",
    "source_file": "../energy-map-of-the-middle-east-2026-peregrine-bush.pdf",
    "source_page": 1,
    "source_title": "Energy Infrastructure Map of the Middle East, 2026 edition",
    "source_publisher": "Petroleum Economist / World Oil / Gulf Energy Information / Global Energy Infrastructure",
    "geometry_source": "stroke",
    "georef_order": 2,
    "georef_source": "map's own coastline vector registered to Natural Earth 10m coastline+lakes by trimmed ICP",
    "georef_insample_rmse_km": 0.97,
    "georef_holdout_layer": "ne_10m_admin_0_countries vs the map's own border strokes",
    "georef_holdout_median_km": 1.45,
    "georef_holdout_rmse_km": 1.6,
    "drawn_feature_offset_median_km": 2.39,
    "accuracy_tier": "medium"
   },
   "geometry": {
    "type": "LineString",
    "coordinates": [
     [
      56.802997,
      30.204933
     ],
     [
      56.683053,
      30.258903
     ],
     [
      56.572981,
      30.302923
     ],
     [
      56.473378,
      30.341736
     ],
     [
      56.456629,
      30.337348
     ],
     [
      56.384404,
      30.325921
     ],
     [
      56.295889,
      30.322147
     ],
     [
      56.161421,
      30.326686
     ],
     [
      56.141118,
      30.333032
     ],
     [
      56.053928,
      30.332257
     ],
     [
      55.961858,
      30.334061
     ],
     [
      55.915575,
      30.373558
     ],
     [
      55.859584,
      30.368297
     ]
    ]
   }
  },
  {
   "type": "Feature",
   "properties": {
    "id": "ME2026-0226",
    "commodity": "oil",
    "status_class": "in_service",
    "name": null,
    "name_dist_pt": null,
    "name_ambiguous": null,
    "name_confidence": null,
    "commodity_conflict": null,
    "other_names": null,
    "diameter_in": null,
    "length_km": 607.28,
    "n_vertices": 117,
    "legend_class": "oil_in_service",
    "stroke_rgb": "#00922f",
    "dashed": false,
    "source_map": "me2026",
    "source_file": "../energy-map-of-the-middle-east-2026-peregrine-bush.pdf",
    "source_page": 1,
    "source_title": "Energy Infrastructure Map of the Middle East, 2026 edition",
    "source_publisher": "Petroleum Economist / World Oil / Gulf Energy Information / Global Energy Infrastructure",
    "geometry_source": "stroke",
    "georef_order": 2,
    "georef_source": "map's own coastline vector registered to Natural Earth 10m coastline+lakes by trimmed ICP",
    "georef_insample_rmse_km": 0.97,
    "georef_holdout_layer": "ne_10m_admin_0_countries vs the map's own border strokes",
    "georef_holdout_median_km": 1.45,
    "georef_holdout_rmse_km": 1.6,
    "drawn_feature_offset_median_km": 2.39,
    "accuracy_tier": "medium"
   },
   "geometry": {
    "type": "LineString",
    "coordinates": [
     [
      48.64645,
      32.664361
     ],
     [
      48.642357,
      32.645011
     ],
     [
      48.642342,
      32.625541
     ],
     [
      48.648435,
      32.601098
     ],
     [
      48.648416,
      32.575637
     ],
     [
      48.660622,
      32.553228
     ],
     [
      48.691149,
      32.530832
     ],
     [
      48.711521,
      32.521674
     ],
     [
      48.743076,
      32.513521
     ],
     [
      48.77566,
      32.506397
     ],
     [
      48.807363,
      32.502335
     ],
     [
      48.828745,
      32.499275
     ],
     [
      48.850118,
      32.485022
     ],
     [
      48.876582,
      32.465676
     ],
     [
      48.892879,
      32.459566
     ],
     [
      48.917319,
      32.451425
     ],
     [
      48.95091,
      32.446333
     ],
     [
      48.969244,
      32.446335
     ],
     [
      48.98973,
      32.425838
     ],
     [
      49.012123,
      32.398359
     ],
     [
      49.035523,
      32.374922
     ],
     [
      49.060975,
      32.359653
     ],
     [
      49.072167,
      32.339288
     ],
     [
      49.080302,
      32.326062
     ],
     [
      49.083343,
      32.313841
     ],
     [
      49.076196,
      32.287351
     ],
     [
      49.064975,
      32.268001
     ],
     [
      49.070056,
      32.248531
     ],
     [
      49.075134,
      32.224088
     ],
     [
      49.081232,
      32.20474
     ],
     [
      49.086316,
      32.189469
     ],
     [
      49.086299,
      32.165025
     ],
     [
      49.079153,
      32.140581
     ],
     [
      49.07914,
      32.121232
     ],
     [
      49.083196,
      32.106978
     ],
     [
      49.107637,
      32.098836
     ],
     [
      49.126986,
      32.095788
     ],
     [
      49.146331,
      32.085601
     ],
     [
      49.168721,
      32.070332
     ],
     [
      49.168716,
      32.063071
     ],
     [
      49.151406,
      32.057975
     ],
     [
      49.135092,
      32.039642
     ],
     [
      49.135081,
      32.02437
     ],
     [
      49.127943,
      32.009341
     ],
     [
      49.128947,
      31.990766
     ],
     [
      49.134031,
      31.974479
     ],
     [
      49.14523,
      31.963275
     ],
     [
      49.145214,
      31.940877
     ],
     [
      49.142142,
      31.925593
     ],
     [
      49.132953,
      31.902178
     ],
     [
      49.123776,
      31.879767
     ],
     [
      49.116646,
      31.858263
     ],
     [
      49.113568,
      31.833808
     ],
     [
      49.13085,
      31.797157
     ],
     [
      49.159356,
      31.76865
     ],
     [
      49.055421,
      31.692263
     ],
     [
      49.016568,
      31.664804
     ],
     [
      48.898769,
      31.569213
     ],
     [
      48.824811,
      31.502183
     ],
     [
      48.775735,
      31.455411
     ],
     [
      48.729694,
      31.422893
     ],
     [
      48.697173,
      31.415001
     ],
     [
      48.664626,
      31.383464
     ],
     [
      48.652825,
      31.419074
     ],
     [
      48.616109,
      31.650442
     ],
     [
      48.583505,
      31.683061
     ],
     [
      48.552982,
      31.7136
     ],
     [
      48.500131,
      31.871566
     ],
     [
      48.476787,
      31.978484
     ],
     [
      48.435161,
      32.174134
     ],
     [
      48.388273,
      32.299504
     ],
     [
      48.28867,
      32.563373
     ],
     [
      48.258174,
      32.641783
     ],
     [
      48.251081,
      32.687741
     ],
     [
      48.23584,
      32.726426
     ],
     [
      48.151213,
      32.764097
     ],
     [
      48.128839,
      32.794649
     ],
     [
      48.115639,
      32.843644
     ],
     [
      48.127885,
      32.876233
     ],
     [
      48.114665,
      32.899659
     ],
     [
      48.11468,
      32.919008
     ],
     [
      48.134059,
      32.95771
     ],
     [
      48.190076,
      32.978084
     ],
     [
      48.210592,
      33.001514
     ],
     [
      48.214695,
      33.033207
     ],
     [
      48.238147,
      33.064782
     ],
     [
      48.235099,
      33.082086
     ],
     [
      48.180002,
      33.10754
     ],
     [
      48.142381,
      33.181884
     ],
     [
      48.119991,
      33.192058
     ],
     [
      48.123054,
      33.209363
     ],
     [
      48.160743,
      33.219569
     ],
     [
      48.209764,
      33.235985
     ],
     [
      48.22506,
      33.267572
     ],
     [
      48.211849,
      33.284874
     ],
     [
      48.211861,
      33.300146
     ],
     [
      48.221041,
      33.323575
     ],
     [
      48.16086,
      33.362267
     ],
     [
      48.149666,
      33.375504
     ],
     [
      48.164964,
      33.392944
     ],
     [
      48.197566,
      33.425537
     ],
     [
      48.248631,
      33.440816
     ],
     [
      48.301571,
      33.425552
     ],
     [
      48.333139,
      33.435733
     ],
     [
      48.436157,
      33.467319
     ],
     [
      48.511543,
      33.505013
     ],
     [
      48.632837,
      33.479566
     ],
     [
      48.708215,
      33.490781
     ],
     [
      48.757122,
      33.509121
     ],
     [
      48.862181,
      33.554961
     ],
     [
      48.90699,
      33.548854
     ],
     [
      48.927368,
      33.561079
     ],
     [
      48.953922,
      33.645611
     ],
     [
      49.063121,
      33.754706
     ],
     [
      49.157841,
      33.760839
     ],
     [
      49.293502,
      33.829202
     ],
     [
      49.487516,
      34.014522
     ]
    ]
   }
  },
  {
   "type": "Feature",
   "properties": {
    "id": "ME2026-0227",
    "commodity": "oil",
    "status_class": "in_service",
    "name": null,
    "name_dist_pt": null,
    "name_ambiguous": null,
    "name_confidence": null,
    "commodity_conflict": null,
    "other_names": null,
    "diameter_in": null,
    "length_km": 811.52,
    "n_vertices": 113,
    "legend_class": "oil_in_service",
    "stroke_rgb": "#00922f",
    "dashed": false,
    "source_map": "me2026",
    "source_file": "../energy-map-of-the-middle-east-2026-peregrine-bush.pdf",
    "source_page": 1,
    "source_title": "Energy Infrastructure Map of the Middle East, 2026 edition",
    "source_publisher": "Petroleum Economist / World Oil / Gulf Energy Information / Global Energy Infrastructure",
    "geometry_source": "stroke",
    "georef_order": 2,
    "georef_source": "map's own coastline vector registered to Natural Earth 10m coastline+lakes by trimmed ICP",
    "georef_insample_rmse_km": 0.97,
    "georef_holdout_layer": "ne_10m_admin_0_countries vs the map's own border strokes",
    "georef_holdout_median_km": 1.45,
    "georef_holdout_rmse_km": 1.6,
    "drawn_feature_offset_median_km": 2.39,
    "accuracy_tier": "medium"
   },
   "geometry": {
    "type": "LineString",
    "coordinates": [
     [
      51.429067,
      35.562865
     ],
     [
      51.402956,
      35.492995
     ],
     [
      51.271439,
      35.370742
     ],
     [
      51.218975,
      35.303062
     ],
     [
      51.151563,
      35.216901
     ],
     [
      51.030932,
      35.175749
     ],
     [
      50.985825,
      35.111349
     ],
     [
      50.916997,
      35.0431
     ],
     [
      50.891175,
      34.919629
     ],
     [
      50.850763,
      34.710994
     ],
     [
      50.845387,
      34.663069
     ],
     [
      50.839526,
      34.614671
     ],
     [
      50.790605,
      34.579815
     ],
     [
      50.627841,
      34.533808
     ],
     [
      50.491211,
      34.468462
     ],
     [
      50.433474,
      34.414569
     ],
     [
      50.363196,
      34.35927
     ],
     [
      50.234255,
      34.275553
     ],
     [
      50.122159,
      34.208235
     ],
     [
      50.040457,
      34.150044
     ],
     [
      49.983707,
      34.120536
     ],
     [
      49.937092,
      34.081081
     ],
     [
      49.896365,
      34.07234
     ],
     [
      49.807637,
      34.054266
     ],
     [
      49.752552,
      34.055097
     ],
     [
      49.684608,
      34.050311
     ],
     [
      49.659876,
      34.04594
     ],
     [
      49.625577,
      34.022884
     ],
     [
      49.592531,
      34.0071
     ],
     [
      49.550936,
      33.999412
     ],
     [
      49.51459,
      33.99982
     ],
     [
      49.497547,
      33.997907
     ],
     [
      49.482708,
      33.985066
     ],
     [
      49.303715,
      33.813568
     ],
     [
      49.163599,
      33.744127
     ],
     [
      49.070838,
      33.736675
     ],
     [
      48.969863,
      33.635351
     ],
     [
      48.94268,
      33.549536
     ],
     [
      48.910507,
      33.529662
     ],
     [
      48.863859,
      33.53503
     ],
     [
      48.765699,
      33.491199
     ],
     [
      48.713354,
      33.47102
     ],
     [
      48.632336,
      33.45966
     ],
     [
      48.513763,
      33.48392
     ],
     [
      48.443439,
      33.449555
     ],
     [
      48.341208,
      33.418647
     ],
     [
      48.298324,
      33.406589
     ],
     [
      48.248856,
      33.420208
     ],
     [
      48.206917,
      33.408149
     ],
     [
      48.177815,
      33.379138
     ],
     [
      48.176878,
      33.372833
     ],
     [
      48.203654,
      33.354552
     ],
     [
      48.241834,
      33.329024
     ],
     [
      48.232044,
      33.298443
     ],
     [
      48.233934,
      33.286789
     ],
     [
      48.246214,
      33.269135
     ],
     [
      48.224103,
      33.221781
     ],
     [
      48.174526,
      33.205377
     ],
     [
      48.143956,
      33.199382
     ],
     [
      48.148356,
      33.194022
     ],
     [
      48.157801,
      33.187416
     ],
     [
      48.194001,
      33.121845
     ],
     [
      48.249534,
      33.096017
     ],
     [
      48.257384,
      33.060707
     ],
     [
      48.234038,
      33.025961
     ],
     [
      48.228966,
      32.993179
     ],
     [
      48.200808,
      32.96164
     ],
     [
      48.149099,
      32.941775
     ],
     [
      48.135525,
      32.913094
     ],
     [
      48.135215,
      32.903631
     ],
     [
      48.147791,
      32.876853
     ],
     [
      48.137359,
      32.843743
     ],
     [
      48.147733,
      32.801125
     ],
     [
      48.165987,
      32.778753
     ],
     [
      48.249573,
      32.741239
     ],
     [
      48.269708,
      32.692705
     ],
     [
      48.277237,
      32.647315
     ],
     [
      48.307754,
      32.565929
     ],
     [
      48.404411,
      32.309597
     ],
     [
      48.453812,
      32.179339
     ],
     [
      48.49591,
      31.983217
     ],
     [
      48.519168,
      31.874484
     ],
     [
      48.569965,
      31.72264
     ],
     [
      48.604491,
      31.68719
     ],
     [
      48.63407,
      31.655731
     ],
     [
      48.671232,
      31.42175
     ],
     [
      48.664626,
      31.383464
     ],
     [
      48.681384,
      31.380513
     ],
     [
      48.795128,
      31.306603
     ],
     [
      49.099145,
      31.324366
     ],
     [
      49.306585,
      31.337194
     ],
     [
      49.329274,
      31.351982
     ],
     [
      49.349986,
      31.378592
     ],
     [
      49.378053,
      31.400265
     ],
     [
      49.441164,
      31.451514
     ],
     [
      49.458911,
      31.458412
     ],
     [
      49.499321,
      31.456454
     ],
     [
      49.484544,
      31.477061
     ],
     [
      49.465834,
      31.497304
     ],
     [
      49.434314,
      31.528836
     ],
     [
      49.388983,
      31.556434
     ],
     [
      49.360941,
      31.575152
     ],
     [
      49.327462,
      31.608656
     ],
     [
      49.312683,
      31.623442
     ],
     [
      49.288051,
      31.637235
     ],
     [
      49.27328,
      31.646104
     ],
     [
      49.241754,
      31.666793
     ],
     [
      49.228685,
      31.687835
     ],
     [
      49.215454,
      31.701447
     ],
     [
      49.20833,
      31.708574
     ],
     [
      49.208341,
      31.724861
     ],
     [
      49.192046,
      31.735932
     ],
     [
      49.159356,
      31.76865
     ]
    ]
   }
  },
  {
   "type": "Feature",
   "properties": {
    "id": "ME2026-0228",
    "commodity": "oil",
    "status_class": "in_service",
    "name": null,
    "name_dist_pt": null,
    "name_ambiguous": null,
    "name_confidence": null,
    "commodity_conflict": null,
    "other_names": null,
    "diameter_in": "8",
    "length_km": 425.99,
    "n_vertices": 166,
    "legend_class": "oil_in_service",
    "stroke_rgb": "#00922f",
    "dashed": false,
    "source_map": "me2026",
    "source_file": "../energy-map-of-the-middle-east-2026-peregrine-bush.pdf",
    "source_page": 1,
    "source_title": "Energy Infrastructure Map of the Middle East, 2026 edition",
    "source_publisher": "Petroleum Economist / World Oil / Gulf Energy Information / Global Energy Infrastructure",
    "geometry_source": "stroke",
    "georef_order": 2,
    "georef_source": "map's own coastline vector registered to Natural Earth 10m coastline+lakes by trimmed ICP",
    "georef_insample_rmse_km": 0.97,
    "georef_holdout_layer": "ne_10m_admin_0_countries vs the map's own border strokes",
    "georef_holdout_median_km": 1.45,
    "georef_holdout_rmse_km": 1.6,
    "drawn_feature_offset_median_km": 2.39,
    "accuracy_tier": "medium"
   },
   "geometry": {
    "type": "LineString",
    "coordinates": [
     [
      45.490984,
      34.001751
     ],
     [
      45.496888,
      34.018235
     ],
     [
      45.50397,
      34.03945
     ],
     [
      45.509485,
      34.052811
     ],
     [
      45.5095,
      34.07008
     ],
     [
      45.515009,
      34.091295
     ],
     [
      45.52366,
      34.107791
     ],
     [
      45.538586,
      34.122716
     ],
     [
      45.559013,
      34.134508
     ],
     [
      45.581785,
      34.144716
     ],
     [
      45.591216,
      34.154145
     ],
     [
      45.595943,
      34.180067
     ],
     [
      45.588896,
      34.198532
     ],
     [
      45.58343,
      34.227598
     ],
     [
      45.592875,
      34.252735
     ],
     [
      45.59918,
      34.284151
     ],
     [
      45.604712,
      34.328928
     ],
     [
      45.615735,
      34.360346
     ],
     [
      45.627534,
      34.380764
     ],
     [
      45.622831,
      34.396882
     ],
     [
      45.625207,
      34.415725
     ],
     [
      45.633074,
      34.434581
     ],
     [
      45.62053,
      34.459712
     ],
     [
      45.612699,
      34.480923
     ],
     [
      45.59467,
      34.498974
     ],
     [
      45.597823,
      34.521762
     ],
     [
      45.621373,
      34.521768
     ],
     [
      45.662976,
      34.516274
     ],
     [
      45.684954,
      34.51628
     ],
     [
      45.709697,
      34.510792
     ],
     [
      45.733243,
      34.506079
     ],
     [
      45.756778,
      34.489591
     ],
     [
      45.776402,
      34.481743
     ],
     [
      45.798375,
      34.476255
     ],
     [
      45.817222,
      34.478619
     ],
     [
      45.830552,
      34.465263
     ],
     [
      45.849386,
      34.452707
     ],
     [
      45.86508,
      34.445632
     ],
     [
      45.891384,
      34.440931
     ],
     [
      45.909427,
      34.42288
     ],
     [
      45.928256,
      34.404031
     ],
     [
      45.950207,
      34.373784
     ],
     [
      45.976093,
      34.347869
     ],
     [
      45.992572,
      34.338446
     ],
     [
      46.004321,
      34.316461
     ],
     [
      46.014516,
      34.300756
     ],
     [
      46.045127,
      34.282309
     ],
     [
      46.094158,
      34.233226
     ],
     [
      46.110636,
      34.223017
     ],
     [
      46.13262,
      34.214382
     ],
     [
      46.15695,
      34.205748
     ],
     [
      46.18677,
      34.19398
     ],
     [
      46.212667,
      34.177868
     ],
     [
      46.23149,
      34.165311
     ],
     [
      46.25112,
      34.16217
     ],
     [
      46.274297,
      34.162175
     ],
     [
      46.301781,
      34.162182
     ],
     [
      46.341813,
      34.166112
     ],
     [
      46.370088,
      34.171625
     ],
     [
      46.38972,
      34.169282
     ],
     [
      46.421895,
      34.152784
     ],
     [
      46.450143,
      34.141003
     ],
     [
      46.463105,
      34.133939
     ],
     [
      46.48665,
      34.12453
     ],
     [
      46.510201,
      34.122175
     ],
     [
      46.548675,
      34.113544
     ],
     [
      46.582434,
      34.108832
     ],
     [
      46.611503,
      34.121412
     ],
     [
      46.613861,
      34.133199
     ],
     [
      46.655497,
      34.15677
     ],
     [
      46.664547,
      34.171693
     ],
     [
      46.686602,
      34.239648
     ],
     [
      46.707029,
      34.24672
     ],
     [
      46.777705,
      34.260882
     ],
     [
      46.897477,
      34.289963
     ],
     [
      47.030405,
      34.295207
     ],
     [
      47.034126,
      34.30334
     ],
     [
      47.042781,
      34.32101
     ],
     [
      47.059686,
      34.337908
     ],
     [
      47.083263,
      34.361486
     ],
     [
      47.10368,
      34.35521
     ],
     [
      47.109167,
      34.335945
     ],
     [
      47.091075,
      34.317874
     ],
     [
      47.079159,
      34.305951
     ],
     [
      47.065138,
      34.28137
     ],
     [
      47.045485,
      34.261713
     ],
     [
      47.049406,
      34.249927
     ],
     [
      47.058817,
      34.235589
     ],
     [
      47.086836,
      34.207531
     ],
     [
      47.107455,
      34.184349
     ],
     [
      47.107433,
      34.160013
     ],
     [
      47.093277,
      34.145863
     ],
     [
      47.090894,
      34.119941
     ],
     [
      47.099537,
      34.111303
     ],
     [
      47.12073,
      34.107386
     ],
     [
      47.145853,
      34.101111
     ],
     [
      47.163906,
      34.089327
     ],
     [
      47.18429,
      34.060276
     ],
     [
      47.19214,
      34.044558
     ],
     [
      47.20233,
      34.034358
     ],
     [
      47.215682,
      34.028854
     ],
     [
      47.227447,
      34.020628
     ],
     [
      47.244334,
      34.003725
     ],
     [
      47.255313,
      33.997048
     ],
     [
      47.274931,
      33.989197
     ],
     [
      47.300047,
      33.975068
     ],
     [
      47.323606,
      33.964072
     ],
     [
      47.357361,
      33.949157
     ],
     [
      47.394249,
      33.933856
     ],
     [
      47.406023,
      33.922071
     ],
     [
      47.4225,
      33.90558
     ],
     [
      47.433101,
      33.894969
     ],
     [
      47.461375,
      33.892615
     ],
     [
      47.493571,
      33.892621
     ],
     [
      47.504552,
      33.887128
     ],
     [
      47.510042,
      33.869849
     ],
     [
      47.516296,
      33.840794
     ],
     [
      47.509212,
      33.833726
     ],
     [
      47.498216,
      33.822724
     ],
     [
      47.480137,
      33.804653
     ],
     [
      47.464404,
      33.772824
     ],
     [
      47.457328,
      33.7606
     ],
     [
      47.456521,
      33.7367
     ],
     [
      47.461993,
      33.71314
     ],
     [
      47.472967,
      33.684861
     ],
     [
      47.486306,
      33.662875
     ],
     [
      47.505123,
      33.637744
     ],
     [
      47.520815,
      33.622039
     ],
     [
      47.534166,
      33.614563
     ],
     [
      47.55456,
      33.59414
     ],
     [
      47.570252,
      33.578447
     ],
     [
      47.584379,
      33.558809
     ],
     [
      47.586705,
      33.533675
     ],
     [
      47.594552,
      33.512463
     ],
     [
      47.611796,
      33.485759
     ],
     [
      47.614912,
      33.450424
     ],
     [
      47.618822,
      33.43865
     ],
     [
      47.627865,
      33.4296
     ],
     [
      47.646701,
      33.410749
     ],
     [
      47.652189,
      33.405256
     ],
     [
      47.654534,
      33.387202
     ],
     [
      47.644308,
      33.370694
     ],
     [
      47.626229,
      33.352624
     ],
     [
      47.618737,
      33.334568
     ],
     [
      47.613225,
      33.311006
     ],
     [
      47.610833,
      33.271737
     ],
     [
      47.616326,
      33.256806
     ],
     [
      47.626932,
      33.24974
     ],
     [
      47.647336,
      33.240317
     ],
     [
      47.666183,
      33.235613
     ],
     [
      47.689738,
      33.23247
     ],
     [
      47.711732,
      33.228553
     ],
     [
      47.728218,
      33.221864
     ],
     [
      47.732126,
      33.206157
     ],
     [
      47.723462,
      33.174741
     ],
     [
      47.714809,
      33.15746
     ],
     [
      47.714798,
      33.1441
     ],
     [
      47.725002,
      33.133901
     ],
     [
      47.724994,
      33.123687
     ],
     [
      47.724984,
      33.111114
     ],
     [
      47.720267,
      33.097766
     ],
     [
      47.714752,
      33.085991
     ],
     [
      47.714743,
      33.074991
     ],
     [
      47.717877,
      33.059272
     ],
     [
      47.730426,
      33.046714
     ],
     [
      47.757901,
      33.027465
     ]
    ]
   }
  },
  {
   "type": "Feature",
   "properties": {
    "id": "ME2026-0229",
    "commodity": "oil",
    "status_class": "in_service",
    "name": null,
    "name_dist_pt": null,
    "name_ambiguous": null,
    "name_confidence": null,
    "commodity_conflict": null,
    "other_names": null,
    "diameter_in": null,
    "length_km": 14.66,
    "n_vertices": 2,
    "legend_class": "oil_in_service",
    "stroke_rgb": "#00922f",
    "dashed": false,
    "source_map": "me2026",
    "source_file": "../energy-map-of-the-middle-east-2026-peregrine-bush.pdf",
    "source_page": 1,
    "source_title": "Energy Infrastructure Map of the Middle East, 2026 edition",
    "source_publisher": "Petroleum Economist / World Oil / Gulf Energy Information / Global Energy Infrastructure",
    "geometry_source": "stroke",
    "georef_order": 2,
    "georef_source": "map's own coastline vector registered to Natural Earth 10m coastline+lakes by trimmed ICP",
    "georef_insample_rmse_km": 0.97,
    "georef_holdout_layer": "ne_10m_admin_0_countries vs the map's own border strokes",
    "georef_holdout_median_km": 1.45,
    "georef_holdout_rmse_km": 1.6,
    "drawn_feature_offset_median_km": 2.39,
    "accuracy_tier": "medium"
   },
   "geometry": {
    "type": "LineString",
    "coordinates": [
     [
      40.624936,
      34.407386
     ],
     [
      40.781809,
      34.430978
     ]
    ]
   }
  },
  {
   "type": "Feature",
   "properties": {
    "id": "ME2026-0230",
    "commodity": "oil",
    "status_class": "in_service",
    "name": null,
    "name_dist_pt": null,
    "name_ambiguous": null,
    "name_confidence": null,
    "commodity_conflict": null,
    "other_names": null,
    "diameter_in": null,
    "length_km": 168.0,
    "n_vertices": 46,
    "legend_class": "oil_in_service",
    "stroke_rgb": "#00922f",
    "dashed": false,
    "source_map": "me2026",
    "source_file": "../energy-map-of-the-middle-east-2026-peregrine-bush.pdf",
    "source_page": 1,
    "source_title": "Energy Infrastructure Map of the Middle East, 2026 edition",
    "source_publisher": "Petroleum Economist / World Oil / Gulf Energy Information / Global Energy Infrastructure",
    "geometry_source": "stroke",
    "georef_order": 2,
    "georef_source": "map's own coastline vector registered to Natural Earth 10m coastline+lakes by trimmed ICP",
    "georef_insample_rmse_km": 0.97,
    "georef_holdout_layer": "ne_10m_admin_0_countries vs the map's own border strokes",
    "georef_holdout_median_km": 1.45,
    "georef_holdout_rmse_km": 1.6,
    "drawn_feature_offset_median_km": 2.39,
    "accuracy_tier": "medium"
   },
   "geometry": {
    "type": "LineString",
    "coordinates": [
     [
      35.043001,
      32.827994
     ],
     [
      35.049053,
      32.812209
     ],
     [
      35.049044,
      32.795803
     ],
     [
      35.029017,
      32.77574
     ],
     [
      35.001734,
      32.780583
     ],
     [
      34.970212,
      32.780559
     ],
     [
      34.962321,
      32.765357
     ],
     [
      34.96231,
      32.744692
     ],
     [
      34.959256,
      32.699126
     ],
     [
      34.956205,
      32.658411
     ],
     [
      34.951332,
      32.620369
     ],
     [
      34.941007,
      32.590598
     ],
     [
      34.927042,
      32.548049
     ],
     [
      34.923399,
      32.529208
     ],
     [
      34.926422,
      32.515236
     ],
     [
      34.923381,
      32.492755
     ],
     [
      34.915487,
      32.470874
     ],
     [
      34.902138,
      32.453236
     ],
     [
      34.907587,
      32.438311
     ],
     [
      34.895446,
      32.395763
     ],
     [
      34.877224,
      32.334385
     ],
     [
      34.862033,
      32.276046
     ],
     [
      34.862023,
      32.253555
     ],
     [
      34.825263,
      32.17479
     ],
     [
      34.816761,
      32.141972
     ],
     [
      34.830698,
      32.128009
     ],
     [
      34.861959,
      32.111639
     ],
     [
      34.898344,
      32.108618
     ],
     [
      34.898312,
      32.035967
     ],
     [
      34.903131,
      31.9831
     ],
     [
      34.898285,
      31.97216
     ],
     [
      34.89828,
      31.961223
     ],
     [
      34.90616,
      31.953328
     ],
     [
      34.906157,
      31.945428
     ],
     [
      34.897666,
      31.936917
     ],
     [
      34.882499,
      31.925968
     ],
     [
      34.888553,
      31.911394
     ],
     [
      34.878229,
      31.879181
     ],
     [
      34.869125,
      31.845407
     ],
     [
      34.835403,
      31.805881
     ],
     [
      34.797809,
      31.775474
     ],
     [
      34.748068,
      31.737157
     ],
     [
      34.653131,
      31.701843
     ],
     [
      34.637963,
      31.686648
     ],
     [
      34.585802,
      31.628525
     ],
     [
      34.523359,
      31.638809
     ]
    ]
   }
  },
  {
   "type": "Feature",
   "properties": {
    "id": "ME2026-0231",
    "commodity": "oil",
    "status_class": "in_service",
    "name": null,
    "name_dist_pt": null,
    "name_ambiguous": null,
    "name_confidence": null,
    "commodity_conflict": null,
    "other_names": null,
    "diameter_in": null,
    "length_km": 26.44,
    "n_vertices": 11,
    "legend_class": "oil_in_service",
    "stroke_rgb": "#00922f",
    "dashed": false,
    "source_map": "me2026",
    "source_file": "../energy-map-of-the-middle-east-2026-peregrine-bush.pdf",
    "source_page": 1,
    "source_title": "Energy Infrastructure Map of the Middle East, 2026 edition",
    "source_publisher": "Petroleum Economist / World Oil / Gulf Energy Information / Global Energy Infrastructure",
    "geometry_source": "stroke",
    "georef_order": 2,
    "georef_source": "map's own coastline vector registered to Natural Earth 10m coastline+lakes by trimmed ICP",
    "georef_insample_rmse_km": 0.97,
    "georef_holdout_layer": "ne_10m_admin_0_countries vs the map's own border strokes",
    "georef_holdout_median_km": 1.45,
    "georef_holdout_rmse_km": 1.6,
    "drawn_feature_offset_median_km": 2.39,
    "accuracy_tier": "medium"
   },
   "geometry": {
    "type": "LineString",
    "coordinates": [
     [
      34.585802,
      31.628525
     ],
     [
      34.591874,
      31.658908
     ],
     [
      34.595523,
      31.668021
     ],
     [
      34.603401,
      31.6854
     ],
     [
      34.611289,
      31.699379
     ],
     [
      34.62646,
      31.720659
     ],
     [
      34.640411,
      31.741334
     ],
     [
      34.654365,
      31.768069
     ],
     [
      34.67352,
      31.79118
     ],
     [
      34.690511,
      31.805154
     ],
     [
      34.671113,
      31.838567
     ]
    ]
   }
  },
  {
   "type": "Feature",
   "properties": {
    "id": "ME2026-0232",
    "commodity": "oil",
    "status_class": "in_service",
    "name": null,
    "name_dist_pt": null,
    "name_ambiguous": null,
    "name_confidence": null,
    "commodity_conflict": null,
    "other_names": null,
    "diameter_in": null,
    "length_km": 41.24,
    "n_vertices": 5,
    "legend_class": "oil_in_service",
    "stroke_rgb": "#00922f",
    "dashed": false,
    "source_map": "me2026",
    "source_file": "../energy-map-of-the-middle-east-2026-peregrine-bush.pdf",
    "source_page": 1,
    "source_title": "Energy Infrastructure Map of the Middle East, 2026 edition",
    "source_publisher": "Petroleum Economist / World Oil / Gulf Energy Information / Global Energy Infrastructure",
    "geometry_source": "stroke",
    "georef_order": 2,
    "georef_source": "map's own coastline vector registered to Natural Earth 10m coastline+lakes by trimmed ICP",
    "georef_insample_rmse_km": 0.97,
    "georef_holdout_layer": "ne_10m_admin_0_countries vs the map's own border strokes",
    "georef_holdout_median_km": 1.45,
    "georef_holdout_rmse_km": 1.6,
    "drawn_feature_offset_median_km": 2.39,
    "accuracy_tier": "medium"
   },
   "geometry": {
    "type": "LineString",
    "coordinates": [
     [
      44.271548,
      32.842112
     ],
     [
      44.159567,
      32.777581
     ],
     [
      44.0142,
      32.744911
     ],
     [
      43.950502,
      32.674975
     ],
     [
      43.941744,
      32.633625
     ]
    ]
   }
  },
  {
   "type": "Feature",
   "properties": {
    "id": "ME2026-0233",
    "commodity": "oil",
    "status_class": "in_service",
    "name": null,
    "name_dist_pt": null,
    "name_ambiguous": null,
    "name_confidence": null,
    "commodity_conflict": null,
    "other_names": null,
    "diameter_in": null,
    "length_km": 163.51,
    "n_vertices": 18,
    "legend_class": "oil_in_service",
    "stroke_rgb": "#00922f",
    "dashed": false,
    "source_map": "me2026",
    "source_file": "../energy-map-of-the-middle-east-2026-peregrine-bush.pdf",
    "source_page": 1,
    "source_title": "Energy Infrastructure Map of the Middle East, 2026 edition",
    "source_publisher": "Petroleum Economist / World Oil / Gulf Energy Information / Global Energy Infrastructure",
    "geometry_source": "stroke",
    "georef_order": 2,
    "georef_source": "map's own coastline vector registered to Natural Earth 10m coastline+lakes by trimmed ICP",
    "georef_insample_rmse_km": 0.97,
    "georef_holdout_layer": "ne_10m_admin_0_countries vs the map's own border strokes",
    "georef_holdout_median_km": 1.45,
    "georef_holdout_rmse_km": 1.6,
    "drawn_feature_offset_median_km": 2.39,
    "accuracy_tier": "medium"
   },
   "geometry": {
    "type": "LineString",
    "coordinates": [
     [
      47.307254,
      30.558521
     ],
     [
      47.320752,
      30.76999
     ],
     [
      47.337563,
      30.899932
     ],
     [
      47.337575,
      30.923381
     ],
     [
      47.410204,
      30.995979
     ],
     [
      47.410212,
      31.011612
     ],
     [
      47.405811,
      31.127044
     ],
     [
      47.394731,
      31.282261
     ],
     [
      47.401454,
      31.339629
     ],
     [
      47.411535,
      31.385417
     ],
     [
      47.436587,
      31.523181
     ],
     [
      47.445617,
      31.590193
     ],
     [
      47.445677,
      31.687636
     ],
     [
      47.445749,
      31.802576
     ],
     [
      47.450422,
      31.82581
     ],
     [
      47.442667,
      31.846669
     ],
     [
      47.42308,
      31.866281
     ],
     [
      47.427823,
      31.99774
     ]
    ]
   }
  },
  {
   "type": "Feature",
   "properties": {
    "id": "ME2026-0234",
    "commodity": "oil",
    "status_class": "in_service",
    "name": null,
    "name_dist_pt": null,
    "name_ambiguous": null,
    "name_confidence": null,
    "commodity_conflict": null,
    "other_names": null,
    "diameter_in": null,
    "length_km": 60.57,
    "n_vertices": 4,
    "legend_class": "oil_in_service",
    "stroke_rgb": "#00922f",
    "dashed": false,
    "source_map": "me2026",
    "source_file": "../energy-map-of-the-middle-east-2026-peregrine-bush.pdf",
    "source_page": 1,
    "source_title": "Energy Infrastructure Map of the Middle East, 2026 edition",
    "source_publisher": "Petroleum Economist / World Oil / Gulf Energy Information / Global Energy Infrastructure",
    "geometry_source": "stroke",
    "georef_order": 2,
    "georef_source": "map's own coastline vector registered to Natural Earth 10m coastline+lakes by trimmed ICP",
    "georef_insample_rmse_km": 0.97,
    "georef_holdout_layer": "ne_10m_admin_0_countries vs the map's own border strokes",
    "georef_holdout_median_km": 1.45,
    "georef_holdout_rmse_km": 1.6,
    "drawn_feature_offset_median_km": 2.39,
    "accuracy_tier": "medium"
   },
   "geometry": {
    "type": "LineString",
    "coordinates": [
     [
      54.346965,
      25.706742
     ],
     [
      54.397826,
      25.789324
     ],
     [
      54.527346,
      25.910709
     ],
     [
      54.277627,
      25.739715
     ]
    ]
   }
  },
  {
   "type": "Feature",
   "properties": {
    "id": "ME2026-0235",
    "commodity": "oil",
    "status_class": "in_service",
    "name": null,
    "name_dist_pt": null,
    "name_ambiguous": null,
    "name_confidence": null,
    "commodity_conflict": null,
    "other_names": null,
    "diameter_in": "22",
    "length_km": 138.16,
    "n_vertices": 3,
    "legend_class": "oil_in_service",
    "stroke_rgb": "#00922f",
    "dashed": false,
    "source_map": "me2026",
    "source_file": "../energy-map-of-the-middle-east-2026-peregrine-bush.pdf",
    "source_page": 1,
    "source_title": "Energy Infrastructure Map of the Middle East, 2026 edition",
    "source_publisher": "Petroleum Economist / World Oil / Gulf Energy Information / Global Energy Infrastructure",
    "geometry_source": "stroke",
    "georef_order": 2,
    "georef_source": "map's own coastline vector registered to Natural Earth 10m coastline+lakes by trimmed ICP",
    "georef_insample_rmse_km": 0.97,
    "georef_holdout_layer": "ne_10m_admin_0_countries vs the map's own border strokes",
    "georef_holdout_median_km": 1.45,
    "georef_holdout_rmse_km": 1.6,
    "drawn_feature_offset_median_km": 2.39,
    "accuracy_tier": "medium"
   },
   "geometry": {
    "type": "LineString",
    "coordinates": [
     [
      53.345119,
      26.805897
     ],
     [
      53.221076,
      25.831943
     ],
     [
      53.191719,
      25.566579
     ]
    ]
   }
  },
  {
   "type": "Feature",
   "properties": {
    "id": "ME2026-0236",
    "commodity": "oil",
    "status_class": "in_service",
    "name": null,
    "name_dist_pt": null,
    "name_ambiguous": null,
    "name_confidence": null,
    "commodity_conflict": null,
    "other_names": null,
    "diameter_in": "18",
    "length_km": 198.83,
    "n_vertices": 3,
    "legend_class": "oil_in_service",
    "stroke_rgb": "#00922f",
    "dashed": false,
    "source_map": "me2026",
    "source_file": "../energy-map-of-the-middle-east-2026-peregrine-bush.pdf",
    "source_page": 1,
    "source_title": "Energy Infrastructure Map of the Middle East, 2026 edition",
    "source_publisher": "Petroleum Economist / World Oil / Gulf Energy Information / Global Energy Infrastructure",
    "geometry_source": "stroke",
    "georef_order": 2,
    "georef_source": "map's own coastline vector registered to Natural Earth 10m coastline+lakes by trimmed ICP",
    "georef_insample_rmse_km": 0.97,
    "georef_holdout_layer": "ne_10m_admin_0_countries vs the map's own border strokes",
    "georef_holdout_median_km": 1.45,
    "georef_holdout_rmse_km": 1.6,
    "drawn_feature_offset_median_km": 2.39,
    "accuracy_tier": "medium"
   },
   "geometry": {
    "type": "LineString",
    "coordinates": [
     [
      52.936431,
      25.935084
     ],
     [
      53.344102,
      26.805618
     ],
     [
      52.583793,
      26.301114
     ]
    ]
   }
  },
  {
   "type": "Feature",
   "properties": {
    "id": "ME2026-0237",
    "commodity": "oil",
    "status_class": "in_service",
    "name": null,
    "name_dist_pt": null,
    "name_ambiguous": null,
    "name_confidence": null,
    "commodity_conflict": null,
    "other_names": null,
    "diameter_in": null,
    "length_km": 28.31,
    "n_vertices": 2,
    "legend_class": "oil_in_service",
    "stroke_rgb": "#00922f",
    "dashed": false,
    "source_map": "me2026",
    "source_file": "../energy-map-of-the-middle-east-2026-peregrine-bush.pdf",
    "source_page": 1,
    "source_title": "Energy Infrastructure Map of the Middle East, 2026 edition",
    "source_publisher": "Petroleum Economist / World Oil / Gulf Energy Information / Global Energy Infrastructure",
    "geometry_source": "stroke",
    "georef_order": 2,
    "georef_source": "map's own coastline vector registered to Natural Earth 10m coastline+lakes by trimmed ICP",
    "georef_insample_rmse_km": 0.97,
    "georef_holdout_layer": "ne_10m_admin_0_countries vs the map's own border strokes",
    "georef_holdout_median_km": 1.45,
    "georef_holdout_rmse_km": 1.6,
    "drawn_feature_offset_median_km": 2.39,
    "accuracy_tier": "medium"
   },
   "geometry": {
    "type": "LineString",
    "coordinates": [
     [
      53.211915,
      25.972839
     ],
     [
      52.933404,
      25.929036
     ]
    ]
   }
  },
  {
   "type": "Feature",
   "properties": {
    "id": "ME2026-0238",
    "commodity": "oil",
    "status_class": "in_service",
    "name": null,
    "name_dist_pt": null,
    "name_ambiguous": null,
    "name_confidence": null,
    "commodity_conflict": null,
    "other_names": null,
    "diameter_in": null,
    "length_km": 46.77,
    "n_vertices": 3,
    "legend_class": "oil_in_service",
    "stroke_rgb": "#00922f",
    "dashed": false,
    "source_map": "me2026",
    "source_file": "../energy-map-of-the-middle-east-2026-peregrine-bush.pdf",
    "source_page": 1,
    "source_title": "Energy Infrastructure Map of the Middle East, 2026 edition",
    "source_publisher": "Petroleum Economist / World Oil / Gulf Energy Information / Global Energy Infrastructure",
    "geometry_source": "stroke",
    "georef_order": 2,
    "georef_source": "map's own coastline vector registered to Natural Earth 10m coastline+lakes by trimmed ICP",
    "georef_insample_rmse_km": 0.97,
    "georef_holdout_layer": "ne_10m_admin_0_countries vs the map's own border strokes",
    "georef_holdout_median_km": 1.45,
    "georef_holdout_rmse_km": 1.6,
    "drawn_feature_offset_median_km": 2.39,
    "accuracy_tier": "medium"
   },
   "geometry": {
    "type": "LineString",
    "coordinates": [
     [
      52.407296,
      25.684238
     ],
     [
      52.534441,
      25.784461
     ],
     [
      52.762782,
      25.957569
     ]
    ]
   }
  },
  {
   "type": "Feature",
   "properties": {
    "id": "ME2026-0239",
    "commodity": "oil",
    "status_class": "in_service",
    "name": null,
    "name_dist_pt": null,
    "name_ambiguous": null,
    "name_confidence": null,
    "commodity_conflict": null,
    "other_names": null,
    "diameter_in": null,
    "length_km": 313.03,
    "n_vertices": 27,
    "legend_class": "oil_in_service",
    "stroke_rgb": "#00922f",
    "dashed": false,
    "source_map": "me2026",
    "source_file": "../energy-map-of-the-middle-east-2026-peregrine-bush.pdf",
    "source_page": 1,
    "source_title": "Energy Infrastructure Map of the Middle East, 2026 edition",
    "source_publisher": "Petroleum Economist / World Oil / Gulf Energy Information / Global Energy Infrastructure",
    "geometry_source": "stroke",
    "georef_order": 2,
    "georef_source": "map's own coastline vector registered to Natural Earth 10m coastline+lakes by trimmed ICP",
    "georef_insample_rmse_km": 0.97,
    "georef_holdout_layer": "ne_10m_admin_0_countries vs the map's own border strokes",
    "georef_holdout_median_km": 1.45,
    "georef_holdout_rmse_km": 1.6,
    "drawn_feature_offset_median_km": 2.39,
    "accuracy_tier": "medium"
   },
   "geometry": {
    "type": "LineString",
    "coordinates": [
     [
      50.591693,
      26.129294
     ],
     [
      50.557415,
      26.11167
     ],
     [
      50.503819,
      26.144954
     ],
     [
      50.478354,
      26.190976
     ],
     [
      50.428402,
      26.183139
     ],
     [
      50.384321,
      26.189022
     ],
     [
      50.334491,
      26.196622
     ],
     [
      50.235728,
      26.236017
     ],
     [
      50.167164,
      26.230153
     ],
     [
      50.131205,
      26.230155
     ],
     [
      50.061662,
      26.241905
     ],
     [
      49.897402,
      26.096036
     ],
     [
      49.812189,
      25.989604
     ],
     [
      49.713557,
      25.933801
     ],
     [
      49.682212,
      25.940661
     ],
     [
      49.888597,
      26.381629
     ],
     [
      49.948051,
      26.516458
     ],
     [
      49.919948,
      26.498832
     ],
     [
      49.887619,
      26.428629
     ],
     [
      49.673401,
      25.961227
     ],
     [
      49.679283,
      25.940661
     ],
     [
      49.709635,
      25.968073
     ],
     [
      49.779875,
      26.013111
     ],
     [
      49.870958,
      26.124419
     ],
     [
      50.029348,
      26.272949
     ],
     [
      50.078317,
      26.30428
     ],
     [
      50.118282,
      26.332624
     ]
    ]
   }
  },
  {
   "type": "Feature",
   "properties": {
    "id": "ME2026-0240",
    "commodity": "oil",
    "status_class": "in_service",
    "name": null,
    "name_dist_pt": null,
    "name_ambiguous": null,
    "name_confidence": null,
    "commodity_conflict": null,
    "other_names": null,
    "diameter_in": null,
    "length_km": 89.59,
    "n_vertices": 12,
    "legend_class": "oil_in_service",
    "stroke_rgb": "#00922f",
    "dashed": false,
    "source_map": "me2026",
    "source_file": "../energy-map-of-the-middle-east-2026-peregrine-bush.pdf",
    "source_page": 1,
    "source_title": "Energy Infrastructure Map of the Middle East, 2026 edition",
    "source_publisher": "Petroleum Economist / World Oil / Gulf Energy Information / Global Energy Infrastructure",
    "geometry_source": "stroke",
    "georef_order": 2,
    "georef_source": "map's own coastline vector registered to Natural Earth 10m coastline+lakes by trimmed ICP",
    "georef_insample_rmse_km": 0.97,
    "georef_holdout_layer": "ne_10m_admin_0_countries vs the map's own border strokes",
    "georef_holdout_median_km": 1.45,
    "georef_holdout_rmse_km": 1.6,
    "drawn_feature_offset_median_km": 2.39,
    "accuracy_tier": "medium"
   },
   "geometry": {
    "type": "LineString",
    "coordinates": [
     [
      49.950992,
      26.517426
     ],
     [
      49.997344,
      26.484143
     ],
     [
      50.043055,
      26.454767
     ],
     [
      50.088111,
      26.385541
     ],
     [
      50.103784,
      26.359107
     ],
     [
      50.119456,
      26.334632
     ],
     [
      50.094971,
      26.292533
     ],
     [
      50.050891,
      26.261201
     ],
     [
      49.88467,
      26.110711
     ],
     [
      49.790647,
      25.998424
     ],
     [
      49.715517,
      25.951427
     ],
     [
      49.682212,
      25.939681
     ]
    ]
   }
  },
  {
   "type": "Feature",
   "properties": {
    "id": "ME2026-0241",
    "commodity": "oil",
    "status_class": "in_service",
    "name": null,
    "name_dist_pt": null,
    "name_ambiguous": null,
    "name_confidence": null,
    "commodity_conflict": null,
    "other_names": null,
    "diameter_in": null,
    "length_km": 277.33,
    "n_vertices": 15,
    "legend_class": "oil_in_service",
    "stroke_rgb": "#00922f",
    "dashed": false,
    "source_map": "me2026",
    "source_file": "../energy-map-of-the-middle-east-2026-peregrine-bush.pdf",
    "source_page": 1,
    "source_title": "Energy Infrastructure Map of the Middle East, 2026 edition",
    "source_publisher": "Petroleum Economist / World Oil / Gulf Energy Information / Global Energy Infrastructure",
    "geometry_source": "stroke",
    "georef_order": 2,
    "georef_source": "map's own coastline vector registered to Natural Earth 10m coastline+lakes by trimmed ICP",
    "georef_insample_rmse_km": 0.97,
    "georef_holdout_layer": "ne_10m_admin_0_countries vs the map's own border strokes",
    "georef_holdout_median_km": 1.45,
    "georef_holdout_rmse_km": 1.6,
    "drawn_feature_offset_median_km": 2.39,
    "accuracy_tier": "medium"
   },
   "geometry": {
    "type": "LineString",
    "coordinates": [
     [
      49.245019,
      25.901509
     ],
     [
      49.268532,
      25.887802
     ],
     [
      49.623458,
      25.901503
     ],
     [
      49.682212,
      25.940661
     ],
     [
      49.619536,
      25.935775
     ],
     [
      49.26167,
      25.918155
     ],
     [
      49.245019,
      25.901509
     ],
     [
      49.620517,
      25.919129
     ],
     [
      49.682212,
      25.940661
     ],
     [
      49.663611,
      25.975902
     ],
     [
      49.900354,
      26.50568
     ],
     [
      49.948051,
      26.516458
     ],
     [
      49.956872,
      26.481204
     ],
     [
      49.735109,
      26.004535
     ],
     [
      49.682212,
      25.940661
     ]
    ]
   }
  },
  {
   "type": "Feature",
   "properties": {
    "id": "ME2026-0242",
    "commodity": "oil",
    "status_class": "in_service",
    "name": null,
    "name_dist_pt": null,
    "name_ambiguous": null,
    "name_confidence": null,
    "commodity_conflict": null,
    "other_names": null,
    "diameter_in": null,
    "length_km": 1198.65,
    "n_vertices": 60,
    "legend_class": "oil_in_service",
    "stroke_rgb": "#00922f",
    "dashed": false,
    "source_map": "me2026",
    "source_file": "../energy-map-of-the-middle-east-2026-peregrine-bush.pdf",
    "source_page": 1,
    "source_title": "Energy Infrastructure Map of the Middle East, 2026 edition",
    "source_publisher": "Petroleum Economist / World Oil / Gulf Energy Information / Global Energy Infrastructure",
    "geometry_source": "stroke",
    "georef_order": 2,
    "georef_source": "map's own coastline vector registered to Natural Earth 10m coastline+lakes by trimmed ICP",
    "georef_insample_rmse_km": 0.97,
    "georef_holdout_layer": "ne_10m_admin_0_countries vs the map's own border strokes",
    "georef_holdout_median_km": 1.45,
    "georef_holdout_rmse_km": 1.6,
    "drawn_feature_offset_median_km": 2.39,
    "accuracy_tier": "medium"
   },
   "geometry": {
    "type": "LineString",
    "coordinates": [
     [
      38.245692,
      23.959914
     ],
     [
      38.267289,
      23.981562
     ],
     [
      38.300659,
      24.011078
     ],
     [
      38.416682,
      23.980982
     ],
     [
      38.615188,
      23.930593
     ],
     [
      38.636147,
      23.926539
     ],
     [
      38.755412,
      23.952296
     ],
     [
      38.97162,
      23.889986
     ],
     [
      39.0096,
      23.884101
     ],
     [
      39.111195,
      23.894633
     ],
     [
      39.27553,
      23.918968
     ],
     [
      39.370605,
      23.906552
     ],
     [
      39.449171,
      23.913794
     ],
     [
      39.582209,
      23.923019
     ],
     [
      39.622172,
      23.894202
     ],
     [
      39.706769,
      23.877196
     ],
     [
      39.765691,
      23.89754
     ],
     [
      39.896115,
      23.933129
     ],
     [
      40.312823,
      23.99163
     ],
     [
      40.636445,
      24.036337
     ],
     [
      41.133245,
      24.111908
     ],
     [
      41.67069,
      24.200726
     ],
     [
      42.13528,
      24.266734
     ],
     [
      42.282141,
      24.294961
     ],
     [
      42.582717,
      24.347714
     ],
     [
      42.646386,
      24.363457
     ],
     [
      42.893134,
      24.408401
     ],
     [
      43.278614,
      24.463563
     ],
     [
      43.517899,
      24.497056
     ],
     [
      43.583535,
      24.518179
     ],
     [
      43.610396,
      24.522782
     ],
     [
      43.906043,
      24.563506
     ],
     [
      44.232619,
      24.608805
     ],
     [
      44.857538,
      24.686296
     ],
     [
      45.340293,
      24.748143
     ],
     [
      45.805267,
      24.796066
     ],
     [
      45.979751,
      24.829525
     ],
     [
      46.093274,
      24.85643
     ],
     [
      46.131959,
      24.87741
     ],
     [
      46.219146,
      24.888562
     ],
     [
      46.446385,
      24.884077
     ],
     [
      46.599926,
      24.989128
     ],
     [
      46.921321,
      25.063397
     ],
     [
      47.209065,
      25.101369
     ],
     [
      47.503361,
      25.178471
     ],
     [
      47.692636,
      25.207031
     ],
     [
      47.867641,
      25.234162
     ],
     [
      47.995577,
      25.249881
     ],
     [
      48.04265,
      25.265585
     ],
     [
      48.099765,
      25.289249
     ],
     [
      48.164004,
      25.326377
     ],
     [
      48.226225,
      25.357783
     ],
     [
      48.31475,
      25.38919
     ],
     [
      48.621955,
      25.505657
     ],
     [
      48.774747,
      25.56848
     ],
     [
      48.891232,
      25.619882
     ],
     [
      49.014871,
      25.674949
     ],
     [
      49.111965,
      25.707781
     ],
     [
      49.287135,
      25.786268
     ],
     [
      49.679658,
      25.940661
     ]
    ]
   }
  },
  {
   "type": "Feature",
   "properties": {
    "id": "ME2026-0243",
    "commodity": "oil",
    "status_class": "in_service",
    "name": "East-West (Petroline)",
    "name_dist_pt": 7.7,
    "name_ambiguous": true,
    "name_confidence": "low",
    "commodity_conflict": null,
    "other_names": "Iraq-Saudi Arabia Oil Pipeline (IPSA) rehabilitated; Master Gas System 3 (MGS 3); Master Gas System 2 (MGS 2)",
    "diameter_in": "56",
    "length_km": 966.05,
    "n_vertices": 47,
    "legend_class": "oil_in_service",
    "stroke_rgb": "#00922f",
    "dashed": false,
    "source_map": "me2026",
    "source_file": "../energy-map-of-the-middle-east-2026-peregrine-bush.pdf",
    "source_page": 1,
    "source_title": "Energy Infrastructure Map of the Middle East, 2026 edition",
    "source_publisher": "Petroleum Economist / World Oil / Gulf Energy Information / Global Energy Infrastructure",
    "geometry_source": "stroke",
    "georef_order": 2,
    "georef_source": "map's own coastline vector registered to Natural Earth 10m coastline+lakes by trimmed ICP",
    "georef_insample_rmse_km": 0.97,
    "georef_holdout_layer": "ne_10m_admin_0_countries vs the map's own border strokes",
    "georef_holdout_median_km": 1.45,
    "georef_holdout_rmse_km": 1.6,
    "drawn_feature_offset_median_km": 2.39,
    "accuracy_tier": "medium"
   },
   "geometry": {
    "type": "LineString",
    "coordinates": [
     [
      47.503361,
      25.178471
     ],
     [
      47.466959,
      25.186609
     ],
     [
      47.199215,
      25.119065
     ],
     [
      46.917157,
      25.082836
     ],
     [
      46.593693,
      25.008724
     ],
     [
      46.439536,
      24.90118
     ],
     [
      46.222408,
      24.907058
     ],
     [
      46.123429,
      24.895118
     ],
     [
      46.086715,
      24.87282
     ],
     [
      45.97647,
      24.845262
     ],
     [
      45.790848,
      24.810495
     ],
     [
      45.337665,
      24.766492
     ],
     [
      44.873929,
      24.705314
     ],
     [
      44.231961,
      24.627166
     ],
     [
      43.902109,
      24.578576
     ],
     [
      43.608432,
      24.541143
     ],
     [
      43.579602,
      24.53458
     ],
     [
      43.514618,
      24.513578
     ],
     [
      43.275333,
      24.480605
     ],
     [
      42.891158,
      24.424778
     ],
     [
      42.639177,
      24.379191
     ],
     [
      42.57813,
      24.364102
     ],
     [
      42.282787,
      24.313322
     ],
     [
      42.131999,
      24.284429
     ],
     [
      41.670683,
      24.21974
     ],
     [
      41.127994,
      24.127775
     ],
     [
      40.633816,
      24.054696
     ],
     [
      40.308236,
      24.009335
     ],
     [
      39.894803,
      23.95017
     ],
     [
      39.761105,
      23.91458
     ],
     [
      39.704804,
      23.896208
     ],
     [
      39.630019,
      23.907969
     ],
     [
      39.589413,
      23.942822
     ],
     [
      39.447195,
      23.930315
     ],
     [
      39.36928,
      23.924246
     ],
     [
      39.274869,
      23.936795
     ],
     [
      39.109098,
      23.911673
     ],
     [
      39.010244,
      23.90049
     ],
     [
      38.975538,
      23.907029
     ],
     [
      38.758677,
      23.970645
     ],
     [
      38.638095,
      23.944367
     ],
     [
      38.614528,
      23.947634
     ],
     [
      38.420599,
      23.998594
     ],
     [
      38.29804,
      24.03402
     ],
     [
      38.261386,
      24.000778
     ],
     [
      38.241105,
      23.980231
     ],
     [
      38.246078,
      23.959915
     ]
    ]
   }
  },
  {
   "type": "Feature",
   "properties": {
    "id": "ME2026-0244",
    "commodity": "oil",
    "status_class": "in_service",
    "name": null,
    "name_dist_pt": null,
    "name_ambiguous": null,
    "name_confidence": null,
    "commodity_conflict": null,
    "other_names": null,
    "diameter_in": null,
    "length_km": 367.82,
    "n_vertices": 33,
    "legend_class": "oil_in_service",
    "stroke_rgb": "#00922f",
    "dashed": false,
    "source_map": "me2026",
    "source_file": "../energy-map-of-the-middle-east-2026-peregrine-bush.pdf",
    "source_page": 1,
    "source_title": "Energy Infrastructure Map of the Middle East, 2026 edition",
    "source_publisher": "Petroleum Economist / World Oil / Gulf Energy Information / Global Energy Infrastructure",
    "geometry_source": "stroke",
    "georef_order": 2,
    "georef_source": "map's own coastline vector registered to Natural Earth 10m coastline+lakes by trimmed ICP",
    "georef_insample_rmse_km": 0.97,
    "georef_holdout_layer": "ne_10m_admin_0_countries vs the map's own border strokes",
    "georef_holdout_median_km": 1.45,
    "georef_holdout_rmse_km": 1.6,
    "drawn_feature_offset_median_km": 2.39,
    "accuracy_tier": "medium"
   },
   "geometry": {
    "type": "LineString",
    "coordinates": [
     [
      49.110543,
      24.12717
     ],
     [
      49.119199,
      24.265615
     ],
     [
      49.124803,
      24.367722
     ],
     [
      49.128334,
      24.556153
     ],
     [
      49.128316,
      24.655262
     ],
     [
      49.124744,
      24.671097
     ],
     [
      49.165087,
      24.812024
     ],
     [
      49.182888,
      24.88815
     ],
     [
      49.282509,
      25.101551
     ],
     [
      49.333101,
      25.235405
     ],
     [
      49.377983,
      25.373784
     ],
     [
      49.39586,
      25.47136
     ],
     [
      49.438779,
      25.533104
     ],
     [
      49.492445,
      25.600037
     ],
     [
      49.529747,
      25.735346
     ],
     [
      49.570576,
      25.784303
     ],
     [
      49.637169,
      25.892683
     ],
     [
      49.686883,
      25.941326
     ],
     [
      49.685153,
      25.919127
     ],
     [
      49.652842,
      25.884856
     ],
     [
      49.588197,
      25.780383
     ],
     [
      49.545589,
      25.727676
     ],
     [
      49.506762,
      25.589815
     ],
     [
      49.455141,
      25.526462
     ],
     [
      49.410685,
      25.46473
     ],
     [
      49.394331,
      25.373784
     ],
     [
      49.353031,
      25.240522
     ],
     [
      49.31317,
      25.132713
     ],
     [
      49.259529,
      25.013243
     ],
     [
      49.197713,
      24.879984
     ],
     [
      49.169115,
      24.749701
     ],
     [
      49.145688,
      24.682854
     ],
     [
      49.127805,
      24.670588
     ]
    ]
   }
  },
  {
   "type": "Feature",
   "properties": {
    "id": "ME2026-0245",
    "commodity": "oil",
    "status_class": "in_service",
    "name": null,
    "name_dist_pt": null,
    "name_ambiguous": null,
    "name_confidence": null,
    "commodity_conflict": null,
    "other_names": null,
    "diameter_in": null,
    "length_km": 155.39,
    "n_vertices": 16,
    "legend_class": "oil_in_service",
    "stroke_rgb": "#00922f",
    "dashed": false,
    "source_map": "me2026",
    "source_file": "../energy-map-of-the-middle-east-2026-peregrine-bush.pdf",
    "source_page": 1,
    "source_title": "Energy Infrastructure Map of the Middle East, 2026 edition",
    "source_publisher": "Petroleum Economist / World Oil / Gulf Energy Information / Global Energy Infrastructure",
    "geometry_source": "stroke",
    "georef_order": 2,
    "georef_source": "map's own coastline vector registered to Natural Earth 10m coastline+lakes by trimmed ICP",
    "georef_insample_rmse_km": 0.97,
    "georef_holdout_layer": "ne_10m_admin_0_countries vs the map's own border strokes",
    "georef_holdout_median_km": 1.45,
    "georef_holdout_rmse_km": 1.6,
    "drawn_feature_offset_median_km": 2.39,
    "accuracy_tier": "medium"
   },
   "geometry": {
    "type": "LineString",
    "coordinates": [
     [
      49.125846,
      24.666246
     ],
     [
      49.160512,
      24.674677
     ],
     [
      49.183419,
      24.74612
     ],
     [
      49.21457,
      24.875375
     ],
     [
      49.328515,
      25.125043
     ],
     [
      49.367263,
      25.228763
     ],
     [
      49.386159,
      25.287446
     ],
     [
      49.409664,
      25.370202
     ],
     [
      49.424989,
      25.45706
     ],
     [
      49.475072,
      25.520848
     ],
     [
      49.520558,
      25.579084
     ],
     [
      49.560341,
      25.717973
     ],
     [
      49.60975,
      25.779415
     ],
     [
      49.667534,
      25.879968
     ],
     [
      49.688107,
      25.900521
     ],
     [
      49.684209,
      25.938713
     ]
    ]
   }
  },
  {
   "type": "Feature",
   "properties": {
    "id": "ME2026-0246",
    "commodity": "oil",
    "status_class": "in_service",
    "name": "Trans-Arabian Pipeline (Tapline) mothballed",
    "name_dist_pt": 0.0,
    "name_ambiguous": false,
    "name_confidence": "high",
    "commodity_conflict": null,
    "other_names": null,
    "diameter_in": "30",
    "length_km": 1649.68,
    "n_vertices": 87,
    "legend_class": "oil_in_service",
    "stroke_rgb": "#00922f",
    "dashed": false,
    "source_map": "me2026",
    "source_file": "../energy-map-of-the-middle-east-2026-peregrine-bush.pdf",
    "source_page": 1,
    "source_title": "Energy Infrastructure Map of the Middle East, 2026 edition",
    "source_publisher": "Petroleum Economist / World Oil / Gulf Energy Information / Global Energy Infrastructure",
    "geometry_source": "stroke",
    "georef_order": 2,
    "georef_source": "map's own coastline vector registered to Natural Earth 10m coastline+lakes by trimmed ICP",
    "georef_insample_rmse_km": 0.97,
    "georef_holdout_layer": "ne_10m_admin_0_countries vs the map's own border strokes",
    "georef_holdout_median_km": 1.45,
    "georef_holdout_rmse_km": 1.6,
    "drawn_feature_offset_median_km": 2.39,
    "accuracy_tier": "medium"
   },
   "geometry": {
    "type": "LineString",
    "coordinates": [
     [
      35.365805,
      33.555526
     ],
     [
      35.365798,
      33.544116
     ],
     [
      35.368823,
      33.534246
     ],
     [
      35.380949,
      33.522095
     ],
     [
      35.397629,
      33.511472
     ],
     [
      35.414309,
      33.5016
     ],
     [
      35.43173,
      33.478624
     ],
     [
      35.456551,
      33.453766
     ],
     [
      35.474735,
      33.435534
     ],
     [
      35.489141,
      33.417505
     ],
     [
      35.504296,
      33.402307
     ],
     [
      35.523241,
      33.383314
     ],
     [
      35.535357,
      33.351417
     ],
     [
      35.551273,
      33.33547
     ],
     [
      35.597509,
      33.302062
     ],
     [
      35.624055,
      33.292208
     ],
     [
      35.659496,
      33.277038
     ],
     [
      35.676929,
      33.272489
     ],
     [
      35.706506,
      33.2634
     ],
     [
      35.769437,
      33.239889
     ],
     [
      35.795977,
      33.239908
     ],
     [
      35.819985,
      33.244778
     ],
     [
      35.863289,
      33.252105
     ],
     [
      35.883758,
      33.235399
     ],
     [
      35.902699,
      33.206737
     ],
     [
      35.928451,
      33.159641
     ],
     [
      35.938276,
      33.09049
     ],
     [
      35.946597,
      33.050411
     ],
     [
      35.976152,
      33.020789
     ],
     [
      36.05025,
      32.967655
     ],
     [
      36.145776,
      32.900851
     ],
     [
      36.166249,
      32.888705
     ],
     [
      36.20653,
      32.861922
     ],
     [
      36.338131,
      32.732482
     ],
     [
      36.490314,
      32.580031
     ],
     [
      36.639457,
      32.421515
     ],
     [
      36.661431,
      32.388851
     ],
     [
      36.684177,
      32.353912
     ],
     [
      36.722069,
      32.298464
     ],
     [
      36.770568,
      32.224972
     ],
     [
      36.813585,
      32.14977
     ],
     [
      37.225037,
      32.077096
     ],
     [
      37.450124,
      32.041718
     ],
     [
      37.9813,
      31.947821
     ],
     [
      38.31186,
      31.891783
     ],
     [
      38.405736,
      31.87663
     ],
     [
      38.6536,
      31.785027
     ],
     [
      39.04618,
      31.638851
     ],
     [
      39.346341,
      31.529096
     ],
     [
      39.778843,
      31.361197
     ],
     [
      40.315719,
      31.162984
     ],
     [
      40.696486,
      31.015607
     ],
     [
      40.956304,
      30.920751
     ],
     [
      41.129085,
      30.832011
     ],
     [
      41.712018,
      30.511679
     ],
     [
      42.036131,
      30.334587
     ],
     [
      42.420899,
      30.127448
     ],
     [
      42.767837,
      29.935956
     ],
     [
      43.367294,
      29.608735
     ],
     [
      43.742652,
      29.395688
     ],
     [
      43.944596,
      29.288337
     ],
     [
      44.161504,
      29.175798
     ],
     [
      44.584581,
      28.944432
     ],
     [
      44.864154,
      28.834854
     ],
     [
      45.243271,
      28.68151
     ],
     [
      45.695517,
      28.495858
     ],
     [
      45.990806,
      28.375777
     ],
     [
      46.153969,
      28.319017
     ],
     [
      46.475411,
      28.21333
     ],
     [
      46.680692,
      28.141195
     ],
     [
      46.935887,
      28.042338
     ],
     [
      47.143132,
      27.969218
     ],
     [
      47.328855,
      27.924198
     ],
     [
      47.623945,
      27.842964
     ],
     [
      47.845892,
      27.784537
     ],
     [
      47.900732,
      27.765935
     ],
     [
      48.178497,
      27.662164
     ],
     [
      48.462856,
      27.550853
     ],
     [
      48.624129,
      27.492124
     ],
     [
      48.929351,
      27.313238
     ],
     [
      48.996626,
      27.271151
     ],
     [
      49.225486,
      27.097171
     ],
     [
      49.478846,
      26.983873
     ],
     [
      49.512135,
      26.95745
     ],
     [
      49.636224,
      26.894781
     ],
     [
      49.91505,
      26.559527
     ],
     [
      49.948051,
      26.516458
     ]
    ]
   }
  },
  {
   "type": "Feature",
   "properties": {
    "id": "ME2026-0247",
    "commodity": "oil",
    "status_class": "in_service",
    "name": null,
    "name_dist_pt": null,
    "name_ambiguous": null,
    "name_confidence": null,
    "commodity_conflict": null,
    "other_names": null,
    "diameter_in": "24",
    "length_km": 1102.66,
    "n_vertices": 68,
    "legend_class": "oil_in_service",
    "stroke_rgb": "#00922f",
    "dashed": false,
    "source_map": "me2026",
    "source_file": "../energy-map-of-the-middle-east-2026-peregrine-bush.pdf",
    "source_page": 1,
    "source_title": "Energy Infrastructure Map of the Middle East, 2026 edition",
    "source_publisher": "Petroleum Economist / World Oil / Gulf Energy Information / Global Energy Infrastructure",
    "geometry_source": "stroke",
    "georef_order": 2,
    "georef_source": "map's own coastline vector registered to Natural Earth 10m coastline+lakes by trimmed ICP",
    "georef_insample_rmse_km": 0.97,
    "georef_holdout_layer": "ne_10m_admin_0_countries vs the map's own border strokes",
    "georef_holdout_median_km": 1.45,
    "georef_holdout_rmse_km": 1.6,
    "drawn_feature_offset_median_km": 2.39,
    "accuracy_tier": "medium"
   },
   "geometry": {
    "type": "LineString",
    "coordinates": [
     [
      46.829742,
      22.979554
     ],
     [
      46.997564,
      23.022383
     ],
     [
      47.102593,
      23.050947
     ],
     [
      47.192486,
      23.126611
     ],
     [
      47.482397,
      23.370935
     ],
     [
      47.681627,
      23.537952
     ],
     [
      48.005021,
      23.81085
     ],
     [
      48.084341,
      23.877937
     ],
     [
      48.088603,
      23.948712
     ],
     [
      48.108549,
      24.145109
     ],
     [
      48.108512,
      24.294996
     ],
     [
      48.114182,
      24.467129
     ],
     [
      48.057049,
      24.542187
     ],
     [
      47.954831,
      24.662097
     ],
     [
      47.947669,
      24.784273
     ],
     [
      47.896276,
      24.785686
     ],
     [
      47.866292,
      24.815672
     ],
     [
      47.658415,
      25.023484
     ],
     [
      47.503361,
      25.178483
     ],
     [
      47.37831,
      25.370597
     ],
     [
      47.371171,
      25.386298
     ],
     [
      47.276907,
      25.7691
     ],
     [
      47.25141,
      25.887723
     ],
     [
      47.208615,
      26.012054
     ],
     [
      47.158672,
      26.177213
     ],
     [
      47.109724,
      26.34922
     ],
     [
      47.047074,
      26.541805
     ],
     [
      46.99154,
      26.702067
     ],
     [
      46.985686,
      26.732419
     ],
     [
      46.957302,
      26.909331
     ],
     [
      46.93869,
      26.994509
     ],
     [
      46.931858,
      27.045125
     ],
     [
      46.911299,
      27.122476
     ],
     [
      46.875098,
      27.316036
     ],
     [
      46.847684,
      27.396314
     ],
     [
      46.846719,
      27.429317
     ],
     [
      46.846726,
      27.488053
     ],
     [
      46.846731,
      27.533093
     ],
     [
      46.825504,
      27.651276
     ],
     [
      46.814735,
      27.71491
     ],
     [
      46.761897,
      27.875179
     ],
     [
      46.713949,
      28.030561
     ],
     [
      46.682648,
      28.122588
     ],
     [
      46.692438,
      28.141196
     ],
     [
      46.690481,
      28.155883
     ],
     [
      46.623293,
      28.478403
     ],
     [
      46.575392,
      28.731702
     ],
     [
      46.546069,
      28.906667
     ],
     [
      46.502062,
      29.073803
     ],
     [
      46.480523,
      29.085536
     ],
     [
      46.456358,
      29.137435
     ],
     [
      46.445598,
      29.156041
     ],
     [
      46.480559,
      29.20668
     ],
     [
      46.514842,
      29.251718
     ],
     [
      46.7839,
      29.633048
     ],
     [
      46.948173,
      29.873665
     ],
     [
      47.099719,
      30.085873
     ],
     [
      47.271766,
      30.152202
     ],
     [
      47.43304,
      30.220768
     ],
     [
      47.623763,
      30.35955
     ],
     [
      47.638461,
      30.354918
     ],
     [
      47.882338,
      30.425307
     ],
     [
      47.951562,
      30.382882
     ],
     [
      48.156243,
      30.210521
     ],
     [
      48.420479,
      29.982336
     ],
     [
      48.443939,
      29.97676
     ],
     [
      48.584572,
      29.778703
     ],
     [
      48.628523,
      29.755257
     ]
    ]
   }
  },
  {
   "type": "Feature",
   "properties": {
    "id": "ME2026-0248",
    "commodity": "oil",
    "status_class": "in_service",
    "name": "Shaybah-Abqaiq",
    "name_dist_pt": 5.2,
    "name_ambiguous": false,
    "name_confidence": "high",
    "commodity_conflict": null,
    "other_names": null,
    "diameter_in": "46",
    "length_km": 642.36,
    "n_vertices": 45,
    "legend_class": "oil_in_service",
    "stroke_rgb": "#00922f",
    "dashed": false,
    "source_map": "me2026",
    "source_file": "../energy-map-of-the-middle-east-2026-peregrine-bush.pdf",
    "source_page": 1,
    "source_title": "Energy Infrastructure Map of the Middle East, 2026 edition",
    "source_publisher": "Petroleum Economist / World Oil / Gulf Energy Information / Global Energy Infrastructure",
    "geometry_source": "stroke",
    "georef_order": 2,
    "georef_source": "map's own coastline vector registered to Natural Earth 10m coastline+lakes by trimmed ICP",
    "georef_insample_rmse_km": 0.97,
    "georef_holdout_layer": "ne_10m_admin_0_countries vs the map's own border strokes",
    "georef_holdout_median_km": 1.45,
    "georef_holdout_rmse_km": 1.6,
    "drawn_feature_offset_median_km": 2.39,
    "accuracy_tier": "medium"
   },
   "geometry": {
    "type": "LineString",
    "coordinates": [
     [
      54.067688,
      22.475016
     ],
     [
      53.926372,
      22.549061
     ],
     [
      53.892557,
      22.559679
     ],
     [
      53.816647,
      22.572244
     ],
     [
      53.7606,
      22.579577
     ],
     [
      53.724871,
      22.594066
     ],
     [
      53.68527,
      22.600826
     ],
     [
      53.59969,
      22.606642
     ],
     [
      53.401108,
      22.648183
     ],
     [
      53.158075,
      22.711929
     ],
     [
      52.997165,
      22.750553
     ],
     [
      52.766722,
      22.79651
     ],
     [
      52.471579,
      22.865085
     ],
     [
      52.205814,
      22.923029
     ],
     [
      52.005341,
      22.967048
     ],
     [
      51.946416,
      22.979602
     ],
     [
      51.841572,
      22.997958
     ],
     [
      51.773953,
      23.098321
     ],
     [
      51.606247,
      23.360962
     ],
     [
      51.487828,
      23.54873
     ],
     [
      51.340025,
      23.782821
     ],
     [
      51.289237,
      23.86292
     ],
     [
      51.265091,
      23.904415
     ],
     [
      51.175253,
      24.047797
     ],
     [
      51.034653,
      24.251985
     ],
     [
      50.916819,
      24.43396
     ],
     [
      50.860231,
      24.508266
     ],
     [
      50.739541,
      24.586037
     ],
     [
      50.61538,
      24.664207
     ],
     [
      50.609591,
      24.68447
     ],
     [
      50.587361,
      24.827847
     ],
     [
      50.562236,
      24.904642
     ],
     [
      50.501808,
      25.068697
     ],
     [
      50.439041,
      25.164791
     ],
     [
      50.286883,
      25.39407
     ],
     [
      50.246334,
      25.454862
     ],
     [
      50.105771,
      25.658094
     ],
     [
      50.030474,
      25.783138
     ],
     [
      50.006813,
      25.813661
     ],
     [
      49.975478,
      25.851843
     ],
     [
      49.93952,
      25.887786
     ],
     [
      49.890541,
      25.891708
     ],
     [
      49.778885,
      25.906398
     ],
     [
      49.729241,
      25.911299
     ],
     [
      49.682224,
      25.940661
     ]
    ]
   }
  },
  {
   "type": "Feature",
   "properties": {
    "id": "ME2026-0249",
    "commodity": "oil",
    "status_class": "in_service",
    "name": null,
    "name_dist_pt": null,
    "name_ambiguous": null,
    "name_confidence": null,
    "commodity_conflict": null,
    "other_names": null,
    "diameter_in": null,
    "length_km": 14.66,
    "n_vertices": 2,
    "legend_class": "oil_in_service",
    "stroke_rgb": "#00922f",
    "dashed": false,
    "source_map": "me2026",
    "source_file": "../energy-map-of-the-middle-east-2026-peregrine-bush.pdf",
    "source_page": 1,
    "source_title": "Energy Infrastructure Map of the Middle East, 2026 edition",
    "source_publisher": "Petroleum Economist / World Oil / Gulf Energy Information / Global Energy Infrastructure",
    "geometry_source": "stroke",
    "georef_order": 2,
    "georef_source": "map's own coastline vector registered to Natural Earth 10m coastline+lakes by trimmed ICP",
    "georef_insample_rmse_km": 0.97,
    "georef_holdout_layer": "ne_10m_admin_0_countries vs the map's own border strokes",
    "georef_holdout_median_km": 1.45,
    "georef_holdout_rmse_km": 1.6,
    "drawn_feature_offset_median_km": 2.39,
    "accuracy_tier": "medium"
   },
   "geometry": {
    "type": "LineString",
    "coordinates": [
     [
      49.989189,
      26.210587
     ],
     [
      49.860576,
      26.274225
     ]
    ]
   }
  },
  {
   "type": "Feature",
   "properties": {
    "id": "ME2026-0250",
    "commodity": "oil",
    "status_class": "in_service",
    "name": null,
    "name_dist_pt": null,
    "name_ambiguous": null,
    "name_confidence": null,
    "commodity_conflict": null,
    "other_names": null,
    "diameter_in": null,
    "length_km": 110.72,
    "n_vertices": 14,
    "legend_class": "oil_in_service",
    "stroke_rgb": "#00922f",
    "dashed": false,
    "source_map": "me2026",
    "source_file": "../energy-map-of-the-middle-east-2026-peregrine-bush.pdf",
    "source_page": 1,
    "source_title": "Energy Infrastructure Map of the Middle East, 2026 edition",
    "source_publisher": "Petroleum Economist / World Oil / Gulf Energy Information / Global Energy Infrastructure",
    "geometry_source": "stroke",
    "georef_order": 2,
    "georef_source": "map's own coastline vector registered to Natural Earth 10m coastline+lakes by trimmed ICP",
    "georef_insample_rmse_km": 0.97,
    "georef_holdout_layer": "ne_10m_admin_0_countries vs the map's own border strokes",
    "georef_holdout_median_km": 1.45,
    "georef_holdout_rmse_km": 1.6,
    "drawn_feature_offset_median_km": 2.39,
    "accuracy_tier": "medium"
   },
   "geometry": {
    "type": "LineString",
    "coordinates": [
     [
      49.948051,
      26.516458
     ],
     [
      49.960797,
      26.537012
     ],
     [
      49.949391,
      26.644781
     ],
     [
      49.962303,
      26.780859
     ],
     [
      49.98478,
      26.80791
     ],
     [
      49.982059,
      26.830352
     ],
     [
      49.942491,
      26.789328
     ],
     [
      49.929748,
      26.645398
     ],
     [
      49.945813,
      26.519398
     ],
     [
      49.923861,
      26.572266
     ],
     [
      49.910178,
      26.646863
     ],
     [
      49.924773,
      26.795003
     ],
     [
      49.960819,
      26.832119
     ],
     [
      49.982059,
      26.830352
     ]
    ]
   }
  },
  {
   "type": "Feature",
   "properties": {
    "id": "ME2026-0251",
    "commodity": "oil",
    "status_class": "in_service",
    "name": null,
    "name_dist_pt": null,
    "name_ambiguous": null,
    "name_confidence": null,
    "commodity_conflict": null,
    "other_names": null,
    "diameter_in": null,
    "length_km": 424.82,
    "n_vertices": 26,
    "legend_class": "oil_in_service",
    "stroke_rgb": "#00922f",
    "dashed": false,
    "source_map": "me2026",
    "source_file": "../energy-map-of-the-middle-east-2026-peregrine-bush.pdf",
    "source_page": 1,
    "source_title": "Energy Infrastructure Map of the Middle East, 2026 edition",
    "source_publisher": "Petroleum Economist / World Oil / Gulf Energy Information / Global Energy Infrastructure",
    "geometry_source": "stroke",
    "georef_order": 2,
    "georef_source": "map's own coastline vector registered to Natural Earth 10m coastline+lakes by trimmed ICP",
    "georef_insample_rmse_km": 0.97,
    "georef_holdout_layer": "ne_10m_admin_0_countries vs the map's own border strokes",
    "georef_holdout_median_km": 1.45,
    "georef_holdout_rmse_km": 1.6,
    "drawn_feature_offset_median_km": 2.39,
    "accuracy_tier": "medium"
   },
   "geometry": {
    "type": "LineString",
    "coordinates": [
     [
      50.083702,
      26.71538
     ],
     [
      50.044069,
      26.763859
     ],
     [
      49.740048,
      26.883032
     ],
     [
      49.650922,
      26.959409
     ],
     [
      49.35474,
      27.078565
     ],
     [
      49.204921,
      27.157867
     ],
     [
      48.986843,
      27.324019
     ],
     [
      48.917627,
      27.498014
     ],
     [
      48.784476,
      27.680815
     ],
     [
      48.742674,
      27.842073
     ],
     [
      48.742697,
      27.962501
     ],
     [
      48.747601,
      27.977189
     ],
     [
      48.744377,
      28.01121
     ],
     [
      48.726061,
      27.973232
     ],
     [
      48.725055,
      27.841092
     ],
     [
      48.769095,
      27.671995
     ],
     [
      48.900976,
      27.494094
     ],
     [
      48.972442,
      27.314232
     ],
     [
      49.1873,
      27.147099
     ],
     [
      49.34398,
      27.06095
     ],
     [
      49.518989,
      26.993672
     ],
     [
      49.638189,
      26.94863
     ],
     [
      49.729276,
      26.873245
     ],
     [
      49.914087,
      26.796189
     ],
     [
      50.040146,
      26.749184
     ],
     [
      50.083702,
      26.71538
     ]
    ]
   }
  },
  {
   "type": "Feature",
   "properties": {
    "id": "ME2026-0252",
    "commodity": "oil",
    "status_class": "in_service",
    "name": null,
    "name_dist_pt": null,
    "name_ambiguous": null,
    "name_confidence": null,
    "commodity_conflict": null,
    "other_names": null,
    "diameter_in": null,
    "length_km": 128.61,
    "n_vertices": 10,
    "legend_class": "oil_in_service",
    "stroke_rgb": "#00922f",
    "dashed": false,
    "source_map": "me2026",
    "source_file": "../energy-map-of-the-middle-east-2026-peregrine-bush.pdf",
    "source_page": 1,
    "source_title": "Energy Infrastructure Map of the Middle East, 2026 edition",
    "source_publisher": "Petroleum Economist / World Oil / Gulf Energy Information / Global Energy Infrastructure",
    "geometry_source": "stroke",
    "georef_order": 2,
    "georef_source": "map's own coastline vector registered to Natural Earth 10m coastline+lakes by trimmed ICP",
    "georef_insample_rmse_km": 0.97,
    "georef_holdout_layer": "ne_10m_admin_0_countries vs the map's own border strokes",
    "georef_holdout_median_km": 1.45,
    "georef_holdout_rmse_km": 1.6,
    "drawn_feature_offset_median_km": 2.39,
    "accuracy_tier": "medium"
   },
   "geometry": {
    "type": "LineString",
    "coordinates": [
     [
      49.935618,
      26.806955
     ],
     [
      49.879803,
      26.834371
     ],
     [
      49.608812,
      27.014226
     ],
     [
      49.516069,
      27.079545
     ],
     [
      49.42596,
      27.092272
     ],
     [
      49.290129,
      27.175495
     ],
     [
      49.163115,
      27.286821
     ],
     [
      49.118077,
      27.306395
     ],
     [
      49.055391,
      27.38081
     ],
     [
      48.917627,
      27.498014
     ]
    ]
   }
  },
  {
   "type": "Feature",
   "properties": {
    "id": "ME2026-0253",
    "commodity": "oil",
    "status_class": "in_service",
    "name": null,
    "name_dist_pt": null,
    "name_ambiguous": null,
    "name_confidence": null,
    "commodity_conflict": null,
    "other_names": null,
    "diameter_in": null,
    "length_km": 52.7,
    "n_vertices": 4,
    "legend_class": "oil_in_service",
    "stroke_rgb": "#00922f",
    "dashed": false,
    "source_map": "me2026",
    "source_file": "../energy-map-of-the-middle-east-2026-peregrine-bush.pdf",
    "source_page": 1,
    "source_title": "Energy Infrastructure Map of the Middle East, 2026 edition",
    "source_publisher": "Petroleum Economist / World Oil / Gulf Energy Information / Global Energy Infrastructure",
    "geometry_source": "stroke",
    "georef_order": 2,
    "georef_source": "map's own coastline vector registered to Natural Earth 10m coastline+lakes by trimmed ICP",
    "georef_insample_rmse_km": 0.97,
    "georef_holdout_layer": "ne_10m_admin_0_countries vs the map's own border strokes",
    "georef_holdout_median_km": 1.45,
    "georef_holdout_rmse_km": 1.6,
    "drawn_feature_offset_median_km": 2.39,
    "accuracy_tier": "medium"
   },
   "geometry": {
    "type": "LineString",
    "coordinates": [
     [
      49.944442,
      26.815762
     ],
     [
      49.607835,
      27.039402
     ],
     [
      49.599027,
      27.065837
     ],
     [
      49.628407,
      27.133393
     ]
    ]
   }
  },
  {
   "type": "Feature",
   "properties": {
    "id": "ME2026-0254",
    "commodity": "oil",
    "status_class": "in_service",
    "name": null,
    "name_dist_pt": null,
    "name_ambiguous": null,
    "name_confidence": null,
    "commodity_conflict": null,
    "other_names": null,
    "diameter_in": null,
    "length_km": 69.46,
    "n_vertices": 5,
    "legend_class": "oil_in_service",
    "stroke_rgb": "#00922f",
    "dashed": false,
    "source_map": "me2026",
    "source_file": "../energy-map-of-the-middle-east-2026-peregrine-bush.pdf",
    "source_page": 1,
    "source_title": "Energy Infrastructure Map of the Middle East, 2026 edition",
    "source_publisher": "Petroleum Economist / World Oil / Gulf Energy Information / Global Energy Infrastructure",
    "geometry_source": "stroke",
    "georef_order": 2,
    "georef_source": "map's own coastline vector registered to Natural Earth 10m coastline+lakes by trimmed ICP",
    "georef_insample_rmse_km": 0.97,
    "georef_holdout_layer": "ne_10m_admin_0_countries vs the map's own border strokes",
    "georef_holdout_median_km": 1.45,
    "georef_holdout_rmse_km": 1.6,
    "drawn_feature_offset_median_km": 2.39,
    "accuracy_tier": "medium"
   },
   "geometry": {
    "type": "LineString",
    "coordinates": [
     [
      48.964907,
      28.740749
     ],
     [
      48.969781,
      28.646752
     ],
     [
      48.963867,
      28.532479
     ],
     [
      48.940366,
      28.485474
     ],
     [
      48.534999,
      28.40669
     ]
    ]
   }
  },
  {
   "type": "Feature",
   "properties": {
    "id": "ME2026-0255",
    "commodity": "oil",
    "status_class": "in_service",
    "name": null,
    "name_dist_pt": null,
    "name_ambiguous": null,
    "name_confidence": null,
    "commodity_conflict": null,
    "other_names": null,
    "diameter_in": null,
    "length_km": 93.95,
    "n_vertices": 8,
    "legend_class": "oil_in_service",
    "stroke_rgb": "#00922f",
    "dashed": false,
    "source_map": "me2026",
    "source_file": "../energy-map-of-the-middle-east-2026-peregrine-bush.pdf",
    "source_page": 1,
    "source_title": "Energy Infrastructure Map of the Middle East, 2026 edition",
    "source_publisher": "Petroleum Economist / World Oil / Gulf Energy Information / Global Energy Infrastructure",
    "geometry_source": "stroke",
    "georef_order": 2,
    "georef_source": "map's own coastline vector registered to Natural Earth 10m coastline+lakes by trimmed ICP",
    "georef_insample_rmse_km": 0.97,
    "georef_holdout_layer": "ne_10m_admin_0_countries vs the map's own border strokes",
    "georef_holdout_median_km": 1.45,
    "georef_holdout_rmse_km": 1.6,
    "drawn_feature_offset_median_km": 2.39,
    "accuracy_tier": "medium"
   },
   "geometry": {
    "type": "LineString",
    "coordinates": [
     [
      47.924948,
      28.587012
     ],
     [
      47.951818,
      28.578134
     ],
     [
      48.230339,
      28.69468
     ],
     [
      48.340996,
      28.709376
     ],
     [
      48.355621,
      28.739032
     ],
     [
      48.346856,
      28.725045
     ],
     [
      48.229364,
      28.713288
     ],
     [
      47.922443,
      28.585971
     ]
    ]
   }
  },
  {
   "type": "Feature",
   "properties": {
    "id": "ME2026-0256",
    "commodity": "oil",
    "status_class": "in_service",
    "name": null,
    "name_dist_pt": null,
    "name_ambiguous": null,
    "name_confidence": null,
    "commodity_conflict": null,
    "other_names": null,
    "diameter_in": null,
    "length_km": 197.41,
    "n_vertices": 19,
    "legend_class": "oil_in_service",
    "stroke_rgb": "#00922f",
    "dashed": false,
    "source_map": "me2026",
    "source_file": "../energy-map-of-the-middle-east-2026-peregrine-bush.pdf",
    "source_page": 1,
    "source_title": "Energy Infrastructure Map of the Middle East, 2026 edition",
    "source_publisher": "Petroleum Economist / World Oil / Gulf Energy Information / Global Energy Infrastructure",
    "geometry_source": "stroke",
    "georef_order": 2,
    "georef_source": "map's own coastline vector registered to Natural Earth 10m coastline+lakes by trimmed ICP",
    "georef_insample_rmse_km": 0.97,
    "georef_holdout_layer": "ne_10m_admin_0_countries vs the map's own border strokes",
    "georef_holdout_median_km": 1.45,
    "georef_holdout_rmse_km": 1.6,
    "drawn_feature_offset_median_km": 2.39,
    "accuracy_tier": "medium"
   },
   "geometry": {
    "type": "LineString",
    "coordinates": [
     [
      48.353734,
      28.741693
     ],
     [
      48.32044,
      28.757359
     ],
     [
      48.282251,
      28.750496
     ],
     [
      48.175817,
      28.815797
     ],
     [
      47.978376,
      29.001534
     ],
     [
      47.89515,
      29.014254
     ],
     [
      47.727036,
      29.051453
     ],
     [
      47.667304,
      29.045567
     ],
     [
      47.56185,
      29.033795
     ],
     [
      47.576533,
      29.019121
     ],
     [
      47.640841,
      28.954786
     ],
     [
      47.678046,
      28.922474
     ],
     [
      47.7172,
      28.892134
     ],
     [
      47.731884,
      28.879408
     ],
     [
      47.76907,
      28.82066
     ],
     [
      47.921464,
      28.588911
     ],
     [
      47.934198,
      28.609468
     ],
     [
      48.222508,
      28.726995
     ],
     [
      48.355682,
      28.740713
     ]
    ]
   }
  },
  {
   "type": "Feature",
   "properties": {
    "id": "ME2026-0257",
    "commodity": "oil",
    "status_class": "in_service",
    "name": null,
    "name_dist_pt": null,
    "name_ambiguous": null,
    "name_confidence": null,
    "commodity_conflict": null,
    "other_names": null,
    "diameter_in": null,
    "length_km": 60.97,
    "n_vertices": 6,
    "legend_class": "oil_in_service",
    "stroke_rgb": "#00922f",
    "dashed": false,
    "source_map": "me2026",
    "source_file": "../energy-map-of-the-middle-east-2026-peregrine-bush.pdf",
    "source_page": 1,
    "source_title": "Energy Infrastructure Map of the Middle East, 2026 edition",
    "source_publisher": "Petroleum Economist / World Oil / Gulf Energy Information / Global Energy Infrastructure",
    "geometry_source": "stroke",
    "georef_order": 2,
    "georef_source": "map's own coastline vector registered to Natural Earth 10m coastline+lakes by trimmed ICP",
    "georef_insample_rmse_km": 0.97,
    "georef_holdout_layer": "ne_10m_admin_0_countries vs the map's own border strokes",
    "georef_holdout_median_km": 1.45,
    "georef_holdout_rmse_km": 1.6,
    "drawn_feature_offset_median_km": 2.39,
    "accuracy_tier": "medium"
   },
   "geometry": {
    "type": "LineString",
    "coordinates": [
     [
      47.56185,
      29.033795
     ],
     [
      47.561852,
      29.039675
     ],
     [
      47.549131,
      29.059262
     ],
     [
      47.51878,
      29.072966
     ],
     [
      47.345784,
      29.090561
     ],
     [
      46.963566,
      29.135554
     ]
    ]
   }
  },
  {
   "type": "Feature",
   "properties": {
    "id": "ME2026-0258",
    "commodity": "oil",
    "status_class": "in_service",
    "name": null,
    "name_dist_pt": null,
    "name_ambiguous": null,
    "name_confidence": null,
    "commodity_conflict": null,
    "other_names": null,
    "diameter_in": null,
    "length_km": 115.76,
    "n_vertices": 14,
    "legend_class": "oil_in_service",
    "stroke_rgb": "#00922f",
    "dashed": false,
    "source_map": "me2026",
    "source_file": "../energy-map-of-the-middle-east-2026-peregrine-bush.pdf",
    "source_page": 1,
    "source_title": "Energy Infrastructure Map of the Middle East, 2026 edition",
    "source_publisher": "Petroleum Economist / World Oil / Gulf Energy Information / Global Energy Infrastructure",
    "geometry_source": "stroke",
    "georef_order": 2,
    "georef_source": "map's own coastline vector registered to Natural Earth 10m coastline+lakes by trimmed ICP",
    "georef_insample_rmse_km": 0.97,
    "georef_holdout_layer": "ne_10m_admin_0_countries vs the map's own border strokes",
    "georef_holdout_median_km": 1.45,
    "georef_holdout_rmse_km": 1.6,
    "drawn_feature_offset_median_km": 2.39,
    "accuracy_tier": "medium"
   },
   "geometry": {
    "type": "LineString",
    "coordinates": [
     [
      47.724651,
      28.885674
     ],
     [
      47.757346,
      28.899966
     ],
     [
      47.782804,
      28.909757
     ],
     [
      47.825604,
      28.930329
     ],
     [
      47.884368,
      28.968229
     ],
     [
      47.927456,
      28.979013
     ],
     [
      47.972482,
      28.996633
     ],
     [
      47.980325,
      29.007414
     ],
     [
      48.15043,
      29.00743
     ],
     [
      48.0358,
      28.805017
     ],
     [
      47.9293,
      28.618287
     ],
     [
      47.921464,
      28.588911
     ],
     [
      47.87738,
      28.509879
     ],
     [
      47.882259,
      28.427645
     ]
    ]
   }
  },
  {
   "type": "Feature",
   "properties": {
    "id": "ME2026-0259",
    "commodity": "oil",
    "status_class": "in_service",
    "name": null,
    "name_dist_pt": null,
    "name_ambiguous": null,
    "name_confidence": null,
    "commodity_conflict": null,
    "other_names": null,
    "diameter_in": null,
    "length_km": 144.57,
    "n_vertices": 17,
    "legend_class": "oil_in_service",
    "stroke_rgb": "#00922f",
    "dashed": false,
    "source_map": "me2026",
    "source_file": "../energy-map-of-the-middle-east-2026-peregrine-bush.pdf",
    "source_page": 1,
    "source_title": "Energy Infrastructure Map of the Middle East, 2026 edition",
    "source_publisher": "Petroleum Economist / World Oil / Gulf Energy Information / Global Energy Infrastructure",
    "geometry_source": "stroke",
    "georef_order": 2,
    "georef_source": "map's own coastline vector registered to Natural Earth 10m coastline+lakes by trimmed ICP",
    "georef_insample_rmse_km": 0.97,
    "georef_holdout_layer": "ne_10m_admin_0_countries vs the map's own border strokes",
    "georef_holdout_median_km": 1.45,
    "georef_holdout_rmse_km": 1.6,
    "drawn_feature_offset_median_km": 2.39,
    "accuracy_tier": "medium"
   },
   "geometry": {
    "type": "LineString",
    "coordinates": [
     [
      47.830471,
      29.797943
     ],
     [
      47.781182,
      29.863976
     ],
     [
      47.745944,
      29.87964
     ],
     [
      47.704828,
      29.898535
     ],
     [
      47.691115,
      29.884825
     ],
     [
      47.671509,
      29.841446
     ],
     [
      47.662661,
      29.740598
     ],
     [
      47.662622,
      29.641009
     ],
     [
      47.64986,
      29.549937
     ],
     [
      47.649838,
      29.488546
     ],
     [
      47.683054,
      29.299852
     ],
     [
      47.713379,
      29.243063
     ],
     [
      47.803456,
      29.214688
     ],
     [
      47.962761,
      29.16966
     ],
     [
      48.072127,
      29.134704
     ],
     [
      48.135752,
      29.041692
     ],
     [
      48.155258,
      29.009221
     ]
    ]
   }
  },
  {
   "type": "Feature",
   "properties": {
    "id": "ME2026-0260",
    "commodity": "oil",
    "status_class": "in_service",
    "name": null,
    "name_dist_pt": null,
    "name_ambiguous": null,
    "name_confidence": null,
    "commodity_conflict": null,
    "other_names": null,
    "diameter_in": null,
    "length_km": 155.43,
    "n_vertices": 4,
    "legend_class": "oil_in_service",
    "stroke_rgb": "#00922f",
    "dashed": false,
    "source_map": "me2026",
    "source_file": "../energy-map-of-the-middle-east-2026-peregrine-bush.pdf",
    "source_page": 1,
    "source_title": "Energy Infrastructure Map of the Middle East, 2026 edition",
    "source_publisher": "Petroleum Economist / World Oil / Gulf Energy Information / Global Energy Infrastructure",
    "geometry_source": "stroke",
    "georef_order": 2,
    "georef_source": "map's own coastline vector registered to Natural Earth 10m coastline+lakes by trimmed ICP",
    "georef_insample_rmse_km": 0.97,
    "georef_holdout_layer": "ne_10m_admin_0_countries vs the map's own border strokes",
    "georef_holdout_median_km": 1.45,
    "georef_holdout_rmse_km": 1.6,
    "drawn_feature_offset_median_km": 2.39,
    "accuracy_tier": "medium"
   },
   "geometry": {
    "type": "LineString",
    "coordinates": [
     [
      49.43586,
      29.539627
     ],
     [
      50.264144,
      29.826375
     ],
     [
      49.691762,
      29.946216
     ],
     [
      49.744881,
      30.047335
     ]
    ]
   }
  },
  {
   "type": "Feature",
   "properties": {
    "id": "ME2026-0261",
    "commodity": "oil",
    "status_class": "in_service",
    "name": null,
    "name_dist_pt": null,
    "name_ambiguous": null,
    "name_confidence": null,
    "commodity_conflict": null,
    "other_names": null,
    "diameter_in": null,
    "length_km": 157.88,
    "n_vertices": 3,
    "legend_class": "oil_in_service",
    "stroke_rgb": "#00922f",
    "dashed": false,
    "source_map": "me2026",
    "source_file": "../energy-map-of-the-middle-east-2026-peregrine-bush.pdf",
    "source_page": 1,
    "source_title": "Energy Infrastructure Map of the Middle East, 2026 edition",
    "source_publisher": "Petroleum Economist / World Oil / Gulf Energy Information / Global Energy Infrastructure",
    "geometry_source": "stroke",
    "georef_order": 2,
    "georef_source": "map's own coastline vector registered to Natural Earth 10m coastline+lakes by trimmed ICP",
    "georef_insample_rmse_km": 0.97,
    "georef_holdout_layer": "ne_10m_admin_0_countries vs the map's own border strokes",
    "georef_holdout_median_km": 1.45,
    "georef_holdout_rmse_km": 1.6,
    "drawn_feature_offset_median_km": 2.39,
    "accuracy_tier": "medium"
   },
   "geometry": {
    "type": "LineString",
    "coordinates": [
     [
      49.498845,
      29.301985
     ],
     [
      50.311489,
      29.22891
     ],
     [
      49.52581,
      29.068361
     ]
    ]
   }
  },
  {
   "type": "Feature",
   "properties": {
    "id": "ME2026-0262",
    "commodity": "oil",
    "status_class": "in_service",
    "name": null,
    "name_dist_pt": null,
    "name_ambiguous": null,
    "name_confidence": null,
    "commodity_conflict": null,
    "other_names": null,
    "diameter_in": null,
    "length_km": 188.97,
    "n_vertices": 8,
    "legend_class": "oil_in_service",
    "stroke_rgb": "#00922f",
    "dashed": false,
    "source_map": "me2026",
    "source_file": "../energy-map-of-the-middle-east-2026-peregrine-bush.pdf",
    "source_page": 1,
    "source_title": "Energy Infrastructure Map of the Middle East, 2026 edition",
    "source_publisher": "Petroleum Economist / World Oil / Gulf Energy Information / Global Energy Infrastructure",
    "geometry_source": "stroke",
    "georef_order": 2,
    "georef_source": "map's own coastline vector registered to Natural Earth 10m coastline+lakes by trimmed ICP",
    "georef_insample_rmse_km": 0.97,
    "georef_holdout_layer": "ne_10m_admin_0_countries vs the map's own border strokes",
    "georef_holdout_median_km": 1.45,
    "georef_holdout_rmse_km": 1.6,
    "drawn_feature_offset_median_km": 2.39,
    "accuracy_tier": "medium"
   },
   "geometry": {
    "type": "LineString",
    "coordinates": [
     [
      49.750705,
      28.552677
     ],
     [
      50.055622,
      28.91081
     ],
     [
      50.276417,
      29.178867
     ],
     [
      50.311489,
      29.22891
     ],
     [
      50.513318,
      29.620096
     ],
     [
      50.514973,
      29.583193
     ],
     [
      50.339625,
      29.243768
     ],
     [
      50.311489,
      29.22891
     ]
    ]
   }
  },
  {
   "type": "Feature",
   "properties": {
    "id": "ME2026-0263",
    "commodity": "oil",
    "status_class": "in_service",
    "name": null,
    "name_dist_pt": null,
    "name_ambiguous": null,
    "name_confidence": null,
    "commodity_conflict": null,
    "other_names": null,
    "diameter_in": "12",
    "length_km": 406.37,
    "n_vertices": 38,
    "legend_class": "oil_in_service",
    "stroke_rgb": "#00922f",
    "dashed": false,
    "source_map": "me2026",
    "source_file": "../energy-map-of-the-middle-east-2026-peregrine-bush.pdf",
    "source_page": 1,
    "source_title": "Energy Infrastructure Map of the Middle East, 2026 edition",
    "source_publisher": "Petroleum Economist / World Oil / Gulf Energy Information / Global Energy Infrastructure",
    "geometry_source": "stroke",
    "georef_order": 2,
    "georef_source": "map's own coastline vector registered to Natural Earth 10m coastline+lakes by trimmed ICP",
    "georef_insample_rmse_km": 0.97,
    "georef_holdout_layer": "ne_10m_admin_0_countries vs the map's own border strokes",
    "georef_holdout_median_km": 1.45,
    "georef_holdout_rmse_km": 1.6,
    "drawn_feature_offset_median_km": 2.39,
    "accuracy_tier": "medium"
   },
   "geometry": {
    "type": "LineString",
    "coordinates": [
     [
      48.276394,
      30.748886
     ],
     [
      48.304267,
      30.666973
     ],
     [
      48.316509,
      30.566461
     ],
     [
      48.289052,
      30.513219
     ],
     [
      48.252322,
      30.40162
     ],
     [
      48.257544,
      30.365249
     ],
     [
      48.271909,
      30.345467
     ],
     [
      48.301503,
      30.388835
     ],
     [
      48.753863,
      30.564733
     ],
     [
      49.18001,
      30.592337
     ],
     [
      49.2224,
      30.610078
     ],
     [
      49.262813,
      30.61797
     ],
     [
      49.516624,
      30.704703
     ],
     [
      49.700456,
      30.77218
     ],
     [
      49.727031,
      30.720925
     ],
     [
      49.856558,
      30.605191
     ],
     [
      49.919615,
      30.554929
     ],
     [
      50.042255,
      30.450024
     ],
     [
      50.136842,
      30.371182
     ],
     [
      50.168817,
      30.339202
     ],
     [
      50.17964,
      30.296828
     ],
     [
      50.193427,
      30.273173
     ],
     [
      50.219049,
      30.268248
     ],
     [
      50.271296,
      30.255434
     ],
     [
      50.32452,
      30.234744
     ],
     [
      50.368341,
      30.216013
     ],
     [
      50.373258,
      30.196314
     ],
     [
      50.363371,
      30.128313
     ],
     [
      50.363346,
      30.07563
     ],
     [
      50.37711,
      30.003696
     ],
     [
      50.411584,
      29.92639
     ],
     [
      50.431268,
      29.87908
     ],
     [
      50.517944,
      29.708146
     ],
     [
      50.51332,
      29.624101
     ],
     [
      50.520329,
      29.598075
     ],
     [
      50.529759,
      29.570802
     ],
     [
      50.359341,
      29.238081
     ],
     [
      50.312119,
      29.230132
     ]
    ]
   }
  },
  {
   "type": "Feature",
   "properties": {
    "id": "ME2026-0264",
    "commodity": "oil",
    "status_class": "in_service",
    "name": null,
    "name_dist_pt": null,
    "name_ambiguous": null,
    "name_confidence": null,
    "commodity_conflict": null,
    "other_names": null,
    "diameter_in": "10",
    "length_km": 393.41,
    "n_vertices": 65,
    "legend_class": "oil_in_service",
    "stroke_rgb": "#00922f",
    "dashed": false,
    "source_map": "me2026",
    "source_file": "../energy-map-of-the-middle-east-2026-peregrine-bush.pdf",
    "source_page": 1,
    "source_title": "Energy Infrastructure Map of the Middle East, 2026 edition",
    "source_publisher": "Petroleum Economist / World Oil / Gulf Energy Information / Global Energy Infrastructure",
    "geometry_source": "stroke",
    "georef_order": 2,
    "georef_source": "map's own coastline vector registered to Natural Earth 10m coastline+lakes by trimmed ICP",
    "georef_insample_rmse_km": 0.97,
    "georef_holdout_layer": "ne_10m_admin_0_countries vs the map's own border strokes",
    "georef_holdout_median_km": 1.45,
    "georef_holdout_rmse_km": 1.6,
    "drawn_feature_offset_median_km": 2.39,
    "accuracy_tier": "medium"
   },
   "geometry": {
    "type": "LineString",
    "coordinates": [
     [
      49.182941,
      30.528292
     ],
     [
      49.20068,
      30.54504
     ],
     [
      49.230258,
      30.547014
     ],
     [
      49.335715,
      30.543087
     ],
     [
      49.514572,
      30.555897
     ],
     [
      49.655988,
      30.566744
     ],
     [
      49.763893,
      30.578581
     ],
     [
      49.818106,
      30.583507
     ],
     [
      49.853583,
      30.58646
     ],
     [
      49.88315,
      30.583509
     ],
     [
      49.909774,
      30.576612
     ],
     [
      49.933427,
      30.581538
     ],
     [
      49.950645,
      30.59336
     ],
     [
      49.966419,
      30.598285
     ],
     [
      49.980225,
      30.590408
     ],
     [
      49.994025,
      30.594341
     ],
     [
      49.998563,
      30.616024
     ],
     [
      50.010799,
      30.636716
     ],
     [
      50.048261,
      30.636716
     ],
     [
      50.090631,
      30.626867
     ],
     [
      50.135979,
      30.616026
     ],
     [
      50.175858,
      30.60913
     ],
     [
      50.195569,
      30.598288
     ],
     [
      50.216271,
      30.582522
     ],
     [
      50.247793,
      30.565776
     ],
     [
      50.270457,
      30.55099
     ],
     [
      50.304948,
      30.516492
     ],
     [
      50.345808,
      30.485504
     ],
     [
      50.406903,
      30.447074
     ],
     [
      50.501505,
      30.385969
     ],
     [
      50.572932,
      30.355415
     ],
     [
      50.627147,
      30.34951
     ],
     [
      50.749817,
      30.296824
     ],
     [
      50.761655,
      30.296824
     ],
     [
      50.796162,
      30.309625
     ],
     [
      50.953921,
      30.28634
     ],
     [
      50.982873,
      30.254625
     ],
     [
      51.003473,
      30.078485
     ],
     [
      51.091297,
      30.045848
     ],
     [
      51.129074,
      30.010913
     ],
     [
      51.30252,
      29.96449
     ],
     [
      51.390328,
      29.939656
     ],
     [
      51.472184,
      29.896818
     ],
     [
      51.670907,
      29.798904
     ],
     [
      51.717896,
      29.776371
     ],
     [
      51.793312,
      29.776365
     ],
     [
      51.857258,
      29.790614
     ],
     [
      52.000753,
      29.732135
     ],
     [
      52.133341,
      29.670075
     ],
     [
      52.179785,
      29.639264
     ],
     [
      52.228057,
      29.607085
     ],
     [
      52.438789,
      29.600965
     ],
     [
      52.446089,
      29.625261
     ],
     [
      52.460893,
      29.640033
     ],
     [
      52.48404,
      29.656777
     ],
     [
      52.511641,
      29.667616
     ],
     [
      52.53137,
      29.67451
     ],
     [
      52.545189,
      29.681406
     ],
     [
      52.563928,
      29.694218
     ],
     [
      52.578732,
      29.709002
     ],
     [
      52.589574,
      29.719842
     ],
     [
      52.6034,
      29.739007
     ],
     [
      52.626085,
      29.749846
     ],
     [
      52.637927,
      29.747873
     ],
     [
      52.657102,
      29.735589
     ]
    ]
   }
  },
  {
   "type": "Feature",
   "properties": {
    "id": "ME2026-0265",
    "commodity": "oil",
    "status_class": "in_service",
    "name": "Tehran-Esfahan Pipeline",
    "name_dist_pt": 0.1,
    "name_ambiguous": false,
    "name_confidence": "high",
    "commodity_conflict": null,
    "other_names": null,
    "diameter_in": "24",
    "length_km": 626.76,
    "n_vertices": 73,
    "legend_class": "oil_in_service",
    "stroke_rgb": "#00922f",
    "dashed": false,
    "source_map": "me2026",
    "source_file": "../energy-map-of-the-middle-east-2026-peregrine-bush.pdf",
    "source_page": 1,
    "source_title": "Energy Infrastructure Map of the Middle East, 2026 edition",
    "source_publisher": "Petroleum Economist / World Oil / Gulf Energy Information / Global Energy Infrastructure",
    "geometry_source": "stroke",
    "georef_order": 2,
    "georef_source": "map's own coastline vector registered to Natural Earth 10m coastline+lakes by trimmed ICP",
    "georef_insample_rmse_km": 0.97,
    "georef_holdout_layer": "ne_10m_admin_0_countries vs the map's own border strokes",
    "georef_holdout_median_km": 1.45,
    "georef_holdout_rmse_km": 1.6,
    "drawn_feature_offset_median_km": 2.39,
    "accuracy_tier": "medium"
   },
   "geometry": {
    "type": "LineString",
    "coordinates": [
     [
      49.530587,
      31.002234
     ],
     [
      49.672181,
      31.307652
     ],
     [
      49.719552,
      31.404239
     ],
     [
      49.859062,
      31.508164
     ],
     [
      50.044917,
      31.639244
     ],
     [
      50.112841,
      31.687878
     ],
     [
      50.138,
      31.714634
     ],
     [
      50.193421,
      31.74433
     ],
     [
      50.234579,
      31.76719
     ],
     [
      50.275739,
      31.808321
     ],
     [
      50.363182,
      31.877394
     ],
     [
      50.494678,
      31.964232
     ],
     [
      50.528359,
      31.988228
     ],
     [
      50.577524,
      32.013362
     ],
     [
      50.607256,
      32.032785
     ],
     [
      50.639257,
      32.042453
     ],
     [
      50.66099,
      32.064163
     ],
     [
      50.680439,
      32.091596
     ],
     [
      50.731293,
      32.123579
     ],
     [
      50.8102,
      32.176134
     ],
     [
      50.875369,
      32.212691
     ],
     [
      50.955948,
      32.280626
     ],
     [
      50.991903,
      32.295874
     ],
     [
      51.016527,
      32.311944
     ],
     [
      51.044011,
      32.332044
     ],
     [
      51.146334,
      32.410882
     ],
     [
      51.200079,
      32.447439
     ],
     [
      51.252683,
      32.478817
     ],
     [
      51.297275,
      32.497912
     ],
     [
      51.314759,
      32.515374
     ],
     [
      51.353865,
      32.547369
     ],
     [
      51.456805,
      32.629632
     ],
     [
      51.469382,
      32.642205
     ],
     [
      51.508843,
      32.706704
     ],
     [
      51.512289,
      32.730701
     ],
     [
      51.518047,
      32.783258
     ],
     [
      51.518157,
      32.916326
     ],
     [
      51.521628,
      32.968883
     ],
     [
      51.500016,
      33.082541
     ],
     [
      51.485774,
      33.106527
     ],
     [
      51.381856,
      33.217356
     ],
     [
      51.271674,
      33.31958
     ],
     [
      51.190636,
      33.4618
     ],
     [
      51.163239,
      33.48921
     ],
     [
      51.072461,
      33.554341
     ],
     [
      51.013087,
      33.63028
     ],
     [
      51.013103,
      33.647428
     ],
     [
      51.023411,
      33.666852
     ],
     [
      51.053181,
      33.719398
     ],
     [
      51.080645,
      33.752546
     ],
     [
      51.114337,
      33.777682
     ],
     [
      51.157803,
      33.806775
     ],
     [
      51.198955,
      33.806775
     ],
     [
      51.236685,
      33.8125
     ],
     [
      51.233294,
      33.850197
     ],
     [
      51.226449,
      33.870771
     ],
     [
      51.213903,
      33.89247
     ],
     [
      51.203633,
      33.91533
     ],
     [
      51.207081,
      33.938179
     ],
     [
      51.237989,
      33.987301
     ],
     [
      51.300865,
      33.991464
     ],
     [
      51.320849,
      34.011421
     ],
     [
      51.34259,
      34.032406
     ],
     [
      51.352891,
      34.042693
     ],
     [
      51.350613,
      34.054105
     ],
     [
      51.340352,
      34.084965
     ],
     [
      51.299938,
      34.208903
     ],
     [
      51.289687,
      34.248889
     ],
     [
      51.330315,
      34.342585
     ],
     [
      51.35693,
      34.654438
     ],
     [
      51.407201,
      35.316911
     ],
     [
      51.424126,
      35.519694
     ],
     [
      51.430217,
      35.562188
     ]
    ]
   }
  },
  {
   "type": "Feature",
   "properties": {
    "id": "ME2026-0266",
    "commodity": "oil",
    "status_class": "in_service",
    "name": null,
    "name_dist_pt": null,
    "name_ambiguous": null,
    "name_confidence": null,
    "commodity_conflict": null,
    "other_names": null,
    "diameter_in": null,
    "length_km": 69.63,
    "n_vertices": 7,
    "legend_class": "oil_in_service",
    "stroke_rgb": "#00922f",
    "dashed": false,
    "source_map": "me2026",
    "source_file": "../energy-map-of-the-middle-east-2026-peregrine-bush.pdf",
    "source_page": 1,
    "source_title": "Energy Infrastructure Map of the Middle East, 2026 edition",
    "source_publisher": "Petroleum Economist / World Oil / Gulf Energy Information / Global Energy Infrastructure",
    "geometry_source": "stroke",
    "georef_order": 2,
    "georef_source": "map's own coastline vector registered to Natural Earth 10m coastline+lakes by trimmed ICP",
    "georef_insample_rmse_km": 0.97,
    "georef_holdout_layer": "ne_10m_admin_0_countries vs the map's own border strokes",
    "georef_holdout_median_km": 1.45,
    "georef_holdout_rmse_km": 1.6,
    "drawn_feature_offset_median_km": 2.39,
    "accuracy_tier": "medium"
   },
   "geometry": {
    "type": "LineString",
    "coordinates": [
     [
      49.285014,
      31.639062
     ],
     [
      49.075573,
      31.446578
     ],
     [
      48.805028,
      31.388414
     ],
     [
      48.785317,
      31.392345
     ],
     [
      48.742495,
      31.399238
     ],
     [
      48.707014,
      31.399235
     ],
     [
      48.664625,
      31.381335
     ]
    ]
   }
  },
  {
   "type": "Feature",
   "properties": {
    "id": "ME2026-0267",
    "commodity": "oil",
    "status_class": "in_service",
    "name": null,
    "name_dist_pt": null,
    "name_ambiguous": null,
    "name_confidence": null,
    "commodity_conflict": null,
    "other_names": null,
    "diameter_in": null,
    "length_km": 125.9,
    "n_vertices": 18,
    "legend_class": "oil_in_service",
    "stroke_rgb": "#00922f",
    "dashed": false,
    "source_map": "me2026",
    "source_file": "../energy-map-of-the-middle-east-2026-peregrine-bush.pdf",
    "source_page": 1,
    "source_title": "Energy Infrastructure Map of the Middle East, 2026 edition",
    "source_publisher": "Petroleum Economist / World Oil / Gulf Energy Information / Global Energy Infrastructure",
    "geometry_source": "stroke",
    "georef_order": 2,
    "georef_source": "map's own coastline vector registered to Natural Earth 10m coastline+lakes by trimmed ICP",
    "georef_insample_rmse_km": 0.97,
    "georef_holdout_layer": "ne_10m_admin_0_countries vs the map's own border strokes",
    "georef_holdout_median_km": 1.45,
    "georef_holdout_rmse_km": 1.6,
    "drawn_feature_offset_median_km": 2.39,
    "accuracy_tier": "medium"
   },
   "geometry": {
    "type": "LineString",
    "coordinates": [
     [
      49.700456,
      30.77218
     ],
     [
      49.631493,
      30.838196
     ],
     [
      49.564509,
      30.912561
     ],
     [
      49.495098,
      30.974631
     ],
     [
      49.461594,
      30.989416
     ],
     [
      49.42218,
      31.017995
     ],
     [
      49.386712,
      31.068257
     ],
     [
      49.36702,
      31.085983
     ],
     [
      49.322238,
      31.121918
     ],
     [
      49.285782,
      31.158374
     ],
     [
      49.235547,
      31.200746
     ],
     [
      49.157244,
      31.239172
     ],
     [
      49.122745,
      31.246066
     ],
     [
      49.024199,
      31.246059
     ],
     [
      48.912377,
      31.261817
     ],
     [
      48.790154,
      31.286734
     ],
     [
      48.689983,
      31.351776
     ],
     [
      48.66666,
      31.385437
     ]
    ]
   }
  },
  {
   "type": "Feature",
   "properties": {
    "id": "ME2026-0268",
    "commodity": "oil",
    "status_class": "in_service",
    "name": null,
    "name_dist_pt": null,
    "name_ambiguous": null,
    "name_confidence": null,
    "commodity_conflict": null,
    "other_names": null,
    "diameter_in": null,
    "length_km": 90.45,
    "n_vertices": 18,
    "legend_class": "oil_in_service",
    "stroke_rgb": "#00922f",
    "dashed": false,
    "source_map": "me2026",
    "source_file": "../energy-map-of-the-middle-east-2026-peregrine-bush.pdf",
    "source_page": 1,
    "source_title": "Energy Infrastructure Map of the Middle East, 2026 edition",
    "source_publisher": "Petroleum Economist / World Oil / Gulf Energy Information / Global Energy Infrastructure",
    "geometry_source": "stroke",
    "georef_order": 2,
    "georef_source": "map's own coastline vector registered to Natural Earth 10m coastline+lakes by trimmed ICP",
    "georef_insample_rmse_km": 0.97,
    "georef_holdout_layer": "ne_10m_admin_0_countries vs the map's own border strokes",
    "georef_holdout_median_km": 1.45,
    "georef_holdout_rmse_km": 1.6,
    "drawn_feature_offset_median_km": 2.39,
    "accuracy_tier": "medium"
   },
   "geometry": {
    "type": "LineString",
    "coordinates": [
     [
      50.772468,
      30.300841
     ],
     [
      50.769522,
      30.269223
     ],
     [
      50.763603,
      30.247552
     ],
     [
      50.76753,
      30.232766
     ],
     [
      50.747801,
      30.213056
     ],
     [
      50.724116,
      30.175607
     ],
     [
      50.707882,
      30.148552
     ],
     [
      50.67534,
      30.116028
     ],
     [
      50.645744,
      30.094357
     ],
     [
      50.642779,
      30.070702
     ],
     [
      50.629949,
      30.047059
     ],
     [
      50.610239,
      30.041142
     ],
     [
      50.577692,
      30.021432
     ],
     [
      50.485519,
      29.954425
     ],
     [
      50.443117,
      29.903715
     ],
     [
      50.535162,
      29.719979
     ],
     [
      50.52938,
      29.644937
     ],
     [
      50.51332,
      29.624101
     ]
    ]
   }
  },
  {
   "type": "Feature",
   "properties": {
    "id": "ME2026-0269",
    "commodity": "oil",
    "status_class": "in_service",
    "name": null,
    "name_dist_pt": null,
    "name_ambiguous": null,
    "name_confidence": null,
    "commodity_conflict": null,
    "other_names": null,
    "diameter_in": "20/24",
    "length_km": 244.26,
    "n_vertices": 22,
    "legend_class": "oil_in_service",
    "stroke_rgb": "#00922f",
    "dashed": false,
    "source_map": "me2026",
    "source_file": "../energy-map-of-the-middle-east-2026-peregrine-bush.pdf",
    "source_page": 1,
    "source_title": "Energy Infrastructure Map of the Middle East, 2026 edition",
    "source_publisher": "Petroleum Economist / World Oil / Gulf Energy Information / Global Energy Infrastructure",
    "geometry_source": "stroke",
    "georef_order": 2,
    "georef_source": "map's own coastline vector registered to Natural Earth 10m coastline+lakes by trimmed ICP",
    "georef_insample_rmse_km": 0.97,
    "georef_holdout_layer": "ne_10m_admin_0_countries vs the map's own border strokes",
    "georef_holdout_median_km": 1.45,
    "georef_holdout_rmse_km": 1.6,
    "drawn_feature_offset_median_km": 2.39,
    "accuracy_tier": "medium"
   },
   "geometry": {
    "type": "LineString",
    "coordinates": [
     [
      48.271909,
      30.345467
     ],
     [
      48.294095,
      30.409719
     ],
     [
      48.324801,
      30.499344
     ],
     [
      48.373862,
      30.585366
     ],
     [
      48.411537,
      30.692635
     ],
     [
      48.443324,
      30.76047
     ],
     [
      48.47232,
      30.787903
     ],
     [
      48.548885,
      30.996309
     ],
     [
      48.600448,
      31.105444
     ],
     [
      48.665912,
      31.308927
     ],
     [
      48.676731,
      31.349924
     ],
     [
      48.664626,
      31.383464
     ],
     [
      48.648285,
      31.316331
     ],
     [
      48.581889,
      31.111541
     ],
     [
      48.530447,
      31.002817
     ],
     [
      48.454393,
      30.799155
     ],
     [
      48.427576,
      30.772351
     ],
     [
      48.393631,
      30.698248
     ],
     [
      48.356721,
      30.594391
     ],
     [
      48.307538,
      30.506881
     ],
     [
      48.271112,
      30.398536
     ],
     [
      48.271909,
      30.345467
     ]
    ]
   }
  },
  {
   "type": "Feature",
   "properties": {
    "id": "ME2026-0270",
    "commodity": "oil",
    "status_class": "in_service",
    "name": null,
    "name_dist_pt": null,
    "name_ambiguous": null,
    "name_confidence": null,
    "commodity_conflict": null,
    "other_names": null,
    "diameter_in": null,
    "length_km": 140.27,
    "n_vertices": 8,
    "legend_class": "oil_in_service",
    "stroke_rgb": "#00922f",
    "dashed": false,
    "source_map": "me2026",
    "source_file": "../energy-map-of-the-middle-east-2026-peregrine-bush.pdf",
    "source_page": 1,
    "source_title": "Energy Infrastructure Map of the Middle East, 2026 edition",
    "source_publisher": "Petroleum Economist / World Oil / Gulf Energy Information / Global Energy Infrastructure",
    "geometry_source": "stroke",
    "georef_order": 2,
    "georef_source": "map's own coastline vector registered to Natural Earth 10m coastline+lakes by trimmed ICP",
    "georef_insample_rmse_km": 0.97,
    "georef_holdout_layer": "ne_10m_admin_0_countries vs the map's own border strokes",
    "georef_holdout_median_km": 1.45,
    "georef_holdout_rmse_km": 1.6,
    "drawn_feature_offset_median_km": 2.39,
    "accuracy_tier": "medium"
   },
   "geometry": {
    "type": "LineString",
    "coordinates": [
     [
      47.761648,
      32.302482
     ],
     [
      47.865603,
      32.243301
     ],
     [
      48.056059,
      32.127234
     ],
     [
      48.165881,
      31.893926
     ],
     [
      48.162735,
      31.763458
     ],
     [
      48.28807,
      31.687749
     ],
     [
      48.479402,
      31.568775
     ],
     [
      48.664626,
      31.383464
     ]
    ]
   }
  },
  {
   "type": "Feature",
   "properties": {
    "id": "ME2026-0271",
    "commodity": "oil",
    "status_class": "in_service",
    "name": null,
    "name_dist_pt": null,
    "name_ambiguous": null,
    "name_confidence": null,
    "commodity_conflict": null,
    "other_names": null,
    "diameter_in": null,
    "length_km": 89.52,
    "n_vertices": 6,
    "legend_class": "oil_in_service",
    "stroke_rgb": "#00922f",
    "dashed": false,
    "source_map": "me2026",
    "source_file": "../energy-map-of-the-middle-east-2026-peregrine-bush.pdf",
    "source_page": 1,
    "source_title": "Energy Infrastructure Map of the Middle East, 2026 edition",
    "source_publisher": "Petroleum Economist / World Oil / Gulf Energy Information / Global Energy Infrastructure",
    "geometry_source": "stroke",
    "georef_order": 2,
    "georef_source": "map's own coastline vector registered to Natural Earth 10m coastline+lakes by trimmed ICP",
    "georef_insample_rmse_km": 0.97,
    "georef_holdout_layer": "ne_10m_admin_0_countries vs the map's own border strokes",
    "georef_holdout_median_km": 1.45,
    "georef_holdout_rmse_km": 1.6,
    "drawn_feature_offset_median_km": 2.39,
    "accuracy_tier": "medium"
   },
   "geometry": {
    "type": "LineString",
    "coordinates": [
     [
      47.43304,
      30.220768
     ],
     [
      47.35743,
      30.415185
     ],
     [
      47.320882,
      30.494637
     ],
     [
      47.307254,
      30.558521
     ],
     [
      47.275976,
      30.548462
     ],
     [
      46.838114,
      30.361504
     ]
    ]
   }
  },
  {
   "type": "Feature",
   "properties": {
    "id": "ME2026-0272",
    "commodity": "oil",
    "status_class": "in_service",
    "name": null,
    "name_dist_pt": null,
    "name_ambiguous": null,
    "name_confidence": null,
    "commodity_conflict": null,
    "other_names": null,
    "diameter_in": null,
    "length_km": 131.76,
    "n_vertices": 8,
    "legend_class": "oil_in_service",
    "stroke_rgb": "#00922f",
    "dashed": false,
    "source_map": "me2026",
    "source_file": "../energy-map-of-the-middle-east-2026-peregrine-bush.pdf",
    "source_page": 1,
    "source_title": "Energy Infrastructure Map of the Middle East, 2026 edition",
    "source_publisher": "Petroleum Economist / World Oil / Gulf Energy Information / Global Energy Infrastructure",
    "geometry_source": "stroke",
    "georef_order": 2,
    "georef_source": "map's own coastline vector registered to Natural Earth 10m coastline+lakes by trimmed ICP",
    "georef_insample_rmse_km": 0.97,
    "georef_holdout_layer": "ne_10m_admin_0_countries vs the map's own border strokes",
    "georef_holdout_median_km": 1.45,
    "georef_holdout_rmse_km": 1.6,
    "drawn_feature_offset_median_km": 2.39,
    "accuracy_tier": "medium"
   },
   "geometry": {
    "type": "LineString",
    "coordinates": [
     [
      47.620219,
      30.360506
     ],
     [
      47.882346,
      30.443166
     ],
     [
      47.959384,
      30.394051
     ],
     [
      48.387734,
      30.032981
     ],
     [
      48.443939,
      29.97676
     ],
     [
      48.571206,
      29.84906
     ],
     [
      48.620741,
      29.839021
     ],
     [
      48.674321,
      29.80551
     ]
    ]
   }
  },
  {
   "type": "Feature",
   "properties": {
    "id": "ME2026-0273",
    "commodity": "oil",
    "status_class": "in_service",
    "name": null,
    "name_dist_pt": null,
    "name_ambiguous": null,
    "name_confidence": null,
    "commodity_conflict": null,
    "other_names": null,
    "diameter_in": null,
    "length_km": 145.56,
    "n_vertices": 12,
    "legend_class": "oil_in_service",
    "stroke_rgb": "#00922f",
    "dashed": false,
    "source_map": "me2026",
    "source_file": "../energy-map-of-the-middle-east-2026-peregrine-bush.pdf",
    "source_page": 1,
    "source_title": "Energy Infrastructure Map of the Middle East, 2026 edition",
    "source_publisher": "Petroleum Economist / World Oil / Gulf Energy Information / Global Energy Infrastructure",
    "geometry_source": "stroke",
    "georef_order": 2,
    "georef_source": "map's own coastline vector registered to Natural Earth 10m coastline+lakes by trimmed ICP",
    "georef_insample_rmse_km": 0.97,
    "georef_holdout_layer": "ne_10m_admin_0_countries vs the map's own border strokes",
    "georef_holdout_median_km": 1.45,
    "georef_holdout_rmse_km": 1.6,
    "drawn_feature_offset_median_km": 2.39,
    "accuracy_tier": "medium"
   },
   "geometry": {
    "type": "LineString",
    "coordinates": [
     [
      48.441023,
      29.977449
     ],
     [
      48.399303,
      30.03706
     ],
     [
      48.347576,
      30.148008
     ],
     [
      48.342013,
      30.180398
     ],
     [
      48.098232,
      30.356097
     ],
     [
      47.988407,
      30.387351
     ],
     [
      47.883467,
      30.458811
     ],
     [
      47.642952,
      30.385071
     ],
     [
      47.623763,
      30.35955
     ],
     [
      47.580021,
      30.372782
     ],
     [
      47.349679,
      30.551824
     ],
     [
      47.30389,
      30.557444
     ]
    ]
   }
  },
  {
   "type": "Feature",
   "properties": {
    "id": "ME2026-0274",
    "commodity": "oil",
    "status_class": "in_service",
    "name": null,
    "name_dist_pt": null,
    "name_ambiguous": null,
    "name_confidence": null,
    "commodity_conflict": null,
    "other_names": null,
    "diameter_in": null,
    "length_km": 39.57,
    "n_vertices": 5,
    "legend_class": "oil_in_service",
    "stroke_rgb": "#00922f",
    "dashed": false,
    "source_map": "me2026",
    "source_file": "../energy-map-of-the-middle-east-2026-peregrine-bush.pdf",
    "source_page": 1,
    "source_title": "Energy Infrastructure Map of the Middle East, 2026 edition",
    "source_publisher": "Petroleum Economist / World Oil / Gulf Energy Information / Global Energy Infrastructure",
    "geometry_source": "stroke",
    "georef_order": 2,
    "georef_source": "map's own coastline vector registered to Natural Earth 10m coastline+lakes by trimmed ICP",
    "georef_insample_rmse_km": 0.97,
    "georef_holdout_layer": "ne_10m_admin_0_countries vs the map's own border strokes",
    "georef_holdout_median_km": 1.45,
    "georef_holdout_rmse_km": 1.6,
    "drawn_feature_offset_median_km": 2.39,
    "accuracy_tier": "medium"
   },
   "geometry": {
    "type": "LineString",
    "coordinates": [
     [
      47.623763,
      30.35955
     ],
     [
      47.586719,
      30.390654
     ],
     [
      47.363066,
      30.56412
     ],
     [
      47.335171,
      30.570807
     ],
     [
      47.307254,
      30.558521
     ]
    ]
   }
  },
  {
   "type": "Feature",
   "properties": {
    "id": "ME2026-0275",
    "commodity": "oil",
    "status_class": "in_service",
    "name": null,
    "name_dist_pt": null,
    "name_ambiguous": null,
    "name_confidence": null,
    "commodity_conflict": null,
    "other_names": null,
    "diameter_in": "26",
    "length_km": 143.15,
    "n_vertices": 18,
    "legend_class": "oil_in_service",
    "stroke_rgb": "#00922f",
    "dashed": false,
    "source_map": "me2026",
    "source_file": "../energy-map-of-the-middle-east-2026-peregrine-bush.pdf",
    "source_page": 1,
    "source_title": "Energy Infrastructure Map of the Middle East, 2026 edition",
    "source_publisher": "Petroleum Economist / World Oil / Gulf Energy Information / Global Energy Infrastructure",
    "geometry_source": "stroke",
    "georef_order": 2,
    "georef_source": "map's own coastline vector registered to Natural Earth 10m coastline+lakes by trimmed ICP",
    "georef_insample_rmse_km": 0.97,
    "georef_holdout_layer": "ne_10m_admin_0_countries vs the map's own border strokes",
    "georef_holdout_median_km": 1.45,
    "georef_holdout_rmse_km": 1.6,
    "drawn_feature_offset_median_km": 2.39,
    "accuracy_tier": "medium"
   },
   "geometry": {
    "type": "LineString",
    "coordinates": [
     [
      48.079872,
      25.126424
     ],
     [
      47.984756,
      25.032064
     ],
     [
      47.900523,
      24.990665
     ],
     [
      47.774059,
      24.937833
     ],
     [
      47.632733,
      24.877039
     ],
     [
      47.513425,
      24.827073
     ],
     [
      47.398392,
      24.771397
     ],
     [
      47.375559,
      24.739981
     ],
     [
      47.355566,
      24.719996
     ],
     [
      47.277064,
      24.692035
     ],
     [
      47.194873,
      24.663482
     ],
     [
      47.127791,
      24.637784
     ],
     [
      47.038468,
      24.600665
     ],
     [
      46.928559,
      24.560677
     ],
     [
      46.898588,
      24.549255
     ],
     [
      46.882882,
      24.522134
     ],
     [
      46.87289,
      24.522133
     ],
     [
      46.858617,
      24.523559
     ]
    ]
   }
  },
  {
   "type": "Feature",
   "properties": {
    "id": "ME2026-0276",
    "commodity": "oil",
    "status_class": "in_service",
    "name": null,
    "name_dist_pt": null,
    "name_ambiguous": null,
    "name_confidence": null,
    "commodity_conflict": null,
    "other_names": null,
    "diameter_in": "36",
    "length_km": 150.71,
    "n_vertices": 25,
    "legend_class": "oil_in_service",
    "stroke_rgb": "#00922f",
    "dashed": false,
    "source_map": "me2026",
    "source_file": "../energy-map-of-the-middle-east-2026-peregrine-bush.pdf",
    "source_page": 1,
    "source_title": "Energy Infrastructure Map of the Middle East, 2026 edition",
    "source_publisher": "Petroleum Economist / World Oil / Gulf Energy Information / Global Energy Infrastructure",
    "geometry_source": "stroke",
    "georef_order": 2,
    "georef_source": "map's own coastline vector registered to Natural Earth 10m coastline+lakes by trimmed ICP",
    "georef_insample_rmse_km": 0.97,
    "georef_holdout_layer": "ne_10m_admin_0_countries vs the map's own border strokes",
    "georef_holdout_median_km": 1.45,
    "georef_holdout_rmse_km": 1.6,
    "drawn_feature_offset_median_km": 2.39,
    "accuracy_tier": "medium"
   },
   "geometry": {
    "type": "LineString",
    "coordinates": [
     [
      39.024517,
      22.704434
     ],
     [
      39.097081,
      22.739092
     ],
     [
      39.083233,
      22.769224
     ],
     [
      39.031326,
      22.87857
     ],
     [
      38.951725,
      23.049198
     ],
     [
      38.922658,
      23.101796
     ],
     [
      38.90705,
      23.149562
     ],
     [
      38.89802,
      23.206691
     ],
     [
      38.893149,
      23.281457
     ],
     [
      38.890344,
      23.355898
     ],
     [
      38.890314,
      23.414048
     ],
     [
      38.905489,
      23.479124
     ],
     [
      38.933461,
      23.582654
     ],
     [
      38.939684,
      23.602734
     ],
     [
      38.968008,
      23.631133
     ],
     [
      39.005328,
      23.666454
     ],
     [
      39.016379,
      23.696224
     ],
     [
      39.024664,
      23.723913
     ],
     [
      39.036414,
      23.730848
     ],
     [
      39.097234,
      23.756492
     ],
     [
      39.135617,
      23.794958
     ],
     [
      39.135614,
      23.803255
     ],
     [
      39.135603,
      23.826804
     ],
     [
      39.133528,
      23.846167
     ],
     [
      39.111195,
      23.894645
     ]
    ]
   }
  },
  {
   "type": "Feature",
   "properties": {
    "id": "ME2026-0277",
    "commodity": "oil",
    "status_class": "in_service",
    "name": null,
    "name_dist_pt": null,
    "name_ambiguous": null,
    "name_confidence": null,
    "commodity_conflict": null,
    "other_names": null,
    "diameter_in": null,
    "length_km": 80.38,
    "n_vertices": 19,
    "legend_class": "oil_in_service",
    "stroke_rgb": "#00922f",
    "dashed": false,
    "source_map": "me2026",
    "source_file": "../energy-map-of-the-middle-east-2026-peregrine-bush.pdf",
    "source_page": 1,
    "source_title": "Energy Infrastructure Map of the Middle East, 2026 edition",
    "source_publisher": "Petroleum Economist / World Oil / Gulf Energy Information / Global Energy Infrastructure",
    "geometry_source": "stroke",
    "georef_order": 2,
    "georef_source": "map's own coastline vector registered to Natural Earth 10m coastline+lakes by trimmed ICP",
    "georef_insample_rmse_km": 0.97,
    "georef_holdout_layer": "ne_10m_admin_0_countries vs the map's own border strokes",
    "georef_holdout_median_km": 1.45,
    "georef_holdout_rmse_km": 1.6,
    "drawn_feature_offset_median_km": 2.39,
    "accuracy_tier": "medium"
   },
   "geometry": {
    "type": "LineString",
    "coordinates": [
     [
      51.505751,
      25.237682
     ],
     [
      51.487423,
      25.230414
     ],
     [
      51.479518,
      25.233439
     ],
     [
      51.464361,
      25.248599
     ],
     [
      51.454047,
      25.2486
     ],
     [
      51.446165,
      25.26134
     ],
     [
      51.424921,
      25.25285
     ],
     [
      51.402465,
      25.248606
     ],
     [
      51.310861,
      25.294841
     ],
     [
      51.236085,
      25.326993
     ],
     [
      51.089115,
      25.382777
     ],
     [
      51.072748,
      25.392481
     ],
     [
      51.057581,
      25.395519
     ],
     [
      51.002975,
      25.413707
     ],
     [
      50.920456,
      25.449499
     ],
     [
      50.903946,
      25.449501
     ],
     [
      50.856606,
      25.441013
     ],
     [
      50.81355,
      25.446473
     ],
     [
      50.778968,
      25.452536
     ]
    ]
   }
  },
  {
   "type": "Feature",
   "properties": {
    "id": "ME2026-0278",
    "commodity": "oil",
    "status_class": "in_service",
    "name": null,
    "name_dist_pt": null,
    "name_ambiguous": null,
    "name_confidence": null,
    "commodity_conflict": null,
    "other_names": null,
    "diameter_in": null,
    "length_km": 62.68,
    "n_vertices": 19,
    "legend_class": "oil_in_service",
    "stroke_rgb": "#00922f",
    "dashed": false,
    "source_map": "me2026",
    "source_file": "../energy-map-of-the-middle-east-2026-peregrine-bush.pdf",
    "source_page": 1,
    "source_title": "Energy Infrastructure Map of the Middle East, 2026 edition",
    "source_publisher": "Petroleum Economist / World Oil / Gulf Energy Information / Global Energy Infrastructure",
    "geometry_source": "stroke",
    "georef_order": 2,
    "georef_source": "map's own coastline vector registered to Natural Earth 10m coastline+lakes by trimmed ICP",
    "georef_insample_rmse_km": 0.97,
    "georef_holdout_layer": "ne_10m_admin_0_countries vs the map's own border strokes",
    "georef_holdout_median_km": 1.45,
    "georef_holdout_rmse_km": 1.6,
    "drawn_feature_offset_median_km": 2.39,
    "accuracy_tier": "medium"
   },
   "geometry": {
    "type": "LineString",
    "coordinates": [
     [
      50.929598,
      24.970829
     ],
     [
      50.899115,
      25.013269
     ],
     [
      50.882141,
      25.039341
     ],
     [
      50.850582,
      25.076942
     ],
     [
      50.839055,
      25.110428
     ],
     [
      50.832383,
      25.142559
     ],
     [
      50.829343,
      25.163186
     ],
     [
      50.819027,
      25.197132
     ],
     [
      50.819022,
      25.257159
     ],
     [
      50.812352,
      25.268072
     ],
     [
      50.81416,
      25.363399
     ],
     [
      50.813553,
      25.400998
     ],
     [
      50.802005,
      25.412516
     ],
     [
      50.783823,
      25.427071
     ],
     [
      50.778969,
      25.436773
     ],
     [
      50.778968,
      25.454351
     ],
     [
      50.781388,
      25.466485
     ],
     [
      50.778349,
      25.481776
     ],
     [
      50.774112,
      25.495737
     ]
    ]
   }
  },
  {
   "type": "Feature",
   "properties": {
    "id": "ME2026-0279",
    "commodity": "oil",
    "status_class": "in_service",
    "name": null,
    "name_dist_pt": null,
    "name_ambiguous": null,
    "name_confidence": null,
    "commodity_conflict": null,
    "other_names": null,
    "diameter_in": null,
    "length_km": 163.32,
    "n_vertices": 21,
    "legend_class": "oil_in_service",
    "stroke_rgb": "#00922f",
    "dashed": false,
    "source_map": "me2026",
    "source_file": "../energy-map-of-the-middle-east-2026-peregrine-bush.pdf",
    "source_page": 1,
    "source_title": "Energy Infrastructure Map of the Middle East, 2026 edition",
    "source_publisher": "Petroleum Economist / World Oil / Gulf Energy Information / Global Energy Infrastructure",
    "geometry_source": "stroke",
    "georef_order": 2,
    "georef_source": "map's own coastline vector registered to Natural Earth 10m coastline+lakes by trimmed ICP",
    "georef_insample_rmse_km": 0.97,
    "georef_holdout_layer": "ne_10m_admin_0_countries vs the map's own border strokes",
    "georef_holdout_median_km": 1.45,
    "georef_holdout_rmse_km": 1.6,
    "drawn_feature_offset_median_km": 2.39,
    "accuracy_tier": "medium"
   },
   "geometry": {
    "type": "LineString",
    "coordinates": [
     [
      50.815377,
      25.279019
     ],
     [
      50.836003,
      25.268674
     ],
     [
      51.034536,
      25.188631
     ],
     [
      51.086103,
      25.179516
     ],
     [
      51.169363,
      25.142405
     ],
     [
      51.326045,
      25.089618
     ],
     [
      51.372761,
      25.063543
     ],
     [
      51.412806,
      25.061724
     ],
     [
      51.50032,
      25.027756
     ],
     [
      51.538555,
      24.979845
     ],
     [
      51.533096,
      24.966793
     ],
     [
      51.49048,
      25.01624
     ],
     [
      51.408571,
      25.047776
     ],
     [
      51.369131,
      25.047781
     ],
     [
      51.308456,
      25.079918
     ],
     [
      51.271292,
      25.091439
     ],
     [
      51.165733,
      25.127368
     ],
     [
      51.078211,
      25.166186
     ],
     [
      51.034537,
      25.171646
     ],
     [
      50.849961,
      25.246849
     ],
     [
      50.819022,
      25.257159
     ]
    ]
   }
  },
  {
   "type": "Feature",
   "properties": {
    "id": "ME2026-0280",
    "commodity": "oil",
    "status_class": "in_service",
    "name": null,
    "name_dist_pt": null,
    "name_ambiguous": null,
    "name_confidence": null,
    "commodity_conflict": null,
    "other_names": null,
    "diameter_in": null,
    "length_km": 45.39,
    "n_vertices": 3,
    "legend_class": "oil_in_service",
    "stroke_rgb": "#00922f",
    "dashed": false,
    "source_map": "me2026",
    "source_file": "../energy-map-of-the-middle-east-2026-peregrine-bush.pdf",
    "source_page": 1,
    "source_title": "Energy Infrastructure Map of the Middle East, 2026 edition",
    "source_publisher": "Petroleum Economist / World Oil / Gulf Energy Information / Global Energy Infrastructure",
    "geometry_source": "stroke",
    "georef_order": 2,
    "georef_source": "map's own coastline vector registered to Natural Earth 10m coastline+lakes by trimmed ICP",
    "georef_insample_rmse_km": 0.97,
    "georef_holdout_layer": "ne_10m_admin_0_countries vs the map's own border strokes",
    "georef_holdout_median_km": 1.45,
    "georef_holdout_rmse_km": 1.6,
    "drawn_feature_offset_median_km": 2.39,
    "accuracy_tier": "medium"
   },
   "geometry": {
    "type": "LineString",
    "coordinates": [
     [
      52.764521,
      25.438942
     ],
     [
      52.541039,
      25.545841
     ],
     [
      52.411037,
      25.682423
     ]
    ]
   }
  },
  {
   "type": "Feature",
   "properties": {
    "id": "ME2026-0281",
    "commodity": "oil",
    "status_class": "in_service",
    "name": null,
    "name_dist_pt": null,
    "name_ambiguous": null,
    "name_confidence": null,
    "commodity_conflict": null,
    "other_names": null,
    "diameter_in": null,
    "length_km": 19.5,
    "n_vertices": 2,
    "legend_class": "oil_in_service",
    "stroke_rgb": "#00922f",
    "dashed": false,
    "source_map": "me2026",
    "source_file": "../energy-map-of-the-middle-east-2026-peregrine-bush.pdf",
    "source_page": 1,
    "source_title": "Energy Infrastructure Map of the Middle East, 2026 edition",
    "source_publisher": "Petroleum Economist / World Oil / Gulf Energy Information / Global Energy Infrastructure",
    "geometry_source": "stroke",
    "georef_order": 2,
    "georef_source": "map's own coastline vector registered to Natural Earth 10m coastline+lakes by trimmed ICP",
    "georef_insample_rmse_km": 0.97,
    "georef_holdout_layer": "ne_10m_admin_0_countries vs the map's own border strokes",
    "georef_holdout_median_km": 1.45,
    "georef_holdout_rmse_km": 1.6,
    "drawn_feature_offset_median_km": 2.39,
    "accuracy_tier": "medium"
   },
   "geometry": {
    "type": "LineString",
    "coordinates": [
     [
      52.407296,
      25.68425
     ],
     [
      52.588308,
      25.62061
     ]
    ]
   }
  },
  {
   "type": "Feature",
   "properties": {
    "id": "ME2026-0282",
    "commodity": "oil",
    "status_class": "in_service",
    "name": null,
    "name_dist_pt": null,
    "name_ambiguous": null,
    "name_confidence": null,
    "commodity_conflict": null,
    "other_names": null,
    "diameter_in": null,
    "length_km": 96.66,
    "n_vertices": 10,
    "legend_class": "oil_in_service",
    "stroke_rgb": "#00922f",
    "dashed": false,
    "source_map": "me2026",
    "source_file": "../energy-map-of-the-middle-east-2026-peregrine-bush.pdf",
    "source_page": 1,
    "source_title": "Energy Infrastructure Map of the Middle East, 2026 edition",
    "source_publisher": "Petroleum Economist / World Oil / Gulf Energy Information / Global Energy Infrastructure",
    "geometry_source": "stroke",
    "georef_order": 2,
    "georef_source": "map's own coastline vector registered to Natural Earth 10m coastline+lakes by trimmed ICP",
    "georef_insample_rmse_km": 0.97,
    "georef_holdout_layer": "ne_10m_admin_0_countries vs the map's own border strokes",
    "georef_holdout_median_km": 1.45,
    "georef_holdout_rmse_km": 1.6,
    "drawn_feature_offset_median_km": 2.39,
    "accuracy_tier": "medium"
   },
   "geometry": {
    "type": "LineString",
    "coordinates": [
     [
      52.582936,
      25.140512
     ],
     [
      52.491291,
      25.142947
     ],
     [
      52.389202,
      25.343192
     ],
     [
      52.397698,
      25.446892
     ],
     [
      52.407044,
      25.468885
     ],
     [
      52.407296,
      25.665305
     ],
     [
      52.407671,
      25.68425
     ],
     [
      52.393433,
      25.671973
     ],
     [
      52.389197,
      25.490071
     ],
     [
      52.403763,
      25.468099
     ]
    ]
   }
  },
  {
   "type": "Feature",
   "properties": {
    "id": "ME2026-0283",
    "commodity": "oil",
    "status_class": "in_service",
    "name": null,
    "name_dist_pt": null,
    "name_ambiguous": null,
    "name_confidence": null,
    "commodity_conflict": null,
    "other_names": null,
    "diameter_in": null,
    "length_km": 91.72,
    "n_vertices": 5,
    "legend_class": "oil_in_service",
    "stroke_rgb": "#00922f",
    "dashed": false,
    "source_map": "me2026",
    "source_file": "../energy-map-of-the-middle-east-2026-peregrine-bush.pdf",
    "source_page": 1,
    "source_title": "Energy Infrastructure Map of the Middle East, 2026 edition",
    "source_publisher": "Petroleum Economist / World Oil / Gulf Energy Information / Global Energy Infrastructure",
    "geometry_source": "stroke",
    "georef_order": 2,
    "georef_source": "map's own coastline vector registered to Natural Earth 10m coastline+lakes by trimmed ICP",
    "georef_insample_rmse_km": 0.97,
    "georef_holdout_layer": "ne_10m_admin_0_countries vs the map's own border strokes",
    "georef_holdout_median_km": 1.45,
    "georef_holdout_rmse_km": 1.6,
    "drawn_feature_offset_median_km": 2.39,
    "accuracy_tier": "medium"
   },
   "geometry": {
    "type": "LineString",
    "coordinates": [
     [
      53.48065,
      24.912209
     ],
     [
      53.274759,
      24.98744
     ],
     [
      52.981326,
      25.105875
     ],
     [
      52.867828,
      25.161074
     ],
     [
      52.639785,
      25.100398
     ]
    ]
   }
  },
  {
   "type": "Feature",
   "properties": {
    "id": "ME2026-0284",
    "commodity": "oil",
    "status_class": "in_service",
    "name": null,
    "name_dist_pt": null,
    "name_ambiguous": null,
    "name_confidence": null,
    "commodity_conflict": null,
    "other_names": null,
    "diameter_in": null,
    "length_km": 32.15,
    "n_vertices": 3,
    "legend_class": "oil_in_service",
    "stroke_rgb": "#00922f",
    "dashed": false,
    "source_map": "me2026",
    "source_file": "../energy-map-of-the-middle-east-2026-peregrine-bush.pdf",
    "source_page": 1,
    "source_title": "Energy Infrastructure Map of the Middle East, 2026 edition",
    "source_publisher": "Petroleum Economist / World Oil / Gulf Energy Information / Global Energy Infrastructure",
    "geometry_source": "stroke",
    "georef_order": 2,
    "georef_source": "map's own coastline vector registered to Natural Earth 10m coastline+lakes by trimmed ICP",
    "georef_insample_rmse_km": 0.97,
    "georef_holdout_layer": "ne_10m_admin_0_countries vs the map's own border strokes",
    "georef_holdout_median_km": 1.45,
    "georef_holdout_rmse_km": 1.6,
    "drawn_feature_offset_median_km": 2.39,
    "accuracy_tier": "medium"
   },
   "geometry": {
    "type": "LineString",
    "coordinates": [
     [
      53.176883,
      25.144029
     ],
     [
      53.010459,
      25.118608
     ],
     [
      52.867828,
      25.161074
     ]
    ]
   }
  },
  {
   "type": "Feature",
   "properties": {
    "id": "ME2026-0285",
    "commodity": "oil",
    "status_class": "in_service",
    "name": null,
    "name_dist_pt": null,
    "name_ambiguous": null,
    "name_confidence": null,
    "commodity_conflict": null,
    "other_names": null,
    "diameter_in": null,
    "length_km": 135.15,
    "n_vertices": 9,
    "legend_class": "oil_in_service",
    "stroke_rgb": "#00922f",
    "dashed": false,
    "source_map": "me2026",
    "source_file": "../energy-map-of-the-middle-east-2026-peregrine-bush.pdf",
    "source_page": 1,
    "source_title": "Energy Infrastructure Map of the Middle East, 2026 edition",
    "source_publisher": "Petroleum Economist / World Oil / Gulf Energy Information / Global Energy Infrastructure",
    "geometry_source": "stroke",
    "georef_order": 2,
    "georef_source": "map's own coastline vector registered to Natural Earth 10m coastline+lakes by trimmed ICP",
    "georef_insample_rmse_km": 0.97,
    "georef_holdout_layer": "ne_10m_admin_0_countries vs the map's own border strokes",
    "georef_holdout_median_km": 1.45,
    "georef_holdout_rmse_km": 1.6,
    "drawn_feature_offset_median_km": 2.39,
    "accuracy_tier": "medium"
   },
   "geometry": {
    "type": "LineString",
    "coordinates": [
     [
      54.194378,
      24.620692
     ],
     [
      54.098993,
      24.608002
     ],
     [
      53.772762,
      24.683885
     ],
     [
      53.647104,
      24.713759
     ],
     [
      53.647101,
      24.750741
     ],
     [
      53.600815,
      24.770761
     ],
     [
      53.514645,
      24.728343
     ],
     [
      53.069482,
      24.870317
     ],
     [
      53.018957,
      24.961422
     ]
    ]
   }
  },
  {
   "type": "Feature",
   "properties": {
    "id": "ME2026-0286",
    "commodity": "oil",
    "status_class": "in_service",
    "name": null,
    "name_dist_pt": null,
    "name_ambiguous": null,
    "name_confidence": null,
    "commodity_conflict": null,
    "other_names": null,
    "diameter_in": null,
    "length_km": 20.04,
    "n_vertices": 2,
    "legend_class": "oil_in_service",
    "stroke_rgb": "#00922f",
    "dashed": false,
    "source_map": "me2026",
    "source_file": "../energy-map-of-the-middle-east-2026-peregrine-bush.pdf",
    "source_page": 1,
    "source_title": "Energy Infrastructure Map of the Middle East, 2026 edition",
    "source_publisher": "Petroleum Economist / World Oil / Gulf Energy Information / Global Energy Infrastructure",
    "geometry_source": "stroke",
    "georef_order": 2,
    "georef_source": "map's own coastline vector registered to Natural Earth 10m coastline+lakes by trimmed ICP",
    "georef_insample_rmse_km": 0.97,
    "georef_holdout_layer": "ne_10m_admin_0_countries vs the map's own border strokes",
    "georef_holdout_median_km": 1.45,
    "georef_holdout_rmse_km": 1.6,
    "drawn_feature_offset_median_km": 2.39,
    "accuracy_tier": "medium"
   },
   "geometry": {
    "type": "LineString",
    "coordinates": [
     [
      52.94704,
      25.012633
     ],
     [
      53.069482,
      24.870317
     ]
    ]
   }
  },
  {
   "type": "Feature",
   "properties": {
    "id": "ME2026-0287",
    "commodity": "oil",
    "status_class": "in_service",
    "name": null,
    "name_dist_pt": null,
    "name_ambiguous": null,
    "name_confidence": null,
    "commodity_conflict": null,
    "other_names": null,
    "diameter_in": null,
    "length_km": 53.18,
    "n_vertices": 9,
    "legend_class": "oil_in_service",
    "stroke_rgb": "#00922f",
    "dashed": false,
    "source_map": "me2026",
    "source_file": "../energy-map-of-the-middle-east-2026-peregrine-bush.pdf",
    "source_page": 1,
    "source_title": "Energy Infrastructure Map of the Middle East, 2026 edition",
    "source_publisher": "Petroleum Economist / World Oil / Gulf Energy Information / Global Energy Infrastructure",
    "geometry_source": "stroke",
    "georef_order": 2,
    "georef_source": "map's own coastline vector registered to Natural Earth 10m coastline+lakes by trimmed ICP",
    "georef_insample_rmse_km": 0.97,
    "georef_holdout_layer": "ne_10m_admin_0_countries vs the map's own border strokes",
    "georef_holdout_median_km": 1.45,
    "georef_holdout_rmse_km": 1.6,
    "drawn_feature_offset_median_km": 2.39,
    "accuracy_tier": "medium"
   },
   "geometry": {
    "type": "LineString",
    "coordinates": [
     [
      53.524406,
      24.401249
     ],
     [
      53.494045,
      24.412168
     ],
     [
      53.462475,
      24.41399
     ],
     [
      53.425928,
      24.418244
     ],
     [
      53.379196,
      24.432203
     ],
     [
      53.366453,
      24.459485
     ],
     [
      53.391328,
      24.443124
     ],
     [
      53.43031,
      24.434611
     ],
     [
      53.697507,
      24.476394
     ]
    ]
   }
  },
  {
   "type": "Feature",
   "properties": {
    "id": "ME2026-0288",
    "commodity": "oil",
    "status_class": "in_service",
    "name": null,
    "name_dist_pt": null,
    "name_ambiguous": null,
    "name_confidence": null,
    "commodity_conflict": null,
    "other_names": null,
    "diameter_in": null,
    "length_km": 53.12,
    "n_vertices": 6,
    "legend_class": "oil_in_service",
    "stroke_rgb": "#00922f",
    "dashed": false,
    "source_map": "me2026",
    "source_file": "../energy-map-of-the-middle-east-2026-peregrine-bush.pdf",
    "source_page": 1,
    "source_title": "Energy Infrastructure Map of the Middle East, 2026 edition",
    "source_publisher": "Petroleum Economist / World Oil / Gulf Energy Information / Global Energy Infrastructure",
    "geometry_source": "stroke",
    "georef_order": 2,
    "georef_source": "map's own coastline vector registered to Natural Earth 10m coastline+lakes by trimmed ICP",
    "georef_insample_rmse_km": 0.97,
    "georef_holdout_layer": "ne_10m_admin_0_countries vs the map's own border strokes",
    "georef_holdout_median_km": 1.45,
    "georef_holdout_rmse_km": 1.6,
    "drawn_feature_offset_median_km": 2.39,
    "accuracy_tier": "medium"
   },
   "geometry": {
    "type": "LineString",
    "coordinates": [
     [
      54.474387,
      25.374894
     ],
     [
      54.43856,
      25.479201
     ],
     [
      54.405182,
      25.581814
     ],
     [
      54.365576,
      25.537569
     ],
     [
      54.318231,
      25.500585
     ],
     [
      54.221595,
      25.621784
     ]
    ]
   }
  },
  {
   "type": "Feature",
   "properties": {
    "id": "ME2026-0289",
    "commodity": "oil",
    "status_class": "in_service",
    "name": "ADCOP",
    "name_dist_pt": 4.1,
    "name_ambiguous": true,
    "name_confidence": "low",
    "commodity_conflict": null,
    "other_names": null,
    "diameter_in": null,
    "length_km": 481.89,
    "n_vertices": 59,
    "legend_class": "oil_in_service",
    "stroke_rgb": "#00922f",
    "dashed": false,
    "source_map": "me2026",
    "source_file": "../energy-map-of-the-middle-east-2026-peregrine-bush.pdf",
    "source_page": 1,
    "source_title": "Energy Infrastructure Map of the Middle East, 2026 edition",
    "source_publisher": "Petroleum Economist / World Oil / Gulf Energy Information / Global Energy Infrastructure",
    "geometry_source": "stroke",
    "georef_order": 2,
    "georef_source": "map's own coastline vector registered to Natural Earth 10m coastline+lakes by trimmed ICP",
    "georef_insample_rmse_km": 0.97,
    "georef_holdout_layer": "ne_10m_admin_0_countries vs the map's own border strokes",
    "georef_holdout_median_km": 1.45,
    "georef_holdout_rmse_km": 1.6,
    "drawn_feature_offset_median_km": 2.39,
    "accuracy_tier": "medium"
   },
   "geometry": {
    "type": "LineString",
    "coordinates": [
     [
      54.334791,
      23.664891
     ],
     [
      54.301176,
      23.579603
     ],
     [
      54.284802,
      23.47048
     ],
     [
      54.272746,
      23.390365
     ],
     [
      54.263274,
      23.342416
     ],
     [
      54.234829,
      23.278673
     ],
     [
      54.187659,
      23.319174
     ],
     [
      54.046189,
      23.439529
     ],
     [
      53.817875,
      23.642624
     ],
     [
      53.606265,
      23.825027
     ],
     [
      53.861499,
      23.935484
     ],
     [
      54.163225,
      23.998311
     ],
     [
      54.276065,
      24.067526
     ],
     [
      54.286403,
      24.096811
     ],
     [
      54.392489,
      24.159386
     ],
     [
      54.478456,
      24.257582
     ],
     [
      54.54141,
      24.272202
     ],
     [
      54.598043,
      24.288566
     ],
     [
      54.626507,
      24.281663
     ],
     [
      54.648079,
      24.276491
     ],
     [
      54.680006,
      24.285095
     ],
     [
      54.739522,
      24.30833
     ],
     [
      54.806501,
      24.327836
     ],
     [
      54.883268,
      24.33558
     ],
     [
      54.956597,
      24.350196
     ],
     [
      54.999439,
      24.355349
     ],
     [
      55.046882,
      24.375151
     ],
     [
      55.102962,
      24.407011
     ],
     [
      55.14607,
      24.430262
     ],
     [
      55.164203,
      24.435434
     ],
     [
      55.184613,
      24.435428
     ],
     [
      55.226016,
      24.440581
     ],
     [
      55.266571,
      24.440568
     ],
     [
      55.333,
      24.455198
     ],
     [
      55.417235,
      24.482742
     ],
     [
      55.507832,
      24.507695
     ],
     [
      55.531126,
      24.522035
     ],
     [
      55.573098,
      24.559936
     ],
     [
      55.618825,
      24.605591
     ],
     [
      55.663669,
      24.650374
     ],
     [
      55.694741,
      24.661567
     ],
     [
      55.726661,
      24.677925
     ],
     [
      55.735283,
      24.741388
     ],
     [
      55.770365,
      24.770677
     ],
     [
      55.785035,
      24.785311
     ],
     [
      55.785031,
      24.904778
     ],
     [
      55.800389,
      25.009615
     ],
     [
      55.874433,
      25.060402
     ],
     [
      55.937236,
      25.106427
     ],
     [
      56.003868,
      25.154277
     ],
     [
      56.0194,
      25.158591
     ],
     [
      56.080206,
      25.130914
     ],
     [
      56.10967,
      25.134061
     ],
     [
      56.285271,
      25.112272
     ],
     [
      56.30703,
      25.117866
     ],
     [
      56.331468,
      25.126605
     ],
     [
      56.339803,
      25.141253
     ],
     [
      56.347219,
      25.16979
     ],
     [
      56.348818,
      25.183472
     ]
    ]
   }
  },
  {
   "type": "Feature",
   "properties": {
    "id": "ME2026-0290",
    "commodity": "oil",
    "status_class": "in_service",
    "name": null,
    "name_dist_pt": null,
    "name_ambiguous": null,
    "name_confidence": null,
    "commodity_conflict": null,
    "other_names": null,
    "diameter_in": null,
    "length_km": 121.6,
    "n_vertices": 13,
    "legend_class": "oil_in_service",
    "stroke_rgb": "#00922f",
    "dashed": false,
    "source_map": "me2026",
    "source_file": "../energy-map-of-the-middle-east-2026-peregrine-bush.pdf",
    "source_page": 1,
    "source_title": "Energy Infrastructure Map of the Middle East, 2026 edition",
    "source_publisher": "Petroleum Economist / World Oil / Gulf Energy Information / Global Energy Infrastructure",
    "geometry_source": "stroke",
    "georef_order": 2,
    "georef_source": "map's own coastline vector registered to Natural Earth 10m coastline+lakes by trimmed ICP",
    "georef_insample_rmse_km": 0.97,
    "georef_holdout_layer": "ne_10m_admin_0_countries vs the map's own border strokes",
    "georef_holdout_median_km": 1.45,
    "georef_holdout_rmse_km": 1.6,
    "drawn_feature_offset_median_km": 2.39,
    "accuracy_tier": "medium"
   },
   "geometry": {
    "type": "LineString",
    "coordinates": [
     [
      54.522368,
      24.399304
     ],
     [
      54.533646,
      24.375299
     ],
     [
      54.533649,
      24.352036
     ],
     [
      54.523588,
      24.320694
     ],
     [
      54.496559,
      24.285147
     ],
     [
      54.469818,
      24.274811
     ],
     [
      54.380255,
      24.173314
     ],
     [
      54.27389,
      24.110364
     ],
     [
      54.259604,
      24.079168
     ],
     [
      54.155604,
      24.015867
     ],
     [
      53.855768,
      23.953038
     ],
     [
      53.617462,
      23.848287
     ],
     [
      53.606628,
      23.825027
     ]
    ]
   }
  },
  {
   "type": "Feature",
   "properties": {
    "id": "ME2026-0291",
    "commodity": "oil",
    "status_class": "in_service",
    "name": null,
    "name_dist_pt": null,
    "name_ambiguous": null,
    "name_confidence": null,
    "commodity_conflict": null,
    "other_names": null,
    "diameter_in": null,
    "length_km": 65.74,
    "n_vertices": 11,
    "legend_class": "oil_in_service",
    "stroke_rgb": "#00922f",
    "dashed": false,
    "source_map": "me2026",
    "source_file": "../energy-map-of-the-middle-east-2026-peregrine-bush.pdf",
    "source_page": 1,
    "source_title": "Energy Infrastructure Map of the Middle East, 2026 edition",
    "source_publisher": "Petroleum Economist / World Oil / Gulf Energy Information / Global Energy Infrastructure",
    "geometry_source": "stroke",
    "georef_order": 2,
    "georef_source": "map's own coastline vector registered to Natural Earth 10m coastline+lakes by trimmed ICP",
    "georef_insample_rmse_km": 0.97,
    "georef_holdout_layer": "ne_10m_admin_0_countries vs the map's own border strokes",
    "georef_holdout_median_km": 1.45,
    "georef_holdout_rmse_km": 1.6,
    "drawn_feature_offset_median_km": 2.39,
    "accuracy_tier": "medium"
   },
   "geometry": {
    "type": "LineString",
    "coordinates": [
     [
      53.823852,
      22.834954
     ],
     [
      53.928454,
      22.973203
     ],
     [
      53.946543,
      22.982682
     ],
     [
      53.988796,
      23.024888
     ],
     [
      54.014383,
      23.033494
     ],
     [
      54.04198,
      23.043818
     ],
     [
      54.061812,
      23.063627
     ],
     [
      54.083362,
      23.085165
     ],
     [
      54.119572,
      23.132538
     ],
     [
      54.198896,
      23.23044
     ],
     [
      54.234829,
      23.278673
     ]
    ]
   }
  },
  {
   "type": "Feature",
   "properties": {
    "id": "ME2026-0292",
    "commodity": "oil",
    "status_class": "in_service",
    "name": null,
    "name_dist_pt": null,
    "name_ambiguous": null,
    "name_confidence": null,
    "commodity_conflict": null,
    "other_names": null,
    "diameter_in": null,
    "length_km": 15.87,
    "n_vertices": 3,
    "legend_class": "oil_in_service",
    "stroke_rgb": "#00922f",
    "dashed": false,
    "source_map": "me2026",
    "source_file": "../energy-map-of-the-middle-east-2026-peregrine-bush.pdf",
    "source_page": 1,
    "source_title": "Energy Infrastructure Map of the Middle East, 2026 edition",
    "source_publisher": "Petroleum Economist / World Oil / Gulf Energy Information / Global Energy Infrastructure",
    "geometry_source": "stroke",
    "georef_order": 2,
    "georef_source": "map's own coastline vector registered to Natural Earth 10m coastline+lakes by trimmed ICP",
    "georef_insample_rmse_km": 0.97,
    "georef_holdout_layer": "ne_10m_admin_0_countries vs the map's own border strokes",
    "georef_holdout_median_km": 1.45,
    "georef_holdout_rmse_km": 1.6,
    "drawn_feature_offset_median_km": 2.39,
    "accuracy_tier": "medium"
   },
   "geometry": {
    "type": "LineString",
    "coordinates": [
     [
      52.668249,
      24.189074
     ],
     [
      52.593523,
      24.169273
     ],
     [
      52.661345,
      24.205443
     ]
    ]
   }
  },
  {
   "type": "Feature",
   "properties": {
    "id": "ME2026-0293",
    "commodity": "oil",
    "status_class": "in_service",
    "name": null,
    "name_dist_pt": null,
    "name_ambiguous": null,
    "name_confidence": null,
    "commodity_conflict": null,
    "other_names": null,
    "diameter_in": null,
    "length_km": 347.53,
    "n_vertices": 30,
    "legend_class": "oil_in_service",
    "stroke_rgb": "#00922f",
    "dashed": false,
    "source_map": "me2026",
    "source_file": "../energy-map-of-the-middle-east-2026-peregrine-bush.pdf",
    "source_page": 1,
    "source_title": "Energy Infrastructure Map of the Middle East, 2026 edition",
    "source_publisher": "Petroleum Economist / World Oil / Gulf Energy Information / Global Energy Infrastructure",
    "geometry_source": "stroke",
    "georef_order": 2,
    "georef_source": "map's own coastline vector registered to Natural Earth 10m coastline+lakes by trimmed ICP",
    "georef_insample_rmse_km": 0.97,
    "georef_holdout_layer": "ne_10m_admin_0_countries vs the map's own border strokes",
    "georef_holdout_median_km": 1.45,
    "georef_holdout_rmse_km": 1.6,
    "drawn_feature_offset_median_km": 2.39,
    "accuracy_tier": "medium"
   },
   "geometry": {
    "type": "LineString",
    "coordinates": [
     [
      53.606265,
      23.825027
     ],
     [
      53.57888,
      23.788561
     ],
     [
      53.45024,
      23.787103
     ],
     [
      53.354936,
      23.807388
     ],
     [
      53.26391,
      23.816796
     ],
     [
      53.014921,
      23.978273
     ],
     [
      52.850905,
      24.021517
     ],
     [
      52.629411,
      24.095486
     ],
     [
      52.602201,
      24.121681
     ],
     [
      52.584895,
      24.139975
     ],
     [
      52.593523,
      24.169273
     ],
     [
      52.596106,
      24.146881
     ],
     [
      52.615057,
      24.13484
     ],
     [
      52.638307,
      24.113763
     ],
     [
      52.850901,
      24.04178
     ],
     [
      53.02182,
      23.99557
     ],
     [
      53.269355,
      23.835569
     ],
     [
      53.354932,
      23.825666
     ],
     [
      53.449752,
      23.806374
     ],
     [
      53.568474,
      23.806842
     ],
     [
      53.606265,
      23.825027
     ],
     [
      53.559073,
      23.824639
     ],
     [
      53.449748,
      23.825644
     ],
     [
      53.356915,
      23.843461
     ],
     [
      53.275297,
      23.853278
     ],
     [
      53.02827,
      24.012372
     ],
     [
      52.865004,
      24.058858
     ],
     [
      52.648196,
      24.131374
     ],
     [
      52.62543,
      24.149452
     ],
     [
      52.593523,
      24.169273
     ]
    ]
   }
  },
  {
   "type": "Feature",
   "properties": {
    "id": "ME2026-0294",
    "commodity": "oil",
    "status_class": "in_service",
    "name": null,
    "name_dist_pt": null,
    "name_ambiguous": null,
    "name_confidence": null,
    "commodity_conflict": null,
    "other_names": null,
    "diameter_in": null,
    "length_km": 34.66,
    "n_vertices": 5,
    "legend_class": "oil_in_service",
    "stroke_rgb": "#00922f",
    "dashed": false,
    "source_map": "me2026",
    "source_file": "../energy-map-of-the-middle-east-2026-peregrine-bush.pdf",
    "source_page": 1,
    "source_title": "Energy Infrastructure Map of the Middle East, 2026 edition",
    "source_publisher": "Petroleum Economist / World Oil / Gulf Energy Information / Global Energy Infrastructure",
    "geometry_source": "stroke",
    "georef_order": 2,
    "georef_source": "map's own coastline vector registered to Natural Earth 10m coastline+lakes by trimmed ICP",
    "georef_insample_rmse_km": 0.97,
    "georef_holdout_layer": "ne_10m_admin_0_countries vs the map's own border strokes",
    "georef_holdout_median_km": 1.45,
    "georef_holdout_rmse_km": 1.6,
    "drawn_feature_offset_median_km": 2.39,
    "accuracy_tier": "medium"
   },
   "geometry": {
    "type": "LineString",
    "coordinates": [
     [
      53.294425,
      23.541389
     ],
     [
      53.2806,
      23.629833
     ],
     [
      53.280578,
      23.727189
     ],
     [
      53.277979,
      23.825103
     ],
     [
      53.275297,
      23.853278
     ]
    ]
   }
  },
  {
   "type": "Feature",
   "properties": {
    "id": "ME2026-0295",
    "commodity": "oil",
    "status_class": "in_service",
    "name": "ORPIC",
    "name_dist_pt": 4.3,
    "name_ambiguous": true,
    "name_confidence": "low",
    "commodity_conflict": null,
    "other_names": null,
    "diameter_in": "12",
    "length_km": 685.76,
    "n_vertices": 83,
    "legend_class": "oil_in_service",
    "stroke_rgb": "#00922f",
    "dashed": false,
    "source_map": "me2026",
    "source_file": "../energy-map-of-the-middle-east-2026-peregrine-bush.pdf",
    "source_page": 1,
    "source_title": "Energy Infrastructure Map of the Middle East, 2026 edition",
    "source_publisher": "Petroleum Economist / World Oil / Gulf Energy Information / Global Energy Infrastructure",
    "geometry_source": "stroke",
    "georef_order": 2,
    "georef_source": "map's own coastline vector registered to Natural Earth 10m coastline+lakes by trimmed ICP",
    "georef_insample_rmse_km": 0.97,
    "georef_holdout_layer": "ne_10m_admin_0_countries vs the map's own border strokes",
    "georef_holdout_median_km": 1.45,
    "georef_holdout_rmse_km": 1.6,
    "drawn_feature_offset_median_km": 2.39,
    "accuracy_tier": "medium"
   },
   "geometry": {
    "type": "LineString",
    "coordinates": [
     [
      55.481578,
      23.173555
     ],
     [
      55.452636,
      23.136003
     ],
     [
      55.437719,
      23.111475
     ],
     [
      55.423685,
      23.086935
     ],
     [
      55.411409,
      23.061524
     ],
     [
      55.394733,
      23.044884
     ],
     [
      55.378955,
      23.02211
     ],
     [
      55.378964,
      22.989691
     ],
     [
      55.384228,
      22.963402
     ],
     [
      55.374578,
      22.946857
     ],
     [
      55.364164,
      22.936445
     ],
     [
      55.356272,
      22.914431
     ],
     [
      55.338748,
      22.855731
     ],
     [
      55.333483,
      22.839971
     ],
     [
      55.344013,
      22.829443
     ],
     [
      55.39305,
      22.81716
     ],
     [
      55.492217,
      22.794348
     ],
     [
      55.52907,
      22.780303
     ],
     [
      55.622865,
      22.740956
     ],
     [
      55.772829,
      22.676935
     ],
     [
      55.97897,
      22.576081
     ],
     [
      56.125538,
      22.515676
     ],
     [
      56.194772,
      22.48323
     ],
     [
      56.345629,
      22.40256
     ],
     [
      56.491327,
      22.325494
     ],
     [
      56.519424,
      22.321975
     ],
     [
      56.637801,
      22.335948
     ],
     [
      56.687813,
      22.343815
     ],
     [
      56.830752,
      22.398846
     ],
     [
      56.954662,
      22.41048
     ],
     [
      57.194516,
      22.477057
     ],
     [
      57.260202,
      22.478154
     ],
     [
      57.590103,
      22.634013
     ],
     [
      57.65239,
      22.676011
     ],
     [
      57.745229,
      22.760819
     ],
     [
      57.810305,
      22.906706
     ],
     [
      57.80917,
      22.942575
     ],
     [
      57.834425,
      22.995804
     ],
     [
      57.854615,
      23.04791
     ],
     [
      57.860219,
      23.082083
     ],
     [
      57.94182,
      23.22742
     ],
     [
      57.952465,
      23.268317
     ],
     [
      57.967634,
      23.291296
     ],
     [
      57.987833,
      23.30607
     ],
     [
      58.038908,
      23.339109
     ],
     [
      58.082371,
      23.383366
     ],
     [
      58.117175,
      23.391201
     ],
     [
      58.163198,
      23.421436
     ],
     [
      58.194074,
      23.444952
     ],
     [
      58.235003,
      23.510381
     ],
     [
      58.256585,
      23.525022
     ],
     [
      58.279585,
      23.543666
     ],
     [
      58.416825,
      23.558252
     ],
     [
      58.496788,
      23.584067
     ],
     [
      58.507149,
      23.594393
     ],
     [
      58.507145,
      23.621964
     ],
     [
      58.484738,
      23.600513
     ],
     [
      58.413186,
      23.577973
     ],
     [
      58.274189,
      23.562311
     ],
     [
      58.256012,
      23.549423
     ],
     [
      58.247942,
      23.539676
     ],
     [
      58.21946,
      23.549718
     ],
     [
      58.203062,
      23.55748
     ],
     [
      58.159904,
      23.568702
     ],
     [
      58.134003,
      23.579917
     ],
     [
      58.11329,
      23.594576
     ],
     [
      58.093437,
      23.604917
     ],
     [
      58.088259,
      23.626465
     ],
     [
      58.007412,
      23.639434
     ],
     [
      57.898658,
      23.639483
     ],
     [
      57.813512,
      23.650723
     ],
     [
      57.669674,
      23.692995
     ],
     [
      57.530724,
      23.724073
     ],
     [
      57.303469,
      23.812614
     ],
     [
      57.095766,
      23.926429
     ],
     [
      57.048311,
      23.960625
     ],
     [
      56.99738,
      23.998559
     ],
     [
      56.864774,
      24.109451
     ],
     [
      56.830251,
      24.143931
     ],
     [
      56.706273,
      24.298201
     ],
     [
      56.67089,
      24.341005
     ],
     [
      56.635504,
      24.428897
     ],
     [
      56.611668,
      24.476354
     ]
    ]
   }
  },
  {
   "type": "Feature",
   "properties": {
    "id": "ME2026-0296",
    "commodity": "oil",
    "status_class": "in_service",
    "name": null,
    "name_dist_pt": null,
    "name_ambiguous": null,
    "name_confidence": null,
    "commodity_conflict": null,
    "other_names": null,
    "diameter_in": null,
    "length_km": 17.11,
    "n_vertices": 3,
    "legend_class": "oil_in_service",
    "stroke_rgb": "#00922f",
    "dashed": false,
    "source_map": "me2026",
    "source_file": "../energy-map-of-the-middle-east-2026-peregrine-bush.pdf",
    "source_page": 1,
    "source_title": "Energy Infrastructure Map of the Middle East, 2026 edition",
    "source_publisher": "Petroleum Economist / World Oil / Gulf Energy Information / Global Energy Infrastructure",
    "geometry_source": "stroke",
    "georef_order": 2,
    "georef_source": "map's own coastline vector registered to Natural Earth 10m coastline+lakes by trimmed ICP",
    "georef_insample_rmse_km": 0.97,
    "georef_holdout_layer": "ne_10m_admin_0_countries vs the map's own border strokes",
    "georef_holdout_median_km": 1.45,
    "georef_holdout_rmse_km": 1.6,
    "drawn_feature_offset_median_km": 2.39,
    "accuracy_tier": "medium"
   },
   "geometry": {
    "type": "LineString",
    "coordinates": [
     [
      55.903551,
      22.765388
     ],
     [
      55.809678,
      22.724244
     ],
     [
      55.773859,
      22.676426
     ]
    ]
   }
  },
  {
   "type": "Feature",
   "properties": {
    "id": "ME2026-0297",
    "commodity": "oil",
    "status_class": "in_service",
    "name": null,
    "name_dist_pt": null,
    "name_ambiguous": null,
    "name_confidence": null,
    "commodity_conflict": null,
    "other_names": null,
    "diameter_in": null,
    "length_km": 42.76,
    "n_vertices": 3,
    "legend_class": "oil_in_service",
    "stroke_rgb": "#00922f",
    "dashed": false,
    "source_map": "me2026",
    "source_file": "../energy-map-of-the-middle-east-2026-peregrine-bush.pdf",
    "source_page": 1,
    "source_title": "Energy Infrastructure Map of the Middle East, 2026 edition",
    "source_publisher": "Petroleum Economist / World Oil / Gulf Energy Information / Global Energy Infrastructure",
    "geometry_source": "stroke",
    "georef_order": 2,
    "georef_source": "map's own coastline vector registered to Natural Earth 10m coastline+lakes by trimmed ICP",
    "georef_insample_rmse_km": 0.97,
    "georef_holdout_layer": "ne_10m_admin_0_countries vs the map's own border strokes",
    "georef_holdout_median_km": 1.45,
    "georef_holdout_rmse_km": 1.6,
    "drawn_feature_offset_median_km": 2.39,
    "accuracy_tier": "medium"
   },
   "geometry": {
    "type": "LineString",
    "coordinates": [
     [
      56.86496,
      22.467191
     ],
     [
      56.693927,
      22.435724
     ],
     [
      56.485198,
      22.323743
     ]
    ]
   }
  },
  {
   "type": "Feature",
   "properties": {
    "id": "ME2026-0298",
    "commodity": "oil",
    "status_class": "in_service",
    "name": null,
    "name_dist_pt": null,
    "name_ambiguous": null,
    "name_confidence": null,
    "commodity_conflict": null,
    "other_names": null,
    "diameter_in": null,
    "length_km": 81.4,
    "n_vertices": 13,
    "legend_class": "oil_in_service",
    "stroke_rgb": "#00922f",
    "dashed": false,
    "source_map": "me2026",
    "source_file": "../energy-map-of-the-middle-east-2026-peregrine-bush.pdf",
    "source_page": 1,
    "source_title": "Energy Infrastructure Map of the Middle East, 2026 edition",
    "source_publisher": "Petroleum Economist / World Oil / Gulf Energy Information / Global Energy Infrastructure",
    "geometry_source": "stroke",
    "georef_order": 2,
    "georef_source": "map's own coastline vector registered to Natural Earth 10m coastline+lakes by trimmed ICP",
    "georef_insample_rmse_km": 0.97,
    "georef_holdout_layer": "ne_10m_admin_0_countries vs the map's own border strokes",
    "georef_holdout_median_km": 1.45,
    "georef_holdout_rmse_km": 1.6,
    "drawn_feature_offset_median_km": 2.39,
    "accuracy_tier": "medium"
   },
   "geometry": {
    "type": "LineString",
    "coordinates": [
     [
      56.037118,
      21.903523
     ],
     [
      56.015168,
      21.932454
     ],
     [
      56.019491,
      22.101465
     ],
     [
      56.019475,
      22.147021
     ],
     [
      56.092298,
      22.173291
     ],
     [
      56.12476,
      22.189924
     ],
     [
      56.173783,
      22.23886
     ],
     [
      56.226429,
      22.291412
     ],
     [
      56.316786,
      22.355357
     ],
     [
      56.329964,
      22.363227
     ],
     [
      56.387778,
      22.363204
     ],
     [
      56.437808,
      22.342161
     ],
     [
      56.45214,
      22.346232
     ]
    ]
   }
  },
  {
   "type": "Feature",
   "properties": {
    "id": "ME2026-0299",
    "commodity": "oil",
    "status_class": "in_service",
    "name": null,
    "name_dist_pt": null,
    "name_ambiguous": null,
    "name_confidence": null,
    "commodity_conflict": null,
    "other_names": null,
    "diameter_in": null,
    "length_km": 213.21,
    "n_vertices": 14,
    "legend_class": "oil_in_service",
    "stroke_rgb": "#00922f",
    "dashed": false,
    "source_map": "me2026",
    "source_file": "../energy-map-of-the-middle-east-2026-peregrine-bush.pdf",
    "source_page": 1,
    "source_title": "Energy Infrastructure Map of the Middle East, 2026 edition",
    "source_publisher": "Petroleum Economist / World Oil / Gulf Energy Information / Global Energy Infrastructure",
    "geometry_source": "stroke",
    "georef_order": 2,
    "georef_source": "map's own coastline vector registered to Natural Earth 10m coastline+lakes by trimmed ICP",
    "georef_insample_rmse_km": 0.97,
    "georef_holdout_layer": "ne_10m_admin_0_countries vs the map's own border strokes",
    "georef_holdout_median_km": 1.45,
    "georef_holdout_rmse_km": 1.6,
    "drawn_feature_offset_median_km": 2.39,
    "accuracy_tier": "medium"
   },
   "geometry": {
    "type": "LineString",
    "coordinates": [
     [
      56.332147,
      21.23078
     ],
     [
      56.723295,
      21.326131
     ],
     [
      57.101369,
      21.316329
     ],
     [
      57.11788,
      21.469558
     ],
     [
      57.136251,
      21.614018
     ],
     [
      57.155502,
      21.777869
     ],
     [
      57.181755,
      21.988932
     ],
     [
      57.203643,
      22.152688
     ],
     [
      57.220265,
      22.312044
     ],
     [
      57.216748,
      22.324312
     ],
     [
      57.198324,
      22.342719
     ],
     [
      57.167586,
      22.37341
     ],
     [
      57.16758,
      22.393455
     ],
     [
      57.20101,
      22.478554
     ]
    ]
   }
  },
  {
   "type": "Feature",
   "properties": {
    "id": "ME2026-0300",
    "commodity": "oil",
    "status_class": "in_service",
    "name": "Saih Nihayda-Duqm SEZ",
    "name_dist_pt": 40.7,
    "name_ambiguous": true,
    "name_confidence": "low",
    "commodity_conflict": null,
    "other_names": null,
    "diameter_in": null,
    "length_km": 70.78,
    "n_vertices": 4,
    "legend_class": "oil_in_service",
    "stroke_rgb": "#00922f",
    "dashed": false,
    "source_map": "me2026",
    "source_file": "../energy-map-of-the-middle-east-2026-peregrine-bush.pdf",
    "source_page": 1,
    "source_title": "Energy Infrastructure Map of the Middle East, 2026 edition",
    "source_publisher": "Petroleum Economist / World Oil / Gulf Energy Information / Global Energy Infrastructure",
    "geometry_source": "stroke",
    "georef_order": 2,
    "georef_source": "map's own coastline vector registered to Natural Earth 10m coastline+lakes by trimmed ICP",
    "georef_insample_rmse_km": 0.97,
    "georef_holdout_layer": "ne_10m_admin_0_countries vs the map's own border strokes",
    "georef_holdout_median_km": 1.45,
    "georef_holdout_rmse_km": 1.6,
    "drawn_feature_offset_median_km": 2.39,
    "accuracy_tier": "medium"
   },
   "geometry": {
    "type": "LineString",
    "coordinates": [
     [
      57.352025,
      21.71557
     ],
     [
      57.241644,
      21.458121
     ],
     [
      57.102255,
      21.313703
     ],
     [
      57.261924,
      21.239144
     ]
    ]
   }
  },
  {
   "type": "Feature",
   "properties": {
    "id": "ME2026-0301",
    "commodity": "oil",
    "status_class": "in_service",
    "name": null,
    "name_dist_pt": null,
    "name_ambiguous": null,
    "name_confidence": null,
    "commodity_conflict": null,
    "other_names": null,
    "diameter_in": null,
    "length_km": 29.59,
    "n_vertices": 3,
    "legend_class": "oil_in_service",
    "stroke_rgb": "#00922f",
    "dashed": false,
    "source_map": "me2026",
    "source_file": "../energy-map-of-the-middle-east-2026-peregrine-bush.pdf",
    "source_page": 1,
    "source_title": "Energy Infrastructure Map of the Middle East, 2026 edition",
    "source_publisher": "Petroleum Economist / World Oil / Gulf Energy Information / Global Energy Infrastructure",
    "geometry_source": "stroke",
    "georef_order": 2,
    "georef_source": "map's own coastline vector registered to Natural Earth 10m coastline+lakes by trimmed ICP",
    "georef_insample_rmse_km": 0.97,
    "georef_holdout_layer": "ne_10m_admin_0_countries vs the map's own border strokes",
    "georef_holdout_median_km": 1.45,
    "georef_holdout_rmse_km": 1.6,
    "drawn_feature_offset_median_km": 2.39,
    "accuracy_tier": "medium"
   },
   "geometry": {
    "type": "LineString",
    "coordinates": [
     [
      56.974064,
      21.426678
     ],
     [
      57.102255,
      21.313703
     ],
     [
      57.130275,
      21.21478
     ]
    ]
   }
  },
  {
   "type": "Feature",
   "properties": {
    "id": "ME2026-0302",
    "commodity": "oil",
    "status_class": "in_service",
    "name": null,
    "name_dist_pt": null,
    "name_ambiguous": null,
    "name_confidence": null,
    "commodity_conflict": null,
    "other_names": null,
    "diameter_in": "16",
    "length_km": 481.15,
    "n_vertices": 40,
    "legend_class": "oil_in_service",
    "stroke_rgb": "#00922f",
    "dashed": false,
    "source_map": "me2026",
    "source_file": "../energy-map-of-the-middle-east-2026-peregrine-bush.pdf",
    "source_page": 1,
    "source_title": "Energy Infrastructure Map of the Middle East, 2026 edition",
    "source_publisher": "Petroleum Economist / World Oil / Gulf Energy Information / Global Energy Infrastructure",
    "geometry_source": "stroke",
    "georef_order": 2,
    "georef_source": "map's own coastline vector registered to Natural Earth 10m coastline+lakes by trimmed ICP",
    "georef_insample_rmse_km": 0.97,
    "georef_holdout_layer": "ne_10m_admin_0_countries vs the map's own border strokes",
    "georef_holdout_median_km": 1.45,
    "georef_holdout_rmse_km": 1.6,
    "drawn_feature_offset_median_km": 2.39,
    "accuracy_tier": "medium"
   },
   "geometry": {
    "type": "LineString",
    "coordinates": [
     [
      54.999945,
      17.947304
     ],
     [
      55.025447,
      17.994631
     ],
     [
      55.025435,
      18.009205
     ],
     [
      55.052404,
      18.026671
     ],
     [
      55.056051,
      18.03978
     ],
     [
      55.11361,
      18.090735
     ],
     [
      55.211797,
      18.166226
     ],
     [
      55.254066,
      18.196796
     ],
     [
      55.319682,
      18.249212
     ],
     [
      55.570069,
      18.33774
     ],
     [
      55.650293,
      18.350818
     ],
     [
      55.66852,
      18.369013
     ],
     [
      55.681635,
      18.388673
     ],
     [
      55.675766,
      18.427281
     ],
     [
      55.756669,
      18.518066
     ],
     [
      55.895712,
      18.586477
     ],
     [
      56.112765,
      18.727458
     ],
     [
      56.117855,
      18.757318
     ],
     [
      56.129455,
      18.845449
     ],
     [
      56.170606,
      19.130497
     ],
     [
      56.187295,
      19.257948
     ],
     [
      56.257182,
      19.472571
     ],
     [
      56.253243,
      19.512765
     ],
     [
      56.244207,
      19.932163
     ],
     [
      56.241493,
      20.052211
     ],
     [
      56.191422,
      20.159882
     ],
     [
      56.191399,
      20.200197
     ],
     [
      56.212411,
      20.274552
     ],
     [
      56.273769,
      20.405946
     ],
     [
      56.315843,
      20.496079
     ],
     [
      56.318453,
      20.508343
     ],
     [
      56.329821,
      20.613487
     ],
     [
      56.398993,
      20.712354
     ],
     [
      56.48671,
      20.799941
     ],
     [
      56.529649,
      20.890945
     ],
     [
      56.587462,
      20.918959
     ],
     [
      56.769851,
      21.015264
     ],
     [
      56.921499,
      21.186831
     ],
     [
      57.091735,
      21.291801
     ],
     [
      57.102874,
      21.311489
     ]
    ]
   }
  },
  {
   "type": "Feature",
   "properties": {
    "id": "ME2026-0303",
    "commodity": "oil",
    "status_class": "in_service",
    "name": null,
    "name_dist_pt": null,
    "name_ambiguous": null,
    "name_confidence": null,
    "commodity_conflict": null,
    "other_names": null,
    "diameter_in": null,
    "length_km": 5.05,
    "n_vertices": 3,
    "legend_class": "oil_in_service",
    "stroke_rgb": "#00922f",
    "dashed": false,
    "source_map": "me2026",
    "source_file": "../energy-map-of-the-middle-east-2026-peregrine-bush.pdf",
    "source_page": 1,
    "source_title": "Energy Infrastructure Map of the Middle East, 2026 edition",
    "source_publisher": "Petroleum Economist / World Oil / Gulf Energy Information / Global Energy Infrastructure",
    "geometry_source": "stroke",
    "georef_order": 2,
    "georef_source": "map's own coastline vector registered to Natural Earth 10m coastline+lakes by trimmed ICP",
    "georef_insample_rmse_km": 0.97,
    "georef_holdout_layer": "ne_10m_admin_0_countries vs the map's own border strokes",
    "georef_holdout_median_km": 1.45,
    "georef_holdout_rmse_km": 1.6,
    "drawn_feature_offset_median_km": 2.39,
    "accuracy_tier": "medium"
   },
   "geometry": {
    "type": "LineString",
    "coordinates": [
     [
      56.798838,
      20.977572
     ],
     [
      56.783906,
      20.987219
     ],
     [
      56.774346,
      21.014391
     ]
    ]
   }
  },
  {
   "type": "Feature",
   "properties": {
    "id": "ME2026-0304",
    "commodity": "oil",
    "status_class": "in_service",
    "name": null,
    "name_dist_pt": null,
    "name_ambiguous": null,
    "name_confidence": null,
    "commodity_conflict": null,
    "other_names": null,
    "diameter_in": null,
    "length_km": 14.98,
    "n_vertices": 2,
    "legend_class": "oil_in_service",
    "stroke_rgb": "#00922f",
    "dashed": false,
    "source_map": "me2026",
    "source_file": "../energy-map-of-the-middle-east-2026-peregrine-bush.pdf",
    "source_page": 1,
    "source_title": "Energy Infrastructure Map of the Middle East, 2026 edition",
    "source_publisher": "Petroleum Economist / World Oil / Gulf Energy Information / Global Energy Infrastructure",
    "geometry_source": "stroke",
    "georef_order": 2,
    "georef_source": "map's own coastline vector registered to Natural Earth 10m coastline+lakes by trimmed ICP",
    "georef_insample_rmse_km": 0.97,
    "georef_holdout_layer": "ne_10m_admin_0_countries vs the map's own border strokes",
    "georef_holdout_median_km": 1.45,
    "georef_holdout_rmse_km": 1.6,
    "drawn_feature_offset_median_km": 2.39,
    "accuracy_tier": "medium"
   },
   "geometry": {
    "type": "LineString",
    "coordinates": [
     [
      56.814433,
      21.431125
     ],
     [
      56.723295,
      21.326131
     ]
    ]
   }
  },
  {
   "type": "Feature",
   "properties": {
    "id": "ME2026-0305",
    "commodity": "oil",
    "status_class": "in_service",
    "name": null,
    "name_dist_pt": null,
    "name_ambiguous": null,
    "name_confidence": null,
    "commodity_conflict": null,
    "other_names": null,
    "diameter_in": null,
    "length_km": 38.24,
    "n_vertices": 3,
    "legend_class": "oil_in_service",
    "stroke_rgb": "#00922f",
    "dashed": false,
    "source_map": "me2026",
    "source_file": "../energy-map-of-the-middle-east-2026-peregrine-bush.pdf",
    "source_page": 1,
    "source_title": "Energy Infrastructure Map of the Middle East, 2026 edition",
    "source_publisher": "Petroleum Economist / World Oil / Gulf Energy Information / Global Energy Infrastructure",
    "geometry_source": "stroke",
    "georef_order": 2,
    "georef_source": "map's own coastline vector registered to Natural Earth 10m coastline+lakes by trimmed ICP",
    "georef_insample_rmse_km": 0.97,
    "georef_holdout_layer": "ne_10m_admin_0_countries vs the map's own border strokes",
    "georef_holdout_median_km": 1.45,
    "georef_holdout_rmse_km": 1.6,
    "drawn_feature_offset_median_km": 2.39,
    "accuracy_tier": "medium"
   },
   "geometry": {
    "type": "LineString",
    "coordinates": [
     [
      56.636285,
      21.663305
     ],
     [
      56.716265,
      21.360306
     ],
     [
      56.72499,
      21.328066
     ]
    ]
   }
  },
  {
   "type": "Feature",
   "properties": {
    "id": "ME2026-0306",
    "commodity": "oil",
    "status_class": "in_service",
    "name": null,
    "name_dist_pt": null,
    "name_ambiguous": null,
    "name_confidence": null,
    "commodity_conflict": null,
    "other_names": null,
    "diameter_in": null,
    "length_km": 122.07,
    "n_vertices": 23,
    "legend_class": "oil_in_service",
    "stroke_rgb": "#00922f",
    "dashed": false,
    "source_map": "me2026",
    "source_file": "../energy-map-of-the-middle-east-2026-peregrine-bush.pdf",
    "source_page": 1,
    "source_title": "Energy Infrastructure Map of the Middle East, 2026 edition",
    "source_publisher": "Petroleum Economist / World Oil / Gulf Energy Information / Global Energy Infrastructure",
    "geometry_source": "stroke",
    "georef_order": 2,
    "georef_source": "map's own coastline vector registered to Natural Earth 10m coastline+lakes by trimmed ICP",
    "georef_insample_rmse_km": 0.97,
    "georef_holdout_layer": "ne_10m_admin_0_countries vs the map's own border strokes",
    "georef_holdout_median_km": 1.45,
    "georef_holdout_rmse_km": 1.6,
    "drawn_feature_offset_median_km": 2.39,
    "accuracy_tier": "medium"
   },
   "geometry": {
    "type": "LineString",
    "coordinates": [
     [
      56.449098,
      20.555607
     ],
     [
      56.378019,
      20.533731
     ],
     [
      56.315878,
      20.430471
     ],
     [
      56.282549,
      20.412317
     ],
     [
      56.231026,
      20.412338
     ],
     [
      56.195657,
      20.425162
     ],
     [
      56.163173,
      20.45758
     ],
     [
      56.093945,
      20.469885
     ],
     [
      56.018461,
      20.493574
     ],
     [
      55.873742,
      20.549695
     ],
     [
      55.800028,
      20.576019
     ],
     [
      55.769314,
      20.588296
     ],
     [
      55.722022,
      20.611962
     ],
     [
      55.693937,
      20.623379
     ],
     [
      55.64568,
      20.619006
     ],
     [
      55.598293,
      20.619024
     ],
     [
      55.580736,
      20.6278
     ],
     [
      55.565802,
      20.646965
     ],
     [
      55.516777,
      20.653128
     ],
     [
      55.494849,
      20.661023
     ],
     [
      55.472888,
      20.682924
     ],
     [
      55.467606,
      20.707468
     ],
     [
      55.453573,
      20.719739
     ]
    ]
   }
  },
  {
   "type": "Feature",
   "properties": {
    "id": "ME2026-0307",
    "commodity": "oil",
    "status_class": "in_service",
    "name": null,
    "name_dist_pt": null,
    "name_ambiguous": null,
    "name_confidence": null,
    "commodity_conflict": null,
    "other_names": null,
    "diameter_in": null,
    "length_km": 56.78,
    "n_vertices": 4,
    "legend_class": "oil_in_service",
    "stroke_rgb": "#00922f",
    "dashed": false,
    "source_map": "me2026",
    "source_file": "../energy-map-of-the-middle-east-2026-peregrine-bush.pdf",
    "source_page": 1,
    "source_title": "Energy Infrastructure Map of the Middle East, 2026 edition",
    "source_publisher": "Petroleum Economist / World Oil / Gulf Energy Information / Global Energy Infrastructure",
    "geometry_source": "stroke",
    "georef_order": 2,
    "georef_source": "map's own coastline vector registered to Natural Earth 10m coastline+lakes by trimmed ICP",
    "georef_insample_rmse_km": 0.97,
    "georef_holdout_layer": "ne_10m_admin_0_countries vs the map's own border strokes",
    "georef_holdout_median_km": 1.45,
    "georef_holdout_rmse_km": 1.6,
    "drawn_feature_offset_median_km": 2.39,
    "accuracy_tier": "medium"
   },
   "geometry": {
    "type": "LineString",
    "coordinates": [
     [
      55.919331,
      20.632049
     ],
     [
      55.927379,
      20.378931
     ],
     [
      55.956226,
      20.372787
     ],
     [
      56.195657,
      20.425162
     ]
    ]
   }
  },
  {
   "type": "Feature",
   "properties": {
    "id": "ME2026-0308",
    "commodity": "oil",
    "status_class": "in_service",
    "name": null,
    "name_dist_pt": null,
    "name_ambiguous": null,
    "name_confidence": null,
    "commodity_conflict": null,
    "other_names": null,
    "diameter_in": null,
    "length_km": 31.34,
    "n_vertices": 8,
    "legend_class": "oil_in_service",
    "stroke_rgb": "#00922f",
    "dashed": false,
    "source_map": "me2026",
    "source_file": "../energy-map-of-the-middle-east-2026-peregrine-bush.pdf",
    "source_page": 1,
    "source_title": "Energy Infrastructure Map of the Middle East, 2026 edition",
    "source_publisher": "Petroleum Economist / World Oil / Gulf Energy Information / Global Energy Infrastructure",
    "geometry_source": "stroke",
    "georef_order": 2,
    "georef_source": "map's own coastline vector registered to Natural Earth 10m coastline+lakes by trimmed ICP",
    "georef_insample_rmse_km": 0.97,
    "georef_holdout_layer": "ne_10m_admin_0_countries vs the map's own border strokes",
    "georef_holdout_median_km": 1.45,
    "georef_holdout_rmse_km": 1.6,
    "drawn_feature_offset_median_km": 2.39,
    "accuracy_tier": "medium"
   },
   "geometry": {
    "type": "LineString",
    "coordinates": [
     [
      55.660705,
      20.390429
     ],
     [
      55.704614,
      20.351851
     ],
     [
      55.710761,
      20.341338
     ],
     [
      55.730942,
      20.34133
     ],
     [
      55.779972,
      20.350951
     ],
     [
      55.843156,
      20.350927
     ],
     [
      55.893144,
      20.381569
     ],
     [
      55.927379,
      20.378931
     ]
    ]
   }
  },
  {
   "type": "Feature",
   "properties": {
    "id": "ME2026-0309",
    "commodity": "oil",
    "status_class": "in_service",
    "name": null,
    "name_dist_pt": null,
    "name_ambiguous": null,
    "name_confidence": null,
    "commodity_conflict": null,
    "other_names": null,
    "diameter_in": null,
    "length_km": 31.44,
    "n_vertices": 10,
    "legend_class": "oil_in_service",
    "stroke_rgb": "#00922f",
    "dashed": false,
    "source_map": "me2026",
    "source_file": "../energy-map-of-the-middle-east-2026-peregrine-bush.pdf",
    "source_page": 1,
    "source_title": "Energy Infrastructure Map of the Middle East, 2026 edition",
    "source_publisher": "Petroleum Economist / World Oil / Gulf Energy Information / Global Energy Infrastructure",
    "geometry_source": "stroke",
    "georef_order": 2,
    "georef_source": "map's own coastline vector registered to Natural Earth 10m coastline+lakes by trimmed ICP",
    "georef_insample_rmse_km": 0.97,
    "georef_holdout_layer": "ne_10m_admin_0_countries vs the map's own border strokes",
    "georef_holdout_median_km": 1.45,
    "georef_holdout_rmse_km": 1.6,
    "drawn_feature_offset_median_km": 2.39,
    "accuracy_tier": "medium"
   },
   "geometry": {
    "type": "LineString",
    "coordinates": [
     [
      55.640645,
      20.182006
     ],
     [
      55.659097,
      20.174983
     ],
     [
      55.695943,
      20.17936
     ],
     [
      55.736283,
      20.196
     ],
     [
      55.751202,
      20.204739
     ],
     [
      55.728389,
      20.210892
     ],
     [
      55.704685,
      20.228416
     ],
     [
      55.704671,
      20.251204
     ],
     [
      55.73621,
      20.32293
     ],
     [
      55.740571,
      20.343225
     ]
    ]
   }
  },
  {
   "type": "Feature",
   "properties": {
    "id": "ME2026-0310",
    "commodity": "oil",
    "status_class": "in_service",
    "name": null,
    "name_dist_pt": null,
    "name_ambiguous": null,
    "name_confidence": null,
    "commodity_conflict": null,
    "other_names": null,
    "diameter_in": null,
    "length_km": 92.83,
    "n_vertices": 9,
    "legend_class": "oil_in_service",
    "stroke_rgb": "#00922f",
    "dashed": false,
    "source_map": "me2026",
    "source_file": "../energy-map-of-the-middle-east-2026-peregrine-bush.pdf",
    "source_page": 1,
    "source_title": "Energy Infrastructure Map of the Middle East, 2026 edition",
    "source_publisher": "Petroleum Economist / World Oil / Gulf Energy Information / Global Energy Infrastructure",
    "geometry_source": "stroke",
    "georef_order": 2,
    "georef_source": "map's own coastline vector registered to Natural Earth 10m coastline+lakes by trimmed ICP",
    "georef_insample_rmse_km": 0.97,
    "georef_holdout_layer": "ne_10m_admin_0_countries vs the map's own border strokes",
    "georef_holdout_median_km": 1.45,
    "georef_holdout_rmse_km": 1.6,
    "drawn_feature_offset_median_km": 2.39,
    "accuracy_tier": "medium"
   },
   "geometry": {
    "type": "LineString",
    "coordinates": [
     [
      56.172136,
      20.118717
     ],
     [
      56.153712,
      20.115217
     ],
     [
      56.139819,
      20.05137
     ],
     [
      56.142448,
      20.030335
     ],
     [
      55.776924,
      19.610145
     ],
     [
      55.788329,
      19.599618
     ],
     [
      55.819904,
      19.60662
     ],
     [
      55.94397,
      19.646872
     ],
     [
      55.943957,
      19.667022
     ]
    ]
   }
  },
  {
   "type": "Feature",
   "properties": {
    "id": "ME2026-0311",
    "commodity": "oil",
    "status_class": "in_service",
    "name": null,
    "name_dist_pt": null,
    "name_ambiguous": null,
    "name_confidence": null,
    "commodity_conflict": null,
    "other_names": null,
    "diameter_in": null,
    "length_km": 11.19,
    "n_vertices": 3,
    "legend_class": "oil_in_service",
    "stroke_rgb": "#00922f",
    "dashed": false,
    "source_map": "me2026",
    "source_file": "../energy-map-of-the-middle-east-2026-peregrine-bush.pdf",
    "source_page": 1,
    "source_title": "Energy Infrastructure Map of the Middle East, 2026 edition",
    "source_publisher": "Petroleum Economist / World Oil / Gulf Energy Information / Global Energy Infrastructure",
    "geometry_source": "stroke",
    "georef_order": 2,
    "georef_source": "map's own coastline vector registered to Natural Earth 10m coastline+lakes by trimmed ICP",
    "georef_insample_rmse_km": 0.97,
    "georef_holdout_layer": "ne_10m_admin_0_countries vs the map's own border strokes",
    "georef_holdout_median_km": 1.45,
    "georef_holdout_rmse_km": 1.6,
    "drawn_feature_offset_median_km": 2.39,
    "accuracy_tier": "medium"
   },
   "geometry": {
    "type": "LineString",
    "coordinates": [
     [
      56.245038,
      20.019782
     ],
     [
      56.179224,
      20.013677
     ],
     [
      56.142448,
      20.030335
     ]
    ]
   }
  },
  {
   "type": "Feature",
   "properties": {
    "id": "ME2026-0312",
    "commodity": "oil",
    "status_class": "in_service",
    "name": null,
    "name_dist_pt": null,
    "name_ambiguous": null,
    "name_confidence": null,
    "commodity_conflict": null,
    "other_names": null,
    "diameter_in": null,
    "length_km": 21.25,
    "n_vertices": 3,
    "legend_class": "oil_in_service",
    "stroke_rgb": "#00922f",
    "dashed": false,
    "source_map": "me2026",
    "source_file": "../energy-map-of-the-middle-east-2026-peregrine-bush.pdf",
    "source_page": 1,
    "source_title": "Energy Infrastructure Map of the Middle East, 2026 edition",
    "source_publisher": "Petroleum Economist / World Oil / Gulf Energy Information / Global Energy Infrastructure",
    "geometry_source": "stroke",
    "georef_order": 2,
    "georef_source": "map's own coastline vector registered to Natural Earth 10m coastline+lakes by trimmed ICP",
    "georef_insample_rmse_km": 0.97,
    "georef_holdout_layer": "ne_10m_admin_0_countries vs the map's own border strokes",
    "georef_holdout_median_km": 1.45,
    "georef_holdout_rmse_km": 1.6,
    "drawn_feature_offset_median_km": 2.39,
    "accuracy_tier": "medium"
   },
   "geometry": {
    "type": "LineString",
    "coordinates": [
     [
      56.244207,
      19.932163
     ],
     [
      56.139018,
      19.932206
     ],
     [
      56.148496,
      20.024212
     ]
    ]
   }
  },
  {
   "type": "Feature",
   "properties": {
    "id": "ME2026-0313",
    "commodity": "oil",
    "status_class": "in_service",
    "name": null,
    "name_dist_pt": null,
    "name_ambiguous": null,
    "name_confidence": null,
    "commodity_conflict": null,
    "other_names": null,
    "diameter_in": null,
    "length_km": 11.68,
    "n_vertices": 2,
    "legend_class": "oil_in_service",
    "stroke_rgb": "#00922f",
    "dashed": false,
    "source_map": "me2026",
    "source_file": "../energy-map-of-the-middle-east-2026-peregrine-bush.pdf",
    "source_page": 1,
    "source_title": "Energy Infrastructure Map of the Middle East, 2026 edition",
    "source_publisher": "Petroleum Economist / World Oil / Gulf Energy Information / Global Energy Infrastructure",
    "geometry_source": "stroke",
    "georef_order": 2,
    "georef_source": "map's own coastline vector registered to Natural Earth 10m coastline+lakes by trimmed ICP",
    "georef_insample_rmse_km": 0.97,
    "georef_holdout_layer": "ne_10m_admin_0_countries vs the map's own border strokes",
    "georef_holdout_median_km": 1.45,
    "georef_holdout_rmse_km": 1.6,
    "drawn_feature_offset_median_km": 2.39,
    "accuracy_tier": "medium"
   },
   "geometry": {
    "type": "LineString",
    "coordinates": [
     [
      55.920351,
      19.775019
     ],
     [
      56.014535,
      19.71858
     ]
    ]
   }
  },
  {
   "type": "Feature",
   "properties": {
    "id": "ME2026-0314",
    "commodity": "oil",
    "status_class": "in_service",
    "name": null,
    "name_dist_pt": null,
    "name_ambiguous": null,
    "name_confidence": null,
    "commodity_conflict": null,
    "other_names": null,
    "diameter_in": null,
    "length_km": 45.58,
    "n_vertices": 5,
    "legend_class": "oil_in_service",
    "stroke_rgb": "#00922f",
    "dashed": false,
    "source_map": "me2026",
    "source_file": "../energy-map-of-the-middle-east-2026-peregrine-bush.pdf",
    "source_page": 1,
    "source_title": "Energy Infrastructure Map of the Middle East, 2026 edition",
    "source_publisher": "Petroleum Economist / World Oil / Gulf Energy Information / Global Energy Infrastructure",
    "geometry_source": "stroke",
    "georef_order": 2,
    "georef_source": "map's own coastline vector registered to Natural Earth 10m coastline+lakes by trimmed ICP",
    "georef_insample_rmse_km": 0.97,
    "georef_holdout_layer": "ne_10m_admin_0_countries vs the map's own border strokes",
    "georef_holdout_median_km": 1.45,
    "georef_holdout_rmse_km": 1.6,
    "drawn_feature_offset_median_km": 2.39,
    "accuracy_tier": "medium"
   },
   "geometry": {
    "type": "LineString",
    "coordinates": [
     [
      56.042716,
      19.562721
     ],
     [
      55.876992,
      19.537449
     ],
     [
      55.810467,
      19.461821
     ],
     [
      55.771665,
      19.594363
     ],
     [
      55.776924,
      19.610145
     ]
    ]
   }
  },
  {
   "type": "Feature",
   "properties": {
    "id": "ME2026-0315",
    "commodity": "oil",
    "status_class": "in_service",
    "name": "Marib-Ras Issa Pipeline",
    "name_dist_pt": 28.3,
    "name_ambiguous": false,
    "name_confidence": "medium",
    "commodity_conflict": null,
    "other_names": null,
    "diameter_in": "24",
    "length_km": 444.7,
    "n_vertices": 45,
    "legend_class": "oil_in_service",
    "stroke_rgb": "#00922f",
    "dashed": false,
    "source_map": "me2026",
    "source_file": "../energy-map-of-the-middle-east-2026-peregrine-bush.pdf",
    "source_page": 1,
    "source_title": "Energy Infrastructure Map of the Middle East, 2026 edition",
    "source_publisher": "Petroleum Economist / World Oil / Gulf Energy Information / Global Energy Infrastructure",
    "geometry_source": "stroke",
    "georef_order": 2,
    "georef_source": "map's own coastline vector registered to Natural Earth 10m coastline+lakes by trimmed ICP",
    "georef_insample_rmse_km": 0.97,
    "georef_holdout_layer": "ne_10m_admin_0_countries vs the map's own border strokes",
    "georef_holdout_median_km": 1.45,
    "georef_holdout_rmse_km": 1.6,
    "drawn_feature_offset_median_km": 2.39,
    "accuracy_tier": "medium"
   },
   "geometry": {
    "type": "LineString",
    "coordinates": [
     [
      45.592676,
      15.739109
     ],
     [
      45.647592,
      15.89184
     ],
     [
      45.537555,
      15.74629
     ],
     [
      45.488545,
      15.56471
     ],
     [
      45.309023,
      15.544474
     ],
     [
      45.161114,
      15.530006
     ],
     [
      45.125347,
      15.533256
     ],
     [
      44.964744,
      15.558905
     ],
     [
      44.897416,
      15.522409
     ],
     [
      44.916681,
      15.436429
     ],
     [
      44.85179,
      15.341956
     ],
     [
      44.758751,
      15.225246
     ],
     [
      44.732062,
      15.195548
     ],
     [
      44.666596,
      15.126806
     ],
     [
      44.613127,
      15.134746
     ],
     [
      44.553883,
      15.140521
     ],
     [
      44.47504,
      15.078379
     ],
     [
      44.383411,
      14.998354
     ],
     [
      44.316135,
      14.940904
     ],
     [
      44.295408,
      14.784664
     ],
     [
      44.271254,
      14.760456
     ],
     [
      44.187926,
      14.6788
     ],
     [
      44.000722,
      14.635982
     ],
     [
      43.924262,
      14.689609
     ],
     [
      43.856283,
      14.739102
     ],
     [
      43.757776,
      14.810983
     ],
     [
      43.656544,
      14.87943
     ],
     [
      43.581704,
      14.945171
     ],
     [
      43.486827,
      15.001515
     ],
     [
      43.422847,
      15.039255
     ],
     [
      43.344237,
      15.089458
     ],
     [
      43.304505,
      15.092705
     ],
     [
      43.182786,
      15.108225
     ],
     [
      43.000568,
      15.132768
     ],
     [
      42.905756,
      15.150092
     ],
     [
      42.852648,
      15.169949
     ],
     [
      42.812532,
      15.190183
     ],
     [
      42.783801,
      15.210406
     ],
     [
      42.764263,
      15.232976
     ],
     [
      42.751955,
      15.26296
     ],
     [
      42.746511,
      15.275243
     ],
     [
      42.729537,
      15.279932
     ],
     [
      42.710033,
      15.287522
     ],
     [
      42.685804,
      15.311724
     ],
     [
      42.676033,
      15.32472
     ]
    ]
   }
  },
  {
   "type": "Feature",
   "properties": {
    "id": "ME2026-0316",
    "commodity": "oil",
    "status_class": "in_service",
    "name": null,
    "name_dist_pt": null,
    "name_ambiguous": null,
    "name_confidence": null,
    "commodity_conflict": null,
    "other_names": null,
    "diameter_in": null,
    "length_km": 77.72,
    "n_vertices": 5,
    "legend_class": "oil_in_service",
    "stroke_rgb": "#00922f",
    "dashed": false,
    "source_map": "me2026",
    "source_file": "../energy-map-of-the-middle-east-2026-peregrine-bush.pdf",
    "source_page": 1,
    "source_title": "Energy Infrastructure Map of the Middle East, 2026 edition",
    "source_publisher": "Petroleum Economist / World Oil / Gulf Energy Information / Global Energy Infrastructure",
    "geometry_source": "stroke",
    "georef_order": 2,
    "georef_source": "map's own coastline vector registered to Natural Earth 10m coastline+lakes by trimmed ICP",
    "georef_insample_rmse_km": 0.97,
    "georef_holdout_layer": "ne_10m_admin_0_countries vs the map's own border strokes",
    "georef_holdout_median_km": 1.45,
    "georef_holdout_rmse_km": 1.6,
    "drawn_feature_offset_median_km": 2.39,
    "accuracy_tier": "medium"
   },
   "geometry": {
    "type": "LineString",
    "coordinates": [
     [
      45.642354,
      16.240433
     ],
     [
      45.647592,
      15.89184
     ],
     [
      45.709201,
      15.937367
     ],
     [
      45.855335,
      15.970926
     ],
     [
      45.833943,
      15.839126
     ]
    ]
   }
  },
  {
   "type": "Feature",
   "properties": {
    "id": "ME2026-0317",
    "commodity": "oil",
    "status_class": "in_service",
    "name": null,
    "name_dist_pt": null,
    "name_ambiguous": null,
    "name_confidence": null,
    "commodity_conflict": null,
    "other_names": null,
    "diameter_in": null,
    "length_km": 17.07,
    "n_vertices": 2,
    "legend_class": "oil_in_service",
    "stroke_rgb": "#00922f",
    "dashed": false,
    "source_map": "me2026",
    "source_file": "../energy-map-of-the-middle-east-2026-peregrine-bush.pdf",
    "source_page": 1,
    "source_title": "Energy Infrastructure Map of the Middle East, 2026 edition",
    "source_publisher": "Petroleum Economist / World Oil / Gulf Energy Information / Global Energy Infrastructure",
    "geometry_source": "stroke",
    "georef_order": 2,
    "georef_source": "map's own coastline vector registered to Natural Earth 10m coastline+lakes by trimmed ICP",
    "georef_insample_rmse_km": 0.97,
    "georef_holdout_layer": "ne_10m_admin_0_countries vs the map's own border strokes",
    "georef_holdout_median_km": 1.45,
    "georef_holdout_rmse_km": 1.6,
    "drawn_feature_offset_median_km": 2.39,
    "accuracy_tier": "medium"
   },
   "geometry": {
    "type": "LineString",
    "coordinates": [
     [
      46.012889,
      15.946963
     ],
     [
      45.855335,
      15.970926
     ]
    ]
   }
  },
  {
   "type": "Feature",
   "properties": {
    "id": "ME2026-0318",
    "commodity": "oil",
    "status_class": "in_service",
    "name": null,
    "name_dist_pt": null,
    "name_ambiguous": null,
    "name_confidence": null,
    "commodity_conflict": null,
    "other_names": null,
    "diameter_in": null,
    "length_km": 54.04,
    "n_vertices": 3,
    "legend_class": "oil_in_service",
    "stroke_rgb": "#00922f",
    "dashed": false,
    "source_map": "me2026",
    "source_file": "../energy-map-of-the-middle-east-2026-peregrine-bush.pdf",
    "source_page": 1,
    "source_title": "Energy Infrastructure Map of the Middle East, 2026 edition",
    "source_publisher": "Petroleum Economist / World Oil / Gulf Energy Information / Global Energy Infrastructure",
    "geometry_source": "stroke",
    "georef_order": 2,
    "georef_source": "map's own coastline vector registered to Natural Earth 10m coastline+lakes by trimmed ICP",
    "georef_insample_rmse_km": 0.97,
    "georef_holdout_layer": "ne_10m_admin_0_countries vs the map's own border strokes",
    "georef_holdout_median_km": 1.45,
    "georef_holdout_rmse_km": 1.6,
    "drawn_feature_offset_median_km": 2.39,
    "accuracy_tier": "medium"
   },
   "geometry": {
    "type": "LineString",
    "coordinates": [
     [
      45.855787,
      15.619301
     ],
     [
      45.647592,
      15.89184
     ],
     [
      45.525269,
      15.982898
     ]
    ]
   }
  },
  {
   "type": "Feature",
   "properties": {
    "id": "ME2026-0319",
    "commodity": "oil",
    "status_class": "in_service",
    "name": null,
    "name_dist_pt": null,
    "name_ambiguous": null,
    "name_confidence": null,
    "commodity_conflict": null,
    "other_names": null,
    "diameter_in": null,
    "length_km": 203.49,
    "n_vertices": 35,
    "legend_class": "oil_in_service",
    "stroke_rgb": "#00922f",
    "dashed": false,
    "source_map": "me2026",
    "source_file": "../energy-map-of-the-middle-east-2026-peregrine-bush.pdf",
    "source_page": 1,
    "source_title": "Energy Infrastructure Map of the Middle East, 2026 edition",
    "source_publisher": "Petroleum Economist / World Oil / Gulf Energy Information / Global Energy Infrastructure",
    "geometry_source": "stroke",
    "georef_order": 2,
    "georef_source": "map's own coastline vector registered to Natural Earth 10m coastline+lakes by trimmed ICP",
    "georef_insample_rmse_km": 0.97,
    "georef_holdout_layer": "ne_10m_admin_0_countries vs the map's own border strokes",
    "georef_holdout_median_km": 1.45,
    "georef_holdout_rmse_km": 1.6,
    "drawn_feature_offset_median_km": 2.39,
    "accuracy_tier": "medium"
   },
   "geometry": {
    "type": "LineString",
    "coordinates": [
     [
      47.879355,
      14.005072
     ],
     [
      47.838642,
      14.054274
     ],
     [
      47.754852,
      14.157346
     ],
     [
      47.700411,
      14.20713
     ],
     [
      47.587497,
      14.269578
     ],
     [
      47.555993,
      14.283884
     ],
     [
      47.517009,
      14.327935
     ],
     [
      47.508421,
      14.336521
     ],
     [
      47.461493,
      14.336524
     ],
     [
      47.412204,
      14.32966
     ],
     [
      47.38758,
      14.337678
     ],
     [
      47.329741,
      14.364573
     ],
     [
      47.309127,
      14.376581
     ],
     [
      47.302234,
      14.392602
     ],
     [
      47.274171,
      14.403474
     ],
     [
      47.266704,
      14.424077
     ],
     [
      47.24207,
      14.439519
     ],
     [
      47.188188,
      14.448675
     ],
     [
      47.133825,
      14.448679
     ],
     [
      47.014832,
      14.362863
     ],
     [
      46.963272,
      14.399489
     ],
     [
      46.961545,
      14.406357
     ],
     [
      46.955217,
      14.433816
     ],
     [
      46.947769,
      14.441252
     ],
     [
      46.915705,
      14.45164
     ],
     [
      46.893353,
      14.470515
     ],
     [
      46.885887,
      14.499123
     ],
     [
      46.857248,
      14.516862
     ],
     [
      46.83196,
      14.534601
     ],
     [
      46.810692,
      14.590668
     ],
     [
      46.808327,
      14.655961
     ],
     [
      46.818528,
      14.729197
     ],
     [
      46.820784,
      14.750949
     ],
     [
      46.78976,
      14.832191
     ],
     [
      46.709955,
      15.035449
     ]
    ]
   }
  },
  {
   "type": "Feature",
   "properties": {
    "id": "ME2026-0320",
    "commodity": "oil",
    "status_class": "in_service",
    "name": "Masila-Ash Shihr Pipeline",
    "name_dist_pt": 34.4,
    "name_ambiguous": false,
    "name_confidence": "medium",
    "commodity_conflict": null,
    "other_names": null,
    "diameter_in": "24",
    "length_km": 208.51,
    "n_vertices": 53,
    "legend_class": "oil_in_service",
    "stroke_rgb": "#00922f",
    "dashed": false,
    "source_map": "me2026",
    "source_file": "../energy-map-of-the-middle-east-2026-peregrine-bush.pdf",
    "source_page": 1,
    "source_title": "Energy Infrastructure Map of the Middle East, 2026 edition",
    "source_publisher": "Petroleum Economist / World Oil / Gulf Energy Information / Global Energy Infrastructure",
    "geometry_source": "stroke",
    "georef_order": 2,
    "georef_source": "map's own coastline vector registered to Natural Earth 10m coastline+lakes by trimmed ICP",
    "georef_insample_rmse_km": 0.97,
    "georef_holdout_layer": "ne_10m_admin_0_countries vs the map's own border strokes",
    "georef_holdout_median_km": 1.45,
    "georef_holdout_rmse_km": 1.6,
    "drawn_feature_offset_median_km": 2.39,
    "accuracy_tier": "medium"
   },
   "geometry": {
    "type": "LineString",
    "coordinates": [
     [
      49.47644,
      14.706038
     ],
     [
      49.507597,
      14.722562
     ],
     [
      49.524121,
      14.734639
     ],
     [
      49.520265,
      14.7499
     ],
     [
      49.520242,
      14.76707
     ],
     [
      49.522121,
      14.800128
     ],
     [
      49.516986,
      14.840382
     ],
     [
      49.505448,
      14.900141
     ],
     [
      49.505416,
      14.924942
     ],
     [
      49.501556,
      14.95227
     ],
     [
      49.488146,
      14.992332
     ],
     [
      49.492591,
      15.007579
     ],
     [
      49.487477,
      15.022839
     ],
     [
      49.47411,
      15.029843
     ],
     [
      49.458848,
      15.024755
     ],
     [
      49.446119,
      15.024757
     ],
     [
      49.422591,
      15.02158
     ],
     [
      49.404158,
      15.016504
     ],
     [
      49.381898,
      15.005698
     ],
     [
      49.356894,
      15.001881
     ],
     [
      49.345434,
      15.013333
     ],
     [
      49.340323,
      15.026043
     ],
     [
      49.323142,
      15.035791
     ],
     [
      49.311027,
      15.047873
     ],
     [
      49.31101,
      15.061222
     ],
     [
      49.312887,
      15.07838
     ],
     [
      49.318604,
      15.09237
     ],
     [
      49.324952,
      15.104678
     ],
     [
      49.321735,
      15.131148
     ],
     [
      49.301988,
      15.15086
     ],
     [
      49.287347,
      15.161672
     ],
     [
      49.266345,
      15.169934
     ],
     [
      49.247259,
      15.174387
     ],
     [
      49.227531,
      15.179481
     ],
     [
      49.206529,
      15.188383
     ],
     [
      49.201416,
      15.203003
     ],
     [
      49.196941,
      15.220803
     ],
     [
      49.175707,
      15.25852
     ],
     [
      49.162321,
      15.281412
     ],
     [
      49.155295,
      15.297943
     ],
     [
      49.148276,
      15.317654
     ],
     [
      49.143132,
      15.357703
     ],
     [
      49.143102,
      15.381222
     ],
     [
      49.133522,
      15.407934
     ],
     [
      49.129019,
      15.447548
     ],
     [
      49.130897,
      15.474247
     ],
     [
      49.130868,
      15.497137
     ],
     [
      49.124467,
      15.527017
     ],
     [
      49.112357,
      15.555628
     ],
     [
      49.110425,
      15.571518
     ],
     [
      49.08798,
      15.758101
     ],
     [
      48.805521,
      15.896495
     ],
     [
      48.85321,
      16.11872
     ]
    ]
   }
  },
  {
   "type": "Feature",
   "properties": {
    "id": "ME2026-0321",
    "commodity": "oil",
    "status_class": "in_service",
    "name": null,
    "name_dist_pt": null,
    "name_ambiguous": null,
    "name_confidence": null,
    "commodity_conflict": null,
    "other_names": null,
    "diameter_in": null,
    "length_km": 29.75,
    "n_vertices": 6,
    "legend_class": "oil_in_service",
    "stroke_rgb": "#00922f",
    "dashed": false,
    "source_map": "me2026",
    "source_file": "../energy-map-of-the-middle-east-2026-peregrine-bush.pdf",
    "source_page": 1,
    "source_title": "Energy Infrastructure Map of the Middle East, 2026 edition",
    "source_publisher": "Petroleum Economist / World Oil / Gulf Energy Information / Global Energy Infrastructure",
    "geometry_source": "stroke",
    "georef_order": 2,
    "georef_source": "map's own coastline vector registered to Natural Earth 10m coastline+lakes by trimmed ICP",
    "georef_insample_rmse_km": 0.97,
    "georef_holdout_layer": "ne_10m_admin_0_countries vs the map's own border strokes",
    "georef_holdout_median_km": 1.45,
    "georef_holdout_rmse_km": 1.6,
    "drawn_feature_offset_median_km": 2.39,
    "accuracy_tier": "medium"
   },
   "geometry": {
    "type": "LineString",
    "coordinates": [
     [
      55.327071,
      18.08816
     ],
     [
      55.269434,
      18.083079
     ],
     [
      55.246846,
      18.083088
     ],
     [
      55.168315,
      18.066368
     ],
     [
      55.093886,
      18.098446
     ],
     [
      55.064689,
      18.122489
     ]
    ]
   }
  },
  {
   "type": "Feature",
   "properties": {
    "id": "ME2026-0322",
    "commodity": "oil",
    "status_class": "in_service",
    "name": null,
    "name_dist_pt": null,
    "name_ambiguous": null,
    "name_confidence": null,
    "commodity_conflict": null,
    "other_names": null,
    "diameter_in": null,
    "length_km": 12.15,
    "n_vertices": 2,
    "legend_class": "oil_in_service",
    "stroke_rgb": "#00922f",
    "dashed": false,
    "source_map": "me2026",
    "source_file": "../energy-map-of-the-middle-east-2026-peregrine-bush.pdf",
    "source_page": 1,
    "source_title": "Energy Infrastructure Map of the Middle East, 2026 edition",
    "source_publisher": "Petroleum Economist / World Oil / Gulf Energy Information / Global Energy Infrastructure",
    "geometry_source": "stroke",
    "georef_order": 2,
    "georef_source": "map's own coastline vector registered to Natural Earth 10m coastline+lakes by trimmed ICP",
    "georef_insample_rmse_km": 0.97,
    "georef_holdout_layer": "ne_10m_admin_0_countries vs the map's own border strokes",
    "georef_holdout_median_km": 1.45,
    "georef_holdout_rmse_km": 1.6,
    "drawn_feature_offset_median_km": 2.39,
    "accuracy_tier": "medium"
   },
   "geometry": {
    "type": "LineString",
    "coordinates": [
     [
      55.248984,
      18.190243
     ],
     [
      55.262193,
      18.081219
     ]
    ]
   }
  },
  {
   "type": "Feature",
   "properties": {
    "id": "ME2026-0323",
    "commodity": "oil",
    "status_class": "in_service",
    "name": "Southern Oman Gas Line (SOGL)",
    "name_dist_pt": 14.8,
    "name_ambiguous": true,
    "name_confidence": "low",
    "commodity_conflict": true,
    "other_names": null,
    "diameter_in": null,
    "length_km": 109.33,
    "n_vertices": 21,
    "legend_class": "oil_in_service",
    "stroke_rgb": "#00922f",
    "dashed": false,
    "source_map": "me2026",
    "source_file": "../energy-map-of-the-middle-east-2026-peregrine-bush.pdf",
    "source_page": 1,
    "source_title": "Energy Infrastructure Map of the Middle East, 2026 edition",
    "source_publisher": "Petroleum Economist / World Oil / Gulf Energy Information / Global Energy Infrastructure",
    "geometry_source": "stroke",
    "georef_order": 2,
    "georef_source": "map's own coastline vector registered to Natural Earth 10m coastline+lakes by trimmed ICP",
    "georef_insample_rmse_km": 0.97,
    "georef_holdout_layer": "ne_10m_admin_0_countries vs the map's own border strokes",
    "georef_holdout_median_km": 1.45,
    "georef_holdout_rmse_km": 1.6,
    "drawn_feature_offset_median_km": 2.39,
    "accuracy_tier": "medium"
   },
   "geometry": {
    "type": "LineString",
    "coordinates": [
     [
      55.516729,
      18.748821
     ],
     [
      55.431431,
      18.687909
     ],
     [
      55.340545,
      18.603452
     ],
     [
      55.289524,
      18.563644
     ],
     [
      55.23194,
      18.50612
     ],
     [
      55.188222,
      18.453695
     ],
     [
      55.160013,
      18.439145
     ],
     [
      55.141781,
      18.42823
     ],
     [
      55.125767,
      18.401278
     ],
     [
      55.117744,
      18.393274
     ],
     [
      55.105363,
      18.380894
     ],
     [
      55.229223,
      18.257253
     ],
     [
      55.243102,
      18.243412
     ],
     [
      55.254036,
      18.232487
     ],
     [
      55.273012,
      18.236845
     ],
     [
      55.304373,
      18.233918
     ],
     [
      55.310943,
      18.22736
     ],
     [
      55.403403,
      18.174157
     ],
     [
      55.409965,
      18.163233
     ],
     [
      55.441329,
      18.170501
     ],
     [
      55.478525,
      18.172675
     ]
    ]
   }
  },
  {
   "type": "Feature",
   "properties": {
    "id": "ME2026-0324",
    "commodity": "oil",
    "status_class": "in_service",
    "name": null,
    "name_dist_pt": null,
    "name_ambiguous": null,
    "name_confidence": null,
    "commodity_conflict": null,
    "other_names": null,
    "diameter_in": null,
    "length_km": 17.43,
    "n_vertices": 9,
    "legend_class": "oil_in_service",
    "stroke_rgb": "#00922f",
    "dashed": false,
    "source_map": "me2026",
    "source_file": "../energy-map-of-the-middle-east-2026-peregrine-bush.pdf",
    "source_page": 1,
    "source_title": "Energy Infrastructure Map of the Middle East, 2026 edition",
    "source_publisher": "Petroleum Economist / World Oil / Gulf Energy Information / Global Energy Infrastructure",
    "geometry_source": "stroke",
    "georef_order": 2,
    "georef_source": "map's own coastline vector registered to Natural Earth 10m coastline+lakes by trimmed ICP",
    "georef_insample_rmse_km": 0.97,
    "georef_holdout_layer": "ne_10m_admin_0_countries vs the map's own border strokes",
    "georef_holdout_median_km": 1.45,
    "georef_holdout_rmse_km": 1.6,
    "drawn_feature_offset_median_km": 2.39,
    "accuracy_tier": "medium"
   },
   "geometry": {
    "type": "LineString",
    "coordinates": [
     [
      55.022311,
      18.251504
     ],
     [
      55.049264,
      18.290099
     ],
     [
      55.052166,
      18.311226
     ],
     [
      55.052159,
      18.319003
     ],
     [
      55.059451,
      18.332848
     ],
     [
      55.069649,
      18.348132
     ],
     [
      55.079834,
      18.363428
     ],
     [
      55.09734,
      18.372891
     ],
     [
      55.105363,
      18.380894
     ]
    ]
   }
  },
  {
   "type": "Feature",
   "properties": {
    "id": "ME2026-0325",
    "commodity": "oil",
    "status_class": "in_service",
    "name": null,
    "name_dist_pt": null,
    "name_ambiguous": null,
    "name_confidence": null,
    "commodity_conflict": null,
    "other_names": null,
    "diameter_in": null,
    "length_km": 45.23,
    "n_vertices": 11,
    "legend_class": "oil_in_service",
    "stroke_rgb": "#00922f",
    "dashed": false,
    "source_map": "me2026",
    "source_file": "../energy-map-of-the-middle-east-2026-peregrine-bush.pdf",
    "source_page": 1,
    "source_title": "Energy Infrastructure Map of the Middle East, 2026 edition",
    "source_publisher": "Petroleum Economist / World Oil / Gulf Energy Information / Global Energy Infrastructure",
    "geometry_source": "stroke",
    "georef_order": 2,
    "georef_source": "map's own coastline vector registered to Natural Earth 10m coastline+lakes by trimmed ICP",
    "georef_insample_rmse_km": 0.97,
    "georef_holdout_layer": "ne_10m_admin_0_countries vs the map's own border strokes",
    "georef_holdout_median_km": 1.45,
    "georef_holdout_rmse_km": 1.6,
    "drawn_feature_offset_median_km": 2.39,
    "accuracy_tier": "medium"
   },
   "geometry": {
    "type": "LineString",
    "coordinates": [
     [
      55.873492,
      18.57554
     ],
     [
      55.877518,
      18.539871
     ],
     [
      55.828687,
      18.480398
     ],
     [
      55.803155,
      18.477494
     ],
     [
      55.75943,
      18.427247
     ],
     [
      55.707166,
      18.392315
     ],
     [
      55.687494,
      18.36245
     ],
     [
      55.672184,
      18.347168
     ],
     [
      55.654691,
      18.319491
     ],
     [
      55.651807,
      18.291324
     ],
     [
      55.662041,
      18.263636
     ]
    ]
   }
  },
  {
   "type": "Feature",
   "properties": {
    "id": "ME2026-0326",
    "commodity": "oil",
    "status_class": "in_service",
    "name": null,
    "name_dist_pt": null,
    "name_ambiguous": null,
    "name_confidence": null,
    "commodity_conflict": null,
    "other_names": null,
    "diameter_in": null,
    "length_km": 52.89,
    "n_vertices": 14,
    "legend_class": "oil_in_service",
    "stroke_rgb": "#00922f",
    "dashed": false,
    "source_map": "me2026",
    "source_file": "../energy-map-of-the-middle-east-2026-peregrine-bush.pdf",
    "source_page": 1,
    "source_title": "Energy Infrastructure Map of the Middle East, 2026 edition",
    "source_publisher": "Petroleum Economist / World Oil / Gulf Energy Information / Global Energy Infrastructure",
    "geometry_source": "stroke",
    "georef_order": 2,
    "georef_source": "map's own coastline vector registered to Natural Earth 10m coastline+lakes by trimmed ICP",
    "georef_insample_rmse_km": 0.97,
    "georef_holdout_layer": "ne_10m_admin_0_countries vs the map's own border strokes",
    "georef_holdout_median_km": 1.45,
    "georef_holdout_rmse_km": 1.6,
    "drawn_feature_offset_median_km": 2.39,
    "accuracy_tier": "medium"
   },
   "geometry": {
    "type": "LineString",
    "coordinates": [
     [
      55.887129,
      18.37913
     ],
     [
      55.924325,
      18.384218
     ],
     [
      55.986755,
      18.479594
     ],
     [
      55.999848,
      18.528161
     ],
     [
      55.917683,
      18.57395
     ],
     [
      55.898097,
      18.588024
     ],
     [
      55.902278,
      18.601036
     ],
     [
      55.908818,
      18.61851
     ],
     [
      55.910999,
      18.633809
     ],
     [
      55.908791,
      18.654214
     ],
     [
      55.905126,
      18.678973
     ],
     [
      55.900004,
      18.707882
     ],
     [
      55.908002,
      18.719538
     ],
     [
      55.934981,
      18.732625
     ]
    ]
   }
  },
  {
   "type": "Feature",
   "properties": {
    "id": "ME2026-0327",
    "commodity": "oil",
    "status_class": "in_service",
    "name": null,
    "name_dist_pt": null,
    "name_ambiguous": null,
    "name_confidence": null,
    "commodity_conflict": null,
    "other_names": null,
    "diameter_in": null,
    "length_km": 19.82,
    "n_vertices": 3,
    "legend_class": "oil_in_service",
    "stroke_rgb": "#00922f",
    "dashed": false,
    "source_map": "me2026",
    "source_file": "../energy-map-of-the-middle-east-2026-peregrine-bush.pdf",
    "source_page": 1,
    "source_title": "Energy Infrastructure Map of the Middle East, 2026 edition",
    "source_publisher": "Petroleum Economist / World Oil / Gulf Energy Information / Global Energy Infrastructure",
    "geometry_source": "stroke",
    "georef_order": 2,
    "georef_source": "map's own coastline vector registered to Natural Earth 10m coastline+lakes by trimmed ICP",
    "georef_insample_rmse_km": 0.97,
    "georef_holdout_layer": "ne_10m_admin_0_countries vs the map's own border strokes",
    "georef_holdout_median_km": 1.45,
    "georef_holdout_rmse_km": 1.6,
    "drawn_feature_offset_median_km": 2.39,
    "accuracy_tier": "medium"
   },
   "geometry": {
    "type": "LineString",
    "coordinates": [
     [
      56.075589,
      18.678176
     ],
     [
      56.064742,
      18.573295
     ],
     [
      56.002027,
      18.530349
     ]
    ]
   }
  },
  {
   "type": "Feature",
   "properties": {
    "id": "ME2026-0328",
    "commodity": "oil",
    "status_class": "in_service",
    "name": null,
    "name_dist_pt": null,
    "name_ambiguous": null,
    "name_confidence": null,
    "commodity_conflict": null,
    "other_names": null,
    "diameter_in": null,
    "length_km": 10.61,
    "n_vertices": 2,
    "legend_class": "oil_in_service",
    "stroke_rgb": "#00922f",
    "dashed": false,
    "source_map": "me2026",
    "source_file": "../energy-map-of-the-middle-east-2026-peregrine-bush.pdf",
    "source_page": 1,
    "source_title": "Energy Infrastructure Map of the Middle East, 2026 edition",
    "source_publisher": "Petroleum Economist / World Oil / Gulf Energy Information / Global Energy Infrastructure",
    "geometry_source": "stroke",
    "georef_order": 2,
    "georef_source": "map's own coastline vector registered to Natural Earth 10m coastline+lakes by trimmed ICP",
    "georef_insample_rmse_km": 0.97,
    "georef_holdout_layer": "ne_10m_admin_0_countries vs the map's own border strokes",
    "georef_holdout_median_km": 1.45,
    "georef_holdout_rmse_km": 1.6,
    "drawn_feature_offset_median_km": 2.39,
    "accuracy_tier": "medium"
   },
   "geometry": {
    "type": "LineString",
    "coordinates": [
     [
      56.162982,
      18.593645
     ],
     [
      56.064742,
      18.573295
     ]
    ]
   }
  },
  {
   "type": "Feature",
   "properties": {
    "id": "ME2026-0329",
    "commodity": "oil",
    "status_class": "in_service",
    "name": null,
    "name_dist_pt": null,
    "name_ambiguous": null,
    "name_confidence": null,
    "commodity_conflict": null,
    "other_names": null,
    "diameter_in": null,
    "length_km": 52.16,
    "n_vertices": 7,
    "legend_class": "oil_in_service",
    "stroke_rgb": "#00922f",
    "dashed": false,
    "source_map": "me2026",
    "source_file": "../energy-map-of-the-middle-east-2026-peregrine-bush.pdf",
    "source_page": 1,
    "source_title": "Energy Infrastructure Map of the Middle East, 2026 edition",
    "source_publisher": "Petroleum Economist / World Oil / Gulf Energy Information / Global Energy Infrastructure",
    "geometry_source": "stroke",
    "georef_order": 2,
    "georef_source": "map's own coastline vector registered to Natural Earth 10m coastline+lakes by trimmed ICP",
    "georef_insample_rmse_km": 0.97,
    "georef_holdout_layer": "ne_10m_admin_0_countries vs the map's own border strokes",
    "georef_holdout_median_km": 1.45,
    "georef_holdout_rmse_km": 1.6,
    "drawn_feature_offset_median_km": 2.39,
    "accuracy_tier": "medium"
   },
   "geometry": {
    "type": "LineString",
    "coordinates": [
     [
      56.479749,
      19.06649
     ],
     [
      56.438189,
      19.024986
     ],
     [
      56.405422,
      18.954353
     ],
     [
      56.352205,
      18.901207
     ],
     [
      56.328369,
      18.877415
     ],
     [
      56.19275,
      18.780593
     ],
     [
      56.122222,
      18.764598
     ]
    ]
   }
  },
  {
   "type": "Feature",
   "properties": {
    "id": "ME2026-0330",
    "commodity": "oil",
    "status_class": "in_service",
    "name": null,
    "name_dist_pt": null,
    "name_ambiguous": null,
    "name_confidence": null,
    "commodity_conflict": null,
    "other_names": null,
    "diameter_in": null,
    "length_km": 32.45,
    "n_vertices": 3,
    "legend_class": "oil_in_service",
    "stroke_rgb": "#00922f",
    "dashed": false,
    "source_map": "me2026",
    "source_file": "../energy-map-of-the-middle-east-2026-peregrine-bush.pdf",
    "source_page": 1,
    "source_title": "Energy Infrastructure Map of the Middle East, 2026 edition",
    "source_publisher": "Petroleum Economist / World Oil / Gulf Energy Information / Global Energy Infrastructure",
    "geometry_source": "stroke",
    "georef_order": 2,
    "georef_source": "map's own coastline vector registered to Natural Earth 10m coastline+lakes by trimmed ICP",
    "georef_insample_rmse_km": 0.97,
    "georef_holdout_layer": "ne_10m_admin_0_countries vs the map's own border strokes",
    "georef_holdout_median_km": 1.45,
    "georef_holdout_rmse_km": 1.6,
    "drawn_feature_offset_median_km": 2.39,
    "accuracy_tier": "medium"
   },
   "geometry": {
    "type": "LineString",
    "coordinates": [
     [
      56.341746,
      18.890762
     ],
     [
      56.310086,
      18.930362
     ],
     [
      56.17116,
      19.13479
     ]
    ]
   }
  },
  {
   "type": "Feature",
   "properties": {
    "id": "ME2026-0331",
    "commodity": "oil",
    "status_class": "in_service",
    "name": null,
    "name_dist_pt": null,
    "name_ambiguous": null,
    "name_confidence": null,
    "commodity_conflict": null,
    "other_names": null,
    "diameter_in": null,
    "length_km": 55.67,
    "n_vertices": 7,
    "legend_class": "oil_in_service",
    "stroke_rgb": "#00922f",
    "dashed": false,
    "source_map": "me2026",
    "source_file": "../energy-map-of-the-middle-east-2026-peregrine-bush.pdf",
    "source_page": 1,
    "source_title": "Energy Infrastructure Map of the Middle East, 2026 edition",
    "source_publisher": "Petroleum Economist / World Oil / Gulf Energy Information / Global Energy Infrastructure",
    "geometry_source": "stroke",
    "georef_order": 2,
    "georef_source": "map's own coastline vector registered to Natural Earth 10m coastline+lakes by trimmed ICP",
    "georef_insample_rmse_km": 0.97,
    "georef_holdout_layer": "ne_10m_admin_0_countries vs the map's own border strokes",
    "georef_holdout_median_km": 1.45,
    "georef_holdout_rmse_km": 1.6,
    "drawn_feature_offset_median_km": 2.39,
    "accuracy_tier": "medium"
   },
   "geometry": {
    "type": "LineString",
    "coordinates": [
     [
      56.475889,
      19.35958
     ],
     [
      56.443797,
      19.359594
     ],
     [
      56.298165,
      19.292638
     ],
     [
      56.196028,
      19.295596
     ],
     [
      56.048876,
      19.317513
     ],
     [
      56.042285,
      19.35466
     ],
     [
      56.035691,
      19.396911
     ]
    ]
   }
  },
  {
   "type": "Feature",
   "properties": {
    "id": "ME2026-0332",
    "commodity": "oil",
    "status_class": "in_service",
    "name": null,
    "name_dist_pt": null,
    "name_ambiguous": null,
    "name_confidence": null,
    "commodity_conflict": null,
    "other_names": null,
    "diameter_in": null,
    "length_km": 66.42,
    "n_vertices": 3,
    "legend_class": "oil_in_service",
    "stroke_rgb": "#00922f",
    "dashed": false,
    "source_map": "me2026",
    "source_file": "../energy-map-of-the-middle-east-2026-peregrine-bush.pdf",
    "source_page": 1,
    "source_title": "Energy Infrastructure Map of the Middle East, 2026 edition",
    "source_publisher": "Petroleum Economist / World Oil / Gulf Energy Information / Global Energy Infrastructure",
    "geometry_source": "stroke",
    "georef_order": 2,
    "georef_source": "map's own coastline vector registered to Natural Earth 10m coastline+lakes by trimmed ICP",
    "georef_insample_rmse_km": 0.97,
    "georef_holdout_layer": "ne_10m_admin_0_countries vs the map's own border strokes",
    "georef_holdout_median_km": 1.45,
    "georef_holdout_rmse_km": 1.6,
    "drawn_feature_offset_median_km": 2.39,
    "accuracy_tier": "medium"
   },
   "geometry": {
    "type": "LineString",
    "coordinates": [
     [
      36.76568,
      32.229917
     ],
     [
      36.558527,
      32.186706
     ],
     [
      36.092204,
      32.05653
     ]
    ]
   }
  },
  {
   "type": "Feature",
   "properties": {
    "id": "ME2026-0333",
    "commodity": "oil",
    "status_class": "in_service",
    "name": null,
    "name_dist_pt": null,
    "name_ambiguous": null,
    "name_confidence": null,
    "commodity_conflict": null,
    "other_names": null,
    "diameter_in": null,
    "length_km": 78.78,
    "n_vertices": 6,
    "legend_class": "oil_in_service",
    "stroke_rgb": "#00922f",
    "dashed": false,
    "source_map": "me2026",
    "source_file": "../energy-map-of-the-middle-east-2026-peregrine-bush.pdf",
    "source_page": 1,
    "source_title": "Energy Infrastructure Map of the Middle East, 2026 edition",
    "source_publisher": "Petroleum Economist / World Oil / Gulf Energy Information / Global Energy Infrastructure",
    "geometry_source": "stroke",
    "georef_order": 2,
    "georef_source": "map's own coastline vector registered to Natural Earth 10m coastline+lakes by trimmed ICP",
    "georef_insample_rmse_km": 0.97,
    "georef_holdout_layer": "ne_10m_admin_0_countries vs the map's own border strokes",
    "georef_holdout_median_km": 1.45,
    "georef_holdout_rmse_km": 1.6,
    "drawn_feature_offset_median_km": 2.39,
    "accuracy_tier": "medium"
   },
   "geometry": {
    "type": "LineString",
    "coordinates": [
     [
      49.042667,
      15.557452
     ],
     [
      49.075499,
      15.764222
     ],
     [
      49.195163,
      15.817363
     ],
     [
      49.204606,
      15.941972
     ],
     [
      49.197264,
      16.061166
     ],
     [
      49.087522,
      16.13787
     ]
    ]
   }
  },
  {
   "type": "Feature",
   "properties": {
    "id": "ME2026-0334",
    "commodity": "oil",
    "status_class": "in_service",
    "name": null,
    "name_dist_pt": null,
    "name_ambiguous": null,
    "name_confidence": null,
    "commodity_conflict": null,
    "other_names": null,
    "diameter_in": null,
    "length_km": 40.93,
    "n_vertices": 4,
    "legend_class": "oil_in_service",
    "stroke_rgb": "#00922f",
    "dashed": false,
    "source_map": "me2026",
    "source_file": "../energy-map-of-the-middle-east-2026-peregrine-bush.pdf",
    "source_page": 1,
    "source_title": "Energy Infrastructure Map of the Middle East, 2026 edition",
    "source_publisher": "Petroleum Economist / World Oil / Gulf Energy Information / Global Energy Infrastructure",
    "geometry_source": "stroke",
    "georef_order": 2,
    "georef_source": "map's own coastline vector registered to Natural Earth 10m coastline+lakes by trimmed ICP",
    "georef_insample_rmse_km": 0.97,
    "georef_holdout_layer": "ne_10m_admin_0_countries vs the map's own border strokes",
    "georef_holdout_median_km": 1.45,
    "georef_holdout_rmse_km": 1.6,
    "drawn_feature_offset_median_km": 2.39,
    "accuracy_tier": "medium"
   },
   "geometry": {
    "type": "LineString",
    "coordinates": [
     [
      48.927973,
      15.753333
     ],
     [
      49.032862,
      15.726959
     ],
     [
      49.054266,
      15.774624
     ],
     [
      49.054128,
      15.987531
     ]
    ]
   }
  },
  {
   "type": "Feature",
   "properties": {
    "id": "ME2026-0335",
    "commodity": "oil",
    "status_class": "in_service",
    "name": null,
    "name_dist_pt": null,
    "name_ambiguous": null,
    "name_confidence": null,
    "commodity_conflict": null,
    "other_names": null,
    "diameter_in": null,
    "length_km": 15.07,
    "n_vertices": 2,
    "legend_class": "oil_in_service",
    "stroke_rgb": "#00922f",
    "dashed": false,
    "source_map": "me2026",
    "source_file": "../energy-map-of-the-middle-east-2026-peregrine-bush.pdf",
    "source_page": 1,
    "source_title": "Energy Infrastructure Map of the Middle East, 2026 edition",
    "source_publisher": "Petroleum Economist / World Oil / Gulf Energy Information / Global Energy Infrastructure",
    "geometry_source": "stroke",
    "georef_order": 2,
    "georef_source": "map's own coastline vector registered to Natural Earth 10m coastline+lakes by trimmed ICP",
    "georef_insample_rmse_km": 0.97,
    "georef_holdout_layer": "ne_10m_admin_0_countries vs the map's own border strokes",
    "georef_holdout_median_km": 1.45,
    "georef_holdout_rmse_km": 1.6,
    "drawn_feature_offset_median_km": 2.39,
    "accuracy_tier": "medium"
   },
   "geometry": {
    "type": "LineString",
    "coordinates": [
     [
      49.327099,
      15.770052
     ],
     [
      49.195163,
      15.817363
     ]
    ]
   }
  },
  {
   "type": "Feature",
   "properties": {
    "id": "ME2026-0336",
    "commodity": "oil",
    "status_class": "in_service",
    "name": null,
    "name_dist_pt": null,
    "name_ambiguous": null,
    "name_confidence": null,
    "commodity_conflict": null,
    "other_names": null,
    "diameter_in": "42",
    "length_km": 259.5,
    "n_vertices": 82,
    "legend_class": "oil_in_service",
    "stroke_rgb": "#00922f",
    "dashed": false,
    "source_map": "me2026",
    "source_file": "../energy-map-of-the-middle-east-2026-peregrine-bush.pdf",
    "source_page": 1,
    "source_title": "Energy Infrastructure Map of the Middle East, 2026 edition",
    "source_publisher": "Petroleum Economist / World Oil / Gulf Energy Information / Global Energy Infrastructure",
    "geometry_source": "stroke",
    "georef_order": 2,
    "georef_source": "map's own coastline vector registered to Natural Earth 10m coastline+lakes by trimmed ICP",
    "georef_insample_rmse_km": 0.97,
    "georef_holdout_layer": "ne_10m_admin_0_countries vs the map's own border strokes",
    "georef_holdout_median_km": 1.45,
    "georef_holdout_rmse_km": 1.6,
    "drawn_feature_offset_median_km": 2.39,
    "accuracy_tier": "medium"
   },
   "geometry": {
    "type": "LineString",
    "coordinates": [
     [
      34.950207,
      29.555728
     ],
     [
      34.935288,
      29.570367
     ],
     [
      34.94787,
      29.593772
     ],
     [
      34.964799,
      29.61741
     ],
     [
      34.974015,
      29.648881
     ],
     [
      34.980106,
      29.689907
     ],
     [
      34.997269,
      29.742107
     ],
     [
      35.012212,
      29.797003
     ],
     [
      35.0183,
      29.821396
     ],
     [
      35.020526,
      29.846898
     ],
     [
      35.033245,
      29.883502
     ],
     [
      35.034359,
      29.899447
     ],
     [
      35.034364,
      29.926739
     ],
     [
      35.027175,
      29.958417
     ],
     [
      35.016678,
      29.99112
     ],
     [
      34.997319,
      30.013837
     ],
     [
      34.980173,
      30.05873
     ],
     [
      34.982956,
      30.089774
     ],
     [
      34.985176,
      30.143634
     ],
     [
      34.985186,
      30.190753
     ],
     [
      34.985198,
      30.2412
     ],
     [
      34.977455,
      30.27335
     ],
     [
      34.964736,
      30.297741
     ],
     [
      34.934864,
      30.327649
     ],
     [
      34.93045,
      30.346022
     ],
     [
      34.924375,
      30.38704
     ],
     [
      34.918289,
      30.430284
     ],
     [
      34.90835,
      30.463533
     ],
     [
      34.913886,
      30.491265
     ],
     [
      34.917764,
      30.504563
     ],
     [
      34.914447,
      30.51407
     ],
     [
      34.895631,
      30.532904
     ],
     [
      34.876844,
      30.56726
     ],
     [
      34.861902,
      30.582225
     ],
     [
      34.843026,
      30.601132
     ],
     [
      34.8209,
      30.60881
     ],
     [
      34.796551,
      30.608792
     ],
     [
      34.786054,
      30.630391
     ],
     [
      34.792697,
      30.642046
     ],
     [
      34.792132,
      30.652582
     ],
     [
      34.787162,
      30.666431
     ],
     [
      34.765582,
      30.683605
     ],
     [
      34.766697,
      30.698571
     ],
     [
      34.765046,
      30.70918
     ],
     [
      34.748996,
      30.731899
     ],
     [
      34.750679,
      30.748535
     ],
     [
      34.752337,
      30.763501
     ],
     [
      34.747369,
      30.782902
     ],
     [
      34.740182,
      30.811169
     ],
     [
      34.740188,
      30.83003
     ],
     [
      34.745167,
      30.850539
     ],
     [
      34.761771,
      30.867186
     ],
     [
      34.768968,
      30.87439
     ],
     [
      34.772291,
      30.884941
     ],
     [
      34.768418,
      30.89158
     ],
     [
      34.761227,
      30.903854
     ],
     [
      34.761231,
      30.917706
     ],
     [
      34.769542,
      30.936016
     ],
     [
      34.769545,
      30.947098
     ],
     [
      34.761244,
      30.961512
     ],
     [
      34.757374,
      30.979245
     ],
     [
      34.760701,
      31.001979
     ],
     [
      34.778974,
      31.026394
     ],
     [
      34.819366,
      31.060238
     ],
     [
      34.822133,
      31.068564
     ],
     [
      34.813848,
      31.093576
     ],
     [
      34.790074,
      31.120174
     ],
     [
      34.787859,
      31.140678
     ],
     [
      34.790097,
      31.190027
     ],
     [
      34.806692,
      31.213885
     ],
     [
      34.814449,
      31.233296
     ],
     [
      34.807273,
      31.289909
     ],
     [
      34.775745,
      31.301524
     ],
     [
      34.734824,
      31.346957
     ],
     [
      34.642942,
      31.443914
     ],
     [
      34.618456,
      31.529357
     ],
     [
      34.587658,
      31.555393
     ],
     [
      34.582134,
      31.568987
     ],
     [
      34.571834,
      31.593272
     ],
     [
      34.569426,
      31.60907
     ],
     [
      34.55487,
      31.618181
     ],
     [
      34.523733,
      31.638809
     ]
    ]
   }
  },
  {
   "type": "Feature",
   "properties": {
    "id": "ME2026-0337",
    "commodity": "oil",
    "status_class": "in_service",
    "name": "Nitzana Export Route",
    "name_dist_pt": 3.6,
    "name_ambiguous": false,
    "name_confidence": "high",
    "commodity_conflict": null,
    "other_names": null,
    "diameter_in": null,
    "length_km": 276.86,
    "n_vertices": 78,
    "legend_class": "oil_in_service",
    "stroke_rgb": "#00922f",
    "dashed": false,
    "source_map": "me2026",
    "source_file": "../energy-map-of-the-middle-east-2026-peregrine-bush.pdf",
    "source_page": 1,
    "source_title": "Energy Infrastructure Map of the Middle East, 2026 edition",
    "source_publisher": "Petroleum Economist / World Oil / Gulf Energy Information / Global Energy Infrastructure",
    "geometry_source": "stroke",
    "georef_order": 2,
    "georef_source": "map's own coastline vector registered to Natural Earth 10m coastline+lakes by trimmed ICP",
    "georef_insample_rmse_km": 0.97,
    "georef_holdout_layer": "ne_10m_admin_0_countries vs the map's own border strokes",
    "georef_holdout_median_km": 1.45,
    "georef_holdout_rmse_km": 1.6,
    "drawn_feature_offset_median_km": 2.39,
    "accuracy_tier": "medium"
   },
   "geometry": {
    "type": "LineString",
    "coordinates": [
     [
      34.794355,
      31.772809
     ],
     [
      34.783854,
      31.745689
     ],
     [
      34.757166,
      31.725017
     ],
     [
      34.660393,
      31.68606
     ],
     [
      34.660384,
      31.663824
     ],
     [
      34.662201,
      31.64742
     ],
     [
      34.662195,
      31.632224
     ],
     [
      34.655508,
      31.602458
     ],
     [
      34.640344,
      31.566599
     ],
     [
      34.630908,
      31.546848
     ],
     [
      34.659315,
      31.452129
     ],
     [
      34.747372,
      31.360226
     ],
     [
      34.786265,
      31.317138
     ],
     [
      34.824939,
      31.30248
     ],
     [
      34.834536,
      31.230032
     ],
     [
      34.823312,
      31.203868
     ],
     [
      34.810255,
      31.1823
     ],
     [
      34.807271,
      31.140317
     ],
     [
      34.811154,
      31.126105
     ],
     [
      34.830148,
      31.101585
     ],
     [
      34.841811,
      31.068808
     ],
     [
      34.834706,
      31.047704
     ],
     [
      34.793493,
      31.013956
     ],
     [
      34.779761,
      30.993985
     ],
     [
      34.777921,
      30.97747
     ],
     [
      34.781586,
      30.964177
     ],
     [
      34.788897,
      30.948806
     ],
     [
      34.787974,
      30.929316
     ],
     [
      34.781571,
      30.914406
     ],
     [
      34.78385,
      30.905226
     ],
     [
      34.791172,
      30.886903
     ],
     [
      34.786349,
      30.865559
     ],
     [
      34.763466,
      30.841008
     ],
     [
      34.760467,
      30.825641
     ],
     [
      34.761392,
      30.809818
     ],
     [
      34.771894,
      30.764641
     ],
     [
      34.769846,
      30.736197
     ],
     [
      34.783324,
      30.714867
     ],
     [
      34.78722,
      30.70022
     ],
     [
      34.789969,
      30.688983
     ],
     [
      34.804379,
      30.675686
     ],
     [
      34.811931,
      30.654363
     ],
     [
      34.811697,
      30.638757
     ],
     [
      34.806661,
      30.629124
     ],
     [
      34.811923,
      30.624313
     ],
     [
      34.825203,
      30.626391
     ],
     [
      34.853811,
      30.615633
     ],
     [
      34.89382,
      30.576902
     ],
     [
      34.910978,
      30.543876
     ],
     [
      34.929963,
      30.52555
     ],
     [
      34.937068,
      30.504916
     ],
     [
      34.932029,
      30.486802
     ],
     [
      34.928366,
      30.463633
     ],
     [
      34.936821,
      30.433129
     ],
     [
      34.943449,
      30.387042
     ],
     [
      34.948704,
      30.348285
     ],
     [
      34.954422,
      30.333845
     ],
     [
      34.980058,
      30.30841
     ],
     [
      34.995613,
      30.27975
     ],
     [
      35.004526,
      30.243984
     ],
     [
      35.004743,
      30.188941
     ],
     [
      35.004045,
      30.141688
     ],
     [
      35.001982,
      30.090333
     ],
     [
      35.000141,
      30.060281
     ],
     [
      35.014548,
      30.022681
     ],
     [
      35.034003,
      29.998379
     ],
     [
      35.045441,
      29.962833
     ],
     [
      35.053197,
      29.928664
     ],
     [
      35.051377,
      29.880515
     ],
     [
      35.038779,
      29.843815
     ],
     [
      35.036481,
      29.817211
     ],
     [
      35.014967,
      29.739446
     ],
     [
      35.000532,
      29.687382
     ],
     [
      34.992509,
      29.641975
     ],
     [
      34.98287,
      29.61008
     ],
     [
      34.963502,
      29.584009
     ],
     [
      34.95354,
      29.564598
     ],
     [
      34.950581,
      29.555728
     ]
    ]
   }
  },
  {
   "type": "Feature",
   "properties": {
    "id": "ME2026-0338",
    "commodity": "oil",
    "status_class": "in_service",
    "name": "Goreh - Jask",
    "name_dist_pt": 9.7,
    "name_ambiguous": false,
    "name_confidence": "high",
    "commodity_conflict": null,
    "other_names": null,
    "diameter_in": "46",
    "length_km": 965.43,
    "n_vertices": 132,
    "legend_class": "oil_in_service",
    "stroke_rgb": "#00922f",
    "dashed": false,
    "source_map": "me2026",
    "source_file": "../energy-map-of-the-middle-east-2026-peregrine-bush.pdf",
    "source_page": 1,
    "source_title": "Energy Infrastructure Map of the Middle East, 2026 edition",
    "source_publisher": "Petroleum Economist / World Oil / Gulf Energy Information / Global Energy Infrastructure",
    "geometry_source": "stroke",
    "georef_order": 2,
    "georef_source": "map's own coastline vector registered to Natural Earth 10m coastline+lakes by trimmed ICP",
    "georef_insample_rmse_km": 0.97,
    "georef_holdout_layer": "ne_10m_admin_0_countries vs the map's own border strokes",
    "georef_holdout_median_km": 1.45,
    "georef_holdout_rmse_km": 1.6,
    "drawn_feature_offset_median_km": 2.39,
    "accuracy_tier": "medium"
   },
   "geometry": {
    "type": "LineString",
    "coordinates": [
     [
      57.325063,
      25.841075
     ],
     [
      57.342372,
      25.881962
     ],
     [
      57.31907,
      25.989481
     ],
     [
      57.300262,
      26.075136
     ],
     [
      57.258436,
      26.195911
     ],
     [
      57.246597,
      26.27837
     ],
     [
      57.246611,
      26.362216
     ],
     [
      57.233361,
      26.40401
     ],
     [
      57.240347,
      26.438817
     ],
     [
      57.237554,
      26.47572
     ],
     [
      57.221531,
      26.526845
     ],
     [
      57.181499,
      26.614893
     ],
     [
      57.109692,
      26.746122
     ],
     [
      57.095065,
      26.801832
     ],
     [
      57.078337,
      26.883605
     ],
     [
      57.104145,
      26.926766
     ],
     [
      57.101368,
      26.968546
     ],
     [
      57.093025,
      27.043347
     ],
     [
      57.123725,
      27.11506
     ],
     [
      57.087712,
      27.212437
     ],
     [
      57.087721,
      27.245771
     ],
     [
      57.068864,
      27.326953
     ],
     [
      57.041307,
      27.408139
     ],
     [
      56.993425,
      27.431605
     ],
     [
      56.941164,
      27.48209
     ],
     [
      56.922283,
      27.515431
     ],
     [
      56.904885,
      27.566182
     ],
     [
      56.87734,
      27.637205
     ],
     [
      56.843936,
      27.648807
     ],
     [
      56.743792,
      27.663337
     ],
     [
      56.678473,
      27.676414
     ],
     [
      56.552194,
      27.683704
     ],
     [
      56.501383,
      27.666321
     ],
     [
      56.463628,
      27.628655
     ],
     [
      56.359999,
      27.596686
     ],
     [
      56.276365,
      27.570735
     ],
     [
      56.212492,
      27.535969
     ],
     [
      56.178709,
      27.523892
     ],
     [
      56.109443,
      27.524398
     ],
     [
      56.041214,
      27.50702
     ],
     [
      55.981697,
      27.486759
     ],
     [
      55.936707,
      27.466482
     ],
     [
      55.878646,
      27.452005
     ],
     [
      55.775599,
      27.469422
     ],
     [
      55.720436,
      27.453491
     ],
     [
      55.624663,
      27.434681
     ],
     [
      55.499846,
      27.434716
     ],
     [
      55.430181,
      27.453574
     ],
     [
      55.383747,
      27.453587
     ],
     [
      55.322783,
      27.433326
     ],
     [
      55.26764,
      27.433341
     ],
     [
      55.210116,
      27.453634
     ],
     [
      55.176214,
      27.472192
     ],
     [
      55.128335,
      27.498593
     ],
     [
      55.109485,
      27.539179
     ],
     [
      55.052896,
      27.560936
     ],
     [
      54.983233,
      27.568201
     ],
     [
      54.930981,
      27.539225
     ],
     [
      54.890345,
      27.510245
     ],
     [
      54.842458,
      27.494311
     ],
     [
      54.790213,
      27.48998
     ],
     [
      54.730726,
      27.489995
     ],
     [
      54.646572,
      27.511757
     ],
     [
      54.558041,
      27.511779
     ],
     [
      54.505808,
      27.498748
     ],
     [
      54.443404,
      27.491515
     ],
     [
      54.394062,
      27.507461
     ],
     [
      54.347639,
      27.517635
     ],
     [
      54.314284,
      27.521974
     ],
     [
      54.276553,
      27.516187
     ],
     [
      54.243173,
      27.516194
     ],
     [
      54.182238,
      27.516208
     ],
     [
      54.137259,
      27.530712
     ],
     [
      54.089388,
      27.55682
     ],
     [
      53.982035,
      27.616262
     ],
     [
      53.863067,
      27.664114
     ],
     [
      53.675931,
      27.717787
     ],
     [
      53.529402,
      27.754051
     ],
     [
      53.453962,
      27.783055
     ],
     [
      53.384338,
      27.819304
     ],
     [
      53.372746,
      27.855543
     ],
     [
      53.314721,
      27.878735
     ],
     [
      53.255244,
      27.903391
     ],
     [
      53.216074,
      27.923688
     ],
     [
      53.187065,
      27.945436
     ],
     [
      53.176913,
      27.974427
     ],
     [
      53.18419,
      28.012115
     ],
     [
      53.184197,
      28.036737
     ],
     [
      53.145042,
      28.064305
     ],
     [
      53.068156,
      28.099091
     ],
     [
      53.020282,
      28.120841
     ],
     [
      52.940507,
      28.129552
     ],
     [
      52.846218,
      28.146953
     ],
     [
      52.766442,
      28.180298
     ],
     [
      52.680872,
      28.232494
     ],
     [
      52.63011,
      28.262943
     ],
     [
      52.564834,
      28.268747
     ],
     [
      52.371935,
      28.34415
     ],
     [
      52.244311,
      28.406489
     ],
     [
      52.141336,
      28.449973
     ],
     [
      52.087671,
      28.435496
     ],
     [
      52.049957,
      28.439844
     ],
     [
      52.007898,
      28.447096
     ],
     [
      51.962945,
      28.452836
     ],
     [
      51.930665,
      28.485095
     ],
     [
      51.86578,
      28.513789
     ],
     [
      51.832418,
      28.531179
     ],
     [
      51.788905,
      28.531183
     ],
     [
      51.754101,
      28.539898
     ],
     [
      51.720757,
      28.573234
     ],
     [
      51.674355,
      28.619615
     ],
     [
      51.643919,
      28.657307
     ],
     [
      51.516319,
      28.773265
     ],
     [
      51.467021,
      28.806615
     ],
     [
      51.410467,
      28.825446
     ],
     [
      51.371317,
      28.829804
     ],
     [
      51.343761,
      28.857344
     ],
     [
      51.323476,
      28.905186
     ],
     [
      51.300306,
      28.974747
     ],
     [
      51.275677,
      29.057376
     ],
     [
      51.264104,
      29.122605
     ],
     [
      51.272842,
      29.209564
     ],
     [
      51.268514,
      29.283493
     ],
     [
      51.255478,
      29.31828
     ],
     [
      51.219235,
      29.35452
     ],
     [
      51.190247,
      29.398008
     ],
     [
      51.161271,
      29.469022
     ],
     [
      51.11197,
      29.483532
     ],
     [
      51.061213,
      29.48933
     ],
     [
      50.974219,
      29.537176
     ],
     [
      50.814712,
      29.579204
     ],
     [
      50.535162,
      29.719979
     ]
    ]
   }
  }
 ]
}