{
 "type": "FeatureCollection",
 "features": [
  {
   "type": "Feature",
   "properties": {
    "id": "ME2026-0000",
    "commodity": "gas",
    "status_class": "uc_planned_proposed",
    "name": "Master Gas System 3 (MGS 3)",
    "name_dist_pt": 6.3,
    "name_ambiguous": false,
    "name_confidence": "high",
    "commodity_conflict": null,
    "other_names": null,
    "diameter_in": "56",
    "length_km": 441.98,
    "n_vertices": 52,
    "legend_class": "gas_uc_planned_proposed",
    "stroke_rgb": "#d7191f",
    "dashed": true,
    "source_map": "me2026",
    "source_file": "../energy-map-of-the-middle-east-2026-peregrine-bush.pdf",
    "source_page": 1,
    "source_title": "Energy Infrastructure Map of the Middle East, 2026 edition",
    "source_publisher": "Petroleum Economist / World Oil / Gulf Energy Information / Global Energy Infrastructure",
    "geometry_source": "stroke",
    "georef_order": 2,
    "georef_source": "map's own coastline vector registered to Natural Earth 10m coastline+lakes by trimmed ICP",
    "georef_insample_rmse_km": 0.97,
    "georef_holdout_layer": "ne_10m_admin_0_countries vs the map's own border strokes",
    "georef_holdout_median_km": 1.45,
    "georef_holdout_rmse_km": 1.6,
    "drawn_feature_offset_median_km": 3.06,
    "accuracy_tier": "medium"
   },
   "geometry": {
    "type": "LineString",
    "coordinates": [
     [
      42.04721,
      17.682236
     ],
     [
      42.050041,
      17.700496
     ],
     [
      42.026487,
      17.724022
     ],
     [
      41.960911,
      17.751746
     ],
     [
      41.876006,
      17.796745
     ],
     [
      41.799153,
      17.849919
     ],
     [
      41.737742,
      17.916399
     ],
     [
      41.689583,
      18.008589
     ],
     [
      41.648621,
      18.07303
     ],
     [
      41.562477,
      18.208163
     ],
     [
      41.535823,
      18.284882
     ],
     [
      41.483583,
      18.379115
     ],
     [
      41.432232,
      18.491633
     ],
     [
      41.362571,
      18.631898
     ],
     [
      41.296043,
      18.713842
     ],
     [
      41.265309,
      18.779314
     ],
     [
      41.242723,
      18.866265
     ],
     [
      41.190365,
      18.977889
     ],
     [
      41.18316,
      19.018808
     ],
     [
      41.180066,
      19.055629
     ],
     [
      41.130959,
      19.095642
     ],
     [
      41.097179,
      19.129394
     ],
     [
      41.065419,
      19.211228
     ],
     [
      41.058201,
      19.278752
     ],
     [
      41.045712,
      19.387317
     ],
     [
      41.006775,
      19.472221
     ],
     [
      40.954554,
      19.576687
     ],
     [
      40.874748,
      19.656463
     ],
     [
      40.821403,
      19.724082
     ],
     [
      40.817514,
      19.749222
     ],
     [
      40.790705,
      19.801371
     ],
     [
      40.745168,
      19.854299
     ],
     [
      40.696969,
      19.885786
     ],
     [
      40.650799,
      19.931942
     ],
     [
      40.602604,
      19.959354
     ],
     [
      40.551719,
      20.010224
     ],
     [
      40.495484,
      20.045022
     ],
     [
      40.406521,
      20.07982
     ],
     [
      40.33691,
      20.119341
     ],
     [
      40.294057,
      20.162184
     ],
     [
      40.266633,
      20.189589
     ],
     [
      40.250549,
      20.222356
     ],
     [
      40.19969,
      20.246452
     ],
     [
      40.13544,
      20.278573
     ],
     [
      40.073233,
      20.324082
     ],
     [
      40.027737,
      20.324065
     ],
     [
      39.966166,
      20.361544
     ],
     [
      39.88585,
      20.410359
     ],
     [
      39.802212,
      20.474615
     ],
     [
      39.713837,
      20.571013
     ],
     [
      39.622176,
      20.641252
     ],
     [
      39.558949,
      20.627998
     ]
    ]
   }
  },
  {
   "type": "Feature",
   "properties": {
    "id": "ME2026-0001",
    "commodity": "gas",
    "status_class": "uc_planned_proposed",
    "name": null,
    "name_dist_pt": null,
    "name_ambiguous": null,
    "name_confidence": null,
    "commodity_conflict": null,
    "other_names": null,
    "diameter_in": "36",
    "length_km": 156.73,
    "n_vertices": 20,
    "legend_class": "gas_uc_planned_proposed",
    "stroke_rgb": "#d7191f",
    "dashed": true,
    "source_map": "me2026",
    "source_file": "../energy-map-of-the-middle-east-2026-peregrine-bush.pdf",
    "source_page": 1,
    "source_title": "Energy Infrastructure Map of the Middle East, 2026 edition",
    "source_publisher": "Petroleum Economist / World Oil / Gulf Energy Information / Global Energy Infrastructure",
    "geometry_source": "stroke",
    "georef_order": 2,
    "georef_source": "map's own coastline vector registered to Natural Earth 10m coastline+lakes by trimmed ICP",
    "georef_insample_rmse_km": 0.97,
    "georef_holdout_layer": "ne_10m_admin_0_countries vs the map's own border strokes",
    "georef_holdout_median_km": 1.45,
    "georef_holdout_rmse_km": 1.6,
    "drawn_feature_offset_median_km": 3.06,
    "accuracy_tier": "medium"
   },
   "geometry": {
    "type": "LineString",
    "coordinates": [
     [
      36.865762,
      37.366615
     ],
     [
      36.879465,
      37.317723
     ],
     [
      36.896926,
      37.258269
     ],
     [
      36.925639,
      37.195604
     ],
     [
      36.747314,
      37.107702
     ],
     [
      36.642135,
      37.04189
     ],
     [
      36.610786,
      36.976665
     ],
     [
      36.551298,
      36.840676
     ],
     [
      36.523719,
      36.786744
     ],
     [
      36.532435,
      36.747362
     ],
     [
      36.501124,
      36.715984
     ],
     [
      36.476075,
      36.690892
     ],
     [
      36.444737,
      36.644473
     ],
     [
      36.428432,
      36.606851
     ],
     [
      36.406556,
      36.529098
     ],
     [
      36.377756,
      36.507234
     ],
     [
      36.326404,
      36.455779
     ],
     [
      36.256279,
      36.396795
     ],
     [
      36.216158,
      36.317782
     ],
     [
      36.149377,
      36.191447
     ]
    ]
   }
  },
  {
   "type": "Feature",
   "properties": {
    "id": "ME2026-0002",
    "commodity": "gas",
    "status_class": "uc_planned_proposed",
    "name": null,
    "name_dist_pt": null,
    "name_ambiguous": null,
    "name_confidence": null,
    "commodity_conflict": null,
    "other_names": null,
    "diameter_in": "36",
    "length_km": 113.78,
    "n_vertices": 15,
    "legend_class": "gas_uc_planned_proposed",
    "stroke_rgb": "#d7191f",
    "dashed": true,
    "source_map": "me2026",
    "source_file": "../energy-map-of-the-middle-east-2026-peregrine-bush.pdf",
    "source_page": 1,
    "source_title": "Energy Infrastructure Map of the Middle East, 2026 edition",
    "source_publisher": "Petroleum Economist / World Oil / Gulf Energy Information / Global Energy Infrastructure",
    "geometry_source": "stroke",
    "georef_order": 2,
    "georef_source": "map's own coastline vector registered to Natural Earth 10m coastline+lakes by trimmed ICP",
    "georef_insample_rmse_km": 0.97,
    "georef_holdout_layer": "ne_10m_admin_0_countries vs the map's own border strokes",
    "georef_holdout_median_km": 1.45,
    "georef_holdout_rmse_km": 1.6,
    "drawn_feature_offset_median_km": 3.06,
    "accuracy_tier": "medium"
   },
   "geometry": {
    "type": "LineString",
    "coordinates": [
     [
      37.148088,
      36.198428
     ],
     [
      37.115688,
      36.523343
     ],
     [
      37.108283,
      36.629913
     ],
     [
      37.108311,
      36.657492
     ],
     [
      37.105852,
      36.697618
     ],
     [
      37.105881,
      36.726043
     ],
     [
      37.078408,
      36.789652
     ],
     [
      37.053442,
      36.836031
     ],
     [
      37.048467,
      36.871133
     ],
     [
      37.038517,
      36.931838
     ],
     [
      37.01735,
      37.028368
     ],
     [
      37.002379,
      37.067941
     ],
     [
      36.979334,
      37.091038
     ],
     [
      36.956858,
      37.136693
     ],
     [
      36.925639,
      37.195604
     ]
    ]
   }
  },
  {
   "type": "Feature",
   "properties": {
    "id": "ME2026-0003",
    "commodity": "gas",
    "status_class": "uc_planned_proposed",
    "name": null,
    "name_dist_pt": null,
    "name_ambiguous": null,
    "name_confidence": null,
    "commodity_conflict": null,
    "other_names": null,
    "diameter_in": "16",
    "length_km": 771.44,
    "n_vertices": 60,
    "legend_class": "gas_uc_planned_proposed",
    "stroke_rgb": "#d7191f",
    "dashed": true,
    "source_map": "me2026",
    "source_file": "../energy-map-of-the-middle-east-2026-peregrine-bush.pdf",
    "source_page": 1,
    "source_title": "Energy Infrastructure Map of the Middle East, 2026 edition",
    "source_publisher": "Petroleum Economist / World Oil / Gulf Energy Information / Global Energy Infrastructure",
    "geometry_source": "stroke",
    "georef_order": 2,
    "georef_source": "map's own coastline vector registered to Natural Earth 10m coastline+lakes by trimmed ICP",
    "georef_insample_rmse_km": 0.97,
    "georef_holdout_layer": "ne_10m_admin_0_countries vs the map's own border strokes",
    "georef_holdout_median_km": 1.45,
    "georef_holdout_rmse_km": 1.6,
    "drawn_feature_offset_median_km": 3.06,
    "accuracy_tier": "medium"
   },
   "geometry": {
    "type": "LineString",
    "coordinates": [
     [
      43.497645,
      34.950677
     ],
     [
      43.470657,
      35.014767
     ],
     [
      43.400148,
      35.09715
     ],
     [
      43.309099,
      35.168295
     ],
     [
      43.059609,
      35.600182
     ],
     [
      42.837263,
      36.08625
     ],
     [
      42.791527,
      36.223344
     ],
     [
      42.791603,
      36.293983
     ],
     [
      42.680783,
      36.544615
     ],
     [
      42.540473,
      36.720528
     ],
     [
      42.440667,
      36.873551
     ],
     [
      42.420702,
      36.901159
     ],
     [
      42.413823,
      37.047157
     ],
     [
      42.397848,
      37.116241
     ],
     [
      42.385435,
      37.128689
     ],
     [
      42.387876,
      37.158728
     ],
     [
      42.382893,
      37.187565
     ],
     [
      42.357928,
      37.25903
     ],
     [
      42.315432,
      37.338547
     ],
     [
      42.295425,
      37.358591
     ],
     [
      42.240328,
      37.373608
     ],
     [
      42.15712,
      37.373569
     ],
     [
      42.105764,
      37.361006
     ],
     [
      42.036866,
      37.357221
     ],
     [
      41.951193,
      37.375986
     ],
     [
      41.871019,
      37.372183
     ],
     [
      41.76902,
      37.352067
     ],
     [
      41.643741,
      37.321906
     ],
     [
      41.609369,
      37.305587
     ],
     [
      41.54923,
      37.282453
     ],
     [
      41.403421,
      37.283637
     ],
     [
      41.352098,
      37.304197
     ],
     [
      41.285766,
      37.336766
     ],
     [
      41.222682,
      37.38565
     ],
     [
      41.167604,
      37.40818
     ],
     [
      41.10877,
      37.431978
     ],
     [
      41.000555,
      37.449481
     ],
     [
      40.899134,
      37.455695
     ],
     [
      40.797175,
      37.45564
     ],
     [
      40.578743,
      37.450497
     ],
     [
      40.392891,
      37.447888
     ],
     [
      40.278941,
      37.447823
     ],
     [
      40.09185,
      37.452726
     ],
     [
      39.908511,
      37.44635
     ],
     [
      39.728937,
      37.441234
     ],
     [
      39.389823,
      37.427245
     ],
     [
      39.198979,
      37.410814
     ],
     [
      39.048211,
      37.398182
     ],
     [
      38.763419,
      37.307722
     ],
     [
      38.608932,
      37.318914
     ],
     [
      38.464496,
      37.368969
     ],
     [
      38.240019,
      37.453376
     ],
     [
      38.121851,
      37.477828
     ],
     [
      38.032994,
      37.494601
     ],
     [
      37.690244,
      37.488098
     ],
     [
      37.550784,
      37.485495
     ],
     [
      37.313665,
      37.445925
     ],
     [
      37.227302,
      37.434573
     ],
     [
      37.155463,
      37.449564
     ],
     [
      37.070407,
      37.492681
     ]
    ]
   }
  },
  {
   "type": "Feature",
   "properties": {
    "id": "ME2026-0004",
    "commodity": "gas",
    "status_class": "uc_planned_proposed",
    "name": null,
    "name_dist_pt": null,
    "name_ambiguous": null,
    "name_confidence": null,
    "commodity_conflict": null,
    "other_names": null,
    "diameter_in": null,
    "length_km": 220.86,
    "n_vertices": 21,
    "legend_class": "gas_uc_planned_proposed",
    "stroke_rgb": "#d7191f",
    "dashed": true,
    "source_map": "me2026",
    "source_file": "../energy-map-of-the-middle-east-2026-peregrine-bush.pdf",
    "source_page": 1,
    "source_title": "Energy Infrastructure Map of the Middle East, 2026 edition",
    "source_publisher": "Petroleum Economist / World Oil / Gulf Energy Information / Global Energy Infrastructure",
    "geometry_source": "stroke",
    "georef_order": 2,
    "georef_source": "map's own coastline vector registered to Natural Earth 10m coastline+lakes by trimmed ICP",
    "georef_insample_rmse_km": 0.97,
    "georef_holdout_layer": "ne_10m_admin_0_countries vs the map's own border strokes",
    "georef_holdout_median_km": 1.45,
    "georef_holdout_rmse_km": 1.6,
    "drawn_feature_offset_median_km": 3.06,
    "accuracy_tier": "medium"
   },
   "geometry": {
    "type": "LineString",
    "coordinates": [
     [
      45.479448,
      34.282
     ],
     [
      45.28961,
      34.162761
     ],
     [
      45.155708,
      34.045934
     ],
     [
      45.089181,
      34.036838
     ],
     [
      45.058429,
      34.04081
     ],
     [
      45.028726,
      34.054972
     ],
     [
      44.974344,
      34.10336
     ],
     [
      44.913919,
      34.169898
     ],
     [
      44.827974,
      34.314565
     ],
     [
      44.761887,
      34.442987
     ],
     [
      44.716917,
      34.543413
     ],
     [
      44.700949,
      34.605597
     ],
     [
      44.69351,
      34.643
     ],
     [
      44.688856,
      34.68447
     ],
     [
      44.674772,
      34.729204
     ],
     [
      44.645433,
      34.807442
     ],
     [
      44.613724,
      34.871001
     ],
     [
      44.533801,
      34.962812
     ],
     [
      44.381717,
      35.200483
     ],
     [
      44.278984,
      35.356401
     ],
     [
      44.220196,
      35.399934
     ]
    ]
   }
  },
  {
   "type": "Feature",
   "properties": {
    "id": "ME2026-0005",
    "commodity": "gas",
    "status_class": "uc_planned_proposed",
    "name": null,
    "name_dist_pt": null,
    "name_ambiguous": null,
    "name_confidence": null,
    "commodity_conflict": null,
    "other_names": null,
    "diameter_in": null,
    "length_km": 252.78,
    "n_vertices": 26,
    "legend_class": "gas_uc_planned_proposed",
    "stroke_rgb": "#d7191f",
    "dashed": true,
    "source_map": "me2026",
    "source_file": "../energy-map-of-the-middle-east-2026-peregrine-bush.pdf",
    "source_page": 1,
    "source_title": "Energy Infrastructure Map of the Middle East, 2026 edition",
    "source_publisher": "Petroleum Economist / World Oil / Gulf Energy Information / Global Energy Infrastructure",
    "geometry_source": "stroke",
    "georef_order": 2,
    "georef_source": "map's own coastline vector registered to Natural Earth 10m coastline+lakes by trimmed ICP",
    "georef_insample_rmse_km": 0.97,
    "georef_holdout_layer": "ne_10m_admin_0_countries vs the map's own border strokes",
    "georef_holdout_median_km": 1.45,
    "georef_holdout_rmse_km": 1.6,
    "drawn_feature_offset_median_km": 3.06,
    "accuracy_tier": "medium"
   },
   "geometry": {
    "type": "LineString",
    "coordinates": [
     [
      44.403795,
      39.376771
     ],
     [
      44.434893,
      39.363687
     ],
     [
      44.458848,
      39.34502
     ],
     [
      44.545087,
      39.333725
     ],
     [
      44.581044,
      39.317738
     ],
     [
      44.616342,
      39.313745
     ],
     [
      44.897673,
      39.237199
     ],
     [
      44.975204,
      39.180897
     ],
     [
      45.008332,
      39.054909
     ],
     [
      45.072073,
      38.911274
     ],
     [
      45.112996,
      38.880618
     ],
     [
      45.184308,
      38.895979
     ],
     [
      45.240246,
      38.875991
     ],
     [
      45.272169,
      38.844012
     ],
     [
      45.278119,
      38.809023
     ],
     [
      45.259362,
      38.735015
     ],
     [
      45.251943,
      38.679674
     ],
     [
      45.289158,
      38.6087
     ],
     [
      45.356066,
      38.578718
     ],
     [
      45.441228,
      38.496758
     ],
     [
      45.548136,
      38.481447
     ],
     [
      45.884197,
      38.435236
     ],
     [
      46.088045,
      38.417967
     ],
     [
      46.262939,
      38.163701
     ],
     [
      46.283203,
      38.129043
     ],
     [
      46.299422,
      38.072306
     ]
    ]
   }
  },
  {
   "type": "Feature",
   "properties": {
    "id": "ME2026-0006",
    "commodity": "gas",
    "status_class": "uc_planned_proposed",
    "name": null,
    "name_dist_pt": null,
    "name_ambiguous": null,
    "name_confidence": null,
    "commodity_conflict": null,
    "other_names": null,
    "diameter_in": null,
    "length_km": 154.28,
    "n_vertices": 6,
    "legend_class": "gas_uc_planned_proposed",
    "stroke_rgb": "#d7191f",
    "dashed": true,
    "source_map": "me2026",
    "source_file": "../energy-map-of-the-middle-east-2026-peregrine-bush.pdf",
    "source_page": 1,
    "source_title": "Energy Infrastructure Map of the Middle East, 2026 edition",
    "source_publisher": "Petroleum Economist / World Oil / Gulf Energy Information / Global Energy Infrastructure",
    "geometry_source": "stroke",
    "georef_order": 2,
    "georef_source": "map's own coastline vector registered to Natural Earth 10m coastline+lakes by trimmed ICP",
    "georef_insample_rmse_km": 0.97,
    "georef_holdout_layer": "ne_10m_admin_0_countries vs the map's own border strokes",
    "georef_holdout_median_km": 1.45,
    "georef_holdout_rmse_km": 1.6,
    "drawn_feature_offset_median_km": 3.06,
    "accuracy_tier": "medium"
   },
   "geometry": {
    "type": "LineString",
    "coordinates": [
     [
      63.59519,
      37.666683
     ],
     [
      63.061827,
      37.735707
     ],
     [
      62.676405,
      37.644971
     ],
     [
      62.520041,
      37.613256
     ],
     [
      61.960726,
      37.609812
     ],
     [
      61.881441,
      37.584717
     ]
    ]
   }
  },
  {
   "type": "Feature",
   "properties": {
    "id": "ME2026-0007",
    "commodity": "gas",
    "status_class": "uc_planned_proposed",
    "name": null,
    "name_dist_pt": null,
    "name_ambiguous": null,
    "name_confidence": null,
    "commodity_conflict": null,
    "other_names": null,
    "diameter_in": null,
    "length_km": 12.82,
    "n_vertices": 2,
    "legend_class": "gas_uc_planned_proposed",
    "stroke_rgb": "#d7191f",
    "dashed": true,
    "source_map": "me2026",
    "source_file": "../energy-map-of-the-middle-east-2026-peregrine-bush.pdf",
    "source_page": 1,
    "source_title": "Energy Infrastructure Map of the Middle East, 2026 edition",
    "source_publisher": "Petroleum Economist / World Oil / Gulf Energy Information / Global Energy Infrastructure",
    "geometry_source": "stroke",
    "georef_order": 2,
    "georef_source": "map's own coastline vector registered to Natural Earth 10m coastline+lakes by trimmed ICP",
    "georef_insample_rmse_km": 0.97,
    "georef_holdout_layer": "ne_10m_admin_0_countries vs the map's own border strokes",
    "georef_holdout_median_km": 1.45,
    "georef_holdout_rmse_km": 1.6,
    "drawn_feature_offset_median_km": 3.06,
    "accuracy_tier": "medium"
   },
   "geometry": {
    "type": "LineString",
    "coordinates": [
     [
      53.992661,
      40.036636
     ],
     [
      53.879049,
      39.961102
     ]
    ]
   }
  },
  {
   "type": "Feature",
   "properties": {
    "id": "ME2026-0008",
    "commodity": "gas",
    "status_class": "uc_planned_proposed",
    "name": "Trans Caspian Gas Pipeline",
    "name_dist_pt": 8.0,
    "name_ambiguous": false,
    "name_confidence": "high",
    "commodity_conflict": null,
    "other_names": null,
    "diameter_in": "16",
    "length_km": 719.31,
    "n_vertices": 37,
    "legend_class": "gas_uc_planned_proposed",
    "stroke_rgb": "#d7191f",
    "dashed": true,
    "source_map": "me2026",
    "source_file": "../energy-map-of-the-middle-east-2026-peregrine-bush.pdf",
    "source_page": 1,
    "source_title": "Energy Infrastructure Map of the Middle East, 2026 edition",
    "source_publisher": "Petroleum Economist / World Oil / Gulf Energy Information / Global Energy Infrastructure",
    "geometry_source": "stroke",
    "georef_order": 2,
    "georef_source": "map's own coastline vector registered to Natural Earth 10m coastline+lakes by trimmed ICP",
    "georef_insample_rmse_km": 0.97,
    "georef_holdout_layer": "ne_10m_admin_0_countries vs the map's own border strokes",
    "georef_holdout_median_km": 1.45,
    "georef_holdout_rmse_km": 1.6,
    "drawn_feature_offset_median_km": 3.06,
    "accuracy_tier": "medium"
   },
   "geometry": {
    "type": "LineString",
    "coordinates": [
     [
      61.881805,
      37.584716
     ],
     [
      61.867395,
      37.608377
     ],
     [
      61.70895,
      37.650588
     ],
     [
      61.44523,
      37.647748
     ],
     [
      61.250437,
      37.644877
     ],
     [
      60.920214,
      37.718941
     ],
     [
      60.621863,
      37.789283
     ],
     [
      60.242084,
      37.882579
     ],
     [
      60.003726,
      37.942551
     ],
     [
      59.71801,
      38.014739
     ],
     [
      59.298349,
      38.12982
     ],
     [
      58.955678,
      38.220852
     ],
     [
      58.721074,
      38.283023
     ],
     [
      58.573066,
      38.325204
     ],
     [
      58.35182,
      38.392536
     ],
     [
      58.002564,
      38.499835
     ],
     [
      57.780603,
      38.568637
     ],
     [
      57.493519,
      38.650018
     ],
     [
      57.226458,
      38.737309
     ],
     [
      56.90685,
      38.834958
     ],
     [
      56.687148,
      38.903021
     ],
     [
      56.476312,
      38.963672
     ],
     [
      56.340216,
      39.007311
     ],
     [
      56.2463,
      39.046513
     ],
     [
      56.116126,
      39.099023
     ],
     [
      55.92608,
      39.1885
     ],
     [
      55.846962,
      39.224731
     ],
     [
      55.763428,
      39.278722
     ],
     [
      55.640728,
      39.359313
     ],
     [
      55.468499,
      39.470961
     ],
     [
      55.247482,
      39.61071
     ],
     [
      55.076764,
      39.726058
     ],
     [
      55.030927,
      39.746764
     ],
     [
      54.944403,
      39.780777
     ],
     [
      54.773599,
      39.847337
     ],
     [
      54.579149,
      39.926451
     ],
     [
      54.349948,
      40.012962
     ]
    ]
   }
  },
  {
   "type": "Feature",
   "properties": {
    "id": "ME2026-0009",
    "commodity": "gas",
    "status_class": "uc_planned_proposed",
    "name": "TAPI Pipeline",
    "name_dist_pt": 30.7,
    "name_ambiguous": false,
    "name_confidence": "medium",
    "commodity_conflict": null,
    "other_names": null,
    "diameter_in": "56",
    "length_km": 440.43,
    "n_vertices": 77,
    "legend_class": "gas_uc_planned_proposed",
    "stroke_rgb": "#d7191f",
    "dashed": true,
    "source_map": "me2026",
    "source_file": "../energy-map-of-the-middle-east-2026-peregrine-bush.pdf",
    "source_page": 1,
    "source_title": "Energy Infrastructure Map of the Middle East, 2026 edition",
    "source_publisher": "Petroleum Economist / World Oil / Gulf Energy Information / Global Energy Infrastructure",
    "geometry_source": "stroke",
    "georef_order": 2,
    "georef_source": "map's own coastline vector registered to Natural Earth 10m coastline+lakes by trimmed ICP",
    "georef_insample_rmse_km": 0.97,
    "georef_holdout_layer": "ne_10m_admin_0_countries vs the map's own border strokes",
    "georef_holdout_median_km": 1.45,
    "georef_holdout_rmse_km": 1.6,
    "drawn_feature_offset_median_km": 3.06,
    "accuracy_tier": "medium"
   },
   "geometry": {
    "type": "LineString",
    "coordinates": [
     [
      63.594552,
      32.102646
     ],
     [
      63.518043,
      32.111636
     ],
     [
      63.48222,
      32.127294
     ],
     [
      63.42848,
      32.145202
     ],
     [
      63.388187,
      32.167569
     ],
     [
      63.352363,
      32.182113
     ],
     [
      63.31057,
      32.195548
     ],
     [
      63.275867,
      32.201148
     ],
     [
      63.190744,
      32.205676
     ],
     [
      63.140367,
      32.211296
     ],
     [
      63.047059,
      32.21693
     ],
     [
      62.854095,
      32.233802
     ],
     [
      62.800351,
      32.241651
     ],
     [
      62.757804,
      32.249494
     ],
     [
      62.714887,
      32.249518
     ],
     [
      62.675709,
      32.253255
     ],
     [
      62.625312,
      32.258862
     ],
     [
      62.560374,
      32.266717
     ],
     [
      62.540986,
      32.274558
     ],
     [
      62.545491,
      32.304716
     ],
     [
      62.549241,
      32.331522
     ],
     [
      62.557132,
      32.376214
     ],
     [
      62.557226,
      32.472663
     ],
     [
      62.548376,
      32.587744
     ],
     [
      62.543627,
      32.678605
     ],
     [
      62.520191,
      32.76242
     ],
     [
      62.50345,
      32.820525
     ],
     [
      62.492328,
      32.8924
     ],
     [
      62.499086,
      32.929275
     ],
     [
      62.514823,
      32.991829
     ],
     [
      62.529415,
      33.025335
     ],
     [
      62.541769,
      33.053626
     ],
     [
      62.545144,
      33.068148
     ],
     [
      62.538427,
      33.082676
     ],
     [
      62.509346,
      33.100568
     ],
     [
      62.478013,
      33.12294
     ],
     [
      62.44668,
      33.145288
     ],
     [
      62.415369,
      33.176604
     ],
     [
      62.393003,
      33.212357
     ],
     [
      62.355009,
      33.289839
     ],
     [
      62.323385,
      33.366955
     ],
     [
      62.295271,
      33.447773
     ],
     [
      62.285425,
      33.473474
     ],
     [
      62.279879,
      33.514822
     ],
     [
      62.279914,
      33.547223
     ],
     [
      62.279954,
      33.582977
     ],
     [
      62.276662,
      33.643679
     ],
     [
      62.262216,
      33.742004
     ],
     [
      62.262259,
      33.779998
     ],
     [
      62.26231,
      33.825048
     ],
     [
      62.259001,
      33.869749
     ],
     [
      62.263533,
      33.918912
     ],
     [
      62.256862,
      33.961363
     ],
     [
      62.251302,
      33.989302
     ],
     [
      62.242361,
      34.008624
     ],
     [
      62.235683,
      34.034372
     ],
     [
      62.239144,
      34.131576
     ],
     [
      62.245919,
      34.1785
     ],
     [
      62.237014,
      34.217963
     ],
     [
      62.225932,
      34.314074
     ],
     [
      62.222619,
      34.36323
     ],
     [
      62.230532,
      34.417222
     ],
     [
      62.237281,
      34.441802
     ],
     [
      62.237307,
      34.463032
     ],
     [
      62.231733,
      34.487619
     ],
     [
      62.197112,
      34.565853
     ],
     [
      62.166978,
      34.642209
     ],
     [
      62.156565,
      34.666797
     ],
     [
      62.156696,
      34.772951
     ],
     [
      62.178363,
      34.794534
     ],
     [
      62.268035,
      34.867115
     ],
     [
      62.273664,
      34.887229
     ],
     [
      62.310686,
      34.945311
     ],
     [
      62.32641,
      34.985889
     ],
     [
      62.334291,
      35.020528
     ],
     [
      62.339977,
      35.084218
     ],
     [
      62.349061,
      35.177309
     ]
    ]
   }
  },
  {
   "type": "Feature",
   "properties": {
    "id": "ME2026-0010",
    "commodity": "gas",
    "status_class": "uc_planned_proposed",
    "name": null,
    "name_dist_pt": null,
    "name_ambiguous": null,
    "name_confidence": null,
    "commodity_conflict": null,
    "other_names": null,
    "diameter_in": null,
    "length_km": 190.58,
    "n_vertices": 50,
    "legend_class": "gas_uc_planned_proposed",
    "stroke_rgb": "#d7191f",
    "dashed": true,
    "source_map": "me2026",
    "source_file": "../energy-map-of-the-middle-east-2026-peregrine-bush.pdf",
    "source_page": 1,
    "source_title": "Energy Infrastructure Map of the Middle East, 2026 edition",
    "source_publisher": "Petroleum Economist / World Oil / Gulf Energy Information / Global Energy Infrastructure",
    "geometry_source": "stroke",
    "georef_order": 2,
    "georef_source": "map's own coastline vector registered to Natural Earth 10m coastline+lakes by trimmed ICP",
    "georef_insample_rmse_km": 0.97,
    "georef_holdout_layer": "ne_10m_admin_0_countries vs the map's own border strokes",
    "georef_holdout_median_km": 1.45,
    "georef_holdout_rmse_km": 1.6,
    "drawn_feature_offset_median_km": 3.06,
    "accuracy_tier": "medium"
   },
   "geometry": {
    "type": "LineString",
    "coordinates": [
     [
      35.3658,
      33.547165
     ],
     [
      35.380961,
      33.541103
     ],
     [
      35.402964,
      33.547956
     ],
     [
      35.457378,
      33.560906
     ],
     [
      35.49301,
      33.563982
     ],
     [
      35.541553,
      33.571616
     ],
     [
      35.582526,
      33.598241
     ],
     [
      35.593149,
      33.613252
     ],
     [
      35.599221,
      33.630741
     ],
     [
      35.607578,
      33.651267
     ],
     [
      35.627314,
      33.66268
     ],
     [
      35.662018,
      33.683226
     ],
     [
      35.684017,
      33.700714
     ],
     [
      35.708302,
      33.725052
     ],
     [
      35.722717,
      33.739497
     ],
     [
      35.737907,
      33.758504
     ],
     [
      35.76371,
      33.795003
     ],
     [
      35.778882,
      33.803944
     ],
     [
      35.80239,
      33.800924
     ],
     [
      35.821347,
      33.800938
     ],
     [
      35.870465,
      33.815409
     ],
     [
      35.888665,
      33.819221
     ],
     [
      35.913705,
      33.8314
     ],
     [
      35.942537,
      33.845105
     ],
     [
      35.985028,
      33.879329
     ],
     [
      36.004758,
      33.895485
     ],
     [
      36.028091,
      33.918878
     ],
     [
      36.052376,
      33.937892
     ],
     [
      36.081969,
      33.967557
     ],
     [
      36.09943,
      33.985042
     ],
     [
      36.117648,
      34.014506
     ],
     [
      36.132825,
      34.029714
     ],
     [
      36.173822,
      34.082934
     ],
     [
      36.192795,
      34.101956
     ],
     [
      36.213869,
      34.139214
     ],
     [
      36.255593,
      34.159753
     ],
     [
      36.269257,
      34.168693
     ],
     [
      36.29298,
      34.210224
     ],
     [
      36.315561,
      34.225716
     ],
     [
      36.329239,
      34.253083
     ],
     [
      36.349733,
      34.288067
     ],
     [
      36.365679,
      34.312387
     ],
     [
      36.388452,
      34.342035
     ],
     [
      36.428506,
      34.386725
     ],
     [
      36.514273,
      34.484819
     ],
     [
      36.535537,
      34.513705
     ],
     [
      36.574248,
      34.552501
     ],
     [
      36.63935,
      34.627592
     ],
     [
      36.679593,
      34.677775
     ],
     [
      36.711495,
      34.734039
     ]
    ]
   }
  },
  {
   "type": "Feature",
   "properties": {
    "id": "ME2026-0011",
    "commodity": "gas",
    "status_class": "uc_planned_proposed",
    "name": null,
    "name_dist_pt": null,
    "name_ambiguous": null,
    "name_confidence": null,
    "commodity_conflict": null,
    "other_names": null,
    "diameter_in": null,
    "length_km": 80.03,
    "n_vertices": 4,
    "legend_class": "gas_uc_planned_proposed",
    "stroke_rgb": "#d7191f",
    "dashed": true,
    "source_map": "me2026",
    "source_file": "../energy-map-of-the-middle-east-2026-peregrine-bush.pdf",
    "source_page": 1,
    "source_title": "Energy Infrastructure Map of the Middle East, 2026 edition",
    "source_publisher": "Petroleum Economist / World Oil / Gulf Energy Information / Global Energy Infrastructure",
    "geometry_source": "stroke",
    "georef_order": 2,
    "georef_source": "map's own coastline vector registered to Natural Earth 10m coastline+lakes by trimmed ICP",
    "georef_insample_rmse_km": 0.97,
    "georef_holdout_layer": "ne_10m_admin_0_countries vs the map's own border strokes",
    "georef_holdout_median_km": 1.45,
    "georef_holdout_rmse_km": 1.6,
    "drawn_feature_offset_median_km": 3.06,
    "accuracy_tier": "medium"
   },
   "geometry": {
    "type": "LineString",
    "coordinates": [
     [
      40.827526,
      34.112841
     ],
     [
      40.222706,
      34.353704
     ],
     [
      40.063812,
      34.367885
     ],
     [
      40.05788,
      34.399307
     ]
    ]
   }
  },
  {
   "type": "Feature",
   "properties": {
    "id": "ME2026-0012",
    "commodity": "gas",
    "status_class": "uc_planned_proposed",
    "name": null,
    "name_dist_pt": null,
    "name_ambiguous": null,
    "name_confidence": null,
    "commodity_conflict": null,
    "other_names": null,
    "diameter_in": null,
    "length_km": 41.77,
    "n_vertices": 3,
    "legend_class": "gas_uc_planned_proposed",
    "stroke_rgb": "#d7191f",
    "dashed": true,
    "source_map": "me2026",
    "source_file": "../energy-map-of-the-middle-east-2026-peregrine-bush.pdf",
    "source_page": 1,
    "source_title": "Energy Infrastructure Map of the Middle East, 2026 edition",
    "source_publisher": "Petroleum Economist / World Oil / Gulf Energy Information / Global Energy Infrastructure",
    "geometry_source": "stroke",
    "georef_order": 2,
    "georef_source": "map's own coastline vector registered to Natural Earth 10m coastline+lakes by trimmed ICP",
    "georef_insample_rmse_km": 0.97,
    "georef_holdout_layer": "ne_10m_admin_0_countries vs the map's own border strokes",
    "georef_holdout_median_km": 1.45,
    "georef_holdout_rmse_km": 1.6,
    "drawn_feature_offset_median_km": 3.06,
    "accuracy_tier": "medium"
   },
   "geometry": {
    "type": "LineString",
    "coordinates": [
     [
      54.085287,
      26.891016
     ],
     [
      53.971587,
      26.579524
     ],
     [
      53.957495,
      26.532028
     ]
    ]
   }
  },
  {
   "type": "Feature",
   "properties": {
    "id": "ME2026-0013",
    "commodity": "gas",
    "status_class": "uc_planned_proposed",
    "name": null,
    "name_dist_pt": null,
    "name_ambiguous": null,
    "name_confidence": null,
    "commodity_conflict": null,
    "other_names": null,
    "diameter_in": "16",
    "length_km": 217.83,
    "n_vertices": 17,
    "legend_class": "gas_uc_planned_proposed",
    "stroke_rgb": "#d7191f",
    "dashed": true,
    "source_map": "me2026",
    "source_file": "../energy-map-of-the-middle-east-2026-peregrine-bush.pdf",
    "source_page": 1,
    "source_title": "Energy Infrastructure Map of the Middle East, 2026 edition",
    "source_publisher": "Petroleum Economist / World Oil / Gulf Energy Information / Global Energy Infrastructure",
    "geometry_source": "stroke",
    "georef_order": 2,
    "georef_source": "map's own coastline vector registered to Natural Earth 10m coastline+lakes by trimmed ICP",
    "georef_insample_rmse_km": 0.97,
    "georef_holdout_layer": "ne_10m_admin_0_countries vs the map's own border strokes",
    "georef_holdout_median_km": 1.45,
    "georef_holdout_rmse_km": 1.6,
    "drawn_feature_offset_median_km": 3.06,
    "accuracy_tier": "medium"
   },
   "geometry": {
    "type": "LineString",
    "coordinates": [
     [
      56.152182,
      27.185191
     ],
     [
      56.026968,
      27.085799
     ],
     [
      55.951851,
      27.025351
     ],
     [
      55.798773,
      26.900232
     ],
     [
      55.773227,
      26.861547
     ],
     [
      55.750222,
      26.805173
     ],
     [
      55.729082,
      26.744491
     ],
     [
      55.692098,
      26.754181
     ],
     [
      55.638378,
      26.735722
     ],
     [
      55.557253,
      26.702329
     ],
     [
      55.494726,
      26.675076
     ],
     [
      55.364289,
      26.582679
     ],
     [
      55.23835,
      26.47806
     ],
     [
      55.040988,
      26.322357
     ],
     [
      54.848046,
      26.167523
     ],
     [
      54.607558,
      25.982795
     ],
     [
      54.537025,
      25.926544
     ]
    ]
   }
  },
  {
   "type": "Feature",
   "properties": {
    "id": "ME2026-0014",
    "commodity": "gas",
    "status_class": "uc_planned_proposed",
    "name": "Master Gas System (MGS)",
    "name_dist_pt": 27.0,
    "name_ambiguous": false,
    "name_confidence": "medium",
    "commodity_conflict": null,
    "other_names": null,
    "diameter_in": "16",
    "length_km": 598.58,
    "n_vertices": 55,
    "legend_class": "gas_uc_planned_proposed",
    "stroke_rgb": "#d7191f",
    "dashed": true,
    "source_map": "me2026",
    "source_file": "../energy-map-of-the-middle-east-2026-peregrine-bush.pdf",
    "source_page": 1,
    "source_title": "Energy Infrastructure Map of the Middle East, 2026 edition",
    "source_publisher": "Petroleum Economist / World Oil / Gulf Energy Information / Global Energy Infrastructure",
    "geometry_source": "stroke",
    "georef_order": 2,
    "georef_source": "map's own coastline vector registered to Natural Earth 10m coastline+lakes by trimmed ICP",
    "georef_insample_rmse_km": 0.97,
    "georef_holdout_layer": "ne_10m_admin_0_countries vs the map's own border strokes",
    "georef_holdout_median_km": 1.45,
    "georef_holdout_rmse_km": 1.6,
    "drawn_feature_offset_median_km": 3.06,
    "accuracy_tier": "medium"
   },
   "geometry": {
    "type": "LineString",
    "coordinates": [
     [
      34.977476,
      28.218398
     ],
     [
      35.185323,
      28.128679
     ],
     [
      35.245673,
      28.100862
     ],
     [
      35.268841,
      28.077677
     ],
     [
      35.39393,
      27.935279
     ],
     [
      35.452739,
      27.85795
     ],
     [
      35.489805,
      27.808465
     ],
     [
      35.551588,
      27.718631
     ],
     [
      35.622634,
      27.599397
     ],
     [
      35.716973,
      27.467949
     ],
     [
      35.788023,
      27.351824
     ],
     [
      35.836036,
      27.268295
     ],
     [
      35.860755,
      27.231176
     ],
     [
      35.920997,
      27.17088
     ],
     [
      36.019975,
      27.091896
     ],
     [
      36.097209,
      27.023747
     ],
     [
      36.160531,
      26.982008
     ],
     [
      36.259513,
      26.909349
     ],
     [
      36.330566,
      26.86142
     ],
     [
      36.38463,
      26.818005
     ],
     [
      36.455821,
      26.746743
     ],
     [
      36.599622,
      26.590564
     ],
     [
      36.628971,
      26.550351
     ],
     [
      36.650608,
      26.491578
     ],
     [
      36.695425,
      26.338291
     ],
     [
      36.73407,
      26.20358
     ],
     [
      36.755714,
      26.126229
     ],
     [
      36.775806,
      26.076733
     ],
     [
      36.800668,
      26.030204
     ],
     [
      36.831568,
      25.983799
     ],
     [
      36.882561,
      25.889447
     ],
     [
      36.947459,
      25.780988
     ],
     [
      37.043828,
      25.623826
     ],
     [
      37.162361,
      25.427912
     ],
     [
      37.213928,
      25.341084
     ],
     [
      37.284805,
      25.217329
     ],
     [
      37.303183,
      25.043398
     ],
     [
      37.314206,
      24.946764
     ],
     [
      37.320355,
      24.84131
     ],
     [
      37.344807,
      24.783836
     ],
     [
      37.404964,
      24.612362
     ],
     [
      37.424525,
      24.55734
     ],
     [
      37.452632,
      24.513306
     ],
     [
      37.562587,
      24.426269
     ],
     [
      37.634928,
      24.3627
     ],
     [
      37.675238,
      24.337044
     ],
     [
      37.726553,
      24.306229
     ],
     [
      37.874622,
      24.23659
     ],
     [
      37.949145,
      24.221945
     ],
     [
      38.004359,
      24.19996
     ],
     [
      38.070354,
      24.107988
     ],
     [
      38.091133,
      24.097005
     ],
     [
      38.116788,
      24.089676
     ],
     [
      38.221943,
      23.994034
     ],
     [
      38.243676,
      23.956648
     ]
    ]
   }
  },
  {
   "type": "Feature",
   "properties": {
    "id": "ME2026-0015",
    "commodity": "gas",
    "status_class": "uc_planned_proposed",
    "name": "Ain Dar-Khurais",
    "name_dist_pt": 19.4,
    "name_ambiguous": true,
    "name_confidence": "low",
    "commodity_conflict": null,
    "other_names": null,
    "diameter_in": "56",
    "length_km": 965.9,
    "n_vertices": 26,
    "legend_class": "gas_uc_planned_proposed",
    "stroke_rgb": "#d7191f",
    "dashed": true,
    "source_map": "me2026",
    "source_file": "../energy-map-of-the-middle-east-2026-peregrine-bush.pdf",
    "source_page": 1,
    "source_title": "Energy Infrastructure Map of the Middle East, 2026 edition",
    "source_publisher": "Petroleum Economist / World Oil / Gulf Energy Information / Global Energy Infrastructure",
    "geometry_source": "stroke",
    "georef_order": 2,
    "georef_source": "map's own coastline vector registered to Natural Earth 10m coastline+lakes by trimmed ICP",
    "georef_insample_rmse_km": 0.97,
    "georef_holdout_layer": "ne_10m_admin_0_countries vs the map's own border strokes",
    "georef_holdout_median_km": 1.45,
    "georef_holdout_rmse_km": 1.6,
    "drawn_feature_offset_median_km": 3.06,
    "accuracy_tier": "medium"
   },
   "geometry": {
    "type": "LineString",
    "coordinates": [
     [
      49.964241,
      26.436853
     ],
     [
      49.833066,
      26.174565
     ],
     [
      49.825247,
      26.122073
     ],
     [
      49.808485,
      26.088575
     ],
     [
      49.610386,
      25.981008
     ],
     [
      49.281229,
      25.808673
     ],
     [
      49.111879,
      25.731214
     ],
     [
      49.015015,
      25.694765
     ],
     [
      48.886221,
      25.636419
     ],
     [
      48.206817,
      25.366964
     ],
     [
      48.081111,
      25.268067
     ],
     [
      48.009904,
      25.236962
     ],
     [
      46.997638,
      25.053436
     ],
     [
      46.792893,
      25.024385
     ],
     [
      46.6078,
      24.990955
     ],
     [
      46.504134,
      24.975267
     ],
     [
      46.270045,
      24.925293
     ],
     [
      46.199865,
      24.899446
     ],
     [
      46.124967,
      24.882272
     ],
     [
      45.792592,
      24.7995
     ],
     [
      45.170989,
      24.684041
     ],
     [
      44.08194,
      24.559759
     ],
     [
      43.468311,
      24.454309
     ],
     [
      42.704982,
      24.334153
     ],
     [
      42.097188,
      24.224315
     ],
     [
      41.025077,
      24.066911
     ]
    ]
   }
  },
  {
   "type": "Feature",
   "properties": {
    "id": "ME2026-0016",
    "commodity": "gas",
    "status_class": "uc_planned_proposed",
    "name": null,
    "name_dist_pt": null,
    "name_ambiguous": null,
    "name_confidence": null,
    "commodity_conflict": null,
    "other_names": null,
    "diameter_in": null,
    "length_km": 145.7,
    "n_vertices": 8,
    "legend_class": "gas_uc_planned_proposed",
    "stroke_rgb": "#d7191f",
    "dashed": true,
    "source_map": "me2026",
    "source_file": "../energy-map-of-the-middle-east-2026-peregrine-bush.pdf",
    "source_page": 1,
    "source_title": "Energy Infrastructure Map of the Middle East, 2026 edition",
    "source_publisher": "Petroleum Economist / World Oil / Gulf Energy Information / Global Energy Infrastructure",
    "geometry_source": "stroke",
    "georef_order": 2,
    "georef_source": "map's own coastline vector registered to Natural Earth 10m coastline+lakes by trimmed ICP",
    "georef_insample_rmse_km": 0.97,
    "georef_holdout_layer": "ne_10m_admin_0_countries vs the map's own border strokes",
    "georef_holdout_median_km": 1.45,
    "georef_holdout_rmse_km": 1.6,
    "drawn_feature_offset_median_km": 3.06,
    "accuracy_tier": "medium"
   },
   "geometry": {
    "type": "LineString",
    "coordinates": [
     [
      53.210411,
      25.198655
     ],
     [
      52.892024,
      25.12047
     ],
     [
      52.821651,
      24.918478
     ],
     [
      52.740612,
      24.654587
     ],
     [
      52.70785,
      24.539995
     ],
     [
      52.698373,
      24.512427
     ],
     [
      52.698395,
      24.358501
     ],
     [
      52.722224,
      24.131566
     ]
    ]
   }
  },
  {
   "type": "Feature",
   "properties": {
    "id": "ME2026-0017",
    "commodity": "gas",
    "status_class": "uc_planned_proposed",
    "name": "Iran - Oman Project",
    "name_dist_pt": 0.2,
    "name_ambiguous": false,
    "name_confidence": "high",
    "commodity_conflict": null,
    "other_names": null,
    "diameter_in": "16",
    "length_km": 337.93,
    "n_vertices": 33,
    "legend_class": "gas_uc_planned_proposed",
    "stroke_rgb": "#d7191f",
    "dashed": true,
    "source_map": "me2026",
    "source_file": "../energy-map-of-the-middle-east-2026-peregrine-bush.pdf",
    "source_page": 1,
    "source_title": "Energy Infrastructure Map of the Middle East, 2026 edition",
    "source_publisher": "Petroleum Economist / World Oil / Gulf Energy Information / Global Energy Infrastructure",
    "geometry_source": "stroke",
    "georef_order": 2,
    "georef_source": "map's own coastline vector registered to Natural Earth 10m coastline+lakes by trimmed ICP",
    "georef_insample_rmse_km": 0.97,
    "georef_holdout_layer": "ne_10m_admin_0_countries vs the map's own border strokes",
    "georef_holdout_median_km": 1.45,
    "georef_holdout_rmse_km": 1.6,
    "drawn_feature_offset_median_km": 3.06,
    "accuracy_tier": "medium"
   },
   "geometry": {
    "type": "LineString",
    "coordinates": [
     [
      56.301348,
      25.137346
     ],
     [
      56.305576,
      25.105067
     ],
     [
      56.316796,
      25.018343
     ],
     [
      56.330597,
      24.936482
     ],
     [
      56.355338,
      24.871289
     ],
     [
      56.380358,
      24.82561
     ],
     [
      56.411427,
      24.723068
     ],
     [
      56.478734,
      24.646657
     ],
     [
      56.526196,
      24.573386
     ],
     [
      56.550066,
      24.540653
     ],
     [
      56.580273,
      24.519095
     ],
     [
      56.594074,
      24.50531
     ],
     [
      56.611668,
      24.476354
     ],
     [
      56.722491,
      24.918411
     ],
     [
      56.743469,
      25.31029
     ],
     [
      56.838991,
      25.451891
     ],
     [
      57.066791,
      25.619478
     ],
     [
      57.263631,
      25.784186
     ],
     [
      57.28294,
      25.82748
     ],
     [
      57.329256,
      25.842876
     ],
     [
      57.328372,
      25.852543
     ],
     [
      57.318697,
      25.913331
     ],
     [
      57.302758,
      25.981042
     ],
     [
      57.28779,
      26.055819
     ],
     [
      57.271061,
      26.100772
     ],
     [
      57.247293,
      26.156194
     ],
     [
      57.234966,
      26.21425
     ],
     [
      57.229692,
      26.275896
     ],
     [
      57.223531,
      26.321644
     ],
     [
      57.223539,
      26.369121
     ],
     [
      57.201516,
      26.411354
     ],
     [
      57.192338,
      26.452906
     ],
     [
      57.14698,
      26.513575
     ]
    ]
   }
  },
  {
   "type": "Feature",
   "properties": {
    "id": "ME2026-0018",
    "commodity": "gas",
    "status_class": "uc_planned_proposed",
    "name": null,
    "name_dist_pt": null,
    "name_ambiguous": null,
    "name_confidence": null,
    "commodity_conflict": null,
    "other_names": null,
    "diameter_in": null,
    "length_km": 34.01,
    "n_vertices": 6,
    "legend_class": "gas_uc_planned_proposed",
    "stroke_rgb": "#d7191f",
    "dashed": true,
    "source_map": "me2026",
    "source_file": "../energy-map-of-the-middle-east-2026-peregrine-bush.pdf",
    "source_page": 1,
    "source_title": "Energy Infrastructure Map of the Middle East, 2026 edition",
    "source_publisher": "Petroleum Economist / World Oil / Gulf Energy Information / Global Energy Infrastructure",
    "geometry_source": "stroke",
    "georef_order": 2,
    "georef_source": "map's own coastline vector registered to Natural Earth 10m coastline+lakes by trimmed ICP",
    "georef_insample_rmse_km": 0.97,
    "georef_holdout_layer": "ne_10m_admin_0_countries vs the map's own border strokes",
    "georef_holdout_median_km": 1.45,
    "georef_holdout_rmse_km": 1.6,
    "drawn_feature_offset_median_km": 3.06,
    "accuracy_tier": "medium"
   },
   "geometry": {
    "type": "LineString",
    "coordinates": [
     [
      45.941193,
      15.702118
     ],
     [
      45.870253,
      15.718464
     ],
     [
      45.830568,
      15.718464
     ],
     [
      45.767561,
      15.706794
     ],
     [
      45.704567,
      15.685789
     ],
     [
      45.631549,
      15.674772
     ]
    ]
   }
  },
  {
   "type": "Feature",
   "properties": {
    "id": "ME2026-0019",
    "commodity": "gas",
    "status_class": "uc_planned_proposed",
    "name": null,
    "name_dist_pt": null,
    "name_ambiguous": null,
    "name_confidence": null,
    "commodity_conflict": null,
    "other_names": null,
    "diameter_in": null,
    "length_km": 56.46,
    "n_vertices": 15,
    "legend_class": "gas_uc_planned_proposed",
    "stroke_rgb": "#d7191f",
    "dashed": true,
    "source_map": "me2026",
    "source_file": "../energy-map-of-the-middle-east-2026-peregrine-bush.pdf",
    "source_page": 1,
    "source_title": "Energy Infrastructure Map of the Middle East, 2026 edition",
    "source_publisher": "Petroleum Economist / World Oil / Gulf Energy Information / Global Energy Infrastructure",
    "geometry_source": "stroke",
    "georef_order": 2,
    "georef_source": "map's own coastline vector registered to Natural Earth 10m coastline+lakes by trimmed ICP",
    "georef_insample_rmse_km": 0.97,
    "georef_holdout_layer": "ne_10m_admin_0_countries vs the map's own border strokes",
    "georef_holdout_median_km": 1.45,
    "georef_holdout_rmse_km": 1.6,
    "drawn_feature_offset_median_km": 3.06,
    "accuracy_tier": "medium"
   },
   "geometry": {
    "type": "LineString",
    "coordinates": [
     [
      34.787859,
      31.14069
     ],
     [
      34.772429,
      31.096098
     ],
     [
      34.76546,
      31.047906
     ],
     [
      34.762375,
      31.027797
     ],
     [
      34.750788,
      30.99377
     ],
     [
      34.736125,
      30.969006
     ],
     [
      34.72145,
      30.945804
     ],
     [
      34.699839,
      30.939243
     ],
     [
      34.667441,
      30.946538
     ],
     [
      34.623207,
      30.939221
     ],
     [
      34.596269,
      30.919421
     ],
     [
      34.566094,
      30.891307
     ],
     [
      34.528282,
      30.879677
     ],
     [
      34.470156,
      30.871128
     ],
     [
      34.403044,
      30.847607
     ]
    ]
   }
  },
  {
   "type": "Feature",
   "properties": {
    "id": "ME2026-0020",
    "commodity": "gas",
    "status_class": "uc_planned_proposed",
    "name": "Master Gas System 3 (MGS 3)",
    "name_dist_pt": 0.2,
    "name_ambiguous": false,
    "name_confidence": "high",
    "commodity_conflict": null,
    "other_names": "Master Gas System 3 (MGS 3)",
    "diameter_in": "56",
    "length_km": 555.29,
    "n_vertices": 80,
    "legend_class": "gas_uc_planned_proposed",
    "stroke_rgb": "#d7191f",
    "dashed": true,
    "source_map": "me2026",
    "source_file": "../energy-map-of-the-middle-east-2026-peregrine-bush.pdf",
    "source_page": 1,
    "source_title": "Energy Infrastructure Map of the Middle East, 2026 edition",
    "source_publisher": "Petroleum Economist / World Oil / Gulf Energy Information / Global Energy Infrastructure",
    "geometry_source": "stroke",
    "georef_order": 2,
    "georef_source": "map's own coastline vector registered to Natural Earth 10m coastline+lakes by trimmed ICP",
    "georef_insample_rmse_km": 0.97,
    "georef_holdout_layer": "ne_10m_admin_0_countries vs the map's own border strokes",
    "georef_holdout_median_km": 1.45,
    "georef_holdout_rmse_km": 1.6,
    "drawn_feature_offset_median_km": 3.06,
    "accuracy_tier": "medium"
   },
   "geometry": {
    "type": "LineString",
    "coordinates": [
     [
      39.181647,
      21.396212
     ],
     [
      39.201123,
      21.390124
     ],
     [
      39.224636,
      21.380919
     ],
     [
      39.239995,
      21.340001
     ],
     [
      39.240039,
      21.281674
     ],
     [
      39.250303,
      21.222347
     ],
     [
      39.258559,
      21.119907
     ],
     [
      39.25858,
      21.093314
     ],
     [
      39.266791,
      21.051365
     ],
     [
      39.290351,
      20.982697
     ],
     [
      39.32013,
      20.94794
     ],
     [
      39.347826,
      20.920246
     ],
     [
      39.385593,
      20.881453
     ],
     [
      39.43266,
      20.814838
     ],
     [
      39.453126,
      20.781094
     ],
     [
      39.481771,
      20.746385
     ],
     [
      39.497245,
      20.730912
     ],
     [
      39.519735,
      20.705404
     ],
     [
      39.547371,
      20.649145
     ],
     [
      39.564769,
      20.616294
     ],
     [
      39.575985,
      20.653255
     ],
     [
      39.588219,
      20.685996
     ],
     [
      39.606038,
      20.743035
     ],
     [
      39.646139,
      20.778507
     ],
     [
      39.700253,
      20.829417
     ],
     [
      39.769756,
      20.899088
     ],
     [
      39.844586,
      21.01762
     ],
     [
      39.936123,
      21.108718
     ],
     [
      40.005683,
      21.124816
     ],
     [
      40.075241,
      21.146271
     ],
     [
      40.126706,
      21.162374
     ],
     [
      40.158799,
      21.171045
     ],
     [
      40.230995,
      21.254117
     ],
     [
      40.338622,
      21.313076
     ],
     [
      40.384062,
      21.394096
     ],
     [
      40.413436,
      21.474457
     ],
     [
      40.434792,
      21.54947
     ],
     [
      40.464185,
      21.603685
     ],
     [
      40.491533,
      21.681385
     ],
     [
      40.502192,
      21.748994
     ],
     [
      40.51016,
      21.829361
     ],
     [
      40.499392,
      21.925783
     ],
     [
      40.485966,
      22.004099
     ],
     [
      40.467156,
      22.113919
     ],
     [
      40.447748,
      22.197591
     ],
     [
      40.439617,
      22.353591
     ],
     [
      40.460938,
      22.500931
     ],
     [
      40.460882,
      22.598
     ],
     [
      40.480196,
      22.691775
     ],
     [
      40.506915,
      22.767423
     ],
     [
      40.506893,
      22.807613
     ],
     [
      40.49883,
      22.858504
     ],
     [
      40.485391,
      22.977001
     ],
     [
      40.509436,
      23.043978
     ],
     [
      40.509413,
      23.086841
     ],
     [
      40.477265,
      23.151753
     ],
     [
      40.466536,
      23.19997
     ],
     [
      40.477212,
      23.256227
     ],
     [
      40.506642,
      23.285713
     ],
     [
      40.545409,
      23.320681
     ],
     [
      40.581542,
      23.356882
     ],
     [
      40.616318,
      23.377468
     ],
     [
      40.651095,
      23.39624
     ],
     [
      40.694549,
      23.41233
     ],
     [
      40.734688,
      23.412344
     ],
     [
      40.772147,
      23.43379
     ],
     [
      40.809609,
      23.449878
     ],
     [
      40.844379,
      23.484723
     ],
     [
      40.830988,
      23.517496
     ],
     [
      40.814913,
      23.554984
     ],
     [
      40.814892,
      23.600534
     ],
     [
      40.822898,
      23.638031
     ],
     [
      40.84429,
      23.680915
     ],
     [
      40.879707,
      23.732453
     ],
     [
      40.938551,
      23.794098
     ],
     [
      40.965274,
      23.891183
     ],
     [
      40.986662,
      23.95013
     ],
     [
      41.008065,
      23.971571
     ],
     [
      41.018758,
      24.003724
     ],
     [
      41.029052,
      24.067493
     ]
    ]
   }
  },
  {
   "type": "Feature",
   "properties": {
    "id": "ME2026-0021",
    "commodity": "gas",
    "status_class": "uc_planned_proposed",
    "name": "IGAT 11",
    "name_dist_pt": 0.2,
    "name_ambiguous": false,
    "name_confidence": "high",
    "commodity_conflict": null,
    "other_names": null,
    "diameter_in": "56",
    "length_km": 585.63,
    "n_vertices": 107,
    "legend_class": "gas_uc_planned_proposed",
    "stroke_rgb": "#d7191f",
    "dashed": true,
    "source_map": "me2026",
    "source_file": "../energy-map-of-the-middle-east-2026-peregrine-bush.pdf",
    "source_page": 1,
    "source_title": "Energy Infrastructure Map of the Middle East, 2026 edition",
    "source_publisher": "Petroleum Economist / World Oil / Gulf Energy Information / Global Energy Infrastructure",
    "geometry_source": "stroke",
    "georef_order": 2,
    "georef_source": "map's own coastline vector registered to Natural Earth 10m coastline+lakes by trimmed ICP",
    "georef_insample_rmse_km": 0.97,
    "georef_holdout_layer": "ne_10m_admin_0_countries vs the map's own border strokes",
    "georef_holdout_median_km": 1.45,
    "georef_holdout_rmse_km": 1.6,
    "drawn_feature_offset_median_km": 3.06,
    "accuracy_tier": "medium"
   },
   "geometry": {
    "type": "LineString",
    "coordinates": [
     [
      48.629384,
      31.234713
     ],
     [
      48.529761,
      31.404833
     ],
     [
      48.45076,
      31.511319
     ],
     [
      48.320873,
      31.667593
     ],
     [
      48.138519,
      31.870084
     ],
     [
      47.997405,
      32.030059
     ],
     [
      47.875932,
      32.167444
     ],
     [
      47.792361,
      32.256637
     ],
     [
      47.696056,
      32.351141
     ],
     [
      47.599503,
      32.435758
     ],
     [
      47.513705,
      32.515682
     ],
     [
      47.460619,
      32.554601
     ],
     [
      47.429135,
      32.584242
     ],
     [
      47.389375,
      32.613265
     ],
     [
      47.338754,
      32.645638
     ],
     [
      47.27825,
      32.679607
     ],
     [
      47.195878,
      32.721606
     ],
     [
      47.145876,
      32.754946
     ],
     [
      47.115022,
      32.782748
     ],
     [
      47.086618,
      32.802504
     ],
     [
      47.024035,
      32.867606
     ],
     [
      46.969106,
      32.90961
     ],
     [
      46.930239,
      32.962108
     ],
     [
      46.869738,
      33.010281
     ],
     [
      46.813339,
      33.073533
     ],
     [
      46.773211,
      33.103802
     ],
     [
      46.742977,
      33.132208
     ],
     [
      46.718917,
      33.1668
     ],
     [
      46.722027,
      33.198311
     ],
     [
      46.729458,
      33.218086
     ],
     [
      46.73256,
      33.239953
     ],
     [
      46.741222,
      33.254778
     ],
     [
      46.734439,
      33.27455
     ],
     [
      46.736927,
      33.300495
     ],
     [
      46.742854,
      33.314085
     ],
     [
      46.742863,
      33.325206
     ],
     [
      46.742868,
      33.332624
     ],
     [
      46.718433,
      33.33447
     ],
     [
      46.677054,
      33.34188
     ],
     [
      46.631124,
      33.362248
     ],
     [
      46.568757,
      33.385275
     ],
     [
      46.498991,
      33.412886
     ],
     [
      46.454306,
      33.444629
     ],
     [
      46.440741,
      33.468707
     ],
     [
      46.422221,
      33.484785
     ],
     [
      46.391982,
      33.503305
     ],
     [
      46.372855,
      33.530479
     ],
     [
      46.364844,
      33.555817
     ],
     [
      46.361775,
      33.575578
     ],
     [
      46.367362,
      33.603375
     ],
     [
      46.352541,
      33.614129
     ],
     [
      46.322912,
      33.624614
     ],
     [
      46.297616,
      33.651182
     ],
     [
      46.292078,
      33.683309
     ],
     [
      46.300139,
      33.717279
     ],
     [
      46.313744,
      33.742005
     ],
     [
      46.342781,
      33.761773
     ],
     [
      46.357629,
      33.782167
     ],
     [
      46.372485,
      33.81269
     ],
     [
      46.385462,
      33.837403
     ],
     [
      46.402793,
      33.87509
     ],
     [
      46.415172,
      33.907839
     ],
     [
      46.433732,
      33.939355
     ],
     [
      46.463022,
      33.970874
     ],
     [
      46.488388,
      34.010862
     ],
     [
      46.516211,
      34.050827
     ],
     [
      46.550221,
      34.097788
     ],
     [
      46.586682,
      34.123742
     ],
     [
      46.612638,
      34.14599
     ],
     [
      46.636739,
      34.162054
     ],
     [
      46.652196,
      34.185534
     ],
     [
      46.6568,
      34.206798
     ],
     [
      46.677828,
      34.249424
     ],
     [
      46.712435,
      34.271057
     ],
     [
      46.748881,
      34.279717
     ],
     [
      46.804479,
      34.289617
     ],
     [
      46.877625,
      34.30384
     ],
     [
      46.93383,
      34.314356
     ],
     [
      46.983868,
      34.314366
     ],
     [
      46.994375,
      34.334143
     ],
     [
      46.986395,
      34.378626
     ],
     [
      46.974081,
      34.419031
     ],
     [
      46.956833,
      34.475239
     ],
     [
      46.936509,
      34.527744
     ],
     [
      46.913087,
      34.57928
     ],
     [
      46.879156,
      34.621895
     ],
     [
      46.860678,
      34.667611
     ],
     [
      46.861933,
      34.702827
     ],
     [
      46.871863,
      34.749784
     ],
     [
      46.883635,
      34.787726
     ],
     [
      46.892932,
      34.818624
     ],
     [
      46.905327,
      34.861866
     ],
     [
      46.917094,
      34.893999
     ],
     [
      46.910339,
      34.938484
     ],
     [
      46.930149,
      34.980119
     ],
     [
      46.941286,
      34.999279
     ],
     [
      46.934512,
      35.024001
     ],
     [
      46.916055,
      35.089481
     ],
     [
      46.904972,
      35.124078
     ],
     [
      46.903153,
      35.156208
     ],
     [
      46.926656,
      35.187969
     ],
     [
      46.950773,
      35.215773
     ],
     [
      46.960672,
      35.229983
     ],
     [
      46.970584,
      35.257178
     ],
     [
      46.966905,
      35.279421
     ],
     [
      46.964453,
      35.307219
     ],
     [
      46.988311,
      35.318286
     ]
    ]
   }
  },
  {
   "type": "Feature",
   "properties": {
    "id": "ME2026-0022",
    "commodity": "gas",
    "status_class": "uc_planned_proposed",
    "name": "IGAT 11",
    "name_dist_pt": 0.2,
    "name_ambiguous": false,
    "name_confidence": "high",
    "commodity_conflict": null,
    "other_names": null,
    "diameter_in": "56",
    "length_km": 604.17,
    "n_vertices": 87,
    "legend_class": "gas_uc_planned_proposed",
    "stroke_rgb": "#d7191f",
    "dashed": true,
    "source_map": "me2026",
    "source_file": "../energy-map-of-the-middle-east-2026-peregrine-bush.pdf",
    "source_page": 1,
    "source_title": "Energy Infrastructure Map of the Middle East, 2026 edition",
    "source_publisher": "Petroleum Economist / World Oil / Gulf Energy Information / Global Energy Infrastructure",
    "geometry_source": "stroke",
    "georef_order": 2,
    "georef_source": "map's own coastline vector registered to Natural Earth 10m coastline+lakes by trimmed ICP",
    "georef_insample_rmse_km": 0.97,
    "georef_holdout_layer": "ne_10m_admin_0_countries vs the map's own border strokes",
    "georef_holdout_median_km": 1.45,
    "georef_holdout_rmse_km": 1.6,
    "drawn_feature_offset_median_km": 3.06,
    "accuracy_tier": "medium"
   },
   "geometry": {
    "type": "LineString",
    "coordinates": [
     [
      46.965073,
      35.309724
     ],
     [
      46.976677,
      35.357712
     ],
     [
      46.970293,
      35.384867
     ],
     [
      46.962899,
      35.440366
     ],
     [
      46.976828,
      35.50163
     ],
     [
      47.010385,
      35.543257
     ],
     [
      47.056646,
      35.561772
     ],
     [
      47.085544,
      35.578552
     ],
     [
      47.105788,
      35.592982
     ],
     [
      47.113916,
      35.624208
     ],
     [
      47.112211,
      35.658881
     ],
     [
      47.095516,
      35.704539
     ],
     [
      47.053957,
      35.749054
     ],
     [
      47.037225,
      35.783155
     ],
     [
      47.037287,
      35.839213
     ],
     [
      47.0466,
      35.891812
     ],
     [
      47.034475,
      35.911463
     ],
     [
      47.010234,
      35.938059
     ],
     [
      46.986599,
      35.986027
     ],
     [
      46.88845,
      36.056513
     ],
     [
      46.756774,
      36.122379
     ],
     [
      46.694952,
      36.122364
     ],
     [
      46.645839,
      36.126394
     ],
     [
      46.591549,
      36.141411
     ],
     [
      46.531488,
      36.167416
     ],
     [
      46.494533,
      36.191104
     ],
     [
      46.425191,
      36.192247
     ],
     [
      46.361075,
      36.203207
     ],
     [
      46.278494,
      36.230924
     ],
     [
      46.239815,
      36.269642
     ],
     [
      46.205785,
      36.321661
     ],
     [
      46.173495,
      36.372519
     ],
     [
      46.169548,
      36.453435
     ],
     [
      46.171987,
      36.563848
     ],
     [
      46.181307,
      36.630318
     ],
     [
      46.169225,
      36.673666
     ],
     [
      46.145607,
      36.74072
     ],
     [
      46.119722,
      36.834352
     ],
     [
      46.092685,
      36.923953
     ],
     [
      46.081787,
      36.985214
     ],
     [
      46.054152,
      37.079415
     ],
     [
      46.035784,
      37.173061
     ],
     [
      46.016248,
      37.261492
     ],
     [
      46.006491,
      37.313519
     ],
     [
      45.992114,
      37.366696
     ],
     [
      45.97416,
      37.374485
     ],
     [
      45.938435,
      37.400786
     ],
     [
      45.901491,
      37.428515
     ],
     [
      45.855329,
      37.475327
     ],
     [
      45.821324,
      37.540637
     ],
     [
      45.809264,
      37.596707
     ],
     [
      45.810505,
      37.668382
     ],
     [
      45.781685,
      37.719255
     ],
     [
      45.718251,
      37.802456
     ],
     [
      45.66692,
      37.880493
     ],
     [
      45.555639,
      38.038828
     ],
     [
      45.550491,
      38.078731
     ],
     [
      45.537832,
      38.109941
     ],
     [
      45.502628,
      38.133628
     ],
     [
      45.475497,
      38.160791
     ],
     [
      45.430498,
      38.204118
     ],
     [
      45.396882,
      38.238432
     ],
     [
      45.353176,
      38.271169
     ],
     [
      45.29136,
      38.274609
     ],
     [
      45.220301,
      38.267637
     ],
     [
      45.138832,
      38.253158
     ],
     [
      45.051778,
      38.249254
     ],
     [
      45.00191,
      38.249067
     ],
     [
      44.919903,
      38.264651
     ],
     [
      44.889954,
      38.334004
     ],
     [
      44.891796,
      38.407992
     ],
     [
      44.909245,
      38.502236
     ],
     [
      44.926653,
      38.557736
     ],
     [
      44.914621,
      38.628828
     ],
     [
      44.88876,
      38.722475
     ],
     [
      44.898632,
      38.758899
     ],
     [
      44.914357,
      38.846195
     ],
     [
      44.916696,
      39.027218
     ],
     [
      44.896835,
      39.118873
     ],
     [
      44.862903,
      39.148187
     ],
     [
      44.605558,
      39.225747
     ],
     [
      44.566935,
      39.229738
     ],
     [
      44.520656,
      39.242381
     ],
     [
      44.412765,
      39.259005
     ],
     [
      44.35356,
      39.312988
     ],
     [
      44.346971,
      39.364306
     ],
     [
      44.386085,
      39.406576
     ]
    ]
   }
  },
  {
   "type": "Feature",
   "properties": {
    "id": "ME2026-0023",
    "commodity": "gas",
    "status_class": "uc_planned_proposed",
    "name": null,
    "name_dist_pt": null,
    "name_ambiguous": null,
    "name_confidence": null,
    "commodity_conflict": null,
    "other_names": null,
    "diameter_in": null,
    "length_km": 159.52,
    "n_vertices": 5,
    "legend_class": "gas_uc_planned_proposed",
    "stroke_rgb": "#d7191f",
    "dashed": true,
    "source_map": "me2026",
    "source_file": "../energy-map-of-the-middle-east-2026-peregrine-bush.pdf",
    "source_page": 1,
    "source_title": "Energy Infrastructure Map of the Middle East, 2026 edition",
    "source_publisher": "Petroleum Economist / World Oil / Gulf Energy Information / Global Energy Infrastructure",
    "geometry_source": "stroke",
    "georef_order": 2,
    "georef_source": "map's own coastline vector registered to Natural Earth 10m coastline+lakes by trimmed ICP",
    "georef_insample_rmse_km": 0.97,
    "georef_holdout_layer": "ne_10m_admin_0_countries vs the map's own border strokes",
    "georef_holdout_median_km": 1.45,
    "georef_holdout_rmse_km": 1.6,
    "drawn_feature_offset_median_km": 3.06,
    "accuracy_tier": "medium"
   },
   "geometry": {
    "type": "LineString",
    "coordinates": [
     [
      48.359215,
      28.742601
     ],
     [
      48.42963,
      28.717985
     ],
     [
      49.102562,
      28.941549
     ],
     [
      48.575561,
      28.462311
     ],
     [
      48.533945,
      28.400798
     ]
    ]
   }
  },
  {
   "type": "Feature",
   "properties": {
    "id": "ME2026-0024",
    "commodity": "gas",
    "status_class": "uc_planned_proposed",
    "name": null,
    "name_dist_pt": null,
    "name_ambiguous": null,
    "name_confidence": null,
    "commodity_conflict": null,
    "other_names": null,
    "diameter_in": null,
    "length_km": 92.55,
    "n_vertices": 4,
    "legend_class": "gas_uc_planned_proposed",
    "stroke_rgb": "#d7191f",
    "dashed": true,
    "source_map": "me2026",
    "source_file": "../energy-map-of-the-middle-east-2026-peregrine-bush.pdf",
    "source_page": 1,
    "source_title": "Energy Infrastructure Map of the Middle East, 2026 edition",
    "source_publisher": "Petroleum Economist / World Oil / Gulf Energy Information / Global Energy Infrastructure",
    "geometry_source": "stroke",
    "georef_order": 2,
    "georef_source": "map's own coastline vector registered to Natural Earth 10m coastline+lakes by trimmed ICP",
    "georef_insample_rmse_km": 0.97,
    "georef_holdout_layer": "ne_10m_admin_0_countries vs the map's own border strokes",
    "georef_holdout_median_km": 1.45,
    "georef_holdout_rmse_km": 1.6,
    "drawn_feature_offset_median_km": 3.06,
    "accuracy_tier": "medium"
   },
   "geometry": {
    "type": "LineString",
    "coordinates": [
     [
      47.058624,
      30.492626
     ],
     [
      47.201505,
      30.918049
     ],
     [
      47.30293,
      30.977329
     ],
     [
      47.600272,
      31.105123
     ]
    ]
   }
  },
  {
   "type": "Feature",
   "properties": {
    "id": "ME2026-0025",
    "commodity": "gas",
    "status_class": "uc_planned_proposed",
    "name": null,
    "name_dist_pt": null,
    "name_ambiguous": null,
    "name_confidence": null,
    "commodity_conflict": null,
    "other_names": null,
    "diameter_in": null,
    "length_km": 277.95,
    "n_vertices": 24,
    "legend_class": "gas_uc_planned_proposed",
    "stroke_rgb": "#d7191f",
    "dashed": true,
    "source_map": "me2026",
    "source_file": "../energy-map-of-the-middle-east-2026-peregrine-bush.pdf",
    "source_page": 1,
    "source_title": "Energy Infrastructure Map of the Middle East, 2026 edition",
    "source_publisher": "Petroleum Economist / World Oil / Gulf Energy Information / Global Energy Infrastructure",
    "geometry_source": "stroke",
    "georef_order": 2,
    "georef_source": "map's own coastline vector registered to Natural Earth 10m coastline+lakes by trimmed ICP",
    "georef_insample_rmse_km": 0.97,
    "georef_holdout_layer": "ne_10m_admin_0_countries vs the map's own border strokes",
    "georef_holdout_median_km": 1.45,
    "georef_holdout_rmse_km": 1.6,
    "drawn_feature_offset_median_km": 3.06,
    "accuracy_tier": "medium"
   },
   "geometry": {
    "type": "LineString",
    "coordinates": [
     [
      56.533545,
      22.340054
     ],
     [
      56.53783,
      22.39075
     ],
     [
      56.263273,
      23.259481
     ],
     [
      56.227492,
      23.339022
     ],
     [
      56.215942,
      23.417356
     ],
     [
      56.19402,
      23.447305
     ],
     [
      56.194012,
      23.488823
     ],
     [
      56.179011,
      23.503805
     ],
     [
      56.125879,
      23.684716
     ],
     [
      56.103943,
      23.730791
     ],
     [
      56.082022,
      23.761901
     ],
     [
      56.049709,
      23.862116
     ],
     [
      56.023169,
      23.918621
     ],
     [
      56.041622,
      23.988877
     ],
     [
      56.086592,
      24.087976
     ],
     [
      56.177764,
      24.140932
     ],
     [
      56.303493,
      24.176587
     ],
     [
      56.320805,
      24.185799
     ],
     [
      56.354304,
      24.189247
     ],
     [
      56.393521,
      24.197289
     ],
     [
      56.426969,
      24.230679
     ],
     [
      56.507727,
      24.298663
     ],
     [
      56.605822,
      24.396582
     ],
     [
      56.614103,
      24.481361
     ]
    ]
   }
  },
  {
   "type": "Feature",
   "properties": {
    "id": "ME2026-0026",
    "commodity": "gas",
    "status_class": "uc_planned_proposed",
    "name": null,
    "name_dist_pt": null,
    "name_ambiguous": null,
    "name_confidence": null,
    "commodity_conflict": null,
    "other_names": null,
    "diameter_in": null,
    "length_km": 316.59,
    "n_vertices": 35,
    "legend_class": "gas_uc_planned_proposed",
    "stroke_rgb": "#d7191f",
    "dashed": true,
    "source_map": "me2026",
    "source_file": "../energy-map-of-the-middle-east-2026-peregrine-bush.pdf",
    "source_page": 1,
    "source_title": "Energy Infrastructure Map of the Middle East, 2026 edition",
    "source_publisher": "Petroleum Economist / World Oil / Gulf Energy Information / Global Energy Infrastructure",
    "geometry_source": "stroke",
    "georef_order": 2,
    "georef_source": "map's own coastline vector registered to Natural Earth 10m coastline+lakes by trimmed ICP",
    "georef_insample_rmse_km": 0.97,
    "georef_holdout_layer": "ne_10m_admin_0_countries vs the map's own border strokes",
    "georef_holdout_median_km": 1.45,
    "georef_holdout_rmse_km": 1.6,
    "drawn_feature_offset_median_km": 3.06,
    "accuracy_tier": "medium"
   },
   "geometry": {
    "type": "LineString",
    "coordinates": [
     [
      55.674399,
      25.324328
     ],
     [
      55.667408,
      25.297291
     ],
     [
      55.65224,
      25.226666
     ],
     [
      55.65224,
      25.170543
     ],
     [
      55.678105,
      25.081396
     ],
     [
      55.68168,
      25.002794
     ],
     [
      55.716476,
      24.872717
     ],
     [
      55.745917,
      24.789606
     ],
     [
      55.717365,
      24.751314
     ],
     [
      55.707556,
      24.686279
     ],
     [
      55.650475,
      24.663142
     ],
     [
      55.527126,
      24.544442
     ],
     [
      55.497691,
      24.52397
     ],
     [
      55.428111,
      24.506172
     ],
     [
      55.322617,
      24.472356
     ],
     [
      55.266412,
      24.459005
     ],
     [
      55.230738,
      24.459016
     ],
     [
      55.190608,
      24.453427
     ],
     [
      55.165376,
      24.453435
     ],
     [
      55.136826,
      24.445423
     ],
     [
      54.989662,
      24.372422
     ],
     [
      54.895762,
      24.290501
     ],
     [
      54.870799,
      24.280262
     ],
     [
      54.841367,
      24.270919
     ],
     [
      54.828879,
      24.268249
     ],
     [
      54.817279,
      24.243053
     ],
     [
      54.817283,
      24.207426
     ],
     [
      54.734986,
      24.166476
     ],
     [
      54.531383,
      24.173659
     ],
     [
      54.359894,
      24.180832
     ],
     [
      54.255552,
      24.122067
     ],
     [
      54.234156,
      24.090897
     ],
     [
      54.140282,
      24.028307
     ],
     [
      53.801791,
      23.96158
     ],
     [
      53.623201,
      23.852011
     ]
    ]
   }
  },
  {
   "type": "Feature",
   "properties": {
    "id": "ME2026-0027",
    "commodity": "gas",
    "status_class": "uc_planned_proposed",
    "name": null,
    "name_dist_pt": null,
    "name_ambiguous": null,
    "name_confidence": null,
    "commodity_conflict": null,
    "other_names": null,
    "diameter_in": null,
    "length_km": 53.41,
    "n_vertices": 3,
    "legend_class": "gas_uc_planned_proposed",
    "stroke_rgb": "#d7191f",
    "dashed": true,
    "source_map": "me2026",
    "source_file": "../energy-map-of-the-middle-east-2026-peregrine-bush.pdf",
    "source_page": 1,
    "source_title": "Energy Infrastructure Map of the Middle East, 2026 edition",
    "source_publisher": "Petroleum Economist / World Oil / Gulf Energy Information / Global Energy Infrastructure",
    "geometry_source": "stroke",
    "georef_order": 2,
    "georef_source": "map's own coastline vector registered to Natural Earth 10m coastline+lakes by trimmed ICP",
    "georef_insample_rmse_km": 0.97,
    "georef_holdout_layer": "ne_10m_admin_0_countries vs the map's own border strokes",
    "georef_holdout_median_km": 1.45,
    "georef_holdout_rmse_km": 1.6,
    "drawn_feature_offset_median_km": 3.06,
    "accuracy_tier": "medium"
   },
   "geometry": {
    "type": "LineString",
    "coordinates": [
     [
      52.591973,
      24.674599
     ],
     [
      53.014185,
      24.823293
     ],
     [
      53.069482,
      24.870317
     ]
    ]
   }
  },
  {
   "type": "Feature",
   "properties": {
    "id": "ME2026-0028",
    "commodity": "gas",
    "status_class": "uc_planned_proposed",
    "name": null,
    "name_dist_pt": null,
    "name_ambiguous": null,
    "name_confidence": null,
    "commodity_conflict": null,
    "other_names": null,
    "diameter_in": null,
    "length_km": 87.54,
    "n_vertices": 5,
    "legend_class": "gas_uc_planned_proposed",
    "stroke_rgb": "#d7191f",
    "dashed": true,
    "source_map": "me2026",
    "source_file": "../energy-map-of-the-middle-east-2026-peregrine-bush.pdf",
    "source_page": 1,
    "source_title": "Energy Infrastructure Map of the Middle East, 2026 edition",
    "source_publisher": "Petroleum Economist / World Oil / Gulf Energy Information / Global Energy Infrastructure",
    "geometry_source": "stroke",
    "georef_order": 2,
    "georef_source": "map's own coastline vector registered to Natural Earth 10m coastline+lakes by trimmed ICP",
    "georef_insample_rmse_km": 0.97,
    "georef_holdout_layer": "ne_10m_admin_0_countries vs the map's own border strokes",
    "georef_holdout_median_km": 1.45,
    "georef_holdout_rmse_km": 1.6,
    "drawn_feature_offset_median_km": 3.06,
    "accuracy_tier": "medium"
   },
   "geometry": {
    "type": "LineString",
    "coordinates": [
     [
      53.666804,
      24.90249
     ],
     [
      53.438497,
      24.899177
     ],
     [
      53.108945,
      25.031086
     ],
     [
      52.891176,
      25.118051
     ],
     [
      52.869234,
      25.149654
     ]
    ]
   }
  },
  {
   "type": "Feature",
   "properties": {
    "id": "ME2026-0029",
    "commodity": "gas",
    "status_class": "uc_planned_proposed",
    "name": null,
    "name_dist_pt": null,
    "name_ambiguous": null,
    "name_confidence": null,
    "commodity_conflict": null,
    "other_names": null,
    "diameter_in": null,
    "length_km": 9.0,
    "n_vertices": 4,
    "legend_class": "gas_uc_planned_proposed",
    "stroke_rgb": "#d7191f",
    "dashed": true,
    "source_map": "me2026",
    "source_file": "../energy-map-of-the-middle-east-2026-peregrine-bush.pdf",
    "source_page": 1,
    "source_title": "Energy Infrastructure Map of the Middle East, 2026 edition",
    "source_publisher": "Petroleum Economist / World Oil / Gulf Energy Information / Global Energy Infrastructure",
    "geometry_source": "stroke",
    "georef_order": 2,
    "georef_source": "map's own coastline vector registered to Natural Earth 10m coastline+lakes by trimmed ICP",
    "georef_insample_rmse_km": 0.97,
    "georef_holdout_layer": "ne_10m_admin_0_countries vs the map's own border strokes",
    "georef_holdout_median_km": 1.45,
    "georef_holdout_rmse_km": 1.6,
    "drawn_feature_offset_median_km": 3.06,
    "accuracy_tier": "medium"
   },
   "geometry": {
    "type": "LineString",
    "coordinates": [
     [
      56.310949,
      23.358165
     ],
     [
      56.274898,
      23.338847
     ],
     [
      56.248863,
      23.336219
     ],
     [
      56.228752,
      23.336227
     ]
    ]
   }
  },
  {
   "type": "Feature",
   "properties": {
    "id": "ME2026-0030",
    "commodity": "gas",
    "status_class": "uc_planned_proposed",
    "name": null,
    "name_dist_pt": null,
    "name_ambiguous": null,
    "name_confidence": null,
    "commodity_conflict": null,
    "other_names": null,
    "diameter_in": null,
    "length_km": 55.12,
    "n_vertices": 6,
    "legend_class": "gas_uc_planned_proposed",
    "stroke_rgb": "#d7191f",
    "dashed": true,
    "source_map": "me2026",
    "source_file": "../energy-map-of-the-middle-east-2026-peregrine-bush.pdf",
    "source_page": 1,
    "source_title": "Energy Infrastructure Map of the Middle East, 2026 edition",
    "source_publisher": "Petroleum Economist / World Oil / Gulf Energy Information / Global Energy Infrastructure",
    "geometry_source": "stroke",
    "georef_order": 2,
    "georef_source": "map's own coastline vector registered to Natural Earth 10m coastline+lakes by trimmed ICP",
    "georef_insample_rmse_km": 0.97,
    "georef_holdout_layer": "ne_10m_admin_0_countries vs the map's own border strokes",
    "georef_holdout_median_km": 1.45,
    "georef_holdout_rmse_km": 1.6,
    "drawn_feature_offset_median_km": 3.06,
    "accuracy_tier": "medium"
   },
   "geometry": {
    "type": "LineString",
    "coordinates": [
     [
      47.94462,
      28.627702
     ],
     [
      47.906633,
      28.686994
     ],
     [
      47.868625,
      28.711902
     ],
     [
      47.795503,
      28.725373
     ],
     [
      47.652878,
      28.911933
     ],
     [
      47.65748,
      29.008604
     ]
    ]
   }
  },
  {
   "type": "Feature",
   "properties": {
    "id": "ME2026-0031",
    "commodity": "gas",
    "status_class": "uc_planned_proposed",
    "name": null,
    "name_dist_pt": null,
    "name_ambiguous": null,
    "name_confidence": null,
    "commodity_conflict": null,
    "other_names": null,
    "diameter_in": null,
    "length_km": 28.0,
    "n_vertices": 6,
    "legend_class": "gas_uc_planned_proposed",
    "stroke_rgb": "#d7191f",
    "dashed": true,
    "source_map": "me2026",
    "source_file": "../energy-map-of-the-middle-east-2026-peregrine-bush.pdf",
    "source_page": 1,
    "source_title": "Energy Infrastructure Map of the Middle East, 2026 edition",
    "source_publisher": "Petroleum Economist / World Oil / Gulf Energy Information / Global Energy Infrastructure",
    "geometry_source": "stroke",
    "georef_order": 2,
    "georef_source": "map's own coastline vector registered to Natural Earth 10m coastline+lakes by trimmed ICP",
    "georef_insample_rmse_km": 0.97,
    "georef_holdout_layer": "ne_10m_admin_0_countries vs the map's own border strokes",
    "georef_holdout_median_km": 1.45,
    "georef_holdout_rmse_km": 1.6,
    "drawn_feature_offset_median_km": 3.06,
    "accuracy_tier": "medium"
   },
   "geometry": {
    "type": "LineString",
    "coordinates": [
     [
      47.866751,
      30.019051
     ],
     [
      47.878422,
      29.979294
     ],
     [
      47.92285,
      29.951228
     ],
     [
      47.906465,
      29.914964
     ],
     [
      47.817566,
      29.868723
     ],
     [
      47.788591,
      29.845126
     ]
    ]
   }
  },
  {
   "type": "Feature",
   "properties": {
    "id": "ME2026-0032",
    "commodity": "gas",
    "status_class": "uc_planned_proposed",
    "name": null,
    "name_dist_pt": null,
    "name_ambiguous": null,
    "name_confidence": null,
    "commodity_conflict": null,
    "other_names": null,
    "diameter_in": null,
    "length_km": 147.49,
    "n_vertices": 12,
    "legend_class": "gas_uc_planned_proposed",
    "stroke_rgb": "#d7191f",
    "dashed": true,
    "source_map": "me2026",
    "source_file": "../energy-map-of-the-middle-east-2026-peregrine-bush.pdf",
    "source_page": 1,
    "source_title": "Energy Infrastructure Map of the Middle East, 2026 edition",
    "source_publisher": "Petroleum Economist / World Oil / Gulf Energy Information / Global Energy Infrastructure",
    "geometry_source": "stroke",
    "georef_order": 2,
    "georef_source": "map's own coastline vector registered to Natural Earth 10m coastline+lakes by trimmed ICP",
    "georef_insample_rmse_km": 0.97,
    "georef_holdout_layer": "ne_10m_admin_0_countries vs the map's own border strokes",
    "georef_holdout_median_km": 1.45,
    "georef_holdout_rmse_km": 1.6,
    "drawn_feature_offset_median_km": 3.06,
    "accuracy_tier": "medium"
   },
   "geometry": {
    "type": "LineString",
    "coordinates": [
     [
      52.759581,
      25.417856
     ],
     [
      52.441431,
      25.442857
     ],
     [
      52.407044,
      25.468885
     ],
     [
      52.396621,
      25.433863
     ],
     [
      52.293902,
      25.395602
     ],
     [
      51.725088,
      25.203249
     ],
     [
      51.701617,
      25.167516
     ],
     [
      51.658778,
      25.110578
     ],
     [
      51.610066,
      25.085676
     ],
     [
      51.582809,
      25.020874
     ],
     [
      51.57946,
      24.977324
     ],
     [
      51.569501,
      24.941045
     ]
    ]
   }
  },
  {
   "type": "Feature",
   "properties": {
    "id": "ME2026-0033",
    "commodity": "gas",
    "status_class": "uc_planned_proposed",
    "name": null,
    "name_dist_pt": null,
    "name_ambiguous": null,
    "name_confidence": null,
    "commodity_conflict": null,
    "other_names": null,
    "diameter_in": null,
    "length_km": 75.73,
    "n_vertices": 3,
    "legend_class": "gas_uc_planned_proposed",
    "stroke_rgb": "#d7191f",
    "dashed": true,
    "source_map": "me2026",
    "source_file": "../energy-map-of-the-middle-east-2026-peregrine-bush.pdf",
    "source_page": 1,
    "source_title": "Energy Infrastructure Map of the Middle East, 2026 edition",
    "source_publisher": "Petroleum Economist / World Oil / Gulf Energy Information / Global Energy Infrastructure",
    "geometry_source": "stroke",
    "georef_order": 2,
    "georef_source": "map's own coastline vector registered to Natural Earth 10m coastline+lakes by trimmed ICP",
    "georef_insample_rmse_km": 0.97,
    "georef_holdout_layer": "ne_10m_admin_0_countries vs the map's own border strokes",
    "georef_holdout_median_km": 1.45,
    "georef_holdout_rmse_km": 1.6,
    "drawn_feature_offset_median_km": 3.06,
    "accuracy_tier": "medium"
   },
   "geometry": {
    "type": "LineString",
    "coordinates": [
     [
      51.966856,
      26.484478
     ],
     [
      51.737379,
      26.196753
     ],
     [
      51.544773,
      25.917216
     ]
    ]
   }
  },
  {
   "type": "Feature",
   "properties": {
    "id": "ME2026-0034",
    "commodity": "gas",
    "status_class": "uc_planned_proposed",
    "name": null,
    "name_dist_pt": null,
    "name_ambiguous": null,
    "name_confidence": null,
    "commodity_conflict": null,
    "other_names": null,
    "diameter_in": null,
    "length_km": 836.85,
    "n_vertices": 46,
    "legend_class": "gas_uc_planned_proposed",
    "stroke_rgb": "#d7191f",
    "dashed": true,
    "source_map": "me2026",
    "source_file": "../energy-map-of-the-middle-east-2026-peregrine-bush.pdf",
    "source_page": 1,
    "source_title": "Energy Infrastructure Map of the Middle East, 2026 edition",
    "source_publisher": "Petroleum Economist / World Oil / Gulf Energy Information / Global Energy Infrastructure",
    "geometry_source": "stroke",
    "georef_order": 2,
    "georef_source": "map's own coastline vector registered to Natural Earth 10m coastline+lakes by trimmed ICP",
    "georef_insample_rmse_km": 0.97,
    "georef_holdout_layer": "ne_10m_admin_0_countries vs the map's own border strokes",
    "georef_holdout_median_km": 1.45,
    "georef_holdout_rmse_km": 1.6,
    "drawn_feature_offset_median_km": 3.06,
    "accuracy_tier": "medium"
   },
   "geometry": {
    "type": "LineString",
    "coordinates": [
     [
      48.838161,
      25.607288
     ],
     [
      48.886201,
      25.58607
     ],
     [
      49.040709,
      25.626657
     ],
     [
      49.373207,
      25.636707
     ],
     [
      49.396671,
      25.650098
     ],
     [
      49.482958,
      25.588279
     ],
     [
      49.556791,
      25.577135
     ],
     [
      49.647265,
      25.560378
     ],
     [
      49.756005,
      25.502319
     ],
     [
      50.211437,
      25.342237
     ],
     [
      49.941422,
      25.824661
     ],
     [
      49.90337,
      25.890679
     ],
     [
      49.893384,
      26.037206
     ],
     [
      49.825247,
      26.10533
     ],
     [
      49.666258,
      26.511287
     ],
     [
      49.366527,
      26.819291
     ],
     [
      49.367645,
      26.881523
     ],
     [
      49.212374,
      27.036753
     ],
     [
      49.077599,
      27.108892
     ],
     [
      49.139042,
      27.156922
     ],
     [
      49.171817,
      27.203089
     ],
     [
      49.098842,
      27.258921
     ],
     [
      48.97115,
      27.420103
     ],
     [
      48.89185,
      27.480399
     ],
     [
      48.750761,
      27.661687
     ],
     [
      48.721742,
      27.788259
     ],
     [
      48.801436,
      27.851912
     ],
     [
      48.865229,
      27.842925
     ],
     [
      48.801436,
      27.851912
     ],
     [
      48.721742,
      27.788259
     ],
     [
      48.750761,
      27.661687
     ],
     [
      48.89185,
      27.480399
     ],
     [
      48.97115,
      27.420103
     ],
     [
      49.098842,
      27.258921
     ],
     [
      49.171817,
      27.203089
     ],
     [
      49.139042,
      27.156922
     ],
     [
      49.077599,
      27.108892
     ],
     [
      49.212374,
      27.036753
     ],
     [
      49.367645,
      26.881523
     ],
     [
      49.366527,
      26.819291
     ],
     [
      49.666258,
      26.511287
     ],
     [
      49.825247,
      26.10533
     ],
     [
      49.893384,
      26.037206
     ],
     [
      49.90337,
      25.890679
     ],
     [
      49.941422,
      25.824661
     ],
     [
      50.211437,
      25.342237
     ]
    ]
   }
  },
  {
   "type": "Feature",
   "properties": {
    "id": "ME2026-0035",
    "commodity": "gas",
    "status_class": "uc_planned_proposed",
    "name": null,
    "name_dist_pt": null,
    "name_ambiguous": null,
    "name_confidence": null,
    "commodity_conflict": null,
    "other_names": null,
    "diameter_in": null,
    "length_km": 54.3,
    "n_vertices": 6,
    "legend_class": "gas_uc_planned_proposed",
    "stroke_rgb": "#d7191f",
    "dashed": true,
    "source_map": "me2026",
    "source_file": "../energy-map-of-the-middle-east-2026-peregrine-bush.pdf",
    "source_page": 1,
    "source_title": "Energy Infrastructure Map of the Middle East, 2026 edition",
    "source_publisher": "Petroleum Economist / World Oil / Gulf Energy Information / Global Energy Infrastructure",
    "geometry_source": "stroke",
    "georef_order": 2,
    "georef_source": "map's own coastline vector registered to Natural Earth 10m coastline+lakes by trimmed ICP",
    "georef_insample_rmse_km": 0.97,
    "georef_holdout_layer": "ne_10m_admin_0_countries vs the map's own border strokes",
    "georef_holdout_median_km": 1.45,
    "georef_holdout_rmse_km": 1.6,
    "drawn_feature_offset_median_km": 3.06,
    "accuracy_tier": "medium"
   },
   "geometry": {
    "type": "LineString",
    "coordinates": [
     [
      49.950447,
      26.5069
     ],
     [
      49.924694,
      26.711708
     ],
     [
      49.909051,
      26.780207
     ],
     [
      49.845381,
      26.805893
     ],
     [
      49.817071,
      26.786815
     ],
     [
      49.687493,
      26.814824
     ]
    ]
   }
  },
  {
   "type": "Feature",
   "properties": {
    "id": "ME2026-0036",
    "commodity": "gas",
    "status_class": "uc_planned_proposed",
    "name": null,
    "name_dist_pt": null,
    "name_ambiguous": null,
    "name_confidence": null,
    "commodity_conflict": null,
    "other_names": null,
    "diameter_in": null,
    "length_km": 94.62,
    "n_vertices": 5,
    "legend_class": "gas_uc_planned_proposed",
    "stroke_rgb": "#d7191f",
    "dashed": true,
    "source_map": "me2026",
    "source_file": "../energy-map-of-the-middle-east-2026-peregrine-bush.pdf",
    "source_page": 1,
    "source_title": "Energy Infrastructure Map of the Middle East, 2026 edition",
    "source_publisher": "Petroleum Economist / World Oil / Gulf Energy Information / Global Energy Infrastructure",
    "geometry_source": "stroke",
    "georef_order": 2,
    "georef_source": "map's own coastline vector registered to Natural Earth 10m coastline+lakes by trimmed ICP",
    "georef_insample_rmse_km": 0.97,
    "georef_holdout_layer": "ne_10m_admin_0_countries vs the map's own border strokes",
    "georef_holdout_median_km": 1.45,
    "georef_holdout_rmse_km": 1.6,
    "drawn_feature_offset_median_km": 3.06,
    "accuracy_tier": "medium"
   },
   "geometry": {
    "type": "LineString",
    "coordinates": [
     [
      50.187849,
      25.332222
     ],
     [
      49.917834,
      25.814657
     ],
     [
      49.87977,
      25.880663
     ],
     [
      49.869796,
      26.027202
     ],
     [
      49.801647,
      26.095326
     ]
    ]
   }
  },
  {
   "type": "Feature",
   "properties": {
    "id": "ME2026-0037",
    "commodity": "gas",
    "status_class": "uc_planned_proposed",
    "name": null,
    "name_dist_pt": null,
    "name_ambiguous": null,
    "name_confidence": null,
    "commodity_conflict": null,
    "other_names": null,
    "diameter_in": "20",
    "length_km": 214.01,
    "n_vertices": 14,
    "legend_class": "gas_uc_planned_proposed",
    "stroke_rgb": "#d7191f",
    "dashed": true,
    "source_map": "me2026",
    "source_file": "../energy-map-of-the-middle-east-2026-peregrine-bush.pdf",
    "source_page": 1,
    "source_title": "Energy Infrastructure Map of the Middle East, 2026 edition",
    "source_publisher": "Petroleum Economist / World Oil / Gulf Energy Information / Global Energy Infrastructure",
    "geometry_source": "stroke",
    "georef_order": 2,
    "georef_source": "map's own coastline vector registered to Natural Earth 10m coastline+lakes by trimmed ICP",
    "georef_insample_rmse_km": 0.97,
    "georef_holdout_layer": "ne_10m_admin_0_countries vs the map's own border strokes",
    "georef_holdout_median_km": 1.45,
    "georef_holdout_rmse_km": 1.6,
    "drawn_feature_offset_median_km": 3.06,
    "accuracy_tier": "medium"
   },
   "geometry": {
    "type": "LineString",
    "coordinates": [
     [
      57.685102,
      19.685647
     ],
     [
      57.684726,
      19.705702
     ],
     [
      57.617389,
      19.728765
     ],
     [
      57.601551,
      19.790097
     ],
     [
      57.575152,
      19.903905
     ],
     [
      57.533854,
      19.972278
     ],
     [
      57.482105,
      20.093973
     ],
     [
      57.423406,
      20.230707
     ],
     [
      57.428649,
      20.260073
     ],
     [
      57.439101,
      20.357621
     ],
     [
      57.378375,
      20.397094
     ],
     [
      57.295911,
      20.528445
     ],
     [
      57.114029,
      21.155576
     ],
     [
      57.026129,
      21.452445
     ]
    ]
   }
  },
  {
   "type": "Feature",
   "properties": {
    "id": "ME2026-0038",
    "commodity": "oil",
    "status_class": "uc_planned_proposed",
    "name": "Arab Gas Pipeline",
    "name_dist_pt": 22.0,
    "name_ambiguous": true,
    "name_confidence": "low",
    "commodity_conflict": true,
    "other_names": "Iraq-Jordan Oil Export (Hadithah-Aqaba)",
    "diameter_in": "30",
    "length_km": 982.05,
    "n_vertices": 94,
    "legend_class": "oil_uc_planned_proposed",
    "stroke_rgb": "#00922f",
    "dashed": true,
    "source_map": "me2026",
    "source_file": "../energy-map-of-the-middle-east-2026-peregrine-bush.pdf",
    "source_page": 1,
    "source_title": "Energy Infrastructure Map of the Middle East, 2026 edition",
    "source_publisher": "Petroleum Economist / World Oil / Gulf Energy Information / Global Energy Infrastructure",
    "geometry_source": "stroke",
    "georef_order": 2,
    "georef_source": "map's own coastline vector registered to Natural Earth 10m coastline+lakes by trimmed ICP",
    "georef_insample_rmse_km": 0.97,
    "georef_holdout_layer": "ne_10m_admin_0_countries vs the map's own border strokes",
    "georef_holdout_median_km": 1.45,
    "georef_holdout_rmse_km": 1.6,
    "drawn_feature_offset_median_km": 2.39,
    "accuracy_tier": "medium"
   },
   "geometry": {
    "type": "LineString",
    "coordinates": [
     [
      42.343011,
      34.066412
     ],
     [
      42.307633,
      34.041989
     ],
     [
      42.202325,
      34.01905
     ],
     [
      42.124787,
      33.998227
     ],
     [
      42.022235,
      33.969975
     ],
     [
      41.701022,
      33.877371
     ],
     [
      41.421749,
      33.75786
     ],
     [
      41.128728,
      33.624134
     ],
     [
      40.869606,
      33.481286
     ],
     [
      40.64459,
      33.355855
     ],
     [
      40.367694,
      33.190526
     ],
     [
      40.122582,
      33.04283
     ],
     [
      40.042239,
      32.930612
     ],
     [
      39.841293,
      32.927953
     ],
     [
      39.725258,
      32.924079
     ],
     [
      39.500554,
      32.85908
     ],
     [
      39.358454,
      32.816786
     ],
     [
      39.201106,
      32.766244
     ],
     [
      39.068336,
      32.737336
     ],
     [
      39.013272,
      32.721188
     ],
     [
      38.76921,
      32.657865
     ],
     [
      38.1759,
      32.496461
     ],
     [
      37.919223,
      32.417514
     ],
     [
      37.880918,
      32.390582
     ],
     [
      37.828666,
      32.368747
     ],
     [
      37.775863,
      32.355624
     ],
     [
      37.704509,
      32.345222
     ],
     [
      37.628313,
      32.333184
     ],
     [
      37.482934,
      32.298756
     ],
     [
      37.368586,
      32.261055
     ],
     [
      37.268436,
      32.232594
     ],
     [
      37.113268,
      32.189978
     ],
     [
      36.884089,
      32.125499
     ],
     [
      36.807354,
      32.102
     ],
     [
      36.75832,
      32.093789
     ],
     [
      36.71915,
      32.106309
     ],
     [
      36.559697,
      32.160162
     ],
     [
      36.478609,
      32.137773
     ],
     [
      36.290821,
      32.089116
     ],
     [
      36.16016,
      32.050262
     ],
     [
      36.099223,
      32.037141
     ],
     [
      36.089944,
      31.972431
     ],
     [
      36.056552,
      31.907063
     ],
     [
      35.993773,
      31.876616
     ],
     [
      35.979368,
      31.876606
     ],
     [
      35.971777,
      31.859312
     ],
     [
      35.976275,
      31.730139
     ],
     [
      36.043552,
      31.66275
     ],
     [
      36.090558,
      31.629354
     ],
     [
      36.117073,
      31.566304
     ],
     [
      36.172067,
      31.422855
     ],
     [
      36.172046,
      31.368969
     ],
     [
      36.140171,
      31.311517
     ],
     [
      36.099113,
      31.270355
     ],
     [
      36.070089,
      31.249066
     ],
     [
      36.037518,
      31.20082
     ],
     [
      36.040331,
      31.131342
     ],
     [
      36.055151,
      31.039177
     ],
     [
      36.066457,
      30.976783
     ],
     [
      36.060075,
      30.920063
     ],
     [
      36.019692,
      30.790284
     ],
     [
      35.947482,
      30.696633
     ],
     [
      35.878833,
      30.674616
     ],
     [
      35.86893,
      30.668935
     ],
     [
      35.847678,
      30.620698
     ],
     [
      35.832793,
      30.500158
     ],
     [
      35.824268,
      30.404434
     ],
     [
      35.800893,
      30.312246
     ],
     [
      35.781063,
      30.246288
     ],
     [
      35.745671,
      30.181747
     ],
     [
      35.655073,
      30.090928
     ],
     [
      35.623933,
      30.079559
     ],
     [
      35.602705,
      30.069624
     ],
     [
      35.535468,
      30.012853
     ],
     [
      35.514938,
      29.992272
     ],
     [
      35.502212,
      29.98659
     ],
     [
      35.500083,
      29.965321
     ],
     [
      35.490162,
      29.922066
     ],
     [
      35.483079,
      29.883773
     ],
     [
      35.463976,
      29.864621
     ],
     [
      35.377644,
      29.819183
     ],
     [
      35.355702,
      29.790812
     ],
     [
      35.308277,
      29.702154
     ],
     [
      35.236095,
      29.641834
     ],
     [
      35.219819,
      29.625516
     ],
     [
      35.207079,
      29.602824
     ],
     [
      35.192926,
      29.581547
     ],
     [
      35.150461,
      29.538971
     ],
     [
      35.133486,
      29.53683
     ],
     [
      35.08183,
      29.551685
     ],
     [
      35.063443,
      29.547414
     ],
     [
      35.044331,
      29.533936
     ],
     [
      35.027357,
      29.52825
     ],
     [
      35.006339,
      29.530643
     ]
    ]
   }
  },
  {
   "type": "Feature",
   "properties": {
    "id": "ME2026-0039",
    "commodity": "oil",
    "status_class": "uc_planned_proposed",
    "name": null,
    "name_dist_pt": null,
    "name_ambiguous": null,
    "name_confidence": null,
    "commodity_conflict": null,
    "other_names": null,
    "diameter_in": null,
    "length_km": 11.69,
    "n_vertices": 3,
    "legend_class": "oil_uc_planned_proposed",
    "stroke_rgb": "#00922f",
    "dashed": true,
    "source_map": "me2026",
    "source_file": "../energy-map-of-the-middle-east-2026-peregrine-bush.pdf",
    "source_page": 1,
    "source_title": "Energy Infrastructure Map of the Middle East, 2026 edition",
    "source_publisher": "Petroleum Economist / World Oil / Gulf Energy Information / Global Energy Infrastructure",
    "geometry_source": "stroke",
    "georef_order": 2,
    "georef_source": "map's own coastline vector registered to Natural Earth 10m coastline+lakes by trimmed ICP",
    "georef_insample_rmse_km": 0.97,
    "georef_holdout_layer": "ne_10m_admin_0_countries vs the map's own border strokes",
    "georef_holdout_median_km": 1.45,
    "georef_holdout_rmse_km": 1.6,
    "drawn_feature_offset_median_km": 2.39,
    "accuracy_tier": "medium"
   },
   "geometry": {
    "type": "LineString",
    "coordinates": [
     [
      50.08421,
      26.711981
     ],
     [
      50.061685,
      26.698275
     ],
     [
      49.971566,
      26.693378
     ]
    ]
   }
  },
  {
   "type": "Feature",
   "properties": {
    "id": "ME2026-0040",
    "commodity": "oil",
    "status_class": "uc_planned_proposed",
    "name": null,
    "name_dist_pt": null,
    "name_ambiguous": null,
    "name_confidence": null,
    "commodity_conflict": null,
    "other_names": null,
    "diameter_in": null,
    "length_km": 746.56,
    "n_vertices": 88,
    "legend_class": "oil_uc_planned_proposed",
    "stroke_rgb": "#00922f",
    "dashed": true,
    "source_map": "me2026",
    "source_file": "../energy-map-of-the-middle-east-2026-peregrine-bush.pdf",
    "source_page": 1,
    "source_title": "Energy Infrastructure Map of the Middle East, 2026 edition",
    "source_publisher": "Petroleum Economist / World Oil / Gulf Energy Information / Global Energy Infrastructure",
    "geometry_source": "stroke",
    "georef_order": 2,
    "georef_source": "map's own coastline vector registered to Natural Earth 10m coastline+lakes by trimmed ICP",
    "georef_insample_rmse_km": 0.97,
    "georef_holdout_layer": "ne_10m_admin_0_countries vs the map's own border strokes",
    "georef_holdout_median_km": 1.45,
    "georef_holdout_rmse_km": 1.6,
    "drawn_feature_offset_median_km": 2.39,
    "accuracy_tier": "medium"
   },
   "geometry": {
    "type": "LineString",
    "coordinates": [
     [
      51.44771,
      35.560433
     ],
     [
      51.492413,
      35.634758
     ],
     [
      51.520019,
      35.696834
     ],
     [
      51.524413,
      35.71695
     ],
     [
      51.53142,
      35.723945
     ],
     [
      51.684509,
      35.738809
     ],
     [
      51.761012,
      35.730059
     ],
     [
      51.956485,
      35.711711
     ],
     [
      51.991461,
      35.695964
     ],
     [
      52.101183,
      35.655745
     ],
     [
      52.185156,
      35.651374
     ],
     [
      52.311526,
      35.63738
     ],
     [
      52.371896,
      35.639993
     ],
     [
      52.466407,
      35.665358
     ],
     [
      52.510585,
      35.676722
     ],
     [
      52.563962,
      35.682844
     ],
     [
      52.625199,
      35.689826
     ],
     [
      52.676394,
      35.714308
     ],
     [
      52.692175,
      35.735295
     ],
     [
      52.798944,
      35.768065
     ],
     [
      52.85629,
      35.810025
     ],
     [
      52.964815,
      35.849367
     ],
     [
      53.017392,
      35.911442
     ],
     [
      53.042842,
      35.974814
     ],
     [
      53.050274,
      35.990548
     ],
     [
      53.076564,
      36.017658
     ],
     [
      53.080978,
      36.051766
     ],
     [
      53.088867,
      36.064873
     ],
     [
      53.104641,
      36.088474
     ],
     [
      53.091588,
      36.139612
     ],
     [
      53.058372,
      36.172838
     ],
     [
      53.004625,
      36.204322
     ],
     [
      52.958287,
      36.233179
     ],
     [
      52.941689,
      36.247159
     ],
     [
      52.929468,
      36.276027
     ],
     [
      52.918119,
      36.294388
     ],
     [
      52.921647,
      36.316671
     ],
     [
      52.903298,
      36.335032
     ],
     [
      52.88934,
      36.358635
     ],
     [
      52.886714,
      36.37
     ],
     [
      52.884998,
      36.39186
     ],
     [
      52.88502,
      36.409349
     ],
     [
      52.878063,
      36.443457
     ],
     [
      52.938477,
      36.474924
     ],
     [
      53.050955,
      36.532182
     ],
     [
      53.101735,
      36.548786
     ],
     [
      53.128869,
      36.561033
     ],
     [
      53.183528,
      36.589002
     ],
     [
      53.208061,
      36.593794
     ],
     [
      53.267491,
      36.620358
     ],
     [
      53.30666,
      36.646924
     ],
     [
      53.350638,
      36.674227
     ],
     [
      53.375415,
      36.70854
     ],
     [
      53.532683,
      36.728768
     ],
     [
      53.619119,
      36.748322
     ],
     [
      53.681842,
      36.75052
     ],
     [
      53.907816,
      36.783715
     ],
     [
      54.010608,
      36.800676
     ],
     [
      54.096999,
      36.879635
     ],
     [
      54.150935,
      36.955474
     ],
     [
      54.184351,
      37.03146
     ],
     [
      54.243433,
      37.225969
     ],
     [
      54.241285,
      37.515129
     ],
     [
      54.253813,
      37.900765
     ],
     [
      54.256597,
      38.046759
     ],
     [
      54.281687,
      38.257512
     ],
     [
      54.372408,
      38.358108
     ],
     [
      54.397267,
      38.405932
     ],
     [
      54.38199,
      38.47665
     ],
     [
      54.361558,
      38.527032
     ],
     [
      54.353049,
      38.547527
     ],
     [
      54.355784,
      38.654111
     ],
     [
      54.462598,
      38.746318
     ],
     [
      54.573752,
      38.78473
     ],
     [
      54.587454,
      38.807777
     ],
     [
      54.587567,
      38.878507
     ],
     [
      54.569861,
      39.026229
     ],
     [
      54.558091,
      39.149897
     ],
     [
      54.536887,
      39.244538
     ],
     [
      54.459426,
      39.429696
     ],
     [
      54.330629,
      39.485209
     ],
     [
      54.225743,
      39.609878
     ],
     [
      54.218974,
      39.654995
     ],
     [
      54.173195,
      39.785641
     ],
     [
      54.157866,
      39.818799
     ],
     [
      54.050327,
      39.889671
     ],
     [
      53.969324,
      39.912736
     ],
     [
      53.92209,
      40.046651
     ]
    ]
   }
  },
  {
   "type": "Feature",
   "properties": {
    "id": "ME2026-0041",
    "commodity": "oil",
    "status_class": "uc_planned_proposed",
    "name": null,
    "name_dist_pt": null,
    "name_ambiguous": null,
    "name_confidence": null,
    "commodity_conflict": null,
    "other_names": null,
    "diameter_in": null,
    "length_km": 198.07,
    "n_vertices": 6,
    "legend_class": "oil_uc_planned_proposed",
    "stroke_rgb": "#00922f",
    "dashed": true,
    "source_map": "me2026",
    "source_file": "../energy-map-of-the-middle-east-2026-peregrine-bush.pdf",
    "source_page": 1,
    "source_title": "Energy Infrastructure Map of the Middle East, 2026 edition",
    "source_publisher": "Petroleum Economist / World Oil / Gulf Energy Information / Global Energy Infrastructure",
    "geometry_source": "stroke",
    "georef_order": 2,
    "georef_source": "map's own coastline vector registered to Natural Earth 10m coastline+lakes by trimmed ICP",
    "georef_insample_rmse_km": 0.97,
    "georef_holdout_layer": "ne_10m_admin_0_countries vs the map's own border strokes",
    "georef_holdout_median_km": 1.45,
    "georef_holdout_rmse_km": 1.6,
    "drawn_feature_offset_median_km": 2.39,
    "accuracy_tier": "medium"
   },
   "geometry": {
    "type": "LineString",
    "coordinates": [
     [
      45.062645,
      34.790136
     ],
     [
      45.204987,
      35.044313
     ],
     [
      45.035872,
      35.243939
     ],
     [
      45.039183,
      35.528332
     ],
     [
      44.386274,
      35.679387
     ],
     [
      44.035899,
      35.992397
     ]
    ]
   }
  },
  {
   "type": "Feature",
   "properties": {
    "id": "ME2026-0042",
    "commodity": "oil",
    "status_class": "uc_planned_proposed",
    "name": null,
    "name_dist_pt": null,
    "name_ambiguous": null,
    "name_confidence": null,
    "commodity_conflict": null,
    "other_names": null,
    "diameter_in": null,
    "length_km": 25.02,
    "n_vertices": 2,
    "legend_class": "oil_uc_planned_proposed",
    "stroke_rgb": "#00922f",
    "dashed": true,
    "source_map": "me2026",
    "source_file": "../energy-map-of-the-middle-east-2026-peregrine-bush.pdf",
    "source_page": 1,
    "source_title": "Energy Infrastructure Map of the Middle East, 2026 edition",
    "source_publisher": "Petroleum Economist / World Oil / Gulf Energy Information / Global Energy Infrastructure",
    "geometry_source": "stroke",
    "georef_order": 2,
    "georef_source": "map's own coastline vector registered to Natural Earth 10m coastline+lakes by trimmed ICP",
    "georef_insample_rmse_km": 0.97,
    "georef_holdout_layer": "ne_10m_admin_0_countries vs the map's own border strokes",
    "georef_holdout_median_km": 1.45,
    "georef_holdout_rmse_km": 1.6,
    "drawn_feature_offset_median_km": 2.39,
    "accuracy_tier": "medium"
   },
   "geometry": {
    "type": "LineString",
    "coordinates": [
     [
      44.516708,
      36.096951
     ],
     [
      44.483709,
      36.320829
     ]
    ]
   }
  },
  {
   "type": "Feature",
   "properties": {
    "id": "ME2026-0043",
    "commodity": "oil",
    "status_class": "uc_planned_proposed",
    "name": "Miran West",
    "name_dist_pt": 21.9,
    "name_ambiguous": false,
    "name_confidence": "medium",
    "commodity_conflict": null,
    "other_names": null,
    "diameter_in": null,
    "length_km": 24.97,
    "n_vertices": 2,
    "legend_class": "oil_uc_planned_proposed",
    "stroke_rgb": "#00922f",
    "dashed": true,
    "source_map": "me2026",
    "source_file": "../energy-map-of-the-middle-east-2026-peregrine-bush.pdf",
    "source_page": 1,
    "source_title": "Energy Infrastructure Map of the Middle East, 2026 edition",
    "source_publisher": "Petroleum Economist / World Oil / Gulf Energy Information / Global Energy Infrastructure",
    "geometry_source": "stroke",
    "georef_order": 2,
    "georef_source": "map's own coastline vector registered to Natural Earth 10m coastline+lakes by trimmed ICP",
    "georef_insample_rmse_km": 0.97,
    "georef_holdout_layer": "ne_10m_admin_0_countries vs the map's own border strokes",
    "georef_holdout_median_km": 1.45,
    "georef_holdout_rmse_km": 1.6,
    "drawn_feature_offset_median_km": 2.39,
    "accuracy_tier": "medium"
   },
   "geometry": {
    "type": "LineString",
    "coordinates": [
     [
      45.211714,
      35.703865
     ],
     [
      45.039183,
      35.528332
     ]
    ]
   }
  },
  {
   "type": "Feature",
   "properties": {
    "id": "ME2026-0044",
    "commodity": "gas",
    "status_class": "in_service",
    "name": null,
    "name_dist_pt": null,
    "name_ambiguous": null,
    "name_confidence": null,
    "commodity_conflict": null,
    "other_names": null,
    "diameter_in": null,
    "length_km": 161.88,
    "n_vertices": 19,
    "legend_class": "gas_in_service",
    "stroke_rgb": "#d7191f",
    "dashed": false,
    "source_map": "me2026",
    "source_file": "../energy-map-of-the-middle-east-2026-peregrine-bush.pdf",
    "source_page": 1,
    "source_title": "Energy Infrastructure Map of the Middle East, 2026 edition",
    "source_publisher": "Petroleum Economist / World Oil / Gulf Energy Information / Global Energy Infrastructure",
    "geometry_source": "stroke",
    "georef_order": 2,
    "georef_source": "map's own coastline vector registered to Natural Earth 10m coastline+lakes by trimmed ICP",
    "georef_insample_rmse_km": 0.97,
    "georef_holdout_layer": "ne_10m_admin_0_countries vs the map's own border strokes",
    "georef_holdout_median_km": 1.45,
    "georef_holdout_rmse_km": 1.6,
    "drawn_feature_offset_median_km": 3.06,
    "accuracy_tier": "medium"
   },
   "geometry": {
    "type": "LineString",
    "coordinates": [
     [
      59.980654,
      35.992974
     ],
     [
      60.159234,
      36.18141
     ],
     [
      60.276969,
      36.288261
     ],
     [
      60.333756,
      36.321805
     ],
     [
      60.413588,
      36.367916
     ],
     [
      60.459842,
      36.386697
     ],
     [
      60.600588,
      36.4139
     ],
     [
      60.682488,
      36.426456
     ],
     [
      60.804331,
      36.434686
     ],
     [
      60.871581,
      36.445262
     ],
     [
      60.921534,
      36.495803
     ],
     [
      60.988649,
      36.512468
     ],
     [
      61.04141,
      36.54134
     ],
     [
      61.144769,
      36.543644
     ],
     [
      61.193043,
      36.563137
     ],
     [
      61.320066,
      36.497049
     ],
     [
      61.413692,
      36.449774
     ],
     [
      61.437681,
      36.432151
     ],
     [
      61.466211,
      36.425202
     ]
    ]
   }
  },
  {
   "type": "Feature",
   "properties": {
    "id": "ME2026-0045",
    "commodity": "gas",
    "status_class": "in_service",
    "name": null,
    "name_dist_pt": null,
    "name_ambiguous": null,
    "name_confidence": null,
    "commodity_conflict": null,
    "other_names": null,
    "diameter_in": "36",
    "length_km": 1352.0,
    "n_vertices": 135,
    "legend_class": "gas_in_service",
    "stroke_rgb": "#d7191f",
    "dashed": false,
    "source_map": "me2026",
    "source_file": "../energy-map-of-the-middle-east-2026-peregrine-bush.pdf",
    "source_page": 1,
    "source_title": "Energy Infrastructure Map of the Middle East, 2026 edition",
    "source_publisher": "Petroleum Economist / World Oil / Gulf Energy Information / Global Energy Infrastructure",
    "geometry_source": "stroke",
    "georef_order": 2,
    "georef_source": "map's own coastline vector registered to Natural Earth 10m coastline+lakes by trimmed ICP",
    "georef_insample_rmse_km": 0.97,
    "georef_holdout_layer": "ne_10m_admin_0_countries vs the map's own border strokes",
    "georef_holdout_median_km": 1.45,
    "georef_holdout_rmse_km": 1.6,
    "drawn_feature_offset_median_km": 3.06,
    "accuracy_tier": "medium"
   },
   "geometry": {
    "type": "LineString",
    "coordinates": [
     [
      48.850025,
      38.453675
     ],
     [
      48.863077,
      38.423623
     ],
     [
      48.868767,
      38.365876
     ],
     [
      48.8725,
      38.292745
     ],
     [
      48.8897,
      38.20014
     ],
     [
      48.913527,
      38.033426
     ],
     [
      48.934498,
      37.890992
     ],
     [
      48.976636,
      37.736798
     ],
     [
      49.012414,
      37.710817
     ],
     [
      49.055645,
      37.655752
     ],
     [
      49.086406,
      37.624965
     ],
     [
      49.177977,
      37.576855
     ],
     [
      49.302039,
      37.504688
     ],
     [
      49.421495,
      37.434237
     ],
     [
      49.529211,
      37.371688
     ],
     [
      49.564999,
      37.350536
     ],
     [
      49.569766,
      37.312035
     ],
     [
      49.568769,
      37.290648
     ],
     [
      49.937581,
      37.250447
     ],
     [
      50.092679,
      37.236992
     ],
     [
      50.227519,
      37.179284
     ],
     [
      50.32752,
      37.130237
     ],
     [
      50.400801,
      37.086743
     ],
     [
      50.489236,
      37.022287
     ],
     [
      50.511351,
      37.010754
     ],
     [
      50.599315,
      36.973119
     ],
     [
      50.668293,
      36.923221
     ],
     [
      50.709646,
      36.902055
     ],
     [
      50.791601,
      36.869151
     ],
     [
      50.886808,
      36.821045
     ],
     [
      50.977417,
      36.77392
     ],
     [
      51.049531,
      36.739295
     ],
     [
      51.183477,
      36.712359
     ],
     [
      51.359763,
      36.682325
     ],
     [
      51.48098,
      36.657323
     ],
     [
      51.633194,
      36.610196
     ],
     [
      51.728657,
      36.590953
     ],
     [
      51.806602,
      36.5823
     ],
     [
      51.905912,
      36.567862
     ],
     [
      52.029088,
      36.550554
     ],
     [
      52.185191,
      36.522643
     ],
     [
      52.362473,
      36.50031
     ],
     [
      52.509983,
      36.526487
     ],
     [
      52.664243,
      36.56208
     ],
     [
      52.696977,
      36.562079
     ],
     [
      52.835599,
      36.572665
     ],
     [
      52.916676,
      36.577467
     ],
     [
      53.022574,
      36.585161
     ],
     [
      53.078613,
      36.585158
     ],
     [
      53.257935,
      36.6294
     ],
     [
      53.306132,
      36.6698
     ],
     [
      53.372578,
      36.688085
     ],
     [
      53.517217,
      36.711364
     ],
     [
      53.626019,
      36.726752
     ],
     [
      53.961548,
      36.772902
     ],
     [
      54.014035,
      36.78183
     ],
     [
      54.211434,
      36.886124
     ],
     [
      54.375659,
      36.971853
     ],
     [
      54.541327,
      37.062761
     ],
     [
      54.697105,
      37.146384
     ],
     [
      54.858529,
      37.225999
     ],
     [
      55.041843,
      37.325825
     ],
     [
      55.06727,
      37.339923
     ],
     [
      55.104667,
      37.353741
     ],
     [
      55.261172,
      37.432217
     ],
     [
      55.474155,
      37.542617
     ],
     [
      55.553222,
      37.579257
     ],
     [
      55.573469,
      37.587716
     ],
     [
      55.646168,
      37.610957
     ],
     [
      55.715333,
      37.627857
     ],
     [
      55.793446,
      37.648289
     ],
     [
      55.837905,
      37.648282
     ],
     [
      55.93103,
      37.650385
     ],
     [
      56.10438,
      37.653877
     ],
     [
      56.210692,
      37.653858
     ],
     [
      56.223414,
      37.660901
     ],
     [
      56.250934,
      37.668643
     ],
     [
      56.29964,
      37.686743
     ],
     [
      56.42932,
      37.735344
     ],
     [
      56.557597,
      37.783944
     ],
     [
      56.585115,
      37.78113
     ],
     [
      56.689517,
      37.762783
     ],
     [
      56.835316,
      37.732442
     ],
     [
      56.972663,
      37.713384
     ],
     [
      57.099641,
      37.687282
     ],
     [
      57.194666,
      37.673388
     ],
     [
      57.277214,
      37.655042
     ],
     [
      57.322818,
      37.6353
     ],
     [
      57.506158,
      37.531638
     ],
     [
      57.554586,
      37.511193
     ],
     [
      57.587731,
      37.490752
     ],
     [
      57.652637,
      37.472639
     ],
     [
      57.688616,
      37.466989
     ],
     [
      57.740595,
      37.452874
     ],
     [
      57.791384,
      37.436652
     ],
     [
      57.862647,
      37.421127
     ],
     [
      57.895786,
      37.395044
     ],
     [
      57.923054,
      37.375306
     ],
     [
      57.992175,
      37.344263
     ],
     [
      58.02531,
      37.323821
     ],
     [
      58.06059,
      37.310423
     ],
     [
      58.187298,
      37.24225
     ],
     [
      58.278289,
      37.192885
     ],
     [
      58.358464,
      37.149865
     ],
     [
      58.429709,
      37.116726
     ],
     [
      58.545141,
      37.049255
     ],
     [
      58.646713,
      36.994245
     ],
     [
      58.700092,
      36.969559
     ],
     [
      58.726847,
      36.927268
     ],
     [
      58.774732,
      36.849952
     ],
     [
      58.947296,
      36.737832
     ],
     [
      59.299484,
      36.513112
     ],
     [
      59.473468,
      36.397694
     ],
     [
      59.613348,
      36.263344
     ],
     [
      59.674207,
      36.204663
     ],
     [
      59.80008,
      36.116605
     ],
     [
      59.95955,
      36.01586
     ],
     [
      59.974233,
      35.996971
     ],
     [
      60.007744,
      35.976078
     ],
     [
      60.083396,
      35.984437
     ],
     [
      60.203085,
      35.988579
     ],
     [
      60.340088,
      35.997531
     ],
     [
      60.510031,
      36.016806
     ],
     [
      60.601312,
      36.026997
     ],
     [
      60.648055,
      36.022438
     ],
     [
      60.706245,
      36.016725
     ],
     [
      60.765971,
      36.00715
     ],
     [
      60.799759,
      36.105147
     ],
     [
      60.843424,
      36.188773
     ],
     [
      60.924876,
      36.355542
     ],
     [
      60.972306,
      36.396969
     ],
     [
      61.002449,
      36.45207
     ],
     [
      61.100021,
      36.538494
     ],
     [
      61.132551,
      36.565959
     ],
     [
      61.145276,
      36.584292
     ]
    ]
   }
  },
  {
   "type": "Feature",
   "properties": {
    "id": "ME2026-0046",
    "commodity": "gas",
    "status_class": "in_service",
    "name": "IGAT 7",
    "name_dist_pt": 6.0,
    "name_ambiguous": false,
    "name_confidence": "high",
    "commodity_conflict": null,
    "other_names": "Sirik - Kuh Mobarak Gas Pipeline",
    "diameter_in": "56",
    "length_km": 438.49,
    "n_vertices": 32,
    "legend_class": "gas_in_service",
    "stroke_rgb": "#d7191f",
    "dashed": false,
    "source_map": "me2026",
    "source_file": "../energy-map-of-the-middle-east-2026-peregrine-bush.pdf",
    "source_page": 1,
    "source_title": "Energy Infrastructure Map of the Middle East, 2026 edition",
    "source_publisher": "Petroleum Economist / World Oil / Gulf Energy Information / Global Energy Infrastructure",
    "geometry_source": "stroke",
    "georef_order": 2,
    "georef_source": "map's own coastline vector registered to Natural Earth 10m coastline+lakes by trimmed ICP",
    "georef_insample_rmse_km": 0.97,
    "georef_holdout_layer": "ne_10m_admin_0_countries vs the map's own border strokes",
    "georef_holdout_median_km": 1.45,
    "georef_holdout_rmse_km": 1.6,
    "drawn_feature_offset_median_km": 3.06,
    "accuracy_tier": "medium"
   },
   "geometry": {
    "type": "LineString",
    "coordinates": [
     [
      57.146968,
      26.513575
     ],
     [
      57.061167,
      26.776654
     ],
     [
      57.065995,
      26.802678
     ],
     [
      57.072873,
      26.833516
     ],
     [
      57.114219,
      26.889351
     ],
     [
      57.132575,
      26.934668
     ],
     [
      57.121003,
      26.984812
     ],
     [
      57.081414,
      27.032945
     ],
     [
      57.073707,
      27.08212
     ],
     [
      57.106636,
      27.102459
     ],
     [
      57.407458,
      27.206512
     ],
     [
      57.471791,
      27.236761
     ],
     [
      57.499692,
      27.294913
     ],
     [
      57.503339,
      27.337284
     ],
     [
      57.516957,
      27.365725
     ],
     [
      57.550652,
      27.385688
     ],
     [
      57.623511,
      27.385019
     ],
     [
      57.760089,
      27.375299
     ],
     [
      58.022602,
      27.354977
     ],
     [
      58.269273,
      27.331125
     ],
     [
      58.567996,
      27.293199
     ],
     [
      58.827027,
      27.264955
     ],
     [
      58.914311,
      27.25612
     ],
     [
      59.420947,
      27.199539
     ],
     [
      59.690659,
      27.168641
     ],
     [
      59.881911,
      27.1492
     ],
     [
      60.072271,
      27.128003
     ],
     [
      60.10663,
      27.127103
     ],
     [
      60.246793,
      27.152539
     ],
     [
      60.449539,
      27.192872
     ],
     [
      60.554389,
      27.211282
     ],
     [
      60.642211,
      27.212991
     ]
    ]
   }
  },
  {
   "type": "Feature",
   "properties": {
    "id": "ME2026-0047",
    "commodity": "gas",
    "status_class": "in_service",
    "name": null,
    "name_dist_pt": null,
    "name_ambiguous": null,
    "name_confidence": null,
    "commodity_conflict": null,
    "other_names": null,
    "diameter_in": null,
    "length_km": 84.55,
    "n_vertices": 14,
    "legend_class": "gas_in_service",
    "stroke_rgb": "#d7191f",
    "dashed": false,
    "source_map": "me2026",
    "source_file": "../energy-map-of-the-middle-east-2026-peregrine-bush.pdf",
    "source_page": 1,
    "source_title": "Energy Infrastructure Map of the Middle East, 2026 edition",
    "source_publisher": "Petroleum Economist / World Oil / Gulf Energy Information / Global Energy Infrastructure",
    "geometry_source": "stroke",
    "georef_order": 2,
    "georef_source": "map's own coastline vector registered to Natural Earth 10m coastline+lakes by trimmed ICP",
    "georef_insample_rmse_km": 0.97,
    "georef_holdout_layer": "ne_10m_admin_0_countries vs the map's own border strokes",
    "georef_holdout_median_km": 1.45,
    "georef_holdout_rmse_km": 1.6,
    "drawn_feature_offset_median_km": 3.06,
    "accuracy_tier": "medium"
   },
   "geometry": {
    "type": "LineString",
    "coordinates": [
     [
      56.461449,
      27.336442
     ],
     [
      56.495404,
      27.354592
     ],
     [
      56.54637,
      27.366675
     ],
     [
      56.602142,
      27.363026
     ],
     [
      56.631234,
      27.363016
     ],
     [
      56.671249,
      27.382374
     ],
     [
      56.740399,
      27.376301
     ],
     [
      56.785258,
      27.381125
     ],
     [
      56.855638,
      27.390781
     ],
     [
      56.908977,
      27.387132
     ],
     [
      56.953892,
      27.370165
     ],
     [
      57.012067,
      27.322932
     ],
     [
      57.065393,
      27.219959
     ],
     [
      57.10689,
      27.102459
     ]
    ]
   }
  },
  {
   "type": "Feature",
   "properties": {
    "id": "ME2026-0048",
    "commodity": "gas",
    "status_class": "in_service",
    "name": "IGAT 4",
    "name_dist_pt": 0.0,
    "name_ambiguous": false,
    "name_confidence": "high",
    "commodity_conflict": null,
    "other_names": "IGAT 10",
    "diameter_in": "56",
    "length_km": 1743.28,
    "n_vertices": 146,
    "legend_class": "gas_in_service",
    "stroke_rgb": "#d7191f",
    "dashed": false,
    "source_map": "me2026",
    "source_file": "../energy-map-of-the-middle-east-2026-peregrine-bush.pdf",
    "source_page": 1,
    "source_title": "Energy Infrastructure Map of the Middle East, 2026 edition",
    "source_publisher": "Petroleum Economist / World Oil / Gulf Energy Information / Global Energy Infrastructure",
    "geometry_source": "stroke",
    "georef_order": 2,
    "georef_source": "map's own coastline vector registered to Natural Earth 10m coastline+lakes by trimmed ICP",
    "georef_insample_rmse_km": 0.97,
    "georef_holdout_layer": "ne_10m_admin_0_countries vs the map's own border strokes",
    "georef_holdout_median_km": 1.45,
    "georef_holdout_rmse_km": 1.6,
    "drawn_feature_offset_median_km": 3.06,
    "accuracy_tier": "medium"
   },
   "geometry": {
    "type": "LineString",
    "coordinates": [
     [
      51.186742,
      32.621601
     ],
     [
      51.162364,
      32.612973
     ],
     [
      50.55628,
      33.002947
     ],
     [
      50.575554,
      33.150646
     ],
     [
      50.529182,
      33.296396
     ],
     [
      50.477807,
      33.351784
     ],
     [
      50.42869,
      33.496856
     ],
     [
      50.530127,
      33.599555
     ],
     [
      50.660798,
      33.629632
     ],
     [
      50.794377,
      33.711697
     ],
     [
      50.810184,
      33.799339
     ],
     [
      50.628374,
      34.066811
     ],
     [
      50.562779,
      34.135875
     ],
     [
      50.520367,
      34.2666
     ],
     [
      50.512946,
      34.365183
     ],
     [
      50.463892,
      34.556081
     ],
     [
      50.375867,
      34.763389
     ],
     [
      50.38832,
      34.899468
     ],
     [
      50.356893,
      35.001248
     ],
     [
      50.386747,
      35.03723
     ],
     [
      50.332229,
      35.007624
     ],
     [
      50.366233,
      34.892907
     ],
     [
      50.354509,
      34.759333
     ],
     [
      50.444754,
      34.544716
     ],
     [
      50.492339,
      34.361939
     ],
     [
      50.495741,
      34.263864
     ],
     [
      50.547029,
      34.122199
     ],
     [
      50.611945,
      34.051768
     ],
     [
      50.789659,
      33.793869
     ],
     [
      50.775237,
      33.724682
     ],
     [
      50.655343,
      33.647421
     ],
     [
      50.520447,
      33.61801
     ],
     [
      50.406808,
      33.501648
     ],
     [
      50.459326,
      33.342211
     ],
     [
      50.511944,
      33.282031
     ],
     [
      50.553665,
      33.147221
     ],
     [
      50.533707,
      32.993375
     ],
     [
      51.167139,
      32.589049
     ],
     [
      51.124383,
      32.151083
     ],
     [
      51.154417,
      32.049893
     ],
     [
      51.162542,
      31.950629
     ],
     [
      51.125589,
      31.911664
     ],
     [
      51.093254,
      31.827563
     ],
     [
      51.087013,
      31.713948
     ],
     [
      51.101358,
      31.677016
     ],
     [
      51.100581,
      31.547683
     ],
     [
      51.119105,
      31.441015
     ],
     [
      51.15464,
      31.389622
     ],
     [
      51.200369,
      31.24399
     ],
     [
      51.196879,
      31.123541
     ],
     [
      51.205848,
      31.041439
     ],
     [
      51.192797,
      31.020457
     ],
     [
      51.228189,
      30.949075
     ],
     [
      51.273094,
      30.933645
     ],
     [
      51.324072,
      30.847198
     ],
     [
      51.30692,
      30.769139
     ],
     [
      51.073318,
      30.57691
     ],
     [
      51.040266,
      30.157569
     ],
     [
      51.049931,
      29.996022
     ],
     [
      51.075425,
      29.91748
     ],
     [
      51.088192,
      29.806137
     ],
     [
      51.148762,
      29.762768
     ],
     [
      51.23256,
      29.735709
     ],
     [
      51.236475,
      29.692343
     ],
     [
      51.30592,
      29.620418
     ],
     [
      51.363072,
      29.563256
     ],
     [
      51.406436,
      29.503674
     ],
     [
      51.424176,
      29.485935
     ],
     [
      51.435014,
      29.463271
     ],
     [
      51.531078,
      29.432713
     ],
     [
      51.535987,
      29.36078
     ],
     [
      51.612069,
      29.250401
     ],
     [
      51.598364,
      29.221
     ],
     [
      51.58945,
      29.181351
     ],
     [
      51.612001,
      29.080051
     ],
     [
      51.811091,
      28.8632
     ],
     [
      51.827484,
      28.795514
     ],
     [
      51.819934,
      28.705834
     ],
     [
      51.864372,
      28.650463
     ],
     [
      51.860953,
      28.634734
     ],
     [
      51.849308,
      28.606024
     ],
     [
      51.869132,
      28.546554
     ],
     [
      51.901401,
      28.519073
     ],
     [
      51.917797,
      28.452768
     ],
     [
      52.034067,
      28.38644
     ],
     [
      52.090934,
      28.300856
     ],
     [
      52.082718,
      28.276247
     ],
     [
      52.057284,
      28.248918
     ],
     [
      52.063414,
      28.179867
     ],
     [
      52.07159,
      28.062844
     ],
     [
      52.077152,
      27.896602
     ],
     [
      52.083176,
      27.828412
     ],
     [
      52.166107,
      27.755179
     ],
     [
      52.215243,
      27.715513
     ],
     [
      52.393362,
      27.665449
     ],
     [
      52.420288,
      27.656952
     ],
     [
      52.507213,
      27.605471
     ],
     [
      52.545164,
      27.563689
     ],
     [
      52.596514,
      27.501118
     ],
     [
      52.624237,
      27.478174
     ],
     [
      52.668348,
      27.478168
     ],
     [
      52.688592,
      27.466732
     ],
     [
      52.713218,
      27.454411
     ],
     [
      52.745796,
      27.42186
     ],
     [
      52.773938,
      27.371646
     ],
     [
      52.810911,
      27.338211
     ],
     [
      52.902528,
      27.279275
     ],
     [
      52.994063,
      27.229123
     ],
     [
      53.030158,
      27.215832
     ],
     [
      53.094505,
      27.201751
     ],
     [
      53.164929,
      27.178872
     ],
     [
      53.225654,
      27.153357
     ],
     [
      53.300574,
      27.136635
     ],
     [
      53.349871,
      27.121672
     ],
     [
      53.38684,
      27.10584
     ],
     [
      53.42909,
      27.096153
     ],
     [
      53.486393,
      27.087346
     ],
     [
      53.538332,
      27.075031
     ],
     [
      53.578827,
      27.064461
     ],
     [
      53.635258,
      27.044221
     ],
     [
      53.76378,
      26.99926
     ],
     [
      53.916175,
      26.94557
     ],
     [
      54.071201,
      26.892761
     ],
     [
      54.154838,
      26.862846
     ],
     [
      54.272896,
      26.822264
     ],
     [
      54.354781,
      26.804666
     ],
     [
      54.45964,
      26.760661
     ],
     [
      54.603235,
      26.710489
     ],
     [
      54.636688,
      26.69993
     ],
     [
      54.679835,
      26.709599
     ],
     [
      54.781102,
      26.736843
     ],
     [
      54.950268,
      26.780766
     ],
     [
      55.115913,
      26.819426
     ],
     [
      55.265704,
      26.850249
     ],
     [
      55.358175,
      26.873974
     ],
     [
      55.455148,
      26.931997
     ],
     [
      55.552027,
      26.99002
     ],
     [
      55.59528,
      27.011108
     ],
     [
      55.688633,
      27.054263
     ],
     [
      55.7583,
      27.08328
     ],
     [
      55.892169,
      27.12457
     ],
     [
      56.153129,
      27.193503
     ],
     [
      56.294069,
      27.221432
     ],
     [
      56.3483,
      27.266206
     ],
     [
      56.425069,
      27.314651
     ],
     [
      56.461703,
      27.336442
     ]
    ]
   }
  },
  {
   "type": "Feature",
   "properties": {
    "id": "ME2026-0049",
    "commodity": "gas",
    "status_class": "in_service",
    "name": "Northern Arm (South Khorasan Supply)",
    "name_dist_pt": 0.4,
    "name_ambiguous": false,
    "name_confidence": "high",
    "commodity_conflict": null,
    "other_names": "Dashtak\u2013Nehbandan Gas Pipeline; Zahedan - Zabol/Dashtak Gas Pipeline; Iranshahr - Zahedan Gas Pipeline; Iranshahr to Chabahar Gas Pipeline",
    "diameter_in": "36",
    "length_km": 1672.84,
    "n_vertices": 251,
    "legend_class": "gas_in_service",
    "stroke_rgb": "#d7191f",
    "dashed": false,
    "source_map": "me2026",
    "source_file": "../energy-map-of-the-middle-east-2026-peregrine-bush.pdf",
    "source_page": 1,
    "source_title": "Energy Infrastructure Map of the Middle East, 2026 edition",
    "source_publisher": "Petroleum Economist / World Oil / Gulf Energy Information / Global Energy Infrastructure",
    "geometry_source": "stroke",
    "georef_order": 2,
    "georef_source": "map's own coastline vector registered to Natural Earth 10m coastline+lakes by trimmed ICP",
    "georef_insample_rmse_km": 0.97,
    "georef_holdout_layer": "ne_10m_admin_0_countries vs the map's own border strokes",
    "georef_holdout_median_km": 1.45,
    "georef_holdout_rmse_km": 1.6,
    "drawn_feature_offset_median_km": 3.06,
    "accuracy_tier": "medium"
   },
   "geometry": {
    "type": "LineString",
    "coordinates": [
     [
      60.620197,
      25.357097
     ],
     [
      60.624466,
      25.367185
     ],
     [
      60.628834,
      25.395724
     ],
     [
      60.624544,
      25.409217
     ],
     [
      60.587966,
      25.431874
     ],
     [
      60.535033,
      25.45448
     ],
     [
      60.512544,
      25.473754
     ],
     [
      60.496651,
      25.487362
     ],
     [
      60.422045,
      25.550172
     ],
     [
      60.392309,
      25.585288
     ],
     [
      60.383257,
      25.617742
     ],
     [
      60.37685,
      25.671212
     ],
     [
      60.373327,
      25.702067
     ],
     [
      60.358358,
      25.736364
     ],
     [
      60.332804,
      25.76187
     ],
     [
      60.298462,
      25.796177
     ],
     [
      60.262335,
      25.815543
     ],
     [
      60.231507,
      25.834011
     ],
     [
      60.210281,
      25.85522
     ],
     [
      60.197068,
      25.868415
     ],
     [
      60.197075,
      25.906213
     ],
     [
      60.197081,
      25.940502
     ],
     [
      60.166256,
      25.977433
     ],
     [
      60.158331,
      26.003741
     ],
     [
      60.149532,
      26.084798
     ],
     [
      60.144253,
      26.120845
     ],
     [
      60.131934,
      26.175359
     ],
     [
      60.116971,
      26.22812
     ],
     [
      60.116977,
      26.256336
     ],
     [
      60.112582,
      26.281844
     ],
     [
      60.070301,
      26.317825
     ],
     [
      60.037708,
      26.350365
     ],
     [
      60.009442,
      26.378607
     ],
     [
      59.978605,
      26.403245
     ],
     [
      59.942491,
      26.414685
     ],
     [
      59.93017,
      26.451704
     ],
     [
      59.91521,
      26.507103
     ],
     [
      59.898474,
      26.536126
     ],
     [
      59.915219,
      26.546668
     ],
     [
      59.94957,
      26.565103
     ],
     [
      59.990978,
      26.590588
     ],
     [
      60.0501,
      26.618689
     ],
     [
      60.080936,
      26.638021
     ],
     [
      60.129405,
      26.678518
     ],
     [
      60.169943,
      26.709278
     ],
     [
      60.201655,
      26.734756
     ],
     [
      60.251969,
      26.777902
     ],
     [
      60.333043,
      26.858747
     ],
     [
      60.372703,
      26.904439
     ],
     [
      60.479415,
      26.99846
     ],
     [
      60.569328,
      27.103125
     ],
     [
      60.622301,
      27.174318
     ],
     [
      60.64169,
      27.212991
     ],
     [
      60.617907,
      27.232436
     ],
     [
      60.579935,
      27.245645
     ],
     [
      60.553518,
      27.253572
     ],
     [
      60.518277,
      27.272938
     ],
     [
      60.478637,
      27.29757
     ],
     [
      60.462785,
      27.320436
     ],
     [
      60.440787,
      27.378479
     ],
     [
      60.417889,
      27.43046
     ],
     [
      60.390512,
      27.465637
     ],
     [
      60.342952,
      27.513142
     ],
     [
      60.313893,
      27.557116
     ],
     [
      60.29452,
      27.594927
     ],
     [
      60.282219,
      27.674165
     ],
     [
      60.287524,
      27.725153
     ],
     [
      60.291951,
      27.791097
     ],
     [
      60.284922,
      27.828998
     ],
     [
      60.27262,
      27.901981
     ],
     [
      60.259433,
      27.971443
     ],
     [
      60.247121,
      28.046278
     ],
     [
      60.240983,
      28.096401
     ],
     [
      60.247161,
      28.139475
     ],
     [
      60.271848,
      28.172001
     ],
     [
      60.288602,
      28.193181
     ],
     [
      60.318563,
      28.223054
     ],
     [
      60.346758,
      28.236229
     ],
     [
      60.362625,
      28.252049
     ],
     [
      60.384665,
      28.274024
     ],
     [
      60.4023,
      28.312701
     ],
     [
      60.42004,
      28.368088
     ],
     [
      60.437701,
      28.461363
     ],
     [
      60.451833,
      28.551929
     ],
     [
      60.45186,
      28.607411
     ],
     [
      60.458059,
      28.661038
     ],
     [
      60.477486,
      28.740167
     ],
     [
      60.506603,
      28.844001
     ],
     [
      60.520756,
      28.918729
     ],
     [
      60.520788,
      28.977733
     ],
     [
      60.541952,
      29.033992
     ],
     [
      60.566657,
      29.088494
     ],
     [
      60.626698,
      29.167689
     ],
     [
      60.672546,
      29.213396
     ],
     [
      60.698109,
      29.23888
     ],
     [
      60.721922,
      29.278439
     ],
     [
      60.74221,
      29.323275
     ],
     [
      60.754563,
      29.359403
     ],
     [
      60.784557,
      29.412149
     ],
     [
      60.819932,
      29.459556
     ],
     [
      60.834095,
      29.736171
     ],
     [
      60.834194,
      29.889726
     ],
     [
      60.853433,
      29.993038
     ],
     [
      60.860683,
      30.082017
     ],
     [
      60.865555,
      30.185338
     ],
     [
      61.026492,
      30.301348
     ],
     [
      61.114994,
      30.389561
     ],
     [
      61.174537,
      30.406727
     ],
     [
      61.270896,
      30.521512
     ],
     [
      61.33277,
      30.605056
     ],
     [
      61.412826,
      30.802712
     ],
     [
      61.484134,
      30.925329
     ],
     [
      61.496766,
      31.011259
     ],
     [
      61.432919,
      31.031951
     ],
     [
      61.328885,
      31.026873
     ],
     [
      61.249245,
      31.057676
     ],
     [
      61.13623,
      31.084648
     ],
     [
      61.087451,
      31.124428
     ],
     [
      61.010392,
      31.148816
     ],
     [
      60.977022,
      31.182161
     ],
     [
      60.896143,
      31.248872
     ],
     [
      60.762622,
      31.342498
     ],
     [
      60.704888,
      31.400204
     ],
     [
      60.662542,
      31.44251
     ],
     [
      60.599626,
      31.492558
     ],
     [
      60.523908,
      31.54646
     ],
     [
      60.466109,
      31.565705
     ],
     [
      60.344104,
      31.583709
     ],
     [
      60.294032,
      31.590134
     ],
     [
      60.243927,
      31.60169
     ],
     [
      60.179725,
      31.601719
     ],
     [
      60.134745,
      31.56329
     ],
     [
      60.109024,
      31.544083
     ],
     [
      60.042066,
      31.553105
     ],
     [
      60.061844,
      31.658071
     ],
     [
      60.068217,
      31.737773
     ],
     [
      60.011533,
      31.794425
     ],
     [
      59.980169,
      31.867754
     ],
     [
      59.9235,
      31.953681
     ],
     [
      59.848043,
      32.043804
     ],
     [
      59.83126,
      32.08157
     ],
     [
      59.833431,
      32.164713
     ],
     [
      59.833496,
      32.236675
     ],
     [
      59.833575,
      32.322578
     ],
     [
      59.812632,
      32.398095
     ],
     [
      59.818988,
      32.45253
     ],
     [
      59.833761,
      32.523832
     ],
     [
      59.825395,
      32.561512
     ],
     [
      59.787634,
      32.620249
     ],
     [
      59.747728,
      32.64124
     ],
     [
      59.628095,
      32.676944
     ],
     [
      59.537867,
      32.727231
     ],
     [
      59.319656,
      32.834184
     ],
     [
      59.255476,
      32.872853
     ],
     [
      59.269294,
      32.895032
     ],
     [
      59.297164,
      32.943239
     ],
     [
      59.315595,
      32.983014
     ],
     [
      59.315638,
      33.027068
     ],
     [
      59.298881,
      33.073211
     ],
     [
      59.290525,
      33.119277
     ],
     [
      59.296872,
      33.173799
     ],
     [
      59.296925,
      33.226144
     ],
     [
      59.273888,
      33.295369
     ],
     [
      59.252912,
      33.328939
     ],
     [
      59.21303,
      33.368797
     ],
     [
      59.190042,
      33.402283
     ],
     [
      59.183807,
      33.469396
     ],
     [
      59.183842,
      33.502873
     ],
     [
      59.183871,
      33.53013
     ],
     [
      59.192309,
      33.553195
     ],
     [
      59.167134,
      33.59306
     ],
     [
      59.167187,
      33.643312
     ],
     [
      59.167227,
      33.681062
     ],
     [
      59.156759,
      33.710428
     ],
     [
      59.146295,
      33.75439
     ],
     [
      59.137932,
      33.790062
     ],
     [
      59.144266,
      33.817316
     ],
     [
      59.138,
      33.852974
     ],
     [
      59.05618,
      33.876085
     ],
     [
      59.012064,
      33.876101
     ],
     [
      58.949037,
      33.888627
     ],
     [
      58.896624,
      33.905421
     ],
     [
      58.858835,
      33.926397
     ],
     [
      58.848392,
      33.97675
     ],
     [
      58.842134,
      34.018605
     ],
     [
      58.863166,
      34.039573
     ],
     [
      58.892608,
      34.068925
     ],
     [
      58.873743,
      34.110882
     ],
     [
      58.844354,
      34.129773
     ],
     [
      58.817081,
      34.165355
     ],
     [
      58.810821,
      34.205213
     ],
     [
      58.804593,
      34.261847
     ],
     [
      58.775313,
      34.312111
     ],
     [
      58.72493,
      34.343585
     ],
     [
      58.70185,
      34.366662
     ],
     [
      58.701915,
      34.423209
     ],
     [
      58.714602,
      34.492425
     ],
     [
      58.727275,
      34.548956
     ],
     [
      58.748335,
      34.593006
     ],
     [
      58.798715,
      34.643231
     ],
     [
      58.840802,
      34.701955
     ],
     [
      58.872396,
      34.764871
     ],
     [
      58.872446,
      34.806726
     ],
     [
      58.872529,
      34.875947
     ],
     [
      58.847396,
      34.94508
     ],
     [
      58.885294,
      35.005901
     ],
     [
      58.965107,
      35.060413
     ],
     [
      59.01559,
      35.110736
     ],
     [
      59.057641,
      35.1358
     ],
     [
      59.129012,
      35.154658
     ],
     [
      59.204594,
      35.186089
     ],
     [
      59.250844,
      35.213258
     ],
     [
      59.250883,
      35.244728
     ],
     [
      59.242531,
      35.28459
     ],
     [
      59.229982,
      35.322335
     ],
     [
      59.246849,
      35.372585
     ],
     [
      59.261595,
      35.40405
     ],
     [
      59.251105,
      35.42083
     ],
     [
      59.209137,
      35.462798
     ],
     [
      59.209174,
      35.492077
     ],
     [
      59.249182,
      35.557087
     ],
     [
      59.272357,
      35.598935
     ],
     [
      59.272419,
      35.647182
     ],
     [
      59.255674,
      35.70173
     ],
     [
      59.274639,
      35.741485
     ],
     [
      59.327189,
      35.762456
     ],
     [
      59.381743,
      35.777107
     ],
     [
      59.434317,
      35.806465
     ],
     [
      59.451182,
      35.852613
     ],
     [
      59.478478,
      35.900754
     ],
     [
      59.545746,
      35.928001
     ],
     [
      59.642367,
      35.972014
     ],
     [
      59.665537,
      36.007581
     ],
     [
      59.665599,
      36.053723
     ],
     [
      59.674084,
      36.114557
     ],
     [
      59.674207,
      36.204663
     ],
     [
      59.737066,
      36.196966
     ],
     [
      59.872643,
      36.102403
     ],
     [
      59.992316,
      36.044329
     ],
     [
      60.114261,
      36.014687
     ],
     [
      60.204382,
      36.014652
     ],
     [
      60.416584,
      36.044163
     ],
     [
      60.478182,
      36.066895
     ],
     [
      60.564958,
      36.116925
     ],
     [
      60.614009,
      36.132895
     ],
     [
      60.632315,
      36.181827
     ],
     [
      60.708835,
      36.240976
     ],
     [
      60.767049,
      36.286514
     ],
     [
      60.801377,
      36.335439
     ],
     [
      60.828818,
      36.384368
     ],
     [
      60.871581,
      36.445262
     ]
    ]
   }
  },
  {
   "type": "Feature",
   "properties": {
    "id": "ME2026-0050",
    "commodity": "gas",
    "status_class": "in_service",
    "name": null,
    "name_dist_pt": null,
    "name_ambiguous": null,
    "name_confidence": null,
    "commodity_conflict": null,
    "other_names": null,
    "diameter_in": null,
    "length_km": 17.89,
    "n_vertices": 4,
    "legend_class": "gas_in_service",
    "stroke_rgb": "#d7191f",
    "dashed": false,
    "source_map": "me2026",
    "source_file": "../energy-map-of-the-middle-east-2026-peregrine-bush.pdf",
    "source_page": 1,
    "source_title": "Energy Infrastructure Map of the Middle East, 2026 edition",
    "source_publisher": "Petroleum Economist / World Oil / Gulf Energy Information / Global Energy Infrastructure",
    "geometry_source": "stroke",
    "georef_order": 2,
    "georef_source": "map's own coastline vector registered to Natural Earth 10m coastline+lakes by trimmed ICP",
    "georef_insample_rmse_km": 0.97,
    "georef_holdout_layer": "ne_10m_admin_0_countries vs the map's own border strokes",
    "georef_holdout_median_km": 1.45,
    "georef_holdout_rmse_km": 1.6,
    "drawn_feature_offset_median_km": 3.06,
    "accuracy_tier": "medium"
   },
   "geometry": {
    "type": "LineString",
    "coordinates": [
     [
      60.411971,
      25.352637
     ],
     [
      60.418014,
      25.401865
     ],
     [
      60.468371,
      25.441401
     ],
     [
      60.512544,
      25.473754
     ]
    ]
   }
  },
  {
   "type": "Feature",
   "properties": {
    "id": "ME2026-0051",
    "commodity": "gas",
    "status_class": "in_service",
    "name": "Bandar Abbas-Rafsanjan Pipeline",
    "name_dist_pt": 63.6,
    "name_ambiguous": true,
    "name_confidence": "low",
    "commodity_conflict": null,
    "other_names": null,
    "diameter_in": "26",
    "length_km": 486.67,
    "n_vertices": 75,
    "legend_class": "gas_in_service",
    "stroke_rgb": "#d7191f",
    "dashed": false,
    "source_map": "me2026",
    "source_file": "../energy-map-of-the-middle-east-2026-peregrine-bush.pdf",
    "source_page": 1,
    "source_title": "Energy Infrastructure Map of the Middle East, 2026 edition",
    "source_publisher": "Petroleum Economist / World Oil / Gulf Energy Information / Global Energy Infrastructure",
    "geometry_source": "stroke",
    "georef_order": 2,
    "georef_source": "map's own coastline vector registered to Natural Earth 10m coastline+lakes by trimmed ICP",
    "georef_insample_rmse_km": 0.97,
    "georef_holdout_layer": "ne_10m_admin_0_countries vs the map's own border strokes",
    "georef_holdout_median_km": 1.45,
    "georef_holdout_rmse_km": 1.6,
    "drawn_feature_offset_median_km": 3.06,
    "accuracy_tier": "medium"
   },
   "geometry": {
    "type": "LineString",
    "coordinates": [
     [
      56.308616,
      27.204476
     ],
     [
      56.376517,
      27.257727
     ],
     [
      56.433549,
      27.30861
     ],
     [
      56.42871,
      27.337663
     ],
     [
      56.411696,
      27.371571
     ],
     [
      56.371712,
      27.414004
     ],
     [
      56.319781,
      27.454143
     ],
     [
      56.30658,
      27.476132
     ],
     [
      56.264328,
      27.507797
     ],
     [
      56.261694,
      27.534163
     ],
     [
      56.249256,
      27.590841
     ],
     [
      56.214926,
      27.615728
     ],
     [
      56.233516,
      27.669541
     ],
     [
      56.228692,
      27.703481
     ],
     [
      56.18427,
      27.727706
     ],
     [
      56.11553,
      27.746192
     ],
     [
      56.095276,
      27.756749
     ],
     [
      56.032787,
      27.808167
     ],
     [
      56.007582,
      27.833353
     ],
     [
      55.977334,
      27.845668
     ],
     [
      55.974702,
      27.874683
     ],
     [
      55.974718,
      27.925683
     ],
     [
      55.971215,
      27.957325
     ],
     [
      55.93327,
      27.995232
     ],
     [
      55.898959,
      28.029533
     ],
     [
      55.892802,
      28.060304
     ],
     [
      55.863775,
      28.098426
     ],
     [
      55.854101,
      28.150881
     ],
     [
      55.825953,
      28.208121
     ],
     [
      55.842678,
      28.224814
     ],
     [
      55.870874,
      28.266139
     ],
     [
      55.894656,
      28.297785
     ],
     [
      55.897304,
      28.315365
     ],
     [
      55.871771,
      28.332954
     ],
     [
      55.848019,
      28.382195
     ],
     [
      55.80931,
      28.443842
     ],
     [
      55.806717,
      28.535282
     ],
     [
      55.813765,
      28.588992
     ],
     [
      55.827868,
      28.620653
     ],
     [
      55.843721,
      28.634709
     ],
     [
      55.837593,
      28.698018
     ],
     [
      55.835851,
      28.762197
     ],
     [
      55.839401,
      28.818546
     ],
     [
      55.849108,
      28.880979
     ],
     [
      55.866527,
      28.928044
     ],
     [
      55.843516,
      28.975265
     ],
     [
      55.800773,
      29.055174
     ],
     [
      55.779676,
      29.151885
     ],
     [
      55.7559,
      29.292666
     ],
     [
      55.742726,
      29.381571
     ],
     [
      55.739224,
      29.404429
     ],
     [
      55.72975,
      29.477954
     ],
     [
      55.705571,
      29.601506
     ],
     [
      55.692277,
      29.686309
     ],
     [
      55.686541,
      29.812277
     ],
     [
      55.685957,
      29.895832
     ],
     [
      55.679097,
      29.955199
     ],
     [
      55.704572,
      29.991519
     ],
     [
      55.799177,
      30.003595
     ],
     [
      55.808659,
      30.058276
     ],
     [
      55.832842,
      30.10084
     ],
     [
      55.874084,
      30.161853
     ],
     [
      55.906838,
      30.211554
     ],
     [
      55.931016,
      30.242768
     ],
     [
      55.959468,
      30.288175
     ],
     [
      56.000703,
      30.354913
     ],
     [
      56.058231,
      30.354897
     ],
     [
      56.153413,
      30.308803
     ],
     [
      56.293344,
      30.302762
     ],
     [
      56.36557,
      30.279544
     ],
     [
      56.453086,
      30.309578
     ],
     [
      56.491776,
      30.309566
     ],
     [
      56.660931,
      30.245962
     ],
     [
      56.772467,
      30.196109
     ],
     [
      56.809566,
      30.206819
     ]
    ]
   }
  },
  {
   "type": "Feature",
   "properties": {
    "id": "ME2026-0052",
    "commodity": "gas",
    "status_class": "in_service",
    "name": null,
    "name_dist_pt": null,
    "name_ambiguous": null,
    "name_confidence": null,
    "commodity_conflict": null,
    "other_names": null,
    "diameter_in": null,
    "length_km": 97.31,
    "n_vertices": 10,
    "legend_class": "gas_in_service",
    "stroke_rgb": "#d7191f",
    "dashed": false,
    "source_map": "me2026",
    "source_file": "../energy-map-of-the-middle-east-2026-peregrine-bush.pdf",
    "source_page": 1,
    "source_title": "Energy Infrastructure Map of the Middle East, 2026 edition",
    "source_publisher": "Petroleum Economist / World Oil / Gulf Energy Information / Global Energy Infrastructure",
    "geometry_source": "stroke",
    "georef_order": 2,
    "georef_source": "map's own coastline vector registered to Natural Earth 10m coastline+lakes by trimmed ICP",
    "georef_insample_rmse_km": 0.97,
    "georef_holdout_layer": "ne_10m_admin_0_countries vs the map's own border strokes",
    "georef_holdout_median_km": 1.45,
    "georef_holdout_rmse_km": 1.6,
    "drawn_feature_offset_median_km": 3.06,
    "accuracy_tier": "medium"
   },
   "geometry": {
    "type": "LineString",
    "coordinates": [
     [
      55.289342,
      30.881856
     ],
     [
      55.279839,
      30.856337
     ],
     [
      55.365754,
      30.740608
     ],
     [
      55.42451,
      30.738125
     ],
     [
      55.674313,
      30.468673
     ],
     [
      55.820004,
      30.392086
     ],
     [
      55.863183,
      30.388372
     ],
     [
      55.921779,
      30.394516
     ],
     [
      55.969893,
      30.355852
     ],
     [
      55.997407,
      30.354127
     ]
    ]
   }
  },
  {
   "type": "Feature",
   "properties": {
    "id": "ME2026-0053",
    "commodity": "gas",
    "status_class": "in_service",
    "name": null,
    "name_dist_pt": null,
    "name_ambiguous": null,
    "name_confidence": null,
    "commodity_conflict": null,
    "other_names": null,
    "diameter_in": null,
    "length_km": 195.39,
    "n_vertices": 26,
    "legend_class": "gas_in_service",
    "stroke_rgb": "#d7191f",
    "dashed": false,
    "source_map": "me2026",
    "source_file": "../energy-map-of-the-middle-east-2026-peregrine-bush.pdf",
    "source_page": 1,
    "source_title": "Energy Infrastructure Map of the Middle East, 2026 edition",
    "source_publisher": "Petroleum Economist / World Oil / Gulf Energy Information / Global Energy Infrastructure",
    "geometry_source": "stroke",
    "georef_order": 2,
    "georef_source": "map's own coastline vector registered to Natural Earth 10m coastline+lakes by trimmed ICP",
    "georef_insample_rmse_km": 0.97,
    "georef_holdout_layer": "ne_10m_admin_0_countries vs the map's own border strokes",
    "georef_holdout_median_km": 1.45,
    "georef_holdout_rmse_km": 1.6,
    "drawn_feature_offset_median_km": 3.06,
    "accuracy_tier": "medium"
   },
   "geometry": {
    "type": "LineString",
    "coordinates": [
     [
      36.184559,
      36.593987
     ],
     [
      36.209666,
      36.619212
     ],
     [
      36.221493,
      36.659348
     ],
     [
      36.224029,
      36.683165
     ],
     [
      36.215306,
      36.72757
     ],
     [
      36.231633,
      36.786526
     ],
     [
      36.240491,
      36.875549
     ],
     [
      36.223003,
      36.908669
     ],
     [
      36.178741,
      36.976342
     ],
     [
      36.151245,
      37.001383
     ],
     [
      36.123787,
      37.062812
     ],
     [
      36.091275,
      37.082839
     ],
     [
      36.061262,
      37.102166
     ],
     [
      35.961892,
      37.104595
     ],
     [
      35.860514,
      37.068878
     ],
     [
      35.831676,
      37.032552
     ],
     [
      35.814866,
      37.008651
     ],
     [
      35.715995,
      36.975986
     ],
     [
      35.609122,
      36.968375
     ],
     [
      35.538982,
      36.901873
     ],
     [
      35.443883,
      36.879943
     ],
     [
      35.305732,
      36.874823
     ],
     [
      35.009436,
      36.878336
     ],
     [
      34.924359,
      36.873257
     ],
     [
      34.791223,
      36.859353
     ],
     [
      34.680817,
      36.839731
     ]
    ]
   }
  },
  {
   "type": "Feature",
   "properties": {
    "id": "ME2026-0054",
    "commodity": "gas",
    "status_class": "in_service",
    "name": null,
    "name_dist_pt": null,
    "name_ambiguous": null,
    "name_confidence": null,
    "commodity_conflict": null,
    "other_names": null,
    "diameter_in": null,
    "length_km": 914.48,
    "n_vertices": 123,
    "legend_class": "gas_in_service",
    "stroke_rgb": "#d7191f",
    "dashed": false,
    "source_map": "me2026",
    "source_file": "../energy-map-of-the-middle-east-2026-peregrine-bush.pdf",
    "source_page": 1,
    "source_title": "Energy Infrastructure Map of the Middle East, 2026 edition",
    "source_publisher": "Petroleum Economist / World Oil / Gulf Energy Information / Global Energy Infrastructure",
    "geometry_source": "stroke",
    "georef_order": 2,
    "georef_source": "map's own coastline vector registered to Natural Earth 10m coastline+lakes by trimmed ICP",
    "georef_insample_rmse_km": 0.97,
    "georef_holdout_layer": "ne_10m_admin_0_countries vs the map's own border strokes",
    "georef_holdout_median_km": 1.45,
    "georef_holdout_rmse_km": 1.6,
    "drawn_feature_offset_median_km": 3.06,
    "accuracy_tier": "medium"
   },
   "geometry": {
    "type": "LineString",
    "coordinates": [
     [
      48.964672,
      40.041558
     ],
     [
      48.960774,
      40.004032
     ],
     [
      48.948212,
      39.974942
     ],
     [
      48.935642,
      39.94124
     ],
     [
      48.901879,
      39.892148
     ],
     [
      48.889344,
      39.879641
     ],
     [
      48.886408,
      39.852684
     ],
     [
      48.892147,
      39.823815
     ],
     [
      48.903632,
      39.785106
     ],
     [
      48.920824,
      39.705218
     ],
     [
      48.925567,
      39.658059
     ],
     [
      48.925462,
      39.591435
     ],
     [
      48.904181,
      39.527894
     ],
     [
      48.886816,
      39.499034
     ],
     [
      48.852134,
      39.47207
     ],
     [
      48.828993,
      39.44897
     ],
     [
      48.787357,
      39.416982
     ],
     [
      48.77674,
      39.399658
     ],
     [
      48.741077,
      39.36404
     ],
     [
      48.699634,
      39.322647
     ],
     [
      48.635042,
      39.252368
     ],
     [
      48.631168,
      39.236002
     ],
     [
      48.631113,
      39.200173
     ],
     [
      48.64256,
      39.134739
     ],
     [
      48.658905,
      39.123195
     ],
     [
      48.689684,
      39.107792
     ],
     [
      48.732943,
      39.077963
     ],
     [
      48.755045,
      39.055841
     ],
     [
      48.759841,
      39.041401
     ],
     [
      48.759803,
      39.016163
     ],
     [
      48.759706,
      38.951672
     ],
     [
      48.789465,
      38.909651
     ],
     [
      48.799235,
      38.863137
     ],
     [
      48.826992,
      38.759941
     ],
     [
      48.822352,
      38.716341
     ],
     [
      48.842809,
      38.635586
     ],
     [
      48.843206,
      38.501025
     ],
     [
      48.849637,
      38.453675
     ],
     [
      48.827494,
      38.448648
     ],
     [
      48.79283,
      38.431321
     ],
     [
      48.766599,
      38.411163
     ],
     [
      48.717511,
      38.403396
     ],
     [
      48.678042,
      38.393766
     ],
     [
      48.629899,
      38.377392
     ],
     [
      48.578645,
      38.352352
     ],
     [
      48.514151,
      38.335019
     ],
     [
      48.432335,
      38.322488
     ],
     [
      48.375443,
      38.279326
     ],
     [
      48.334255,
      38.250281
     ],
     [
      48.257028,
      38.194963
     ],
     [
      48.199633,
      38.144794
     ],
     [
      48.109543,
      38.08819
     ],
     [
      48.02588,
      38.030825
     ],
     [
      47.908029,
      37.961362
     ],
     [
      47.856583,
      37.948485
     ],
     [
      47.719528,
      37.938166
     ],
     [
      47.52975,
      37.913686
     ],
     [
      47.361836,
      37.894353
     ],
     [
      47.345144,
      37.907215
     ],
     [
      47.28476,
      37.938065
     ],
     [
      47.196642,
      37.976629
     ],
     [
      47.07329,
      38.030604
     ],
     [
      46.839241,
      38.13289
     ],
     [
      46.710681,
      38.12385
     ],
     [
      46.618641,
      38.109688
     ],
     [
      46.458477,
      38.094211
     ],
     [
      46.340203,
      38.081311
     ],
     [
      46.299047,
      38.072306
     ],
     [
      46.261085,
      38.117296
     ],
     [
      46.14049,
      38.289056
     ],
     [
      46.071753,
      38.385488
     ],
     [
      45.875651,
      38.40472
     ],
     [
      45.610183,
      38.441925
     ],
     [
      45.428248,
      38.469618
     ],
     [
      45.375619,
      38.51333
     ],
     [
      45.337111,
      38.551903
     ],
     [
      45.270873,
      38.58531
     ],
     [
      45.219575,
      38.670924
     ],
     [
      45.226091,
      38.728806
     ],
     [
      45.246762,
      38.805974
     ],
     [
      45.245498,
      38.8273
     ],
     [
      45.224965,
      38.847857
     ],
     [
      45.182578,
      38.862003
     ],
     [
      45.105998,
      38.850392
     ],
     [
      45.050783,
      38.89282
     ],
     [
      44.981604,
      39.040145
     ],
     [
      44.948343,
      39.157176
     ],
     [
      44.88599,
      39.204733
     ],
     [
      44.605195,
      39.283821
     ],
     [
      44.576937,
      39.287671
     ],
     [
      44.538399,
      39.30051
     ],
     [
      44.442574,
      39.314633
     ],
     [
      44.411791,
      39.345486
     ],
     [
      44.404149,
      39.395641
     ],
     [
      44.381431,
      39.416729
     ],
     [
      44.371174,
      39.431951
     ],
     [
      44.328067,
      39.453261
     ],
     [
      44.276715,
      39.47706
     ],
     [
      44.270491,
      39.495867
     ],
     [
      44.247997,
      39.537241
     ],
     [
      44.225476,
      39.559806
     ],
     [
      44.197922,
      39.572334
     ],
     [
      44.069582,
      39.569775
     ],
     [
      43.988134,
      39.569741
     ],
     [
      43.878615,
      39.574718
     ],
     [
      43.818473,
      39.579703
     ],
     [
      43.779672,
      39.607271
     ],
     [
      43.727806,
      39.631613
     ],
     [
      43.691461,
      39.626586
     ],
     [
      43.633826,
      39.625302
     ],
     [
      43.513054,
      39.645317
     ],
     [
      43.357207,
      39.674091
     ],
     [
      43.151292,
      39.726672
     ],
     [
      43.063612,
      39.739158
     ],
     [
      42.910301,
      39.774211
     ],
     [
      42.655541,
      39.824779
     ],
     [
      42.54725,
      39.809681
     ],
     [
      42.484636,
      39.818425
     ],
     [
      42.41328,
      39.849738
     ],
     [
      42.373988,
      39.89863
     ],
     [
      42.296423,
      39.965053
     ],
     [
      42.209496,
      39.987594
     ],
     [
      42.118079,
      39.997569
     ]
    ]
   }
  },
  {
   "type": "Feature",
   "properties": {
    "id": "ME2026-0055",
    "commodity": "gas",
    "status_class": "in_service",
    "name": null,
    "name_dist_pt": null,
    "name_ambiguous": null,
    "name_confidence": null,
    "commodity_conflict": null,
    "other_names": null,
    "diameter_in": null,
    "length_km": 153.62,
    "n_vertices": 32,
    "legend_class": "gas_in_service",
    "stroke_rgb": "#d7191f",
    "dashed": false,
    "source_map": "me2026",
    "source_file": "../energy-map-of-the-middle-east-2026-peregrine-bush.pdf",
    "source_page": 1,
    "source_title": "Energy Infrastructure Map of the Middle East, 2026 edition",
    "source_publisher": "Petroleum Economist / World Oil / Gulf Energy Information / Global Energy Infrastructure",
    "geometry_source": "stroke",
    "georef_order": 2,
    "georef_source": "map's own coastline vector registered to Natural Earth 10m coastline+lakes by trimmed ICP",
    "georef_insample_rmse_km": 0.97,
    "georef_holdout_layer": "ne_10m_admin_0_countries vs the map's own border strokes",
    "georef_holdout_median_km": 1.45,
    "georef_holdout_rmse_km": 1.6,
    "drawn_feature_offset_median_km": 3.06,
    "accuracy_tier": "medium"
   },
   "geometry": {
    "type": "LineString",
    "coordinates": [
     [
      43.385999,
      38.506734
     ],
     [
      43.413753,
      38.536
     ],
     [
      43.467649,
      38.55609
     ],
     [
      43.524062,
      38.577428
     ],
     [
      43.584757,
      38.59878
     ],
     [
      43.644939,
      38.633918
     ],
     [
      43.66129,
      38.670828
     ],
     [
      43.672633,
      38.723506
     ],
     [
      43.68524,
      38.781184
     ],
     [
      43.682828,
      38.846929
     ],
     [
      43.687919,
      38.907133
     ],
     [
      43.687945,
      38.925942
     ],
     [
      43.697984,
      38.93598
     ],
     [
      43.753115,
      38.93725
     ],
     [
      43.820055,
      38.942301
     ],
     [
      43.870179,
      38.951097
     ],
     [
      43.885235,
      38.959891
     ],
     [
      43.919106,
      38.993759
     ],
     [
      43.974832,
      39.028894
     ],
     [
      44.0112,
      39.057026
     ],
     [
      44.031291,
      39.085877
     ],
     [
      44.042612,
      39.120994
     ],
     [
      44.05523,
      39.174933
     ],
     [
      44.044051,
      39.246933
     ],
     [
      44.032861,
      39.310896
     ],
     [
      44.009148,
      39.36982
     ],
     [
      43.999185,
      39.412457
     ],
     [
      44.003084,
      39.440575
     ],
     [
      44.010543,
      39.47194
     ],
     [
      44.014348,
      39.493256
     ],
     [
      44.010616,
      39.520839
     ],
     [
      44.069582,
      39.569775
     ]
    ]
   }
  },
  {
   "type": "Feature",
   "properties": {
    "id": "ME2026-0056",
    "commodity": "gas",
    "status_class": "in_service",
    "name": null,
    "name_dist_pt": null,
    "name_ambiguous": null,
    "name_confidence": null,
    "commodity_conflict": null,
    "other_names": null,
    "diameter_in": null,
    "length_km": 14.59,
    "n_vertices": 3,
    "legend_class": "gas_in_service",
    "stroke_rgb": "#d7191f",
    "dashed": false,
    "source_map": "me2026",
    "source_file": "../energy-map-of-the-middle-east-2026-peregrine-bush.pdf",
    "source_page": 1,
    "source_title": "Energy Infrastructure Map of the Middle East, 2026 edition",
    "source_publisher": "Petroleum Economist / World Oil / Gulf Energy Information / Global Energy Infrastructure",
    "geometry_source": "stroke",
    "georef_order": 2,
    "georef_source": "map's own coastline vector registered to Natural Earth 10m coastline+lakes by trimmed ICP",
    "georef_insample_rmse_km": 0.97,
    "georef_holdout_layer": "ne_10m_admin_0_countries vs the map's own border strokes",
    "georef_holdout_median_km": 1.45,
    "georef_holdout_rmse_km": 1.6,
    "drawn_feature_offset_median_km": 3.06,
    "accuracy_tier": "medium"
   },
   "geometry": {
    "type": "LineString",
    "coordinates": [
     [
      41.53661,
      40.029142
     ],
     [
      41.472678,
      39.98971
     ],
     [
      41.421669,
      39.933727
     ]
    ]
   }
  },
  {
   "type": "Feature",
   "properties": {
    "id": "ME2026-0057",
    "commodity": "gas",
    "status_class": "in_service",
    "name": null,
    "name_dist_pt": null,
    "name_ambiguous": null,
    "name_confidence": null,
    "commodity_conflict": null,
    "other_names": null,
    "diameter_in": null,
    "length_km": 5.13,
    "n_vertices": 2,
    "legend_class": "gas_in_service",
    "stroke_rgb": "#d7191f",
    "dashed": false,
    "source_map": "me2026",
    "source_file": "../energy-map-of-the-middle-east-2026-peregrine-bush.pdf",
    "source_page": 1,
    "source_title": "Energy Infrastructure Map of the Middle East, 2026 edition",
    "source_publisher": "Petroleum Economist / World Oil / Gulf Energy Information / Global Energy Infrastructure",
    "geometry_source": "stroke",
    "georef_order": 2,
    "georef_source": "map's own coastline vector registered to Natural Earth 10m coastline+lakes by trimmed ICP",
    "georef_insample_rmse_km": 0.97,
    "georef_holdout_layer": "ne_10m_admin_0_countries vs the map's own border strokes",
    "georef_holdout_median_km": 1.45,
    "georef_holdout_rmse_km": 1.6,
    "drawn_feature_offset_median_km": 3.06,
    "accuracy_tier": "medium"
   },
   "geometry": {
    "type": "LineString",
    "coordinates": [
     [
      33.999257,
      37.535362
     ],
     [
      34.056786,
      37.529143
     ]
    ]
   }
  },
  {
   "type": "Feature",
   "properties": {
    "id": "ME2026-0058",
    "commodity": "gas",
    "status_class": "in_service",
    "name": null,
    "name_dist_pt": null,
    "name_ambiguous": null,
    "name_confidence": null,
    "commodity_conflict": null,
    "other_names": null,
    "diameter_in": null,
    "length_km": 105.16,
    "n_vertices": 14,
    "legend_class": "gas_in_service",
    "stroke_rgb": "#d7191f",
    "dashed": false,
    "source_map": "me2026",
    "source_file": "../energy-map-of-the-middle-east-2026-peregrine-bush.pdf",
    "source_page": 1,
    "source_title": "Energy Infrastructure Map of the Middle East, 2026 edition",
    "source_publisher": "Petroleum Economist / World Oil / Gulf Energy Information / Global Energy Infrastructure",
    "geometry_source": "stroke",
    "georef_order": 2,
    "georef_source": "map's own coastline vector registered to Natural Earth 10m coastline+lakes by trimmed ICP",
    "georef_insample_rmse_km": 0.97,
    "georef_holdout_layer": "ne_10m_admin_0_countries vs the map's own border strokes",
    "georef_holdout_median_km": 1.45,
    "georef_holdout_rmse_km": 1.6,
    "drawn_feature_offset_median_km": 3.06,
    "accuracy_tier": "medium"
   },
   "geometry": {
    "type": "LineString",
    "coordinates": [
     [
      36.924736,
      37.57097
     ],
     [
      36.90593,
      37.483776
     ],
     [
      36.885788,
      37.377896
     ],
     [
      36.865762,
      37.366603
     ],
     [
      36.82566,
      37.31893
     ],
     [
      36.776264,
      37.264437
     ],
     [
      36.706164,
      37.24057
     ],
     [
      36.624826,
      37.243015
     ],
     [
      36.574254,
      37.250504
     ],
     [
      36.39601,
      37.227802
     ],
     [
      36.312118,
      37.17632
     ],
     [
      36.234508,
      37.147424
     ],
     [
      36.153877,
      37.127311
     ],
     [
      36.066512,
      37.098794
     ]
    ]
   }
  },
  {
   "type": "Feature",
   "properties": {
    "id": "ME2026-0059",
    "commodity": "gas",
    "status_class": "in_service",
    "name": null,
    "name_dist_pt": null,
    "name_ambiguous": null,
    "name_confidence": null,
    "commodity_conflict": null,
    "other_names": null,
    "diameter_in": null,
    "length_km": 28.65,
    "n_vertices": 7,
    "legend_class": "gas_in_service",
    "stroke_rgb": "#d7191f",
    "dashed": false,
    "source_map": "me2026",
    "source_file": "../energy-map-of-the-middle-east-2026-peregrine-bush.pdf",
    "source_page": 1,
    "source_title": "Energy Infrastructure Map of the Middle East, 2026 edition",
    "source_publisher": "Petroleum Economist / World Oil / Gulf Energy Information / Global Energy Infrastructure",
    "geometry_source": "stroke",
    "georef_order": 2,
    "georef_source": "map's own coastline vector registered to Natural Earth 10m coastline+lakes by trimmed ICP",
    "georef_insample_rmse_km": 0.97,
    "georef_holdout_layer": "ne_10m_admin_0_countries vs the map's own border strokes",
    "georef_holdout_median_km": 1.45,
    "georef_holdout_rmse_km": 1.6,
    "drawn_feature_offset_median_km": 3.06,
    "accuracy_tier": "medium"
   },
   "geometry": {
    "type": "LineString",
    "coordinates": [
     [
      38.789324,
      37.169052
     ],
     [
      38.763295,
      37.208124
     ],
     [
      38.737056,
      37.242682
     ],
     [
      38.722767,
      37.257001
     ],
     [
      38.677732,
      37.283306
     ],
     [
      38.636446,
      37.30136
     ],
     [
      38.591635,
      37.364926
     ]
    ]
   }
  },
  {
   "type": "Feature",
   "properties": {
    "id": "ME2026-0060",
    "commodity": "gas",
    "status_class": "in_service",
    "name": null,
    "name_dist_pt": null,
    "name_ambiguous": null,
    "name_confidence": null,
    "commodity_conflict": null,
    "other_names": null,
    "diameter_in": null,
    "length_km": 23.16,
    "n_vertices": 6,
    "legend_class": "gas_in_service",
    "stroke_rgb": "#d7191f",
    "dashed": false,
    "source_map": "me2026",
    "source_file": "../energy-map-of-the-middle-east-2026-peregrine-bush.pdf",
    "source_page": 1,
    "source_title": "Energy Infrastructure Map of the Middle East, 2026 edition",
    "source_publisher": "Petroleum Economist / World Oil / Gulf Energy Information / Global Energy Infrastructure",
    "geometry_source": "stroke",
    "georef_order": 2,
    "georef_source": "map's own coastline vector registered to Natural Earth 10m coastline+lakes by trimmed ICP",
    "georef_insample_rmse_km": 0.97,
    "georef_holdout_layer": "ne_10m_admin_0_countries vs the map's own border strokes",
    "georef_holdout_median_km": 1.45,
    "georef_holdout_rmse_km": 1.6,
    "drawn_feature_offset_median_km": 3.06,
    "accuracy_tier": "medium"
   },
   "geometry": {
    "type": "LineString",
    "coordinates": [
     [
      38.320107,
      37.761193
     ],
     [
      38.267874,
      37.744808
     ],
     [
      38.207778,
      37.728467
     ],
     [
      38.164649,
      37.717147
     ],
     [
      38.140881,
      37.702088
     ],
     [
      38.089523,
      37.667672
     ]
    ]
   }
  },
  {
   "type": "Feature",
   "properties": {
    "id": "ME2026-0061",
    "commodity": "gas",
    "status_class": "in_service",
    "name": null,
    "name_dist_pt": null,
    "name_ambiguous": null,
    "name_confidence": null,
    "commodity_conflict": null,
    "other_names": null,
    "diameter_in": null,
    "length_km": 55.26,
    "n_vertices": 12,
    "legend_class": "gas_in_service",
    "stroke_rgb": "#d7191f",
    "dashed": false,
    "source_map": "me2026",
    "source_file": "../energy-map-of-the-middle-east-2026-peregrine-bush.pdf",
    "source_page": 1,
    "source_title": "Energy Infrastructure Map of the Middle East, 2026 edition",
    "source_publisher": "Petroleum Economist / World Oil / Gulf Energy Information / Global Energy Infrastructure",
    "geometry_source": "stroke",
    "georef_order": 2,
    "georef_source": "map's own coastline vector registered to Natural Earth 10m coastline+lakes by trimmed ICP",
    "georef_insample_rmse_km": 0.97,
    "georef_holdout_layer": "ne_10m_admin_0_countries vs the map's own border strokes",
    "georef_holdout_median_km": 1.45,
    "georef_holdout_rmse_km": 1.6,
    "drawn_feature_offset_median_km": 3.06,
    "accuracy_tier": "medium"
   },
   "geometry": {
    "type": "LineString",
    "coordinates": [
     [
      37.395435,
      37.090027
     ],
     [
      37.334596,
      37.125672
     ],
     [
      37.324613,
      37.153244
     ],
     [
      37.305889,
      37.195864
     ],
     [
      37.285907,
      37.237225
     ],
     [
      37.233379,
      37.272295
     ],
     [
      37.170338,
      37.32419
     ],
     [
      37.166607,
      37.346756
     ],
     [
      37.156647,
      37.39564
     ],
     [
      37.142906,
      37.420716
     ],
     [
      37.115417,
      37.454557
     ],
     [
      37.070407,
      37.492669
     ]
    ]
   }
  },
  {
   "type": "Feature",
   "properties": {
    "id": "ME2026-0062",
    "commodity": "gas",
    "status_class": "in_service",
    "name": "Arab Gas Pipeline",
    "name_dist_pt": 20.9,
    "name_ambiguous": false,
    "name_confidence": "medium",
    "commodity_conflict": null,
    "other_names": null,
    "diameter_in": "30",
    "length_km": 1292.41,
    "n_vertices": 82,
    "legend_class": "gas_in_service",
    "stroke_rgb": "#d7191f",
    "dashed": false,
    "source_map": "me2026",
    "source_file": "../energy-map-of-the-middle-east-2026-peregrine-bush.pdf",
    "source_page": 1,
    "source_title": "Energy Infrastructure Map of the Middle East, 2026 edition",
    "source_publisher": "Petroleum Economist / World Oil / Gulf Energy Information / Global Energy Infrastructure",
    "geometry_source": "stroke",
    "georef_order": 2,
    "georef_source": "map's own coastline vector registered to Natural Earth 10m coastline+lakes by trimmed ICP",
    "georef_insample_rmse_km": 0.97,
    "georef_holdout_layer": "ne_10m_admin_0_countries vs the map's own border strokes",
    "georef_holdout_median_km": 1.45,
    "georef_holdout_rmse_km": 1.6,
    "drawn_feature_offset_median_km": 3.06,
    "accuracy_tier": "medium"
   },
   "geometry": {
    "type": "LineString",
    "coordinates": [
     [
      37.148462,
      36.198429
     ],
     [
      37.225533,
      36.210862
     ],
     [
      37.31454,
      36.212267
     ],
     [
      37.546295,
      36.187124
     ],
     [
      37.623967,
      36.165891
     ],
     [
      37.739451,
      36.072174
     ],
     [
      37.965085,
      35.89467
     ],
     [
      37.979676,
      35.880037
     ],
     [
      38.000317,
      35.825487
     ],
     [
      38.014121,
      35.769602
     ],
     [
      38.048607,
      35.715752
     ],
     [
      38.065865,
      35.698459
     ],
     [
      38.232515,
      35.624038
     ],
     [
      38.332106,
      35.572201
     ],
     [
      38.462879,
      35.49312
     ],
     [
      38.567101,
      35.439954
     ],
     [
      38.709171,
      35.327614
     ],
     [
      38.790834,
      35.293056
     ],
     [
      38.828012,
      35.27045
     ],
     [
      38.853203,
      35.202604
     ],
     [
      38.886326,
      35.100833
     ],
     [
      38.894241,
      35.032966
     ],
     [
      38.894197,
      34.981066
     ],
     [
      38.827676,
      34.880567
     ],
     [
      38.806365,
      34.82333
     ],
     [
      38.703325,
      34.706849
     ],
     [
      38.637185,
      34.62213
     ],
     [
      38.621418,
      34.590599
     ],
     [
      38.592203,
      34.525203
     ],
     [
      38.325892,
      34.561666
     ],
     [
      38.275558,
      34.551652
     ],
     [
      38.250799,
      34.542864
     ],
     [
      38.109493,
      34.50357
     ],
     [
      37.663691,
      34.531705
     ],
     [
      37.60432,
      34.526004
     ],
     [
      37.325056,
      34.575695
     ],
     [
      37.086678,
      34.611325
     ],
     [
      36.820131,
      34.722547
     ],
     [
      36.710567,
      34.872706
     ],
     [
      36.556633,
      35.252074
     ],
     [
      36.325774,
      35.331769
     ],
     [
      36.304161,
      35.600904
     ],
     [
      36.447542,
      35.91997
     ],
     [
      36.547525,
      36.075876
     ],
     [
      36.770011,
      36.20398
     ],
     [
      37.111532,
      36.227832
     ],
     [
      37.148088,
      36.198428
     ],
     [
      36.774607,
      36.173283
     ],
     [
      36.570631,
      36.052708
     ],
     [
      36.4722,
      35.89097
     ],
     [
      36.339805,
      35.594783
     ],
     [
      36.358194,
      35.354627
     ],
     [
      36.580563,
      35.272964
     ],
     [
      36.664709,
      35.063446
     ],
     [
      36.749547,
      34.86724
     ],
     [
      36.845812,
      34.743075
     ],
     [
      37.095142,
      34.639875
     ],
     [
      37.338075,
      34.604841
     ],
     [
      37.608412,
      34.554369
     ],
     [
      37.661986,
      34.559983
     ],
     [
      38.108489,
      34.531944
     ],
     [
      38.237519,
      34.568084
     ],
     [
      38.275558,
      34.551652
     ],
     [
      38.263196,
      34.515718
     ],
     [
      38.115739,
      34.473565
     ],
     [
      37.663125,
      34.502314
     ],
     [
      37.61008,
      34.492986
     ],
     [
      37.080952,
      34.579341
     ],
     [
      36.805846,
      34.693642
     ],
     [
      36.717578,
      34.744146
     ],
     [
      36.671594,
      34.703772
     ],
     [
      36.570794,
      34.694795
     ],
     [
      36.411418,
      34.690701
     ],
     [
      36.35498,
      34.666702
     ],
     [
      36.297868,
      34.661337
     ],
     [
      36.230121,
      34.661288
     ],
     [
      36.137173,
      34.660264
     ],
     [
      36.120141,
      34.637225
     ],
     [
      36.067883,
      34.581297
     ],
     [
      36.01586,
      34.530355
     ],
     [
      35.91137,
      34.462494
     ],
     [
      35.854845,
      34.443879
     ]
    ]
   }
  },
  {
   "type": "Feature",
   "properties": {
    "id": "ME2026-0063",
    "commodity": "gas",
    "status_class": "in_service",
    "name": null,
    "name_dist_pt": null,
    "name_ambiguous": null,
    "name_confidence": null,
    "commodity_conflict": null,
    "other_names": null,
    "diameter_in": "36",
    "length_km": 202.08,
    "n_vertices": 22,
    "legend_class": "gas_in_service",
    "stroke_rgb": "#d7191f",
    "dashed": false,
    "source_map": "me2026",
    "source_file": "../energy-map-of-the-middle-east-2026-peregrine-bush.pdf",
    "source_page": 1,
    "source_title": "Energy Infrastructure Map of the Middle East, 2026 edition",
    "source_publisher": "Petroleum Economist / World Oil / Gulf Energy Information / Global Energy Infrastructure",
    "geometry_source": "stroke",
    "georef_order": 2,
    "georef_source": "map's own coastline vector registered to Natural Earth 10m coastline+lakes by trimmed ICP",
    "georef_insample_rmse_km": 0.97,
    "georef_holdout_layer": "ne_10m_admin_0_countries vs the map's own border strokes",
    "georef_holdout_median_km": 1.45,
    "georef_holdout_rmse_km": 1.6,
    "drawn_feature_offset_median_km": 3.06,
    "accuracy_tier": "medium"
   },
   "geometry": {
    "type": "LineString",
    "coordinates": [
     [
      36.748442,
      35.140694
     ],
     [
      36.732365,
      34.961719
     ],
     [
      36.724276,
      34.813993
     ],
     [
      36.717578,
      34.744146
     ],
     [
      36.658799,
      34.743403
     ],
     [
      36.619298,
      34.76138
     ],
     [
      36.242145,
      34.750462
     ],
     [
      36.172478,
      34.764483
     ],
     [
      36.001431,
      34.800162
     ],
     [
      35.948849,
      34.884969
     ],
     [
      35.931885,
      34.933441
     ],
     [
      35.915339,
      34.944791
     ],
     [
      35.907066,
      34.973704
     ],
     [
      35.925,
      35.051909
     ],
     [
      35.942927,
      35.105211
     ],
     [
      35.970021,
      35.189195
     ],
     [
      35.992706,
      35.21236
     ],
     [
      35.985321,
      35.248171
     ],
     [
      35.962767,
      35.381476
     ],
     [
      35.950612,
      35.443505
     ],
     [
      35.884239,
      35.505978
     ],
     [
      35.829827,
      35.547841
     ]
    ]
   }
  },
  {
   "type": "Feature",
   "properties": {
    "id": "ME2026-0064",
    "commodity": "gas",
    "status_class": "in_service",
    "name": null,
    "name_dist_pt": null,
    "name_ambiguous": null,
    "name_confidence": null,
    "commodity_conflict": null,
    "other_names": null,
    "diameter_in": "36",
    "length_km": 885.87,
    "n_vertices": 140,
    "legend_class": "gas_in_service",
    "stroke_rgb": "#d7191f",
    "dashed": false,
    "source_map": "me2026",
    "source_file": "../energy-map-of-the-middle-east-2026-peregrine-bush.pdf",
    "source_page": 1,
    "source_title": "Energy Infrastructure Map of the Middle East, 2026 edition",
    "source_publisher": "Petroleum Economist / World Oil / Gulf Energy Information / Global Energy Infrastructure",
    "geometry_source": "stroke",
    "georef_order": 2,
    "georef_source": "map's own coastline vector registered to Natural Earth 10m coastline+lakes by trimmed ICP",
    "georef_insample_rmse_km": 0.97,
    "georef_holdout_layer": "ne_10m_admin_0_countries vs the map's own border strokes",
    "georef_holdout_median_km": 1.45,
    "georef_holdout_rmse_km": 1.6,
    "drawn_feature_offset_median_km": 3.06,
    "accuracy_tier": "medium"
   },
   "geometry": {
    "type": "LineString",
    "coordinates": [
     [
      33.990537,
      30.897289
     ],
     [
      34.033745,
      30.881607
     ],
     [
      34.050714,
      30.873116
     ],
     [
      34.069999,
      30.858444
     ],
     [
      34.083874,
      30.837575
     ],
     [
      34.108034,
      30.817487
     ],
     [
      34.13118,
      30.799721
     ],
     [
      34.162802,
      30.785822
     ],
     [
      34.189814,
      30.776563
     ],
     [
      34.213725,
      30.774271
     ],
     [
      34.237635,
      30.762688
     ],
     [
      34.255381,
      30.724812
     ],
     [
      34.275416,
      30.671223
     ],
     [
      34.304214,
      30.656546
     ],
     [
      34.340472,
      30.643436
     ],
     [
      34.369018,
      30.634179
     ],
     [
      34.382133,
      30.612534
     ],
     [
      34.382125,
      30.580052
     ],
     [
      34.375164,
      30.549125
     ],
     [
      34.36899,
      30.524381
     ],
     [
      34.375144,
      30.466136
     ],
     [
      34.372587,
      30.425462
     ],
     [
      34.401956,
      30.370465
     ],
     [
      34.423022,
      30.326422
     ],
     [
      34.440208,
      30.30922
     ],
     [
      34.471263,
      30.292004
     ],
     [
      34.494147,
      30.278134
     ],
     [
      34.522979,
      30.249255
     ],
     [
      34.551256,
      30.215923
     ],
     [
      34.576199,
      30.174811
     ],
     [
      34.597822,
      30.131482
     ],
     [
      34.618331,
      30.069655
     ],
     [
      34.670027,
      29.906706
     ],
     [
      34.697188,
      29.836695
     ],
     [
      34.718251,
      29.754461
     ],
     [
      34.732111,
      29.685965
     ],
     [
      34.755946,
      29.645409
     ],
     [
      34.765373,
      29.635968
     ],
     [
      34.795877,
      29.624328
     ],
     [
      34.813621,
      29.615438
     ],
     [
      34.840793,
      29.5999
     ],
     [
      34.846887,
      29.589344
     ],
     [
      34.854645,
      29.554341
     ],
     [
      34.867003,
      29.529744
     ],
     [
      34.896381,
      29.491417
     ],
     [
      34.913027,
      29.48532
     ],
     [
      34.927996,
      29.47921
     ],
     [
      34.940201,
      29.480888
     ],
     [
      34.980139,
      29.509817
     ],
     [
      35.000098,
      29.52984
     ],
     [
      35.021733,
      29.542787
     ],
     [
      35.064037,
      29.564483
     ],
     [
      35.079575,
      29.568946
     ],
     [
      35.102862,
      29.562297
     ],
     [
      35.133923,
      29.553984
     ],
     [
      35.145018,
      29.55565
     ],
     [
      35.167755,
      29.581796
     ],
     [
      35.187726,
      29.601819
     ],
     [
      35.206033,
      29.634071
     ],
     [
      35.228227,
      29.659091
     ],
     [
      35.269424,
      29.69246
     ],
     [
      35.293827,
      29.7136
     ],
     [
      35.312691,
      29.746554
     ],
     [
      35.33932,
      29.79547
     ],
     [
      35.36596,
      29.831067
     ],
     [
      35.400347,
      29.850544
     ],
     [
      35.450976,
      29.878923
     ],
     [
      35.467073,
      29.897831
     ],
     [
      35.47373,
      29.919502
     ],
     [
      35.484834,
      29.967464
     ],
     [
      35.48705,
      29.995253
     ],
     [
      35.499257,
      30.00304
     ],
     [
      35.523675,
      30.027519
     ],
     [
      35.561387,
      30.05866
     ],
     [
      35.596346,
      30.087028
     ],
     [
      35.621304,
      30.097619
     ],
     [
      35.64142,
      30.102218
     ],
     [
      35.678048,
      30.138923
     ],
     [
      35.727973,
      30.188981
     ],
     [
      35.762941,
      30.24959
     ],
     [
      35.78403,
      30.331457
     ],
     [
      35.806241,
      30.40539
     ],
     [
      35.814023,
      30.47653
     ],
     [
      35.826402,
      30.574506
     ],
     [
      35.83086,
      30.627304
     ],
     [
      35.855278,
      30.680685
     ],
     [
      35.863599,
      30.689026
     ],
     [
      35.891892,
      30.697381
     ],
     [
      35.932393,
      30.710898
     ],
     [
      35.946271,
      30.724808
     ],
     [
      35.984005,
      30.76985
     ],
     [
      36.002874,
      30.795426
     ],
     [
      36.017865,
      30.853797
     ],
     [
      36.038558,
      30.920096
     ],
     [
      36.045227,
      30.971239
     ],
     [
      36.040809,
      31.010144
     ],
     [
      36.028626,
      31.082385
     ],
     [
      36.021994,
      31.144226
     ],
     [
      36.019795,
      31.207026
     ],
     [
      36.056436,
      31.259316
     ],
     [
      36.083069,
      31.280034
     ],
     [
      36.123027,
      31.320083
     ],
     [
      36.152993,
      31.372912
     ],
     [
      36.153011,
      31.420713
     ],
     [
      36.097354,
      31.563991
     ],
     [
      36.088259,
      31.587541
     ],
     [
      36.073866,
      31.618684
     ],
     [
      36.029891,
      31.653618
     ],
     [
      35.996723,
      31.686841
     ],
     [
      35.960333,
      31.72328
     ],
     [
      35.958102,
      31.815989
     ],
     [
      35.958121,
      31.860052
     ],
     [
      35.967999,
      31.888745
     ],
     [
      35.988467,
      31.891796
     ],
     [
      36.013503,
      31.902448
     ],
     [
      36.04365,
      31.920714
     ],
     [
      36.073258,
      31.975444
     ],
     [
      36.083154,
      32.043844
     ],
     [
      36.09757,
      32.067217
     ],
     [
      36.130199,
      32.123474
     ],
     [
      36.132516,
      32.197181
     ],
     [
      36.143207,
      32.355053
     ],
     [
      36.160726,
      32.496223
     ],
     [
      36.179774,
      32.667763
     ],
     [
      36.207185,
      32.866702
     ],
     [
      36.263305,
      33.190261
     ],
     [
      36.29297,
      33.34208
     ],
     [
      36.315801,
      33.470337
     ],
     [
      36.327208,
      33.501501
     ],
     [
      36.340865,
      33.519745
     ],
     [
      36.507595,
      33.606301
     ],
     [
      36.681158,
      33.698668
     ],
     [
      36.692542,
      33.710074
     ],
     [
      36.852549,
      33.92476
     ],
     [
      36.973267,
      34.089569
     ],
     [
      37.089201,
      34.192811
     ],
     [
      37.097552,
      34.20119
     ],
     [
      36.796132,
      34.579809
     ],
     [
      36.725487,
      34.665634
     ],
     [
      36.717578,
      34.744146
     ]
    ]
   }
  },
  {
   "type": "Feature",
   "properties": {
    "id": "ME2026-0065",
    "commodity": "gas",
    "status_class": "in_service",
    "name": null,
    "name_dist_pt": null,
    "name_ambiguous": null,
    "name_confidence": null,
    "commodity_conflict": null,
    "other_names": null,
    "diameter_in": null,
    "length_km": 463.98,
    "n_vertices": 23,
    "legend_class": "gas_in_service",
    "stroke_rgb": "#d7191f",
    "dashed": false,
    "source_map": "me2026",
    "source_file": "../energy-map-of-the-middle-east-2026-peregrine-bush.pdf",
    "source_page": 1,
    "source_title": "Energy Infrastructure Map of the Middle East, 2026 edition",
    "source_publisher": "Petroleum Economist / World Oil / Gulf Energy Information / Global Energy Infrastructure",
    "geometry_source": "stroke",
    "georef_order": 2,
    "georef_source": "map's own coastline vector registered to Natural Earth 10m coastline+lakes by trimmed ICP",
    "georef_insample_rmse_km": 0.97,
    "georef_holdout_layer": "ne_10m_admin_0_countries vs the map's own border strokes",
    "georef_holdout_median_km": 1.45,
    "georef_holdout_rmse_km": 1.6,
    "drawn_feature_offset_median_km": 3.06,
    "accuracy_tier": "medium"
   },
   "geometry": {
    "type": "LineString",
    "coordinates": [
     [
      41.076755,
      36.295418
     ],
     [
      40.808641,
      36.159075
     ],
     [
      40.753107,
      36.170554
     ],
     [
      40.714762,
      36.149429
     ],
     [
      40.676389,
      36.08815
     ],
     [
      40.628564,
      36.038243
     ],
     [
      40.490507,
      35.909773
     ],
     [
      40.304605,
      35.698795
     ],
     [
      40.101485,
      35.501229
     ],
     [
      39.885095,
      35.301732
     ],
     [
      39.837164,
      35.253749
     ],
     [
      39.657127,
      35.123333
     ],
     [
      39.298981,
      34.856633
     ],
     [
      38.772017,
      34.464774
     ],
     [
      38.96158,
      34.473261
     ],
     [
      39.228138,
      34.529043
     ],
     [
      39.370578,
      34.591043
     ],
     [
      39.434514,
      34.644867
     ],
     [
      39.627615,
      34.796234
     ],
     [
      39.796088,
      34.891476
     ],
     [
      40.114461,
      35.020005
     ],
     [
      40.219838,
      35.05075
     ],
     [
      40.133756,
      35.179106
     ]
    ]
   }
  },
  {
   "type": "Feature",
   "properties": {
    "id": "ME2026-0066",
    "commodity": "gas",
    "status_class": "in_service",
    "name": null,
    "name_dist_pt": null,
    "name_ambiguous": null,
    "name_confidence": null,
    "commodity_conflict": null,
    "other_names": null,
    "diameter_in": null,
    "length_km": 44.12,
    "n_vertices": 3,
    "legend_class": "gas_in_service",
    "stroke_rgb": "#d7191f",
    "dashed": false,
    "source_map": "me2026",
    "source_file": "../energy-map-of-the-middle-east-2026-peregrine-bush.pdf",
    "source_page": 1,
    "source_title": "Energy Infrastructure Map of the Middle East, 2026 edition",
    "source_publisher": "Petroleum Economist / World Oil / Gulf Energy Information / Global Energy Infrastructure",
    "geometry_source": "stroke",
    "georef_order": 2,
    "georef_source": "map's own coastline vector registered to Natural Earth 10m coastline+lakes by trimmed ICP",
    "georef_insample_rmse_km": 0.97,
    "georef_holdout_layer": "ne_10m_admin_0_countries vs the map's own border strokes",
    "georef_holdout_median_km": 1.45,
    "georef_holdout_rmse_km": 1.6,
    "drawn_feature_offset_median_km": 3.06,
    "accuracy_tier": "medium"
   },
   "geometry": {
    "type": "LineString",
    "coordinates": [
     [
      40.894336,
      35.768037
     ],
     [
      40.816238,
      36.082476
     ],
     [
      40.808641,
      36.159075
     ]
    ]
   }
  },
  {
   "type": "Feature",
   "properties": {
    "id": "ME2026-0067",
    "commodity": "gas",
    "status_class": "in_service",
    "name": null,
    "name_dist_pt": null,
    "name_ambiguous": null,
    "name_confidence": null,
    "commodity_conflict": null,
    "other_names": null,
    "diameter_in": null,
    "length_km": 68.95,
    "n_vertices": 5,
    "legend_class": "gas_in_service",
    "stroke_rgb": "#d7191f",
    "dashed": false,
    "source_map": "me2026",
    "source_file": "../energy-map-of-the-middle-east-2026-peregrine-bush.pdf",
    "source_page": 1,
    "source_title": "Energy Infrastructure Map of the Middle East, 2026 edition",
    "source_publisher": "Petroleum Economist / World Oil / Gulf Energy Information / Global Energy Infrastructure",
    "geometry_source": "stroke",
    "georef_order": 2,
    "georef_source": "map's own coastline vector registered to Natural Earth 10m coastline+lakes by trimmed ICP",
    "georef_insample_rmse_km": 0.97,
    "georef_holdout_layer": "ne_10m_admin_0_countries vs the map's own border strokes",
    "georef_holdout_median_km": 1.45,
    "georef_holdout_rmse_km": 1.6,
    "drawn_feature_offset_median_km": 3.06,
    "accuracy_tier": "medium"
   },
   "geometry": {
    "type": "LineString",
    "coordinates": [
     [
      40.859042,
      34.893919
     ],
     [
      40.763428,
      34.955258
     ],
     [
      40.604621,
      35.029863
     ],
     [
      40.520383,
      35.091194
     ],
     [
      40.363638,
      35.338443
     ]
    ]
   }
  },
  {
   "type": "Feature",
   "properties": {
    "id": "ME2026-0068",
    "commodity": "gas",
    "status_class": "in_service",
    "name": null,
    "name_dist_pt": null,
    "name_ambiguous": null,
    "name_confidence": null,
    "commodity_conflict": null,
    "other_names": null,
    "diameter_in": "16",
    "length_km": 646.35,
    "n_vertices": 31,
    "legend_class": "gas_in_service",
    "stroke_rgb": "#d7191f",
    "dashed": false,
    "source_map": "me2026",
    "source_file": "../energy-map-of-the-middle-east-2026-peregrine-bush.pdf",
    "source_page": 1,
    "source_title": "Energy Infrastructure Map of the Middle East, 2026 edition",
    "source_publisher": "Petroleum Economist / World Oil / Gulf Energy Information / Global Energy Infrastructure",
    "geometry_source": "stroke",
    "georef_order": 2,
    "georef_source": "map's own coastline vector registered to Natural Earth 10m coastline+lakes by trimmed ICP",
    "georef_insample_rmse_km": 0.97,
    "georef_holdout_layer": "ne_10m_admin_0_countries vs the map's own border strokes",
    "georef_holdout_median_km": 1.45,
    "georef_holdout_rmse_km": 1.6,
    "drawn_feature_offset_median_km": 3.06,
    "accuracy_tier": "medium"
   },
   "geometry": {
    "type": "LineString",
    "coordinates": [
     [
      44.140566,
      35.544086
     ],
     [
      44.28269,
      35.530643
     ],
     [
      44.343196,
      35.511834
     ],
     [
      44.243772,
      35.443509
     ],
     [
      44.220196,
      35.399934
     ],
     [
      43.619492,
      35.107836
     ],
     [
      43.507078,
      34.978284
     ],
     [
      43.497645,
      34.950665
     ],
     [
      43.099806,
      34.637269
     ],
     [
      43.048926,
      34.603959
     ],
     [
      42.456547,
      34.183425
     ],
     [
      42.398718,
      34.1444
     ],
     [
      42.384227,
      34.133358
     ],
     [
      42.364936,
      34.135419
     ],
     [
      42.355974,
      34.130575
     ],
     [
      42.333892,
      34.120219
     ],
     [
      42.283548,
      34.096735
     ],
     [
      42.154206,
      34.038716
     ],
     [
      41.849861,
      34.086197
     ],
     [
      41.279419,
      34.191897
     ],
     [
      40.878955,
      34.271057
     ],
     [
      40.653524,
      34.310972
     ],
     [
      40.16696,
      34.39599
     ],
     [
      39.988086,
      34.401411
     ],
     [
      39.715517,
      34.411607
     ],
     [
      39.248581,
      34.438955
     ],
     [
      38.963778,
      34.442176
     ],
     [
      38.766035,
      34.43262
     ],
     [
      38.579407,
      34.461366
     ],
     [
      38.30147,
      34.50559
     ],
     [
      38.277503,
      34.55158
     ]
    ]
   }
  },
  {
   "type": "Feature",
   "properties": {
    "id": "ME2026-0069",
    "commodity": "gas",
    "status_class": "in_service",
    "name": null,
    "name_dist_pt": null,
    "name_ambiguous": null,
    "name_confidence": null,
    "commodity_conflict": null,
    "other_names": null,
    "diameter_in": null,
    "length_km": 229.73,
    "n_vertices": 24,
    "legend_class": "gas_in_service",
    "stroke_rgb": "#d7191f",
    "dashed": false,
    "source_map": "me2026",
    "source_file": "../energy-map-of-the-middle-east-2026-peregrine-bush.pdf",
    "source_page": 1,
    "source_title": "Energy Infrastructure Map of the Middle East, 2026 edition",
    "source_publisher": "Petroleum Economist / World Oil / Gulf Energy Information / Global Energy Infrastructure",
    "geometry_source": "stroke",
    "georef_order": 2,
    "georef_source": "map's own coastline vector registered to Natural Earth 10m coastline+lakes by trimmed ICP",
    "georef_insample_rmse_km": 0.97,
    "georef_holdout_layer": "ne_10m_admin_0_countries vs the map's own border strokes",
    "georef_holdout_median_km": 1.45,
    "georef_holdout_rmse_km": 1.6,
    "drawn_feature_offset_median_km": 3.06,
    "accuracy_tier": "medium"
   },
   "geometry": {
    "type": "LineString",
    "coordinates": [
     [
      44.034645,
      36.230903
     ],
     [
      44.164474,
      36.122093
     ],
     [
      44.206817,
      36.116215
     ],
     [
      44.245619,
      36.090331
     ],
     [
      44.325576,
      36.043259
     ],
     [
      44.354271,
      35.974457
     ],
     [
      44.462089,
      35.912363
     ],
     [
      44.614528,
      35.821651
     ],
     [
      44.737055,
      35.746056
     ],
     [
      44.806526,
      35.69162
     ],
     [
      44.815033,
      35.638507
     ],
     [
      44.854947,
      35.547853
     ],
     [
      44.877275,
      35.514363
     ],
     [
      44.930683,
      35.443742
     ],
     [
      44.941249,
      35.415487
     ],
     [
      44.950572,
      35.330173
     ],
     [
      44.93287,
      35.273652
     ],
     [
      44.899344,
      35.223661
     ],
     [
      44.816891,
      35.141222
     ],
     [
      44.631638,
      35.152924
     ],
     [
      44.56848,
      35.158796
     ],
     [
      44.455375,
      35.248274
     ],
     [
      44.413075,
      35.28759
     ],
     [
      44.344382,
      35.511834
     ]
    ]
   }
  },
  {
   "type": "Feature",
   "properties": {
    "id": "ME2026-0070",
    "commodity": "gas",
    "status_class": "in_service",
    "name": null,
    "name_dist_pt": null,
    "name_ambiguous": null,
    "name_confidence": null,
    "commodity_conflict": null,
    "other_names": null,
    "diameter_in": "16",
    "length_km": 717.13,
    "n_vertices": 75,
    "legend_class": "gas_in_service",
    "stroke_rgb": "#d7191f",
    "dashed": false,
    "source_map": "me2026",
    "source_file": "../energy-map-of-the-middle-east-2026-peregrine-bush.pdf",
    "source_page": 1,
    "source_title": "Energy Infrastructure Map of the Middle East, 2026 edition",
    "source_publisher": "Petroleum Economist / World Oil / Gulf Energy Information / Global Energy Infrastructure",
    "geometry_source": "stroke",
    "georef_order": 2,
    "georef_source": "map's own coastline vector registered to Natural Earth 10m coastline+lakes by trimmed ICP",
    "georef_insample_rmse_km": 0.97,
    "georef_holdout_layer": "ne_10m_admin_0_countries vs the map's own border strokes",
    "georef_holdout_median_km": 1.45,
    "georef_holdout_rmse_km": 1.6,
    "drawn_feature_offset_median_km": 3.06,
    "accuracy_tier": "medium"
   },
   "geometry": {
    "type": "LineString",
    "coordinates": [
     [
      47.453951,
      30.124108
     ],
     [
      47.346264,
      30.364389
     ],
     [
      47.332593,
      30.443712
     ],
     [
      47.32087,
      30.494625
     ],
     [
      47.294947,
      30.526129
     ],
     [
      47.242479,
      30.552922
     ],
     [
      47.108142,
      30.648936
     ],
     [
      46.707685,
      30.770991
     ],
     [
      46.472888,
      30.890444
     ],
     [
      46.344157,
      31.004725
     ],
     [
      46.258954,
      31.078408
     ],
     [
      46.12392,
      31.177065
     ],
     [
      45.893633,
      31.31142
     ],
     [
      45.59593,
      31.385063
     ],
     [
      45.499946,
      31.406251
     ],
     [
      45.269246,
      31.491461
     ],
     [
      45.096994,
      31.579479
     ],
     [
      45.007806,
      31.66874
     ],
     [
      44.99607,
      31.681224
     ],
     [
      44.949109,
      31.73998
     ],
     [
      44.937377,
      31.758139
     ],
     [
      44.932067,
      31.798745
     ],
     [
      44.91821,
      31.842542
     ],
     [
      44.902011,
      31.894035
     ],
     [
      44.882827,
      31.96882
     ],
     [
      44.851887,
      31.999799
     ],
     [
      44.821991,
      32.016888
     ],
     [
      44.791033,
      32.037171
     ],
     [
      44.77717,
      32.069438
     ],
     [
      44.761181,
      32.106834
     ],
     [
      44.749459,
      32.159188
     ],
     [
      44.742012,
      32.181619
     ],
     [
      44.720671,
      32.225416
     ],
     [
      44.684204,
      32.290794
     ],
     [
      44.641554,
      32.386941
     ],
     [
      44.625547,
      32.412795
     ],
     [
      44.586066,
      32.452314
     ],
     [
      44.522893,
      32.506794
     ],
     [
      44.49195,
      32.528142
     ],
     [
      44.475956,
      32.571952
     ],
     [
      44.457831,
      32.628575
     ],
     [
      44.42584,
      32.690737
     ],
     [
      44.384219,
      32.711028
     ],
     [
      44.314609,
      32.737724
     ],
     [
      44.263381,
      32.765478
     ],
     [
      44.253782,
      32.785791
     ],
     [
      44.270888,
      32.814644
     ],
     [
      44.287997,
      32.845844
     ],
     [
      44.305105,
      32.876826
     ],
     [
      44.322223,
      32.921712
     ],
     [
      44.326507,
      32.944147
     ],
     [
      44.326582,
      33.0478
     ],
     [
      44.341757,
      33.062967
     ],
     [
      44.363124,
      33.079007
     ],
     [
      44.377025,
      33.105729
     ],
     [
      44.399487,
      33.162354
     ],
     [
      44.414462,
      33.201904
     ],
     [
      44.402766,
      33.263008
     ],
     [
      44.34622,
      33.326034
     ],
     [
      44.293742,
      33.393333
     ],
     [
      44.225444,
      33.45656
     ],
     [
      44.208388,
      33.481131
     ],
     [
      44.073811,
      33.707817
     ],
     [
      43.983172,
      33.860801
     ],
     [
      43.896594,
      33.993263
     ],
     [
      43.781439,
      34.187914
     ],
     [
      43.749261,
      34.270383
     ],
     [
      43.732226,
      34.314194
     ],
     [
      43.706645,
      34.361197
     ],
     [
      43.656537,
      34.44366
     ],
     [
      43.60324,
      34.554777
     ],
     [
      43.569155,
      34.63618
     ],
     [
      43.550362,
      34.713488
     ],
     [
      43.516343,
      34.811737
     ],
     [
      43.497645,
      34.950665
     ]
    ]
   }
  },
  {
   "type": "Feature",
   "properties": {
    "id": "ME2026-0071",
    "commodity": "gas",
    "status_class": "in_service",
    "name": null,
    "name_dist_pt": null,
    "name_ambiguous": null,
    "name_confidence": null,
    "commodity_conflict": null,
    "other_names": null,
    "diameter_in": null,
    "length_km": 126.49,
    "n_vertices": 25,
    "legend_class": "gas_in_service",
    "stroke_rgb": "#d7191f",
    "dashed": false,
    "source_map": "me2026",
    "source_file": "../energy-map-of-the-middle-east-2026-peregrine-bush.pdf",
    "source_page": 1,
    "source_title": "Energy Infrastructure Map of the Middle East, 2026 edition",
    "source_publisher": "Petroleum Economist / World Oil / Gulf Energy Information / Global Energy Infrastructure",
    "geometry_source": "stroke",
    "georef_order": 2,
    "georef_source": "map's own coastline vector registered to Natural Earth 10m coastline+lakes by trimmed ICP",
    "georef_insample_rmse_km": 0.97,
    "georef_holdout_layer": "ne_10m_admin_0_countries vs the map's own border strokes",
    "georef_holdout_median_km": 1.45,
    "georef_holdout_rmse_km": 1.6,
    "drawn_feature_offset_median_km": 3.06,
    "accuracy_tier": "medium"
   },
   "geometry": {
    "type": "LineString",
    "coordinates": [
     [
      45.419045,
      39.226252
     ],
     [
      45.443615,
      39.326578
     ],
     [
      45.398647,
      39.338134
     ],
     [
      45.362673,
      39.345843
     ],
     [
      45.325405,
      39.34583
     ],
     [
      45.289964,
      39.353528
     ],
     [
      45.252708,
      39.361225
     ],
     [
      45.209033,
      39.37922
     ],
     [
      45.155093,
      39.407499
     ],
     [
      45.093991,
      39.435219
     ],
     [
      45.07602,
      39.453223
     ],
     [
      45.067074,
      39.480236
     ],
     [
      45.0504,
      39.508516
     ],
     [
      45.008058,
      39.550949
     ],
     [
      44.990099,
      39.576664
     ],
     [
      44.896915,
      39.639109
     ],
     [
      44.8764,
      39.669967
     ],
     [
      44.846934,
      39.739881
     ],
     [
      44.822597,
      39.777987
     ],
     [
      44.768687,
      39.82372
     ],
     [
      44.694784,
      39.884139
     ],
     [
      44.662712,
      39.92528
     ],
     [
      44.630616,
      39.950989
     ],
     [
      44.567718,
      39.993413
     ],
     [
      44.531023,
      40.016844
     ]
    ]
   }
  },
  {
   "type": "Feature",
   "properties": {
    "id": "ME2026-0072",
    "commodity": "gas",
    "status_class": "in_service",
    "name": null,
    "name_dist_pt": null,
    "name_ambiguous": null,
    "name_confidence": null,
    "commodity_conflict": null,
    "other_names": null,
    "diameter_in": null,
    "length_km": 179.85,
    "n_vertices": 51,
    "legend_class": "gas_in_service",
    "stroke_rgb": "#d7191f",
    "dashed": false,
    "source_map": "me2026",
    "source_file": "../energy-map-of-the-middle-east-2026-peregrine-bush.pdf",
    "source_page": 1,
    "source_title": "Energy Infrastructure Map of the Middle East, 2026 edition",
    "source_publisher": "Petroleum Economist / World Oil / Gulf Energy Information / Global Energy Infrastructure",
    "geometry_source": "stroke",
    "georef_order": 2,
    "georef_source": "map's own coastline vector registered to Natural Earth 10m coastline+lakes by trimmed ICP",
    "georef_insample_rmse_km": 0.97,
    "georef_holdout_layer": "ne_10m_admin_0_countries vs the map's own border strokes",
    "georef_holdout_median_km": 1.45,
    "georef_holdout_rmse_km": 1.6,
    "drawn_feature_offset_median_km": 3.06,
    "accuracy_tier": "medium"
   },
   "geometry": {
    "type": "LineString",
    "coordinates": [
     [
      46.939215,
      40.029694
     ],
     [
      46.900622,
      40.009105
     ],
     [
      46.871023,
      39.991629
     ],
     [
      46.831681,
      39.971052
     ],
     [
      46.791735,
      39.913157
     ],
     [
      46.776234,
      39.865558
     ],
     [
      46.762046,
      39.837266
     ],
     [
      46.751717,
      39.80895
     ],
     [
      46.756812,
      39.778643
     ],
     [
      46.74135,
      39.763205
     ],
     [
      46.71563,
      39.749047
     ],
     [
      46.697598,
      39.731031
     ],
     [
      46.674448,
      39.719452
     ],
     [
      46.665409,
      39.703484
     ],
     [
      46.651789,
      39.689862
     ],
     [
      46.604212,
      39.678264
     ],
     [
      46.588762,
      39.662839
     ],
     [
      46.569447,
      39.643539
     ],
     [
      46.551445,
      39.643533
     ],
     [
      46.538576,
      39.630663
     ],
     [
      46.53852,
      39.593914
     ],
     [
      46.447715,
      39.550142
     ],
     [
      46.418146,
      39.54114
     ],
     [
      46.340982,
      39.5244
     ],
     [
      46.322965,
      39.506383
     ],
     [
      46.288233,
      39.490928
     ],
     [
      46.247621,
      39.483217
     ],
     [
      46.218077,
      39.498628
     ],
     [
      46.175707,
      39.528197
     ],
     [
      46.151298,
      39.538478
     ],
     [
      46.049036,
      39.5616
     ],
     [
      46.032355,
      39.578311
     ],
     [
      45.983518,
      39.586017
     ],
     [
      45.948834,
      39.601439
     ],
     [
      45.93465,
      39.573147
     ],
     [
      45.923079,
      39.56927
     ],
     [
      45.89993,
      39.564868
     ],
     [
      45.883744,
      39.54868
     ],
     [
      45.872138,
      39.521671
     ],
     [
      45.863101,
      39.497242
     ],
     [
      45.84379,
      39.477942
     ],
     [
      45.816784,
      39.466349
     ],
     [
      45.773052,
      39.457341
     ],
     [
      45.738359,
      39.45733
     ],
     [
      45.692621,
      39.457314
     ],
     [
      45.630915,
      39.44882
     ],
     [
      45.594874,
      39.412799
     ],
     [
      45.570438,
      39.403785
     ],
     [
      45.533141,
      39.384478
     ],
     [
      45.483491,
      39.347169
     ],
     [
      45.443615,
      39.326578
     ]
    ]
   }
  },
  {
   "type": "Feature",
   "properties": {
    "id": "ME2026-0073",
    "commodity": "gas",
    "status_class": "in_service",
    "name": null,
    "name_dist_pt": null,
    "name_ambiguous": null,
    "name_confidence": null,
    "commodity_conflict": null,
    "other_names": null,
    "diameter_in": null,
    "length_km": 43.41,
    "n_vertices": 15,
    "legend_class": "gas_in_service",
    "stroke_rgb": "#d7191f",
    "dashed": false,
    "source_map": "me2026",
    "source_file": "../energy-map-of-the-middle-east-2026-peregrine-bush.pdf",
    "source_page": 1,
    "source_title": "Energy Infrastructure Map of the Middle East, 2026 edition",
    "source_publisher": "Petroleum Economist / World Oil / Gulf Energy Information / Global Energy Infrastructure",
    "geometry_source": "stroke",
    "georef_order": 2,
    "georef_source": "map's own coastline vector registered to Natural Earth 10m coastline+lakes by trimmed ICP",
    "georef_insample_rmse_km": 0.97,
    "georef_holdout_layer": "ne_10m_admin_0_countries vs the map's own border strokes",
    "georef_holdout_median_km": 1.45,
    "georef_holdout_rmse_km": 1.6,
    "drawn_feature_offset_median_km": 3.06,
    "accuracy_tier": "medium"
   },
   "geometry": {
    "type": "LineString",
    "coordinates": [
     [
      46.406081,
      39.218113
     ],
     [
      46.429205,
      39.204709
     ],
     [
      46.439504,
      39.215012
     ],
     [
      46.452383,
      39.227859
     ],
     [
      46.466535,
      39.242025
     ],
     [
      46.471198,
      39.278036
     ],
     [
      46.478968,
      39.320475
     ],
     [
      46.471273,
      39.328195
     ],
     [
      46.444826,
      39.33591
     ],
     [
      46.426851,
      39.353903
     ],
     [
      46.403744,
      39.370612
     ],
     [
      46.380653,
      39.405343
     ],
     [
      46.374261,
      39.434367
     ],
     [
      46.374302,
      39.461384
     ],
     [
      46.34713,
      39.525721
     ]
    ]
   }
  },
  {
   "type": "Feature",
   "properties": {
    "id": "ME2026-0074",
    "commodity": "gas",
    "status_class": "in_service",
    "name": "IGAT 2 [Extension]",
    "name_dist_pt": 0.2,
    "name_ambiguous": true,
    "name_confidence": "low",
    "commodity_conflict": null,
    "other_names": "IGAT 2",
    "diameter_in": "42",
    "length_km": 904.43,
    "n_vertices": 133,
    "legend_class": "gas_in_service",
    "stroke_rgb": "#d7191f",
    "dashed": false,
    "source_map": "me2026",
    "source_file": "../energy-map-of-the-middle-east-2026-peregrine-bush.pdf",
    "source_page": 1,
    "source_title": "Energy Infrastructure Map of the Middle East, 2026 edition",
    "source_publisher": "Petroleum Economist / World Oil / Gulf Energy Information / Global Energy Infrastructure",
    "geometry_source": "stroke",
    "georef_order": 2,
    "georef_source": "map's own coastline vector registered to Natural Earth 10m coastline+lakes by trimmed ICP",
    "georef_insample_rmse_km": 0.97,
    "georef_holdout_layer": "ne_10m_admin_0_countries vs the map's own border strokes",
    "georef_holdout_median_km": 1.45,
    "georef_holdout_rmse_km": 1.6,
    "drawn_feature_offset_median_km": 3.06,
    "accuracy_tier": "medium"
   },
   "geometry": {
    "type": "LineString",
    "coordinates": [
     [
      49.568769,
      37.290648
     ],
     [
      49.606274,
      37.257925
     ],
     [
      49.667809,
      37.218475
     ],
     [
      49.679281,
      37.151108
     ],
     [
      49.668627,
      37.102996
     ],
     [
      49.645436,
      37.0383
     ],
     [
      49.553019,
      36.999497
     ],
     [
      49.543328,
      36.965728
     ],
     [
      49.496844,
      36.933757
     ],
     [
      49.496795,
      36.89516
     ],
     [
      49.444852,
      36.843242
     ],
     [
      49.3929,
      36.783518
     ],
     [
      49.386231,
      36.754566
     ],
     [
      49.403075,
      36.721999
     ],
     [
      49.432605,
      36.690643
     ],
     [
      49.469345,
      36.655064
     ],
     [
      49.535056,
      36.62427
     ],
     [
      49.535,
      36.579633
     ],
     [
      49.50838,
      36.507253
     ],
     [
      49.504675,
      36.4475
     ],
     [
      49.501028,
      36.414325
     ],
     [
      49.535365,
      36.382365
     ],
     [
      49.599933,
      36.376938
     ],
     [
      49.650027,
      36.392024
     ],
     [
      49.706117,
      36.381174
     ],
     [
      49.8854,
      36.333216
     ],
     [
      49.967395,
      36.310882
     ],
     [
      49.990463,
      36.287779
     ],
     [
      49.959555,
      36.263861
     ],
     [
      49.906263,
      36.228042
     ],
     [
      49.698282,
      36.084323
     ],
     [
      49.66904,
      36.055115
     ],
     [
      49.575738,
      36.052273
     ],
     [
      49.524376,
      36.05792
     ],
     [
      49.442435,
      36.09089
     ],
     [
      49.23851,
      36.179918
     ],
     [
      48.917483,
      36.438538
     ],
     [
      48.651534,
      36.639685
     ],
     [
      48.517335,
      36.699973
     ],
     [
      48.269178,
      36.798399
     ],
     [
      48.269196,
      36.81348
     ],
     [
      48.247574,
      36.845513
     ],
     [
      48.099157,
      37.043286
     ],
     [
      47.980308,
      37.191902
     ],
     [
      47.842961,
      37.368799
     ],
     [
      47.780528,
      37.39194
     ],
     [
      47.767713,
      37.429227
     ],
     [
      47.716341,
      37.480667
     ],
     [
      47.684215,
      37.490403
     ],
     [
      47.464967,
      37.541793
     ],
     [
      47.1653,
      37.609888
     ],
     [
      46.759211,
      37.883925
     ],
     [
      46.700151,
      37.941775
     ],
     [
      46.582493,
      37.994465
     ],
     [
      46.520801,
      38.000887
     ],
     [
      46.440369,
      38.015122
     ],
     [
      46.389989,
      38.056852
     ],
     [
      46.33575,
      38.053254
     ],
     [
      46.299047,
      38.072306
     ],
     [
      46.299139,
      38.140461
     ],
     [
      46.304351,
      38.191902
     ],
     [
      46.304409,
      38.234349
     ],
     [
      46.30063,
      38.284311
     ],
     [
      46.304543,
      38.331552
     ],
     [
      46.295581,
      38.359836
     ],
     [
      46.246037,
      38.391968
     ],
     [
      46.28286,
      38.451142
     ],
     [
      46.302195,
      38.487906
     ],
     [
      46.318945,
      38.518775
     ],
     [
      46.325411,
      38.548359
     ],
     [
      46.330616,
      38.593374
     ],
     [
      46.35253,
      38.639677
     ],
     [
      46.348706,
      38.655858
     ],
     [
      46.321793,
      38.709869
     ],
     [
      46.296101,
      38.729688
     ],
     [
      46.272254,
      38.753573
     ],
     [
      46.250478,
      38.803725
     ],
     [
      46.24538,
      38.834588
     ],
     [
      46.253123,
      38.859778
     ],
     [
      46.269881,
      38.886787
     ],
     [
      46.251907,
      38.906075
     ],
     [
      46.231371,
      38.926645
     ],
     [
      46.231403,
      38.948505
     ],
     [
      46.225043,
      38.992246
     ],
     [
      46.210979,
      39.045717
     ],
     [
      46.184033,
      39.084284
     ],
     [
      46.164809,
      39.116426
     ],
     [
      46.153283,
      39.151149
     ],
     [
      46.153345,
      39.193585
     ],
     [
      46.136701,
      39.235496
     ],
     [
      46.108443,
      39.253486
     ],
     [
      46.078155,
      39.263765
     ],
     [
      46.06018,
      39.28177
     ],
     [
      46.051238,
      39.312632
     ],
     [
      46.03843,
      39.347354
     ],
     [
      46.028217,
      39.393649
     ],
     [
      46.037279,
      39.434261
     ],
     [
      46.048929,
      39.490852
     ],
     [
      46.03482,
      39.512719
     ],
     [
      46.015594,
      39.550006
     ],
     [
      45.980906,
      39.562861
     ],
     [
      45.93465,
      39.573147
     ],
     [
      45.916713,
      39.615033
     ],
     [
      45.837639,
      39.657444
     ],
     [
      45.764403,
      39.680575
     ],
     [
      45.711719,
      39.694707
     ],
     [
      45.668601,
      39.715269
     ],
     [
      45.644176,
      39.721688
     ],
     [
      45.586309,
      39.699808
     ],
     [
      45.506596,
      39.68563
     ],
     [
      45.457035,
      39.699762
     ],
     [
      45.408236,
      39.729328
     ],
     [
      45.361994,
      39.746027
     ],
     [
      45.317009,
      39.746011
     ],
     [
      45.253288,
      39.745988
     ],
     [
      45.222423,
      39.7403
     ],
     [
      45.192861,
      39.740289
     ],
     [
      45.172342,
      39.760858
     ],
     [
      45.156931,
      39.776285
     ],
     [
      45.131267,
      39.801985
     ],
     [
      45.119722,
      39.813564
     ],
     [
      45.093281,
      39.821277
     ],
     [
      45.054733,
      39.821263
     ],
     [
      45.01618,
      39.82638
     ],
     [
      44.986629,
      39.832809
     ],
     [
      44.945525,
      39.845648
     ],
     [
      44.924995,
      39.866217
     ],
     [
      44.894685,
      39.866205
     ],
     [
      44.852295,
      39.87649
     ],
     [
      44.809894,
      39.886762
     ],
     [
      44.766233,
      39.903461
     ],
     [
      44.717939,
      39.903442
     ],
     [
      44.692418,
      39.887164
     ]
    ]
   }
  },
  {
   "type": "Feature",
   "properties": {
    "id": "ME2026-0075",
    "commodity": "gas",
    "status_class": "in_service",
    "name": null,
    "name_dist_pt": null,
    "name_ambiguous": null,
    "name_confidence": null,
    "commodity_conflict": null,
    "other_names": null,
    "diameter_in": null,
    "length_km": 62.06,
    "n_vertices": 14,
    "legend_class": "gas_in_service",
    "stroke_rgb": "#d7191f",
    "dashed": false,
    "source_map": "me2026",
    "source_file": "../energy-map-of-the-middle-east-2026-peregrine-bush.pdf",
    "source_page": 1,
    "source_title": "Energy Infrastructure Map of the Middle East, 2026 edition",
    "source_publisher": "Petroleum Economist / World Oil / Gulf Energy Information / Global Energy Infrastructure",
    "geometry_source": "stroke",
    "georef_order": 2,
    "georef_source": "map's own coastline vector registered to Natural Earth 10m coastline+lakes by trimmed ICP",
    "georef_insample_rmse_km": 0.97,
    "georef_holdout_layer": "ne_10m_admin_0_countries vs the map's own border strokes",
    "georef_holdout_median_km": 1.45,
    "georef_holdout_rmse_km": 1.6,
    "drawn_feature_offset_median_km": 3.06,
    "accuracy_tier": "medium"
   },
   "geometry": {
    "type": "LineString",
    "coordinates": [
     [
      45.580406,
      40.035698
     ],
     [
      45.599584,
      39.977084
     ],
     [
      45.599519,
      39.935917
     ],
     [
      45.621294,
      39.881904
     ],
     [
      45.658532,
      39.861351
     ],
     [
      45.688086,
      39.8472
     ],
     [
      45.693168,
      39.816348
     ],
     [
      45.732435,
      39.793738
     ],
     [
      45.752978,
      39.771885
     ],
     [
      45.788862,
      39.703738
     ],
     [
      45.823546,
      39.6896
     ],
     [
      45.874945,
      39.680612
     ],
     [
      45.9373,
      39.621467
     ],
     [
      45.948834,
      39.601439
     ]
    ]
   }
  },
  {
   "type": "Feature",
   "properties": {
    "id": "ME2026-0076",
    "commodity": "gas",
    "status_class": "in_service",
    "name": null,
    "name_dist_pt": null,
    "name_ambiguous": null,
    "name_confidence": null,
    "commodity_conflict": null,
    "other_names": null,
    "diameter_in": null,
    "length_km": 64.08,
    "n_vertices": 12,
    "legend_class": "gas_in_service",
    "stroke_rgb": "#d7191f",
    "dashed": false,
    "source_map": "me2026",
    "source_file": "../energy-map-of-the-middle-east-2026-peregrine-bush.pdf",
    "source_page": 1,
    "source_title": "Energy Infrastructure Map of the Middle East, 2026 edition",
    "source_publisher": "Petroleum Economist / World Oil / Gulf Energy Information / Global Energy Infrastructure",
    "geometry_source": "stroke",
    "georef_order": 2,
    "georef_source": "map's own coastline vector registered to Natural Earth 10m coastline+lakes by trimmed ICP",
    "georef_insample_rmse_km": 0.97,
    "georef_holdout_layer": "ne_10m_admin_0_countries vs the map's own border strokes",
    "georef_holdout_median_km": 1.45,
    "georef_holdout_rmse_km": 1.6,
    "drawn_feature_offset_median_km": 3.06,
    "accuracy_tier": "medium"
   },
   "geometry": {
    "type": "LineString",
    "coordinates": [
     [
      45.788087,
      40.038349
     ],
     [
      45.75371,
      39.955265
     ],
     [
      45.732604,
      39.902519
     ],
     [
      45.717146,
      39.880654
     ],
     [
      45.677715,
      39.852171
     ],
     [
      45.670043,
      39.818918
     ],
     [
      45.64941,
      39.774416
     ],
     [
      45.570907,
      39.713952
     ],
     [
      45.510466,
      39.701064
     ],
     [
      45.442944,
      39.731906
     ],
     [
      45.363319,
      39.774315
     ],
     [
      45.34018,
      39.774306
     ]
    ]
   }
  },
  {
   "type": "Feature",
   "properties": {
    "id": "ME2026-0077",
    "commodity": "gas",
    "status_class": "in_service",
    "name": null,
    "name_dist_pt": null,
    "name_ambiguous": null,
    "name_confidence": null,
    "commodity_conflict": null,
    "other_names": null,
    "diameter_in": null,
    "length_km": 119.38,
    "n_vertices": 12,
    "legend_class": "gas_in_service",
    "stroke_rgb": "#d7191f",
    "dashed": false,
    "source_map": "me2026",
    "source_file": "../energy-map-of-the-middle-east-2026-peregrine-bush.pdf",
    "source_page": 1,
    "source_title": "Energy Infrastructure Map of the Middle East, 2026 edition",
    "source_publisher": "Petroleum Economist / World Oil / Gulf Energy Information / Global Energy Infrastructure",
    "geometry_source": "stroke",
    "georef_order": 2,
    "georef_source": "map's own coastline vector registered to Natural Earth 10m coastline+lakes by trimmed ICP",
    "georef_insample_rmse_km": 0.97,
    "georef_holdout_layer": "ne_10m_admin_0_countries vs the map's own border strokes",
    "georef_holdout_median_km": 1.45,
    "georef_holdout_rmse_km": 1.6,
    "drawn_feature_offset_median_km": 3.06,
    "accuracy_tier": "medium"
   },
   "geometry": {
    "type": "LineString",
    "coordinates": [
     [
      63.585949,
      38.962376
     ],
     [
      63.541914,
      38.968343
     ],
     [
      63.503789,
      38.988556
     ],
     [
      63.393206,
      39.071833
     ],
     [
      63.305143,
      39.133657
     ],
     [
      63.194554,
      39.210928
     ],
     [
      63.170741,
      39.206182
     ],
     [
      62.991069,
      39.302554
     ],
     [
      62.893617,
      39.428607
     ],
     [
      62.836384,
      39.378669
     ],
     [
      62.730106,
      39.243294
     ],
     [
      62.627589,
      39.160108
     ]
    ]
   }
  },
  {
   "type": "Feature",
   "properties": {
    "id": "ME2026-0078",
    "commodity": "gas",
    "status_class": "in_service",
    "name": null,
    "name_dist_pt": null,
    "name_ambiguous": null,
    "name_confidence": null,
    "commodity_conflict": null,
    "other_names": null,
    "diameter_in": null,
    "length_km": 81.96,
    "n_vertices": 9,
    "legend_class": "gas_in_service",
    "stroke_rgb": "#d7191f",
    "dashed": false,
    "source_map": "me2026",
    "source_file": "../energy-map-of-the-middle-east-2026-peregrine-bush.pdf",
    "source_page": 1,
    "source_title": "Energy Infrastructure Map of the Middle East, 2026 edition",
    "source_publisher": "Petroleum Economist / World Oil / Gulf Energy Information / Global Energy Infrastructure",
    "geometry_source": "stroke",
    "georef_order": 2,
    "georef_source": "map's own coastline vector registered to Natural Earth 10m coastline+lakes by trimmed ICP",
    "georef_insample_rmse_km": 0.97,
    "georef_holdout_layer": "ne_10m_admin_0_countries vs the map's own border strokes",
    "georef_holdout_median_km": 1.45,
    "georef_holdout_rmse_km": 1.6,
    "drawn_feature_offset_median_km": 3.06,
    "accuracy_tier": "medium"
   },
   "geometry": {
    "type": "LineString",
    "coordinates": [
     [
      62.82187,
      38.574161
     ],
     [
      62.877919,
      38.629969
     ],
     [
      63.035141,
      38.635824
     ],
     [
      63.172189,
      38.683347
     ],
     [
      63.254353,
      38.690437
     ],
     [
      63.317554,
      38.74624
     ],
     [
      63.366482,
      38.771155
     ],
     [
      63.409397,
      38.805589
     ],
     [
      63.54229,
      38.968343
     ]
    ]
   }
  },
  {
   "type": "Feature",
   "properties": {
    "id": "ME2026-0079",
    "commodity": "gas",
    "status_class": "in_service",
    "name": null,
    "name_dist_pt": null,
    "name_ambiguous": null,
    "name_confidence": null,
    "commodity_conflict": null,
    "other_names": null,
    "diameter_in": null,
    "length_km": 402.29,
    "n_vertices": 29,
    "legend_class": "gas_in_service",
    "stroke_rgb": "#d7191f",
    "dashed": false,
    "source_map": "me2026",
    "source_file": "../energy-map-of-the-middle-east-2026-peregrine-bush.pdf",
    "source_page": 1,
    "source_title": "Energy Infrastructure Map of the Middle East, 2026 edition",
    "source_publisher": "Petroleum Economist / World Oil / Gulf Energy Information / Global Energy Infrastructure",
    "geometry_source": "stroke",
    "georef_order": 2,
    "georef_source": "map's own coastline vector registered to Natural Earth 10m coastline+lakes by trimmed ICP",
    "georef_insample_rmse_km": 0.97,
    "georef_holdout_layer": "ne_10m_admin_0_countries vs the map's own border strokes",
    "georef_holdout_median_km": 1.45,
    "georef_holdout_rmse_km": 1.6,
    "drawn_feature_offset_median_km": 3.06,
    "accuracy_tier": "medium"
   },
   "geometry": {
    "type": "LineString",
    "coordinates": [
     [
      63.520404,
      38.963596
     ],
     [
      63.40109,
      38.815097
     ],
     [
      63.360545,
      38.783035
     ],
     [
      63.308054,
      38.760495
     ],
     [
      63.247248,
      38.707075
     ],
     [
      63.169852,
      38.699983
     ],
     [
      63.028026,
      38.653721
     ],
     [
      62.873184,
      38.649051
     ],
     [
      62.817123,
      38.58604
     ],
     [
      62.822246,
      38.574161
     ],
     [
      62.839707,
      38.568208
     ],
     [
      62.856382,
      38.564641
     ],
     [
      62.847987,
      38.529004
     ],
     [
      62.741804,
      38.433948
     ],
     [
      62.66786,
      38.354398
     ],
     [
      62.622486,
      38.273647
     ],
     [
      62.480835,
      38.315286
     ],
     [
      62.404643,
      38.310564
     ],
     [
      62.048713,
      38.383193
     ],
     [
      61.693925,
      38.415417
     ],
     [
      61.679638,
      38.409492
     ],
     [
      61.626393,
      38.542245
     ],
     [
      61.536206,
      38.697835
     ],
     [
      61.465415,
      38.986199
     ],
     [
      61.36828,
      39.358232
     ],
     [
      61.245682,
      39.441949
     ],
     [
      61.027269,
      39.794202
     ],
     [
      60.943824,
      39.999672
     ],
     [
      60.960162,
      40.033117
     ]
    ]
   }
  },
  {
   "type": "Feature",
   "properties": {
    "id": "ME2026-0080",
    "commodity": "gas",
    "status_class": "in_service",
    "name": null,
    "name_dist_pt": null,
    "name_ambiguous": null,
    "name_confidence": null,
    "commodity_conflict": null,
    "other_names": null,
    "diameter_in": null,
    "length_km": 91.2,
    "n_vertices": 6,
    "legend_class": "gas_in_service",
    "stroke_rgb": "#d7191f",
    "dashed": false,
    "source_map": "me2026",
    "source_file": "../energy-map-of-the-middle-east-2026-peregrine-bush.pdf",
    "source_page": 1,
    "source_title": "Energy Infrastructure Map of the Middle East, 2026 edition",
    "source_publisher": "Petroleum Economist / World Oil / Gulf Energy Information / Global Energy Infrastructure",
    "geometry_source": "stroke",
    "georef_order": 2,
    "georef_source": "map's own coastline vector registered to Natural Earth 10m coastline+lakes by trimmed ICP",
    "georef_insample_rmse_km": 0.97,
    "georef_holdout_layer": "ne_10m_admin_0_countries vs the map's own border strokes",
    "georef_holdout_median_km": 1.45,
    "georef_holdout_rmse_km": 1.6,
    "drawn_feature_offset_median_km": 3.06,
    "accuracy_tier": "medium"
   },
   "geometry": {
    "type": "LineString",
    "coordinates": [
     [
      63.581855,
      37.957041
     ],
     [
      63.324704,
      38.046263
     ],
     [
      63.031926,
      38.14746
     ],
     [
      62.828404,
      38.210512
     ],
     [
      62.685547,
      38.252165
     ],
     [
      62.622486,
      38.273647
     ]
    ]
   }
  },
  {
   "type": "Feature",
   "properties": {
    "id": "ME2026-0081",
    "commodity": "gas",
    "status_class": "in_service",
    "name": null,
    "name_dist_pt": null,
    "name_ambiguous": null,
    "name_confidence": null,
    "commodity_conflict": null,
    "other_names": null,
    "diameter_in": null,
    "length_km": 22.77,
    "n_vertices": 2,
    "legend_class": "gas_in_service",
    "stroke_rgb": "#d7191f",
    "dashed": false,
    "source_map": "me2026",
    "source_file": "../energy-map-of-the-middle-east-2026-peregrine-bush.pdf",
    "source_page": 1,
    "source_title": "Energy Infrastructure Map of the Middle East, 2026 edition",
    "source_publisher": "Petroleum Economist / World Oil / Gulf Energy Information / Global Energy Infrastructure",
    "geometry_source": "stroke",
    "georef_order": 2,
    "georef_source": "map's own coastline vector registered to Natural Earth 10m coastline+lakes by trimmed ICP",
    "georef_insample_rmse_km": 0.97,
    "georef_holdout_layer": "ne_10m_admin_0_countries vs the map's own border strokes",
    "georef_holdout_median_km": 1.45,
    "georef_holdout_rmse_km": 1.6,
    "drawn_feature_offset_median_km": 3.06,
    "accuracy_tier": "medium"
   },
   "geometry": {
    "type": "LineString",
    "coordinates": [
     [
      62.651227,
      38.245027
     ],
     [
      62.404643,
      38.310564
     ]
    ]
   }
  },
  {
   "type": "Feature",
   "properties": {
    "id": "ME2026-0082",
    "commodity": "gas",
    "status_class": "in_service",
    "name": null,
    "name_dist_pt": null,
    "name_ambiguous": null,
    "name_confidence": null,
    "commodity_conflict": null,
    "other_names": null,
    "diameter_in": null,
    "length_km": 195.57,
    "n_vertices": 9,
    "legend_class": "gas_in_service",
    "stroke_rgb": "#d7191f",
    "dashed": false,
    "source_map": "me2026",
    "source_file": "../energy-map-of-the-middle-east-2026-peregrine-bush.pdf",
    "source_page": 1,
    "source_title": "Energy Infrastructure Map of the Middle East, 2026 edition",
    "source_publisher": "Petroleum Economist / World Oil / Gulf Energy Information / Global Energy Infrastructure",
    "geometry_source": "stroke",
    "georef_order": 2,
    "georef_source": "map's own coastline vector registered to Natural Earth 10m coastline+lakes by trimmed ICP",
    "georef_insample_rmse_km": 0.97,
    "georef_holdout_layer": "ne_10m_admin_0_countries vs the map's own border strokes",
    "georef_holdout_median_km": 1.45,
    "georef_holdout_rmse_km": 1.6,
    "drawn_feature_offset_median_km": 3.06,
    "accuracy_tier": "medium"
   },
   "geometry": {
    "type": "LineString",
    "coordinates": [
     [
      61.694313,
      38.415417
     ],
     [
      61.721773,
      38.44314
     ],
     [
      61.687449,
      38.575233
     ],
     [
      61.595825,
      38.727882
     ],
     [
      61.526459,
      39.011851
     ],
     [
      61.426444,
      39.401489
     ],
     [
      61.289871,
      39.497682
     ],
     [
      61.082447,
      39.83015
     ],
     [
      60.990199,
      40.042973
     ]
    ]
   }
  },
  {
   "type": "Feature",
   "properties": {
    "id": "ME2026-0083",
    "commodity": "gas",
    "status_class": "in_service",
    "name": null,
    "name_dist_pt": null,
    "name_ambiguous": null,
    "name_confidence": null,
    "commodity_conflict": null,
    "other_names": null,
    "diameter_in": null,
    "length_km": 193.66,
    "n_vertices": 8,
    "legend_class": "gas_in_service",
    "stroke_rgb": "#d7191f",
    "dashed": false,
    "source_map": "me2026",
    "source_file": "../energy-map-of-the-middle-east-2026-peregrine-bush.pdf",
    "source_page": 1,
    "source_title": "Energy Infrastructure Map of the Middle East, 2026 edition",
    "source_publisher": "Petroleum Economist / World Oil / Gulf Energy Information / Global Energy Infrastructure",
    "geometry_source": "stroke",
    "georef_order": 2,
    "georef_source": "map's own coastline vector registered to Natural Earth 10m coastline+lakes by trimmed ICP",
    "georef_insample_rmse_km": 0.97,
    "georef_holdout_layer": "ne_10m_admin_0_countries vs the map's own border strokes",
    "georef_holdout_median_km": 1.45,
    "georef_holdout_rmse_km": 1.6,
    "drawn_feature_offset_median_km": 3.06,
    "accuracy_tier": "medium"
   },
   "geometry": {
    "type": "LineString",
    "coordinates": [
     [
      60.959786,
      40.033117
     ],
     [
      61.053465,
      39.813248
     ],
     [
      61.265949,
      39.468515
     ],
     [
      61.396773,
      39.379298
     ],
     [
      61.493709,
      38.997797
     ],
     [
      61.564626,
      38.712593
     ],
     [
      61.658464,
      38.556868
     ],
     [
      61.694689,
      38.415417
     ]
    ]
   }
  },
  {
   "type": "Feature",
   "properties": {
    "id": "ME2026-0084",
    "commodity": "gas",
    "status_class": "in_service",
    "name": null,
    "name_dist_pt": null,
    "name_ambiguous": null,
    "name_confidence": null,
    "commodity_conflict": null,
    "other_names": null,
    "diameter_in": null,
    "length_km": 1225.63,
    "n_vertices": 99,
    "legend_class": "gas_in_service",
    "stroke_rgb": "#d7191f",
    "dashed": false,
    "source_map": "me2026",
    "source_file": "../energy-map-of-the-middle-east-2026-peregrine-bush.pdf",
    "source_page": 1,
    "source_title": "Energy Infrastructure Map of the Middle East, 2026 edition",
    "source_publisher": "Petroleum Economist / World Oil / Gulf Energy Information / Global Energy Infrastructure",
    "geometry_source": "stroke",
    "georef_order": 2,
    "georef_source": "map's own coastline vector registered to Natural Earth 10m coastline+lakes by trimmed ICP",
    "georef_insample_rmse_km": 0.97,
    "georef_holdout_layer": "ne_10m_admin_0_countries vs the map's own border strokes",
    "georef_holdout_median_km": 1.45,
    "georef_holdout_rmse_km": 1.6,
    "drawn_feature_offset_median_km": 3.06,
    "accuracy_tier": "medium"
   },
   "geometry": {
    "type": "LineString",
    "coordinates": [
     [
      53.746309,
      40.032942
     ],
     [
      53.817991,
      39.993753
     ],
     [
      53.876373,
      39.961961
     ],
     [
      53.912609,
      39.950133
     ],
     [
      54.010206,
      39.918339
     ],
     [
      54.061985,
      39.913167
     ],
     [
      54.174285,
      39.828144
     ],
     [
      54.23027,
      39.680283
     ],
     [
      54.244266,
      39.646278
     ],
     [
      54.27081,
      39.596002
     ],
     [
      54.306246,
      39.553122
     ],
     [
      54.357244,
      39.52133
     ],
     [
      54.445213,
      39.472538
     ],
     [
      54.493996,
      39.448142
     ],
     [
      54.510188,
      39.400821
     ],
     [
      54.558817,
      39.275139
     ],
     [
      54.605334,
      39.213046
     ],
     [
      54.67707,
      39.198986
     ],
     [
      54.775443,
      39.181981
     ],
     [
      54.904904,
      39.170129
     ],
     [
      55.057309,
      39.161979
     ],
     [
      55.118007,
      39.17455
     ],
     [
      55.220905,
      39.200407
     ],
     [
      55.277908,
      39.219624
     ],
     [
      55.367483,
      39.246972
     ],
     [
      55.457799,
      39.266923
     ],
     [
      55.544374,
      39.273558
     ],
     [
      55.641301,
      39.266899
     ],
     [
      55.715288,
      39.258754
     ],
     [
      55.802558,
      39.221772
     ],
     [
      55.884636,
      39.187756
     ],
     [
      55.971156,
      39.150046
     ],
     [
      56.106485,
      39.087186
     ],
     [
      56.198178,
      39.046508
     ],
     [
      56.279522,
      39.005094
     ],
     [
      56.34831,
      38.984382
     ],
     [
      56.413406,
      38.965886
     ],
     [
      56.455567,
      38.950359
     ],
     [
      56.514723,
      38.923002
     ],
     [
      56.590163,
      38.884542
     ],
     [
      56.61382,
      38.869757
     ],
     [
      56.661117,
      38.829824
     ],
     [
      56.752084,
      38.783976
     ],
     [
      56.813474,
      38.756605
     ],
     [
      56.915528,
      38.7078
     ],
     [
      57.04128,
      38.659728
     ],
     [
      57.084168,
      38.641222
     ],
     [
      57.132239,
      38.612377
     ],
     [
      57.201012,
      38.576155
     ],
     [
      57.306029,
      38.518461
     ],
     [
      57.346709,
      38.497752
     ],
     [
      57.388867,
      38.476304
     ],
     [
      57.422161,
      38.467435
     ],
     [
      57.456938,
      38.461508
     ],
     [
      57.470252,
      38.457074
     ],
     [
      57.530848,
      38.390517
     ],
     [
      57.547862,
      38.380163
     ],
     [
      57.627734,
      38.338005
     ],
     [
      57.790446,
      38.249996
     ],
     [
      57.871076,
      38.209314
     ],
     [
      57.967249,
      38.177501
     ],
     [
      58.040483,
      38.142001
     ],
     [
      58.110753,
      38.102059
     ],
     [
      58.185481,
      38.075432
     ],
     [
      58.287586,
      38.034742
     ],
     [
      58.357861,
      38.003673
     ],
     [
      58.425228,
      37.996258
     ],
     [
      58.475504,
      37.959286
     ],
     [
      58.527243,
      37.903091
     ],
     [
      59.045944,
      37.711466
     ],
     [
      59.495193,
      37.584166
     ],
     [
      59.764337,
      37.336436
     ],
     [
      60.058176,
      37.236523
     ],
     [
      60.361179,
      37.316994
     ],
     [
      60.556078,
      37.401935
     ],
     [
      61.104379,
      37.555478
     ],
     [
      61.248917,
      37.627119
     ],
     [
      61.70372,
      37.633581
     ],
     [
      61.881805,
      37.584704
     ],
     [
      61.885999,
      37.544245
     ],
     [
      61.8831,
      37.489953
     ],
     [
      61.86462,
      37.423889
     ],
     [
      61.581568,
      37.308383
     ],
     [
      61.496031,
      37.274792
     ],
     [
      61.469092,
      37.211347
     ],
     [
      61.4095,
      37.057175
     ],
     [
      61.425338,
      36.778167
     ],
     [
      61.387814,
      36.56264
     ],
     [
      61.468227,
      36.427574
     ],
     [
      61.4217,
      36.443294
     ],
     [
      61.355691,
      36.558527
     ],
     [
      61.390579,
      36.77932
     ],
     [
      61.375529,
      37.05811
     ],
     [
      61.455534,
      37.267958
     ],
     [
      61.417337,
      37.42451
     ],
     [
      61.417646,
      37.622944
     ],
     [
      61.392855,
      37.746577
     ],
     [
      61.512654,
      38.234873
     ],
     [
      61.680403,
      38.409491
     ]
    ]
   }
  },
  {
   "type": "Feature",
   "properties": {
    "id": "ME2026-0085",
    "commodity": "gas",
    "status_class": "in_service",
    "name": null,
    "name_dist_pt": null,
    "name_ambiguous": null,
    "name_confidence": null,
    "commodity_conflict": null,
    "other_names": null,
    "diameter_in": null,
    "length_km": 229.5,
    "n_vertices": 12,
    "legend_class": "gas_in_service",
    "stroke_rgb": "#d7191f",
    "dashed": false,
    "source_map": "me2026",
    "source_file": "../energy-map-of-the-middle-east-2026-peregrine-bush.pdf",
    "source_page": 1,
    "source_title": "Energy Infrastructure Map of the Middle East, 2026 edition",
    "source_publisher": "Petroleum Economist / World Oil / Gulf Energy Information / Global Energy Infrastructure",
    "geometry_source": "stroke",
    "georef_order": 2,
    "georef_source": "map's own coastline vector registered to Natural Earth 10m coastline+lakes by trimmed ICP",
    "georef_insample_rmse_km": 0.97,
    "georef_holdout_layer": "ne_10m_admin_0_countries vs the map's own border strokes",
    "georef_holdout_median_km": 1.45,
    "georef_holdout_rmse_km": 1.6,
    "drawn_feature_offset_median_km": 3.06,
    "accuracy_tier": "medium"
   },
   "geometry": {
    "type": "LineString",
    "coordinates": [
     [
      61.693925,
      38.415417
     ],
     [
      61.698882,
      38.383734
     ],
     [
      61.54348,
      38.215769
     ],
     [
      61.425141,
      37.745546
     ],
     [
      61.450668,
      37.627396
     ],
     [
      61.451823,
      37.426371
     ],
     [
      61.505152,
      37.211392
     ],
     [
      61.4395,
      37.052211
     ],
     [
      61.457475,
      36.782971
     ],
     [
      61.418203,
      36.5673
     ],
     [
      61.481993,
      36.46088
     ],
     [
      61.468603,
      36.427573
     ]
    ]
   }
  },
  {
   "type": "Feature",
   "properties": {
    "id": "ME2026-0086",
    "commodity": "gas",
    "status_class": "in_service",
    "name": null,
    "name_dist_pt": null,
    "name_ambiguous": null,
    "name_confidence": null,
    "commodity_conflict": null,
    "other_names": null,
    "diameter_in": null,
    "length_km": 36.12,
    "n_vertices": 2,
    "legend_class": "gas_in_service",
    "stroke_rgb": "#d7191f",
    "dashed": false,
    "source_map": "me2026",
    "source_file": "../energy-map-of-the-middle-east-2026-peregrine-bush.pdf",
    "source_page": 1,
    "source_title": "Energy Infrastructure Map of the Middle East, 2026 edition",
    "source_publisher": "Petroleum Economist / World Oil / Gulf Energy Information / Global Energy Infrastructure",
    "geometry_source": "stroke",
    "georef_order": 2,
    "georef_source": "map's own coastline vector registered to Natural Earth 10m coastline+lakes by trimmed ICP",
    "georef_insample_rmse_km": 0.97,
    "georef_holdout_layer": "ne_10m_admin_0_countries vs the map's own border strokes",
    "georef_holdout_median_km": 1.45,
    "georef_holdout_rmse_km": 1.6,
    "drawn_feature_offset_median_km": 3.06,
    "accuracy_tier": "medium"
   },
   "geometry": {
    "type": "LineString",
    "coordinates": [
     [
      61.355985,
      39.891534
     ],
     [
      60.976053,
      40.034261
     ]
    ]
   }
  },
  {
   "type": "Feature",
   "properties": {
    "id": "ME2026-0087",
    "commodity": "gas",
    "status_class": "in_service",
    "name": null,
    "name_dist_pt": null,
    "name_ambiguous": null,
    "name_confidence": null,
    "commodity_conflict": null,
    "other_names": null,
    "diameter_in": null,
    "length_km": 64.05,
    "n_vertices": 4,
    "legend_class": "gas_in_service",
    "stroke_rgb": "#d7191f",
    "dashed": false,
    "source_map": "me2026",
    "source_file": "../energy-map-of-the-middle-east-2026-peregrine-bush.pdf",
    "source_page": 1,
    "source_title": "Energy Infrastructure Map of the Middle East, 2026 edition",
    "source_publisher": "Petroleum Economist / World Oil / Gulf Energy Information / Global Energy Infrastructure",
    "geometry_source": "stroke",
    "georef_order": 2,
    "georef_source": "map's own coastline vector registered to Natural Earth 10m coastline+lakes by trimmed ICP",
    "georef_insample_rmse_km": 0.97,
    "georef_holdout_layer": "ne_10m_admin_0_countries vs the map's own border strokes",
    "georef_holdout_median_km": 1.45,
    "georef_holdout_rmse_km": 1.6,
    "drawn_feature_offset_median_km": 3.06,
    "accuracy_tier": "medium"
   },
   "geometry": {
    "type": "LineString",
    "coordinates": [
     [
      60.838413,
      40.043865
     ],
     [
      60.625196,
      39.97497
     ],
     [
      60.358302,
      39.866952
     ],
     [
      60.289001,
      39.708913
     ]
    ]
   }
  },
  {
   "type": "Feature",
   "properties": {
    "id": "ME2026-0088",
    "commodity": "gas",
    "status_class": "in_service",
    "name": null,
    "name_dist_pt": null,
    "name_ambiguous": null,
    "name_confidence": null,
    "commodity_conflict": null,
    "other_names": null,
    "diameter_in": null,
    "length_km": 306.62,
    "n_vertices": 17,
    "legend_class": "gas_in_service",
    "stroke_rgb": "#d7191f",
    "dashed": false,
    "source_map": "me2026",
    "source_file": "../energy-map-of-the-middle-east-2026-peregrine-bush.pdf",
    "source_page": 1,
    "source_title": "Energy Infrastructure Map of the Middle East, 2026 edition",
    "source_publisher": "Petroleum Economist / World Oil / Gulf Energy Information / Global Energy Infrastructure",
    "geometry_source": "stroke",
    "georef_order": 2,
    "georef_source": "map's own coastline vector registered to Natural Earth 10m coastline+lakes by trimmed ICP",
    "georef_insample_rmse_km": 0.97,
    "georef_holdout_layer": "ne_10m_admin_0_countries vs the map's own border strokes",
    "georef_holdout_median_km": 1.45,
    "georef_holdout_rmse_km": 1.6,
    "drawn_feature_offset_median_km": 3.06,
    "accuracy_tier": "medium"
   },
   "geometry": {
    "type": "LineString",
    "coordinates": [
     [
      61.440033,
      37.331457
     ],
     [
      61.357328,
      37.324726
     ],
     [
      61.245497,
      37.329943
     ],
     [
      61.09663,
      37.335924
     ],
     [
      60.90113,
      37.354478
     ],
     [
      60.592488,
      37.380337
     ],
     [
      60.373623,
      37.286617
     ],
     [
      60.057183,
      37.204917
     ],
     [
      59.7439,
      37.308832
     ],
     [
      59.481735,
      37.552902
     ],
     [
      59.034316,
      37.679003
     ],
     [
      58.887296,
      37.738739
     ],
     [
      58.519025,
      37.87283
     ],
     [
      58.466159,
      37.897673
     ],
     [
      58.417706,
      37.922345
     ],
     [
      58.357805,
      37.967454
     ],
     [
      58.358237,
      38.003673
     ]
    ]
   }
  },
  {
   "type": "Feature",
   "properties": {
    "id": "ME2026-0089",
    "commodity": "gas",
    "status_class": "in_service",
    "name": null,
    "name_dist_pt": null,
    "name_ambiguous": null,
    "name_confidence": null,
    "commodity_conflict": null,
    "other_names": null,
    "diameter_in": null,
    "length_km": 113.7,
    "n_vertices": 13,
    "legend_class": "gas_in_service",
    "stroke_rgb": "#d7191f",
    "dashed": false,
    "source_map": "me2026",
    "source_file": "../energy-map-of-the-middle-east-2026-peregrine-bush.pdf",
    "source_page": 1,
    "source_title": "Energy Infrastructure Map of the Middle East, 2026 edition",
    "source_publisher": "Petroleum Economist / World Oil / Gulf Energy Information / Global Energy Infrastructure",
    "geometry_source": "stroke",
    "georef_order": 2,
    "georef_source": "map's own coastline vector registered to Natural Earth 10m coastline+lakes by trimmed ICP",
    "georef_insample_rmse_km": 0.97,
    "georef_holdout_layer": "ne_10m_admin_0_countries vs the map's own border strokes",
    "georef_holdout_median_km": 1.45,
    "georef_holdout_rmse_km": 1.6,
    "drawn_feature_offset_median_km": 3.06,
    "accuracy_tier": "medium"
   },
   "geometry": {
    "type": "LineString",
    "coordinates": [
     [
      53.111369,
      39.433411
     ],
     [
      53.209768,
      39.448202
     ],
     [
      53.241583,
      39.452632
     ],
     [
      53.29709,
      39.472592
     ],
     [
      53.44649,
      39.459285
     ],
     [
      53.538223,
      39.468156
     ],
     [
      53.662559,
      39.501405
     ],
     [
      53.706225,
      39.514719
     ],
     [
      53.765454,
      39.547982
     ],
     [
      53.788528,
      39.633736
     ],
     [
      53.834661,
      39.788236
     ],
     [
      53.876373,
      39.961961
     ],
     [
      53.85874,
      40.028507
     ]
    ]
   }
  },
  {
   "type": "Feature",
   "properties": {
    "id": "ME2026-0090",
    "commodity": "gas",
    "status_class": "in_service",
    "name": null,
    "name_dist_pt": null,
    "name_ambiguous": null,
    "name_confidence": null,
    "commodity_conflict": null,
    "other_names": null,
    "diameter_in": null,
    "length_km": 43.4,
    "n_vertices": 11,
    "legend_class": "gas_in_service",
    "stroke_rgb": "#d7191f",
    "dashed": false,
    "source_map": "me2026",
    "source_file": "../energy-map-of-the-middle-east-2026-peregrine-bush.pdf",
    "source_page": 1,
    "source_title": "Energy Infrastructure Map of the Middle East, 2026 edition",
    "source_publisher": "Petroleum Economist / World Oil / Gulf Energy Information / Global Energy Infrastructure",
    "geometry_source": "stroke",
    "georef_order": 2,
    "georef_source": "map's own coastline vector registered to Natural Earth 10m coastline+lakes by trimmed ICP",
    "georef_insample_rmse_km": 0.97,
    "georef_holdout_layer": "ne_10m_admin_0_countries vs the map's own border strokes",
    "georef_holdout_median_km": 1.45,
    "georef_holdout_rmse_km": 1.6,
    "drawn_feature_offset_median_km": 3.06,
    "accuracy_tier": "medium"
   },
   "geometry": {
    "type": "LineString",
    "coordinates": [
     [
      54.23167,
      39.676869
     ],
     [
      54.183637,
      39.669936
     ],
     [
      54.131818,
      39.652192
     ],
     [
      54.03706,
      39.615251
     ],
     [
      54.007446,
      39.603414
     ],
     [
      53.979351,
      39.609335
     ],
     [
      53.962343,
      39.609336
     ],
     [
      53.942354,
      39.601202
     ],
     [
      53.891266,
      39.576812
     ],
     [
      53.80837,
      39.553888
     ],
     [
      53.765454,
      39.547982
     ]
    ]
   }
  },
  {
   "type": "Feature",
   "properties": {
    "id": "ME2026-0091",
    "commodity": "gas",
    "status_class": "in_service",
    "name": null,
    "name_dist_pt": null,
    "name_ambiguous": null,
    "name_confidence": null,
    "commodity_conflict": null,
    "other_names": null,
    "diameter_in": null,
    "length_km": 290.19,
    "n_vertices": 29,
    "legend_class": "gas_in_service",
    "stroke_rgb": "#d7191f",
    "dashed": false,
    "source_map": "me2026",
    "source_file": "../energy-map-of-the-middle-east-2026-peregrine-bush.pdf",
    "source_page": 1,
    "source_title": "Energy Infrastructure Map of the Middle East, 2026 edition",
    "source_publisher": "Petroleum Economist / World Oil / Gulf Energy Information / Global Energy Infrastructure",
    "geometry_source": "stroke",
    "georef_order": 2,
    "georef_source": "map's own coastline vector registered to Natural Earth 10m coastline+lakes by trimmed ICP",
    "georef_insample_rmse_km": 0.97,
    "georef_holdout_layer": "ne_10m_admin_0_countries vs the map's own border strokes",
    "georef_holdout_median_km": 1.45,
    "georef_holdout_rmse_km": 1.6,
    "drawn_feature_offset_median_km": 3.06,
    "accuracy_tier": "medium"
   },
   "geometry": {
    "type": "LineString",
    "coordinates": [
     [
      54.012864,
      36.784348
     ],
     [
      54.104471,
      36.860486
     ],
     [
      54.16386,
      36.946274
     ],
     [
      54.159755,
      37.036522
     ],
     [
      54.156321,
      37.102575
     ],
     [
      54.190983,
      37.175887
     ],
     [
      54.198787,
      37.19564
     ],
     [
      54.20146,
      37.314007
     ],
     [
      54.200023,
      37.351712
     ],
     [
      54.203098,
      37.427848
     ],
     [
      54.209944,
      37.556468
     ],
     [
      54.219057,
      37.718353
     ],
     [
      54.231184,
      37.917931
     ],
     [
      54.237326,
      38.065038
     ],
     [
      54.231597,
      38.194402
     ],
     [
      54.22893,
      38.393248
     ],
     [
      54.22246,
      38.510799
     ],
     [
      54.215854,
      38.539621
     ],
     [
      54.204086,
      38.590632
     ],
     [
      54.264848,
      38.651249
     ],
     [
      54.344842,
      38.714806
     ],
     [
      54.42779,
      38.768025
     ],
     [
      54.541834,
      38.841203
     ],
     [
      54.592204,
      38.876691
     ],
     [
      54.593006,
      38.916602
     ],
     [
      54.59318,
      39.024532
     ],
     [
      54.586685,
      39.128771
     ],
     [
      54.591969,
      39.189394
     ],
     [
      54.605334,
      39.213046
     ]
    ]
   }
  },
  {
   "type": "Feature",
   "properties": {
    "id": "ME2026-0092",
    "commodity": "gas",
    "status_class": "in_service",
    "name": null,
    "name_dist_pt": null,
    "name_ambiguous": null,
    "name_confidence": null,
    "commodity_conflict": null,
    "other_names": null,
    "diameter_in": null,
    "length_km": 209.79,
    "n_vertices": 28,
    "legend_class": "gas_in_service",
    "stroke_rgb": "#d7191f",
    "dashed": false,
    "source_map": "me2026",
    "source_file": "../energy-map-of-the-middle-east-2026-peregrine-bush.pdf",
    "source_page": 1,
    "source_title": "Energy Infrastructure Map of the Middle East, 2026 edition",
    "source_publisher": "Petroleum Economist / World Oil / Gulf Energy Information / Global Energy Infrastructure",
    "geometry_source": "stroke",
    "georef_order": 2,
    "georef_source": "map's own coastline vector registered to Natural Earth 10m coastline+lakes by trimmed ICP",
    "georef_insample_rmse_km": 0.97,
    "georef_holdout_layer": "ne_10m_admin_0_countries vs the map's own border strokes",
    "georef_holdout_median_km": 1.45,
    "georef_holdout_rmse_km": 1.6,
    "drawn_feature_offset_median_km": 3.06,
    "accuracy_tier": "medium"
   },
   "geometry": {
    "type": "LineString",
    "coordinates": [
     [
      54.76477,
      37.525364
     ],
     [
      54.64638,
      37.515028
     ],
     [
      54.458432,
      37.497303
     ],
     [
      54.434754,
      37.492875
     ],
     [
      54.203335,
      37.432302
     ],
     [
      54.157957,
      37.416014
     ],
     [
      54.069901,
      37.39755
     ],
     [
      54.054363,
      37.391633
     ],
     [
      54.046246,
      37.40864
     ],
     [
      54.02785,
      37.480347
     ],
     [
      53.99177,
      37.594918
     ],
     [
      53.968226,
      37.691017
     ],
     [
      53.938748,
      37.761987
     ],
     [
      53.924001,
      37.80042
     ],
     [
      53.912994,
      37.861779
     ],
     [
      53.902804,
      37.974884
     ],
     [
      53.892566,
      38.055453
     ],
     [
      53.95549,
      38.084282
     ],
     [
      54.027268,
      38.095365
     ],
     [
      54.06427,
      38.107927
     ],
     [
      54.083516,
      38.114583
     ],
     [
      54.087974,
      38.122705
     ],
     [
      54.088151,
      38.240242
     ],
     [
      54.094264,
      38.373309
     ],
     [
      54.096587,
      38.442791
     ],
     [
      54.104777,
      38.474577
     ],
     [
      54.159542,
      38.48876
     ],
     [
      54.221221,
      38.516197
     ]
    ]
   }
  },
  {
   "type": "Feature",
   "properties": {
    "id": "ME2026-0093",
    "commodity": "gas",
    "status_class": "in_service",
    "name": null,
    "name_dist_pt": null,
    "name_ambiguous": null,
    "name_confidence": null,
    "commodity_conflict": null,
    "other_names": null,
    "diameter_in": null,
    "length_km": 208.42,
    "n_vertices": 27,
    "legend_class": "gas_in_service",
    "stroke_rgb": "#d7191f",
    "dashed": false,
    "source_map": "me2026",
    "source_file": "../energy-map-of-the-middle-east-2026-peregrine-bush.pdf",
    "source_page": 1,
    "source_title": "Energy Infrastructure Map of the Middle East, 2026 edition",
    "source_publisher": "Petroleum Economist / World Oil / Gulf Energy Information / Global Energy Infrastructure",
    "geometry_source": "stroke",
    "georef_order": 2,
    "georef_source": "map's own coastline vector registered to Natural Earth 10m coastline+lakes by trimmed ICP",
    "georef_insample_rmse_km": 0.97,
    "georef_holdout_layer": "ne_10m_admin_0_countries vs the map's own border strokes",
    "georef_holdout_median_km": 1.45,
    "georef_holdout_rmse_km": 1.6,
    "drawn_feature_offset_median_km": 3.06,
    "accuracy_tier": "medium"
   },
   "geometry": {
    "type": "LineString",
    "coordinates": [
     [
      56.305983,
      38.435121
     ],
     [
      56.247513,
      38.428486
     ],
     [
      56.204578,
      38.421097
     ],
     [
      56.12094,
      38.414465
     ],
     [
      56.058023,
      38.40708
     ],
     [
      55.975149,
      38.407093
     ],
     [
      55.936564,
      38.343523
     ],
     [
      55.876566,
      38.302872
     ],
     [
      55.817303,
      38.265924
     ],
     [
      55.77732,
      38.253365
     ],
     [
      55.64406,
      38.209759
     ],
     [
      55.514499,
      38.165425
     ],
     [
      55.467866,
      38.161001
     ],
     [
      55.308788,
      38.161023
     ],
     [
      55.140077,
      38.158079
     ],
     [
      54.977305,
      38.161064
     ],
     [
      54.955117,
      38.166236
     ],
     [
      54.794641,
      38.218002
     ],
     [
      54.651911,
      38.2572
     ],
     [
      54.593491,
      38.28012
     ],
     [
      54.561757,
      38.33261
     ],
     [
      54.544798,
      38.365125
     ],
     [
      54.497573,
      38.450893
     ],
     [
      54.487243,
      38.461243
     ],
     [
      54.45396,
      38.466415
     ],
     [
      54.294936,
      38.500443
     ],
     [
      54.223943,
      38.513474
     ]
    ]
   }
  },
  {
   "type": "Feature",
   "properties": {
    "id": "ME2026-0094",
    "commodity": "gas",
    "status_class": "in_service",
    "name": null,
    "name_dist_pt": null,
    "name_ambiguous": null,
    "name_confidence": null,
    "commodity_conflict": null,
    "other_names": null,
    "diameter_in": null,
    "length_km": 7.46,
    "n_vertices": 3,
    "legend_class": "gas_in_service",
    "stroke_rgb": "#d7191f",
    "dashed": false,
    "source_map": "me2026",
    "source_file": "../energy-map-of-the-middle-east-2026-peregrine-bush.pdf",
    "source_page": 1,
    "source_title": "Energy Infrastructure Map of the Middle East, 2026 edition",
    "source_publisher": "Petroleum Economist / World Oil / Gulf Energy Information / Global Energy Infrastructure",
    "geometry_source": "stroke",
    "georef_order": 2,
    "georef_source": "map's own coastline vector registered to Natural Earth 10m coastline+lakes by trimmed ICP",
    "georef_insample_rmse_km": 0.97,
    "georef_holdout_layer": "ne_10m_admin_0_countries vs the map's own border strokes",
    "georef_holdout_median_km": 1.45,
    "georef_holdout_rmse_km": 1.6,
    "drawn_feature_offset_median_km": 3.06,
    "accuracy_tier": "medium"
   },
   "geometry": {
    "type": "LineString",
    "coordinates": [
     [
      53.876482,
      40.02554
     ],
     [
      53.888987,
      39.978219
     ],
     [
      53.876373,
      39.961961
     ]
    ]
   }
  },
  {
   "type": "Feature",
   "properties": {
    "id": "ME2026-0095",
    "commodity": "gas",
    "status_class": "in_service",
    "name": null,
    "name_dist_pt": null,
    "name_ambiguous": null,
    "name_confidence": null,
    "commodity_conflict": null,
    "other_names": null,
    "diameter_in": "11",
    "length_km": 300.09,
    "n_vertices": 41,
    "legend_class": "gas_in_service",
    "stroke_rgb": "#d7191f",
    "dashed": false,
    "source_map": "me2026",
    "source_file": "../energy-map-of-the-middle-east-2026-peregrine-bush.pdf",
    "source_page": 1,
    "source_title": "Energy Infrastructure Map of the Middle East, 2026 edition",
    "source_publisher": "Petroleum Economist / World Oil / Gulf Energy Information / Global Energy Infrastructure",
    "geometry_source": "stroke",
    "georef_order": 2,
    "georef_source": "map's own coastline vector registered to Natural Earth 10m coastline+lakes by trimmed ICP",
    "georef_insample_rmse_km": 0.97,
    "georef_holdout_layer": "ne_10m_admin_0_countries vs the map's own border strokes",
    "georef_holdout_median_km": 1.45,
    "georef_holdout_rmse_km": 1.6,
    "drawn_feature_offset_median_km": 3.06,
    "accuracy_tier": "medium"
   },
   "geometry": {
    "type": "LineString",
    "coordinates": [
     [
      62.413313,
      35.230911
     ],
     [
      62.41337,
      35.274487
     ],
     [
      62.414549,
      35.322154
     ],
     [
      62.409425,
      35.419211
     ],
     [
      62.540838,
      35.62835
     ],
     [
      62.658598,
      35.782432
     ],
     [
      62.728638,
      35.927401
     ],
     [
      62.762887,
      35.998548
     ],
     [
      62.760671,
      36.035639
     ],
     [
      62.741242,
      36.073876
     ],
     [
      62.699654,
      36.141673
     ],
     [
      62.697458,
      36.175399
     ],
     [
      62.689643,
      36.233858
     ],
     [
      62.664956,
      36.301308
     ],
     [
      62.641828,
      36.339438
     ],
     [
      62.636761,
      36.367198
     ],
     [
      62.643152,
      36.408292
     ],
     [
      62.635969,
      36.440422
     ],
     [
      62.626199,
      36.487771
     ],
     [
      62.618167,
      36.5119
     ],
     [
      62.604786,
      36.544821
     ],
     [
      62.581559,
      36.572517
     ],
     [
      62.535198,
      36.608263
     ],
     [
      62.515567,
      36.647578
     ],
     [
      62.499541,
      36.712652
     ],
     [
      62.493318,
      36.737664
     ],
     [
      62.501573,
      36.871642
     ],
     [
      62.498947,
      36.908129
     ],
     [
      62.485802,
      37.095564
     ],
     [
      62.477852,
      37.156313
     ],
     [
      62.461765,
      37.179539
     ],
     [
      62.412793,
      37.251058
     ],
     [
      62.38324,
      37.296904
     ],
     [
      62.346248,
      37.340538
     ],
     [
      62.336643,
      37.350154
     ],
     [
      62.3026,
      37.370871
     ],
     [
      62.244851,
      37.397506
     ],
     [
      62.221196,
      37.421171
     ],
     [
      62.112377,
      37.470007
     ],
     [
      62.01243,
      37.512944
     ],
     [
      61.881805,
      37.584704
     ]
    ]
   }
  },
  {
   "type": "Feature",
   "properties": {
    "id": "ME2026-0096",
    "commodity": "gas",
    "status_class": "in_service",
    "name": null,
    "name_dist_pt": null,
    "name_ambiguous": null,
    "name_confidence": null,
    "commodity_conflict": null,
    "other_names": null,
    "diameter_in": "56",
    "length_km": 251.86,
    "n_vertices": 32,
    "legend_class": "gas_in_service",
    "stroke_rgb": "#d7191f",
    "dashed": false,
    "source_map": "me2026",
    "source_file": "../energy-map-of-the-middle-east-2026-peregrine-bush.pdf",
    "source_page": 1,
    "source_title": "Energy Infrastructure Map of the Middle East, 2026 edition",
    "source_publisher": "Petroleum Economist / World Oil / Gulf Energy Information / Global Energy Infrastructure",
    "geometry_source": "stroke",
    "georef_order": 2,
    "georef_source": "map's own coastline vector registered to Natural Earth 10m coastline+lakes by trimmed ICP",
    "georef_insample_rmse_km": 0.97,
    "georef_holdout_layer": "ne_10m_admin_0_countries vs the map's own border strokes",
    "georef_holdout_median_km": 1.45,
    "georef_holdout_rmse_km": 1.6,
    "drawn_feature_offset_median_km": 3.06,
    "accuracy_tier": "medium"
   },
   "geometry": {
    "type": "LineString",
    "coordinates": [
     [
      62.381872,
      37.298502
     ],
     [
      62.364678,
      37.271781
     ],
     [
      62.370575,
      37.256986
     ],
     [
      62.413451,
      37.189695
     ],
     [
      62.445974,
      37.142371
     ],
     [
      62.455916,
      37.027037
     ],
     [
      62.462697,
      36.939064
     ],
     [
      62.467034,
      36.870303
     ],
     [
      62.458776,
      36.791211
     ],
     [
      62.458678,
      36.725418
     ],
     [
      62.482245,
      36.64113
     ],
     [
      62.496244,
      36.59085
     ],
     [
      62.559162,
      36.545727
     ],
     [
      62.594639,
      36.482872
     ],
     [
      62.600485,
      36.431858
     ],
     [
      62.608604,
      36.408938
     ],
     [
      62.600391,
      36.366817
     ],
     [
      62.632868,
      36.284002
     ],
     [
      62.652042,
      36.229277
     ],
     [
      62.661591,
      36.162017
     ],
     [
      62.665251,
      36.133919
     ],
     [
      62.694078,
      36.093244
     ],
     [
      62.728811,
      36.02522
     ],
     [
      62.728775,
      35.99934
     ],
     [
      62.631444,
      35.805711
     ],
     [
      62.385784,
      35.466528
     ],
     [
      62.367961,
      35.436239
     ],
     [
      62.3619,
      35.329795
     ],
     [
      62.361829,
      35.275627
     ],
     [
      62.352463,
      35.218644
     ],
     [
      62.356915,
      35.190704
     ],
     [
      62.349049,
      35.177309
     ]
    ]
   }
  },
  {
   "type": "Feature",
   "properties": {
    "id": "ME2026-0097",
    "commodity": "gas",
    "status_class": "in_service",
    "name": null,
    "name_dist_pt": null,
    "name_ambiguous": null,
    "name_confidence": null,
    "commodity_conflict": null,
    "other_names": null,
    "diameter_in": "16",
    "length_km": 121.72,
    "n_vertices": 53,
    "legend_class": "gas_in_service",
    "stroke_rgb": "#d7191f",
    "dashed": false,
    "source_map": "me2026",
    "source_file": "../energy-map-of-the-middle-east-2026-peregrine-bush.pdf",
    "source_page": 1,
    "source_title": "Energy Infrastructure Map of the Middle East, 2026 edition",
    "source_publisher": "Petroleum Economist / World Oil / Gulf Energy Information / Global Energy Infrastructure",
    "geometry_source": "stroke",
    "georef_order": 2,
    "georef_source": "map's own coastline vector registered to Natural Earth 10m coastline+lakes by trimmed ICP",
    "georef_insample_rmse_km": 0.97,
    "georef_holdout_layer": "ne_10m_admin_0_countries vs the map's own border strokes",
    "georef_holdout_median_km": 1.45,
    "georef_holdout_rmse_km": 1.6,
    "drawn_feature_offset_median_km": 3.06,
    "accuracy_tier": "medium"
   },
   "geometry": {
    "type": "LineString",
    "coordinates": [
     [
      54.362639,
      36.183804
     ],
     [
      54.338572,
      36.196322
     ],
     [
      54.311621,
      36.207872
     ],
     [
      54.297188,
      36.222302
     ],
     [
      54.272161,
      36.231939
     ],
     [
      54.256751,
      36.240595
     ],
     [
      54.228834,
      36.244459
     ],
     [
      54.142924,
      36.273335
     ],
     [
      54.130415,
      36.285852
     ],
     [
      54.12562,
      36.297387
     ],
     [
      54.125638,
      36.310871
     ],
     [
      54.130459,
      36.320493
     ],
     [
      54.124696,
      36.332258
     ],
     [
      54.104487,
      36.33899
     ],
     [
      54.090043,
      36.344765
     ],
     [
      54.069834,
      36.360175
     ],
     [
      54.046728,
      36.364982
     ],
     [
      54.016013,
      36.359212
     ],
     [
      53.989682,
      36.362107
     ],
     [
      53.976203,
      36.373655
     ],
     [
      53.959852,
      36.384235
     ],
     [
      53.941549,
      36.384237
     ],
     [
      53.919387,
      36.379313
     ],
     [
      53.871206,
      36.364042
     ],
     [
      53.846188,
      36.379319
     ],
     [
      53.831761,
      36.397718
     ],
     [
      53.81519,
      36.406386
     ],
     [
      53.794973,
      36.41601
     ],
     [
      53.775725,
      36.424678
     ],
     [
      53.761287,
      36.434302
     ],
     [
      53.746867,
      36.448742
     ],
     [
      53.732435,
      36.463183
     ],
     [
      53.706434,
      36.467034
     ],
     [
      53.699705,
      36.480506
     ],
     [
      53.690094,
      36.494947
     ],
     [
      53.686261,
      36.509375
     ],
     [
      53.678581,
      36.527882
     ],
     [
      53.655488,
      36.541356
     ],
     [
      53.643924,
      36.544249
     ],
     [
      53.62157,
      36.548088
     ],
     [
      53.621583,
      36.558679
     ],
     [
      53.610037,
      36.565421
     ],
     [
      53.583067,
      36.55965
     ],
     [
      53.554167,
      36.559652
     ],
     [
      53.524313,
      36.562535
     ],
     [
      53.488688,
      36.569279
     ],
     [
      53.458841,
      36.576979
     ],
     [
      53.420118,
      36.585648
     ],
     [
      53.4076,
      36.590454
     ],
     [
      53.385462,
      36.602014
     ],
     [
      53.368136,
      36.60682
     ],
     [
      53.368156,
      36.622216
     ],
     [
      53.305626,
      36.671301
     ]
    ]
   }
  },
  {
   "type": "Feature",
   "properties": {
    "id": "ME2026-0098",
    "commodity": "gas",
    "status_class": "in_service",
    "name": null,
    "name_dist_pt": null,
    "name_ambiguous": null,
    "name_confidence": null,
    "commodity_conflict": null,
    "other_names": null,
    "diameter_in": null,
    "length_km": 36.29,
    "n_vertices": 6,
    "legend_class": "gas_in_service",
    "stroke_rgb": "#d7191f",
    "dashed": false,
    "source_map": "me2026",
    "source_file": "../energy-map-of-the-middle-east-2026-peregrine-bush.pdf",
    "source_page": 1,
    "source_title": "Energy Infrastructure Map of the Middle East, 2026 edition",
    "source_publisher": "Petroleum Economist / World Oil / Gulf Energy Information / Global Energy Infrastructure",
    "geometry_source": "stroke",
    "georef_order": 2,
    "georef_source": "map's own coastline vector registered to Natural Earth 10m coastline+lakes by trimmed ICP",
    "georef_insample_rmse_km": 0.97,
    "georef_holdout_layer": "ne_10m_admin_0_countries vs the map's own border strokes",
    "georef_holdout_median_km": 1.45,
    "georef_holdout_rmse_km": 1.6,
    "drawn_feature_offset_median_km": 3.06,
    "accuracy_tier": "medium"
   },
   "geometry": {
    "type": "LineString",
    "coordinates": [
     [
      48.884792,
      40.035781
     ],
     [
      48.804853,
      40.000903
     ],
     [
      48.641999,
      40.003969
     ],
     [
      48.570575,
      40.000855
     ],
     [
      48.544595,
      40.003948
     ],
     [
      48.478224,
      40.026062
     ]
    ]
   }
  },
  {
   "type": "Feature",
   "properties": {
    "id": "ME2026-0099",
    "commodity": "gas",
    "status_class": "in_service",
    "name": null,
    "name_dist_pt": null,
    "name_ambiguous": null,
    "name_confidence": null,
    "commodity_conflict": null,
    "other_names": null,
    "diameter_in": null,
    "length_km": 22.44,
    "n_vertices": 2,
    "legend_class": "gas_in_service",
    "stroke_rgb": "#d7191f",
    "dashed": false,
    "source_map": "me2026",
    "source_file": "../energy-map-of-the-middle-east-2026-peregrine-bush.pdf",
    "source_page": 1,
    "source_title": "Energy Infrastructure Map of the Middle East, 2026 edition",
    "source_publisher": "Petroleum Economist / World Oil / Gulf Energy Information / Global Energy Infrastructure",
    "geometry_source": "stroke",
    "georef_order": 2,
    "georef_source": "map's own coastline vector registered to Natural Earth 10m coastline+lakes by trimmed ICP",
    "georef_insample_rmse_km": 0.97,
    "georef_holdout_layer": "ne_10m_admin_0_countries vs the map's own border strokes",
    "georef_holdout_median_km": 1.45,
    "georef_holdout_rmse_km": 1.6,
    "drawn_feature_offset_median_km": 3.06,
    "accuracy_tier": "medium"
   },
   "geometry": {
    "type": "LineString",
    "coordinates": [
     [
      50.099781,
      40.038865
     ],
     [
      50.346525,
      39.96939
     ]
    ]
   }
  },
  {
   "type": "Feature",
   "properties": {
    "id": "ME2026-0100",
    "commodity": "gas",
    "status_class": "in_service",
    "name": "IGAT 1",
    "name_dist_pt": 0.0,
    "name_ambiguous": false,
    "name_confidence": "high",
    "commodity_conflict": null,
    "other_names": "IGAT 8",
    "diameter_in": "42",
    "length_km": 1594.51,
    "n_vertices": 202,
    "legend_class": "gas_in_service",
    "stroke_rgb": "#d7191f",
    "dashed": false,
    "source_map": "me2026",
    "source_file": "../energy-map-of-the-middle-east-2026-peregrine-bush.pdf",
    "source_page": 1,
    "source_title": "Energy Infrastructure Map of the Middle East, 2026 edition",
    "source_publisher": "Petroleum Economist / World Oil / Gulf Energy Information / Global Energy Infrastructure",
    "geometry_source": "stroke",
    "georef_order": 2,
    "georef_source": "map's own coastline vector registered to Natural Earth 10m coastline+lakes by trimmed ICP",
    "georef_insample_rmse_km": 0.97,
    "georef_holdout_layer": "ne_10m_admin_0_countries vs the map's own border strokes",
    "georef_holdout_median_km": 1.45,
    "georef_holdout_rmse_km": 1.6,
    "drawn_feature_offset_median_km": 3.06,
    "accuracy_tier": "medium"
   },
   "geometry": {
    "type": "LineString",
    "coordinates": [
     [
      52.624237,
      27.478174
     ],
     [
      52.649113,
      27.555132
     ],
     [
      52.555127,
      27.660273
     ],
     [
      52.427403,
      27.739587
     ],
     [
      52.404457,
      27.782807
     ],
     [
      52.314065,
      27.85678
     ],
     [
      52.252864,
      27.919666
     ],
     [
      52.235512,
      27.961132
     ],
     [
      52.207236,
      27.990149
     ],
     [
      52.350942,
      28.195671
     ],
     [
      52.349607,
      28.22402
     ],
     [
      52.333243,
      28.28424
     ],
     [
      52.330732,
      28.310253
     ],
     [
      52.346557,
      28.348074
     ],
     [
      52.374482,
      28.398113
     ],
     [
      52.406413,
      28.440178
     ],
     [
      52.482281,
      28.505275
     ],
     [
      52.507251,
      28.547777
     ],
     [
      52.526627,
      28.589905
     ],
     [
      52.546596,
      28.663866
     ],
     [
      52.570537,
      28.70505
     ],
     [
      52.572328,
      28.733447
     ],
     [
      52.559045,
      28.769772
     ],
     [
      52.613591,
      28.857015
     ],
     [
      52.572845,
      28.919962
     ],
     [
      52.608328,
      28.993027
     ],
     [
      52.695277,
      29.070091
     ],
     [
      52.680677,
      29.1379
     ],
     [
      52.721469,
      29.160485
     ],
     [
      52.724152,
      29.234003
     ],
     [
      52.653257,
      29.381097
     ],
     [
      52.538557,
      29.58578
     ],
     [
      52.501788,
      29.622556
     ],
     [
      52.433112,
      29.809957
     ],
     [
      52.459753,
      29.887515
     ],
     [
      52.498397,
      29.946415
     ],
     [
      52.549396,
      30.010637
     ],
     [
      52.616504,
      30.080556
     ],
     [
      52.617714,
      30.124516
     ],
     [
      52.622155,
      30.143549
     ],
     [
      52.634128,
      30.159944
     ],
     [
      52.663448,
      30.167467
     ],
     [
      52.698916,
      30.19049
     ],
     [
      52.690508,
      30.226368
     ],
     [
      52.713576,
      30.272044
     ],
     [
      52.723358,
      30.311902
     ],
     [
      52.714945,
      30.338475
     ],
     [
      52.668439,
      30.391625
     ],
     [
      52.422886,
      30.571523
     ],
     [
      52.406497,
      30.604305
     ],
     [
      52.417149,
      30.618921
     ],
     [
      52.440203,
      30.637082
     ],
     [
      52.44598,
      30.659721
     ],
     [
      52.455192,
      30.675633
     ],
     [
      52.511657,
      30.696924
     ],
     [
      52.495727,
      30.747857
     ],
     [
      52.474912,
      30.768672
     ],
     [
      52.366768,
      30.848025
     ],
     [
      52.236463,
      30.938827
     ],
     [
      52.098234,
      31.015919
     ],
     [
      52.005151,
      31.099239
     ],
     [
      52.03269,
      31.164593
     ],
     [
      52.049989,
      31.216612
     ],
     [
      52.079056,
      31.394117
     ],
     [
      52.095294,
      31.44961
     ],
     [
      52.134,
      31.496208
     ],
     [
      52.169252,
      31.678022
     ],
     [
      52.173828,
      31.694019
     ],
     [
      52.173847,
      31.720303
     ],
     [
      52.177301,
      31.741999
     ],
     [
      52.18762,
      31.779706
     ],
     [
      52.196763,
      31.79799
     ],
     [
      52.268812,
      31.818544
     ],
     [
      52.312794,
      31.823115
     ],
     [
      52.355091,
      31.823112
     ],
     [
      52.393967,
      31.832245
     ],
     [
      52.444268,
      31.832241
     ],
     [
      52.475679,
      31.832239
     ],
     [
      52.492825,
      31.832237
     ],
     [
      52.508845,
      31.848234
     ],
     [
      52.518006,
      31.872762
     ],
     [
      52.530603,
      31.910456
     ],
     [
      52.553528,
      31.979007
     ],
     [
      52.569569,
      32.038411
     ],
     [
      52.622247,
      32.136064
     ],
     [
      52.64399,
      32.176045
     ],
     [
      52.690329,
      32.26455
     ],
     [
      52.747564,
      32.346811
     ],
     [
      52.77962,
      32.393652
     ],
     [
      52.80938,
      32.447344
     ],
     [
      52.88432,
      32.555271
     ],
     [
      52.917505,
      32.588402
     ],
     [
      52.98044,
      32.643773
     ],
     [
      52.993027,
      32.663195
     ],
     [
      53.005639,
      32.698615
     ],
     [
      53.030845,
      32.761445
     ],
     [
      53.077175,
      32.826572
     ],
     [
      53.087476,
      32.848814
     ],
     [
      53.076062,
      32.870525
     ],
     [
      53.044669,
      32.881965
     ],
     [
      53.012669,
      32.891104
     ],
     [
      52.929217,
      32.919672
     ],
     [
      52.870924,
      32.941388
     ],
     [
      52.813238,
      32.963103
     ],
     [
      52.769824,
      32.991667
     ],
     [
      52.665842,
      33.067626
     ],
     [
      52.609319,
      33.100753
     ],
     [
      52.557898,
      33.138465
     ],
     [
      52.50305,
      33.175029
     ],
     [
      52.453392,
      33.218986
     ],
     [
      52.399711,
      33.272697
     ],
     [
      52.307195,
      33.365245
     ],
     [
      52.228988,
      33.451476
     ],
     [
      52.160457,
      33.510899
     ],
     [
      52.083919,
      33.578311
     ],
     [
      52.003475,
      33.623406
     ],
     [
      51.957705,
      33.662255
     ],
     [
      51.855498,
      33.739953
     ],
     [
      51.81095,
      33.776526
     ],
     [
      51.740115,
      33.825045
     ],
     [
      51.635615,
      33.892467
     ],
     [
      51.525941,
      33.953027
     ],
     [
      51.460297,
      34.007257
     ],
     [
      51.373526,
      34.110089
     ],
     [
      51.350752,
      34.196329
     ],
     [
      51.33595,
      34.262589
     ],
     [
      51.309724,
      34.322011
     ],
     [
      51.252091,
      34.379678
     ],
     [
      51.214403,
      34.417376
     ],
     [
      51.168708,
      34.437949
     ],
     [
      51.124156,
      34.463085
     ],
     [
      51.04592,
      34.497357
     ],
     [
      51.008228,
      34.51793
     ],
     [
      50.965965,
      34.55449
     ],
     [
      50.942004,
      34.588158
     ],
     [
      50.923739,
      34.615582
     ],
     [
      50.898053,
      34.607581
     ],
     [
      50.866437,
      34.601662
     ],
     [
      50.83494,
      34.628577
     ],
     [
      50.383635,
      34.991216
     ],
     [
      50.367938,
      35.029108
     ],
     [
      50.367103,
      35.051655
     ],
     [
      50.341931,
      35.204884
     ],
     [
      50.330457,
      35.229015
     ],
     [
      50.278051,
      35.304435
     ],
     [
      50.221433,
      35.380436
     ],
     [
      50.195003,
      35.475113
     ],
     [
      50.138971,
      35.574072
     ],
     [
      50.102205,
      35.604205
     ],
     [
      50.06923,
      35.794845
     ],
     [
      50.046417,
      35.88294
     ],
     [
      50.059187,
      35.975213
     ],
     [
      50.044222,
      36.065682
     ],
     [
      49.988953,
      36.25993
     ],
     [
      49.958234,
      36.29315
     ],
     [
      49.882808,
      36.312435
     ],
     [
      49.696602,
      36.360343
     ],
     [
      49.649664,
      36.372611
     ],
     [
      49.601229,
      36.35744
     ],
     [
      49.5275,
      36.364645
     ],
     [
      49.482042,
      36.407993
     ],
     [
      49.485718,
      36.454941
     ],
     [
      49.488679,
      36.511281
     ],
     [
      49.515479,
      36.581422
     ],
     [
      49.513353,
      36.614645
     ],
     [
      49.458498,
      36.643541
     ],
     [
      49.413753,
      36.685424
     ],
     [
      49.386335,
      36.712205
     ],
     [
      49.365387,
      36.754091
     ],
     [
      49.376318,
      36.79384
     ],
     [
      49.435648,
      36.858854
     ],
     [
      49.477597,
      36.903702
     ],
     [
      49.479814,
      36.943438
     ],
     [
      49.526094,
      36.976667
     ],
     [
      49.537703,
      37.014952
     ],
     [
      49.628531,
      37.05143
     ],
     [
      49.649106,
      37.105717
     ],
     [
      49.660628,
      37.150949
     ],
     [
      49.652248,
      37.204021
     ],
     [
      49.593194,
      37.243278
     ],
     [
      49.548573,
      37.285489
     ],
     [
      49.549804,
      37.310822
     ],
     [
      49.546825,
      37.336747
     ],
     [
      49.515486,
      37.354233
     ],
     [
      49.412417,
      37.416347
     ],
     [
      49.288222,
      37.490573
     ],
     [
      49.16463,
      37.561724
     ],
     [
      49.076023,
      37.608152
     ],
     [
      49.041696,
      37.642581
     ],
     [
      48.999538,
      37.694439
     ],
     [
      48.95672,
      37.722767
     ],
     [
      48.916529,
      37.885071
     ],
     [
      48.894411,
      38.029259
     ],
     [
      48.870523,
      38.196337
     ],
     [
      48.851352,
      38.290477
     ],
     [
      48.84904,
      38.358029
     ],
     [
      48.843693,
      38.418996
     ],
     [
      48.850601,
      38.450577
     ],
     [
      48.86318,
      38.495061
     ],
     [
      48.863383,
      38.634621
     ],
     [
      48.849073,
      38.72241
     ],
     [
      48.828431,
      38.7509
     ]
    ]
   }
  },
  {
   "type": "Feature",
   "properties": {
    "id": "ME2026-0101",
    "commodity": "gas",
    "status_class": "in_service",
    "name": "IGAT 3",
    "name_dist_pt": 0.0,
    "name_ambiguous": false,
    "name_confidence": "high",
    "commodity_conflict": null,
    "other_names": null,
    "diameter_in": "56",
    "length_km": 817.63,
    "n_vertices": 56,
    "legend_class": "gas_in_service",
    "stroke_rgb": "#d7191f",
    "dashed": false,
    "source_map": "me2026",
    "source_file": "../energy-map-of-the-middle-east-2026-peregrine-bush.pdf",
    "source_page": 1,
    "source_title": "Energy Infrastructure Map of the Middle East, 2026 edition",
    "source_publisher": "Petroleum Economist / World Oil / Gulf Energy Information / Global Energy Infrastructure",
    "geometry_source": "stroke",
    "georef_order": 2,
    "georef_source": "map's own coastline vector registered to Natural Earth 10m coastline+lakes by trimmed ICP",
    "georef_insample_rmse_km": 0.97,
    "georef_holdout_layer": "ne_10m_admin_0_countries vs the map's own border strokes",
    "georef_holdout_median_km": 1.45,
    "georef_holdout_rmse_km": 1.6,
    "drawn_feature_offset_median_km": 3.06,
    "accuracy_tier": "medium"
   },
   "geometry": {
    "type": "LineString",
    "coordinates": [
     [
      51.075425,
      29.91748
     ],
     [
      51.089252,
      29.973127
     ],
     [
      51.084157,
      30.051426
     ],
     [
      51.058772,
      30.149969
     ],
     [
      51.072651,
      30.281036
     ],
     [
      51.093504,
      30.56378
     ],
     [
      51.324248,
      30.755404
     ],
     [
      51.338081,
      30.809601
     ],
     [
      51.343034,
      30.851989
     ],
     [
      51.252903,
      31.017442
     ],
     [
      51.23163,
      31.053623
     ],
     [
      51.216031,
      31.122851
     ],
     [
      51.218858,
      31.247414
     ],
     [
      51.173798,
      31.397826
     ],
     [
      51.137585,
      31.449908
     ],
     [
      51.120544,
      31.546993
     ],
     [
      51.120634,
      31.681118
     ],
     [
      51.106167,
      31.715993
     ],
     [
      51.111846,
      31.822771
     ],
     [
      51.139939,
      31.899345
     ],
     [
      51.181021,
      31.940379
     ],
     [
      51.17493,
      32.055363
     ],
     [
      51.147654,
      32.154507
     ],
     [
      51.191098,
      32.61981
     ],
     [
      50.577716,
      33.014226
     ],
     [
      50.595374,
      33.153817
     ],
     [
      50.546346,
      33.308631
     ],
     [
      50.497316,
      33.360667
     ],
     [
      50.451432,
      33.492779
     ],
     [
      50.538536,
      33.581027
     ],
     [
      50.668239,
      33.611685
     ],
     [
      50.813131,
      33.700492
     ],
     [
      50.828747,
      33.804834
     ],
     [
      50.642504,
      34.081431
     ],
     [
      50.578734,
      34.147821
     ],
     [
      50.539182,
      34.269312
     ],
     [
      50.548444,
      34.332267
     ],
     [
      50.6335,
      34.418523
     ],
     [
      50.792457,
      34.555405
     ],
     [
      50.864348,
      34.606406
     ],
     [
      50.85853,
      34.635113
     ],
     [
      50.392568,
      35.01305
     ],
     [
      50.387228,
      35.034471
     ],
     [
      50.359565,
      35.213114
     ],
     [
      50.346741,
      35.242039
     ],
     [
      50.29276,
      35.316866
     ],
     [
      50.238937,
      35.391002
     ],
     [
      50.213051,
      35.484348
     ],
     [
      50.152534,
      35.589444
     ],
     [
      50.120582,
      35.616394
     ],
     [
      50.086152,
      35.804263
     ],
     [
      50.067955,
      35.885096
     ],
     [
      50.078653,
      35.976728
     ],
     [
      50.065282,
      36.072969
     ],
     [
      50.003479,
      36.270461
     ],
     [
      49.990463,
      36.287779
     ]
    ]
   }
  },
  {
   "type": "Feature",
   "properties": {
    "id": "ME2026-0102",
    "commodity": "gas",
    "status_class": "in_service",
    "name": null,
    "name_dist_pt": null,
    "name_ambiguous": null,
    "name_confidence": null,
    "commodity_conflict": null,
    "other_names": null,
    "diameter_in": "48",
    "length_km": 109.2,
    "n_vertices": 13,
    "legend_class": "gas_in_service",
    "stroke_rgb": "#d7191f",
    "dashed": false,
    "source_map": "me2026",
    "source_file": "../energy-map-of-the-middle-east-2026-peregrine-bush.pdf",
    "source_page": 1,
    "source_title": "Energy Infrastructure Map of the Middle East, 2026 edition",
    "source_publisher": "Petroleum Economist / World Oil / Gulf Energy Information / Global Energy Infrastructure",
    "geometry_source": "stroke",
    "georef_order": 2,
    "georef_source": "map's own coastline vector registered to Natural Earth 10m coastline+lakes by trimmed ICP",
    "georef_insample_rmse_km": 0.97,
    "georef_holdout_layer": "ne_10m_admin_0_countries vs the map's own border strokes",
    "georef_holdout_median_km": 1.45,
    "georef_holdout_rmse_km": 1.6,
    "drawn_feature_offset_median_km": 3.06,
    "accuracy_tier": "medium"
   },
   "geometry": {
    "type": "LineString",
    "coordinates": [
     [
      50.386359,
      35.03723
     ],
     [
      50.406552,
      35.060178
     ],
     [
      50.406687,
      35.186334
     ],
     [
      50.479731,
      35.306445
     ],
     [
      50.484332,
      35.318124
     ],
     [
      50.51185,
      35.330967
     ],
     [
      50.598305,
      35.380665
     ],
     [
      50.713867,
      35.388925
     ],
     [
      50.758088,
      35.396261
     ],
     [
      50.88929,
      35.44394
     ],
     [
      51.020696,
      35.496204
     ],
     [
      51.069599,
      35.520351
     ],
     [
      51.07129,
      35.675425
     ]
    ]
   }
  },
  {
   "type": "Feature",
   "properties": {
    "id": "ME2026-0103",
    "commodity": "gas",
    "status_class": "in_service",
    "name": "IGAT 2",
    "name_dist_pt": 0.0,
    "name_ambiguous": false,
    "name_confidence": "high",
    "commodity_conflict": null,
    "other_names": "IGAT 5; IGAT 1",
    "diameter_in": "56",
    "length_km": 1948.73,
    "n_vertices": 145,
    "legend_class": "gas_in_service",
    "stroke_rgb": "#d7191f",
    "dashed": false,
    "source_map": "me2026",
    "source_file": "../energy-map-of-the-middle-east-2026-peregrine-bush.pdf",
    "source_page": 1,
    "source_title": "Energy Infrastructure Map of the Middle East, 2026 edition",
    "source_publisher": "Petroleum Economist / World Oil / Gulf Energy Information / Global Energy Infrastructure",
    "geometry_source": "stroke",
    "georef_order": 2,
    "georef_source": "map's own coastline vector registered to Natural Earth 10m coastline+lakes by trimmed ICP",
    "georef_insample_rmse_km": 0.97,
    "georef_holdout_layer": "ne_10m_admin_0_countries vs the map's own border strokes",
    "georef_holdout_median_km": 1.45,
    "georef_holdout_rmse_km": 1.6,
    "drawn_feature_offset_median_km": 3.06,
    "accuracy_tier": "medium"
   },
   "geometry": {
    "type": "LineString",
    "coordinates": [
     [
      52.624576,
      27.478066
     ],
     [
      52.608783,
      27.516663
     ],
     [
      52.518974,
      27.61867
     ],
     [
      52.417702,
      27.676782
     ],
     [
      52.375411,
      27.687169
     ],
     [
      52.219969,
      27.733455
     ],
     [
      52.079562,
      27.853384
     ],
     [
      51.920958,
      27.954912
     ],
     [
      51.716443,
      28.118947
     ],
     [
      51.686417,
      28.157389
     ],
     [
      51.663757,
      28.170192
     ],
     [
      51.595727,
      28.202188
     ],
     [
      51.457302,
      28.407606
     ],
     [
      51.392256,
      28.487429
     ],
     [
      51.317367,
      28.636679
     ],
     [
      51.263706,
      28.759865
     ],
     [
      51.236143,
      28.86968
     ],
     [
      51.220374,
      28.885459
     ],
     [
      51.184897,
      28.899254
     ],
     [
      51.139555,
      28.949506
     ],
     [
      51.089814,
      28.986424
     ],
     [
      50.969336,
      29.107557
     ],
     [
      50.828217,
      29.275613
     ],
     [
      50.754541,
      29.473032
     ],
     [
      50.637414,
      29.530169
     ],
     [
      50.539187,
      29.594396
     ],
     [
      50.510317,
      29.622093
     ],
     [
      50.49339,
      29.639251
     ],
     [
      50.438139,
      29.679386
     ],
     [
      50.363057,
      29.737937
     ],
     [
      50.315874,
      29.844645
     ],
     [
      50.249806,
      29.994343
     ],
     [
      50.150237,
      30.218154
     ],
     [
      49.942533,
      30.427807
     ],
     [
      49.984208,
      30.683034
     ],
     [
      50.187759,
      30.747544
     ],
     [
      50.3258,
      30.796817
     ],
     [
      50.893097,
      30.891413
     ],
     [
      51.245019,
      30.951978
     ],
     [
      51.256863,
      30.959855
     ],
     [
      51.249163,
      30.979519
     ],
     [
      51.232251,
      31.018991
     ],
     [
      51.259898,
      31.072196
     ],
     [
      51.23429,
      31.126855
     ],
     [
      51.237322,
      31.251031
     ],
     [
      51.188128,
      31.411137
     ],
     [
      51.155619,
      31.460411
     ],
     [
      51.138717,
      31.549558
     ],
     [
      51.13881,
      31.687882
     ],
     [
      51.126968,
      31.719345
     ],
     [
      51.132281,
      31.821875
     ],
     [
      51.156928,
      31.888781
     ],
     [
      51.201427,
      31.933215
     ],
     [
      51.191109,
      32.062526
     ],
     [
      51.169424,
      32.15804
     ],
     [
      51.211943,
      32.630447
     ],
     [
      50.601441,
      33.026885
     ],
     [
      50.618656,
      33.157473
     ],
     [
      50.564078,
      33.319644
     ],
     [
      50.514758,
      33.372418
     ],
     [
      50.475191,
      33.488653
     ],
     [
      50.547201,
      33.564678
     ],
     [
      50.674446,
      33.594089
     ],
     [
      50.832662,
      33.691186
     ],
     [
      50.849878,
      33.81028
     ],
     [
      50.658494,
      34.092106
     ],
     [
      50.594263,
      34.157878
     ],
     [
      50.558806,
      34.270704
     ],
     [
      50.566378,
      34.326084
     ],
     [
      50.64397,
      34.404884
     ],
     [
      50.801002,
      34.541717
     ],
     [
      50.864591,
      34.584162
     ],
     [
      50.864348,
      34.606406
     ],
     [
      50.87523,
      34.569095
     ],
     [
      50.812261,
      34.530112
     ],
     [
      50.659481,
      34.395965
     ],
     [
      50.584156,
      34.319937
     ],
     [
      50.578393,
      34.270596
     ],
     [
      50.608631,
      34.168819
     ],
     [
      50.676287,
      34.102381
     ],
     [
      50.870393,
      33.818486
     ],
     [
      50.851803,
      33.679556
     ],
     [
      50.681269,
      33.575622
     ],
     [
      50.554703,
      33.547458
     ],
     [
      50.49775,
      33.483196
     ],
     [
      50.530614,
      33.384048
     ],
     [
      50.58324,
      33.332642
     ],
     [
      50.63919,
      33.160886
     ],
     [
      50.622669,
      33.035768
     ],
     [
      51.230787,
      32.638276
     ],
     [
      51.185962,
      32.158609
     ],
     [
      51.209828,
      32.065624
     ],
     [
      51.219317,
      31.928071
     ],
     [
      51.172757,
      31.879523
     ],
     [
      51.152884,
      31.818668
     ],
     [
      51.148713,
      31.722152
     ],
     [
      51.158947,
      31.692746
     ],
     [
      51.156116,
      31.553829
     ],
     [
      51.172474,
      31.466328
     ],
     [
      51.207335,
      31.420381
     ],
     [
      51.255109,
      31.254237
     ],
     [
      51.252973,
      31.130376
     ],
     [
      51.283046,
      31.073623
     ],
     [
      51.263981,
      31.038327
     ],
     [
      51.366489,
      30.86018
     ],
     [
      51.360308,
      30.807422
     ],
     [
      51.345889,
      30.745202
     ],
     [
      51.112408,
      30.553652
     ],
     [
      51.099199,
      30.371677
     ],
     [
      51.079933,
      30.150731
     ],
     [
      51.102445,
      30.04396
     ],
     [
      51.105956,
      29.970113
     ],
     [
      51.093497,
      29.914067
     ],
     [
      51.105073,
      29.816179
     ],
     [
      51.157849,
      29.777893
     ],
     [
      51.248813,
      29.749853
     ],
     [
      51.254939,
      29.697896
     ],
     [
      51.315914,
      29.634877
     ],
     [
      51.374712,
      29.576069
     ],
     [
      51.417095,
      29.516596
     ],
     [
      51.438974,
      29.496085
     ],
     [
      51.4506,
      29.476132
     ],
     [
      51.547604,
      29.4618
     ],
     [
      51.554647,
      29.368111
     ],
     [
      51.631174,
      29.251489
     ],
     [
      51.615734,
      29.213146
     ],
     [
      51.608578,
      29.181192
     ],
     [
      51.630733,
      29.087225
     ],
     [
      51.827366,
      28.872188
     ],
     [
      51.846905,
      28.799638
     ],
     [
      51.840856,
      28.709801
     ],
     [
      51.880707,
      28.65679
     ],
     [
      51.879949,
      28.633849
     ],
     [
      51.871669,
      28.603771
     ],
     [
      51.888567,
      28.5568
     ],
     [
      51.917518,
      28.527856
     ],
     [
      51.935562,
      28.464321
     ],
     [
      52.046506,
      28.401151
     ],
     [
      52.078457,
      28.360567
     ],
     [
      52.110416,
      28.302668
     ],
     [
      52.097982,
      28.265453
     ],
     [
      52.077671,
      28.242527
     ],
     [
      52.091544,
      28.065854
     ],
     [
      52.09225,
      27.895947
     ],
     [
      52.083176,
      27.828412
     ]
    ]
   }
  },
  {
   "type": "Feature",
   "properties": {
    "id": "ME2026-0104",
    "commodity": "gas",
    "status_class": "in_service",
    "name": null,
    "name_dist_pt": null,
    "name_ambiguous": null,
    "name_confidence": null,
    "commodity_conflict": null,
    "other_names": null,
    "diameter_in": null,
    "length_km": 67.5,
    "n_vertices": 4,
    "legend_class": "gas_in_service",
    "stroke_rgb": "#d7191f",
    "dashed": false,
    "source_map": "me2026",
    "source_file": "../energy-map-of-the-middle-east-2026-peregrine-bush.pdf",
    "source_page": 1,
    "source_title": "Energy Infrastructure Map of the Middle East, 2026 edition",
    "source_publisher": "Petroleum Economist / World Oil / Gulf Energy Information / Global Energy Infrastructure",
    "geometry_source": "stroke",
    "georef_order": 2,
    "georef_source": "map's own coastline vector registered to Natural Earth 10m coastline+lakes by trimmed ICP",
    "georef_insample_rmse_km": 0.97,
    "georef_holdout_layer": "ne_10m_admin_0_countries vs the map's own border strokes",
    "georef_holdout_median_km": 1.45,
    "georef_holdout_rmse_km": 1.6,
    "drawn_feature_offset_median_km": 3.06,
    "accuracy_tier": "medium"
   },
   "geometry": {
    "type": "LineString",
    "coordinates": [
     [
      50.864348,
      34.606406
     ],
     [
      50.869855,
      34.652516
     ],
     [
      50.412395,
      35.022672
     ],
     [
      50.372224,
      35.029109
     ]
    ]
   }
  },
  {
   "type": "Feature",
   "properties": {
    "id": "ME2026-0105",
    "commodity": "gas",
    "status_class": "in_service",
    "name": null,
    "name_dist_pt": null,
    "name_ambiguous": null,
    "name_confidence": null,
    "commodity_conflict": null,
    "other_names": null,
    "diameter_in": "20",
    "length_km": 711.69,
    "n_vertices": 194,
    "legend_class": "gas_in_service",
    "stroke_rgb": "#d7191f",
    "dashed": false,
    "source_map": "me2026",
    "source_file": "../energy-map-of-the-middle-east-2026-peregrine-bush.pdf",
    "source_page": 1,
    "source_title": "Energy Infrastructure Map of the Middle East, 2026 edition",
    "source_publisher": "Petroleum Economist / World Oil / Gulf Energy Information / Global Energy Infrastructure",
    "geometry_source": "stroke",
    "georef_order": 2,
    "georef_source": "map's own coastline vector registered to Natural Earth 10m coastline+lakes by trimmed ICP",
    "georef_insample_rmse_km": 0.97,
    "georef_holdout_layer": "ne_10m_admin_0_countries vs the map's own border strokes",
    "georef_holdout_median_km": 1.45,
    "georef_holdout_rmse_km": 1.6,
    "drawn_feature_offset_median_km": 3.06,
    "accuracy_tier": "medium"
   },
   "geometry": {
    "type": "LineString",
    "coordinates": [
     [
      49.696935,
      34.10713
     ],
     [
      49.673764,
      34.089944
     ],
     [
      49.652205,
      34.087268
     ],
     [
      49.606332,
      34.061112
     ],
     [
      49.550092,
      34.04126
     ],
     [
      49.508619,
      34.047731
     ],
     [
      49.502457,
      34.033184
     ],
     [
      49.487504,
      34.014522
     ],
     [
      49.41732,
      34.030938
     ],
     [
      49.366561,
      34.045866
     ],
     [
      49.332714,
      34.051829
     ],
     [
      49.30807,
      34.04885
     ],
     [
      49.28567,
      34.039142
     ],
     [
      49.267733,
      34.025695
     ],
     [
      49.250548,
      34.013749
     ],
     [
      49.232619,
      34.008532
     ],
     [
      49.211717,
      34.008529
     ],
     [
      49.176626,
      34.015981
     ],
     [
      49.134582,
      34.042854
     ],
     [
      49.103241,
      34.061524
     ],
     [
      49.08086,
      34.08391
     ],
     [
      49.063703,
      34.101092
     ],
     [
      49.037598,
      34.127217
     ],
     [
      49.012215,
      34.13617
     ],
     [
      48.995049,
      34.143647
     ],
     [
      48.946271,
      34.151096
     ],
     [
      48.919408,
      34.167515
     ],
     [
      48.901494,
      34.177969
     ],
     [
      48.879863,
      34.199628
     ],
     [
      48.858971,
      34.220526
     ],
     [
      48.837353,
      34.242185
     ],
     [
      48.823924,
      34.259598
     ],
     [
      48.806027,
      34.287212
     ],
     [
      48.77593,
      34.300654
     ],
     [
      48.704271,
      34.322307
     ],
     [
      48.664723,
      34.348429
     ],
     [
      48.649062,
      34.372304
     ],
     [
      48.649076,
      34.387492
     ],
     [
      48.654326,
      34.410644
     ],
     [
      48.666292,
      34.432296
     ],
     [
      48.690226,
      34.466644
     ],
     [
      48.717881,
      34.494276
     ],
     [
      48.735082,
      34.523396
     ],
     [
      48.739581,
      34.557003
     ],
     [
      48.739601,
      34.577903
     ],
     [
      48.743362,
      34.599809
     ],
     [
      48.749358,
      34.617732
     ],
     [
      48.753098,
      34.630416
     ],
     [
      48.757064,
      34.651534
     ],
     [
      48.768657,
      34.674675
     ],
     [
      48.768675,
      34.692683
     ],
     [
      48.768702,
      34.719694
     ],
     [
      48.757164,
      34.751836
     ],
     [
      48.741758,
      34.775723
     ],
     [
      48.712201,
      34.79501
     ],
     [
      48.674918,
      34.810447
     ],
     [
      48.624777,
      34.819432
     ],
     [
      48.580319,
      34.823287
     ],
     [
      48.536616,
      34.831001
     ],
     [
      48.495476,
      34.847708
     ],
     [
      48.462057,
      34.865699
     ],
     [
      48.427364,
      34.891411
     ],
     [
      48.398364,
      34.909415
     ],
     [
      48.361087,
      34.9287
     ],
     [
      48.322534,
      34.941546
     ],
     [
      48.255684,
      34.962121
     ],
     [
      48.20941,
      34.974422
     ],
     [
      48.143104,
      34.992419
     ],
     [
      48.060857,
      35.030236
     ],
     [
      48.039026,
      35.052089
     ],
     [
      48.008733,
      35.082412
     ],
     [
      47.970178,
      35.102979
     ],
     [
      47.932918,
      35.123546
     ],
     [
      47.886654,
      35.142828
     ],
     [
      47.842956,
      35.16285
     ],
     [
      47.776655,
      35.182128
     ],
     [
      47.729107,
      35.198832
     ],
     [
      47.673827,
      35.202683
     ],
     [
      47.61651,
      35.202672
     ],
     [
      47.565097,
      35.212949
     ],
     [
      47.480268,
      35.237366
     ],
     [
      47.45199,
      35.247647
     ],
     [
      47.385688,
      35.261781
     ],
     [
      47.333007,
      35.283639
     ],
     [
      47.291883,
      35.296483
     ],
     [
      47.246875,
      35.296473
     ],
     [
      47.206277,
      35.291321
     ],
     [
      47.172837,
      35.281027
     ],
     [
      47.135548,
      35.268155
     ],
     [
      47.108555,
      35.268149
     ],
     [
      47.089278,
      35.275866
     ],
     [
      47.063595,
      35.301577
     ],
     [
      47.026869,
      35.318282
     ],
     [
      46.988299,
      35.318274
     ],
     [
      47.016543,
      35.277121
     ],
     [
      47.01009,
      35.250132
     ],
     [
      46.99591,
      35.214125
     ],
     [
      46.981746,
      35.193536
     ],
     [
      46.966305,
      35.178103
     ],
     [
      46.944433,
      35.156242
     ],
     [
      46.944398,
      35.122066
     ],
     [
      46.95977,
      35.069341
     ],
     [
      46.97258,
      35.030763
     ],
     [
      46.98283,
      34.99734
     ],
     [
      46.976383,
      34.974187
     ],
     [
      46.966089,
      34.96391
     ],
     [
      46.949339,
      34.933579
     ],
     [
      46.955724,
      34.882136
     ],
     [
      46.94669,
      34.848709
     ],
     [
      46.933804,
      34.810137
     ],
     [
      46.919632,
      34.780545
     ],
     [
      46.911896,
      34.750229
     ],
     [
      46.911868,
      34.720652
     ],
     [
      46.900709,
      34.678693
     ],
     [
      46.924087,
      34.645091
     ],
     [
      46.945439,
      34.606395
     ],
     [
      46.971864,
      34.557389
     ],
     [
      46.988118,
      34.512592
     ],
     [
      47.006398,
      34.460655
     ],
     [
      47.016515,
      34.399544
     ],
     [
      47.026655,
      34.348502
     ],
     [
      47.032754,
      34.297374
     ],
     [
      47.059872,
      34.303358
     ],
     [
      47.109893,
      34.310084
     ],
     [
      47.148722,
      34.31532
     ],
     [
      47.222633,
      34.32878
     ],
     [
      47.301277,
      34.343717
     ],
     [
      47.385625,
      34.349711
     ],
     [
      47.421468,
      34.368391
     ],
     [
      47.460555,
      34.388802
     ],
     [
      47.497899,
      34.40747
     ],
     [
      47.528528,
      34.426148
     ],
     [
      47.551675,
      34.440336
     ],
     [
      47.57184,
      34.447806
     ],
     [
      47.595742,
      34.453039
     ],
     [
      47.616641,
      34.456031
     ],
     [
      47.643756,
      34.456036
     ],
     [
      47.689293,
      34.449316
     ],
     [
      47.72735,
      34.440367
     ],
     [
      47.749748,
      34.429177
     ],
     [
      47.772127,
      34.422453
     ],
     [
      47.804973,
      34.416492
     ],
     [
      47.829862,
      34.416497
     ],
     [
      47.855979,
      34.409034
     ],
     [
      47.925382,
      34.379675
     ],
     [
      47.961946,
      34.364009
     ],
     [
      47.986569,
      34.349068
     ],
     [
      48.008945,
      34.326671
     ],
     [
      48.034554,
      34.305037
     ],
     [
      48.088269,
      34.2677
     ],
     [
      48.154687,
      34.226649
     ],
     [
      48.197946,
      34.199778
     ],
     [
      48.234758,
      34.174903
     ],
     [
      48.257894,
      34.160711
     ],
     [
      48.31537,
      34.143559
     ],
     [
      48.336258,
      34.132356
     ],
     [
      48.367597,
      34.116677
     ],
     [
      48.392973,
      34.103985
     ],
     [
      48.405892,
      34.085327
     ],
     [
      48.427522,
      34.06368
     ],
     [
      48.476025,
      34.025602
     ],
     [
      48.507363,
      34.007684
     ],
     [
      48.526765,
      33.99849
     ],
     [
      48.556626,
      33.992515
     ],
     [
      48.578278,
      33.981566
     ],
     [
      48.594926,
      33.964892
     ],
     [
      48.620303,
      33.950712
     ],
     [
      48.638969,
      33.943248
     ],
     [
      48.662095,
      33.930556
     ],
     [
      48.681496,
      33.918615
     ],
     [
      48.703132,
      33.902934
     ],
     [
      48.735227,
      33.87756
     ],
     [
      48.764318,
      33.862631
     ],
     [
      48.791441,
      33.851428
     ],
     [
      48.791445,
      33.856656
     ],
     [
      48.785488,
      33.880556
     ],
     [
      48.771075,
      33.893987
     ],
     [
      48.755405,
      33.909669
     ],
     [
      48.729294,
      33.927576
     ],
     [
      48.702419,
      33.944745
     ],
     [
      48.659159,
      33.988051
     ],
     [
      48.651704,
      34.001737
     ],
     [
      48.646503,
      34.030853
     ],
     [
      48.646519,
      34.048775
     ],
     [
      48.646539,
      34.069675
     ],
     [
      48.646575,
      34.108497
     ],
     [
      48.649578,
      34.123443
     ],
     [
      48.657808,
      34.151061
     ],
     [
      48.666796,
      34.173462
     ],
     [
      48.69371,
      34.211792
     ],
     [
      48.713882,
      34.222988
     ],
     [
      48.740025,
      34.238676
     ],
     [
      48.792569,
      34.273778
     ],
     [
      48.806027,
      34.287212
     ]
    ]
   }
  },
  {
   "type": "Feature",
   "properties": {
    "id": "ME2026-0106",
    "commodity": "gas",
    "status_class": "in_service",
    "name": null,
    "name_dist_pt": null,
    "name_ambiguous": null,
    "name_confidence": null,
    "commodity_conflict": null,
    "other_names": null,
    "diameter_in": null,
    "length_km": 27.93,
    "n_vertices": 3,
    "legend_class": "gas_in_service",
    "stroke_rgb": "#d7191f",
    "dashed": false,
    "source_map": "me2026",
    "source_file": "../energy-map-of-the-middle-east-2026-peregrine-bush.pdf",
    "source_page": 1,
    "source_title": "Energy Infrastructure Map of the Middle East, 2026 edition",
    "source_publisher": "Petroleum Economist / World Oil / Gulf Energy Information / Global Energy Infrastructure",
    "geometry_source": "stroke",
    "georef_order": 2,
    "georef_source": "map's own coastline vector registered to Natural Earth 10m coastline+lakes by trimmed ICP",
    "georef_insample_rmse_km": 0.97,
    "georef_holdout_layer": "ne_10m_admin_0_countries vs the map's own border strokes",
    "georef_holdout_median_km": 1.45,
    "georef_holdout_rmse_km": 1.6,
    "drawn_feature_offset_median_km": 3.06,
    "accuracy_tier": "medium"
   },
   "geometry": {
    "type": "LineString",
    "coordinates": [
     [
      40.219838,
      35.05075
     ],
     [
      40.254339,
      35.064201
     ],
     [
      40.520383,
      35.091194
     ]
    ]
   }
  },
  {
   "type": "Feature",
   "properties": {
    "id": "ME2026-0107",
    "commodity": "gas",
    "status_class": "in_service",
    "name": null,
    "name_dist_pt": null,
    "name_ambiguous": null,
    "name_confidence": null,
    "commodity_conflict": null,
    "other_names": null,
    "diameter_in": null,
    "length_km": 46.82,
    "n_vertices": 4,
    "legend_class": "gas_in_service",
    "stroke_rgb": "#d7191f",
    "dashed": false,
    "source_map": "me2026",
    "source_file": "../energy-map-of-the-middle-east-2026-peregrine-bush.pdf",
    "source_page": 1,
    "source_title": "Energy Infrastructure Map of the Middle East, 2026 edition",
    "source_publisher": "Petroleum Economist / World Oil / Gulf Energy Information / Global Energy Infrastructure",
    "geometry_source": "stroke",
    "georef_order": 2,
    "georef_source": "map's own coastline vector registered to Natural Earth 10m coastline+lakes by trimmed ICP",
    "georef_insample_rmse_km": 0.97,
    "georef_holdout_layer": "ne_10m_admin_0_countries vs the map's own border strokes",
    "georef_holdout_median_km": 1.45,
    "georef_holdout_rmse_km": 1.6,
    "drawn_feature_offset_median_km": 3.06,
    "accuracy_tier": "medium"
   },
   "geometry": {
    "type": "LineString",
    "coordinates": [
     [
      38.275558,
      34.551652
     ],
     [
      38.31443,
      34.533126
     ],
     [
      38.578744,
      34.494339
     ],
     [
      38.772017,
      34.464774
     ]
    ]
   }
  },
  {
   "type": "Feature",
   "properties": {
    "id": "ME2026-0108",
    "commodity": "gas",
    "status_class": "in_service",
    "name": null,
    "name_dist_pt": null,
    "name_ambiguous": null,
    "name_confidence": null,
    "commodity_conflict": null,
    "other_names": null,
    "diameter_in": "18",
    "length_km": 147.99,
    "n_vertices": 8,
    "legend_class": "gas_in_service",
    "stroke_rgb": "#d7191f",
    "dashed": false,
    "source_map": "me2026",
    "source_file": "../energy-map-of-the-middle-east-2026-peregrine-bush.pdf",
    "source_page": 1,
    "source_title": "Energy Infrastructure Map of the Middle East, 2026 edition",
    "source_publisher": "Petroleum Economist / World Oil / Gulf Energy Information / Global Energy Infrastructure",
    "geometry_source": "stroke",
    "georef_order": 2,
    "georef_source": "map's own coastline vector registered to Natural Earth 10m coastline+lakes by trimmed ICP",
    "georef_insample_rmse_km": 0.97,
    "georef_holdout_layer": "ne_10m_admin_0_countries vs the map's own border strokes",
    "georef_holdout_median_km": 1.45,
    "georef_holdout_rmse_km": 1.6,
    "drawn_feature_offset_median_km": 3.06,
    "accuracy_tier": "medium"
   },
   "geometry": {
    "type": "LineString",
    "coordinates": [
     [
      36.538676,
      33.582958
     ],
     [
      36.703422,
      33.67279
     ],
     [
      36.791406,
      33.788354
     ],
     [
      37.001127,
      34.069066
     ],
     [
      37.176439,
      34.194395
     ],
     [
      37.430309,
      34.358713
     ],
     [
      37.648696,
      34.477983
     ],
     [
      37.657907,
      34.502564
     ]
    ]
   }
  },
  {
   "type": "Feature",
   "properties": {
    "id": "ME2026-0109",
    "commodity": "gas",
    "status_class": "in_service",
    "name": null,
    "name_dist_pt": null,
    "name_ambiguous": null,
    "name_confidence": null,
    "commodity_conflict": null,
    "other_names": null,
    "diameter_in": null,
    "length_km": 124.97,
    "n_vertices": 31,
    "legend_class": "gas_in_service",
    "stroke_rgb": "#d7191f",
    "dashed": false,
    "source_map": "me2026",
    "source_file": "../energy-map-of-the-middle-east-2026-peregrine-bush.pdf",
    "source_page": 1,
    "source_title": "Energy Infrastructure Map of the Middle East, 2026 edition",
    "source_publisher": "Petroleum Economist / World Oil / Gulf Energy Information / Global Energy Infrastructure",
    "geometry_source": "stroke",
    "georef_order": 2,
    "georef_source": "map's own coastline vector registered to Natural Earth 10m coastline+lakes by trimmed ICP",
    "georef_insample_rmse_km": 0.97,
    "georef_holdout_layer": "ne_10m_admin_0_countries vs the map's own border strokes",
    "georef_holdout_median_km": 1.45,
    "georef_holdout_rmse_km": 1.6,
    "drawn_feature_offset_median_km": 3.06,
    "accuracy_tier": "medium"
   },
   "geometry": {
    "type": "LineString",
    "coordinates": [
     [
      36.144176,
      32.361926
     ],
     [
      36.116672,
      32.368706
     ],
     [
      36.013156,
      32.399582
     ],
     [
      35.955473,
      32.421912
     ],
     [
      35.921994,
      32.45545
     ],
     [
      35.890363,
      32.464405
     ],
     [
      35.840131,
      32.484877
     ],
     [
      35.797683,
      32.497901
     ],
     [
      35.734424,
      32.520238
     ],
     [
      35.704657,
      32.536998
     ],
     [
      35.684189,
      32.557491
     ],
     [
      35.637672,
      32.566785
     ],
     [
      35.571039,
      32.576053
     ],
     [
      35.517074,
      32.587205
     ],
     [
      35.464983,
      32.602084
     ],
     [
      35.416948,
      32.615104
     ],
     [
      35.37044,
      32.638952
     ],
     [
      35.348116,
      32.638936
     ],
     [
      35.320202,
      32.638915
     ],
     [
      35.299714,
      32.618405
     ],
     [
      35.26064,
      32.609386
     ],
     [
      35.221913,
      32.618685
     ],
     [
      35.199599,
      32.637664
     ],
     [
      35.160524,
      32.649987
     ],
     [
      35.134477,
      32.663022
     ],
     [
      35.112165,
      32.685388
     ],
     [
      35.10659,
      32.713345
     ],
     [
      35.099165,
      32.736049
     ],
     [
      35.091827,
      32.763689
     ],
     [
      35.056719,
      32.788344
     ],
     [
      35.025263,
      32.800939
     ]
    ]
   }
  },
  {
   "type": "Feature",
   "properties": {
    "id": "ME2026-0110",
    "commodity": "gas",
    "status_class": "in_service",
    "name": null,
    "name_dist_pt": null,
    "name_ambiguous": null,
    "name_confidence": null,
    "commodity_conflict": null,
    "other_names": null,
    "diameter_in": null,
    "length_km": 154.33,
    "n_vertices": 27,
    "legend_class": "gas_in_service",
    "stroke_rgb": "#d7191f",
    "dashed": false,
    "source_map": "me2026",
    "source_file": "../energy-map-of-the-middle-east-2026-peregrine-bush.pdf",
    "source_page": 1,
    "source_title": "Energy Infrastructure Map of the Middle East, 2026 edition",
    "source_publisher": "Petroleum Economist / World Oil / Gulf Energy Information / Global Energy Infrastructure",
    "geometry_source": "stroke",
    "georef_order": 2,
    "georef_source": "map's own coastline vector registered to Natural Earth 10m coastline+lakes by trimmed ICP",
    "georef_insample_rmse_km": 0.97,
    "georef_holdout_layer": "ne_10m_admin_0_countries vs the map's own border strokes",
    "georef_holdout_median_km": 1.45,
    "georef_holdout_rmse_km": 1.6,
    "drawn_feature_offset_median_km": 3.06,
    "accuracy_tier": "medium"
   },
   "geometry": {
    "type": "LineString",
    "coordinates": [
     [
      35.116811,
      32.680722
     ],
     [
      35.1047,
      32.654023
     ],
     [
      35.086086,
      32.635365
     ],
     [
      35.060039,
      32.624166
     ],
     [
      35.032455,
      32.607352
     ],
     [
      35.008271,
      32.601744
     ],
     [
      34.978504,
      32.612913
     ],
     [
      34.956163,
      32.599841
     ],
     [
      34.909121,
      32.586218
     ],
     [
      34.89475,
      32.577424
     ],
     [
      34.8687,
      32.582994
     ],
     [
      34.824394,
      32.58296
     ],
     [
      34.776023,
      32.590375
     ],
     [
      34.72579,
      32.590337
     ],
     [
      34.673704,
      32.603351
     ],
     [
      34.618229,
      32.620089
     ],
     [
      34.573577,
      32.625656
     ],
     [
      34.530802,
      32.64019
     ],
     [
      34.484302,
      32.666262
     ],
     [
      34.433029,
      32.706124
     ],
     [
      34.373045,
      32.731435
     ],
     [
      34.278512,
      32.751868
     ],
     [
      34.170641,
      32.820781
     ],
     [
      34.114858,
      32.863276
     ],
     [
      34.020973,
      32.86879
     ],
     [
      33.802354,
      32.855509
     ],
     [
      33.673449,
      32.960952
     ]
    ]
   }
  },
  {
   "type": "Feature",
   "properties": {
    "id": "ME2026-0111",
    "commodity": "gas",
    "status_class": "in_service",
    "name": null,
    "name_dist_pt": null,
    "name_ambiguous": null,
    "name_confidence": null,
    "commodity_conflict": null,
    "other_names": null,
    "diameter_in": "30",
    "length_km": 147.9,
    "n_vertices": 12,
    "legend_class": "gas_in_service",
    "stroke_rgb": "#d7191f",
    "dashed": false,
    "source_map": "me2026",
    "source_file": "../energy-map-of-the-middle-east-2026-peregrine-bush.pdf",
    "source_page": 1,
    "source_title": "Energy Infrastructure Map of the Middle East, 2026 edition",
    "source_publisher": "Petroleum Economist / World Oil / Gulf Energy Information / Global Energy Infrastructure",
    "geometry_source": "stroke",
    "georef_order": 2,
    "georef_source": "map's own coastline vector registered to Natural Earth 10m coastline+lakes by trimmed ICP",
    "georef_insample_rmse_km": 0.97,
    "georef_holdout_layer": "ne_10m_admin_0_countries vs the map's own border strokes",
    "georef_holdout_median_km": 1.45,
    "georef_holdout_rmse_km": 1.6,
    "drawn_feature_offset_median_km": 3.06,
    "accuracy_tier": "medium"
   },
   "geometry": {
    "type": "LineString",
    "coordinates": [
     [
      34.32217,
      31.749473
     ],
     [
      34.376353,
      31.826955
     ],
     [
      34.413591,
      31.882407
     ],
     [
      34.428497,
      31.934792
     ],
     [
      34.428512,
      31.970228
     ],
     [
      34.400636,
      32.048168
     ],
     [
      34.352286,
      32.09662
     ],
     [
      34.283473,
      32.165551
     ],
     [
      34.239277,
      32.398255
     ],
     [
      34.190966,
      32.522795
     ],
     [
      34.185429,
      32.604831
     ],
     [
      34.0993,
      33.003996
     ]
    ]
   }
  },
  {
   "type": "Feature",
   "properties": {
    "id": "ME2026-0112",
    "commodity": "gas",
    "status_class": "in_service",
    "name": null,
    "name_dist_pt": null,
    "name_ambiguous": null,
    "name_confidence": null,
    "commodity_conflict": null,
    "other_names": null,
    "diameter_in": null,
    "length_km": 93.06,
    "n_vertices": 20,
    "legend_class": "gas_in_service",
    "stroke_rgb": "#d7191f",
    "dashed": false,
    "source_map": "me2026",
    "source_file": "../energy-map-of-the-middle-east-2026-peregrine-bush.pdf",
    "source_page": 1,
    "source_title": "Energy Infrastructure Map of the Middle East, 2026 edition",
    "source_publisher": "Petroleum Economist / World Oil / Gulf Energy Information / Global Energy Infrastructure",
    "geometry_source": "stroke",
    "georef_order": 2,
    "georef_source": "map's own coastline vector registered to Natural Earth 10m coastline+lakes by trimmed ICP",
    "georef_insample_rmse_km": 0.97,
    "georef_holdout_layer": "ne_10m_admin_0_countries vs the map's own border strokes",
    "georef_holdout_median_km": 1.45,
    "georef_holdout_rmse_km": 1.6,
    "drawn_feature_offset_median_km": 3.06,
    "accuracy_tier": "medium"
   },
   "geometry": {
    "type": "LineString",
    "coordinates": [
     [
      35.168603,
      31.758607
     ],
     [
      35.130342,
      31.755058
     ],
     [
      35.113427,
      31.755046
     ],
     [
      35.087548,
      31.765964
     ],
     [
      35.063369,
      31.77341
     ],
     [
      35.035806,
      31.77339
     ],
     [
      35.013475,
      31.78085
     ],
     [
      34.96458,
      31.780813
     ],
     [
      34.933471,
      31.784492
     ],
     [
      34.894392,
      31.784463
     ],
     [
      34.855325,
      31.784433
     ],
     [
      34.814731,
      31.766134
     ],
     [
      34.785661,
      31.766112
     ],
     [
      34.745891,
      31.788077
     ],
     [
      34.699385,
      31.806129
     ],
     [
      34.653312,
      31.852285
     ],
     [
      34.612295,
      31.859597
     ],
     [
      34.580679,
      31.860674
     ],
     [
      34.321276,
      31.748214
     ],
     [
      34.296309,
      31.707557
     ]
    ]
   }
  },
  {
   "type": "Feature",
   "properties": {
    "id": "ME2026-0113",
    "commodity": "gas",
    "status_class": "in_service",
    "name": null,
    "name_dist_pt": null,
    "name_ambiguous": null,
    "name_confidence": null,
    "commodity_conflict": null,
    "other_names": null,
    "diameter_in": null,
    "length_km": 217.04,
    "n_vertices": 52,
    "legend_class": "gas_in_service",
    "stroke_rgb": "#d7191f",
    "dashed": false,
    "source_map": "me2026",
    "source_file": "../energy-map-of-the-middle-east-2026-peregrine-bush.pdf",
    "source_page": 1,
    "source_title": "Energy Infrastructure Map of the Middle East, 2026 edition",
    "source_publisher": "Petroleum Economist / World Oil / Gulf Energy Information / Global Energy Infrastructure",
    "geometry_source": "stroke",
    "georef_order": 2,
    "georef_source": "map's own coastline vector registered to Natural Earth 10m coastline+lakes by trimmed ICP",
    "georef_insample_rmse_km": 0.97,
    "georef_holdout_layer": "ne_10m_admin_0_countries vs the map's own border strokes",
    "georef_holdout_median_km": 1.45,
    "georef_holdout_rmse_km": 1.6,
    "drawn_feature_offset_median_km": 3.06,
    "accuracy_tier": "medium"
   },
   "geometry": {
    "type": "LineString",
    "coordinates": [
     [
      34.002261,
      31.335105
     ],
     [
      34.082946,
      31.420943
     ],
     [
      34.129134,
      31.470594
     ],
     [
      34.199846,
      31.540019
     ],
     [
      34.247309,
      31.603293
     ],
     [
      34.283256,
      31.633312
     ],
     [
      34.326061,
      31.666906
     ],
     [
      34.419085,
      31.670365
     ],
     [
      34.512707,
      31.626436
     ],
     [
      34.535665,
      31.62055
     ],
     [
      34.558255,
      31.597919
     ],
     [
      34.586153,
      31.597941
     ],
     [
      34.612198,
      31.581362
     ],
     [
      34.644839,
      31.577225
     ],
     [
      34.684406,
      31.5665
     ],
     [
      34.708596,
      31.559247
     ],
     [
      34.75138,
      31.559461
     ],
     [
      34.756985,
      31.601978
     ],
     [
      34.768164,
      31.633684
     ],
     [
      34.797942,
      31.653693
     ],
     [
      34.820272,
      31.676091
     ],
     [
      34.820283,
      31.704232
     ],
     [
      34.8296,
      31.726608
     ],
     [
      34.829598,
      31.752221
     ],
     [
      34.82728,
      31.781751
     ],
     [
      34.873942,
      31.816145
     ],
     [
      34.879556,
      31.846468
     ],
     [
      34.888849,
      31.869885
     ],
     [
      34.911186,
      31.905326
     ],
     [
      34.906145,
      31.945428
     ],
     [
      34.911747,
      31.975666
     ],
     [
      34.927989,
      32.013498
     ],
     [
      34.928,
      32.039594
     ],
     [
      34.928017,
      32.078406
     ],
     [
      34.94663,
      32.097076
     ],
     [
      34.959659,
      32.130635
     ],
     [
      34.959672,
      32.160482
     ],
     [
      34.966312,
      32.186632
     ],
     [
      34.98575,
      32.21457
     ],
     [
      35.000649,
      32.244416
     ],
     [
      35.01369,
      32.273922
     ],
     [
      35.013703,
      32.303745
     ],
     [
      35.018592,
      32.328152
     ],
     [
      35.018607,
      32.359681
     ],
     [
      35.018622,
      32.389528
     ],
     [
      35.037955,
      32.424968
     ],
     [
      35.03797,
      32.456328
     ],
     [
      35.030533,
      32.480556
     ],
     [
      35.041719,
      32.517864
     ],
     [
      35.041733,
      32.545824
     ],
     [
      35.047324,
      32.571938
     ],
     [
      35.042564,
      32.613518
     ]
    ]
   }
  },
  {
   "type": "Feature",
   "properties": {
    "id": "ME2026-0114",
    "commodity": "gas",
    "status_class": "in_service",
    "name": null,
    "name_dist_pt": null,
    "name_ambiguous": null,
    "name_confidence": null,
    "commodity_conflict": null,
    "other_names": null,
    "diameter_in": null,
    "length_km": 84.14,
    "n_vertices": 10,
    "legend_class": "gas_in_service",
    "stroke_rgb": "#d7191f",
    "dashed": false,
    "source_map": "me2026",
    "source_file": "../energy-map-of-the-middle-east-2026-peregrine-bush.pdf",
    "source_page": 1,
    "source_title": "Energy Infrastructure Map of the Middle East, 2026 edition",
    "source_publisher": "Petroleum Economist / World Oil / Gulf Energy Information / Global Energy Infrastructure",
    "geometry_source": "stroke",
    "georef_order": 2,
    "georef_source": "map's own coastline vector registered to Natural Earth 10m coastline+lakes by trimmed ICP",
    "georef_insample_rmse_km": 0.97,
    "georef_holdout_layer": "ne_10m_admin_0_countries vs the map's own border strokes",
    "georef_holdout_median_km": 1.45,
    "georef_holdout_rmse_km": 1.6,
    "drawn_feature_offset_median_km": 3.06,
    "accuracy_tier": "medium"
   },
   "geometry": {
    "type": "LineString",
    "coordinates": [
     [
      55.714104,
      26.719862
     ],
     [
      55.737887,
      26.731288
     ],
     [
      55.774079,
      26.755899
     ],
     [
      55.790832,
      26.807786
     ],
     [
      55.80933,
      26.865045
     ],
     [
      56.12302,
      27.135049
     ],
     [
      56.131831,
      27.146492
     ],
     [
      56.149527,
      27.176384
     ],
     [
      56.152182,
      27.185179
     ],
     [
      56.301901,
      27.194811
     ]
    ]
   }
  },
  {
   "type": "Feature",
   "properties": {
    "id": "ME2026-0115",
    "commodity": "gas",
    "status_class": "in_service",
    "name": null,
    "name_dist_pt": null,
    "name_ambiguous": null,
    "name_confidence": null,
    "commodity_conflict": null,
    "other_names": null,
    "diameter_in": "18",
    "length_km": 96.19,
    "n_vertices": 3,
    "legend_class": "gas_in_service",
    "stroke_rgb": "#d7191f",
    "dashed": false,
    "source_map": "me2026",
    "source_file": "../energy-map-of-the-middle-east-2026-peregrine-bush.pdf",
    "source_page": 1,
    "source_title": "Energy Infrastructure Map of the Middle East, 2026 edition",
    "source_publisher": "Petroleum Economist / World Oil / Gulf Energy Information / Global Energy Infrastructure",
    "geometry_source": "stroke",
    "georef_order": 2,
    "georef_source": "map's own coastline vector registered to Natural Earth 10m coastline+lakes by trimmed ICP",
    "georef_insample_rmse_km": 0.97,
    "georef_holdout_layer": "ne_10m_admin_0_countries vs the map's own border strokes",
    "georef_holdout_median_km": 1.45,
    "georef_holdout_rmse_km": 1.6,
    "drawn_feature_offset_median_km": 3.06,
    "accuracy_tier": "medium"
   },
   "geometry": {
    "type": "LineString",
    "coordinates": [
     [
      55.740317,
      26.224758
     ],
     [
      55.977486,
      25.831031
     ],
     [
      56.06894,
      26.242802
     ]
    ]
   }
  },
  {
   "type": "Feature",
   "properties": {
    "id": "ME2026-0116",
    "commodity": "gas",
    "status_class": "in_service",
    "name": "Dolphin",
    "name_dist_pt": 3.9,
    "name_ambiguous": false,
    "name_confidence": "high",
    "commodity_conflict": null,
    "other_names": null,
    "diameter_in": "48",
    "length_km": 693.62,
    "n_vertices": 44,
    "legend_class": "gas_in_service",
    "stroke_rgb": "#d7191f",
    "dashed": false,
    "source_map": "me2026",
    "source_file": "../energy-map-of-the-middle-east-2026-peregrine-bush.pdf",
    "source_page": 1,
    "source_title": "Energy Infrastructure Map of the Middle East, 2026 edition",
    "source_publisher": "Petroleum Economist / World Oil / Gulf Energy Information / Global Energy Infrastructure",
    "geometry_source": "stroke",
    "georef_order": 2,
    "georef_source": "map's own coastline vector registered to Natural Earth 10m coastline+lakes by trimmed ICP",
    "georef_insample_rmse_km": 0.97,
    "georef_holdout_layer": "ne_10m_admin_0_countries vs the map's own border strokes",
    "georef_holdout_median_km": 1.45,
    "georef_holdout_rmse_km": 1.6,
    "drawn_feature_offset_median_km": 3.06,
    "accuracy_tier": "medium"
   },
   "geometry": {
    "type": "LineString",
    "coordinates": [
     [
      51.181677,
      25.103631
     ],
     [
      51.26583,
      25.129172
     ],
     [
      51.359402,
      25.149775
     ],
     [
      51.435241,
      25.167949
     ],
     [
      51.497268,
      25.192813
     ],
     [
      51.530038,
      25.20008
     ],
     [
      51.573109,
      25.212196
     ],
     [
      51.591317,
      25.198258
     ],
     [
      51.612478,
      25.200565
     ],
     [
      51.582821,
      25.172793
     ],
     [
      51.553703,
      25.06715
     ],
     [
      51.532476,
      24.996214
     ],
     [
      51.522763,
      25.037443
     ],
     [
      51.501529,
      25.051394
     ],
     [
      51.41887,
      25.078684
     ],
     [
      51.352128,
      25.132186
     ],
     [
      51.294943,
      25.281354
     ],
     [
      51.318728,
      25.582376
     ],
     [
      51.328435,
      25.610877
     ],
     [
      51.41034,
      25.672106
     ],
     [
      51.464342,
      25.770467
     ],
     [
      51.479292,
      25.789507
     ],
     [
      51.51044,
      25.853924
     ],
     [
      51.51314,
      25.881458
     ],
     [
      51.540088,
      25.91735
     ],
     [
      51.591272,
      25.908379
     ],
     [
      51.658618,
      25.889523
     ],
     [
      52.002926,
      25.825141
     ],
     [
      52.178672,
      25.789416
     ],
     [
      52.604751,
      25.697961
     ],
     [
      52.819504,
      25.537021
     ],
     [
      53.12522,
      25.268864
     ],
     [
      53.218682,
      25.191831
     ],
     [
      53.666792,
      24.902477
     ],
     [
      54.09873,
      24.872178
     ],
     [
      54.67774,
      24.82303
     ],
     [
      54.765869,
      24.819037
     ],
     [
      54.796623,
      24.812447
     ],
     [
      54.937712,
      24.785199
     ],
     [
      55.090302,
      24.967554
     ],
     [
      55.084013,
      25.016395
     ],
     [
      55.081917,
      25.051274
     ],
     [
      55.211858,
      25.786417
     ],
     [
      55.229645,
      25.855918
     ]
    ]
   }
  },
  {
   "type": "Feature",
   "properties": {
    "id": "ME2026-0117",
    "commodity": "gas",
    "status_class": "in_service",
    "name": null,
    "name_dist_pt": null,
    "name_ambiguous": null,
    "name_confidence": null,
    "commodity_conflict": null,
    "other_names": null,
    "diameter_in": "30",
    "length_km": 163.24,
    "n_vertices": 7,
    "legend_class": "gas_in_service",
    "stroke_rgb": "#d7191f",
    "dashed": false,
    "source_map": "me2026",
    "source_file": "../energy-map-of-the-middle-east-2026-peregrine-bush.pdf",
    "source_page": 1,
    "source_title": "Energy Infrastructure Map of the Middle East, 2026 edition",
    "source_publisher": "Petroleum Economist / World Oil / Gulf Energy Information / Global Energy Infrastructure",
    "geometry_source": "stroke",
    "georef_order": 2,
    "georef_source": "map's own coastline vector registered to Natural Earth 10m coastline+lakes by trimmed ICP",
    "georef_insample_rmse_km": 0.97,
    "georef_holdout_layer": "ne_10m_admin_0_countries vs the map's own border strokes",
    "georef_holdout_median_km": 1.45,
    "georef_holdout_rmse_km": 1.6,
    "drawn_feature_offset_median_km": 3.06,
    "accuracy_tier": "medium"
   },
   "geometry": {
    "type": "LineString",
    "coordinates": [
     [
      54.359367,
      25.685253
     ],
     [
      54.41724,
      25.773253
     ],
     [
      54.514117,
      25.861364
     ],
     [
      54.527346,
      25.910697
     ],
     [
      55.234518,
      25.890687
     ],
     [
      55.333705,
      25.408346
     ],
     [
      55.387077,
      25.36439
     ]
    ]
   }
  },
  {
   "type": "Feature",
   "properties": {
    "id": "ME2026-0118",
    "commodity": "gas",
    "status_class": "in_service",
    "name": null,
    "name_dist_pt": null,
    "name_ambiguous": null,
    "name_confidence": null,
    "commodity_conflict": null,
    "other_names": null,
    "diameter_in": null,
    "length_km": 91.44,
    "n_vertices": 7,
    "legend_class": "gas_in_service",
    "stroke_rgb": "#d7191f",
    "dashed": false,
    "source_map": "me2026",
    "source_file": "../energy-map-of-the-middle-east-2026-peregrine-bush.pdf",
    "source_page": 1,
    "source_title": "Energy Infrastructure Map of the Middle East, 2026 edition",
    "source_publisher": "Petroleum Economist / World Oil / Gulf Energy Information / Global Energy Infrastructure",
    "geometry_source": "stroke",
    "georef_order": 2,
    "georef_source": "map's own coastline vector registered to Natural Earth 10m coastline+lakes by trimmed ICP",
    "georef_insample_rmse_km": 0.97,
    "georef_holdout_layer": "ne_10m_admin_0_countries vs the map's own border strokes",
    "georef_holdout_median_km": 1.45,
    "georef_holdout_rmse_km": 1.6,
    "drawn_feature_offset_median_km": 3.06,
    "accuracy_tier": "medium"
   },
   "geometry": {
    "type": "LineString",
    "coordinates": [
     [
      52.194868,
      26.462078
     ],
     [
      51.99984,
      26.39508
     ],
     [
      51.84514,
      26.221274
     ],
     [
      51.637967,
      25.995418
     ],
     [
      51.585886,
      25.956832
     ],
     [
      51.561625,
      25.931719
     ],
     [
      51.540088,
      25.912873
     ]
    ]
   }
  },
  {
   "type": "Feature",
   "properties": {
    "id": "ME2026-0119",
    "commodity": "gas",
    "status_class": "in_service",
    "name": null,
    "name_dist_pt": null,
    "name_ambiguous": null,
    "name_confidence": null,
    "commodity_conflict": null,
    "other_names": null,
    "diameter_in": null,
    "length_km": 85.02,
    "n_vertices": 5,
    "legend_class": "gas_in_service",
    "stroke_rgb": "#d7191f",
    "dashed": false,
    "source_map": "me2026",
    "source_file": "../energy-map-of-the-middle-east-2026-peregrine-bush.pdf",
    "source_page": 1,
    "source_title": "Energy Infrastructure Map of the Middle East, 2026 edition",
    "source_publisher": "Petroleum Economist / World Oil / Gulf Energy Information / Global Energy Infrastructure",
    "geometry_source": "stroke",
    "georef_order": 2,
    "georef_source": "map's own coastline vector registered to Natural Earth 10m coastline+lakes by trimmed ICP",
    "georef_insample_rmse_km": 0.97,
    "georef_holdout_layer": "ne_10m_admin_0_countries vs the map's own border strokes",
    "georef_holdout_median_km": 1.45,
    "georef_holdout_rmse_km": 1.6,
    "drawn_feature_offset_median_km": 3.06,
    "accuracy_tier": "medium"
   },
   "geometry": {
    "type": "LineString",
    "coordinates": [
     [
      52.099674,
      26.529406
     ],
     [
      52.043358,
      26.460308
     ],
     [
      51.990374,
      26.426488
     ],
     [
      51.602944,
      26.004399
     ],
     [
      51.566492,
      25.936752
     ]
    ]
   }
  },
  {
   "type": "Feature",
   "properties": {
    "id": "ME2026-0120",
    "commodity": "gas",
    "status_class": "in_service",
    "name": null,
    "name_dist_pt": null,
    "name_ambiguous": null,
    "name_confidence": null,
    "commodity_conflict": null,
    "other_names": null,
    "diameter_in": null,
    "length_km": 80.2,
    "n_vertices": 7,
    "legend_class": "gas_in_service",
    "stroke_rgb": "#d7191f",
    "dashed": false,
    "source_map": "me2026",
    "source_file": "../energy-map-of-the-middle-east-2026-peregrine-bush.pdf",
    "source_page": 1,
    "source_title": "Energy Infrastructure Map of the Middle East, 2026 edition",
    "source_publisher": "Petroleum Economist / World Oil / Gulf Energy Information / Global Energy Infrastructure",
    "geometry_source": "stroke",
    "georef_order": 2,
    "georef_source": "map's own coastline vector registered to Natural Earth 10m coastline+lakes by trimmed ICP",
    "georef_insample_rmse_km": 0.97,
    "georef_holdout_layer": "ne_10m_admin_0_countries vs the map's own border strokes",
    "georef_holdout_median_km": 1.45,
    "georef_holdout_rmse_km": 1.6,
    "drawn_feature_offset_median_km": 3.06,
    "accuracy_tier": "medium"
   },
   "geometry": {
    "type": "LineString",
    "coordinates": [
     [
      51.533793,
      25.91556
     ],
     [
      51.552655,
      25.949662
     ],
     [
      51.567921,
      25.969404
     ],
     [
      51.609228,
      26.034014
     ],
     [
      51.693369,
      26.125271
     ],
     [
      51.982289,
      26.448653
     ],
     [
      52.039774,
      26.460309
     ]
    ]
   }
  },
  {
   "type": "Feature",
   "properties": {
    "id": "ME2026-0121",
    "commodity": "gas",
    "status_class": "in_service",
    "name": null,
    "name_dist_pt": null,
    "name_ambiguous": null,
    "name_confidence": null,
    "commodity_conflict": null,
    "other_names": null,
    "diameter_in": null,
    "length_km": 253.8,
    "n_vertices": 29,
    "legend_class": "gas_in_service",
    "stroke_rgb": "#d7191f",
    "dashed": false,
    "source_map": "me2026",
    "source_file": "../energy-map-of-the-middle-east-2026-peregrine-bush.pdf",
    "source_page": 1,
    "source_title": "Energy Infrastructure Map of the Middle East, 2026 edition",
    "source_publisher": "Petroleum Economist / World Oil / Gulf Energy Information / Global Energy Infrastructure",
    "geometry_source": "stroke",
    "georef_order": 2,
    "georef_source": "map's own coastline vector registered to Natural Earth 10m coastline+lakes by trimmed ICP",
    "georef_insample_rmse_km": 0.97,
    "georef_holdout_layer": "ne_10m_admin_0_countries vs the map's own border strokes",
    "georef_holdout_median_km": 1.45,
    "georef_holdout_rmse_km": 1.6,
    "drawn_feature_offset_median_km": 3.06,
    "accuracy_tier": "medium"
   },
   "geometry": {
    "type": "LineString",
    "coordinates": [
     [
      52.032595,
      26.593124
     ],
     [
      51.96884,
      26.597633
     ],
     [
      51.851454,
      26.489949
     ],
     [
      51.749955,
      26.363705
     ],
     [
      51.738282,
      26.336776
     ],
     [
      51.693376,
      26.276654
     ],
     [
      51.63887,
      26.20245
     ],
     [
      51.599353,
      26.145014
     ],
     [
      51.56343,
      26.01517
     ],
     [
      51.529302,
      25.917351
     ],
     [
      51.5778,
      26.014274
     ],
     [
      51.609229,
      26.079502
     ],
     [
      51.637076,
      26.147707
     ],
     [
      51.671193,
      26.194365
     ],
     [
      51.726608,
      26.266778
     ],
     [
      51.745472,
      26.305368
     ],
     [
      51.75804,
      26.334075
     ],
     [
      51.796662,
      26.364582
     ],
     [
      51.89608,
      26.497118
     ],
     [
      51.942778,
      26.517764
     ],
     [
      51.914942,
      26.489941
     ],
     [
      51.887093,
      26.454944
     ],
     [
      51.829895,
      26.375358
     ],
     [
      51.776004,
      26.308958
     ],
     [
      51.735589,
      26.239229
     ],
     [
      51.696071,
      26.171037
     ],
     [
      51.648746,
      26.13066
     ],
     [
      51.621807,
      26.05914
     ],
     [
      51.529302,
      25.917351
     ]
    ]
   }
  },
  {
   "type": "Feature",
   "properties": {
    "id": "ME2026-0122",
    "commodity": "gas",
    "status_class": "in_service",
    "name": null,
    "name_dist_pt": null,
    "name_ambiguous": null,
    "name_confidence": null,
    "commodity_conflict": null,
    "other_names": null,
    "diameter_in": null,
    "length_km": 24.42,
    "n_vertices": 3,
    "legend_class": "gas_in_service",
    "stroke_rgb": "#d7191f",
    "dashed": false,
    "source_map": "me2026",
    "source_file": "../energy-map-of-the-middle-east-2026-peregrine-bush.pdf",
    "source_page": 1,
    "source_title": "Energy Infrastructure Map of the Middle East, 2026 edition",
    "source_publisher": "Petroleum Economist / World Oil / Gulf Energy Information / Global Energy Infrastructure",
    "geometry_source": "stroke",
    "georef_order": 2,
    "georef_source": "map's own coastline vector registered to Natural Earth 10m coastline+lakes by trimmed ICP",
    "georef_insample_rmse_km": 0.97,
    "georef_holdout_layer": "ne_10m_admin_0_countries vs the map's own border strokes",
    "georef_holdout_median_km": 1.45,
    "georef_holdout_rmse_km": 1.6,
    "drawn_feature_offset_median_km": 3.06,
    "accuracy_tier": "medium"
   },
   "geometry": {
    "type": "LineString",
    "coordinates": [
     [
      49.895445,
      26.327781
     ],
     [
      49.935603,
      26.362041
     ],
     [
      49.997334,
      26.523304
     ]
    ]
   }
  },
  {
   "type": "Feature",
   "properties": {
    "id": "ME2026-0123",
    "commodity": "gas",
    "status_class": "in_service",
    "name": null,
    "name_dist_pt": null,
    "name_ambiguous": null,
    "name_confidence": null,
    "commodity_conflict": null,
    "other_names": null,
    "diameter_in": null,
    "length_km": 120.47,
    "n_vertices": 12,
    "legend_class": "gas_in_service",
    "stroke_rgb": "#d7191f",
    "dashed": false,
    "source_map": "me2026",
    "source_file": "../energy-map-of-the-middle-east-2026-peregrine-bush.pdf",
    "source_page": 1,
    "source_title": "Energy Infrastructure Map of the Middle East, 2026 edition",
    "source_publisher": "Petroleum Economist / World Oil / Gulf Energy Information / Global Energy Infrastructure",
    "geometry_source": "stroke",
    "georef_order": 2,
    "georef_source": "map's own coastline vector registered to Natural Earth 10m coastline+lakes by trimmed ICP",
    "georef_insample_rmse_km": 0.97,
    "georef_holdout_layer": "ne_10m_admin_0_countries vs the map's own border strokes",
    "georef_holdout_median_km": 1.45,
    "georef_holdout_rmse_km": 1.6,
    "drawn_feature_offset_median_km": 3.06,
    "accuracy_tier": "medium"
   },
   "geometry": {
    "type": "LineString",
    "coordinates": [
     [
      47.565819,
      29.034243
     ],
     [
      47.665332,
      29.00639
     ],
     [
      47.927432,
      28.941095
     ],
     [
      47.986185,
      28.942081
     ],
     [
      48.094605,
      29.012313
     ],
     [
      48.140742,
      29.055389
     ],
     [
      48.140746,
      29.06848
     ],
     [
      48.099522,
      29.067133
     ],
     [
      48.006799,
      29.085733
     ],
     [
      47.707452,
      29.063187
     ],
     [
      47.609826,
      29.053388
     ],
     [
      47.565819,
      29.034243
     ]
    ]
   }
  },
  {
   "type": "Feature",
   "properties": {
    "id": "ME2026-0124",
    "commodity": "gas",
    "status_class": "in_service",
    "name": null,
    "name_dist_pt": null,
    "name_ambiguous": null,
    "name_confidence": null,
    "commodity_conflict": null,
    "other_names": null,
    "diameter_in": null,
    "length_km": 110.03,
    "n_vertices": 17,
    "legend_class": "gas_in_service",
    "stroke_rgb": "#d7191f",
    "dashed": false,
    "source_map": "me2026",
    "source_file": "../energy-map-of-the-middle-east-2026-peregrine-bush.pdf",
    "source_page": 1,
    "source_title": "Energy Infrastructure Map of the Middle East, 2026 edition",
    "source_publisher": "Petroleum Economist / World Oil / Gulf Energy Information / Global Energy Infrastructure",
    "geometry_source": "stroke",
    "georef_order": 2,
    "georef_source": "map's own coastline vector registered to Natural Earth 10m coastline+lakes by trimmed ICP",
    "georef_insample_rmse_km": 0.97,
    "georef_holdout_layer": "ne_10m_admin_0_countries vs the map's own border strokes",
    "georef_holdout_median_km": 1.45,
    "georef_holdout_rmse_km": 1.6,
    "drawn_feature_offset_median_km": 3.06,
    "accuracy_tier": "medium"
   },
   "geometry": {
    "type": "LineString",
    "coordinates": [
     [
      47.788591,
      29.845114
     ],
     [
      47.732701,
      29.772802
     ],
     [
      47.715506,
      29.6743
     ],
     [
      47.704704,
      29.584208
     ],
     [
      47.698786,
      29.513016
     ],
     [
      47.689963,
      29.47287
     ],
     [
      47.697782,
      29.41315
     ],
     [
      47.693852,
      29.38572
     ],
     [
      47.704623,
      29.359285
     ],
     [
      47.727135,
      29.34881
     ],
     [
      47.769959,
      29.334126
     ],
     [
      47.806421,
      29.321402
     ],
     [
      47.883469,
      29.256789
     ],
     [
      47.948067,
      29.188254
     ],
     [
      48.010436,
      29.144486
     ],
     [
      48.076038,
      29.105328
     ],
     [
      48.141121,
      29.06848
     ]
    ]
   }
  },
  {
   "type": "Feature",
   "properties": {
    "id": "ME2026-0125",
    "commodity": "gas",
    "status_class": "in_service",
    "name": null,
    "name_dist_pt": null,
    "name_ambiguous": null,
    "name_confidence": null,
    "commodity_conflict": null,
    "other_names": null,
    "diameter_in": null,
    "length_km": 46.92,
    "n_vertices": 7,
    "legend_class": "gas_in_service",
    "stroke_rgb": "#d7191f",
    "dashed": false,
    "source_map": "me2026",
    "source_file": "../energy-map-of-the-middle-east-2026-peregrine-bush.pdf",
    "source_page": 1,
    "source_title": "Energy Infrastructure Map of the Middle East, 2026 edition",
    "source_publisher": "Petroleum Economist / World Oil / Gulf Energy Information / Global Energy Infrastructure",
    "geometry_source": "stroke",
    "georef_order": 2,
    "georef_source": "map's own coastline vector registered to Natural Earth 10m coastline+lakes by trimmed ICP",
    "georef_insample_rmse_km": 0.97,
    "georef_holdout_layer": "ne_10m_admin_0_countries vs the map's own border strokes",
    "georef_holdout_median_km": 1.45,
    "georef_holdout_rmse_km": 1.6,
    "drawn_feature_offset_median_km": 3.06,
    "accuracy_tier": "medium"
   },
   "geometry": {
    "type": "LineString",
    "coordinates": [
     [
      48.155246,
      29.009221
     ],
     [
      48.10244,
      28.996645
     ],
     [
      48.01918,
      28.941104
     ],
     [
      47.989107,
      28.922505
     ],
     [
      47.923507,
      28.925439
     ],
     [
      47.896093,
      28.933264
     ],
     [
      47.724039,
      28.860799
     ]
    ]
   }
  },
  {
   "type": "Feature",
   "properties": {
    "id": "ME2026-0126",
    "commodity": "gas",
    "status_class": "in_service",
    "name": null,
    "name_dist_pt": null,
    "name_ambiguous": null,
    "name_confidence": null,
    "commodity_conflict": null,
    "other_names": null,
    "diameter_in": null,
    "length_km": 275.01,
    "n_vertices": 11,
    "legend_class": "gas_in_service",
    "stroke_rgb": "#d7191f",
    "dashed": false,
    "source_map": "me2026",
    "source_file": "../energy-map-of-the-middle-east-2026-peregrine-bush.pdf",
    "source_page": 1,
    "source_title": "Energy Infrastructure Map of the Middle East, 2026 edition",
    "source_publisher": "Petroleum Economist / World Oil / Gulf Energy Information / Global Energy Infrastructure",
    "geometry_source": "stroke",
    "georef_order": 2,
    "georef_source": "map's own coastline vector registered to Natural Earth 10m coastline+lakes by trimmed ICP",
    "georef_insample_rmse_km": 0.97,
    "georef_holdout_layer": "ne_10m_admin_0_countries vs the map's own border strokes",
    "georef_holdout_median_km": 1.45,
    "georef_holdout_rmse_km": 1.6,
    "drawn_feature_offset_median_km": 3.06,
    "accuracy_tier": "medium"
   },
   "geometry": {
    "type": "LineString",
    "coordinates": [
     [
      48.657754,
      31.264543
     ],
     [
      48.712851,
      31.265745
     ],
     [
      48.979782,
      31.13765
     ],
     [
      49.358614,
      30.9697
     ],
     [
      49.79061,
      30.78893
     ],
     [
      49.879289,
      30.738668
     ],
     [
      49.925454,
      30.426367
     ],
     [
      50.139166,
      30.203199
     ],
     [
      50.350583,
      29.72447
     ],
     [
      50.48635,
      29.622408
     ],
     [
      50.51332,
      29.624101
     ]
    ]
   }
  },
  {
   "type": "Feature",
   "properties": {
    "id": "ME2026-0127",
    "commodity": "gas",
    "status_class": "in_service",
    "name": null,
    "name_dist_pt": null,
    "name_ambiguous": null,
    "name_confidence": null,
    "commodity_conflict": null,
    "other_names": null,
    "diameter_in": null,
    "length_km": 184.95,
    "n_vertices": 13,
    "legend_class": "gas_in_service",
    "stroke_rgb": "#d7191f",
    "dashed": false,
    "source_map": "me2026",
    "source_file": "../energy-map-of-the-middle-east-2026-peregrine-bush.pdf",
    "source_page": 1,
    "source_title": "Energy Infrastructure Map of the Middle East, 2026 edition",
    "source_publisher": "Petroleum Economist / World Oil / Gulf Energy Information / Global Energy Infrastructure",
    "geometry_source": "stroke",
    "georef_order": 2,
    "georef_source": "map's own coastline vector registered to Natural Earth 10m coastline+lakes by trimmed ICP",
    "georef_insample_rmse_km": 0.97,
    "georef_holdout_layer": "ne_10m_admin_0_countries vs the map's own border strokes",
    "georef_holdout_median_km": 1.45,
    "georef_holdout_rmse_km": 1.6,
    "drawn_feature_offset_median_km": 3.06,
    "accuracy_tier": "medium"
   },
   "geometry": {
    "type": "LineString",
    "coordinates": [
     [
      48.271909,
      30.345455
     ],
     [
      48.301492,
      30.36714
     ],
     [
      48.753841,
      30.54501
     ],
     [
      49.185907,
      30.575579
     ],
     [
      49.225344,
      30.59234
     ],
     [
      49.266738,
      30.602191
     ],
     [
      49.395349,
      30.645564
     ],
     [
      49.433798,
      30.667249
     ],
     [
      49.45155,
      30.684989
     ],
     [
      49.459452,
      30.706672
     ],
     [
      49.644297,
      30.835232
     ],
     [
      49.924811,
      31.037714
     ],
     [
      49.957793,
      31.036723
     ]
    ]
   }
  },
  {
   "type": "Feature",
   "properties": {
    "id": "ME2026-0128",
    "commodity": "gas",
    "status_class": "in_service",
    "name": null,
    "name_dist_pt": null,
    "name_ambiguous": null,
    "name_confidence": null,
    "commodity_conflict": null,
    "other_names": null,
    "diameter_in": null,
    "length_km": 8.84,
    "n_vertices": 2,
    "legend_class": "gas_in_service",
    "stroke_rgb": "#d7191f",
    "dashed": false,
    "source_map": "me2026",
    "source_file": "../energy-map-of-the-middle-east-2026-peregrine-bush.pdf",
    "source_page": 1,
    "source_title": "Energy Infrastructure Map of the Middle East, 2026 edition",
    "source_publisher": "Petroleum Economist / World Oil / Gulf Energy Information / Global Energy Infrastructure",
    "geometry_source": "stroke",
    "georef_order": 2,
    "georef_source": "map's own coastline vector registered to Natural Earth 10m coastline+lakes by trimmed ICP",
    "georef_insample_rmse_km": 0.97,
    "georef_holdout_layer": "ne_10m_admin_0_countries vs the map's own border strokes",
    "georef_holdout_median_km": 1.45,
    "georef_holdout_rmse_km": 1.6,
    "drawn_feature_offset_median_km": 3.06,
    "accuracy_tier": "medium"
   },
   "geometry": {
    "type": "LineString",
    "coordinates": [
     [
      49.415256,
      30.993346
     ],
     [
      49.37094,
      31.063319
     ]
    ]
   }
  },
  {
   "type": "Feature",
   "properties": {
    "id": "ME2026-0129",
    "commodity": "gas",
    "status_class": "in_service",
    "name": null,
    "name_dist_pt": null,
    "name_ambiguous": null,
    "name_confidence": null,
    "commodity_conflict": null,
    "other_names": null,
    "diameter_in": "16",
    "length_km": 587.29,
    "n_vertices": 62,
    "legend_class": "gas_in_service",
    "stroke_rgb": "#d7191f",
    "dashed": false,
    "source_map": "me2026",
    "source_file": "../energy-map-of-the-middle-east-2026-peregrine-bush.pdf",
    "source_page": 1,
    "source_title": "Energy Infrastructure Map of the Middle East, 2026 edition",
    "source_publisher": "Petroleum Economist / World Oil / Gulf Energy Information / Global Energy Infrastructure",
    "geometry_source": "stroke",
    "georef_order": 2,
    "georef_source": "map's own coastline vector registered to Natural Earth 10m coastline+lakes by trimmed ICP",
    "georef_insample_rmse_km": 0.97,
    "georef_holdout_layer": "ne_10m_admin_0_countries vs the map's own border strokes",
    "georef_holdout_median_km": 1.45,
    "georef_holdout_rmse_km": 1.6,
    "drawn_feature_offset_median_km": 3.06,
    "accuracy_tier": "medium"
   },
   "geometry": {
    "type": "LineString",
    "coordinates": [
     [
      52.627106,
      27.474786
     ],
     [
      52.649221,
      27.550716
     ],
     [
      52.55136,
      27.657164
     ],
     [
      52.444859,
      27.721134
     ],
     [
      52.423529,
      27.739938
     ],
     [
      52.39415,
      27.770129
     ],
     [
      52.304436,
      27.843061
     ],
     [
      52.201449,
      27.946012
     ],
     [
      52.180755,
      27.985312
     ],
     [
      52.190614,
      27.997701
     ],
     [
      52.255719,
      28.090311
     ],
     [
      52.303528,
      28.157323
     ],
     [
      52.331147,
      28.199158
     ],
     [
      52.331152,
      28.216884
     ],
     [
      52.316376,
      28.282923
     ],
     [
      52.313431,
      28.31247
     ],
     [
      52.327257,
      28.348935
     ],
     [
      52.357836,
      28.404564
     ],
     [
      52.393352,
      28.450876
     ],
     [
      52.433793,
      28.485354
     ],
     [
      52.468772,
      28.514908
     ],
     [
      52.495414,
      28.561221
     ],
     [
      52.51021,
      28.59517
     ],
     [
      52.530954,
      28.671043
     ],
     [
      52.552655,
      28.711453
     ],
     [
      52.554648,
      28.731163
     ],
     [
      52.540847,
      28.77102
     ],
     [
      52.592158,
      28.855759
     ],
     [
      52.553726,
      28.919831
     ],
     [
      52.594189,
      29.003047
     ],
     [
      52.676523,
      29.076942
     ],
     [
      52.662747,
      29.145924
     ],
     [
      52.7032,
      29.169042
     ],
     [
      52.70618,
      29.229141
     ],
     [
      52.639715,
      29.371503
     ],
     [
      52.524433,
      29.57488
     ],
     [
      52.486962,
      29.61243
     ],
     [
      52.404664,
      29.620329
     ],
     [
      52.233612,
      29.627243
     ],
     [
      52.142927,
      29.687352
     ],
     [
      52.00937,
      29.748917
     ],
     [
      51.858091,
      29.811014
     ],
     [
      51.79004,
      29.795253
     ],
     [
      51.723983,
      29.795258
     ],
     [
      51.569738,
      29.868183
     ],
     [
      51.396777,
      29.956354
     ],
     [
      51.313969,
      29.981986
     ],
     [
      51.141987,
      30.02634
     ],
     [
      51.094478,
      30.065607
     ],
     [
      51.022268,
      30.092363
     ],
     [
      51.002647,
      30.264292
     ],
     [
      50.966181,
      30.303703
     ],
     [
      50.900663,
      30.321904
     ],
     [
      50.763649,
      30.360337
     ],
     [
      50.739017,
      30.386946
     ],
     [
      50.603596,
      30.564783
     ],
     [
      50.430648,
      30.619961
     ],
     [
      50.382364,
      30.644597
     ],
     [
      50.21437,
      30.73571
     ],
     [
      50.069969,
      30.692885
     ],
     [
      50.009825,
      30.670221
     ],
     [
      49.879289,
      30.738668
     ]
    ]
   }
  },
  {
   "type": "Feature",
   "properties": {
    "id": "ME2026-0130",
    "commodity": "gas",
    "status_class": "in_service",
    "name": "IGAT 6",
    "name_dist_pt": 0.1,
    "name_ambiguous": false,
    "name_confidence": "high",
    "commodity_conflict": null,
    "other_names": null,
    "diameter_in": "56",
    "length_km": 329.59,
    "n_vertices": 28,
    "legend_class": "gas_in_service",
    "stroke_rgb": "#d7191f",
    "dashed": false,
    "source_map": "me2026",
    "source_file": "../energy-map-of-the-middle-east-2026-peregrine-bush.pdf",
    "source_page": 1,
    "source_title": "Energy Infrastructure Map of the Middle East, 2026 edition",
    "source_publisher": "Petroleum Economist / World Oil / Gulf Energy Information / Global Energy Infrastructure",
    "geometry_source": "stroke",
    "georef_order": 2,
    "georef_source": "map's own coastline vector registered to Natural Earth 10m coastline+lakes by trimmed ICP",
    "georef_insample_rmse_km": 0.97,
    "georef_holdout_layer": "ne_10m_admin_0_countries vs the map's own border strokes",
    "georef_holdout_median_km": 1.45,
    "georef_holdout_rmse_km": 1.6,
    "drawn_feature_offset_median_km": 3.06,
    "accuracy_tier": "medium"
   },
   "geometry": {
    "type": "LineString",
    "coordinates": [
     [
      52.625266,
      27.477146
     ],
     [
      52.622928,
      27.528954
     ],
     [
      52.529971,
      27.632533
     ],
     [
      52.42347,
      27.694567
     ],
     [
      52.397982,
      27.694619
     ],
     [
      52.3732,
      27.709552
     ],
     [
      52.227952,
      27.749933
     ],
     [
      52.092423,
      27.862844
     ],
     [
      51.931338,
      27.968632
     ],
     [
      51.728687,
      28.132485
     ],
     [
      51.698928,
      28.173564
     ],
     [
      51.664936,
      28.189151
     ],
     [
      51.606348,
      28.217008
     ],
     [
      51.468928,
      28.421471
     ],
     [
      51.405648,
      28.497495
     ],
     [
      51.332938,
      28.64482
     ],
     [
      51.279591,
      28.765696
     ],
     [
      51.251763,
      28.878548
     ],
     [
      51.22814,
      28.90074
     ],
     [
      51.192723,
      28.913967
     ],
     [
      51.147853,
      28.964956
     ],
     [
      51.094965,
      29.003205
     ],
     [
      50.983068,
      29.119269
     ],
     [
      50.844684,
      29.284638
     ],
     [
      50.76934,
      29.48772
     ],
     [
      50.645772,
      29.5451
     ],
     [
      50.539378,
      29.617035
     ],
     [
      50.510692,
      29.622093
     ]
    ]
   }
  },
  {
   "type": "Feature",
   "properties": {
    "id": "ME2026-0131",
    "commodity": "gas",
    "status_class": "in_service",
    "name": "IGAT 4",
    "name_dist_pt": 0.1,
    "name_ambiguous": false,
    "name_confidence": "high",
    "commodity_conflict": null,
    "other_names": null,
    "diameter_in": "56",
    "length_km": 685.69,
    "n_vertices": 87,
    "legend_class": "gas_in_service",
    "stroke_rgb": "#d7191f",
    "dashed": false,
    "source_map": "me2026",
    "source_file": "../energy-map-of-the-middle-east-2026-peregrine-bush.pdf",
    "source_page": 1,
    "source_title": "Energy Infrastructure Map of the Middle East, 2026 edition",
    "source_publisher": "Petroleum Economist / World Oil / Gulf Energy Information / Global Energy Infrastructure",
    "geometry_source": "stroke",
    "georef_order": 2,
    "georef_source": "map's own coastline vector registered to Natural Earth 10m coastline+lakes by trimmed ICP",
    "georef_insample_rmse_km": 0.97,
    "georef_holdout_layer": "ne_10m_admin_0_countries vs the map's own border strokes",
    "georef_holdout_median_km": 1.45,
    "georef_holdout_rmse_km": 1.6,
    "drawn_feature_offset_median_km": 3.06,
    "accuracy_tier": "medium"
   },
   "geometry": {
    "type": "LineString",
    "coordinates": [
     [
      52.42347,
      27.694567
     ],
     [
      52.392309,
      27.720221
     ],
     [
      52.380949,
      27.756689
     ],
     [
      52.288802,
      27.833311
     ],
     [
      52.192607,
      27.931773
     ],
     [
      52.160027,
      27.987493
     ],
     [
      52.312223,
      28.201834
     ],
     [
      52.311768,
      28.219306
     ],
     [
      52.298552,
      28.278799
     ],
     [
      52.294785,
      28.314202
     ],
     [
      52.309909,
      28.356693
     ],
     [
      52.341589,
      28.412878
     ],
     [
      52.381297,
      28.464344
     ],
     [
      52.416275,
      28.492676
     ],
     [
      52.455505,
      28.526186
     ],
     [
      52.492388,
      28.599843
     ],
     [
      52.514622,
      28.678692
     ],
     [
      52.534483,
      28.718824
     ],
     [
      52.536376,
      28.730633
     ],
     [
      52.519851,
      28.774072
     ],
     [
      52.572808,
      28.852918
     ],
     [
      52.532668,
      28.918563
     ],
     [
      52.580438,
      29.013939
     ],
     [
      52.657477,
      29.08003
     ],
     [
      52.6438,
      29.156054
     ],
     [
      52.685877,
      29.180127
     ],
     [
      52.688753,
      29.22388
     ],
     [
      52.623207,
      29.364536
     ],
     [
      52.509062,
      29.563593
     ],
     [
      52.486963,
      29.615383
     ],
     [
      52.413629,
      29.809003
     ],
     [
      52.442271,
      29.893737
     ],
     [
      52.4822,
      29.954293
     ],
     [
      52.534496,
      30.023271
     ],
     [
      52.600609,
      30.089294
     ],
     [
      52.600629,
      30.127192
     ],
     [
      52.605567,
      30.145923
     ],
     [
      52.625307,
      30.171537
     ],
     [
      52.654896,
      30.183356
     ],
     [
      52.679024,
      30.197147
     ],
     [
      52.674113,
      30.228681
     ],
     [
      52.683981,
      30.248392
     ],
     [
      52.698794,
      30.277963
     ],
     [
      52.706708,
      30.311468
     ],
     [
      52.700797,
      30.330648
     ],
     [
      52.657424,
      30.378933
     ],
     [
      52.555448,
      30.455806
     ],
     [
      52.448522,
      30.532158
     ],
     [
      52.411075,
      30.562715
     ],
     [
      52.387428,
      30.608046
     ],
     [
      52.403219,
      30.630709
     ],
     [
      52.424928,
      30.647466
     ],
     [
      52.429867,
      30.666185
     ],
     [
      52.442703,
      30.687868
     ],
     [
      52.488534,
      30.706595
     ],
     [
      52.479679,
      30.74153
     ],
     [
      52.466864,
      30.754346
     ],
     [
      52.392475,
      30.808551
     ],
     [
      52.287999,
      30.883463
     ],
     [
      52.21263,
      30.932198
     ],
     [
      52.08941,
      31.001205
     ],
     [
      52.026858,
      31.056401
     ],
     [
      51.984479,
      31.094291
     ],
     [
      52.015087,
      31.168212
     ],
     [
      52.030908,
      31.218465
     ],
     [
      52.044769,
      31.30663
     ],
     [
      52.061588,
      31.400253
     ],
     [
      52.078844,
      31.456424
     ],
     [
      52.114376,
      31.501219
     ],
     [
      52.108488,
      31.549514
     ],
     [
      52.104579,
      31.587959
     ],
     [
      52.07064,
      31.657929
     ],
     [
      52.05291,
      31.687335
     ],
     [
      51.975833,
      31.812416
     ],
     [
      51.878682,
      31.984632
     ],
     [
      51.893459,
      32.025327
     ],
     [
      51.893469,
      32.038178
     ],
     [
      51.88199,
      32.119329
     ],
     [
      51.855245,
      32.168595
     ],
     [
      51.788896,
      32.299025
     ],
     [
      51.754727,
      32.454092
     ],
     [
      51.681113,
      32.562281
     ],
     [
      51.630774,
      32.597631
     ],
     [
      51.518262,
      32.615847
     ],
     [
      51.29658,
      32.644713
     ],
     [
      51.206926,
      32.624408
     ],
     [
      51.176232,
      32.620137
     ]
    ]
   }
  },
  {
   "type": "Feature",
   "properties": {
    "id": "ME2026-0132",
    "commodity": "gas",
    "status_class": "in_service",
    "name": null,
    "name_dist_pt": null,
    "name_ambiguous": null,
    "name_confidence": null,
    "commodity_conflict": null,
    "other_names": null,
    "diameter_in": null,
    "length_km": 118.36,
    "n_vertices": 8,
    "legend_class": "gas_in_service",
    "stroke_rgb": "#d7191f",
    "dashed": false,
    "source_map": "me2026",
    "source_file": "../energy-map-of-the-middle-east-2026-peregrine-bush.pdf",
    "source_page": 1,
    "source_title": "Energy Infrastructure Map of the Middle East, 2026 edition",
    "source_publisher": "Petroleum Economist / World Oil / Gulf Energy Information / Global Energy Infrastructure",
    "geometry_source": "stroke",
    "georef_order": 2,
    "georef_source": "map's own coastline vector registered to Natural Earth 10m coastline+lakes by trimmed ICP",
    "georef_insample_rmse_km": 0.97,
    "georef_holdout_layer": "ne_10m_admin_0_countries vs the map's own border strokes",
    "georef_holdout_median_km": 1.45,
    "georef_holdout_rmse_km": 1.6,
    "drawn_feature_offset_median_km": 3.06,
    "accuracy_tier": "medium"
   },
   "geometry": {
    "type": "LineString",
    "coordinates": [
     [
      46.819121,
      30.332462
     ],
     [
      47.235749,
      30.496258
     ],
     [
      47.32052,
      30.496271
     ],
     [
      47.460564,
      30.459871
     ],
     [
      47.622875,
      30.452064
     ],
     [
      47.680931,
      30.414103
     ],
     [
      47.881236,
      30.474444
     ],
     [
      47.964968,
      30.433121
     ]
    ]
   }
  },
  {
   "type": "Feature",
   "properties": {
    "id": "ME2026-0133",
    "commodity": "gas",
    "status_class": "in_service",
    "name": "Ekhaider",
    "name_dist_pt": 64.4,
    "name_ambiguous": true,
    "name_confidence": "low",
    "commodity_conflict": null,
    "other_names": "Ekhalder",
    "diameter_in": "18",
    "length_km": 676.6,
    "n_vertices": 54,
    "legend_class": "gas_in_service",
    "stroke_rgb": "#d7191f",
    "dashed": false,
    "source_map": "me2026",
    "source_file": "../energy-map-of-the-middle-east-2026-peregrine-bush.pdf",
    "source_page": 1,
    "source_title": "Energy Infrastructure Map of the Middle East, 2026 edition",
    "source_publisher": "Petroleum Economist / World Oil / Gulf Energy Information / Global Energy Infrastructure",
    "geometry_source": "stroke",
    "georef_order": 2,
    "georef_source": "map's own coastline vector registered to Natural Earth 10m coastline+lakes by trimmed ICP",
    "georef_insample_rmse_km": 0.97,
    "georef_holdout_layer": "ne_10m_admin_0_countries vs the map's own border strokes",
    "georef_holdout_median_km": 1.45,
    "georef_holdout_rmse_km": 1.6,
    "drawn_feature_offset_median_km": 3.06,
    "accuracy_tier": "medium"
   },
   "geometry": {
    "type": "LineString",
    "coordinates": [
     [
      47.32087,
      30.494625
     ],
     [
      47.23091,
      30.546229
     ],
     [
      46.512934,
      30.607527
     ],
     [
      46.386402,
      30.651049
     ],
     [
      46.019549,
      30.87806
     ],
     [
      45.434651,
      31.116605
     ],
     [
      44.917113,
      31.240421
     ],
     [
      44.825212,
      31.277252
     ],
     [
      44.787269,
      31.287684
     ],
     [
      44.661878,
      31.309997
     ],
     [
      44.359104,
      31.46401
     ],
     [
      44.261147,
      31.664109
     ],
     [
      44.242544,
      31.698309
     ],
     [
      44.234976,
      31.722458
     ],
     [
      44.134757,
      32.01056
     ],
     [
      44.085887,
      32.159289
     ],
     [
      44.04113,
      32.267315
     ],
     [
      43.953654,
      32.430129
     ],
     [
      43.903697,
      32.54988
     ],
     [
      43.88993,
      32.575418
     ],
     [
      43.886513,
      32.618881
     ],
     [
      43.884473,
      32.660674
     ],
     [
      43.867937,
      32.6862
     ],
     [
      43.854153,
      32.70414
     ],
     [
      43.834862,
      32.714479
     ],
     [
      43.788683,
      32.746892
     ],
     [
      43.755607,
      32.772715
     ],
     [
      43.72076,
      32.8076
     ],
     [
      43.684952,
      32.887328
     ],
     [
      43.642269,
      32.971507
     ],
     [
      43.606471,
      33.060892
     ],
     [
      43.550254,
      33.086404
     ],
     [
      43.429614,
      33.12087
     ],
     [
      43.354783,
      33.151893
     ],
     [
      43.262422,
      33.197404
     ],
     [
      43.099395,
      33.308836
     ],
     [
      43.095985,
      33.35714
     ],
     [
      43.017438,
      33.423057
     ],
     [
      42.969487,
      33.451317
     ],
     [
      42.935035,
      33.472007
     ],
     [
      42.880607,
      33.503871
     ],
     [
      42.828917,
      33.542354
     ],
     [
      42.753422,
      33.594078
     ],
     [
      42.690025,
      33.640675
     ],
     [
      42.610796,
      33.706893
     ],
     [
      42.531887,
      33.794505
     ],
     [
      42.508461,
      33.813118
     ],
     [
      42.478154,
      33.843466
     ],
     [
      42.431311,
      33.890373
     ],
     [
      42.351698,
      33.970094
     ],
     [
      42.322792,
      34.027753
     ],
     [
      42.322806,
      34.045009
     ],
     [
      42.326287,
      34.073979
     ],
     [
      42.333892,
      34.120219
     ]
    ]
   }
  },
  {
   "type": "Feature",
   "properties": {
    "id": "ME2026-0134",
    "commodity": "gas",
    "status_class": "in_service",
    "name": null,
    "name_dist_pt": null,
    "name_ambiguous": null,
    "name_confidence": null,
    "commodity_conflict": null,
    "other_names": null,
    "diameter_in": "20",
    "length_km": 204.33,
    "n_vertices": 74,
    "legend_class": "gas_in_service",
    "stroke_rgb": "#d7191f",
    "dashed": false,
    "source_map": "me2026",
    "source_file": "../energy-map-of-the-middle-east-2026-peregrine-bush.pdf",
    "source_page": 1,
    "source_title": "Energy Infrastructure Map of the Middle East, 2026 edition",
    "source_publisher": "Petroleum Economist / World Oil / Gulf Energy Information / Global Energy Infrastructure",
    "geometry_source": "stroke",
    "georef_order": 2,
    "georef_source": "map's own coastline vector registered to Natural Earth 10m coastline+lakes by trimmed ICP",
    "georef_insample_rmse_km": 0.97,
    "georef_holdout_layer": "ne_10m_admin_0_countries vs the map's own border strokes",
    "georef_holdout_median_km": 1.45,
    "georef_holdout_rmse_km": 1.6,
    "drawn_feature_offset_median_km": 3.06,
    "accuracy_tier": "medium"
   },
   "geometry": {
    "type": "LineString",
    "coordinates": [
     [
      34.321902,
      27.904842
     ],
     [
      34.336867,
      27.934863
     ],
     [
      34.346293,
      27.950982
     ],
     [
      34.360717,
      27.968774
     ],
     [
      34.367922,
      27.985448
     ],
     [
      34.377903,
      28.004507
     ],
     [
      34.39509,
      28.046747
     ],
     [
      34.402863,
      28.062321
     ],
     [
      34.408403,
      28.07788
     ],
     [
      34.412831,
      28.11456
     ],
     [
      34.411164,
      28.140686
     ],
     [
      34.407844,
      28.171239
     ],
     [
      34.407843,
      28.216407
     ],
     [
      34.409508,
      28.239198
     ],
     [
      34.407842,
      28.258079
     ],
     [
      34.399525,
      28.281975
     ],
     [
      34.387876,
      28.298079
     ],
     [
      34.378449,
      28.30752
     ],
     [
      34.371243,
      28.320857
     ],
     [
      34.367356,
      28.336966
     ],
     [
      34.377338,
      28.363658
     ],
     [
      34.389541,
      28.383264
     ],
     [
      34.396192,
      28.397712
     ],
     [
      34.40673,
      28.422166
     ],
     [
      34.410061,
      28.436624
     ],
     [
      34.423363,
      28.442742
     ],
     [
      34.440564,
      28.44665
     ],
     [
      34.471611,
      28.472245
     ],
     [
      34.50559,
      28.485043
     ],
     [
      34.510021,
      28.49505
     ],
     [
      34.50005,
      28.501152
     ],
     [
      34.482294,
      28.513925
     ],
     [
      34.476754,
      28.542819
     ],
     [
      34.47842,
      28.562828
     ],
     [
      34.47842,
      28.582981
     ],
     [
      34.472868,
      28.600759
     ],
     [
      34.471058,
      28.628544
     ],
     [
      34.471059,
      28.682446
     ],
     [
      34.48009,
      28.736924
     ],
     [
      34.49395,
      28.79155
     ],
     [
      34.503379,
      28.820444
     ],
     [
      34.515584,
      28.839904
     ],
     [
      34.53333,
      28.86382
     ],
     [
      34.548855,
      28.890505
     ],
     [
      34.557174,
      28.930527
     ],
     [
      34.567726,
      28.959591
     ],
     [
      34.580474,
      28.972375
     ],
     [
      34.593789,
      28.980163
     ],
     [
      34.61209,
      28.984071
     ],
     [
      34.630945,
      28.984085
     ],
     [
      34.644248,
      28.981869
     ],
     [
      34.658673,
      28.979653
     ],
     [
      34.662005,
      28.990773
     ],
     [
      34.662007,
      29.014664
     ],
     [
      34.659789,
      29.059675
     ],
     [
      34.662013,
      29.087475
     ],
     [
      34.668256,
      29.118605
     ],
     [
      34.681574,
      29.153211
     ],
     [
      34.692657,
      29.164336
     ],
     [
      34.705972,
      29.173237
     ],
     [
      34.722053,
      29.189362
     ],
     [
      34.729274,
      29.211601
     ],
     [
      34.727056,
      29.242169
     ],
     [
      34.729835,
      29.264949
     ],
     [
      34.732602,
      29.292194
     ],
     [
      34.739268,
      29.308868
     ],
     [
      34.74912,
      29.322388
     ],
     [
      34.764223,
      29.341113
     ],
     [
      34.78697,
      29.370731
     ],
     [
      34.811927,
      29.407439
     ],
     [
      34.84466,
      29.457472
     ],
     [
      34.872538,
      29.488061
     ],
     [
      34.879746,
      29.492216
     ],
     [
      34.896381,
      29.492228
     ]
    ]
   }
  },
  {
   "type": "Feature",
   "properties": {
    "id": "ME2026-0135",
    "commodity": "gas",
    "status_class": "in_service",
    "name": "Master Gas System (MGS)",
    "name_dist_pt": 7.0,
    "name_ambiguous": false,
    "name_confidence": "high",
    "commodity_conflict": null,
    "other_names": "East-West Pipeline",
    "diameter_in": "16",
    "length_km": 1267.17,
    "n_vertices": 49,
    "legend_class": "gas_in_service",
    "stroke_rgb": "#d7191f",
    "dashed": false,
    "source_map": "me2026",
    "source_file": "../energy-map-of-the-middle-east-2026-peregrine-bush.pdf",
    "source_page": 1,
    "source_title": "Energy Infrastructure Map of the Middle East, 2026 edition",
    "source_publisher": "Petroleum Economist / World Oil / Gulf Energy Information / Global Energy Infrastructure",
    "geometry_source": "stroke",
    "georef_order": 2,
    "georef_source": "map's own coastline vector registered to Natural Earth 10m coastline+lakes by trimmed ICP",
    "georef_insample_rmse_km": 0.97,
    "georef_holdout_layer": "ne_10m_admin_0_countries vs the map's own border strokes",
    "georef_holdout_median_km": 1.45,
    "georef_holdout_rmse_km": 1.6,
    "drawn_feature_offset_median_km": 3.06,
    "accuracy_tier": "medium"
   },
   "geometry": {
    "type": "LineString",
    "coordinates": [
     [
      38.246396,
      23.952392
     ],
     [
      38.353077,
      24.093251
     ],
     [
      38.413253,
      24.168764
     ],
     [
      38.486153,
      24.237583
     ],
     [
      38.530131,
      24.294499
     ],
     [
      38.635286,
      24.295408
     ],
     [
      38.741206,
      24.292906
     ],
     [
      38.851462,
      24.265792
     ],
     [
      38.935334,
      24.251389
     ],
     [
      38.985367,
      24.252259
     ],
     [
      39.022692,
      24.252276
     ],
     [
      39.171906,
      24.149584
     ],
     [
      39.239761,
      24.14197
     ],
     [
      39.29323,
      24.050387
     ],
     [
      39.439897,
      23.961287
     ],
     [
      39.490794,
      23.956205
     ],
     [
      39.649364,
      23.817108
     ],
     [
      39.751948,
      23.831593
     ],
     [
      40.246756,
      23.911341
     ],
     [
      40.329221,
      23.927775
     ],
     [
      40.902361,
      24.02555
     ],
     [
      41.153383,
      24.065554
     ],
     [
      41.5723,
      24.1209
     ],
     [
      41.998885,
      24.183789
     ],
     [
      42.352516,
      24.23569
     ],
     [
      42.757095,
      24.316496
     ],
     [
      43.149814,
      24.385282
     ],
     [
      43.478506,
      24.441587
     ],
     [
      44.117754,
      24.547635
     ],
     [
      45.175455,
      24.664978
     ],
     [
      45.807364,
      24.773265
     ],
     [
      46.102615,
      24.835698
     ],
     [
      46.138083,
      24.855275
     ],
     [
      46.220033,
      24.868748
     ],
     [
      46.435202,
      24.920667
     ],
     [
      46.614264,
      24.962287
     ],
     [
      46.686402,
      24.778947
     ],
     [
      46.859535,
      24.865587
     ],
     [
      47.003883,
      25.034517
     ],
     [
      48.085362,
      25.236639
     ],
     [
      48.219465,
      25.329113
     ],
     [
      48.883477,
      25.599982
     ],
     [
      49.040163,
      25.645565
     ],
     [
      49.367422,
      25.655349
     ],
     [
      49.529721,
      25.771578
     ],
     [
      49.635211,
      25.830309
     ],
     [
      49.690043,
      25.883875
     ],
     [
      49.741948,
      25.93576
     ],
     [
      49.750335,
      25.95462
     ]
    ]
   }
  },
  {
   "type": "Feature",
   "properties": {
    "id": "ME2026-0136",
    "commodity": "gas",
    "status_class": "in_service",
    "name": null,
    "name_dist_pt": null,
    "name_ambiguous": null,
    "name_confidence": null,
    "commodity_conflict": null,
    "other_names": null,
    "diameter_in": null,
    "length_km": 74.06,
    "n_vertices": 8,
    "legend_class": "gas_in_service",
    "stroke_rgb": "#d7191f",
    "dashed": false,
    "source_map": "me2026",
    "source_file": "../energy-map-of-the-middle-east-2026-peregrine-bush.pdf",
    "source_page": 1,
    "source_title": "Energy Infrastructure Map of the Middle East, 2026 edition",
    "source_publisher": "Petroleum Economist / World Oil / Gulf Energy Information / Global Energy Infrastructure",
    "geometry_source": "stroke",
    "georef_order": 2,
    "georef_source": "map's own coastline vector registered to Natural Earth 10m coastline+lakes by trimmed ICP",
    "georef_insample_rmse_km": 0.97,
    "georef_holdout_layer": "ne_10m_admin_0_countries vs the map's own border strokes",
    "georef_holdout_median_km": 1.45,
    "georef_holdout_rmse_km": 1.6,
    "drawn_feature_offset_median_km": 3.06,
    "accuracy_tier": "medium"
   },
   "geometry": {
    "type": "LineString",
    "coordinates": [
     [
      46.863356,
      24.870075
     ],
     [
      46.891568,
      24.677513
     ],
     [
      46.897626,
      24.632346
     ],
     [
      46.828808,
      24.598191
     ],
     [
      46.77742,
      24.566373
     ],
     [
      46.696678,
      24.582272
     ],
     [
      46.745861,
      24.626271
     ],
     [
      46.686402,
      24.778947
     ]
    ]
   }
  },
  {
   "type": "Feature",
   "properties": {
    "id": "ME2026-0137",
    "commodity": "gas",
    "status_class": "in_service",
    "name": null,
    "name_dist_pt": null,
    "name_ambiguous": null,
    "name_confidence": null,
    "commodity_conflict": null,
    "other_names": null,
    "diameter_in": null,
    "length_km": 267.63,
    "n_vertices": 34,
    "legend_class": "gas_in_service",
    "stroke_rgb": "#d7191f",
    "dashed": false,
    "source_map": "me2026",
    "source_file": "../energy-map-of-the-middle-east-2026-peregrine-bush.pdf",
    "source_page": 1,
    "source_title": "Energy Infrastructure Map of the Middle East, 2026 edition",
    "source_publisher": "Petroleum Economist / World Oil / Gulf Energy Information / Global Energy Infrastructure",
    "geometry_source": "stroke",
    "georef_order": 2,
    "georef_source": "map's own coastline vector registered to Natural Earth 10m coastline+lakes by trimmed ICP",
    "georef_insample_rmse_km": 0.97,
    "georef_holdout_layer": "ne_10m_admin_0_countries vs the map's own border strokes",
    "georef_holdout_median_km": 1.45,
    "georef_holdout_rmse_km": 1.6,
    "drawn_feature_offset_median_km": 3.06,
    "accuracy_tier": "medium"
   },
   "geometry": {
    "type": "LineString",
    "coordinates": [
     [
      52.763528,
      25.434756
     ],
     [
      52.436866,
      25.462238
     ],
     [
      52.403751,
      25.468099
     ],
     [
      52.389477,
      25.452447
     ],
     [
      52.270183,
      25.413051
     ],
     [
      51.909559,
      25.290967
     ],
     [
      51.71194,
      25.221518
     ],
     [
      51.673833,
      25.169745
     ],
     [
      51.611274,
      25.111069
     ],
     [
      51.594957,
      25.100631
     ],
     [
      51.562205,
      25.027131
     ],
     [
      51.559788,
      24.978633
     ],
     [
      51.55979,
      24.959833
     ],
     [
      51.569489,
      24.941033
     ],
     [
      51.561005,
      24.916779
     ],
     [
      51.539773,
      24.901019
     ],
     [
      51.53977,
      24.92831
     ],
     [
      51.528837,
      24.948321
     ],
     [
      51.465594,
      24.982274
     ],
     [
      51.368515,
      25.032006
     ],
     [
      51.310879,
      25.062329
     ],
     [
      51.250061,
      25.08053
     ],
     [
      51.1599,
      25.110989
     ],
     [
      51.077002,
      25.149806
     ],
     [
      51.021792,
      25.158909
     ],
     [
      50.86391,
      25.189845
     ],
     [
      50.83722,
      25.195908
     ],
     [
      50.835388,
      25.241395
     ],
     [
      50.832964,
      25.290643
     ],
     [
      50.832956,
      25.401601
     ],
     [
      50.818393,
      25.430092
     ],
     [
      50.806868,
      25.465587
     ],
     [
      50.798975,
      25.473475
     ],
     [
      50.785636,
      25.473477
     ]
    ]
   }
  },
  {
   "type": "Feature",
   "properties": {
    "id": "ME2026-0138",
    "commodity": "gas",
    "status_class": "in_service",
    "name": null,
    "name_dist_pt": null,
    "name_ambiguous": null,
    "name_confidence": null,
    "commodity_conflict": null,
    "other_names": null,
    "diameter_in": null,
    "length_km": 85.63,
    "n_vertices": 12,
    "legend_class": "gas_in_service",
    "stroke_rgb": "#d7191f",
    "dashed": false,
    "source_map": "me2026",
    "source_file": "../energy-map-of-the-middle-east-2026-peregrine-bush.pdf",
    "source_page": 1,
    "source_title": "Energy Infrastructure Map of the Middle East, 2026 edition",
    "source_publisher": "Petroleum Economist / World Oil / Gulf Energy Information / Global Energy Infrastructure",
    "geometry_source": "stroke",
    "georef_order": 2,
    "georef_source": "map's own coastline vector registered to Natural Earth 10m coastline+lakes by trimmed ICP",
    "georef_insample_rmse_km": 0.97,
    "georef_holdout_layer": "ne_10m_admin_0_countries vs the map's own border strokes",
    "georef_holdout_median_km": 1.45,
    "georef_holdout_rmse_km": 1.6,
    "drawn_feature_offset_median_km": 3.06,
    "accuracy_tier": "medium"
   },
   "geometry": {
    "type": "LineString",
    "coordinates": [
     [
      50.788061,
      25.398569
     ],
     [
      50.780173,
      25.342788
     ],
     [
      50.786858,
      25.299128
     ],
     [
      50.802633,
      25.252297
     ],
     [
      50.835534,
      25.237778
     ],
     [
      51.015728,
      25.157083
     ],
     [
      51.052129,
      25.12859
     ],
     [
      51.11107,
      25.092558
     ],
     [
      51.220697,
      25.048366
     ],
     [
      51.261358,
      25.049257
     ],
     [
      51.367538,
      24.998
     ],
     [
      51.413925,
      25.008749
     ]
    ]
   }
  },
  {
   "type": "Feature",
   "properties": {
    "id": "ME2026-0139",
    "commodity": "gas",
    "status_class": "in_service",
    "name": null,
    "name_dist_pt": null,
    "name_ambiguous": null,
    "name_confidence": null,
    "commodity_conflict": null,
    "other_names": null,
    "diameter_in": null,
    "length_km": 13.66,
    "n_vertices": 4,
    "legend_class": "gas_in_service",
    "stroke_rgb": "#d7191f",
    "dashed": false,
    "source_map": "me2026",
    "source_file": "../energy-map-of-the-middle-east-2026-peregrine-bush.pdf",
    "source_page": 1,
    "source_title": "Energy Infrastructure Map of the Middle East, 2026 edition",
    "source_publisher": "Petroleum Economist / World Oil / Gulf Energy Information / Global Energy Infrastructure",
    "geometry_source": "stroke",
    "georef_order": 2,
    "georef_source": "map's own coastline vector registered to Natural Earth 10m coastline+lakes by trimmed ICP",
    "georef_insample_rmse_km": 0.97,
    "georef_holdout_layer": "ne_10m_admin_0_countries vs the map's own border strokes",
    "georef_holdout_median_km": 1.45,
    "georef_holdout_rmse_km": 1.6,
    "drawn_feature_offset_median_km": 3.06,
    "accuracy_tier": "medium"
   },
   "geometry": {
    "type": "LineString",
    "coordinates": [
     [
      50.819021,
      25.128008
     ],
     [
      50.814165,
      25.152263
     ],
     [
      50.803848,
      25.194702
     ],
     [
      50.803844,
      25.249878
     ]
    ]
   }
  },
  {
   "type": "Feature",
   "properties": {
    "id": "ME2026-0140",
    "commodity": "gas",
    "status_class": "in_service",
    "name": null,
    "name_dist_pt": null,
    "name_ambiguous": null,
    "name_confidence": null,
    "commodity_conflict": null,
    "other_names": null,
    "diameter_in": null,
    "length_km": 20.15,
    "n_vertices": 5,
    "legend_class": "gas_in_service",
    "stroke_rgb": "#d7191f",
    "dashed": false,
    "source_map": "me2026",
    "source_file": "../energy-map-of-the-middle-east-2026-peregrine-bush.pdf",
    "source_page": 1,
    "source_title": "Energy Infrastructure Map of the Middle East, 2026 edition",
    "source_publisher": "Petroleum Economist / World Oil / Gulf Energy Information / Global Energy Infrastructure",
    "geometry_source": "stroke",
    "georef_order": 2,
    "georef_source": "map's own coastline vector registered to Natural Earth 10m coastline+lakes by trimmed ICP",
    "georef_insample_rmse_km": 0.97,
    "georef_holdout_layer": "ne_10m_admin_0_countries vs the map's own border strokes",
    "georef_holdout_median_km": 1.45,
    "georef_holdout_rmse_km": 1.6,
    "drawn_feature_offset_median_km": 3.06,
    "accuracy_tier": "medium"
   },
   "geometry": {
    "type": "LineString",
    "coordinates": [
     [
      51.560477,
      24.992508
     ],
     [
      51.532476,
      24.996214
     ],
     [
      51.48864,
      25.010361
     ],
     [
      51.413498,
      25.041279
     ],
     [
      51.373103,
      25.029658
     ]
    ]
   }
  },
  {
   "type": "Feature",
   "properties": {
    "id": "ME2026-0141",
    "commodity": "gas",
    "status_class": "in_service",
    "name": null,
    "name_dist_pt": null,
    "name_ambiguous": null,
    "name_confidence": null,
    "commodity_conflict": null,
    "other_names": null,
    "diameter_in": null,
    "length_km": 98.94,
    "n_vertices": 10,
    "legend_class": "gas_in_service",
    "stroke_rgb": "#d7191f",
    "dashed": false,
    "source_map": "me2026",
    "source_file": "../energy-map-of-the-middle-east-2026-peregrine-bush.pdf",
    "source_page": 1,
    "source_title": "Energy Infrastructure Map of the Middle East, 2026 edition",
    "source_publisher": "Petroleum Economist / World Oil / Gulf Energy Information / Global Energy Infrastructure",
    "geometry_source": "stroke",
    "georef_order": 2,
    "georef_source": "map's own coastline vector registered to Natural Earth 10m coastline+lakes by trimmed ICP",
    "georef_insample_rmse_km": 0.97,
    "georef_holdout_layer": "ne_10m_admin_0_countries vs the map's own border strokes",
    "georef_holdout_median_km": 1.45,
    "georef_holdout_rmse_km": 1.6,
    "drawn_feature_offset_median_km": 3.06,
    "accuracy_tier": "medium"
   },
   "geometry": {
    "type": "LineString",
    "coordinates": [
     [
      51.522993,
      25.036463
     ],
     [
      51.514335,
      25.066756
     ],
     [
      51.42848,
      25.092244
     ],
     [
      51.366399,
      25.14058
     ],
     [
      51.315704,
      25.28163
     ],
     [
      51.335651,
      25.576688
     ],
     [
      51.346763,
      25.600858
     ],
     [
      51.427155,
      25.659208
     ],
     [
      51.480745,
      25.757835
     ],
     [
      51.479292,
      25.789507
     ]
    ]
   }
  },
  {
   "type": "Feature",
   "properties": {
    "id": "ME2026-0142",
    "commodity": "gas",
    "status_class": "in_service",
    "name": null,
    "name_dist_pt": null,
    "name_ambiguous": null,
    "name_confidence": null,
    "commodity_conflict": null,
    "other_names": null,
    "diameter_in": null,
    "length_km": 128.43,
    "n_vertices": 8,
    "legend_class": "gas_in_service",
    "stroke_rgb": "#d7191f",
    "dashed": false,
    "source_map": "me2026",
    "source_file": "../energy-map-of-the-middle-east-2026-peregrine-bush.pdf",
    "source_page": 1,
    "source_title": "Energy Infrastructure Map of the Middle East, 2026 edition",
    "source_publisher": "Petroleum Economist / World Oil / Gulf Energy Information / Global Energy Infrastructure",
    "geometry_source": "stroke",
    "georef_order": 2,
    "georef_source": "map's own coastline vector registered to Natural Earth 10m coastline+lakes by trimmed ICP",
    "georef_insample_rmse_km": 0.97,
    "georef_holdout_layer": "ne_10m_admin_0_countries vs the map's own border strokes",
    "georef_holdout_median_km": 1.45,
    "georef_holdout_rmse_km": 1.6,
    "drawn_feature_offset_median_km": 3.06,
    "accuracy_tier": "medium"
   },
   "geometry": {
    "type": "LineString",
    "coordinates": [
     [
      52.756614,
      25.45167
     ],
     [
      52.43201,
      25.482188
     ],
     [
      52.403751,
      25.468099
     ],
     [
      52.378688,
      25.469434
     ],
     [
      52.258124,
      25.429179
     ],
     [
      51.70097,
      25.240101
     ],
     [
      51.613694,
      25.132844
     ],
     [
      51.610221,
      25.112629
     ]
    ]
   }
  },
  {
   "type": "Feature",
   "properties": {
    "id": "ME2026-0143",
    "commodity": "gas",
    "status_class": "in_service",
    "name": null,
    "name_dist_pt": null,
    "name_ambiguous": null,
    "name_confidence": null,
    "commodity_conflict": null,
    "other_names": null,
    "diameter_in": null,
    "length_km": 24.19,
    "n_vertices": 3,
    "legend_class": "gas_in_service",
    "stroke_rgb": "#d7191f",
    "dashed": false,
    "source_map": "me2026",
    "source_file": "../energy-map-of-the-middle-east-2026-peregrine-bush.pdf",
    "source_page": 1,
    "source_title": "Energy Infrastructure Map of the Middle East, 2026 edition",
    "source_publisher": "Petroleum Economist / World Oil / Gulf Energy Information / Global Energy Infrastructure",
    "geometry_source": "stroke",
    "georef_order": 2,
    "georef_source": "map's own coastline vector registered to Natural Earth 10m coastline+lakes by trimmed ICP",
    "georef_insample_rmse_km": 0.97,
    "georef_holdout_layer": "ne_10m_admin_0_countries vs the map's own border strokes",
    "georef_holdout_median_km": 1.45,
    "georef_holdout_rmse_km": 1.6,
    "drawn_feature_offset_median_km": 3.06,
    "accuracy_tier": "medium"
   },
   "geometry": {
    "type": "LineString",
    "coordinates": [
     [
      52.582872,
      25.614404
     ],
     [
      52.4323,
      25.507303
     ],
     [
      52.407032,
      25.468872
     ]
    ]
   }
  },
  {
   "type": "Feature",
   "properties": {
    "id": "ME2026-0144",
    "commodity": "gas",
    "status_class": "in_service",
    "name": null,
    "name_dist_pt": null,
    "name_ambiguous": null,
    "name_confidence": null,
    "commodity_conflict": null,
    "other_names": null,
    "diameter_in": null,
    "length_km": 24.42,
    "n_vertices": 3,
    "legend_class": "gas_in_service",
    "stroke_rgb": "#d7191f",
    "dashed": false,
    "source_map": "me2026",
    "source_file": "../energy-map-of-the-middle-east-2026-peregrine-bush.pdf",
    "source_page": 1,
    "source_title": "Energy Infrastructure Map of the Middle East, 2026 edition",
    "source_publisher": "Petroleum Economist / World Oil / Gulf Energy Information / Global Energy Infrastructure",
    "geometry_source": "stroke",
    "georef_order": 2,
    "georef_source": "map's own coastline vector registered to Natural Earth 10m coastline+lakes by trimmed ICP",
    "georef_insample_rmse_km": 0.97,
    "georef_holdout_layer": "ne_10m_admin_0_countries vs the map's own border strokes",
    "georef_holdout_median_km": 1.45,
    "georef_holdout_rmse_km": 1.6,
    "drawn_feature_offset_median_km": 3.06,
    "accuracy_tier": "medium"
   },
   "geometry": {
    "type": "LineString",
    "coordinates": [
     [
      52.600404,
      25.605473
     ],
     [
      52.435909,
      25.48399
     ],
     [
      52.408376,
      25.471256
     ]
    ]
   }
  },
  {
   "type": "Feature",
   "properties": {
    "id": "ME2026-0145",
    "commodity": "gas",
    "status_class": "in_service",
    "name": null,
    "name_dist_pt": null,
    "name_ambiguous": null,
    "name_confidence": null,
    "commodity_conflict": null,
    "other_names": null,
    "diameter_in": null,
    "length_km": 493.95,
    "n_vertices": 36,
    "legend_class": "gas_in_service",
    "stroke_rgb": "#d7191f",
    "dashed": false,
    "source_map": "me2026",
    "source_file": "../energy-map-of-the-middle-east-2026-peregrine-bush.pdf",
    "source_page": 1,
    "source_title": "Energy Infrastructure Map of the Middle East, 2026 edition",
    "source_publisher": "Petroleum Economist / World Oil / Gulf Energy Information / Global Energy Infrastructure",
    "geometry_source": "stroke",
    "georef_order": 2,
    "georef_source": "map's own coastline vector registered to Natural Earth 10m coastline+lakes by trimmed ICP",
    "georef_insample_rmse_km": 0.97,
    "georef_holdout_layer": "ne_10m_admin_0_countries vs the map's own border strokes",
    "georef_holdout_median_km": 1.45,
    "georef_holdout_rmse_km": 1.6,
    "drawn_feature_offset_median_km": 3.06,
    "accuracy_tier": "medium"
   },
   "geometry": {
    "type": "LineString",
    "coordinates": [
     [
      54.773415,
      24.817414
     ],
     [
      54.800113,
      24.788722
     ],
     [
      54.637772,
      24.491637
     ],
     [
      54.624513,
      24.460247
     ],
     [
      54.606348,
      24.430262
     ],
     [
      54.518721,
      24.405172
     ],
     [
      54.623115,
      24.390493
     ],
     [
      54.819711,
      24.362528
     ],
     [
      55.128759,
      24.324062
     ],
     [
      55.252025,
      24.306265
     ],
     [
      55.536662,
      24.268502
     ],
     [
      55.685775,
      24.247536
     ],
     [
      55.717224,
      24.247526
     ],
     [
      55.717216,
      24.325967
     ],
     [
      55.722783,
      24.380393
     ],
     [
      55.73814,
      24.568363
     ],
     [
      55.760805,
      24.800998
     ],
     [
      55.767791,
      24.910833
     ],
     [
      55.829865,
      24.981925
     ],
     [
      55.884247,
      25.020451
     ],
     [
      56.053043,
      25.143263
     ],
     [
      56.108337,
      25.15452
     ],
     [
      56.149868,
      25.15032
     ],
     [
      56.285404,
      25.131448
     ],
     [
      56.334315,
      25.149566
     ],
     [
      56.347219,
      25.16979
     ],
     [
      56.322405,
      25.161354
     ],
     [
      56.283744,
      25.147334
     ],
     [
      56.107077,
      25.173127
     ],
     [
      56.047713,
      25.159114
     ],
     [
      55.820294,
      24.996034
     ],
     [
      55.788663,
      24.962896
     ],
     [
      55.747208,
      24.955493
     ],
     [
      55.107772,
      24.881423
     ],
     [
      55.009973,
      24.865398
     ],
     [
      54.773415,
      24.817414
     ]
    ]
   }
  },
  {
   "type": "Feature",
   "properties": {
    "id": "ME2026-0146",
    "commodity": "gas",
    "status_class": "in_service",
    "name": null,
    "name_dist_pt": null,
    "name_ambiguous": null,
    "name_confidence": null,
    "commodity_conflict": null,
    "other_names": null,
    "diameter_in": null,
    "length_km": 276.89,
    "n_vertices": 20,
    "legend_class": "gas_in_service",
    "stroke_rgb": "#d7191f",
    "dashed": false,
    "source_map": "me2026",
    "source_file": "../energy-map-of-the-middle-east-2026-peregrine-bush.pdf",
    "source_page": 1,
    "source_title": "Energy Infrastructure Map of the Middle East, 2026 edition",
    "source_publisher": "Petroleum Economist / World Oil / Gulf Energy Information / Global Energy Infrastructure",
    "geometry_source": "stroke",
    "georef_order": 2,
    "georef_source": "map's own coastline vector registered to Natural Earth 10m coastline+lakes by trimmed ICP",
    "georef_insample_rmse_km": 0.97,
    "georef_holdout_layer": "ne_10m_admin_0_countries vs the map's own border strokes",
    "georef_holdout_median_km": 1.45,
    "georef_holdout_rmse_km": 1.6,
    "drawn_feature_offset_median_km": 3.06,
    "accuracy_tier": "medium"
   },
   "geometry": {
    "type": "LineString",
    "coordinates": [
     [
      54.937712,
      24.785199
     ],
     [
      54.820374,
      24.65725
     ],
     [
      54.6713,
      24.473493
     ],
     [
      54.629398,
      24.419779
     ],
     [
      54.589963,
      24.410028
     ],
     [
      54.518721,
      24.405172
     ],
     [
      54.556924,
      24.386495
     ],
     [
      54.561238,
      24.371844
     ],
     [
      54.557791,
      24.3236
     ],
     [
      54.554341,
      24.309253
     ],
     [
      54.403416,
      24.143003
     ],
     [
      54.304051,
      24.084975
     ],
     [
      54.291884,
      24.05378
     ],
     [
      54.171681,
      23.979813
     ],
     [
      53.872148,
      23.917142
     ],
     [
      53.627524,
      23.85172
     ],
     [
      53.694821,
      23.721055
     ],
     [
      53.936931,
      23.479187
     ],
     [
      54.129872,
      23.3459
     ],
     [
      54.230699,
      23.279376
     ]
    ]
   }
  },
  {
   "type": "Feature",
   "properties": {
    "id": "ME2026-0147",
    "commodity": "gas",
    "status_class": "in_service",
    "name": null,
    "name_dist_pt": null,
    "name_ambiguous": null,
    "name_confidence": null,
    "commodity_conflict": null,
    "other_names": null,
    "diameter_in": null,
    "length_km": 158.97,
    "n_vertices": 7,
    "legend_class": "gas_in_service",
    "stroke_rgb": "#d7191f",
    "dashed": false,
    "source_map": "me2026",
    "source_file": "../energy-map-of-the-middle-east-2026-peregrine-bush.pdf",
    "source_page": 1,
    "source_title": "Energy Infrastructure Map of the Middle East, 2026 edition",
    "source_publisher": "Petroleum Economist / World Oil / Gulf Energy Information / Global Energy Infrastructure",
    "geometry_source": "stroke",
    "georef_order": 2,
    "georef_source": "map's own coastline vector registered to Natural Earth 10m coastline+lakes by trimmed ICP",
    "georef_insample_rmse_km": 0.97,
    "georef_holdout_layer": "ne_10m_admin_0_countries vs the map's own border strokes",
    "georef_holdout_median_km": 1.45,
    "georef_holdout_rmse_km": 1.6,
    "drawn_feature_offset_median_km": 3.06,
    "accuracy_tier": "medium"
   },
   "geometry": {
    "type": "LineString",
    "coordinates": [
     [
      55.526633,
      25.47605
     ],
     [
      55.729653,
      25.35216
     ],
     [
      55.449983,
      25.211244
     ],
     [
      55.22684,
      25.060994
     ],
     [
      55.090302,
      24.967554
     ],
     [
      55.293187,
      24.97238
     ],
     [
      55.653939,
      24.98168
     ]
    ]
   }
  },
  {
   "type": "Feature",
   "properties": {
    "id": "ME2026-0148",
    "commodity": "gas",
    "status_class": "in_service",
    "name": null,
    "name_dist_pt": null,
    "name_ambiguous": null,
    "name_confidence": null,
    "commodity_conflict": null,
    "other_names": null,
    "diameter_in": "16",
    "length_km": 104.14,
    "n_vertices": 12,
    "legend_class": "gas_in_service",
    "stroke_rgb": "#d7191f",
    "dashed": false,
    "source_map": "me2026",
    "source_file": "../energy-map-of-the-middle-east-2026-peregrine-bush.pdf",
    "source_page": 1,
    "source_title": "Energy Infrastructure Map of the Middle East, 2026 edition",
    "source_publisher": "Petroleum Economist / World Oil / Gulf Energy Information / Global Energy Infrastructure",
    "geometry_source": "stroke",
    "georef_order": 2,
    "georef_source": "map's own coastline vector registered to Natural Earth 10m coastline+lakes by trimmed ICP",
    "georef_insample_rmse_km": 0.97,
    "georef_holdout_layer": "ne_10m_admin_0_countries vs the map's own border strokes",
    "georef_holdout_median_km": 1.45,
    "georef_holdout_rmse_km": 1.6,
    "drawn_feature_offset_median_km": 3.06,
    "accuracy_tier": "medium"
   },
   "geometry": {
    "type": "LineString",
    "coordinates": [
     [
      54.40517,
      25.581814
     ],
     [
      54.392633,
      25.537296
     ],
     [
      54.447426,
      25.370219
     ],
     [
      54.4607,
      25.364639
     ],
     [
      54.477463,
      25.359045
     ],
     [
      54.490726,
      25.345794
     ],
     [
      54.505405,
      25.33114
     ],
     [
      54.609097,
      25.274276
     ],
     [
      54.915351,
      25.094197
     ],
     [
      55.038614,
      25.02409
     ],
     [
      55.076334,
      25.003839
     ],
     [
      55.090302,
      24.967554
     ]
    ]
   }
  },
  {
   "type": "Feature",
   "properties": {
    "id": "ME2026-0149",
    "commodity": "gas",
    "status_class": "in_service",
    "name": null,
    "name_dist_pt": null,
    "name_ambiguous": null,
    "name_confidence": null,
    "commodity_conflict": null,
    "other_names": null,
    "diameter_in": "24",
    "length_km": 69.42,
    "n_vertices": 21,
    "legend_class": "gas_in_service",
    "stroke_rgb": "#d7191f",
    "dashed": false,
    "source_map": "me2026",
    "source_file": "../energy-map-of-the-middle-east-2026-peregrine-bush.pdf",
    "source_page": 1,
    "source_title": "Energy Infrastructure Map of the Middle East, 2026 edition",
    "source_publisher": "Petroleum Economist / World Oil / Gulf Energy Information / Global Energy Infrastructure",
    "geometry_source": "stroke",
    "georef_order": 2,
    "georef_source": "map's own coastline vector registered to Natural Earth 10m coastline+lakes by trimmed ICP",
    "georef_insample_rmse_km": 0.97,
    "georef_holdout_layer": "ne_10m_admin_0_countries vs the map's own border strokes",
    "georef_holdout_median_km": 1.45,
    "georef_holdout_rmse_km": 1.6,
    "drawn_feature_offset_median_km": 3.06,
    "accuracy_tier": "medium"
   },
   "geometry": {
    "type": "LineString",
    "coordinates": [
     [
      56.197436,
      24.165737
     ],
     [
      56.155516,
      24.183185
     ],
     [
      56.117461,
      24.199252
     ],
     [
      56.088116,
      24.214602
     ],
     [
      56.044098,
      24.258568
     ],
     [
      56.031521,
      24.274614
     ],
     [
      56.02384,
      24.282299
     ],
     [
      56.018943,
      24.308105
     ],
     [
      56.01126,
      24.326569
     ],
     [
      55.995194,
      24.347504
     ],
     [
      55.958167,
      24.392544
     ],
     [
      55.891458,
      24.459165
     ],
     [
      55.87469,
      24.46753
     ],
     [
      55.837667,
      24.482193
     ],
     [
      55.81672,
      24.491975
     ],
     [
      55.812516,
      24.499647
     ],
     [
      55.810419,
      24.514625
     ],
     [
      55.806928,
      24.54602
     ],
     [
      55.797501,
      24.565924
     ],
     [
      55.761521,
      24.568355
     ],
     [
      55.738516,
      24.568363
     ]
    ]
   }
  },
  {
   "type": "Feature",
   "properties": {
    "id": "ME2026-0150",
    "commodity": "gas",
    "status_class": "in_service",
    "name": "Government Gas System",
    "name_dist_pt": 19.0,
    "name_ambiguous": true,
    "name_confidence": "low",
    "commodity_conflict": null,
    "other_names": null,
    "diameter_in": "32",
    "length_km": 529.34,
    "n_vertices": 75,
    "legend_class": "gas_in_service",
    "stroke_rgb": "#d7191f",
    "dashed": false,
    "source_map": "me2026",
    "source_file": "../energy-map-of-the-middle-east-2026-peregrine-bush.pdf",
    "source_page": 1,
    "source_title": "Energy Infrastructure Map of the Middle East, 2026 edition",
    "source_publisher": "Petroleum Economist / World Oil / Gulf Energy Information / Global Energy Infrastructure",
    "geometry_source": "stroke",
    "georef_order": 2,
    "georef_source": "map's own coastline vector registered to Natural Earth 10m coastline+lakes by trimmed ICP",
    "georef_insample_rmse_km": 0.97,
    "georef_holdout_layer": "ne_10m_admin_0_countries vs the map's own border strokes",
    "georef_holdout_median_km": 1.45,
    "georef_holdout_rmse_km": 1.6,
    "drawn_feature_offset_median_km": 3.06,
    "accuracy_tier": "medium"
   },
   "geometry": {
    "type": "LineString",
    "coordinates": [
     [
      56.611656,
      24.476342
     ],
     [
      56.603975,
      24.465178
     ],
     [
      56.603978,
      24.421928
     ],
     [
      56.55507,
      24.365437
     ],
     [
      56.528901,
      24.34453
     ],
     [
      56.463226,
      24.288408
     ],
     [
      56.415724,
      24.250765
     ],
     [
      56.403149,
      24.234027
     ],
     [
      56.395469,
      24.226359
     ],
     [
      56.380798,
      24.211714
     ],
     [
      56.352157,
      24.206136
     ],
     [
      56.336456,
      24.206141
     ],
     [
      56.314805,
      24.206149
     ],
     [
      56.298039,
      24.194989
     ],
     [
      56.263802,
      24.183146
     ],
     [
      56.197812,
      24.165737
     ],
     [
      56.172976,
      24.158765
     ],
     [
      56.123053,
      24.134358
     ],
     [
      56.091617,
      24.114517
     ],
     [
      56.073458,
      24.100575
     ],
     [
      56.062279,
      24.076855
     ],
     [
      56.022481,
      23.990371
     ],
     [
      56.004318,
      23.92239
     ],
     [
      56.006937,
      23.908428
     ],
     [
      56.032277,
      23.848428
     ],
     [
      56.056748,
      23.778653
     ],
     [
      56.065136,
      23.752145
     ],
     [
      56.087493,
      23.721119
     ],
     [
      56.10915,
      23.673677
     ],
     [
      56.122435,
      23.632517
     ],
     [
      56.147928,
      23.546689
     ],
     [
      56.161201,
      23.507307
     ],
     [
      56.164694,
      23.48916
     ],
     [
      56.173079,
      23.480798
     ],
     [
      56.173083,
      23.458478
     ],
     [
      56.175195,
      23.440331
     ],
     [
      56.194052,
      23.40823
     ],
     [
      56.198251,
      23.374744
     ],
     [
      56.205953,
      23.33257
     ],
     [
      56.224121,
      23.296985
     ],
     [
      56.242291,
      23.251626
     ],
     [
      56.255565,
      23.213261
     ],
     [
      56.288432,
      23.115261
     ],
     [
      56.371254,
      22.857502
     ],
     [
      56.476147,
      22.518493
     ],
     [
      56.533125,
      22.329107
     ],
     [
      56.53662,
      22.309569
     ],
     [
      56.545008,
      22.297022
     ],
     [
      56.547797,
      22.289339
     ],
     [
      56.547803,
      22.270504
     ],
     [
      56.547809,
      22.252371
     ],
     [
      56.547816,
      22.231444
     ],
     [
      56.57429,
      22.227163
     ],
     [
      56.661181,
      22.235015
     ],
     [
      56.891041,
      22.404506
     ],
     [
      56.927791,
      22.441181
     ],
     [
      57.196359,
      22.514823
     ],
     [
      57.252884,
      22.516807
     ],
     [
      57.566343,
      22.668996
     ],
     [
      57.618416,
      22.704442
     ],
     [
      57.708154,
      22.784364
     ],
     [
      57.736411,
      22.842793
     ],
     [
      57.768192,
      22.916814
     ],
     [
      57.768585,
      22.948654
     ],
     [
      57.818682,
      23.057447
     ],
     [
      57.822601,
      23.094427
     ],
     [
      57.905329,
      23.241434
     ],
     [
      57.927201,
      23.316174
     ],
     [
      58.011393,
      23.368821
     ],
     [
      58.064719,
      23.420344
     ],
     [
      58.098069,
      23.428749
     ],
     [
      58.135671,
      23.451705
     ],
     [
      58.159251,
      23.479144
     ],
     [
      58.192709,
      23.494892
     ],
     [
      58.21861,
      23.481088
     ]
    ]
   }
  },
  {
   "type": "Feature",
   "properties": {
    "id": "ME2026-0151",
    "commodity": "gas",
    "status_class": "in_service",
    "name": null,
    "name_dist_pt": null,
    "name_ambiguous": null,
    "name_confidence": null,
    "commodity_conflict": null,
    "other_names": null,
    "diameter_in": null,
    "length_km": 113.1,
    "n_vertices": 8,
    "legend_class": "gas_in_service",
    "stroke_rgb": "#d7191f",
    "dashed": false,
    "source_map": "me2026",
    "source_file": "../energy-map-of-the-middle-east-2026-peregrine-bush.pdf",
    "source_page": 1,
    "source_title": "Energy Infrastructure Map of the Middle East, 2026 edition",
    "source_publisher": "Petroleum Economist / World Oil / Gulf Energy Information / Global Energy Infrastructure",
    "geometry_source": "stroke",
    "georef_order": 2,
    "georef_source": "map's own coastline vector registered to Natural Earth 10m coastline+lakes by trimmed ICP",
    "georef_insample_rmse_km": 0.97,
    "georef_holdout_layer": "ne_10m_admin_0_countries vs the map's own border strokes",
    "georef_holdout_median_km": 1.45,
    "georef_holdout_rmse_km": 1.6,
    "drawn_feature_offset_median_km": 3.06,
    "accuracy_tier": "medium"
   },
   "geometry": {
    "type": "LineString",
    "coordinates": [
     [
      52.601031,
      24.164602
     ],
     [
      52.688939,
      24.13479
     ],
     [
      53.036186,
      24.02904
     ],
     [
      53.281409,
      23.870757
     ],
     [
      53.361609,
      23.861266
     ],
     [
      53.451016,
      23.844007
     ],
     [
      53.580843,
      23.844388
     ],
     [
      53.630152,
      23.852421
     ]
    ]
   }
  },
  {
   "type": "Feature",
   "properties": {
    "id": "ME2026-0152",
    "commodity": "gas",
    "status_class": "in_service",
    "name": null,
    "name_dist_pt": null,
    "name_ambiguous": null,
    "name_confidence": null,
    "commodity_conflict": null,
    "other_names": null,
    "diameter_in": null,
    "length_km": 42.54,
    "n_vertices": 3,
    "legend_class": "gas_in_service",
    "stroke_rgb": "#d7191f",
    "dashed": false,
    "source_map": "me2026",
    "source_file": "../energy-map-of-the-middle-east-2026-peregrine-bush.pdf",
    "source_page": 1,
    "source_title": "Energy Infrastructure Map of the Middle East, 2026 edition",
    "source_publisher": "Petroleum Economist / World Oil / Gulf Energy Information / Global Energy Infrastructure",
    "geometry_source": "stroke",
    "georef_order": 2,
    "georef_source": "map's own coastline vector registered to Natural Earth 10m coastline+lakes by trimmed ICP",
    "georef_insample_rmse_km": 0.97,
    "georef_holdout_layer": "ne_10m_admin_0_countries vs the map's own border strokes",
    "georef_holdout_median_km": 1.45,
    "georef_holdout_rmse_km": 1.6,
    "drawn_feature_offset_median_km": 3.06,
    "accuracy_tier": "medium"
   },
   "geometry": {
    "type": "LineString",
    "coordinates": [
     [
      53.295158,
      25.06699
     ],
     [
      53.598346,
      24.902493
     ],
     [
      53.666792,
      24.902477
     ]
    ]
   }
  },
  {
   "type": "Feature",
   "properties": {
    "id": "ME2026-0153",
    "commodity": "gas",
    "status_class": "in_service",
    "name": null,
    "name_dist_pt": null,
    "name_ambiguous": null,
    "name_confidence": null,
    "commodity_conflict": null,
    "other_names": null,
    "diameter_in": "16",
    "length_km": 243.67,
    "n_vertices": 22,
    "legend_class": "gas_in_service",
    "stroke_rgb": "#d7191f",
    "dashed": false,
    "source_map": "me2026",
    "source_file": "../energy-map-of-the-middle-east-2026-peregrine-bush.pdf",
    "source_page": 1,
    "source_title": "Energy Infrastructure Map of the Middle East, 2026 edition",
    "source_publisher": "Petroleum Economist / World Oil / Gulf Energy Information / Global Energy Infrastructure",
    "geometry_source": "stroke",
    "georef_order": 2,
    "georef_source": "map's own coastline vector registered to Natural Earth 10m coastline+lakes by trimmed ICP",
    "georef_insample_rmse_km": 0.97,
    "georef_holdout_layer": "ne_10m_admin_0_countries vs the map's own border strokes",
    "georef_holdout_median_km": 1.45,
    "georef_holdout_rmse_km": 1.6,
    "drawn_feature_offset_median_km": 3.06,
    "accuracy_tier": "medium"
   },
   "geometry": {
    "type": "LineString",
    "coordinates": [
     [
      58.434937,
      23.604759
     ],
     [
      58.437533,
      23.592696
     ],
     [
      58.48558,
      23.559937
     ],
     [
      58.466885,
      23.518886
     ],
     [
      58.436685,
      23.50598
     ],
     [
      58.224646,
      23.481086
     ],
     [
      58.216015,
      23.489703
     ],
     [
      58.194428,
      23.511259
     ],
     [
      58.179758,
      23.547147
     ],
     [
      58.133145,
      23.562678
     ],
     [
      58.083077,
      23.591142
     ],
     [
      57.953038,
      23.62136
     ],
     [
      57.825591,
      23.668792
     ],
     [
      57.673973,
      23.712809
     ],
     [
      57.526394,
      23.749613
     ],
     [
      57.305175,
      23.833869
     ],
     [
      57.101797,
      23.946812
     ],
     [
      57.038796,
      23.991635
     ],
     [
      56.859585,
      24.145637
     ],
     [
      56.68555,
      24.347883
     ],
     [
      56.623413,
      24.409944
     ],
     [
      56.612989,
      24.473679
     ]
    ]
   }
  },
  {
   "type": "Feature",
   "properties": {
    "id": "ME2026-0154",
    "commodity": "gas",
    "status_class": "in_service",
    "name": null,
    "name_dist_pt": null,
    "name_ambiguous": null,
    "name_confidence": null,
    "commodity_conflict": null,
    "other_names": null,
    "diameter_in": null,
    "length_km": 9.46,
    "n_vertices": 4,
    "legend_class": "gas_in_service",
    "stroke_rgb": "#d7191f",
    "dashed": false,
    "source_map": "me2026",
    "source_file": "../energy-map-of-the-middle-east-2026-peregrine-bush.pdf",
    "source_page": 1,
    "source_title": "Energy Infrastructure Map of the Middle East, 2026 edition",
    "source_publisher": "Petroleum Economist / World Oil / Gulf Energy Information / Global Energy Infrastructure",
    "geometry_source": "stroke",
    "georef_order": 2,
    "georef_source": "map's own coastline vector registered to Natural Earth 10m coastline+lakes by trimmed ICP",
    "georef_insample_rmse_km": 0.97,
    "georef_holdout_layer": "ne_10m_admin_0_countries vs the map's own border strokes",
    "georef_holdout_median_km": 1.45,
    "georef_holdout_rmse_km": 1.6,
    "drawn_feature_offset_median_km": 3.06,
    "accuracy_tier": "medium"
   },
   "geometry": {
    "type": "LineString",
    "coordinates": [
     [
      58.507145,
      23.621964
     ],
     [
      58.521823,
      23.61592
     ],
     [
      58.521826,
      23.590939
     ],
     [
      58.48558,
      23.559937
     ]
    ]
   }
  },
  {
   "type": "Feature",
   "properties": {
    "id": "ME2026-0155",
    "commodity": "gas",
    "status_class": "in_service",
    "name": null,
    "name_dist_pt": null,
    "name_ambiguous": null,
    "name_confidence": null,
    "commodity_conflict": null,
    "other_names": null,
    "diameter_in": null,
    "length_km": 345.46,
    "n_vertices": 31,
    "legend_class": "gas_in_service",
    "stroke_rgb": "#d7191f",
    "dashed": false,
    "source_map": "me2026",
    "source_file": "../energy-map-of-the-middle-east-2026-peregrine-bush.pdf",
    "source_page": 1,
    "source_title": "Energy Infrastructure Map of the Middle East, 2026 edition",
    "source_publisher": "Petroleum Economist / World Oil / Gulf Energy Information / Global Energy Infrastructure",
    "geometry_source": "stroke",
    "georef_order": 2,
    "georef_source": "map's own coastline vector registered to Natural Earth 10m coastline+lakes by trimmed ICP",
    "georef_insample_rmse_km": 0.97,
    "georef_holdout_layer": "ne_10m_admin_0_countries vs the map's own border strokes",
    "georef_holdout_median_km": 1.45,
    "georef_holdout_rmse_km": 1.6,
    "drawn_feature_offset_median_km": 3.06,
    "accuracy_tier": "medium"
   },
   "geometry": {
    "type": "LineString",
    "coordinates": [
     [
      56.547816,
      22.231444
     ],
     [
      56.388655,
      22.200697
     ],
     [
      56.205573,
      22.167756
     ],
     [
      56.06598,
      22.155761
     ],
     [
      56.045801,
      22.145257
     ],
     [
      56.06336,
      22.129476
     ],
     [
      56.102853,
      22.129461
     ],
     [
      56.209801,
      22.132045
     ],
     [
      56.417669,
      22.17227
     ],
     [
      56.549354,
      22.19796
     ],
     [
      56.586921,
      22.208904
     ],
     [
      56.66401,
      22.215793
     ],
     [
      56.917821,
      22.394479
     ],
     [
      56.94282,
      22.425328
     ],
     [
      57.19445,
      22.496327
     ],
     [
      57.254016,
      22.497185
     ],
     [
      57.57454,
      22.649456
     ],
     [
      57.634549,
      22.690136
     ],
     [
      57.726286,
      22.7714
     ],
     [
      57.791206,
      22.9109
     ],
     [
      57.788969,
      22.94354
     ],
     [
      57.839115,
      23.05255
     ],
     [
      57.842246,
      23.086543
     ],
     [
      57.92455,
      23.236235
     ],
     [
      57.943357,
      23.304202
     ],
     [
      58.023551,
      23.35373
     ],
     [
      58.072818,
      23.403356
     ],
     [
      58.106337,
      23.411821
     ],
     [
      58.151125,
      23.437737
     ],
     [
      58.169942,
      23.460992
     ],
     [
      58.224646,
      23.481086
     ]
    ]
   }
  },
  {
   "type": "Feature",
   "properties": {
    "id": "ME2026-0156",
    "commodity": "gas",
    "status_class": "in_service",
    "name": null,
    "name_dist_pt": null,
    "name_ambiguous": null,
    "name_confidence": null,
    "commodity_conflict": null,
    "other_names": null,
    "diameter_in": "16",
    "length_km": 267.65,
    "n_vertices": 20,
    "legend_class": "gas_in_service",
    "stroke_rgb": "#d7191f",
    "dashed": false,
    "source_map": "me2026",
    "source_file": "../energy-map-of-the-middle-east-2026-peregrine-bush.pdf",
    "source_page": 1,
    "source_title": "Energy Infrastructure Map of the Middle East, 2026 edition",
    "source_publisher": "Petroleum Economist / World Oil / Gulf Energy Information / Global Energy Infrastructure",
    "geometry_source": "stroke",
    "georef_order": 2,
    "georef_source": "map's own coastline vector registered to Natural Earth 10m coastline+lakes by trimmed ICP",
    "georef_insample_rmse_km": 0.97,
    "georef_holdout_layer": "ne_10m_admin_0_countries vs the map's own border strokes",
    "georef_holdout_median_km": 1.45,
    "georef_holdout_rmse_km": 1.6,
    "drawn_feature_offset_median_km": 3.06,
    "accuracy_tier": "medium"
   },
   "geometry": {
    "type": "LineString",
    "coordinates": [
     [
      56.341814,
      22.435331
     ],
     [
      56.375102,
      22.451758
     ],
     [
      56.494822,
      22.384961
     ],
     [
      56.515916,
      22.306202
     ],
     [
      56.474645,
      22.361416
     ],
     [
      56.298326,
      22.459529
     ],
     [
      56.164036,
      22.523549
     ],
     [
      55.991237,
      22.590968
     ],
     [
      55.781594,
      22.694448
     ],
     [
      55.686912,
      22.734788
     ],
     [
      55.548362,
      22.796942
     ],
     [
      55.466744,
      22.829401
     ],
     [
      55.415843,
      22.874975
     ],
     [
      55.385123,
      22.877623
     ],
     [
      55.393913,
      22.85045
     ],
     [
      55.464999,
      22.789083
     ],
     [
      55.57812,
      22.689258
     ],
     [
      55.800974,
      22.42553
     ],
     [
      55.993117,
      22.208252
     ],
     [
      56.047594,
      22.143647
     ]
    ]
   }
  },
  {
   "type": "Feature",
   "properties": {
    "id": "ME2026-0157",
    "commodity": "gas",
    "status_class": "in_service",
    "name": null,
    "name_dist_pt": null,
    "name_ambiguous": null,
    "name_confidence": null,
    "commodity_conflict": null,
    "other_names": null,
    "diameter_in": null,
    "length_km": 142.82,
    "n_vertices": 21,
    "legend_class": "gas_in_service",
    "stroke_rgb": "#d7191f",
    "dashed": false,
    "source_map": "me2026",
    "source_file": "../energy-map-of-the-middle-east-2026-peregrine-bush.pdf",
    "source_page": 1,
    "source_title": "Energy Infrastructure Map of the Middle East, 2026 edition",
    "source_publisher": "Petroleum Economist / World Oil / Gulf Energy Information / Global Energy Infrastructure",
    "geometry_source": "stroke",
    "georef_order": 2,
    "georef_source": "map's own coastline vector registered to Natural Earth 10m coastline+lakes by trimmed ICP",
    "georef_insample_rmse_km": 0.97,
    "georef_holdout_layer": "ne_10m_admin_0_countries vs the map's own border strokes",
    "georef_holdout_median_km": 1.45,
    "georef_holdout_rmse_km": 1.6,
    "drawn_feature_offset_median_km": 3.06,
    "accuracy_tier": "medium"
   },
   "geometry": {
    "type": "LineString",
    "coordinates": [
     [
      56.575133,
      20.985541
     ],
     [
      56.603861,
      21.004363
     ],
     [
      56.734281,
      21.303531
     ],
     [
      56.741632,
      21.311221
     ],
     [
      56.763564,
      21.333118
     ],
     [
      56.767072,
      21.346253
     ],
     [
      56.763552,
      21.361157
     ],
     [
      56.764417,
      21.379555
     ],
     [
      56.766168,
      21.39182
     ],
     [
      56.763535,
      21.400591
     ],
     [
      56.744202,
      21.450424
     ],
     [
      56.731896,
      21.499504
     ],
     [
      56.707392,
      21.603797
     ],
     [
      56.668697,
      21.7807
     ],
     [
      56.634411,
      21.939203
     ],
     [
      56.624733,
      22.000488
     ],
     [
      56.622105,
      22.030234
     ],
     [
      56.625602,
      22.045136
     ],
     [
      56.612431,
      22.08281
     ],
     [
      56.595728,
      22.138909
     ],
     [
      56.584293,
      22.205397
     ]
    ]
   }
  },
  {
   "type": "Feature",
   "properties": {
    "id": "ME2026-0158",
    "commodity": "gas",
    "status_class": "in_service",
    "name": null,
    "name_dist_pt": null,
    "name_ambiguous": null,
    "name_confidence": null,
    "commodity_conflict": null,
    "other_names": null,
    "diameter_in": null,
    "length_km": 28.2,
    "n_vertices": 4,
    "legend_class": "gas_in_service",
    "stroke_rgb": "#d7191f",
    "dashed": false,
    "source_map": "me2026",
    "source_file": "../energy-map-of-the-middle-east-2026-peregrine-bush.pdf",
    "source_page": 1,
    "source_title": "Energy Infrastructure Map of the Middle East, 2026 edition",
    "source_publisher": "Petroleum Economist / World Oil / Gulf Energy Information / Global Energy Infrastructure",
    "geometry_source": "stroke",
    "georef_order": 2,
    "georef_source": "map's own coastline vector registered to Natural Earth 10m coastline+lakes by trimmed ICP",
    "georef_insample_rmse_km": 0.97,
    "georef_holdout_layer": "ne_10m_admin_0_countries vs the map's own border strokes",
    "georef_holdout_median_km": 1.45,
    "georef_holdout_rmse_km": 1.6,
    "drawn_feature_offset_median_km": 3.06,
    "accuracy_tier": "medium"
   },
   "geometry": {
    "type": "LineString",
    "coordinates": [
     [
      56.068693,
      21.921898
     ],
     [
      56.033597,
      21.925431
     ],
     [
      56.036152,
      22.125108
     ],
     [
      56.045801,
      22.145257
     ]
    ]
   }
  },
  {
   "type": "Feature",
   "properties": {
    "id": "ME2026-0159",
    "commodity": "gas",
    "status_class": "in_service",
    "name": null,
    "name_dist_pt": null,
    "name_ambiguous": null,
    "name_confidence": null,
    "commodity_conflict": null,
    "other_names": null,
    "diameter_in": null,
    "length_km": 10.49,
    "n_vertices": 2,
    "legend_class": "gas_in_service",
    "stroke_rgb": "#d7191f",
    "dashed": false,
    "source_map": "me2026",
    "source_file": "../energy-map-of-the-middle-east-2026-peregrine-bush.pdf",
    "source_page": 1,
    "source_title": "Energy Infrastructure Map of the Middle East, 2026 edition",
    "source_publisher": "Petroleum Economist / World Oil / Gulf Energy Information / Global Energy Infrastructure",
    "geometry_source": "stroke",
    "georef_order": 2,
    "georef_source": "map's own coastline vector registered to Natural Earth 10m coastline+lakes by trimmed ICP",
    "georef_insample_rmse_km": 0.97,
    "georef_holdout_layer": "ne_10m_admin_0_countries vs the map's own border strokes",
    "georef_holdout_median_km": 1.45,
    "georef_holdout_rmse_km": 1.6,
    "drawn_feature_offset_median_km": 3.06,
    "accuracy_tier": "medium"
   },
   "geometry": {
    "type": "LineString",
    "coordinates": [
     [
      56.703586,
      22.426067
     ],
     [
      56.617561,
      22.47692
     ]
    ]
   }
  },
  {
   "type": "Feature",
   "properties": {
    "id": "ME2026-0160",
    "commodity": "gas",
    "status_class": "in_service",
    "name": null,
    "name_dist_pt": null,
    "name_ambiguous": null,
    "name_confidence": null,
    "commodity_conflict": null,
    "other_names": null,
    "diameter_in": null,
    "length_km": 31.48,
    "n_vertices": 3,
    "legend_class": "gas_in_service",
    "stroke_rgb": "#d7191f",
    "dashed": false,
    "source_map": "me2026",
    "source_file": "../energy-map-of-the-middle-east-2026-peregrine-bush.pdf",
    "source_page": 1,
    "source_title": "Energy Infrastructure Map of the Middle East, 2026 edition",
    "source_publisher": "Petroleum Economist / World Oil / Gulf Energy Information / Global Energy Infrastructure",
    "geometry_source": "stroke",
    "georef_order": 2,
    "georef_source": "map's own coastline vector registered to Natural Earth 10m coastline+lakes by trimmed ICP",
    "georef_insample_rmse_km": 0.97,
    "georef_holdout_layer": "ne_10m_admin_0_countries vs the map's own border strokes",
    "georef_holdout_median_km": 1.45,
    "georef_holdout_rmse_km": 1.6,
    "drawn_feature_offset_median_km": 3.06,
    "accuracy_tier": "medium"
   },
   "geometry": {
    "type": "LineString",
    "coordinates": [
     [
      56.810237,
      20.981063
     ],
     [
      56.63311,
      20.899647
     ],
     [
      56.576018,
      20.982916
     ]
    ]
   }
  },
  {
   "type": "Feature",
   "properties": {
    "id": "ME2026-0161",
    "commodity": "gas",
    "status_class": "in_service",
    "name": null,
    "name_dist_pt": null,
    "name_ambiguous": null,
    "name_confidence": null,
    "commodity_conflict": null,
    "other_names": null,
    "diameter_in": "48",
    "length_km": 386.6,
    "n_vertices": 25,
    "legend_class": "gas_in_service",
    "stroke_rgb": "#d7191f",
    "dashed": false,
    "source_map": "me2026",
    "source_file": "../energy-map-of-the-middle-east-2026-peregrine-bush.pdf",
    "source_page": 1,
    "source_title": "Energy Infrastructure Map of the Middle East, 2026 edition",
    "source_publisher": "Petroleum Economist / World Oil / Gulf Energy Information / Global Energy Infrastructure",
    "geometry_source": "stroke",
    "georef_order": 2,
    "georef_source": "map's own coastline vector registered to Natural Earth 10m coastline+lakes by trimmed ICP",
    "georef_insample_rmse_km": 0.97,
    "georef_holdout_layer": "ne_10m_admin_0_countries vs the map's own border strokes",
    "georef_holdout_median_km": 1.45,
    "georef_holdout_rmse_km": 1.6,
    "drawn_feature_offset_median_km": 3.06,
    "accuracy_tier": "medium"
   },
   "geometry": {
    "type": "LineString",
    "coordinates": [
     [
      59.415496,
      22.635
     ],
     [
      59.429505,
      22.596777
     ],
     [
      59.433301,
      22.538938
     ],
     [
      59.401196,
      22.517591
     ],
     [
      59.360282,
      22.485567
     ],
     [
      59.353359,
      22.445988
     ],
     [
      59.319381,
      22.403908
     ],
     [
      59.295456,
      22.396384
     ],
     [
      59.26839,
      22.393253
     ],
     [
      59.156922,
      22.400218
     ],
     [
      58.952908,
      22.435514
     ],
     [
      58.803032,
      22.510992
     ],
     [
      58.694745,
      22.529265
     ],
     [
      58.667683,
      22.524887
     ],
     [
      58.648785,
      22.444462
     ],
     [
      58.348533,
      22.273048
     ],
     [
      57.881475,
      22.008093
     ],
     [
      57.454533,
      21.756012
     ],
     [
      57.056941,
      21.511837
     ],
     [
      56.794019,
      21.400893
     ],
     [
      56.744234,
      21.374205
     ],
     [
      56.707503,
      21.337521
     ],
     [
      56.697739,
      21.306691
     ],
     [
      56.578348,
      21.026727
     ],
     [
      56.578366,
      20.988056
     ]
    ]
   }
  },
  {
   "type": "Feature",
   "properties": {
    "id": "ME2026-0162",
    "commodity": "gas",
    "status_class": "in_service",
    "name": "Oman LNG Pipeline",
    "name_dist_pt": 22.1,
    "name_ambiguous": false,
    "name_confidence": "medium",
    "commodity_conflict": null,
    "other_names": null,
    "diameter_in": "48",
    "length_km": 342.12,
    "n_vertices": 22,
    "legend_class": "gas_in_service",
    "stroke_rgb": "#d7191f",
    "dashed": false,
    "source_map": "me2026",
    "source_file": "../energy-map-of-the-middle-east-2026-peregrine-bush.pdf",
    "source_page": 1,
    "source_title": "Energy Infrastructure Map of the Middle East, 2026 edition",
    "source_publisher": "Petroleum Economist / World Oil / Gulf Energy Information / Global Energy Infrastructure",
    "geometry_source": "stroke",
    "georef_order": 2,
    "georef_source": "map's own coastline vector registered to Natural Earth 10m coastline+lakes by trimmed ICP",
    "georef_insample_rmse_km": 0.97,
    "georef_holdout_layer": "ne_10m_admin_0_countries vs the map's own border strokes",
    "georef_holdout_median_km": 1.45,
    "georef_holdout_rmse_km": 1.6,
    "drawn_feature_offset_median_km": 3.06,
    "accuracy_tier": "medium"
   },
   "geometry": {
    "type": "LineString",
    "coordinates": [
     [
      56.764129,
      21.373435
     ],
     [
      56.800581,
      21.383992
     ],
     [
      57.067028,
      21.497982
     ],
     [
      57.778814,
      21.924625
     ],
     [
      58.430683,
      22.297384
     ],
     [
      58.665865,
      22.430917
     ],
     [
      58.682049,
      22.507629
     ],
     [
      58.696375,
      22.509981
     ],
     [
      58.797546,
      22.493164
     ],
     [
      58.947944,
      22.415363
     ],
     [
      59.155946,
      22.380682
     ],
     [
      59.199509,
      22.378954
     ],
     [
      59.26928,
      22.374465
     ],
     [
      59.301522,
      22.376505
     ],
     [
      59.32964,
      22.388127
     ],
     [
      59.368731,
      22.437064
     ],
     [
      59.374552,
      22.474369
     ],
     [
      59.410218,
      22.502416
     ],
     [
      59.453921,
      22.532322
     ],
     [
      59.450815,
      22.597709
     ],
     [
      59.442334,
      22.63028
     ],
     [
      59.420453,
      22.635869
     ]
    ]
   }
  },
  {
   "type": "Feature",
   "properties": {
    "id": "ME2026-0163",
    "commodity": "gas",
    "status_class": "in_service",
    "name": null,
    "name_dist_pt": null,
    "name_ambiguous": null,
    "name_confidence": null,
    "commodity_conflict": null,
    "other_names": null,
    "diameter_in": null,
    "length_km": 75.83,
    "n_vertices": 4,
    "legend_class": "gas_in_service",
    "stroke_rgb": "#d7191f",
    "dashed": false,
    "source_map": "me2026",
    "source_file": "../energy-map-of-the-middle-east-2026-peregrine-bush.pdf",
    "source_page": 1,
    "source_title": "Energy Infrastructure Map of the Middle East, 2026 edition",
    "source_publisher": "Petroleum Economist / World Oil / Gulf Energy Information / Global Energy Infrastructure",
    "geometry_source": "stroke",
    "georef_order": 2,
    "georef_source": "map's own coastline vector registered to Natural Earth 10m coastline+lakes by trimmed ICP",
    "georef_insample_rmse_km": 0.97,
    "georef_holdout_layer": "ne_10m_admin_0_countries vs the map's own border strokes",
    "georef_holdout_median_km": 1.45,
    "georef_holdout_rmse_km": 1.6,
    "drawn_feature_offset_median_km": 3.06,
    "accuracy_tier": "medium"
   },
   "geometry": {
    "type": "LineString",
    "coordinates": [
     [
      57.35993,
      21.671027
     ],
     [
      57.286404,
      21.457206
     ],
     [
      57.010904,
      21.439799
     ],
     [
      56.807333,
      21.373719
     ]
    ]
   }
  },
  {
   "type": "Feature",
   "properties": {
    "id": "ME2026-0164",
    "commodity": "gas",
    "status_class": "in_service",
    "name": "Salalah Pipeline",
    "name_dist_pt": 28.5,
    "name_ambiguous": false,
    "name_confidence": "medium",
    "commodity_conflict": null,
    "other_names": null,
    "diameter_in": "32",
    "length_km": 721.42,
    "n_vertices": 107,
    "legend_class": "gas_in_service",
    "stroke_rgb": "#d7191f",
    "dashed": false,
    "source_map": "me2026",
    "source_file": "../energy-map-of-the-middle-east-2026-peregrine-bush.pdf",
    "source_page": 1,
    "source_title": "Energy Infrastructure Map of the Middle East, 2026 edition",
    "source_publisher": "Petroleum Economist / World Oil / Gulf Energy Information / Global Energy Infrastructure",
    "geometry_source": "stroke",
    "georef_order": 2,
    "georef_source": "map's own coastline vector registered to Natural Earth 10m coastline+lakes by trimmed ICP",
    "georef_insample_rmse_km": 0.97,
    "georef_holdout_layer": "ne_10m_admin_0_countries vs the map's own border strokes",
    "georef_holdout_median_km": 1.45,
    "georef_holdout_rmse_km": 1.6,
    "drawn_feature_offset_median_km": 3.06,
    "accuracy_tier": "medium"
   },
   "geometry": {
    "type": "LineString",
    "coordinates": [
     [
      53.833828,
      16.894764
     ],
     [
      53.815637,
      16.921981
     ],
     [
      53.803501,
      16.949195
     ],
     [
      53.815586,
      16.973378
     ],
     [
      53.842821,
      16.982439
     ],
     [
      53.885184,
      17.000565
     ],
     [
      53.942677,
      17.024732
     ],
     [
      53.994116,
      17.048901
     ],
     [
      54.02739,
      17.0761
     ],
     [
      54.039472,
      17.103307
     ],
     [
      54.042464,
      17.139587
     ],
     [
      54.039395,
      17.181915
     ],
     [
      54.033305,
      17.218199
     ],
     [
      54.006915,
      17.272629
     ],
     [
      53.978718,
      17.31799
     ],
     [
      53.94074,
      17.36067
     ],
     [
      53.92905,
      17.378101
     ],
     [
      53.920288,
      17.397768
     ],
     [
      53.909338,
      17.414522
     ],
     [
      53.903471,
      17.434188
     ],
     [
      53.907838,
      17.451663
     ],
     [
      53.907831,
      17.458943
     ],
     [
      53.9056,
      17.500462
     ],
     [
      53.909961,
      17.524491
     ],
     [
      53.913588,
      17.544154
     ],
     [
      53.913568,
      17.565778
     ],
     [
      53.913555,
      17.579613
     ],
     [
      53.899657,
      17.627691
     ],
     [
      53.887232,
      17.655366
     ],
     [
      53.883571,
      17.672855
     ],
     [
      53.887933,
      17.683048
     ],
     [
      53.901778,
      17.691776
     ],
     [
      53.91563,
      17.705606
     ],
     [
      53.935313,
      17.712893
     ],
     [
      53.966655,
      17.722352
     ],
     [
      53.979773,
      17.731079
     ],
     [
      54.016743,
      17.731066
     ],
     [
      54.056119,
      17.734693
     ],
     [
      54.09184,
      17.73687
     ],
     [
      54.119558,
      17.736861
     ],
     [
      54.145071,
      17.739537
     ],
     [
      54.165491,
      17.748999
     ],
     [
      54.230122,
      17.800679
     ],
     [
      54.28041,
      17.83271
     ],
     [
      54.297166,
      17.83707
     ],
     [
      54.38979,
      17.842141
     ],
     [
      54.44863,
      17.845773
     ],
     [
      54.493109,
      17.847934
     ],
     [
      54.522281,
      17.850112
     ],
     [
      54.555105,
      17.858832
     ],
     [
      54.632159,
      17.878469
     ],
     [
      54.670789,
      17.895217
     ],
     [
      54.691209,
      17.907582
     ],
     [
      54.723047,
      17.922144
     ],
     [
      54.761918,
      17.941553
     ],
     [
      54.869599,
      17.995416
     ],
     [
      54.92135,
      18.023806
     ],
     [
      54.95852,
      18.050738
     ],
     [
      54.990365,
      18.074757
     ],
     [
      55.017331,
      18.095876
     ],
     [
      55.070548,
      18.124978
     ],
     [
      55.113562,
      18.147312
     ],
     [
      55.172637,
      18.169144
     ],
     [
      55.208127,
      18.180777
     ],
     [
      55.228543,
      18.18661
     ],
     [
      55.241662,
      18.198252
     ],
     [
      55.308753,
      18.224446
     ],
     [
      55.345219,
      18.228798
     ],
     [
      55.414987,
      18.256443
     ],
     [
      55.583213,
      18.320972
     ],
     [
      55.653953,
      18.334053
     ],
     [
      55.691137,
      18.351527
     ],
     [
      55.70061,
      18.366085
     ],
     [
      55.702766,
      18.411245
     ],
     [
      55.706403,
      18.422165
     ],
     [
      55.775411,
      18.499348
     ],
     [
      55.834472,
      18.534048
     ],
     [
      55.88551,
      18.558071
     ],
     [
      56.003414,
      18.616281
     ],
     [
      56.066116,
      18.662154
     ],
     [
      56.144864,
      18.71506
     ],
     [
      56.168698,
      18.738852
     ],
     [
      56.170871,
      18.766028
     ],
     [
      56.183224,
      18.819204
     ],
     [
      56.188989,
      18.918755
     ],
     [
      56.194055,
      18.982843
     ],
     [
      56.198409,
      19.009789
     ],
     [
      56.184533,
      19.034566
     ],
     [
      56.138027,
      19.08484
     ],
     [
      56.144545,
      19.153077
     ],
     [
      56.165393,
      19.275434
     ],
     [
      56.192323,
      19.36333
     ],
     [
      56.228716,
      19.487641
     ],
     [
      56.226036,
      19.510067
     ],
     [
      56.2257,
      20.04519
     ],
     [
      56.178245,
      20.154626
     ],
     [
      56.175603,
      20.197554
     ],
     [
      56.196608,
      20.284187
     ],
     [
      56.255333,
      20.403329
     ],
     [
      56.289513,
      20.504847
     ],
     [
      56.299094,
      20.621374
     ],
     [
      56.391072,
      20.732509
     ],
     [
      56.468269,
      20.803444
     ],
     [
      56.518243,
      20.902332
     ],
     [
      56.765457,
      21.032672
     ],
     [
      56.911072,
      21.20348
     ],
     [
      57.010904,
      21.439799
     ]
    ]
   }
  },
  {
   "type": "Feature",
   "properties": {
    "id": "ME2026-0165",
    "commodity": "gas",
    "status_class": "in_service",
    "name": null,
    "name_dist_pt": null,
    "name_ambiguous": null,
    "name_confidence": null,
    "commodity_conflict": null,
    "other_names": null,
    "diameter_in": null,
    "length_km": 34.8,
    "n_vertices": 6,
    "legend_class": "gas_in_service",
    "stroke_rgb": "#d7191f",
    "dashed": false,
    "source_map": "me2026",
    "source_file": "../energy-map-of-the-middle-east-2026-peregrine-bush.pdf",
    "source_page": 1,
    "source_title": "Energy Infrastructure Map of the Middle East, 2026 edition",
    "source_publisher": "Petroleum Economist / World Oil / Gulf Energy Information / Global Energy Infrastructure",
    "geometry_source": "stroke",
    "georef_order": 2,
    "georef_source": "map's own coastline vector registered to Natural Earth 10m coastline+lakes by trimmed ICP",
    "georef_insample_rmse_km": 0.97,
    "georef_holdout_layer": "ne_10m_admin_0_countries vs the map's own border strokes",
    "georef_holdout_median_km": 1.45,
    "georef_holdout_rmse_km": 1.6,
    "drawn_feature_offset_median_km": 3.06,
    "accuracy_tier": "medium"
   },
   "geometry": {
    "type": "LineString",
    "coordinates": [
     [
      57.263667,
      21.242651
     ],
     [
      57.254002,
      21.261937
     ],
     [
      57.143391,
      21.312802
     ],
     [
      57.093457,
      21.345242
     ],
     [
      57.046041,
      21.382943
     ],
     [
      57.011899,
      21.436436
     ]
    ]
   }
  },
  {
   "type": "Feature",
   "properties": {
    "id": "ME2026-0166",
    "commodity": "gas",
    "status_class": "in_service",
    "name": null,
    "name_dist_pt": null,
    "name_ambiguous": null,
    "name_confidence": null,
    "commodity_conflict": null,
    "other_names": null,
    "diameter_in": null,
    "length_km": 11.66,
    "n_vertices": 2,
    "legend_class": "gas_in_service",
    "stroke_rgb": "#d7191f",
    "dashed": false,
    "source_map": "me2026",
    "source_file": "../energy-map-of-the-middle-east-2026-peregrine-bush.pdf",
    "source_page": 1,
    "source_title": "Energy Infrastructure Map of the Middle East, 2026 edition",
    "source_publisher": "Petroleum Economist / World Oil / Gulf Energy Information / Global Energy Infrastructure",
    "geometry_source": "stroke",
    "georef_order": 2,
    "georef_source": "map's own coastline vector registered to Natural Earth 10m coastline+lakes by trimmed ICP",
    "georef_insample_rmse_km": 0.97,
    "georef_holdout_layer": "ne_10m_admin_0_countries vs the map's own border strokes",
    "georef_holdout_median_km": 1.45,
    "georef_holdout_rmse_km": 1.6,
    "drawn_feature_offset_median_km": 3.06,
    "accuracy_tier": "medium"
   },
   "geometry": {
    "type": "LineString",
    "coordinates": [
     [
      57.130263,
      21.21478
     ],
     [
      57.132156,
      21.320101
     ]
    ]
   }
  },
  {
   "type": "Feature",
   "properties": {
    "id": "ME2026-0167",
    "commodity": "gas",
    "status_class": "in_service",
    "name": null,
    "name_dist_pt": null,
    "name_ambiguous": null,
    "name_confidence": null,
    "commodity_conflict": null,
    "other_names": null,
    "diameter_in": null,
    "length_km": 48.27,
    "n_vertices": 3,
    "legend_class": "gas_in_service",
    "stroke_rgb": "#d7191f",
    "dashed": false,
    "source_map": "me2026",
    "source_file": "../energy-map-of-the-middle-east-2026-peregrine-bush.pdf",
    "source_page": 1,
    "source_title": "Energy Infrastructure Map of the Middle East, 2026 edition",
    "source_publisher": "Petroleum Economist / World Oil / Gulf Energy Information / Global Energy Infrastructure",
    "geometry_source": "stroke",
    "georef_order": 2,
    "georef_source": "map's own coastline vector registered to Natural Earth 10m coastline+lakes by trimmed ICP",
    "georef_insample_rmse_km": 0.97,
    "georef_holdout_layer": "ne_10m_admin_0_countries vs the map's own border strokes",
    "georef_holdout_median_km": 1.45,
    "georef_holdout_rmse_km": 1.6,
    "drawn_feature_offset_median_km": 3.06,
    "accuracy_tier": "medium"
   },
   "geometry": {
    "type": "LineString",
    "coordinates": [
     [
      56.225943,
      19.653759
     ],
     [
      55.947103,
      19.67227
     ],
     [
      55.776909,
      19.614523
     ]
    ]
   }
  },
  {
   "type": "Feature",
   "properties": {
    "id": "ME2026-0168",
    "commodity": "gas",
    "status_class": "in_service",
    "name": null,
    "name_dist_pt": null,
    "name_ambiguous": null,
    "name_confidence": null,
    "commodity_conflict": null,
    "other_names": null,
    "diameter_in": null,
    "length_km": 16.46,
    "n_vertices": 5,
    "legend_class": "gas_in_service",
    "stroke_rgb": "#d7191f",
    "dashed": false,
    "source_map": "me2026",
    "source_file": "../energy-map-of-the-middle-east-2026-peregrine-bush.pdf",
    "source_page": 1,
    "source_title": "Energy Infrastructure Map of the Middle East, 2026 edition",
    "source_publisher": "Petroleum Economist / World Oil / Gulf Energy Information / Global Energy Infrastructure",
    "geometry_source": "stroke",
    "georef_order": 2,
    "georef_source": "map's own coastline vector registered to Natural Earth 10m coastline+lakes by trimmed ICP",
    "georef_insample_rmse_km": 0.97,
    "georef_holdout_layer": "ne_10m_admin_0_countries vs the map's own border strokes",
    "georef_holdout_median_km": 1.45,
    "georef_holdout_rmse_km": 1.6,
    "drawn_feature_offset_median_km": 3.06,
    "accuracy_tier": "medium"
   },
   "geometry": {
    "type": "LineString",
    "coordinates": [
     [
      56.2257,
      20.04519
     ],
     [
      56.205518,
      20.044328
     ],
     [
      56.180961,
      20.026812
     ],
     [
      56.157254,
      20.046102
     ],
     [
      56.169496,
      20.116069
     ]
    ]
   }
  },
  {
   "type": "Feature",
   "properties": {
    "id": "ME2026-0169",
    "commodity": "gas",
    "status_class": "in_service",
    "name": null,
    "name_dist_pt": null,
    "name_ambiguous": null,
    "name_confidence": null,
    "commodity_conflict": null,
    "other_names": null,
    "diameter_in": null,
    "length_km": 9.97,
    "n_vertices": 2,
    "legend_class": "gas_in_service",
    "stroke_rgb": "#d7191f",
    "dashed": false,
    "source_map": "me2026",
    "source_file": "../energy-map-of-the-middle-east-2026-peregrine-bush.pdf",
    "source_page": 1,
    "source_title": "Energy Infrastructure Map of the Middle East, 2026 edition",
    "source_publisher": "Petroleum Economist / World Oil / Gulf Energy Information / Global Energy Infrastructure",
    "geometry_source": "stroke",
    "georef_order": 2,
    "georef_source": "map's own coastline vector registered to Natural Earth 10m coastline+lakes by trimmed ICP",
    "georef_insample_rmse_km": 0.97,
    "georef_holdout_layer": "ne_10m_admin_0_countries vs the map's own border strokes",
    "georef_holdout_median_km": 1.45,
    "georef_holdout_rmse_km": 1.6,
    "drawn_feature_offset_median_km": 3.06,
    "accuracy_tier": "medium"
   },
   "geometry": {
    "type": "LineString",
    "coordinates": [
     [
      56.149418,
      19.94183
     ],
     [
      56.180961,
      20.026812
     ]
    ]
   }
  },
  {
   "type": "Feature",
   "properties": {
    "id": "ME2026-0170",
    "commodity": "gas",
    "status_class": "in_service",
    "name": null,
    "name_dist_pt": null,
    "name_ambiguous": null,
    "name_confidence": null,
    "commodity_conflict": null,
    "other_names": null,
    "diameter_in": null,
    "length_km": 34.26,
    "n_vertices": 3,
    "legend_class": "gas_in_service",
    "stroke_rgb": "#d7191f",
    "dashed": false,
    "source_map": "me2026",
    "source_file": "../energy-map-of-the-middle-east-2026-peregrine-bush.pdf",
    "source_page": 1,
    "source_title": "Energy Infrastructure Map of the Middle East, 2026 edition",
    "source_publisher": "Petroleum Economist / World Oil / Gulf Energy Information / Global Energy Infrastructure",
    "geometry_source": "stroke",
    "georef_order": 2,
    "georef_source": "map's own coastline vector registered to Natural Earth 10m coastline+lakes by trimmed ICP",
    "georef_insample_rmse_km": 0.97,
    "georef_holdout_layer": "ne_10m_admin_0_countries vs the map's own border strokes",
    "georef_holdout_median_km": 1.45,
    "georef_holdout_rmse_km": 1.6,
    "drawn_feature_offset_median_km": 3.06,
    "accuracy_tier": "medium"
   },
   "geometry": {
    "type": "LineString",
    "coordinates": [
     [
      56.249609,
      20.39172
     ],
     [
      56.203534,
      20.442782
     ],
     [
      55.952703,
      20.389432
     ]
    ]
   }
  },
  {
   "type": "Feature",
   "properties": {
    "id": "ME2026-0171",
    "commodity": "gas",
    "status_class": "in_service",
    "name": "Balhaf LNG Pipeline",
    "name_dist_pt": 5.9,
    "name_ambiguous": false,
    "name_confidence": "high",
    "commodity_conflict": null,
    "other_names": null,
    "diameter_in": "38",
    "length_km": 364.13,
    "n_vertices": 31,
    "legend_class": "gas_in_service",
    "stroke_rgb": "#d7191f",
    "dashed": false,
    "source_map": "me2026",
    "source_file": "../energy-map-of-the-middle-east-2026-peregrine-bush.pdf",
    "source_page": 1,
    "source_title": "Energy Infrastructure Map of the Middle East, 2026 edition",
    "source_publisher": "Petroleum Economist / World Oil / Gulf Energy Information / Global Energy Infrastructure",
    "geometry_source": "stroke",
    "georef_order": 2,
    "georef_source": "map's own coastline vector registered to Natural Earth 10m coastline+lakes by trimmed ICP",
    "georef_insample_rmse_km": 0.97,
    "georef_holdout_layer": "ne_10m_admin_0_countries vs the map's own border strokes",
    "georef_holdout_median_km": 1.45,
    "georef_holdout_rmse_km": 1.6,
    "drawn_feature_offset_median_km": 3.06,
    "accuracy_tier": "medium"
   },
   "geometry": {
    "type": "LineString",
    "coordinates": [
     [
      45.473376,
      15.542522
     ],
     [
      46.007273,
      15.228919
     ],
     [
      46.302357,
      15.045178
     ],
     [
      46.643175,
      14.841421
     ],
     [
      46.809912,
      14.741857
     ],
     [
      46.859856,
      14.692003
     ],
     [
      46.864453,
      14.673696
     ],
     [
      46.870367,
      14.536304
     ],
     [
      46.861864,
      14.476804
     ],
     [
      46.887079,
      14.451641
     ],
     [
      46.926039,
      14.422367
     ],
     [
      46.947259,
      14.391473
     ],
     [
      47.018297,
      14.342271
     ],
     [
      47.141839,
      14.434374
     ],
     [
      47.176197,
      14.427505
     ],
     [
      47.262163,
      14.393741
     ],
     [
      47.290796,
      14.381733
     ],
     [
      47.297698,
      14.359424
     ],
     [
      47.383023,
      14.318792
     ],
     [
      47.41108,
      14.311922
     ],
     [
      47.461515,
      14.321072
     ],
     [
      47.502142,
      14.321069
     ],
     [
      47.567414,
      14.298755
     ],
     [
      47.710111,
      14.224867
     ],
     [
      47.861994,
      14.124146
     ],
     [
      47.935895,
      14.076658
     ],
     [
      47.970818,
      14.074925
     ],
     [
      48.059049,
      14.073211
     ],
     [
      48.124871,
      14.068053
     ],
     [
      48.135185,
      14.062817
     ],
     [
      48.155847,
      14.019915
     ]
    ]
   }
  },
  {
   "type": "Feature",
   "properties": {
    "id": "ME2026-0172",
    "commodity": "gas",
    "status_class": "in_service",
    "name": null,
    "name_dist_pt": null,
    "name_ambiguous": null,
    "name_confidence": null,
    "commodity_conflict": null,
    "other_names": null,
    "diameter_in": null,
    "length_km": 36.93,
    "n_vertices": 4,
    "legend_class": "gas_in_service",
    "stroke_rgb": "#d7191f",
    "dashed": false,
    "source_map": "me2026",
    "source_file": "../energy-map-of-the-middle-east-2026-peregrine-bush.pdf",
    "source_page": 1,
    "source_title": "Energy Infrastructure Map of the Middle East, 2026 edition",
    "source_publisher": "Petroleum Economist / World Oil / Gulf Energy Information / Global Energy Infrastructure",
    "geometry_source": "stroke",
    "georef_order": 2,
    "georef_source": "map's own coastline vector registered to Natural Earth 10m coastline+lakes by trimmed ICP",
    "georef_insample_rmse_km": 0.97,
    "georef_holdout_layer": "ne_10m_admin_0_countries vs the map's own border strokes",
    "georef_holdout_median_km": 1.45,
    "georef_holdout_rmse_km": 1.6,
    "drawn_feature_offset_median_km": 3.06,
    "accuracy_tier": "medium"
   },
   "geometry": {
    "type": "LineString",
    "coordinates": [
     [
      55.242497,
      18.08413
     ],
     [
      55.238754,
      18.199705
     ],
     [
      55.236546,
      18.218645
     ],
     [
      55.094428,
      18.364136
     ]
    ]
   }
  },
  {
   "type": "Feature",
   "properties": {
    "id": "ME2026-0173",
    "commodity": "gas",
    "status_class": "in_service",
    "name": null,
    "name_dist_pt": null,
    "name_ambiguous": null,
    "name_confidence": null,
    "commodity_conflict": null,
    "other_names": null,
    "diameter_in": null,
    "length_km": 29.87,
    "n_vertices": 7,
    "legend_class": "gas_in_service",
    "stroke_rgb": "#d7191f",
    "dashed": false,
    "source_map": "me2026",
    "source_file": "../energy-map-of-the-middle-east-2026-peregrine-bush.pdf",
    "source_page": 1,
    "source_title": "Energy Infrastructure Map of the Middle East, 2026 edition",
    "source_publisher": "Petroleum Economist / World Oil / Gulf Energy Information / Global Energy Infrastructure",
    "geometry_source": "stroke",
    "georef_order": 2,
    "georef_source": "map's own coastline vector registered to Natural Earth 10m coastline+lakes by trimmed ICP",
    "georef_insample_rmse_km": 0.97,
    "georef_holdout_layer": "ne_10m_admin_0_countries vs the map's own border strokes",
    "georef_holdout_median_km": 1.45,
    "georef_holdout_rmse_km": 1.6,
    "drawn_feature_offset_median_km": 3.06,
    "accuracy_tier": "medium"
   },
   "geometry": {
    "type": "LineString",
    "coordinates": [
     [
      55.947379,
      18.756652
     ],
     [
      55.881005,
      18.731184
     ],
     [
      55.87517,
      18.725369
     ],
     [
      55.884692,
      18.676793
     ],
     [
      55.884736,
      18.619971
     ],
     [
      55.854118,
      18.597403
     ],
     [
      55.8762,
      18.551459
     ]
    ]
   }
  },
  {
   "type": "Feature",
   "properties": {
    "id": "ME2026-0174",
    "commodity": "gas",
    "status_class": "in_service",
    "name": null,
    "name_dist_pt": null,
    "name_ambiguous": null,
    "name_confidence": null,
    "commodity_conflict": null,
    "other_names": null,
    "diameter_in": null,
    "length_km": 0.0,
    "n_vertices": 2,
    "legend_class": "gas_in_service",
    "stroke_rgb": "#d7191f",
    "dashed": false,
    "source_map": "me2026",
    "source_file": "../energy-map-of-the-middle-east-2026-peregrine-bush.pdf",
    "source_page": 1,
    "source_title": "Energy Infrastructure Map of the Middle East, 2026 edition",
    "source_publisher": "Petroleum Economist / World Oil / Gulf Energy Information / Global Energy Infrastructure",
    "geometry_source": "stroke",
    "georef_order": 2,
    "georef_source": "map's own coastline vector registered to Natural Earth 10m coastline+lakes by trimmed ICP",
    "georef_insample_rmse_km": 0.97,
    "georef_holdout_layer": "ne_10m_admin_0_countries vs the map's own border strokes",
    "georef_holdout_median_km": 1.45,
    "georef_holdout_rmse_km": 1.6,
    "drawn_feature_offset_median_km": 3.06,
    "accuracy_tier": "medium"
   },
   "geometry": {
    "type": "LineString",
    "coordinates": [
     [
      56.334914,
      18.906573
     ],
     [
      56.334914,
      18.906573
     ]
    ]
   }
  },
  {
   "type": "Feature",
   "properties": {
    "id": "ME2026-0175",
    "commodity": "gas",
    "status_class": "in_service",
    "name": null,
    "name_dist_pt": null,
    "name_ambiguous": null,
    "name_confidence": null,
    "commodity_conflict": null,
    "other_names": null,
    "diameter_in": null,
    "length_km": 31.83,
    "n_vertices": 3,
    "legend_class": "gas_in_service",
    "stroke_rgb": "#d7191f",
    "dashed": false,
    "source_map": "me2026",
    "source_file": "../energy-map-of-the-middle-east-2026-peregrine-bush.pdf",
    "source_page": 1,
    "source_title": "Energy Infrastructure Map of the Middle East, 2026 edition",
    "source_publisher": "Petroleum Economist / World Oil / Gulf Energy Information / Global Energy Infrastructure",
    "geometry_source": "stroke",
    "georef_order": 2,
    "georef_source": "map's own coastline vector registered to Natural Earth 10m coastline+lakes by trimmed ICP",
    "georef_insample_rmse_km": 0.97,
    "georef_holdout_layer": "ne_10m_admin_0_countries vs the map's own border strokes",
    "georef_holdout_median_km": 1.45,
    "georef_holdout_rmse_km": 1.6,
    "drawn_feature_offset_median_km": 3.06,
    "accuracy_tier": "medium"
   },
   "geometry": {
    "type": "LineString",
    "coordinates": [
     [
      56.144545,
      19.153077
     ],
     [
      56.199111,
      19.04403
     ],
     [
      56.296973,
      18.905597
     ]
    ]
   }
  },
  {
   "type": "Feature",
   "properties": {
    "id": "ME2026-0176",
    "commodity": "gas",
    "status_class": "in_service",
    "name": null,
    "name_dist_pt": null,
    "name_ambiguous": null,
    "name_confidence": null,
    "commodity_conflict": null,
    "other_names": null,
    "diameter_in": null,
    "length_km": 22.33,
    "n_vertices": 3,
    "legend_class": "gas_in_service",
    "stroke_rgb": "#d7191f",
    "dashed": false,
    "source_map": "me2026",
    "source_file": "../energy-map-of-the-middle-east-2026-peregrine-bush.pdf",
    "source_page": 1,
    "source_title": "Energy Infrastructure Map of the Middle East, 2026 edition",
    "source_publisher": "Petroleum Economist / World Oil / Gulf Energy Information / Global Energy Infrastructure",
    "geometry_source": "stroke",
    "georef_order": 2,
    "georef_source": "map's own coastline vector registered to Natural Earth 10m coastline+lakes by trimmed ICP",
    "georef_insample_rmse_km": 0.97,
    "georef_holdout_layer": "ne_10m_admin_0_countries vs the map's own border strokes",
    "georef_holdout_median_km": 1.45,
    "georef_holdout_rmse_km": 1.6,
    "drawn_feature_offset_median_km": 3.06,
    "accuracy_tier": "medium"
   },
   "geometry": {
    "type": "LineString",
    "coordinates": [
     [
      34.387608,
      31.776974
     ],
     [
      34.320571,
      31.888093
     ],
     [
      34.287115,
      31.958926
     ]
    ]
   }
  },
  {
   "type": "Feature",
   "properties": {
    "id": "ME2026-0177",
    "commodity": "gas",
    "status_class": "in_service",
    "name": null,
    "name_dist_pt": null,
    "name_ambiguous": null,
    "name_confidence": null,
    "commodity_conflict": null,
    "other_names": null,
    "diameter_in": null,
    "length_km": 138.2,
    "n_vertices": 22,
    "legend_class": "gas_in_service",
    "stroke_rgb": "#d7191f",
    "dashed": false,
    "source_map": "me2026",
    "source_file": "../energy-map-of-the-middle-east-2026-peregrine-bush.pdf",
    "source_page": 1,
    "source_title": "Energy Infrastructure Map of the Middle East, 2026 edition",
    "source_publisher": "Petroleum Economist / World Oil / Gulf Energy Information / Global Energy Infrastructure",
    "geometry_source": "stroke",
    "georef_order": 2,
    "georef_source": "map's own coastline vector registered to Natural Earth 10m coastline+lakes by trimmed ICP",
    "georef_insample_rmse_km": 0.97,
    "georef_holdout_layer": "ne_10m_admin_0_countries vs the map's own border strokes",
    "georef_holdout_median_km": 1.45,
    "georef_holdout_rmse_km": 1.6,
    "drawn_feature_offset_median_km": 3.06,
    "accuracy_tier": "medium"
   },
   "geometry": {
    "type": "LineString",
    "coordinates": [
     [
      35.035985,
      32.824601
     ],
     [
      35.026074,
      32.849311
     ],
     [
      35.028878,
      32.878895
     ],
     [
      35.019598,
      32.908736
     ],
     [
      34.99727,
      32.921774
     ],
     [
      34.97133,
      32.908687
     ],
     [
      34.961901,
      32.884446
     ],
     [
      34.930253,
      32.852723
     ],
     [
      34.930236,
      32.82014
     ],
     [
      34.928346,
      32.76169
     ],
     [
      34.915272,
      32.670322
     ],
     [
      34.892899,
      32.594203
     ],
     [
      34.863103,
      32.543826
     ],
     [
      34.842971,
      32.504659
     ],
     [
      34.831762,
      32.44331
     ],
     [
      34.828031,
      32.391247
     ],
     [
      34.818695,
      32.33157
     ],
     [
      34.790734,
      32.225613
     ],
     [
      34.762776,
      32.12117
     ],
     [
      34.744156,
      32.081993
     ],
     [
      34.707661,
      31.968579
     ],
     [
      34.636495,
      31.849538
     ]
    ]
   }
  },
  {
   "type": "Feature",
   "properties": {
    "id": "ME2026-0178",
    "commodity": "gas",
    "status_class": "in_service",
    "name": null,
    "name_dist_pt": null,
    "name_ambiguous": null,
    "name_confidence": null,
    "commodity_conflict": null,
    "other_names": null,
    "diameter_in": null,
    "length_km": 114.15,
    "n_vertices": 10,
    "legend_class": "gas_in_service",
    "stroke_rgb": "#d7191f",
    "dashed": false,
    "source_map": "me2026",
    "source_file": "../energy-map-of-the-middle-east-2026-peregrine-bush.pdf",
    "source_page": 1,
    "source_title": "Energy Infrastructure Map of the Middle East, 2026 edition",
    "source_publisher": "Petroleum Economist / World Oil / Gulf Energy Information / Global Energy Infrastructure",
    "geometry_source": "stroke",
    "georef_order": 2,
    "georef_source": "map's own coastline vector registered to Natural Earth 10m coastline+lakes by trimmed ICP",
    "georef_insample_rmse_km": 0.97,
    "georef_holdout_layer": "ne_10m_admin_0_countries vs the map's own border strokes",
    "georef_holdout_median_km": 1.45,
    "georef_holdout_rmse_km": 1.6,
    "drawn_feature_offset_median_km": 3.06,
    "accuracy_tier": "medium"
   },
   "geometry": {
    "type": "LineString",
    "coordinates": [
     [
      34.090846,
      33.194825
     ],
     [
      34.135507,
      33.211642
     ],
     [
      34.167137,
      33.218769
     ],
     [
      34.204358,
      33.228128
     ],
     [
      34.241571,
      33.243076
     ],
     [
      34.276922,
      33.252602
     ],
     [
      34.300761,
      33.228713
     ],
     [
      34.32677,
      33.17637
     ],
     [
      34.686759,
      32.685064
     ],
     [
      34.892899,
      32.594203
     ]
    ]
   }
  },
  {
   "type": "Feature",
   "properties": {
    "id": "ME2026-0179",
    "commodity": "gas",
    "status_class": "in_service",
    "name": null,
    "name_dist_pt": null,
    "name_ambiguous": null,
    "name_confidence": null,
    "commodity_conflict": null,
    "other_names": null,
    "diameter_in": null,
    "length_km": 24.29,
    "n_vertices": 9,
    "legend_class": "gas_in_service",
    "stroke_rgb": "#d7191f",
    "dashed": false,
    "source_map": "me2026",
    "source_file": "../energy-map-of-the-middle-east-2026-peregrine-bush.pdf",
    "source_page": 1,
    "source_title": "Energy Infrastructure Map of the Middle East, 2026 edition",
    "source_publisher": "Petroleum Economist / World Oil / Gulf Energy Information / Global Energy Infrastructure",
    "geometry_source": "stroke",
    "georef_order": 2,
    "georef_source": "map's own coastline vector registered to Natural Earth 10m coastline+lakes by trimmed ICP",
    "georef_insample_rmse_km": 0.97,
    "georef_holdout_layer": "ne_10m_admin_0_countries vs the map's own border strokes",
    "georef_holdout_median_km": 1.45,
    "georef_holdout_rmse_km": 1.6,
    "drawn_feature_offset_median_km": 3.06,
    "accuracy_tier": "medium"
   },
   "geometry": {
    "type": "LineString",
    "coordinates": [
     [
      35.37044,
      32.638952
     ],
     [
      35.398363,
      32.655766
     ],
     [
      35.413258,
      32.670695
     ],
     [
      35.407698,
      32.706044
     ],
     [
      35.403988,
      32.745278
     ],
     [
      35.404,
      32.767649
     ],
     [
      35.381675,
      32.767632
     ],
     [
      35.359333,
      32.756424
     ],
     [
      35.322126,
      32.763861
     ]
    ]
   }
  },
  {
   "type": "Feature",
   "properties": {
    "id": "ME2026-0180",
    "commodity": "gas",
    "status_class": "in_service",
    "name": null,
    "name_dist_pt": null,
    "name_ambiguous": null,
    "name_confidence": null,
    "commodity_conflict": null,
    "other_names": null,
    "diameter_in": null,
    "length_km": 15.13,
    "n_vertices": 10,
    "legend_class": "gas_in_service",
    "stroke_rgb": "#d7191f",
    "dashed": false,
    "source_map": "me2026",
    "source_file": "../energy-map-of-the-middle-east-2026-peregrine-bush.pdf",
    "source_page": 1,
    "source_title": "Energy Infrastructure Map of the Middle East, 2026 edition",
    "source_publisher": "Petroleum Economist / World Oil / Gulf Energy Information / Global Energy Infrastructure",
    "geometry_source": "stroke",
    "georef_order": 2,
    "georef_source": "map's own coastline vector registered to Natural Earth 10m coastline+lakes by trimmed ICP",
    "georef_insample_rmse_km": 0.97,
    "georef_holdout_layer": "ne_10m_admin_0_countries vs the map's own border strokes",
    "georef_holdout_median_km": 1.45,
    "georef_holdout_rmse_km": 1.6,
    "drawn_feature_offset_median_km": 3.06,
    "accuracy_tier": "medium"
   },
   "geometry": {
    "type": "LineString",
    "coordinates": [
     [
      35.263242,
      32.691382
     ],
     [
      35.240748,
      32.689453
     ],
     [
      35.219176,
      32.695172
     ],
     [
      35.202044,
      32.695159
     ],
     [
      35.202035,
      32.67862
     ],
     [
      35.217254,
      32.667827
     ],
     [
      35.228044,
      32.66083
     ],
     [
      35.231214,
      32.651299
     ],
     [
      35.221055,
      32.641116
     ],
     [
      35.205477,
      32.632671
     ]
    ]
   }
  },
  {
   "type": "Feature",
   "properties": {
    "id": "ME2026-0181",
    "commodity": "gas",
    "status_class": "in_service",
    "name": null,
    "name_dist_pt": null,
    "name_ambiguous": null,
    "name_confidence": null,
    "commodity_conflict": null,
    "other_names": null,
    "diameter_in": null,
    "length_km": 15.13,
    "n_vertices": 10,
    "legend_class": "gas_in_service",
    "stroke_rgb": "#d7191f",
    "dashed": false,
    "source_map": "me2026",
    "source_file": "../energy-map-of-the-middle-east-2026-peregrine-bush.pdf",
    "source_page": 1,
    "source_title": "Energy Infrastructure Map of the Middle East, 2026 edition",
    "source_publisher": "Petroleum Economist / World Oil / Gulf Energy Information / Global Energy Infrastructure",
    "geometry_source": "stroke",
    "georef_order": 2,
    "georef_source": "map's own coastline vector registered to Natural Earth 10m coastline+lakes by trimmed ICP",
    "georef_insample_rmse_km": 0.97,
    "georef_holdout_layer": "ne_10m_admin_0_countries vs the map's own border strokes",
    "georef_holdout_median_km": 1.45,
    "georef_holdout_rmse_km": 1.6,
    "drawn_feature_offset_median_km": 3.06,
    "accuracy_tier": "medium"
   },
   "geometry": {
    "type": "LineString",
    "coordinates": [
     [
      34.922464,
      32.445412
     ],
     [
      34.90914,
      32.453242
     ],
     [
      34.902138,
      32.453236
     ],
     [
      34.885671,
      32.453006
     ],
     [
      34.871001,
      32.449269
     ],
     [
      34.853023,
      32.445988
     ],
     [
      34.83336,
      32.452107
     ],
     [
      34.811787,
      32.45422
     ],
     [
      34.799098,
      32.45167
     ],
     [
      34.773074,
      32.436103
     ]
    ]
   }
  },
  {
   "type": "Feature",
   "properties": {
    "id": "ME2026-0182",
    "commodity": "gas",
    "status_class": "in_service",
    "name": null,
    "name_dist_pt": null,
    "name_ambiguous": null,
    "name_confidence": null,
    "commodity_conflict": null,
    "other_names": null,
    "diameter_in": null,
    "length_km": 3.98,
    "n_vertices": 2,
    "legend_class": "gas_in_service",
    "stroke_rgb": "#d7191f",
    "dashed": false,
    "source_map": "me2026",
    "source_file": "../energy-map-of-the-middle-east-2026-peregrine-bush.pdf",
    "source_page": 1,
    "source_title": "Energy Infrastructure Map of the Middle East, 2026 edition",
    "source_publisher": "Petroleum Economist / World Oil / Gulf Energy Information / Global Energy Infrastructure",
    "geometry_source": "stroke",
    "georef_order": 2,
    "georef_source": "map's own coastline vector registered to Natural Earth 10m coastline+lakes by trimmed ICP",
    "georef_insample_rmse_km": 0.97,
    "georef_holdout_layer": "ne_10m_admin_0_countries vs the map's own border strokes",
    "georef_holdout_median_km": 1.45,
    "georef_holdout_rmse_km": 1.6,
    "drawn_feature_offset_median_km": 3.06,
    "accuracy_tier": "medium"
   },
   "geometry": {
    "type": "LineString",
    "coordinates": [
     [
      34.752107,
      32.098719
     ],
     [
      34.792581,
      32.088672
     ]
    ]
   }
  },
  {
   "type": "Feature",
   "properties": {
    "id": "ME2026-0183",
    "commodity": "gas",
    "status_class": "in_service",
    "name": null,
    "name_dist_pt": null,
    "name_ambiguous": null,
    "name_confidence": null,
    "commodity_conflict": null,
    "other_names": null,
    "diameter_in": null,
    "length_km": 131.93,
    "n_vertices": 40,
    "legend_class": "gas_in_service",
    "stroke_rgb": "#d7191f",
    "dashed": false,
    "source_map": "me2026",
    "source_file": "../energy-map-of-the-middle-east-2026-peregrine-bush.pdf",
    "source_page": 1,
    "source_title": "Energy Infrastructure Map of the Middle East, 2026 edition",
    "source_publisher": "Petroleum Economist / World Oil / Gulf Energy Information / Global Energy Infrastructure",
    "geometry_source": "stroke",
    "georef_order": 2,
    "georef_source": "map's own coastline vector registered to Natural Earth 10m coastline+lakes by trimmed ICP",
    "georef_insample_rmse_km": 0.97,
    "georef_holdout_layer": "ne_10m_admin_0_countries vs the map's own border strokes",
    "georef_holdout_median_km": 1.45,
    "georef_holdout_rmse_km": 1.6,
    "drawn_feature_offset_median_km": 3.06,
    "accuracy_tier": "medium"
   },
   "geometry": {
    "type": "LineString",
    "coordinates": [
     [
      35.37039,
      30.982356
     ],
     [
      35.368502,
      31.006514
     ],
     [
      35.371043,
      31.024312
     ],
     [
      35.355824,
      31.039556
     ],
     [
      35.328541,
      31.049711
     ],
     [
      35.292369,
      31.046515
     ],
     [
      35.265086,
      31.052847
     ],
     [
      35.222927,
      31.052817
     ],
     [
      35.20896,
      31.022283
     ],
     [
      35.189288,
      31.005755
     ],
     [
      35.134717,
      30.999981
     ],
     [
      35.068102,
      31.006925
     ],
     [
      35.042436,
      31.010088
     ],
     [
      35.011344,
      30.993539
     ],
     [
      34.987866,
      31.003055
     ],
     [
      35.000572,
      31.021502
     ],
     [
      35.008183,
      31.038674
     ],
     [
      34.9917,
      31.064092
     ],
     [
      35.00059,
      31.079015
     ],
     [
      35.017087,
      31.095553
     ],
     [
      35.003763,
      31.1089
     ],
     [
      34.977118,
      31.105057
     ],
     [
      34.959983,
      31.094241
     ],
     [
      34.953008,
      31.101228
     ],
     [
      34.927633,
      31.106932
     ],
     [
      34.895919,
      31.106908
     ],
     [
      34.855647,
      31.111331
     ],
     [
      34.826474,
      31.126564
     ],
     [
      34.788353,
      31.136009
     ],
     [
      34.774465,
      31.156419
     ],
     [
      34.757969,
      31.178655
     ],
     [
      34.740848,
      31.205972
     ],
     [
      34.729468,
      31.288907
     ],
     [
      34.726303,
      31.318787
     ],
     [
      34.726318,
      31.361384
     ],
     [
      34.741554,
      31.397
     ],
     [
      34.757428,
      31.428794
     ],
     [
      34.768223,
      31.46823
     ],
     [
      34.768237,
      31.506665
     ],
     [
      34.747325,
      31.563511
     ]
    ]
   }
  },
  {
   "type": "Feature",
   "properties": {
    "id": "ME2026-0184",
    "commodity": "gas",
    "status_class": "in_service",
    "name": null,
    "name_dist_pt": null,
    "name_ambiguous": null,
    "name_confidence": null,
    "commodity_conflict": null,
    "other_names": null,
    "diameter_in": null,
    "length_km": 22.78,
    "n_vertices": 8,
    "legend_class": "gas_in_service",
    "stroke_rgb": "#d7191f",
    "dashed": false,
    "source_map": "me2026",
    "source_file": "../energy-map-of-the-middle-east-2026-peregrine-bush.pdf",
    "source_page": 1,
    "source_title": "Energy Infrastructure Map of the Middle East, 2026 edition",
    "source_publisher": "Petroleum Economist / World Oil / Gulf Energy Information / Global Energy Infrastructure",
    "geometry_source": "stroke",
    "georef_order": 2,
    "georef_source": "map's own coastline vector registered to Natural Earth 10m coastline+lakes by trimmed ICP",
    "georef_insample_rmse_km": 0.97,
    "georef_holdout_layer": "ne_10m_admin_0_countries vs the map's own border strokes",
    "georef_holdout_median_km": 1.45,
    "georef_holdout_rmse_km": 1.6,
    "drawn_feature_offset_median_km": 3.06,
    "accuracy_tier": "medium"
   },
   "geometry": {
    "type": "LineString",
    "coordinates": [
     [
      34.409285,
      30.847915
     ],
     [
      34.393001,
      30.84708
     ],
     [
      34.375244,
      30.847066
     ],
     [
      34.343618,
      30.849365
     ],
     [
      34.30658,
      30.835424
     ],
     [
      34.263117,
      30.807554
     ],
     [
      34.231475,
      30.794379
     ],
     [
      34.194545,
      30.776107
     ]
    ]
   }
  },
  {
   "type": "Feature",
   "properties": {
    "id": "ME2026-0185",
    "commodity": "gas",
    "status_class": "in_service",
    "name": null,
    "name_dist_pt": null,
    "name_ambiguous": null,
    "name_confidence": null,
    "commodity_conflict": null,
    "other_names": null,
    "diameter_in": null,
    "length_km": 727.81,
    "n_vertices": 16,
    "legend_class": "gas_in_service",
    "stroke_rgb": "#d7191f",
    "dashed": false,
    "source_map": "me2026",
    "source_file": "../energy-map-of-the-middle-east-2026-peregrine-bush.pdf",
    "source_page": 1,
    "source_title": "Energy Infrastructure Map of the Middle East, 2026 edition",
    "source_publisher": "Petroleum Economist / World Oil / Gulf Energy Information / Global Energy Infrastructure",
    "geometry_source": "stroke",
    "georef_order": 2,
    "georef_source": "map's own coastline vector registered to Natural Earth 10m coastline+lakes by trimmed ICP",
    "georef_insample_rmse_km": 0.97,
    "georef_holdout_layer": "ne_10m_admin_0_countries vs the map's own border strokes",
    "georef_holdout_median_km": 1.45,
    "georef_holdout_rmse_km": 1.6,
    "drawn_feature_offset_median_km": 3.06,
    "accuracy_tier": "medium"
   },
   "geometry": {
    "type": "LineString",
    "coordinates": [
     [
      39.73214,
      23.821243
     ],
     [
      39.735479,
      23.837682
     ],
     [
      39.764761,
      23.869225
     ],
     [
      39.904848,
      23.909039
     ],
     [
      40.426749,
      23.984587
     ],
     [
      41.302549,
      24.124546
     ],
     [
      41.674998,
      24.184931
     ],
     [
      41.991657,
      24.219771
     ],
     [
      42.774967,
      24.371355
     ],
     [
      43.432707,
      24.463892
     ],
     [
      44.167845,
      24.587792
     ],
     [
      45.166498,
      24.701967
     ],
     [
      45.786686,
      24.821357
     ],
     [
      46.086709,
      24.901343
     ],
     [
      46.698956,
      25.03548
     ],
     [
      46.742833,
      25.002884
     ]
    ]
   }
  },
  {
   "type": "Feature",
   "properties": {
    "id": "ME2026-0186",
    "commodity": "gas",
    "status_class": "in_service",
    "name": null,
    "name_dist_pt": null,
    "name_ambiguous": null,
    "name_confidence": null,
    "commodity_conflict": null,
    "other_names": null,
    "diameter_in": null,
    "length_km": 101.06,
    "n_vertices": 9,
    "legend_class": "gas_in_service",
    "stroke_rgb": "#d7191f",
    "dashed": false,
    "source_map": "me2026",
    "source_file": "../energy-map-of-the-middle-east-2026-peregrine-bush.pdf",
    "source_page": 1,
    "source_title": "Energy Infrastructure Map of the Middle East, 2026 edition",
    "source_publisher": "Petroleum Economist / World Oil / Gulf Energy Information / Global Energy Infrastructure",
    "geometry_source": "stroke",
    "georef_order": 2,
    "georef_source": "map's own coastline vector registered to Natural Earth 10m coastline+lakes by trimmed ICP",
    "georef_insample_rmse_km": 0.97,
    "georef_holdout_layer": "ne_10m_admin_0_countries vs the map's own border strokes",
    "georef_holdout_median_km": 1.45,
    "georef_holdout_rmse_km": 1.6,
    "drawn_feature_offset_median_km": 3.06,
    "accuracy_tier": "medium"
   },
   "geometry": {
    "type": "LineString",
    "coordinates": [
     [
      52.722224,
      24.131554
     ],
     [
      52.744198,
      24.141578
     ],
     [
      53.043472,
      24.047099
     ],
     [
      53.287072,
      23.887764
     ],
     [
      53.365953,
      23.879048
     ],
     [
      53.455493,
      23.861329
     ],
     [
      53.553323,
      23.876924
     ],
     [
      53.612287,
      23.866942
     ],
     [
      53.6279,
      23.85172
     ]
    ]
   }
  },
  {
   "type": "Feature",
   "properties": {
    "id": "ME2026-0187",
    "commodity": "gas",
    "status_class": "in_service",
    "name": null,
    "name_dist_pt": null,
    "name_ambiguous": null,
    "name_confidence": null,
    "commodity_conflict": null,
    "other_names": null,
    "diameter_in": null,
    "length_km": 89.86,
    "n_vertices": 5,
    "legend_class": "gas_in_service",
    "stroke_rgb": "#d7191f",
    "dashed": false,
    "source_map": "me2026",
    "source_file": "../energy-map-of-the-middle-east-2026-peregrine-bush.pdf",
    "source_page": 1,
    "source_title": "Energy Infrastructure Map of the Middle East, 2026 edition",
    "source_publisher": "Petroleum Economist / World Oil / Gulf Energy Information / Global Energy Infrastructure",
    "geometry_source": "stroke",
    "georef_order": 2,
    "georef_source": "map's own coastline vector registered to Natural Earth 10m coastline+lakes by trimmed ICP",
    "georef_insample_rmse_km": 0.97,
    "georef_holdout_layer": "ne_10m_admin_0_countries vs the map's own border strokes",
    "georef_holdout_median_km": 1.45,
    "georef_holdout_rmse_km": 1.6,
    "drawn_feature_offset_median_km": 3.06,
    "accuracy_tier": "medium"
   },
   "geometry": {
    "type": "LineString",
    "coordinates": [
     [
      53.36187,
      23.549176
     ],
     [
      53.619923,
      23.774192
     ],
     [
      53.627524,
      23.85172
     ],
     [
      53.586029,
      23.766627
     ],
     [
      53.334538,
      23.556199
     ]
    ]
   }
  },
  {
   "type": "Feature",
   "properties": {
    "id": "ME2026-0188",
    "commodity": "gas",
    "status_class": "in_service",
    "name": null,
    "name_dist_pt": null,
    "name_ambiguous": null,
    "name_confidence": null,
    "commodity_conflict": null,
    "other_names": null,
    "diameter_in": null,
    "length_km": 148.33,
    "n_vertices": 14,
    "legend_class": "gas_in_service",
    "stroke_rgb": "#d7191f",
    "dashed": false,
    "source_map": "me2026",
    "source_file": "../energy-map-of-the-middle-east-2026-peregrine-bush.pdf",
    "source_page": 1,
    "source_title": "Energy Infrastructure Map of the Middle East, 2026 edition",
    "source_publisher": "Petroleum Economist / World Oil / Gulf Energy Information / Global Energy Infrastructure",
    "geometry_source": "stroke",
    "georef_order": 2,
    "georef_source": "map's own coastline vector registered to Natural Earth 10m coastline+lakes by trimmed ICP",
    "georef_insample_rmse_km": 0.97,
    "georef_holdout_layer": "ne_10m_admin_0_countries vs the map's own border strokes",
    "georef_holdout_median_km": 1.45,
    "georef_holdout_rmse_km": 1.6,
    "drawn_feature_offset_median_km": 3.06,
    "accuracy_tier": "medium"
   },
   "geometry": {
    "type": "LineString",
    "coordinates": [
     [
      53.627524,
      23.85172
     ],
     [
      53.624131,
      23.80153
     ],
     [
      53.678342,
      23.708224
     ],
     [
      53.926133,
      23.463742
     ],
     [
      54.148591,
      23.313536
     ],
     [
      54.178075,
      23.289624
     ],
     [
      54.1506,
      23.223546
     ],
     [
      54.128184,
      23.17531
     ],
     [
      54.059212,
      23.092055
     ],
     [
      54.03593,
      23.068799
     ],
     [
      53.979309,
      23.042976
     ],
     [
      53.93532,
      23.015721
     ],
     [
      53.90084,
      22.981255
     ],
     [
      53.816275,
      22.860649
     ]
    ]
   }
  },
  {
   "type": "Feature",
   "properties": {
    "id": "ME2026-0189",
    "commodity": "gas",
    "status_class": "in_service",
    "name": null,
    "name_dist_pt": null,
    "name_ambiguous": null,
    "name_confidence": null,
    "commodity_conflict": null,
    "other_names": null,
    "diameter_in": "30",
    "length_km": 140.69,
    "n_vertices": 9,
    "legend_class": "gas_in_service",
    "stroke_rgb": "#d7191f",
    "dashed": false,
    "source_map": "me2026",
    "source_file": "../energy-map-of-the-middle-east-2026-peregrine-bush.pdf",
    "source_page": 1,
    "source_title": "Energy Infrastructure Map of the Middle East, 2026 edition",
    "source_publisher": "Petroleum Economist / World Oil / Gulf Energy Information / Global Energy Infrastructure",
    "geometry_source": "stroke",
    "georef_order": 2,
    "georef_source": "map's own coastline vector registered to Natural Earth 10m coastline+lakes by trimmed ICP",
    "georef_insample_rmse_km": 0.97,
    "georef_holdout_layer": "ne_10m_admin_0_countries vs the map's own border strokes",
    "georef_holdout_median_km": 1.45,
    "georef_holdout_rmse_km": 1.6,
    "drawn_feature_offset_median_km": 3.06,
    "accuracy_tier": "medium"
   },
   "geometry": {
    "type": "LineString",
    "coordinates": [
     [
      53.191707,
      25.566579
     ],
     [
      53.383363,
      25.604491
     ],
     [
      53.82081,
      25.779154
     ],
     [
      53.964471,
      25.843036
     ],
     [
      54.00761,
      25.843026
     ],
     [
      54.192586,
      25.866803
     ],
     [
      54.382849,
      25.893143
     ],
     [
      54.476269,
      25.904564
     ],
     [
      54.527346,
      25.910697
     ]
    ]
   }
  },
  {
   "type": "Feature",
   "properties": {
    "id": "ME2026-0190",
    "commodity": "gas",
    "status_class": "in_service",
    "name": "IGAT 9",
    "name_dist_pt": 0.5,
    "name_ambiguous": false,
    "name_confidence": "high",
    "commodity_conflict": null,
    "other_names": null,
    "diameter_in": "56",
    "length_km": 465.61,
    "n_vertices": 80,
    "legend_class": "gas_in_service",
    "stroke_rgb": "#d7191f",
    "dashed": false,
    "source_map": "me2026",
    "source_file": "../energy-map-of-the-middle-east-2026-peregrine-bush.pdf",
    "source_page": 1,
    "source_title": "Energy Infrastructure Map of the Middle East, 2026 edition",
    "source_publisher": "Petroleum Economist / World Oil / Gulf Energy Information / Global Energy Infrastructure",
    "geometry_source": "stroke",
    "georef_order": 2,
    "georef_source": "map's own coastline vector registered to Natural Earth 10m coastline+lakes by trimmed ICP",
    "georef_insample_rmse_km": 0.97,
    "georef_holdout_layer": "ne_10m_admin_0_countries vs the map's own border strokes",
    "georef_holdout_median_km": 1.45,
    "georef_holdout_rmse_km": 1.6,
    "drawn_feature_offset_median_km": 3.06,
    "accuracy_tier": "medium"
   },
   "geometry": {
    "type": "LineString",
    "coordinates": [
     [
      48.663557,
      31.254887
     ],
     [
      48.560837,
      31.425757
     ],
     [
      48.483844,
      31.532244
     ],
     [
      48.350181,
      31.687756
     ],
     [
      48.165881,
      31.893926
     ],
     [
      48.024439,
      32.051746
     ],
     [
      47.906282,
      32.191371
     ],
     [
      47.818778,
      32.278931
     ],
     [
      47.718931,
      32.378843
     ],
     [
      47.623284,
      32.46144
     ],
     [
      47.532587,
      32.542899
     ],
     [
      47.47153,
      32.584637
     ],
     [
      47.451182,
      32.604999
     ],
     [
      47.415438,
      32.632486
     ],
     [
      47.361504,
      32.668246
     ],
     [
      47.300435,
      32.70795
     ],
     [
      47.22398,
      32.750713
     ],
     [
      47.17412,
      32.78023
     ],
     [
      47.144602,
      32.798691
     ],
     [
      47.122225,
      32.821073
     ],
     [
      47.054067,
      32.889309
     ],
     [
      47.008147,
      32.92697
     ],
     [
      46.958309,
      32.981946
     ],
     [
      46.902343,
      33.027761
     ],
     [
      46.847289,
      33.094075
     ],
     [
      46.805564,
      33.125638
     ],
     [
      46.779107,
      33.141921
     ],
     [
      46.752659,
      33.168392
     ],
     [
      46.756749,
      33.185709
     ],
     [
      46.761856,
      33.203015
     ],
     [
      46.768997,
      33.223394
     ],
     [
      46.773088,
      33.240832
     ],
     [
      46.773103,
      33.26017
     ],
     [
      46.758861,
      33.286656
     ],
     [
      46.758875,
      33.30396
     ],
     [
      46.765002,
      33.326373
     ],
     [
      46.776217,
      33.342663
     ],
     [
      46.756884,
      33.355897
     ],
     [
      46.720242,
      33.373206
     ],
     [
      46.673425,
      33.388468
     ],
     [
      46.627503,
      33.402725
     ],
     [
      46.529795,
      33.43338
     ],
     [
      46.488079,
      33.456786
     ],
     [
      46.478927,
      33.479195
     ],
     [
      46.463682,
      33.504979
     ],
     [
      46.44015,
      33.515853
     ],
     [
      46.41878,
      33.53723
     ],
     [
      46.4076,
      33.548433
     ],
     [
      46.399468,
      33.574896
     ],
     [
      46.399497,
      33.609518
     ],
     [
      46.38934,
      33.630015
     ],
     [
      46.361866,
      33.64223
     ],
     [
      46.333382,
      33.660557
     ],
     [
      46.322189,
      33.671748
     ],
     [
      46.322209,
      33.695176
     ],
     [
      46.332411,
      33.715544
     ],
     [
      46.361944,
      33.734901
     ],
     [
      46.377231,
      33.760365
     ],
     [
      46.393541,
      33.77869
     ],
     [
      46.409845,
      33.804167
     ],
     [
      46.419028,
      33.833829
     ],
     [
      46.436372,
      33.872533
     ],
     [
      46.451672,
      33.897997
     ],
     [
      46.478295,
      33.936691
     ],
     [
      46.510914,
      33.983555
     ],
     [
      46.537416,
      34.022382
     ],
     [
      46.569023,
      34.073312
     ],
     [
      46.594489,
      34.088589
     ],
     [
      46.623006,
      34.105913
     ],
     [
      46.639316,
      34.122205
     ],
     [
      46.664906,
      34.139516
     ],
     [
      46.683258,
      34.167026
     ],
     [
      46.687344,
      34.190443
     ],
     [
      46.70877,
      34.232343
     ],
     [
      46.740341,
      34.240495
     ],
     [
      46.784116,
      34.246603
     ],
     [
      46.882013,
      34.274131
     ],
     [
      46.936987,
      34.274143
     ],
     [
      47.01539,
      34.281287
     ],
     [
      47.032754,
      34.297374
     ]
    ]
   }
  },
  {
   "type": "Feature",
   "properties": {
    "id": "ME2026-0191",
    "commodity": "gas",
    "status_class": "in_service",
    "name": "IGAT 9",
    "name_dist_pt": 0.1,
    "name_ambiguous": false,
    "name_confidence": "high",
    "commodity_conflict": null,
    "other_names": null,
    "diameter_in": "56",
    "length_km": 603.27,
    "n_vertices": 89,
    "legend_class": "gas_in_service",
    "stroke_rgb": "#d7191f",
    "dashed": false,
    "source_map": "me2026",
    "source_file": "../energy-map-of-the-middle-east-2026-peregrine-bush.pdf",
    "source_page": 1,
    "source_title": "Energy Infrastructure Map of the Middle East, 2026 edition",
    "source_publisher": "Petroleum Economist / World Oil / Gulf Energy Information / Global Energy Infrastructure",
    "geometry_source": "stroke",
    "georef_order": 2,
    "georef_source": "map's own coastline vector registered to Natural Earth 10m coastline+lakes by trimmed ICP",
    "georef_insample_rmse_km": 0.97,
    "georef_holdout_layer": "ne_10m_admin_0_countries vs the map's own border strokes",
    "georef_holdout_median_km": 1.45,
    "georef_holdout_rmse_km": 1.6,
    "drawn_feature_offset_median_km": 3.06,
    "accuracy_tier": "medium"
   },
   "geometry": {
    "type": "LineString",
    "coordinates": [
     [
      46.988311,
      35.318286
     ],
     [
      46.998621,
      35.34346
     ],
     [
      47.010199,
      35.355033
     ],
     [
      47.010219,
      35.374323
     ],
     [
      47.002557,
      35.428333
     ],
     [
      47.011632,
      35.486208
     ],
     [
      47.042504,
      35.517075
     ],
     [
      47.076701,
      35.535079
     ],
     [
      47.110131,
      35.547406
     ],
     [
      47.137165,
      35.574412
     ],
     [
      47.155197,
      35.612998
     ],
     [
      47.155248,
      35.660585
     ],
     [
      47.134733,
      35.709437
     ],
     [
      47.106498,
      35.746185
     ],
     [
      47.078254,
      35.784761
     ],
     [
      47.073167,
      35.834912
     ],
     [
      47.08094,
      35.895341
     ],
     [
      47.08096,
      35.91335
     ],
     [
      47.06427,
      35.930071
     ],
     [
      47.042976,
      35.951391
     ],
     [
      47.019907,
      36.007965
     ],
     [
      46.910715,
      36.081232
     ],
     [
      46.773786,
      36.156536
     ],
     [
      46.691519,
      36.156516
     ],
     [
      46.6445,
      36.161648
     ],
     [
      46.603383,
      36.175773
     ],
     [
      46.546853,
      36.200194
     ],
     [
      46.508314,
      36.224619
     ],
     [
      46.430441,
      36.224599
     ],
     [
      46.368747,
      36.237447
     ],
     [
      46.296806,
      36.25983
     ],
     [
      46.265244,
      36.291433
     ],
     [
      46.237017,
      36.341033
     ],
     [
      46.204937,
      36.384751
     ],
     [
      46.205018,
      36.454183
     ],
     [
      46.205143,
      36.561666
     ],
     [
      46.21422,
      36.63754
     ],
     [
      46.201431,
      36.686407
     ],
     [
      46.17965,
      36.752736
     ],
     [
      46.151492,
      36.846597
     ],
     [
      46.127182,
      36.941209
     ],
     [
      46.118252,
      36.999082
     ],
     [
      46.095232,
      37.087814
     ],
     [
      46.075326,
      37.181145
     ],
     [
      46.056147,
      37.273727
     ],
     [
      46.039517,
      37.324628
     ],
     [
      46.015166,
      37.391489
     ],
     [
      45.986908,
      37.410773
     ],
     [
      45.953518,
      37.427477
     ],
     [
      45.918845,
      37.453198
     ],
     [
      45.883446,
      37.497654
     ],
     [
      45.851395,
      37.558087
     ],
     [
      45.842461,
      37.600517
     ],
     [
      45.842564,
      37.67972
     ],
     [
      45.811791,
      37.736293
     ],
     [
      45.746342,
      37.823718
     ],
     [
      45.693753,
      37.901622
     ],
     [
      45.582684,
      38.064363
     ],
     [
      45.577584,
      38.095237
     ],
     [
      45.554499,
      38.136368
     ],
     [
      45.515985,
      38.16262
     ],
     [
      45.490847,
      38.187799
     ],
     [
      45.457502,
      38.235366
     ],
     [
      45.416402,
      38.263105
     ],
     [
      45.363768,
      38.304239
     ],
     [
      45.289767,
      38.304214
     ],
     [
      45.210065,
      38.300337
     ],
     [
      45.134229,
      38.283947
     ],
     [
      45.052508,
      38.279694
     ],
     [
      45.006245,
      38.279678
     ],
     [
      44.943284,
      38.292521
     ],
     [
      44.92282,
      38.364528
     ],
     [
      44.930605,
      38.414688
     ],
     [
      44.942287,
      38.501606
     ],
     [
      44.961646,
      38.559492
     ],
     [
      44.951474,
      38.637943
     ],
     [
      44.91744,
      38.724834
     ],
     [
      44.928494,
      38.750558
     ],
     [
      44.950491,
      38.850336
     ],
     [
      44.949006,
      39.029893
     ],
     [
      44.923171,
      39.138878
     ],
     [
      44.875606,
      39.175522
     ],
     [
      44.6056,
      39.254409
     ],
     [
      44.570968,
      39.258401
     ],
     [
      44.528027,
      39.271045
     ],
     [
      44.428792,
      39.285676
     ],
     [
      44.383562,
      39.327658
     ],
     [
      44.378269,
      39.354986
     ],
     [
      44.386085,
      39.406563
     ]
    ]
   }
  },
  {
   "type": "Feature",
   "properties": {
    "id": "ME2026-0192",
    "commodity": "gas",
    "status_class": "in_service",
    "name": null,
    "name_dist_pt": null,
    "name_ambiguous": null,
    "name_confidence": null,
    "commodity_conflict": null,
    "other_names": null,
    "diameter_in": null,
    "length_km": 171.53,
    "n_vertices": 16,
    "legend_class": "gas_in_service",
    "stroke_rgb": "#d7191f",
    "dashed": false,
    "source_map": "me2026",
    "source_file": "../energy-map-of-the-middle-east-2026-peregrine-bush.pdf",
    "source_page": 1,
    "source_title": "Energy Infrastructure Map of the Middle East, 2026 edition",
    "source_publisher": "Petroleum Economist / World Oil / Gulf Energy Information / Global Energy Infrastructure",
    "geometry_source": "stroke",
    "georef_order": 2,
    "georef_source": "map's own coastline vector registered to Natural Earth 10m coastline+lakes by trimmed ICP",
    "georef_insample_rmse_km": 0.97,
    "georef_holdout_layer": "ne_10m_admin_0_countries vs the map's own border strokes",
    "georef_holdout_median_km": 1.45,
    "georef_holdout_rmse_km": 1.6,
    "drawn_feature_offset_median_km": 3.06,
    "accuracy_tier": "medium"
   },
   "geometry": {
    "type": "LineString",
    "coordinates": [
     [
      41.960642,
      37.935587
     ],
     [
      41.831652,
      37.949307
     ],
     [
      41.753465,
      37.949268
     ],
     [
      41.638222,
      37.932907
     ],
     [
      41.486116,
      37.909011
     ],
     [
      41.356551,
      37.870336
     ],
     [
      41.278882,
      37.863227
     ],
     [
      41.140159,
      37.881658
     ],
     [
      40.88086,
      37.877331
     ],
     [
      40.644343,
      37.852838
     ],
     [
      40.541675,
      37.862825
     ],
     [
      40.320888,
      37.962291
     ],
     [
      40.254024,
      37.993597
     ],
     [
      40.201435,
      37.987298
     ],
     [
      40.167637,
      37.999816
     ],
     [
      40.082526,
      38.021091
     ]
    ]
   }
  },
  {
   "type": "Feature",
   "properties": {
    "id": "ME2026-0193",
    "commodity": "gas",
    "status_class": "in_service",
    "name": null,
    "name_dist_pt": null,
    "name_ambiguous": null,
    "name_confidence": null,
    "commodity_conflict": null,
    "other_names": null,
    "diameter_in": "36",
    "length_km": 212.85,
    "n_vertices": 13,
    "legend_class": "gas_in_service",
    "stroke_rgb": "#d7191f",
    "dashed": false,
    "source_map": "me2026",
    "source_file": "../energy-map-of-the-middle-east-2026-peregrine-bush.pdf",
    "source_page": 1,
    "source_title": "Energy Infrastructure Map of the Middle East, 2026 edition",
    "source_publisher": "Petroleum Economist / World Oil / Gulf Energy Information / Global Energy Infrastructure",
    "geometry_source": "stroke",
    "georef_order": 2,
    "georef_source": "map's own coastline vector registered to Natural Earth 10m coastline+lakes by trimmed ICP",
    "georef_insample_rmse_km": 0.97,
    "georef_holdout_layer": "ne_10m_admin_0_countries vs the map's own border strokes",
    "georef_holdout_median_km": 1.45,
    "georef_holdout_rmse_km": 1.6,
    "drawn_feature_offset_median_km": 3.06,
    "accuracy_tier": "medium"
   },
   "geometry": {
    "type": "LineString",
    "coordinates": [
     [
      57.682312,
      19.691177
     ],
     [
      57.602189,
      19.71612
     ],
     [
      57.586339,
      19.777464
     ],
     [
      57.559953,
      19.89126
     ],
     [
      57.518654,
      19.959633
     ],
     [
      57.466905,
      20.08134
     ],
     [
      57.40802,
      20.22769
     ],
     [
      57.408009,
      20.247841
     ],
     [
      57.420229,
      20.347614
     ],
     [
      57.363163,
      20.384449
     ],
     [
      57.280699,
      20.515812
     ],
     [
      57.098816,
      21.142942
     ],
     [
      57.010916,
      21.439811
     ]
    ]
   }
  },
  {
   "type": "Feature",
   "properties": {
    "id": "ME2026-0194",
    "commodity": "gas",
    "status_class": "in_service",
    "name": null,
    "name_dist_pt": null,
    "name_ambiguous": null,
    "name_confidence": null,
    "commodity_conflict": null,
    "other_names": null,
    "diameter_in": null,
    "length_km": 60.28,
    "n_vertices": 5,
    "legend_class": "gas_in_service",
    "stroke_rgb": "#d7191f",
    "dashed": false,
    "source_map": "me2026",
    "source_file": "../energy-map-of-the-middle-east-2026-peregrine-bush.pdf",
    "source_page": 1,
    "source_title": "Energy Infrastructure Map of the Middle East, 2026 edition",
    "source_publisher": "Petroleum Economist / World Oil / Gulf Energy Information / Global Energy Infrastructure",
    "geometry_source": "stroke",
    "georef_order": 2,
    "georef_source": "map's own coastline vector registered to Natural Earth 10m coastline+lakes by trimmed ICP",
    "georef_insample_rmse_km": 0.97,
    "georef_holdout_layer": "ne_10m_admin_0_countries vs the map's own border strokes",
    "georef_holdout_median_km": 1.45,
    "georef_holdout_rmse_km": 1.6,
    "drawn_feature_offset_median_km": 3.06,
    "accuracy_tier": "medium"
   },
   "geometry": {
    "type": "LineString",
    "coordinates": [
     [
      44.718781,
      35.757341
     ],
     [
      44.386749,
      35.529506
     ],
     [
      44.35967,
      35.502413
     ],
     [
      44.259065,
      35.438807
     ],
     [
      44.220196,
      35.399934
     ]
    ]
   }
  },
  {
   "type": "Feature",
   "properties": {
    "id": "ME2026-0195",
    "commodity": "gas",
    "status_class": "in_service",
    "name": null,
    "name_dist_pt": null,
    "name_ambiguous": null,
    "name_confidence": null,
    "commodity_conflict": null,
    "other_names": null,
    "diameter_in": "16",
    "length_km": 180.39,
    "n_vertices": 50,
    "legend_class": "gas_in_service",
    "stroke_rgb": "#d7191f",
    "dashed": false,
    "source_map": "me2026",
    "source_file": "../energy-map-of-the-middle-east-2026-peregrine-bush.pdf",
    "source_page": 1,
    "source_title": "Energy Infrastructure Map of the Middle East, 2026 edition",
    "source_publisher": "Petroleum Economist / World Oil / Gulf Energy Information / Global Energy Infrastructure",
    "geometry_source": "stroke",
    "georef_order": 2,
    "georef_source": "map's own coastline vector registered to Natural Earth 10m coastline+lakes by trimmed ICP",
    "georef_insample_rmse_km": 0.97,
    "georef_holdout_layer": "ne_10m_admin_0_countries vs the map's own border strokes",
    "georef_holdout_median_km": 1.45,
    "georef_holdout_rmse_km": 1.6,
    "drawn_feature_offset_median_km": 3.06,
    "accuracy_tier": "medium"
   },
   "geometry": {
    "type": "LineString",
    "coordinates": [
     [
      54.555701,
      17.855808
     ],
     [
      54.529299,
      17.830045
     ],
     [
      54.500127,
      17.827879
     ],
     [
      54.455636,
      17.825706
     ],
     [
      54.396796,
      17.822087
     ],
     [
      54.304183,
      17.817016
     ],
     [
      54.287415,
      17.812656
     ],
     [
      54.237127,
      17.780624
     ],
     [
      54.172496,
      17.728945
     ],
     [
      54.152088,
      17.719482
     ],
     [
      54.126564,
      17.716806
     ],
     [
      54.098845,
      17.716816
     ],
     [
      54.063124,
      17.714639
     ],
     [
      54.023748,
      17.711012
     ],
     [
      53.986779,
      17.711025
     ],
     [
      53.97366,
      17.702297
     ],
     [
      53.942318,
      17.692838
     ],
     [
      53.922636,
      17.685565
     ],
     [
      53.908783,
      17.671722
     ],
     [
      53.901861,
      17.667346
     ],
     [
      53.900408,
      17.654249
     ],
     [
      53.909151,
      17.641172
     ],
     [
      53.920958,
      17.614139
     ],
     [
      53.93366,
      17.561381
     ],
     [
      53.933241,
      17.543506
     ],
     [
      53.928901,
      17.523009
     ],
     [
      53.927612,
      17.502958
     ],
     [
      53.927197,
      17.480802
     ],
     [
      53.930718,
      17.445052
     ],
     [
      53.926371,
      17.431968
     ],
     [
      53.927692,
      17.418446
     ],
     [
      53.936436,
      17.404064
     ],
     [
      53.947364,
      17.384867
     ],
     [
      53.960047,
      17.367436
     ],
     [
      53.974463,
      17.348674
     ],
     [
      53.993689,
      17.326874
     ],
     [
      54.029903,
      17.267651
     ],
     [
      54.051767,
      17.223598
     ],
     [
      54.057942,
      17.162124
     ],
     [
      54.058421,
      17.117655
     ],
     [
      54.051905,
      17.081981
     ],
     [
      54.034396,
      17.056047
     ],
     [
      54.001833,
      17.034048
     ],
     [
      53.952973,
      17.009648
     ],
     [
      53.894934,
      16.986122
     ],
     [
      53.851736,
      16.967827
     ],
     [
      53.829042,
      16.957809
     ],
     [
      53.822502,
      16.94735
     ],
     [
      53.829505,
      16.930768
     ],
     [
      53.83303,
      16.893362
     ]
    ]
   }
  },
  {
   "type": "Feature",
   "properties": {
    "id": "ME2026-0196",
    "commodity": "oil",
    "status_class": "in_service",
    "name": "Iraq-Turkey Pipeline (ITP)",
    "name_dist_pt": 3.9,
    "name_ambiguous": false,
    "name_confidence": "high",
    "commodity_conflict": null,
    "other_names": null,
    "diameter_in": "46",
    "length_km": 532.43,
    "n_vertices": 44,
    "legend_class": "oil_in_service",
    "stroke_rgb": "#00922f",
    "dashed": false,
    "source_map": "me2026",
    "source_file": "../energy-map-of-the-middle-east-2026-peregrine-bush.pdf",
    "source_page": 1,
    "source_title": "Energy Infrastructure Map of the Middle East, 2026 edition",
    "source_publisher": "Petroleum Economist / World Oil / Gulf Energy Information / Global Energy Infrastructure",
    "geometry_source": "stroke",
    "georef_order": 2,
    "georef_source": "map's own coastline vector registered to Natural Earth 10m coastline+lakes by trimmed ICP",
    "georef_insample_rmse_km": 0.97,
    "georef_holdout_layer": "ne_10m_admin_0_countries vs the map's own border strokes",
    "georef_holdout_median_km": 1.45,
    "georef_holdout_rmse_km": 1.6,
    "drawn_feature_offset_median_km": 2.39,
    "accuracy_tier": "medium"
   },
   "geometry": {
    "type": "LineString",
    "coordinates": [
     [
      36.158167,
      36.852241
     ],
     [
      36.217119,
      36.91768
     ],
     [
      36.215064,
      36.99768
     ],
     [
      36.2051,
      37.04281
     ],
     [
      36.220686,
      37.084208
     ],
     [
      36.282036,
      37.119881
     ],
     [
      36.32459,
      37.12744
     ],
     [
      36.409018,
      37.18392
     ],
     [
      36.579211,
      37.199101
     ],
     [
      36.706106,
      37.186658
     ],
     [
      36.818055,
      37.221834
     ],
     [
      37.061508,
      37.364228
     ],
     [
      37.170389,
      37.370575
     ],
     [
      37.556995,
      37.433559
     ],
     [
      38.029081,
      37.442186
     ],
     [
      38.19742,
      37.418942
     ],
     [
      38.403187,
      37.381467
     ],
     [
      38.535169,
      37.399101
     ],
     [
      38.587715,
      37.381587
     ],
     [
      38.738483,
      37.394222
     ],
     [
      39.029469,
      37.428256
     ],
     [
      39.414843,
      37.402173
     ],
     [
      39.77144,
      37.382322
     ],
     [
      40.186906,
      37.357477
     ],
     [
      40.235729,
      37.347484
     ],
     [
      40.281374,
      37.378855
     ],
     [
      40.341471,
      37.377642
     ],
     [
      40.55608,
      37.345159
     ],
     [
      40.758213,
      37.333979
     ],
     [
      40.771933,
      37.28455
     ],
     [
      40.834503,
      37.253239
     ],
     [
      40.831943,
      37.203074
     ],
     [
      40.844458,
      37.198071
     ],
     [
      40.867512,
      37.181782
     ],
     [
      40.877508,
      37.161722
     ],
     [
      40.897537,
      37.152959
     ],
     [
      40.982673,
      37.142972
     ],
     [
      41.104666,
      37.135509
     ],
     [
      41.20733,
      37.114251
     ],
     [
      41.251695,
      37.109251
     ],
     [
      41.301788,
      37.113053
     ],
     [
      41.466373,
      37.108115
     ],
     [
      41.585366,
      37.12196
     ],
     [
      41.592883,
      37.120717
     ]
    ]
   }
  },
  {
   "type": "Feature",
   "properties": {
    "id": "ME2026-0197",
    "commodity": "oil",
    "status_class": "in_service",
    "name": null,
    "name_dist_pt": null,
    "name_ambiguous": null,
    "name_confidence": null,
    "commodity_conflict": null,
    "other_names": null,
    "diameter_in": "46/40/12",
    "length_km": 1859.25,
    "n_vertices": 126,
    "legend_class": "oil_in_service",
    "stroke_rgb": "#00922f",
    "dashed": false,
    "source_map": "me2026",
    "source_file": "../energy-map-of-the-middle-east-2026-peregrine-bush.pdf",
    "source_page": 1,
    "source_title": "Energy Infrastructure Map of the Middle East, 2026 edition",
    "source_publisher": "Petroleum Economist / World Oil / Gulf Energy Information / Global Energy Infrastructure",
    "geometry_source": "stroke",
    "georef_order": 2,
    "georef_source": "map's own coastline vector registered to Natural Earth 10m coastline+lakes by trimmed ICP",
    "georef_insample_rmse_km": 0.97,
    "georef_holdout_layer": "ne_10m_admin_0_countries vs the map's own border strokes",
    "georef_holdout_median_km": 1.45,
    "georef_holdout_rmse_km": 1.6,
    "drawn_feature_offset_median_km": 2.39,
    "accuracy_tier": "medium"
   },
   "geometry": {
    "type": "LineString",
    "coordinates": [
     [
      40.834503,
      37.253239
     ],
     [
      41.062271,
      37.285964
     ],
     [
      41.168712,
      37.291563
     ],
     [
      41.251882,
      37.271009
     ],
     [
      41.304486,
      37.282328
     ],
     [
      41.474105,
      37.291721
     ],
     [
      41.583026,
      37.261158
     ],
     [
      41.779,
      37.318197
     ],
     [
      41.857187,
      37.318236
     ],
     [
      41.888516,
      37.335812
     ],
     [
      41.962437,
      37.357173
     ],
     [
      42.117026,
      37.357248
     ],
     [
      42.237778,
      37.333488
     ],
     [
      42.314151,
      37.308436
     ],
     [
      42.385489,
      37.256526
     ],
     [
      42.417201,
      37.144945
     ],
     [
      42.403283,
      37.090708
     ],
     [
      42.383896,
      37.053025
     ],
     [
      42.38719,
      36.858217
     ],
     [
      42.495742,
      36.688183
     ],
     [
      42.640752,
      36.509913
     ],
     [
      42.739286,
      36.268062
     ],
     [
      42.739231,
      36.216242
     ],
     [
      42.783784,
      36.069732
     ],
     [
      42.825388,
      35.98027
     ],
     [
      42.983183,
      35.633115
     ],
     [
      43.013697,
      35.558957
     ],
     [
      43.383543,
      34.951795
     ],
     [
      43.4094,
      34.932963
     ],
     [
      43.027825,
      35.577793
     ],
     [
      42.998495,
      35.650777
     ],
     [
      42.800793,
      36.080341
     ],
     [
      42.755713,
      36.219783
     ],
     [
      42.755773,
      36.276299
     ],
     [
      42.652528,
      36.522226
     ],
     [
      42.509876,
      36.699965
     ],
     [
      42.405386,
      36.870001
     ],
     [
      42.399174,
      37.050672
     ],
     [
      42.417399,
      37.087181
     ],
     [
      42.428015,
      37.108921
     ],
     [
      42.434424,
      37.141746
     ],
     [
      42.400531,
      37.269071
     ],
     [
      42.324648,
      37.321318
     ],
     [
      42.247818,
      37.348536
     ],
     [
      42.192186,
      37.359789
     ],
     [
      42.120805,
      37.37337
     ],
     [
      42.084491,
      37.373352
     ],
     [
      42.020602,
      37.373321
     ],
     [
      41.963399,
      37.373293
     ],
     [
      41.877257,
      37.352108
     ],
     [
      41.853449,
      37.337053
     ],
     [
      41.777773,
      37.333264
     ],
     [
      41.578033,
      37.281209
     ],
     [
      41.477886,
      37.31053
     ],
     [
      41.303262,
      37.30042
     ],
     [
      41.251906,
      37.291607
     ],
     [
      41.173747,
      37.307868
     ],
     [
      41.068539,
      37.30279
     ],
     [
      40.843284,
      37.269545
     ],
     [
      40.788216,
      37.297629
     ],
     [
      40.772011,
      37.351535
     ],
     [
      40.559581,
      37.362843
     ],
     [
      40.333988,
      37.396433
     ],
     [
      40.277639,
      37.398906
     ],
     [
      40.228234,
      37.366275
     ],
     [
      40.179422,
      37.375033
     ],
     [
      39.034502,
      37.44456
     ],
     [
      38.595341,
      37.394432
     ],
     [
      38.534616,
      37.412594
     ],
     [
      38.404449,
      37.397756
     ],
     [
      38.025454,
      37.460203
     ],
     [
      37.553243,
      37.448599
     ],
     [
      37.166652,
      37.388132
     ],
     [
      37.056524,
      37.379279
     ],
     [
      36.814319,
      37.240649
     ],
     [
      36.703626,
      37.205462
     ],
     [
      36.57297,
      37.212892
     ],
     [
      36.407245,
      37.197714
     ],
     [
      36.318349,
      37.141231
     ],
     [
      36.270792,
      37.131163
     ],
     [
      36.208908,
      37.092247
     ],
     [
      36.148765,
      37.020198
     ],
     [
      36.101191,
      36.991325
     ],
     [
      35.955452,
      36.927271
     ],
     [
      35.92916,
      36.900918
     ],
     [
      35.94797,
      36.943565
     ],
     [
      36.094953,
      37.008879
     ],
     [
      36.136279,
      37.033222
     ],
     [
      36.198908,
      37.103517
     ],
     [
      36.261975,
      37.14137
     ],
     [
      36.31262,
      37.159572
     ],
     [
      36.39976,
      37.211504
     ],
     [
      36.572556,
      37.232738
     ],
     [
      36.703644,
      37.22175
     ],
     [
      36.813083,
      37.259454
     ],
     [
      37.054046,
      37.399341
     ],
     [
      37.165428,
      37.40569
     ],
     [
      37.55452,
      37.467394
     ],
     [
      38.029227,
      37.475248
     ],
     [
      38.405724,
      37.414071
     ],
     [
      38.550151,
      37.432161
     ],
     [
      38.723043,
      37.436799
     ],
     [
      38.873816,
      37.513948
     ],
     [
      38.954572,
      37.606797
     ],
     [
      39.171706,
      37.638278
     ],
     [
      39.269459,
      37.722884
     ],
     [
      39.285801,
      37.779327
     ],
     [
      39.327646,
      37.780599
     ],
     [
      39.524763,
      37.803291
     ],
     [
      39.757016,
      37.886731
     ],
     [
      39.911593,
      37.924425
     ],
     [
      40.010509,
      37.92826
     ],
     [
      40.248995,
      37.972282
     ],
     [
      40.349641,
      37.924681
     ],
     [
      40.487835,
      37.864054
     ],
     [
      40.529133,
      37.845258
     ],
     [
      40.65559,
      37.829027
     ],
     [
      40.826434,
      37.836649
     ],
     [
      40.883335,
      37.855487
     ],
     [
      40.989785,
      37.859309
     ],
     [
      41.126819,
      37.855619
     ],
     [
      41.145626,
      37.874969
     ],
     [
      41.13795,
      37.884368
     ],
     [
      41.15444,
      37.916352
     ],
     [
      41.213483,
      38.060597
     ],
     [
      41.280572,
      38.207874
     ]
    ]
   }
  },
  {
   "type": "Feature",
   "properties": {
    "id": "ME2026-0198",
    "commodity": "oil",
    "status_class": "in_service",
    "name": "SCOTRACO",
    "name_dist_pt": 5.2,
    "name_ambiguous": false,
    "name_confidence": "high",
    "commodity_conflict": null,
    "other_names": null,
    "diameter_in": "12",
    "length_km": 730.56,
    "n_vertices": 57,
    "legend_class": "oil_in_service",
    "stroke_rgb": "#00922f",
    "dashed": false,
    "source_map": "me2026",
    "source_file": "../energy-map-of-the-middle-east-2026-peregrine-bush.pdf",
    "source_page": 1,
    "source_title": "Energy Infrastructure Map of the Middle East, 2026 edition",
    "source_publisher": "Petroleum Economist / World Oil / Gulf Energy Information / Global Energy Infrastructure",
    "geometry_source": "stroke",
    "georef_order": 2,
    "georef_source": "map's own coastline vector registered to Natural Earth 10m coastline+lakes by trimmed ICP",
    "georef_insample_rmse_km": 0.97,
    "georef_holdout_layer": "ne_10m_admin_0_countries vs the map's own border strokes",
    "georef_holdout_median_km": 1.45,
    "georef_holdout_rmse_km": 1.6,
    "drawn_feature_offset_median_km": 2.39,
    "accuracy_tier": "medium"
   },
   "geometry": {
    "type": "LineString",
    "coordinates": [
     [
      35.956428,
      35.208884
     ],
     [
      35.940849,
      35.177787
     ],
     [
      35.903297,
      35.107094
     ],
     [
      35.906674,
      35.05757
     ],
     [
      35.901948,
      35.021339
     ],
     [
      35.887854,
      34.973883
     ],
     [
      35.896342,
      34.927147
     ],
     [
      35.91674,
      34.869106
     ],
     [
      35.988213,
      34.743851
     ],
     [
      36.126874,
      34.709806
     ],
     [
      36.1746,
      34.72862
     ],
     [
      36.219552,
      34.720123
     ],
     [
      36.384845,
      34.715124
     ],
     [
      36.581485,
      34.728913
     ],
     [
      36.638381,
      34.732378
     ],
     [
      36.682709,
      34.756307
     ],
     [
      36.696366,
      34.784292
     ],
     [
      36.761123,
      34.784338
     ],
     [
      36.850439,
      34.837338
     ],
     [
      36.910111,
      34.864702
     ],
     [
      37.093199,
      34.958739
     ],
     [
      37.320653,
      35.091031
     ],
     [
      37.525945,
      35.211339
     ],
     [
      37.606756,
      35.272876
     ],
     [
      37.74663,
      35.381197
     ],
     [
      37.943357,
      35.43768
     ],
     [
      38.248173,
      35.533497
     ],
     [
      38.475617,
      35.604311
     ],
     [
      38.716739,
      35.691552
     ],
     [
      38.782198,
      35.718917
     ],
     [
      38.953401,
      35.78968
     ],
     [
      39.110329,
      35.859792
     ],
     [
      39.199693,
      35.914482
     ],
     [
      39.255992,
      35.945919
     ],
     [
      39.372607,
      35.976713
     ],
     [
      39.606938,
      36.043456
     ],
     [
      39.842966,
      36.117023
     ],
     [
      40.178605,
      36.21521
     ],
     [
      40.570558,
      36.335618
     ],
     [
      40.813468,
      36.407475
     ],
     [
      40.863604,
      36.433121
     ],
     [
      41.013766,
      36.504914
     ],
     [
      41.231153,
      36.61669
     ],
     [
      41.473082,
      36.733584
     ],
     [
      41.690474,
      36.839585
     ],
     [
      41.943725,
      36.96332
     ],
     [
      41.999709,
      36.997499
     ],
     [
      42.06215,
      37.011193
     ],
     [
      42.144042,
      37.024895
     ],
     [
      42.149172,
      37.038561
     ],
     [
      42.174807,
      37.076139
     ],
     [
      42.125348,
      37.082953
     ],
     [
      42.060526,
      37.091466
     ],
     [
      41.95751,
      37.072621
     ],
     [
      41.822703,
      37.041828
     ],
     [
      41.745347,
      37.089606
     ],
     [
      41.700996,
      37.089584
     ]
    ]
   }
  },
  {
   "type": "Feature",
   "properties": {
    "id": "ME2026-0199",
    "commodity": "oil",
    "status_class": "in_service",
    "name": "Banias Line",
    "name_dist_pt": 5.0,
    "name_ambiguous": true,
    "name_confidence": "low",
    "commodity_conflict": null,
    "other_names": null,
    "diameter_in": null,
    "length_km": 548.42,
    "n_vertices": 30,
    "legend_class": "oil_in_service",
    "stroke_rgb": "#00922f",
    "dashed": false,
    "source_map": "me2026",
    "source_file": "../energy-map-of-the-middle-east-2026-peregrine-bush.pdf",
    "source_page": 1,
    "source_title": "Energy Infrastructure Map of the Middle East, 2026 edition",
    "source_publisher": "Petroleum Economist / World Oil / Gulf Energy Information / Global Energy Infrastructure",
    "geometry_source": "stroke",
    "georef_order": 2,
    "georef_source": "map's own coastline vector registered to Natural Earth 10m coastline+lakes by trimmed ICP",
    "georef_insample_rmse_km": 0.97,
    "georef_holdout_layer": "ne_10m_admin_0_countries vs the map's own border strokes",
    "georef_holdout_median_km": 1.45,
    "georef_holdout_rmse_km": 1.6,
    "drawn_feature_offset_median_km": 2.39,
    "accuracy_tier": "medium"
   },
   "geometry": {
    "type": "LineString",
    "coordinates": [
     [
      39.751048,
      35.336193
     ],
     [
      39.917412,
      35.159806
     ],
     [
      40.059183,
      35.177153
     ],
     [
      40.116532,
      35.188692
     ],
     [
      40.140913,
      34.596083
     ],
     [
      40.15108,
      34.379173
     ],
     [
      40.016161,
      34.391298
     ],
     [
      39.512842,
      34.446669
     ],
     [
      39.123473,
      34.486316
     ],
     [
      38.852627,
      34.515838
     ],
     [
      38.748005,
      34.533393
     ],
     [
      38.61489,
      34.524963
     ],
     [
      38.473441,
      34.514675
     ],
     [
      38.285702,
      34.501587
     ],
     [
      38.148642,
      34.455133
     ],
     [
      37.615121,
      34.451062
     ],
     [
      37.270306,
      34.498132
     ],
     [
      37.075236,
      34.527681
     ],
     [
      36.952507,
      34.594123
     ],
     [
      36.738897,
      34.686347
     ],
     [
      36.67414,
      34.701657
     ],
     [
      36.623053,
      34.74431
     ],
     [
      36.374633,
      34.735602
     ],
     [
      36.224672,
      34.735493
     ],
     [
      36.1729,
      34.747398
     ],
     [
      36.123473,
      34.730301
     ],
     [
      36.001411,
      34.759227
     ],
     [
      35.932722,
      34.877975
     ],
     [
      35.919244,
      34.920328
     ],
     [
      35.880156,
      34.935436
     ]
    ]
   }
  },
  {
   "type": "Feature",
   "properties": {
    "id": "ME2026-0200",
    "commodity": "oil",
    "status_class": "in_service",
    "name": null,
    "name_dist_pt": null,
    "name_ambiguous": null,
    "name_confidence": null,
    "commodity_conflict": null,
    "other_names": null,
    "diameter_in": null,
    "length_km": 36.62,
    "n_vertices": 2,
    "legend_class": "oil_in_service",
    "stroke_rgb": "#00922f",
    "dashed": false,
    "source_map": "me2026",
    "source_file": "../energy-map-of-the-middle-east-2026-peregrine-bush.pdf",
    "source_page": 1,
    "source_title": "Energy Infrastructure Map of the Middle East, 2026 edition",
    "source_publisher": "Petroleum Economist / World Oil / Gulf Energy Information / Global Energy Infrastructure",
    "geometry_source": "stroke",
    "georef_order": 2,
    "georef_source": "map's own coastline vector registered to Natural Earth 10m coastline+lakes by trimmed ICP",
    "georef_insample_rmse_km": 0.97,
    "georef_holdout_layer": "ne_10m_admin_0_countries vs the map's own border strokes",
    "georef_holdout_median_km": 1.45,
    "georef_holdout_rmse_km": 1.6,
    "drawn_feature_offset_median_km": 2.39,
    "accuracy_tier": "medium"
   },
   "geometry": {
    "type": "LineString",
    "coordinates": [
     [
      40.813468,
      36.407475
     ],
     [
      40.89053,
      36.083447
     ]
    ]
   }
  },
  {
   "type": "Feature",
   "properties": {
    "id": "ME2026-0201",
    "commodity": "oil",
    "status_class": "in_service",
    "name": null,
    "name_dist_pt": null,
    "name_ambiguous": null,
    "name_confidence": null,
    "commodity_conflict": null,
    "other_names": null,
    "diameter_in": null,
    "length_km": 28.53,
    "n_vertices": 3,
    "legend_class": "oil_in_service",
    "stroke_rgb": "#00922f",
    "dashed": false,
    "source_map": "me2026",
    "source_file": "../energy-map-of-the-middle-east-2026-peregrine-bush.pdf",
    "source_page": 1,
    "source_title": "Energy Infrastructure Map of the Middle East, 2026 edition",
    "source_publisher": "Petroleum Economist / World Oil / Gulf Energy Information / Global Energy Infrastructure",
    "geometry_source": "stroke",
    "georef_order": 2,
    "georef_source": "map's own coastline vector registered to Natural Earth 10m coastline+lakes by trimmed ICP",
    "georef_insample_rmse_km": 0.97,
    "georef_holdout_layer": "ne_10m_admin_0_countries vs the map's own border strokes",
    "georef_holdout_median_km": 1.45,
    "georef_holdout_rmse_km": 1.6,
    "drawn_feature_offset_median_km": 2.39,
    "accuracy_tier": "medium"
   },
   "geometry": {
    "type": "LineString",
    "coordinates": [
     [
      40.35983,
      35.349949
     ],
     [
      40.198938,
      35.232857
     ],
     [
      40.116532,
      35.188692
     ]
    ]
   }
  },
  {
   "type": "Feature",
   "properties": {
    "id": "ME2026-0202",
    "commodity": "oil",
    "status_class": "in_service",
    "name": null,
    "name_dist_pt": null,
    "name_ambiguous": null,
    "name_confidence": null,
    "commodity_conflict": null,
    "other_names": null,
    "diameter_in": null,
    "length_km": 221.37,
    "n_vertices": 7,
    "legend_class": "oil_in_service",
    "stroke_rgb": "#00922f",
    "dashed": false,
    "source_map": "me2026",
    "source_file": "../energy-map-of-the-middle-east-2026-peregrine-bush.pdf",
    "source_page": 1,
    "source_title": "Energy Infrastructure Map of the Middle East, 2026 edition",
    "source_publisher": "Petroleum Economist / World Oil / Gulf Energy Information / Global Energy Infrastructure",
    "geometry_source": "stroke",
    "georef_order": 2,
    "georef_source": "map's own coastline vector registered to Natural Earth 10m coastline+lakes by trimmed ICP",
    "georef_insample_rmse_km": 0.97,
    "georef_holdout_layer": "ne_10m_admin_0_countries vs the map's own border strokes",
    "georef_holdout_median_km": 1.45,
    "georef_holdout_rmse_km": 1.6,
    "drawn_feature_offset_median_km": 2.39,
    "accuracy_tier": "medium"
   },
   "geometry": {
    "type": "LineString",
    "coordinates": [
     [
      40.782812,
      35.196719
     ],
     [
      40.597133,
      35.022187
     ],
     [
      40.295953,
      34.596166
     ],
     [
      40.15108,
      34.379173
     ],
     [
      40.227121,
      34.596129
     ],
     [
      40.340773,
      35.219357
     ],
     [
      40.438382,
      35.365214
     ]
    ]
   }
  },
  {
   "type": "Feature",
   "properties": {
    "id": "ME2026-0203",
    "commodity": "oil",
    "status_class": "in_service",
    "name": null,
    "name_dist_pt": null,
    "name_ambiguous": null,
    "name_confidence": null,
    "commodity_conflict": null,
    "other_names": null,
    "diameter_in": null,
    "length_km": 81.2,
    "n_vertices": 4,
    "legend_class": "oil_in_service",
    "stroke_rgb": "#00922f",
    "dashed": false,
    "source_map": "me2026",
    "source_file": "../energy-map-of-the-middle-east-2026-peregrine-bush.pdf",
    "source_page": 1,
    "source_title": "Energy Infrastructure Map of the Middle East, 2026 edition",
    "source_publisher": "Petroleum Economist / World Oil / Gulf Energy Information / Global Energy Infrastructure",
    "geometry_source": "stroke",
    "georef_order": 2,
    "georef_source": "map's own coastline vector registered to Natural Earth 10m coastline+lakes by trimmed ICP",
    "georef_insample_rmse_km": 0.97,
    "georef_holdout_layer": "ne_10m_admin_0_countries vs the map's own border strokes",
    "georef_holdout_median_km": 1.45,
    "georef_holdout_rmse_km": 1.6,
    "drawn_feature_offset_median_km": 2.39,
    "accuracy_tier": "medium"
   },
   "geometry": {
    "type": "LineString",
    "coordinates": [
     [
      40.669933,
      35.365337
     ],
     [
      40.597133,
      35.022187
     ],
     [
      40.570264,
      35.165908
     ],
     [
      40.375158,
      35.342297
     ]
    ]
   }
  },
  {
   "type": "Feature",
   "properties": {
    "id": "ME2026-0204",
    "commodity": "oil",
    "status_class": "in_service",
    "name": null,
    "name_dist_pt": null,
    "name_ambiguous": null,
    "name_confidence": null,
    "commodity_conflict": null,
    "other_names": null,
    "diameter_in": null,
    "length_km": 55.89,
    "n_vertices": 5,
    "legend_class": "oil_in_service",
    "stroke_rgb": "#00922f",
    "dashed": false,
    "source_map": "me2026",
    "source_file": "../energy-map-of-the-middle-east-2026-peregrine-bush.pdf",
    "source_page": 1,
    "source_title": "Energy Infrastructure Map of the Middle East, 2026 edition",
    "source_publisher": "Petroleum Economist / World Oil / Gulf Energy Information / Global Energy Infrastructure",
    "geometry_source": "stroke",
    "georef_order": 2,
    "georef_source": "map's own coastline vector registered to Natural Earth 10m coastline+lakes by trimmed ICP",
    "georef_insample_rmse_km": 0.97,
    "georef_holdout_layer": "ne_10m_admin_0_countries vs the map's own border strokes",
    "georef_holdout_median_km": 1.45,
    "georef_holdout_rmse_km": 1.6,
    "drawn_feature_offset_median_km": 2.39,
    "accuracy_tier": "medium"
   },
   "geometry": {
    "type": "LineString",
    "coordinates": [
     [
      40.761489,
      34.922645
     ],
     [
      40.870543,
      34.901609
     ],
     [
      40.914684,
      34.974394
     ],
     [
      40.886021,
      35.060696
     ],
     [
      40.597133,
      35.022187
     ]
    ]
   }
  },
  {
   "type": "Feature",
   "properties": {
    "id": "ME2026-0205",
    "commodity": "oil",
    "status_class": "in_service",
    "name": null,
    "name_dist_pt": null,
    "name_ambiguous": null,
    "name_confidence": null,
    "commodity_conflict": null,
    "other_names": null,
    "diameter_in": null,
    "length_km": 11.21,
    "n_vertices": 2,
    "legend_class": "oil_in_service",
    "stroke_rgb": "#00922f",
    "dashed": false,
    "source_map": "me2026",
    "source_file": "../energy-map-of-the-middle-east-2026-peregrine-bush.pdf",
    "source_page": 1,
    "source_title": "Energy Infrastructure Map of the Middle East, 2026 edition",
    "source_publisher": "Petroleum Economist / World Oil / Gulf Energy Information / Global Energy Infrastructure",
    "geometry_source": "stroke",
    "georef_order": 2,
    "georef_source": "map's own coastline vector registered to Natural Earth 10m coastline+lakes by trimmed ICP",
    "georef_insample_rmse_km": 0.97,
    "georef_holdout_layer": "ne_10m_admin_0_countries vs the map's own border strokes",
    "georef_holdout_median_km": 1.45,
    "georef_holdout_rmse_km": 1.6,
    "drawn_feature_offset_median_km": 2.39,
    "accuracy_tier": "medium"
   },
   "geometry": {
    "type": "LineString",
    "coordinates": [
     [
      40.941365,
      34.819165
     ],
     [
      40.870543,
      34.901609
     ]
    ]
   }
  },
  {
   "type": "Feature",
   "properties": {
    "id": "ME2026-0206",
    "commodity": "oil",
    "status_class": "in_service",
    "name": null,
    "name_dist_pt": null,
    "name_ambiguous": null,
    "name_confidence": null,
    "commodity_conflict": null,
    "other_names": null,
    "diameter_in": null,
    "length_km": 8.13,
    "n_vertices": 2,
    "legend_class": "oil_in_service",
    "stroke_rgb": "#00922f",
    "dashed": false,
    "source_map": "me2026",
    "source_file": "../energy-map-of-the-middle-east-2026-peregrine-bush.pdf",
    "source_page": 1,
    "source_title": "Energy Infrastructure Map of the Middle East, 2026 edition",
    "source_publisher": "Petroleum Economist / World Oil / Gulf Energy Information / Global Energy Infrastructure",
    "geometry_source": "stroke",
    "georef_order": 2,
    "georef_source": "map's own coastline vector registered to Natural Earth 10m coastline+lakes by trimmed ICP",
    "georef_insample_rmse_km": 0.97,
    "georef_holdout_layer": "ne_10m_admin_0_countries vs the map's own border strokes",
    "georef_holdout_median_km": 1.45,
    "georef_holdout_rmse_km": 1.6,
    "drawn_feature_offset_median_km": 2.39,
    "accuracy_tier": "medium"
   },
   "geometry": {
    "type": "LineString",
    "coordinates": [
     [
      40.956745,
      34.882461
     ],
     [
      40.870542,
      34.90046
     ]
    ]
   }
  },
  {
   "type": "Feature",
   "properties": {
    "id": "ME2026-0207",
    "commodity": "oil",
    "status_class": "in_service",
    "name": null,
    "name_dist_pt": null,
    "name_ambiguous": null,
    "name_confidence": null,
    "commodity_conflict": null,
    "other_names": null,
    "diameter_in": null,
    "length_km": 28.97,
    "n_vertices": 3,
    "legend_class": "oil_in_service",
    "stroke_rgb": "#00922f",
    "dashed": false,
    "source_map": "me2026",
    "source_file": "../energy-map-of-the-middle-east-2026-peregrine-bush.pdf",
    "source_page": 1,
    "source_title": "Energy Infrastructure Map of the Middle East, 2026 edition",
    "source_publisher": "Petroleum Economist / World Oil / Gulf Energy Information / Global Energy Infrastructure",
    "geometry_source": "stroke",
    "georef_order": 2,
    "georef_source": "map's own coastline vector registered to Natural Earth 10m coastline+lakes by trimmed ICP",
    "georef_insample_rmse_km": 0.97,
    "georef_holdout_layer": "ne_10m_admin_0_countries vs the map's own border strokes",
    "georef_holdout_median_km": 1.45,
    "georef_holdout_rmse_km": 1.6,
    "drawn_feature_offset_median_km": 2.39,
    "accuracy_tier": "medium"
   },
   "geometry": {
    "type": "LineString",
    "coordinates": [
     [
      41.180779,
      34.890244
     ],
     [
      41.021927,
      34.926613
     ],
     [
      40.873935,
      34.897654
     ]
    ]
   }
  },
  {
   "type": "Feature",
   "properties": {
    "id": "ME2026-0208",
    "commodity": "oil",
    "status_class": "in_service",
    "name": null,
    "name_dist_pt": null,
    "name_ambiguous": null,
    "name_confidence": null,
    "commodity_conflict": null,
    "other_names": null,
    "diameter_in": null,
    "length_km": 10.86,
    "n_vertices": 2,
    "legend_class": "oil_in_service",
    "stroke_rgb": "#00922f",
    "dashed": false,
    "source_map": "me2026",
    "source_file": "../energy-map-of-the-middle-east-2026-peregrine-bush.pdf",
    "source_page": 1,
    "source_title": "Energy Infrastructure Map of the Middle East, 2026 edition",
    "source_publisher": "Petroleum Economist / World Oil / Gulf Energy Information / Global Energy Infrastructure",
    "geometry_source": "stroke",
    "georef_order": 2,
    "georef_source": "map's own coastline vector registered to Natural Earth 10m coastline+lakes by trimmed ICP",
    "georef_insample_rmse_km": 0.97,
    "georef_holdout_layer": "ne_10m_admin_0_countries vs the map's own border strokes",
    "georef_holdout_median_km": 1.45,
    "georef_holdout_rmse_km": 1.6,
    "drawn_feature_offset_median_km": 2.39,
    "accuracy_tier": "medium"
   },
   "geometry": {
    "type": "LineString",
    "coordinates": [
     [
      41.027582,
      34.828793
     ],
     [
      41.021927,
      34.926613
     ]
    ]
   }
  },
  {
   "type": "Feature",
   "properties": {
    "id": "ME2026-0209",
    "commodity": "oil",
    "status_class": "in_service",
    "name": "Strategic Pipeline",
    "name_dist_pt": 0.0,
    "name_ambiguous": false,
    "name_confidence": "high",
    "commodity_conflict": null,
    "other_names": null,
    "diameter_in": "42/42",
    "length_km": 1627.83,
    "n_vertices": 97,
    "legend_class": "oil_in_service",
    "stroke_rgb": "#00922f",
    "dashed": false,
    "source_map": "me2026",
    "source_file": "../energy-map-of-the-middle-east-2026-peregrine-bush.pdf",
    "source_page": 1,
    "source_title": "Energy Infrastructure Map of the Middle East, 2026 edition",
    "source_publisher": "Petroleum Economist / World Oil / Gulf Energy Information / Global Energy Infrastructure",
    "geometry_source": "stroke",
    "georef_order": 2,
    "georef_source": "map's own coastline vector registered to Natural Earth 10m coastline+lakes by trimmed ICP",
    "georef_insample_rmse_km": 0.97,
    "georef_holdout_layer": "ne_10m_admin_0_countries vs the map's own border strokes",
    "georef_holdout_median_km": 1.45,
    "georef_holdout_rmse_km": 1.6,
    "drawn_feature_offset_median_km": 2.39,
    "accuracy_tier": "medium"
   },
   "geometry": {
    "type": "LineString",
    "coordinates": [
     [
      40.675249,
      34.882317
     ],
     [
      40.801633,
      34.821006
     ],
     [
      40.736407,
      34.707927
     ],
     [
      40.52134,
      34.591674
     ],
     [
      40.15108,
      34.379173
     ],
     [
      40.728127,
      34.312885
     ],
     [
      40.868108,
      34.293873
     ],
     [
      41.226206,
      34.241048
     ],
     [
      41.414486,
      34.208467
     ],
     [
      41.618424,
      34.160002
     ],
     [
      41.889945,
      34.103713
     ],
     [
      42.071047,
      34.077087
     ],
     [
      42.18245,
      34.061442
     ],
     [
      42.23435,
      34.053405
     ],
     [
      42.306803,
      34.062766
     ],
     [
      42.352502,
      34.067831
     ],
     [
      42.359098,
      34.047541
     ],
     [
      42.368041,
      34.014293
     ],
     [
      42.4099,
      33.979279
     ],
     [
      42.462241,
      33.930451
     ],
     [
      42.490064,
      33.892345
     ],
     [
      42.521984,
      33.868315
     ],
     [
      42.589661,
      33.826402
     ],
     [
      42.663189,
      33.752776
     ],
     [
      42.714245,
      33.694738
     ],
     [
      42.76734,
      33.614194
     ],
     [
      42.790532,
      33.540294
     ],
     [
      42.849266,
      33.497348
     ],
     [
      42.995617,
      33.408419
     ],
     [
      43.094971,
      33.342715
     ],
     [
      43.32257,
      33.212371
     ],
     [
      43.46897,
      33.173546
     ],
     [
      43.507278,
      33.146697
     ],
     [
      43.592093,
      33.125769
     ],
     [
      43.644196,
      33.079225
     ],
     [
      43.810868,
      32.778264
     ],
     [
      43.909996,
      32.71206
     ],
     [
      43.949532,
      32.615913
     ],
     [
      44.10064,
      32.297294
     ],
     [
      44.199919,
      32.089412
     ],
     [
      44.20269,
      32.032894
     ],
     [
      44.299118,
      31.710681
     ],
     [
      44.325164,
      31.667734
     ],
     [
      44.431674,
      31.494583
     ],
     [
      44.555914,
      31.410466
     ],
     [
      44.81071,
      31.272783
     ],
     [
      44.981873,
      31.2639
     ],
     [
      45.086792,
      31.279548
     ],
     [
      45.249031,
      31.256153
     ],
     [
      45.462567,
      31.143412
     ],
     [
      45.605842,
      31.125575
     ],
     [
      46.018461,
      30.927608
     ],
     [
      46.064214,
      30.893727
     ],
     [
      46.459003,
      30.699086
     ],
     [
      46.659615,
      30.627651
     ],
     [
      47.286043,
      30.577503
     ],
     [
      47.307254,
      30.558521
     ],
     [
      46.656255,
      30.609779
     ],
     [
      46.456769,
      30.682328
     ],
     [
      46.056392,
      30.876967
     ],
     [
      46.00395,
      30.910859
     ],
     [
      45.596906,
      31.107702
     ],
     [
      45.452522,
      31.130003
     ],
     [
      45.232284,
      31.240516
     ],
     [
      45.08567,
      31.260575
     ],
     [
      45.045492,
      31.254975
     ],
     [
      44.972927,
      31.247139
     ],
     [
      44.807354,
      31.260501
     ],
     [
      44.542509,
      31.397068
     ],
     [
      44.413808,
      31.485648
     ],
     [
      44.282535,
      31.70344
     ],
     [
      44.181781,
      32.029354
     ],
     [
      44.178331,
      32.083633
     ],
     [
      44.078966,
      32.287656
     ],
     [
      43.932127,
      32.608926
     ],
     [
      43.895055,
      32.700342
     ],
     [
      43.797643,
      32.765324
     ],
     [
      43.631078,
      33.06424
     ],
     [
      43.585854,
      33.109504
     ],
     [
      43.501475,
      33.130371
     ],
     [
      43.464377,
      33.158225
     ],
     [
      43.317359,
      33.195331
     ],
     [
      43.098606,
      33.320113
     ],
     [
      42.988327,
      33.392286
     ],
     [
      42.8402,
      33.482497
     ],
     [
      42.776729,
      33.528926
     ],
     [
      42.751264,
      33.602063
     ],
     [
      42.700284,
      33.681858
     ],
     [
      42.651611,
      33.740804
     ],
     [
      42.57773,
      33.812723
     ],
     [
      42.511637,
      33.854492
     ],
     [
      42.480333,
      33.8777
     ],
     [
      42.450204,
      33.919482
     ],
     [
      42.398344,
      33.964753
     ],
     [
      42.35198,
      34.005077
     ],
     [
      42.341572,
      34.050353
     ],
     [
      42.347607,
      34.069209
     ]
    ]
   }
  },
  {
   "type": "Feature",
   "properties": {
    "id": "ME2026-0210",
    "commodity": "oil",
    "status_class": "in_service",
    "name": null,
    "name_dist_pt": null,
    "name_ambiguous": null,
    "name_confidence": null,
    "commodity_conflict": null,
    "other_names": null,
    "diameter_in": null,
    "length_km": 43.21,
    "n_vertices": 9,
    "legend_class": "oil_in_service",
    "stroke_rgb": "#00922f",
    "dashed": false,
    "source_map": "me2026",
    "source_file": "../energy-map-of-the-middle-east-2026-peregrine-bush.pdf",
    "source_page": 1,
    "source_title": "Energy Infrastructure Map of the Middle East, 2026 edition",
    "source_publisher": "Petroleum Economist / World Oil / Gulf Energy Information / Global Energy Infrastructure",
    "geometry_source": "stroke",
    "georef_order": 2,
    "georef_source": "map's own coastline vector registered to Natural Earth 10m coastline+lakes by trimmed ICP",
    "georef_insample_rmse_km": 0.97,
    "georef_holdout_layer": "ne_10m_admin_0_countries vs the map's own border strokes",
    "georef_holdout_median_km": 1.45,
    "georef_holdout_rmse_km": 1.6,
    "drawn_feature_offset_median_km": 2.39,
    "accuracy_tier": "medium"
   },
   "geometry": {
    "type": "LineString",
    "coordinates": [
     [
      40.708942,
      34.350145
     ],
     [
      40.781264,
      34.428799
     ],
     [
      40.784974,
      34.443637
     ],
     [
      40.792417,
      34.47054
     ],
     [
      40.799857,
      34.508576
     ],
     [
      40.79062,
      34.547512
     ],
     [
      40.767525,
      34.61962
     ],
     [
      40.759372,
      34.683
     ],
     [
      40.736407,
      34.707927
     ]
    ]
   }
  },
  {
   "type": "Feature",
   "properties": {
    "id": "ME2026-0211",
    "commodity": "oil",
    "status_class": "in_service",
    "name": null,
    "name_dist_pt": null,
    "name_ambiguous": null,
    "name_confidence": null,
    "commodity_conflict": null,
    "other_names": null,
    "diameter_in": null,
    "length_km": 609.08,
    "n_vertices": 77,
    "legend_class": "oil_in_service",
    "stroke_rgb": "#00922f",
    "dashed": false,
    "source_map": "me2026",
    "source_file": "../energy-map-of-the-middle-east-2026-peregrine-bush.pdf",
    "source_page": 1,
    "source_title": "Energy Infrastructure Map of the Middle East, 2026 edition",
    "source_publisher": "Petroleum Economist / World Oil / Gulf Energy Information / Global Energy Infrastructure",
    "geometry_source": "stroke",
    "georef_order": 2,
    "georef_source": "map's own coastline vector registered to Natural Earth 10m coastline+lakes by trimmed ICP",
    "georef_insample_rmse_km": 0.97,
    "georef_holdout_layer": "ne_10m_admin_0_countries vs the map's own border strokes",
    "georef_holdout_median_km": 1.45,
    "georef_holdout_rmse_km": 1.6,
    "drawn_feature_offset_median_km": 2.39,
    "accuracy_tier": "medium"
   },
   "geometry": {
    "type": "LineString",
    "coordinates": [
     [
      45.442447,
      34.044189
     ],
     [
      45.425355,
      34.028162
     ],
     [
      45.407193,
      34.019601
     ],
     [
      45.380475,
      34.004637
     ],
     [
      45.361237,
      33.996947
     ],
     [
      45.31638,
      33.985172
     ],
     [
      45.276645,
      33.979824
     ],
     [
      45.251006,
      33.968067
     ],
     [
      45.234979,
      33.952028
     ],
     [
      45.212547,
      33.941336
     ],
     [
      45.192236,
      33.935994
     ],
     [
      45.161277,
      33.93918
     ],
     [
      45.121753,
      33.939168
     ],
     [
      45.088431,
      33.922072
     ],
     [
      45.046761,
      33.900677
     ],
     [
      44.998699,
      33.88677
     ],
     [
      44.936734,
      33.863252
     ],
     [
      44.823278,
      33.798888
     ],
     [
      44.757028,
      33.751856
     ],
     [
      44.72712,
      33.73689
     ],
     [
      44.715129,
      33.713374
     ],
     [
      44.699091,
      33.680249
     ],
     [
      44.692672,
      33.668497
     ],
     [
      44.667035,
      33.654586
     ],
     [
      44.620042,
      33.641756
     ],
     [
      44.58692,
      33.627854
     ],
     [
      44.575168,
      33.616088
     ],
     [
      44.551652,
      33.576342
     ],
     [
      44.533486,
      33.558173
     ],
     [
      44.522549,
      33.504454
     ],
     [
      44.525919,
      33.437429
     ],
     [
      44.529081,
      33.39768
     ],
     [
      44.525866,
      33.369036
     ],
     [
      44.506406,
      33.349584
     ],
     [
      44.472218,
      33.315389
     ],
     [
      44.451911,
      33.295078
     ],
     [
      44.428397,
      33.271571
     ],
     [
      44.413451,
      33.25661
     ],
     [
      44.387811,
      33.251253
     ],
     [
      44.365394,
      33.255518
     ],
     [
      44.351522,
      33.269405
     ],
     [
      44.328896,
      33.283289
     ],
     [
      44.294728,
      33.290756
     ],
     [
      44.27018,
      33.290748
     ],
     [
      44.262701,
      33.298224
     ],
     [
      44.258453,
      33.326005
     ],
     [
      44.253132,
      33.356993
     ],
     [
      44.256394,
      33.417038
     ],
     [
      44.246815,
      33.461916
     ],
     [
      44.061046,
      33.758031
     ],
     [
      43.923304,
      34.006317
     ],
     [
      43.85614,
      34.129166
     ],
     [
      43.798544,
      34.210561
     ],
     [
      43.798559,
      34.228724
     ],
     [
      43.798579,
      34.252237
     ],
     [
      43.798595,
      34.2704
     ],
     [
      43.798621,
      34.300326
     ],
     [
      43.779429,
      34.325961
     ],
     [
      43.750418,
      34.363355
     ],
     [
      43.733379,
      34.416981
     ],
     [
      43.729144,
      34.455449
     ],
     [
      43.705701,
      34.499246
     ],
     [
      43.655572,
      34.569765
     ],
     [
      43.61319,
      34.648201
     ],
     [
      43.4094,
      34.932963
     ],
     [
      43.407093,
      34.973526
     ],
     [
      43.044319,
      35.591934
     ],
     [
      43.018498,
      35.656679
     ],
     [
      42.81962,
      36.082697
     ],
     [
      42.774526,
      36.220965
     ],
     [
      42.774592,
      36.282201
     ],
     [
      42.669002,
      36.529301
     ],
     [
      42.519296,
      36.713451
     ],
     [
      42.43007,
      36.857051
     ],
     [
      42.367202,
      36.864089
     ],
     [
      42.301359,
      36.880542
     ],
     [
      42.241405,
      36.908131
     ]
    ]
   }
  },
  {
   "type": "Feature",
   "properties": {
    "id": "ME2026-0212",
    "commodity": "oil",
    "status_class": "in_service",
    "name": "not in use",
    "name_dist_pt": 5.2,
    "name_ambiguous": false,
    "name_confidence": "high",
    "commodity_conflict": null,
    "other_names": null,
    "diameter_in": "16",
    "length_km": 673.35,
    "n_vertices": 41,
    "legend_class": "oil_in_service",
    "stroke_rgb": "#00922f",
    "dashed": false,
    "source_map": "me2026",
    "source_file": "../energy-map-of-the-middle-east-2026-peregrine-bush.pdf",
    "source_page": 1,
    "source_title": "Energy Infrastructure Map of the Middle East, 2026 edition",
    "source_publisher": "Petroleum Economist / World Oil / Gulf Energy Information / Global Energy Infrastructure",
    "geometry_source": "stroke",
    "georef_order": 2,
    "georef_source": "map's own coastline vector registered to Natural Earth 10m coastline+lakes by trimmed ICP",
    "georef_insample_rmse_km": 0.97,
    "georef_holdout_layer": "ne_10m_admin_0_countries vs the map's own border strokes",
    "georef_holdout_median_km": 1.45,
    "georef_holdout_rmse_km": 1.6,
    "drawn_feature_offset_median_km": 2.39,
    "accuracy_tier": "medium"
   },
   "geometry": {
    "type": "LineString",
    "coordinates": [
     [
      43.4094,
      34.932963
     ],
     [
      43.44472,
      34.961245
     ],
     [
      43.594809,
      35.129016
     ],
     [
      44.116113,
      35.385762
     ],
     [
      44.208438,
      35.408171
     ],
     [
      44.110251,
      35.401069
     ],
     [
      43.584244,
      35.14432
     ],
     [
      43.429444,
      34.968827
     ],
     [
      43.4094,
      34.932963
     ],
     [
      43.106553,
      34.677956
     ],
     [
      43.075184,
      34.643104
     ],
     [
      42.422542,
      34.12586
     ],
     [
      42.356678,
      34.074743
     ],
     [
      42.339855,
      34.064474
     ],
     [
      42.196838,
      34.035153
     ],
     [
      42.041739,
      33.99329
     ],
     [
      41.69469,
      33.89518
     ],
     [
      41.410326,
      33.772266
     ],
     [
      41.280665,
      33.710711
     ],
     [
      41.120703,
      33.640235
     ],
     [
      41.064769,
      33.606896
     ],
     [
      40.819821,
      33.473627
     ],
     [
      40.704991,
      33.408036
     ],
     [
      40.639514,
      33.372381
     ],
     [
      40.376604,
      33.214271
     ],
     [
      40.23699,
      33.131932
     ],
     [
      40.10989,
      33.05427
     ],
     [
      40.05498,
      32.975557
     ],
     [
      40.032511,
      32.948405
     ],
     [
      39.954596,
      32.946247
     ],
     [
      39.882375,
      32.946209
     ],
     [
      39.833257,
      32.946183
     ],
     [
      39.719759,
      32.941452
     ],
     [
      39.694779,
      32.93338
     ],
     [
      39.562403,
      32.896429
     ],
     [
      39.453763,
      32.864136
     ],
     [
      39.329245,
      32.824828
     ],
     [
      39.194761,
      32.78278
     ],
     [
      39.069193,
      32.756417
     ],
     [
      39.02261,
      32.740686
     ],
     [
      39.006514,
      32.734324
     ]
    ]
   }
  },
  {
   "type": "Feature",
   "properties": {
    "id": "ME2026-0213",
    "commodity": "oil",
    "status_class": "in_service",
    "name": null,
    "name_dist_pt": null,
    "name_ambiguous": null,
    "name_confidence": null,
    "commodity_conflict": null,
    "other_names": null,
    "diameter_in": null,
    "length_km": 117.54,
    "n_vertices": 8,
    "legend_class": "oil_in_service",
    "stroke_rgb": "#00922f",
    "dashed": false,
    "source_map": "me2026",
    "source_file": "../energy-map-of-the-middle-east-2026-peregrine-bush.pdf",
    "source_page": 1,
    "source_title": "Energy Infrastructure Map of the Middle East, 2026 edition",
    "source_publisher": "Petroleum Economist / World Oil / Gulf Energy Information / Global Energy Infrastructure",
    "geometry_source": "stroke",
    "georef_order": 2,
    "georef_source": "map's own coastline vector registered to Natural Earth 10m coastline+lakes by trimmed ICP",
    "georef_insample_rmse_km": 0.97,
    "georef_holdout_layer": "ne_10m_admin_0_countries vs the map's own border strokes",
    "georef_holdout_median_km": 1.45,
    "georef_holdout_rmse_km": 1.6,
    "drawn_feature_offset_median_km": 2.39,
    "accuracy_tier": "medium"
   },
   "geometry": {
    "type": "LineString",
    "coordinates": [
     [
      44.418261,
      35.260544
     ],
     [
      44.30959,
      35.37995
     ],
     [
      44.208438,
      35.408171
     ],
     [
      44.129052,
      35.373992
     ],
     [
      43.607737,
      35.11842
     ],
     [
      43.464712,
      34.954186
     ],
     [
      43.437635,
      34.935745
     ],
     [
      43.412849,
      34.935735
     ]
    ]
   }
  },
  {
   "type": "Feature",
   "properties": {
    "id": "ME2026-0214",
    "commodity": "oil",
    "status_class": "in_service",
    "name": null,
    "name_dist_pt": null,
    "name_ambiguous": null,
    "name_confidence": null,
    "commodity_conflict": null,
    "other_names": null,
    "diameter_in": null,
    "length_km": 134.85,
    "n_vertices": 9,
    "legend_class": "oil_in_service",
    "stroke_rgb": "#00922f",
    "dashed": false,
    "source_map": "me2026",
    "source_file": "../energy-map-of-the-middle-east-2026-peregrine-bush.pdf",
    "source_page": 1,
    "source_title": "Energy Infrastructure Map of the Middle East, 2026 edition",
    "source_publisher": "Petroleum Economist / World Oil / Gulf Energy Information / Global Energy Infrastructure",
    "geometry_source": "stroke",
    "georef_order": 2,
    "georef_source": "map's own coastline vector registered to Natural Earth 10m coastline+lakes by trimmed ICP",
    "georef_insample_rmse_km": 0.97,
    "georef_holdout_layer": "ne_10m_admin_0_countries vs the map's own border strokes",
    "georef_holdout_median_km": 1.45,
    "georef_holdout_rmse_km": 1.6,
    "drawn_feature_offset_median_km": 2.39,
    "accuracy_tier": "medium"
   },
   "geometry": {
    "type": "LineString",
    "coordinates": [
     [
      43.992862,
      35.655876
     ],
     [
      44.120986,
      35.542372
     ],
     [
      44.208438,
      35.408171
     ],
     [
      44.211998,
      35.43643
     ],
     [
      44.132766,
      35.555858
     ],
     [
      44.018741,
      35.657072
     ],
     [
      43.985904,
      35.7565
     ],
     [
      43.956493,
      35.754129
     ],
     [
      43.501109,
      36.059429
     ]
    ]
   }
  },
  {
   "type": "Feature",
   "properties": {
    "id": "ME2026-0215",
    "commodity": "oil",
    "status_class": "in_service",
    "name": null,
    "name_dist_pt": null,
    "name_ambiguous": null,
    "name_confidence": null,
    "commodity_conflict": null,
    "other_names": null,
    "diameter_in": null,
    "length_km": 22.03,
    "n_vertices": 3,
    "legend_class": "oil_in_service",
    "stroke_rgb": "#00922f",
    "dashed": false,
    "source_map": "me2026",
    "source_file": "../energy-map-of-the-middle-east-2026-peregrine-bush.pdf",
    "source_page": 1,
    "source_title": "Energy Infrastructure Map of the Middle East, 2026 edition",
    "source_publisher": "Petroleum Economist / World Oil / Gulf Energy Information / Global Energy Infrastructure",
    "geometry_source": "stroke",
    "georef_order": 2,
    "georef_source": "map's own coastline vector registered to Natural Earth 10m coastline+lakes by trimmed ICP",
    "georef_insample_rmse_km": 0.97,
    "georef_holdout_layer": "ne_10m_admin_0_countries vs the map's own border strokes",
    "georef_holdout_median_km": 1.45,
    "georef_holdout_rmse_km": 1.6,
    "drawn_feature_offset_median_km": 2.39,
    "accuracy_tier": "medium"
   },
   "geometry": {
    "type": "LineString",
    "coordinates": [
     [
      42.650867,
      37.133748
     ],
     [
      42.460943,
      37.106589
     ],
     [
      42.406414,
      37.101444
     ]
    ]
   }
  },
  {
   "type": "Feature",
   "properties": {
    "id": "ME2026-0216",
    "commodity": "oil",
    "status_class": "in_service",
    "name": null,
    "name_dist_pt": null,
    "name_ambiguous": null,
    "name_confidence": null,
    "commodity_conflict": null,
    "other_names": null,
    "diameter_in": null,
    "length_km": 864.35,
    "n_vertices": 122,
    "legend_class": "oil_in_service",
    "stroke_rgb": "#00922f",
    "dashed": false,
    "source_map": "me2026",
    "source_file": "../energy-map-of-the-middle-east-2026-peregrine-bush.pdf",
    "source_page": 1,
    "source_title": "Energy Infrastructure Map of the Middle East, 2026 edition",
    "source_publisher": "Petroleum Economist / World Oil / Gulf Energy Information / Global Energy Infrastructure",
    "geometry_source": "stroke",
    "georef_order": 2,
    "georef_source": "map's own coastline vector registered to Natural Earth 10m coastline+lakes by trimmed ICP",
    "georef_insample_rmse_km": 0.97,
    "georef_holdout_layer": "ne_10m_admin_0_countries vs the map's own border strokes",
    "georef_holdout_median_km": 1.45,
    "georef_holdout_rmse_km": 1.6,
    "drawn_feature_offset_median_km": 2.39,
    "accuracy_tier": "medium"
   },
   "geometry": {
    "type": "LineString",
    "coordinates": [
     [
      53.183153,
      36.58899
     ],
     [
      53.125393,
      36.579383
     ],
     [
      53.094759,
      36.567135
     ],
     [
      53.044436,
      36.548788
     ],
     [
      52.933252,
      36.489788
     ],
     [
      52.856197,
      36.447816
     ],
     [
      52.866644,
      36.406723
     ],
     [
      52.866624,
      36.390989
     ],
     [
      52.866597,
      36.36913
     ],
     [
      52.871829,
      36.349885
     ],
     [
      52.887543,
      36.326282
     ],
     [
      52.900648,
      36.307497
     ],
     [
      52.900624,
      36.289136
     ],
     [
      52.913715,
      36.269019
     ],
     [
      52.931174,
      36.235794
     ],
     [
      52.948653,
      36.218304
     ],
     [
      52.99412,
      36.191202
     ],
     [
      53.0457,
      36.160602
     ],
     [
      53.074946,
      36.129119
     ],
     [
      53.085409,
      36.089359
     ],
     [
      53.070501,
      36.070115
     ],
     [
      53.064366,
      36.055252
     ],
     [
      53.060825,
      36.02244
     ],
     [
      53.034112,
      35.99579
     ],
     [
      53.027975,
      35.979184
     ],
     [
      53.005158,
      35.920182
     ],
     [
      52.95259,
      35.865102
     ],
     [
      52.848888,
      35.827502
     ],
     [
      52.791963,
      35.783788
     ],
     [
      52.680818,
      35.747943
     ],
     [
      52.665908,
      35.725661
     ],
     [
      52.620857,
      35.704676
     ],
     [
      52.563982,
      35.700321
     ],
     [
      52.510606,
      35.694199
     ],
     [
      52.46644,
      35.683707
     ],
     [
      52.371921,
      35.66098
     ],
     [
      52.315048,
      35.6566
     ],
     [
      52.189549,
      35.669722
     ],
     [
      52.106449,
      35.674976
     ],
     [
      51.999352,
      35.71257
     ],
     [
      51.963505,
      35.729188
     ],
     [
      51.766287,
      35.747088
     ],
     [
      51.684528,
      35.754967
     ],
     [
      51.520939,
      35.737924
     ],
     [
      51.513944,
      35.730928
     ],
     [
      51.504287,
      35.703818
     ],
     [
      51.479293,
      35.639127
     ],
     [
      51.430217,
      35.562188
     ],
     [
      51.318326,
      35.612013
     ],
     [
      51.181534,
      35.672343
     ],
     [
      51.025501,
      35.738783
     ],
     [
      50.949455,
      35.777666
     ],
     [
      50.848523,
      35.830999
     ],
     [
      50.745398,
      35.901821
     ],
     [
      50.55183,
      36.013556
     ],
     [
      50.415954,
      36.095448
     ],
     [
      50.273948,
      36.171058
     ],
     [
      50.146314,
      36.235738
     ],
     [
      50.045402,
      36.273321
     ],
     [
      50.003515,
      36.289935
     ],
     [
      49.973728,
      36.292558
     ],
     [
      49.944423,
      36.273312
     ],
     [
      49.887548,
      36.237457
     ],
     [
      49.789513,
      36.166632
     ],
     [
      49.68233,
      36.096255
     ],
     [
      49.632449,
      36.05516
     ],
     [
      49.59744,
      36.030672
     ],
     [
      49.57031,
      36.016678
     ],
     [
      49.498233,
      36.049021
     ],
     [
      49.430931,
      36.076112
     ],
     [
      49.325646,
      36.120698
     ],
     [
      49.240879,
      36.156076
     ],
     [
      49.207668,
      36.177058
     ],
     [
      49.08757,
      36.270598
     ],
     [
      48.981471,
      36.358426
     ],
     [
      48.901981,
      36.419631
     ],
     [
      48.684935,
      36.589633
     ],
     [
      48.631646,
      36.627228
     ],
     [
      48.575304,
      36.65082
     ],
     [
      48.508032,
      36.68316
     ],
     [
      48.35469,
      36.742124
     ],
     [
      48.256831,
      36.785822
     ],
     [
      48.243808,
      36.813657
     ],
     [
      48.22053,
      36.847081
     ],
     [
      48.172284,
      36.906982
     ],
     [
      48.12093,
      36.968699
     ],
     [
      48.061872,
      37.041996
     ],
     [
      47.989229,
      37.127599
     ],
     [
      47.875001,
      37.281904
     ],
     [
      47.823653,
      37.353363
     ],
     [
      47.776638,
      37.368797
     ],
     [
      47.750939,
      37.380362
     ],
     [
      47.734272,
      37.4138
     ],
     [
      47.711185,
      37.461373
     ],
     [
      47.684203,
      37.471655
     ],
     [
      47.596051,
      37.489101
     ],
     [
      47.51122,
      37.509657
     ],
     [
      47.408926,
      37.527644
     ],
     [
      47.285548,
      37.557195
     ],
     [
      47.161422,
      37.586745
     ],
     [
      47.139579,
      37.602172
     ],
     [
      47.063788,
      37.647165
     ],
     [
      46.988536,
      37.696758
     ],
     [
      46.923035,
      37.744319
     ],
     [
      46.863965,
      37.78675
     ],
     [
      46.805431,
      37.831747
     ],
     [
      46.742487,
      37.872337
     ],
     [
      46.693699,
      37.921198
     ],
     [
      46.649281,
      37.944339
     ],
     [
      46.612014,
      37.959761
     ],
     [
      46.558056,
      37.977756
     ],
     [
      46.525917,
      37.981596
     ],
     [
      46.477086,
      37.988009
     ],
     [
      46.448061,
      37.995723
     ],
     [
      46.409493,
      37.995712
     ],
     [
      46.377394,
      38.011134
     ],
     [
      46.334983,
      38.022693
     ],
     [
      46.299008,
      38.034265
     ],
     [
      46.272566,
      38.045828
     ],
     [
      46.213433,
      38.045811
     ],
     [
      46.190326,
      38.062519
     ],
     [
      46.167946,
      38.062512
     ]
    ]
   }
  },
  {
   "type": "Feature",
   "properties": {
    "id": "ME2026-0217",
    "commodity": "oil",
    "status_class": "in_service",
    "name": null,
    "name_dist_pt": null,
    "name_ambiguous": null,
    "name_confidence": null,
    "commodity_conflict": null,
    "other_names": null,
    "diameter_in": null,
    "length_km": 31.51,
    "n_vertices": 7,
    "legend_class": "oil_in_service",
    "stroke_rgb": "#00922f",
    "dashed": false,
    "source_map": "me2026",
    "source_file": "../energy-map-of-the-middle-east-2026-peregrine-bush.pdf",
    "source_page": 1,
    "source_title": "Energy Infrastructure Map of the Middle East, 2026 edition",
    "source_publisher": "Petroleum Economist / World Oil / Gulf Energy Information / Global Energy Infrastructure",
    "geometry_source": "stroke",
    "georef_order": 2,
    "georef_source": "map's own coastline vector registered to Natural Earth 10m coastline+lakes by trimmed ICP",
    "georef_insample_rmse_km": 0.97,
    "georef_holdout_layer": "ne_10m_admin_0_countries vs the map's own border strokes",
    "georef_holdout_median_km": 1.45,
    "georef_holdout_rmse_km": 1.6,
    "drawn_feature_offset_median_km": 2.39,
    "accuracy_tier": "medium"
   },
   "geometry": {
    "type": "LineString",
    "coordinates": [
     [
      53.26527,
      36.85585
     ],
     [
      53.261732,
      36.808888
     ],
     [
      53.252924,
      36.760799
     ],
     [
      53.237479,
      36.648453
     ],
     [
      53.21383,
      36.634462
     ],
     [
      53.198055,
      36.610861
     ],
     [
      53.183528,
      36.58899
     ]
    ]
   }
  },
  {
   "type": "Feature",
   "properties": {
    "id": "ME2026-0218",
    "commodity": "oil",
    "status_class": "in_service",
    "name": null,
    "name_dist_pt": null,
    "name_ambiguous": null,
    "name_confidence": null,
    "commodity_conflict": null,
    "other_names": null,
    "diameter_in": null,
    "length_km": 189.09,
    "n_vertices": 16,
    "legend_class": "oil_in_service",
    "stroke_rgb": "#00922f",
    "dashed": false,
    "source_map": "me2026",
    "source_file": "../energy-map-of-the-middle-east-2026-peregrine-bush.pdf",
    "source_page": 1,
    "source_title": "Energy Infrastructure Map of the Middle East, 2026 edition",
    "source_publisher": "Petroleum Economist / World Oil / Gulf Energy Information / Global Energy Infrastructure",
    "geometry_source": "stroke",
    "georef_order": 2,
    "georef_source": "map's own coastline vector registered to Natural Earth 10m coastline+lakes by trimmed ICP",
    "georef_insample_rmse_km": 0.97,
    "georef_holdout_layer": "ne_10m_admin_0_countries vs the map's own border strokes",
    "georef_holdout_median_km": 1.45,
    "georef_holdout_rmse_km": 1.6,
    "drawn_feature_offset_median_km": 2.39,
    "accuracy_tier": "medium"
   },
   "geometry": {
    "type": "LineString",
    "coordinates": [
     [
      54.065492,
      39.608168
     ],
     [
      54.19433,
      39.653278
     ],
     [
      54.230073,
      39.649014
     ],
     [
      54.24368,
      39.60731
     ],
     [
      54.295692,
      39.537277
     ],
     [
      54.347738,
      39.494589
     ],
     [
      54.474838,
      39.438229
     ],
     [
      54.558247,
      39.237697
     ],
     [
      54.361975,
      39.319689
     ],
     [
      54.253489,
      39.341898
     ],
     [
      54.170752,
      39.344458
     ],
     [
      54.140023,
      39.362388
     ],
     [
      54.048125,
      39.596209
     ],
     [
      53.914517,
      39.839294
     ],
     [
      53.875037,
      39.967046
     ],
     [
      53.819264,
      40.015616
     ]
    ]
   }
  },
  {
   "type": "Feature",
   "properties": {
    "id": "ME2026-0219",
    "commodity": "oil",
    "status_class": "in_service",
    "name": null,
    "name_dist_pt": null,
    "name_ambiguous": null,
    "name_confidence": null,
    "commodity_conflict": null,
    "other_names": null,
    "diameter_in": null,
    "length_km": 176.81,
    "n_vertices": 22,
    "legend_class": "oil_in_service",
    "stroke_rgb": "#00922f",
    "dashed": false,
    "source_map": "me2026",
    "source_file": "../energy-map-of-the-middle-east-2026-peregrine-bush.pdf",
    "source_page": 1,
    "source_title": "Energy Infrastructure Map of the Middle East, 2026 edition",
    "source_publisher": "Petroleum Economist / World Oil / Gulf Energy Information / Global Energy Infrastructure",
    "geometry_source": "stroke",
    "georef_order": 2,
    "georef_source": "map's own coastline vector registered to Natural Earth 10m coastline+lakes by trimmed ICP",
    "georef_insample_rmse_km": 0.97,
    "georef_holdout_layer": "ne_10m_admin_0_countries vs the map's own border strokes",
    "georef_holdout_median_km": 1.45,
    "georef_holdout_rmse_km": 1.6,
    "drawn_feature_offset_median_km": 2.39,
    "accuracy_tier": "medium"
   },
   "geometry": {
    "type": "LineString",
    "coordinates": [
     [
      53.876385,
      39.961974
     ],
     [
      53.843742,
      39.921276
     ],
     [
      53.785637,
      39.838452
     ],
     [
      53.753039,
      39.766002
     ],
     [
      53.71626,
      39.641898
     ],
     [
      53.706633,
      39.607337
     ],
     [
      53.739086,
      39.593657
     ],
     [
      53.774067,
      39.562932
     ],
     [
      53.782562,
      39.550342
     ],
     [
      53.774836,
      39.507417
     ],
     [
      53.766146,
      39.423757
     ],
     [
      53.766122,
      39.409376
     ],
     [
      53.816512,
      39.393153
     ],
     [
      53.941076,
      39.363259
     ],
     [
      54.06992,
      39.34105
     ],
     [
      54.106658,
      39.338482
     ],
     [
      54.170752,
      39.344458
     ],
     [
      54.155409,
      39.370074
     ],
     [
      54.061809,
      39.608168
     ],
     [
      53.92992,
      39.850394
     ],
     [
      53.903583,
      39.934759
     ],
     [
      53.876385,
      39.961974
     ]
    ]
   }
  },
  {
   "type": "Feature",
   "properties": {
    "id": "ME2026-0220",
    "commodity": "oil",
    "status_class": "in_service",
    "name": null,
    "name_dist_pt": null,
    "name_ambiguous": null,
    "name_confidence": null,
    "commodity_conflict": null,
    "other_names": null,
    "diameter_in": null,
    "length_km": 164.88,
    "n_vertices": 19,
    "legend_class": "oil_in_service",
    "stroke_rgb": "#00922f",
    "dashed": false,
    "source_map": "me2026",
    "source_file": "../energy-map-of-the-middle-east-2026-peregrine-bush.pdf",
    "source_page": 1,
    "source_title": "Energy Infrastructure Map of the Middle East, 2026 edition",
    "source_publisher": "Petroleum Economist / World Oil / Gulf Energy Information / Global Energy Infrastructure",
    "geometry_source": "stroke",
    "georef_order": 2,
    "georef_source": "map's own coastline vector registered to Natural Earth 10m coastline+lakes by trimmed ICP",
    "georef_insample_rmse_km": 0.97,
    "georef_holdout_layer": "ne_10m_admin_0_countries vs the map's own border strokes",
    "georef_holdout_median_km": 1.45,
    "georef_holdout_rmse_km": 1.6,
    "drawn_feature_offset_median_km": 2.39,
    "accuracy_tier": "medium"
   },
   "geometry": {
    "type": "LineString",
    "coordinates": [
     [
      53.856158,
      38.058736
     ],
     [
      53.95276,
      38.097876
     ],
     [
      54.021854,
      38.112372
     ],
     [
      54.032123,
      38.118351
     ],
     [
      54.039847,
      38.147378
     ],
     [
      54.04332,
      38.18581
     ],
     [
      54.046796,
      38.225077
     ],
     [
      54.053698,
      38.263364
     ],
     [
      54.038418,
      38.33252
     ],
     [
      54.074436,
      38.414479
     ],
     [
      54.22246,
      38.510799
     ],
     [
      54.329125,
      38.548376
     ],
     [
      54.374567,
      38.642295
     ],
     [
      54.475403,
      38.730944
     ],
     [
      54.589967,
      38.772769
     ],
     [
      54.603547,
      38.802655
     ],
     [
      54.603714,
      38.907534
     ],
     [
      54.57349,
      39.149884
     ],
     [
      54.558247,
      39.237697
     ]
    ]
   }
  },
  {
   "type": "Feature",
   "properties": {
    "id": "ME2026-0221",
    "commodity": "oil",
    "status_class": "in_service",
    "name": null,
    "name_dist_pt": null,
    "name_ambiguous": null,
    "name_confidence": null,
    "commodity_conflict": null,
    "other_names": null,
    "diameter_in": null,
    "length_km": 149.25,
    "n_vertices": 23,
    "legend_class": "oil_in_service",
    "stroke_rgb": "#00922f",
    "dashed": false,
    "source_map": "me2026",
    "source_file": "../energy-map-of-the-middle-east-2026-peregrine-bush.pdf",
    "source_page": 1,
    "source_title": "Energy Infrastructure Map of the Middle East, 2026 edition",
    "source_publisher": "Petroleum Economist / World Oil / Gulf Energy Information / Global Energy Infrastructure",
    "geometry_source": "stroke",
    "georef_order": 2,
    "georef_source": "map's own coastline vector registered to Natural Earth 10m coastline+lakes by trimmed ICP",
    "georef_insample_rmse_km": 0.97,
    "georef_holdout_layer": "ne_10m_admin_0_countries vs the map's own border strokes",
    "georef_holdout_median_km": 1.45,
    "georef_holdout_rmse_km": 1.6,
    "drawn_feature_offset_median_km": 2.39,
    "accuracy_tier": "medium"
   },
   "geometry": {
    "type": "LineString",
    "coordinates": [
     [
      53.139512,
      39.45963
     ],
     [
      53.181359,
      39.451943
     ],
     [
      53.241583,
      39.452632
     ],
     [
      53.295673,
      39.43572
     ],
     [
      53.457827,
      39.414508
     ],
     [
      53.543295,
      39.428886
     ],
     [
      53.612532,
      39.450225
     ],
     [
      53.693576,
      39.454483
     ],
     [
      53.755157,
      39.496329
     ],
     [
      53.779726,
      39.534641
     ],
     [
      53.685055,
      39.473283
     ],
     [
      53.615134,
      39.470719
     ],
     [
      53.541619,
      39.448521
     ],
     [
      53.458723,
      39.436575
     ],
     [
      53.304246,
      39.456202
     ],
     [
      53.246325,
      39.471577
     ],
     [
      53.180543,
      39.471578
     ],
     [
      53.139516,
      39.462185
     ],
     [
      53.095953,
      39.464751
     ],
     [
      53.04741,
      39.473298
     ],
     [
      52.984197,
      39.480126
     ],
     [
      52.897106,
      39.512568
     ],
     [
      52.816885,
      39.479267
     ]
    ]
   }
  },
  {
   "type": "Feature",
   "properties": {
    "id": "ME2026-0222",
    "commodity": "oil",
    "status_class": "in_service",
    "name": "Ahwaz-Tehran Pipeline",
    "name_dist_pt": 0.0,
    "name_ambiguous": false,
    "name_confidence": "high",
    "commodity_conflict": null,
    "other_names": null,
    "diameter_in": "30/26",
    "length_km": 268.95,
    "n_vertices": 34,
    "legend_class": "oil_in_service",
    "stroke_rgb": "#00922f",
    "dashed": false,
    "source_map": "me2026",
    "source_file": "../energy-map-of-the-middle-east-2026-peregrine-bush.pdf",
    "source_page": 1,
    "source_title": "Energy Infrastructure Map of the Middle East, 2026 edition",
    "source_publisher": "Petroleum Economist / World Oil / Gulf Energy Information / Global Energy Infrastructure",
    "geometry_source": "stroke",
    "georef_order": 2,
    "georef_source": "map's own coastline vector registered to Natural Earth 10m coastline+lakes by trimmed ICP",
    "georef_insample_rmse_km": 0.97,
    "georef_holdout_layer": "ne_10m_admin_0_countries vs the map's own border strokes",
    "georef_holdout_median_km": 1.45,
    "georef_holdout_rmse_km": 1.6,
    "drawn_feature_offset_median_km": 2.39,
    "accuracy_tier": "medium"
   },
   "geometry": {
    "type": "LineString",
    "coordinates": [
     [
      51.428692,
      35.562865
     ],
     [
      51.40691,
      35.55259
     ],
     [
      51.386826,
      35.501902
     ],
     [
      51.260704,
      35.385858
     ],
     [
      51.203971,
      35.311775
     ],
     [
      51.14384,
      35.228991
     ],
     [
      51.023199,
      35.189303
     ],
     [
      50.972274,
      35.119566
     ],
     [
      50.90294,
      35.05277
     ],
     [
      50.876165,
      34.921093
     ],
     [
      50.832849,
      34.714382
     ],
     [
      50.826825,
      34.660817
     ],
     [
      50.821145,
      34.6229
     ],
     [
      50.787703,
      34.594822
     ],
     [
      50.623012,
      34.546866
     ],
     [
      50.482512,
      34.485393
     ],
     [
      50.42194,
      34.428764
     ],
     [
      50.351686,
      34.374034
     ],
     [
      50.227639,
      34.293682
     ],
     [
      50.112321,
      34.224464
     ],
     [
      50.029966,
      34.166345
     ],
     [
      49.973289,
      34.137308
     ],
     [
      49.926747,
      34.098095
     ],
     [
      49.894797,
      34.090832
     ],
     [
      49.805234,
      34.073411
     ],
     [
      49.751952,
      34.073407
     ],
     [
      49.680304,
      34.06856
     ],
     [
      49.654157,
      34.064686
     ],
     [
      49.615885,
      34.039027
     ],
     [
      49.585866,
      34.024502
     ],
     [
      49.548557,
      34.018218
     ],
     [
      49.510795,
      34.018215
     ],
     [
      49.499173,
      34.016265
     ],
     [
      49.490849,
      34.018685
     ]
    ]
   }
  },
  {
   "type": "Feature",
   "properties": {
    "id": "ME2026-0223",
    "commodity": "oil",
    "status_class": "in_service",
    "name": null,
    "name_dist_pt": null,
    "name_ambiguous": null,
    "name_confidence": null,
    "commodity_conflict": null,
    "other_names": null,
    "diameter_in": null,
    "length_km": 47.35,
    "n_vertices": 8,
    "legend_class": "oil_in_service",
    "stroke_rgb": "#00922f",
    "dashed": false,
    "source_map": "me2026",
    "source_file": "../energy-map-of-the-middle-east-2026-peregrine-bush.pdf",
    "source_page": 1,
    "source_title": "Energy Infrastructure Map of the Middle East, 2026 edition",
    "source_publisher": "Petroleum Economist / World Oil / Gulf Energy Information / Global Energy Infrastructure",
    "geometry_source": "stroke",
    "georef_order": 2,
    "georef_source": "map's own coastline vector registered to Natural Earth 10m coastline+lakes by trimmed ICP",
    "georef_insample_rmse_km": 0.97,
    "georef_holdout_layer": "ne_10m_admin_0_countries vs the map's own border strokes",
    "georef_holdout_median_km": 1.45,
    "georef_holdout_rmse_km": 1.6,
    "drawn_feature_offset_median_km": 2.39,
    "accuracy_tier": "medium"
   },
   "geometry": {
    "type": "LineString",
    "coordinates": [
     [
      49.450331,
      40.037639
     ],
     [
      49.371966,
      39.985841
     ],
     [
      49.350134,
      39.981164
     ],
     [
      49.309575,
      39.974911
     ],
     [
      49.20665,
      39.965536
     ],
     [
      49.128348,
      39.949931
     ],
     [
      49.087779,
      39.937443
     ],
     [
      48.929964,
      39.925006
     ]
    ]
   }
  },
  {
   "type": "Feature",
   "properties": {
    "id": "ME2026-0224",
    "commodity": "oil",
    "status_class": "in_service",
    "name": "Esfahan-Kerman Pipeline",
    "name_dist_pt": 39.1,
    "name_ambiguous": true,
    "name_confidence": "low",
    "commodity_conflict": null,
    "other_names": null,
    "diameter_in": "16",
    "length_km": 541.51,
    "n_vertices": 47,
    "legend_class": "oil_in_service",
    "stroke_rgb": "#00922f",
    "dashed": false,
    "source_map": "me2026",
    "source_file": "../energy-map-of-the-middle-east-2026-peregrine-bush.pdf",
    "source_page": 1,
    "source_title": "Energy Infrastructure Map of the Middle East, 2026 edition",
    "source_publisher": "Petroleum Economist / World Oil / Gulf Energy Information / Global Energy Infrastructure",
    "geometry_source": "stroke",
    "georef_order": 2,
    "georef_source": "map's own coastline vector registered to Natural Earth 10m coastline+lakes by trimmed ICP",
    "georef_insample_rmse_km": 0.97,
    "georef_holdout_layer": "ne_10m_admin_0_countries vs the map's own border strokes",
    "georef_holdout_median_km": 1.45,
    "georef_holdout_rmse_km": 1.6,
    "drawn_feature_offset_median_km": 2.39,
    "accuracy_tier": "medium"
   },
   "geometry": {
    "type": "LineString",
    "coordinates": [
     [
      55.859209,
      30.368297
     ],
     [
      55.817812,
      30.372701
     ],
     [
      55.726159,
      30.416711
     ],
     [
      55.663652,
      30.451033
     ],
     [
      55.404818,
      30.729248
     ],
     [
      55.228736,
      30.960733
     ],
     [
      55.186491,
      30.995049
     ],
     [
      55.027089,
      31.118236
     ],
     [
      54.961874,
      31.183439
     ],
     [
      54.821973,
      31.343651
     ],
     [
      54.674949,
      31.513545
     ],
     [
      54.484719,
      31.612993
     ],
     [
      54.476258,
      31.687042
     ],
     [
      54.461442,
      31.749718
     ],
     [
      54.442066,
      31.835424
     ],
     [
      54.426089,
      31.883941
     ],
     [
      54.41581,
      31.906803
     ],
     [
      54.364977,
      31.929659
     ],
     [
      54.282653,
      31.955945
     ],
     [
      54.250637,
      31.969661
     ],
     [
      54.026083,
      32.127899
     ],
     [
      53.977553,
      32.163328
     ],
     [
      53.929615,
      32.287255
     ],
     [
      53.882757,
      32.322683
     ],
     [
      53.775926,
      32.379842
     ],
     [
      53.62731,
      32.433544
     ],
     [
      53.56848,
      32.459231
     ],
     [
      53.49306,
      32.515222
     ],
     [
      53.33596,
      32.626068
     ],
     [
      53.218871,
      32.713455
     ],
     [
      53.169729,
      32.746582
     ],
     [
      53.132024,
      32.784295
     ],
     [
      53.094295,
      32.778587
     ],
     [
      53.041131,
      32.752319
     ],
     [
      52.980512,
      32.730614
     ],
     [
      52.915329,
      32.70891
     ],
     [
      52.878732,
      32.708913
     ],
     [
      52.802746,
      32.715782
     ],
     [
      52.735306,
      32.729498
     ],
     [
      52.665573,
      32.738641
     ],
     [
      52.581556,
      32.723799
     ],
     [
      52.509524,
      32.71808
     ],
     [
      52.402655,
      32.712375
     ],
     [
      52.157462,
      32.698679
     ],
     [
      51.961425,
      32.682703
     ],
     [
      51.764324,
      32.748979
     ],
     [
      51.518066,
      32.776481
     ]
    ]
   }
  },
  {
   "type": "Feature",
   "properties": {
    "id": "ME2026-0225",
    "commodity": "oil",
    "status_class": "in_service",
    "name": null,
    "name_dist_pt": null,
    "name_ambiguous": null,
    "name_confidence": null,
    "commodity_conflict": null,
    "other_names": null,
    "diameter_in": null,
    "length_km": 96.35,
    "n_vertices": 13,
    "legend_class": "oil_in_service",
    "stroke_rgb": "#00922f",
    "dashed": false,
    "source_map": "me2026",
    "source_file": "../energy-map-of-the-middle-east-2026-peregrine-bush.pdf",
    "source_page": 1,
    "source_title": "Energy Infrastructure Map of the Middle East, 2026 edition",
    "source_publisher": "Petroleum Economist / World Oil / Gulf Energy Information / Global Energy Infrastructure",
    "geometry_source": "stroke",
    "georef_order": 2,
    "georef_source": "map's own coastline vector registered to Natural Earth 10m coastline+lakes by trimmed ICP",
    "georef_insample_rmse_km": 0.97,
    "georef_holdout_layer": "ne_10m_admin_0_countries vs the map's own border strokes",
    "georef_holdout_median_km": 1.45,
    "georef_holdout_rmse_km": 1.6,
    "drawn_feature_offset_median_km": 2.39,
    "accuracy_tier": "medium"
   },
   "geometry": {
    "type": "LineString",
    "coordinates": [
     [
      56.802997,
      30.204933
     ],
     [
      56.683053,
      30.258903
     ],
     [
      56.572981,
      30.302923
     ],
     [
      56.473378,
      30.341736
     ],
     [
      56.456629,
      30.337348
     ],
     [
      56.384404,
      30.325921
     ],
     [
      56.295889,
      30.322147
     ],
     [
      56.161421,
      30.326686
     ],
     [
      56.141118,
      30.333032
     ],
     [
      56.053928,
      30.332257
     ],
     [
      55.961858,
      30.334061
     ],
     [
      55.915575,
      30.373558
     ],
     [
      55.859584,
      30.368297
     ]
    ]
   }
  },
  {
   "type": "Feature",
   "properties": {
    "id": "ME2026-0226",
    "commodity": "oil",
    "status_class": "in_service",
    "name": null,
    "name_dist_pt": null,
    "name_ambiguous": null,
    "name_confidence": null,
    "commodity_conflict": null,
    "other_names": null,
    "diameter_in": null,
    "length_km": 607.28,
    "n_vertices": 117,
    "legend_class": "oil_in_service",
    "stroke_rgb": "#00922f",
    "dashed": false,
    "source_map": "me2026",
    "source_file": "../energy-map-of-the-middle-east-2026-peregrine-bush.pdf",
    "source_page": 1,
    "source_title": "Energy Infrastructure Map of the Middle East, 2026 edition",
    "source_publisher": "Petroleum Economist / World Oil / Gulf Energy Information / Global Energy Infrastructure",
    "geometry_source": "stroke",
    "georef_order": 2,
    "georef_source": "map's own coastline vector registered to Natural Earth 10m coastline+lakes by trimmed ICP",
    "georef_insample_rmse_km": 0.97,
    "georef_holdout_layer": "ne_10m_admin_0_countries vs the map's own border strokes",
    "georef_holdout_median_km": 1.45,
    "georef_holdout_rmse_km": 1.6,
    "drawn_feature_offset_median_km": 2.39,
    "accuracy_tier": "medium"
   },
   "geometry": {
    "type": "LineString",
    "coordinates": [
     [
      48.64645,
      32.664361
     ],
     [
      48.642357,
      32.645011
     ],
     [
      48.642342,
      32.625541
     ],
     [
      48.648435,
      32.601098
     ],
     [
      48.648416,
      32.575637
     ],
     [
      48.660622,
      32.553228
     ],
     [
      48.691149,
      32.530832
     ],
     [
      48.711521,
      32.521674
     ],
     [
      48.743076,
      32.513521
     ],
     [
      48.77566,
      32.506397
     ],
     [
      48.807363,
      32.502335
     ],
     [
      48.828745,
      32.499275
     ],
     [
      48.850118,
      32.485022
     ],
     [
      48.876582,
      32.465676
     ],
     [
      48.892879,
      32.459566
     ],
     [
      48.917319,
      32.451425
     ],
     [
      48.95091,
      32.446333
     ],
     [
      48.969244,
      32.446335
     ],
     [
      48.98973,
      32.425838
     ],
     [
      49.012123,
      32.398359
     ],
     [
      49.035523,
      32.374922
     ],
     [
      49.060975,
      32.359653
     ],
     [
      49.072167,
      32.339288
     ],
     [
      49.080302,
      32.326062
     ],
     [
      49.083343,
      32.313841
     ],
     [
      49.076196,
      32.287351
     ],
     [
      49.064975,
      32.268001
     ],
     [
      49.070056,
      32.248531
     ],
     [
      49.075134,
      32.224088
     ],
     [
      49.081232,
      32.20474
     ],
     [
      49.086316,
      32.189469
     ],
     [
      49.086299,
      32.165025
     ],
     [
      49.079153,
      32.140581
     ],
     [
      49.07914,
      32.121232
     ],
     [
      49.083196,
      32.106978
     ],
     [
      49.107637,
      32.098836
     ],
     [
      49.126986,
      32.095788
     ],
     [
      49.146331,
      32.085601
     ],
     [
      49.168721,
      32.070332
     ],
     [
      49.168716,
      32.063071
     ],
     [
      49.151406,
      32.057975
     ],
     [
      49.135092,
      32.039642
     ],
     [
      49.135081,
      32.02437
     ],
     [
      49.127943,
      32.009341
     ],
     [
      49.128947,
      31.990766
     ],
     [
      49.134031,
      31.974479
     ],
     [
      49.14523,
      31.963275
     ],
     [
      49.145214,
      31.940877
     ],
     [
      49.142142,
      31.925593
     ],
     [
      49.132953,
      31.902178
     ],
     [
      49.123776,
      31.879767
     ],
     [
      49.116646,
      31.858263
     ],
     [
      49.113568,
      31.833808
     ],
     [
      49.13085,
      31.797157
     ],
     [
      49.159356,
      31.76865
     ],
     [
      49.055421,
      31.692263
     ],
     [
      49.016568,
      31.664804
     ],
     [
      48.898769,
      31.569213
     ],
     [
      48.824811,
      31.502183
     ],
     [
      48.775735,
      31.455411
     ],
     [
      48.729694,
      31.422893
     ],
     [
      48.697173,
      31.415001
     ],
     [
      48.664626,
      31.383464
     ],
     [
      48.652825,
      31.419074
     ],
     [
      48.616109,
      31.650442
     ],
     [
      48.583505,
      31.683061
     ],
     [
      48.552982,
      31.7136
     ],
     [
      48.500131,
      31.871566
     ],
     [
      48.476787,
      31.978484
     ],
     [
      48.435161,
      32.174134
     ],
     [
      48.388273,
      32.299504
     ],
     [
      48.28867,
      32.563373
     ],
     [
      48.258174,
      32.641783
     ],
     [
      48.251081,
      32.687741
     ],
     [
      48.23584,
      32.726426
     ],
     [
      48.151213,
      32.764097
     ],
     [
      48.128839,
      32.794649
     ],
     [
      48.115639,
      32.843644
     ],
     [
      48.127885,
      32.876233
     ],
     [
      48.114665,
      32.899659
     ],
     [
      48.11468,
      32.919008
     ],
     [
      48.134059,
      32.95771
     ],
     [
      48.190076,
      32.978084
     ],
     [
      48.210592,
      33.001514
     ],
     [
      48.214695,
      33.033207
     ],
     [
      48.238147,
      33.064782
     ],
     [
      48.235099,
      33.082086
     ],
     [
      48.180002,
      33.10754
     ],
     [
      48.142381,
      33.181884
     ],
     [
      48.119991,
      33.192058
     ],
     [
      48.123054,
      33.209363
     ],
     [
      48.160743,
      33.219569
     ],
     [
      48.209764,
      33.235985
     ],
     [
      48.22506,
      33.267572
     ],
     [
      48.211849,
      33.284874
     ],
     [
      48.211861,
      33.300146
     ],
     [
      48.221041,
      33.323575
     ],
     [
      48.16086,
      33.362267
     ],
     [
      48.149666,
      33.375504
     ],
     [
      48.164964,
      33.392944
     ],
     [
      48.197566,
      33.425537
     ],
     [
      48.248631,
      33.440816
     ],
     [
      48.301571,
      33.425552
     ],
     [
      48.333139,
      33.435733
     ],
     [
      48.436157,
      33.467319
     ],
     [
      48.511543,
      33.505013
     ],
     [
      48.632837,
      33.479566
     ],
     [
      48.708215,
      33.490781
     ],
     [
      48.757122,
      33.509121
     ],
     [
      48.862181,
      33.554961
     ],
     [
      48.90699,
      33.548854
     ],
     [
      48.927368,
      33.561079
     ],
     [
      48.953922,
      33.645611
     ],
     [
      49.063121,
      33.754706
     ],
     [
      49.157841,
      33.760839
     ],
     [
      49.293502,
      33.829202
     ],
     [
      49.487516,
      34.014522
     ]
    ]
   }
  },
  {
   "type": "Feature",
   "properties": {
    "id": "ME2026-0227",
    "commodity": "oil",
    "status_class": "in_service",
    "name": null,
    "name_dist_pt": null,
    "name_ambiguous": null,
    "name_confidence": null,
    "commodity_conflict": null,
    "other_names": null,
    "diameter_in": null,
    "length_km": 811.52,
    "n_vertices": 113,
    "legend_class": "oil_in_service",
    "stroke_rgb": "#00922f",
    "dashed": false,
    "source_map": "me2026",
    "source_file": "../energy-map-of-the-middle-east-2026-peregrine-bush.pdf",
    "source_page": 1,
    "source_title": "Energy Infrastructure Map of the Middle East, 2026 edition",
    "source_publisher": "Petroleum Economist / World Oil / Gulf Energy Information / Global Energy Infrastructure",
    "geometry_source": "stroke",
    "georef_order": 2,
    "georef_source": "map's own coastline vector registered to Natural Earth 10m coastline+lakes by trimmed ICP",
    "georef_insample_rmse_km": 0.97,
    "georef_holdout_layer": "ne_10m_admin_0_countries vs the map's own border strokes",
    "georef_holdout_median_km": 1.45,
    "georef_holdout_rmse_km": 1.6,
    "drawn_feature_offset_median_km": 2.39,
    "accuracy_tier": "medium"
   },
   "geometry": {
    "type": "LineString",
    "coordinates": [
     [
      51.429067,
      35.562865
     ],
     [
      51.402956,
      35.492995
     ],
     [
      51.271439,
      35.370742
     ],
     [
      51.218975,
      35.303062
     ],
     [
      51.151563,
      35.216901
     ],
     [
      51.030932,
      35.175749
     ],
     [
      50.985825,
      35.111349
     ],
     [
      50.916997,
      35.0431
     ],
     [
      50.891175,
      34.919629
     ],
     [
      50.850763,
      34.710994
     ],
     [
      50.845387,
      34.663069
     ],
     [
      50.839526,
      34.614671
     ],
     [
      50.790605,
      34.579815
     ],
     [
      50.627841,
      34.533808
     ],
     [
      50.491211,
      34.468462
     ],
     [
      50.433474,
      34.414569
     ],
     [
      50.363196,
      34.35927
     ],
     [
      50.234255,
      34.275553
     ],
     [
      50.122159,
      34.208235
     ],
     [
      50.040457,
      34.150044
     ],
     [
      49.983707,
      34.120536
     ],
     [
      49.937092,
      34.081081
     ],
     [
      49.896365,
      34.07234
     ],
     [
      49.807637,
      34.054266
     ],
     [
      49.752552,
      34.055097
     ],
     [
      49.684608,
      34.050311
     ],
     [
      49.659876,
      34.04594
     ],
     [
      49.625577,
      34.022884
     ],
     [
      49.592531,
      34.0071
     ],
     [
      49.550936,
      33.999412
     ],
     [
      49.51459,
      33.99982
     ],
     [
      49.497547,
      33.997907
     ],
     [
      49.482708,
      33.985066
     ],
     [
      49.303715,
      33.813568
     ],
     [
      49.163599,
      33.744127
     ],
     [
      49.070838,
      33.736675
     ],
     [
      48.969863,
      33.635351
     ],
     [
      48.94268,
      33.549536
     ],
     [
      48.910507,
      33.529662
     ],
     [
      48.863859,
      33.53503
     ],
     [
      48.765699,
      33.491199
     ],
     [
      48.713354,
      33.47102
     ],
     [
      48.632336,
      33.45966
     ],
     [
      48.513763,
      33.48392
     ],
     [
      48.443439,
      33.449555
     ],
     [
      48.341208,
      33.418647
     ],
     [
      48.298324,
      33.406589
     ],
     [
      48.248856,
      33.420208
     ],
     [
      48.206917,
      33.408149
     ],
     [
      48.177815,
      33.379138
     ],
     [
      48.176878,
      33.372833
     ],
     [
      48.203654,
      33.354552
     ],
     [
      48.241834,
      33.329024
     ],
     [
      48.232044,
      33.298443
     ],
     [
      48.233934,
      33.286789
     ],
     [
      48.246214,
      33.269135
     ],
     [
      48.224103,
      33.221781
     ],
     [
      48.174526,
      33.205377
     ],
     [
      48.143956,
      33.199382
     ],
     [
      48.148356,
      33.194022
     ],
     [
      48.157801,
      33.187416
     ],
     [
      48.194001,
      33.121845
     ],
     [
      48.249534,
      33.096017
     ],
     [
      48.257384,
      33.060707
     ],
     [
      48.234038,
      33.025961
     ],
     [
      48.228966,
      32.993179
     ],
     [
      48.200808,
      32.96164
     ],
     [
      48.149099,
      32.941775
     ],
     [
      48.135525,
      32.913094
     ],
     [
      48.135215,
      32.903631
     ],
     [
      48.147791,
      32.876853
     ],
     [
      48.137359,
      32.843743
     ],
     [
      48.147733,
      32.801125
     ],
     [
      48.165987,
      32.778753
     ],
     [
      48.249573,
      32.741239
     ],
     [
      48.269708,
      32.692705
     ],
     [
      48.277237,
      32.647315
     ],
     [
      48.307754,
      32.565929
     ],
     [
      48.404411,
      32.309597
     ],
     [
      48.453812,
      32.179339
     ],
     [
      48.49591,
      31.983217
     ],
     [
      48.519168,
      31.874484
     ],
     [
      48.569965,
      31.72264
     ],
     [
      48.604491,
      31.68719
     ],
     [
      48.63407,
      31.655731
     ],
     [
      48.671232,
      31.42175
     ],
     [
      48.664626,
      31.383464
     ],
     [
      48.681384,
      31.380513
     ],
     [
      48.795128,
      31.306603
     ],
     [
      49.099145,
      31.324366
     ],
     [
      49.306585,
      31.337194
     ],
     [
      49.329274,
      31.351982
     ],
     [
      49.349986,
      31.378592
     ],
     [
      49.378053,
      31.400265
     ],
     [
      49.441164,
      31.451514
     ],
     [
      49.458911,
      31.458412
     ],
     [
      49.499321,
      31.456454
     ],
     [
      49.484544,
      31.477061
     ],
     [
      49.465834,
      31.497304
     ],
     [
      49.434314,
      31.528836
     ],
     [
      49.388983,
      31.556434
     ],
     [
      49.360941,
      31.575152
     ],
     [
      49.327462,
      31.608656
     ],
     [
      49.312683,
      31.623442
     ],
     [
      49.288051,
      31.637235
     ],
     [
      49.27328,
      31.646104
     ],
     [
      49.241754,
      31.666793
     ],
     [
      49.228685,
      31.687835
     ],
     [
      49.215454,
      31.701447
     ],
     [
      49.20833,
      31.708574
     ],
     [
      49.208341,
      31.724861
     ],
     [
      49.192046,
      31.735932
     ],
     [
      49.159356,
      31.76865
     ]
    ]
   }
  },
  {
   "type": "Feature",
   "properties": {
    "id": "ME2026-0228",
    "commodity": "oil",
    "status_class": "in_service",
    "name": null,
    "name_dist_pt": null,
    "name_ambiguous": null,
    "name_confidence": null,
    "commodity_conflict": null,
    "other_names": null,
    "diameter_in": "8",
    "length_km": 425.99,
    "n_vertices": 166,
    "legend_class": "oil_in_service",
    "stroke_rgb": "#00922f",
    "dashed": false,
    "source_map": "me2026",
    "source_file": "../energy-map-of-the-middle-east-2026-peregrine-bush.pdf",
    "source_page": 1,
    "source_title": "Energy Infrastructure Map of the Middle East, 2026 edition",
    "source_publisher": "Petroleum Economist / World Oil / Gulf Energy Information / Global Energy Infrastructure",
    "geometry_source": "stroke",
    "georef_order": 2,
    "georef_source": "map's own coastline vector registered to Natural Earth 10m coastline+lakes by trimmed ICP",
    "georef_insample_rmse_km": 0.97,
    "georef_holdout_layer": "ne_10m_admin_0_countries vs the map's own border strokes",
    "georef_holdout_median_km": 1.45,
    "georef_holdout_rmse_km": 1.6,
    "drawn_feature_offset_median_km": 2.39,
    "accuracy_tier": "medium"
   },
   "geometry": {
    "type": "LineString",
    "coordinates": [
     [
      45.490984,
      34.001751
     ],
     [
      45.496888,
      34.018235
     ],
     [
      45.50397,
      34.03945
     ],
     [
      45.509485,
      34.052811
     ],
     [
      45.5095,
      34.07008
     ],
     [
      45.515009,
      34.091295
     ],
     [
      45.52366,
      34.107791
     ],
     [
      45.538586,
      34.122716
     ],
     [
      45.559013,
      34.134508
     ],
     [
      45.581785,
      34.144716
     ],
     [
      45.591216,
      34.154145
     ],
     [
      45.595943,
      34.180067
     ],
     [
      45.588896,
      34.198532
     ],
     [
      45.58343,
      34.227598
     ],
     [
      45.592875,
      34.252735
     ],
     [
      45.59918,
      34.284151
     ],
     [
      45.604712,
      34.328928
     ],
     [
      45.615735,
      34.360346
     ],
     [
      45.627534,
      34.380764
     ],
     [
      45.622831,
      34.396882
     ],
     [
      45.625207,
      34.415725
     ],
     [
      45.633074,
      34.434581
     ],
     [
      45.62053,
      34.459712
     ],
     [
      45.612699,
      34.480923
     ],
     [
      45.59467,
      34.498974
     ],
     [
      45.597823,
      34.521762
     ],
     [
      45.621373,
      34.521768
     ],
     [
      45.662976,
      34.516274
     ],
     [
      45.684954,
      34.51628
     ],
     [
      45.709697,
      34.510792
     ],
     [
      45.733243,
      34.506079
     ],
     [
      45.756778,
      34.489591
     ],
     [
      45.776402,
      34.481743
     ],
     [
      45.798375,
      34.476255
     ],
     [
      45.817222,
      34.478619
     ],
     [
      45.830552,
      34.465263
     ],
     [
      45.849386,
      34.452707
     ],
     [
      45.86508,
      34.445632
     ],
     [
      45.891384,
      34.440931
     ],
     [
      45.909427,
      34.42288
     ],
     [
      45.928256,
      34.404031
     ],
     [
      45.950207,
      34.373784
     ],
     [
      45.976093,
      34.347869
     ],
     [
      45.992572,
      34.338446
     ],
     [
      46.004321,
      34.316461
     ],
     [
      46.014516,
      34.300756
     ],
     [
      46.045127,
      34.282309
     ],
     [
      46.094158,
      34.233226
     ],
     [
      46.110636,
      34.223017
     ],
     [
      46.13262,
      34.214382
     ],
     [
      46.15695,
      34.205748
     ],
     [
      46.18677,
      34.19398
     ],
     [
      46.212667,
      34.177868
     ],
     [
      46.23149,
      34.165311
     ],
     [
      46.25112,
      34.16217
     ],
     [
      46.274297,
      34.162175
     ],
     [
      46.301781,
      34.162182
     ],
     [
      46.341813,
      34.166112
     ],
     [
      46.370088,
      34.171625
     ],
     [
      46.38972,
      34.169282
     ],
     [
      46.421895,
      34.152784
     ],
     [
      46.450143,
      34.141003
     ],
     [
      46.463105,
      34.133939
     ],
     [
      46.48665,
      34.12453
     ],
     [
      46.510201,
      34.122175
     ],
     [
      46.548675,
      34.113544
     ],
     [
      46.582434,
      34.108832
     ],
     [
      46.611503,
      34.121412
     ],
     [
      46.613861,
      34.133199
     ],
     [
      46.655497,
      34.15677
     ],
     [
      46.664547,
      34.171693
     ],
     [
      46.686602,
      34.239648
     ],
     [
      46.707029,
      34.24672
     ],
     [
      46.777705,
      34.260882
     ],
     [
      46.897477,
      34.289963
     ],
     [
      47.030405,
      34.295207
     ],
     [
      47.034126,
      34.30334
     ],
     [
      47.042781,
      34.32101
     ],
     [
      47.059686,
      34.337908
     ],
     [
      47.083263,
      34.361486
     ],
     [
      47.10368,
      34.35521
     ],
     [
      47.109167,
      34.335945
     ],
     [
      47.091075,
      34.317874
     ],
     [
      47.079159,
      34.305951
     ],
     [
      47.065138,
      34.28137
     ],
     [
      47.045485,
      34.261713
     ],
     [
      47.049406,
      34.249927
     ],
     [
      47.058817,
      34.235589
     ],
     [
      47.086836,
      34.207531
     ],
     [
      47.107455,
      34.184349
     ],
     [
      47.107433,
      34.160013
     ],
     [
      47.093277,
      34.145863
     ],
     [
      47.090894,
      34.119941
     ],
     [
      47.099537,
      34.111303
     ],
     [
      47.12073,
      34.107386
     ],
     [
      47.145853,
      34.101111
     ],
     [
      47.163906,
      34.089327
     ],
     [
      47.18429,
      34.060276
     ],
     [
      47.19214,
      34.044558
     ],
     [
      47.20233,
      34.034358
     ],
     [
      47.215682,
      34.028854
     ],
     [
      47.227447,
      34.020628
     ],
     [
      47.244334,
      34.003725
     ],
     [
      47.255313,
      33.997048
     ],
     [
      47.274931,
      33.989197
     ],
     [
      47.300047,
      33.975068
     ],
     [
      47.323606,
      33.964072
     ],
     [
      47.357361,
      33.949157
     ],
     [
      47.394249,
      33.933856
     ],
     [
      47.406023,
      33.922071
     ],
     [
      47.4225,
      33.90558
     ],
     [
      47.433101,
      33.894969
     ],
     [
      47.461375,
      33.892615
     ],
     [
      47.493571,
      33.892621
     ],
     [
      47.504552,
      33.887128
     ],
     [
      47.510042,
      33.869849
     ],
     [
      47.516296,
      33.840794
     ],
     [
      47.509212,
      33.833726
     ],
     [
      47.498216,
      33.822724
     ],
     [
      47.480137,
      33.804653
     ],
     [
      47.464404,
      33.772824
     ],
     [
      47.457328,
      33.7606
     ],
     [
      47.456521,
      33.7367
     ],
     [
      47.461993,
      33.71314
     ],
     [
      47.472967,
      33.684861
     ],
     [
      47.486306,
      33.662875
     ],
     [
      47.505123,
      33.637744
     ],
     [
      47.520815,
      33.622039
     ],
     [
      47.534166,
      33.614563
     ],
     [
      47.55456,
      33.59414
     ],
     [
      47.570252,
      33.578447
     ],
     [
      47.584379,
      33.558809
     ],
     [
      47.586705,
      33.533675
     ],
     [
      47.594552,
      33.512463
     ],
     [
      47.611796,
      33.485759
     ],
     [
      47.614912,
      33.450424
     ],
     [
      47.618822,
      33.43865
     ],
     [
      47.627865,
      33.4296
     ],
     [
      47.646701,
      33.410749
     ],
     [
      47.652189,
      33.405256
     ],
     [
      47.654534,
      33.387202
     ],
     [
      47.644308,
      33.370694
     ],
     [
      47.626229,
      33.352624
     ],
     [
      47.618737,
      33.334568
     ],
     [
      47.613225,
      33.311006
     ],
     [
      47.610833,
      33.271737
     ],
     [
      47.616326,
      33.256806
     ],
     [
      47.626932,
      33.24974
     ],
     [
      47.647336,
      33.240317
     ],
     [
      47.666183,
      33.235613
     ],
     [
      47.689738,
      33.23247
     ],
     [
      47.711732,
      33.228553
     ],
     [
      47.728218,
      33.221864
     ],
     [
      47.732126,
      33.206157
     ],
     [
      47.723462,
      33.174741
     ],
     [
      47.714809,
      33.15746
     ],
     [
      47.714798,
      33.1441
     ],
     [
      47.725002,
      33.133901
     ],
     [
      47.724994,
      33.123687
     ],
     [
      47.724984,
      33.111114
     ],
     [
      47.720267,
      33.097766
     ],
     [
      47.714752,
      33.085991
     ],
     [
      47.714743,
      33.074991
     ],
     [
      47.717877,
      33.059272
     ],
     [
      47.730426,
      33.046714
     ],
     [
      47.757901,
      33.027465
     ]
    ]
   }
  },
  {
   "type": "Feature",
   "properties": {
    "id": "ME2026-0229",
    "commodity": "oil",
    "status_class": "in_service",
    "name": null,
    "name_dist_pt": null,
    "name_ambiguous": null,
    "name_confidence": null,
    "commodity_conflict": null,
    "other_names": null,
    "diameter_in": null,
    "length_km": 14.66,
    "n_vertices": 2,
    "legend_class": "oil_in_service",
    "stroke_rgb": "#00922f",
    "dashed": false,
    "source_map": "me2026",
    "source_file": "../energy-map-of-the-middle-east-2026-peregrine-bush.pdf",
    "source_page": 1,
    "source_title": "Energy Infrastructure Map of the Middle East, 2026 edition",
    "source_publisher": "Petroleum Economist / World Oil / Gulf Energy Information / Global Energy Infrastructure",
    "geometry_source": "stroke",
    "georef_order": 2,
    "georef_source": "map's own coastline vector registered to Natural Earth 10m coastline+lakes by trimmed ICP",
    "georef_insample_rmse_km": 0.97,
    "georef_holdout_layer": "ne_10m_admin_0_countries vs the map's own border strokes",
    "georef_holdout_median_km": 1.45,
    "georef_holdout_rmse_km": 1.6,
    "drawn_feature_offset_median_km": 2.39,
    "accuracy_tier": "medium"
   },
   "geometry": {
    "type": "LineString",
    "coordinates": [
     [
      40.624936,
      34.407386
     ],
     [
      40.781809,
      34.430978
     ]
    ]
   }
  },
  {
   "type": "Feature",
   "properties": {
    "id": "ME2026-0230",
    "commodity": "oil",
    "status_class": "in_service",
    "name": null,
    "name_dist_pt": null,
    "name_ambiguous": null,
    "name_confidence": null,
    "commodity_conflict": null,
    "other_names": null,
    "diameter_in": null,
    "length_km": 168.0,
    "n_vertices": 46,
    "legend_class": "oil_in_service",
    "stroke_rgb": "#00922f",
    "dashed": false,
    "source_map": "me2026",
    "source_file": "../energy-map-of-the-middle-east-2026-peregrine-bush.pdf",
    "source_page": 1,
    "source_title": "Energy Infrastructure Map of the Middle East, 2026 edition",
    "source_publisher": "Petroleum Economist / World Oil / Gulf Energy Information / Global Energy Infrastructure",
    "geometry_source": "stroke",
    "georef_order": 2,
    "georef_source": "map's own coastline vector registered to Natural Earth 10m coastline+lakes by trimmed ICP",
    "georef_insample_rmse_km": 0.97,
    "georef_holdout_layer": "ne_10m_admin_0_countries vs the map's own border strokes",
    "georef_holdout_median_km": 1.45,
    "georef_holdout_rmse_km": 1.6,
    "drawn_feature_offset_median_km": 2.39,
    "accuracy_tier": "medium"
   },
   "geometry": {
    "type": "LineString",
    "coordinates": [
     [
      35.043001,
      32.827994
     ],
     [
      35.049053,
      32.812209
     ],
     [
      35.049044,
      32.795803
     ],
     [
      35.029017,
      32.77574
     ],
     [
      35.001734,
      32.780583
     ],
     [
      34.970212,
      32.780559
     ],
     [
      34.962321,
      32.765357
     ],
     [
      34.96231,
      32.744692
     ],
     [
      34.959256,
      32.699126
     ],
     [
      34.956205,
      32.658411
     ],
     [
      34.951332,
      32.620369
     ],
     [
      34.941007,
      32.590598
     ],
     [
      34.927042,
      32.548049
     ],
     [
      34.923399,
      32.529208
     ],
     [
      34.926422,
      32.515236
     ],
     [
      34.923381,
      32.492755
     ],
     [
      34.915487,
      32.470874
     ],
     [
      34.902138,
      32.453236
     ],
     [
      34.907587,
      32.438311
     ],
     [
      34.895446,
      32.395763
     ],
     [
      34.877224,
      32.334385
     ],
     [
      34.862033,
      32.276046
     ],
     [
      34.862023,
      32.253555
     ],
     [
      34.825263,
      32.17479
     ],
     [
      34.816761,
      32.141972
     ],
     [
      34.830698,
      32.128009
     ],
     [
      34.861959,
      32.111639
     ],
     [
      34.898344,
      32.108618
     ],
     [
      34.898312,
      32.035967
     ],
     [
      34.903131,
      31.9831
     ],
     [
      34.898285,
      31.97216
     ],
     [
      34.89828,
      31.961223
     ],
     [
      34.90616,
      31.953328
     ],
     [
      34.906157,
      31.945428
     ],
     [
      34.897666,
      31.936917
     ],
     [
      34.882499,
      31.925968
     ],
     [
      34.888553,
      31.911394
     ],
     [
      34.878229,
      31.879181
     ],
     [
      34.869125,
      31.845407
     ],
     [
      34.835403,
      31.805881
     ],
     [
      34.797809,
      31.775474
     ],
     [
      34.748068,
      31.737157
     ],
     [
      34.653131,
      31.701843
     ],
     [
      34.637963,
      31.686648
     ],
     [
      34.585802,
      31.628525
     ],
     [
      34.523359,
      31.638809
     ]
    ]
   }
  },
  {
   "type": "Feature",
   "properties": {
    "id": "ME2026-0231",
    "commodity": "oil",
    "status_class": "in_service",
    "name": null,
    "name_dist_pt": null,
    "name_ambiguous": null,
    "name_confidence": null,
    "commodity_conflict": null,
    "other_names": null,
    "diameter_in": null,
    "length_km": 26.44,
    "n_vertices": 11,
    "legend_class": "oil_in_service",
    "stroke_rgb": "#00922f",
    "dashed": false,
    "source_map": "me2026",
    "source_file": "../energy-map-of-the-middle-east-2026-peregrine-bush.pdf",
    "source_page": 1,
    "source_title": "Energy Infrastructure Map of the Middle East, 2026 edition",
    "source_publisher": "Petroleum Economist / World Oil / Gulf Energy Information / Global Energy Infrastructure",
    "geometry_source": "stroke",
    "georef_order": 2,
    "georef_source": "map's own coastline vector registered to Natural Earth 10m coastline+lakes by trimmed ICP",
    "georef_insample_rmse_km": 0.97,
    "georef_holdout_layer": "ne_10m_admin_0_countries vs the map's own border strokes",
    "georef_holdout_median_km": 1.45,
    "georef_holdout_rmse_km": 1.6,
    "drawn_feature_offset_median_km": 2.39,
    "accuracy_tier": "medium"
   },
   "geometry": {
    "type": "LineString",
    "coordinates": [
     [
      34.585802,
      31.628525
     ],
     [
      34.591874,
      31.658908
     ],
     [
      34.595523,
      31.668021
     ],
     [
      34.603401,
      31.6854
     ],
     [
      34.611289,
      31.699379
     ],
     [
      34.62646,
      31.720659
     ],
     [
      34.640411,
      31.741334
     ],
     [
      34.654365,
      31.768069
     ],
     [
      34.67352,
      31.79118
     ],
     [
      34.690511,
      31.805154
     ],
     [
      34.671113,
      31.838567
     ]
    ]
   }
  },
  {
   "type": "Feature",
   "properties": {
    "id": "ME2026-0232",
    "commodity": "oil",
    "status_class": "in_service",
    "name": null,
    "name_dist_pt": null,
    "name_ambiguous": null,
    "name_confidence": null,
    "commodity_conflict": null,
    "other_names": null,
    "diameter_in": null,
    "length_km": 41.24,
    "n_vertices": 5,
    "legend_class": "oil_in_service",
    "stroke_rgb": "#00922f",
    "dashed": false,
    "source_map": "me2026",
    "source_file": "../energy-map-of-the-middle-east-2026-peregrine-bush.pdf",
    "source_page": 1,
    "source_title": "Energy Infrastructure Map of the Middle East, 2026 edition",
    "source_publisher": "Petroleum Economist / World Oil / Gulf Energy Information / Global Energy Infrastructure",
    "geometry_source": "stroke",
    "georef_order": 2,
    "georef_source": "map's own coastline vector registered to Natural Earth 10m coastline+lakes by trimmed ICP",
    "georef_insample_rmse_km": 0.97,
    "georef_holdout_layer": "ne_10m_admin_0_countries vs the map's own border strokes",
    "georef_holdout_median_km": 1.45,
    "georef_holdout_rmse_km": 1.6,
    "drawn_feature_offset_median_km": 2.39,
    "accuracy_tier": "medium"
   },
   "geometry": {
    "type": "LineString",
    "coordinates": [
     [
      44.271548,
      32.842112
     ],
     [
      44.159567,
      32.777581
     ],
     [
      44.0142,
      32.744911
     ],
     [
      43.950502,
      32.674975
     ],
     [
      43.941744,
      32.633625
     ]
    ]
   }
  },
  {
   "type": "Feature",
   "properties": {
    "id": "ME2026-0233",
    "commodity": "oil",
    "status_class": "in_service",
    "name": null,
    "name_dist_pt": null,
    "name_ambiguous": null,
    "name_confidence": null,
    "commodity_conflict": null,
    "other_names": null,
    "diameter_in": null,
    "length_km": 163.51,
    "n_vertices": 18,
    "legend_class": "oil_in_service",
    "stroke_rgb": "#00922f",
    "dashed": false,
    "source_map": "me2026",
    "source_file": "../energy-map-of-the-middle-east-2026-peregrine-bush.pdf",
    "source_page": 1,
    "source_title": "Energy Infrastructure Map of the Middle East, 2026 edition",
    "source_publisher": "Petroleum Economist / World Oil / Gulf Energy Information / Global Energy Infrastructure",
    "geometry_source": "stroke",
    "georef_order": 2,
    "georef_source": "map's own coastline vector registered to Natural Earth 10m coastline+lakes by trimmed ICP",
    "georef_insample_rmse_km": 0.97,
    "georef_holdout_layer": "ne_10m_admin_0_countries vs the map's own border strokes",
    "georef_holdout_median_km": 1.45,
    "georef_holdout_rmse_km": 1.6,
    "drawn_feature_offset_median_km": 2.39,
    "accuracy_tier": "medium"
   },
   "geometry": {
    "type": "LineString",
    "coordinates": [
     [
      47.307254,
      30.558521
     ],
     [
      47.320752,
      30.76999
     ],
     [
      47.337563,
      30.899932
     ],
     [
      47.337575,
      30.923381
     ],
     [
      47.410204,
      30.995979
     ],
     [
      47.410212,
      31.011612
     ],
     [
      47.405811,
      31.127044
     ],
     [
      47.394731,
      31.282261
     ],
     [
      47.401454,
      31.339629
     ],
     [
      47.411535,
      31.385417
     ],
     [
      47.436587,
      31.523181
     ],
     [
      47.445617,
      31.590193
     ],
     [
      47.445677,
      31.687636
     ],
     [
      47.445749,
      31.802576
     ],
     [
      47.450422,
      31.82581
     ],
     [
      47.442667,
      31.846669
     ],
     [
      47.42308,
      31.866281
     ],
     [
      47.427823,
      31.99774
     ]
    ]
   }
  },
  {
   "type": "Feature",
   "properties": {
    "id": "ME2026-0234",
    "commodity": "oil",
    "status_class": "in_service",
    "name": null,
    "name_dist_pt": null,
    "name_ambiguous": null,
    "name_confidence": null,
    "commodity_conflict": null,
    "other_names": null,
    "diameter_in": null,
    "length_km": 60.57,
    "n_vertices": 4,
    "legend_class": "oil_in_service",
    "stroke_rgb": "#00922f",
    "dashed": false,
    "source_map": "me2026",
    "source_file": "../energy-map-of-the-middle-east-2026-peregrine-bush.pdf",
    "source_page": 1,
    "source_title": "Energy Infrastructure Map of the Middle East, 2026 edition",
    "source_publisher": "Petroleum Economist / World Oil / Gulf Energy Information / Global Energy Infrastructure",
    "geometry_source": "stroke",
    "georef_order": 2,
    "georef_source": "map's own coastline vector registered to Natural Earth 10m coastline+lakes by trimmed ICP",
    "georef_insample_rmse_km": 0.97,
    "georef_holdout_layer": "ne_10m_admin_0_countries vs the map's own border strokes",
    "georef_holdout_median_km": 1.45,
    "georef_holdout_rmse_km": 1.6,
    "drawn_feature_offset_median_km": 2.39,
    "accuracy_tier": "medium"
   },
   "geometry": {
    "type": "LineString",
    "coordinates": [
     [
      54.346965,
      25.706742
     ],
     [
      54.397826,
      25.789324
     ],
     [
      54.527346,
      25.910709
     ],
     [
      54.277627,
      25.739715
     ]
    ]
   }
  },
  {
   "type": "Feature",
   "properties": {
    "id": "ME2026-0235",
    "commodity": "oil",
    "status_class": "in_service",
    "name": null,
    "name_dist_pt": null,
    "name_ambiguous": null,
    "name_confidence": null,
    "commodity_conflict": null,
    "other_names": null,
    "diameter_in": "22",
    "length_km": 138.16,
    "n_vertices": 3,
    "legend_class": "oil_in_service",
    "stroke_rgb": "#00922f",
    "dashed": false,
    "source_map": "me2026",
    "source_file": "../energy-map-of-the-middle-east-2026-peregrine-bush.pdf",
    "source_page": 1,
    "source_title": "Energy Infrastructure Map of the Middle East, 2026 edition",
    "source_publisher": "Petroleum Economist / World Oil / Gulf Energy Information / Global Energy Infrastructure",
    "geometry_source": "stroke",
    "georef_order": 2,
    "georef_source": "map's own coastline vector registered to Natural Earth 10m coastline+lakes by trimmed ICP",
    "georef_insample_rmse_km": 0.97,
    "georef_holdout_layer": "ne_10m_admin_0_countries vs the map's own border strokes",
    "georef_holdout_median_km": 1.45,
    "georef_holdout_rmse_km": 1.6,
    "drawn_feature_offset_median_km": 2.39,
    "accuracy_tier": "medium"
   },
   "geometry": {
    "type": "LineString",
    "coordinates": [
     [
      53.345119,
      26.805897
     ],
     [
      53.221076,
      25.831943
     ],
     [
      53.191719,
      25.566579
     ]
    ]
   }
  },
  {
   "type": "Feature",
   "properties": {
    "id": "ME2026-0236",
    "commodity": "oil",
    "status_class": "in_service",
    "name": null,
    "name_dist_pt": null,
    "name_ambiguous": null,
    "name_confidence": null,
    "commodity_conflict": null,
    "other_names": null,
    "diameter_in": "18",
    "length_km": 198.83,
    "n_vertices": 3,
    "legend_class": "oil_in_service",
    "stroke_rgb": "#00922f",
    "dashed": false,
    "source_map": "me2026",
    "source_file": "../energy-map-of-the-middle-east-2026-peregrine-bush.pdf",
    "source_page": 1,
    "source_title": "Energy Infrastructure Map of the Middle East, 2026 edition",
    "source_publisher": "Petroleum Economist / World Oil / Gulf Energy Information / Global Energy Infrastructure",
    "geometry_source": "stroke",
    "georef_order": 2,
    "georef_source": "map's own coastline vector registered to Natural Earth 10m coastline+lakes by trimmed ICP",
    "georef_insample_rmse_km": 0.97,
    "georef_holdout_layer": "ne_10m_admin_0_countries vs the map's own border strokes",
    "georef_holdout_median_km": 1.45,
    "georef_holdout_rmse_km": 1.6,
    "drawn_feature_offset_median_km": 2.39,
    "accuracy_tier": "medium"
   },
   "geometry": {
    "type": "LineString",
    "coordinates": [
     [
      52.936431,
      25.935084
     ],
     [
      53.344102,
      26.805618
     ],
     [
      52.583793,
      26.301114
     ]
    ]
   }
  },
  {
   "type": "Feature",
   "properties": {
    "id": "ME2026-0237",
    "commodity": "oil",
    "status_class": "in_service",
    "name": null,
    "name_dist_pt": null,
    "name_ambiguous": null,
    "name_confidence": null,
    "commodity_conflict": null,
    "other_names": null,
    "diameter_in": null,
    "length_km": 28.31,
    "n_vertices": 2,
    "legend_class": "oil_in_service",
    "stroke_rgb": "#00922f",
    "dashed": false,
    "source_map": "me2026",
    "source_file": "../energy-map-of-the-middle-east-2026-peregrine-bush.pdf",
    "source_page": 1,
    "source_title": "Energy Infrastructure Map of the Middle East, 2026 edition",
    "source_publisher": "Petroleum Economist / World Oil / Gulf Energy Information / Global Energy Infrastructure",
    "geometry_source": "stroke",
    "georef_order": 2,
    "georef_source": "map's own coastline vector registered to Natural Earth 10m coastline+lakes by trimmed ICP",
    "georef_insample_rmse_km": 0.97,
    "georef_holdout_layer": "ne_10m_admin_0_countries vs the map's own border strokes",
    "georef_holdout_median_km": 1.45,
    "georef_holdout_rmse_km": 1.6,
    "drawn_feature_offset_median_km": 2.39,
    "accuracy_tier": "medium"
   },
   "geometry": {
    "type": "LineString",
    "coordinates": [
     [
      53.211915,
      25.972839
     ],
     [
      52.933404,
      25.929036
     ]
    ]
   }
  },
  {
   "type": "Feature",
   "properties": {
    "id": "ME2026-0238",
    "commodity": "oil",
    "status_class": "in_service",
    "name": null,
    "name_dist_pt": null,
    "name_ambiguous": null,
    "name_confidence": null,
    "commodity_conflict": null,
    "other_names": null,
    "diameter_in": null,
    "length_km": 46.77,
    "n_vertices": 3,
    "legend_class": "oil_in_service",
    "stroke_rgb": "#00922f",
    "dashed": false,
    "source_map": "me2026",
    "source_file": "../energy-map-of-the-middle-east-2026-peregrine-bush.pdf",
    "source_page": 1,
    "source_title": "Energy Infrastructure Map of the Middle East, 2026 edition",
    "source_publisher": "Petroleum Economist / World Oil / Gulf Energy Information / Global Energy Infrastructure",
    "geometry_source": "stroke",
    "georef_order": 2,
    "georef_source": "map's own coastline vector registered to Natural Earth 10m coastline+lakes by trimmed ICP",
    "georef_insample_rmse_km": 0.97,
    "georef_holdout_layer": "ne_10m_admin_0_countries vs the map's own border strokes",
    "georef_holdout_median_km": 1.45,
    "georef_holdout_rmse_km": 1.6,
    "drawn_feature_offset_median_km": 2.39,
    "accuracy_tier": "medium"
   },
   "geometry": {
    "type": "LineString",
    "coordinates": [
     [
      52.407296,
      25.684238
     ],
     [
      52.534441,
      25.784461
     ],
     [
      52.762782,
      25.957569
     ]
    ]
   }
  },
  {
   "type": "Feature",
   "properties": {
    "id": "ME2026-0239",
    "commodity": "oil",
    "status_class": "in_service",
    "name": null,
    "name_dist_pt": null,
    "name_ambiguous": null,
    "name_confidence": null,
    "commodity_conflict": null,
    "other_names": null,
    "diameter_in": null,
    "length_km": 313.03,
    "n_vertices": 27,
    "legend_class": "oil_in_service",
    "stroke_rgb": "#00922f",
    "dashed": false,
    "source_map": "me2026",
    "source_file": "../energy-map-of-the-middle-east-2026-peregrine-bush.pdf",
    "source_page": 1,
    "source_title": "Energy Infrastructure Map of the Middle East, 2026 edition",
    "source_publisher": "Petroleum Economist / World Oil / Gulf Energy Information / Global Energy Infrastructure",
    "geometry_source": "stroke",
    "georef_order": 2,
    "georef_source": "map's own coastline vector registered to Natural Earth 10m coastline+lakes by trimmed ICP",
    "georef_insample_rmse_km": 0.97,
    "georef_holdout_layer": "ne_10m_admin_0_countries vs the map's own border strokes",
    "georef_holdout_median_km": 1.45,
    "georef_holdout_rmse_km": 1.6,
    "drawn_feature_offset_median_km": 2.39,
    "accuracy_tier": "medium"
   },
   "geometry": {
    "type": "LineString",
    "coordinates": [
     [
      50.591693,
      26.129294
     ],
     [
      50.557415,
      26.11167
     ],
     [
      50.503819,
      26.144954
     ],
     [
      50.478354,
      26.190976
     ],
     [
      50.428402,
      26.183139
     ],
     [
      50.384321,
      26.189022
     ],
     [
      50.334491,
      26.196622
     ],
     [
      50.235728,
      26.236017
     ],
     [
      50.167164,
      26.230153
     ],
     [
      50.131205,
      26.230155
     ],
     [
      50.061662,
      26.241905
     ],
     [
      49.897402,
      26.096036
     ],
     [
      49.812189,
      25.989604
     ],
     [
      49.713557,
      25.933801
     ],
     [
      49.682212,
      25.940661
     ],
     [
      49.888597,
      26.381629
     ],
     [
      49.948051,
      26.516458
     ],
     [
      49.919948,
      26.498832
     ],
     [
      49.887619,
      26.428629
     ],
     [
      49.673401,
      25.961227
     ],
     [
      49.679283,
      25.940661
     ],
     [
      49.709635,
      25.968073
     ],
     [
      49.779875,
      26.013111
     ],
     [
      49.870958,
      26.124419
     ],
     [
      50.029348,
      26.272949
     ],
     [
      50.078317,
      26.30428
     ],
     [
      50.118282,
      26.332624
     ]
    ]
   }
  },
  {
   "type": "Feature",
   "properties": {
    "id": "ME2026-0240",
    "commodity": "oil",
    "status_class": "in_service",
    "name": null,
    "name_dist_pt": null,
    "name_ambiguous": null,
    "name_confidence": null,
    "commodity_conflict": null,
    "other_names": null,
    "diameter_in": null,
    "length_km": 89.59,
    "n_vertices": 12,
    "legend_class": "oil_in_service",
    "stroke_rgb": "#00922f",
    "dashed": false,
    "source_map": "me2026",
    "source_file": "../energy-map-of-the-middle-east-2026-peregrine-bush.pdf",
    "source_page": 1,
    "source_title": "Energy Infrastructure Map of the Middle East, 2026 edition",
    "source_publisher": "Petroleum Economist / World Oil / Gulf Energy Information / Global Energy Infrastructure",
    "geometry_source": "stroke",
    "georef_order": 2,
    "georef_source": "map's own coastline vector registered to Natural Earth 10m coastline+lakes by trimmed ICP",
    "georef_insample_rmse_km": 0.97,
    "georef_holdout_layer": "ne_10m_admin_0_countries vs the map's own border strokes",
    "georef_holdout_median_km": 1.45,
    "georef_holdout_rmse_km": 1.6,
    "drawn_feature_offset_median_km": 2.39,
    "accuracy_tier": "medium"
   },
   "geometry": {
    "type": "LineString",
    "coordinates": [
     [
      49.950992,
      26.517426
     ],
     [
      49.997344,
      26.484143
     ],
     [
      50.043055,
      26.454767
     ],
     [
      50.088111,
      26.385541
     ],
     [
      50.103784,
      26.359107
     ],
     [
      50.119456,
      26.334632
     ],
     [
      50.094971,
      26.292533
     ],
     [
      50.050891,
      26.261201
     ],
     [
      49.88467,
      26.110711
     ],
     [
      49.790647,
      25.998424
     ],
     [
      49.715517,
      25.951427
     ],
     [
      49.682212,
      25.939681
     ]
    ]
   }
  },
  {
   "type": "Feature",
   "properties": {
    "id": "ME2026-0241",
    "commodity": "oil",
    "status_class": "in_service",
    "name": null,
    "name_dist_pt": null,
    "name_ambiguous": null,
    "name_confidence": null,
    "commodity_conflict": null,
    "other_names": null,
    "diameter_in": null,
    "length_km": 277.33,
    "n_vertices": 15,
    "legend_class": "oil_in_service",
    "stroke_rgb": "#00922f",
    "dashed": false,
    "source_map": "me2026",
    "source_file": "../energy-map-of-the-middle-east-2026-peregrine-bush.pdf",
    "source_page": 1,
    "source_title": "Energy Infrastructure Map of the Middle East, 2026 edition",
    "source_publisher": "Petroleum Economist / World Oil / Gulf Energy Information / Global Energy Infrastructure",
    "geometry_source": "stroke",
    "georef_order": 2,
    "georef_source": "map's own coastline vector registered to Natural Earth 10m coastline+lakes by trimmed ICP",
    "georef_insample_rmse_km": 0.97,
    "georef_holdout_layer": "ne_10m_admin_0_countries vs the map's own border strokes",
    "georef_holdout_median_km": 1.45,
    "georef_holdout_rmse_km": 1.6,
    "drawn_feature_offset_median_km": 2.39,
    "accuracy_tier": "medium"
   },
   "geometry": {
    "type": "LineString",
    "coordinates": [
     [
      49.245019,
      25.901509
     ],
     [
      49.268532,
      25.887802
     ],
     [
      49.623458,
      25.901503
     ],
     [
      49.682212,
      25.940661
     ],
     [
      49.619536,
      25.935775
     ],
     [
      49.26167,
      25.918155
     ],
     [
      49.245019,
      25.901509
     ],
     [
      49.620517,
      25.919129
     ],
     [
      49.682212,
      25.940661
     ],
     [
      49.663611,
      25.975902
     ],
     [
      49.900354,
      26.50568
     ],
     [
      49.948051,
      26.516458
     ],
     [
      49.956872,
      26.481204
     ],
     [
      49.735109,
      26.004535
     ],
     [
      49.682212,
      25.940661
     ]
    ]
   }
  },
  {
   "type": "Feature",
   "properties": {
    "id": "ME2026-0242",
    "commodity": "oil",
    "status_class": "in_service",
    "name": null,
    "name_dist_pt": null,
    "name_ambiguous": null,
    "name_confidence": null,
    "commodity_conflict": null,
    "other_names": null,
    "diameter_in": null,
    "length_km": 1198.65,
    "n_vertices": 60,
    "legend_class": "oil_in_service",
    "stroke_rgb": "#00922f",
    "dashed": false,
    "source_map": "me2026",
    "source_file": "../energy-map-of-the-middle-east-2026-peregrine-bush.pdf",
    "source_page": 1,
    "source_title": "Energy Infrastructure Map of the Middle East, 2026 edition",
    "source_publisher": "Petroleum Economist / World Oil / Gulf Energy Information / Global Energy Infrastructure",
    "geometry_source": "stroke",
    "georef_order": 2,
    "georef_source": "map's own coastline vector registered to Natural Earth 10m coastline+lakes by trimmed ICP",
    "georef_insample_rmse_km": 0.97,
    "georef_holdout_layer": "ne_10m_admin_0_countries vs the map's own border strokes",
    "georef_holdout_median_km": 1.45,
    "georef_holdout_rmse_km": 1.6,
    "drawn_feature_offset_median_km": 2.39,
    "accuracy_tier": "medium"
   },
   "geometry": {
    "type": "LineString",
    "coordinates": [
     [
      38.245692,
      23.959914
     ],
     [
      38.267289,
      23.981562
     ],
     [
      38.300659,
      24.011078
     ],
     [
      38.416682,
      23.980982
     ],
     [
      38.615188,
      23.930593
     ],
     [
      38.636147,
      23.926539
     ],
     [
      38.755412,
      23.952296
     ],
     [
      38.97162,
      23.889986
     ],
     [
      39.0096,
      23.884101
     ],
     [
      39.111195,
      23.894633
     ],
     [
      39.27553,
      23.918968
     ],
     [
      39.370605,
      23.906552
     ],
     [
      39.449171,
      23.913794
     ],
     [
      39.582209,
      23.923019
     ],
     [
      39.622172,
      23.894202
     ],
     [
      39.706769,
      23.877196
     ],
     [
      39.765691,
      23.89754
     ],
     [
      39.896115,
      23.933129
     ],
     [
      40.312823,
      23.99163
     ],
     [
      40.636445,
      24.036337
     ],
     [
      41.133245,
      24.111908
     ],
     [
      41.67069,
      24.200726
     ],
     [
      42.13528,
      24.266734
     ],
     [
      42.282141,
      24.294961
     ],
     [
      42.582717,
      24.347714
     ],
     [
      42.646386,
      24.363457
     ],
     [
      42.893134,
      24.408401
     ],
     [
      43.278614,
      24.463563
     ],
     [
      43.517899,
      24.497056
     ],
     [
      43.583535,
      24.518179
     ],
     [
      43.610396,
      24.522782
     ],
     [
      43.906043,
      24.563506
     ],
     [
      44.232619,
      24.608805
     ],
     [
      44.857538,
      24.686296
     ],
     [
      45.340293,
      24.748143
     ],
     [
      45.805267,
      24.796066
     ],
     [
      45.979751,
      24.829525
     ],
     [
      46.093274,
      24.85643
     ],
     [
      46.131959,
      24.87741
     ],
     [
      46.219146,
      24.888562
     ],
     [
      46.446385,
      24.884077
     ],
     [
      46.599926,
      24.989128
     ],
     [
      46.921321,
      25.063397
     ],
     [
      47.209065,
      25.101369
     ],
     [
      47.503361,
      25.178471
     ],
     [
      47.692636,
      25.207031
     ],
     [
      47.867641,
      25.234162
     ],
     [
      47.995577,
      25.249881
     ],
     [
      48.04265,
      25.265585
     ],
     [
      48.099765,
      25.289249
     ],
     [
      48.164004,
      25.326377
     ],
     [
      48.226225,
      25.357783
     ],
     [
      48.31475,
      25.38919
     ],
     [
      48.621955,
      25.505657
     ],
     [
      48.774747,
      25.56848
     ],
     [
      48.891232,
      25.619882
     ],
     [
      49.014871,
      25.674949
     ],
     [
      49.111965,
      25.707781
     ],
     [
      49.287135,
      25.786268
     ],
     [
      49.679658,
      25.940661
     ]
    ]
   }
  },
  {
   "type": "Feature",
   "properties": {
    "id": "ME2026-0243",
    "commodity": "oil",
    "status_class": "in_service",
    "name": "East-West (Petroline)",
    "name_dist_pt": 7.7,
    "name_ambiguous": true,
    "name_confidence": "low",
    "commodity_conflict": null,
    "other_names": "Iraq-Saudi Arabia Oil Pipeline (IPSA) rehabilitated; Master Gas System 3 (MGS 3); Master Gas System 2 (MGS 2)",
    "diameter_in": "56",
    "length_km": 966.05,
    "n_vertices": 47,
    "legend_class": "oil_in_service",
    "stroke_rgb": "#00922f",
    "dashed": false,
    "source_map": "me2026",
    "source_file": "../energy-map-of-the-middle-east-2026-peregrine-bush.pdf",
    "source_page": 1,
    "source_title": "Energy Infrastructure Map of the Middle East, 2026 edition",
    "source_publisher": "Petroleum Economist / World Oil / Gulf Energy Information / Global Energy Infrastructure",
    "geometry_source": "stroke",
    "georef_order": 2,
    "georef_source": "map's own coastline vector registered to Natural Earth 10m coastline+lakes by trimmed ICP",
    "georef_insample_rmse_km": 0.97,
    "georef_holdout_layer": "ne_10m_admin_0_countries vs the map's own border strokes",
    "georef_holdout_median_km": 1.45,
    "georef_holdout_rmse_km": 1.6,
    "drawn_feature_offset_median_km": 2.39,
    "accuracy_tier": "medium"
   },
   "geometry": {
    "type": "LineString",
    "coordinates": [
     [
      47.503361,
      25.178471
     ],
     [
      47.466959,
      25.186609
     ],
     [
      47.199215,
      25.119065
     ],
     [
      46.917157,
      25.082836
     ],
     [
      46.593693,
      25.008724
     ],
     [
      46.439536,
      24.90118
     ],
     [
      46.222408,
      24.907058
     ],
     [
      46.123429,
      24.895118
     ],
     [
      46.086715,
      24.87282
     ],
     [
      45.97647,
      24.845262
     ],
     [
      45.790848,
      24.810495
     ],
     [
      45.337665,
      24.766492
     ],
     [
      44.873929,
      24.705314
     ],
     [
      44.231961,
      24.627166
     ],
     [
      43.902109,
      24.578576
     ],
     [
      43.608432,
      24.541143
     ],
     [
      43.579602,
      24.53458
     ],
     [
      43.514618,
      24.513578
     ],
     [
      43.275333,
      24.480605
     ],
     [
      42.891158,
      24.424778
     ],
     [
      42.639177,
      24.379191
     ],
     [
      42.57813,
      24.364102
     ],
     [
      42.282787,
      24.313322
     ],
     [
      42.131999,
      24.284429
     ],
     [
      41.670683,
      24.21974
     ],
     [
      41.127994,
      24.127775
     ],
     [
      40.633816,
      24.054696
     ],
     [
      40.308236,
      24.009335
     ],
     [
      39.894803,
      23.95017
     ],
     [
      39.761105,
      23.91458
     ],
     [
      39.704804,
      23.896208
     ],
     [
      39.630019,
      23.907969
     ],
     [
      39.589413,
      23.942822
     ],
     [
      39.447195,
      23.930315
     ],
     [
      39.36928,
      23.924246
     ],
     [
      39.274869,
      23.936795
     ],
     [
      39.109098,
      23.911673
     ],
     [
      39.010244,
      23.90049
     ],
     [
      38.975538,
      23.907029
     ],
     [
      38.758677,
      23.970645
     ],
     [
      38.638095,
      23.944367
     ],
     [
      38.614528,
      23.947634
     ],
     [
      38.420599,
      23.998594
     ],
     [
      38.29804,
      24.03402
     ],
     [
      38.261386,
      24.000778
     ],
     [
      38.241105,
      23.980231
     ],
     [
      38.246078,
      23.959915
     ]
    ]
   }
  },
  {
   "type": "Feature",
   "properties": {
    "id": "ME2026-0244",
    "commodity": "oil",
    "status_class": "in_service",
    "name": null,
    "name_dist_pt": null,
    "name_ambiguous": null,
    "name_confidence": null,
    "commodity_conflict": null,
    "other_names": null,
    "diameter_in": null,
    "length_km": 367.82,
    "n_vertices": 33,
    "legend_class": "oil_in_service",
    "stroke_rgb": "#00922f",
    "dashed": false,
    "source_map": "me2026",
    "source_file": "../energy-map-of-the-middle-east-2026-peregrine-bush.pdf",
    "source_page": 1,
    "source_title": "Energy Infrastructure Map of the Middle East, 2026 edition",
    "source_publisher": "Petroleum Economist / World Oil / Gulf Energy Information / Global Energy Infrastructure",
    "geometry_source": "stroke",
    "georef_order": 2,
    "georef_source": "map's own coastline vector registered to Natural Earth 10m coastline+lakes by trimmed ICP",
    "georef_insample_rmse_km": 0.97,
    "georef_holdout_layer": "ne_10m_admin_0_countries vs the map's own border strokes",
    "georef_holdout_median_km": 1.45,
    "georef_holdout_rmse_km": 1.6,
    "drawn_feature_offset_median_km": 2.39,
    "accuracy_tier": "medium"
   },
   "geometry": {
    "type": "LineString",
    "coordinates": [
     [
      49.110543,
      24.12717
     ],
     [
      49.119199,
      24.265615
     ],
     [
      49.124803,
      24.367722
     ],
     [
      49.128334,
      24.556153
     ],
     [
      49.128316,
      24.655262
     ],
     [
      49.124744,
      24.671097
     ],
     [
      49.165087,
      24.812024
     ],
     [
      49.182888,
      24.88815
     ],
     [
      49.282509,
      25.101551
     ],
     [
      49.333101,
      25.235405
     ],
     [
      49.377983,
      25.373784
     ],
     [
      49.39586,
      25.47136
     ],
     [
      49.438779,
      25.533104
     ],
     [
      49.492445,
      25.600037
     ],
     [
      49.529747,
      25.735346
     ],
     [
      49.570576,
      25.784303
     ],
     [
      49.637169,
      25.892683
     ],
     [
      49.686883,
      25.941326
     ],
     [
      49.685153,
      25.919127
     ],
     [
      49.652842,
      25.884856
     ],
     [
      49.588197,
      25.780383
     ],
     [
      49.545589,
      25.727676
     ],
     [
      49.506762,
      25.589815
     ],
     [
      49.455141,
      25.526462
     ],
     [
      49.410685,
      25.46473
     ],
     [
      49.394331,
      25.373784
     ],
     [
      49.353031,
      25.240522
     ],
     [
      49.31317,
      25.132713
     ],
     [
      49.259529,
      25.013243
     ],
     [
      49.197713,
      24.879984
     ],
     [
      49.169115,
      24.749701
     ],
     [
      49.145688,
      24.682854
     ],
     [
      49.127805,
      24.670588
     ]
    ]
   }
  },
  {
   "type": "Feature",
   "properties": {
    "id": "ME2026-0245",
    "commodity": "oil",
    "status_class": "in_service",
    "name": null,
    "name_dist_pt": null,
    "name_ambiguous": null,
    "name_confidence": null,
    "commodity_conflict": null,
    "other_names": null,
    "diameter_in": null,
    "length_km": 155.39,
    "n_vertices": 16,
    "legend_class": "oil_in_service",
    "stroke_rgb": "#00922f",
    "dashed": false,
    "source_map": "me2026",
    "source_file": "../energy-map-of-the-middle-east-2026-peregrine-bush.pdf",
    "source_page": 1,
    "source_title": "Energy Infrastructure Map of the Middle East, 2026 edition",
    "source_publisher": "Petroleum Economist / World Oil / Gulf Energy Information / Global Energy Infrastructure",
    "geometry_source": "stroke",
    "georef_order": 2,
    "georef_source": "map's own coastline vector registered to Natural Earth 10m coastline+lakes by trimmed ICP",
    "georef_insample_rmse_km": 0.97,
    "georef_holdout_layer": "ne_10m_admin_0_countries vs the map's own border strokes",
    "georef_holdout_median_km": 1.45,
    "georef_holdout_rmse_km": 1.6,
    "drawn_feature_offset_median_km": 2.39,
    "accuracy_tier": "medium"
   },
   "geometry": {
    "type": "LineString",
    "coordinates": [
     [
      49.125846,
      24.666246
     ],
     [
      49.160512,
      24.674677
     ],
     [
      49.183419,
      24.74612
     ],
     [
      49.21457,
      24.875375
     ],
     [
      49.328515,
      25.125043
     ],
     [
      49.367263,
      25.228763
     ],
     [
      49.386159,
      25.287446
     ],
     [
      49.409664,
      25.370202
     ],
     [
      49.424989,
      25.45706
     ],
     [
      49.475072,
      25.520848
     ],
     [
      49.520558,
      25.579084
     ],
     [
      49.560341,
      25.717973
     ],
     [
      49.60975,
      25.779415
     ],
     [
      49.667534,
      25.879968
     ],
     [
      49.688107,
      25.900521
     ],
     [
      49.684209,
      25.938713
     ]
    ]
   }
  },
  {
   "type": "Feature",
   "properties": {
    "id": "ME2026-0246",
    "commodity": "oil",
    "status_class": "in_service",
    "name": "Trans-Arabian Pipeline (Tapline) mothballed",
    "name_dist_pt": 0.0,
    "name_ambiguous": false,
    "name_confidence": "high",
    "commodity_conflict": null,
    "other_names": null,
    "diameter_in": "30",
    "length_km": 1649.68,
    "n_vertices": 87,
    "legend_class": "oil_in_service",
    "stroke_rgb": "#00922f",
    "dashed": false,
    "source_map": "me2026",
    "source_file": "../energy-map-of-the-middle-east-2026-peregrine-bush.pdf",
    "source_page": 1,
    "source_title": "Energy Infrastructure Map of the Middle East, 2026 edition",
    "source_publisher": "Petroleum Economist / World Oil / Gulf Energy Information / Global Energy Infrastructure",
    "geometry_source": "stroke",
    "georef_order": 2,
    "georef_source": "map's own coastline vector registered to Natural Earth 10m coastline+lakes by trimmed ICP",
    "georef_insample_rmse_km": 0.97,
    "georef_holdout_layer": "ne_10m_admin_0_countries vs the map's own border strokes",
    "georef_holdout_median_km": 1.45,
    "georef_holdout_rmse_km": 1.6,
    "drawn_feature_offset_median_km": 2.39,
    "accuracy_tier": "medium"
   },
   "geometry": {
    "type": "LineString",
    "coordinates": [
     [
      35.365805,
      33.555526
     ],
     [
      35.365798,
      33.544116
     ],
     [
      35.368823,
      33.534246
     ],
     [
      35.380949,
      33.522095
     ],
     [
      35.397629,
      33.511472
     ],
     [
      35.414309,
      33.5016
     ],
     [
      35.43173,
      33.478624
     ],
     [
      35.456551,
      33.453766
     ],
     [
      35.474735,
      33.435534
     ],
     [
      35.489141,
      33.417505
     ],
     [
      35.504296,
      33.402307
     ],
     [
      35.523241,
      33.383314
     ],
     [
      35.535357,
      33.351417
     ],
     [
      35.551273,
      33.33547
     ],
     [
      35.597509,
      33.302062
     ],
     [
      35.624055,
      33.292208
     ],
     [
      35.659496,
      33.277038
     ],
     [
      35.676929,
      33.272489
     ],
     [
      35.706506,
      33.2634
     ],
     [
      35.769437,
      33.239889
     ],
     [
      35.795977,
      33.239908
     ],
     [
      35.819985,
      33.244778
     ],
     [
      35.863289,
      33.252105
     ],
     [
      35.883758,
      33.235399
     ],
     [
      35.902699,
      33.206737
     ],
     [
      35.928451,
      33.159641
     ],
     [
      35.938276,
      33.09049
     ],
     [
      35.946597,
      33.050411
     ],
     [
      35.976152,
      33.020789
     ],
     [
      36.05025,
      32.967655
     ],
     [
      36.145776,
      32.900851
     ],
     [
      36.166249,
      32.888705
     ],
     [
      36.20653,
      32.861922
     ],
     [
      36.338131,
      32.732482
     ],
     [
      36.490314,
      32.580031
     ],
     [
      36.639457,
      32.421515
     ],
     [
      36.661431,
      32.388851
     ],
     [
      36.684177,
      32.353912
     ],
     [
      36.722069,
      32.298464
     ],
     [
      36.770568,
      32.224972
     ],
     [
      36.813585,
      32.14977
     ],
     [
      37.225037,
      32.077096
     ],
     [
      37.450124,
      32.041718
     ],
     [
      37.9813,
      31.947821
     ],
     [
      38.31186,
      31.891783
     ],
     [
      38.405736,
      31.87663
     ],
     [
      38.6536,
      31.785027
     ],
     [
      39.04618,
      31.638851
     ],
     [
      39.346341,
      31.529096
     ],
     [
      39.778843,
      31.361197
     ],
     [
      40.315719,
      31.162984
     ],
     [
      40.696486,
      31.015607
     ],
     [
      40.956304,
      30.920751
     ],
     [
      41.129085,
      30.832011
     ],
     [
      41.712018,
      30.511679
     ],
     [
      42.036131,
      30.334587
     ],
     [
      42.420899,
      30.127448
     ],
     [
      42.767837,
      29.935956
     ],
     [
      43.367294,
      29.608735
     ],
     [
      43.742652,
      29.395688
     ],
     [
      43.944596,
      29.288337
     ],
     [
      44.161504,
      29.175798
     ],
     [
      44.584581,
      28.944432
     ],
     [
      44.864154,
      28.834854
     ],
     [
      45.243271,
      28.68151
     ],
     [
      45.695517,
      28.495858
     ],
     [
      45.990806,
      28.375777
     ],
     [
      46.153969,
      28.319017
     ],
     [
      46.475411,
      28.21333
     ],
     [
      46.680692,
      28.141195
     ],
     [
      46.935887,
      28.042338
     ],
     [
      47.143132,
      27.969218
     ],
     [
      47.328855,
      27.924198
     ],
     [
      47.623945,
      27.842964
     ],
     [
      47.845892,
      27.784537
     ],
     [
      47.900732,
      27.765935
     ],
     [
      48.178497,
      27.662164
     ],
     [
      48.462856,
      27.550853
     ],
     [
      48.624129,
      27.492124
     ],
     [
      48.929351,
      27.313238
     ],
     [
      48.996626,
      27.271151
     ],
     [
      49.225486,
      27.097171
     ],
     [
      49.478846,
      26.983873
     ],
     [
      49.512135,
      26.95745
     ],
     [
      49.636224,
      26.894781
     ],
     [
      49.91505,
      26.559527
     ],
     [
      49.948051,
      26.516458
     ]
    ]
   }
  },
  {
   "type": "Feature",
   "properties": {
    "id": "ME2026-0247",
    "commodity": "oil",
    "status_class": "in_service",
    "name": null,
    "name_dist_pt": null,
    "name_ambiguous": null,
    "name_confidence": null,
    "commodity_conflict": null,
    "other_names": null,
    "diameter_in": "24",
    "length_km": 1102.66,
    "n_vertices": 68,
    "legend_class": "oil_in_service",
    "stroke_rgb": "#00922f",
    "dashed": false,
    "source_map": "me2026",
    "source_file": "../energy-map-of-the-middle-east-2026-peregrine-bush.pdf",
    "source_page": 1,
    "source_title": "Energy Infrastructure Map of the Middle East, 2026 edition",
    "source_publisher": "Petroleum Economist / World Oil / Gulf Energy Information / Global Energy Infrastructure",
    "geometry_source": "stroke",
    "georef_order": 2,
    "georef_source": "map's own coastline vector registered to Natural Earth 10m coastline+lakes by trimmed ICP",
    "georef_insample_rmse_km": 0.97,
    "georef_holdout_layer": "ne_10m_admin_0_countries vs the map's own border strokes",
    "georef_holdout_median_km": 1.45,
    "georef_holdout_rmse_km": 1.6,
    "drawn_feature_offset_median_km": 2.39,
    "accuracy_tier": "medium"
   },
   "geometry": {
    "type": "LineString",
    "coordinates": [
     [
      46.829742,
      22.979554
     ],
     [
      46.997564,
      23.022383
     ],
     [
      47.102593,
      23.050947
     ],
     [
      47.192486,
      23.126611
     ],
     [
      47.482397,
      23.370935
     ],
     [
      47.681627,
      23.537952
     ],
     [
      48.005021,
      23.81085
     ],
     [
      48.084341,
      23.877937
     ],
     [
      48.088603,
      23.948712
     ],
     [
      48.108549,
      24.145109
     ],
     [
      48.108512,
      24.294996
     ],
     [
      48.114182,
      24.467129
     ],
     [
      48.057049,
      24.542187
     ],
     [
      47.954831,
      24.662097
     ],
     [
      47.947669,
      24.784273
     ],
     [
      47.896276,
      24.785686
     ],
     [
      47.866292,
      24.815672
     ],
     [
      47.658415,
      25.023484
     ],
     [
      47.503361,
      25.178483
     ],
     [
      47.37831,
      25.370597
     ],
     [
      47.371171,
      25.386298
     ],
     [
      47.276907,
      25.7691
     ],
     [
      47.25141,
      25.887723
     ],
     [
      47.208615,
      26.012054
     ],
     [
      47.158672,
      26.177213
     ],
     [
      47.109724,
      26.34922
     ],
     [
      47.047074,
      26.541805
     ],
     [
      46.99154,
      26.702067
     ],
     [
      46.985686,
      26.732419
     ],
     [
      46.957302,
      26.909331
     ],
     [
      46.93869,
      26.994509
     ],
     [
      46.931858,
      27.045125
     ],
     [
      46.911299,
      27.122476
     ],
     [
      46.875098,
      27.316036
     ],
     [
      46.847684,
      27.396314
     ],
     [
      46.846719,
      27.429317
     ],
     [
      46.846726,
      27.488053
     ],
     [
      46.846731,
      27.533093
     ],
     [
      46.825504,
      27.651276
     ],
     [
      46.814735,
      27.71491
     ],
     [
      46.761897,
      27.875179
     ],
     [
      46.713949,
      28.030561
     ],
     [
      46.682648,
      28.122588
     ],
     [
      46.692438,
      28.141196
     ],
     [
      46.690481,
      28.155883
     ],
     [
      46.623293,
      28.478403
     ],
     [
      46.575392,
      28.731702
     ],
     [
      46.546069,
      28.906667
     ],
     [
      46.502062,
      29.073803
     ],
     [
      46.480523,
      29.085536
     ],
     [
      46.456358,
      29.137435
     ],
     [
      46.445598,
      29.156041
     ],
     [
      46.480559,
      29.20668
     ],
     [
      46.514842,
      29.251718
     ],
     [
      46.7839,
      29.633048
     ],
     [
      46.948173,
      29.873665
     ],
     [
      47.099719,
      30.085873
     ],
     [
      47.271766,
      30.152202
     ],
     [
      47.43304,
      30.220768
     ],
     [
      47.623763,
      30.35955
     ],
     [
      47.638461,
      30.354918
     ],
     [
      47.882338,
      30.425307
     ],
     [
      47.951562,
      30.382882
     ],
     [
      48.156243,
      30.210521
     ],
     [
      48.420479,
      29.982336
     ],
     [
      48.443939,
      29.97676
     ],
     [
      48.584572,
      29.778703
     ],
     [
      48.628523,
      29.755257
     ]
    ]
   }
  },
  {
   "type": "Feature",
   "properties": {
    "id": "ME2026-0248",
    "commodity": "oil",
    "status_class": "in_service",
    "name": "Shaybah-Abqaiq",
    "name_dist_pt": 5.2,
    "name_ambiguous": false,
    "name_confidence": "high",
    "commodity_conflict": null,
    "other_names": null,
    "diameter_in": "46",
    "length_km": 642.36,
    "n_vertices": 45,
    "legend_class": "oil_in_service",
    "stroke_rgb": "#00922f",
    "dashed": false,
    "source_map": "me2026",
    "source_file": "../energy-map-of-the-middle-east-2026-peregrine-bush.pdf",
    "source_page": 1,
    "source_title": "Energy Infrastructure Map of the Middle East, 2026 edition",
    "source_publisher": "Petroleum Economist / World Oil / Gulf Energy Information / Global Energy Infrastructure",
    "geometry_source": "stroke",
    "georef_order": 2,
    "georef_source": "map's own coastline vector registered to Natural Earth 10m coastline+lakes by trimmed ICP",
    "georef_insample_rmse_km": 0.97,
    "georef_holdout_layer": "ne_10m_admin_0_countries vs the map's own border strokes",
    "georef_holdout_median_km": 1.45,
    "georef_holdout_rmse_km": 1.6,
    "drawn_feature_offset_median_km": 2.39,
    "accuracy_tier": "medium"
   },
   "geometry": {
    "type": "LineString",
    "coordinates": [
     [
      54.067688,
      22.475016
     ],
     [
      53.926372,
      22.549061
     ],
     [
      53.892557,
      22.559679
     ],
     [
      53.816647,
      22.572244
     ],
     [
      53.7606,
      22.579577
     ],
     [
      53.724871,
      22.594066
     ],
     [
      53.68527,
      22.600826
     ],
     [
      53.59969,
      22.606642
     ],
     [
      53.401108,
      22.648183
     ],
     [
      53.158075,
      22.711929
     ],
     [
      52.997165,
      22.750553
     ],
     [
      52.766722,
      22.79651
     ],
     [
      52.471579,
      22.865085
     ],
     [
      52.205814,
      22.923029
     ],
     [
      52.005341,
      22.967048
     ],
     [
      51.946416,
      22.979602
     ],
     [
      51.841572,
      22.997958
     ],
     [
      51.773953,
      23.098321
     ],
     [
      51.606247,
      23.360962
     ],
     [
      51.487828,
      23.54873
     ],
     [
      51.340025,
      23.782821
     ],
     [
      51.289237,
      23.86292
     ],
     [
      51.265091,
      23.904415
     ],
     [
      51.175253,
      24.047797
     ],
     [
      51.034653,
      24.251985
     ],
     [
      50.916819,
      24.43396
     ],
     [
      50.860231,
      24.508266
     ],
     [
      50.739541,
      24.586037
     ],
     [
      50.61538,
      24.664207
     ],
     [
      50.609591,
      24.68447
     ],
     [
      50.587361,
      24.827847
     ],
     [
      50.562236,
      24.904642
     ],
     [
      50.501808,
      25.068697
     ],
     [
      50.439041,
      25.164791
     ],
     [
      50.286883,
      25.39407
     ],
     [
      50.246334,
      25.454862
     ],
     [
      50.105771,
      25.658094
     ],
     [
      50.030474,
      25.783138
     ],
     [
      50.006813,
      25.813661
     ],
     [
      49.975478,
      25.851843
     ],
     [
      49.93952,
      25.887786
     ],
     [
      49.890541,
      25.891708
     ],
     [
      49.778885,
      25.906398
     ],
     [
      49.729241,
      25.911299
     ],
     [
      49.682224,
      25.940661
     ]
    ]
   }
  },
  {
   "type": "Feature",
   "properties": {
    "id": "ME2026-0249",
    "commodity": "oil",
    "status_class": "in_service",
    "name": null,
    "name_dist_pt": null,
    "name_ambiguous": null,
    "name_confidence": null,
    "commodity_conflict": null,
    "other_names": null,
    "diameter_in": null,
    "length_km": 14.66,
    "n_vertices": 2,
    "legend_class": "oil_in_service",
    "stroke_rgb": "#00922f",
    "dashed": false,
    "source_map": "me2026",
    "source_file": "../energy-map-of-the-middle-east-2026-peregrine-bush.pdf",
    "source_page": 1,
    "source_title": "Energy Infrastructure Map of the Middle East, 2026 edition",
    "source_publisher": "Petroleum Economist / World Oil / Gulf Energy Information / Global Energy Infrastructure",
    "geometry_source": "stroke",
    "georef_order": 2,
    "georef_source": "map's own coastline vector registered to Natural Earth 10m coastline+lakes by trimmed ICP",
    "georef_insample_rmse_km": 0.97,
    "georef_holdout_layer": "ne_10m_admin_0_countries vs the map's own border strokes",
    "georef_holdout_median_km": 1.45,
    "georef_holdout_rmse_km": 1.6,
    "drawn_feature_offset_median_km": 2.39,
    "accuracy_tier": "medium"
   },
   "geometry": {
    "type": "LineString",
    "coordinates": [
     [
      49.989189,
      26.210587
     ],
     [
      49.860576,
      26.274225
     ]
    ]
   }
  },
  {
   "type": "Feature",
   "properties": {
    "id": "ME2026-0250",
    "commodity": "oil",
    "status_class": "in_service",
    "name": null,
    "name_dist_pt": null,
    "name_ambiguous": null,
    "name_confidence": null,
    "commodity_conflict": null,
    "other_names": null,
    "diameter_in": null,
    "length_km": 110.72,
    "n_vertices": 14,
    "legend_class": "oil_in_service",
    "stroke_rgb": "#00922f",
    "dashed": false,
    "source_map": "me2026",
    "source_file": "../energy-map-of-the-middle-east-2026-peregrine-bush.pdf",
    "source_page": 1,
    "source_title": "Energy Infrastructure Map of the Middle East, 2026 edition",
    "source_publisher": "Petroleum Economist / World Oil / Gulf Energy Information / Global Energy Infrastructure",
    "geometry_source": "stroke",
    "georef_order": 2,
    "georef_source": "map's own coastline vector registered to Natural Earth 10m coastline+lakes by trimmed ICP",
    "georef_insample_rmse_km": 0.97,
    "georef_holdout_layer": "ne_10m_admin_0_countries vs the map's own border strokes",
    "georef_holdout_median_km": 1.45,
    "georef_holdout_rmse_km": 1.6,
    "drawn_feature_offset_median_km": 2.39,
    "accuracy_tier": "medium"
   },
   "geometry": {
    "type": "LineString",
    "coordinates": [
     [
      49.948051,
      26.516458
     ],
     [
      49.960797,
      26.537012
     ],
     [
      49.949391,
      26.644781
     ],
     [
      49.962303,
      26.780859
     ],
     [
      49.98478,
      26.80791
     ],
     [
      49.982059,
      26.830352
     ],
     [
      49.942491,
      26.789328
     ],
     [
      49.929748,
      26.645398
     ],
     [
      49.945813,
      26.519398
     ],
     [
      49.923861,
      26.572266
     ],
     [
      49.910178,
      26.646863
     ],
     [
      49.924773,
      26.795003
     ],
     [
      49.960819,
      26.832119
     ],
     [
      49.982059,
      26.830352
     ]
    ]
   }
  },
  {
   "type": "Feature",
   "properties": {
    "id": "ME2026-0251",
    "commodity": "oil",
    "status_class": "in_service",
    "name": null,
    "name_dist_pt": null,
    "name_ambiguous": null,
    "name_confidence": null,
    "commodity_conflict": null,
    "other_names": null,
    "diameter_in": null,
    "length_km": 424.82,
    "n_vertices": 26,
    "legend_class": "oil_in_service",
    "stroke_rgb": "#00922f",
    "dashed": false,
    "source_map": "me2026",
    "source_file": "../energy-map-of-the-middle-east-2026-peregrine-bush.pdf",
    "source_page": 1,
    "source_title": "Energy Infrastructure Map of the Middle East, 2026 edition",
    "source_publisher": "Petroleum Economist / World Oil / Gulf Energy Information / Global Energy Infrastructure",
    "geometry_source": "stroke",
    "georef_order": 2,
    "georef_source": "map's own coastline vector registered to Natural Earth 10m coastline+lakes by trimmed ICP",
    "georef_insample_rmse_km": 0.97,
    "georef_holdout_layer": "ne_10m_admin_0_countries vs the map's own border strokes",
    "georef_holdout_median_km": 1.45,
    "georef_holdout_rmse_km": 1.6,
    "drawn_feature_offset_median_km": 2.39,
    "accuracy_tier": "medium"
   },
   "geometry": {
    "type": "LineString",
    "coordinates": [
     [
      50.083702,
      26.71538
     ],
     [
      50.044069,
      26.763859
     ],
     [
      49.740048,
      26.883032
     ],
     [
      49.650922,
      26.959409
     ],
     [
      49.35474,
      27.078565
     ],
     [
      49.204921,
      27.157867
     ],
     [
      48.986843,
      27.324019
     ],
     [
      48.917627,
      27.498014
     ],
     [
      48.784476,
      27.680815
     ],
     [
      48.742674,
      27.842073
     ],
     [
      48.742697,
      27.962501
     ],
     [
      48.747601,
      27.977189
     ],
     [
      48.744377,
      28.01121
     ],
     [
      48.726061,
      27.973232
     ],
     [
      48.725055,
      27.841092
     ],
     [
      48.769095,
      27.671995
     ],
     [
      48.900976,
      27.494094
     ],
     [
      48.972442,
      27.314232
     ],
     [
      49.1873,
      27.147099
     ],
     [
      49.34398,
      27.06095
     ],
     [
      49.518989,
      26.993672
     ],
     [
      49.638189,
      26.94863
     ],
     [
      49.729276,
      26.873245
     ],
     [
      49.914087,
      26.796189
     ],
     [
      50.040146,
      26.749184
     ],
     [
      50.083702,
      26.71538
     ]
    ]
   }
  },
  {
   "type": "Feature",
   "properties": {
    "id": "ME2026-0252",
    "commodity": "oil",
    "status_class": "in_service",
    "name": null,
    "name_dist_pt": null,
    "name_ambiguous": null,
    "name_confidence": null,
    "commodity_conflict": null,
    "other_names": null,
    "diameter_in": null,
    "length_km": 128.61,
    "n_vertices": 10,
    "legend_class": "oil_in_service",
    "stroke_rgb": "#00922f",
    "dashed": false,
    "source_map": "me2026",
    "source_file": "../energy-map-of-the-middle-east-2026-peregrine-bush.pdf",
    "source_page": 1,
    "source_title": "Energy Infrastructure Map of the Middle East, 2026 edition",
    "source_publisher": "Petroleum Economist / World Oil / Gulf Energy Information / Global Energy Infrastructure",
    "geometry_source": "stroke",
    "georef_order": 2,
    "georef_source": "map's own coastline vector registered to Natural Earth 10m coastline+lakes by trimmed ICP",
    "georef_insample_rmse_km": 0.97,
    "georef_holdout_layer": "ne_10m_admin_0_countries vs the map's own border strokes",
    "georef_holdout_median_km": 1.45,
    "georef_holdout_rmse_km": 1.6,
    "drawn_feature_offset_median_km": 2.39,
    "accuracy_tier": "medium"
   },
   "geometry": {
    "type": "LineString",
    "coordinates": [
     [
      49.935618,
      26.806955
     ],
     [
      49.879803,
      26.834371
     ],
     [
      49.608812,
      27.014226
     ],
     [
      49.516069,
      27.079545
     ],
     [
      49.42596,
      27.092272
     ],
     [
      49.290129,
      27.175495
     ],
     [
      49.163115,
      27.286821
     ],
     [
      49.118077,
      27.306395
     ],
     [
      49.055391,
      27.38081
     ],
     [
      48.917627,
      27.498014
     ]
    ]
   }
  },
  {
   "type": "Feature",
   "properties": {
    "id": "ME2026-0253",
    "commodity": "oil",
    "status_class": "in_service",
    "name": null,
    "name_dist_pt": null,
    "name_ambiguous": null,
    "name_confidence": null,
    "commodity_conflict": null,
    "other_names": null,
    "diameter_in": null,
    "length_km": 52.7,
    "n_vertices": 4,
    "legend_class": "oil_in_service",
    "stroke_rgb": "#00922f",
    "dashed": false,
    "source_map": "me2026",
    "source_file": "../energy-map-of-the-middle-east-2026-peregrine-bush.pdf",
    "source_page": 1,
    "source_title": "Energy Infrastructure Map of the Middle East, 2026 edition",
    "source_publisher": "Petroleum Economist / World Oil / Gulf Energy Information / Global Energy Infrastructure",
    "geometry_source": "stroke",
    "georef_order": 2,
    "georef_source": "map's own coastline vector registered to Natural Earth 10m coastline+lakes by trimmed ICP",
    "georef_insample_rmse_km": 0.97,
    "georef_holdout_layer": "ne_10m_admin_0_countries vs the map's own border strokes",
    "georef_holdout_median_km": 1.45,
    "georef_holdout_rmse_km": 1.6,
    "drawn_feature_offset_median_km": 2.39,
    "accuracy_tier": "medium"
   },
   "geometry": {
    "type": "LineString",
    "coordinates": [
     [
      49.944442,
      26.815762
     ],
     [
      49.607835,
      27.039402
     ],
     [
      49.599027,
      27.065837
     ],
     [
      49.628407,
      27.133393
     ]
    ]
   }
  },
  {
   "type": "Feature",
   "properties": {
    "id": "ME2026-0254",
    "commodity": "oil",
    "status_class": "in_service",
    "name": null,
    "name_dist_pt": null,
    "name_ambiguous": null,
    "name_confidence": null,
    "commodity_conflict": null,
    "other_names": null,
    "diameter_in": null,
    "length_km": 69.46,
    "n_vertices": 5,
    "legend_class": "oil_in_service",
    "stroke_rgb": "#00922f",
    "dashed": false,
    "source_map": "me2026",
    "source_file": "../energy-map-of-the-middle-east-2026-peregrine-bush.pdf",
    "source_page": 1,
    "source_title": "Energy Infrastructure Map of the Middle East, 2026 edition",
    "source_publisher": "Petroleum Economist / World Oil / Gulf Energy Information / Global Energy Infrastructure",
    "geometry_source": "stroke",
    "georef_order": 2,
    "georef_source": "map's own coastline vector registered to Natural Earth 10m coastline+lakes by trimmed ICP",
    "georef_insample_rmse_km": 0.97,
    "georef_holdout_layer": "ne_10m_admin_0_countries vs the map's own border strokes",
    "georef_holdout_median_km": 1.45,
    "georef_holdout_rmse_km": 1.6,
    "drawn_feature_offset_median_km": 2.39,
    "accuracy_tier": "medium"
   },
   "geometry": {
    "type": "LineString",
    "coordinates": [
     [
      48.964907,
      28.740749
     ],
     [
      48.969781,
      28.646752
     ],
     [
      48.963867,
      28.532479
     ],
     [
      48.940366,
      28.485474
     ],
     [
      48.534999,
      28.40669
     ]
    ]
   }
  },
  {
   "type": "Feature",
   "properties": {
    "id": "ME2026-0255",
    "commodity": "oil",
    "status_class": "in_service",
    "name": null,
    "name_dist_pt": null,
    "name_ambiguous": null,
    "name_confidence": null,
    "commodity_conflict": null,
    "other_names": null,
    "diameter_in": null,
    "length_km": 93.95,
    "n_vertices": 8,
    "legend_class": "oil_in_service",
    "stroke_rgb": "#00922f",
    "dashed": false,
    "source_map": "me2026",
    "source_file": "../energy-map-of-the-middle-east-2026-peregrine-bush.pdf",
    "source_page": 1,
    "source_title": "Energy Infrastructure Map of the Middle East, 2026 edition",
    "source_publisher": "Petroleum Economist / World Oil / Gulf Energy Information / Global Energy Infrastructure",
    "geometry_source": "stroke",
    "georef_order": 2,
    "georef_source": "map's own coastline vector registered to Natural Earth 10m coastline+lakes by trimmed ICP",
    "georef_insample_rmse_km": 0.97,
    "georef_holdout_layer": "ne_10m_admin_0_countries vs the map's own border strokes",
    "georef_holdout_median_km": 1.45,
    "georef_holdout_rmse_km": 1.6,
    "drawn_feature_offset_median_km": 2.39,
    "accuracy_tier": "medium"
   },
   "geometry": {
    "type": "LineString",
    "coordinates": [
     [
      47.924948,
      28.587012
     ],
     [
      47.951818,
      28.578134
     ],
     [
      48.230339,
      28.69468
     ],
     [
      48.340996,
      28.709376
     ],
     [
      48.355621,
      28.739032
     ],
     [
      48.346856,
      28.725045
     ],
     [
      48.229364,
      28.713288
     ],
     [
      47.922443,
      28.585971
     ]
    ]
   }
  },
  {
   "type": "Feature",
   "properties": {
    "id": "ME2026-0256",
    "commodity": "oil",
    "status_class": "in_service",
    "name": null,
    "name_dist_pt": null,
    "name_ambiguous": null,
    "name_confidence": null,
    "commodity_conflict": null,
    "other_names": null,
    "diameter_in": null,
    "length_km": 197.41,
    "n_vertices": 19,
    "legend_class": "oil_in_service",
    "stroke_rgb": "#00922f",
    "dashed": false,
    "source_map": "me2026",
    "source_file": "../energy-map-of-the-middle-east-2026-peregrine-bush.pdf",
    "source_page": 1,
    "source_title": "Energy Infrastructure Map of the Middle East, 2026 edition",
    "source_publisher": "Petroleum Economist / World Oil / Gulf Energy Information / Global Energy Infrastructure",
    "geometry_source": "stroke",
    "georef_order": 2,
    "georef_source": "map's own coastline vector registered to Natural Earth 10m coastline+lakes by trimmed ICP",
    "georef_insample_rmse_km": 0.97,
    "georef_holdout_layer": "ne_10m_admin_0_countries vs the map's own border strokes",
    "georef_holdout_median_km": 1.45,
    "georef_holdout_rmse_km": 1.6,
    "drawn_feature_offset_median_km": 2.39,
    "accuracy_tier": "medium"
   },
   "geometry": {
    "type": "LineString",
    "coordinates": [
     [
      48.353734,
      28.741693
     ],
     [
      48.32044,
      28.757359
     ],
     [
      48.282251,
      28.750496
     ],
     [
      48.175817,
      28.815797
     ],
     [
      47.978376,
      29.001534
     ],
     [
      47.89515,
      29.014254
     ],
     [
      47.727036,
      29.051453
     ],
     [
      47.667304,
      29.045567
     ],
     [
      47.56185,
      29.033795
     ],
     [
      47.576533,
      29.019121
     ],
     [
      47.640841,
      28.954786
     ],
     [
      47.678046,
      28.922474
     ],
     [
      47.7172,
      28.892134
     ],
     [
      47.731884,
      28.879408
     ],
     [
      47.76907,
      28.82066
     ],
     [
      47.921464,
      28.588911
     ],
     [
      47.934198,
      28.609468
     ],
     [
      48.222508,
      28.726995
     ],
     [
      48.355682,
      28.740713
     ]
    ]
   }
  },
  {
   "type": "Feature",
   "properties": {
    "id": "ME2026-0257",
    "commodity": "oil",
    "status_class": "in_service",
    "name": null,
    "name_dist_pt": null,
    "name_ambiguous": null,
    "name_confidence": null,
    "commodity_conflict": null,
    "other_names": null,
    "diameter_in": null,
    "length_km": 60.97,
    "n_vertices": 6,
    "legend_class": "oil_in_service",
    "stroke_rgb": "#00922f",
    "dashed": false,
    "source_map": "me2026",
    "source_file": "../energy-map-of-the-middle-east-2026-peregrine-bush.pdf",
    "source_page": 1,
    "source_title": "Energy Infrastructure Map of the Middle East, 2026 edition",
    "source_publisher": "Petroleum Economist / World Oil / Gulf Energy Information / Global Energy Infrastructure",
    "geometry_source": "stroke",
    "georef_order": 2,
    "georef_source": "map's own coastline vector registered to Natural Earth 10m coastline+lakes by trimmed ICP",
    "georef_insample_rmse_km": 0.97,
    "georef_holdout_layer": "ne_10m_admin_0_countries vs the map's own border strokes",
    "georef_holdout_median_km": 1.45,
    "georef_holdout_rmse_km": 1.6,
    "drawn_feature_offset_median_km": 2.39,
    "accuracy_tier": "medium"
   },
   "geometry": {
    "type": "LineString",
    "coordinates": [
     [
      47.56185,
      29.033795
     ],
     [
      47.561852,
      29.039675
     ],
     [
      47.549131,
      29.059262
     ],
     [
      47.51878,
      29.072966
     ],
     [
      47.345784,
      29.090561
     ],
     [
      46.963566,
      29.135554
     ]
    ]
   }
  },
  {
   "type": "Feature",
   "properties": {
    "id": "ME2026-0258",
    "commodity": "oil",
    "status_class": "in_service",
    "name": null,
    "name_dist_pt": null,
    "name_ambiguous": null,
    "name_confidence": null,
    "commodity_conflict": null,
    "other_names": null,
    "diameter_in": null,
    "length_km": 115.76,
    "n_vertices": 14,
    "legend_class": "oil_in_service",
    "stroke_rgb": "#00922f",
    "dashed": false,
    "source_map": "me2026",
    "source_file": "../energy-map-of-the-middle-east-2026-peregrine-bush.pdf",
    "source_page": 1,
    "source_title": "Energy Infrastructure Map of the Middle East, 2026 edition",
    "source_publisher": "Petroleum Economist / World Oil / Gulf Energy Information / Global Energy Infrastructure",
    "geometry_source": "stroke",
    "georef_order": 2,
    "georef_source": "map's own coastline vector registered to Natural Earth 10m coastline+lakes by trimmed ICP",
    "georef_insample_rmse_km": 0.97,
    "georef_holdout_layer": "ne_10m_admin_0_countries vs the map's own border strokes",
    "georef_holdout_median_km": 1.45,
    "georef_holdout_rmse_km": 1.6,
    "drawn_feature_offset_median_km": 2.39,
    "accuracy_tier": "medium"
   },
   "geometry": {
    "type": "LineString",
    "coordinates": [
     [
      47.724651,
      28.885674
     ],
     [
      47.757346,
      28.899966
     ],
     [
      47.782804,
      28.909757
     ],
     [
      47.825604,
      28.930329
     ],
     [
      47.884368,
      28.968229
     ],
     [
      47.927456,
      28.979013
     ],
     [
      47.972482,
      28.996633
     ],
     [
      47.980325,
      29.007414
     ],
     [
      48.15043,
      29.00743
     ],
     [
      48.0358,
      28.805017
     ],
     [
      47.9293,
      28.618287
     ],
     [
      47.921464,
      28.588911
     ],
     [
      47.87738,
      28.509879
     ],
     [
      47.882259,
      28.427645
     ]
    ]
   }
  },
  {
   "type": "Feature",
   "properties": {
    "id": "ME2026-0259",
    "commodity": "oil",
    "status_class": "in_service",
    "name": null,
    "name_dist_pt": null,
    "name_ambiguous": null,
    "name_confidence": null,
    "commodity_conflict": null,
    "other_names": null,
    "diameter_in": null,
    "length_km": 144.57,
    "n_vertices": 17,
    "legend_class": "oil_in_service",
    "stroke_rgb": "#00922f",
    "dashed": false,
    "source_map": "me2026",
    "source_file": "../energy-map-of-the-middle-east-2026-peregrine-bush.pdf",
    "source_page": 1,
    "source_title": "Energy Infrastructure Map of the Middle East, 2026 edition",
    "source_publisher": "Petroleum Economist / World Oil / Gulf Energy Information / Global Energy Infrastructure",
    "geometry_source": "stroke",
    "georef_order": 2,
    "georef_source": "map's own coastline vector registered to Natural Earth 10m coastline+lakes by trimmed ICP",
    "georef_insample_rmse_km": 0.97,
    "georef_holdout_layer": "ne_10m_admin_0_countries vs the map's own border strokes",
    "georef_holdout_median_km": 1.45,
    "georef_holdout_rmse_km": 1.6,
    "drawn_feature_offset_median_km": 2.39,
    "accuracy_tier": "medium"
   },
   "geometry": {
    "type": "LineString",
    "coordinates": [
     [
      47.830471,
      29.797943
     ],
     [
      47.781182,
      29.863976
     ],
     [
      47.745944,
      29.87964
     ],
     [
      47.704828,
      29.898535
     ],
     [
      47.691115,
      29.884825
     ],
     [
      47.671509,
      29.841446
     ],
     [
      47.662661,
      29.740598
     ],
     [
      47.662622,
      29.641009
     ],
     [
      47.64986,
      29.549937
     ],
     [
      47.649838,
      29.488546
     ],
     [
      47.683054,
      29.299852
     ],
     [
      47.713379,
      29.243063
     ],
     [
      47.803456,
      29.214688
     ],
     [
      47.962761,
      29.16966
     ],
     [
      48.072127,
      29.134704
     ],
     [
      48.135752,
      29.041692
     ],
     [
      48.155258,
      29.009221
     ]
    ]
   }
  },
  {
   "type": "Feature",
   "properties": {
    "id": "ME2026-0260",
    "commodity": "oil",
    "status_class": "in_service",
    "name": null,
    "name_dist_pt": null,
    "name_ambiguous": null,
    "name_confidence": null,
    "commodity_conflict": null,
    "other_names": null,
    "diameter_in": null,
    "length_km": 155.43,
    "n_vertices": 4,
    "legend_class": "oil_in_service",
    "stroke_rgb": "#00922f",
    "dashed": false,
    "source_map": "me2026",
    "source_file": "../energy-map-of-the-middle-east-2026-peregrine-bush.pdf",
    "source_page": 1,
    "source_title": "Energy Infrastructure Map of the Middle East, 2026 edition",
    "source_publisher": "Petroleum Economist / World Oil / Gulf Energy Information / Global Energy Infrastructure",
    "geometry_source": "stroke",
    "georef_order": 2,
    "georef_source": "map's own coastline vector registered to Natural Earth 10m coastline+lakes by trimmed ICP",
    "georef_insample_rmse_km": 0.97,
    "georef_holdout_layer": "ne_10m_admin_0_countries vs the map's own border strokes",
    "georef_holdout_median_km": 1.45,
    "georef_holdout_rmse_km": 1.6,
    "drawn_feature_offset_median_km": 2.39,
    "accuracy_tier": "medium"
   },
   "geometry": {
    "type": "LineString",
    "coordinates": [
     [
      49.43586,
      29.539627
     ],
     [
      50.264144,
      29.826375
     ],
     [
      49.691762,
      29.946216
     ],
     [
      49.744881,
      30.047335
     ]
    ]
   }
  },
  {
   "type": "Feature",
   "properties": {
    "id": "ME2026-0261",
    "commodity": "oil",
    "status_class": "in_service",
    "name": null,
    "name_dist_pt": null,
    "name_ambiguous": null,
    "name_confidence": null,
    "commodity_conflict": null,
    "other_names": null,
    "diameter_in": null,
    "length_km": 157.88,
    "n_vertices": 3,
    "legend_class": "oil_in_service",
    "stroke_rgb": "#00922f",
    "dashed": false,
    "source_map": "me2026",
    "source_file": "../energy-map-of-the-middle-east-2026-peregrine-bush.pdf",
    "source_page": 1,
    "source_title": "Energy Infrastructure Map of the Middle East, 2026 edition",
    "source_publisher": "Petroleum Economist / World Oil / Gulf Energy Information / Global Energy Infrastructure",
    "geometry_source": "stroke",
    "georef_order": 2,
    "georef_source": "map's own coastline vector registered to Natural Earth 10m coastline+lakes by trimmed ICP",
    "georef_insample_rmse_km": 0.97,
    "georef_holdout_layer": "ne_10m_admin_0_countries vs the map's own border strokes",
    "georef_holdout_median_km": 1.45,
    "georef_holdout_rmse_km": 1.6,
    "drawn_feature_offset_median_km": 2.39,
    "accuracy_tier": "medium"
   },
   "geometry": {
    "type": "LineString",
    "coordinates": [
     [
      49.498845,
      29.301985
     ],
     [
      50.311489,
      29.22891
     ],
     [
      49.52581,
      29.068361
     ]
    ]
   }
  },
  {
   "type": "Feature",
   "properties": {
    "id": "ME2026-0262",
    "commodity": "oil",
    "status_class": "in_service",
    "name": null,
    "name_dist_pt": null,
    "name_ambiguous": null,
    "name_confidence": null,
    "commodity_conflict": null,
    "other_names": null,
    "diameter_in": null,
    "length_km": 188.97,
    "n_vertices": 8,
    "legend_class": "oil_in_service",
    "stroke_rgb": "#00922f",
    "dashed": false,
    "source_map": "me2026",
    "source_file": "../energy-map-of-the-middle-east-2026-peregrine-bush.pdf",
    "source_page": 1,
    "source_title": "Energy Infrastructure Map of the Middle East, 2026 edition",
    "source_publisher": "Petroleum Economist / World Oil / Gulf Energy Information / Global Energy Infrastructure",
    "geometry_source": "stroke",
    "georef_order": 2,
    "georef_source": "map's own coastline vector registered to Natural Earth 10m coastline+lakes by trimmed ICP",
    "georef_insample_rmse_km": 0.97,
    "georef_holdout_layer": "ne_10m_admin_0_countries vs the map's own border strokes",
    "georef_holdout_median_km": 1.45,
    "georef_holdout_rmse_km": 1.6,
    "drawn_feature_offset_median_km": 2.39,
    "accuracy_tier": "medium"
   },
   "geometry": {
    "type": "LineString",
    "coordinates": [
     [
      49.750705,
      28.552677
     ],
     [
      50.055622,
      28.91081
     ],
     [
      50.276417,
      29.178867
     ],
     [
      50.311489,
      29.22891
     ],
     [
      50.513318,
      29.620096
     ],
     [
      50.514973,
      29.583193
     ],
     [
      50.339625,
      29.243768
     ],
     [
      50.311489,
      29.22891
     ]
    ]
   }
  },
  {
   "type": "Feature",
   "properties": {
    "id": "ME2026-0263",
    "commodity": "oil",
    "status_class": "in_service",
    "name": null,
    "name_dist_pt": null,
    "name_ambiguous": null,
    "name_confidence": null,
    "commodity_conflict": null,
    "other_names": null,
    "diameter_in": "12",
    "length_km": 406.37,
    "n_vertices": 38,
    "legend_class": "oil_in_service",
    "stroke_rgb": "#00922f",
    "dashed": false,
    "source_map": "me2026",
    "source_file": "../energy-map-of-the-middle-east-2026-peregrine-bush.pdf",
    "source_page": 1,
    "source_title": "Energy Infrastructure Map of the Middle East, 2026 edition",
    "source_publisher": "Petroleum Economist / World Oil / Gulf Energy Information / Global Energy Infrastructure",
    "geometry_source": "stroke",
    "georef_order": 2,
    "georef_source": "map's own coastline vector registered to Natural Earth 10m coastline+lakes by trimmed ICP",
    "georef_insample_rmse_km": 0.97,
    "georef_holdout_layer": "ne_10m_admin_0_countries vs the map's own border strokes",
    "georef_holdout_median_km": 1.45,
    "georef_holdout_rmse_km": 1.6,
    "drawn_feature_offset_median_km": 2.39,
    "accuracy_tier": "medium"
   },
   "geometry": {
    "type": "LineString",
    "coordinates": [
     [
      48.276394,
      30.748886
     ],
     [
      48.304267,
      30.666973
     ],
     [
      48.316509,
      30.566461
     ],
     [
      48.289052,
      30.513219
     ],
     [
      48.252322,
      30.40162
     ],
     [
      48.257544,
      30.365249
     ],
     [
      48.271909,
      30.345467
     ],
     [
      48.301503,
      30.388835
     ],
     [
      48.753863,
      30.564733
     ],
     [
      49.18001,
      30.592337
     ],
     [
      49.2224,
      30.610078
     ],
     [
      49.262813,
      30.61797
     ],
     [
      49.516624,
      30.704703
     ],
     [
      49.700456,
      30.77218
     ],
     [
      49.727031,
      30.720925
     ],
     [
      49.856558,
      30.605191
     ],
     [
      49.919615,
      30.554929
     ],
     [
      50.042255,
      30.450024
     ],
     [
      50.136842,
      30.371182
     ],
     [
      50.168817,
      30.339202
     ],
     [
      50.17964,
      30.296828
     ],
     [
      50.193427,
      30.273173
     ],
     [
      50.219049,
      30.268248
     ],
     [
      50.271296,
      30.255434
     ],
     [
      50.32452,
      30.234744
     ],
     [
      50.368341,
      30.216013
     ],
     [
      50.373258,
      30.196314
     ],
     [
      50.363371,
      30.128313
     ],
     [
      50.363346,
      30.07563
     ],
     [
      50.37711,
      30.003696
     ],
     [
      50.411584,
      29.92639
     ],
     [
      50.431268,
      29.87908
     ],
     [
      50.517944,
      29.708146
     ],
     [
      50.51332,
      29.624101
     ],
     [
      50.520329,
      29.598075
     ],
     [
      50.529759,
      29.570802
     ],
     [
      50.359341,
      29.238081
     ],
     [
      50.312119,
      29.230132
     ]
    ]
   }
  },
  {
   "type": "Feature",
   "properties": {
    "id": "ME2026-0264",
    "commodity": "oil",
    "status_class": "in_service",
    "name": null,
    "name_dist_pt": null,
    "name_ambiguous": null,
    "name_confidence": null,
    "commodity_conflict": null,
    "other_names": null,
    "diameter_in": "10",
    "length_km": 393.41,
    "n_vertices": 65,
    "legend_class": "oil_in_service",
    "stroke_rgb": "#00922f",
    "dashed": false,
    "source_map": "me2026",
    "source_file": "../energy-map-of-the-middle-east-2026-peregrine-bush.pdf",
    "source_page": 1,
    "source_title": "Energy Infrastructure Map of the Middle East, 2026 edition",
    "source_publisher": "Petroleum Economist / World Oil / Gulf Energy Information / Global Energy Infrastructure",
    "geometry_source": "stroke",
    "georef_order": 2,
    "georef_source": "map's own coastline vector registered to Natural Earth 10m coastline+lakes by trimmed ICP",
    "georef_insample_rmse_km": 0.97,
    "georef_holdout_layer": "ne_10m_admin_0_countries vs the map's own border strokes",
    "georef_holdout_median_km": 1.45,
    "georef_holdout_rmse_km": 1.6,
    "drawn_feature_offset_median_km": 2.39,
    "accuracy_tier": "medium"
   },
   "geometry": {
    "type": "LineString",
    "coordinates": [
     [
      49.182941,
      30.528292
     ],
     [
      49.20068,
      30.54504
     ],
     [
      49.230258,
      30.547014
     ],
     [
      49.335715,
      30.543087
     ],
     [
      49.514572,
      30.555897
     ],
     [
      49.655988,
      30.566744
     ],
     [
      49.763893,
      30.578581
     ],
     [
      49.818106,
      30.583507
     ],
     [
      49.853583,
      30.58646
     ],
     [
      49.88315,
      30.583509
     ],
     [
      49.909774,
      30.576612
     ],
     [
      49.933427,
      30.581538
     ],
     [
      49.950645,
      30.59336
     ],
     [
      49.966419,
      30.598285
     ],
     [
      49.980225,
      30.590408
     ],
     [
      49.994025,
      30.594341
     ],
     [
      49.998563,
      30.616024
     ],
     [
      50.010799,
      30.636716
     ],
     [
      50.048261,
      30.636716
     ],
     [
      50.090631,
      30.626867
     ],
     [
      50.135979,
      30.616026
     ],
     [
      50.175858,
      30.60913
     ],
     [
      50.195569,
      30.598288
     ],
     [
      50.216271,
      30.582522
     ],
     [
      50.247793,
      30.565776
     ],
     [
      50.270457,
      30.55099
     ],
     [
      50.304948,
      30.516492
     ],
     [
      50.345808,
      30.485504
     ],
     [
      50.406903,
      30.447074
     ],
     [
      50.501505,
      30.385969
     ],
     [
      50.572932,
      30.355415
     ],
     [
      50.627147,
      30.34951
     ],
     [
      50.749817,
      30.296824
     ],
     [
      50.761655,
      30.296824
     ],
     [
      50.796162,
      30.309625
     ],
     [
      50.953921,
      30.28634
     ],
     [
      50.982873,
      30.254625
     ],
     [
      51.003473,
      30.078485
     ],
     [
      51.091297,
      30.045848
     ],
     [
      51.129074,
      30.010913
     ],
     [
      51.30252,
      29.96449
     ],
     [
      51.390328,
      29.939656
     ],
     [
      51.472184,
      29.896818
     ],
     [
      51.670907,
      29.798904
     ],
     [
      51.717896,
      29.776371
     ],
     [
      51.793312,
      29.776365
     ],
     [
      51.857258,
      29.790614
     ],
     [
      52.000753,
      29.732135
     ],
     [
      52.133341,
      29.670075
     ],
     [
      52.179785,
      29.639264
     ],
     [
      52.228057,
      29.607085
     ],
     [
      52.438789,
      29.600965
     ],
     [
      52.446089,
      29.625261
     ],
     [
      52.460893,
      29.640033
     ],
     [
      52.48404,
      29.656777
     ],
     [
      52.511641,
      29.667616
     ],
     [
      52.53137,
      29.67451
     ],
     [
      52.545189,
      29.681406
     ],
     [
      52.563928,
      29.694218
     ],
     [
      52.578732,
      29.709002
     ],
     [
      52.589574,
      29.719842
     ],
     [
      52.6034,
      29.739007
     ],
     [
      52.626085,
      29.749846
     ],
     [
      52.637927,
      29.747873
     ],
     [
      52.657102,
      29.735589
     ]
    ]
   }
  },
  {
   "type": "Feature",
   "properties": {
    "id": "ME2026-0265",
    "commodity": "oil",
    "status_class": "in_service",
    "name": "Tehran-Esfahan Pipeline",
    "name_dist_pt": 0.1,
    "name_ambiguous": false,
    "name_confidence": "high",
    "commodity_conflict": null,
    "other_names": null,
    "diameter_in": "24",
    "length_km": 626.76,
    "n_vertices": 73,
    "legend_class": "oil_in_service",
    "stroke_rgb": "#00922f",
    "dashed": false,
    "source_map": "me2026",
    "source_file": "../energy-map-of-the-middle-east-2026-peregrine-bush.pdf",
    "source_page": 1,
    "source_title": "Energy Infrastructure Map of the Middle East, 2026 edition",
    "source_publisher": "Petroleum Economist / World Oil / Gulf Energy Information / Global Energy Infrastructure",
    "geometry_source": "stroke",
    "georef_order": 2,
    "georef_source": "map's own coastline vector registered to Natural Earth 10m coastline+lakes by trimmed ICP",
    "georef_insample_rmse_km": 0.97,
    "georef_holdout_layer": "ne_10m_admin_0_countries vs the map's own border strokes",
    "georef_holdout_median_km": 1.45,
    "georef_holdout_rmse_km": 1.6,
    "drawn_feature_offset_median_km": 2.39,
    "accuracy_tier": "medium"
   },
   "geometry": {
    "type": "LineString",
    "coordinates": [
     [
      49.530587,
      31.002234
     ],
     [
      49.672181,
      31.307652
     ],
     [
      49.719552,
      31.404239
     ],
     [
      49.859062,
      31.508164
     ],
     [
      50.044917,
      31.639244
     ],
     [
      50.112841,
      31.687878
     ],
     [
      50.138,
      31.714634
     ],
     [
      50.193421,
      31.74433
     ],
     [
      50.234579,
      31.76719
     ],
     [
      50.275739,
      31.808321
     ],
     [
      50.363182,
      31.877394
     ],
     [
      50.494678,
      31.964232
     ],
     [
      50.528359,
      31.988228
     ],
     [
      50.577524,
      32.013362
     ],
     [
      50.607256,
      32.032785
     ],
     [
      50.639257,
      32.042453
     ],
     [
      50.66099,
      32.064163
     ],
     [
      50.680439,
      32.091596
     ],
     [
      50.731293,
      32.123579
     ],
     [
      50.8102,
      32.176134
     ],
     [
      50.875369,
      32.212691
     ],
     [
      50.955948,
      32.280626
     ],
     [
      50.991903,
      32.295874
     ],
     [
      51.016527,
      32.311944
     ],
     [
      51.044011,
      32.332044
     ],
     [
      51.146334,
      32.410882
     ],
     [
      51.200079,
      32.447439
     ],
     [
      51.252683,
      32.478817
     ],
     [
      51.297275,
      32.497912
     ],
     [
      51.314759,
      32.515374
     ],
     [
      51.353865,
      32.547369
     ],
     [
      51.456805,
      32.629632
     ],
     [
      51.469382,
      32.642205
     ],
     [
      51.508843,
      32.706704
     ],
     [
      51.512289,
      32.730701
     ],
     [
      51.518047,
      32.783258
     ],
     [
      51.518157,
      32.916326
     ],
     [
      51.521628,
      32.968883
     ],
     [
      51.500016,
      33.082541
     ],
     [
      51.485774,
      33.106527
     ],
     [
      51.381856,
      33.217356
     ],
     [
      51.271674,
      33.31958
     ],
     [
      51.190636,
      33.4618
     ],
     [
      51.163239,
      33.48921
     ],
     [
      51.072461,
      33.554341
     ],
     [
      51.013087,
      33.63028
     ],
     [
      51.013103,
      33.647428
     ],
     [
      51.023411,
      33.666852
     ],
     [
      51.053181,
      33.719398
     ],
     [
      51.080645,
      33.752546
     ],
     [
      51.114337,
      33.777682
     ],
     [
      51.157803,
      33.806775
     ],
     [
      51.198955,
      33.806775
     ],
     [
      51.236685,
      33.8125
     ],
     [
      51.233294,
      33.850197
     ],
     [
      51.226449,
      33.870771
     ],
     [
      51.213903,
      33.89247
     ],
     [
      51.203633,
      33.91533
     ],
     [
      51.207081,
      33.938179
     ],
     [
      51.237989,
      33.987301
     ],
     [
      51.300865,
      33.991464
     ],
     [
      51.320849,
      34.011421
     ],
     [
      51.34259,
      34.032406
     ],
     [
      51.352891,
      34.042693
     ],
     [
      51.350613,
      34.054105
     ],
     [
      51.340352,
      34.084965
     ],
     [
      51.299938,
      34.208903
     ],
     [
      51.289687,
      34.248889
     ],
     [
      51.330315,
      34.342585
     ],
     [
      51.35693,
      34.654438
     ],
     [
      51.407201,
      35.316911
     ],
     [
      51.424126,
      35.519694
     ],
     [
      51.430217,
      35.562188
     ]
    ]
   }
  },
  {
   "type": "Feature",
   "properties": {
    "id": "ME2026-0266",
    "commodity": "oil",
    "status_class": "in_service",
    "name": null,
    "name_dist_pt": null,
    "name_ambiguous": null,
    "name_confidence": null,
    "commodity_conflict": null,
    "other_names": null,
    "diameter_in": null,
    "length_km": 69.63,
    "n_vertices": 7,
    "legend_class": "oil_in_service",
    "stroke_rgb": "#00922f",
    "dashed": false,
    "source_map": "me2026",
    "source_file": "../energy-map-of-the-middle-east-2026-peregrine-bush.pdf",
    "source_page": 1,
    "source_title": "Energy Infrastructure Map of the Middle East, 2026 edition",
    "source_publisher": "Petroleum Economist / World Oil / Gulf Energy Information / Global Energy Infrastructure",
    "geometry_source": "stroke",
    "georef_order": 2,
    "georef_source": "map's own coastline vector registered to Natural Earth 10m coastline+lakes by trimmed ICP",
    "georef_insample_rmse_km": 0.97,
    "georef_holdout_layer": "ne_10m_admin_0_countries vs the map's own border strokes",
    "georef_holdout_median_km": 1.45,
    "georef_holdout_rmse_km": 1.6,
    "drawn_feature_offset_median_km": 2.39,
    "accuracy_tier": "medium"
   },
   "geometry": {
    "type": "LineString",
    "coordinates": [
     [
      49.285014,
      31.639062
     ],
     [
      49.075573,
      31.446578
     ],
     [
      48.805028,
      31.388414
     ],
     [
      48.785317,
      31.392345
     ],
     [
      48.742495,
      31.399238
     ],
     [
      48.707014,
      31.399235
     ],
     [
      48.664625,
      31.381335
     ]
    ]
   }
  },
  {
   "type": "Feature",
   "properties": {
    "id": "ME2026-0267",
    "commodity": "oil",
    "status_class": "in_service",
    "name": null,
    "name_dist_pt": null,
    "name_ambiguous": null,
    "name_confidence": null,
    "commodity_conflict": null,
    "other_names": null,
    "diameter_in": null,
    "length_km": 125.9,
    "n_vertices": 18,
    "legend_class": "oil_in_service",
    "stroke_rgb": "#00922f",
    "dashed": false,
    "source_map": "me2026",
    "source_file": "../energy-map-of-the-middle-east-2026-peregrine-bush.pdf",
    "source_page": 1,
    "source_title": "Energy Infrastructure Map of the Middle East, 2026 edition",
    "source_publisher": "Petroleum Economist / World Oil / Gulf Energy Information / Global Energy Infrastructure",
    "geometry_source": "stroke",
    "georef_order": 2,
    "georef_source": "map's own coastline vector registered to Natural Earth 10m coastline+lakes by trimmed ICP",
    "georef_insample_rmse_km": 0.97,
    "georef_holdout_layer": "ne_10m_admin_0_countries vs the map's own border strokes",
    "georef_holdout_median_km": 1.45,
    "georef_holdout_rmse_km": 1.6,
    "drawn_feature_offset_median_km": 2.39,
    "accuracy_tier": "medium"
   },
   "geometry": {
    "type": "LineString",
    "coordinates": [
     [
      49.700456,
      30.77218
     ],
     [
      49.631493,
      30.838196
     ],
     [
      49.564509,
      30.912561
     ],
     [
      49.495098,
      30.974631
     ],
     [
      49.461594,
      30.989416
     ],
     [
      49.42218,
      31.017995
     ],
     [
      49.386712,
      31.068257
     ],
     [
      49.36702,
      31.085983
     ],
     [
      49.322238,
      31.121918
     ],
     [
      49.285782,
      31.158374
     ],
     [
      49.235547,
      31.200746
     ],
     [
      49.157244,
      31.239172
     ],
     [
      49.122745,
      31.246066
     ],
     [
      49.024199,
      31.246059
     ],
     [
      48.912377,
      31.261817
     ],
     [
      48.790154,
      31.286734
     ],
     [
      48.689983,
      31.351776
     ],
     [
      48.66666,
      31.385437
     ]
    ]
   }
  },
  {
   "type": "Feature",
   "properties": {
    "id": "ME2026-0268",
    "commodity": "oil",
    "status_class": "in_service",
    "name": null,
    "name_dist_pt": null,
    "name_ambiguous": null,
    "name_confidence": null,
    "commodity_conflict": null,
    "other_names": null,
    "diameter_in": null,
    "length_km": 90.45,
    "n_vertices": 18,
    "legend_class": "oil_in_service",
    "stroke_rgb": "#00922f",
    "dashed": false,
    "source_map": "me2026",
    "source_file": "../energy-map-of-the-middle-east-2026-peregrine-bush.pdf",
    "source_page": 1,
    "source_title": "Energy Infrastructure Map of the Middle East, 2026 edition",
    "source_publisher": "Petroleum Economist / World Oil / Gulf Energy Information / Global Energy Infrastructure",
    "geometry_source": "stroke",
    "georef_order": 2,
    "georef_source": "map's own coastline vector registered to Natural Earth 10m coastline+lakes by trimmed ICP",
    "georef_insample_rmse_km": 0.97,
    "georef_holdout_layer": "ne_10m_admin_0_countries vs the map's own border strokes",
    "georef_holdout_median_km": 1.45,
    "georef_holdout_rmse_km": 1.6,
    "drawn_feature_offset_median_km": 2.39,
    "accuracy_tier": "medium"
   },
   "geometry": {
    "type": "LineString",
    "coordinates": [
     [
      50.772468,
      30.300841
     ],
     [
      50.769522,
      30.269223
     ],
     [
      50.763603,
      30.247552
     ],
     [
      50.76753,
      30.232766
     ],
     [
      50.747801,
      30.213056
     ],
     [
      50.724116,
      30.175607
     ],
     [
      50.707882,
      30.148552
     ],
     [
      50.67534,
      30.116028
     ],
     [
      50.645744,
      30.094357
     ],
     [
      50.642779,
      30.070702
     ],
     [
      50.629949,
      30.047059
     ],
     [
      50.610239,
      30.041142
     ],
     [
      50.577692,
      30.021432
     ],
     [
      50.485519,
      29.954425
     ],
     [
      50.443117,
      29.903715
     ],
     [
      50.535162,
      29.719979
     ],
     [
      50.52938,
      29.644937
     ],
     [
      50.51332,
      29.624101
     ]
    ]
   }
  },
  {
   "type": "Feature",
   "properties": {
    "id": "ME2026-0269",
    "commodity": "oil",
    "status_class": "in_service",
    "name": null,
    "name_dist_pt": null,
    "name_ambiguous": null,
    "name_confidence": null,
    "commodity_conflict": null,
    "other_names": null,
    "diameter_in": "20/24",
    "length_km": 244.26,
    "n_vertices": 22,
    "legend_class": "oil_in_service",
    "stroke_rgb": "#00922f",
    "dashed": false,
    "source_map": "me2026",
    "source_file": "../energy-map-of-the-middle-east-2026-peregrine-bush.pdf",
    "source_page": 1,
    "source_title": "Energy Infrastructure Map of the Middle East, 2026 edition",
    "source_publisher": "Petroleum Economist / World Oil / Gulf Energy Information / Global Energy Infrastructure",
    "geometry_source": "stroke",
    "georef_order": 2,
    "georef_source": "map's own coastline vector registered to Natural Earth 10m coastline+lakes by trimmed ICP",
    "georef_insample_rmse_km": 0.97,
    "georef_holdout_layer": "ne_10m_admin_0_countries vs the map's own border strokes",
    "georef_holdout_median_km": 1.45,
    "georef_holdout_rmse_km": 1.6,
    "drawn_feature_offset_median_km": 2.39,
    "accuracy_tier": "medium"
   },
   "geometry": {
    "type": "LineString",
    "coordinates": [
     [
      48.271909,
      30.345467
     ],
     [
      48.294095,
      30.409719
     ],
     [
      48.324801,
      30.499344
     ],
     [
      48.373862,
      30.585366
     ],
     [
      48.411537,
      30.692635
     ],
     [
      48.443324,
      30.76047
     ],
     [
      48.47232,
      30.787903
     ],
     [
      48.548885,
      30.996309
     ],
     [
      48.600448,
      31.105444
     ],
     [
      48.665912,
      31.308927
     ],
     [
      48.676731,
      31.349924
     ],
     [
      48.664626,
      31.383464
     ],
     [
      48.648285,
      31.316331
     ],
     [
      48.581889,
      31.111541
     ],
     [
      48.530447,
      31.002817
     ],
     [
      48.454393,
      30.799155
     ],
     [
      48.427576,
      30.772351
     ],
     [
      48.393631,
      30.698248
     ],
     [
      48.356721,
      30.594391
     ],
     [
      48.307538,
      30.506881
     ],
     [
      48.271112,
      30.398536
     ],
     [
      48.271909,
      30.345467
     ]
    ]
   }
  },
  {
   "type": "Feature",
   "properties": {
    "id": "ME2026-0270",
    "commodity": "oil",
    "status_class": "in_service",
    "name": null,
    "name_dist_pt": null,
    "name_ambiguous": null,
    "name_confidence": null,
    "commodity_conflict": null,
    "other_names": null,
    "diameter_in": null,
    "length_km": 140.27,
    "n_vertices": 8,
    "legend_class": "oil_in_service",
    "stroke_rgb": "#00922f",
    "dashed": false,
    "source_map": "me2026",
    "source_file": "../energy-map-of-the-middle-east-2026-peregrine-bush.pdf",
    "source_page": 1,
    "source_title": "Energy Infrastructure Map of the Middle East, 2026 edition",
    "source_publisher": "Petroleum Economist / World Oil / Gulf Energy Information / Global Energy Infrastructure",
    "geometry_source": "stroke",
    "georef_order": 2,
    "georef_source": "map's own coastline vector registered to Natural Earth 10m coastline+lakes by trimmed ICP",
    "georef_insample_rmse_km": 0.97,
    "georef_holdout_layer": "ne_10m_admin_0_countries vs the map's own border strokes",
    "georef_holdout_median_km": 1.45,
    "georef_holdout_rmse_km": 1.6,
    "drawn_feature_offset_median_km": 2.39,
    "accuracy_tier": "medium"
   },
   "geometry": {
    "type": "LineString",
    "coordinates": [
     [
      47.761648,
      32.302482
     ],
     [
      47.865603,
      32.243301
     ],
     [
      48.056059,
      32.127234
     ],
     [
      48.165881,
      31.893926
     ],
     [
      48.162735,
      31.763458
     ],
     [
      48.28807,
      31.687749
     ],
     [
      48.479402,
      31.568775
     ],
     [
      48.664626,
      31.383464
     ]
    ]
   }
  },
  {
   "type": "Feature",
   "properties": {
    "id": "ME2026-0271",
    "commodity": "oil",
    "status_class": "in_service",
    "name": null,
    "name_dist_pt": null,
    "name_ambiguous": null,
    "name_confidence": null,
    "commodity_conflict": null,
    "other_names": null,
    "diameter_in": null,
    "length_km": 89.52,
    "n_vertices": 6,
    "legend_class": "oil_in_service",
    "stroke_rgb": "#00922f",
    "dashed": false,
    "source_map": "me2026",
    "source_file": "../energy-map-of-the-middle-east-2026-peregrine-bush.pdf",
    "source_page": 1,
    "source_title": "Energy Infrastructure Map of the Middle East, 2026 edition",
    "source_publisher": "Petroleum Economist / World Oil / Gulf Energy Information / Global Energy Infrastructure",
    "geometry_source": "stroke",
    "georef_order": 2,
    "georef_source": "map's own coastline vector registered to Natural Earth 10m coastline+lakes by trimmed ICP",
    "georef_insample_rmse_km": 0.97,
    "georef_holdout_layer": "ne_10m_admin_0_countries vs the map's own border strokes",
    "georef_holdout_median_km": 1.45,
    "georef_holdout_rmse_km": 1.6,
    "drawn_feature_offset_median_km": 2.39,
    "accuracy_tier": "medium"
   },
   "geometry": {
    "type": "LineString",
    "coordinates": [
     [
      47.43304,
      30.220768
     ],
     [
      47.35743,
      30.415185
     ],
     [
      47.320882,
      30.494637
     ],
     [
      47.307254,
      30.558521
     ],
     [
      47.275976,
      30.548462
     ],
     [
      46.838114,
      30.361504
     ]
    ]
   }
  },
  {
   "type": "Feature",
   "properties": {
    "id": "ME2026-0272",
    "commodity": "oil",
    "status_class": "in_service",
    "name": null,
    "name_dist_pt": null,
    "name_ambiguous": null,
    "name_confidence": null,
    "commodity_conflict": null,
    "other_names": null,
    "diameter_in": null,
    "length_km": 131.76,
    "n_vertices": 8,
    "legend_class": "oil_in_service",
    "stroke_rgb": "#00922f",
    "dashed": false,
    "source_map": "me2026",
    "source_file": "../energy-map-of-the-middle-east-2026-peregrine-bush.pdf",
    "source_page": 1,
    "source_title": "Energy Infrastructure Map of the Middle East, 2026 edition",
    "source_publisher": "Petroleum Economist / World Oil / Gulf Energy Information / Global Energy Infrastructure",
    "geometry_source": "stroke",
    "georef_order": 2,
    "georef_source": "map's own coastline vector registered to Natural Earth 10m coastline+lakes by trimmed ICP",
    "georef_insample_rmse_km": 0.97,
    "georef_holdout_layer": "ne_10m_admin_0_countries vs the map's own border strokes",
    "georef_holdout_median_km": 1.45,
    "georef_holdout_rmse_km": 1.6,
    "drawn_feature_offset_median_km": 2.39,
    "accuracy_tier": "medium"
   },
   "geometry": {
    "type": "LineString",
    "coordinates": [
     [
      47.620219,
      30.360506
     ],
     [
      47.882346,
      30.443166
     ],
     [
      47.959384,
      30.394051
     ],
     [
      48.387734,
      30.032981
     ],
     [
      48.443939,
      29.97676
     ],
     [
      48.571206,
      29.84906
     ],
     [
      48.620741,
      29.839021
     ],
     [
      48.674321,
      29.80551
     ]
    ]
   }
  },
  {
   "type": "Feature",
   "properties": {
    "id": "ME2026-0273",
    "commodity": "oil",
    "status_class": "in_service",
    "name": null,
    "name_dist_pt": null,
    "name_ambiguous": null,
    "name_confidence": null,
    "commodity_conflict": null,
    "other_names": null,
    "diameter_in": null,
    "length_km": 145.56,
    "n_vertices": 12,
    "legend_class": "oil_in_service",
    "stroke_rgb": "#00922f",
    "dashed": false,
    "source_map": "me2026",
    "source_file": "../energy-map-of-the-middle-east-2026-peregrine-bush.pdf",
    "source_page": 1,
    "source_title": "Energy Infrastructure Map of the Middle East, 2026 edition",
    "source_publisher": "Petroleum Economist / World Oil / Gulf Energy Information / Global Energy Infrastructure",
    "geometry_source": "stroke",
    "georef_order": 2,
    "georef_source": "map's own coastline vector registered to Natural Earth 10m coastline+lakes by trimmed ICP",
    "georef_insample_rmse_km": 0.97,
    "georef_holdout_layer": "ne_10m_admin_0_countries vs the map's own border strokes",
    "georef_holdout_median_km": 1.45,
    "georef_holdout_rmse_km": 1.6,
    "drawn_feature_offset_median_km": 2.39,
    "accuracy_tier": "medium"
   },
   "geometry": {
    "type": "LineString",
    "coordinates": [
     [
      48.441023,
      29.977449
     ],
     [
      48.399303,
      30.03706
     ],
     [
      48.347576,
      30.148008
     ],
     [
      48.342013,
      30.180398
     ],
     [
      48.098232,
      30.356097
     ],
     [
      47.988407,
      30.387351
     ],
     [
      47.883467,
      30.458811
     ],
     [
      47.642952,
      30.385071
     ],
     [
      47.623763,
      30.35955
     ],
     [
      47.580021,
      30.372782
     ],
     [
      47.349679,
      30.551824
     ],
     [
      47.30389,
      30.557444
     ]
    ]
   }
  },
  {
   "type": "Feature",
   "properties": {
    "id": "ME2026-0274",
    "commodity": "oil",
    "status_class": "in_service",
    "name": null,
    "name_dist_pt": null,
    "name_ambiguous": null,
    "name_confidence": null,
    "commodity_conflict": null,
    "other_names": null,
    "diameter_in": null,
    "length_km": 39.57,
    "n_vertices": 5,
    "legend_class": "oil_in_service",
    "stroke_rgb": "#00922f",
    "dashed": false,
    "source_map": "me2026",
    "source_file": "../energy-map-of-the-middle-east-2026-peregrine-bush.pdf",
    "source_page": 1,
    "source_title": "Energy Infrastructure Map of the Middle East, 2026 edition",
    "source_publisher": "Petroleum Economist / World Oil / Gulf Energy Information / Global Energy Infrastructure",
    "geometry_source": "stroke",
    "georef_order": 2,
    "georef_source": "map's own coastline vector registered to Natural Earth 10m coastline+lakes by trimmed ICP",
    "georef_insample_rmse_km": 0.97,
    "georef_holdout_layer": "ne_10m_admin_0_countries vs the map's own border strokes",
    "georef_holdout_median_km": 1.45,
    "georef_holdout_rmse_km": 1.6,
    "drawn_feature_offset_median_km": 2.39,
    "accuracy_tier": "medium"
   },
   "geometry": {
    "type": "LineString",
    "coordinates": [
     [
      47.623763,
      30.35955
     ],
     [
      47.586719,
      30.390654
     ],
     [
      47.363066,
      30.56412
     ],
     [
      47.335171,
      30.570807
     ],
     [
      47.307254,
      30.558521
     ]
    ]
   }
  },
  {
   "type": "Feature",
   "properties": {
    "id": "ME2026-0275",
    "commodity": "oil",
    "status_class": "in_service",
    "name": null,
    "name_dist_pt": null,
    "name_ambiguous": null,
    "name_confidence": null,
    "commodity_conflict": null,
    "other_names": null,
    "diameter_in": "26",
    "length_km": 143.15,
    "n_vertices": 18,
    "legend_class": "oil_in_service",
    "stroke_rgb": "#00922f",
    "dashed": false,
    "source_map": "me2026",
    "source_file": "../energy-map-of-the-middle-east-2026-peregrine-bush.pdf",
    "source_page": 1,
    "source_title": "Energy Infrastructure Map of the Middle East, 2026 edition",
    "source_publisher": "Petroleum Economist / World Oil / Gulf Energy Information / Global Energy Infrastructure",
    "geometry_source": "stroke",
    "georef_order": 2,
    "georef_source": "map's own coastline vector registered to Natural Earth 10m coastline+lakes by trimmed ICP",
    "georef_insample_rmse_km": 0.97,
    "georef_holdout_layer": "ne_10m_admin_0_countries vs the map's own border strokes",
    "georef_holdout_median_km": 1.45,
    "georef_holdout_rmse_km": 1.6,
    "drawn_feature_offset_median_km": 2.39,
    "accuracy_tier": "medium"
   },
   "geometry": {
    "type": "LineString",
    "coordinates": [
     [
      48.079872,
      25.126424
     ],
     [
      47.984756,
      25.032064
     ],
     [
      47.900523,
      24.990665
     ],
     [
      47.774059,
      24.937833
     ],
     [
      47.632733,
      24.877039
     ],
     [
      47.513425,
      24.827073
     ],
     [
      47.398392,
      24.771397
     ],
     [
      47.375559,
      24.739981
     ],
     [
      47.355566,
      24.719996
     ],
     [
      47.277064,
      24.692035
     ],
     [
      47.194873,
      24.663482
     ],
     [
      47.127791,
      24.637784
     ],
     [
      47.038468,
      24.600665
     ],
     [
      46.928559,
      24.560677
     ],
     [
      46.898588,
      24.549255
     ],
     [
      46.882882,
      24.522134
     ],
     [
      46.87289,
      24.522133
     ],
     [
      46.858617,
      24.523559
     ]
    ]
   }
  },
  {
   "type": "Feature",
   "properties": {
    "id": "ME2026-0276",
    "commodity": "oil",
    "status_class": "in_service",
    "name": null,
    "name_dist_pt": null,
    "name_ambiguous": null,
    "name_confidence": null,
    "commodity_conflict": null,
    "other_names": null,
    "diameter_in": "36",
    "length_km": 150.71,
    "n_vertices": 25,
    "legend_class": "oil_in_service",
    "stroke_rgb": "#00922f",
    "dashed": false,
    "source_map": "me2026",
    "source_file": "../energy-map-of-the-middle-east-2026-peregrine-bush.pdf",
    "source_page": 1,
    "source_title": "Energy Infrastructure Map of the Middle East, 2026 edition",
    "source_publisher": "Petroleum Economist / World Oil / Gulf Energy Information / Global Energy Infrastructure",
    "geometry_source": "stroke",
    "georef_order": 2,
    "georef_source": "map's own coastline vector registered to Natural Earth 10m coastline+lakes by trimmed ICP",
    "georef_insample_rmse_km": 0.97,
    "georef_holdout_layer": "ne_10m_admin_0_countries vs the map's own border strokes",
    "georef_holdout_median_km": 1.45,
    "georef_holdout_rmse_km": 1.6,
    "drawn_feature_offset_median_km": 2.39,
    "accuracy_tier": "medium"
   },
   "geometry": {
    "type": "LineString",
    "coordinates": [
     [
      39.024517,
      22.704434
     ],
     [
      39.097081,
      22.739092
     ],
     [
      39.083233,
      22.769224
     ],
     [
      39.031326,
      22.87857
     ],
     [
      38.951725,
      23.049198
     ],
     [
      38.922658,
      23.101796
     ],
     [
      38.90705,
      23.149562
     ],
     [
      38.89802,
      23.206691
     ],
     [
      38.893149,
      23.281457
     ],
     [
      38.890344,
      23.355898
     ],
     [
      38.890314,
      23.414048
     ],
     [
      38.905489,
      23.479124
     ],
     [
      38.933461,
      23.582654
     ],
     [
      38.939684,
      23.602734
     ],
     [
      38.968008,
      23.631133
     ],
     [
      39.005328,
      23.666454
     ],
     [
      39.016379,
      23.696224
     ],
     [
      39.024664,
      23.723913
     ],
     [
      39.036414,
      23.730848
     ],
     [
      39.097234,
      23.756492
     ],
     [
      39.135617,
      23.794958
     ],
     [
      39.135614,
      23.803255
     ],
     [
      39.135603,
      23.826804
     ],
     [
      39.133528,
      23.846167
     ],
     [
      39.111195,
      23.894645
     ]
    ]
   }
  },
  {
   "type": "Feature",
   "properties": {
    "id": "ME2026-0277",
    "commodity": "oil",
    "status_class": "in_service",
    "name": null,
    "name_dist_pt": null,
    "name_ambiguous": null,
    "name_confidence": null,
    "commodity_conflict": null,
    "other_names": null,
    "diameter_in": null,
    "length_km": 80.38,
    "n_vertices": 19,
    "legend_class": "oil_in_service",
    "stroke_rgb": "#00922f",
    "dashed": false,
    "source_map": "me2026",
    "source_file": "../energy-map-of-the-middle-east-2026-peregrine-bush.pdf",
    "source_page": 1,
    "source_title": "Energy Infrastructure Map of the Middle East, 2026 edition",
    "source_publisher": "Petroleum Economist / World Oil / Gulf Energy Information / Global Energy Infrastructure",
    "geometry_source": "stroke",
    "georef_order": 2,
    "georef_source": "map's own coastline vector registered to Natural Earth 10m coastline+lakes by trimmed ICP",
    "georef_insample_rmse_km": 0.97,
    "georef_holdout_layer": "ne_10m_admin_0_countries vs the map's own border strokes",
    "georef_holdout_median_km": 1.45,
    "georef_holdout_rmse_km": 1.6,
    "drawn_feature_offset_median_km": 2.39,
    "accuracy_tier": "medium"
   },
   "geometry": {
    "type": "LineString",
    "coordinates": [
     [
      51.505751,
      25.237682
     ],
     [
      51.487423,
      25.230414
     ],
     [
      51.479518,
      25.233439
     ],
     [
      51.464361,
      25.248599
     ],
     [
      51.454047,
      25.2486
     ],
     [
      51.446165,
      25.26134
     ],
     [
      51.424921,
      25.25285
     ],
     [
      51.402465,
      25.248606
     ],
     [
      51.310861,
      25.294841
     ],
     [
      51.236085,
      25.326993
     ],
     [
      51.089115,
      25.382777
     ],
     [
      51.072748,
      25.392481
     ],
     [
      51.057581,
      25.395519
     ],
     [
      51.002975,
      25.413707
     ],
     [
      50.920456,
      25.449499
     ],
     [
      50.903946,
      25.449501
     ],
     [
      50.856606,
      25.441013
     ],
     [
      50.81355,
      25.446473
     ],
     [
      50.778968,
      25.452536
     ]
    ]
   }
  },
  {
   "type": "Feature",
   "properties": {
    "id": "ME2026-0278",
    "commodity": "oil",
    "status_class": "in_service",
    "name": null,
    "name_dist_pt": null,
    "name_ambiguous": null,
    "name_confidence": null,
    "commodity_conflict": null,
    "other_names": null,
    "diameter_in": null,
    "length_km": 62.68,
    "n_vertices": 19,
    "legend_class": "oil_in_service",
    "stroke_rgb": "#00922f",
    "dashed": false,
    "source_map": "me2026",
    "source_file": "../energy-map-of-the-middle-east-2026-peregrine-bush.pdf",
    "source_page": 1,
    "source_title": "Energy Infrastructure Map of the Middle East, 2026 edition",
    "source_publisher": "Petroleum Economist / World Oil / Gulf Energy Information / Global Energy Infrastructure",
    "geometry_source": "stroke",
    "georef_order": 2,
    "georef_source": "map's own coastline vector registered to Natural Earth 10m coastline+lakes by trimmed ICP",
    "georef_insample_rmse_km": 0.97,
    "georef_holdout_layer": "ne_10m_admin_0_countries vs the map's own border strokes",
    "georef_holdout_median_km": 1.45,
    "georef_holdout_rmse_km": 1.6,
    "drawn_feature_offset_median_km": 2.39,
    "accuracy_tier": "medium"
   },
   "geometry": {
    "type": "LineString",
    "coordinates": [
     [
      50.929598,
      24.970829
     ],
     [
      50.899115,
      25.013269
     ],
     [
      50.882141,
      25.039341
     ],
     [
      50.850582,
      25.076942
     ],
     [
      50.839055,
      25.110428
     ],
     [
      50.832383,
      25.142559
     ],
     [
      50.829343,
      25.163186
     ],
     [
      50.819027,
      25.197132
     ],
     [
      50.819022,
      25.257159
     ],
     [
      50.812352,
      25.268072
     ],
     [
      50.81416,
      25.363399
     ],
     [
      50.813553,
      25.400998
     ],
     [
      50.802005,
      25.412516
     ],
     [
      50.783823,
      25.427071
     ],
     [
      50.778969,
      25.436773
     ],
     [
      50.778968,
      25.454351
     ],
     [
      50.781388,
      25.466485
     ],
     [
      50.778349,
      25.481776
     ],
     [
      50.774112,
      25.495737
     ]
    ]
   }
  },
  {
   "type": "Feature",
   "properties": {
    "id": "ME2026-0279",
    "commodity": "oil",
    "status_class": "in_service",
    "name": null,
    "name_dist_pt": null,
    "name_ambiguous": null,
    "name_confidence": null,
    "commodity_conflict": null,
    "other_names": null,
    "diameter_in": null,
    "length_km": 163.32,
    "n_vertices": 21,
    "legend_class": "oil_in_service",
    "stroke_rgb": "#00922f",
    "dashed": false,
    "source_map": "me2026",
    "source_file": "../energy-map-of-the-middle-east-2026-peregrine-bush.pdf",
    "source_page": 1,
    "source_title": "Energy Infrastructure Map of the Middle East, 2026 edition",
    "source_publisher": "Petroleum Economist / World Oil / Gulf Energy Information / Global Energy Infrastructure",
    "geometry_source": "stroke",
    "georef_order": 2,
    "georef_source": "map's own coastline vector registered to Natural Earth 10m coastline+lakes by trimmed ICP",
    "georef_insample_rmse_km": 0.97,
    "georef_holdout_layer": "ne_10m_admin_0_countries vs the map's own border strokes",
    "georef_holdout_median_km": 1.45,
    "georef_holdout_rmse_km": 1.6,
    "drawn_feature_offset_median_km": 2.39,
    "accuracy_tier": "medium"
   },
   "geometry": {
    "type": "LineString",
    "coordinates": [
     [
      50.815377,
      25.279019
     ],
     [
      50.836003,
      25.268674
     ],
     [
      51.034536,
      25.188631
     ],
     [
      51.086103,
      25.179516
     ],
     [
      51.169363,
      25.142405
     ],
     [
      51.326045,
      25.089618
     ],
     [
      51.372761,
      25.063543
     ],
     [
      51.412806,
      25.061724
     ],
     [
      51.50032,
      25.027756
     ],
     [
      51.538555,
      24.979845
     ],
     [
      51.533096,
      24.966793
     ],
     [
      51.49048,
      25.01624
     ],
     [
      51.408571,
      25.047776
     ],
     [
      51.369131,
      25.047781
     ],
     [
      51.308456,
      25.079918
     ],
     [
      51.271292,
      25.091439
     ],
     [
      51.165733,
      25.127368
     ],
     [
      51.078211,
      25.166186
     ],
     [
      51.034537,
      25.171646
     ],
     [
      50.849961,
      25.246849
     ],
     [
      50.819022,
      25.257159
     ]
    ]
   }
  },
  {
   "type": "Feature",
   "properties": {
    "id": "ME2026-0280",
    "commodity": "oil",
    "status_class": "in_service",
    "name": null,
    "name_dist_pt": null,
    "name_ambiguous": null,
    "name_confidence": null,
    "commodity_conflict": null,
    "other_names": null,
    "diameter_in": null,
    "length_km": 45.39,
    "n_vertices": 3,
    "legend_class": "oil_in_service",
    "stroke_rgb": "#00922f",
    "dashed": false,
    "source_map": "me2026",
    "source_file": "../energy-map-of-the-middle-east-2026-peregrine-bush.pdf",
    "source_page": 1,
    "source_title": "Energy Infrastructure Map of the Middle East, 2026 edition",
    "source_publisher": "Petroleum Economist / World Oil / Gulf Energy Information / Global Energy Infrastructure",
    "geometry_source": "stroke",
    "georef_order": 2,
    "georef_source": "map's own coastline vector registered to Natural Earth 10m coastline+lakes by trimmed ICP",
    "georef_insample_rmse_km": 0.97,
    "georef_holdout_layer": "ne_10m_admin_0_countries vs the map's own border strokes",
    "georef_holdout_median_km": 1.45,
    "georef_holdout_rmse_km": 1.6,
    "drawn_feature_offset_median_km": 2.39,
    "accuracy_tier": "medium"
   },
   "geometry": {
    "type": "LineString",
    "coordinates": [
     [
      52.764521,
      25.438942
     ],
     [
      52.541039,
      25.545841
     ],
     [
      52.411037,
      25.682423
     ]
    ]
   }
  },
  {
   "type": "Feature",
   "properties": {
    "id": "ME2026-0281",
    "commodity": "oil",
    "status_class": "in_service",
    "name": null,
    "name_dist_pt": null,
    "name_ambiguous": null,
    "name_confidence": null,
    "commodity_conflict": null,
    "other_names": null,
    "diameter_in": null,
    "length_km": 19.5,
    "n_vertices": 2,
    "legend_class": "oil_in_service",
    "stroke_rgb": "#00922f",
    "dashed": false,
    "source_map": "me2026",
    "source_file": "../energy-map-of-the-middle-east-2026-peregrine-bush.pdf",
    "source_page": 1,
    "source_title": "Energy Infrastructure Map of the Middle East, 2026 edition",
    "source_publisher": "Petroleum Economist / World Oil / Gulf Energy Information / Global Energy Infrastructure",
    "geometry_source": "stroke",
    "georef_order": 2,
    "georef_source": "map's own coastline vector registered to Natural Earth 10m coastline+lakes by trimmed ICP",
    "georef_insample_rmse_km": 0.97,
    "georef_holdout_layer": "ne_10m_admin_0_countries vs the map's own border strokes",
    "georef_holdout_median_km": 1.45,
    "georef_holdout_rmse_km": 1.6,
    "drawn_feature_offset_median_km": 2.39,
    "accuracy_tier": "medium"
   },
   "geometry": {
    "type": "LineString",
    "coordinates": [
     [
      52.407296,
      25.68425
     ],
     [
      52.588308,
      25.62061
     ]
    ]
   }
  },
  {
   "type": "Feature",
   "properties": {
    "id": "ME2026-0282",
    "commodity": "oil",
    "status_class": "in_service",
    "name": null,
    "name_dist_pt": null,
    "name_ambiguous": null,
    "name_confidence": null,
    "commodity_conflict": null,
    "other_names": null,
    "diameter_in": null,
    "length_km": 96.66,
    "n_vertices": 10,
    "legend_class": "oil_in_service",
    "stroke_rgb": "#00922f",
    "dashed": false,
    "source_map": "me2026",
    "source_file": "../energy-map-of-the-middle-east-2026-peregrine-bush.pdf",
    "source_page": 1,
    "source_title": "Energy Infrastructure Map of the Middle East, 2026 edition",
    "source_publisher": "Petroleum Economist / World Oil / Gulf Energy Information / Global Energy Infrastructure",
    "geometry_source": "stroke",
    "georef_order": 2,
    "georef_source": "map's own coastline vector registered to Natural Earth 10m coastline+lakes by trimmed ICP",
    "georef_insample_rmse_km": 0.97,
    "georef_holdout_layer": "ne_10m_admin_0_countries vs the map's own border strokes",
    "georef_holdout_median_km": 1.45,
    "georef_holdout_rmse_km": 1.6,
    "drawn_feature_offset_median_km": 2.39,
    "accuracy_tier": "medium"
   },
   "geometry": {
    "type": "LineString",
    "coordinates": [
     [
      52.582936,
      25.140512
     ],
     [
      52.491291,
      25.142947
     ],
     [
      52.389202,
      25.343192
     ],
     [
      52.397698,
      25.446892
     ],
     [
      52.407044,
      25.468885
     ],
     [
      52.407296,
      25.665305
     ],
     [
      52.407671,
      25.68425
     ],
     [
      52.393433,
      25.671973
     ],
     [
      52.389197,
      25.490071
     ],
     [
      52.403763,
      25.468099
     ]
    ]
   }
  },
  {
   "type": "Feature",
   "properties": {
    "id": "ME2026-0283",
    "commodity": "oil",
    "status_class": "in_service",
    "name": null,
    "name_dist_pt": null,
    "name_ambiguous": null,
    "name_confidence": null,
    "commodity_conflict": null,
    "other_names": null,
    "diameter_in": null,
    "length_km": 91.72,
    "n_vertices": 5,
    "legend_class": "oil_in_service",
    "stroke_rgb": "#00922f",
    "dashed": false,
    "source_map": "me2026",
    "source_file": "../energy-map-of-the-middle-east-2026-peregrine-bush.pdf",
    "source_page": 1,
    "source_title": "Energy Infrastructure Map of the Middle East, 2026 edition",
    "source_publisher": "Petroleum Economist / World Oil / Gulf Energy Information / Global Energy Infrastructure",
    "geometry_source": "stroke",
    "georef_order": 2,
    "georef_source": "map's own coastline vector registered to Natural Earth 10m coastline+lakes by trimmed ICP",
    "georef_insample_rmse_km": 0.97,
    "georef_holdout_layer": "ne_10m_admin_0_countries vs the map's own border strokes",
    "georef_holdout_median_km": 1.45,
    "georef_holdout_rmse_km": 1.6,
    "drawn_feature_offset_median_km": 2.39,
    "accuracy_tier": "medium"
   },
   "geometry": {
    "type": "LineString",
    "coordinates": [
     [
      53.48065,
      24.912209
     ],
     [
      53.274759,
      24.98744
     ],
     [
      52.981326,
      25.105875
     ],
     [
      52.867828,
      25.161074
     ],
     [
      52.639785,
      25.100398
     ]
    ]
   }
  },
  {
   "type": "Feature",
   "properties": {
    "id": "ME2026-0284",
    "commodity": "oil",
    "status_class": "in_service",
    "name": null,
    "name_dist_pt": null,
    "name_ambiguous": null,
    "name_confidence": null,
    "commodity_conflict": null,
    "other_names": null,
    "diameter_in": null,
    "length_km": 32.15,
    "n_vertices": 3,
    "legend_class": "oil_in_service",
    "stroke_rgb": "#00922f",
    "dashed": false,
    "source_map": "me2026",
    "source_file": "../energy-map-of-the-middle-east-2026-peregrine-bush.pdf",
    "source_page": 1,
    "source_title": "Energy Infrastructure Map of the Middle East, 2026 edition",
    "source_publisher": "Petroleum Economist / World Oil / Gulf Energy Information / Global Energy Infrastructure",
    "geometry_source": "stroke",
    "georef_order": 2,
    "georef_source": "map's own coastline vector registered to Natural Earth 10m coastline+lakes by trimmed ICP",
    "georef_insample_rmse_km": 0.97,
    "georef_holdout_layer": "ne_10m_admin_0_countries vs the map's own border strokes",
    "georef_holdout_median_km": 1.45,
    "georef_holdout_rmse_km": 1.6,
    "drawn_feature_offset_median_km": 2.39,
    "accuracy_tier": "medium"
   },
   "geometry": {
    "type": "LineString",
    "coordinates": [
     [
      53.176883,
      25.144029
     ],
     [
      53.010459,
      25.118608
     ],
     [
      52.867828,
      25.161074
     ]
    ]
   }
  },
  {
   "type": "Feature",
   "properties": {
    "id": "ME2026-0285",
    "commodity": "oil",
    "status_class": "in_service",
    "name": null,
    "name_dist_pt": null,
    "name_ambiguous": null,
    "name_confidence": null,
    "commodity_conflict": null,
    "other_names": null,
    "diameter_in": null,
    "length_km": 135.15,
    "n_vertices": 9,
    "legend_class": "oil_in_service",
    "stroke_rgb": "#00922f",
    "dashed": false,
    "source_map": "me2026",
    "source_file": "../energy-map-of-the-middle-east-2026-peregrine-bush.pdf",
    "source_page": 1,
    "source_title": "Energy Infrastructure Map of the Middle East, 2026 edition",
    "source_publisher": "Petroleum Economist / World Oil / Gulf Energy Information / Global Energy Infrastructure",
    "geometry_source": "stroke",
    "georef_order": 2,
    "georef_source": "map's own coastline vector registered to Natural Earth 10m coastline+lakes by trimmed ICP",
    "georef_insample_rmse_km": 0.97,
    "georef_holdout_layer": "ne_10m_admin_0_countries vs the map's own border strokes",
    "georef_holdout_median_km": 1.45,
    "georef_holdout_rmse_km": 1.6,
    "drawn_feature_offset_median_km": 2.39,
    "accuracy_tier": "medium"
   },
   "geometry": {
    "type": "LineString",
    "coordinates": [
     [
      54.194378,
      24.620692
     ],
     [
      54.098993,
      24.608002
     ],
     [
      53.772762,
      24.683885
     ],
     [
      53.647104,
      24.713759
     ],
     [
      53.647101,
      24.750741
     ],
     [
      53.600815,
      24.770761
     ],
     [
      53.514645,
      24.728343
     ],
     [
      53.069482,
      24.870317
     ],
     [
      53.018957,
      24.961422
     ]
    ]
   }
  },
  {
   "type": "Feature",
   "properties": {
    "id": "ME2026-0286",
    "commodity": "oil",
    "status_class": "in_service",
    "name": null,
    "name_dist_pt": null,
    "name_ambiguous": null,
    "name_confidence": null,
    "commodity_conflict": null,
    "other_names": null,
    "diameter_in": null,
    "length_km": 20.04,
    "n_vertices": 2,
    "legend_class": "oil_in_service",
    "stroke_rgb": "#00922f",
    "dashed": false,
    "source_map": "me2026",
    "source_file": "../energy-map-of-the-middle-east-2026-peregrine-bush.pdf",
    "source_page": 1,
    "source_title": "Energy Infrastructure Map of the Middle East, 2026 edition",
    "source_publisher": "Petroleum Economist / World Oil / Gulf Energy Information / Global Energy Infrastructure",
    "geometry_source": "stroke",
    "georef_order": 2,
    "georef_source": "map's own coastline vector registered to Natural Earth 10m coastline+lakes by trimmed ICP",
    "georef_insample_rmse_km": 0.97,
    "georef_holdout_layer": "ne_10m_admin_0_countries vs the map's own border strokes",
    "georef_holdout_median_km": 1.45,
    "georef_holdout_rmse_km": 1.6,
    "drawn_feature_offset_median_km": 2.39,
    "accuracy_tier": "medium"
   },
   "geometry": {
    "type": "LineString",
    "coordinates": [
     [
      52.94704,
      25.012633
     ],
     [
      53.069482,
      24.870317
     ]
    ]
   }
  },
  {
   "type": "Feature",
   "properties": {
    "id": "ME2026-0287",
    "commodity": "oil",
    "status_class": "in_service",
    "name": null,
    "name_dist_pt": null,
    "name_ambiguous": null,
    "name_confidence": null,
    "commodity_conflict": null,
    "other_names": null,
    "diameter_in": null,
    "length_km": 53.18,
    "n_vertices": 9,
    "legend_class": "oil_in_service",
    "stroke_rgb": "#00922f",
    "dashed": false,
    "source_map": "me2026",
    "source_file": "../energy-map-of-the-middle-east-2026-peregrine-bush.pdf",
    "source_page": 1,
    "source_title": "Energy Infrastructure Map of the Middle East, 2026 edition",
    "source_publisher": "Petroleum Economist / World Oil / Gulf Energy Information / Global Energy Infrastructure",
    "geometry_source": "stroke",
    "georef_order": 2,
    "georef_source": "map's own coastline vector registered to Natural Earth 10m coastline+lakes by trimmed ICP",
    "georef_insample_rmse_km": 0.97,
    "georef_holdout_layer": "ne_10m_admin_0_countries vs the map's own border strokes",
    "georef_holdout_median_km": 1.45,
    "georef_holdout_rmse_km": 1.6,
    "drawn_feature_offset_median_km": 2.39,
    "accuracy_tier": "medium"
   },
   "geometry": {
    "type": "LineString",
    "coordinates": [
     [
      53.524406,
      24.401249
     ],
     [
      53.494045,
      24.412168
     ],
     [
      53.462475,
      24.41399
     ],
     [
      53.425928,
      24.418244
     ],
     [
      53.379196,
      24.432203
     ],
     [
      53.366453,
      24.459485
     ],
     [
      53.391328,
      24.443124
     ],
     [
      53.43031,
      24.434611
     ],
     [
      53.697507,
      24.476394
     ]
    ]
   }
  },
  {
   "type": "Feature",
   "properties": {
    "id": "ME2026-0288",
    "commodity": "oil",
    "status_class": "in_service",
    "name": null,
    "name_dist_pt": null,
    "name_ambiguous": null,
    "name_confidence": null,
    "commodity_conflict": null,
    "other_names": null,
    "diameter_in": null,
    "length_km": 53.12,
    "n_vertices": 6,
    "legend_class": "oil_in_service",
    "stroke_rgb": "#00922f",
    "dashed": false,
    "source_map": "me2026",
    "source_file": "../energy-map-of-the-middle-east-2026-peregrine-bush.pdf",
    "source_page": 1,
    "source_title": "Energy Infrastructure Map of the Middle East, 2026 edition",
    "source_publisher": "Petroleum Economist / World Oil / Gulf Energy Information / Global Energy Infrastructure",
    "geometry_source": "stroke",
    "georef_order": 2,
    "georef_source": "map's own coastline vector registered to Natural Earth 10m coastline+lakes by trimmed ICP",
    "georef_insample_rmse_km": 0.97,
    "georef_holdout_layer": "ne_10m_admin_0_countries vs the map's own border strokes",
    "georef_holdout_median_km": 1.45,
    "georef_holdout_rmse_km": 1.6,
    "drawn_feature_offset_median_km": 2.39,
    "accuracy_tier": "medium"
   },
   "geometry": {
    "type": "LineString",
    "coordinates": [
     [
      54.474387,
      25.374894
     ],
     [
      54.43856,
      25.479201
     ],
     [
      54.405182,
      25.581814
     ],
     [
      54.365576,
      25.537569
     ],
     [
      54.318231,
      25.500585
     ],
     [
      54.221595,
      25.621784
     ]
    ]
   }
  },
  {
   "type": "Feature",
   "properties": {
    "id": "ME2026-0289",
    "commodity": "oil",
    "status_class": "in_service",
    "name": "ADCOP",
    "name_dist_pt": 4.1,
    "name_ambiguous": true,
    "name_confidence": "low",
    "commodity_conflict": null,
    "other_names": null,
    "diameter_in": null,
    "length_km": 481.89,
    "n_vertices": 59,
    "legend_class": "oil_in_service",
    "stroke_rgb": "#00922f",
    "dashed": false,
    "source_map": "me2026",
    "source_file": "../energy-map-of-the-middle-east-2026-peregrine-bush.pdf",
    "source_page": 1,
    "source_title": "Energy Infrastructure Map of the Middle East, 2026 edition",
    "source_publisher": "Petroleum Economist / World Oil / Gulf Energy Information / Global Energy Infrastructure",
    "geometry_source": "stroke",
    "georef_order": 2,
    "georef_source": "map's own coastline vector registered to Natural Earth 10m coastline+lakes by trimmed ICP",
    "georef_insample_rmse_km": 0.97,
    "georef_holdout_layer": "ne_10m_admin_0_countries vs the map's own border strokes",
    "georef_holdout_median_km": 1.45,
    "georef_holdout_rmse_km": 1.6,
    "drawn_feature_offset_median_km": 2.39,
    "accuracy_tier": "medium"
   },
   "geometry": {
    "type": "LineString",
    "coordinates": [
     [
      54.334791,
      23.664891
     ],
     [
      54.301176,
      23.579603
     ],
     [
      54.284802,
      23.47048
     ],
     [
      54.272746,
      23.390365
     ],
     [
      54.263274,
      23.342416
     ],
     [
      54.234829,
      23.278673
     ],
     [
      54.187659,
      23.319174
     ],
     [
      54.046189,
      23.439529
     ],
     [
      53.817875,
      23.642624
     ],
     [
      53.606265,
      23.825027
     ],
     [
      53.861499,
      23.935484
     ],
     [
      54.163225,
      23.998311
     ],
     [
      54.276065,
      24.067526
     ],
     [
      54.286403,
      24.096811
     ],
     [
      54.392489,
      24.159386
     ],
     [
      54.478456,
      24.257582
     ],
     [
      54.54141,
      24.272202
     ],
     [
      54.598043,
      24.288566
     ],
     [
      54.626507,
      24.281663
     ],
     [
      54.648079,
      24.276491
     ],
     [
      54.680006,
      24.285095
     ],
     [
      54.739522,
      24.30833
     ],
     [
      54.806501,
      24.327836
     ],
     [
      54.883268,
      24.33558
     ],
     [
      54.956597,
      24.350196
     ],
     [
      54.999439,
      24.355349
     ],
     [
      55.046882,
      24.375151
     ],
     [
      55.102962,
      24.407011
     ],
     [
      55.14607,
      24.430262
     ],
     [
      55.164203,
      24.435434
     ],
     [
      55.184613,
      24.435428
     ],
     [
      55.226016,
      24.440581
     ],
     [
      55.266571,
      24.440568
     ],
     [
      55.333,
      24.455198
     ],
     [
      55.417235,
      24.482742
     ],
     [
      55.507832,
      24.507695
     ],
     [
      55.531126,
      24.522035
     ],
     [
      55.573098,
      24.559936
     ],
     [
      55.618825,
      24.605591
     ],
     [
      55.663669,
      24.650374
     ],
     [
      55.694741,
      24.661567
     ],
     [
      55.726661,
      24.677925
     ],
     [
      55.735283,
      24.741388
     ],
     [
      55.770365,
      24.770677
     ],
     [
      55.785035,
      24.785311
     ],
     [
      55.785031,
      24.904778
     ],
     [
      55.800389,
      25.009615
     ],
     [
      55.874433,
      25.060402
     ],
     [
      55.937236,
      25.106427
     ],
     [
      56.003868,
      25.154277
     ],
     [
      56.0194,
      25.158591
     ],
     [
      56.080206,
      25.130914
     ],
     [
      56.10967,
      25.134061
     ],
     [
      56.285271,
      25.112272
     ],
     [
      56.30703,
      25.117866
     ],
     [
      56.331468,
      25.126605
     ],
     [
      56.339803,
      25.141253
     ],
     [
      56.347219,
      25.16979
     ],
     [
      56.348818,
      25.183472
     ]
    ]
   }
  },
  {
   "type": "Feature",
   "properties": {
    "id": "ME2026-0290",
    "commodity": "oil",
    "status_class": "in_service",
    "name": null,
    "name_dist_pt": null,
    "name_ambiguous": null,
    "name_confidence": null,
    "commodity_conflict": null,
    "other_names": null,
    "diameter_in": null,
    "length_km": 121.6,
    "n_vertices": 13,
    "legend_class": "oil_in_service",
    "stroke_rgb": "#00922f",
    "dashed": false,
    "source_map": "me2026",
    "source_file": "../energy-map-of-the-middle-east-2026-peregrine-bush.pdf",
    "source_page": 1,
    "source_title": "Energy Infrastructure Map of the Middle East, 2026 edition",
    "source_publisher": "Petroleum Economist / World Oil / Gulf Energy Information / Global Energy Infrastructure",
    "geometry_source": "stroke",
    "georef_order": 2,
    "georef_source": "map's own coastline vector registered to Natural Earth 10m coastline+lakes by trimmed ICP",
    "georef_insample_rmse_km": 0.97,
    "georef_holdout_layer": "ne_10m_admin_0_countries vs the map's own border strokes",
    "georef_holdout_median_km": 1.45,
    "georef_holdout_rmse_km": 1.6,
    "drawn_feature_offset_median_km": 2.39,
    "accuracy_tier": "medium"
   },
   "geometry": {
    "type": "LineString",
    "coordinates": [
     [
      54.522368,
      24.399304
     ],
     [
      54.533646,
      24.375299
     ],
     [
      54.533649,
      24.352036
     ],
     [
      54.523588,
      24.320694
     ],
     [
      54.496559,
      24.285147
     ],
     [
      54.469818,
      24.274811
     ],
     [
      54.380255,
      24.173314
     ],
     [
      54.27389,
      24.110364
     ],
     [
      54.259604,
      24.079168
     ],
     [
      54.155604,
      24.015867
     ],
     [
      53.855768,
      23.953038
     ],
     [
      53.617462,
      23.848287
     ],
     [
      53.606628,
      23.825027
     ]
    ]
   }
  },
  {
   "type": "Feature",
   "properties": {
    "id": "ME2026-0291",
    "commodity": "oil",
    "status_class": "in_service",
    "name": null,
    "name_dist_pt": null,
    "name_ambiguous": null,
    "name_confidence": null,
    "commodity_conflict": null,
    "other_names": null,
    "diameter_in": null,
    "length_km": 65.74,
    "n_vertices": 11,
    "legend_class": "oil_in_service",
    "stroke_rgb": "#00922f",
    "dashed": false,
    "source_map": "me2026",
    "source_file": "../energy-map-of-the-middle-east-2026-peregrine-bush.pdf",
    "source_page": 1,
    "source_title": "Energy Infrastructure Map of the Middle East, 2026 edition",
    "source_publisher": "Petroleum Economist / World Oil / Gulf Energy Information / Global Energy Infrastructure",
    "geometry_source": "stroke",
    "georef_order": 2,
    "georef_source": "map's own coastline vector registered to Natural Earth 10m coastline+lakes by trimmed ICP",
    "georef_insample_rmse_km": 0.97,
    "georef_holdout_layer": "ne_10m_admin_0_countries vs the map's own border strokes",
    "georef_holdout_median_km": 1.45,
    "georef_holdout_rmse_km": 1.6,
    "drawn_feature_offset_median_km": 2.39,
    "accuracy_tier": "medium"
   },
   "geometry": {
    "type": "LineString",
    "coordinates": [
     [
      53.823852,
      22.834954
     ],
     [
      53.928454,
      22.973203
     ],
     [
      53.946543,
      22.982682
     ],
     [
      53.988796,
      23.024888
     ],
     [
      54.014383,
      23.033494
     ],
     [
      54.04198,
      23.043818
     ],
     [
      54.061812,
      23.063627
     ],
     [
      54.083362,
      23.085165
     ],
     [
      54.119572,
      23.132538
     ],
     [
      54.198896,
      23.23044
     ],
     [
      54.234829,
      23.278673
     ]
    ]
   }
  },
  {
   "type": "Feature",
   "properties": {
    "id": "ME2026-0292",
    "commodity": "oil",
    "status_class": "in_service",
    "name": null,
    "name_dist_pt": null,
    "name_ambiguous": null,
    "name_confidence": null,
    "commodity_conflict": null,
    "other_names": null,
    "diameter_in": null,
    "length_km": 15.87,
    "n_vertices": 3,
    "legend_class": "oil_in_service",
    "stroke_rgb": "#00922f",
    "dashed": false,
    "source_map": "me2026",
    "source_file": "../energy-map-of-the-middle-east-2026-peregrine-bush.pdf",
    "source_page": 1,
    "source_title": "Energy Infrastructure Map of the Middle East, 2026 edition",
    "source_publisher": "Petroleum Economist / World Oil / Gulf Energy Information / Global Energy Infrastructure",
    "geometry_source": "stroke",
    "georef_order": 2,
    "georef_source": "map's own coastline vector registered to Natural Earth 10m coastline+lakes by trimmed ICP",
    "georef_insample_rmse_km": 0.97,
    "georef_holdout_layer": "ne_10m_admin_0_countries vs the map's own border strokes",
    "georef_holdout_median_km": 1.45,
    "georef_holdout_rmse_km": 1.6,
    "drawn_feature_offset_median_km": 2.39,
    "accuracy_tier": "medium"
   },
   "geometry": {
    "type": "LineString",
    "coordinates": [
     [
      52.668249,
      24.189074
     ],
     [
      52.593523,
      24.169273
     ],
     [
      52.661345,
      24.205443
     ]
    ]
   }
  },
  {
   "type": "Feature",
   "properties": {
    "id": "ME2026-0293",
    "commodity": "oil",
    "status_class": "in_service",
    "name": null,
    "name_dist_pt": null,
    "name_ambiguous": null,
    "name_confidence": null,
    "commodity_conflict": null,
    "other_names": null,
    "diameter_in": null,
    "length_km": 347.53,
    "n_vertices": 30,
    "legend_class": "oil_in_service",
    "stroke_rgb": "#00922f",
    "dashed": false,
    "source_map": "me2026",
    "source_file": "../energy-map-of-the-middle-east-2026-peregrine-bush.pdf",
    "source_page": 1,
    "source_title": "Energy Infrastructure Map of the Middle East, 2026 edition",
    "source_publisher": "Petroleum Economist / World Oil / Gulf Energy Information / Global Energy Infrastructure",
    "geometry_source": "stroke",
    "georef_order": 2,
    "georef_source": "map's own coastline vector registered to Natural Earth 10m coastline+lakes by trimmed ICP",
    "georef_insample_rmse_km": 0.97,
    "georef_holdout_layer": "ne_10m_admin_0_countries vs the map's own border strokes",
    "georef_holdout_median_km": 1.45,
    "georef_holdout_rmse_km": 1.6,
    "drawn_feature_offset_median_km": 2.39,
    "accuracy_tier": "medium"
   },
   "geometry": {
    "type": "LineString",
    "coordinates": [
     [
      53.606265,
      23.825027
     ],
     [
      53.57888,
      23.788561
     ],
     [
      53.45024,
      23.787103
     ],
     [
      53.354936,
      23.807388
     ],
     [
      53.26391,
      23.816796
     ],
     [
      53.014921,
      23.978273
     ],
     [
      52.850905,
      24.021517
     ],
     [
      52.629411,
      24.095486
     ],
     [
      52.602201,
      24.121681
     ],
     [
      52.584895,
      24.139975
     ],
     [
      52.593523,
      24.169273
     ],
     [
      52.596106,
      24.146881
     ],
     [
      52.615057,
      24.13484
     ],
     [
      52.638307,
      24.113763
     ],
     [
      52.850901,
      24.04178
     ],
     [
      53.02182,
      23.99557
     ],
     [
      53.269355,
      23.835569
     ],
     [
      53.354932,
      23.825666
     ],
     [
      53.449752,
      23.806374
     ],
     [
      53.568474,
      23.806842
     ],
     [
      53.606265,
      23.825027
     ],
     [
      53.559073,
      23.824639
     ],
     [
      53.449748,
      23.825644
     ],
     [
      53.356915,
      23.843461
     ],
     [
      53.275297,
      23.853278
     ],
     [
      53.02827,
      24.012372
     ],
     [
      52.865004,
      24.058858
     ],
     [
      52.648196,
      24.131374
     ],
     [
      52.62543,
      24.149452
     ],
     [
      52.593523,
      24.169273
     ]
    ]
   }
  },
  {
   "type": "Feature",
   "properties": {
    "id": "ME2026-0294",
    "commodity": "oil",
    "status_class": "in_service",
    "name": null,
    "name_dist_pt": null,
    "name_ambiguous": null,
    "name_confidence": null,
    "commodity_conflict": null,
    "other_names": null,
    "diameter_in": null,
    "length_km": 34.66,
    "n_vertices": 5,
    "legend_class": "oil_in_service",
    "stroke_rgb": "#00922f",
    "dashed": false,
    "source_map": "me2026",
    "source_file": "../energy-map-of-the-middle-east-2026-peregrine-bush.pdf",
    "source_page": 1,
    "source_title": "Energy Infrastructure Map of the Middle East, 2026 edition",
    "source_publisher": "Petroleum Economist / World Oil / Gulf Energy Information / Global Energy Infrastructure",
    "geometry_source": "stroke",
    "georef_order": 2,
    "georef_source": "map's own coastline vector registered to Natural Earth 10m coastline+lakes by trimmed ICP",
    "georef_insample_rmse_km": 0.97,
    "georef_holdout_layer": "ne_10m_admin_0_countries vs the map's own border strokes",
    "georef_holdout_median_km": 1.45,
    "georef_holdout_rmse_km": 1.6,
    "drawn_feature_offset_median_km": 2.39,
    "accuracy_tier": "medium"
   },
   "geometry": {
    "type": "LineString",
    "coordinates": [
     [
      53.294425,
      23.541389
     ],
     [
      53.2806,
      23.629833
     ],
     [
      53.280578,
      23.727189
     ],
     [
      53.277979,
      23.825103
     ],
     [
      53.275297,
      23.853278
     ]
    ]
   }
  },
  {
   "type": "Feature",
   "properties": {
    "id": "ME2026-0295",
    "commodity": "oil",
    "status_class": "in_service",
    "name": "ORPIC",
    "name_dist_pt": 4.3,
    "name_ambiguous": true,
    "name_confidence": "low",
    "commodity_conflict": null,
    "other_names": null,
    "diameter_in": "12",
    "length_km": 685.76,
    "n_vertices": 83,
    "legend_class": "oil_in_service",
    "stroke_rgb": "#00922f",
    "dashed": false,
    "source_map": "me2026",
    "source_file": "../energy-map-of-the-middle-east-2026-peregrine-bush.pdf",
    "source_page": 1,
    "source_title": "Energy Infrastructure Map of the Middle East, 2026 edition",
    "source_publisher": "Petroleum Economist / World Oil / Gulf Energy Information / Global Energy Infrastructure",
    "geometry_source": "stroke",
    "georef_order": 2,
    "georef_source": "map's own coastline vector registered to Natural Earth 10m coastline+lakes by trimmed ICP",
    "georef_insample_rmse_km": 0.97,
    "georef_holdout_layer": "ne_10m_admin_0_countries vs the map's own border strokes",
    "georef_holdout_median_km": 1.45,
    "georef_holdout_rmse_km": 1.6,
    "drawn_feature_offset_median_km": 2.39,
    "accuracy_tier": "medium"
   },
   "geometry": {
    "type": "LineString",
    "coordinates": [
     [
      55.481578,
      23.173555
     ],
     [
      55.452636,
      23.136003
     ],
     [
      55.437719,
      23.111475
     ],
     [
      55.423685,
      23.086935
     ],
     [
      55.411409,
      23.061524
     ],
     [
      55.394733,
      23.044884
     ],
     [
      55.378955,
      23.02211
     ],
     [
      55.378964,
      22.989691
     ],
     [
      55.384228,
      22.963402
     ],
     [
      55.374578,
      22.946857
     ],
     [
      55.364164,
      22.936445
     ],
     [
      55.356272,
      22.914431
     ],
     [
      55.338748,
      22.855731
     ],
     [
      55.333483,
      22.839971
     ],
     [
      55.344013,
      22.829443
     ],
     [
      55.39305,
      22.81716
     ],
     [
      55.492217,
      22.794348
     ],
     [
      55.52907,
      22.780303
     ],
     [
      55.622865,
      22.740956
     ],
     [
      55.772829,
      22.676935
     ],
     [
      55.97897,
      22.576081
     ],
     [
      56.125538,
      22.515676
     ],
     [
      56.194772,
      22.48323
     ],
     [
      56.345629,
      22.40256
     ],
     [
      56.491327,
      22.325494
     ],
     [
      56.519424,
      22.321975
     ],
     [
      56.637801,
      22.335948
     ],
     [
      56.687813,
      22.343815
     ],
     [
      56.830752,
      22.398846
     ],
     [
      56.954662,
      22.41048
     ],
     [
      57.194516,
      22.477057
     ],
     [
      57.260202,
      22.478154
     ],
     [
      57.590103,
      22.634013
     ],
     [
      57.65239,
      22.676011
     ],
     [
      57.745229,
      22.760819
     ],
     [
      57.810305,
      22.906706
     ],
     [
      57.80917,
      22.942575
     ],
     [
      57.834425,
      22.995804
     ],
     [
      57.854615,
      23.04791
     ],
     [
      57.860219,
      23.082083
     ],
     [
      57.94182,
      23.22742
     ],
     [
      57.952465,
      23.268317
     ],
     [
      57.967634,
      23.291296
     ],
     [
      57.987833,
      23.30607
     ],
     [
      58.038908,
      23.339109
     ],
     [
      58.082371,
      23.383366
     ],
     [
      58.117175,
      23.391201
     ],
     [
      58.163198,
      23.421436
     ],
     [
      58.194074,
      23.444952
     ],
     [
      58.235003,
      23.510381
     ],
     [
      58.256585,
      23.525022
     ],
     [
      58.279585,
      23.543666
     ],
     [
      58.416825,
      23.558252
     ],
     [
      58.496788,
      23.584067
     ],
     [
      58.507149,
      23.594393
     ],
     [
      58.507145,
      23.621964
     ],
     [
      58.484738,
      23.600513
     ],
     [
      58.413186,
      23.577973
     ],
     [
      58.274189,
      23.562311
     ],
     [
      58.256012,
      23.549423
     ],
     [
      58.247942,
      23.539676
     ],
     [
      58.21946,
      23.549718
     ],
     [
      58.203062,
      23.55748
     ],
     [
      58.159904,
      23.568702
     ],
     [
      58.134003,
      23.579917
     ],
     [
      58.11329,
      23.594576
     ],
     [
      58.093437,
      23.604917
     ],
     [
      58.088259,
      23.626465
     ],
     [
      58.007412,
      23.639434
     ],
     [
      57.898658,
      23.639483
     ],
     [
      57.813512,
      23.650723
     ],
     [
      57.669674,
      23.692995
     ],
     [
      57.530724,
      23.724073
     ],
     [
      57.303469,
      23.812614
     ],
     [
      57.095766,
      23.926429
     ],
     [
      57.048311,
      23.960625
     ],
     [
      56.99738,
      23.998559
     ],
     [
      56.864774,
      24.109451
     ],
     [
      56.830251,
      24.143931
     ],
     [
      56.706273,
      24.298201
     ],
     [
      56.67089,
      24.341005
     ],
     [
      56.635504,
      24.428897
     ],
     [
      56.611668,
      24.476354
     ]
    ]
   }
  },
  {
   "type": "Feature",
   "properties": {
    "id": "ME2026-0296",
    "commodity": "oil",
    "status_class": "in_service",
    "name": null,
    "name_dist_pt": null,
    "name_ambiguous": null,
    "name_confidence": null,
    "commodity_conflict": null,
    "other_names": null,
    "diameter_in": null,
    "length_km": 17.11,
    "n_vertices": 3,
    "legend_class": "oil_in_service",
    "stroke_rgb": "#00922f",
    "dashed": false,
    "source_map": "me2026",
    "source_file": "../energy-map-of-the-middle-east-2026-peregrine-bush.pdf",
    "source_page": 1,
    "source_title": "Energy Infrastructure Map of the Middle East, 2026 edition",
    "source_publisher": "Petroleum Economist / World Oil / Gulf Energy Information / Global Energy Infrastructure",
    "geometry_source": "stroke",
    "georef_order": 2,
    "georef_source": "map's own coastline vector registered to Natural Earth 10m coastline+lakes by trimmed ICP",
    "georef_insample_rmse_km": 0.97,
    "georef_holdout_layer": "ne_10m_admin_0_countries vs the map's own border strokes",
    "georef_holdout_median_km": 1.45,
    "georef_holdout_rmse_km": 1.6,
    "drawn_feature_offset_median_km": 2.39,
    "accuracy_tier": "medium"
   },
   "geometry": {
    "type": "LineString",
    "coordinates": [
     [
      55.903551,
      22.765388
     ],
     [
      55.809678,
      22.724244
     ],
     [
      55.773859,
      22.676426
     ]
    ]
   }
  },
  {
   "type": "Feature",
   "properties": {
    "id": "ME2026-0297",
    "commodity": "oil",
    "status_class": "in_service",
    "name": null,
    "name_dist_pt": null,
    "name_ambiguous": null,
    "name_confidence": null,
    "commodity_conflict": null,
    "other_names": null,
    "diameter_in": null,
    "length_km": 42.76,
    "n_vertices": 3,
    "legend_class": "oil_in_service",
    "stroke_rgb": "#00922f",
    "dashed": false,
    "source_map": "me2026",
    "source_file": "../energy-map-of-the-middle-east-2026-peregrine-bush.pdf",
    "source_page": 1,
    "source_title": "Energy Infrastructure Map of the Middle East, 2026 edition",
    "source_publisher": "Petroleum Economist / World Oil / Gulf Energy Information / Global Energy Infrastructure",
    "geometry_source": "stroke",
    "georef_order": 2,
    "georef_source": "map's own coastline vector registered to Natural Earth 10m coastline+lakes by trimmed ICP",
    "georef_insample_rmse_km": 0.97,
    "georef_holdout_layer": "ne_10m_admin_0_countries vs the map's own border strokes",
    "georef_holdout_median_km": 1.45,
    "georef_holdout_rmse_km": 1.6,
    "drawn_feature_offset_median_km": 2.39,
    "accuracy_tier": "medium"
   },
   "geometry": {
    "type": "LineString",
    "coordinates": [
     [
      56.86496,
      22.467191
     ],
     [
      56.693927,
      22.435724
     ],
     [
      56.485198,
      22.323743
     ]
    ]
   }
  },
  {
   "type": "Feature",
   "properties": {
    "id": "ME2026-0298",
    "commodity": "oil",
    "status_class": "in_service",
    "name": null,
    "name_dist_pt": null,
    "name_ambiguous": null,
    "name_confidence": null,
    "commodity_conflict": null,
    "other_names": null,
    "diameter_in": null,
    "length_km": 81.4,
    "n_vertices": 13,
    "legend_class": "oil_in_service",
    "stroke_rgb": "#00922f",
    "dashed": false,
    "source_map": "me2026",
    "source_file": "../energy-map-of-the-middle-east-2026-peregrine-bush.pdf",
    "source_page": 1,
    "source_title": "Energy Infrastructure Map of the Middle East, 2026 edition",
    "source_publisher": "Petroleum Economist / World Oil / Gulf Energy Information / Global Energy Infrastructure",
    "geometry_source": "stroke",
    "georef_order": 2,
    "georef_source": "map's own coastline vector registered to Natural Earth 10m coastline+lakes by trimmed ICP",
    "georef_insample_rmse_km": 0.97,
    "georef_holdout_layer": "ne_10m_admin_0_countries vs the map's own border strokes",
    "georef_holdout_median_km": 1.45,
    "georef_holdout_rmse_km": 1.6,
    "drawn_feature_offset_median_km": 2.39,
    "accuracy_tier": "medium"
   },
   "geometry": {
    "type": "LineString",
    "coordinates": [
     [
      56.037118,
      21.903523
     ],
     [
      56.015168,
      21.932454
     ],
     [
      56.019491,
      22.101465
     ],
     [
      56.019475,
      22.147021
     ],
     [
      56.092298,
      22.173291
     ],
     [
      56.12476,
      22.189924
     ],
     [
      56.173783,
      22.23886
     ],
     [
      56.226429,
      22.291412
     ],
     [
      56.316786,
      22.355357
     ],
     [
      56.329964,
      22.363227
     ],
     [
      56.387778,
      22.363204
     ],
     [
      56.437808,
      22.342161
     ],
     [
      56.45214,
      22.346232
     ]
    ]
   }
  },
  {
   "type": "Feature",
   "properties": {
    "id": "ME2026-0299",
    "commodity": "oil",
    "status_class": "in_service",
    "name": null,
    "name_dist_pt": null,
    "name_ambiguous": null,
    "name_confidence": null,
    "commodity_conflict": null,
    "other_names": null,
    "diameter_in": null,
    "length_km": 213.21,
    "n_vertices": 14,
    "legend_class": "oil_in_service",
    "stroke_rgb": "#00922f",
    "dashed": false,
    "source_map": "me2026",
    "source_file": "../energy-map-of-the-middle-east-2026-peregrine-bush.pdf",
    "source_page": 1,
    "source_title": "Energy Infrastructure Map of the Middle East, 2026 edition",
    "source_publisher": "Petroleum Economist / World Oil / Gulf Energy Information / Global Energy Infrastructure",
    "geometry_source": "stroke",
    "georef_order": 2,
    "georef_source": "map's own coastline vector registered to Natural Earth 10m coastline+lakes by trimmed ICP",
    "georef_insample_rmse_km": 0.97,
    "georef_holdout_layer": "ne_10m_admin_0_countries vs the map's own border strokes",
    "georef_holdout_median_km": 1.45,
    "georef_holdout_rmse_km": 1.6,
    "drawn_feature_offset_median_km": 2.39,
    "accuracy_tier": "medium"
   },
   "geometry": {
    "type": "LineString",
    "coordinates": [
     [
      56.332147,
      21.23078
     ],
     [
      56.723295,
      21.326131
     ],
     [
      57.101369,
      21.316329
     ],
     [
      57.11788,
      21.469558
     ],
     [
      57.136251,
      21.614018
     ],
     [
      57.155502,
      21.777869
     ],
     [
      57.181755,
      21.988932
     ],
     [
      57.203643,
      22.152688
     ],
     [
      57.220265,
      22.312044
     ],
     [
      57.216748,
      22.324312
     ],
     [
      57.198324,
      22.342719
     ],
     [
      57.167586,
      22.37341
     ],
     [
      57.16758,
      22.393455
     ],
     [
      57.20101,
      22.478554
     ]
    ]
   }
  },
  {
   "type": "Feature",
   "properties": {
    "id": "ME2026-0300",
    "commodity": "oil",
    "status_class": "in_service",
    "name": "Saih Nihayda-Duqm SEZ",
    "name_dist_pt": 40.7,
    "name_ambiguous": true,
    "name_confidence": "low",
    "commodity_conflict": null,
    "other_names": null,
    "diameter_in": null,
    "length_km": 70.78,
    "n_vertices": 4,
    "legend_class": "oil_in_service",
    "stroke_rgb": "#00922f",
    "dashed": false,
    "source_map": "me2026",
    "source_file": "../energy-map-of-the-middle-east-2026-peregrine-bush.pdf",
    "source_page": 1,
    "source_title": "Energy Infrastructure Map of the Middle East, 2026 edition",
    "source_publisher": "Petroleum Economist / World Oil / Gulf Energy Information / Global Energy Infrastructure",
    "geometry_source": "stroke",
    "georef_order": 2,
    "georef_source": "map's own coastline vector registered to Natural Earth 10m coastline+lakes by trimmed ICP",
    "georef_insample_rmse_km": 0.97,
    "georef_holdout_layer": "ne_10m_admin_0_countries vs the map's own border strokes",
    "georef_holdout_median_km": 1.45,
    "georef_holdout_rmse_km": 1.6,
    "drawn_feature_offset_median_km": 2.39,
    "accuracy_tier": "medium"
   },
   "geometry": {
    "type": "LineString",
    "coordinates": [
     [
      57.352025,
      21.71557
     ],
     [
      57.241644,
      21.458121
     ],
     [
      57.102255,
      21.313703
     ],
     [
      57.261924,
      21.239144
     ]
    ]
   }
  },
  {
   "type": "Feature",
   "properties": {
    "id": "ME2026-0301",
    "commodity": "oil",
    "status_class": "in_service",
    "name": null,
    "name_dist_pt": null,
    "name_ambiguous": null,
    "name_confidence": null,
    "commodity_conflict": null,
    "other_names": null,
    "diameter_in": null,
    "length_km": 29.59,
    "n_vertices": 3,
    "legend_class": "oil_in_service",
    "stroke_rgb": "#00922f",
    "dashed": false,
    "source_map": "me2026",
    "source_file": "../energy-map-of-the-middle-east-2026-peregrine-bush.pdf",
    "source_page": 1,
    "source_title": "Energy Infrastructure Map of the Middle East, 2026 edition",
    "source_publisher": "Petroleum Economist / World Oil / Gulf Energy Information / Global Energy Infrastructure",
    "geometry_source": "stroke",
    "georef_order": 2,
    "georef_source": "map's own coastline vector registered to Natural Earth 10m coastline+lakes by trimmed ICP",
    "georef_insample_rmse_km": 0.97,
    "georef_holdout_layer": "ne_10m_admin_0_countries vs the map's own border strokes",
    "georef_holdout_median_km": 1.45,
    "georef_holdout_rmse_km": 1.6,
    "drawn_feature_offset_median_km": 2.39,
    "accuracy_tier": "medium"
   },
   "geometry": {
    "type": "LineString",
    "coordinates": [
     [
      56.974064,
      21.426678
     ],
     [
      57.102255,
      21.313703
     ],
     [
      57.130275,
      21.21478
     ]
    ]
   }
  },
  {
   "type": "Feature",
   "properties": {
    "id": "ME2026-0302",
    "commodity": "oil",
    "status_class": "in_service",
    "name": null,
    "name_dist_pt": null,
    "name_ambiguous": null,
    "name_confidence": null,
    "commodity_conflict": null,
    "other_names": null,
    "diameter_in": "16",
    "length_km": 481.15,
    "n_vertices": 40,
    "legend_class": "oil_in_service",
    "stroke_rgb": "#00922f",
    "dashed": false,
    "source_map": "me2026",
    "source_file": "../energy-map-of-the-middle-east-2026-peregrine-bush.pdf",
    "source_page": 1,
    "source_title": "Energy Infrastructure Map of the Middle East, 2026 edition",
    "source_publisher": "Petroleum Economist / World Oil / Gulf Energy Information / Global Energy Infrastructure",
    "geometry_source": "stroke",
    "georef_order": 2,
    "georef_source": "map's own coastline vector registered to Natural Earth 10m coastline+lakes by trimmed ICP",
    "georef_insample_rmse_km": 0.97,
    "georef_holdout_layer": "ne_10m_admin_0_countries vs the map's own border strokes",
    "georef_holdout_median_km": 1.45,
    "georef_holdout_rmse_km": 1.6,
    "drawn_feature_offset_median_km": 2.39,
    "accuracy_tier": "medium"
   },
   "geometry": {
    "type": "LineString",
    "coordinates": [
     [
      54.999945,
      17.947304
     ],
     [
      55.025447,
      17.994631
     ],
     [
      55.025435,
      18.009205
     ],
     [
      55.052404,
      18.026671
     ],
     [
      55.056051,
      18.03978
     ],
     [
      55.11361,
      18.090735
     ],
     [
      55.211797,
      18.166226
     ],
     [
      55.254066,
      18.196796
     ],
     [
      55.319682,
      18.249212
     ],
     [
      55.570069,
      18.33774
     ],
     [
      55.650293,
      18.350818
     ],
     [
      55.66852,
      18.369013
     ],
     [
      55.681635,
      18.388673
     ],
     [
      55.675766,
      18.427281
     ],
     [
      55.756669,
      18.518066
     ],
     [
      55.895712,
      18.586477
     ],
     [
      56.112765,
      18.727458
     ],
     [
      56.117855,
      18.757318
     ],
     [
      56.129455,
      18.845449
     ],
     [
      56.170606,
      19.130497
     ],
     [
      56.187295,
      19.257948
     ],
     [
      56.257182,
      19.472571
     ],
     [
      56.253243,
      19.512765
     ],
     [
      56.244207,
      19.932163
     ],
     [
      56.241493,
      20.052211
     ],
     [
      56.191422,
      20.159882
     ],
     [
      56.191399,
      20.200197
     ],
     [
      56.212411,
      20.274552
     ],
     [
      56.273769,
      20.405946
     ],
     [
      56.315843,
      20.496079
     ],
     [
      56.318453,
      20.508343
     ],
     [
      56.329821,
      20.613487
     ],
     [
      56.398993,
      20.712354
     ],
     [
      56.48671,
      20.799941
     ],
     [
      56.529649,
      20.890945
     ],
     [
      56.587462,
      20.918959
     ],
     [
      56.769851,
      21.015264
     ],
     [
      56.921499,
      21.186831
     ],
     [
      57.091735,
      21.291801
     ],
     [
      57.102874,
      21.311489
     ]
    ]
   }
  },
  {
   "type": "Feature",
   "properties": {
    "id": "ME2026-0303",
    "commodity": "oil",
    "status_class": "in_service",
    "name": null,
    "name_dist_pt": null,
    "name_ambiguous": null,
    "name_confidence": null,
    "commodity_conflict": null,
    "other_names": null,
    "diameter_in": null,
    "length_km": 5.05,
    "n_vertices": 3,
    "legend_class": "oil_in_service",
    "stroke_rgb": "#00922f",
    "dashed": false,
    "source_map": "me2026",
    "source_file": "../energy-map-of-the-middle-east-2026-peregrine-bush.pdf",
    "source_page": 1,
    "source_title": "Energy Infrastructure Map of the Middle East, 2026 edition",
    "source_publisher": "Petroleum Economist / World Oil / Gulf Energy Information / Global Energy Infrastructure",
    "geometry_source": "stroke",
    "georef_order": 2,
    "georef_source": "map's own coastline vector registered to Natural Earth 10m coastline+lakes by trimmed ICP",
    "georef_insample_rmse_km": 0.97,
    "georef_holdout_layer": "ne_10m_admin_0_countries vs the map's own border strokes",
    "georef_holdout_median_km": 1.45,
    "georef_holdout_rmse_km": 1.6,
    "drawn_feature_offset_median_km": 2.39,
    "accuracy_tier": "medium"
   },
   "geometry": {
    "type": "LineString",
    "coordinates": [
     [
      56.798838,
      20.977572
     ],
     [
      56.783906,
      20.987219
     ],
     [
      56.774346,
      21.014391
     ]
    ]
   }
  },
  {
   "type": "Feature",
   "properties": {
    "id": "ME2026-0304",
    "commodity": "oil",
    "status_class": "in_service",
    "name": null,
    "name_dist_pt": null,
    "name_ambiguous": null,
    "name_confidence": null,
    "commodity_conflict": null,
    "other_names": null,
    "diameter_in": null,
    "length_km": 14.98,
    "n_vertices": 2,
    "legend_class": "oil_in_service",
    "stroke_rgb": "#00922f",
    "dashed": false,
    "source_map": "me2026",
    "source_file": "../energy-map-of-the-middle-east-2026-peregrine-bush.pdf",
    "source_page": 1,
    "source_title": "Energy Infrastructure Map of the Middle East, 2026 edition",
    "source_publisher": "Petroleum Economist / World Oil / Gulf Energy Information / Global Energy Infrastructure",
    "geometry_source": "stroke",
    "georef_order": 2,
    "georef_source": "map's own coastline vector registered to Natural Earth 10m coastline+lakes by trimmed ICP",
    "georef_insample_rmse_km": 0.97,
    "georef_holdout_layer": "ne_10m_admin_0_countries vs the map's own border strokes",
    "georef_holdout_median_km": 1.45,
    "georef_holdout_rmse_km": 1.6,
    "drawn_feature_offset_median_km": 2.39,
    "accuracy_tier": "medium"
   },
   "geometry": {
    "type": "LineString",
    "coordinates": [
     [
      56.814433,
      21.431125
     ],
     [
      56.723295,
      21.326131
     ]
    ]
   }
  },
  {
   "type": "Feature",
   "properties": {
    "id": "ME2026-0305",
    "commodity": "oil",
    "status_class": "in_service",
    "name": null,
    "name_dist_pt": null,
    "name_ambiguous": null,
    "name_confidence": null,
    "commodity_conflict": null,
    "other_names": null,
    "diameter_in": null,
    "length_km": 38.24,
    "n_vertices": 3,
    "legend_class": "oil_in_service",
    "stroke_rgb": "#00922f",
    "dashed": false,
    "source_map": "me2026",
    "source_file": "../energy-map-of-the-middle-east-2026-peregrine-bush.pdf",
    "source_page": 1,
    "source_title": "Energy Infrastructure Map of the Middle East, 2026 edition",
    "source_publisher": "Petroleum Economist / World Oil / Gulf Energy Information / Global Energy Infrastructure",
    "geometry_source": "stroke",
    "georef_order": 2,
    "georef_source": "map's own coastline vector registered to Natural Earth 10m coastline+lakes by trimmed ICP",
    "georef_insample_rmse_km": 0.97,
    "georef_holdout_layer": "ne_10m_admin_0_countries vs the map's own border strokes",
    "georef_holdout_median_km": 1.45,
    "georef_holdout_rmse_km": 1.6,
    "drawn_feature_offset_median_km": 2.39,
    "accuracy_tier": "medium"
   },
   "geometry": {
    "type": "LineString",
    "coordinates": [
     [
      56.636285,
      21.663305
     ],
     [
      56.716265,
      21.360306
     ],
     [
      56.72499,
      21.328066
     ]
    ]
   }
  },
  {
   "type": "Feature",
   "properties": {
    "id": "ME2026-0306",
    "commodity": "oil",
    "status_class": "in_service",
    "name": null,
    "name_dist_pt": null,
    "name_ambiguous": null,
    "name_confidence": null,
    "commodity_conflict": null,
    "other_names": null,
    "diameter_in": null,
    "length_km": 122.07,
    "n_vertices": 23,
    "legend_class": "oil_in_service",
    "stroke_rgb": "#00922f",
    "dashed": false,
    "source_map": "me2026",
    "source_file": "../energy-map-of-the-middle-east-2026-peregrine-bush.pdf",
    "source_page": 1,
    "source_title": "Energy Infrastructure Map of the Middle East, 2026 edition",
    "source_publisher": "Petroleum Economist / World Oil / Gulf Energy Information / Global Energy Infrastructure",
    "geometry_source": "stroke",
    "georef_order": 2,
    "georef_source": "map's own coastline vector registered to Natural Earth 10m coastline+lakes by trimmed ICP",
    "georef_insample_rmse_km": 0.97,
    "georef_holdout_layer": "ne_10m_admin_0_countries vs the map's own border strokes",
    "georef_holdout_median_km": 1.45,
    "georef_holdout_rmse_km": 1.6,
    "drawn_feature_offset_median_km": 2.39,
    "accuracy_tier": "medium"
   },
   "geometry": {
    "type": "LineString",
    "coordinates": [
     [
      56.449098,
      20.555607
     ],
     [
      56.378019,
      20.533731
     ],
     [
      56.315878,
      20.430471
     ],
     [
      56.282549,
      20.412317
     ],
     [
      56.231026,
      20.412338
     ],
     [
      56.195657,
      20.425162
     ],
     [
      56.163173,
      20.45758
     ],
     [
      56.093945,
      20.469885
     ],
     [
      56.018461,
      20.493574
     ],
     [
      55.873742,
      20.549695
     ],
     [
      55.800028,
      20.576019
     ],
     [
      55.769314,
      20.588296
     ],
     [
      55.722022,
      20.611962
     ],
     [
      55.693937,
      20.623379
     ],
     [
      55.64568,
      20.619006
     ],
     [
      55.598293,
      20.619024
     ],
     [
      55.580736,
      20.6278
     ],
     [
      55.565802,
      20.646965
     ],
     [
      55.516777,
      20.653128
     ],
     [
      55.494849,
      20.661023
     ],
     [
      55.472888,
      20.682924
     ],
     [
      55.467606,
      20.707468
     ],
     [
      55.453573,
      20.719739
     ]
    ]
   }
  },
  {
   "type": "Feature",
   "properties": {
    "id": "ME2026-0307",
    "commodity": "oil",
    "status_class": "in_service",
    "name": null,
    "name_dist_pt": null,
    "name_ambiguous": null,
    "name_confidence": null,
    "commodity_conflict": null,
    "other_names": null,
    "diameter_in": null,
    "length_km": 56.78,
    "n_vertices": 4,
    "legend_class": "oil_in_service",
    "stroke_rgb": "#00922f",
    "dashed": false,
    "source_map": "me2026",
    "source_file": "../energy-map-of-the-middle-east-2026-peregrine-bush.pdf",
    "source_page": 1,
    "source_title": "Energy Infrastructure Map of the Middle East, 2026 edition",
    "source_publisher": "Petroleum Economist / World Oil / Gulf Energy Information / Global Energy Infrastructure",
    "geometry_source": "stroke",
    "georef_order": 2,
    "georef_source": "map's own coastline vector registered to Natural Earth 10m coastline+lakes by trimmed ICP",
    "georef_insample_rmse_km": 0.97,
    "georef_holdout_layer": "ne_10m_admin_0_countries vs the map's own border strokes",
    "georef_holdout_median_km": 1.45,
    "georef_holdout_rmse_km": 1.6,
    "drawn_feature_offset_median_km": 2.39,
    "accuracy_tier": "medium"
   },
   "geometry": {
    "type": "LineString",
    "coordinates": [
     [
      55.919331,
      20.632049
     ],
     [
      55.927379,
      20.378931
     ],
     [
      55.956226,
      20.372787
     ],
     [
      56.195657,
      20.425162
     ]
    ]
   }
  },
  {
   "type": "Feature",
   "properties": {
    "id": "ME2026-0308",
    "commodity": "oil",
    "status_class": "in_service",
    "name": null,
    "name_dist_pt": null,
    "name_ambiguous": null,
    "name_confidence": null,
    "commodity_conflict": null,
    "other_names": null,
    "diameter_in": null,
    "length_km": 31.34,
    "n_vertices": 8,
    "legend_class": "oil_in_service",
    "stroke_rgb": "#00922f",
    "dashed": false,
    "source_map": "me2026",
    "source_file": "../energy-map-of-the-middle-east-2026-peregrine-bush.pdf",
    "source_page": 1,
    "source_title": "Energy Infrastructure Map of the Middle East, 2026 edition",
    "source_publisher": "Petroleum Economist / World Oil / Gulf Energy Information / Global Energy Infrastructure",
    "geometry_source": "stroke",
    "georef_order": 2,
    "georef_source": "map's own coastline vector registered to Natural Earth 10m coastline+lakes by trimmed ICP",
    "georef_insample_rmse_km": 0.97,
    "georef_holdout_layer": "ne_10m_admin_0_countries vs the map's own border strokes",
    "georef_holdout_median_km": 1.45,
    "georef_holdout_rmse_km": 1.6,
    "drawn_feature_offset_median_km": 2.39,
    "accuracy_tier": "medium"
   },
   "geometry": {
    "type": "LineString",
    "coordinates": [
     [
      55.660705,
      20.390429
     ],
     [
      55.704614,
      20.351851
     ],
     [
      55.710761,
      20.341338
     ],
     [
      55.730942,
      20.34133
     ],
     [
      55.779972,
      20.350951
     ],
     [
      55.843156,
      20.350927
     ],
     [
      55.893144,
      20.381569
     ],
     [
      55.927379,
      20.378931
     ]
    ]
   }
  },
  {
   "type": "Feature",
   "properties": {
    "id": "ME2026-0309",
    "commodity": "oil",
    "status_class": "in_service",
    "name": null,
    "name_dist_pt": null,
    "name_ambiguous": null,
    "name_confidence": null,
    "commodity_conflict": null,
    "other_names": null,
    "diameter_in": null,
    "length_km": 31.44,
    "n_vertices": 10,
    "legend_class": "oil_in_service",
    "stroke_rgb": "#00922f",
    "dashed": false,
    "source_map": "me2026",
    "source_file": "../energy-map-of-the-middle-east-2026-peregrine-bush.pdf",
    "source_page": 1,
    "source_title": "Energy Infrastructure Map of the Middle East, 2026 edition",
    "source_publisher": "Petroleum Economist / World Oil / Gulf Energy Information / Global Energy Infrastructure",
    "geometry_source": "stroke",
    "georef_order": 2,
    "georef_source": "map's own coastline vector registered to Natural Earth 10m coastline+lakes by trimmed ICP",
    "georef_insample_rmse_km": 0.97,
    "georef_holdout_layer": "ne_10m_admin_0_countries vs the map's own border strokes",
    "georef_holdout_median_km": 1.45,
    "georef_holdout_rmse_km": 1.6,
    "drawn_feature_offset_median_km": 2.39,
    "accuracy_tier": "medium"
   },
   "geometry": {
    "type": "LineString",
    "coordinates": [
     [
      55.640645,
      20.182006
     ],
     [
      55.659097,
      20.174983
     ],
     [
      55.695943,
      20.17936
     ],
     [
      55.736283,
      20.196
     ],
     [
      55.751202,
      20.204739
     ],
     [
      55.728389,
      20.210892
     ],
     [
      55.704685,
      20.228416
     ],
     [
      55.704671,
      20.251204
     ],
     [
      55.73621,
      20.32293
     ],
     [
      55.740571,
      20.343225
     ]
    ]
   }
  },
  {
   "type": "Feature",
   "properties": {
    "id": "ME2026-0310",
    "commodity": "oil",
    "status_class": "in_service",
    "name": null,
    "name_dist_pt": null,
    "name_ambiguous": null,
    "name_confidence": null,
    "commodity_conflict": null,
    "other_names": null,
    "diameter_in": null,
    "length_km": 92.83,
    "n_vertices": 9,
    "legend_class": "oil_in_service",
    "stroke_rgb": "#00922f",
    "dashed": false,
    "source_map": "me2026",
    "source_file": "../energy-map-of-the-middle-east-2026-peregrine-bush.pdf",
    "source_page": 1,
    "source_title": "Energy Infrastructure Map of the Middle East, 2026 edition",
    "source_publisher": "Petroleum Economist / World Oil / Gulf Energy Information / Global Energy Infrastructure",
    "geometry_source": "stroke",
    "georef_order": 2,
    "georef_source": "map's own coastline vector registered to Natural Earth 10m coastline+lakes by trimmed ICP",
    "georef_insample_rmse_km": 0.97,
    "georef_holdout_layer": "ne_10m_admin_0_countries vs the map's own border strokes",
    "georef_holdout_median_km": 1.45,
    "georef_holdout_rmse_km": 1.6,
    "drawn_feature_offset_median_km": 2.39,
    "accuracy_tier": "medium"
   },
   "geometry": {
    "type": "LineString",
    "coordinates": [
     [
      56.172136,
      20.118717
     ],
     [
      56.153712,
      20.115217
     ],
     [
      56.139819,
      20.05137
     ],
     [
      56.142448,
      20.030335
     ],
     [
      55.776924,
      19.610145
     ],
     [
      55.788329,
      19.599618
     ],
     [
      55.819904,
      19.60662
     ],
     [
      55.94397,
      19.646872
     ],
     [
      55.943957,
      19.667022
     ]
    ]
   }
  },
  {
   "type": "Feature",
   "properties": {
    "id": "ME2026-0311",
    "commodity": "oil",
    "status_class": "in_service",
    "name": null,
    "name_dist_pt": null,
    "name_ambiguous": null,
    "name_confidence": null,
    "commodity_conflict": null,
    "other_names": null,
    "diameter_in": null,
    "length_km": 11.19,
    "n_vertices": 3,
    "legend_class": "oil_in_service",
    "stroke_rgb": "#00922f",
    "dashed": false,
    "source_map": "me2026",
    "source_file": "../energy-map-of-the-middle-east-2026-peregrine-bush.pdf",
    "source_page": 1,
    "source_title": "Energy Infrastructure Map of the Middle East, 2026 edition",
    "source_publisher": "Petroleum Economist / World Oil / Gulf Energy Information / Global Energy Infrastructure",
    "geometry_source": "stroke",
    "georef_order": 2,
    "georef_source": "map's own coastline vector registered to Natural Earth 10m coastline+lakes by trimmed ICP",
    "georef_insample_rmse_km": 0.97,
    "georef_holdout_layer": "ne_10m_admin_0_countries vs the map's own border strokes",
    "georef_holdout_median_km": 1.45,
    "georef_holdout_rmse_km": 1.6,
    "drawn_feature_offset_median_km": 2.39,
    "accuracy_tier": "medium"
   },
   "geometry": {
    "type": "LineString",
    "coordinates": [
     [
      56.245038,
      20.019782
     ],
     [
      56.179224,
      20.013677
     ],
     [
      56.142448,
      20.030335
     ]
    ]
   }
  },
  {
   "type": "Feature",
   "properties": {
    "id": "ME2026-0312",
    "commodity": "oil",
    "status_class": "in_service",
    "name": null,
    "name_dist_pt": null,
    "name_ambiguous": null,
    "name_confidence": null,
    "commodity_conflict": null,
    "other_names": null,
    "diameter_in": null,
    "length_km": 21.25,
    "n_vertices": 3,
    "legend_class": "oil_in_service",
    "stroke_rgb": "#00922f",
    "dashed": false,
    "source_map": "me2026",
    "source_file": "../energy-map-of-the-middle-east-2026-peregrine-bush.pdf",
    "source_page": 1,
    "source_title": "Energy Infrastructure Map of the Middle East, 2026 edition",
    "source_publisher": "Petroleum Economist / World Oil / Gulf Energy Information / Global Energy Infrastructure",
    "geometry_source": "stroke",
    "georef_order": 2,
    "georef_source": "map's own coastline vector registered to Natural Earth 10m coastline+lakes by trimmed ICP",
    "georef_insample_rmse_km": 0.97,
    "georef_holdout_layer": "ne_10m_admin_0_countries vs the map's own border strokes",
    "georef_holdout_median_km": 1.45,
    "georef_holdout_rmse_km": 1.6,
    "drawn_feature_offset_median_km": 2.39,
    "accuracy_tier": "medium"
   },
   "geometry": {
    "type": "LineString",
    "coordinates": [
     [
      56.244207,
      19.932163
     ],
     [
      56.139018,
      19.932206
     ],
     [
      56.148496,
      20.024212
     ]
    ]
   }
  },
  {
   "type": "Feature",
   "properties": {
    "id": "ME2026-0313",
    "commodity": "oil",
    "status_class": "in_service",
    "name": null,
    "name_dist_pt": null,
    "name_ambiguous": null,
    "name_confidence": null,
    "commodity_conflict": null,
    "other_names": null,
    "diameter_in": null,
    "length_km": 11.68,
    "n_vertices": 2,
    "legend_class": "oil_in_service",
    "stroke_rgb": "#00922f",
    "dashed": false,
    "source_map": "me2026",
    "source_file": "../energy-map-of-the-middle-east-2026-peregrine-bush.pdf",
    "source_page": 1,
    "source_title": "Energy Infrastructure Map of the Middle East, 2026 edition",
    "source_publisher": "Petroleum Economist / World Oil / Gulf Energy Information / Global Energy Infrastructure",
    "geometry_source": "stroke",
    "georef_order": 2,
    "georef_source": "map's own coastline vector registered to Natural Earth 10m coastline+lakes by trimmed ICP",
    "georef_insample_rmse_km": 0.97,
    "georef_holdout_layer": "ne_10m_admin_0_countries vs the map's own border strokes",
    "georef_holdout_median_km": 1.45,
    "georef_holdout_rmse_km": 1.6,
    "drawn_feature_offset_median_km": 2.39,
    "accuracy_tier": "medium"
   },
   "geometry": {
    "type": "LineString",
    "coordinates": [
     [
      55.920351,
      19.775019
     ],
     [
      56.014535,
      19.71858
     ]
    ]
   }
  },
  {
   "type": "Feature",
   "properties": {
    "id": "ME2026-0314",
    "commodity": "oil",
    "status_class": "in_service",
    "name": null,
    "name_dist_pt": null,
    "name_ambiguous": null,
    "name_confidence": null,
    "commodity_conflict": null,
    "other_names": null,
    "diameter_in": null,
    "length_km": 45.58,
    "n_vertices": 5,
    "legend_class": "oil_in_service",
    "stroke_rgb": "#00922f",
    "dashed": false,
    "source_map": "me2026",
    "source_file": "../energy-map-of-the-middle-east-2026-peregrine-bush.pdf",
    "source_page": 1,
    "source_title": "Energy Infrastructure Map of the Middle East, 2026 edition",
    "source_publisher": "Petroleum Economist / World Oil / Gulf Energy Information / Global Energy Infrastructure",
    "geometry_source": "stroke",
    "georef_order": 2,
    "georef_source": "map's own coastline vector registered to Natural Earth 10m coastline+lakes by trimmed ICP",
    "georef_insample_rmse_km": 0.97,
    "georef_holdout_layer": "ne_10m_admin_0_countries vs the map's own border strokes",
    "georef_holdout_median_km": 1.45,
    "georef_holdout_rmse_km": 1.6,
    "drawn_feature_offset_median_km": 2.39,
    "accuracy_tier": "medium"
   },
   "geometry": {
    "type": "LineString",
    "coordinates": [
     [
      56.042716,
      19.562721
     ],
     [
      55.876992,
      19.537449
     ],
     [
      55.810467,
      19.461821
     ],
     [
      55.771665,
      19.594363
     ],
     [
      55.776924,
      19.610145
     ]
    ]
   }
  },
  {
   "type": "Feature",
   "properties": {
    "id": "ME2026-0315",
    "commodity": "oil",
    "status_class": "in_service",
    "name": "Marib-Ras Issa Pipeline",
    "name_dist_pt": 28.3,
    "name_ambiguous": false,
    "name_confidence": "medium",
    "commodity_conflict": null,
    "other_names": null,
    "diameter_in": "24",
    "length_km": 444.7,
    "n_vertices": 45,
    "legend_class": "oil_in_service",
    "stroke_rgb": "#00922f",
    "dashed": false,
    "source_map": "me2026",
    "source_file": "../energy-map-of-the-middle-east-2026-peregrine-bush.pdf",
    "source_page": 1,
    "source_title": "Energy Infrastructure Map of the Middle East, 2026 edition",
    "source_publisher": "Petroleum Economist / World Oil / Gulf Energy Information / Global Energy Infrastructure",
    "geometry_source": "stroke",
    "georef_order": 2,
    "georef_source": "map's own coastline vector registered to Natural Earth 10m coastline+lakes by trimmed ICP",
    "georef_insample_rmse_km": 0.97,
    "georef_holdout_layer": "ne_10m_admin_0_countries vs the map's own border strokes",
    "georef_holdout_median_km": 1.45,
    "georef_holdout_rmse_km": 1.6,
    "drawn_feature_offset_median_km": 2.39,
    "accuracy_tier": "medium"
   },
   "geometry": {
    "type": "LineString",
    "coordinates": [
     [
      45.592676,
      15.739109
     ],
     [
      45.647592,
      15.89184
     ],
     [
      45.537555,
      15.74629
     ],
     [
      45.488545,
      15.56471
     ],
     [
      45.309023,
      15.544474
     ],
     [
      45.161114,
      15.530006
     ],
     [
      45.125347,
      15.533256
     ],
     [
      44.964744,
      15.558905
     ],
     [
      44.897416,
      15.522409
     ],
     [
      44.916681,
      15.436429
     ],
     [
      44.85179,
      15.341956
     ],
     [
      44.758751,
      15.225246
     ],
     [
      44.732062,
      15.195548
     ],
     [
      44.666596,
      15.126806
     ],
     [
      44.613127,
      15.134746
     ],
     [
      44.553883,
      15.140521
     ],
     [
      44.47504,
      15.078379
     ],
     [
      44.383411,
      14.998354
     ],
     [
      44.316135,
      14.940904
     ],
     [
      44.295408,
      14.784664
     ],
     [
      44.271254,
      14.760456
     ],
     [
      44.187926,
      14.6788
     ],
     [
      44.000722,
      14.635982
     ],
     [
      43.924262,
      14.689609
     ],
     [
      43.856283,
      14.739102
     ],
     [
      43.757776,
      14.810983
     ],
     [
      43.656544,
      14.87943
     ],
     [
      43.581704,
      14.945171
     ],
     [
      43.486827,
      15.001515
     ],
     [
      43.422847,
      15.039255
     ],
     [
      43.344237,
      15.089458
     ],
     [
      43.304505,
      15.092705
     ],
     [
      43.182786,
      15.108225
     ],
     [
      43.000568,
      15.132768
     ],
     [
      42.905756,
      15.150092
     ],
     [
      42.852648,
      15.169949
     ],
     [
      42.812532,
      15.190183
     ],
     [
      42.783801,
      15.210406
     ],
     [
      42.764263,
      15.232976
     ],
     [
      42.751955,
      15.26296
     ],
     [
      42.746511,
      15.275243
     ],
     [
      42.729537,
      15.279932
     ],
     [
      42.710033,
      15.287522
     ],
     [
      42.685804,
      15.311724
     ],
     [
      42.676033,
      15.32472
     ]
    ]
   }
  },
  {
   "type": "Feature",
   "properties": {
    "id": "ME2026-0316",
    "commodity": "oil",
    "status_class": "in_service",
    "name": null,
    "name_dist_pt": null,
    "name_ambiguous": null,
    "name_confidence": null,
    "commodity_conflict": null,
    "other_names": null,
    "diameter_in": null,
    "length_km": 77.72,
    "n_vertices": 5,
    "legend_class": "oil_in_service",
    "stroke_rgb": "#00922f",
    "dashed": false,
    "source_map": "me2026",
    "source_file": "../energy-map-of-the-middle-east-2026-peregrine-bush.pdf",
    "source_page": 1,
    "source_title": "Energy Infrastructure Map of the Middle East, 2026 edition",
    "source_publisher": "Petroleum Economist / World Oil / Gulf Energy Information / Global Energy Infrastructure",
    "geometry_source": "stroke",
    "georef_order": 2,
    "georef_source": "map's own coastline vector registered to Natural Earth 10m coastline+lakes by trimmed ICP",
    "georef_insample_rmse_km": 0.97,
    "georef_holdout_layer": "ne_10m_admin_0_countries vs the map's own border strokes",
    "georef_holdout_median_km": 1.45,
    "georef_holdout_rmse_km": 1.6,
    "drawn_feature_offset_median_km": 2.39,
    "accuracy_tier": "medium"
   },
   "geometry": {
    "type": "LineString",
    "coordinates": [
     [
      45.642354,
      16.240433
     ],
     [
      45.647592,
      15.89184
     ],
     [
      45.709201,
      15.937367
     ],
     [
      45.855335,
      15.970926
     ],
     [
      45.833943,
      15.839126
     ]
    ]
   }
  },
  {
   "type": "Feature",
   "properties": {
    "id": "ME2026-0317",
    "commodity": "oil",
    "status_class": "in_service",
    "name": null,
    "name_dist_pt": null,
    "name_ambiguous": null,
    "name_confidence": null,
    "commodity_conflict": null,
    "other_names": null,
    "diameter_in": null,
    "length_km": 17.07,
    "n_vertices": 2,
    "legend_class": "oil_in_service",
    "stroke_rgb": "#00922f",
    "dashed": false,
    "source_map": "me2026",
    "source_file": "../energy-map-of-the-middle-east-2026-peregrine-bush.pdf",
    "source_page": 1,
    "source_title": "Energy Infrastructure Map of the Middle East, 2026 edition",
    "source_publisher": "Petroleum Economist / World Oil / Gulf Energy Information / Global Energy Infrastructure",
    "geometry_source": "stroke",
    "georef_order": 2,
    "georef_source": "map's own coastline vector registered to Natural Earth 10m coastline+lakes by trimmed ICP",
    "georef_insample_rmse_km": 0.97,
    "georef_holdout_layer": "ne_10m_admin_0_countries vs the map's own border strokes",
    "georef_holdout_median_km": 1.45,
    "georef_holdout_rmse_km": 1.6,
    "drawn_feature_offset_median_km": 2.39,
    "accuracy_tier": "medium"
   },
   "geometry": {
    "type": "LineString",
    "coordinates": [
     [
      46.012889,
      15.946963
     ],
     [
      45.855335,
      15.970926
     ]
    ]
   }
  },
  {
   "type": "Feature",
   "properties": {
    "id": "ME2026-0318",
    "commodity": "oil",
    "status_class": "in_service",
    "name": null,
    "name_dist_pt": null,
    "name_ambiguous": null,
    "name_confidence": null,
    "commodity_conflict": null,
    "other_names": null,
    "diameter_in": null,
    "length_km": 54.04,
    "n_vertices": 3,
    "legend_class": "oil_in_service",
    "stroke_rgb": "#00922f",
    "dashed": false,
    "source_map": "me2026",
    "source_file": "../energy-map-of-the-middle-east-2026-peregrine-bush.pdf",
    "source_page": 1,
    "source_title": "Energy Infrastructure Map of the Middle East, 2026 edition",
    "source_publisher": "Petroleum Economist / World Oil / Gulf Energy Information / Global Energy Infrastructure",
    "geometry_source": "stroke",
    "georef_order": 2,
    "georef_source": "map's own coastline vector registered to Natural Earth 10m coastline+lakes by trimmed ICP",
    "georef_insample_rmse_km": 0.97,
    "georef_holdout_layer": "ne_10m_admin_0_countries vs the map's own border strokes",
    "georef_holdout_median_km": 1.45,
    "georef_holdout_rmse_km": 1.6,
    "drawn_feature_offset_median_km": 2.39,
    "accuracy_tier": "medium"
   },
   "geometry": {
    "type": "LineString",
    "coordinates": [
     [
      45.855787,
      15.619301
     ],
     [
      45.647592,
      15.89184
     ],
     [
      45.525269,
      15.982898
     ]
    ]
   }
  },
  {
   "type": "Feature",
   "properties": {
    "id": "ME2026-0319",
    "commodity": "oil",
    "status_class": "in_service",
    "name": null,
    "name_dist_pt": null,
    "name_ambiguous": null,
    "name_confidence": null,
    "commodity_conflict": null,
    "other_names": null,
    "diameter_in": null,
    "length_km": 203.49,
    "n_vertices": 35,
    "legend_class": "oil_in_service",
    "stroke_rgb": "#00922f",
    "dashed": false,
    "source_map": "me2026",
    "source_file": "../energy-map-of-the-middle-east-2026-peregrine-bush.pdf",
    "source_page": 1,
    "source_title": "Energy Infrastructure Map of the Middle East, 2026 edition",
    "source_publisher": "Petroleum Economist / World Oil / Gulf Energy Information / Global Energy Infrastructure",
    "geometry_source": "stroke",
    "georef_order": 2,
    "georef_source": "map's own coastline vector registered to Natural Earth 10m coastline+lakes by trimmed ICP",
    "georef_insample_rmse_km": 0.97,
    "georef_holdout_layer": "ne_10m_admin_0_countries vs the map's own border strokes",
    "georef_holdout_median_km": 1.45,
    "georef_holdout_rmse_km": 1.6,
    "drawn_feature_offset_median_km": 2.39,
    "accuracy_tier": "medium"
   },
   "geometry": {
    "type": "LineString",
    "coordinates": [
     [
      47.879355,
      14.005072
     ],
     [
      47.838642,
      14.054274
     ],
     [
      47.754852,
      14.157346
     ],
     [
      47.700411,
      14.20713
     ],
     [
      47.587497,
      14.269578
     ],
     [
      47.555993,
      14.283884
     ],
     [
      47.517009,
      14.327935
     ],
     [
      47.508421,
      14.336521
     ],
     [
      47.461493,
      14.336524
     ],
     [
      47.412204,
      14.32966
     ],
     [
      47.38758,
      14.337678
     ],
     [
      47.329741,
      14.364573
     ],
     [
      47.309127,
      14.376581
     ],
     [
      47.302234,
      14.392602
     ],
     [
      47.274171,
      14.403474
     ],
     [
      47.266704,
      14.424077
     ],
     [
      47.24207,
      14.439519
     ],
     [
      47.188188,
      14.448675
     ],
     [
      47.133825,
      14.448679
     ],
     [
      47.014832,
      14.362863
     ],
     [
      46.963272,
      14.399489
     ],
     [
      46.961545,
      14.406357
     ],
     [
      46.955217,
      14.433816
     ],
     [
      46.947769,
      14.441252
     ],
     [
      46.915705,
      14.45164
     ],
     [
      46.893353,
      14.470515
     ],
     [
      46.885887,
      14.499123
     ],
     [
      46.857248,
      14.516862
     ],
     [
      46.83196,
      14.534601
     ],
     [
      46.810692,
      14.590668
     ],
     [
      46.808327,
      14.655961
     ],
     [
      46.818528,
      14.729197
     ],
     [
      46.820784,
      14.750949
     ],
     [
      46.78976,
      14.832191
     ],
     [
      46.709955,
      15.035449
     ]
    ]
   }
  },
  {
   "type": "Feature",
   "properties": {
    "id": "ME2026-0320",
    "commodity": "oil",
    "status_class": "in_service",
    "name": "Masila-Ash Shihr Pipeline",
    "name_dist_pt": 34.4,
    "name_ambiguous": false,
    "name_confidence": "medium",
    "commodity_conflict": null,
    "other_names": null,
    "diameter_in": "24",
    "length_km": 208.51,
    "n_vertices": 53,
    "legend_class": "oil_in_service",
    "stroke_rgb": "#00922f",
    "dashed": false,
    "source_map": "me2026",
    "source_file": "../energy-map-of-the-middle-east-2026-peregrine-bush.pdf",
    "source_page": 1,
    "source_title": "Energy Infrastructure Map of the Middle East, 2026 edition",
    "source_publisher": "Petroleum Economist / World Oil / Gulf Energy Information / Global Energy Infrastructure",
    "geometry_source": "stroke",
    "georef_order": 2,
    "georef_source": "map's own coastline vector registered to Natural Earth 10m coastline+lakes by trimmed ICP",
    "georef_insample_rmse_km": 0.97,
    "georef_holdout_layer": "ne_10m_admin_0_countries vs the map's own border strokes",
    "georef_holdout_median_km": 1.45,
    "georef_holdout_rmse_km": 1.6,
    "drawn_feature_offset_median_km": 2.39,
    "accuracy_tier": "medium"
   },
   "geometry": {
    "type": "LineString",
    "coordinates": [
     [
      49.47644,
      14.706038
     ],
     [
      49.507597,
      14.722562
     ],
     [
      49.524121,
      14.734639
     ],
     [
      49.520265,
      14.7499
     ],
     [
      49.520242,
      14.76707
     ],
     [
      49.522121,
      14.800128
     ],
     [
      49.516986,
      14.840382
     ],
     [
      49.505448,
      14.900141
     ],
     [
      49.505416,
      14.924942
     ],
     [
      49.501556,
      14.95227
     ],
     [
      49.488146,
      14.992332
     ],
     [
      49.492591,
      15.007579
     ],
     [
      49.487477,
      15.022839
     ],
     [
      49.47411,
      15.029843
     ],
     [
      49.458848,
      15.024755
     ],
     [
      49.446119,
      15.024757
     ],
     [
      49.422591,
      15.02158
     ],
     [
      49.404158,
      15.016504
     ],
     [
      49.381898,
      15.005698
     ],
     [
      49.356894,
      15.001881
     ],
     [
      49.345434,
      15.013333
     ],
     [
      49.340323,
      15.026043
     ],
     [
      49.323142,
      15.035791
     ],
     [
      49.311027,
      15.047873
     ],
     [
      49.31101,
      15.061222
     ],
     [
      49.312887,
      15.07838
     ],
     [
      49.318604,
      15.09237
     ],
     [
      49.324952,
      15.104678
     ],
     [
      49.321735,
      15.131148
     ],
     [
      49.301988,
      15.15086
     ],
     [
      49.287347,
      15.161672
     ],
     [
      49.266345,
      15.169934
     ],
     [
      49.247259,
      15.174387
     ],
     [
      49.227531,
      15.179481
     ],
     [
      49.206529,
      15.188383
     ],
     [
      49.201416,
      15.203003
     ],
     [
      49.196941,
      15.220803
     ],
     [
      49.175707,
      15.25852
     ],
     [
      49.162321,
      15.281412
     ],
     [
      49.155295,
      15.297943
     ],
     [
      49.148276,
      15.317654
     ],
     [
      49.143132,
      15.357703
     ],
     [
      49.143102,
      15.381222
     ],
     [
      49.133522,
      15.407934
     ],
     [
      49.129019,
      15.447548
     ],
     [
      49.130897,
      15.474247
     ],
     [
      49.130868,
      15.497137
     ],
     [
      49.124467,
      15.527017
     ],
     [
      49.112357,
      15.555628
     ],
     [
      49.110425,
      15.571518
     ],
     [
      49.08798,
      15.758101
     ],
     [
      48.805521,
      15.896495
     ],
     [
      48.85321,
      16.11872
     ]
    ]
   }
  },
  {
   "type": "Feature",
   "properties": {
    "id": "ME2026-0321",
    "commodity": "oil",
    "status_class": "in_service",
    "name": null,
    "name_dist_pt": null,
    "name_ambiguous": null,
    "name_confidence": null,
    "commodity_conflict": null,
    "other_names": null,
    "diameter_in": null,
    "length_km": 29.75,
    "n_vertices": 6,
    "legend_class": "oil_in_service",
    "stroke_rgb": "#00922f",
    "dashed": false,
    "source_map": "me2026",
    "source_file": "../energy-map-of-the-middle-east-2026-peregrine-bush.pdf",
    "source_page": 1,
    "source_title": "Energy Infrastructure Map of the Middle East, 2026 edition",
    "source_publisher": "Petroleum Economist / World Oil / Gulf Energy Information / Global Energy Infrastructure",
    "geometry_source": "stroke",
    "georef_order": 2,
    "georef_source": "map's own coastline vector registered to Natural Earth 10m coastline+lakes by trimmed ICP",
    "georef_insample_rmse_km": 0.97,
    "georef_holdout_layer": "ne_10m_admin_0_countries vs the map's own border strokes",
    "georef_holdout_median_km": 1.45,
    "georef_holdout_rmse_km": 1.6,
    "drawn_feature_offset_median_km": 2.39,
    "accuracy_tier": "medium"
   },
   "geometry": {
    "type": "LineString",
    "coordinates": [
     [
      55.327071,
      18.08816
     ],
     [
      55.269434,
      18.083079
     ],
     [
      55.246846,
      18.083088
     ],
     [
      55.168315,
      18.066368
     ],
     [
      55.093886,
      18.098446
     ],
     [
      55.064689,
      18.122489
     ]
    ]
   }
  },
  {
   "type": "Feature",
   "properties": {
    "id": "ME2026-0322",
    "commodity": "oil",
    "status_class": "in_service",
    "name": null,
    "name_dist_pt": null,
    "name_ambiguous": null,
    "name_confidence": null,
    "commodity_conflict": null,
    "other_names": null,
    "diameter_in": null,
    "length_km": 12.15,
    "n_vertices": 2,
    "legend_class": "oil_in_service",
    "stroke_rgb": "#00922f",
    "dashed": false,
    "source_map": "me2026",
    "source_file": "../energy-map-of-the-middle-east-2026-peregrine-bush.pdf",
    "source_page": 1,
    "source_title": "Energy Infrastructure Map of the Middle East, 2026 edition",
    "source_publisher": "Petroleum Economist / World Oil / Gulf Energy Information / Global Energy Infrastructure",
    "geometry_source": "stroke",
    "georef_order": 2,
    "georef_source": "map's own coastline vector registered to Natural Earth 10m coastline+lakes by trimmed ICP",
    "georef_insample_rmse_km": 0.97,
    "georef_holdout_layer": "ne_10m_admin_0_countries vs the map's own border strokes",
    "georef_holdout_median_km": 1.45,
    "georef_holdout_rmse_km": 1.6,
    "drawn_feature_offset_median_km": 2.39,
    "accuracy_tier": "medium"
   },
   "geometry": {
    "type": "LineString",
    "coordinates": [
     [
      55.248984,
      18.190243
     ],
     [
      55.262193,
      18.081219
     ]
    ]
   }
  },
  {
   "type": "Feature",
   "properties": {
    "id": "ME2026-0323",
    "commodity": "oil",
    "status_class": "in_service",
    "name": "Southern Oman Gas Line (SOGL)",
    "name_dist_pt": 14.8,
    "name_ambiguous": true,
    "name_confidence": "low",
    "commodity_conflict": true,
    "other_names": null,
    "diameter_in": null,
    "length_km": 109.33,
    "n_vertices": 21,
    "legend_class": "oil_in_service",
    "stroke_rgb": "#00922f",
    "dashed": false,
    "source_map": "me2026",
    "source_file": "../energy-map-of-the-middle-east-2026-peregrine-bush.pdf",
    "source_page": 1,
    "source_title": "Energy Infrastructure Map of the Middle East, 2026 edition",
    "source_publisher": "Petroleum Economist / World Oil / Gulf Energy Information / Global Energy Infrastructure",
    "geometry_source": "stroke",
    "georef_order": 2,
    "georef_source": "map's own coastline vector registered to Natural Earth 10m coastline+lakes by trimmed ICP",
    "georef_insample_rmse_km": 0.97,
    "georef_holdout_layer": "ne_10m_admin_0_countries vs the map's own border strokes",
    "georef_holdout_median_km": 1.45,
    "georef_holdout_rmse_km": 1.6,
    "drawn_feature_offset_median_km": 2.39,
    "accuracy_tier": "medium"
   },
   "geometry": {
    "type": "LineString",
    "coordinates": [
     [
      55.516729,
      18.748821
     ],
     [
      55.431431,
      18.687909
     ],
     [
      55.340545,
      18.603452
     ],
     [
      55.289524,
      18.563644
     ],
     [
      55.23194,
      18.50612
     ],
     [
      55.188222,
      18.453695
     ],
     [
      55.160013,
      18.439145
     ],
     [
      55.141781,
      18.42823
     ],
     [
      55.125767,
      18.401278
     ],
     [
      55.117744,
      18.393274
     ],
     [
      55.105363,
      18.380894
     ],
     [
      55.229223,
      18.257253
     ],
     [
      55.243102,
      18.243412
     ],
     [
      55.254036,
      18.232487
     ],
     [
      55.273012,
      18.236845
     ],
     [
      55.304373,
      18.233918
     ],
     [
      55.310943,
      18.22736
     ],
     [
      55.403403,
      18.174157
     ],
     [
      55.409965,
      18.163233
     ],
     [
      55.441329,
      18.170501
     ],
     [
      55.478525,
      18.172675
     ]
    ]
   }
  },
  {
   "type": "Feature",
   "properties": {
    "id": "ME2026-0324",
    "commodity": "oil",
    "status_class": "in_service",
    "name": null,
    "name_dist_pt": null,
    "name_ambiguous": null,
    "name_confidence": null,
    "commodity_conflict": null,
    "other_names": null,
    "diameter_in": null,
    "length_km": 17.43,
    "n_vertices": 9,
    "legend_class": "oil_in_service",
    "stroke_rgb": "#00922f",
    "dashed": false,
    "source_map": "me2026",
    "source_file": "../energy-map-of-the-middle-east-2026-peregrine-bush.pdf",
    "source_page": 1,
    "source_title": "Energy Infrastructure Map of the Middle East, 2026 edition",
    "source_publisher": "Petroleum Economist / World Oil / Gulf Energy Information / Global Energy Infrastructure",
    "geometry_source": "stroke",
    "georef_order": 2,
    "georef_source": "map's own coastline vector registered to Natural Earth 10m coastline+lakes by trimmed ICP",
    "georef_insample_rmse_km": 0.97,
    "georef_holdout_layer": "ne_10m_admin_0_countries vs the map's own border strokes",
    "georef_holdout_median_km": 1.45,
    "georef_holdout_rmse_km": 1.6,
    "drawn_feature_offset_median_km": 2.39,
    "accuracy_tier": "medium"
   },
   "geometry": {
    "type": "LineString",
    "coordinates": [
     [
      55.022311,
      18.251504
     ],
     [
      55.049264,
      18.290099
     ],
     [
      55.052166,
      18.311226
     ],
     [
      55.052159,
      18.319003
     ],
     [
      55.059451,
      18.332848
     ],
     [
      55.069649,
      18.348132
     ],
     [
      55.079834,
      18.363428
     ],
     [
      55.09734,
      18.372891
     ],
     [
      55.105363,
      18.380894
     ]
    ]
   }
  },
  {
   "type": "Feature",
   "properties": {
    "id": "ME2026-0325",
    "commodity": "oil",
    "status_class": "in_service",
    "name": null,
    "name_dist_pt": null,
    "name_ambiguous": null,
    "name_confidence": null,
    "commodity_conflict": null,
    "other_names": null,
    "diameter_in": null,
    "length_km": 45.23,
    "n_vertices": 11,
    "legend_class": "oil_in_service",
    "stroke_rgb": "#00922f",
    "dashed": false,
    "source_map": "me2026",
    "source_file": "../energy-map-of-the-middle-east-2026-peregrine-bush.pdf",
    "source_page": 1,
    "source_title": "Energy Infrastructure Map of the Middle East, 2026 edition",
    "source_publisher": "Petroleum Economist / World Oil / Gulf Energy Information / Global Energy Infrastructure",
    "geometry_source": "stroke",
    "georef_order": 2,
    "georef_source": "map's own coastline vector registered to Natural Earth 10m coastline+lakes by trimmed ICP",
    "georef_insample_rmse_km": 0.97,
    "georef_holdout_layer": "ne_10m_admin_0_countries vs the map's own border strokes",
    "georef_holdout_median_km": 1.45,
    "georef_holdout_rmse_km": 1.6,
    "drawn_feature_offset_median_km": 2.39,
    "accuracy_tier": "medium"
   },
   "geometry": {
    "type": "LineString",
    "coordinates": [
     [
      55.873492,
      18.57554
     ],
     [
      55.877518,
      18.539871
     ],
     [
      55.828687,
      18.480398
     ],
     [
      55.803155,
      18.477494
     ],
     [
      55.75943,
      18.427247
     ],
     [
      55.707166,
      18.392315
     ],
     [
      55.687494,
      18.36245
     ],
     [
      55.672184,
      18.347168
     ],
     [
      55.654691,
      18.319491
     ],
     [
      55.651807,
      18.291324
     ],
     [
      55.662041,
      18.263636
     ]
    ]
   }
  },
  {
   "type": "Feature",
   "properties": {
    "id": "ME2026-0326",
    "commodity": "oil",
    "status_class": "in_service",
    "name": null,
    "name_dist_pt": null,
    "name_ambiguous": null,
    "name_confidence": null,
    "commodity_conflict": null,
    "other_names": null,
    "diameter_in": null,
    "length_km": 52.89,
    "n_vertices": 14,
    "legend_class": "oil_in_service",
    "stroke_rgb": "#00922f",
    "dashed": false,
    "source_map": "me2026",
    "source_file": "../energy-map-of-the-middle-east-2026-peregrine-bush.pdf",
    "source_page": 1,
    "source_title": "Energy Infrastructure Map of the Middle East, 2026 edition",
    "source_publisher": "Petroleum Economist / World Oil / Gulf Energy Information / Global Energy Infrastructure",
    "geometry_source": "stroke",
    "georef_order": 2,
    "georef_source": "map's own coastline vector registered to Natural Earth 10m coastline+lakes by trimmed ICP",
    "georef_insample_rmse_km": 0.97,
    "georef_holdout_layer": "ne_10m_admin_0_countries vs the map's own border strokes",
    "georef_holdout_median_km": 1.45,
    "georef_holdout_rmse_km": 1.6,
    "drawn_feature_offset_median_km": 2.39,
    "accuracy_tier": "medium"
   },
   "geometry": {
    "type": "LineString",
    "coordinates": [
     [
      55.887129,
      18.37913
     ],
     [
      55.924325,
      18.384218
     ],
     [
      55.986755,
      18.479594
     ],
     [
      55.999848,
      18.528161
     ],
     [
      55.917683,
      18.57395
     ],
     [
      55.898097,
      18.588024
     ],
     [
      55.902278,
      18.601036
     ],
     [
      55.908818,
      18.61851
     ],
     [
      55.910999,
      18.633809
     ],
     [
      55.908791,
      18.654214
     ],
     [
      55.905126,
      18.678973
     ],
     [
      55.900004,
      18.707882
     ],
     [
      55.908002,
      18.719538
     ],
     [
      55.934981,
      18.732625
     ]
    ]
   }
  },
  {
   "type": "Feature",
   "properties": {
    "id": "ME2026-0327",
    "commodity": "oil",
    "status_class": "in_service",
    "name": null,
    "name_dist_pt": null,
    "name_ambiguous": null,
    "name_confidence": null,
    "commodity_conflict": null,
    "other_names": null,
    "diameter_in": null,
    "length_km": 19.82,
    "n_vertices": 3,
    "legend_class": "oil_in_service",
    "stroke_rgb": "#00922f",
    "dashed": false,
    "source_map": "me2026",
    "source_file": "../energy-map-of-the-middle-east-2026-peregrine-bush.pdf",
    "source_page": 1,
    "source_title": "Energy Infrastructure Map of the Middle East, 2026 edition",
    "source_publisher": "Petroleum Economist / World Oil / Gulf Energy Information / Global Energy Infrastructure",
    "geometry_source": "stroke",
    "georef_order": 2,
    "georef_source": "map's own coastline vector registered to Natural Earth 10m coastline+lakes by trimmed ICP",
    "georef_insample_rmse_km": 0.97,
    "georef_holdout_layer": "ne_10m_admin_0_countries vs the map's own border strokes",
    "georef_holdout_median_km": 1.45,
    "georef_holdout_rmse_km": 1.6,
    "drawn_feature_offset_median_km": 2.39,
    "accuracy_tier": "medium"
   },
   "geometry": {
    "type": "LineString",
    "coordinates": [
     [
      56.075589,
      18.678176
     ],
     [
      56.064742,
      18.573295
     ],
     [
      56.002027,
      18.530349
     ]
    ]
   }
  },
  {
   "type": "Feature",
   "properties": {
    "id": "ME2026-0328",
    "commodity": "oil",
    "status_class": "in_service",
    "name": null,
    "name_dist_pt": null,
    "name_ambiguous": null,
    "name_confidence": null,
    "commodity_conflict": null,
    "other_names": null,
    "diameter_in": null,
    "length_km": 10.61,
    "n_vertices": 2,
    "legend_class": "oil_in_service",
    "stroke_rgb": "#00922f",
    "dashed": false,
    "source_map": "me2026",
    "source_file": "../energy-map-of-the-middle-east-2026-peregrine-bush.pdf",
    "source_page": 1,
    "source_title": "Energy Infrastructure Map of the Middle East, 2026 edition",
    "source_publisher": "Petroleum Economist / World Oil / Gulf Energy Information / Global Energy Infrastructure",
    "geometry_source": "stroke",
    "georef_order": 2,
    "georef_source": "map's own coastline vector registered to Natural Earth 10m coastline+lakes by trimmed ICP",
    "georef_insample_rmse_km": 0.97,
    "georef_holdout_layer": "ne_10m_admin_0_countries vs the map's own border strokes",
    "georef_holdout_median_km": 1.45,
    "georef_holdout_rmse_km": 1.6,
    "drawn_feature_offset_median_km": 2.39,
    "accuracy_tier": "medium"
   },
   "geometry": {
    "type": "LineString",
    "coordinates": [
     [
      56.162982,
      18.593645
     ],
     [
      56.064742,
      18.573295
     ]
    ]
   }
  },
  {
   "type": "Feature",
   "properties": {
    "id": "ME2026-0329",
    "commodity": "oil",
    "status_class": "in_service",
    "name": null,
    "name_dist_pt": null,
    "name_ambiguous": null,
    "name_confidence": null,
    "commodity_conflict": null,
    "other_names": null,
    "diameter_in": null,
    "length_km": 52.16,
    "n_vertices": 7,
    "legend_class": "oil_in_service",
    "stroke_rgb": "#00922f",
    "dashed": false,
    "source_map": "me2026",
    "source_file": "../energy-map-of-the-middle-east-2026-peregrine-bush.pdf",
    "source_page": 1,
    "source_title": "Energy Infrastructure Map of the Middle East, 2026 edition",
    "source_publisher": "Petroleum Economist / World Oil / Gulf Energy Information / Global Energy Infrastructure",
    "geometry_source": "stroke",
    "georef_order": 2,
    "georef_source": "map's own coastline vector registered to Natural Earth 10m coastline+lakes by trimmed ICP",
    "georef_insample_rmse_km": 0.97,
    "georef_holdout_layer": "ne_10m_admin_0_countries vs the map's own border strokes",
    "georef_holdout_median_km": 1.45,
    "georef_holdout_rmse_km": 1.6,
    "drawn_feature_offset_median_km": 2.39,
    "accuracy_tier": "medium"
   },
   "geometry": {
    "type": "LineString",
    "coordinates": [
     [
      56.479749,
      19.06649
     ],
     [
      56.438189,
      19.024986
     ],
     [
      56.405422,
      18.954353
     ],
     [
      56.352205,
      18.901207
     ],
     [
      56.328369,
      18.877415
     ],
     [
      56.19275,
      18.780593
     ],
     [
      56.122222,
      18.764598
     ]
    ]
   }
  },
  {
   "type": "Feature",
   "properties": {
    "id": "ME2026-0330",
    "commodity": "oil",
    "status_class": "in_service",
    "name": null,
    "name_dist_pt": null,
    "name_ambiguous": null,
    "name_confidence": null,
    "commodity_conflict": null,
    "other_names": null,
    "diameter_in": null,
    "length_km": 32.45,
    "n_vertices": 3,
    "legend_class": "oil_in_service",
    "stroke_rgb": "#00922f",
    "dashed": false,
    "source_map": "me2026",
    "source_file": "../energy-map-of-the-middle-east-2026-peregrine-bush.pdf",
    "source_page": 1,
    "source_title": "Energy Infrastructure Map of the Middle East, 2026 edition",
    "source_publisher": "Petroleum Economist / World Oil / Gulf Energy Information / Global Energy Infrastructure",
    "geometry_source": "stroke",
    "georef_order": 2,
    "georef_source": "map's own coastline vector registered to Natural Earth 10m coastline+lakes by trimmed ICP",
    "georef_insample_rmse_km": 0.97,
    "georef_holdout_layer": "ne_10m_admin_0_countries vs the map's own border strokes",
    "georef_holdout_median_km": 1.45,
    "georef_holdout_rmse_km": 1.6,
    "drawn_feature_offset_median_km": 2.39,
    "accuracy_tier": "medium"
   },
   "geometry": {
    "type": "LineString",
    "coordinates": [
     [
      56.341746,
      18.890762
     ],
     [
      56.310086,
      18.930362
     ],
     [
      56.17116,
      19.13479
     ]
    ]
   }
  },
  {
   "type": "Feature",
   "properties": {
    "id": "ME2026-0331",
    "commodity": "oil",
    "status_class": "in_service",
    "name": null,
    "name_dist_pt": null,
    "name_ambiguous": null,
    "name_confidence": null,
    "commodity_conflict": null,
    "other_names": null,
    "diameter_in": null,
    "length_km": 55.67,
    "n_vertices": 7,
    "legend_class": "oil_in_service",
    "stroke_rgb": "#00922f",
    "dashed": false,
    "source_map": "me2026",
    "source_file": "../energy-map-of-the-middle-east-2026-peregrine-bush.pdf",
    "source_page": 1,
    "source_title": "Energy Infrastructure Map of the Middle East, 2026 edition",
    "source_publisher": "Petroleum Economist / World Oil / Gulf Energy Information / Global Energy Infrastructure",
    "geometry_source": "stroke",
    "georef_order": 2,
    "georef_source": "map's own coastline vector registered to Natural Earth 10m coastline+lakes by trimmed ICP",
    "georef_insample_rmse_km": 0.97,
    "georef_holdout_layer": "ne_10m_admin_0_countries vs the map's own border strokes",
    "georef_holdout_median_km": 1.45,
    "georef_holdout_rmse_km": 1.6,
    "drawn_feature_offset_median_km": 2.39,
    "accuracy_tier": "medium"
   },
   "geometry": {
    "type": "LineString",
    "coordinates": [
     [
      56.475889,
      19.35958
     ],
     [
      56.443797,
      19.359594
     ],
     [
      56.298165,
      19.292638
     ],
     [
      56.196028,
      19.295596
     ],
     [
      56.048876,
      19.317513
     ],
     [
      56.042285,
      19.35466
     ],
     [
      56.035691,
      19.396911
     ]
    ]
   }
  },
  {
   "type": "Feature",
   "properties": {
    "id": "ME2026-0332",
    "commodity": "oil",
    "status_class": "in_service",
    "name": null,
    "name_dist_pt": null,
    "name_ambiguous": null,
    "name_confidence": null,
    "commodity_conflict": null,
    "other_names": null,
    "diameter_in": null,
    "length_km": 66.42,
    "n_vertices": 3,
    "legend_class": "oil_in_service",
    "stroke_rgb": "#00922f",
    "dashed": false,
    "source_map": "me2026",
    "source_file": "../energy-map-of-the-middle-east-2026-peregrine-bush.pdf",
    "source_page": 1,
    "source_title": "Energy Infrastructure Map of the Middle East, 2026 edition",
    "source_publisher": "Petroleum Economist / World Oil / Gulf Energy Information / Global Energy Infrastructure",
    "geometry_source": "stroke",
    "georef_order": 2,
    "georef_source": "map's own coastline vector registered to Natural Earth 10m coastline+lakes by trimmed ICP",
    "georef_insample_rmse_km": 0.97,
    "georef_holdout_layer": "ne_10m_admin_0_countries vs the map's own border strokes",
    "georef_holdout_median_km": 1.45,
    "georef_holdout_rmse_km": 1.6,
    "drawn_feature_offset_median_km": 2.39,
    "accuracy_tier": "medium"
   },
   "geometry": {
    "type": "LineString",
    "coordinates": [
     [
      36.76568,
      32.229917
     ],
     [
      36.558527,
      32.186706
     ],
     [
      36.092204,
      32.05653
     ]
    ]
   }
  },
  {
   "type": "Feature",
   "properties": {
    "id": "ME2026-0333",
    "commodity": "oil",
    "status_class": "in_service",
    "name": null,
    "name_dist_pt": null,
    "name_ambiguous": null,
    "name_confidence": null,
    "commodity_conflict": null,
    "other_names": null,
    "diameter_in": null,
    "length_km": 78.78,
    "n_vertices": 6,
    "legend_class": "oil_in_service",
    "stroke_rgb": "#00922f",
    "dashed": false,
    "source_map": "me2026",
    "source_file": "../energy-map-of-the-middle-east-2026-peregrine-bush.pdf",
    "source_page": 1,
    "source_title": "Energy Infrastructure Map of the Middle East, 2026 edition",
    "source_publisher": "Petroleum Economist / World Oil / Gulf Energy Information / Global Energy Infrastructure",
    "geometry_source": "stroke",
    "georef_order": 2,
    "georef_source": "map's own coastline vector registered to Natural Earth 10m coastline+lakes by trimmed ICP",
    "georef_insample_rmse_km": 0.97,
    "georef_holdout_layer": "ne_10m_admin_0_countries vs the map's own border strokes",
    "georef_holdout_median_km": 1.45,
    "georef_holdout_rmse_km": 1.6,
    "drawn_feature_offset_median_km": 2.39,
    "accuracy_tier": "medium"
   },
   "geometry": {
    "type": "LineString",
    "coordinates": [
     [
      49.042667,
      15.557452
     ],
     [
      49.075499,
      15.764222
     ],
     [
      49.195163,
      15.817363
     ],
     [
      49.204606,
      15.941972
     ],
     [
      49.197264,
      16.061166
     ],
     [
      49.087522,
      16.13787
     ]
    ]
   }
  },
  {
   "type": "Feature",
   "properties": {
    "id": "ME2026-0334",
    "commodity": "oil",
    "status_class": "in_service",
    "name": null,
    "name_dist_pt": null,
    "name_ambiguous": null,
    "name_confidence": null,
    "commodity_conflict": null,
    "other_names": null,
    "diameter_in": null,
    "length_km": 40.93,
    "n_vertices": 4,
    "legend_class": "oil_in_service",
    "stroke_rgb": "#00922f",
    "dashed": false,
    "source_map": "me2026",
    "source_file": "../energy-map-of-the-middle-east-2026-peregrine-bush.pdf",
    "source_page": 1,
    "source_title": "Energy Infrastructure Map of the Middle East, 2026 edition",
    "source_publisher": "Petroleum Economist / World Oil / Gulf Energy Information / Global Energy Infrastructure",
    "geometry_source": "stroke",
    "georef_order": 2,
    "georef_source": "map's own coastline vector registered to Natural Earth 10m coastline+lakes by trimmed ICP",
    "georef_insample_rmse_km": 0.97,
    "georef_holdout_layer": "ne_10m_admin_0_countries vs the map's own border strokes",
    "georef_holdout_median_km": 1.45,
    "georef_holdout_rmse_km": 1.6,
    "drawn_feature_offset_median_km": 2.39,
    "accuracy_tier": "medium"
   },
   "geometry": {
    "type": "LineString",
    "coordinates": [
     [
      48.927973,
      15.753333
     ],
     [
      49.032862,
      15.726959
     ],
     [
      49.054266,
      15.774624
     ],
     [
      49.054128,
      15.987531
     ]
    ]
   }
  },
  {
   "type": "Feature",
   "properties": {
    "id": "ME2026-0335",
    "commodity": "oil",
    "status_class": "in_service",
    "name": null,
    "name_dist_pt": null,
    "name_ambiguous": null,
    "name_confidence": null,
    "commodity_conflict": null,
    "other_names": null,
    "diameter_in": null,
    "length_km": 15.07,
    "n_vertices": 2,
    "legend_class": "oil_in_service",
    "stroke_rgb": "#00922f",
    "dashed": false,
    "source_map": "me2026",
    "source_file": "../energy-map-of-the-middle-east-2026-peregrine-bush.pdf",
    "source_page": 1,
    "source_title": "Energy Infrastructure Map of the Middle East, 2026 edition",
    "source_publisher": "Petroleum Economist / World Oil / Gulf Energy Information / Global Energy Infrastructure",
    "geometry_source": "stroke",
    "georef_order": 2,
    "georef_source": "map's own coastline vector registered to Natural Earth 10m coastline+lakes by trimmed ICP",
    "georef_insample_rmse_km": 0.97,
    "georef_holdout_layer": "ne_10m_admin_0_countries vs the map's own border strokes",
    "georef_holdout_median_km": 1.45,
    "georef_holdout_rmse_km": 1.6,
    "drawn_feature_offset_median_km": 2.39,
    "accuracy_tier": "medium"
   },
   "geometry": {
    "type": "LineString",
    "coordinates": [
     [
      49.327099,
      15.770052
     ],
     [
      49.195163,
      15.817363
     ]
    ]
   }
  },
  {
   "type": "Feature",
   "properties": {
    "id": "ME2026-0336",
    "commodity": "oil",
    "status_class": "in_service",
    "name": null,
    "name_dist_pt": null,
    "name_ambiguous": null,
    "name_confidence": null,
    "commodity_conflict": null,
    "other_names": null,
    "diameter_in": "42",
    "length_km": 259.5,
    "n_vertices": 82,
    "legend_class": "oil_in_service",
    "stroke_rgb": "#00922f",
    "dashed": false,
    "source_map": "me2026",
    "source_file": "../energy-map-of-the-middle-east-2026-peregrine-bush.pdf",
    "source_page": 1,
    "source_title": "Energy Infrastructure Map of the Middle East, 2026 edition",
    "source_publisher": "Petroleum Economist / World Oil / Gulf Energy Information / Global Energy Infrastructure",
    "geometry_source": "stroke",
    "georef_order": 2,
    "georef_source": "map's own coastline vector registered to Natural Earth 10m coastline+lakes by trimmed ICP",
    "georef_insample_rmse_km": 0.97,
    "georef_holdout_layer": "ne_10m_admin_0_countries vs the map's own border strokes",
    "georef_holdout_median_km": 1.45,
    "georef_holdout_rmse_km": 1.6,
    "drawn_feature_offset_median_km": 2.39,
    "accuracy_tier": "medium"
   },
   "geometry": {
    "type": "LineString",
    "coordinates": [
     [
      34.950207,
      29.555728
     ],
     [
      34.935288,
      29.570367
     ],
     [
      34.94787,
      29.593772
     ],
     [
      34.964799,
      29.61741
     ],
     [
      34.974015,
      29.648881
     ],
     [
      34.980106,
      29.689907
     ],
     [
      34.997269,
      29.742107
     ],
     [
      35.012212,
      29.797003
     ],
     [
      35.0183,
      29.821396
     ],
     [
      35.020526,
      29.846898
     ],
     [
      35.033245,
      29.883502
     ],
     [
      35.034359,
      29.899447
     ],
     [
      35.034364,
      29.926739
     ],
     [
      35.027175,
      29.958417
     ],
     [
      35.016678,
      29.99112
     ],
     [
      34.997319,
      30.013837
     ],
     [
      34.980173,
      30.05873
     ],
     [
      34.982956,
      30.089774
     ],
     [
      34.985176,
      30.143634
     ],
     [
      34.985186,
      30.190753
     ],
     [
      34.985198,
      30.2412
     ],
     [
      34.977455,
      30.27335
     ],
     [
      34.964736,
      30.297741
     ],
     [
      34.934864,
      30.327649
     ],
     [
      34.93045,
      30.346022
     ],
     [
      34.924375,
      30.38704
     ],
     [
      34.918289,
      30.430284
     ],
     [
      34.90835,
      30.463533
     ],
     [
      34.913886,
      30.491265
     ],
     [
      34.917764,
      30.504563
     ],
     [
      34.914447,
      30.51407
     ],
     [
      34.895631,
      30.532904
     ],
     [
      34.876844,
      30.56726
     ],
     [
      34.861902,
      30.582225
     ],
     [
      34.843026,
      30.601132
     ],
     [
      34.8209,
      30.60881
     ],
     [
      34.796551,
      30.608792
     ],
     [
      34.786054,
      30.630391
     ],
     [
      34.792697,
      30.642046
     ],
     [
      34.792132,
      30.652582
     ],
     [
      34.787162,
      30.666431
     ],
     [
      34.765582,
      30.683605
     ],
     [
      34.766697,
      30.698571
     ],
     [
      34.765046,
      30.70918
     ],
     [
      34.748996,
      30.731899
     ],
     [
      34.750679,
      30.748535
     ],
     [
      34.752337,
      30.763501
     ],
     [
      34.747369,
      30.782902
     ],
     [
      34.740182,
      30.811169
     ],
     [
      34.740188,
      30.83003
     ],
     [
      34.745167,
      30.850539
     ],
     [
      34.761771,
      30.867186
     ],
     [
      34.768968,
      30.87439
     ],
     [
      34.772291,
      30.884941
     ],
     [
      34.768418,
      30.89158
     ],
     [
      34.761227,
      30.903854
     ],
     [
      34.761231,
      30.917706
     ],
     [
      34.769542,
      30.936016
     ],
     [
      34.769545,
      30.947098
     ],
     [
      34.761244,
      30.961512
     ],
     [
      34.757374,
      30.979245
     ],
     [
      34.760701,
      31.001979
     ],
     [
      34.778974,
      31.026394
     ],
     [
      34.819366,
      31.060238
     ],
     [
      34.822133,
      31.068564
     ],
     [
      34.813848,
      31.093576
     ],
     [
      34.790074,
      31.120174
     ],
     [
      34.787859,
      31.140678
     ],
     [
      34.790097,
      31.190027
     ],
     [
      34.806692,
      31.213885
     ],
     [
      34.814449,
      31.233296
     ],
     [
      34.807273,
      31.289909
     ],
     [
      34.775745,
      31.301524
     ],
     [
      34.734824,
      31.346957
     ],
     [
      34.642942,
      31.443914
     ],
     [
      34.618456,
      31.529357
     ],
     [
      34.587658,
      31.555393
     ],
     [
      34.582134,
      31.568987
     ],
     [
      34.571834,
      31.593272
     ],
     [
      34.569426,
      31.60907
     ],
     [
      34.55487,
      31.618181
     ],
     [
      34.523733,
      31.638809
     ]
    ]
   }
  },
  {
   "type": "Feature",
   "properties": {
    "id": "ME2026-0337",
    "commodity": "oil",
    "status_class": "in_service",
    "name": "Nitzana Export Route",
    "name_dist_pt": 3.6,
    "name_ambiguous": false,
    "name_confidence": "high",
    "commodity_conflict": null,
    "other_names": null,
    "diameter_in": null,
    "length_km": 276.86,
    "n_vertices": 78,
    "legend_class": "oil_in_service",
    "stroke_rgb": "#00922f",
    "dashed": false,
    "source_map": "me2026",
    "source_file": "../energy-map-of-the-middle-east-2026-peregrine-bush.pdf",
    "source_page": 1,
    "source_title": "Energy Infrastructure Map of the Middle East, 2026 edition",
    "source_publisher": "Petroleum Economist / World Oil / Gulf Energy Information / Global Energy Infrastructure",
    "geometry_source": "stroke",
    "georef_order": 2,
    "georef_source": "map's own coastline vector registered to Natural Earth 10m coastline+lakes by trimmed ICP",
    "georef_insample_rmse_km": 0.97,
    "georef_holdout_layer": "ne_10m_admin_0_countries vs the map's own border strokes",
    "georef_holdout_median_km": 1.45,
    "georef_holdout_rmse_km": 1.6,
    "drawn_feature_offset_median_km": 2.39,
    "accuracy_tier": "medium"
   },
   "geometry": {
    "type": "LineString",
    "coordinates": [
     [
      34.794355,
      31.772809
     ],
     [
      34.783854,
      31.745689
     ],
     [
      34.757166,
      31.725017
     ],
     [
      34.660393,
      31.68606
     ],
     [
      34.660384,
      31.663824
     ],
     [
      34.662201,
      31.64742
     ],
     [
      34.662195,
      31.632224
     ],
     [
      34.655508,
      31.602458
     ],
     [
      34.640344,
      31.566599
     ],
     [
      34.630908,
      31.546848
     ],
     [
      34.659315,
      31.452129
     ],
     [
      34.747372,
      31.360226
     ],
     [
      34.786265,
      31.317138
     ],
     [
      34.824939,
      31.30248
     ],
     [
      34.834536,
      31.230032
     ],
     [
      34.823312,
      31.203868
     ],
     [
      34.810255,
      31.1823
     ],
     [
      34.807271,
      31.140317
     ],
     [
      34.811154,
      31.126105
     ],
     [
      34.830148,
      31.101585
     ],
     [
      34.841811,
      31.068808
     ],
     [
      34.834706,
      31.047704
     ],
     [
      34.793493,
      31.013956
     ],
     [
      34.779761,
      30.993985
     ],
     [
      34.777921,
      30.97747
     ],
     [
      34.781586,
      30.964177
     ],
     [
      34.788897,
      30.948806
     ],
     [
      34.787974,
      30.929316
     ],
     [
      34.781571,
      30.914406
     ],
     [
      34.78385,
      30.905226
     ],
     [
      34.791172,
      30.886903
     ],
     [
      34.786349,
      30.865559
     ],
     [
      34.763466,
      30.841008
     ],
     [
      34.760467,
      30.825641
     ],
     [
      34.761392,
      30.809818
     ],
     [
      34.771894,
      30.764641
     ],
     [
      34.769846,
      30.736197
     ],
     [
      34.783324,
      30.714867
     ],
     [
      34.78722,
      30.70022
     ],
     [
      34.789969,
      30.688983
     ],
     [
      34.804379,
      30.675686
     ],
     [
      34.811931,
      30.654363
     ],
     [
      34.811697,
      30.638757
     ],
     [
      34.806661,
      30.629124
     ],
     [
      34.811923,
      30.624313
     ],
     [
      34.825203,
      30.626391
     ],
     [
      34.853811,
      30.615633
     ],
     [
      34.89382,
      30.576902
     ],
     [
      34.910978,
      30.543876
     ],
     [
      34.929963,
      30.52555
     ],
     [
      34.937068,
      30.504916
     ],
     [
      34.932029,
      30.486802
     ],
     [
      34.928366,
      30.463633
     ],
     [
      34.936821,
      30.433129
     ],
     [
      34.943449,
      30.387042
     ],
     [
      34.948704,
      30.348285
     ],
     [
      34.954422,
      30.333845
     ],
     [
      34.980058,
      30.30841
     ],
     [
      34.995613,
      30.27975
     ],
     [
      35.004526,
      30.243984
     ],
     [
      35.004743,
      30.188941
     ],
     [
      35.004045,
      30.141688
     ],
     [
      35.001982,
      30.090333
     ],
     [
      35.000141,
      30.060281
     ],
     [
      35.014548,
      30.022681
     ],
     [
      35.034003,
      29.998379
     ],
     [
      35.045441,
      29.962833
     ],
     [
      35.053197,
      29.928664
     ],
     [
      35.051377,
      29.880515
     ],
     [
      35.038779,
      29.843815
     ],
     [
      35.036481,
      29.817211
     ],
     [
      35.014967,
      29.739446
     ],
     [
      35.000532,
      29.687382
     ],
     [
      34.992509,
      29.641975
     ],
     [
      34.98287,
      29.61008
     ],
     [
      34.963502,
      29.584009
     ],
     [
      34.95354,
      29.564598
     ],
     [
      34.950581,
      29.555728
     ]
    ]
   }
  },
  {
   "type": "Feature",
   "properties": {
    "id": "ME2026-0338",
    "commodity": "oil",
    "status_class": "in_service",
    "name": "Goreh - Jask",
    "name_dist_pt": 9.7,
    "name_ambiguous": false,
    "name_confidence": "high",
    "commodity_conflict": null,
    "other_names": null,
    "diameter_in": "46",
    "length_km": 965.43,
    "n_vertices": 132,
    "legend_class": "oil_in_service",
    "stroke_rgb": "#00922f",
    "dashed": false,
    "source_map": "me2026",
    "source_file": "../energy-map-of-the-middle-east-2026-peregrine-bush.pdf",
    "source_page": 1,
    "source_title": "Energy Infrastructure Map of the Middle East, 2026 edition",
    "source_publisher": "Petroleum Economist / World Oil / Gulf Energy Information / Global Energy Infrastructure",
    "geometry_source": "stroke",
    "georef_order": 2,
    "georef_source": "map's own coastline vector registered to Natural Earth 10m coastline+lakes by trimmed ICP",
    "georef_insample_rmse_km": 0.97,
    "georef_holdout_layer": "ne_10m_admin_0_countries vs the map's own border strokes",
    "georef_holdout_median_km": 1.45,
    "georef_holdout_rmse_km": 1.6,
    "drawn_feature_offset_median_km": 2.39,
    "accuracy_tier": "medium"
   },
   "geometry": {
    "type": "LineString",
    "coordinates": [
     [
      57.325063,
      25.841075
     ],
     [
      57.342372,
      25.881962
     ],
     [
      57.31907,
      25.989481
     ],
     [
      57.300262,
      26.075136
     ],
     [
      57.258436,
      26.195911
     ],
     [
      57.246597,
      26.27837
     ],
     [
      57.246611,
      26.362216
     ],
     [
      57.233361,
      26.40401
     ],
     [
      57.240347,
      26.438817
     ],
     [
      57.237554,
      26.47572
     ],
     [
      57.221531,
      26.526845
     ],
     [
      57.181499,
      26.614893
     ],
     [
      57.109692,
      26.746122
     ],
     [
      57.095065,
      26.801832
     ],
     [
      57.078337,
      26.883605
     ],
     [
      57.104145,
      26.926766
     ],
     [
      57.101368,
      26.968546
     ],
     [
      57.093025,
      27.043347
     ],
     [
      57.123725,
      27.11506
     ],
     [
      57.087712,
      27.212437
     ],
     [
      57.087721,
      27.245771
     ],
     [
      57.068864,
      27.326953
     ],
     [
      57.041307,
      27.408139
     ],
     [
      56.993425,
      27.431605
     ],
     [
      56.941164,
      27.48209
     ],
     [
      56.922283,
      27.515431
     ],
     [
      56.904885,
      27.566182
     ],
     [
      56.87734,
      27.637205
     ],
     [
      56.843936,
      27.648807
     ],
     [
      56.743792,
      27.663337
     ],
     [
      56.678473,
      27.676414
     ],
     [
      56.552194,
      27.683704
     ],
     [
      56.501383,
      27.666321
     ],
     [
      56.463628,
      27.628655
     ],
     [
      56.359999,
      27.596686
     ],
     [
      56.276365,
      27.570735
     ],
     [
      56.212492,
      27.535969
     ],
     [
      56.178709,
      27.523892
     ],
     [
      56.109443,
      27.524398
     ],
     [
      56.041214,
      27.50702
     ],
     [
      55.981697,
      27.486759
     ],
     [
      55.936707,
      27.466482
     ],
     [
      55.878646,
      27.452005
     ],
     [
      55.775599,
      27.469422
     ],
     [
      55.720436,
      27.453491
     ],
     [
      55.624663,
      27.434681
     ],
     [
      55.499846,
      27.434716
     ],
     [
      55.430181,
      27.453574
     ],
     [
      55.383747,
      27.453587
     ],
     [
      55.322783,
      27.433326
     ],
     [
      55.26764,
      27.433341
     ],
     [
      55.210116,
      27.453634
     ],
     [
      55.176214,
      27.472192
     ],
     [
      55.128335,
      27.498593
     ],
     [
      55.109485,
      27.539179
     ],
     [
      55.052896,
      27.560936
     ],
     [
      54.983233,
      27.568201
     ],
     [
      54.930981,
      27.539225
     ],
     [
      54.890345,
      27.510245
     ],
     [
      54.842458,
      27.494311
     ],
     [
      54.790213,
      27.48998
     ],
     [
      54.730726,
      27.489995
     ],
     [
      54.646572,
      27.511757
     ],
     [
      54.558041,
      27.511779
     ],
     [
      54.505808,
      27.498748
     ],
     [
      54.443404,
      27.491515
     ],
     [
      54.394062,
      27.507461
     ],
     [
      54.347639,
      27.517635
     ],
     [
      54.314284,
      27.521974
     ],
     [
      54.276553,
      27.516187
     ],
     [
      54.243173,
      27.516194
     ],
     [
      54.182238,
      27.516208
     ],
     [
      54.137259,
      27.530712
     ],
     [
      54.089388,
      27.55682
     ],
     [
      53.982035,
      27.616262
     ],
     [
      53.863067,
      27.664114
     ],
     [
      53.675931,
      27.717787
     ],
     [
      53.529402,
      27.754051
     ],
     [
      53.453962,
      27.783055
     ],
     [
      53.384338,
      27.819304
     ],
     [
      53.372746,
      27.855543
     ],
     [
      53.314721,
      27.878735
     ],
     [
      53.255244,
      27.903391
     ],
     [
      53.216074,
      27.923688
     ],
     [
      53.187065,
      27.945436
     ],
     [
      53.176913,
      27.974427
     ],
     [
      53.18419,
      28.012115
     ],
     [
      53.184197,
      28.036737
     ],
     [
      53.145042,
      28.064305
     ],
     [
      53.068156,
      28.099091
     ],
     [
      53.020282,
      28.120841
     ],
     [
      52.940507,
      28.129552
     ],
     [
      52.846218,
      28.146953
     ],
     [
      52.766442,
      28.180298
     ],
     [
      52.680872,
      28.232494
     ],
     [
      52.63011,
      28.262943
     ],
     [
      52.564834,
      28.268747
     ],
     [
      52.371935,
      28.34415
     ],
     [
      52.244311,
      28.406489
     ],
     [
      52.141336,
      28.449973
     ],
     [
      52.087671,
      28.435496
     ],
     [
      52.049957,
      28.439844
     ],
     [
      52.007898,
      28.447096
     ],
     [
      51.962945,
      28.452836
     ],
     [
      51.930665,
      28.485095
     ],
     [
      51.86578,
      28.513789
     ],
     [
      51.832418,
      28.531179
     ],
     [
      51.788905,
      28.531183
     ],
     [
      51.754101,
      28.539898
     ],
     [
      51.720757,
      28.573234
     ],
     [
      51.674355,
      28.619615
     ],
     [
      51.643919,
      28.657307
     ],
     [
      51.516319,
      28.773265
     ],
     [
      51.467021,
      28.806615
     ],
     [
      51.410467,
      28.825446
     ],
     [
      51.371317,
      28.829804
     ],
     [
      51.343761,
      28.857344
     ],
     [
      51.323476,
      28.905186
     ],
     [
      51.300306,
      28.974747
     ],
     [
      51.275677,
      29.057376
     ],
     [
      51.264104,
      29.122605
     ],
     [
      51.272842,
      29.209564
     ],
     [
      51.268514,
      29.283493
     ],
     [
      51.255478,
      29.31828
     ],
     [
      51.219235,
      29.35452
     ],
     [
      51.190247,
      29.398008
     ],
     [
      51.161271,
      29.469022
     ],
     [
      51.11197,
      29.483532
     ],
     [
      51.061213,
      29.48933
     ],
     [
      50.974219,
      29.537176
     ],
     [
      50.814712,
      29.579204
     ],
     [
      50.535162,
      29.719979
     ]
    ]
   }
  }
 ]
}