{"type": "FeatureCollection", "features": [{"type": "Feature", "geometry": {"type": "Polygon", "coordinates": [[[113.70963, 4.70821], [113.70867, 4.6974], [113.70297, 4.69395], [113.69898, 4.68976], [113.68352, 4.68466], [113.67969, 4.68659], [113.67817, 4.69323], [113.67912, 4.69718], [113.68068, 4.69923], [113.69015, 4.70541], [113.69707, 4.71237], [113.70958, 4.71962], [113.71462, 4.72133], [113.71819, 4.7206], [113.71906, 4.71828], [113.71814, 4.71512], [113.7107, 4.71173], [113.70878, 4.70737], [113.70963, 4.70821]]]}, "properties": {"feature_type": "field", "feature_class": "Gas/Oil Field (offshore, undifferentiated)", "inset": "borneo", "candidate_name": "Laila", "name_source": "vector text (unverified)", "label_gap_px": 0.0, "area_px": 34.9, "longitude": 113.69727, "latitude": 4.70173}}, {"type": "Feature", "geometry": {"type": "Polygon", "coordinates": [[[113.72987, 4.77112], [113.74554, 4.78189], [113.74835, 4.78569], [113.75546, 4.78643], [113.75927, 4.78428], [113.76034, 4.77911], [113.75697, 4.77037], [113.74657, 4.76074], [113.7414, 4.75194], [113.73903, 4.75052], [113.73486, 4.751], [113.72957, 4.75416], [113.72669, 4.75743], [113.72511, 4.76127], [113.72553, 4.76539], [113.72987, 4.77112]]]}, "properties": {"feature_type": "field", "feature_class": "Gas/Oil Field (offshore, undifferentiated)", "inset": "borneo", "candidate_name": "Layang", "name_source": "vector text (unverified)", "label_gap_px": 0.0, "area_px": 29.0, "longitude": 113.74256, "latitude": 4.76866}}, {"type": "Feature", "geometry": {"type": "Polygon", "coordinates": [[[113.20832, 4.66702], [113.21804, 4.6671], [113.22791, 4.66924], [113.23302, 4.67184], [113.23944, 4.67781], [113.2472, 4.68074], [113.25531, 4.68196], [113.26975, 4.6822], [113.27479, 4.68383], [113.27899, 4.68785], [113.28386, 4.69789], [113.2877, 4.70358], [113.29109, 4.70674], [113.29687, 4.70997], [113.30214, 4.71126], [113.30776, 4.71125], [113.3109, 4.71017], [113.31348, 4.70723], [113.31461, 4.69894], [113.31172, 4.68652], [113.30506, 4.67405], [113.29754, 4.6651], [113.29067, 4.65971], [113.2857, 4.65736], [113.26489, 4.65415], [113.26052, 4.65255], [113.24669, 4.64038], [113.23953, 4.63669], [113.23221, 4.63531], [113.21124, 4.63451], [113.20058, 4.63558], [113.19371, 4.63885], [113.18093, 4.64735], [113.16848, 4.65273], [113.16616, 4.65466], [113.16425, 4.65859], [113.16435, 4.66384], [113.16683, 4.6685], [113.17095, 4.67218], [113.17855, 4.67497], [113.18382, 4.67421], [113.19972, 4.66857], [113.20832, 4.66702]]]}, "properties": {"feature_type": "field", "feature_class": "Gas/Oil Field (offshore, undifferentiated)", "inset": "borneo", "candidate_name": "Lang", "name_source": "vector text (unverified)", "label_gap_px": 7.0, "area_px": 260.6, "longitude": 113.24401, "latitude": 4.66595}}, {"type": "Feature", "geometry": {"type": "Polygon", "coordinates": [[[113.57462, 4.90087], [113.57097, 4.89616], [113.56604, 4.89277], [113.54182, 4.88457], [113.53002, 4.88585], [113.52059, 4.88114], [113.51175, 4.88068], [113.50146, 4.8771], [113.49714, 4.87862], [113.4941, 4.88479], [113.49422, 4.89194], [113.49684, 4.90246], [113.49898, 4.90651], [113.50271, 4.9099], [113.50599, 4.91855], [113.5099, 4.92239], [113.51575, 4.92536], [113.52147, 4.93472], [113.52612, 4.93697], [113.54255, 4.93789], [113.55107, 4.9299], [113.5642, 4.92427], [113.57061, 4.9192], [113.57483, 4.9134], [113.57616, 4.90448], [113.57583, 4.90039], [113.57462, 4.90087]]]}, "properties": {"feature_type": "field", "feature_class": "Gas/Oil Field (offshore, undifferentiated)", "inset": "borneo", "candidate_name": "Dokong", "name_source": "vector text (unverified)", "label_gap_px": 0.0, "area_px": 113.6, "longitude": 113.53367, "latitude": 4.90676}}, {"type": "Feature", "geometry": {"type": "Polygon", "coordinates": [[[113.44485, 5.01321], [113.44254, 5.01082], [113.43889, 5.00224], [113.43652, 5.00023], [113.42329, 4.99734], [113.41705, 4.99942], [113.41501, 5.00159], [113.41375, 5.00594], [113.41593, 5.01607], [113.41371, 5.02752], [113.41406, 5.03136], [113.41549, 5.0341], [113.42778, 5.04186], [113.43113, 5.04286], [113.43457, 5.0417], [113.43722, 5.03767], [113.43909, 5.03647], [113.45034, 5.0343], [113.45213, 5.03166], [113.45184, 5.0272], [113.44955, 5.02182], [113.44365, 5.01581], [113.44264, 5.01159], [113.44485, 5.01321]]]}, "properties": {"feature_type": "field", "feature_class": "Gas/Oil Field (offshore, undifferentiated)", "inset": "borneo", "candidate_name": "Kuang North", "name_source": "vector text (unverified)", "label_gap_px": 13.7, "area_px": 40.0, "longitude": 113.43047, "latitude": 5.02029}}, {"type": "Feature", "geometry": {"type": "Polygon", "coordinates": [[[103.71782, 5.78036], [103.71259, 5.7876], [103.70546, 5.80416], [103.69812, 5.81489], [103.69666, 5.8199], [103.69635, 5.83008], [103.69047, 5.83819], [103.68887, 5.85763], [103.6896, 5.86095], [103.69289, 5.8636], [103.69809, 5.8642], [103.70346, 5.86357], [103.71905, 5.85533], [103.72701, 5.84732], [103.73108, 5.83812], [103.73357, 5.8221], [103.73327, 5.81244], [103.73115, 5.80076], [103.73117, 5.78961], [103.72879, 5.7859], [103.72217, 5.78299], [103.72076, 5.77938], [103.71851, 5.77725], [103.71559, 5.77822], [103.71465, 5.78356], [103.71782, 5.78036]]]}, "properties": {"feature_type": "field", "feature_class": "Gas/Oil Field (offshore, undifferentiated)", "inset": "peninsular", "candidate_name": "Meranti", "name_source": "vector text (unverified)", "label_gap_px": 0.0, "area_px": 71.6, "longitude": 103.71312, "latitude": 5.82573}}, {"type": "Feature", "geometry": {"type": "Polygon", "coordinates": [[[103.60887, 5.87386], [103.60673, 5.87242], [103.6058, 5.87727], [103.60352, 5.88163], [103.59646, 5.88885], [103.59131, 5.89231], [103.57903, 5.89582], [103.56869, 5.90873], [103.55737, 5.91511], [103.55172, 5.92571], [103.54092, 5.93776], [103.53856, 5.94335], [103.53767, 5.94849], [103.538, 5.95349], [103.53966, 5.95821], [103.54487, 5.96447], [103.5521, 5.96835], [103.56549, 5.97187], [103.57291, 5.97502], [103.57883, 5.97984], [103.59214, 5.99561], [103.5963, 5.99791], [103.60063, 5.99885], [103.60916, 5.99716], [103.61644, 5.99166], [103.61922, 5.98781], [103.62226, 5.97861], [103.62217, 5.9635], [103.62484, 5.95059], [103.62327, 5.93906], [103.6156, 5.92146], [103.61557, 5.89876], [103.60887, 5.87386]]]}, "properties": {"feature_type": "field", "feature_class": "Gas/Oil Field (offshore, undifferentiated)", "inset": "peninsular", "candidate_name": "Kapal", "name_source": "vector text (unverified)", "label_gap_px": 0.0, "area_px": 212.5, "longitude": 103.58784, "latitude": 5.94232}}, {"type": "Feature", "geometry": {"type": "Polygon", "coordinates": [[[104.68426, 5.15431], [104.67786, 5.15316], [104.67133, 5.15484], [104.66437, 5.15991], [104.66205, 5.16351], [104.66086, 5.16758], [104.6559, 5.19106], [104.65542, 5.21531], [104.65631, 5.22023], [104.6612, 5.23263], [104.66266, 5.23481], [104.66566, 5.23629], [104.68539, 5.23745], [104.71306, 5.23363], [104.72202, 5.22923], [104.73062, 5.223], [104.73834, 5.2157], [104.74445, 5.2075], [104.74653, 5.20216], [104.7478, 5.19151], [104.75247, 5.18354], [104.75743, 5.17823], [104.77129, 5.16751], [104.77715, 5.16004], [104.78251, 5.14981], [104.78309, 5.14039], [104.78055, 5.13322], [104.77649, 5.12681], [104.77426, 5.12489], [104.76023, 5.1193], [104.74809, 5.11948], [104.73887, 5.12126], [104.735, 5.12321], [104.72494, 5.13557], [104.72065, 5.14359], [104.71193, 5.1493], [104.70241, 5.15397], [104.68426, 5.15431]]]}, "properties": {"feature_type": "field", "feature_class": "Gas/Oil Field (offshore, undifferentiated)", "inset": "peninsular", "candidate_name": "Angsi", "name_source": "vector text (unverified)", "label_gap_px": 0.0, "area_px": 272.7, "longitude": 104.7147, "latitude": 5.18042}}, {"type": "Feature", "geometry": {"type": "Polygon", "coordinates": [[[104.53156, 4.5669], [104.53019, 4.56541], [104.52788, 4.55666], [104.52096, 4.5432], [104.51962, 4.53439], [104.51606, 4.53482], [104.50733, 4.54209], [104.50515, 4.54567], [104.50392, 4.55685], [104.50131, 4.56859], [104.50014, 4.58161], [104.49452, 4.59612], [104.49534, 4.62715], [104.48851, 4.64203], [104.48648, 4.64989], [104.48522, 4.66042], [104.48543, 4.67534], [104.48652, 4.67911], [104.48874, 4.68131], [104.49252, 4.68111], [104.49512, 4.67985], [104.49992, 4.67555], [104.5046, 4.66763], [104.5103, 4.6502], [104.5189, 4.64082], [104.52247, 4.62856], [104.53646, 4.61826], [104.54114, 4.61278], [104.54084, 4.59241], [104.53777, 4.58294], [104.5369, 4.57296], [104.53605, 4.57088], [104.53368, 4.5692], [104.53252, 4.56596], [104.5312, 4.56539], [104.53156, 4.5669]]]}, "properties": {"feature_type": "field", "feature_class": "Gas/Oil Field (offshore, undifferentiated)", "inset": "peninsular", "candidate_name": "Tembakau", "name_source": "vector text (unverified)", "label_gap_px": 0.0, "area_px": 156.5, "longitude": 104.51228, "latitude": 4.60633}}, {"type": "Feature", "geometry": {"type": "Polygon", "coordinates": [[[104.53634, 4.85742], [104.52507, 4.84363], [104.52277, 4.84399], [104.52161, 4.84522], [104.52042, 4.84927], [104.51936, 4.86247], [104.50759, 4.87525], [104.50514, 4.87937], [104.50442, 4.88381], [104.50744, 4.88782], [104.51109, 4.88906], [104.51859, 4.8897], [104.52568, 4.88824], [104.531, 4.88415], [104.5367, 4.87623], [104.539, 4.87035], [104.5385, 4.86187], [104.53634, 4.85742]]]}, "properties": {"feature_type": "field", "feature_class": "Gas/Oil Field (offshore, undifferentiated)", "inset": "peninsular", "candidate_name": "Mengkuang", "name_source": "vector text (unverified)", "label_gap_px": 0.0, "area_px": 29.9, "longitude": 104.52347, "latitude": 4.87063}}, {"type": "Feature", "geometry": {"type": "Polygon", "coordinates": [[[104.76594, 4.64845], [104.76171, 4.64598], [104.75854, 4.64602], [104.75688, 4.64919], [104.7557, 4.65686], [104.7615, 4.65884], [104.76445, 4.65813], [104.76626, 4.6545], [104.76838, 4.65412], [104.76594, 4.64845]]]}, "properties": {"feature_type": "field", "feature_class": "Gas/Oil Field (offshore, undifferentiated)", "inset": "peninsular", "candidate_name": "Malong", "name_source": "vector text (unverified)", "label_gap_px": 0.0, "area_px": 3.8, "longitude": 104.76147, "latitude": 4.65249}}, {"type": "Feature", "geometry": {"type": "Polygon", "coordinates": [[[104.78711, 4.59804], [104.78103, 4.60799], [104.77362, 4.61248], [104.7722, 4.6187], [104.77339, 4.62123], [104.78702, 4.6363], [104.7908, 4.64344], [104.79351, 4.64532], [104.79565, 4.64445], [104.79862, 4.64068], [104.80547, 4.62599], [104.80917, 4.62116], [104.81198, 4.6137], [104.81635, 4.60824], [104.80996, 4.59762], [104.80579, 4.59643], [104.79467, 4.58921], [104.79231, 4.58882], [104.78984, 4.59036], [104.78711, 4.59804]]]}, "properties": {"feature_type": "field", "feature_class": "Gas/Oil Field (offshore, undifferentiated)", "inset": "peninsular", "candidate_name": "Malong", "name_source": "vector text (unverified)", "label_gap_px": 0.0, "area_px": 47.6, "longitude": 104.79436, "latitude": 4.61545}}, {"type": "Feature", "geometry": {"type": "Polygon", "coordinates": [[[104.89899, 4.74583], [104.89859, 4.73772], [104.90189, 4.72758], [104.89932, 4.72152], [104.8909, 4.7135], [104.87929, 4.70662], [104.87458, 4.70553], [104.87147, 4.70707], [104.86787, 4.71182], [104.86571, 4.71736], [104.86401, 4.7279], [104.86433, 4.73702], [104.87487, 4.76009], [104.87968, 4.76448], [104.88521, 4.76491], [104.88735, 4.76596], [104.8872, 4.76985], [104.88233, 4.77751], [104.88165, 4.78053], [104.88366, 4.78472], [104.88818, 4.78693], [104.8933, 4.7876], [104.8976, 4.78647], [104.90329, 4.78234], [104.90543, 4.77839], [104.9055, 4.77317], [104.90428, 4.76803], [104.89766, 4.75617], [104.89749, 4.75258], [104.89899, 4.74583]]]}, "properties": {"feature_type": "field", "feature_class": "Gas/Oil Field (offshore, undifferentiated)", "inset": "peninsular", "candidate_name": "Anding", "name_source": "vector text (unverified)", "label_gap_px": 0.0, "area_px": 62.9, "longitude": 104.88513, "latitude": 4.74399}}, {"type": "Feature", "geometry": {"type": "Polygon", "coordinates": [[[104.85693, 4.84785], [104.8568, 4.84591], [104.85105, 4.84578], [104.85014, 4.84223], [104.84882, 4.84225], [104.83404, 4.85285], [104.83046, 4.8585], [104.82074, 4.86141], [104.81701, 4.86343], [104.81498, 4.86628], [104.81165, 4.87732], [104.80832, 4.87993], [104.80532, 4.87945], [104.80367, 4.87786], [104.8022, 4.8716], [104.79766, 4.86434], [104.79539, 4.86347], [104.78875, 4.86335], [104.78622, 4.86215], [104.78373, 4.85389], [104.77984, 4.85477], [104.77406, 4.862], [104.76613, 4.86409], [104.76325, 4.86633], [104.76184, 4.87173], [104.76348, 4.87735], [104.76589, 4.87851], [104.7727, 4.87888], [104.77524, 4.88098], [104.77539, 4.88444], [104.77351, 4.8935], [104.77694, 4.90195], [104.7756, 4.90377], [104.77068, 4.90545], [104.77066, 4.90676], [104.77155, 4.90958], [104.7769, 4.91552], [104.78102, 4.91559], [104.78591, 4.90745], [104.78789, 4.90583], [104.79002, 4.90551], [104.79265, 4.90724], [104.79392, 4.90684], [104.79465, 4.90015], [104.79613, 4.89588], [104.7994, 4.89385], [104.80291, 4.89458], [104.80514, 4.88853], [104.80812, 4.8878], [104.81097, 4.89006], [104.80924, 4.89299], [104.80316, 4.89817], [104.80055, 4.9071], [104.79404, 4.91333], [104.79037, 4.92045], [104.78419, 4.92475], [104.78264, 4.93002], [104.77781, 4.93446], [104.77631, 4.93981], [104.77788, 4.94437], [104.7802, 4.94501], [104.78337, 4.94348], [104.78866, 4.93158], [104.7961, 4.92325], [104.80652, 4.90059], [104.8105, 4.89507], [104.81218, 4.88977], [104.81458, 4.88591], [104.81525, 4.88094], [104.81902, 4.87721], [104.82218, 4.86891], [104.82756, 4.86597], [104.83134, 4.86228], [104.84077, 4.85706], [104.85544, 4.85337], [104.85816, 4.85004], [104.85805, 4.84843], [104.85693, 4.84785]]]}, "properties": {"feature_type": "field", "feature_class": "Gas/Oil Field (offshore, undifferentiated)", "inset": "peninsular", "candidate_name": "Duyong Barat", "name_source": "vector text (unverified)", "label_gap_px": 0.0, "area_px": 183.6, "longitude": 104.7956, "latitude": 4.88438}}, {"type": "Feature", "geometry": {"type": "Polygon", "coordinates": [[[103.97637, 5.55948], [103.94419, 5.55751], [103.92118, 5.5705], [103.90502, 5.57278], [103.89396, 5.58219], [103.88077, 5.58668], [103.87653, 5.5891], [103.86835, 5.59874], [103.86476, 5.60152], [103.85151, 5.60433], [103.84608, 5.60696], [103.84242, 5.61114], [103.83465, 5.62551], [103.83095, 5.62822], [103.81664, 5.63378], [103.81338, 5.63636], [103.81282, 5.63834], [103.80634, 5.64153], [103.80351, 5.64466], [103.79534, 5.65915], [103.79329, 5.66494], [103.79374, 5.67985], [103.79649, 5.6873], [103.79935, 5.68878], [103.80289, 5.68812], [103.80592, 5.68653], [103.80853, 5.68353], [103.81414, 5.68182], [103.81996, 5.67796], [103.82369, 5.67415], [103.82889, 5.66649], [103.83992, 5.65775], [103.84506, 5.64444], [103.84862, 5.63883], [103.88144, 5.61629], [103.89113, 5.61426], [103.90061, 5.60846], [103.90636, 5.60656], [103.92033, 5.60532], [103.93507, 5.60252], [103.948, 5.60225], [103.95822, 5.59427], [103.96512, 5.59336], [103.96812, 5.59168], [103.97379, 5.58589], [103.97954, 5.57813], [103.98418, 5.57428], [103.98516, 5.57041], [103.97877, 5.56811], [103.97777, 5.56155], [103.97637, 5.55948]]]}, "properties": {"feature_type": "field", "feature_class": "Gas/Oil Field (offshore, undifferentiated)", "inset": "peninsular", "candidate_name": "Resak", "name_source": "vector text (unverified)", "label_gap_px": 0.0, "area_px": 469.9, "longitude": 103.88501, "latitude": 5.61123}}, {"type": "Feature", "geometry": {"type": "Polygon", "coordinates": [[[103.94566, 5.52792], [103.94545, 5.51831], [103.94323, 5.51409], [103.94055, 5.51247], [103.93589, 5.5114], [103.92384, 5.51127], [103.91749, 5.51447], [103.90411, 5.52796], [103.89349, 5.53317], [103.88711, 5.54349], [103.87995, 5.5496], [103.8767, 5.55568], [103.86706, 5.56288], [103.85808, 5.57881], [103.85684, 5.58349], [103.85706, 5.58816], [103.85925, 5.59448], [103.86215, 5.59881], [103.86757, 5.60245], [103.87233, 5.60227], [103.88007, 5.59575], [103.8834, 5.59007], [103.88912, 5.58676], [103.89452, 5.58054], [103.90554, 5.57416], [103.91479, 5.55991], [103.91861, 5.55809], [103.926, 5.55782], [103.92753, 5.55299], [103.93502, 5.54963], [103.93676, 5.54794], [103.94069, 5.53948], [103.94644, 5.53746], [103.94788, 5.53608], [103.9481, 5.53128], [103.94662, 5.52799], [103.94566, 5.52792]]]}, "properties": {"feature_type": "field", "feature_class": "Gas/Oil Field (offshore, undifferentiated)", "inset": "peninsular", "candidate_name": "Resak", "name_source": "vector text (unverified)", "label_gap_px": 0.0, "area_px": 155.5, "longitude": 103.90176, "latitude": 5.55365}}, {"type": "Feature", "geometry": {"type": "Polygon", "coordinates": [[[105.27268, 4.95612], [105.26917, 4.95095], [105.26476, 4.93575], [105.26361, 4.92933], [105.2635, 4.91587], [105.2622, 4.90937], [105.25999, 4.90874], [105.25624, 4.90411], [105.25341, 4.90308], [105.24172, 4.90781], [105.23732, 4.91151], [105.21894, 4.94127], [105.20991, 4.96227], [105.20701, 4.97779], [105.2057, 4.9807], [105.20311, 4.98306], [105.19268, 4.98643], [105.18996, 4.98839], [105.1884, 4.99326], [105.18957, 4.99755], [105.19322, 5.00265], [105.19837, 5.0067], [105.20573, 5.0097], [105.21348, 5.01054], [105.22075, 5.00798], [105.24271, 4.99229], [105.24817, 4.99016], [105.25442, 4.98967], [105.26005, 4.99143], [105.2726, 4.9998], [105.3066, 5.01159], [105.31543, 5.01561], [105.34155, 5.01778], [105.3431, 5.01265], [105.3419, 5.00568], [105.33795, 4.99932], [105.32289, 4.9804], [105.3181, 4.97693], [105.31181, 4.97487], [105.29457, 4.9752], [105.28684, 4.9736], [105.28376, 4.97047], [105.27983, 4.9619], [105.27268, 4.95612]]]}, "properties": {"feature_type": "field", "feature_class": "Gas/Oil Field (offshore, undifferentiated)", "inset": "peninsular", "candidate_name": "Duyong", "name_source": "vector text (unverified)", "label_gap_px": 0.0, "area_px": 324.4, "longitude": 105.25842, "latitude": 4.97215}}, {"type": "Feature", "geometry": {"type": "Polygon", "coordinates": [[[104.46049, 5.23549], [104.46118, 5.23562], [104.44365, 5.2356], [104.43133, 5.23308], [104.42092, 5.23319], [104.41826, 5.23453], [104.41672, 5.23695], [104.416, 5.24152], [104.41674, 5.24698], [104.42135, 5.2558], [104.42575, 5.26057], [104.42874, 5.26212], [104.43948, 5.26152], [104.44311, 5.2639], [104.44641, 5.26429], [104.45443, 5.26186], [104.46147, 5.26112], [104.46556, 5.25766], [104.46702, 5.25186], [104.46993, 5.24754], [104.47048, 5.24454], [104.46949, 5.24169], [104.46539, 5.23612], [104.46347, 5.23519], [104.46049, 5.23549]]]}, "properties": {"feature_type": "field", "feature_class": "Gas/Oil Field (offshore, undifferentiated)", "inset": "peninsular", "candidate_name": "Tembikai", "name_source": "vector text (unverified)", "label_gap_px": 0.0, "area_px": 31.5, "longitude": 104.44264, "latitude": 5.24776}}, {"type": "Feature", "geometry": {"type": "Polygon", "coordinates": [[[105.15715, 5.09764], [105.15047, 5.09149], [105.14511, 5.09079], [105.1382, 5.09249], [105.13132, 5.09638], [105.13044, 5.10094], [105.1383, 5.11781], [105.14515, 5.10921], [105.15614, 5.10385], [105.15736, 5.10033], [105.15715, 5.09764]]]}, "properties": {"feature_type": "field", "feature_class": "Gas/Oil Field (offshore, undifferentiated)", "inset": "peninsular", "candidate_name": "Kijang", "name_source": "vector text (unverified)", "label_gap_px": 0.0, "area_px": 20.0, "longitude": 105.1431, "latitude": 5.10157}}, {"type": "Feature", "geometry": {"type": "Polygon", "coordinates": [[[104.85947, 4.59517], [104.85458, 4.59368], [104.85341, 4.5903], [104.85032, 4.59079], [104.84568, 4.5965], [104.84842, 4.6046], [104.85214, 4.60717], [104.85479, 4.60664], [104.85899, 4.59945], [104.85947, 4.59517]]]}, "properties": {"feature_type": "field", "feature_class": "Gas/Oil Field (offshore, undifferentiated)", "inset": "peninsular", "candidate_name": "Parang", "name_source": "vector text (unverified)", "label_gap_px": 0.0, "area_px": 4.7, "longitude": 104.85249, "latitude": 4.59875}}, {"type": "Feature", "geometry": {"type": "Polygon", "coordinates": [[[103.71654, 7.13137], [103.71666, 7.15132], [103.71182, 7.15984], [103.71677, 7.16938], [103.71576, 7.17296], [103.71709, 7.17572], [103.72902, 7.17623], [103.73397, 7.17812], [103.73639, 7.17801], [103.7441, 7.17467], [103.75571, 7.17179], [103.76138, 7.16866], [103.76613, 7.16774], [103.78932, 7.14662], [103.79192, 7.1416], [103.79767, 7.13645], [103.79811, 7.12108], [103.80267, 7.11211], [103.80578, 7.09787], [103.81029, 7.08412], [103.81038, 7.08023], [103.82167, 7.06896], [103.82565, 7.06656], [103.82878, 7.06719], [103.82936, 7.06624], [103.83073, 7.05293], [103.82826, 7.04399], [103.81808, 7.04392], [103.78364, 7.0615], [103.78163, 7.06869], [103.75403, 7.10371], [103.74608, 7.11086], [103.71654, 7.13137]]]}, "properties": {"feature_type": "field", "feature_class": "Gas/Oil Field (offshore, undifferentiated)", "inset": "peninsular", "candidate_name": "Bunga East Bunga Kekwa", "name_source": "vector text (unverified)", "label_gap_px": 0.0, "area_px": 294.4, "longitude": 103.76965, "latitude": 7.11781}}, {"type": "Feature", "geometry": {"type": "Polygon", "coordinates": [[[103.62548, 7.26878], [103.61864, 7.27175], [103.61865, 7.27343], [103.61434, 7.27732], [103.61285, 7.28002], [103.60836, 7.29426], [103.60971, 7.29945], [103.6141, 7.29951], [103.61878, 7.29433], [103.62412, 7.29244], [103.62458, 7.29092], [103.63054, 7.28846], [103.63514, 7.2848], [103.63739, 7.2767], [103.63568, 7.27061], [103.63116, 7.26915], [103.62548, 7.26878]]]}, "properties": {"feature_type": "field", "feature_class": "Gas/Oil Field (offshore, undifferentiated)", "inset": "peninsular", "candidate_name": "Bunga Dahlia", "name_source": "vector text (unverified)", "label_gap_px": 0.0, "area_px": 16.7, "longitude": 103.62271, "latitude": 7.28275}}, {"type": "Feature", "geometry": {"type": "Polygon", "coordinates": [[[104.11715, 6.53504], [104.12224, 6.54438], [104.12505, 6.54601], [104.13235, 6.5463], [104.14905, 6.54168], [104.14813, 6.52936], [104.14946, 6.52349], [104.15272, 6.51963], [104.15613, 6.51797], [104.15967, 6.52022], [104.16304, 6.52662], [104.16337, 6.52495], [104.16747, 6.52496], [104.16933, 6.52167], [104.16863, 6.5126], [104.15266, 6.51048], [104.14458, 6.51198], [104.12287, 6.52276], [104.11859, 6.53254], [104.11809, 6.53496], [104.11903, 6.53501], [104.11715, 6.53504]]]}, "properties": {"feature_type": "field", "feature_class": "Gas/Oil Field (offshore, undifferentiated)", "inset": "peninsular", "candidate_name": "Pertang", "name_source": "vector text (unverified)", "label_gap_px": 0.0, "area_px": 37.5, "longitude": 104.14031, "latitude": 6.52782}}, {"type": "Feature", "geometry": {"type": "Polygon", "coordinates": [[[104.20687, 6.5726], [104.20384, 6.57237], [104.19901, 6.57445], [104.19312, 6.58467], [104.1882, 6.58599], [104.18826, 6.59137], [104.19381, 6.60114], [104.19479, 6.61088], [104.19649, 6.61297], [104.19808, 6.61344], [104.20032, 6.61343], [104.20148, 6.60997], [104.20775, 6.6019], [104.20828, 6.59848], [104.21728, 6.5946], [104.22469, 6.59645], [104.22734, 6.59273], [104.22599, 6.58515], [104.22296, 6.57994], [104.21916, 6.57573], [104.2126, 6.5707], [104.20973, 6.57088], [104.20687, 6.5726]]]}, "properties": {"feature_type": "field", "feature_class": "Gas/Oil Field (offshore, undifferentiated)", "inset": "peninsular", "candidate_name": "Kenarong", "name_source": "vector text (unverified)", "label_gap_px": 0.0, "area_px": 35.1, "longitude": 104.20653, "latitude": 6.58927}}, {"type": "Feature", "geometry": {"type": "Polygon", "coordinates": [[[102.73857, 7.04866], [102.73944, 7.04397], [102.71619, 7.04383], [102.71101, 7.04599], [102.71, 7.05011], [102.70727, 7.0526], [102.69606, 7.05526], [102.69445, 7.05735], [102.6944, 7.05928], [102.69719, 7.06375], [102.69744, 7.06612], [102.69492, 7.07217], [102.69473, 7.07576], [102.69649, 7.08194], [102.69881, 7.0856], [102.70186, 7.0881], [102.70541, 7.08884], [102.70825, 7.08791], [102.71418, 7.08313], [102.71758, 7.08231], [102.72791, 7.08572], [102.73187, 7.08173], [102.73421, 7.0751], [102.73622, 7.0726], [102.74598, 7.06977], [102.75009, 7.0673], [102.75253, 7.06347], [102.75176, 7.05932], [102.74917, 7.0567], [102.739, 7.05201], [102.73749, 7.04986], [102.73857, 7.04866]]]}, "properties": {"feature_type": "field", "feature_class": "Gas/Oil Field (offshore, undifferentiated)", "inset": "peninsular", "candidate_name": "Samudra", "name_source": "vector text (unverified)", "label_gap_px": 0.0, "area_px": 52.0, "longitude": 102.7204, "latitude": 7.06502}}, {"type": "Feature", "geometry": {"type": "Polygon", "coordinates": [[[102.57992, 7.24345], [102.57253, 7.27085], [102.57566, 7.2705], [102.579, 7.26825], [102.58243, 7.2645], [102.58913, 7.25412], [102.59715, 7.2373], [102.6087, 7.20503], [102.61722, 7.18643], [102.61801, 7.17462], [102.61622, 7.16326], [102.61209, 7.15602], [102.6073, 7.15256], [102.60443, 7.15168], [102.59844, 7.15171], [102.59269, 7.15373], [102.5879, 7.15728], [102.58429, 7.16337], [102.57866, 7.20003], [102.58118, 7.23266], [102.57992, 7.24345]]]}, "properties": {"feature_type": "field", "feature_class": "Gas/Oil Field (offshore, undifferentiated)", "inset": "peninsular", "candidate_name": "Samudra North", "name_source": "vector text (unverified)", "label_gap_px": 0.0, "area_px": 102.9, "longitude": 102.5949, "latitude": 7.19985}}, {"type": "Feature", "geometry": {"type": "Polygon", "coordinates": [[[102.68839, 7.19683], [102.68894, 7.1914], [102.68618, 7.17628], [102.68244, 7.17626], [102.6816, 7.18136], [102.67068, 7.19083], [102.66441, 7.20069], [102.66279, 7.21198], [102.65935, 7.2205], [102.65986, 7.22945], [102.66216, 7.23449], [102.67065, 7.22496], [102.68308, 7.20742], [102.68904, 7.19617], [102.68839, 7.19683]]]}, "properties": {"feature_type": "field", "feature_class": "Gas/Oil Field (offshore, undifferentiated)", "inset": "peninsular", "candidate_name": "Senja", "name_source": "vector text (unverified)", "label_gap_px": 0.0, "area_px": 33.2, "longitude": 102.67412, "latitude": 7.20448}}, {"type": "Feature", "geometry": {"type": "Polygon", "coordinates": [[[102.72845, 7.19957], [102.72423, 7.18608], [102.72285, 7.17428], [102.72062, 7.17117], [102.71376, 7.18182], [102.69948, 7.19434], [102.69438, 7.2038], [102.69201, 7.21279], [102.691, 7.22263], [102.69085, 7.25787], [102.70012, 7.2356], [102.70363, 7.23145], [102.71277, 7.22543], [102.71912, 7.21908], [102.72402, 7.21086], [102.72845, 7.19957]]]}, "properties": {"feature_type": "field", "feature_class": "Gas/Oil Field (offshore, undifferentiated)", "inset": "peninsular", "candidate_name": "Senja", "name_source": "vector text (unverified)", "label_gap_px": 0.0, "area_px": 65.2, "longitude": 102.7081, "latitude": 7.20928}}, {"type": "Feature", "geometry": {"type": "MultiPolygon", "coordinates": [[[[102.8629, 7.13096], [102.86109, 7.12285], [102.85768, 7.12021], [102.85325, 7.11995], [102.85126, 7.12078], [102.84891, 7.12453], [102.85, 7.13006], [102.85156, 7.132], [102.85572, 7.13415], [102.8616, 7.13338], [102.8629, 7.13096]]], [[[102.86281, 7.13016], [102.86299, 7.13045], [102.86235, 7.12832], [102.86281, 7.13016]]]]}, "properties": {"feature_type": "field", "feature_class": "Gas/Oil Field (offshore, undifferentiated)", "inset": "peninsular", "candidate_name": "Wira", "name_source": "vector text (unverified)", "label_gap_px": 0.0, "area_px": 7.1, "longitude": 102.85593, "latitude": 7.12709}}, {"type": "Feature", "geometry": {"type": "Polygon", "coordinates": [[[103.09511, 7.20015], [103.10065, 7.18169], [103.1034, 7.16329], [103.10228, 7.15812], [103.09355, 7.14192], [103.08919, 7.12908], [103.0882, 7.12272], [103.08867, 7.10747], [103.08153, 7.11337], [103.07746, 7.11963], [103.07662, 7.14351], [103.06957, 7.16219], [103.06848, 7.183], [103.06647, 7.19137], [103.06331, 7.19692], [103.05145, 7.20604], [103.04846, 7.21098], [103.04876, 7.21519], [103.05327, 7.23121], [103.05403, 7.24007], [103.05396, 7.2817], [103.05293, 7.29089], [103.05069, 7.29884], [103.0655, 7.29191], [103.07732, 7.29112], [103.08508, 7.28509], [103.09092, 7.28329], [103.09248, 7.28177], [103.0924, 7.27246], [103.0935, 7.26569], [103.10068, 7.24936], [103.10261, 7.23976], [103.10169, 7.23645], [103.09521, 7.2261], [103.09385, 7.22238], [103.09304, 7.21116], [103.09511, 7.20015]]]}, "properties": {"feature_type": "field", "feature_class": "Gas/Oil Field (offshore, undifferentiated)", "inset": "peninsular", "candidate_name": "Bulan", "name_source": "vector text (unverified)", "label_gap_px": 0.0, "area_px": 192.4, "longitude": 103.07764, "latitude": 7.21643}}, {"type": "Feature", "geometry": {"type": "Polygon", "coordinates": [[[103.15748, 7.12808], [103.15856, 7.16511], [103.15755, 7.17875], [103.15471, 7.18784], [103.14567, 7.20883], [103.1409, 7.21575], [103.14014, 7.21319], [103.14078, 7.21024], [103.14516, 7.20136], [103.15351, 7.17911], [103.15539, 7.16043], [103.15372, 7.15888], [103.14926, 7.15753], [103.1336, 7.15577], [103.11221, 7.15784], [103.10756, 7.15956], [103.10423, 7.16313], [103.1031, 7.1671], [103.10391, 7.17723], [103.10319, 7.1823], [103.10073, 7.19111], [103.09635, 7.20079], [103.09693, 7.20476], [103.10288, 7.2141], [103.10421, 7.22777], [103.10263, 7.23683], [103.09556, 7.2441], [103.09413, 7.24791], [103.09779, 7.2634], [103.09618, 7.28241], [103.10245, 7.28157], [103.10613, 7.27837], [103.10727, 7.27464], [103.10741, 7.26561], [103.10827, 7.26322], [103.11032, 7.26131], [103.11372, 7.26131], [103.11653, 7.26375], [103.1176, 7.26718], [103.11653, 7.2755], [103.11725, 7.27717], [103.11995, 7.27805], [103.1243, 7.27498], [103.13365, 7.26261], [103.14696, 7.25617], [103.15488, 7.25622], [103.15646, 7.25466], [103.15792, 7.25005], [103.16134, 7.24793], [103.16413, 7.25], [103.16822, 7.26218], [103.17204, 7.26581], [103.17529, 7.26663], [103.18184, 7.26528], [103.18909, 7.26679], [103.19176, 7.26593], [103.19321, 7.26392], [103.1937, 7.25436], [103.19047, 7.23478], [103.19015, 7.2195], [103.19308, 7.20666], [103.1936, 7.19452], [103.19926, 7.17808], [103.20205, 7.1378], [103.20416, 7.12977], [103.20286, 7.12181], [103.20353, 7.11607], [103.20195, 7.11337], [103.19764, 7.11027], [103.19164, 7.10893], [103.18654, 7.11145], [103.17736, 7.12101], [103.17247, 7.12451], [103.16535, 7.12683], [103.15748, 7.12808]]]}, "properties": {"feature_type": "field", "feature_class": "Gas/Oil Field (offshore, undifferentiated)", "inset": "peninsular", "candidate_name": "Bulan", "name_source": "vector text (unverified)", "label_gap_px": 0.0, "area_px": 361.2, "longitude": 103.1517, "latitude": 7.20044}}, {"type": "Feature", "geometry": {"type": "Polygon", "coordinates": [[[103.24999, 7.16208], [103.25503, 7.147], [103.25651, 7.13864], [103.25546, 7.13104], [103.25356, 7.12784], [103.24577, 7.12286], [103.22775, 7.11744], [103.21736, 7.11157], [103.21501, 7.11135], [103.21291, 7.11581], [103.21345, 7.12623], [103.20818, 7.14069], [103.20686, 7.15834], [103.20178, 7.1822], [103.20083, 7.19404], [103.20185, 7.19724], [103.20409, 7.19983], [103.21476, 7.20631], [103.22399, 7.2172], [103.22869, 7.22038], [103.23133, 7.22077], [103.23615, 7.21881], [103.24012, 7.21432], [103.24299, 7.20863], [103.24657, 7.18707], [103.24763, 7.17257], [103.24999, 7.16208]]]}, "properties": {"feature_type": "field", "feature_class": "Gas/Oil Field (offshore, undifferentiated)", "inset": "peninsular", "candidate_name": "Suriya", "name_source": "vector text (unverified)", "label_gap_px": 0.0, "area_px": 131.1, "longitude": 103.22807, "latitude": 7.1652}}, {"type": "Feature", "geometry": {"type": "Polygon", "coordinates": [[[103.31882, 7.16424], [103.31827, 7.16187], [103.31216, 7.15724], [103.28249, 7.14626], [103.26034, 7.13314], [103.25786, 7.1323], [103.25667, 7.13293], [103.25547, 7.14862], [103.2532, 7.15841], [103.25057, 7.1837], [103.24615, 7.19567], [103.24304, 7.20814], [103.23481, 7.21846], [103.23314, 7.22543], [103.23427, 7.23005], [103.23836, 7.23604], [103.252, 7.247], [103.25679, 7.25214], [103.27137, 7.27523], [103.27306, 7.28101], [103.27273, 7.28769], [103.26511, 7.30356], [103.26408, 7.30809], [103.26598, 7.3135], [103.27309, 7.31768], [103.28871, 7.3193], [103.3065, 7.3167], [103.31406, 7.31206], [103.31718, 7.30554], [103.31731, 7.2978], [103.31414, 7.27629], [103.31953, 7.24914], [103.3212, 7.19854], [103.31956, 7.18727], [103.31135, 7.17775], [103.31002, 7.17341], [103.31116, 7.17054], [103.31739, 7.16649], [103.31882, 7.16424]]]}, "properties": {"feature_type": "field", "feature_class": "Gas/Oil Field (offshore, undifferentiated)", "inset": "peninsular", "candidate_name": "Suriya", "name_source": "vector text (unverified)", "label_gap_px": 0.0, "area_px": 326.3, "longitude": 103.28397, "latitude": 7.22599}}, {"type": "Feature", "geometry": {"type": "Polygon", "coordinates": [[[102.86383, 7.40736], [102.85877, 7.40048], [102.85637, 7.38746], [102.84534, 7.38531], [102.83646, 7.38065], [102.82731, 7.38069], [102.82169, 7.37391], [102.81712, 7.37411], [102.81148, 7.37676], [102.8062, 7.38097], [102.80322, 7.38564], [102.80249, 7.3891], [102.8031, 7.3948], [102.81188, 7.41499], [102.81349, 7.43134], [102.81196, 7.44263], [102.80503, 7.45768], [102.80357, 7.46277], [102.80075, 7.49818], [102.80298, 7.50461], [102.80548, 7.5077], [102.82119, 7.52138], [102.82488, 7.52207], [102.82958, 7.52], [102.83113, 7.51727], [102.8336, 7.50651], [102.83524, 7.50424], [102.84115, 7.50491], [102.84572, 7.50275], [102.8469, 7.49813], [102.84585, 7.48708], [102.84708, 7.48014], [102.85823, 7.46753], [102.86805, 7.45036], [102.87385, 7.43071], [102.87298, 7.42696], [102.869, 7.41869], [102.86705, 7.41087], [102.86383, 7.40669], [102.86383, 7.40736]]]}, "properties": {"feature_type": "field", "feature_class": "Gas/Oil Field (offshore, undifferentiated)", "inset": "peninsular", "candidate_name": "Tapi", "name_source": "vector text (unverified)", "label_gap_px": 0.0, "area_px": 210.4, "longitude": 102.83287, "latitude": 7.44394}}, {"type": "Feature", "geometry": {"type": "Polygon", "coordinates": [[[103.36207, 7.30798], [103.361, 7.29356], [103.36336, 7.27851], [103.36679, 7.26977], [103.38196, 7.24182], [103.38448, 7.23514], [103.38391, 7.22739], [103.38176, 7.22336], [103.379, 7.22159], [103.37589, 7.2219], [103.37113, 7.22593], [103.36438, 7.23983], [103.36017, 7.24429], [103.34826, 7.25166], [103.33924, 7.25296], [103.33792, 7.25533], [103.33654, 7.26262], [103.3384, 7.27792], [103.33785, 7.29596], [103.33628, 7.30534], [103.33025, 7.31979], [103.32968, 7.32373], [103.33031, 7.32645], [103.33436, 7.32991], [103.3443, 7.3315], [103.36028, 7.32995], [103.36904, 7.32762], [103.37094, 7.32596], [103.37121, 7.32257], [103.36207, 7.30798]]]}, "properties": {"feature_type": "field", "feature_class": "Gas/Oil Field (offshore, undifferentiated)", "inset": "peninsular", "candidate_name": "Bumi East Bumi", "name_source": "vector text (unverified)", "label_gap_px": 0.0, "area_px": 117.3, "longitude": 103.35495, "latitude": 7.28226}}, {"type": "Feature", "geometry": {"type": "Polygon", "coordinates": [[[102.96903, 7.44063], [102.96132, 7.43861], [102.95591, 7.43317], [102.9523, 7.42573], [102.94783, 7.40834], [102.94603, 7.40546], [102.94365, 7.40452], [102.93942, 7.40645], [102.93542, 7.41145], [102.93406, 7.4185], [102.93796, 7.44754], [102.94061, 7.45972], [102.9445, 7.46717], [102.9542, 7.47693], [102.96385, 7.48855], [102.96926, 7.49315], [102.9678, 7.48767], [102.96198, 7.47453], [102.96129, 7.46888], [102.96266, 7.46316], [102.96936, 7.44856], [102.96903, 7.43996], [102.96903, 7.44063]]]}, "properties": {"feature_type": "field", "feature_class": "Gas/Oil Field (offshore, undifferentiated)", "inset": "peninsular", "candidate_name": "Mali", "name_source": "vector text (unverified)", "label_gap_px": 0.0, "area_px": 63.6, "longitude": 102.95057, "latitude": 7.44516}}, {"type": "Feature", "geometry": {"type": "Polygon", "coordinates": [[[102.94214, 7.3473], [102.94138, 7.3446], [102.93777, 7.34285], [102.93357, 7.34403], [102.93175, 7.34656], [102.93164, 7.34922], [102.93359, 7.35547], [102.93053, 7.36546], [102.93062, 7.37008], [102.93225, 7.37169], [102.93524, 7.37238], [102.94766, 7.37223], [102.95043, 7.37406], [102.95411, 7.38012], [102.95803, 7.38057], [102.95945, 7.37461], [102.95682, 7.35969], [102.95913, 7.35357], [102.96301, 7.34869], [102.96273, 7.34607], [102.9588, 7.34249], [102.95372, 7.3416], [102.95144, 7.34253], [102.94607, 7.34927], [102.94543, 7.34732], [102.94214, 7.3473]]]}, "properties": {"feature_type": "field", "feature_class": "Gas/Oil Field (offshore, undifferentiated)", "inset": "peninsular", "candidate_name": "Charas", "name_source": "vector text (unverified)", "label_gap_px": 0.0, "area_px": 25.7, "longitude": 102.94647, "latitude": 7.35917}}, {"type": "Feature", "geometry": {"type": "Polygon", "coordinates": [[[103.50136, 7.35609], [103.4987, 7.36636], [103.50101, 7.38106], [103.50083, 7.38655], [103.49518, 7.39718], [103.49417, 7.40198], [103.49491, 7.40419], [103.49768, 7.40669], [103.50106, 7.40838], [103.50417, 7.40855], [103.50568, 7.40789], [103.5097, 7.39851], [103.5171, 7.39834], [103.51971, 7.39666], [103.52091, 7.39317], [103.52191, 7.38018], [103.5269, 7.36987], [103.52777, 7.36272], [103.52572, 7.35377], [103.52038, 7.34523], [103.51698, 7.33723], [103.51478, 7.33568], [103.50947, 7.33716], [103.50056, 7.34361], [103.49882, 7.34885], [103.50136, 7.35609]]]}, "properties": {"feature_type": "field", "feature_class": "Gas/Oil Field (offshore, undifferentiated)", "inset": "peninsular", "candidate_name": "Andalas East", "name_source": "vector text (unverified)", "label_gap_px": 0.0, "area_px": 47.5, "longitude": 103.51093, "latitude": 7.37123}}, {"type": "Feature", "geometry": {"type": "Polygon", "coordinates": [[[103.47287, 7.39085], [103.4724, 7.37289], [103.47015, 7.36275], [103.46291, 7.35125], [103.46082, 7.34985], [103.45838, 7.35015], [103.45536, 7.3528], [103.45313, 7.35761], [103.45334, 7.37754], [103.4481, 7.4016], [103.44782, 7.41529], [103.44858, 7.41932], [103.45049, 7.42231], [103.45322, 7.42345], [103.45548, 7.42307], [103.46511, 7.41592], [103.47228, 7.41738], [103.47181, 7.40067], [103.47225, 7.39894], [103.47555, 7.39886], [103.47287, 7.39085]]]}, "properties": {"feature_type": "field", "feature_class": "Gas/Oil Field (offshore, undifferentiated)", "inset": "peninsular", "candidate_name": "Andalas", "name_source": "vector text (unverified)", "label_gap_px": 0.0, "area_px": 41.0, "longitude": 103.461, "latitude": 7.38916}}, {"type": "Feature", "geometry": {"type": "Polygon", "coordinates": [[[103.31855, 7.33519], [103.30861, 7.33647], [103.30719, 7.33885], [103.30659, 7.34306], [103.3081, 7.34978], [103.31566, 7.36154], [103.3177, 7.36773], [103.31801, 7.3749], [103.31444, 7.38795], [103.31438, 7.38962], [103.3161, 7.38988], [103.3209, 7.38859], [103.32582, 7.38397], [103.33438, 7.36758], [103.33825, 7.3572], [103.3371, 7.35356], [103.33336, 7.34775], [103.33096, 7.33917], [103.32947, 7.33677], [103.32423, 7.33436], [103.31592, 7.33517], [103.31855, 7.33519]]]}, "properties": {"feature_type": "field", "feature_class": "Gas/Oil Field (offshore, undifferentiated)", "inset": "peninsular", "candidate_name": "Jengka South", "name_source": "vector text (unverified)", "label_gap_px": 0.0, "area_px": 34.8, "longitude": 103.32263, "latitude": 7.35753}}, {"type": "Feature", "geometry": {"type": "Polygon", "coordinates": [[[103.35729, 7.44463], [103.35228, 7.43796], [103.35065, 7.43671], [103.34885, 7.43669], [103.34677, 7.43858], [103.34477, 7.44453], [103.34244, 7.44753], [103.33287, 7.45292], [103.32619, 7.46039], [103.31615, 7.46283], [103.31327, 7.46531], [103.31399, 7.46766], [103.32158, 7.47838], [103.32427, 7.48485], [103.32747, 7.51106], [103.3272, 7.51756], [103.33037, 7.52982], [103.32934, 7.53874], [103.32313, 7.54816], [103.32186, 7.55279], [103.32381, 7.5748], [103.32078, 7.60135], [103.32072, 7.61349], [103.3216, 7.61796], [103.32329, 7.62072], [103.32597, 7.62129], [103.32707, 7.60945], [103.329, 7.60231], [103.33218, 7.59784], [103.33913, 7.59285], [103.34065, 7.58928], [103.33929, 7.57405], [103.34512, 7.56438], [103.34286, 7.55158], [103.34474, 7.53512], [103.34954, 7.53501], [103.35269, 7.53406], [103.3545, 7.53241], [103.35537, 7.52752], [103.35472, 7.51503], [103.35661, 7.51102], [103.3652, 7.50038], [103.36737, 7.48594], [103.37281, 7.48146], [103.37651, 7.476], [103.38161, 7.47227], [103.37657, 7.46075], [103.37202, 7.45719], [103.36654, 7.45685], [103.35923, 7.4615], [103.35482, 7.46179], [103.35527, 7.45778], [103.35872, 7.45032], [103.35729, 7.44463]]]}, "properties": {"feature_type": "field", "feature_class": "Gas/Oil Field (offshore, undifferentiated)", "inset": "peninsular", "candidate_name": "Jinda Jengka", "name_source": "vector text (unverified)", "label_gap_px": 0.0, "area_px": 246.4, "longitude": 103.34211, "latitude": 7.50882}}, {"type": "Feature", "geometry": {"type": "Polygon", "coordinates": [[[103.27702, 7.3944], [103.27684, 7.40075], [103.27416, 7.40551], [103.2694, 7.40889], [103.26604, 7.40996], [103.26368, 7.40941], [103.2581, 7.40501], [103.2531, 7.41692], [103.25366, 7.42622], [103.25706, 7.44695], [103.25877, 7.44894], [103.26536, 7.45166], [103.27023, 7.45936], [103.27102, 7.45301], [103.26991, 7.43789], [103.27213, 7.43215], [103.27573, 7.42833], [103.28134, 7.42437], [103.28311, 7.42099], [103.28395, 7.41506], [103.28392, 7.40069], [103.29109, 7.38417], [103.2914, 7.38013], [103.29006, 7.37787], [103.28815, 7.37724], [103.2862, 7.37832], [103.27736, 7.38855], [103.27655, 7.39085], [103.27768, 7.39441], [103.27702, 7.3944]]]}, "properties": {"feature_type": "field", "feature_class": "Gas/Oil Field (offshore, undifferentiated)", "inset": "peninsular", "candidate_name": "Jengka South", "name_source": "vector text (unverified)", "label_gap_px": 0.0, "area_px": 61.8, "longitude": 103.27028, "latitude": 7.41879}}, {"type": "Feature", "geometry": {"type": "Polygon", "coordinates": [[[103.38721, 7.44078], [103.38152, 7.44776], [103.37447, 7.46308], [103.373, 7.47521], [103.37937, 7.47494], [103.38702, 7.4705], [103.39568, 7.46949], [103.39783, 7.46816], [103.39974, 7.46484], [103.40037, 7.45882], [103.39854, 7.45268], [103.39601, 7.44922], [103.38928, 7.44414], [103.38721, 7.44078]]]}, "properties": {"feature_type": "field", "feature_class": "Gas/Oil Field (offshore, undifferentiated)", "inset": "peninsular", "candidate_name": "Jengka East", "name_source": "vector text (unverified)", "label_gap_px": 0.0, "area_px": 17.7, "longitude": 103.38679, "latitude": 7.45988}}, {"type": "Feature", "geometry": {"type": "Polygon", "coordinates": [[[103.27233, 7.55603], [103.27545, 7.54435], [103.27545, 7.53926], [103.26735, 7.53914], [103.25888, 7.54057], [103.25218, 7.54361], [103.23876, 7.55405], [103.22151, 7.57014], [103.22101, 7.57306], [103.22667, 7.59148], [103.23372, 7.60198], [103.23822, 7.60651], [103.24153, 7.60778], [103.24565, 7.60549], [103.24683, 7.60215], [103.24786, 7.59084], [103.25293, 7.57893], [103.25843, 7.57038], [103.27233, 7.55603]]]}, "properties": {"feature_type": "field", "feature_class": "Gas/Oil Field (offshore, undifferentiated)", "inset": "peninsular", "candidate_name": "Jinda Jengka", "name_source": "vector text (unverified)", "label_gap_px": 0.0, "area_px": 74.0, "longitude": 103.24626, "latitude": 7.56969}}, {"type": "Feature", "geometry": {"type": "Polygon", "coordinates": [[[103.13329, 7.39183], [103.13137, 7.38015], [103.1318, 7.37249], [103.13368, 7.3689], [103.14247, 7.36152], [103.14447, 7.35674], [103.14292, 7.34678], [103.13959, 7.34141], [103.13353, 7.34373], [103.12197, 7.35178], [103.11947, 7.35436], [103.11827, 7.35721], [103.11705, 7.39994], [103.11887, 7.405], [103.12334, 7.40945], [103.12574, 7.40977], [103.12752, 7.40817], [103.13397, 7.39113], [103.13329, 7.39183]]]}, "properties": {"feature_type": "field", "feature_class": "Gas/Oil Field (offshore, undifferentiated)", "inset": "peninsular", "candidate_name": "Thanthong", "name_source": "vector text (unverified)", "label_gap_px": 0.0, "area_px": 39.0, "longitude": 103.12798, "latitude": 7.3727}}, {"type": "Feature", "geometry": {"type": "Polygon", "coordinates": [[[103.12247, 7.49258], [103.12339, 7.49623], [103.12288, 7.49026], [103.12151, 7.487], [103.11939, 7.48509], [103.11657, 7.48517], [103.11273, 7.48819], [103.10736, 7.49449], [103.10432, 7.49939], [103.10332, 7.50309], [103.10381, 7.50922], [103.1103, 7.52205], [103.11134, 7.52596], [103.10934, 7.5518], [103.11156, 7.55638], [103.11504, 7.55902], [103.11635, 7.55901], [103.11827, 7.55704], [103.11986, 7.55136], [103.12051, 7.54569], [103.1195, 7.5304], [103.12115, 7.52693], [103.1262, 7.52089], [103.12697, 7.51797], [103.12294, 7.50352], [103.12247, 7.49258]]]}, "properties": {"feature_type": "field", "feature_class": "Gas/Oil Field (offshore, undifferentiated)", "inset": "peninsular", "candidate_name": "Muda Southeast", "name_source": "vector text (unverified)", "label_gap_px": 0.0, "area_px": 39.9, "longitude": 103.11533, "latitude": 7.51782}}, {"type": "Feature", "geometry": {"type": "Polygon", "coordinates": [[[103.15571, 7.47116], [103.15511, 7.45983], [103.15342, 7.45783], [103.15099, 7.45683], [103.14893, 7.45727], [103.14582, 7.46139], [103.14388, 7.46795], [103.14048, 7.50034], [103.13149, 7.53736], [103.1316, 7.5388], [103.13369, 7.53864], [103.13641, 7.53367], [103.13853, 7.5328], [103.14023, 7.5352], [103.1421, 7.54231], [103.14497, 7.54489], [103.14634, 7.5428], [103.14736, 7.52975], [103.15253, 7.52343], [103.15506, 7.51453], [103.15995, 7.50951], [103.16261, 7.49986], [103.16684, 7.4961], [103.16861, 7.48949], [103.17195, 7.48736], [103.17412, 7.48249], [103.17385, 7.47849], [103.17274, 7.47759], [103.1655, 7.48143], [103.16075, 7.48062], [103.15733, 7.47659], [103.15571, 7.47116]]]}, "properties": {"feature_type": "field", "feature_class": "Gas/Oil Field (offshore, undifferentiated)", "inset": "peninsular", "candidate_name": "Amarit", "name_source": "vector text (unverified)", "label_gap_px": 0.0, "area_px": 77.6, "longitude": 103.15026, "latitude": 7.49903}}, {"type": "Feature", "geometry": {"type": "Polygon", "coordinates": [[[103.01743, 7.60596], [103.00871, 7.6141], [103.00459, 7.61441], [103.00146, 7.6123], [103.00132, 7.60614], [103.00574, 7.60154], [103.00759, 7.59626], [103.0088, 7.58265], [103.00696, 7.56982], [103.00544, 7.5672], [103.00157, 7.56594], [102.99806, 7.5699], [102.99493, 7.58241], [102.98895, 7.59021], [102.98253, 7.59411], [102.97524, 7.5957], [102.97167, 7.59493], [102.9634, 7.59041], [102.95924, 7.59092], [102.95776, 7.5927], [102.95736, 7.5965], [102.96236, 7.60645], [102.96273, 7.61017], [102.95835, 7.60996], [102.95126, 7.60645], [102.94789, 7.6061], [102.94369, 7.60939], [102.94036, 7.6173], [102.93331, 7.61939], [102.93192, 7.62086], [102.93154, 7.62359], [102.93959, 7.63248], [102.94319, 7.65071], [102.94582, 7.65369], [102.94781, 7.654], [102.95065, 7.64998], [102.95384, 7.63393], [102.95593, 7.62827], [102.95923, 7.62374], [102.9622, 7.62217], [102.9682, 7.62277], [102.97472, 7.62657], [102.97814, 7.62698], [102.98108, 7.6261], [102.98597, 7.62237], [102.9905, 7.62102], [102.99214, 7.62298], [102.993, 7.62842], [102.99506, 7.63124], [102.99971, 7.63134], [103.00355, 7.62811], [103.00559, 7.62761], [103.00767, 7.6281], [103.01125, 7.63153], [103.01576, 7.63118], [103.01938, 7.62622], [103.02176, 7.61726], [103.02106, 7.60816], [103.01798, 7.60516], [103.01545, 7.60529], [103.01743, 7.60596]]]}, "properties": {"feature_type": "field", "feature_class": "Gas/Oil Field (offshore, undifferentiated)", "inset": "peninsular", "candidate_name": "Tanjung Muda Muda", "name_source": "vector text (unverified)", "label_gap_px": 0.0, "area_px": 153.8, "longitude": 102.97933, "latitude": 7.61148}}, {"type": "Feature", "geometry": {"type": "Polygon", "coordinates": [[[103.04904, 7.58437], [103.0494, 7.56824], [103.05568, 7.55632], [103.05672, 7.5514], [103.05629, 7.54554], [103.05455, 7.53963], [103.05261, 7.53665], [103.0491, 7.5347], [103.04732, 7.53475], [103.04498, 7.53716], [103.0416, 7.55458], [103.03331, 7.56558], [103.03087, 7.57035], [103.02545, 7.59869], [103.01762, 7.6087], [103.01838, 7.62096], [103.01772, 7.62411], [103.01537, 7.62739], [103.00902, 7.63237], [103.00624, 7.63873], [103.00874, 7.6425], [103.02335, 7.64832], [103.02769, 7.65343], [103.0286, 7.6566], [103.02746, 7.66246], [103.02043, 7.6731], [103.01863, 7.6784], [103.02177, 7.67873], [103.02333, 7.68068], [103.0241, 7.68974], [103.02915, 7.68953], [103.04268, 7.68553], [103.05596, 7.68675], [103.05861, 7.68609], [103.06068, 7.68366], [103.06545, 7.67157], [103.06992, 7.66696], [103.0767, 7.6646], [103.09221, 7.66274], [103.0957, 7.66073], [103.09815, 7.65719], [103.11277, 7.65588], [103.11707, 7.65235], [103.1193, 7.64671], [103.11937, 7.63415], [103.10688, 7.6338], [103.10315, 7.63223], [103.10181, 7.63062], [103.10056, 7.62341], [103.10365, 7.61059], [103.10285, 7.60685], [103.10158, 7.60537], [103.09851, 7.60417], [103.09393, 7.60684], [103.08992, 7.60777], [103.08524, 7.60438], [103.08087, 7.60469], [103.07775, 7.60948], [103.07572, 7.62026], [103.0681, 7.61628], [103.0582, 7.60582], [103.05318, 7.59725], [103.04904, 7.58437]]]}, "properties": {"feature_type": "field", "feature_class": "Gas/Oil Field (offshore, undifferentiated)", "inset": "peninsular", "candidate_name": "Muda Southeast", "name_source": "vector text (unverified)", "label_gap_px": 0.0, "area_px": 345.1, "longitude": 103.05626, "latitude": 7.6301}}, {"type": "Feature", "geometry": {"type": "Polygon", "coordinates": [[[103.12133, 7.65383], [103.12014, 7.67404], [103.11591, 7.69186], [103.11551, 7.69886], [103.12664, 7.69196], [103.13069, 7.68686], [103.13403, 7.66693], [103.13763, 7.66105], [103.14475, 7.65713], [103.14726, 7.65406], [103.15575, 7.63384], [103.1558, 7.63085], [103.15442, 7.6278], [103.15278, 7.62857], [103.14732, 7.63761], [103.14423, 7.63936], [103.13299, 7.64269], [103.12614, 7.65076], [103.12133, 7.65383]]]}, "properties": {"feature_type": "field", "feature_class": "Gas/Oil Field (offshore, undifferentiated)", "inset": "peninsular", "candidate_name": "Tanjung Muda Muda", "name_source": "vector text (unverified)", "label_gap_px": 0.0, "area_px": 58.2, "longitude": 103.13257, "latitude": 7.66226}}, {"type": "Feature", "geometry": {"type": "Polygon", "coordinates": [[[103.38901, 7.49267], [103.38473, 7.49204], [103.38178, 7.48983], [103.37953, 7.48452], [103.37949, 7.47814], [103.37813, 7.47906], [103.37648, 7.48133], [103.37347, 7.49244], [103.36579, 7.50074], [103.36295, 7.50564], [103.36127, 7.51419], [103.36181, 7.53224], [103.36495, 7.53346], [103.36872, 7.53266], [103.37025, 7.52891], [103.3719, 7.51915], [103.37417, 7.51657], [103.40337, 7.50869], [103.40927, 7.50473], [103.41049, 7.50001], [103.40983, 7.49681], [103.4072, 7.49285], [103.40113, 7.4918], [103.38902, 7.494], [103.38901, 7.49267]]]}, "properties": {"feature_type": "field", "feature_class": "Gas/Oil Field (offshore, undifferentiated)", "inset": "peninsular", "candidate_name": "Jengka East", "name_source": "vector text (unverified)", "label_gap_px": 0.0, "area_px": 57.6, "longitude": 103.38193, "latitude": 7.50535}}, {"type": "Feature", "geometry": {"type": "Polygon", "coordinates": [[[103.06595, 7.07089], [103.05971, 7.06406], [103.05342, 7.06195], [103.04923, 7.06305], [103.04729, 7.06457], [103.04542, 7.06833], [103.04625, 7.07538], [103.05215, 7.09405], [103.05466, 7.09862], [103.05756, 7.10071], [103.06058, 7.09989], [103.0642, 7.09377], [103.0677, 7.07002], [103.06595, 7.07089]]]}, "properties": {"feature_type": "field", "feature_class": "Gas/Oil Field (offshore, undifferentiated)", "inset": "peninsular", "candidate_name": "Bumi South Bulan South", "name_source": "vector text (unverified)", "label_gap_px": 0.0, "area_px": 21.6, "longitude": 103.05664, "latitude": 7.07957}}, {"type": "Feature", "geometry": {"type": "Polygon", "coordinates": [[[103.65189, 6.58884], [103.64291, 6.58295], [103.63882, 6.58234], [103.6369, 6.58316], [103.6333, 6.58778], [103.63165, 6.5919], [103.6304, 6.59683], [103.63076, 6.60442], [103.63398, 6.60962], [103.64167, 6.61468], [103.65623, 6.62116], [103.66348, 6.621], [103.6666, 6.61744], [103.66727, 6.61422], [103.66605, 6.60763], [103.66209, 6.60287], [103.65206, 6.59397], [103.64903, 6.58742], [103.65189, 6.58884]]]}, "properties": {"feature_type": "field", "feature_class": "Gas/Oil Field (offshore, undifferentiated)", "inset": "peninsular", "candidate_name": "Jerneh Barat Jerneh", "name_source": "vector text (unverified)", "label_gap_px": 0.0, "area_px": 38.4, "longitude": 103.64752, "latitude": 6.60326}}, {"type": "Feature", "geometry": {"type": "Polygon", "coordinates": [[[103.75394, 6.01407], [103.75884, 6.00729], [103.76054, 6.00115], [103.75856, 5.99531], [103.75364, 5.99224], [103.74257, 5.99073], [103.73104, 5.99168], [103.7205, 5.99467], [103.70618, 6.00157], [103.69453, 6.01128], [103.68992, 6.01925], [103.68805, 6.0374], [103.68908, 6.04704], [103.69056, 6.05112], [103.6929, 6.05432], [103.69626, 6.05634], [103.70078, 6.05689], [103.70664, 6.05569], [103.71784, 6.05073], [103.72764, 6.05037], [103.73093, 6.04921], [103.73975, 6.03801], [103.75025, 6.0272], [103.75661, 6.01254], [103.75394, 6.01407]]]}, "properties": {"feature_type": "field", "feature_class": "Gas/Oil Field (offshore, undifferentiated)", "inset": "peninsular", "candidate_name": "Tujoh", "name_source": "vector text (unverified)", "label_gap_px": 0.0, "area_px": 105.0, "longitude": 103.72186, "latitude": 6.0222}}, {"type": "Feature", "geometry": {"type": "Polygon", "coordinates": [[[104.04324, 6.30586], [104.03821, 6.30228], [104.03974, 6.30336], [104.03992, 6.2973], [104.03857, 6.29308], [104.03596, 6.29104], [104.03237, 6.2908], [104.02809, 6.29199], [104.01861, 6.29719], [104.00641, 6.3065], [104.00266, 6.3101], [103.99697, 6.31837], [103.99505, 6.32293], [103.99313, 6.33269], [103.99383, 6.34296], [103.99872, 6.35606], [104.00254, 6.36063], [104.00737, 6.36403], [104.01602, 6.36677], [104.02636, 6.36626], [104.03064, 6.36353], [104.03275, 6.35256], [104.0358, 6.34831], [104.04875, 6.3545], [104.05652, 6.35564], [104.06137, 6.3542], [104.06827, 6.35037], [104.07397, 6.34495], [104.07667, 6.34068], [104.07973, 6.32853], [104.08016, 6.31237], [104.07821, 6.3027], [104.07392, 6.29626], [104.06958, 6.29438], [104.0649, 6.29441], [104.05584, 6.29808], [104.04614, 6.30509], [104.04402, 6.30551], [104.04061, 6.30398], [104.04324, 6.30586]]]}, "properties": {"feature_type": "field", "feature_class": "Gas/Oil Field (offshore, undifferentiated)", "inset": "peninsular", "candidate_name": "Laho", "name_source": "vector text (unverified)", "label_gap_px": 0.0, "area_px": 152.1, "longitude": 104.03622, "latitude": 6.32811}}, {"type": "Feature", "geometry": {"type": "Polygon", "coordinates": [[[104.29564, 5.9589], [104.29458, 5.9528], [104.29203, 5.94712], [104.28772, 5.94168], [104.28279, 5.93811], [104.27915, 5.93914], [104.27081, 5.94708], [104.26452, 5.9502], [104.25893, 5.95087], [104.24946, 5.94978], [104.24608, 5.95048], [104.24395, 5.95289], [104.24385, 5.95772], [104.24948, 5.96505], [104.25053, 5.96816], [104.24841, 5.97963], [104.24929, 5.98442], [104.25148, 5.98634], [104.25522, 5.98699], [104.26006, 5.98625], [104.27535, 5.98053], [104.29167, 5.98119], [104.29452, 5.97672], [104.29528, 5.96849], [104.30029, 5.96354], [104.3001, 5.96092], [104.29884, 5.9592], [104.29564, 5.9589]]]}, "properties": {"feature_type": "field", "feature_class": "Gas/Oil Field (offshore, undifferentiated)", "inset": "peninsular", "candidate_name": "Tangga", "name_source": "vector text (unverified)", "label_gap_px": 0.0, "area_px": 56.5, "longitude": 104.27199, "latitude": 5.96405}}, {"type": "Feature", "geometry": {"type": "Polygon", "coordinates": [[[104.23215, 5.95103], [104.22823, 5.93578], [104.22503, 5.93124], [104.2216, 5.92896], [104.21588, 5.92707], [104.21175, 5.92162], [104.20735, 5.91956], [104.19849, 5.92026], [104.18221, 5.92871], [104.18227, 5.93638], [104.18366, 5.94254], [104.18592, 5.9462], [104.18968, 5.94976], [104.19453, 5.95241], [104.20454, 5.95569], [104.21433, 5.96191], [104.2333, 5.96689], [104.23532, 5.96526], [104.23629, 5.95905], [104.23215, 5.95103]]]}, "properties": {"feature_type": "field", "feature_class": "Gas/Oil Field (offshore, undifferentiated)", "inset": "peninsular", "candidate_name": "Tangga Barat", "name_source": "vector text (unverified)", "label_gap_px": 0.0, "area_px": 52.0, "longitude": 104.20923, "latitude": 5.94218}}, {"type": "Feature", "geometry": {"type": "Polygon", "coordinates": [[[104.12762, 6.15837], [104.12895, 6.16037], [104.12771, 6.15501], [104.12591, 6.15323], [104.12072, 6.15104], [104.09466, 6.14822], [104.0859, 6.14901], [104.07255, 6.15467], [104.05711, 6.15896], [104.04921, 6.1633], [104.04471, 6.16831], [104.0415, 6.17486], [104.04062, 6.18026], [104.04158, 6.18575], [104.04323, 6.18885], [104.04749, 6.19117], [104.06648, 6.18468], [104.06691, 6.18923], [104.06834, 6.19262], [104.07073, 6.195], [104.07335, 6.19587], [104.08159, 6.19214], [104.08638, 6.19115], [104.10688, 6.1915], [104.1183, 6.1892], [104.12488, 6.18601], [104.12916, 6.18095], [104.12986, 6.17363], [104.12762, 6.15837]]]}, "properties": {"feature_type": "field", "feature_class": "Gas/Oil Field (offshore, undifferentiated)", "inset": "peninsular", "candidate_name": "Melor", "name_source": "vector text (unverified)", "label_gap_px": 0.0, "area_px": 85.1, "longitude": 104.08811, "latitude": 6.17179}}, {"type": "Feature", "geometry": {"type": "Polygon", "coordinates": [[[104.13636, 5.47056], [104.13884, 5.46518], [104.15499, 5.44655], [104.15672, 5.44319], [104.15706, 5.44014], [104.15564, 5.43746], [104.15294, 5.43609], [104.14956, 5.43636], [104.14146, 5.44058], [104.13285, 5.4476], [104.11767, 5.46245], [104.11227, 5.46869], [104.1079, 5.47589], [104.10643, 5.48312], [104.10737, 5.48644], [104.10973, 5.48942], [104.11375, 5.49193], [104.11744, 5.49292], [104.12493, 5.49156], [104.12841, 5.48954], [104.1341, 5.48368], [104.13704, 5.47652], [104.13636, 5.47056]]]}, "properties": {"feature_type": "field", "feature_class": "Gas/Oil Field (offshore, undifferentiated)", "inset": "peninsular", "candidate_name": "Ketumbar", "name_source": "vector text (unverified)", "label_gap_px": 0.0, "area_px": 79.9, "longitude": 104.12976, "latitude": 5.46624}}, {"type": "Feature", "geometry": {"type": "Polygon", "coordinates": [[[105.44372, 5.46138], [105.42293, 5.46311], [105.42142, 5.46405], [105.42112, 5.46561], [105.42334, 5.46781], [105.42909, 5.47], [105.44208, 5.47012], [105.44473, 5.4684], [105.44588, 5.46499], [105.44572, 5.46238], [105.44372, 5.46138]]]}, "properties": {"feature_type": "field", "feature_class": "Gas/Oil Field (offshore, undifferentiated)", "inset": "peninsular", "candidate_name": "Tinggi", "name_source": "vector text (unverified)", "label_gap_px": 0.0, "area_px": 4.7, "longitude": 105.43451, "latitude": 5.46587}}, {"type": "Feature", "geometry": {"type": "Polygon", "coordinates": [[[105.3084, 5.45609], [105.30758, 5.45174], [105.30415, 5.4498], [105.29889, 5.45015], [105.29437, 5.4532], [105.28875, 5.46371], [105.2879, 5.4673], [105.28855, 5.4787], [105.29172, 5.48318], [105.29614, 5.4834], [105.29987, 5.4814], [105.30174, 5.47809], [105.30368, 5.46633], [105.30891, 5.46645], [105.31107, 5.46443], [105.3109, 5.45591], [105.3084, 5.45609]]]}, "properties": {"feature_type": "field", "feature_class": "Gas/Oil Field (offshore, undifferentiated)", "inset": "peninsular", "candidate_name": "Tiong Pendera", "name_source": "vector text (unverified)", "label_gap_px": 0.0, "area_px": 16.5, "longitude": 105.29835, "latitude": 5.46571}}, {"type": "Feature", "geometry": {"type": "Polygon", "coordinates": [[[105.27617, 5.51892], [105.27525, 5.51362], [105.27251, 5.51223], [105.26923, 5.51239], [105.26595, 5.5145], [105.26294, 5.51493], [105.26164, 5.51656], [105.26183, 5.52234], [105.26464, 5.52371], [105.26836, 5.52381], [105.272, 5.51973], [105.27617, 5.51892]]]}, "properties": {"feature_type": "field", "feature_class": "Gas/Oil Field (offshore, undifferentiated)", "inset": "peninsular", "candidate_name": "Tiong Pendera", "name_source": "vector text (unverified)", "label_gap_px": 0.0, "area_px": 3.8, "longitude": 105.26842, "latitude": 5.51787}}, {"type": "Feature", "geometry": {"type": "Polygon", "coordinates": [[[105.20106, 5.38668], [105.19859, 5.38968], [105.19225, 5.39275], [105.17356, 5.39413], [105.16733, 5.39698], [105.16294, 5.40378], [105.16012, 5.41372], [105.16037, 5.41979], [105.16142, 5.42215], [105.16591, 5.42476], [105.17355, 5.42413], [105.19102, 5.41893], [105.19481, 5.41897], [105.19802, 5.42041], [105.19886, 5.42152], [105.19875, 5.42404], [105.19212, 5.43372], [105.1907, 5.44542], [105.18794, 5.45083], [105.1887, 5.45323], [105.19277, 5.45474], [105.19914, 5.45466], [105.20315, 5.4524], [105.20546, 5.44905], [105.2116, 5.43515], [105.21499, 5.43119], [105.22128, 5.42653], [105.23435, 5.42171], [105.23853, 5.42172], [105.24613, 5.42361], [105.24933, 5.42265], [105.25149, 5.41894], [105.252, 5.40794], [105.25568, 5.40035], [105.25483, 5.39579], [105.25038, 5.39104], [105.2468, 5.38434], [105.24435, 5.38183], [105.2307, 5.3805], [105.22007, 5.37539], [105.2132, 5.37475], [105.20762, 5.37558], [105.20568, 5.37746], [105.20403, 5.38312], [105.20189, 5.38624], [105.20401, 5.38735], [105.20106, 5.38668]]]}, "properties": {"feature_type": "field", "feature_class": "Gas/Oil Field (offshore, undifferentiated)", "inset": "peninsular", "candidate_name": "Bekok", "name_source": "vector text (unverified)", "label_gap_px": 0.0, "area_px": 144.3, "longitude": 105.20988, "latitude": 5.40861}}, {"type": "Feature", "geometry": {"type": "Polygon", "coordinates": [[[105.22182, 5.48222], [105.21467, 5.4768], [105.20897, 5.47613], [105.20482, 5.47685], [105.20397, 5.47815], [105.2044, 5.48004], [105.20896, 5.48376], [105.2093, 5.48602], [105.20754, 5.48702], [105.20098, 5.48694], [105.19794, 5.48798], [105.19666, 5.48999], [105.19652, 5.49424], [105.19035, 5.49745], [105.18822, 5.50192], [105.18372, 5.50552], [105.18358, 5.50746], [105.18511, 5.50848], [105.18732, 5.50839], [105.19473, 5.50577], [105.19922, 5.50531], [105.20061, 5.50591], [105.20211, 5.50852], [105.20485, 5.50954], [105.21098, 5.50783], [105.21603, 5.50939], [105.22026, 5.50638], [105.22454, 5.50776], [105.22699, 5.50729], [105.22801, 5.50484], [105.22701, 5.50046], [105.22825, 5.4948], [105.22317, 5.48637], [105.22235, 5.4833], [105.22124, 5.48261], [105.22182, 5.48222]]]}, "properties": {"feature_type": "field", "feature_class": "Gas/Oil Field (offshore, undifferentiated)", "inset": "peninsular", "candidate_name": "Tiong Pendera", "name_source": "vector text (unverified)", "label_gap_px": 0.0, "area_px": 29.4, "longitude": 105.20977, "latitude": 5.49564}}, {"type": "Feature", "geometry": {"type": "Polygon", "coordinates": [[[105.17471, 5.62189], [105.17919, 5.61545], [105.18994, 5.61072], [105.18993, 5.60667], [105.18831, 5.60309], [105.18156, 5.59755], [105.17222, 5.59455], [105.16284, 5.59453], [105.15894, 5.59578], [105.15598, 5.59793], [105.15202, 5.60544], [105.14889, 5.60801], [105.13653, 5.61037], [105.13347, 5.61178], [105.13119, 5.61486], [105.12826, 5.62351], [105.1254, 5.62578], [105.11808, 5.62907], [105.11599, 5.63162], [105.11564, 5.63575], [105.11888, 5.63887], [105.14162, 5.65105], [105.14825, 5.65178], [105.16857, 5.65065], [105.17449, 5.648], [105.17624, 5.64432], [105.17591, 5.64049], [105.17107, 5.63029], [105.17154, 5.62695], [105.17535, 5.62173], [105.17471, 5.62189]]]}, "properties": {"feature_type": "field", "feature_class": "Gas/Oil Field (offshore, undifferentiated)", "inset": "peninsular", "candidate_name": "Palas", "name_source": "vector text (unverified)", "label_gap_px": 0.0, "area_px": 94.9, "longitude": 105.15437, "latitude": 5.62484}}, {"type": "Feature", "geometry": {"type": "Polygon", "coordinates": [[[105.04655, 5.62767], [105.03053, 5.62126], [105.02076, 5.61159], [105.01479, 5.6095], [105.00681, 5.61074], [104.99196, 5.61786], [104.97305, 5.61886], [104.96771, 5.62293], [104.96315, 5.63747], [104.95383, 5.64679], [104.95192, 5.65215], [104.95346, 5.6553], [104.95756, 5.65801], [104.98762, 5.6675], [104.9925, 5.66772], [105.0055, 5.66454], [105.01878, 5.66635], [105.0408, 5.65774], [105.04728, 5.65382], [105.05176, 5.64913], [105.05405, 5.64893], [105.05743, 5.64689], [105.05925, 5.64148], [105.05814, 5.63763], [105.05531, 5.63485], [105.05414, 5.63193], [105.04655, 5.62767]]]}, "properties": {"feature_type": "field", "feature_class": "Gas/Oil Field (offshore, undifferentiated)", "inset": "peninsular", "candidate_name": "Guntong", "name_source": "vector text (unverified)", "label_gap_px": 0.0, "area_px": 123.9, "longitude": 105.00489, "latitude": 5.64094}}, {"type": "Feature", "geometry": {"type": "Polygon", "coordinates": [[[104.92411, 5.65901], [104.92425, 5.65987], [104.92239, 5.66064], [104.91808, 5.66074], [104.90207, 5.65588], [104.89257, 5.65522], [104.88483, 5.65604], [104.88084, 5.65828], [104.87379, 5.66593], [104.86233, 5.67142], [104.85556, 5.67357], [104.85547, 5.67628], [104.8574, 5.6801], [104.86368, 5.68278], [104.87433, 5.68304], [104.88458, 5.6807], [104.88808, 5.68179], [104.89402, 5.68573], [104.89858, 5.68598], [104.90571, 5.68005], [104.91644, 5.67805], [104.92604, 5.67355], [104.93119, 5.67327], [104.93121, 5.66972], [104.92962, 5.66493], [104.92411, 5.65901]]]}, "properties": {"feature_type": "field", "feature_class": "Gas/Oil Field (offshore, undifferentiated)", "inset": "peninsular", "candidate_name": "Tabu", "name_source": "vector text (unverified)", "label_gap_px": 0.0, "area_px": 44.7, "longitude": 104.89442, "latitude": 5.6705}}, {"type": "Feature", "geometry": {"type": "Polygon", "coordinates": [[[104.82, 5.66378], [104.8108, 5.6624], [104.79548, 5.66416], [104.77952, 5.66355], [104.77584, 5.66468], [104.77075, 5.67034], [104.76541, 5.67111], [104.76296, 5.67006], [104.75898, 5.66584], [104.75147, 5.65155], [104.74802, 5.6478], [104.74249, 5.64486], [104.73797, 5.64608], [104.7361, 5.64971], [104.73564, 5.65423], [104.74109, 5.66856], [104.74132, 5.68014], [104.73987, 5.68998], [104.73166, 5.71459], [104.7288, 5.72856], [104.72874, 5.73876], [104.73141, 5.74384], [104.73735, 5.74643], [104.74135, 5.74643], [104.74462, 5.74541], [104.74932, 5.74093], [104.75219, 5.73425], [104.75855, 5.70855], [104.76193, 5.70222], [104.76688, 5.69767], [104.77385, 5.69577], [104.77824, 5.69609], [104.78773, 5.69974], [104.7905, 5.69857], [104.79599, 5.69157], [104.79839, 5.68996], [104.8034, 5.68947], [104.81438, 5.69313], [104.81884, 5.69255], [104.82122, 5.69105], [104.82577, 5.68357], [104.82701, 5.6762], [104.8252, 5.67029], [104.82087, 5.67001], [104.82, 5.66378]]]}, "properties": {"feature_type": "field", "feature_class": "Gas/Oil Field (offshore, undifferentiated)", "inset": "peninsular", "candidate_name": "Telok", "name_source": "vector text (unverified)", "label_gap_px": 0.0, "area_px": 198.5, "longitude": 104.76775, "latitude": 5.68997}}, {"type": "Feature", "geometry": {"type": "Polygon", "coordinates": [[[104.95355, 5.34411], [104.95329, 5.33307], [104.95188, 5.32876], [104.94859, 5.32601], [104.94265, 5.32541], [104.92673, 5.33039], [104.91591, 5.33083], [104.91158, 5.33314], [104.90549, 5.33928], [104.90207, 5.34037], [104.88887, 5.33295], [104.88506, 5.33209], [104.88069, 5.33286], [104.87408, 5.33623], [104.86747, 5.34124], [104.86465, 5.34488], [104.86411, 5.34824], [104.86683, 5.35286], [104.87709, 5.35844], [104.88414, 5.36533], [104.88785, 5.36587], [104.89836, 5.36349], [104.91215, 5.36774], [104.9163, 5.36806], [104.93201, 5.36282], [104.93906, 5.35698], [104.94994, 5.35224], [104.95206, 5.34949], [104.95251, 5.34476], [104.95478, 5.34535], [104.95355, 5.34411]]]}, "properties": {"feature_type": "field", "feature_class": "Gas/Oil Field (offshore, undifferentiated)", "inset": "peninsular", "candidate_name": "Berantai", "name_source": "vector text (unverified)", "label_gap_px": 0.0, "area_px": 73.4, "longitude": 104.91173, "latitude": 5.34723}}, {"type": "Feature", "geometry": {"type": "Polygon", "coordinates": [[[105.41701, 5.22041], [105.41238, 5.21726], [105.40494, 5.21418], [105.39248, 5.21194], [105.38523, 5.21293], [105.38242, 5.21441], [105.37993, 5.21679], [105.37822, 5.22172], [105.3814, 5.22911], [105.39185, 5.23998], [105.39916, 5.24497], [105.40715, 5.24655], [105.41577, 5.24324], [105.41907, 5.24047], [105.42128, 5.23705], [105.42214, 5.23249], [105.42156, 5.22744], [105.41701, 5.22041]]]}, "properties": {"feature_type": "field", "feature_class": "Gas/Oil Field (offshore, undifferentiated)", "inset": "peninsular", "candidate_name": "Payung", "name_source": "vector text (unverified)", "label_gap_px": 0.0, "area_px": 37.3, "longitude": 105.40099, "latitude": 5.22838}}, {"type": "Feature", "geometry": {"type": "Polygon", "coordinates": [[[105.2383, 5.27986], [105.23495, 5.28165], [105.22971, 5.28198], [105.22523, 5.28016], [105.22058, 5.27986], [105.21309, 5.27628], [105.21134, 5.27887], [105.21461, 5.28642], [105.21855, 5.29057], [105.22466, 5.29335], [105.23352, 5.29467], [105.23738, 5.29429], [105.23915, 5.2921], [105.24022, 5.27994], [105.2383, 5.27986]]]}, "properties": {"feature_type": "field", "feature_class": "Gas/Oil Field (offshore, undifferentiated)", "inset": "peninsular", "candidate_name": "Jitang", "name_source": "vector text (unverified)", "label_gap_px": 0.0, "area_px": 11.4, "longitude": 105.22681, "latitude": 5.28618}}, {"type": "Feature", "geometry": {"type": "Polygon", "coordinates": [[[105.55235, 5.2444], [105.53975, 5.23523], [105.52906, 5.23286], [105.52341, 5.22746], [105.51893, 5.22588], [105.5154, 5.22638], [105.51229, 5.22815], [105.50384, 5.23706], [105.50312, 5.2392], [105.50372, 5.24362], [105.50825, 5.2465], [105.51907, 5.26335], [105.52496, 5.26873], [105.52812, 5.26984], [105.5314, 5.26946], [105.53755, 5.2654], [105.5448, 5.26526], [105.54591, 5.25896], [105.55, 5.25473], [105.55153, 5.25029], [105.55235, 5.2444]], [[105.54912, 5.24231], [105.5518, 5.24464], [105.55065, 5.24366], [105.54912, 5.24231]]]}, "properties": {"feature_type": "field", "feature_class": "Gas/Oil Field (offshore, undifferentiated)", "inset": "peninsular", "candidate_name": "Ledang", "name_source": "vector text (unverified)", "label_gap_px": 0.0, "area_px": 48.3, "longitude": 105.52785, "latitude": 5.24756}}, {"type": "Feature", "geometry": {"type": "Polygon", "coordinates": [[[105.55272, 5.31668], [105.53565, 5.31371], [105.52946, 5.31457], [105.52661, 5.31699], [105.5254, 5.32046], [105.52589, 5.331], [105.52985, 5.33164], [105.53454, 5.32958], [105.53822, 5.32933], [105.54896, 5.33494], [105.55365, 5.33589], [105.5555, 5.33536], [105.55624, 5.33304], [105.55518, 5.32277], [105.55429, 5.31878], [105.55272, 5.31668]]]}, "properties": {"feature_type": "field", "feature_class": "Gas/Oil Field (offshore, undifferentiated)", "inset": "peninsular", "candidate_name": "Pulai Kaca", "name_source": "vector text (unverified)", "label_gap_px": 0.0, "area_px": 14.8, "longitude": 105.54114, "latitude": 5.32395}}, {"type": "Feature", "geometry": {"type": "Polygon", "coordinates": [[[103.3992, 7.1258], [103.38953, 7.14356], [103.39006, 7.14839], [103.39211, 7.1505], [103.39986, 7.15322], [103.41578, 7.15117], [103.42649, 7.15219], [103.42854, 7.1549], [103.43467, 7.17119], [103.4491, 7.18081], [103.45786, 7.18488], [103.46988, 7.18745], [103.48725, 7.18904], [103.49429, 7.18898], [103.50271, 7.18693], [103.50864, 7.18234], [103.51243, 7.17569], [103.51446, 7.1675], [103.51465, 7.1485], [103.50971, 7.11427], [103.50924, 7.10498], [103.5145, 7.05897], [103.51607, 7.0518], [103.51879, 7.04533], [103.52818, 7.03577], [103.53014, 7.02947], [103.52063, 7.02494], [103.51669, 7.02407], [103.50978, 7.02452], [103.4892, 7.03444], [103.472, 7.04092], [103.46717, 7.04415], [103.45908, 7.05174], [103.44874, 7.05686], [103.44575, 7.0632], [103.44422, 7.07796], [103.44067, 7.08562], [103.42816, 7.09946], [103.41887, 7.11531], [103.40953, 7.12359], [103.40579, 7.1285], [103.3992, 7.1258]]]}, "properties": {"feature_type": "field", "feature_class": "Gas/Oil Field (offshore, undifferentiated)", "inset": "peninsular", "candidate_name": "Bergading", "name_source": "vector text (unverified)", "label_gap_px": 0.0, "area_px": 454.5, "longitude": 103.47054, "latitude": 7.11472}}, {"type": "Feature", "geometry": {"type": "Polygon", "coordinates": [[[104.01113, 7.1482], [104.00865, 7.14426], [104.00529, 7.14235], [103.9928, 7.14144], [103.98268, 7.13812], [103.97941, 7.13815], [103.97635, 7.14], [103.97416, 7.14387], [103.97304, 7.14892], [103.97311, 7.15518], [103.98273, 7.15525], [103.98827, 7.15703], [103.99033, 7.16058], [103.9907, 7.16336], [103.98926, 7.17031], [103.99044, 7.17423], [104.00601, 7.18387], [104.01113, 7.18575], [104.01616, 7.18615], [104.02006, 7.18404], [104.02129, 7.18171], [104.02052, 7.17919], [104.00603, 7.1736], [104.00362, 7.1709], [104.00271, 7.16828], [104.00408, 7.16322], [104.01081, 7.15332], [104.01113, 7.1482]]]}, "properties": {"feature_type": "field", "feature_class": "Gas/Oil Field (offshore, undifferentiated)", "inset": "peninsular", "candidate_name": "Bunga East Bunga Kekwa", "name_source": "vector text (unverified)", "label_gap_px": 0.0, "area_px": 49.8, "longitude": 103.99625, "latitude": 7.15893}}, {"type": "Feature", "geometry": {"type": "Polygon", "coordinates": [[[104.23422, 6.96491], [104.23428, 6.95768], [104.23845, 6.95703], [104.24954, 6.9509], [104.25099, 6.94833], [104.24923, 6.94491], [104.24217, 6.94235], [104.23604, 6.94242], [104.2269, 6.95097], [104.21865, 6.95683], [104.21495, 6.96236], [104.21638, 6.96666], [104.22896, 6.97158], [104.23277, 6.9699], [104.23422, 6.96491]]]}, "properties": {"feature_type": "field", "feature_class": "Gas/Oil Field (offshore, undifferentiated)", "inset": "peninsular", "candidate_name": "Bunga Tulip", "name_source": "vector text (unverified)", "label_gap_px": 0.0, "area_px": 23.0, "longitude": 104.23196, "latitude": 6.95613}}, {"type": "Feature", "geometry": {"type": "Polygon", "coordinates": [[[103.25814, 7.12353], [103.2592, 7.11403], [103.25851, 7.10869], [103.25589, 7.10441], [103.24814, 7.09647], [103.24678, 7.09219], [103.24581, 7.08279], [103.24398, 7.07935], [103.24083, 7.07684], [103.23264, 7.07481], [103.22272, 7.07415], [103.21614, 7.07566], [103.21428, 7.08053], [103.21402, 7.09373], [103.21594, 7.10708], [103.21796, 7.1122], [103.22252, 7.11481], [103.23616, 7.11819], [103.25183, 7.12987], [103.25307, 7.1255], [103.25814, 7.12353]]]}, "properties": {"feature_type": "field", "feature_class": "Gas/Oil Field (offshore, undifferentiated)", "inset": "peninsular", "candidate_name": "Bumi South Bulan South", "name_source": "vector text (unverified)", "label_gap_px": 0.0, "area_px": 48.8, "longitude": 103.23513, "latitude": 7.09982}}, {"type": "Feature", "geometry": {"type": "Polygon", "coordinates": [[[103.71189, 7.29709], [103.71406, 7.29882], [103.71224, 7.30396], [103.71263, 7.30512], [103.71591, 7.30592], [103.72169, 7.30145], [103.72444, 7.30127], [103.73016, 7.30288], [103.73282, 7.30588], [103.73559, 7.30659], [103.73631, 7.30284], [103.7407, 7.29463], [103.74441, 7.29627], [103.74446, 7.30298], [103.74802, 7.30282], [103.75224, 7.29429], [103.74866, 7.28938], [103.74865, 7.28607], [103.7496, 7.28415], [103.74877, 7.28481], [103.75385, 7.28045], [103.76086, 7.28049], [103.76274, 7.27718], [103.76333, 7.2716], [103.76098, 7.26272], [103.75902, 7.26071], [103.75626, 7.26437], [103.7527, 7.26437], [103.74971, 7.26693], [103.74054, 7.2686], [103.72821, 7.26784], [103.7244, 7.26676], [103.72205, 7.26848], [103.72315, 7.2724], [103.72133, 7.27364], [103.71589, 7.27432], [103.70901, 7.28009], [103.69916, 7.28419], [103.69971, 7.28636], [103.70755, 7.28619], [103.71463, 7.28851], [103.71582, 7.29216], [103.71189, 7.29709]]]}, "properties": {"feature_type": "field", "feature_class": "Gas/Oil Field (offshore, undifferentiated)", "inset": "peninsular", "candidate_name": "Bunga Pakma", "name_source": "vector text (unverified)", "label_gap_px": 0.0, "area_px": 53.5, "longitude": 103.73422, "latitude": 7.28374}}, {"type": "Feature", "geometry": {"type": "Polygon", "coordinates": [[[103.72025, 7.26792], [103.73072, 7.26795], [103.73182, 7.26938], [103.73654, 7.26857], [103.74533, 7.26889], [103.74548, 7.26791], [103.74882, 7.2658], [103.75287, 7.26547], [103.75791, 7.26139], [103.75866, 7.25837], [103.76023, 7.25678], [103.76586, 7.25325], [103.77518, 7.25272], [103.77361, 7.25115], [103.77294, 7.25198], [103.77256, 7.25142], [103.77193, 7.24347], [103.76676, 7.24792], [103.76618, 7.24658], [103.76139, 7.24488], [103.75783, 7.24837], [103.75518, 7.24947], [103.74659, 7.24722], [103.7383, 7.24946], [103.72774, 7.25667], [103.71705, 7.26049], [103.71246, 7.26465], [103.71278, 7.26703], [103.71936, 7.26673], [103.72025, 7.26792]]]}, "properties": {"feature_type": "field", "feature_class": "Gas/Oil Field (offshore, undifferentiated)", "inset": "peninsular", "candidate_name": "Bunga Pakma", "name_source": "vector text (unverified)", "label_gap_px": 0.0, "area_px": 30.4, "longitude": 103.74337, "latitude": 7.25792}}, {"type": "Feature", "geometry": {"type": "Polygon", "coordinates": [[[103.80323, 7.20099], [103.80077, 7.20584], [103.80187, 7.20927], [103.80329, 7.21055], [103.8163, 7.21093], [103.82168, 7.21453], [103.83032, 7.21803], [103.83948, 7.21245], [103.84042, 7.20904], [103.84019, 7.20702], [103.83617, 7.20214], [103.83132, 7.19977], [103.82626, 7.20125], [103.82327, 7.19903], [103.82286, 7.19583], [103.82156, 7.19454], [103.81193, 7.195], [103.80304, 7.19967], [103.80323, 7.20099]]]}, "properties": {"feature_type": "field", "feature_class": "Gas/Oil Field (offshore, undifferentiated)", "inset": "peninsular", "candidate_name": "North Bunga Orkid", "name_source": "vector text (unverified)", "label_gap_px": 0.0, "area_px": 16.8, "longitude": 103.82088, "latitude": 7.20584}}, {"type": "Feature", "geometry": {"type": "Polygon", "coordinates": [[[104.09473, 7.03959], [104.09388, 7.0428], [104.0926, 7.04404], [104.09133, 7.04982], [104.09066, 7.04978], [104.09449, 7.05035], [104.10342, 7.04824], [104.10785, 7.04825], [104.11079, 7.04591], [104.11338, 7.04547], [104.12441, 7.03943], [104.12893, 7.03374], [104.12813, 7.02555], [104.1288, 7.01591], [104.12707, 7.01572], [104.12173, 7.01801], [104.11634, 7.02671], [104.10649, 7.03455], [104.09473, 7.03959]]]}, "properties": {"feature_type": "field", "feature_class": "Gas/Oil Field (offshore, undifferentiated)", "inset": "peninsular", "candidate_name": "East Bunga Raya", "name_source": "vector text (unverified)", "label_gap_px": 0.0, "area_px": 25.7, "longitude": 104.11317, "latitude": 7.03582}}, {"type": "Feature", "geometry": {"type": "Polygon", "coordinates": [[[104.13511, 6.96568], [104.10827, 6.98058], [104.10447, 6.98122], [104.10199, 6.9876], [104.10022, 6.98858], [104.08308, 6.98932], [104.07024, 6.99357], [104.0686, 6.99764], [104.06724, 6.99871], [104.05655, 7.00263], [104.05073, 7.01041], [104.05052, 7.01338], [104.05453, 7.01628], [104.06218, 7.01696], [104.06363, 7.01602], [104.06521, 7.01057], [104.06704, 7.00853], [104.07715, 7.00501], [104.08503, 6.99727], [104.09456, 6.9963], [104.0937, 7.00164], [104.09425, 7.01559], [104.09707, 7.00692], [104.10867, 6.99509], [104.11273, 6.98934], [104.1271, 6.97952], [104.13208, 6.973], [104.13853, 6.96668], [104.13511, 6.96568]]]}, "properties": {"feature_type": "field", "feature_class": "Gas/Oil Field (offshore, undifferentiated)", "inset": "peninsular", "candidate_name": "Bunga Tulip", "name_source": "vector text (unverified)", "label_gap_px": 0.0, "area_px": 84.2, "longitude": 104.09149, "latitude": 6.99412}}, {"type": "Feature", "geometry": {"type": "Polygon", "coordinates": [[[104.02876, 7.09834], [104.0197, 7.09261], [104.01709, 7.08947], [104.01634, 7.08629], [104.00974, 7.08631], [104.00503, 7.08738], [104.00134, 7.0896], [103.99971, 7.09323], [104.00001, 7.09567], [104.00267, 7.09763], [104.00614, 7.10287], [104.01365, 7.1093], [104.01631, 7.11306], [104.02081, 7.12311], [104.02365, 7.13805], [104.0274, 7.14499], [104.02884, 7.13763], [104.03071, 7.10709], [104.03047, 7.10247], [104.02876, 7.09834]]]}, "properties": {"feature_type": "field", "feature_class": "Gas/Oil Field (offshore, undifferentiated)", "inset": "peninsular", "candidate_name": "Bunga East Bunga Kekwa", "name_source": "vector text (unverified)", "label_gap_px": 0.0, "area_px": 36.6, "longitude": 104.01886, "latitude": 7.1076}}, {"type": "Feature", "geometry": {"type": "Polygon", "coordinates": [[[103.68971, 6.37529], [103.68499, 6.37266], [103.67655, 6.37156], [103.67274, 6.37217], [103.6666, 6.37551], [103.66278, 6.37904], [103.66052, 6.38395], [103.66048, 6.38886], [103.66237, 6.39368], [103.66459, 6.39529], [103.66797, 6.39543], [103.67816, 6.39316], [103.68296, 6.39116], [103.68763, 6.38598], [103.69039, 6.37779], [103.69039, 6.3753], [103.68924, 6.37448], [103.68971, 6.37529]]]}, "properties": {"feature_type": "field", "feature_class": "Gas/Oil Field (offshore, undifferentiated)", "inset": "peninsular", "candidate_name": "Sepat", "name_source": "vector text (unverified)", "label_gap_px": 0.0, "area_px": 14.6, "longitude": 103.67481, "latitude": 6.38325}}, {"type": "Feature", "geometry": {"type": "Polygon", "coordinates": [[[105.4996, 5.33792], [105.49314, 5.33716], [105.48897, 5.3346], [105.48848, 5.33276], [105.48944, 5.32651], [105.48819, 5.32397], [105.48008, 5.324], [105.47465, 5.33406], [105.47412, 5.33919], [105.46948, 5.34268], [105.46829, 5.34784], [105.46405, 5.35402], [105.467, 5.3557], [105.47192, 5.35631], [105.47537, 5.35555], [105.48005, 5.3518], [105.48761, 5.35294], [105.50302, 5.35213], [105.50386, 5.35062], [105.50348, 5.34703], [105.5025, 5.34417], [105.49917, 5.34085], [105.4996, 5.33792]]]}, "properties": {"feature_type": "field", "feature_class": "Gas/Oil Field (offshore, undifferentiated)", "inset": "peninsular", "candidate_name": "Pulai Kaca", "name_source": "vector text (unverified)", "label_gap_px": 0.0, "area_px": 24.7, "longitude": 105.48411, "latitude": 5.34259}}, {"type": "Feature", "geometry": {"type": "Polygon", "coordinates": [[[105.58698, 5.35142], [105.58343, 5.34796], [105.58165, 5.34339], [105.57916, 5.34078], [105.57375, 5.33973], [105.56909, 5.34075], [105.56624, 5.34435], [105.56485, 5.34945], [105.56545, 5.36096], [105.56884, 5.36551], [105.57585, 5.37059], [105.58456, 5.3734], [105.58952, 5.37301], [105.59114, 5.37144], [105.59121, 5.36972], [105.58762, 5.36253], [105.58698, 5.35142]]]}, "properties": {"feature_type": "field", "feature_class": "Gas/Oil Field (offshore, undifferentiated)", "inset": "peninsular", "candidate_name": "Pulai Kaca", "name_source": "vector text (unverified)", "label_gap_px": 0.0, "area_px": 18.9, "longitude": 105.57709, "latitude": 5.35684}}, {"type": "Feature", "geometry": {"type": "Polygon", "coordinates": [[[105.13842, 5.02807], [105.13103, 5.02199], [105.12368, 5.02015], [105.09852, 5.02522], [105.09683, 5.0311], [105.09446, 5.03479], [105.07525, 5.04361], [105.0533, 5.06309], [105.04944, 5.06893], [105.04339, 5.08232], [105.03941, 5.08765], [105.0336, 5.0906], [105.02329, 5.09102], [105.01904, 5.09266], [105.01611, 5.09544], [105.00923, 5.10662], [105.00388, 5.11069], [104.99439, 5.11287], [104.98026, 5.1119], [104.96376, 5.10924], [104.95606, 5.11121], [104.95082, 5.11683], [104.94605, 5.12884], [104.94319, 5.13282], [104.93845, 5.13548], [104.92123, 5.13773], [104.91683, 5.14124], [104.91518, 5.14437], [104.91372, 5.15098], [104.91313, 5.17264], [104.91609, 5.17412], [104.92811, 5.17228], [104.94909, 5.17749], [104.96275, 5.17632], [104.97906, 5.17072], [104.99431, 5.16145], [105.00863, 5.15491], [105.02748, 5.14], [105.05301, 5.12337], [105.06156, 5.11503], [105.07145, 5.10194], [105.07191, 5.09584], [105.0704, 5.08351], [105.07192, 5.07748], [105.07898, 5.06986], [105.09285, 5.06133], [105.09862, 5.05635], [105.10072, 5.05322], [105.10419, 5.04172], [105.10807, 5.0395], [105.12543, 5.03751], [105.13679, 5.03411], [105.13824, 5.03319], [105.13907, 5.02997], [105.13842, 5.02807]]]}, "properties": {"feature_type": "field", "feature_class": "Gas/Oil Field (offshore, undifferentiated)", "inset": "peninsular", "candidate_name": "Kijang", "name_source": "vector text (unverified)", "label_gap_px": 0.0, "area_px": 674.4, "longitude": 105.01112, "latitude": 5.11526}}, {"type": "Feature", "geometry": {"type": "Polygon", "coordinates": [[[103.96658, 6.36504], [103.96803, 6.35377], [103.96684, 6.34807], [103.95727, 6.33614], [103.9492, 6.3299], [103.94091, 6.32624], [103.9319, 6.32386], [103.90134, 6.32114], [103.87647, 6.31501], [103.86778, 6.31482], [103.84986, 6.31681], [103.82937, 6.31646], [103.8037, 6.32245], [103.78419, 6.32198], [103.77972, 6.32407], [103.77338, 6.33249], [103.76614, 6.33928], [103.76491, 6.3422], [103.76535, 6.34588], [103.76921, 6.35042], [103.79374, 6.36417], [103.80649, 6.36952], [103.84127, 6.37256], [103.89872, 6.38463], [103.91952, 6.38787], [103.93017, 6.38842], [103.94033, 6.38773], [103.94953, 6.38543], [103.9573, 6.38114], [103.96314, 6.37447], [103.96658, 6.36504]]]}, "properties": {"feature_type": "field", "feature_class": "Gas/Oil Field (offshore, undifferentiated)", "inset": "peninsular", "candidate_name": "Sepat", "name_source": "vector text (unverified)", "label_gap_px": 0.0, "area_px": 316.4, "longitude": 103.874, "latitude": 6.34955}}, {"type": "Feature", "geometry": {"type": "Polygon", "coordinates": [[[104.01323, 6.13465], [104.00965, 6.13016], [104.00345, 6.12607], [103.97388, 6.11598], [103.9593, 6.11381], [103.95476, 6.11418], [103.95071, 6.11573], [103.94614, 6.12103], [103.93748, 6.14191], [103.92041, 6.16366], [103.91765, 6.1722], [103.91766, 6.17694], [103.91985, 6.18421], [103.92495, 6.19014], [103.93717, 6.20073], [103.94595, 6.21211], [103.94948, 6.21327], [103.95156, 6.21277], [103.95733, 6.20803], [103.96752, 6.19304], [103.97799, 6.18131], [103.98955, 6.16631], [104.00593, 6.14983], [104.01323, 6.13465]]]}, "properties": {"feature_type": "field", "feature_class": "Gas/Oil Field (offshore, undifferentiated)", "inset": "peninsular", "candidate_name": "Inas", "name_source": "vector text (unverified)", "label_gap_px": 0.0, "area_px": 190.5, "longitude": 103.96151, "latitude": 6.15821}}, {"type": "Feature", "geometry": {"type": "Polygon", "coordinates": [[[103.90791, 6.1772], [103.9011, 6.17427], [103.89966, 6.1774], [103.88731, 6.17303], [103.8726, 6.1728], [103.85517, 6.17923], [103.8394, 6.17421], [103.83356, 6.17413], [103.82813, 6.17564], [103.80933, 6.18643], [103.80525, 6.19], [103.8026, 6.1949], [103.80058, 6.20246], [103.80025, 6.21034], [103.80138, 6.21429], [103.80606, 6.22087], [103.81301, 6.22588], [103.82106, 6.22957], [103.83345, 6.23315], [103.8425, 6.23383], [103.87026, 6.23293], [103.88897, 6.23625], [103.89372, 6.23556], [103.90987, 6.22927], [103.91703, 6.22499], [103.92394, 6.21793], [103.92517, 6.21249], [103.92444, 6.20348], [103.92179, 6.19243], [103.91734, 6.18264], [103.91313, 6.17814], [103.90791, 6.1772]]]}, "properties": {"feature_type": "field", "feature_class": "Gas/Oil Field (offshore, undifferentiated)", "inset": "peninsular", "candidate_name": "Inas", "name_source": "vector text (unverified)", "label_gap_px": 0.0, "area_px": 146.6, "longitude": 103.86409, "latitude": 6.20443}}, {"type": "Feature", "geometry": {"type": "Polygon", "coordinates": [[[103.78399, 6.16938], [103.76525, 6.16331], [103.75646, 6.16221], [103.73248, 6.16448], [103.7168, 6.16747], [103.68975, 6.16582], [103.68065, 6.17047], [103.67176, 6.17057], [103.66987, 6.17251], [103.66864, 6.18053], [103.6671, 6.18344], [103.66462, 6.18548], [103.65597, 6.18952], [103.65405, 6.19152], [103.64996, 6.20281], [103.64943, 6.21017], [103.65246, 6.21358], [103.66825, 6.21996], [103.67108, 6.22023], [103.68144, 6.21503], [103.68213, 6.20679], [103.68407, 6.20454], [103.69454, 6.20404], [103.70151, 6.20175], [103.70849, 6.20177], [103.71557, 6.19794], [103.72126, 6.19684], [103.72387, 6.1933], [103.7314, 6.19645], [103.73509, 6.19701], [103.74813, 6.19304], [103.75458, 6.19289], [103.77126, 6.19826], [103.77672, 6.19881], [103.77881, 6.19755], [103.78106, 6.19308], [103.78864, 6.19036], [103.79094, 6.187], [103.78936, 6.17372], [103.78833, 6.17249], [103.78516, 6.17228], [103.78399, 6.16938]]]}, "properties": {"feature_type": "field", "feature_class": "Gas/Oil Field (offshore, undifferentiated)", "inset": "peninsular", "candidate_name": "Guling", "name_source": "vector text (unverified)", "label_gap_px": 0.0, "area_px": 148.8, "longitude": 103.71694, "latitude": 6.18586}}, {"type": "Feature", "geometry": {"type": "Polygon", "coordinates": [[[103.65937, 6.13469], [103.65873, 6.12886], [103.65633, 6.12339], [103.65424, 6.12196], [103.64969, 6.12172], [103.64052, 6.12379], [103.61401, 6.13623], [103.60625, 6.14241], [103.60094, 6.14901], [103.59653, 6.1664], [103.59838, 6.17354], [103.6021, 6.17737], [103.60679, 6.17829], [103.61385, 6.17616], [103.62532, 6.17044], [103.63579, 6.16259], [103.65195, 6.15249], [103.65753, 6.14426], [103.66043, 6.13416], [103.65937, 6.13469]]]}, "properties": {"feature_type": "field", "feature_class": "Gas/Oil Field (offshore, undifferentiated)", "inset": "peninsular", "candidate_name": "Bedong", "name_source": "vector text (unverified)", "label_gap_px": 0.0, "area_px": 67.9, "longitude": 103.6276, "latitude": 6.14917}}, {"type": "Feature", "geometry": {"type": "Polygon", "coordinates": [[[105.11948, 4.55448], [105.11114, 4.54704], [105.10653, 4.54434], [105.09653, 4.54566], [105.08839, 4.54912], [105.08543, 4.55225], [105.08291, 4.55704], [105.07442, 4.57923], [105.07362, 4.58275], [105.07468, 4.58733], [105.07796, 4.59063], [105.08273, 4.59253], [105.09105, 4.59254], [105.09537, 4.59045], [105.10205, 4.58266], [105.11799, 4.57331], [105.11983, 4.56958], [105.12129, 4.56221], [105.12102, 4.55762], [105.11948, 4.55448]]]}, "properties": {"feature_type": "field", "feature_class": "Gas/Oil Field (offshore, undifferentiated)", "inset": "peninsular", "candidate_name": "Delah", "name_source": "vector text (unverified)", "label_gap_px": 0.0, "area_px": 47.3, "longitude": 105.09701, "latitude": 4.56808}}, {"type": "Feature", "geometry": {"type": "Polygon", "coordinates": [[[104.66904, 6.55248], [104.65394, 6.5617], [104.64981, 6.56801], [104.64633, 6.58428], [104.64349, 6.593], [104.64253, 6.60711], [104.64064, 6.61606], [104.6353, 6.6257], [104.62144, 6.6374], [104.61874, 6.64609], [104.6191, 6.64817], [104.62046, 6.64921], [104.62517, 6.64961], [104.63345, 6.64859], [104.64161, 6.63853], [104.64574, 6.63672], [104.64746, 6.63679], [104.64875, 6.64163], [104.65203, 6.64516], [104.656, 6.64678], [104.65796, 6.64506], [104.65418, 6.61873], [104.65572, 6.59792], [104.65932, 6.58466], [104.67069, 6.561], [104.67182, 6.55302], [104.67093, 6.55211], [104.66904, 6.55248]]]}, "properties": {"feature_type": "field", "feature_class": "Gas/Oil Field (offshore, undifferentiated)", "inset": "peninsular", "candidate_name": "Mesah", "name_source": "vector text (unverified)", "label_gap_px": 0.0, "area_px": 95.6, "longitude": 104.64776, "latitude": 6.60747}}, {"type": "Feature", "geometry": {"type": "Polygon", "coordinates": [[[104.69054, 5.00616], [104.68402, 5.01089], [104.68757, 5.01796], [104.6875, 5.0241], [104.69047, 5.02477], [104.6937, 5.02255], [104.69539, 5.01629], [104.69054, 5.00616]]]}, "properties": {"feature_type": "field", "feature_class": "Gas/Oil Field (offshore, undifferentiated)", "inset": "peninsular", "candidate_name": "Naga Besar", "name_source": "vector text (unverified)", "label_gap_px": 1.4, "area_px": 4.6, "longitude": 104.69012, "latitude": 5.01567}}, {"type": "Feature", "geometry": {"type": "Polygon", "coordinates": [[[104.65058, 5.75312], [104.64799, 5.75097], [104.64752, 5.7456], [104.6511, 5.72839], [104.65003, 5.7148], [104.65252, 5.70074], [104.65152, 5.69909], [104.64925, 5.69848], [104.64505, 5.69946], [104.64056, 5.7021], [104.62519, 5.71837], [104.62175, 5.7237], [104.61549, 5.73826], [104.61117, 5.74573], [104.61016, 5.75088], [104.6111, 5.75418], [104.61464, 5.75873], [104.62558, 5.76526], [104.63335, 5.77464], [104.63588, 5.77584], [104.63812, 5.77295], [104.64196, 5.76119], [104.64588, 5.75778], [104.65165, 5.75529], [104.65168, 5.75291], [104.65058, 5.75312]]]}, "properties": {"feature_type": "field", "feature_class": "Gas/Oil Field (offshore, undifferentiated)", "inset": "peninsular", "candidate_name": "Serok", "name_source": "vector text (unverified)", "label_gap_px": 0.0, "area_px": 68.2, "longitude": 104.63401, "latitude": 5.7378}}, {"type": "Feature", "geometry": {"type": "Polygon", "coordinates": [[[105.47957, 5.19778], [105.46902, 5.19487], [105.46253, 5.18835], [105.45353, 5.20097], [105.44336, 5.20639], [105.44207, 5.20893], [105.44224, 5.21334], [105.44372, 5.21466], [105.45254, 5.21631], [105.48019, 5.22648], [105.48659, 5.22674], [105.49147, 5.22525], [105.4954, 5.22197], [105.4955, 5.21831], [105.48824, 5.20597], [105.48227, 5.20119], [105.47957, 5.19778]]]}, "properties": {"feature_type": "field", "feature_class": "Gas/Oil Field (offshore, undifferentiated)", "inset": "peninsular", "candidate_name": "Ledang Tengah", "name_source": "vector text (unverified)", "label_gap_px": 0.0, "area_px": 38.5, "longitude": 105.47003, "latitude": 5.21014}}, {"type": "Feature", "geometry": {"type": "Polygon", "coordinates": [[[104.57554, 6.54368], [104.56635, 6.53522], [104.5635, 6.53498], [104.56179, 6.53589], [104.55715, 6.54271], [104.55082, 6.54824], [104.54971, 6.55075], [104.55046, 6.55531], [104.55419, 6.56242], [104.55623, 6.56397], [104.56046, 6.56448], [104.56349, 6.56702], [104.56661, 6.56747], [104.57139, 6.56622], [104.57533, 6.56307], [104.58263, 6.56047], [104.58421, 6.55801], [104.58398, 6.5556], [104.57893, 6.55086], [104.57554, 6.54368]]]}, "properties": {"feature_type": "field", "feature_class": "Gas/Oil Field (offshore, undifferentiated)", "inset": "peninsular", "candidate_name": "East Piatu", "name_source": "vector text (unverified)", "label_gap_px": 0.0, "area_px": 22.5, "longitude": 104.566, "latitude": 6.55264}}, {"type": "Feature", "geometry": {"type": "Polygon", "coordinates": [[[103.7631, 5.76971], [103.75166, 5.75155], [103.75143, 5.74305], [103.74681, 5.74401], [103.7393, 5.75126], [103.72265, 5.77253], [103.71903, 5.77954], [103.71795, 5.78671], [103.73002, 5.79123], [103.74711, 5.79298], [103.75239, 5.79239], [103.76191, 5.78732], [103.76541, 5.78251], [103.7654, 5.77634], [103.7631, 5.76971]]]}, "properties": {"feature_type": "field", "feature_class": "Gas/Oil Field (offshore, undifferentiated)", "inset": "peninsular", "candidate_name": "Meranti", "name_source": "vector text (unverified)", "label_gap_px": 0.6, "area_px": 50.6, "longitude": 103.74322, "latitude": 5.77323}}, {"type": "Feature", "geometry": {"type": "Polygon", "coordinates": [[[105.32283, 6.11446], [105.3226, 6.11094], [105.31951, 6.10976], [105.30672, 6.11563], [105.30361, 6.11867], [105.30308, 6.12167], [105.30538, 6.12496], [105.30657, 6.12943], [105.31023, 6.13213], [105.3121, 6.13489], [105.31778, 6.1363], [105.31997, 6.13512], [105.32283, 6.11446]]]}, "properties": {"feature_type": "field", "feature_class": "Gas/Oil Field (offshore, undifferentiated)", "inset": "peninsular", "candidate_name": "Abu", "name_source": "vector text (unverified)", "label_gap_px": 0.0, "area_px": 10.1, "longitude": 105.31417, "latitude": 6.12271}}, {"type": "Feature", "geometry": {"type": "Polygon", "coordinates": [[[105.30873, 6.07961], [105.30726, 6.07741], [105.3, 6.07328], [105.29624, 6.07232], [105.2944, 6.07333], [105.29171, 6.08266], [105.29159, 6.08679], [105.29232, 6.08989], [105.29557, 6.09322], [105.29639, 6.0967], [105.30029, 6.09683], [105.30414, 6.09297], [105.30868, 6.09128], [105.30932, 6.08526], [105.30873, 6.07961]]]}, "properties": {"feature_type": "field", "feature_class": "Gas/Oil Field (offshore, undifferentiated)", "inset": "peninsular", "candidate_name": "Abu", "name_source": "vector text (unverified)", "label_gap_px": 0.0, "area_px": 9.0, "longitude": 105.30018, "latitude": 6.08446}}, {"type": "Feature", "geometry": {"type": "Polygon", "coordinates": [[[103.59036, 6.32663], [103.5918, 6.32231], [103.59167, 6.31853], [103.59012, 6.31531], [103.5855, 6.31158], [103.57088, 6.30768], [103.56332, 6.30282], [103.55768, 6.30133], [103.55228, 6.30207], [103.54909, 6.30519], [103.54754, 6.31006], [103.54708, 6.31602], [103.54755, 6.32629], [103.54883, 6.33235], [103.55235, 6.34061], [103.5628, 6.35689], [103.56596, 6.36377], [103.57025, 6.39331], [103.5725, 6.40207], [103.57557, 6.40911], [103.57857, 6.41346], [103.58226, 6.4167], [103.58646, 6.41774], [103.58868, 6.4171], [103.59239, 6.41379], [103.59781, 6.40174], [103.60145, 6.39948], [103.60418, 6.39913], [103.60308, 6.41299], [103.60518, 6.41703], [103.60864, 6.4185], [103.61143, 6.41832], [103.61369, 6.41695], [103.62027, 6.40878], [103.62204, 6.40837], [103.62671, 6.41273], [103.63266, 6.42197], [103.63581, 6.42425], [103.64338, 6.42516], [103.64857, 6.42352], [103.65171, 6.42011], [103.65369, 6.41278], [103.65228, 6.3679], [103.65322, 6.36261], [103.66028, 6.3466], [103.66054, 6.34019], [103.65863, 6.33438], [103.6548, 6.33014], [103.64648, 6.32621], [103.63986, 6.32483], [103.62636, 6.32433], [103.62294, 6.32329], [103.62008, 6.32085], [103.6147, 6.3113], [103.61144, 6.30916], [103.60629, 6.30965], [103.60155, 6.31364], [103.5995, 6.31997], [103.59877, 6.32873], [103.58823, 6.32733], [103.59036, 6.32663]]]}, "properties": {"feature_type": "field", "feature_class": "Gas/Oil Field (offshore, undifferentiated)", "inset": "peninsular", "candidate_name": "West", "name_source": "vector text (unverified)", "label_gap_px": 0.0, "area_px": 257.6, "longitude": 103.60608, "latitude": 6.36191}}, {"type": "Feature", "geometry": {"type": "Polygon", "coordinates": [[[103.70635, 6.63193], [103.7169, 6.64535], [103.72084, 6.64748], [103.72651, 6.64837], [103.73233, 6.64765], [103.73956, 6.64507], [103.75273, 6.63658], [103.76241, 6.63544], [103.76695, 6.63355], [103.77072, 6.62958], [103.77637, 6.61974], [103.7802, 6.61581], [103.8052, 6.59717], [103.81376, 6.58968], [103.81655, 6.58585], [103.81817, 6.57897], [103.81778, 6.57007], [103.81525, 6.56185], [103.81072, 6.55365], [103.80698, 6.55066], [103.79587, 6.54753], [103.7896, 6.54079], [103.78727, 6.54041], [103.76757, 6.5455], [103.7387, 6.54652], [103.71525, 6.55092], [103.68357, 6.56148], [103.66776, 6.56813], [103.66063, 6.57214], [103.65706, 6.57749], [103.65635, 6.58294], [103.65756, 6.59834], [103.66024, 6.6051], [103.66798, 6.61088], [103.69069, 6.61946], [103.70635, 6.63193]]]}, "properties": {"feature_type": "field", "feature_class": "Gas/Oil Field (offshore, undifferentiated)", "inset": "peninsular", "candidate_name": "Jerneh Barat Jerneh", "name_source": "vector text (unverified)", "label_gap_px": 0.0, "area_px": 318.5, "longitude": 103.73847, "latitude": 6.58936}}, {"type": "Feature", "geometry": {"type": "Polygon", "coordinates": [[[103.20028, 6.64665], [103.20705, 6.6629], [103.20852, 6.67059], [103.20785, 6.67764], [103.20624, 6.68304], [103.1993, 6.69234], [103.19864, 6.69858], [103.19981, 6.70597], [103.20165, 6.71024], [103.20436, 6.71305], [103.20801, 6.71412], [103.21775, 6.71446], [103.22115, 6.7165], [103.22316, 6.71997], [103.22508, 6.7333], [103.22729, 6.73588], [103.22908, 6.73618], [103.22865, 6.72], [103.22947, 6.71443], [103.23208, 6.70864], [103.23745, 6.70053], [103.23933, 6.6912], [103.23861, 6.68596], [103.23657, 6.68094], [103.2337, 6.67687], [103.22889, 6.6727], [103.22748, 6.67001], [103.22644, 6.66471], [103.22665, 6.65012], [103.2258, 6.64454], [103.22201, 6.63703], [103.21791, 6.63223], [103.21293, 6.62859], [103.20742, 6.627], [103.20457, 6.62723], [103.2009, 6.63904], [103.20028, 6.64665]]]}, "properties": {"feature_type": "field", "feature_class": "Gas/Oil Field (offshore, undifferentiated)", "inset": "peninsular", "candidate_name": "Damar", "name_source": "vector text (unverified)", "label_gap_px": 0.0, "area_px": 84.2, "longitude": 103.21757, "latitude": 6.67891}}, {"type": "Feature", "geometry": {"type": "Polygon", "coordinates": [[[103.44837, 6.99069], [103.45051, 6.99213], [103.45137, 6.99777], [103.45696, 6.99757], [103.47123, 6.99409], [103.4766, 6.99375], [103.49951, 6.99773], [103.50495, 6.9969], [103.50978, 6.99314], [103.51146, 6.98713], [103.5126, 6.97441], [103.51187, 6.96696], [103.50814, 6.95029], [103.49984, 6.92862], [103.49352, 6.91857], [103.4895, 6.91436], [103.48468, 6.91334], [103.47246, 6.91754], [103.45568, 6.91962], [103.43721, 6.92343], [103.43374, 6.92461], [103.43173, 6.92708], [103.4227, 6.94927], [103.42171, 6.95555], [103.42214, 6.95962], [103.42462, 6.96434], [103.43942, 6.97915], [103.44837, 6.99069]]]}, "properties": {"feature_type": "field", "feature_class": "Gas/Oil Field (offshore, undifferentiated)", "inset": "peninsular", "candidate_name": "Bunga Kesumba", "name_source": "vector text (unverified)", "label_gap_px": 0.0, "area_px": 145.7, "longitude": 103.46977, "latitude": 6.95708}}, {"type": "Feature", "geometry": {"type": "Polygon", "coordinates": [[[103.3348, 6.93676], [103.34059, 6.94329], [103.358, 6.95371], [103.36774, 6.96102], [103.37318, 6.96197], [103.3781, 6.95843], [103.37973, 6.95462], [103.38009, 6.9501], [103.3778, 6.94001], [103.36978, 6.92627], [103.36371, 6.9212], [103.36275, 6.90226], [103.35839, 6.88649], [103.3565, 6.86513], [103.3512, 6.84045], [103.35135, 6.81955], [103.35004, 6.81242], [103.34233, 6.81282], [103.33593, 6.81555], [103.33332, 6.81768], [103.32943, 6.82327], [103.32758, 6.83032], [103.3275, 6.83429], [103.31667, 6.83755], [103.31132, 6.84135], [103.30928, 6.84929], [103.30928, 6.86711], [103.29697, 6.8738], [103.29289, 6.87812], [103.29214, 6.88064], [103.29425, 6.88657], [103.30452, 6.89625], [103.30886, 6.90709], [103.31241, 6.91228], [103.31663, 6.91547], [103.32589, 6.91903], [103.32976, 6.92187], [103.33186, 6.92579], [103.3348, 6.93676]]]}, "properties": {"feature_type": "field", "feature_class": "Gas/Oil Field (offshore, undifferentiated)", "inset": "peninsular", "candidate_name": "Bunga", "name_source": "vector text (unverified)", "label_gap_px": 0.0, "area_px": 282.4, "longitude": 103.33792, "latitude": 6.88827}}, {"type": "Feature", "geometry": {"type": "Polygon", "coordinates": [[[103.39328, 6.93451], [103.39627, 6.93632], [103.39863, 6.93399], [103.40187, 6.92072], [103.40172, 6.88466], [103.4052, 6.86275], [103.40425, 6.85431], [103.40034, 6.8377], [103.39996, 6.82249], [103.39833, 6.81942], [103.39518, 6.81709], [103.3807, 6.81268], [103.37339, 6.80544], [103.36683, 6.80426], [103.36162, 6.80719], [103.35786, 6.81206], [103.35407, 6.82085], [103.35279, 6.82724], [103.35389, 6.87141], [103.35705, 6.89501], [103.36526, 6.91205], [103.36788, 6.92595], [103.37091, 6.93074], [103.37608, 6.933], [103.39328, 6.93451]]]}, "properties": {"feature_type": "field", "feature_class": "Gas/Oil Field (offshore, undifferentiated)", "inset": "peninsular", "candidate_name": "Bunga", "name_source": "vector text (unverified)", "label_gap_px": 0.0, "area_px": 137.6, "longitude": 103.37904, "latitude": 6.86883}}, {"type": "Feature", "geometry": {"type": "Polygon", "coordinates": [[[103.14608, 7.05745], [103.14018, 7.05108], [103.13678, 7.04252], [103.13516, 7.03284], [103.13434, 7.01247], [103.12988, 6.99623], [103.12987, 6.97755], [103.12596, 6.96033], [103.12541, 6.93717], [103.126, 6.92905], [103.12998, 6.91836], [103.13025, 6.91357], [103.11921, 6.91385], [103.11562, 6.91558], [103.11138, 6.92157], [103.10982, 6.9301], [103.10888, 6.94801], [103.10715, 6.9526], [103.10092, 6.96311], [103.09922, 6.97077], [103.10245, 6.99352], [103.10238, 7.01752], [103.1076, 7.04712], [103.11229, 7.05126], [103.12096, 7.05395], [103.13587, 7.06152], [103.14655, 7.0624], [103.14608, 7.05745]]]}, "properties": {"feature_type": "field", "feature_class": "Gas/Oil Field (offshore, undifferentiated)", "inset": "peninsular", "candidate_name": "Bumi South Bulan South", "name_source": "vector text (unverified)", "label_gap_px": 0.0, "area_px": 131.4, "longitude": 103.11873, "latitude": 6.9946}}, {"type": "Feature", "geometry": {"type": "Polygon", "coordinates": [[[103.16467, 6.96657], [103.17306, 6.96491], [103.17717, 6.96051], [103.17848, 6.9541], [103.179, 6.92092], [103.17737, 6.9111], [103.17348, 6.89708], [103.16974, 6.87596], [103.15925, 6.84997], [103.15877, 6.82975], [103.15515, 6.82951], [103.14931, 6.83228], [103.14503, 6.83802], [103.13534, 6.86482], [103.13506, 6.87572], [103.14089, 6.89343], [103.14163, 6.90078], [103.14048, 6.91041], [103.13544, 6.92528], [103.13468, 6.93349], [103.13622, 6.9387], [103.13923, 6.9422], [103.15834, 6.95565], [103.16037, 6.95903], [103.16123, 6.96628], [103.16414, 6.96673], [103.16608, 6.96658], [103.16467, 6.96657]]]}, "properties": {"feature_type": "field", "feature_class": "Gas/Oil Field (offshore, undifferentiated)", "inset": "peninsular", "candidate_name": "Bunga", "name_source": "vector text (unverified)", "label_gap_px": 0.0, "area_px": 122.3, "longitude": 103.1566, "latitude": 6.90362}}, {"type": "Feature", "geometry": {"type": "Polygon", "coordinates": [[[103.27538, 7.0659], [103.27562, 7.03837], [103.27465, 7.03054], [103.27201, 7.02119], [103.25992, 6.99911], [103.24292, 6.97682], [103.24111, 6.97201], [103.23935, 6.95988], [103.23777, 6.95521], [103.2351, 6.95144], [103.22856, 6.94563], [103.22336, 6.93552], [103.2193, 6.93314], [103.21715, 6.93661], [103.21719, 6.94107], [103.22429, 6.96286], [103.2289, 6.99388], [103.22718, 7.01235], [103.22759, 7.01685], [103.2292, 7.0209], [103.23549, 7.02865], [103.23812, 7.03365], [103.24009, 7.04126], [103.24158, 7.05367], [103.24596, 7.06595], [103.2456, 7.09666], [103.24862, 7.11005], [103.25249, 7.11686], [103.25864, 7.12269], [103.27498, 7.13206], [103.28708, 7.14058], [103.30613, 7.14806], [103.31518, 7.15741], [103.3198, 7.16], [103.32553, 7.13688], [103.32563, 7.13068], [103.32419, 7.12588], [103.32005, 7.12048], [103.30905, 7.11155], [103.30464, 7.10607], [103.30028, 7.09058], [103.28908, 7.08029], [103.28789, 7.0688], [103.28607, 7.06779], [103.28335, 7.06856], [103.27484, 7.07625], [103.27465, 7.06232], [103.27538, 7.0659]]]}, "properties": {"feature_type": "field", "feature_class": "Gas/Oil Field (offshore, undifferentiated)", "inset": "peninsular", "candidate_name": "Suriya", "name_source": "vector text (unverified)", "label_gap_px": 0.0, "area_px": 450.3, "longitude": 103.26676, "latitude": 7.0649}}, {"type": "Feature", "geometry": {"type": "Polygon", "coordinates": [[[103.35755, 6.18764], [103.36903, 6.16708], [103.37007, 6.15921], [103.36889, 6.15626], [103.36645, 6.15537], [103.35913, 6.15808], [103.35073, 6.16399], [103.33056, 6.18128], [103.32043, 6.19205], [103.31477, 6.20018], [103.30975, 6.21102], [103.30872, 6.2221], [103.31108, 6.22787], [103.31529, 6.2299], [103.32106, 6.22804], [103.33843, 6.21298], [103.3505, 6.20805], [103.35444, 6.20253], [103.35755, 6.18764]]]}, "properties": {"feature_type": "field", "feature_class": "Gas/Oil Field (offshore, undifferentiated)", "inset": "peninsular", "candidate_name": "Kuda", "name_source": "vector text (unverified)", "label_gap_px": 0.0, "area_px": 111.0, "longitude": 103.33846, "latitude": 6.19384}}, {"type": "Feature", "geometry": {"type": "MultiPolygon", "coordinates": [[[[103.32274, 6.5405], [103.32161, 6.5465], [103.32228, 6.55617], [103.32411, 6.5633], [103.32706, 6.56887], [103.32274, 6.5405]]], [[[103.32279, 6.54034], [103.33187, 6.58527], [103.33481, 6.59456], [103.33852, 6.60153], [103.34317, 6.60517], [103.34895, 6.60444], [103.35999, 6.59362], [103.37236, 6.58942], [103.37712, 6.5856], [103.38245, 6.57596], [103.3855, 6.56643], [103.38717, 6.55649], [103.38769, 6.54047], [103.387, 6.53139], [103.38552, 6.52554], [103.38285, 6.51986], [103.37717, 6.51332], [103.35156, 6.49762], [103.34255, 6.49517], [103.33678, 6.49604], [103.33172, 6.49982], [103.32919, 6.50491], [103.3293, 6.52554], [103.32799, 6.53048], [103.32279, 6.54034]]]]}, "properties": {"feature_type": "field", "feature_class": "Gas/Oil Field (offshore, undifferentiated)", "inset": "peninsular", "candidate_name": "Lawit", "name_source": "vector text (unverified)", "label_gap_px": 0.0, "area_px": 164.7, "longitude": 103.35435, "latitude": 6.5485}}, {"type": "Feature", "geometry": {"type": "Polygon", "coordinates": [[[103.2992, 6.53321], [103.27152, 6.5326], [103.25685, 6.53433], [103.25044, 6.53642], [103.24506, 6.53959], [103.24104, 6.54406], [103.2387, 6.55001], [103.23837, 6.55593], [103.24291, 6.57704], [103.24432, 6.5948], [103.24832, 6.60488], [103.25354, 6.60923], [103.26023, 6.61045], [103.26606, 6.60876], [103.2819, 6.59729], [103.2875, 6.59457], [103.29396, 6.5932], [103.31864, 6.59163], [103.32471, 6.58948], [103.3277, 6.58617], [103.3286, 6.57894], [103.32716, 6.55684], [103.32405, 6.54632], [103.3193, 6.53655], [103.31584, 6.5319], [103.31073, 6.5298], [103.30556, 6.53003], [103.2992, 6.53321]]]}, "properties": {"feature_type": "field", "feature_class": "Gas/Oil Field (offshore, undifferentiated)", "inset": "peninsular", "candidate_name": "Bintang", "name_source": "vector text (unverified)", "label_gap_px": 0.0, "area_px": 142.0, "longitude": 103.28216, "latitude": 6.56651}}, {"type": "Feature", "geometry": {"type": "Polygon", "coordinates": [[[103.68763, 7.05663], [103.68909, 7.05373], [103.69665, 7.04557], [103.69739, 7.04144], [103.69653, 7.03923], [103.69256, 7.03576], [103.68195, 7.02965], [103.67892, 7.02531], [103.6708, 7.02532], [103.66733, 7.0265], [103.66459, 7.03132], [103.66385, 7.04214], [103.66218, 7.04966], [103.65789, 7.05882], [103.64951, 7.06742], [103.63493, 7.07835], [103.6295, 7.08515], [103.62773, 7.08945], [103.62256, 7.12251], [103.62437, 7.12979], [103.63041, 7.13612], [103.63713, 7.1396], [103.64202, 7.14093], [103.65116, 7.14067], [103.67571, 7.12796], [103.68122, 7.12307], [103.68371, 7.11786], [103.68478, 7.11045], [103.68226, 7.08339], [103.68756, 7.07682], [103.68916, 7.07307], [103.68732, 7.0617], [103.68763, 7.05663]]]}, "properties": {"feature_type": "field", "feature_class": "Gas/Oil Field (offshore, undifferentiated)", "inset": "peninsular", "candidate_name": "Bunga Kangsar", "name_source": "vector text (unverified)", "label_gap_px": 0.0, "area_px": 163.8, "longitude": 103.66012, "latitude": 7.08972}}, {"type": "Feature", "geometry": {"type": "Polygon", "coordinates": [[[102.99656, 6.95039], [102.99809, 6.97235], [103.00138, 6.9942], [103.00459, 7.01072], [103.00779, 7.01621], [103.01346, 7.01918], [103.02893, 7.02254], [103.0412, 7.0269], [103.06751, 7.03863], [103.08862, 7.0501], [103.09228, 7.0503], [103.09379, 7.04938], [103.09713, 7.04132], [103.09928, 7.02422], [103.0993, 6.95338], [103.07942, 6.95028], [103.06948, 6.95146], [103.05231, 6.95522], [103.04353, 6.95589], [103.01653, 6.95064], [103.00005, 6.94953], [102.9958, 6.95005], [102.99303, 6.9518], [102.99656, 6.95039]]]}, "properties": {"feature_type": "field", "feature_class": "Gas/Oil Field (offshore, undifferentiated)", "inset": "peninsular", "candidate_name": "Bunga", "name_source": "vector text (unverified)", "label_gap_px": 0.0, "area_px": 203.6, "longitude": 103.0534, "latitude": 6.99227}}, {"type": "Feature", "geometry": {"type": "Polygon", "coordinates": [[[102.96616, 6.96834], [102.965, 6.97469], [102.96492, 6.99172], [102.96712, 7.0054], [102.96452, 7.00881], [102.95681, 7.01113], [102.95385, 7.01297], [102.95139, 7.01607], [102.94993, 7.01993], [102.95067, 7.02363], [102.95302, 7.02562], [102.9606, 7.02684], [102.96311, 7.03294], [102.96325, 7.03889], [102.95977, 7.05969], [102.96321, 7.05937], [102.96656, 7.05755], [102.97856, 7.04606], [102.9811, 7.04481], [102.98341, 7.04527], [102.98548, 7.04797], [102.99013, 7.0613], [102.99228, 7.06303], [102.99535, 7.06295], [102.99879, 7.06073], [103.00057, 7.05694], [103.00096, 7.04054], [103.00336, 7.01764], [103.00185, 7.00544], [102.99499, 6.98866], [102.99447, 6.96692], [102.98267, 6.97555], [102.97971, 6.97667], [102.97451, 6.9744], [102.96616, 6.96834]]]}, "properties": {"feature_type": "field", "feature_class": "Gas/Oil Field (offshore, undifferentiated)", "inset": "peninsular", "candidate_name": "Bumi South Bulan South", "name_source": "vector text (unverified)", "label_gap_px": 0.0, "area_px": 100.4, "longitude": 102.98075, "latitude": 7.01636}}, {"type": "Feature", "geometry": {"type": "Polygon", "coordinates": [[[103.23427, 7.04658], [103.22235, 7.03727], [103.21701, 7.0305], [103.21404, 7.02143], [103.21184, 6.99678], [103.20788, 6.98774], [103.19781, 6.97143], [103.18241, 6.95512], [103.17723, 6.94639], [103.17111, 6.94747], [103.164, 6.95155], [103.15848, 6.95661], [103.15606, 6.96214], [103.15625, 6.96525], [103.16046, 6.97514], [103.161, 6.98367], [103.15853, 6.99018], [103.1484, 7.00481], [103.14623, 7.01332], [103.14616, 7.01754], [103.14785, 7.02477], [103.1569, 7.04111], [103.16361, 7.05975], [103.16986, 7.07102], [103.17573, 7.07565], [103.17928, 7.0765], [103.18554, 7.07503], [103.19186, 7.07072], [103.20856, 7.05472], [103.21725, 7.04882], [103.22654, 7.04562], [103.23213, 7.04549], [103.23427, 7.04658]]]}, "properties": {"feature_type": "field", "feature_class": "Gas/Oil Field (offshore, undifferentiated)", "inset": "peninsular", "candidate_name": "Bumi South Bulan South", "name_source": "vector text (unverified)", "label_gap_px": 0.0, "area_px": 213.3, "longitude": 103.18274, "latitude": 7.01506}}, {"type": "Feature", "geometry": {"type": "Polygon", "coordinates": [[[104.76827, 6.22358], [104.77641, 6.22639], [104.78371, 6.22543], [104.80453, 6.21388], [104.84607, 6.20097], [104.85186, 6.19821], [104.85557, 6.19425], [104.85935, 6.18621], [104.86269, 6.18213], [104.87854, 6.17593], [104.88337, 6.17134], [104.89848, 6.14545], [104.89942, 6.14139], [104.89871, 6.1389], [104.89698, 6.13725], [104.89324, 6.13631], [104.88778, 6.13681], [104.88209, 6.1387], [104.86201, 6.15217], [104.84034, 6.16144], [104.78174, 6.1931], [104.76986, 6.2018], [104.76362, 6.20905], [104.7621, 6.21282], [104.76212, 6.21656], [104.76406, 6.22018], [104.76827, 6.22358]]]}, "properties": {"feature_type": "field", "feature_class": "Gas/Oil Field (offshore, undifferentiated)", "inset": "peninsular", "candidate_name": "Bindu", "name_source": "vector text (unverified)", "label_gap_px": 0.0, "area_px": 259.9, "longitude": 104.83108, "latitude": 6.18427}}, {"type": "Feature", "geometry": {"type": "Polygon", "coordinates": [[[105.79951, 5.78897], [105.79027, 5.78789], [105.78023, 5.78162], [105.77648, 5.78075], [105.76113, 5.78466], [105.75777, 5.78724], [105.75684, 5.79082], [105.76032, 5.79946], [105.76404, 5.80345], [105.77746, 5.80901], [105.7856, 5.81082], [105.79379, 5.8151], [105.79679, 5.81546], [105.80029, 5.81393], [105.80197, 5.80989], [105.80103, 5.79249], [105.79988, 5.78876], [105.79773, 5.78753], [105.79951, 5.78897]]]}, "properties": {"feature_type": "field", "feature_class": "Gas/Oil Field (offshore, undifferentiated)", "inset": "peninsular", "candidate_name": "Permatang", "name_source": "vector text (unverified)", "label_gap_px": 0.0, "area_px": 31.3, "longitude": 105.78121, "latitude": 5.79715}}, {"type": "Feature", "geometry": {"type": "Polygon", "coordinates": [[[105.62999, 5.66894], [105.63088, 5.6671], [105.62912, 5.66366], [105.62432, 5.66064], [105.61232, 5.6555], [105.60711, 5.65037], [105.60423, 5.64913], [105.58629, 5.64866], [105.58134, 5.65231], [105.57881, 5.65837], [105.5788, 5.66475], [105.59504, 5.66678], [105.60195, 5.66418], [105.60499, 5.66396], [105.62298, 5.67071], [105.62686, 5.67077], [105.62999, 5.66894]]]}, "properties": {"feature_type": "field", "feature_class": "Gas/Oil Field (offshore, undifferentiated)", "inset": "peninsular", "candidate_name": "Peta Kiri", "name_source": "vector text (unverified)", "label_gap_px": 0.0, "area_px": 26.4, "longitude": 105.60193, "latitude": 5.65941}}, {"type": "Feature", "geometry": {"type": "Polygon", "coordinates": [[[104.0901, 5.93017], [104.03948, 5.9423], [104.0325, 5.94577], [104.01639, 5.9572], [104.00928, 5.96102], [103.99888, 5.9641], [103.97268, 5.96932], [103.9633, 5.97444], [103.95188, 5.98685], [103.94241, 5.99998], [103.93779, 6.00969], [103.9357, 6.03188], [103.93026, 6.05011], [103.93163, 6.06048], [103.93869, 6.07954], [103.93899, 6.09651], [103.94194, 6.10104], [103.95688, 6.106], [103.96741, 6.11739], [103.97443, 6.12037], [104.03921, 6.12845], [104.06465, 6.12901], [104.07722, 6.12785], [104.0896, 6.12547], [104.10172, 6.12165], [104.11352, 6.11619], [104.11898, 6.11173], [104.13015, 6.09708], [104.15472, 6.07894], [104.16032, 6.06984], [104.16644, 6.05292], [104.16927, 6.0481], [104.17771, 6.03886], [104.18021, 6.03236], [104.18105, 6.00344], [104.1847, 5.9684], [104.18253, 5.95498], [104.1797, 5.94864], [104.17537, 5.9426], [104.16529, 5.93245], [104.15901, 5.92838], [104.15209, 5.92619], [104.14371, 5.92563], [104.10815, 5.92771], [104.0901, 5.93017]]]}, "properties": {"feature_type": "field", "feature_class": "Gas/Oil Field (offshore, undifferentiated)", "inset": "peninsular", "candidate_name": "Bujang", "name_source": "vector text (unverified)", "label_gap_px": 0.0, "area_px": 1003.8, "longitude": 104.061, "latitude": 6.0289}}, {"type": "Feature", "geometry": {"type": "Polygon", "coordinates": [[[104.26995, 6.66055], [104.25359, 6.64192], [104.23942, 6.63376], [104.23041, 6.62561], [104.22586, 6.62317], [104.20923, 6.62092], [104.1951, 6.62351], [104.18488, 6.62864], [104.16481, 6.64807], [104.15897, 6.65156], [104.14643, 6.65611], [104.14006, 6.66063], [104.1363, 6.66677], [104.13213, 6.67698], [104.12647, 6.68574], [104.1259, 6.69147], [104.12888, 6.69582], [104.13944, 6.70344], [104.15943, 6.70993], [104.17211, 6.71673], [104.1908, 6.71979], [104.2295, 6.73118], [104.23663, 6.73217], [104.24119, 6.73146], [104.24479, 6.72821], [104.25068, 6.71553], [104.26151, 6.70479], [104.2675, 6.69205], [104.27701, 6.68374], [104.28074, 6.68167], [104.28566, 6.68057], [104.28699, 6.67854], [104.28715, 6.67605], [104.28565, 6.67316], [104.26995, 6.66055]]]}, "properties": {"feature_type": "field", "feature_class": "Gas/Oil Field (offshore, undifferentiated)", "inset": "peninsular", "candidate_name": "South Bundi", "name_source": "vector text (unverified)", "label_gap_px": 0.0, "area_px": 326.1, "longitude": 104.20671, "latitude": 6.67724}}, {"type": "Feature", "geometry": {"type": "Polygon", "coordinates": [[[104.1208, 6.71125], [104.11418, 6.73586], [104.11229, 6.75562], [104.11284, 6.76227], [104.11484, 6.76625], [104.11978, 6.77017], [104.1301, 6.77194], [104.14115, 6.77655], [104.14866, 6.77641], [104.16149, 6.77311], [104.17256, 6.77329], [104.17774, 6.77244], [104.18342, 6.76886], [104.19448, 6.75861], [104.21048, 6.74928], [104.22013, 6.74164], [104.23538, 6.73761], [104.2382, 6.7362], [104.23994, 6.73406], [104.23617, 6.73187], [104.22965, 6.73136], [104.21111, 6.72705], [104.20103, 6.72258], [104.18848, 6.72065], [104.17801, 6.71594], [104.16997, 6.71568], [104.15591, 6.70887], [104.14418, 6.70821], [104.14126, 6.70671], [104.13405, 6.69951], [104.13122, 6.69801], [104.12811, 6.69825], [104.12559, 6.70048], [104.1208, 6.71125]]]}, "properties": {"feature_type": "field", "feature_class": "Gas/Oil Field (offshore, undifferentiated)", "inset": "peninsular", "candidate_name": "South Bundi", "name_source": "vector text (unverified)", "label_gap_px": 0.0, "area_px": 188.2, "longitude": 104.16022, "latitude": 6.74089}}, {"type": "Feature", "geometry": {"type": "Polygon", "coordinates": [[[105.04263, 4.98735], [105.04559, 4.97878], [105.04592, 4.97402], [105.04442, 4.96805], [105.04263, 4.96591], [105.04042, 4.96546], [105.0352, 4.96809], [105.02697, 4.97536], [105.02247, 4.97811], [105.01446, 4.97586], [105.01096, 4.97658], [105.00795, 4.97847], [105.00034, 4.98456], [104.99748, 4.9882], [104.99566, 4.9953], [104.99592, 4.99901], [104.99871, 5.00513], [105.00105, 5.00756], [105.00708, 5.01115], [105.01801, 5.0135], [105.02986, 5.01249], [105.03652, 5.00892], [105.03919, 5.00486], [105.04263, 4.98735]]]}, "properties": {"feature_type": "field", "feature_class": "Gas/Oil Field (offshore, undifferentiated)", "inset": "peninsular", "candidate_name": "Duyong Barat", "name_source": "vector text (unverified)", "label_gap_px": 0.0, "area_px": 57.2, "longitude": 105.022, "latitude": 4.99212}}, {"type": "Feature", "geometry": {"type": "Polygon", "coordinates": [[[105.16349, 4.58384], [105.1562, 4.58296], [105.15158, 4.58466], [105.14431, 4.59117], [105.14095, 4.59752], [105.14196, 4.60142], [105.15247, 4.60787], [105.15609, 4.61495], [105.15977, 4.6168], [105.16675, 4.61527], [105.17778, 4.60556], [105.1811, 4.60374], [105.1878, 4.60211], [105.18972, 4.59919], [105.1868, 4.58754], [105.18302, 4.58407], [105.17779, 4.58325], [105.16349, 4.58384]]]}, "properties": {"feature_type": "field", "feature_class": "Gas/Oil Field (offshore, undifferentiated)", "inset": "peninsular", "candidate_name": "Delah", "name_source": "vector text (unverified)", "label_gap_px": 0.0, "area_px": 38.4, "longitude": 105.1653, "latitude": 4.59741}}, {"type": "Feature", "geometry": {"type": "Polygon", "coordinates": [[[105.18601, 4.6284], [105.17956, 4.6275], [105.17327, 4.62813], [105.15945, 4.64111], [105.15263, 4.64626], [105.14685, 4.64938], [105.13661, 4.65273], [105.12638, 4.65923], [105.11907, 4.66183], [105.11125, 4.66233], [105.10622, 4.66137], [105.08964, 4.65527], [105.08471, 4.65083], [105.08224, 4.64981], [105.07481, 4.64993], [105.07185, 4.65118], [105.07011, 4.65339], [105.06748, 4.66481], [105.06718, 4.67145], [105.06887, 4.6779], [105.07325, 4.68242], [105.09767, 4.69133], [105.1037, 4.69113], [105.11414, 4.68648], [105.12048, 4.68522], [105.12706, 4.68626], [105.13527, 4.69102], [105.13687, 4.70373], [105.13517, 4.70834], [105.1317, 4.71155], [105.11683, 4.7192], [105.1127, 4.72547], [105.11178, 4.72917], [105.1122, 4.73678], [105.11559, 4.74348], [105.11839, 4.74604], [105.12191, 4.74784], [105.12778, 4.74879], [105.13345, 4.74779], [105.13857, 4.74513], [105.14437, 4.73868], [105.15059, 4.72491], [105.15399, 4.72195], [105.16501, 4.71562], [105.17955, 4.69944], [105.18508, 4.69703], [105.18846, 4.69669], [105.20082, 4.69838], [105.20753, 4.69717], [105.2257, 4.67596], [105.22757, 4.6708], [105.22665, 4.66447], [105.22407, 4.66138], [105.21728, 4.65655], [105.21483, 4.65334], [105.21205, 4.6383], [105.20901, 4.6324], [105.20604, 4.6311], [105.19683, 4.63246], [105.18601, 4.6284]]]}, "properties": {"feature_type": "field", "feature_class": "Gas/Oil Field (offshore, undifferentiated)", "inset": "peninsular", "candidate_name": "Gansar", "name_source": "vector text (unverified)", "label_gap_px": 0.0, "area_px": 357.0, "longitude": 105.15351, "latitude": 4.67877}}, {"type": "Feature", "geometry": {"type": "Polygon", "coordinates": [[[113.17615, 3.92207], [113.16942, 3.91256], [113.1651, 3.90843], [113.16099, 3.90732], [113.14623, 3.90745], [113.14161, 3.90885], [113.12906, 3.91829], [113.12653, 3.92088], [113.12598, 3.92287], [113.1269, 3.92571], [113.13089, 3.93056], [113.13463, 3.93722], [113.13714, 3.93889], [113.14161, 3.93934], [113.15037, 3.93868], [113.1557, 3.93483], [113.16478, 3.9347], [113.16943, 3.93266], [113.17296, 3.9324], [113.1742, 3.93127], [113.1763, 3.92529], [113.17615, 3.92207]]]}, "properties": {"feature_type": "field", "feature_class": "Gas/Oil Field (offshore, undifferentiated)", "inset": "borneo", "candidate_name": "Sapih", "name_source": "vector text (unverified)", "label_gap_px": 8.8, "area_px": 36.0, "longitude": 113.15132, "latitude": 3.92304}}, {"type": "Feature", "geometry": {"type": "Polygon", "coordinates": [[[114.53807, 4.62221], [114.53267, 4.61689], [114.51784, 4.60964], [114.514, 4.60943], [114.51139, 4.6112], [114.51137, 4.61459], [114.51306, 4.6176], [114.52466, 4.63023], [114.53655, 4.64046], [114.54096, 4.64292], [114.54481, 4.64357], [114.55395, 4.63905], [114.55743, 4.63367], [114.55697, 4.6301], [114.55457, 4.6269], [114.54952, 4.62305], [114.545, 4.62264], [114.54289, 4.62495], [114.54159, 4.62508], [114.53877, 4.62426], [114.53807, 4.62221]]]}, "properties": {"feature_type": "field", "feature_class": "Gas/Oil Field (offshore, undifferentiated)", "inset": "borneo", "candidate_name": null, "name_source": "unlabeled", "label_gap_px": null, "area_px": 34.4, "longitude": 114.53514, "latitude": 4.62721}}, {"type": "Feature", "geometry": {"type": "Polygon", "coordinates": [[[114.45014, 4.76706], [114.45414, 4.7729], [114.4561, 4.78332], [114.46522, 4.78815], [114.471, 4.79342], [114.47499, 4.79944], [114.47711, 4.80047], [114.48035, 4.80037], [114.48161, 4.79935], [114.48304, 4.79081], [114.48657, 4.78561], [114.49143, 4.78297], [114.50067, 4.78171], [114.50374, 4.77962], [114.50468, 4.77735], [114.50329, 4.76795], [114.49727, 4.75706], [114.49337, 4.75345], [114.4775, 4.74491], [114.47004, 4.7449], [114.45719, 4.74738], [114.44516, 4.74294], [114.43992, 4.74362], [114.43646, 4.74546], [114.43469, 4.74999], [114.43695, 4.75723], [114.44058, 4.76093], [114.45014, 4.76706]]]}, "properties": {"feature_type": "field", "feature_class": "Gas/Oil Field (offshore, undifferentiated)", "inset": "borneo", "candidate_name": null, "name_source": "unlabeled", "label_gap_px": null, "area_px": 85.2, "longitude": 114.47171, "latitude": 4.7668}}, {"type": "Feature", "geometry": {"type": "Polygon", "coordinates": [[[114.28076, 4.80197], [114.27789, 4.79774], [114.26756, 4.79377], [114.23658, 4.7941], [114.22424, 4.79188], [114.21435, 4.78827], [114.21007, 4.78958], [114.20236, 4.79604], [114.1991, 4.79975], [114.19823, 4.8028], [114.19841, 4.80453], [114.22875, 4.80532], [114.2373, 4.80963], [114.24496, 4.81027], [114.24978, 4.81379], [114.25408, 4.81461], [114.26788, 4.81201], [114.28111, 4.81214], [114.28234, 4.81075], [114.28269, 4.8081], [114.27945, 4.80196], [114.28076, 4.80197]]]}, "properties": {"feature_type": "field", "feature_class": "Gas/Oil Field (offshore, undifferentiated)", "inset": "borneo", "candidate_name": "Fatimah", "name_source": "vector text (unverified)", "label_gap_px": 29.3, "area_px": 49.9, "longitude": 114.24297, "latitude": 4.80161}}, {"type": "Feature", "geometry": {"type": "Polygon", "coordinates": [[[114.20754, 4.76939], [114.22231, 4.77247], [114.22412, 4.77425], [114.22297, 4.77564], [114.22019, 4.77657], [114.20838, 4.77684], [114.21291, 4.78275], [114.22903, 4.78128], [114.23278, 4.77984], [114.24378, 4.78156], [114.25044, 4.78541], [114.25407, 4.78621], [114.27845, 4.78663], [114.28613, 4.78253], [114.29912, 4.77894], [114.30309, 4.77572], [114.30231, 4.77064], [114.3008, 4.76913], [114.29181, 4.76677], [114.26984, 4.76511], [114.2624, 4.75878], [114.24748, 4.75111], [114.21776, 4.75297], [114.19604, 4.75282], [114.18766, 4.75389], [114.18481, 4.7556], [114.18446, 4.75749], [114.18545, 4.75936], [114.19281, 4.7645], [114.20754, 4.76939]]]}, "properties": {"feature_type": "field", "feature_class": "Gas/Oil Field (offshore, undifferentiated)", "inset": "borneo", "candidate_name": "Fatimah", "name_source": "vector text (unverified)", "label_gap_px": 24.9, "area_px": 96.3, "longitude": 114.24459, "latitude": 4.76867}}, {"type": "Feature", "geometry": {"type": "Polygon", "coordinates": [[[114.30615, 4.80426], [114.29865, 4.80817], [114.29799, 4.80962], [114.2988, 4.8116], [114.30145, 4.81331], [114.30577, 4.8142], [114.31085, 4.81187], [114.31201, 4.80996], [114.31152, 4.80774], [114.30848, 4.8049], [114.30615, 4.80426]]]}, "properties": {"feature_type": "field", "feature_class": "Gas/Oil Field (offshore, undifferentiated)", "inset": "borneo", "candidate_name": "Fatimah", "name_source": "vector text (unverified)", "label_gap_px": 42.9, "area_px": 3.7, "longitude": 114.30525, "latitude": 4.80945}}, {"type": "Feature", "geometry": {"type": "Polygon", "coordinates": [[[112.40309, 4.00038], [112.3753, 3.99899], [112.37099, 3.99973], [112.36812, 4.00138], [112.36558, 4.00464], [112.35634, 4.02225], [112.3553, 4.03024], [112.35658, 4.0359], [112.35948, 4.03819], [112.3656, 4.03936], [112.37373, 4.04243], [112.37718, 4.04233], [112.38069, 4.04076], [112.38693, 4.03385], [112.39708, 4.01799], [112.40243, 4.01238], [112.4038, 4.00783], [112.40309, 4.00038]]]}, "properties": {"feature_type": "field", "feature_class": "Gas/Oil Field (offshore, undifferentiated)", "inset": "borneo", "candidate_name": "E8", "name_source": "vector text (unverified)", "label_gap_px": 8.1, "area_px": 49.9, "longitude": 112.37808, "latitude": 4.01892}}, {"type": "Feature", "geometry": {"type": "Polygon", "coordinates": [[[112.24517, 4.05307], [112.23136, 4.04448], [112.22565, 4.0429], [112.21997, 4.04324], [112.21702, 4.04485], [112.21426, 4.04872], [112.21221, 4.05395], [112.21121, 4.05925], [112.21163, 4.06472], [112.21856, 4.08239], [112.22574, 4.0939], [112.232, 4.09821], [112.24171, 4.09979], [112.24602, 4.09946], [112.2505, 4.09611], [112.25321, 4.08839], [112.2499, 4.06373], [112.24787, 4.05756], [112.24517, 4.05307]]]}, "properties": {"feature_type": "field", "feature_class": "Gas/Oil Field (offshore, undifferentiated)", "inset": "borneo", "candidate_name": "Balai", "name_source": "vector text (unverified)", "label_gap_px": 8.8, "area_px": 55.1, "longitude": 112.23273, "latitude": 4.07114}}, {"type": "Feature", "geometry": {"type": "Polygon", "coordinates": [[[113.17668, 3.52562], [113.16768, 3.5298], [113.16495, 3.53259], [113.16413, 3.53488], [113.16578, 3.54232], [113.16805, 3.54449], [113.17261, 3.54629], [113.18445, 3.54697], [113.20749, 3.54019], [113.22272, 3.53942], [113.22898, 3.54088], [113.23561, 3.54744], [113.24094, 3.549], [113.24824, 3.54624], [113.25022, 3.54438], [113.25118, 3.54186], [113.24947, 3.53629], [113.24509, 3.53221], [113.21869, 3.5166], [113.20888, 3.51345], [113.20101, 3.51327], [113.1901, 3.51659], [113.18158, 3.52151], [113.17668, 3.52562]]]}, "properties": {"feature_type": "field", "feature_class": "Gas/Oil Field (offshore, undifferentiated)", "inset": "borneo", "candidate_name": "Sompotan", "name_source": "vector text (unverified)", "label_gap_px": 0.3, "area_px": 70.0, "longitude": 113.20579, "latitude": 3.532}}, {"type": "Feature", "geometry": {"type": "Polygon", "coordinates": [[[113.26033, 3.61776], [113.25173, 3.61187], [113.23569, 3.61002], [113.23203, 3.61132], [113.23081, 3.61534], [113.2318, 3.61897], [113.23447, 3.62139], [113.24141, 3.6235], [113.24852, 3.62776], [113.2556, 3.6288], [113.25917, 3.62732], [113.26144, 3.62156], [113.26033, 3.61776]]]}, "properties": {"feature_type": "field", "feature_class": "Gas/Oil Field (offshore, undifferentiated)", "inset": "borneo", "candidate_name": "East Patricia", "name_source": "vector text (unverified)", "label_gap_px": 0.0, "area_px": 13.8, "longitude": 113.24659, "latitude": 3.61884}}, {"type": "Feature", "geometry": {"type": "Polygon", "coordinates": [[[113.18383, 3.6316], [113.18087, 3.62284], [113.17858, 3.62036], [113.17668, 3.61969], [113.16411, 3.62081], [113.16111, 3.62268], [113.15954, 3.62588], [113.15934, 3.63019], [113.16039, 3.63327], [113.16861, 3.63973], [113.17108, 3.6395], [113.17536, 3.63722], [113.18281, 3.63619], [113.18385, 3.63484], [113.18383, 3.6316]]]}, "properties": {"feature_type": "field", "feature_class": "Gas/Oil Field (offshore, undifferentiated)", "inset": "borneo", "candidate_name": "East Patricia", "name_source": "vector text (unverified)", "label_gap_px": 0.0, "area_px": 12.1, "longitude": 113.17154, "latitude": 3.62923}}, {"type": "Feature", "geometry": {"type": "Polygon", "coordinates": [[[113.32457, 3.4999], [113.3177, 3.49923], [113.3131, 3.50071], [113.31003, 3.50446], [113.30906, 3.51065], [113.31014, 3.51711], [113.31417, 3.52872], [113.32355, 3.53477], [113.32649, 3.53535], [113.33022, 3.53456], [113.33235, 3.53224], [113.33319, 3.52775], [113.3358, 3.52331], [113.33716, 3.51169], [113.33612, 3.50905], [113.33216, 3.50744], [113.32721, 3.50158], [113.32457, 3.4999]]]}, "properties": {"feature_type": "field", "feature_class": "Gas/Oil Field (offshore, undifferentiated)", "inset": "borneo", "candidate_name": "East Patricia", "name_source": "vector text (unverified)", "label_gap_px": 12.8, "area_px": 24.2, "longitude": 113.32294, "latitude": 3.51658}}, {"type": "Feature", "geometry": {"type": "Polygon", "coordinates": [[[113.24519, 4.12661], [113.24313, 4.11613], [113.23819, 4.11252], [113.2368, 4.1099], [113.23468, 4.09939], [113.23524, 4.0888], [113.2333, 4.08888], [113.21825, 4.09862], [113.21575, 4.10326], [113.21093, 4.11712], [113.20934, 4.1342], [113.21054, 4.14031], [113.21284, 4.14303], [113.21565, 4.14436], [113.22673, 4.14483], [113.22756, 4.1476], [113.22718, 4.1509], [113.22207, 4.15629], [113.21819, 4.16271], [113.2176, 4.16783], [113.21906, 4.17062], [113.22248, 4.17114], [113.23036, 4.16956], [113.2397, 4.16971], [113.24309, 4.16714], [113.24856, 4.15952], [113.25566, 4.15351], [113.25823, 4.1405], [113.25992, 4.13849], [113.26342, 4.13681], [113.26456, 4.13486], [113.26471, 4.12926], [113.26326, 4.12111], [113.26139, 4.11911], [113.25364, 4.11966], [113.25128, 4.12164], [113.24851, 4.12834], [113.24641, 4.12862], [113.24519, 4.12661]]]}, "properties": {"feature_type": "field", "feature_class": "Gas/Oil Field (offshore, undifferentiated)", "inset": "borneo", "candidate_name": "E11 Shallow Cluster", "name_source": "vector text (unverified)", "label_gap_px": 26.2, "area_px": 106.0, "longitude": 113.23402, "latitude": 4.13347}}, {"type": "Feature", "geometry": {"type": "Polygon", "coordinates": [[[113.25822, 4.29534], [113.25695, 4.28885], [113.24643, 4.26418], [113.24399, 4.25524], [113.24331, 4.24629], [113.24479, 4.22448], [113.24338, 4.2138], [113.24135, 4.20713], [113.23838, 4.20154], [113.2356, 4.1989], [113.22174, 4.19301], [113.21627, 4.19332], [113.2126, 4.19643], [113.21074, 4.20126], [113.2111, 4.21266], [113.22647, 4.2519], [113.23038, 4.26548], [113.23364, 4.28424], [113.24237, 4.31051], [113.24744, 4.31927], [113.25102, 4.32237], [113.25337, 4.32262], [113.25616, 4.32108], [113.25934, 4.31639], [113.26085, 4.3122], [113.26079, 4.30588], [113.25878, 4.29467], [113.25822, 4.29534]]]}, "properties": {"feature_type": "field", "feature_class": "Gas/Oil Field (offshore, undifferentiated)", "inset": "borneo", "candidate_name": "F13 East", "name_source": "vector text (unverified)", "label_gap_px": 17.0, "area_px": 126.4, "longitude": 113.23635, "latitude": 4.25164}}, {"type": "Feature", "geometry": {"type": "Polygon", "coordinates": [[[114.14944, 4.84791], [114.14644, 4.846], [114.14003, 4.84595], [114.13183, 4.85021], [114.11582, 4.84949], [114.10477, 4.85289], [114.08756, 4.85478], [114.0691, 4.86139], [114.06705, 4.86314], [114.06667, 4.86597], [114.06987, 4.86917], [114.07737, 4.87062], [114.11127, 4.86338], [114.12948, 4.86187], [114.13988, 4.86005], [114.14841, 4.85671], [114.15079, 4.85433], [114.15129, 4.85142], [114.14944, 4.84791]]]}, "properties": {"feature_type": "field", "feature_class": "Gas/Oil Field (offshore, undifferentiated)", "inset": "borneo", "candidate_name": "Baronia", "name_source": "vector text (unverified)", "label_gap_px": 20.0, "area_px": 52.9, "longitude": 114.10952, "latitude": 4.85826}}, {"type": "Feature", "geometry": {"type": "Polygon", "coordinates": [[[113.1704, 3.6946], [113.16502, 3.69326], [113.1631, 3.69373], [113.16205, 3.69522], [113.16155, 3.70142], [113.16252, 3.70313], [113.16542, 3.70385], [113.17166, 3.7082], [113.1727, 3.69821], [113.1704, 3.6946]]]}, "properties": {"feature_type": "field", "feature_class": "Gas/Oil Field (offshore, undifferentiated)", "inset": "borneo", "candidate_name": "East Patricia", "name_source": "vector text (unverified)", "label_gap_px": 1.7, "area_px": 4.2, "longitude": 113.16733, "latitude": 3.69977}}, {"type": "Feature", "geometry": {"type": "Polygon", "coordinates": [[[115.45431, 5.53564], [115.45066, 5.50933], [115.44857, 5.50591], [115.44691, 5.50545], [115.44199, 5.50803], [115.43687, 5.51358], [115.43455, 5.51794], [115.4336, 5.52279], [115.4357, 5.53092], [115.44165, 5.53848], [115.44498, 5.54806], [115.44831, 5.55152], [115.45261, 5.55302], [115.45719, 5.55025], [115.45888, 5.5455], [115.45431, 5.53564]]]}, "properties": {"feature_type": "field", "feature_class": "Gas/Oil Field (offshore, undifferentiated)", "inset": "borneo", "candidate_name": "Labuan W.P.", "name_source": "vector text (unverified)", "label_gap_px": 30.6, "area_px": 32.9, "longitude": 115.44616, "latitude": 5.52912}}, {"type": "Feature", "geometry": {"type": "Polygon", "coordinates": [[[115.58183, 5.47992], [115.58053, 5.47587], [115.57842, 5.47355], [115.57414, 5.47306], [115.57187, 5.47515], [115.57175, 5.4805], [115.57619, 5.49571], [115.57865, 5.50057], [115.58116, 5.50282], [115.58217, 5.50015], [115.58183, 5.47992]]]}, "properties": {"feature_type": "field", "feature_class": "Gas/Oil Field (offshore, undifferentiated)", "inset": "borneo", "candidate_name": "Labuan W.P.", "name_source": "vector text (unverified)", "label_gap_px": 42.6, "area_px": 7.9, "longitude": 115.57768, "latitude": 5.48586}}, {"type": "Feature", "geometry": {"type": "Polygon", "coordinates": [[[115.53943, 5.4123], [115.54278, 5.41363], [115.55083, 5.42614], [115.5532, 5.43341], [115.55658, 5.43674], [115.55817, 5.44387], [115.56328, 5.44875], [115.56551, 5.44929], [115.5679, 5.44832], [115.56885, 5.446], [115.56851, 5.44094], [115.56412, 5.42851], [115.56273, 5.41577], [115.55677, 5.40083], [115.54833, 5.39033], [115.54238, 5.37673], [115.53888, 5.37429], [115.5364, 5.37401], [115.53943, 5.4123]]]}, "properties": {"feature_type": "field", "feature_class": "Gas/Oil Field (offshore, undifferentiated)", "inset": "borneo", "candidate_name": "LABUAN", "name_source": "vector text (unverified)", "label_gap_px": 31.3, "area_px": 45.2, "longitude": 115.5518, "latitude": 5.41246}}, {"type": "Feature", "geometry": {"type": "Polygon", "coordinates": [[[115.46607, 5.36862], [115.46358, 5.36749], [115.45503, 5.35627], [115.4533, 5.35542], [115.45012, 5.3561], [115.44939, 5.35898], [115.45047, 5.36298], [115.45729, 5.3761], [115.46407, 5.3858], [115.46745, 5.3879], [115.4689, 5.38744], [115.46941, 5.3862], [115.46885, 5.38087], [115.4695, 5.37638], [115.46607, 5.36862]]]}, "properties": {"feature_type": "field", "feature_class": "Gas/Oil Field (offshore, undifferentiated)", "inset": "borneo", "candidate_name": "Labuan W.P.", "name_source": "vector text (unverified)", "label_gap_px": 19.3, "area_px": 16.3, "longitude": 115.46026, "latitude": 5.37127}}, {"type": "Feature", "geometry": {"type": "Polygon", "coordinates": [[[114.43722, 4.54904], [114.42657, 4.53856], [114.41713, 4.53593], [114.40434, 4.53003], [114.40435, 4.53429], [114.40663, 4.53899], [114.41237, 4.54549], [114.4182, 4.54947], [114.42542, 4.55127], [114.43646, 4.5515], [114.43722, 4.54904]]]}, "properties": {"feature_type": "field", "feature_class": "Gas/Oil Field (offshore, undifferentiated)", "inset": "borneo", "candidate_name": null, "name_source": "unlabeled", "label_gap_px": null, "area_px": 16.7, "longitude": 114.41997, "latitude": 4.54257}}, {"type": "Feature", "geometry": {"type": "MultiPolygon", "coordinates": [[[[115.93167, 6.57947], [115.93891, 6.57843], [115.94205, 6.57452], [115.94551, 6.56234], [115.94646, 6.54454], [115.94925, 6.52885], [115.949, 6.52347], [115.94792, 6.52103], [115.94056, 6.5142], [115.93607, 6.51167], [115.93344, 6.51195], [115.92737, 6.51527], [115.91965, 6.51778], [115.91709, 6.53183], [115.91783, 6.53818], [115.92393, 6.55954], [115.92757, 6.56394], [115.93167, 6.57947]]], [[[115.9329, 6.58225], [115.93353, 6.58321], [115.93386, 6.58301], [115.93375, 6.58276], [115.9329, 6.58225]]]]}, "properties": {"feature_type": "field", "feature_class": "Gas/Oil Field (offshore, undifferentiated)", "inset": "borneo", "candidate_name": "Belud South", "name_source": "vector text (unverified)", "label_gap_px": 14.9, "area_px": 53.1, "longitude": 115.93386, "latitude": 6.54209}}, {"type": "Feature", "geometry": {"type": "Polygon", "coordinates": [[[111.95838, 3.3625], [111.95184, 3.34806], [111.94889, 3.3465], [111.94136, 3.34477], [111.93986, 3.34014], [111.93589, 3.33992], [111.92879, 3.34131], [111.90678, 3.35376], [111.91019, 3.3625], [111.91342, 3.36294], [111.91493, 3.37001], [111.92233, 3.38078], [111.92897, 3.38499], [111.93236, 3.38542], [111.93559, 3.38437], [111.93853, 3.38159], [111.94264, 3.38676], [111.94455, 3.38666], [111.94641, 3.3853], [111.95365, 3.37505], [111.95749, 3.37251], [111.95838, 3.3625]]]}, "properties": {"feature_type": "field", "feature_class": "Gas/Oil Field (offshore, undifferentiated)", "inset": "borneo", "candidate_name": "Dafnah West", "name_source": "vector text (unverified)", "label_gap_px": 42.5, "area_px": 67.7, "longitude": 111.93448, "latitude": 3.36288}}, {"type": "Feature", "geometry": {"type": "Polygon", "coordinates": [[[115.85734, 6.738], [115.85878, 6.74152], [115.86208, 6.74214], [115.8741, 6.74102], [115.87664, 6.74019], [115.87743, 6.73895], [115.87342, 6.72406], [115.87014, 6.72241], [115.86197, 6.71569], [115.85967, 6.71896], [115.85918, 6.7261], [115.85703, 6.73146], [115.85734, 6.738]]]}, "properties": {"feature_type": "field", "feature_class": "Gas/Oil Field (offshore, undifferentiated)", "inset": "borneo", "candidate_name": "Belud South", "name_source": "vector text (unverified)", "label_gap_px": 0.0, "area_px": 14.6, "longitude": 115.86626, "latitude": 6.73125}}, {"type": "Feature", "geometry": {"type": "Polygon", "coordinates": [[[116.23164, 6.25721], [116.22925, 6.25774], [116.22718, 6.25679], [116.22197, 6.25145], [116.2167, 6.24873], [116.21502, 6.24514], [116.2073, 6.24408], [116.20554, 6.24015], [116.20418, 6.23922], [116.19619, 6.23956], [116.1937, 6.24091], [116.19246, 6.24293], [116.19236, 6.24706], [116.19384, 6.24904], [116.19537, 6.25586], [116.19695, 6.2576], [116.19839, 6.2571], [116.19931, 6.25524], [116.20042, 6.24815], [116.20595, 6.24815], [116.20485, 6.25841], [116.20614, 6.26237], [116.20798, 6.26405], [116.21124, 6.264], [116.21543, 6.26089], [116.21812, 6.26291], [116.23318, 6.26698], [116.23681, 6.26715], [116.23678, 6.26534], [116.24274, 6.26525], [116.24075, 6.26198], [116.23432, 6.25888], [116.23328, 6.25679], [116.2321, 6.25681], [116.23172, 6.25816], [116.23164, 6.25721]]]}, "properties": {"feature_type": "field", "feature_class": "Gas/Oil Field (offshore, undifferentiated)", "inset": "borneo", "candidate_name": null, "name_source": "unlabeled", "label_gap_px": null, "area_px": 30.6, "longitude": 116.21381, "latitude": 6.25417}}, {"type": "Feature", "geometry": {"type": "Polygon", "coordinates": [[[117.03577, 7.06999], [117.02891, 7.05522], [117.0205, 7.04538], [117.00514, 7.03556], [117.00045, 7.03416], [116.99576, 7.03411], [116.99502, 7.0374], [116.99686, 7.04349], [117.00584, 7.06315], [117.01241, 7.07166], [117.02437, 7.07877], [117.03329, 7.08014], [117.03621, 7.07901], [117.03767, 7.07656], [117.03629, 7.06937], [117.03577, 7.06999]]]}, "properties": {"feature_type": "field", "feature_class": "Gas/Oil Field (offshore, undifferentiated)", "inset": "borneo", "candidate_name": "Balambangan", "name_source": "vector text (unverified)", "label_gap_px": 1.9, "area_px": 44.0, "longitude": 117.01638, "latitude": 7.05785}}, {"type": "Feature", "geometry": {"type": "Polygon", "coordinates": [[[117.09739, 7.13496], [117.09588, 7.13004], [117.09352, 7.12706], [117.08881, 7.12616], [117.08331, 7.12352], [117.07883, 7.12437], [117.07803, 7.11925], [117.07638, 7.11814], [117.07075, 7.11954], [117.06943, 7.12109], [117.06841, 7.12648], [117.06087, 7.13111], [117.05719, 7.13628], [117.05679, 7.15125], [117.06005, 7.15961], [117.06238, 7.16231], [117.06549, 7.16372], [117.07421, 7.16467], [117.07793, 7.16393], [117.08222, 7.15959], [117.08712, 7.15635], [117.09035, 7.15233], [117.09121, 7.15058], [117.09073, 7.1457], [117.0914, 7.14388], [117.09809, 7.14169], [117.09997, 7.13969], [117.09964, 7.13761], [117.09631, 7.13579], [117.09739, 7.13496]]]}, "properties": {"feature_type": "field", "feature_class": "Gas/Oil Field (offshore, undifferentiated)", "inset": "borneo", "candidate_name": "Balambangan", "name_source": "vector text (unverified)", "label_gap_px": 4.9, "area_px": 48.5, "longitude": 117.0758, "latitude": 7.14232}}, {"type": "Feature", "geometry": {"type": "Polygon", "coordinates": [[[112.99473, 5.95374], [112.99044, 5.94408], [112.98834, 5.94266], [112.98079, 5.94059], [112.98, 5.93609], [112.97896, 5.9349], [112.97616, 5.93436], [112.9729, 5.9367], [112.97041, 5.94129], [112.96895, 5.94676], [112.96937, 5.95366], [112.97088, 5.95536], [112.97812, 5.95827], [112.98004, 5.95991], [112.98308, 5.97087], [112.98775, 5.97504], [112.99027, 5.97548], [112.9922, 5.97455], [112.99458, 5.9698], [112.99539, 5.96312], [112.99473, 5.95374]]]}, "properties": {"feature_type": "field", "feature_class": "Gas/Oil Field (offshore, undifferentiated)", "inset": "borneo", "candidate_name": null, "name_source": "unlabeled", "label_gap_px": null, "area_px": 30.4, "longitude": 112.98322, "latitude": 5.95412}}, {"type": "Feature", "geometry": {"type": "Polygon", "coordinates": [[[112.86801, 5.64471], [112.86243, 5.64353], [112.85803, 5.63979], [112.84951, 5.62633], [112.84664, 5.6255], [112.84423, 5.62608], [112.84223, 5.62782], [112.83926, 5.63367], [112.83368, 5.65629], [112.84849, 5.68502], [112.8514, 5.68822], [112.85721, 5.69127], [112.85877, 5.6934], [112.86039, 5.69828], [112.8622, 5.71079], [112.86435, 5.71569], [112.86907, 5.7187], [112.8728, 5.71926], [112.87625, 5.71884], [112.87849, 5.7173], [112.8801, 5.71165], [112.87649, 5.68823], [112.87826, 5.66878], [112.87496, 5.65311], [112.86947, 5.64772], [112.86801, 5.64471]]]}, "properties": {"feature_type": "field", "feature_class": "Gas/Oil Field (offshore, undifferentiated)", "inset": "borneo", "candidate_name": "Marjoram", "name_source": "vector text (unverified)", "label_gap_px": 27.7, "area_px": 102.4, "longitude": 112.85909, "latitude": 5.6701}}, {"type": "Feature", "geometry": {"type": "Polygon", "coordinates": [[[112.06732, 4.76502], [112.04368, 4.76238], [112.02831, 4.76653], [112.01287, 4.76401], [112.00822, 4.76698], [112.00664, 4.77026], [112.00634, 4.77382], [112.00807, 4.7786], [112.01052, 4.78072], [112.01894, 4.78068], [112.02702, 4.78614], [112.0303, 4.78659], [112.03809, 4.78249], [112.04966, 4.78255], [112.0649, 4.77791], [112.06916, 4.77385], [112.07105, 4.76934], [112.07005, 4.76521], [112.06877, 4.76419], [112.06732, 4.76502]]]}, "properties": {"feature_type": "field", "feature_class": "Gas/Oil Field (offshore, undifferentiated)", "inset": "borneo", "candidate_name": "Biji Sawi", "name_source": "vector text (unverified)", "label_gap_px": 4.8, "area_px": 37.9, "longitude": 112.03793, "latitude": 4.7732}}, {"type": "Feature", "geometry": {"type": "Polygon", "coordinates": [[[112.64178, 4.39405], [112.64307, 4.38564], [112.64044, 4.37669], [112.63908, 4.36332], [112.63017, 4.34719], [112.6269, 4.34327], [112.62209, 4.34078], [112.61235, 4.34048], [112.60625, 4.34241], [112.60341, 4.34657], [112.60265, 4.35125], [112.59614, 4.35625], [112.59563, 4.35947], [112.59838, 4.36516], [112.59837, 4.36821], [112.59346, 4.37292], [112.59267, 4.38019], [112.58966, 4.38439], [112.58914, 4.38665], [112.5901, 4.38939], [112.59249, 4.39149], [112.60026, 4.39437], [112.60092, 4.40133], [112.60649, 4.40715], [112.60697, 4.41087], [112.60092, 4.41697], [112.60086, 4.42061], [112.60647, 4.4302], [112.60959, 4.43029], [112.61507, 4.42782], [112.61887, 4.4291], [112.62817, 4.44309], [112.63225, 4.44533], [112.64087, 4.45338], [112.64634, 4.45591], [112.64816, 4.4549], [112.64855, 4.45261], [112.64407, 4.43996], [112.64667, 4.43162], [112.64674, 4.42776], [112.64542, 4.42495], [112.64073, 4.42107], [112.63892, 4.407], [112.63494, 4.40039], [112.63632, 4.39831], [112.64291, 4.3963], [112.64323, 4.39452], [112.64178, 4.39405]]]}, "properties": {"feature_type": "field", "feature_class": "Gas/Oil Field (offshore, undifferentiated)", "inset": "borneo", "candidate_name": "E4", "name_source": "vector text (unverified)", "label_gap_px": 6.8, "area_px": 144.7, "longitude": 112.62078, "latitude": 4.39227}}, {"type": "Feature", "geometry": {"type": "Polygon", "coordinates": [[[112.13184, 3.78015], [112.12755, 3.77562], [112.11849, 3.75964], [112.10208, 3.74649], [112.09994, 3.74317], [112.09798, 3.7432], [112.0932, 3.74684], [112.0914, 3.75044], [112.09065, 3.75488], [112.09095, 3.76578], [112.08557, 3.78485], [112.08508, 3.79277], [112.08579, 3.79813], [112.09988, 3.79713], [112.11297, 3.80119], [112.12175, 3.80006], [112.12632, 3.79726], [112.12961, 3.79305], [112.13129, 3.78761], [112.13104, 3.78111], [112.13184, 3.78015]]]}, "properties": {"feature_type": "field", "feature_class": "Gas/Oil Field (offshore, undifferentiated)", "inset": "borneo", "candidate_name": "Mutiara", "name_source": "vector text (unverified)", "label_gap_px": 0.0, "area_px": 64.9, "longitude": 112.10678, "latitude": 3.77675}}, {"type": "Feature", "geometry": {"type": "Polygon", "coordinates": [[[113.8109, 3.76491], [113.80895, 3.76035], [113.80186, 3.75246], [113.79623, 3.7429], [113.78661, 3.73297], [113.7834, 3.73045], [113.78002, 3.72951], [113.77773, 3.73004], [113.77488, 3.73225], [113.77332, 3.73563], [113.77384, 3.73993], [113.7824, 3.74737], [113.78609, 3.75337], [113.79239, 3.75977], [113.79694, 3.77437], [113.80309, 3.77914], [113.81129, 3.78304], [113.81144, 3.77838], [113.81374, 3.76828], [113.81271, 3.76611], [113.80917, 3.76491], [113.8109, 3.76491]]]}, "properties": {"feature_type": "field", "feature_class": "Gas/Oil Field (offshore, undifferentiated)", "inset": "borneo", "candidate_name": null, "name_source": "unlabeled", "label_gap_px": null, "area_px": 45.8, "longitude": 113.79493, "latitude": 3.75511}}, {"type": "Feature", "geometry": {"type": "Polygon", "coordinates": [[[113.45865, 4.55815], [113.45606, 4.55309], [113.45406, 4.55178], [113.4496, 4.5515], [113.44578, 4.55411], [113.44459, 4.55643], [113.44458, 4.56296], [113.44814, 4.56521], [113.45033, 4.56889], [113.45383, 4.56807], [113.45895, 4.56469], [113.45968, 4.56162], [113.45857, 4.55731], [113.45865, 4.55815]]]}, "properties": {"feature_type": "field", "feature_class": "Gas/Oil Field (offshore, undifferentiated)", "inset": "borneo", "candidate_name": "Lebah", "name_source": "vector text (unverified)", "label_gap_px": 6.6, "area_px": 9.2, "longitude": 113.45189, "latitude": 4.55983}}, {"type": "Feature", "geometry": {"type": "Polygon", "coordinates": [[[117.07348, 7.01785], [117.07715, 7.01832], [117.08101, 7.01628], [117.08384, 7.01604], [117.08753, 7.0198], [117.09229, 7.01571], [117.09782, 7.01583], [117.09728, 7.00868], [117.1001, 7.00548], [117.09823, 7.00072], [117.09553, 6.99876], [117.09068, 7.00103], [117.08571, 6.99832], [117.085, 6.99845], [117.08557, 6.99951], [117.07886, 6.99847], [117.07604, 6.99159], [117.07261, 6.98906], [117.07144, 6.99003], [117.07413, 6.99395], [117.07383, 6.995], [117.06963, 6.99528], [117.06768, 6.99151], [117.06435, 6.99437], [117.06237, 7.00139], [117.06677, 7.00302], [117.0716, 7.00838], [117.07022, 7.01074], [117.06548, 7.01379], [117.07348, 7.01785]]]}, "properties": {"feature_type": "field", "feature_class": "Gas/Oil Field (offshore, undifferentiated)", "inset": "borneo", "candidate_name": "Balambangan", "name_source": "vector text (unverified)", "label_gap_px": 13.0, "area_px": 27.1, "longitude": 117.08103, "latitude": 7.00623}}, {"type": "Feature", "geometry": {"type": "Polygon", "coordinates": [[[116.48899, 7.19957], [116.4823, 7.21108], [116.48816, 7.21602], [116.49333, 7.20844], [116.50095, 7.2045], [116.50223, 7.19779], [116.50552, 7.1899], [116.50327, 7.18826], [116.49803, 7.18707], [116.49377, 7.18668], [116.49004, 7.18753], [116.48859, 7.1908], [116.48899, 7.19957]]]}, "properties": {"feature_type": "field", "feature_class": "Gas/Oil Field (offshore, undifferentiated)", "inset": "borneo", "candidate_name": "Titik Terang", "name_source": "vector text (unverified)", "label_gap_px": 0.0, "area_px": 19.9, "longitude": 116.494, "latitude": 7.1993}}, {"type": "Feature", "geometry": {"type": "Polygon", "coordinates": [[[113.5716, 3.61249], [113.56255, 3.61398], [113.56335, 3.61876], [113.56074, 3.62163], [113.56645, 3.6348], [113.57583, 3.63652], [113.59003, 3.64216], [113.59853, 3.64388], [113.60225, 3.64311], [113.60567, 3.63664], [113.60459, 3.63035], [113.60759, 3.62894], [113.60499, 3.62516], [113.60139, 3.6227], [113.59472, 3.62034], [113.58804, 3.61909], [113.58068, 3.61906], [113.57939, 3.61405], [113.5716, 3.61249]]]}, "properties": {"feature_type": "field", "feature_class": "Gas/Oil Field (offshore, undifferentiated)", "inset": "borneo", "candidate_name": "East Patricia", "name_source": "vector text (unverified)", "label_gap_px": 42.3, "area_px": 33.2, "longitude": 113.58388, "latitude": 3.62827}}, {"type": "Feature", "geometry": {"type": "Polygon", "coordinates": [[[116.46988, 7.12582], [116.46562, 7.11759], [116.46006, 7.11272], [116.4591, 7.11334], [116.45632, 7.11692], [116.45903, 7.11826], [116.46046, 7.12214], [116.45755, 7.13834], [116.45367, 7.14183], [116.45171, 7.14846], [116.44906, 7.14845], [116.44863, 7.15023], [116.44894, 7.15155], [116.45122, 7.15315], [116.46048, 7.15495], [116.46507, 7.16082], [116.47443, 7.16219], [116.47411, 7.15198], [116.47066, 7.13907], [116.46988, 7.12582]]]}, "properties": {"feature_type": "field", "feature_class": "Gas/Oil Field (offshore, undifferentiated)", "inset": "borneo", "candidate_name": "Titik Terang", "name_source": "vector text (unverified)", "label_gap_px": 5.0, "area_px": 30.2, "longitude": 116.46372, "latitude": 7.14133}}, {"type": "Feature", "geometry": {"type": "Polygon", "coordinates": [[[116.40639, 7.01404], [116.40502, 7.00999], [116.40479, 7.00178], [116.40357, 6.99842], [116.39715, 7.00056], [116.39617, 7.00305], [116.39456, 7.00339], [116.39232, 7.00643], [116.39018, 7.00689], [116.3893, 7.01464], [116.39455, 7.02346], [116.40287, 7.02702], [116.41052, 7.02799], [116.41024, 7.01992], [116.40639, 7.01404]]]}, "properties": {"feature_type": "field", "feature_class": "Gas/Oil Field (offshore, undifferentiated)", "inset": "borneo", "candidate_name": "Berangan", "name_source": "vector text (unverified)", "label_gap_px": 21.3, "area_px": 14.9, "longitude": 116.39997, "latitude": 7.01436}}, {"type": "Feature", "geometry": {"type": "Polygon", "coordinates": [[[115.42547, 5.45041], [115.42111, 5.45581], [115.42064, 5.46078], [115.42308, 5.46504], [115.4274, 5.46826], [115.43259, 5.47016], [115.43766, 5.47043], [115.44159, 5.46877], [115.44338, 5.46488], [115.44201, 5.45845], [115.43648, 5.44918], [115.43086, 5.44852], [115.42547, 5.45041]]]}, "properties": {"feature_type": "field", "feature_class": "Gas/Oil Field (offshore, undifferentiated)", "inset": "borneo", "candidate_name": "Labuan W.P.", "name_source": "vector text (unverified)", "label_gap_px": 22.6, "area_px": 46.4, "longitude": 115.43214, "latitude": 5.45982}}, {"type": "Feature", "geometry": {"type": "Polygon", "coordinates": [[[117.02675, 7.08495], [117.01588, 7.0783], [117.01013, 7.07823], [117.00733, 7.08098], [117.00507, 7.09181], [117.00293, 7.09349], [117.00292, 7.09492], [117.00431, 7.09602], [117.00815, 7.09609], [117.01188, 7.09751], [117.01661, 7.10319], [117.01949, 7.10514], [117.03115, 7.10328], [117.03596, 7.10005], [117.03707, 7.09634], [117.03668, 7.0939], [117.03042, 7.08876], [117.02507, 7.08668], [117.02497, 7.08432], [117.02675, 7.08495]]]}, "properties": {"feature_type": "field", "feature_class": "Gas/Oil Field (offshore, undifferentiated)", "inset": "borneo", "candidate_name": "Balambangan", "name_source": "vector text (unverified)", "label_gap_px": 0.0, "area_px": 24.3, "longitude": 117.0197, "latitude": 7.09229}}, {"type": "Feature", "geometry": {"type": "Polygon", "coordinates": [[[113.45154, 5.36681], [113.42902, 5.36224], [113.42512, 5.36273], [113.42244, 5.36444], [113.42143, 5.3677], [113.42251, 5.37283], [113.43285, 5.39129], [113.44043, 5.40155], [113.44234, 5.40203], [113.44452, 5.40112], [113.4456, 5.39261], [113.44691, 5.39099], [113.45059, 5.38916], [113.45621, 5.38881], [113.45459, 5.37213], [113.45343, 5.36829], [113.45154, 5.36681]]]}, "properties": {"feature_type": "field", "feature_class": "Gas/Oil Field (offshore, undifferentiated)", "inset": "borneo", "candidate_name": "Kuang North", "name_source": "vector text (unverified)", "label_gap_px": 32.2, "area_px": 50.7, "longitude": 113.43955, "latitude": 5.37872}}, {"type": "Feature", "geometry": {"type": "Polygon", "coordinates": [[[116.32509, 7.05289], [116.31211, 7.04954], [116.30427, 7.05026], [116.3012, 7.05201], [116.29897, 7.05492], [116.29778, 7.05914], [116.29783, 7.06486], [116.29932, 7.07224], [116.30912, 7.07346], [116.32969, 7.08432], [116.33421, 7.06793], [116.33481, 7.05954], [116.33402, 7.05604], [116.33223, 7.0533], [116.32926, 7.05151], [116.32491, 7.05091], [116.32509, 7.05289]]]}, "properties": {"feature_type": "field", "feature_class": "Gas/Oil Field (offshore, undifferentiated)", "inset": "borneo", "candidate_name": "Titik Terang", "name_source": "vector text (unverified)", "label_gap_px": 20.2, "area_px": 42.0, "longitude": 116.31721, "latitude": 7.0643}}, {"type": "Feature", "geometry": {"type": "Polygon", "coordinates": [[[113.79426, 3.92656], [113.77607, 3.91609], [113.76129, 3.91041], [113.75012, 3.90782], [113.74757, 3.90846], [113.74604, 3.91062], [113.74598, 3.9146], [113.7473, 3.91715], [113.75833, 3.91935], [113.76708, 3.93122], [113.77965, 3.93661], [113.78704, 3.94228], [113.80484, 3.94643], [113.81222, 3.94641], [113.81075, 3.9387], [113.80779, 3.93433], [113.80284, 3.93057], [113.79426, 3.92656]]]}, "properties": {"feature_type": "field", "feature_class": "Gas/Oil Field (offshore, undifferentiated)", "inset": "borneo", "candidate_name": null, "name_source": "unlabeled", "label_gap_px": null, "area_px": 58.4, "longitude": 113.78046, "latitude": 3.92787}}, {"type": "Feature", "geometry": {"type": "Polygon", "coordinates": [[[113.94495, 3.99136], [113.93921, 3.97997], [113.93435, 3.97773], [113.92915, 3.97719], [113.92791, 3.97867], [113.9266, 3.9859], [113.92136, 3.99197], [113.92084, 3.99595], [113.92241, 3.9984], [113.92798, 4.00195], [113.93547, 4.00165], [113.93766, 4.00058], [113.94054, 3.99515], [113.94483, 3.99317], [113.94495, 3.99136]]]}, "properties": {"feature_type": "field", "feature_class": "Gas/Oil Field (offshore, undifferentiated)", "inset": "borneo", "candidate_name": "\u0087 Miri Gas Power Station", "name_source": "vector text (unverified)", "label_gap_px": 37.8, "area_px": 15.0, "longitude": 113.93274, "latitude": 3.99044}}, {"type": "Feature", "geometry": {"type": "Polygon", "coordinates": [[[113.65617, 4.73175], [113.65428, 4.72928], [113.6487, 4.72491], [113.64507, 4.71917], [113.63508, 4.71504], [113.63334, 4.71523], [113.63192, 4.71663], [113.63144, 4.72153], [113.63803, 4.72743], [113.64204, 4.73498], [113.64909, 4.73851], [113.65133, 4.7419], [113.6536, 4.74338], [113.65566, 4.74226], [113.65719, 4.73531], [113.65486, 4.73007], [113.65617, 4.73175]]]}, "properties": {"feature_type": "field", "feature_class": "Gas/Oil Field (offshore, undifferentiated)", "inset": "borneo", "candidate_name": "Beryl", "name_source": "vector text (unverified)", "label_gap_px": 0.0, "area_px": 18.5, "longitude": 113.64491, "latitude": 4.72834}}, {"type": "Feature", "geometry": {"type": "Polygon", "coordinates": [[[113.61115, 4.59067], [113.59006, 4.56311], [113.58732, 4.55582], [113.58359, 4.5549], [113.5788, 4.55606], [113.57746, 4.55926], [113.57767, 4.56323], [113.58297, 4.57487], [113.59324, 4.58054], [113.59614, 4.58565], [113.60031, 4.58951], [113.60561, 4.59665], [113.60877, 4.59776], [113.61074, 4.5972], [113.61203, 4.59478], [113.61115, 4.59067]]]}, "properties": {"feature_type": "field", "feature_class": "Gas/Oil Field (offshore, undifferentiated)", "inset": "borneo", "candidate_name": "Hasnah", "name_source": "vector text (unverified)", "label_gap_px": 10.8, "area_px": 31.3, "longitude": 113.59323, "latitude": 4.5751}}, {"type": "Feature", "geometry": {"type": "Polygon", "coordinates": [[[113.64957, 4.64415], [113.64123, 4.63428], [113.63869, 4.63389], [113.63254, 4.63622], [113.6301, 4.63587], [113.63185, 4.64156], [113.64096, 4.65069], [113.64406, 4.65791], [113.64633, 4.65972], [113.64977, 4.66038], [113.65268, 4.65896], [113.65343, 4.65642], [113.64952, 4.64583], [113.64775, 4.64328], [113.64957, 4.64415]]]}, "properties": {"feature_type": "field", "feature_class": "Gas/Oil Field (offshore, undifferentiated)", "inset": "borneo", "candidate_name": "Beryl", "name_source": "vector text (unverified)", "label_gap_px": 4.1, "area_px": 14.7, "longitude": 113.64282, "latitude": 4.64627}}, {"type": "Feature", "geometry": {"type": "Polygon", "coordinates": [[[113.17307, 4.76529], [113.1684, 4.74813], [113.16419, 4.7441], [113.15721, 4.74309], [113.15095, 4.7437], [113.14865, 4.74471], [113.14643, 4.74799], [113.14739, 4.75508], [113.1544, 4.77144], [113.15823, 4.77798], [113.16094, 4.78009], [113.16333, 4.77969], [113.1678, 4.77627], [113.17245, 4.7704], [113.17307, 4.76529]]]}, "properties": {"feature_type": "field", "feature_class": "Gas/Oil Field (offshore, undifferentiated)", "inset": "borneo", "candidate_name": "Kedidi", "name_source": "vector text (unverified)", "label_gap_px": 6.0, "area_px": 25.4, "longitude": 113.16027, "latitude": 4.75987}}, {"type": "Feature", "geometry": {"type": "Polygon", "coordinates": [[[113.43301, 4.82586], [113.43149, 4.82543], [113.43021, 4.82482], [113.42821, 4.82319], [113.42236, 4.81514], [113.41419, 4.81075], [113.41075, 4.81013], [113.40744, 4.81077], [113.40204, 4.81306], [113.3998, 4.81524], [113.40041, 4.81823], [113.4091, 4.82143], [113.41412, 4.82975], [113.42087, 4.83449], [113.42729, 4.84109], [113.43008, 4.84223], [113.43497, 4.84134], [113.43677, 4.839], [113.43391, 4.82588], [113.4325, 4.82433], [113.42958, 4.82387], [113.43301, 4.82586]]]}, "properties": {"feature_type": "field", "feature_class": "Gas/Oil Field (offshore, undifferentiated)", "inset": "borneo", "candidate_name": "Dokong", "name_source": "vector text (unverified)", "label_gap_px": 0.0, "area_px": 28.9, "longitude": 113.42024, "latitude": 4.82505}}, {"type": "Feature", "geometry": {"type": "Polygon", "coordinates": [[[113.33713, 4.86819], [113.33075, 4.86015], [113.32667, 4.85912], [113.32336, 4.86071], [113.32316, 4.86506], [113.32583, 4.87232], [113.32793, 4.88217], [113.33026, 4.88414], [113.33583, 4.8856], [113.33887, 4.89013], [113.34092, 4.89136], [113.34253, 4.89112], [113.34626, 4.88675], [113.35221, 4.88911], [113.35355, 4.88864], [113.35424, 4.88692], [113.35358, 4.87614], [113.34568, 4.87282], [113.34154, 4.86944], [113.33714, 4.86888], [113.33623, 4.86787], [113.33713, 4.86819]]]}, "properties": {"feature_type": "field", "feature_class": "Gas/Oil Field (offshore, undifferentiated)", "inset": "borneo", "candidate_name": "Kedidi", "name_source": "vector text (unverified)", "label_gap_px": 3.5, "area_px": 23.4, "longitude": 113.33801, "latitude": 4.87648}}, {"type": "Feature", "geometry": {"type": "Polygon", "coordinates": [[[113.29342, 4.85134], [113.28573, 4.85455], [113.28362, 4.85669], [113.28384, 4.85896], [113.28609, 4.86191], [113.285, 4.86414], [113.2865, 4.8674], [113.29609, 4.87338], [113.3036, 4.8748], [113.30699, 4.87367], [113.3082, 4.87153], [113.30772, 4.86523], [113.3019, 4.85514], [113.2963, 4.85141], [113.29342, 4.85134]]]}, "properties": {"feature_type": "field", "feature_class": "Gas/Oil Field (offshore, undifferentiated)", "inset": "borneo", "candidate_name": "Kedidi", "name_source": "vector text (unverified)", "label_gap_px": 0.0, "area_px": 18.3, "longitude": 113.29629, "latitude": 4.86315}}, {"type": "Feature", "geometry": {"type": "Polygon", "coordinates": [[[113.72436, 4.64378], [113.7169, 4.63966], [113.71384, 4.63597], [113.71127, 4.63657], [113.70878, 4.63932], [113.7092, 4.64165], [113.72114, 4.6556], [113.72395, 4.65786], [113.72668, 4.65837], [113.72899, 4.65607], [113.72956, 4.65223], [113.72823, 4.64954], [113.72514, 4.64663], [113.72436, 4.64378]]]}, "properties": {"feature_type": "field", "feature_class": "Gas/Oil Field (offshore, undifferentiated)", "inset": "borneo", "candidate_name": "Laila", "name_source": "vector text (unverified)", "label_gap_px": 0.0, "area_px": 12.6, "longitude": 113.7197, "latitude": 4.64725}}, {"type": "Feature", "geometry": {"type": "Polygon", "coordinates": [[[112.96494, 4.33423], [112.96763, 4.32946], [112.9688, 4.32343], [112.96846, 4.31832], [112.96659, 4.31506], [112.9624, 4.31596], [112.95413, 4.32226], [112.9443, 4.32357], [112.9412, 4.32546], [112.94151, 4.34265], [112.94285, 4.35281], [112.94441, 4.35721], [112.94959, 4.35935], [112.95287, 4.35846], [112.95493, 4.35285], [112.96002, 4.34993], [112.96222, 4.34366], [112.96631, 4.33834], [112.96675, 4.33648], [112.96494, 4.33423]]]}, "properties": {"feature_type": "field", "feature_class": "Gas/Oil Field (offshore, undifferentiated)", "inset": "borneo", "candidate_name": "F13 East", "name_source": "vector text (unverified)", "label_gap_px": 1.0, "area_px": 29.9, "longitude": 112.95394, "latitude": 4.33637}}, {"type": "Feature", "geometry": {"type": "Polygon", "coordinates": [[[113.39977, 3.54987], [113.3902, 3.54567], [113.37819, 3.54421], [113.37312, 3.54557], [113.36727, 3.54864], [113.3642, 3.55171], [113.36368, 3.5544], [113.36491, 3.55708], [113.36854, 3.5605], [113.38059, 3.56572], [113.38694, 3.56487], [113.40262, 3.56684], [113.4084, 3.56298], [113.40948, 3.56037], [113.40648, 3.55397], [113.39977, 3.54987]]]}, "properties": {"feature_type": "field", "feature_class": "Gas/Oil Field (offshore, undifferentiated)", "inset": "borneo", "candidate_name": "East Patricia", "name_source": "vector text (unverified)", "label_gap_px": 14.8, "area_px": 24.9, "longitude": 113.38641, "latitude": 3.55584}}, {"type": "Feature", "geometry": {"type": "Polygon", "coordinates": [[[113.1928, 3.32324], [113.19266, 3.31899], [113.19111, 3.31522], [113.18935, 3.31331], [113.18491, 3.31124], [113.18361, 3.30665], [113.17902, 3.30312], [113.17464, 3.30226], [113.17187, 3.30319], [113.16851, 3.30619], [113.16609, 3.31004], [113.16505, 3.31435], [113.16536, 3.31978], [113.16659, 3.32298], [113.1688, 3.3251], [113.17998, 3.32833], [113.1868, 3.3339], [113.19074, 3.33501], [113.19386, 3.33424], [113.19576, 3.33215], [113.19563, 3.32999], [113.19196, 3.32548], [113.19184, 3.32399], [113.1928, 3.32324]]]}, "properties": {"feature_type": "field", "feature_class": "Gas/Oil Field (offshore, undifferentiated)", "inset": "borneo", "candidate_name": "Sompotan", "name_source": "vector text (unverified)", "label_gap_px": 15.8, "area_px": 23.3, "longitude": 113.1797, "latitude": 3.31844}}, {"type": "Feature", "geometry": {"type": "Polygon", "coordinates": [[[113.05522, 3.3017], [113.0547, 3.30781], [113.05153, 3.31605], [113.04969, 3.32634], [113.05041, 3.33175], [113.05198, 3.33369], [113.05415, 3.33443], [113.0625, 3.32956], [113.07064, 3.32621], [113.07354, 3.32374], [113.07482, 3.32051], [113.0735, 3.31259], [113.07605, 3.30413], [113.07474, 3.2997], [113.06929, 3.29175], [113.06689, 3.28973], [113.06343, 3.28887], [113.05872, 3.28965], [113.05595, 3.29172], [113.05443, 3.29761], [113.05522, 3.3017]], [[113.0559, 3.30437], [113.05714, 3.30988], [113.05696, 3.31164], [113.0559, 3.30437]]]}, "properties": {"feature_type": "field", "feature_class": "Gas/Oil Field (offshore, undifferentiated)", "inset": "borneo", "candidate_name": "West Patricia", "name_source": "vector text (unverified)", "label_gap_px": 8.0, "area_px": 31.3, "longitude": 113.06279, "latitude": 3.31156}}, {"type": "Feature", "geometry": {"type": "Polygon", "coordinates": [[[113.03245, 4.91392], [113.03569, 4.90373], [113.03394, 4.90113], [113.02407, 4.89629], [113.0174, 4.89621], [113.01474, 4.89833], [113.01332, 4.90164], [113.01298, 4.90569], [113.01407, 4.91146], [113.01767, 4.91438], [113.02265, 4.91654], [113.02662, 4.9163], [113.03245, 4.91392]]]}, "properties": {"feature_type": "field", "feature_class": "Gas/Oil Field (offshore, undifferentiated)", "inset": "borneo", "candidate_name": "Kasawari", "name_source": "vector text (unverified)", "label_gap_px": 11.9, "area_px": 12.9, "longitude": 113.02369, "latitude": 4.9062}}, {"type": "Feature", "geometry": {"type": "Polygon", "coordinates": [[[113.03533, 4.93632], [113.03115, 4.93137], [113.02697, 4.93088], [113.02402, 4.92893], [113.02155, 4.92945], [113.02009, 4.93276], [113.01959, 4.94492], [113.02032, 4.94679], [113.02409, 4.94881], [113.02862, 4.94819], [113.03533, 4.93632]]]}, "properties": {"feature_type": "field", "feature_class": "Gas/Oil Field (offshore, undifferentiated)", "inset": "borneo", "candidate_name": "Kasawari", "name_source": "vector text (unverified)", "label_gap_px": 11.3, "area_px": 8.0, "longitude": 113.0262, "latitude": 4.93883}}, {"type": "Feature", "geometry": {"type": "Polygon", "coordinates": [[[114.29275, 4.68998], [114.29562, 4.6951], [114.30354, 4.69982], [114.33412, 4.70969], [114.35025, 4.71604], [114.36333, 4.71808], [114.36577, 4.71759], [114.36667, 4.71617], [114.36636, 4.71214], [114.36276, 4.70817], [114.34566, 4.70088], [114.33455, 4.69499], [114.32859, 4.69135], [114.32465, 4.68674], [114.3214, 4.6847], [114.30601, 4.68186], [114.30095, 4.68181], [114.2938, 4.68589], [114.29275, 4.68998]]]}, "properties": {"feature_type": "field", "feature_class": "Gas/Oil Field (offshore, undifferentiated)", "inset": "borneo", "candidate_name": "Fatimah", "name_source": "vector text (unverified)", "label_gap_px": 38.2, "area_px": 59.4, "longitude": 114.32697, "latitude": 4.69926}}, {"type": "Feature", "geometry": {"type": "Polygon", "coordinates": [[[113.07122, 4.86607], [113.05531, 4.84736], [113.05151, 4.84471], [113.04525, 4.8428], [113.03677, 4.84347], [113.02984, 4.84657], [113.02229, 4.85248], [113.01667, 4.85938], [113.01768, 4.86504], [113.02649, 4.8866], [113.02927, 4.88943], [113.03895, 4.89521], [113.04962, 4.89888], [113.05326, 4.89837], [113.05807, 4.89464], [113.06408, 4.88541], [113.06667, 4.87793], [113.06993, 4.87641], [113.07174, 4.8736], [113.07122, 4.86607]]]}, "properties": {"feature_type": "field", "feature_class": "Gas/Oil Field (offshore, undifferentiated)", "inset": "borneo", "candidate_name": "Kasawari", "name_source": "vector text (unverified)", "label_gap_px": 9.6, "area_px": 68.3, "longitude": 113.04412, "latitude": 4.86979}}, {"type": "Feature", "geometry": {"type": "Polygon", "coordinates": [[[113.12489, 5.08831], [113.12424, 5.08676], [113.12155, 5.08487], [113.10847, 5.08393], [113.10836, 5.08957], [113.11274, 5.0995], [113.11541, 5.09947], [113.11656, 5.09716], [113.12475, 5.09723], [113.1265, 5.09394], [113.12668, 5.09027], [113.12173, 5.08515], [113.12489, 5.08831]]]}, "properties": {"feature_type": "field", "feature_class": "Gas/Oil Field (offshore, undifferentiated)", "inset": "borneo", "candidate_name": "Kenari", "name_source": "vector text (unverified)", "label_gap_px": 1.6, "area_px": 8.2, "longitude": 113.11714, "latitude": 5.09109}}, {"type": "Feature", "geometry": {"type": "Polygon", "coordinates": [[[112.88274, 5.06998], [112.88278, 5.06465], [112.88372, 5.06449], [112.88517, 5.05762], [112.88372, 5.05574], [112.87701, 5.05276], [112.87086, 5.05146], [112.86697, 5.05168], [112.86395, 5.05389], [112.86244, 5.05842], [112.8629, 5.06256], [112.86495, 5.0658], [112.86847, 5.06715], [112.87111, 5.07164], [112.87539, 5.07356], [112.87977, 5.07298], [112.88274, 5.06998]]]}, "properties": {"feature_type": "field", "feature_class": "Gas/Oil Field (offshore, undifferentiated)", "inset": "borneo", "candidate_name": "Bijan", "name_source": "vector text (unverified)", "label_gap_px": 21.7, "area_px": 13.7, "longitude": 112.87395, "latitude": 5.06168}}, {"type": "Feature", "geometry": {"type": "Polygon", "coordinates": [[[112.92067, 5.10532], [112.91581, 5.10127], [112.90943, 5.0988], [112.90277, 5.09835], [112.89707, 5.10039], [112.89356, 5.10534], [112.89325, 5.11352], [112.88794, 5.11882], [112.88815, 5.12403], [112.89156, 5.12725], [112.90693, 5.1352], [112.91277, 5.13655], [112.91611, 5.13351], [112.91781, 5.12961], [112.91887, 5.1235], [112.92178, 5.11726], [112.92122, 5.11159], [112.92299, 5.10623], [112.9229, 5.10543], [112.92067, 5.10532]]]}, "properties": {"feature_type": "field", "feature_class": "Gas/Oil Field (offshore, undifferentiated)", "inset": "borneo", "candidate_name": "Rosmari", "name_source": "vector text (unverified)", "label_gap_px": 18.8, "area_px": 41.1, "longitude": 112.9062, "latitude": 5.11667}}, {"type": "Feature", "geometry": {"type": "Polygon", "coordinates": [[[112.86231, 5.21066], [112.86185, 5.21191], [112.86438, 5.21271], [112.86637, 5.21145], [112.86788, 5.20892], [112.87403, 5.1874], [112.8738, 5.18144], [112.87031, 5.17211], [112.8647, 5.16377], [112.86012, 5.15941], [112.85449, 5.15792], [112.85112, 5.1601], [112.85019, 5.16557], [112.85622, 5.19466], [112.85692, 5.20604], [112.85901, 5.20955], [112.86231, 5.21066]]]}, "properties": {"feature_type": "field", "feature_class": "Gas/Oil Field (offshore, undifferentiated)", "inset": "borneo", "candidate_name": "Rosmari", "name_source": "vector text (unverified)", "label_gap_px": 19.9, "area_px": 33.3, "longitude": 112.86222, "latitude": 5.18386}}, {"type": "Feature", "geometry": {"type": "Polygon", "coordinates": [[[113.03705, 5.35636], [113.03122, 5.34755], [113.02322, 5.34263], [113.01797, 5.34284], [113.0133, 5.34679], [113.01179, 5.34954], [113.0108, 5.35555], [113.01182, 5.36195], [113.0171, 5.37689], [113.01888, 5.38478], [113.02355, 5.38884], [113.02805, 5.38946], [113.03189, 5.38744], [113.03779, 5.3807], [113.04064, 5.37497], [113.04248, 5.36827], [113.04229, 5.36191], [113.04112, 5.35928], [113.03705, 5.35636]]]}, "properties": {"feature_type": "field", "feature_class": "Gas/Oil Field (offshore, undifferentiated)", "inset": "borneo", "candidate_name": "Rosmari", "name_source": "vector text (unverified)", "label_gap_px": 3.4, "area_px": 47.1, "longitude": 113.02622, "latitude": 5.36541}}, {"type": "Feature", "geometry": {"type": "Polygon", "coordinates": [[[114.27683, 4.42098], [114.27882, 4.42829], [114.28098, 4.43127], [114.28371, 4.43365], [114.2904, 4.43676], [114.29786, 4.43789], [114.30731, 4.43672], [114.31227, 4.43307], [114.31397, 4.42936], [114.31372, 4.42234], [114.31017, 4.41575], [114.30678, 4.41352], [114.29506, 4.40882], [114.2893, 4.40161], [114.28688, 4.39289], [114.2848, 4.3792], [114.28133, 4.37116], [114.27817, 4.36785], [114.26967, 4.36261], [114.26746, 4.36032], [114.26617, 4.35421], [114.26812, 4.34057], [114.26814, 4.33345], [114.26765, 4.33087], [114.26187, 4.33026], [114.25736, 4.33138], [114.25403, 4.33396], [114.25178, 4.3377], [114.25054, 4.34232], [114.25068, 4.35301], [114.25374, 4.36372], [114.26097, 4.37857], [114.2632, 4.3969], [114.26573, 4.40687], [114.27051, 4.41628], [114.27261, 4.41862], [114.27683, 4.42098]]]}, "properties": {"feature_type": "field", "feature_class": "Gas/Oil Field (offshore, undifferentiated)", "inset": "borneo", "candidate_name": "\u0087 Miri Gas Power Station", "name_source": "vector text (unverified)", "label_gap_px": 31.4, "area_px": 152.5, "longitude": 114.27807, "latitude": 4.39227}}, {"type": "Feature", "geometry": {"type": "Polygon", "coordinates": [[[115.14027, 5.74799], [115.1359, 5.74758], [115.13208, 5.74508], [115.13043, 5.74625], [115.13158, 5.75224], [115.1363, 5.75804], [115.14527, 5.76447], [115.1533, 5.77227], [115.16312, 5.77894], [115.17237, 5.78897], [115.18265, 5.79434], [115.19389, 5.8021], [115.20174, 5.80904], [115.20546, 5.81038], [115.20753, 5.8098], [115.20784, 5.8084], [115.20643, 5.8054], [115.19323, 5.79088], [115.18127, 5.78171], [115.17298, 5.77271], [115.1631, 5.76649], [115.14027, 5.74799]]]}, "properties": {"feature_type": "field", "feature_class": "Gas/Oil Field (offshore, undifferentiated)", "inset": "borneo", "candidate_name": "Bongawan North", "name_source": "vector text (unverified)", "label_gap_px": 10.5, "area_px": 106.9, "longitude": 115.16765, "latitude": 5.77663}}, {"type": "Feature", "geometry": {"type": "Polygon", "coordinates": [[[115.52435, 5.77753], [115.5178, 5.77205], [115.5084, 5.75518], [115.50413, 5.75037], [115.49696, 5.74512], [115.49012, 5.74157], [115.48507, 5.74052], [115.48213, 5.74148], [115.48093, 5.74405], [115.4823, 5.75247], [115.49063, 5.77424], [115.48762, 5.78892], [115.48842, 5.795], [115.49264, 5.79885], [115.5047, 5.80356], [115.50783, 5.80578], [115.51852, 5.82003], [115.52373, 5.82496], [115.5347, 5.83051], [115.53907, 5.83156], [115.54147, 5.83117], [115.54428, 5.82831], [115.54588, 5.82323], [115.54648, 5.8149], [115.54532, 5.80703], [115.54203, 5.80055], [115.52738, 5.78305], [115.52424, 5.77628], [115.52435, 5.77753]]]}, "properties": {"feature_type": "field", "feature_class": "Gas/Oil Field (offshore, undifferentiated)", "inset": "borneo", "candidate_name": "South Lokan", "name_source": "vector text (unverified)", "label_gap_px": 15.2, "area_px": 148.9, "longitude": 115.513, "latitude": 5.78829}}, {"type": "Feature", "geometry": {"type": "Polygon", "coordinates": [[[115.61242, 5.89912], [115.60475, 5.88656], [115.59991, 5.87546], [115.59825, 5.86816], [115.597, 5.85109], [115.59398, 5.8445], [115.59051, 5.84165], [115.57693, 5.83532], [115.56667, 5.82828], [115.56248, 5.82699], [115.55867, 5.82827], [115.55549, 5.8341], [115.55545, 5.83834], [115.55874, 5.8474], [115.56488, 5.85643], [115.58098, 5.87373], [115.59696, 5.88617], [115.60704, 5.89691], [115.61242, 5.89912]]]}, "properties": {"feature_type": "field", "feature_class": "Gas/Oil Field (offshore, undifferentiated)", "inset": "borneo", "candidate_name": "South Lokan", "name_source": "vector text (unverified)", "label_gap_px": 14.6, "area_px": 96.2, "longitude": 115.58111, "latitude": 5.85621}}, {"type": "Feature", "geometry": {"type": "Polygon", "coordinates": [[[115.97697, 6.34576], [115.97697, 6.35611], [115.97492, 6.36783], [115.97669, 6.37591], [115.97878, 6.37856], [115.98673, 6.38445], [115.99021, 6.38969], [115.99336, 6.3906], [115.99639, 6.38983], [116.00026, 6.38642], [116.00405, 6.37922], [116.00701, 6.36695], [116.00999, 6.34796], [116.01156, 6.34386], [116.01577, 6.33746], [116.01585, 6.33304], [116.02038, 6.32672], [116.02037, 6.32186], [116.01861, 6.31479], [116.01659, 6.30997], [116.01401, 6.30712], [116.00884, 6.30459], [116.00313, 6.30431], [116.00006, 6.30526], [115.9888, 6.31253], [115.98683, 6.31688], [115.98481, 6.32667], [115.97697, 6.34576]]]}, "properties": {"feature_type": "field", "feature_class": "Gas/Oil Field (offshore, undifferentiated)", "inset": "borneo", "candidate_name": "Erb West", "name_source": "vector text (unverified)", "label_gap_px": 32.0, "area_px": 98.5, "longitude": 115.9966, "latitude": 6.34527}}, {"type": "Feature", "geometry": {"type": "Polygon", "coordinates": [[[115.87279, 6.22812], [115.86944, 6.22854], [115.85488, 6.22684], [115.85085, 6.22794], [115.84916, 6.22932], [115.8474, 6.23302], [115.84753, 6.2374], [115.84921, 6.24178], [115.85388, 6.24689], [115.85847, 6.24887], [115.86586, 6.24961], [115.88123, 6.24903], [115.88889, 6.25167], [115.90215, 6.26152], [115.9124, 6.26678], [115.91773, 6.27697], [115.92016, 6.27973], [115.9292, 6.28253], [115.93944, 6.29035], [115.95065, 6.29174], [115.96495, 6.29801], [115.97526, 6.297], [115.98083, 6.29507], [115.98413, 6.29261], [115.98436, 6.29009], [115.98307, 6.28896], [115.9688, 6.28445], [115.96238, 6.28124], [115.952, 6.27107], [115.93568, 6.2675], [115.92826, 6.26382], [115.92328, 6.25862], [115.91943, 6.24821], [115.90628, 6.24887], [115.90005, 6.24783], [115.89217, 6.24247], [115.88074, 6.23887], [115.87587, 6.22701], [115.87449, 6.22661], [115.87279, 6.22812]]]}, "properties": {"feature_type": "field", "feature_class": "Gas/Oil Field (offshore, undifferentiated)", "inset": "borneo", "candidate_name": "Erb West", "name_source": "vector text (unverified)", "label_gap_px": 14.0, "area_px": 227.2, "longitude": 115.91362, "latitude": 6.26264}}, {"type": "Feature", "geometry": {"type": "Polygon", "coordinates": [[[116.22222, 6.57013], [116.21948, 6.57447], [116.20918, 6.57697], [116.20701, 6.57977], [116.20637, 6.58349], [116.20872, 6.59742], [116.21158, 6.60557], [116.21616, 6.61256], [116.22145, 6.61449], [116.22569, 6.61387], [116.22964, 6.61194], [116.23384, 6.60725], [116.23464, 6.60232], [116.23259, 6.59058], [116.23512, 6.58694], [116.23554, 6.58417], [116.23492, 6.57972], [116.2297, 6.56696], [116.22729, 6.55313], [116.22536, 6.55039], [116.224, 6.55009], [116.22232, 6.55076], [116.22111, 6.55316], [116.22395, 6.57014], [116.22222, 6.57013]]]}, "properties": {"feature_type": "field", "feature_class": "Gas/Oil Field (offshore, undifferentiated)", "inset": "borneo", "candidate_name": "Belud South", "name_source": "vector text (unverified)", "label_gap_px": 28.2, "area_px": 49.7, "longitude": 116.22222, "latitude": 6.58843}}, {"type": "Feature", "geometry": {"type": "Polygon", "coordinates": [[[116.32845, 6.62844], [116.32679, 6.62904], [116.32325, 6.62831], [116.31435, 6.62347], [116.31084, 6.62459], [116.31041, 6.63104], [116.30534, 6.63804], [116.30594, 6.64734], [116.30427, 6.65553], [116.30703, 6.66237], [116.31442, 6.67101], [116.32057, 6.67506], [116.32637, 6.67672], [116.3314, 6.67576], [116.33359, 6.67304], [116.33461, 6.66189], [116.34385, 6.6268], [116.34564, 6.59507], [116.34524, 6.59095], [116.34331, 6.58856], [116.34027, 6.58832], [116.33675, 6.58947], [116.33186, 6.59215], [116.32896, 6.59531], [116.32834, 6.60167], [116.33196, 6.62279], [116.33042, 6.6266], [116.32695, 6.62779], [116.32845, 6.62844]]]}, "properties": {"feature_type": "field", "feature_class": "Gas/Oil Field (offshore, undifferentiated)", "inset": "borneo", "candidate_name": "Belud South", "name_source": "vector text (unverified)", "label_gap_px": 40.4, "area_px": 97.4, "longitude": 116.32686, "latitude": 6.63737}}, {"type": "Feature", "geometry": {"type": "Polygon", "coordinates": [[[116.22081, 5.9636], [116.21299, 5.96737], [116.20379, 5.9734], [116.19628, 5.98087], [116.19411, 5.9849], [116.19353, 5.989], [116.1949, 5.99307], [116.20249, 5.99953], [116.21024, 6.00207], [116.22163, 6.00105], [116.25101, 5.98801], [116.25308, 5.97878], [116.25385, 5.96503], [116.24633, 5.95076], [116.24257, 5.9462], [116.2362, 5.9444], [116.22968, 5.94632], [116.22588, 5.95123], [116.22104, 5.96611], [116.22081, 5.9636]]]}, "properties": {"feature_type": "field", "feature_class": "Gas/Oil Field (offshore, undifferentiated)", "inset": "borneo", "candidate_name": "\u0087 SPR Combined Cycle Power Plant", "name_source": "vector text (unverified)", "label_gap_px": 39.0, "area_px": 100.0, "longitude": 116.22688, "latitude": 5.97669}}, {"type": "Feature", "geometry": {"type": "Polygon", "coordinates": [[[115.72838, 6.22665], [115.72467, 6.22706], [115.72261, 6.23002], [115.72225, 6.24289], [115.72336, 6.2464], [115.72697, 6.25005], [115.7317, 6.25304], [115.74139, 6.25753], [115.7457, 6.25807], [115.74747, 6.25028], [115.747, 6.24361], [115.74587, 6.24123], [115.74206, 6.238], [115.74127, 6.23219], [115.73486, 6.2281], [115.72647, 6.227], [115.72838, 6.22665]]]}, "properties": {"feature_type": "field", "feature_class": "Gas/Oil Field (offshore, undifferentiated)", "inset": "borneo", "candidate_name": "Erb West", "name_source": "vector text (unverified)", "label_gap_px": 4.7, "area_px": 18.4, "longitude": 115.73452, "latitude": 6.24211}}, {"type": "Feature", "geometry": {"type": "Polygon", "coordinates": [[[115.75517, 6.5386], [115.75347, 6.51322], [115.75124, 6.50403], [115.74672, 6.4947], [115.7282, 6.47044], [115.71602, 6.44795], [115.70548, 6.43259], [115.69764, 6.4249], [115.69377, 6.4227], [115.69004, 6.422], [115.68565, 6.42321], [115.68343, 6.42618], [115.68302, 6.43052], [115.68615, 6.44185], [115.70117, 6.4709], [115.71531, 6.49377], [115.72351, 6.5194], [115.72765, 6.5247], [115.74097, 6.53451], [115.7473, 6.55027], [115.74968, 6.55317], [115.75374, 6.55558], [115.75659, 6.55431], [115.75792, 6.55036], [115.7574, 6.54472], [115.75517, 6.5386]]]}, "properties": {"feature_type": "field", "feature_class": "Gas/Oil Field (offshore, undifferentiated)", "inset": "borneo", "candidate_name": "Kebabangan", "name_source": "vector text (unverified)", "label_gap_px": 0.0, "area_px": 233.8, "longitude": 115.72296, "latitude": 6.48554}}, {"type": "Feature", "geometry": {"type": "Polygon", "coordinates": [[[115.95258, 6.37586], [115.94127, 6.38722], [115.93073, 6.41164], [115.92886, 6.41861], [115.92841, 6.42534], [115.93014, 6.42992], [115.93342, 6.43271], [115.93563, 6.43243], [115.93728, 6.42964], [115.94152, 6.42863], [115.94417, 6.42672], [115.95646, 6.40542], [115.95999, 6.39141], [115.95948, 6.38237], [115.95846, 6.37751], [115.95706, 6.37548], [115.95258, 6.37586]]]}, "properties": {"feature_type": "field", "feature_class": "Gas/Oil Field (offshore, undifferentiated)", "inset": "borneo", "candidate_name": "Erb West", "name_source": "vector text (unverified)", "label_gap_px": 24.3, "area_px": 49.4, "longitude": 115.94471, "latitude": 6.40433}}, {"type": "Feature", "geometry": {"type": "Polygon", "coordinates": [[[115.92493, 6.44483], [115.91348, 6.43971], [115.90926, 6.4391], [115.9055, 6.44126], [115.9025, 6.44736], [115.9032, 6.4507], [115.90976, 6.45846], [115.91194, 6.46881], [115.91363, 6.4713], [115.91745, 6.47359], [115.92142, 6.47299], [115.92504, 6.47036], [115.92776, 6.46655], [115.92917, 6.46254], [115.93026, 6.45559], [115.9299, 6.45091], [115.92808, 6.44707], [115.92433, 6.44482], [115.92493, 6.44483]]]}, "properties": {"feature_type": "field", "feature_class": "Gas/Oil Field (offshore, undifferentiated)", "inset": "borneo", "candidate_name": "Erb West", "name_source": "vector text (unverified)", "label_gap_px": 22.4, "area_px": 31.7, "longitude": 115.9174, "latitude": 6.4553}}, {"type": "Feature", "geometry": {"type": "Polygon", "coordinates": [[[111.37584, 4.57863], [111.37341, 4.61924], [111.37425, 4.63229], [111.37577, 4.63724], [111.37826, 4.64069], [111.38434, 4.64484], [111.38949, 4.64633], [111.3938, 4.64559], [111.39733, 4.64305], [111.40017, 4.63915], [111.40239, 4.63429], [111.4053, 4.62344], [111.4112, 4.5801], [111.41138, 4.56827], [111.40934, 4.56025], [111.40561, 4.55639], [111.4008, 4.55399], [111.39533, 4.55298], [111.38966, 4.55329], [111.38421, 4.55485], [111.37944, 4.55757], [111.37578, 4.56138], [111.37366, 4.56622], [111.37354, 4.57199], [111.37584, 4.57863]]]}, "properties": {"feature_type": "field", "feature_class": "Gas/Oil Field (offshore, undifferentiated)", "inset": "borneo", "candidate_name": "Hibiscus", "name_source": "vector text (unverified)", "label_gap_px": 16.8, "area_px": 129.2, "longitude": 111.39136, "latitude": 4.59722}}, {"type": "Feature", "geometry": {"type": "Polygon", "coordinates": [[[116.51192, 6.99217], [116.49719, 6.9905], [116.48838, 6.99101], [116.48479, 6.99239], [116.48215, 6.99482], [116.48076, 6.99853], [116.48091, 7.00372], [116.48275, 7.0097], [116.49303, 7.01494], [116.49605, 7.02281], [116.49847, 7.02689], [116.50106, 7.02879], [116.50377, 7.02887], [116.50934, 7.0251], [116.51966, 7.01225], [116.52558, 7.00796], [116.5268, 7.00593], [116.52341, 6.99699], [116.52093, 6.99548], [116.51385, 6.99414], [116.51192, 6.99217]]]}, "properties": {"feature_type": "field", "feature_class": "Gas/Oil Field (offshore, undifferentiated)", "inset": "borneo", "candidate_name": "Berangan", "name_source": "vector text (unverified)", "label_gap_px": 11.8, "area_px": 57.8, "longitude": 116.50291, "latitude": 7.00636}}, {"type": "Feature", "geometry": {"type": "Polygon", "coordinates": [[[116.37732, 7.11831], [116.37294, 7.10569], [116.37063, 7.09697], [116.35034, 7.09521], [116.34655, 7.09852], [116.34463, 7.10813], [116.3416, 7.11395], [116.34166, 7.1169], [116.34586, 7.11749], [116.35518, 7.1225], [116.37445, 7.12386], [116.37621, 7.12246], [116.37732, 7.11831]]]}, "properties": {"feature_type": "field", "feature_class": "Gas/Oil Field (offshore, undifferentiated)", "inset": "borneo", "candidate_name": "Titik Terang", "name_source": "vector text (unverified)", "label_gap_px": 12.7, "area_px": 26.1, "longitude": 116.35991, "latitude": 7.10999}}, {"type": "Feature", "geometry": {"type": "Polygon", "coordinates": [[[116.41129, 7.14879], [116.40757, 7.14419], [116.40435, 7.14248], [116.40021, 7.14177], [116.3903, 7.14258], [116.3649, 7.14957], [116.36136, 7.15174], [116.36069, 7.15435], [116.36232, 7.15828], [116.36495, 7.16046], [116.37387, 7.16183], [116.37721, 7.1632], [116.37994, 7.16723], [116.38168, 7.17532], [116.38385, 7.17716], [116.38692, 7.17766], [116.38962, 7.1765], [116.3963, 7.17054], [116.40351, 7.16839], [116.40603, 7.16661], [116.40778, 7.15882], [116.41178, 7.15184], [116.40991, 7.14827], [116.41129, 7.14879]]]}, "properties": {"feature_type": "field", "feature_class": "Gas/Oil Field (offshore, undifferentiated)", "inset": "borneo", "candidate_name": "Titik Terang", "name_source": "vector text (unverified)", "label_gap_px": 3.7, "area_px": 55.3, "longitude": 116.38868, "latitude": 7.15697}}, {"type": "Feature", "geometry": {"type": "Polygon", "coordinates": [[[115.33113, 5.43831], [115.32562, 5.43594], [115.3213, 5.43148], [115.30401, 5.40181], [115.29897, 5.39644], [115.28382, 5.37328], [115.28141, 5.3712], [115.278, 5.37169], [115.27707, 5.37405], [115.27855, 5.37907], [115.28487, 5.38934], [115.29201, 5.40474], [115.3026, 5.4197], [115.30659, 5.42408], [115.31669, 5.43106], [115.32465, 5.43861], [115.33189, 5.44289], [115.33113, 5.43831]]]}, "properties": {"feature_type": "field", "feature_class": "Gas/Oil Field (offshore, undifferentiated)", "inset": "borneo", "candidate_name": "Labuan W.P.", "name_source": "vector text (unverified)", "label_gap_px": 9.5, "area_px": 80.4, "longitude": 115.29978, "latitude": 5.40486}}, {"type": "Feature", "geometry": {"type": "Polygon", "coordinates": [[[113.13251, 4.38102], [113.13414, 4.36778], [113.13132, 4.34355], [113.12394, 4.30855], [113.12144, 4.30474], [113.11825, 4.30364], [113.11654, 4.30569], [113.11587, 4.30932], [113.11531, 4.3369], [113.12332, 4.3851], [113.12455, 4.38973], [113.12668, 4.39249], [113.12944, 4.39231], [113.13111, 4.39013], [113.1331, 4.37892], [113.13251, 4.38102]]]}, "properties": {"feature_type": "field", "feature_class": "Gas/Oil Field (offshore, undifferentiated)", "inset": "borneo", "candidate_name": "F13 East", "name_source": "vector text (unverified)", "label_gap_px": 0.7, "area_px": 36.8, "longitude": 113.12436, "latitude": 4.34842}}, {"type": "Feature", "geometry": {"type": "Polygon", "coordinates": [[[112.9714, 5.35112], [112.97175, 5.36401], [112.97435, 5.3686], [112.9808, 5.37585], [112.98654, 5.37881], [112.99369, 5.37942], [113.00037, 5.37758], [113.00294, 5.37572], [113.0047, 5.37321], [113.0054, 5.37003], [113.00429, 5.36465], [112.99941, 5.35439], [112.9926, 5.34595], [112.99094, 5.34199], [112.99067, 5.33792], [112.99307, 5.32242], [112.99264, 5.31641], [112.98973, 5.3114], [112.98635, 5.30926], [112.98257, 5.30855], [112.97934, 5.30974], [112.97491, 5.32054], [112.9717, 5.32439], [112.96231, 5.32115], [112.95724, 5.32116], [112.95117, 5.32384], [112.94659, 5.32979], [112.94622, 5.33459], [112.94706, 5.33704], [112.95113, 5.34175], [112.95732, 5.34509], [112.96785, 5.34716], [112.9714, 5.35112]]]}, "properties": {"feature_type": "field", "feature_class": "Gas/Oil Field (offshore, undifferentiated)", "inset": "borneo", "candidate_name": "Rosmari", "name_source": "vector text (unverified)", "label_gap_px": 1.8, "area_px": 102.8, "longitude": 112.97897, "latitude": 5.34439}}, {"type": "Feature", "geometry": {"type": "Polygon", "coordinates": [[[112.95249, 5.34421], [112.94392, 5.34411], [112.94017, 5.34555], [112.9365, 5.35035], [112.93569, 5.35557], [112.93699, 5.36366], [112.93935, 5.36806], [112.94498, 5.3724], [112.95003, 5.37333], [112.95753, 5.37181], [112.96224, 5.36912], [112.96573, 5.36516], [112.96714, 5.35997], [112.966, 5.35523], [112.95495, 5.35], [112.95266, 5.34676], [112.95249, 5.34421]]]}, "properties": {"feature_type": "field", "feature_class": "Gas/Oil Field (offshore, undifferentiated)", "inset": "borneo", "candidate_name": "Rosmari", "name_source": "vector text (unverified)", "label_gap_px": 8.7, "area_px": 21.9, "longitude": 112.95022, "latitude": 5.35913}}, {"type": "Feature", "geometry": {"type": "Polygon", "coordinates": [[[112.91244, 4.99267], [112.90205, 4.99415], [112.89858, 4.99603], [112.8932, 5.00117], [112.8848, 5.00242], [112.88424, 5.00516], [112.88524, 5.0083], [112.88832, 5.01163], [112.89403, 5.01439], [112.9012, 5.01547], [112.90579, 5.01423], [112.90871, 5.01146], [112.91134, 5.0064], [112.91877, 5.00647], [112.92197, 5.00291], [112.92166, 4.99803], [112.91906, 4.99361], [112.91536, 4.99143], [112.91244, 4.99267]]]}, "properties": {"feature_type": "field", "feature_class": "Gas/Oil Field (offshore, undifferentiated)", "inset": "borneo", "candidate_name": "Bijan", "name_source": "vector text (unverified)", "label_gap_px": 24.8, "area_px": 29.0, "longitude": 112.90378, "latitude": 5.00363}}, {"type": "Feature", "geometry": {"type": "Polygon", "coordinates": [[[112.91534, 4.35711], [112.90032, 4.33922], [112.89327, 4.33473], [112.88486, 4.33314], [112.87998, 4.33372], [112.87595, 4.33587], [112.86678, 4.34907], [112.86553, 4.353], [112.86641, 4.35794], [112.86879, 4.36349], [112.874, 4.36575], [112.87627, 4.36825], [112.87734, 4.37277], [112.87715, 4.38348], [112.88087, 4.38525], [112.89671, 4.38043], [112.90577, 4.37517], [112.91261, 4.36683], [112.91545, 4.35964], [112.91534, 4.35711]]]}, "properties": {"feature_type": "field", "feature_class": "Gas/Oil Field (offshore, undifferentiated)", "inset": "borneo", "candidate_name": "F13 West", "name_source": "vector text (unverified)", "label_gap_px": 3.8, "area_px": 60.6, "longitude": 112.8897, "latitude": 4.35812}}, {"type": "Feature", "geometry": {"type": "Polygon", "coordinates": [[[114.02432, 5.09024], [114.02264, 5.07999], [114.02072, 5.07609], [114.01754, 5.07292], [114.0052, 5.06573], [113.99913, 5.06721], [113.99234, 5.06741], [113.9933, 5.07126], [113.99973, 5.07754], [114.00322, 5.08555], [114.01165, 5.09111], [114.01558, 5.09664], [114.01832, 5.09729], [114.0216, 5.0962], [114.0239, 5.09362], [114.02432, 5.09024]]]}, "properties": {"feature_type": "field", "feature_class": "Gas/Oil Field (offshore, undifferentiated)", "inset": "borneo", "candidate_name": "Baronia", "name_source": "vector text (unverified)", "label_gap_px": 40.4, "area_px": 21.8, "longitude": 114.01071, "latitude": 5.08017}}, {"type": "Feature", "geometry": {"type": "Polygon", "coordinates": [[[114.00559, 4.46386], [114.0023, 4.459], [113.99874, 4.45602], [113.99209, 4.45393], [113.98632, 4.45397], [113.98111, 4.44999], [113.97871, 4.4505], [113.9757, 4.45407], [113.97371, 4.4629], [113.97399, 4.47437], [113.97587, 4.48105], [113.979, 4.48554], [113.983, 4.48802], [113.98749, 4.48868], [113.99213, 4.4877], [113.99652, 4.48527], [114.00029, 4.48156], [114.00309, 4.47678], [114.00453, 4.47109], [114.00425, 4.46468], [114.00559, 4.46386]]]}, "properties": {"feature_type": "field", "feature_class": "Gas/Oil Field (offshore, undifferentiated)", "inset": "borneo", "candidate_name": "Bakau", "name_source": "vector text (unverified)", "label_gap_px": 3.9, "area_px": 36.6, "longitude": 113.98833, "latitude": 4.46967}}, {"type": "Feature", "geometry": {"type": "Polygon", "coordinates": [[[113.76, 4.6041], [113.75373, 4.59561], [113.75074, 4.59423], [113.74694, 4.59391], [113.74332, 4.59491], [113.73886, 4.59841], [113.73695, 4.60179], [113.73634, 4.60788], [113.73786, 4.61477], [113.7408, 4.62095], [113.74369, 4.62431], [113.75047, 4.62865], [113.75411, 4.63228], [113.75719, 4.63828], [113.75912, 4.64945], [113.76084, 4.65086], [113.76411, 4.65109], [113.76894, 4.64688], [113.77223, 4.63972], [113.77367, 4.63324], [113.77358, 4.6234], [113.77051, 4.61225], [113.76741, 4.60908], [113.76, 4.6041]]]}, "properties": {"feature_type": "field", "feature_class": "Gas/Oil Field (offshore, undifferentiated)", "inset": "borneo", "candidate_name": "Laila", "name_source": "vector text (unverified)", "label_gap_px": 0.0, "area_px": 48.8, "longitude": 113.75645, "latitude": 4.61971}}, {"type": "Feature", "geometry": {"type": "Polygon", "coordinates": [[[113.28294, 4.53645], [113.27784, 4.52332], [113.27509, 4.51875], [113.27089, 4.51613], [113.26804, 4.51588], [113.26301, 4.51769], [113.2622, 4.5222], [113.2639, 4.53123], [113.26036, 4.53685], [113.25991, 4.54039], [113.26223, 4.5482], [113.26726, 4.55543], [113.27171, 4.55774], [113.27416, 4.55765], [113.27695, 4.55605], [113.27828, 4.5533], [113.27988, 4.54339], [113.28361, 4.53791], [113.28341, 4.53371], [113.28294, 4.53645]]]}, "properties": {"feature_type": "field", "feature_class": "Gas/Oil Field (offshore, undifferentiated)", "inset": "borneo", "candidate_name": "Lebah", "name_source": "vector text (unverified)", "label_gap_px": 12.5, "area_px": 24.5, "longitude": 113.2711, "latitude": 4.53682}}, {"type": "Feature", "geometry": {"type": "Polygon", "coordinates": [[[112.32387, 4.60914], [112.31738, 4.59823], [112.31321, 4.59525], [112.30168, 4.59633], [112.2936, 4.59852], [112.29097, 4.60012], [112.29032, 4.60317], [112.29109, 4.6096], [112.29814, 4.63872], [112.30857, 4.63977], [112.31533, 4.6379], [112.31708, 4.63389], [112.31667, 4.63075], [112.32098, 4.62822], [112.32354, 4.62378], [112.32451, 4.61548], [112.3226, 4.60788], [112.32387, 4.60914]]]}, "properties": {"feature_type": "field", "feature_class": "Gas/Oil Field (offshore, undifferentiated)", "inset": "borneo", "candidate_name": "Jerun", "name_source": "vector text (unverified)", "label_gap_px": 0.0, "area_px": 37.6, "longitude": 112.30736, "latitude": 4.6164}}, {"type": "Feature", "geometry": {"type": "Polygon", "coordinates": [[[113.30983, 3.61156], [113.30803, 3.60628], [113.30522, 3.60454], [113.29657, 3.60221], [113.29015, 3.6016], [113.2857, 3.60339], [113.28388, 3.60984], [113.28538, 3.61271], [113.29044, 3.61565], [113.3016, 3.61807], [113.30547, 3.61698], [113.30863, 3.6147], [113.30983, 3.61156]]]}, "properties": {"feature_type": "field", "feature_class": "Gas/Oil Field (offshore, undifferentiated)", "inset": "borneo", "candidate_name": "East Patricia", "name_source": "vector text (unverified)", "label_gap_px": 0.3, "area_px": 9.9, "longitude": 113.29683, "latitude": 3.60971}}, {"type": "Feature", "geometry": {"type": "Polygon", "coordinates": [[[112.71109, 4.49045], [112.7074, 4.4771], [112.70335, 4.46765], [112.69822, 4.45884], [112.69214, 4.45162], [112.68407, 4.44641], [112.67967, 4.44553], [112.67563, 4.44605], [112.6688, 4.45047], [112.66392, 4.45798], [112.6623, 4.46237], [112.66094, 4.47141], [112.66259, 4.48062], [112.67298, 4.49966], [112.6753, 4.50807], [112.67491, 4.51495], [112.66987, 4.53188], [112.67022, 4.53883], [112.67243, 4.5427], [112.67533, 4.54394], [112.68771, 4.54547], [112.71016, 4.55411], [112.7181, 4.55582], [112.72674, 4.55502], [112.75138, 4.54571], [112.75999, 4.54594], [112.78119, 4.5578], [112.79082, 4.56083], [112.80068, 4.56157], [112.80671, 4.55962], [112.82029, 4.55057], [112.82646, 4.54883], [112.84609, 4.54614], [112.85208, 4.54397], [112.86617, 4.5321], [112.87274, 4.52799], [112.87606, 4.52245], [112.87544, 4.51373], [112.87122, 4.50504], [112.84372, 4.47382], [112.8329, 4.45025], [112.82949, 4.44658], [112.82396, 4.44334], [112.81252, 4.44001], [112.8003, 4.43889], [112.78888, 4.43925], [112.76687, 4.44522], [112.74561, 4.44617], [112.73259, 4.44946], [112.72512, 4.45455], [112.7209, 4.45981], [112.71882, 4.46613], [112.7174, 4.482], [112.71308, 4.48964], [112.71293, 4.49172], [112.71109, 4.49045]]]}, "properties": {"feature_type": "field", "feature_class": "Gas/Oil Field (offshore, undifferentiated)", "inset": "borneo", "candidate_name": "Gorek Legundi", "name_source": "vector text (unverified)", "label_gap_px": 0.0, "area_px": 581.1, "longitude": 112.76643, "latitude": 4.50093}}, {"type": "Feature", "geometry": {"type": "Polygon", "coordinates": [[[116.28877, 6.97254], [116.2842, 6.9718], [116.28105, 6.97273], [116.2796, 6.97491], [116.28012, 6.97792], [116.28328, 6.9816], [116.2884, 6.98286], [116.28998, 6.98784], [116.29278, 6.99205], [116.29544, 6.99451], [116.29874, 6.99531], [116.30536, 6.99092], [116.30588, 6.98745], [116.29981, 6.98602], [116.29653, 6.97606], [116.29246, 6.9759], [116.2899, 6.97171], [116.28877, 6.97254]]]}, "properties": {"feature_type": "field", "feature_class": "Gas/Oil Field (offshore, undifferentiated)", "inset": "borneo", "candidate_name": "Titik Terang", "name_source": "vector text (unverified)", "label_gap_px": 32.9, "area_px": 17.3, "longitude": 116.29259, "latitude": 6.98295}}, {"type": "Feature", "geometry": {"type": "Polygon", "coordinates": [[[113.30261, 3.83228], [113.29444, 3.83021], [113.28548, 3.83111], [113.2794, 3.8355], [113.27812, 3.83809], [113.27773, 3.84255], [113.27944, 3.8519], [113.28192, 3.85752], [113.28477, 3.86081], [113.29148, 3.86445], [113.29314, 3.86723], [113.29868, 3.89306], [113.30217, 3.89803], [113.30666, 3.89918], [113.31299, 3.89691], [113.31742, 3.89152], [113.3209, 3.88247], [113.32207, 3.87181], [113.31895, 3.85365], [113.31571, 3.84374], [113.31004, 3.83581], [113.30261, 3.83228]]]}, "properties": {"feature_type": "field", "feature_class": "Gas/Oil Field (offshore, undifferentiated)", "inset": "borneo", "candidate_name": "Sapih", "name_source": "vector text (unverified)", "label_gap_px": 0.0, "area_px": 64.7, "longitude": 113.30221, "latitude": 3.86099}}, {"type": "Feature", "geometry": {"type": "Polygon", "coordinates": [[[113.25208, 3.84957], [113.24223, 3.85187], [113.23875, 3.85416], [113.23754, 3.85648], [113.23779, 3.87348], [113.24416, 3.89077], [113.24789, 3.8949], [113.25499, 3.89776], [113.27841, 3.89881], [113.28077, 3.89478], [113.28078, 3.88414], [113.28288, 3.87761], [113.28309, 3.87245], [113.28009, 3.86363], [113.27723, 3.85999], [113.26966, 3.85429], [113.2608, 3.85078], [113.25208, 3.84957]]]}, "properties": {"feature_type": "field", "feature_class": "Gas/Oil Field (offshore, undifferentiated)", "inset": "borneo", "candidate_name": "Sapih", "name_source": "vector text (unverified)", "label_gap_px": 0.0, "area_px": 54.1, "longitude": 113.26007, "latitude": 3.87443}}, {"type": "Feature", "geometry": {"type": "Polygon", "coordinates": [[[113.18948, 3.90688], [113.18502, 3.89945], [113.17706, 3.89869], [113.17429, 3.89996], [113.17278, 3.90449], [113.17615, 3.91018], [113.17738, 3.92103], [113.17935, 3.92138], [113.18295, 3.91733], [113.1858, 3.91736], [113.18712, 3.91646], [113.18861, 3.9134], [113.18995, 3.91259], [113.18852, 3.90654], [113.18948, 3.90688]]]}, "properties": {"feature_type": "field", "feature_class": "Gas/Oil Field (offshore, undifferentiated)", "inset": "borneo", "candidate_name": "Sapih", "name_source": "vector text (unverified)", "label_gap_px": 6.3, "area_px": 10.7, "longitude": 113.18138, "latitude": 3.90867}}, {"type": "Feature", "geometry": {"type": "Polygon", "coordinates": [[[114.51592, 4.49189], [114.50789, 4.48833], [114.49938, 4.48674], [114.48022, 4.48765], [114.47648, 4.48957], [114.4751, 4.49188], [114.4765, 4.49433], [114.48611, 4.49751], [114.49452, 4.50431], [114.50055, 4.50707], [114.50422, 4.50707], [114.51321, 4.50495], [114.52704, 4.50445], [114.52835, 4.50117], [114.52758, 4.49737], [114.52182, 4.49326], [114.51592, 4.49189]]]}, "properties": {"feature_type": "field", "feature_class": "Gas/Oil Field (offshore, undifferentiated)", "inset": "borneo", "candidate_name": null, "name_source": "unlabeled", "label_gap_px": null, "area_px": 24.4, "longitude": 114.50271, "latitude": 4.49641}}, {"type": "Feature", "geometry": {"type": "Polygon", "coordinates": [[[113.57995, 3.7618], [113.56779, 3.75755], [113.55906, 3.74975], [113.54472, 3.74363], [113.53959, 3.7436], [113.5349, 3.7452], [113.53263, 3.74754], [113.53074, 3.75226], [113.53129, 3.75695], [113.53545, 3.76101], [113.548, 3.76513], [113.55923, 3.77193], [113.56511, 3.77405], [113.57344, 3.77288], [113.57962, 3.76894], [113.58262, 3.76523], [113.5821, 3.76346], [113.57995, 3.7618]]]}, "properties": {"feature_type": "field", "feature_class": "Gas/Oil Field (offshore, undifferentiated)", "inset": "borneo", "candidate_name": "Sapih", "name_source": "vector text (unverified)", "label_gap_px": 35.6, "area_px": 35.8, "longitude": 113.55482, "latitude": 3.75898}}, {"type": "Feature", "geometry": {"type": "Polygon", "coordinates": [[[113.62979, 3.72169], [113.61779, 3.72311], [113.61316, 3.72562], [113.61653, 3.73355], [113.62087, 3.73761], [113.62558, 3.73996], [113.63337, 3.73763], [113.6357, 3.73517], [113.63625, 3.7331], [113.63281, 3.7234], [113.62979, 3.72169]]]}, "properties": {"feature_type": "field", "feature_class": "Gas/Oil Field (offshore, undifferentiated)", "inset": "borneo", "candidate_name": null, "name_source": "unlabeled", "label_gap_px": null, "area_px": 9.9, "longitude": 113.6254, "latitude": 3.73032}}, {"type": "Feature", "geometry": {"type": "Polygon", "coordinates": [[[113.57384, 3.54098], [113.5694, 3.53955], [113.56344, 3.53955], [113.56085, 3.54125], [113.56059, 3.54478], [113.56772, 3.55889], [113.57212, 3.56474], [113.57445, 3.5661], [113.58373, 3.56793], [113.58632, 3.56504], [113.58633, 3.56141], [113.5763, 3.5438], [113.57384, 3.54098]]]}, "properties": {"feature_type": "field", "feature_class": "Gas/Oil Field (offshore, undifferentiated)", "inset": "borneo", "candidate_name": "East Patricia", "name_source": "vector text (unverified)", "label_gap_px": 43.9, "area_px": 17.4, "longitude": 113.57347, "latitude": 3.55343}}, {"type": "Feature", "geometry": {"type": "Polygon", "coordinates": [[[113.39435, 3.46762], [113.4024, 3.48997], [113.40501, 3.49345], [113.40902, 3.49583], [113.41226, 3.49505], [113.41448, 3.49028], [113.41413, 3.48544], [113.40851, 3.47146], [113.40408, 3.46442], [113.40067, 3.46268], [113.39596, 3.46427], [113.39435, 3.46762]]]}, "properties": {"feature_type": "field", "feature_class": "Gas/Oil Field (offshore, undifferentiated)", "inset": "borneo", "candidate_name": "East Patricia", "name_source": "vector text (unverified)", "label_gap_px": 25.6, "area_px": 15.5, "longitude": 113.40485, "latitude": 3.47917}}, {"type": "Feature", "geometry": {"type": "Polygon", "coordinates": [[[113.44494, 3.38898], [113.44189, 3.38998], [113.44006, 3.39212], [113.43486, 3.40632], [113.43619, 3.40964], [113.43935, 3.41251], [113.44314, 3.4144], [113.44669, 3.41479], [113.45113, 3.41212], [113.45489, 3.40537], [113.45923, 3.40072], [113.45991, 3.39855], [113.45883, 3.39631], [113.45436, 3.39578], [113.44869, 3.39023], [113.44494, 3.38898]]]}, "properties": {"feature_type": "field", "feature_class": "Gas/Oil Field (offshore, undifferentiated)", "inset": "borneo", "candidate_name": "Sompotan", "name_source": "vector text (unverified)", "label_gap_px": 34.2, "area_px": 15.0, "longitude": 113.44631, "latitude": 3.40213}}, {"type": "Feature", "geometry": {"type": "Polygon", "coordinates": [[[113.51964, 3.40342], [113.51731, 3.40507], [113.51584, 3.40894], [113.51438, 3.41944], [113.51573, 3.42235], [113.51963, 3.42348], [113.52427, 3.42247], [113.5288, 3.42978], [113.53454, 3.43062], [113.54121, 3.43592], [113.54835, 3.43433], [113.55584, 3.43789], [113.5602, 3.43544], [113.56217, 3.43014], [113.56049, 3.42603], [113.55681, 3.42448], [113.55037, 3.41922], [113.54084, 3.41897], [113.53597, 3.41541], [113.53, 3.41507], [113.52664, 3.41149], [113.52316, 3.40463], [113.52168, 3.40347], [113.51964, 3.40342]]]}, "properties": {"feature_type": "field", "feature_class": "Gas/Oil Field (offshore, undifferentiated)", "inset": "borneo", "candidate_name": null, "name_source": "unlabeled", "label_gap_px": null, "area_px": 37.7, "longitude": 113.537, "latitude": 3.42295}}, {"type": "Feature", "geometry": {"type": "Polygon", "coordinates": [[[113.58665, 4.01133], [113.58691, 4.01689], [113.58431, 4.03146], [113.58964, 4.0438], [113.59303, 4.04681], [113.59612, 4.04703], [113.60208, 4.02658], [113.60486, 4.02441], [113.60735, 4.02494], [113.60965, 4.02777], [113.6106, 4.03386], [113.61394, 4.03719], [113.61542, 4.04046], [113.61536, 4.04493], [113.61297, 4.04985], [113.61496, 4.05717], [113.61927, 4.06354], [113.62253, 4.06618], [113.6243, 4.0482], [113.62383, 4.03243], [113.62522, 4.02456], [113.62337, 4.01291], [113.6211, 4.01116], [113.61765, 4.01075], [113.61238, 4.0141], [113.61042, 3.99771], [113.60804, 3.9912], [113.60534, 3.98804], [113.58744, 3.98032], [113.5755, 3.97903], [113.57256, 3.98148], [113.5718, 3.98695], [113.57743, 3.99404], [113.58665, 4.01133]]]}, "properties": {"feature_type": "field", "feature_class": "Gas/Oil Field (offshore, undifferentiated)", "inset": "borneo", "candidate_name": "Rebab", "name_source": "vector text (unverified)", "label_gap_px": 28.9, "area_px": 97.7, "longitude": 113.60084, "latitude": 4.01533}}, {"type": "Feature", "geometry": {"type": "Polygon", "coordinates": [[[113.88476, 5.01576], [113.87862, 5.01792], [113.875, 5.02165], [113.8732, 5.02956], [113.87429, 5.03937], [113.87964, 5.06592], [113.88137, 5.07084], [113.89385, 5.09076], [113.89516, 5.09438], [113.89948, 5.09428], [113.90251, 5.09333], [113.90559, 5.09022], [113.91035, 5.07884], [113.91126, 5.06677], [113.9095, 5.04225], [113.90689, 5.03146], [113.90221, 5.02243], [113.89895, 5.01905], [113.89499, 5.01669], [113.89028, 5.01553], [113.88476, 5.01576]]]}, "properties": {"feature_type": "field", "feature_class": "Gas/Oil Field (offshore, undifferentiated)", "inset": "borneo", "candidate_name": "Baronia", "name_source": "vector text (unverified)", "label_gap_px": 32.8, "area_px": 65.5, "longitude": 113.89345, "latitude": 5.05199}}, {"type": "Feature", "geometry": {"type": "Polygon", "coordinates": [[[113.81937, 4.98469], [113.8007, 4.98198], [113.79348, 4.98565], [113.79031, 4.99211], [113.79074, 5.00025], [113.79199, 5.00288], [113.80517, 5.01448], [113.81563, 5.02029], [113.82139, 5.02166], [113.82701, 5.01869], [113.83103, 5.01502], [113.83303, 5.00951], [113.83319, 5.00515], [113.82885, 4.99833], [113.82363, 4.98726], [113.81937, 4.98469]]]}, "properties": {"feature_type": "field", "feature_class": "Gas/Oil Field (offshore, undifferentiated)", "inset": "borneo", "candidate_name": "Layang", "name_source": "vector text (unverified)", "label_gap_px": 26.8, "area_px": 38.2, "longitude": 113.81202, "latitude": 5.00082}}, {"type": "Feature", "geometry": {"type": "Polygon", "coordinates": [[[113.90419, 4.86977], [113.90059, 4.86509], [113.89925, 4.86135], [113.89796, 4.86508], [113.89551, 4.86582], [113.89428, 4.86787], [113.89718, 4.87228], [113.89897, 4.8773], [113.90359, 4.88053], [113.90712, 4.88157], [113.91059, 4.87821], [113.911, 4.87466], [113.90883, 4.87137], [113.90419, 4.86977]]]}, "properties": {"feature_type": "field", "feature_class": "Gas/Oil Field (offshore, undifferentiated)", "inset": "borneo", "candidate_name": "Baronia", "name_source": "vector text (unverified)", "label_gap_px": 11.7, "area_px": 7.6, "longitude": 113.90281, "latitude": 4.87305}}, {"type": "Feature", "geometry": {"type": "Polygon", "coordinates": [[[113.98864, 4.88868], [113.98435, 4.88222], [113.98145, 4.88079], [113.97831, 4.88097], [113.97056, 4.88762], [113.97081, 4.89525], [113.97288, 4.89726], [113.984, 4.89936], [113.98625, 4.90197], [113.98697, 4.90645], [113.98983, 4.90873], [113.99376, 4.91857], [113.99763, 4.92023], [114.00225, 4.91952], [114.00656, 4.91614], [114.00771, 4.91382], [114.00752, 4.91161], [114.00035, 4.90301], [113.99199, 4.89895], [113.98864, 4.88868]]]}, "properties": {"feature_type": "field", "feature_class": "Gas/Oil Field (offshore, undifferentiated)", "inset": "borneo", "candidate_name": "Baronia", "name_source": "vector text (unverified)", "label_gap_px": 14.5, "area_px": 32.5, "longitude": 113.98868, "latitude": 4.90027}}, {"type": "Feature", "geometry": {"type": "Polygon", "coordinates": [[[113.86796, 4.93552], [113.85005, 4.93039], [113.845, 4.93163], [113.84302, 4.9352], [113.84379, 4.93778], [113.84611, 4.9393], [113.85891, 4.93948], [113.86572, 4.94266], [113.86898, 4.94637], [113.87307, 4.94672], [113.87485, 4.94417], [113.87425, 4.94117], [113.87154, 4.93744], [113.86796, 4.93552]]]}, "properties": {"feature_type": "field", "feature_class": "Gas/Oil Field (offshore, undifferentiated)", "inset": "borneo", "candidate_name": "Baronia", "name_source": "vector text (unverified)", "label_gap_px": 21.4, "area_px": 12.1, "longitude": 113.85923, "latitude": 4.93763}}, {"type": "Feature", "geometry": {"type": "Polygon", "coordinates": [[[113.93041, 4.73545], [113.92874, 4.72616], [113.92222, 4.71284], [113.91668, 4.70552], [113.91182, 4.69672], [113.91048, 4.69546], [113.90859, 4.69559], [113.90066, 4.70492], [113.89884, 4.71], [113.89937, 4.71583], [113.90287, 4.72408], [113.90437, 4.73121], [113.91973, 4.74379], [113.92481, 4.74637], [113.9268, 4.74509], [113.9276, 4.74013], [113.93041, 4.73545]]]}, "properties": {"feature_type": "field", "feature_class": "Gas/Oil Field (offshore, undifferentiated)", "inset": "borneo", "candidate_name": "Baronia", "name_source": "vector text (unverified)", "label_gap_px": 0.0, "area_px": 35.2, "longitude": 113.91433, "latitude": 4.72152}}, {"type": "Feature", "geometry": {"type": "Polygon", "coordinates": [[[114.04515, 4.63054], [114.04814, 4.6577], [114.05139, 4.67089], [114.06194, 4.68895], [114.06463, 4.69224], [114.06724, 4.69349], [114.06922, 4.69187], [114.07009, 4.68864], [114.07173, 4.66906], [114.06869, 4.64785], [114.06386, 4.64501], [114.05593, 4.63667], [114.05163, 4.62968], [114.04865, 4.62763], [114.04629, 4.62822], [114.04515, 4.63054]]]}, "properties": {"feature_type": "field", "feature_class": "Gas/Oil Field (offshore, undifferentiated)", "inset": "borneo", "candidate_name": "Fatimah", "name_source": "vector text (unverified)", "label_gap_px": 0.6, "area_px": 38.0, "longitude": 114.05918, "latitude": 4.66044}}, {"type": "Feature", "geometry": {"type": "Polygon", "coordinates": [[[113.78007, 4.65666], [113.7746, 4.65112], [113.7712, 4.64387], [113.76915, 4.64244], [113.76513, 4.64371], [113.76023, 4.64686], [113.75833, 4.64922], [113.75889, 4.6536], [113.76403, 4.66274], [113.77356, 4.67445], [113.78258, 4.68051], [113.7857, 4.68144], [113.79102, 4.6811], [113.79214, 4.67822], [113.78784, 4.6669], [113.78007, 4.65666]]]}, "properties": {"feature_type": "field", "feature_class": "Gas/Oil Field (offshore, undifferentiated)", "inset": "borneo", "candidate_name": "Laila", "name_source": "vector text (unverified)", "label_gap_px": 0.1, "area_px": 29.1, "longitude": 113.77474, "latitude": 4.66257}}, {"type": "Feature", "geometry": {"type": "Polygon", "coordinates": [[[114.21609, 4.50073], [114.21227, 4.50413], [114.20912, 4.50328], [114.20835, 4.50757], [114.20488, 4.51095], [114.20448, 4.51369], [114.21146, 4.53158], [114.21149, 4.53784], [114.21423, 4.54404], [114.21455, 4.54895], [114.21872, 4.55137], [114.22026, 4.55625], [114.22321, 4.55587], [114.22671, 4.55755], [114.23098, 4.55383], [114.23423, 4.54828], [114.2332, 4.54364], [114.23396, 4.53891], [114.23153, 4.5354], [114.23241, 4.53103], [114.23139, 4.5157], [114.23009, 4.51374], [114.22642, 4.51217], [114.22397, 4.50878], [114.22051, 4.50917], [114.21604, 4.50702], [114.21528, 4.50517], [114.21609, 4.50073]]]}, "properties": {"feature_type": "field", "feature_class": "Gas/Oil Field (offshore, undifferentiated)", "inset": "borneo", "candidate_name": "Fatimah", "name_source": "vector text (unverified)", "label_gap_px": 27.1, "area_px": 34.5, "longitude": 114.22066, "latitude": 4.52951}}, {"type": "Feature", "geometry": {"type": "Polygon", "coordinates": [[[114.12363, 4.59874], [114.12234, 4.59988], [114.12128, 4.5996], [114.11972, 4.60309], [114.12207, 4.60911], [114.12311, 4.61494], [114.12451, 4.61576], [114.12503, 4.6174], [114.1272, 4.61783], [114.12973, 4.61472], [114.12877, 4.60377], [114.12628, 4.60144], [114.12361, 4.60085], [114.12363, 4.59874]]]}, "properties": {"feature_type": "field", "feature_class": "Gas/Oil Field (offshore, undifferentiated)", "inset": "borneo", "candidate_name": "Fatimah", "name_source": "vector text (unverified)", "label_gap_px": 12.7, "area_px": 3.9, "longitude": 114.12519, "latitude": 4.60832}}, {"type": "Feature", "geometry": {"type": "Polygon", "coordinates": [[[114.17571, 4.65095], [114.17416, 4.64622], [114.16847, 4.63863], [114.16443, 4.63677], [114.16283, 4.63707], [114.16251, 4.64172], [114.1599, 4.64548], [114.16126, 4.64948], [114.16754, 4.65177], [114.16972, 4.65515], [114.17193, 4.65336], [114.1754, 4.65364], [114.17571, 4.65095]]]}, "properties": {"feature_type": "field", "feature_class": "Gas/Oil Field (offshore, undifferentiated)", "inset": "borneo", "candidate_name": "Fatimah", "name_source": "vector text (unverified)", "label_gap_px": 18.2, "area_px": 6.7, "longitude": 114.16777, "latitude": 4.6462}}, {"type": "Feature", "geometry": {"type": "Polygon", "coordinates": [[[114.0487, 4.69695], [114.04357, 4.68727], [114.04216, 4.68644], [114.04067, 4.68697], [114.03888, 4.68972], [114.03643, 4.69912], [114.03623, 4.7046], [114.03984, 4.71956], [114.04286, 4.72478], [114.04526, 4.72657], [114.04746, 4.72633], [114.04935, 4.72466], [114.05209, 4.71715], [114.05202, 4.70808], [114.0487, 4.69695]]]}, "properties": {"feature_type": "field", "feature_class": "Gas/Oil Field (offshore, undifferentiated)", "inset": "borneo", "candidate_name": "Fatimah", "name_source": "vector text (unverified)", "label_gap_px": 5.5, "area_px": 15.4, "longitude": 114.04416, "latitude": 4.70725}}, {"type": "Feature", "geometry": {"type": "Polygon", "coordinates": [[[115.14529, 5.92937], [115.14176, 5.92917], [115.1398, 5.93078], [115.13947, 5.93939], [115.14519, 5.94678], [115.14791, 5.9484], [115.15078, 5.94843], [115.15321, 5.94655], [115.15448, 5.94393], [115.15441, 5.93704], [115.15192, 5.93304], [115.14529, 5.92937]]]}, "properties": {"feature_type": "field", "feature_class": "Gas/Oil Field (offshore, undifferentiated)", "inset": "borneo", "candidate_name": "Bongawan North", "name_source": "vector text (unverified)", "label_gap_px": 0.0, "area_px": 7.2, "longitude": 115.14705, "latitude": 5.93865}}, {"type": "Feature", "geometry": {"type": "Polygon", "coordinates": [[[112.99561, 3.85735], [112.98984, 3.85048], [112.9852, 3.84761], [112.97842, 3.84646], [112.97479, 3.84723], [112.97204, 3.84911], [112.96918, 3.85536], [112.96947, 3.87182], [112.97071, 3.87777], [112.97428, 3.88348], [112.97717, 3.88487], [112.98206, 3.88534], [112.98623, 3.88498], [112.98823, 3.88369], [112.99046, 3.87791], [112.99442, 3.87381], [112.99561, 3.87126], [112.99628, 3.86552], [112.99561, 3.85735]]]}, "properties": {"feature_type": "field", "feature_class": "Gas/Oil Field (offshore, undifferentiated)", "inset": "borneo", "candidate_name": "Tiram", "name_source": "vector text (unverified)", "label_gap_px": 1.2, "area_px": 24.7, "longitude": 112.98188, "latitude": 3.86561}}, {"type": "Feature", "geometry": {"type": "Polygon", "coordinates": [[[113.08613, 3.91832], [113.06806, 3.91806], [113.05763, 3.91982], [113.04739, 3.92551], [113.04556, 3.92765], [113.04533, 3.9308], [113.04873, 3.93506], [113.05135, 3.94226], [113.05324, 3.94341], [113.06582, 3.94227], [113.07122, 3.93874], [113.07737, 3.93845], [113.0868, 3.93502], [113.1034, 3.9322], [113.10911, 3.92901], [113.10936, 3.92511], [113.10819, 3.92172], [113.09593, 3.92216], [113.08782, 3.92015], [113.08613, 3.91832]]]}, "properties": {"feature_type": "field", "feature_class": "Gas/Oil Field (offshore, undifferentiated)", "inset": "borneo", "candidate_name": "Tiram", "name_source": "vector text (unverified)", "label_gap_px": 10.7, "area_px": 39.7, "longitude": 113.07397, "latitude": 3.92919}}, {"type": "Feature", "geometry": {"type": "Polygon", "coordinates": [[[112.80462, 3.825], [112.79898, 3.81488], [112.79538, 3.81114], [112.78371, 3.81073], [112.7803, 3.81336], [112.77872, 3.82038], [112.77904, 3.82761], [112.78085, 3.83083], [112.7865, 3.83629], [112.78943, 3.83711], [112.79453, 3.83687], [112.80158, 3.83467], [112.80442, 3.83022], [112.80462, 3.825]]]}, "properties": {"feature_type": "field", "feature_class": "Gas/Oil Field (offshore, undifferentiated)", "inset": "borneo", "candidate_name": "Mahkota", "name_source": "vector text (unverified)", "label_gap_px": 3.7, "area_px": 15.4, "longitude": 112.79115, "latitude": 3.82396}}, {"type": "Feature", "geometry": {"type": "Polygon", "coordinates": [[[112.90826, 4.10813], [112.90616, 4.08843], [112.90507, 4.08576], [112.90034, 4.0836], [112.89542, 4.08418], [112.89433, 4.08723], [112.89924, 4.09245], [112.90254, 4.1099], [112.90343, 4.11213], [112.90507, 4.11314], [112.907, 4.11189], [112.90826, 4.10813]]]}, "properties": {"feature_type": "field", "feature_class": "Gas/Oil Field (offshore, undifferentiated)", "inset": "borneo", "candidate_name": "E11 Shallow Cluster", "name_source": "vector text (unverified)", "label_gap_px": 0.0, "area_px": 11.6, "longitude": 112.90287, "latitude": 4.09646}}, {"type": "Feature", "geometry": {"type": "Polygon", "coordinates": [[[112.78553, 4.11857], [112.78806, 4.1074], [112.79209, 4.09951], [112.79889, 4.08973], [112.80004, 4.0844], [112.79814, 4.08081], [112.79326, 4.07729], [112.7868, 4.07485], [112.78272, 4.0746], [112.77962, 4.076], [112.77582, 4.08291], [112.77158, 4.08709], [112.77081, 4.09404], [112.77268, 4.11529], [112.77397, 4.12027], [112.77865, 4.12566], [112.78435, 4.1289], [112.78621, 4.12811], [112.78671, 4.12599], [112.78504, 4.11654], [112.78553, 4.11857]]]}, "properties": {"feature_type": "field", "feature_class": "Gas/Oil Field (offshore, undifferentiated)", "inset": "borneo", "candidate_name": "E11 Shallow Cluster", "name_source": "vector text (unverified)", "label_gap_px": 0.0, "area_px": 42.5, "longitude": 112.78318, "latitude": 4.09784}}, {"type": "Feature", "geometry": {"type": "Polygon", "coordinates": [[[113.21806, 3.99057], [113.20117, 3.98889], [113.17931, 3.98941], [113.17539, 3.99122], [113.17298, 3.99349], [113.17057, 3.99722], [113.17019, 4.00063], [113.17345, 4.00501], [113.18241, 4.00957], [113.19292, 4.0115], [113.20291, 4.01068], [113.21035, 4.00758], [113.22801, 3.99723], [113.22836, 3.99377], [113.22101, 3.9927], [113.21806, 3.99057]]]}, "properties": {"feature_type": "field", "feature_class": "Gas/Oil Field (offshore, undifferentiated)", "inset": "borneo", "candidate_name": "Sapih", "name_source": "vector text (unverified)", "label_gap_px": 13.6, "area_px": 33.1, "longitude": 113.19693, "latitude": 3.99914}}, {"type": "Feature", "geometry": {"type": "MultiPolygon", "coordinates": [[[[112.90796, 3.97051], [112.9023, 3.96931], [112.89512, 3.96944], [112.8907, 3.97046], [112.88873, 3.97235], [112.88939, 3.97614], [112.8942, 3.98469], [112.896, 3.99087], [112.89716, 3.99184], [112.90919, 3.993], [112.91148, 3.99189], [112.91262, 3.98663], [112.91264, 3.97848], [112.90796, 3.97051]]], [[[112.90828, 3.97065], [112.91038, 3.97312], [112.90987, 3.9718], [112.90828, 3.97065]]]]}, "properties": {"feature_type": "field", "feature_class": "Gas/Oil Field (offshore, undifferentiated)", "inset": "borneo", "candidate_name": "Mahkota", "name_source": "vector text (unverified)", "label_gap_px": 8.4, "area_px": 14.3, "longitude": 112.90184, "latitude": 3.98054}}, {"type": "Feature", "geometry": {"type": "Polygon", "coordinates": [[[112.52634, 3.78427], [112.52859, 3.77954], [112.53503, 3.77109], [112.53622, 3.76611], [112.5327, 3.74925], [112.52803, 3.73778], [112.52503, 3.73354], [112.52082, 3.73195], [112.50062, 3.73307], [112.49817, 3.73563], [112.48853, 3.75432], [112.48604, 3.76181], [112.48406, 3.77302], [112.47014, 3.78237], [112.46514, 3.78851], [112.46153, 3.79568], [112.45918, 3.80779], [112.45995, 3.81691], [112.4619, 3.82254], [112.46352, 3.82468], [112.46635, 3.82586], [112.47189, 3.82567], [112.47712, 3.82428], [112.48829, 3.81899], [112.50446, 3.80803], [112.5107, 3.80748], [112.52752, 3.80831], [112.53421, 3.80697], [112.53578, 3.80465], [112.53525, 3.80057], [112.53256, 3.79506], [112.52717, 3.78967], [112.52634, 3.78427]]]}, "properties": {"feature_type": "field", "feature_class": "Gas/Oil Field (offshore, undifferentiated)", "inset": "borneo", "candidate_name": "D30 Danau", "name_source": "vector text (unverified)", "label_gap_px": 0.0, "area_px": 167.9, "longitude": 112.50079, "latitude": 3.78059}}, {"type": "Feature", "geometry": {"type": "Polygon", "coordinates": [[[112.35286, 3.80823], [112.35157, 3.80186], [112.35289, 3.78299], [112.35123, 3.77197], [112.34942, 3.76776], [112.34092, 3.7562], [112.33953, 3.7552], [112.33715, 3.7555], [112.33513, 3.75822], [112.33434, 3.76253], [112.33585, 3.78531], [112.33544, 3.7922], [112.33313, 3.8064], [112.32795, 3.82471], [112.3282, 3.83256], [112.32935, 3.83571], [112.34292, 3.83809], [112.34658, 3.83765], [112.34935, 3.83591], [112.35074, 3.83242], [112.35043, 3.82214], [112.35292, 3.81268], [112.35221, 3.80789], [112.35286, 3.80823]]]}, "properties": {"feature_type": "field", "feature_class": "Gas/Oil Field (offshore, undifferentiated)", "inset": "borneo", "candidate_name": "D30 Danau", "name_source": "vector text (unverified)", "label_gap_px": 0.0, "area_px": 54.1, "longitude": 112.34183, "latitude": 3.80121}}, {"type": "Feature", "geometry": {"type": "Polygon", "coordinates": [[[112.35286, 3.80823], [112.35157, 3.80186], [112.35289, 3.78299], [112.35123, 3.77197], [112.34942, 3.76776], [112.34092, 3.7562], [112.33953, 3.7552], [112.33715, 3.7555], [112.33513, 3.75822], [112.33434, 3.76253], [112.33585, 3.78531], [112.33544, 3.7922], [112.33313, 3.8064], [112.32795, 3.82471], [112.3282, 3.83256], [112.32935, 3.83571], [112.34292, 3.83809], [112.34658, 3.83765], [112.34935, 3.83591], [112.35074, 3.83242], [112.35043, 3.82214], [112.35292, 3.81268], [112.35221, 3.80789], [112.35286, 3.80823]]]}, "properties": {"feature_type": "field", "feature_class": "Gas/Oil Field (offshore, undifferentiated)", "inset": "borneo", "candidate_name": "D30 Danau", "name_source": "vector text (unverified)", "label_gap_px": 0.0, "area_px": 54.1, "longitude": 112.34183, "latitude": 3.80121}}, {"type": "Feature", "geometry": {"type": "Polygon", "coordinates": [[[113.80394, 5.27201], [113.80272, 5.26636], [113.79444, 5.25943], [113.79254, 5.25052], [113.79141, 5.24884], [113.78881, 5.24782], [113.77174, 5.24839], [113.75691, 5.25348], [113.75227, 5.25402], [113.75014, 5.25534], [113.74777, 5.26026], [113.74784, 5.26344], [113.75061, 5.26726], [113.75406, 5.26966], [113.7625, 5.273], [113.76481, 5.27567], [113.76448, 5.28219], [113.75822, 5.29535], [113.75875, 5.29755], [113.76203, 5.29885], [113.76705, 5.29913], [113.77819, 5.29778], [113.79873, 5.3006], [113.79876, 5.29368], [113.80263, 5.2873], [113.80375, 5.28305], [113.80044, 5.27271], [113.80394, 5.27201]]]}, "properties": {"feature_type": "field", "feature_class": "Gas/Oil Field (offshore, undifferentiated)", "inset": "borneo", "candidate_name": null, "name_source": "unlabeled", "label_gap_px": null, "area_px": 66.8, "longitude": 113.77851, "latitude": 5.27358}}, {"type": "Feature", "geometry": {"type": "Polygon", "coordinates": [[[112.29657, 3.60526], [112.29964, 3.62358], [112.30174, 3.62545], [112.30776, 3.62587], [112.30987, 3.62706], [112.3123, 3.63076], [112.31464, 3.63821], [112.31739, 3.64188], [112.32185, 3.64317], [112.3271, 3.64282], [112.33077, 3.64099], [112.33511, 3.63716], [112.33798, 3.63243], [112.33934, 3.62652], [112.33935, 3.61869], [112.33695, 3.59837], [112.33927, 3.57728], [112.33801, 3.57333], [112.33543, 3.56951], [112.32172, 3.55623], [112.3194, 3.55614], [112.31765, 3.55747], [112.31635, 3.56525], [112.31022, 3.57156], [112.30104, 3.5855], [112.29696, 3.59762], [112.29657, 3.60526]]]}, "properties": {"feature_type": "field", "feature_class": "Gas/Oil Field (offshore, undifferentiated)", "inset": "borneo", "candidate_name": "Dafnah West", "name_source": "vector text (unverified)", "label_gap_px": 1.7, "area_px": 88.4, "longitude": 112.3202, "latitude": 3.60185}}, {"type": "Feature", "geometry": {"type": "Polygon", "coordinates": [[[112.08169, 3.38043], [112.06022, 3.37375], [112.04858, 3.3718], [112.02318, 3.37445], [112.01685, 3.37579], [112.01145, 3.37816], [112.00776, 3.38209], [112.0031, 3.39339], [111.99591, 3.40038], [111.99428, 3.404], [111.99444, 3.41885], [111.99717, 3.4324], [111.99916, 3.43355], [112.00846, 3.43027], [112.0196, 3.42887], [112.02243, 3.42662], [112.02787, 3.41942], [112.03132, 3.41777], [112.04005, 3.41605], [112.04251, 3.41378], [112.04758, 3.40518], [112.06302, 3.39666], [112.07147, 3.39535], [112.09568, 3.39548], [112.10698, 3.38111], [112.10784, 3.37788], [112.10739, 3.37343], [112.10404, 3.37331], [112.09654, 3.3757], [112.08848, 3.37643], [112.08169, 3.38043]]]}, "properties": {"feature_type": "field", "feature_class": "Gas/Oil Field (offshore, undifferentiated)", "inset": "borneo", "candidate_name": "Dafnah West", "name_source": "vector text (unverified)", "label_gap_px": 30.3, "area_px": 171.2, "longitude": 112.03877, "latitude": 3.39621}}, {"type": "Feature", "geometry": {"type": "Polygon", "coordinates": [[[111.52507, 3.64477], [111.5259, 3.64985], [111.53633, 3.66176], [111.54051, 3.67343], [111.54613, 3.67887], [111.55035, 3.68586], [111.55693, 3.69077], [111.55987, 3.69112], [111.56249, 3.69], [111.56497, 3.68586], [111.56682, 3.67563], [111.57052, 3.66548], [111.57121, 3.6562], [111.56987, 3.64918], [111.56304, 3.63729], [111.56152, 3.62612], [111.55757, 3.61421], [111.5507, 3.61154], [111.54713, 3.61172], [111.54258, 3.61785], [111.53333, 3.61935], [111.53031, 3.62081], [111.52133, 3.63586], [111.52233, 3.6415], [111.52383, 3.64476], [111.52507, 3.64477]]]}, "properties": {"feature_type": "field", "feature_class": "Gas/Oil Field (offshore, undifferentiated)", "inset": "borneo", "candidate_name": "J5", "name_source": "vector text (unverified)", "label_gap_px": 0.9, "area_px": 88.0, "longitude": 111.54879, "latitude": 3.64901}}, {"type": "Feature", "geometry": {"type": "Polygon", "coordinates": [[[112.15755, 4.18189], [112.15834, 4.1581], [112.15714, 4.15557], [112.15229, 4.15091], [112.14994, 4.14392], [112.14842, 4.14213], [112.14375, 4.14124], [112.13855, 4.14235], [112.13565, 4.14417], [112.13098, 4.1497], [112.12121, 4.15151], [112.11862, 4.15605], [112.1166, 4.17163], [112.11333, 4.17517], [112.10452, 4.17997], [112.10191, 4.18353], [112.1017, 4.18612], [112.10303, 4.19078], [112.11042, 4.20191], [112.10968, 4.21419], [112.1117, 4.21826], [112.11609, 4.22163], [112.12468, 4.22545], [112.13723, 4.22967], [112.14037, 4.229], [112.14207, 4.2256], [112.14419, 4.21482], [112.15124, 4.20615], [112.15222, 4.19794], [112.15866, 4.19281], [112.15915, 4.18763], [112.15755, 4.18189]]]}, "properties": {"feature_type": "field", "feature_class": "Gas/Oil Field (offshore, undifferentiated)", "inset": "borneo", "candidate_name": "Anjung", "name_source": "vector text (unverified)", "label_gap_px": 0.5, "area_px": 121.2, "longitude": 112.13308, "latitude": 4.18546}}, {"type": "Feature", "geometry": {"type": "Polygon", "coordinates": [[[112.85362, 3.83165], [112.84156, 3.83507], [112.83891, 3.83808], [112.83841, 3.84322], [112.84004, 3.84939], [112.84433, 3.85647], [112.85026, 3.8627], [112.85978, 3.87012], [112.86666, 3.87177], [112.88011, 3.86728], [112.9088, 3.86726], [112.90482, 3.8469], [112.90558, 3.84314], [112.91012, 3.83543], [112.91002, 3.829], [112.88065, 3.82709], [112.87348, 3.82837], [112.86613, 3.83209], [112.86045, 3.8306], [112.85184, 3.83266], [112.85362, 3.83165]]]}, "properties": {"feature_type": "field", "feature_class": "Gas/Oil Field (offshore, undifferentiated)", "inset": "borneo", "candidate_name": "Mahkota", "name_source": "vector text (unverified)", "label_gap_px": 0.0, "area_px": 82.7, "longitude": 112.87592, "latitude": 3.84825}}, {"type": "Feature", "geometry": {"type": "Polygon", "coordinates": [[[113.19007, 4.52791], [113.18605, 4.53212], [113.18468, 4.54073], [113.18655, 4.54714], [113.1912, 4.55174], [113.19699, 4.55282], [113.20791, 4.55243], [113.21563, 4.54868], [113.22224, 4.54805], [113.2245, 4.54595], [113.22523, 4.54205], [113.22358, 4.53739], [113.22045, 4.53371], [113.21514, 4.5302], [113.20878, 4.52771], [113.20204, 4.52639], [113.19558, 4.52641], [113.19007, 4.52791]]]}, "properties": {"feature_type": "field", "feature_class": "Gas/Oil Field (offshore, undifferentiated)", "inset": "borneo", "candidate_name": "F13 East", "name_source": "vector text (unverified)", "label_gap_px": 19.5, "area_px": 28.5, "longitude": 113.20356, "latitude": 4.5398}}, {"type": "Feature", "geometry": {"type": "Polygon", "coordinates": [[[113.60361, 4.33906], [113.64305, 4.345], [113.64635, 4.345], [113.6468, 4.34291], [113.64724, 4.33025], [113.64177, 4.30712], [113.64017, 4.30328], [113.63087, 4.29001], [113.62962, 4.2828], [113.62936, 4.27134], [113.62508, 4.27044], [113.60932, 4.27121], [113.60633, 4.27003], [113.59828, 4.2636], [113.58809, 4.26358], [113.57776, 4.26007], [113.57019, 4.25632], [113.56419, 4.25205], [113.55159, 4.23302], [113.54723, 4.22961], [113.53668, 4.22548], [113.52964, 4.21716], [113.5238, 4.21574], [113.5163, 4.21544], [113.51099, 4.21648], [113.50839, 4.21811], [113.50626, 4.22182], [113.50398, 4.23269], [113.49801, 4.24739], [113.49635, 4.25505], [113.49767, 4.26233], [113.50223, 4.26793], [113.50433, 4.27213], [113.50602, 4.28719], [113.50866, 4.29318], [113.5125, 4.295], [113.52252, 4.29481], [113.52532, 4.29575], [113.53356, 4.30643], [113.54186, 4.31093], [113.56547, 4.31396], [113.57437, 4.31671], [113.57929, 4.32016], [113.58914, 4.33045], [113.59625, 4.33579], [113.60361, 4.33906]]]}, "properties": {"feature_type": "field", "feature_class": "Gas/Oil Field (offshore, undifferentiated)", "inset": "borneo", "candidate_name": "Rebab", "name_source": "vector text (unverified)", "label_gap_px": 0.0, "area_px": 405.7, "longitude": 113.56914, "latitude": 4.28355}}, {"type": "Feature", "geometry": {"type": "Polygon", "coordinates": [[[113.65821, 4.33734], [113.64074, 4.33719], [113.62372, 4.33378], [113.61798, 4.33563], [113.61521, 4.33916], [113.61215, 4.34854], [113.60532, 4.35595], [113.60524, 4.36758], [113.59848, 4.37348], [113.59733, 4.37636], [113.59792, 4.37943], [113.60425, 4.38883], [113.60863, 4.39778], [113.61203, 4.40066], [113.6275, 4.40381], [113.63614, 4.40818], [113.6474, 4.40831], [113.64973, 4.41205], [113.65005, 4.42227], [113.65286, 4.4262], [113.66582, 4.42669], [113.67587, 4.43408], [113.68057, 4.43578], [113.69322, 4.43491], [113.70554, 4.43699], [113.7086, 4.43591], [113.71077, 4.43351], [113.71162, 4.43076], [113.71084, 4.41449], [113.7147, 4.39762], [113.714, 4.392], [113.71182, 4.38902], [113.70293, 4.3819], [113.69958, 4.37268], [113.69779, 4.37009], [113.68758, 4.36763], [113.67987, 4.36294], [113.6773, 4.35818], [113.67582, 4.34891], [113.67215, 4.34314], [113.66663, 4.3394], [113.65821, 4.33734]]]}, "properties": {"feature_type": "field", "feature_class": "Gas/Oil Field (offshore, undifferentiated)", "inset": "borneo", "candidate_name": "Tukau Timur", "name_source": "vector text (unverified)", "label_gap_px": 0.0, "area_px": 274.6, "longitude": 113.65819, "latitude": 4.38475}}, {"type": "Feature", "geometry": {"type": "Polygon", "coordinates": [[[112.87082, 4.99813], [112.87092, 4.99402], [112.86879, 4.98924], [112.8645, 4.9876], [112.85647, 4.98721], [112.8517, 4.98578], [112.84617, 4.97912], [112.8417, 4.97679], [112.83348, 4.9762], [112.82508, 4.97899], [112.82208, 4.97902], [112.81862, 4.97721], [112.81241, 4.97077], [112.80826, 4.96963], [112.79152, 4.97256], [112.78917, 4.97585], [112.78893, 4.97996], [112.79, 4.98377], [112.79147, 4.9854], [112.79529, 4.9866], [112.79645, 4.98841], [112.79805, 4.99632], [112.79921, 5.0127], [112.8017, 5.01833], [112.80673, 5.02279], [112.80894, 5.03967], [112.81224, 5.04365], [112.8178, 5.04566], [112.83204, 5.04685], [112.83814, 5.04629], [112.84314, 5.04448], [112.84697, 5.04021], [112.84901, 5.03437], [112.85031, 5.01825], [112.85527, 5.0179], [112.86758, 5.0207], [112.87276, 5.01963], [112.87464, 5.01755], [112.87585, 5.01409], [112.87564, 5.00777], [112.87157, 5.00106], [112.86653, 4.99879], [112.87082, 4.99813]]]}, "properties": {"feature_type": "field", "feature_class": "Gas/Oil Field (offshore, undifferentiated)", "inset": "borneo", "candidate_name": "Bijan", "name_source": "vector text (unverified)", "label_gap_px": 10.6, "area_px": 146.5, "longitude": 112.83031, "latitude": 5.00663}}, {"type": "Feature", "geometry": {"type": "Polygon", "coordinates": [[[112.97307, 4.97488], [112.97232, 4.97827], [112.97311, 4.97689], [112.97261, 4.98939], [112.97012, 4.99095], [112.96548, 4.99075], [112.96119, 4.98709], [112.95788, 4.97347], [112.9553, 4.96837], [112.95002, 4.96447], [112.94537, 4.96525], [112.94028, 4.97083], [112.93359, 4.97453], [112.93154, 4.97713], [112.93068, 4.98117], [112.93167, 4.99094], [112.92982, 4.9971], [112.93005, 5.00052], [112.93648, 5.01268], [112.94381, 5.02091], [112.94856, 5.02234], [112.95874, 5.02261], [112.96338, 5.0243], [112.9663, 5.02742], [112.97006, 5.03696], [112.97373, 5.0398], [112.97908, 5.04077], [112.99182, 5.04019], [112.99377, 5.03798], [112.99695, 5.0204], [112.997, 4.9951], [113.00191, 4.98183], [113.00098, 4.96597], [112.9985, 4.95301], [112.99605, 4.94946], [112.98815, 4.94214], [112.98481, 4.93682], [112.98251, 4.92292], [112.96943, 4.92316], [112.96217, 4.92681], [112.9596, 4.93094], [112.95951, 4.94184], [112.95606, 4.94501], [112.95694, 4.95487], [112.95897, 4.96015], [112.97062, 4.97129], [112.97307, 4.97488]]]}, "properties": {"feature_type": "field", "feature_class": "Gas/Oil Field (offshore, undifferentiated)", "inset": "borneo", "candidate_name": "Kasawari", "name_source": "vector text (unverified)", "label_gap_px": 16.9, "area_px": 192.5, "longitude": 112.97053, "latitude": 4.98578}}, {"type": "Feature", "geometry": {"type": "Polygon", "coordinates": [[[112.96441, 5.2405], [112.96435, 5.24539], [112.95854, 5.24893], [112.95673, 5.25168], [112.95618, 5.25685], [112.95825, 5.26152], [112.9603, 5.26271], [112.9675, 5.26342], [112.97475, 5.26842], [112.97868, 5.26971], [112.98366, 5.26863], [112.98959, 5.26407], [112.99337, 5.25811], [112.99536, 5.24895], [112.99507, 5.2442], [112.9908, 5.23802], [112.9836, 5.23423], [112.97548, 5.23317], [112.96842, 5.23514], [112.96591, 5.23738], [112.96441, 5.2405]]]}, "properties": {"feature_type": "field", "feature_class": "Gas/Oil Field (offshore, undifferentiated)", "inset": "borneo", "candidate_name": "Rosmari", "name_source": "vector text (unverified)", "label_gap_px": 1.9, "area_px": 37.4, "longitude": 112.97698, "latitude": 5.25124}}, {"type": "Feature", "geometry": {"type": "Polygon", "coordinates": [[[113.32089, 4.74418], [113.31828, 4.74268], [113.31351, 4.7335], [113.30945, 4.7329], [113.29995, 4.72796], [113.29731, 4.72853], [113.29552, 4.73037], [113.29554, 4.7338], [113.29999, 4.74217], [113.30197, 4.75153], [113.3037, 4.75412], [113.30834, 4.7558], [113.31155, 4.75836], [113.31805, 4.75796], [113.32137, 4.76112], [113.33316, 4.76572], [113.33748, 4.76616], [113.34218, 4.7651], [113.34277, 4.76281], [113.34187, 4.76054], [113.32989, 4.75444], [113.32365, 4.74768], [113.31978, 4.74491], [113.32089, 4.74418]]]}, "properties": {"feature_type": "field", "feature_class": "Gas/Oil Field (offshore, undifferentiated)", "inset": "borneo", "candidate_name": "Lang", "name_source": "vector text (unverified)", "label_gap_px": 4.0, "area_px": 41.6, "longitude": 113.31537, "latitude": 4.74839}}, {"type": "Feature", "geometry": {"type": "Polygon", "coordinates": [[[113.37282, 4.70632], [113.37435, 4.69204], [113.37378, 4.68524], [113.37087, 4.6793], [113.3682, 4.6768], [113.36231, 4.67386], [113.34034, 4.66796], [113.33486, 4.66823], [113.32972, 4.66973], [113.32508, 4.67252], [113.32288, 4.67496], [113.32147, 4.68108], [113.32322, 4.68587], [113.32692, 4.68951], [113.33818, 4.69626], [113.34334, 4.70487], [113.35186, 4.71267], [113.35839, 4.7254], [113.36188, 4.7285], [113.36443, 4.72859], [113.36886, 4.72653], [113.37058, 4.71888], [113.36998, 4.70668], [113.37111, 4.70276], [113.37282, 4.70632]]]}, "properties": {"feature_type": "field", "feature_class": "Gas/Oil Field (offshore, undifferentiated)", "inset": "borneo", "candidate_name": "Lang", "name_source": "vector text (unverified)", "label_gap_px": 0.0, "area_px": 78.9, "longitude": 113.35198, "latitude": 4.69254}}, {"type": "Feature", "geometry": {"type": "Polygon", "coordinates": [[[118.80344, 5.85808], [118.8007, 5.8548], [118.79557, 5.84358], [118.79079, 5.83981], [118.78296, 5.83978], [118.76943, 5.84568], [118.76182, 5.85216], [118.75905, 5.85603], [118.75588, 5.86487], [118.7563, 5.87488], [118.76078, 5.88574], [118.77141, 5.90222], [118.7791, 5.91046], [118.78334, 5.91325], [118.78793, 5.91492], [118.79293, 5.9153], [118.79842, 5.91424], [118.80447, 5.91155], [118.81184, 5.90665], [118.81808, 5.90581], [118.81982, 5.90653], [118.82254, 5.91158], [118.82643, 5.91461], [118.83028, 5.91649], [118.83333, 5.91643], [118.83576, 5.91429], [118.83776, 5.90988], [118.83925, 5.9036], [118.83985, 5.89501], [118.83873, 5.87979], [118.83446, 5.86685], [118.8322, 5.86404], [118.82702, 5.86133], [118.80902, 5.8608], [118.80344, 5.85808]]]}, "properties": {"feature_type": "field", "feature_class": "Gas/Oil Field (offshore, undifferentiated)", "inset": "borneo", "candidate_name": "Mutiara Hitam", "name_source": "vector text (unverified)", "label_gap_px": 20.5, "area_px": 167.4, "longitude": 118.79735, "latitude": 5.88042}}, {"type": "Feature", "geometry": {"type": "Polygon", "coordinates": [[[113.77484, 3.62096], [113.77236, 3.61883], [113.76976, 3.61814], [113.7681, 3.61828], [113.76626, 3.62015], [113.76605, 3.6252], [113.76827, 3.63624], [113.7709, 3.6373], [113.77821, 3.63698], [113.78716, 3.63907], [113.79099, 3.6382], [113.79347, 3.63991], [113.79489, 3.63932], [113.79488, 3.63526], [113.78853, 3.62054], [113.78428, 3.61864], [113.77761, 3.62104], [113.77484, 3.62096]]]}, "properties": {"feature_type": "field", "feature_class": "Gas/Oil Field (offshore, undifferentiated)", "inset": "borneo", "candidate_name": null, "name_source": "unlabeled", "label_gap_px": null, "area_px": 16.3, "longitude": 113.77985, "latitude": 3.62906}}, {"type": "Feature", "geometry": {"type": "Polygon", "coordinates": [[[113.39589, 4.6721], [113.38539, 4.66395], [113.38221, 4.65743], [113.38019, 4.65546], [113.37889, 4.65497], [113.37695, 4.65602], [113.37584, 4.65892], [113.37555, 4.6644], [113.37691, 4.67003], [113.37906, 4.67344], [113.38983, 4.68076], [113.39183, 4.68126], [113.39734, 4.67867], [113.39576, 4.67058], [113.39589, 4.6721]]]}, "properties": {"feature_type": "field", "feature_class": "Gas/Oil Field (offshore, undifferentiated)", "inset": "borneo", "candidate_name": "Lang", "name_source": "vector text (unverified)", "label_gap_px": 0.0, "area_px": 14.1, "longitude": 113.38518, "latitude": 4.66951}}, {"type": "Feature", "geometry": {"type": "Polygon", "coordinates": [[[113.18382, 4.56771], [113.17659, 4.5584], [113.17095, 4.55475], [113.16721, 4.55598], [113.16566, 4.55881], [113.1622, 4.56195], [113.16094, 4.56501], [113.16196, 4.56746], [113.16895, 4.57305], [113.17511, 4.58039], [113.18058, 4.58259], [113.18371, 4.58213], [113.18509, 4.58019], [113.18498, 4.57466], [113.18251, 4.56704], [113.18382, 4.56771]]]}, "properties": {"feature_type": "field", "feature_class": "Gas/Oil Field (offshore, undifferentiated)", "inset": "borneo", "candidate_name": "Cili Padi", "name_source": "vector text (unverified)", "label_gap_px": 20.9, "area_px": 17.1, "longitude": 113.17413, "latitude": 4.56854}}, {"type": "Feature", "geometry": {"type": "Polygon", "coordinates": [[[115.97974, 6.43122], [115.97587, 6.43195], [115.9732, 6.43428], [115.97073, 6.44239], [115.97088, 6.45298], [115.9743, 6.48262], [115.97395, 6.49187], [115.97486, 6.49345], [115.97703, 6.49453], [115.98373, 6.49453], [115.99676, 6.49633], [116.00125, 6.48385], [116.00428, 6.47875], [116.00584, 6.47761], [116.00738, 6.47789], [116.00883, 6.47994], [116.01293, 6.48016], [116.01927, 6.47897], [116.02186, 6.47509], [116.02208, 6.46973], [116.02101, 6.4674], [116.01675, 6.4648], [116.0045, 6.4631], [115.99921, 6.46132], [115.99471, 6.45627], [115.99354, 6.45229], [115.99632, 6.44683], [115.99935, 6.44592], [116.00446, 6.44645], [116.00702, 6.44414], [116.00713, 6.43902], [116.00487, 6.43453], [115.99986, 6.43194], [115.99027, 6.42945], [115.98789, 6.43044], [115.98193, 6.4358], [115.97974, 6.43122]]]}, "properties": {"feature_type": "field", "feature_class": "Gas/Oil Field (offshore, undifferentiated)", "inset": "borneo", "candidate_name": "Belud South", "name_source": "vector text (unverified)", "label_gap_px": 27.1, "area_px": 82.0, "longitude": 115.99045, "latitude": 6.46351}}, {"type": "Feature", "geometry": {"type": "Polygon", "coordinates": [[[116.05993, 6.6218], [116.05677, 6.6155], [116.05476, 6.61407], [116.05248, 6.61397], [116.04228, 6.61668], [116.03267, 6.6269], [116.03103, 6.6305], [116.0313, 6.6338], [116.03737, 6.64236], [116.04018, 6.64806], [116.04643, 6.64945], [116.05765, 6.64785], [116.06237, 6.64567], [116.06932, 6.64047], [116.06972, 6.63886], [116.06851, 6.63687], [116.06256, 6.63292], [116.06201, 6.62831], [116.05833, 6.61951], [116.05993, 6.6218]]]}, "properties": {"feature_type": "field", "feature_class": "Gas/Oil Field (offshore, undifferentiated)", "inset": "borneo", "candidate_name": "Belud South", "name_source": "vector text (unverified)", "label_gap_px": 5.5, "area_px": 32.5, "longitude": 116.04933, "latitude": 6.63286}}, {"type": "Feature", "geometry": {"type": "Polygon", "coordinates": [[[115.78859, 6.60212], [115.7835, 6.59931], [115.77919, 6.60007], [115.77761, 6.60635], [115.77881, 6.61344], [115.79019, 6.63108], [115.79741, 6.63864], [115.80192, 6.64891], [115.80733, 6.6537], [115.8121, 6.65582], [115.81348, 6.65496], [115.81446, 6.65193], [115.81294, 6.64576], [115.80885, 6.63812], [115.80202, 6.63017], [115.79691, 6.61613], [115.78859, 6.60212]]]}, "properties": {"feature_type": "field", "feature_class": "Gas/Oil Field (offshore, undifferentiated)", "inset": "borneo", "candidate_name": "Belud South", "name_source": "vector text (unverified)", "label_gap_px": 7.5, "area_px": 45.1, "longitude": 115.79489, "latitude": 6.6261}}, {"type": "Feature", "geometry": {"type": "Polygon", "coordinates": [[[112.5708, 4.16029], [112.56617, 4.16043], [112.56296, 4.15847], [112.55701, 4.14311], [112.54925, 4.13706], [112.54161, 4.12864], [112.53547, 4.12519], [112.53182, 4.11785], [112.52961, 4.11797], [112.52907, 4.12208], [112.53183, 4.14946], [112.53353, 4.15459], [112.53864, 4.16058], [112.54435, 4.16527], [112.55368, 4.16385], [112.56487, 4.16796], [112.56906, 4.16689], [112.57126, 4.16513], [112.57254, 4.1626], [112.5725, 4.15936], [112.56978, 4.15927], [112.5708, 4.16029]]]}, "properties": {"feature_type": "field", "feature_class": "Gas/Oil Field (offshore, undifferentiated)", "inset": "borneo", "candidate_name": "E8", "name_source": "vector text (unverified)", "label_gap_px": 3.9, "area_px": 47.9, "longitude": 112.54607, "latitude": 4.1478}}, {"type": "Feature", "geometry": {"type": "Polygon", "coordinates": [[[112.5637, 4.05488], [112.54591, 4.04786], [112.53288, 4.04662], [112.52645, 4.04707], [112.52288, 4.0504], [112.52129, 4.05842], [112.52258, 4.07796], [112.51709, 4.09603], [112.51537, 4.10772], [112.51583, 4.12719], [112.51712, 4.13266], [112.51894, 4.13552], [112.53068, 4.13417], [112.52658, 4.11806], [112.53308, 4.1182], [112.53859, 4.11964], [112.55272, 4.12803], [112.56056, 4.13097], [112.56817, 4.13143], [112.57213, 4.12976], [112.5747, 4.12644], [112.57933, 4.11544], [112.58718, 4.10639], [112.59635, 4.08885], [112.59827, 4.0808], [112.59847, 4.0689], [112.59824, 4.06305], [112.59677, 4.0596], [112.58969, 4.05701], [112.5637, 4.05488]]]}, "properties": {"feature_type": "field", "feature_class": "Gas/Oil Field (offshore, undifferentiated)", "inset": "borneo", "candidate_name": "E8", "name_source": "vector text (unverified)", "label_gap_px": 0.8, "area_px": 174.6, "longitude": 112.55433, "latitude": 4.08866}}, {"type": "Feature", "geometry": {"type": "Polygon", "coordinates": [[[112.42095, 4.18655], [112.40997, 4.21334], [112.39112, 4.24418], [112.39014, 4.24833], [112.39078, 4.25306], [112.39476, 4.25688], [112.40439, 4.25803], [112.40896, 4.257], [112.41258, 4.25457], [112.4397, 4.21624], [112.45902, 4.19145], [112.46369, 4.18207], [112.46522, 4.17687], [112.46825, 4.14832], [112.47813, 4.13177], [112.47771, 4.12492], [112.47332, 4.11952], [112.4692, 4.11676], [112.46288, 4.11436], [112.45762, 4.11443], [112.45228, 4.11642], [112.4462, 4.12091], [112.43727, 4.1336], [112.42629, 4.14288], [112.42266, 4.14854], [112.42084, 4.15473], [112.42257, 4.17555], [112.41932, 4.18909], [112.42095, 4.18655]]]}, "properties": {"feature_type": "field", "feature_class": "Gas/Oil Field (offshore, undifferentiated)", "inset": "borneo", "candidate_name": "E6", "name_source": "vector text (unverified)", "label_gap_px": 0.0, "area_px": 314.7, "longitude": 112.43704, "latitude": 4.18163}}, {"type": "Feature", "geometry": {"type": "Polygon", "coordinates": [[[112.74807, 4.1233], [112.74877, 4.11543], [112.7473, 4.10624], [112.74328, 4.1028], [112.73769, 4.10198], [112.73491, 4.10301], [112.73151, 4.10608], [112.72917, 4.11022], [112.72671, 4.11932], [112.71974, 4.12482], [112.71888, 4.12648], [112.72078, 4.1353], [112.71909, 4.14319], [112.72009, 4.14737], [112.72364, 4.15001], [112.73135, 4.15027], [112.73498, 4.15135], [112.74127, 4.16246], [112.74406, 4.16518], [112.74631, 4.16586], [112.74988, 4.16425], [112.7511, 4.16041], [112.74967, 4.15281], [112.74459, 4.13986], [112.74484, 4.13357], [112.74807, 4.1233]]]}, "properties": {"feature_type": "field", "feature_class": "Gas/Oil Field (offshore, undifferentiated)", "inset": "borneo", "candidate_name": "E11 Shallow Cluster", "name_source": "vector text (unverified)", "label_gap_px": 0.0, "area_px": 47.8, "longitude": 112.73611, "latitude": 4.13241}}, {"type": "Feature", "geometry": {"type": "Polygon", "coordinates": [[[114.70325, 4.66046], [114.6954, 4.65951], [114.68832, 4.65535], [114.68293, 4.65455], [114.66928, 4.65687], [114.66252, 4.66028], [114.65953, 4.6641], [114.65966, 4.66523], [114.66478, 4.6672], [114.67139, 4.66858], [114.6791, 4.67405], [114.69096, 4.67449], [114.70463, 4.67995], [114.70978, 4.68032], [114.71093, 4.67947], [114.7118, 4.6764], [114.71054, 4.67017], [114.70739, 4.66388], [114.70325, 4.66046]]]}, "properties": {"feature_type": "field", "feature_class": "Gas/Oil Field (offshore, undifferentiated)", "inset": "borneo", "candidate_name": null, "name_source": "unlabeled", "label_gap_px": null, "area_px": 34.7, "longitude": 114.68812, "latitude": 4.66645}}, {"type": "Feature", "geometry": {"type": "Polygon", "coordinates": [[[113.26554, 3.44757], [113.25834, 3.43605], [113.25538, 3.43401], [113.24175, 3.43151], [113.23644, 3.43244], [113.23312, 3.43625], [113.2291, 3.437], [113.22797, 3.43984], [113.22844, 3.44211], [113.23063, 3.4451], [113.24185, 3.45372], [113.25889, 3.46262], [113.2604, 3.46202], [113.26274, 3.45756], [113.26879, 3.45712], [113.27126, 3.45591], [113.27397, 3.45064], [113.27233, 3.44847], [113.2673, 3.44866], [113.26554, 3.44757]]]}, "properties": {"feature_type": "field", "feature_class": "Gas/Oil Field (offshore, undifferentiated)", "inset": "borneo", "candidate_name": "Sompotan", "name_source": "vector text (unverified)", "label_gap_px": 1.6, "area_px": 35.3, "longitude": 113.2502, "latitude": 3.44598}}, {"type": "Feature", "geometry": {"type": "Polygon", "coordinates": [[[113.22119, 3.40923], [113.21735, 3.3986], [113.2157, 3.3964], [113.21078, 3.39453], [113.20715, 3.39473], [113.20256, 3.40316], [113.20315, 3.41218], [113.20498, 3.41345], [113.21155, 3.41494], [113.21719, 3.41177], [113.22076, 3.41118], [113.22119, 3.40923]]]}, "properties": {"feature_type": "field", "feature_class": "Gas/Oil Field (offshore, undifferentiated)", "inset": "borneo", "candidate_name": "Sompotan", "name_source": "vector text (unverified)", "label_gap_px": 4.7, "area_px": 10.0, "longitude": 113.21116, "latitude": 3.40512}}, {"type": "Feature", "geometry": {"type": "Polygon", "coordinates": [[[113.1733, 3.36438], [113.1729, 3.35981], [113.17164, 3.35812], [113.16723, 3.35767], [113.1634, 3.35549], [113.15764, 3.35528], [113.15796, 3.3583], [113.16047, 3.36184], [113.16296, 3.36823], [113.16828, 3.36962], [113.17071, 3.36936], [113.1733, 3.36438]]]}, "properties": {"feature_type": "field", "feature_class": "Gas/Oil Field (offshore, undifferentiated)", "inset": "borneo", "candidate_name": "Sompotan", "name_source": "vector text (unverified)", "label_gap_px": 11.0, "area_px": 5.1, "longitude": 113.16602, "latitude": 3.3622}}, {"type": "Feature", "geometry": {"type": "Polygon", "coordinates": [[[113.14049, 3.86083], [113.13428, 3.86424], [113.13247, 3.8674], [113.13227, 3.8698], [113.13351, 3.87305], [113.13951, 3.88045], [113.14274, 3.88128], [113.14594, 3.87968], [113.14877, 3.87669], [113.15162, 3.87196], [113.1523, 3.86777], [113.15084, 3.86446], [113.14792, 3.86213], [113.14049, 3.86083]]]}, "properties": {"feature_type": "field", "feature_class": "Gas/Oil Field (offshore, undifferentiated)", "inset": "borneo", "candidate_name": "Tiram", "name_source": "vector text (unverified)", "label_gap_px": 7.4, "area_px": 13.3, "longitude": 113.14238, "latitude": 3.87036}}, {"type": "Feature", "geometry": {"type": "Polygon", "coordinates": [[[113.14049, 3.86083], [113.13428, 3.86424], [113.13247, 3.8674], [113.13227, 3.8698], [113.13351, 3.87305], [113.13951, 3.88045], [113.14274, 3.88128], [113.14594, 3.87968], [113.14877, 3.87669], [113.15162, 3.87196], [113.1523, 3.86777], [113.15084, 3.86446], [113.14792, 3.86213], [113.14049, 3.86083]]]}, "properties": {"feature_type": "field", "feature_class": "Gas/Oil Field (offshore, undifferentiated)", "inset": "borneo", "candidate_name": "Tiram", "name_source": "vector text (unverified)", "label_gap_px": 7.4, "area_px": 13.3, "longitude": 113.14238, "latitude": 3.87036}}, {"type": "Feature", "geometry": {"type": "Polygon", "coordinates": [[[113.14049, 3.86083], [113.13428, 3.86424], [113.13247, 3.8674], [113.13227, 3.8698], [113.13351, 3.87305], [113.13951, 3.88045], [113.14274, 3.88128], [113.14594, 3.87968], [113.14877, 3.87669], [113.15162, 3.87196], [113.1523, 3.86777], [113.15084, 3.86446], [113.14792, 3.86213], [113.14049, 3.86083]]]}, "properties": {"feature_type": "field", "feature_class": "Gas/Oil Field (offshore, undifferentiated)", "inset": "borneo", "candidate_name": "Tiram", "name_source": "vector text (unverified)", "label_gap_px": 7.4, "area_px": 13.3, "longitude": 113.14238, "latitude": 3.87036}}, {"type": "Feature", "geometry": {"type": "Polygon", "coordinates": [[[113.14049, 3.86083], [113.13428, 3.86424], [113.13247, 3.8674], [113.13227, 3.8698], [113.13351, 3.87305], [113.13951, 3.88045], [113.14274, 3.88128], [113.14594, 3.87968], [113.14877, 3.87669], [113.15162, 3.87196], [113.1523, 3.86777], [113.15084, 3.86446], [113.14792, 3.86213], [113.14049, 3.86083]]]}, "properties": {"feature_type": "field", "feature_class": "Gas/Oil Field (offshore, undifferentiated)", "inset": "borneo", "candidate_name": "Tiram", "name_source": "vector text (unverified)", "label_gap_px": 7.4, "area_px": 13.3, "longitude": 113.14238, "latitude": 3.87036}}, {"type": "Feature", "geometry": {"type": "Polygon", "coordinates": [[[113.14049, 3.86083], [113.13428, 3.86424], [113.13247, 3.8674], [113.13227, 3.8698], [113.13351, 3.87305], [113.13951, 3.88045], [113.14274, 3.88128], [113.14594, 3.87968], [113.14877, 3.87669], [113.15162, 3.87196], [113.1523, 3.86777], [113.15084, 3.86446], [113.14792, 3.86213], [113.14049, 3.86083]]]}, "properties": {"feature_type": "field", "feature_class": "Gas/Oil Field (offshore, undifferentiated)", "inset": "borneo", "candidate_name": "Tiram", "name_source": "vector text (unverified)", "label_gap_px": 7.4, "area_px": 13.3, "longitude": 113.14238, "latitude": 3.87036}}, {"type": "Feature", "geometry": {"type": "Polygon", "coordinates": [[[113.14049, 3.86083], [113.13428, 3.86424], [113.13247, 3.8674], [113.13227, 3.8698], [113.13351, 3.87305], [113.13951, 3.88045], [113.14274, 3.88128], [113.14594, 3.87968], [113.14877, 3.87669], [113.15162, 3.87196], [113.1523, 3.86777], [113.15084, 3.86446], [113.14792, 3.86213], [113.14049, 3.86083]]]}, "properties": {"feature_type": "field", "feature_class": "Gas/Oil Field (offshore, undifferentiated)", "inset": "borneo", "candidate_name": "Tiram", "name_source": "vector text (unverified)", "label_gap_px": 7.4, "area_px": 13.3, "longitude": 113.14238, "latitude": 3.87036}}, {"type": "Feature", "geometry": {"type": "Polygon", "coordinates": [[[113.14049, 3.86083], [113.13428, 3.86424], [113.13247, 3.8674], [113.13227, 3.8698], [113.13351, 3.87305], [113.13951, 3.88045], [113.14274, 3.88128], [113.14594, 3.87968], [113.14877, 3.87669], [113.15162, 3.87196], [113.1523, 3.86777], [113.15084, 3.86446], [113.14792, 3.86213], [113.14049, 3.86083]]]}, "properties": {"feature_type": "field", "feature_class": "Gas/Oil Field (offshore, undifferentiated)", "inset": "borneo", "candidate_name": "Tiram", "name_source": "vector text (unverified)", "label_gap_px": 7.4, "area_px": 13.3, "longitude": 113.14238, "latitude": 3.87036}}, {"type": "Feature", "geometry": {"type": "Polygon", "coordinates": [[[113.14049, 3.86083], [113.13428, 3.86424], [113.13247, 3.8674], [113.13227, 3.8698], [113.13351, 3.87305], [113.13951, 3.88045], [113.14274, 3.88128], [113.14594, 3.87968], [113.14877, 3.87669], [113.15162, 3.87196], [113.1523, 3.86777], [113.15084, 3.86446], [113.14792, 3.86213], [113.14049, 3.86083]]]}, "properties": {"feature_type": "field", "feature_class": "Gas/Oil Field (offshore, undifferentiated)", "inset": "borneo", "candidate_name": "Tiram", "name_source": "vector text (unverified)", "label_gap_px": 7.4, "area_px": 13.3, "longitude": 113.14238, "latitude": 3.87036}}, {"type": "Feature", "geometry": {"type": "Polygon", "coordinates": [[[113.14049, 3.86083], [113.13428, 3.86424], [113.13247, 3.8674], [113.13227, 3.8698], [113.13351, 3.87305], [113.13951, 3.88045], [113.14274, 3.88128], [113.14594, 3.87968], [113.14877, 3.87669], [113.15162, 3.87196], [113.1523, 3.86777], [113.15084, 3.86446], [113.14792, 3.86213], [113.14049, 3.86083]]]}, "properties": {"feature_type": "field", "feature_class": "Gas/Oil Field (offshore, undifferentiated)", "inset": "borneo", "candidate_name": "Tiram", "name_source": "vector text (unverified)", "label_gap_px": 7.4, "area_px": 13.3, "longitude": 113.14238, "latitude": 3.87036}}, {"type": "Feature", "geometry": {"type": "Polygon", "coordinates": [[[113.1193, 3.89494], [113.11442, 3.88618], [113.1082, 3.88045], [113.10607, 3.88016], [113.10444, 3.88135], [113.10475, 3.88541], [113.11222, 3.89428], [113.11259, 3.90262], [113.11504, 3.90489], [113.11725, 3.90541], [113.11997, 3.90331], [113.12063, 3.89961], [113.1193, 3.89494]]]}, "properties": {"feature_type": "field", "feature_class": "Gas/Oil Field (offshore, undifferentiated)", "inset": "borneo", "candidate_name": "Tiram", "name_source": "vector text (unverified)", "label_gap_px": 6.0, "area_px": 9.3, "longitude": 113.11326, "latitude": 3.89272}}, {"type": "Feature", "geometry": {"type": "Polygon", "coordinates": [[[113.13269, 3.80785], [113.12134, 3.82201], [113.12173, 3.82575], [113.12657, 3.82893], [113.13494, 3.82974], [113.14289, 3.82691], [113.14964, 3.82123], [113.15394, 3.81367], [113.15419, 3.81074], [113.15289, 3.80809], [113.14789, 3.80527], [113.1408, 3.80478], [113.13269, 3.80785]]]}, "properties": {"feature_type": "field", "feature_class": "Gas/Oil Field (offshore, undifferentiated)", "inset": "borneo", "candidate_name": "Tiram", "name_source": "vector text (unverified)", "label_gap_px": 5.5, "area_px": 23.0, "longitude": 113.13816, "latitude": 3.81738}}, {"type": "Feature", "geometry": {"type": "Polygon", "coordinates": [[[113.08016, 3.81948], [113.07076, 3.83203], [113.07006, 3.83442], [113.07501, 3.84533], [113.07739, 3.84825], [113.08224, 3.84906], [113.10473, 3.84843], [113.10875, 3.84641], [113.11172, 3.83826], [113.11262, 3.83034], [113.10907, 3.81572], [113.10774, 3.81381], [113.10566, 3.81391], [113.09904, 3.81745], [113.0868, 3.81765], [113.08016, 3.81948]]]}, "properties": {"feature_type": "field", "feature_class": "Gas/Oil Field (offshore, undifferentiated)", "inset": "borneo", "candidate_name": "Tiram", "name_source": "vector text (unverified)", "label_gap_px": 0.0, "area_px": 36.4, "longitude": 113.09284, "latitude": 3.83304}}, {"type": "Feature", "geometry": {"type": "Polygon", "coordinates": [[[115.63059, 6.21501], [115.64769, 6.225], [115.65569, 6.23497], [115.66374, 6.23775], [115.67297, 6.24233], [115.67572, 6.24227], [115.67757, 6.24112], [115.68185, 6.23511], [115.68811, 6.23039], [115.68948, 6.22683], [115.68762, 6.22107], [115.68219, 6.21562], [115.67524, 6.21143], [115.66196, 6.20749], [115.6482, 6.19602], [115.64116, 6.19394], [115.63003, 6.19324], [115.62434, 6.19357], [115.62113, 6.195], [115.6195, 6.19975], [115.62058, 6.20341], [115.62389, 6.20864], [115.63059, 6.21501]]]}, "properties": {"feature_type": "field", "feature_class": "Gas/Oil Field (offshore, undifferentiated)", "inset": "borneo", "candidate_name": "Erb West", "name_source": "vector text (unverified)", "label_gap_px": 6.9, "area_px": 76.9, "longitude": 115.65542, "latitude": 6.21635}}, {"type": "Feature", "geometry": {"type": "Polygon", "coordinates": [[[115.63859, 6.29185], [115.6294, 6.29857], [115.62882, 6.30373], [115.63084, 6.30855], [115.63948, 6.32229], [115.64413, 6.34641], [115.64907, 6.36382], [115.65319, 6.36965], [115.65771, 6.37115], [115.65956, 6.37074], [115.66082, 6.36959], [115.66196, 6.3657], [115.66197, 6.3527], [115.66624, 6.33935], [115.66476, 6.32072], [115.66302, 6.31186], [115.65692, 6.29301], [115.65382, 6.2888], [115.65044, 6.28732], [115.64685, 6.28755], [115.63859, 6.29185]]]}, "properties": {"feature_type": "field", "feature_class": "Gas/Oil Field (offshore, undifferentiated)", "inset": "borneo", "candidate_name": "Erb West", "name_source": "vector text (unverified)", "label_gap_px": 0.0, "area_px": 72.3, "longitude": 115.65059, "latitude": 6.32453}}, {"type": "Feature", "geometry": {"type": "Polygon", "coordinates": [[[115.95995, 5.8795], [115.95871, 5.88246], [115.95881, 5.8857], [115.96002, 5.88904], [115.96486, 5.89533], [115.97143, 5.8999], [115.97479, 5.90109], [115.98055, 5.9004], [115.98243, 5.898], [115.98276, 5.89473], [115.98178, 5.89092], [115.97693, 5.88316], [115.96995, 5.87757], [115.96629, 5.87648], [115.96288, 5.87701], [115.95995, 5.8795]]]}, "properties": {"feature_type": "field", "feature_class": "Gas/Oil Field (offshore, undifferentiated)", "inset": "borneo", "candidate_name": "Deluar", "name_source": "vector text (unverified)", "label_gap_px": 34.4, "area_px": 29.2, "longitude": 115.97064, "latitude": 5.88896}}, {"type": "Feature", "geometry": {"type": "Polygon", "coordinates": [[[115.55218, 5.2688], [115.55193, 5.27148], [115.55416, 5.27464], [115.55862, 5.27515], [115.56354, 5.27337], [115.5672, 5.26965], [115.56801, 5.26718], [115.56728, 5.26139], [115.56382, 5.25971], [115.55916, 5.26109], [115.55478, 5.26447], [115.55218, 5.2688]]]}, "properties": {"feature_type": "field", "feature_class": "Gas/Oil Field (offshore, undifferentiated)", "inset": "borneo", "candidate_name": "LABUAN", "name_source": "vector text (unverified)", "label_gap_px": 19.6, "area_px": 12.5, "longitude": 115.56026, "latitude": 5.26773}}, {"type": "Feature", "geometry": {"type": "Polygon", "coordinates": [[[115.40523, 5.38076], [115.38681, 5.34323], [115.38416, 5.33962], [115.37811, 5.33738], [115.37308, 5.33792], [115.37023, 5.33927], [115.36836, 5.34136], [115.36674, 5.3481], [115.36741, 5.35673], [115.36974, 5.36546], [115.3731, 5.37247], [115.37919, 5.38052], [115.38468, 5.39132], [115.38765, 5.39501], [115.39161, 5.39758], [115.39508, 5.39693], [115.40166, 5.39258], [115.40596, 5.38727], [115.40523, 5.38076]]]}, "properties": {"feature_type": "field", "feature_class": "Gas/Oil Field (offshore, undifferentiated)", "inset": "borneo", "candidate_name": "Labuan W.P.", "name_source": "vector text (unverified)", "label_gap_px": 7.2, "area_px": 54.1, "longitude": 115.38537, "latitude": 5.36721}}, {"type": "Feature", "geometry": {"type": "Polygon", "coordinates": [[[113.07662, 4.55991], [113.07004, 4.56059], [113.06779, 4.56451], [113.07133, 4.56668], [113.07262, 4.57478], [113.07479, 4.57854], [113.07805, 4.58017], [113.08454, 4.58004], [113.08437, 4.573], [113.0826, 4.56453], [113.08019, 4.56044], [113.07854, 4.55939], [113.07656, 4.55923], [113.07662, 4.55991]]]}, "properties": {"feature_type": "field", "feature_class": "Gas/Oil Field (offshore, undifferentiated)", "inset": "borneo", "candidate_name": "Selasih F22", "name_source": "vector text (unverified)", "label_gap_px": 9.2, "area_px": 8.2, "longitude": 113.07742, "latitude": 4.56962}}, {"type": "Feature", "geometry": {"type": "Polygon", "coordinates": [[[113.03938, 4.62414], [113.03806, 4.62192], [113.03449, 4.62074], [113.03122, 4.62118], [113.02648, 4.624], [113.01688, 4.62404], [113.01456, 4.62605], [113.01429, 4.63156], [113.01599, 4.63465], [113.02102, 4.63978], [113.0317, 4.64243], [113.03404, 4.64106], [113.03596, 4.63707], [113.03976, 4.63339], [113.04081, 4.62618], [113.04055, 4.62449], [113.03938, 4.62414]], [[113.03904, 4.624], [113.03904, 4.624], [113.03903, 4.62399], [113.03904, 4.624]]]}, "properties": {"feature_type": "field", "feature_class": "Gas/Oil Field (offshore, undifferentiated)", "inset": "borneo", "candidate_name": "Teja", "name_source": "vector text (unverified)", "label_gap_px": 0.0, "area_px": 14.1, "longitude": 113.02798, "latitude": 4.63111}}, {"type": "Feature", "geometry": {"type": "Polygon", "coordinates": [[[113.07058, 4.67611], [113.06973, 4.67192], [113.06369, 4.65717], [113.06131, 4.65594], [113.05628, 4.6558], [113.0509, 4.6572], [113.04678, 4.66102], [113.03906, 4.67181], [113.03754, 4.67869], [113.03973, 4.68788], [113.04257, 4.69166], [113.04539, 4.69239], [113.05517, 4.69111], [113.06346, 4.69321], [113.06575, 4.69227], [113.0681, 4.68862], [113.07109, 4.67807], [113.07096, 4.67509], [113.07058, 4.67611]]]}, "properties": {"feature_type": "field", "feature_class": "Gas/Oil Field (offshore, undifferentiated)", "inset": "borneo", "candidate_name": "Cili Padi", "name_source": "vector text (unverified)", "label_gap_px": 0.0, "area_px": 30.1, "longitude": 113.05473, "latitude": 4.67571}}, {"type": "Feature", "geometry": {"type": "Polygon", "coordinates": [[[113.7713, 4.84818], [113.76523, 4.84424], [113.75654, 4.84093], [113.75093, 4.84054], [113.74772, 4.84261], [113.74817, 4.84549], [113.75327, 4.84934], [113.75554, 4.85686], [113.75953, 4.85919], [113.76594, 4.85923], [113.76984, 4.85734], [113.77135, 4.85364], [113.7713, 4.84818]]]}, "properties": {"feature_type": "field", "feature_class": "Gas/Oil Field (offshore, undifferentiated)", "inset": "borneo", "candidate_name": "Layang", "name_source": "vector text (unverified)", "label_gap_px": 7.0, "area_px": 10.2, "longitude": 113.76053, "latitude": 4.84986}}, {"type": "Feature", "geometry": {"type": "Polygon", "coordinates": [[[112.69091, 2.93782], [112.68854, 2.93048], [112.68514, 2.92437], [112.68137, 2.92079], [112.67828, 2.92048], [112.66867, 2.92632], [112.66153, 2.92924], [112.65635, 2.94172], [112.65576, 2.94704], [112.65805, 2.95067], [112.66441, 2.9547], [112.67405, 2.95899], [112.67926, 2.9591], [112.68542, 2.95566], [112.69214, 2.94738], [112.6941, 2.94014], [112.69371, 2.93788], [112.69212, 2.93846], [112.69091, 2.93782]]]}, "properties": {"feature_type": "field", "feature_class": "Gas/Oil Field (offshore, undifferentiated)", "inset": "borneo", "candidate_name": "Tanjung Kidurong CCGT", "name_source": "vector text (unverified)", "label_gap_px": 13.3, "area_px": 37.3, "longitude": 112.67501, "latitude": 2.94089}}, {"type": "Feature", "geometry": {"type": "Polygon", "coordinates": [[[112.98899, 4.6578], [112.98795, 4.64596], [112.9817, 4.6422], [112.97733, 4.6376], [112.97429, 4.63615], [112.96858, 4.63541], [112.96041, 4.63203], [112.95812, 4.63245], [112.95623, 4.63413], [112.95456, 4.6414], [112.9556, 4.64572], [112.95731, 4.64797], [112.96768, 4.65473], [112.97525, 4.66235], [112.98895, 4.67029], [112.99445, 4.67216], [112.99836, 4.67135], [112.99931, 4.66881], [112.99831, 4.66536], [112.99017, 4.66164], [112.98835, 4.65903], [112.98807, 4.65687], [112.98899, 4.6578]]]}, "properties": {"feature_type": "field", "feature_class": "Gas/Oil Field (offshore, undifferentiated)", "inset": "borneo", "candidate_name": "Teja", "name_source": "vector text (unverified)", "label_gap_px": 0.0, "area_px": 41.9, "longitude": 112.97545, "latitude": 4.65072}}, {"type": "Feature", "geometry": {"type": "Polygon", "coordinates": [[[113.01114, 4.72666], [113.0283, 4.73845], [113.03137, 4.7426], [113.03916, 4.74341], [113.04332, 4.74106], [113.04449, 4.7354], [113.04081, 4.72582], [113.02942, 4.71528], [113.02377, 4.70565], [113.02118, 4.70411], [113.01661, 4.70463], [113.01082, 4.70809], [113.00766, 4.71167], [113.00594, 4.71588], [113.0064, 4.72039], [113.01114, 4.72666]]]}, "properties": {"feature_type": "field", "feature_class": "Gas/Oil Field (offshore, undifferentiated)", "inset": "borneo", "candidate_name": "F2 Attic", "name_source": "vector text (unverified)", "label_gap_px": 0.0, "area_px": 34.7, "longitude": 113.02504, "latitude": 4.72396}}, {"type": "Feature", "geometry": {"type": "Polygon", "coordinates": [[[112.4403, 4.61271], [112.45093, 4.61279], [112.46174, 4.61514], [112.46733, 4.61799], [112.47436, 4.62452], [112.48285, 4.62773], [112.49173, 4.62906], [112.50754, 4.62933], [112.51304, 4.63111], [112.51765, 4.63552], [112.52297, 4.6465], [112.52717, 4.65272], [112.53089, 4.65618], [112.53721, 4.65972], [112.54298, 4.66113], [112.54914, 4.66113], [112.55258, 4.65994], [112.55539, 4.65672], [112.55663, 4.64765], [112.55347, 4.63406], [112.54618, 4.62041], [112.53795, 4.61062], [112.53043, 4.60472], [112.52499, 4.60214], [112.50221, 4.59863], [112.49743, 4.59688], [112.4823, 4.58355], [112.47446, 4.57952], [112.46645, 4.57801], [112.44349, 4.57713], [112.43182, 4.5783], [112.42431, 4.58188], [112.41032, 4.59119], [112.39669, 4.59707], [112.39415, 4.59919], [112.39205, 4.60349], [112.39217, 4.60923], [112.39489, 4.61433], [112.39939, 4.61836], [112.40771, 4.62141], [112.41348, 4.62058], [112.43088, 4.61441], [112.4403, 4.61271]]]}, "properties": {"feature_type": "field", "feature_class": "Gas/Oil Field (offshore, undifferentiated)", "inset": "borneo", "candidate_name": "F6", "name_source": "vector text (unverified)", "label_gap_px": 0.0, "area_px": 312.2, "longitude": 112.47936, "latitude": 4.61154}}, {"type": "Feature", "geometry": {"type": "Polygon", "coordinates": [[[112.84123, 4.86868], [112.83723, 4.86351], [112.83183, 4.85981], [112.80532, 4.85083], [112.7924, 4.85222], [112.78208, 4.84707], [112.77241, 4.84657], [112.76115, 4.84265], [112.75641, 4.84431], [112.7541, 4.84759], [112.75308, 4.85106], [112.75322, 4.85889], [112.75609, 4.87041], [112.75843, 4.87484], [112.76251, 4.87856], [112.7661, 4.88802], [112.77038, 4.89222], [112.77678, 4.89547], [112.78305, 4.90572], [112.78814, 4.90818], [112.80612, 4.90918], [112.81545, 4.90044], [112.82981, 4.89428], [112.83683, 4.88873], [112.84145, 4.88238], [112.8429, 4.87261], [112.84254, 4.86814], [112.84123, 4.86868]]]}, "properties": {"feature_type": "field", "feature_class": "Gas/Oil Field (offshore, undifferentiated)", "inset": "borneo", "candidate_name": "Bijan", "name_source": "vector text (unverified)", "label_gap_px": 8.2, "area_px": 136.1, "longitude": 112.79637, "latitude": 4.8751}}, {"type": "Feature", "geometry": {"type": "Polygon", "coordinates": [[[112.69918, 4.99163], [112.69666, 4.98901], [112.69266, 4.97962], [112.69007, 4.97742], [112.67559, 4.97427], [112.66875, 4.97654], [112.66652, 4.97891], [112.66515, 4.98366], [112.66752, 4.99476], [112.6651, 5.00729], [112.66548, 5.0115], [112.66705, 5.01449], [112.6805, 5.02299], [112.68417, 5.02409], [112.68794, 5.02282], [112.69084, 5.01841], [112.69288, 5.01708], [112.70246, 5.01587], [112.70519, 5.01471], [112.70715, 5.01182], [112.70684, 5.00694], [112.70432, 5.00105], [112.69787, 4.99447], [112.69676, 4.98985], [112.69918, 4.99163]]]}, "properties": {"feature_type": "field", "feature_class": "Gas/Oil Field (offshore, undifferentiated)", "inset": "borneo", "candidate_name": "Bijan", "name_source": "vector text (unverified)", "label_gap_px": 0.0, "area_px": 48.0, "longitude": 112.68348, "latitude": 4.99943}}, {"type": "Feature", "geometry": {"type": "Polygon", "coordinates": [[[102.07398, 5.83838], [102.06826, 5.84631], [102.06045, 5.86444], [102.05242, 5.87618], [102.05081, 5.88166], [102.05048, 5.8928], [102.04404, 5.90168], [102.04229, 5.92296], [102.04309, 5.92659], [102.04668, 5.9295], [102.05238, 5.93015], [102.05826, 5.92946], [102.07533, 5.92044], [102.08404, 5.91167], [102.08849, 5.90161], [102.09076, 5.89119], [102.09122, 5.88407], [102.09089, 5.87349], [102.08856, 5.86071], [102.08858, 5.84852], [102.08598, 5.84445], [102.07874, 5.84126], [102.07719, 5.83731], [102.07474, 5.83498], [102.07154, 5.83604], [102.07051, 5.84189], [102.07398, 5.83838]]]}, "properties": {"feature_type": "field", "feature_class": "Gas/Oil Field (offshore, undifferentiated)", "inset": "peninsular", "candidate_name": null, "name_source": "unlabeled", "label_gap_px": null, "area_px": 85.8, "longitude": 102.06888, "latitude": 5.88806}}, {"type": "Feature", "geometry": {"type": "Polygon", "coordinates": [[[101.95472, 5.94072], [101.95239, 5.93914], [101.95138, 5.94445], [101.94887, 5.94923], [101.94115, 5.95712], [101.93551, 5.96092], [101.92207, 5.96476], [101.91075, 5.97888], [101.89836, 5.98587], [101.89217, 5.99747], [101.88035, 6.01066], [101.87777, 6.01679], [101.87679, 6.02241], [101.87716, 6.02788], [101.87898, 6.03304], [101.88469, 6.0399], [101.89259, 6.04415], [101.90725, 6.048], [101.91537, 6.05145], [101.92185, 6.05672], [101.93641, 6.07398], [101.94097, 6.0765], [101.94571, 6.07752], [101.95046, 6.0772], [101.95504, 6.07568], [101.96302, 6.06966], [101.96607, 6.06544], [101.96939, 6.05538], [101.96914, 6.04046], [101.97221, 6.0247], [101.97184, 6.01729], [101.97048, 6.01209], [101.96209, 5.99283], [101.96269, 5.97513], [101.96206, 5.96797], [101.95472, 5.94072]]]}, "properties": {"feature_type": "field", "feature_class": "Gas/Oil Field (offshore, undifferentiated)", "inset": "peninsular", "candidate_name": "\u0087 THB Power (Planning)", "name_source": "vector text (unverified)", "label_gap_px": 36.5, "area_px": 254.6, "longitude": 101.93177, "latitude": 6.01565}}, {"type": "Feature", "geometry": {"type": "Polygon", "coordinates": [[[103.13177, 5.15315], [103.12477, 5.15189], [103.11762, 5.15373], [103.11001, 5.15928], [103.10747, 5.16322], [103.10617, 5.16768], [103.10479, 5.17724], [103.10074, 5.19337], [103.10021, 5.21993], [103.10118, 5.2253], [103.10654, 5.23888], [103.10814, 5.24126], [103.11141, 5.24287], [103.12277, 5.24416], [103.13301, 5.24415], [103.1633, 5.23997], [103.17311, 5.23515], [103.18252, 5.22834], [103.19097, 5.22034], [103.19765, 5.21137], [103.19993, 5.20553], [103.20132, 5.19387], [103.20643, 5.18515], [103.21186, 5.17933], [103.22703, 5.16761], [103.23345, 5.15943], [103.23931, 5.14823], [103.23995, 5.13792], [103.23717, 5.13007], [103.23273, 5.12305], [103.23029, 5.12095], [103.21493, 5.11483], [103.20164, 5.11503], [103.19156, 5.11698], [103.18732, 5.11911], [103.1763, 5.13264], [103.17161, 5.14142], [103.16206, 5.14768], [103.15164, 5.15279], [103.13177, 5.15315]]]}, "properties": {"feature_type": "field", "feature_class": "Gas/Oil Field (offshore, undifferentiated)", "inset": "peninsular", "candidate_name": "Kerteh 3 CG", "name_source": "vector text (unverified)", "label_gap_px": 44.4, "area_px": 326.6, "longitude": 103.16512, "latitude": 5.18177}}, {"type": "Feature", "geometry": {"type": "Polygon", "coordinates": [[[102.96464, 4.51022], [102.96314, 4.50858], [102.96061, 4.499], [102.95304, 4.48427], [102.95157, 4.47463], [102.94767, 4.4751], [102.93813, 4.48305], [102.93574, 4.48698], [102.93439, 4.49922], [102.93153, 4.51206], [102.93025, 4.52631], [102.9241, 4.54219], [102.92499, 4.57615], [102.91752, 4.59244], [102.9153, 4.60104], [102.91392, 4.61257], [102.91415, 4.62891], [102.91534, 4.63303], [102.91778, 4.63544], [102.92191, 4.63522], [102.92475, 4.63384], [102.93001, 4.62913], [102.93513, 4.62047], [102.94138, 4.60139], [102.95079, 4.59112], [102.9547, 4.5777], [102.97001, 4.56642], [102.97513, 4.56043], [102.97481, 4.53813], [102.97144, 4.52777], [102.97048, 4.51684], [102.96955, 4.51457], [102.96696, 4.51273], [102.96569, 4.50919], [102.96424, 4.50856], [102.96464, 4.51022]]]}, "properties": {"feature_type": "field", "feature_class": "Gas/Oil Field (offshore, undifferentiated)", "inset": "peninsular", "candidate_name": "Kerteh CG", "name_source": "vector text (unverified)", "label_gap_px": 5.9, "area_px": 187.5, "longitude": 102.94353, "latitude": 4.55338}}, {"type": "Feature", "geometry": {"type": "Polygon", "coordinates": [[[102.96987, 4.8282], [102.95754, 4.81311], [102.95503, 4.8135], [102.95376, 4.81485], [102.95245, 4.81928], [102.95128, 4.83372], [102.93841, 4.84771], [102.93573, 4.85222], [102.93493, 4.85708], [102.93552, 4.85892], [102.93824, 4.86147], [102.94224, 4.86283], [102.95045, 4.86353], [102.9582, 4.86193], [102.96403, 4.85745], [102.97027, 4.84879], [102.97279, 4.84235], [102.97223, 4.83306], [102.96987, 4.8282]]]}, "properties": {"feature_type": "field", "feature_class": "Gas/Oil Field (offshore, undifferentiated)", "inset": "peninsular", "candidate_name": "Kerteh 3 CG", "name_source": "vector text (unverified)", "label_gap_px": 4.7, "area_px": 35.8, "longitude": 102.95576, "latitude": 4.84269}}, {"type": "Feature", "geometry": {"type": "Polygon", "coordinates": [[[103.22118, 4.59947], [103.21654, 4.59676], [103.21308, 4.59681], [103.21126, 4.60028], [103.2096, 4.60681], [103.20997, 4.60868], [103.21631, 4.61085], [103.21955, 4.61007], [103.22153, 4.60609], [103.22386, 4.60567], [103.22364, 4.60352], [103.22118, 4.59947]]]}, "properties": {"feature_type": "field", "feature_class": "Gas/Oil Field (offshore, undifferentiated)", "inset": "peninsular", "candidate_name": "Kerteh CG", "name_source": "vector text (unverified)", "label_gap_px": 0.0, "area_px": 4.6, "longitude": 103.21628, "latitude": 4.6039}}, {"type": "Feature", "geometry": {"type": "Polygon", "coordinates": [[[103.24435, 4.5443], [103.23769, 4.55519], [103.22959, 4.56011], [103.22803, 4.56692], [103.22934, 4.56968], [103.24425, 4.58618], [103.24838, 4.59399], [103.25135, 4.59605], [103.25369, 4.59509], [103.25695, 4.59097], [103.26444, 4.57489], [103.26884, 4.56891], [103.27157, 4.56144], [103.27635, 4.55546], [103.26936, 4.54383], [103.26479, 4.54254], [103.25262, 4.53463], [103.25005, 4.5342], [103.24734, 4.53589], [103.24435, 4.5443]]]}, "properties": {"feature_type": "field", "feature_class": "Gas/Oil Field (offshore, undifferentiated)", "inset": "peninsular", "candidate_name": "Kerteh CG", "name_source": "vector text (unverified)", "label_gap_px": 0.0, "area_px": 57.0, "longitude": 103.25229, "latitude": 4.56335}}, {"type": "Feature", "geometry": {"type": "Polygon", "coordinates": [[[103.36681, 4.70606], [103.36637, 4.69718], [103.36998, 4.68609], [103.36717, 4.67945], [103.35795, 4.67067], [103.34525, 4.66314], [103.34009, 4.66195], [103.33668, 4.66363], [103.33275, 4.66883], [103.33038, 4.67489], [103.32852, 4.68644], [103.32887, 4.69641], [103.33404, 4.70698], [103.33774, 4.71737], [103.34041, 4.72167], [103.34567, 4.72646], [103.35172, 4.72694], [103.35407, 4.72809], [103.3539, 4.73235], [103.34857, 4.74074], [103.34783, 4.74404], [103.35002, 4.74862], [103.35498, 4.75104], [103.36058, 4.75178], [103.36529, 4.75054], [103.37151, 4.74602], [103.37385, 4.7417], [103.37393, 4.73598], [103.3726, 4.73036], [103.36535, 4.71737], [103.36516, 4.71344], [103.36681, 4.70606]]]}, "properties": {"feature_type": "field", "feature_class": "Gas/Oil Field (offshore, undifferentiated)", "inset": "peninsular", "candidate_name": "Kerteh CG", "name_source": "vector text (unverified)", "label_gap_px": 12.7, "area_px": 75.3, "longitude": 103.35163, "latitude": 4.70406}}, {"type": "Feature", "geometry": {"type": "Polygon", "coordinates": [[[103.32077, 4.81772], [103.32062, 4.81559], [103.31433, 4.81545], [103.31334, 4.81157], [103.31189, 4.81159], [103.29571, 4.82319], [103.29179, 4.82937], [103.28117, 4.83257], [103.27707, 4.83477], [103.27485, 4.8379], [103.27121, 4.84998], [103.26756, 4.85284], [103.26428, 4.85231], [103.26248, 4.85057], [103.26086, 4.84372], [103.25589, 4.83576], [103.25341, 4.83482], [103.24615, 4.83469], [103.24337, 4.83338], [103.24065, 4.82433], [103.23639, 4.8253], [103.23006, 4.8332], [103.22138, 4.8355], [103.21824, 4.83795], [103.2167, 4.84386], [103.21848, 4.85], [103.22112, 4.85128], [103.22857, 4.85169], [103.23135, 4.85398], [103.23152, 4.85777], [103.22946, 4.86769], [103.23322, 4.87694], [103.23175, 4.87893], [103.22636, 4.88077], [103.22635, 4.8822], [103.22732, 4.88529], [103.23318, 4.89179], [103.23768, 4.89186], [103.24303, 4.88295], [103.24521, 4.88118], [103.24753, 4.88084], [103.25041, 4.88272], [103.2518, 4.88229], [103.2526, 4.87497], [103.25423, 4.8703], [103.2578, 4.86808], [103.26164, 4.86887], [103.26408, 4.86224], [103.26734, 4.86145], [103.27046, 4.86393], [103.26857, 4.86712], [103.26191, 4.8728], [103.25906, 4.88257], [103.25193, 4.8894], [103.24792, 4.89718], [103.24116, 4.90189], [103.23946, 4.90766], [103.23417, 4.91252], [103.23253, 4.91837], [103.23305, 4.92174], [103.23425, 4.92337], [103.23679, 4.92407], [103.24025, 4.92239], [103.24605, 4.90936], [103.25419, 4.90025], [103.25734, 4.89191], [103.26233, 4.88394], [103.26559, 4.87545], [103.26996, 4.86941], [103.27179, 4.8636], [103.27442, 4.85938], [103.27515, 4.85394], [103.27928, 4.84986], [103.28274, 4.84077], [103.28862, 4.83756], [103.29276, 4.83352], [103.29907, 4.83073], [103.30308, 4.8278], [103.31914, 4.82376], [103.32212, 4.82012], [103.32199, 4.81835], [103.32077, 4.81772]]]}, "properties": {"feature_type": "field", "feature_class": "Gas/Oil Field (offshore, undifferentiated)", "inset": "peninsular", "candidate_name": "Kerteh 3 CG", "name_source": "vector text (unverified)", "label_gap_px": 4.2, "area_px": 220.0, "longitude": 103.25371, "latitude": 4.85768}}, {"type": "Feature", "geometry": {"type": "Polygon", "coordinates": [[[102.33929, 5.59588], [102.32519, 5.59411], [102.32175, 5.59446], [102.29656, 5.60868], [102.27888, 5.61119], [102.27534, 5.6134], [102.26677, 5.62148], [102.25233, 5.6264], [102.2477, 5.62904], [102.23874, 5.6396], [102.23481, 5.64263], [102.22031, 5.64571], [102.21436, 5.64859], [102.21036, 5.65317], [102.20521, 5.66402], [102.20185, 5.66889], [102.1978, 5.67186], [102.18214, 5.67794], [102.17857, 5.68078], [102.17795, 5.68294], [102.17087, 5.68643], [102.16777, 5.68985], [102.15882, 5.70572], [102.15658, 5.71205], [102.15707, 5.72837], [102.16008, 5.73653], [102.16322, 5.73814], [102.16709, 5.73742], [102.1704, 5.73568], [102.17327, 5.73239], [102.1794, 5.73053], [102.18577, 5.7263], [102.18986, 5.72213], [102.19555, 5.71375], [102.20511, 5.70696], [102.20762, 5.70418], [102.21325, 5.68961], [102.21714, 5.68348], [102.25307, 5.6588], [102.26367, 5.65658], [102.27404, 5.65023], [102.28033, 5.64815], [102.29563, 5.6468], [102.31176, 5.64373], [102.32592, 5.64344], [102.32894, 5.64191], [102.3371, 5.6347], [102.34466, 5.63371], [102.34793, 5.63187], [102.35415, 5.62553], [102.36044, 5.61703], [102.36551, 5.61282], [102.36659, 5.60859], [102.3596, 5.60607], [102.3585, 5.59889], [102.35697, 5.59662], [102.33929, 5.59588]]]}, "properties": {"feature_type": "field", "feature_class": "Gas/Oil Field (offshore, undifferentiated)", "inset": "peninsular", "candidate_name": null, "name_source": "unlabeled", "label_gap_px": null, "area_px": 563.0, "longitude": 102.25701, "latitude": 5.65326}}, {"type": "Feature", "geometry": {"type": "Polygon", "coordinates": [[[102.32336, 5.56208], [102.32313, 5.55157], [102.32069, 5.54694], [102.31776, 5.54517], [102.31266, 5.544], [102.29948, 5.54385], [102.29252, 5.54736], [102.27788, 5.56213], [102.26625, 5.56783], [102.25926, 5.57913], [102.25143, 5.58581], [102.24787, 5.59247], [102.23733, 5.60035], [102.22749, 5.61779], [102.22614, 5.62291], [102.22638, 5.62802], [102.22878, 5.63493], [102.23195, 5.63967], [102.23789, 5.64366], [102.24309, 5.64346], [102.25157, 5.63632], [102.25521, 5.63011], [102.26147, 5.62648], [102.26738, 5.61967], [102.27943, 5.61269], [102.28957, 5.5971], [102.29375, 5.59511], [102.30184, 5.59481], [102.30351, 5.58952], [102.31171, 5.58584], [102.31362, 5.58399], [102.31613, 5.57704], [102.31791, 5.57474], [102.32421, 5.57252], [102.32578, 5.57101], [102.32603, 5.56576], [102.32441, 5.56215], [102.32336, 5.56208]]]}, "properties": {"feature_type": "field", "feature_class": "Gas/Oil Field (offshore, undifferentiated)", "inset": "peninsular", "candidate_name": null, "name_source": "unlabeled", "label_gap_px": null, "area_px": 186.3, "longitude": 102.27528, "latitude": 5.59025}}, {"type": "Feature", "geometry": {"type": "Polygon", "coordinates": [[[103.77582, 4.93622], [103.77198, 4.93057], [103.76716, 4.91393], [103.76589, 4.90691], [103.76578, 4.89217], [103.76435, 4.88505], [103.76193, 4.88437], [103.75783, 4.8793], [103.75473, 4.87818], [103.74194, 4.88334], [103.73712, 4.8874], [103.72471, 4.9063], [103.717, 4.91997], [103.70712, 4.94296], [103.70508, 4.9506], [103.70395, 4.95995], [103.70252, 4.96313], [103.69968, 4.96572], [103.68826, 4.96941], [103.68529, 4.97154], [103.68358, 4.97688], [103.68486, 4.98158], [103.68885, 4.98715], [103.69448, 4.99158], [103.70254, 4.99487], [103.71102, 4.99579], [103.71899, 4.99299], [103.74302, 4.97581], [103.74899, 4.97348], [103.75583, 4.97294], [103.762, 4.97487], [103.77574, 4.98404], [103.81295, 4.99695], [103.82262, 5.00135], [103.8512, 5.00372], [103.85289, 4.9981], [103.85159, 4.99047], [103.84725, 4.98351], [103.83077, 4.9628], [103.82553, 4.959], [103.81864, 4.95675], [103.79978, 4.9571], [103.79132, 4.95536], [103.78795, 4.95193], [103.78365, 4.94256], [103.77582, 4.93622]]]}, "properties": {"feature_type": "field", "feature_class": "Gas/Oil Field (offshore, undifferentiated)", "inset": "peninsular", "candidate_name": null, "name_source": "unlabeled", "label_gap_px": null, "area_px": 388.6, "longitude": 103.76014, "latitude": 4.95371}}, {"type": "Feature", "geometry": {"type": "Polygon", "coordinates": [[[102.88686, 5.242], [102.8876, 5.24215], [102.86843, 5.24213], [102.85494, 5.23936], [102.84354, 5.23949], [102.84063, 5.24096], [102.83895, 5.24361], [102.83816, 5.24862], [102.83896, 5.25458], [102.84111, 5.26011], [102.84401, 5.26424], [102.84883, 5.26946], [102.8521, 5.27115], [102.86385, 5.2705], [102.86783, 5.2731], [102.87144, 5.27353], [102.88022, 5.27087], [102.88793, 5.27006], [102.8902, 5.26897], [102.8924, 5.26627], [102.894, 5.25992], [102.89718, 5.2552], [102.89778, 5.25191], [102.89671, 5.24879], [102.89222, 5.2427], [102.89011, 5.24168], [102.88686, 5.242]]]}, "properties": {"feature_type": "field", "feature_class": "Gas/Oil Field (offshore, undifferentiated)", "inset": "peninsular", "candidate_name": null, "name_source": "unlabeled", "label_gap_px": null, "area_px": 37.8, "longitude": 102.86729, "latitude": 5.25546}}, {"type": "Feature", "geometry": {"type": "Polygon", "coordinates": [[[103.64613, 5.08898], [103.64206, 5.08439], [103.63619, 5.08363], [103.62863, 5.08548], [103.62109, 5.08974], [103.62018, 5.09127], [103.62014, 5.09473], [103.62874, 5.1132], [103.63623, 5.10379], [103.64827, 5.09792], [103.64961, 5.09407], [103.64937, 5.09112], [103.64613, 5.08898]]]}, "properties": {"feature_type": "field", "feature_class": "Gas/Oil Field (offshore, undifferentiated)", "inset": "peninsular", "candidate_name": null, "name_source": "unlabeled", "label_gap_px": null, "area_px": 24.0, "longitude": 103.63388, "latitude": 5.09545}}, {"type": "Feature", "geometry": {"type": "Polygon", "coordinates": [[[103.32355, 4.54115], [103.3182, 4.53952], [103.31799, 4.537], [103.31692, 4.53582], [103.31353, 4.53636], [103.30845, 4.54261], [103.31145, 4.55147], [103.31553, 4.55429], [103.31843, 4.55371], [103.32303, 4.54584], [103.32355, 4.54115]]]}, "properties": {"feature_type": "field", "feature_class": "Gas/Oil Field (offshore, undifferentiated)", "inset": "peninsular", "candidate_name": "Kerteh CG", "name_source": "vector text (unverified)", "label_gap_px": 9.3, "area_px": 5.6, "longitude": 103.31592, "latitude": 4.54502}}, {"type": "Feature", "geometry": {"type": "Polygon", "coordinates": [[[102.07257, 7.31711], [102.0727, 7.33894], [102.06741, 7.34826], [102.07282, 7.3587], [102.07173, 7.36263], [102.07318, 7.36565], [102.08623, 7.36621], [102.09165, 7.36827], [102.0943, 7.36816], [102.10274, 7.3645], [102.11545, 7.36135], [102.12166, 7.35792], [102.12459, 7.35801], [102.12685, 7.35691], [102.15223, 7.3338], [102.15509, 7.3283], [102.16138, 7.32266], [102.16186, 7.30584], [102.16685, 7.29603], [102.17025, 7.28044], [102.17518, 7.26539], [102.17529, 7.26113], [102.18765, 7.24879], [102.192, 7.24617], [102.19543, 7.24686], [102.19606, 7.24582], [102.19756, 7.23126], [102.19486, 7.22146], [102.18371, 7.22139], [102.14601, 7.24063], [102.14382, 7.2485], [102.11361, 7.28684], [102.10491, 7.29466], [102.07257, 7.31711]]]}, "properties": {"feature_type": "field", "feature_class": "Gas/Oil Field (offshore, undifferentiated)", "inset": "peninsular", "candidate_name": "Samudra North", "name_source": "vector text (unverified)", "label_gap_px": 21.8, "area_px": 352.7, "longitude": 102.13071, "latitude": 7.30227}}, {"type": "Feature", "geometry": {"type": "Polygon", "coordinates": [[[101.97291, 7.4675], [101.96542, 7.47076], [101.96543, 7.4726], [101.96071, 7.47685], [101.95908, 7.4798], [101.95817, 7.48379], [101.95625, 7.4868], [101.95417, 7.4954], [101.95421, 7.49797], [101.95564, 7.50107], [101.96045, 7.50115], [101.96557, 7.49548], [101.97143, 7.4934], [101.97192, 7.49174], [101.97845, 7.48905], [101.98348, 7.48505], [101.98594, 7.47617], [101.98408, 7.46951], [101.97912, 7.46791], [101.97291, 7.4675]]]}, "properties": {"feature_type": "field", "feature_class": "Gas/Oil Field (offshore, undifferentiated)", "inset": "peninsular", "candidate_name": null, "name_source": "unlabeled", "label_gap_px": null, "area_px": 20.0, "longitude": 101.96978, "latitude": 7.48288}}, {"type": "Feature", "geometry": {"type": "Polygon", "coordinates": [[[102.51106, 6.66441], [102.51662, 6.67463], [102.5197, 6.67642], [102.52769, 6.67674], [102.54597, 6.67167], [102.54496, 6.65818], [102.54642, 6.65177], [102.54999, 6.64754], [102.55371, 6.64572], [102.5576, 6.64819], [102.56128, 6.65519], [102.56165, 6.65336], [102.56613, 6.65338], [102.56731, 6.65257], [102.56817, 6.64977], [102.56741, 6.63985], [102.54993, 6.63753], [102.54533, 6.63777], [102.54108, 6.63917], [102.51731, 6.65097], [102.51263, 6.66167], [102.51209, 6.66431], [102.51312, 6.66437], [102.51106, 6.66441]]]}, "properties": {"feature_type": "field", "feature_class": "Gas/Oil Field (offshore, undifferentiated)", "inset": "peninsular", "candidate_name": "Bunga Tanjung Merah", "name_source": "vector text (unverified)", "label_gap_px": 39.6, "area_px": 44.9, "longitude": 102.53646, "latitude": 6.65646}}, {"type": "Feature", "geometry": {"type": "Polygon", "coordinates": [[[102.60926, 6.70551], [102.60594, 6.70526], [102.60066, 6.70753], [102.5942, 6.71872], [102.58882, 6.72017], [102.58888, 6.72606], [102.59497, 6.73675], [102.59603, 6.74742], [102.5979, 6.7497], [102.59964, 6.75022], [102.60209, 6.7502], [102.60336, 6.74641], [102.61022, 6.73758], [102.61079, 6.73384], [102.62065, 6.72959], [102.62876, 6.73161], [102.63166, 6.72755], [102.63019, 6.71925], [102.62687, 6.71354], [102.62271, 6.70894], [102.61554, 6.70343], [102.61239, 6.70363], [102.60926, 6.70551]]]}, "properties": {"feature_type": "field", "feature_class": "Gas/Oil Field (offshore, undifferentiated)", "inset": "peninsular", "candidate_name": "Bunga Tanjung Merah", "name_source": "vector text (unverified)", "label_gap_px": 29.1, "area_px": 42.1, "longitude": 102.60889, "latitude": 6.72376}}, {"type": "Feature", "geometry": {"type": "Polygon", "coordinates": [[[101.00216, 7.22657], [101.00311, 7.22144], [100.97766, 7.22128], [100.97199, 7.22365], [100.97089, 7.22817], [100.9679, 7.23088], [100.95564, 7.2338], [100.95388, 7.2361], [100.95382, 7.23821], [100.95687, 7.2431], [100.95715, 7.24569], [100.95438, 7.25231], [100.95418, 7.25624], [100.9561, 7.263], [100.95864, 7.26701], [100.96198, 7.26975], [100.96586, 7.27056], [100.96897, 7.26954], [100.97547, 7.26431], [100.97918, 7.2634], [100.99048, 7.26714], [100.99483, 7.26277], [100.99738, 7.25551], [100.99958, 7.25278], [101.01027, 7.24969], [101.01477, 7.24698], [101.01744, 7.24279], [101.0166, 7.23825], [101.01376, 7.23537], [101.00263, 7.23024], [101.00098, 7.2279], [101.00216, 7.22657]]]}, "properties": {"feature_type": "field", "feature_class": "Gas/Oil Field (offshore, undifferentiated)", "inset": "peninsular", "candidate_name": null, "name_source": "unlabeled", "label_gap_px": null, "area_px": 62.3, "longitude": 100.98228, "latitude": 7.24448}}, {"type": "Feature", "geometry": {"type": "Polygon", "coordinates": [[[100.8285, 7.43978], [100.82042, 7.46978], [100.82385, 7.46939], [100.82751, 7.46693], [100.83126, 7.46283], [100.83859, 7.45146], [100.84737, 7.43305], [100.86001, 7.39774], [100.86934, 7.37737], [100.8702, 7.36445], [100.86824, 7.35201], [100.86371, 7.34409], [100.85848, 7.3403], [100.85534, 7.33934], [100.84878, 7.33937], [100.84249, 7.34158], [100.83724, 7.34547], [100.83329, 7.35213], [100.82713, 7.39226], [100.82988, 7.42797], [100.8285, 7.43978]]]}, "properties": {"feature_type": "field", "feature_class": "Gas/Oil Field (offshore, undifferentiated)", "inset": "peninsular", "candidate_name": null, "name_source": "unlabeled", "label_gap_px": null, "area_px": 123.3, "longitude": 100.84491, "latitude": 7.39206}}, {"type": "Feature", "geometry": {"type": "Polygon", "coordinates": [[[100.94723, 7.38875], [100.94783, 7.38281], [100.94482, 7.36627], [100.94072, 7.36624], [100.9398, 7.37182], [100.92785, 7.38219], [100.92099, 7.39298], [100.91982, 7.39674], [100.91921, 7.40533], [100.91545, 7.41466], [100.91601, 7.42446], [100.91852, 7.42997], [100.92781, 7.41954], [100.94142, 7.40035], [100.94794, 7.38803], [100.94723, 7.38875]]]}, "properties": {"feature_type": "field", "feature_class": "Gas/Oil Field (offshore, undifferentiated)", "inset": "peninsular", "candidate_name": null, "name_source": "unlabeled", "label_gap_px": null, "area_px": 39.8, "longitude": 100.93157, "latitude": 7.39713}}, {"type": "Feature", "geometry": {"type": "Polygon", "coordinates": [[[100.99108, 7.39175], [100.98646, 7.37699], [100.98496, 7.36407], [100.98251, 7.36066], [100.9799, 7.36588], [100.975, 7.37233], [100.95937, 7.38603], [100.95379, 7.39639], [100.9512, 7.40623], [100.9501, 7.417], [100.94992, 7.45557], [100.96007, 7.43119], [100.96392, 7.42665], [100.97391, 7.42006], [100.98087, 7.4131], [100.98623, 7.40411], [100.99108, 7.39175]]]}, "properties": {"feature_type": "field", "feature_class": "Gas/Oil Field (offshore, undifferentiated)", "inset": "peninsular", "candidate_name": null, "name_source": "unlabeled", "label_gap_px": null, "area_px": 78.1, "longitude": 100.96878, "latitude": 7.40246}}, {"type": "Feature", "geometry": {"type": "MultiPolygon", "coordinates": [[[[101.13678, 7.31301], [101.13627, 7.30778], [101.13253, 7.30489], [101.12768, 7.3046], [101.1255, 7.30551], [101.12293, 7.30962], [101.12412, 7.31567], [101.12583, 7.3178], [101.13038, 7.32016], [101.13681, 7.31931], [101.13824, 7.31664], [101.13678, 7.31301]]], [[[101.13809, 7.31549], [101.13834, 7.3161], [101.13763, 7.31378], [101.13809, 7.31549]]]]}, "properties": {"feature_type": "field", "feature_class": "Gas/Oil Field (offshore, undifferentiated)", "inset": "peninsular", "candidate_name": null, "name_source": "unlabeled", "label_gap_px": null, "area_px": 8.5, "longitude": 101.13051, "latitude": 7.31242}}, {"type": "Feature", "geometry": {"type": "Polygon", "coordinates": [[[101.3924, 7.39239], [101.39846, 7.37218], [101.40147, 7.35204], [101.40024, 7.34638], [101.3907, 7.32865], [101.38593, 7.3146], [101.38485, 7.30764], [101.38536, 7.29095], [101.37753, 7.29741], [101.37308, 7.30426], [101.37221, 7.31113], [101.37216, 7.33039], [101.36445, 7.35084], [101.36325, 7.37361], [101.36106, 7.38278], [101.3576, 7.38886], [101.34462, 7.39884], [101.34135, 7.40424], [101.34167, 7.40885], [101.34661, 7.42638], [101.34745, 7.43609], [101.34736, 7.48165], [101.34624, 7.49171], [101.34379, 7.5004], [101.36, 7.49282], [101.37294, 7.49196], [101.38142, 7.48536], [101.38782, 7.48338], [101.38952, 7.48172], [101.38945, 7.47153], [101.39064, 7.46412], [101.39849, 7.44625], [101.40061, 7.43574], [101.3996, 7.43211], [101.39251, 7.42079], [101.39102, 7.41672], [101.39013, 7.40444], [101.3924, 7.39239]]]}, "properties": {"feature_type": "field", "feature_class": "Gas/Oil Field (offshore, undifferentiated)", "inset": "peninsular", "candidate_name": null, "name_source": "unlabeled", "label_gap_px": null, "area_px": 230.4, "longitude": 101.37328, "latitude": 7.41009}}, {"type": "Feature", "geometry": {"type": "Polygon", "coordinates": [[[101.46066, 7.3135], [101.46185, 7.35403], [101.46074, 7.36897], [101.45764, 7.37891], [101.44774, 7.40189], [101.44252, 7.40947], [101.44169, 7.40666], [101.44239, 7.40344], [101.44718, 7.39372], [101.45632, 7.36936], [101.45838, 7.34892], [101.45655, 7.34722], [101.45167, 7.34574], [101.43453, 7.34382], [101.41112, 7.34607], [101.40603, 7.34796], [101.40239, 7.35188], [101.40114, 7.35621], [101.40204, 7.3673], [101.40125, 7.37285], [101.39855, 7.3825], [101.39377, 7.39309], [101.39439, 7.39743], [101.4009, 7.40766], [101.40236, 7.42262], [101.40063, 7.43254], [101.39289, 7.44049], [101.39133, 7.44466], [101.39533, 7.46162], [101.39357, 7.48242], [101.40044, 7.4815], [101.40447, 7.478], [101.40572, 7.47392], [101.40587, 7.46404], [101.40681, 7.46143], [101.40905, 7.45933], [101.41277, 7.45932], [101.41585, 7.462], [101.41702, 7.46576], [101.41585, 7.47486], [101.41664, 7.47669], [101.41959, 7.47765], [101.42435, 7.47429], [101.43459, 7.46075], [101.44916, 7.45371], [101.45783, 7.45376], [101.45955, 7.45205], [101.46115, 7.44701], [101.46489, 7.44468], [101.46794, 7.44695], [101.47242, 7.46028], [101.4766, 7.46426], [101.48016, 7.46515], [101.48733, 7.46368], [101.49526, 7.46532], [101.49819, 7.46438], [101.49978, 7.46218], [101.50031, 7.45173], [101.49678, 7.43029], [101.49642, 7.41356], [101.49963, 7.39951], [101.5002, 7.38623], [101.50469, 7.37511], [101.5064, 7.36824], [101.50945, 7.32414], [101.51177, 7.31536], [101.51033, 7.30664], [101.51107, 7.30037], [101.50934, 7.2974], [101.50462, 7.29401], [101.49806, 7.29255], [101.49247, 7.2953], [101.48243, 7.30576], [101.47708, 7.3096], [101.46928, 7.31214], [101.46066, 7.3135]]]}, "properties": {"feature_type": "field", "feature_class": "Gas/Oil Field (offshore, undifferentiated)", "inset": "peninsular", "candidate_name": null, "name_source": "unlabeled", "label_gap_px": null, "area_px": 432.7, "longitude": 101.45436, "latitude": 7.39269}}, {"type": "Feature", "geometry": {"type": "Polygon", "coordinates": [[[101.56193, 7.35072], [101.56743, 7.33422], [101.56906, 7.32506], [101.56791, 7.31675], [101.56582, 7.31325], [101.56248, 7.31037], [101.5573, 7.3078], [101.53758, 7.30187], [101.5262, 7.29544], [101.52363, 7.29519], [101.52134, 7.30007], [101.52193, 7.31148], [101.51616, 7.3273], [101.51472, 7.34662], [101.50915, 7.37274], [101.50812, 7.3857], [101.50924, 7.38919], [101.51169, 7.39203], [101.52336, 7.39913], [101.53346, 7.41106], [101.5386, 7.41454], [101.5415, 7.41496], [101.54677, 7.41282], [101.55112, 7.40791], [101.55426, 7.40167], [101.5559, 7.39556], [101.55818, 7.37807], [101.55934, 7.3622], [101.56193, 7.35072]]]}, "properties": {"feature_type": "field", "feature_class": "Gas/Oil Field (offshore, undifferentiated)", "inset": "peninsular", "candidate_name": null, "name_source": "unlabeled", "label_gap_px": null, "area_px": 157.0, "longitude": 101.53798, "latitude": 7.35417}}, {"type": "Feature", "geometry": {"type": "Polygon", "coordinates": [[[101.63726, 7.35309], [101.63666, 7.35049], [101.62997, 7.34542], [101.59749, 7.3334], [101.57325, 7.31904], [101.57054, 7.31812], [101.56923, 7.31881], [101.56793, 7.33599], [101.56544, 7.3467], [101.56478, 7.35897], [101.56256, 7.37438], [101.55772, 7.38749], [101.55432, 7.40114], [101.54531, 7.41243], [101.54348, 7.42006], [101.54472, 7.42511], [101.54919, 7.43168], [101.56412, 7.44367], [101.56937, 7.4493], [101.58532, 7.47457], [101.58717, 7.4809], [101.58682, 7.48821], [101.57847, 7.50557], [101.57735, 7.51053], [101.57943, 7.51646], [101.58274, 7.51915], [101.58721, 7.52102], [101.5925, 7.52219], [101.6043, 7.52281], [101.61558, 7.52179], [101.62378, 7.51996], [101.62862, 7.51772], [101.63205, 7.51488], [101.63546, 7.50775], [101.6356, 7.49928], [101.63213, 7.47573], [101.63296, 7.46846], [101.63803, 7.44601], [101.63986, 7.39063], [101.63806, 7.37829], [101.63647, 7.37547], [101.62908, 7.36788], [101.62762, 7.36312], [101.62887, 7.35998], [101.63569, 7.35555], [101.63726, 7.35309]]]}, "properties": {"feature_type": "field", "feature_class": "Gas/Oil Field (offshore, undifferentiated)", "inset": "peninsular", "candidate_name": null, "name_source": "unlabeled", "label_gap_px": null, "area_px": 390.8, "longitude": 101.59913, "latitude": 7.4208}}, {"type": "Feature", "geometry": {"type": "Polygon", "coordinates": [[[101.13926, 7.61918], [101.13595, 7.61571], [101.13371, 7.61166], [101.13109, 7.5974], [101.11902, 7.59506], [101.1093, 7.58995], [101.09928, 7.58999], [101.09314, 7.58257], [101.08813, 7.58279], [101.08196, 7.5857], [101.07618, 7.5903], [101.07292, 7.59541], [101.07212, 7.5992], [101.07279, 7.60544], [101.08239, 7.62754], [101.08388, 7.63637], [101.08416, 7.64543], [101.08249, 7.65779], [101.07489, 7.67426], [101.07331, 7.67984], [101.07245, 7.69828], [101.07022, 7.71859], [101.07265, 7.72563], [101.07539, 7.72902], [101.09259, 7.74398], [101.09662, 7.74473], [101.10177, 7.74246], [101.10347, 7.73948], [101.10617, 7.72771], [101.10796, 7.72523], [101.11443, 7.72596], [101.11943, 7.72359], [101.12073, 7.71853], [101.11958, 7.70644], [101.12093, 7.69886], [101.13313, 7.68504], [101.14388, 7.66625], [101.15021, 7.64474], [101.14928, 7.64064], [101.14492, 7.63158], [101.14278, 7.62303], [101.13925, 7.61846], [101.13926, 7.61918]]]}, "properties": {"feature_type": "field", "feature_class": "Gas/Oil Field (offshore, undifferentiated)", "inset": "peninsular", "candidate_name": null, "name_source": "unlabeled", "label_gap_px": null, "area_px": 252.1, "longitude": 101.10543, "latitude": 7.65919}}, {"type": "Feature", "geometry": {"type": "Polygon", "coordinates": [[[101.6846, 7.51041], [101.68351, 7.504], [101.68342, 7.49463], [101.686, 7.47815], [101.68976, 7.46858], [101.70637, 7.438], [101.70913, 7.43068], [101.7085, 7.42221], [101.70615, 7.4178], [101.70313, 7.41586], [101.69973, 7.4162], [101.69452, 7.42061], [101.68712, 7.43582], [101.68252, 7.4407], [101.66948, 7.44877], [101.66461, 7.45012], [101.65961, 7.45019], [101.65816, 7.45278], [101.65665, 7.46077], [101.6587, 7.47751], [101.65809, 7.49726], [101.65638, 7.50753], [101.64977, 7.52333], [101.64914, 7.52765], [101.64983, 7.53063], [101.65427, 7.53442], [101.66515, 7.53615], [101.68264, 7.53446], [101.69222, 7.5319], [101.6943, 7.53009], [101.6946, 7.52638], [101.6846, 7.51041]]]}, "properties": {"feature_type": "field", "feature_class": "Gas/Oil Field (offshore, undifferentiated)", "inset": "peninsular", "candidate_name": null, "name_source": "unlabeled", "label_gap_px": null, "area_px": 140.5, "longitude": 101.67681, "latitude": 7.48226}}, {"type": "Feature", "geometry": {"type": "Polygon", "coordinates": [[[101.25441, 7.6556], [101.24984, 7.65506], [101.24596, 7.65338], [101.24004, 7.64743], [101.23609, 7.6393], [101.23119, 7.62026], [101.22923, 7.61711], [101.22662, 7.61608], [101.222, 7.61819], [101.21762, 7.62366], [101.21613, 7.63138], [101.2204, 7.66316], [101.22329, 7.6765], [101.22755, 7.68465], [101.23817, 7.69534], [101.24873, 7.70805], [101.25465, 7.71308], [101.25306, 7.70709], [101.24669, 7.6927], [101.24593, 7.68652], [101.24743, 7.68026], [101.25477, 7.66427], [101.2544, 7.65487], [101.25441, 7.6556]]]}, "properties": {"feature_type": "field", "feature_class": "Gas/Oil Field (offshore, undifferentiated)", "inset": "peninsular", "candidate_name": null, "name_source": "unlabeled", "label_gap_px": null, "area_px": 76.2, "longitude": 101.23418, "latitude": 7.66058}}, {"type": "Feature", "geometry": {"type": "Polygon", "coordinates": [[[101.22497, 7.55345], [101.22413, 7.5505], [101.22019, 7.54857], [101.21559, 7.54987], [101.2136, 7.55265], [101.21348, 7.55555], [101.21561, 7.56238], [101.21226, 7.57333], [101.21236, 7.57839], [101.21415, 7.58014], [101.21741, 7.58091], [101.23101, 7.58074], [101.23404, 7.58274], [101.23807, 7.58938], [101.24236, 7.58986], [101.24391, 7.58333], [101.24124, 7.57191], [101.24104, 7.56701], [101.24357, 7.56032], [101.24781, 7.55497], [101.2475, 7.5521], [101.2432, 7.54818], [101.23764, 7.5472], [101.23514, 7.54823], [101.22927, 7.5556], [101.22857, 7.55347], [101.22497, 7.55345]]]}, "properties": {"feature_type": "field", "feature_class": "Gas/Oil Field (offshore, undifferentiated)", "inset": "peninsular", "candidate_name": null, "name_source": "unlabeled", "label_gap_px": null, "area_px": 30.7, "longitude": 101.22964, "latitude": 7.5664}}, {"type": "Feature", "geometry": {"type": "Polygon", "coordinates": [[[101.83705, 7.56307], [101.83479, 7.56936], [101.83414, 7.57431], [101.83667, 7.5904], [101.83647, 7.59642], [101.83029, 7.60805], [101.82919, 7.6133], [101.83, 7.61571], [101.83302, 7.61845], [101.83673, 7.6203], [101.84013, 7.62049], [101.84178, 7.61977], [101.84618, 7.6095], [101.85429, 7.60931], [101.85714, 7.60747], [101.85846, 7.60366], [101.85954, 7.58944], [101.86502, 7.57815], [101.86597, 7.57032], [101.86371, 7.56053], [101.85787, 7.55118], [101.85415, 7.54243], [101.85174, 7.54073], [101.84593, 7.54235], [101.83966, 7.54615], [101.83618, 7.54941], [101.83428, 7.55515], [101.83705, 7.56307]]]}, "properties": {"feature_type": "field", "feature_class": "Gas/Oil Field (offshore, undifferentiated)", "inset": "peninsular", "candidate_name": null, "name_source": "unlabeled", "label_gap_px": null, "area_px": 56.9, "longitude": 101.8475, "latitude": 7.57955}}, {"type": "Feature", "geometry": {"type": "Polygon", "coordinates": [[[101.80587, 7.60112], [101.80536, 7.58145], [101.8029, 7.57036], [101.79497, 7.55778], [101.79268, 7.55624], [101.79001, 7.55657], [101.78671, 7.55946], [101.78427, 7.56473], [101.7845, 7.58655], [101.77876, 7.61289], [101.77845, 7.62787], [101.77928, 7.63228], [101.78137, 7.63555], [101.78435, 7.63679], [101.78683, 7.63638], [101.79738, 7.62855], [101.80523, 7.63015], [101.80471, 7.61187], [101.80519, 7.60996], [101.8088, 7.60988], [101.80587, 7.60112]]]}, "properties": {"feature_type": "field", "feature_class": "Gas/Oil Field (offshore, undifferentiated)", "inset": "peninsular", "candidate_name": null, "name_source": "unlabeled", "label_gap_px": null, "area_px": 49.1, "longitude": 101.79288, "latitude": 7.59927}}, {"type": "Feature", "geometry": {"type": "Polygon", "coordinates": [[[101.63696, 7.54019], [101.62609, 7.54159], [101.62453, 7.54421], [101.62387, 7.54881], [101.62553, 7.55617], [101.6338, 7.56904], [101.63603, 7.57581], [101.63637, 7.58366], [101.63246, 7.59793], [101.63239, 7.59976], [101.63429, 7.60006], [101.63953, 7.59864], [101.64492, 7.59359], [101.65555, 7.57292], [101.65852, 7.56429], [101.65726, 7.5603], [101.65317, 7.55394], [101.65055, 7.54455], [101.64892, 7.54193], [101.64318, 7.53929], [101.63409, 7.54017], [101.63696, 7.54019]]]}, "properties": {"feature_type": "field", "feature_class": "Gas/Oil Field (offshore, undifferentiated)", "inset": "peninsular", "candidate_name": null, "name_source": "unlabeled", "label_gap_px": null, "area_px": 41.7, "longitude": 101.64143, "latitude": 7.56463}}, {"type": "Feature", "geometry": {"type": "Polygon", "coordinates": [[[101.67936, 7.65998], [101.67388, 7.65268], [101.6721, 7.65132], [101.67013, 7.65129], [101.66785, 7.65336], [101.66565, 7.65987], [101.66311, 7.66316], [101.65264, 7.66905], [101.64533, 7.67723], [101.63434, 7.6799], [101.63119, 7.68261], [101.63197, 7.68518], [101.64028, 7.69692], [101.64322, 7.70401], [101.64666, 7.73188], [101.64643, 7.7398], [101.64991, 7.75323], [101.64877, 7.76298], [101.64197, 7.7733], [101.64058, 7.77837], [101.64273, 7.80245], [101.63941, 7.83151], [101.63934, 7.8448], [101.6403, 7.84969], [101.64216, 7.85271], [101.64509, 7.85334], [101.64629, 7.84038], [101.6484, 7.83257], [101.65188, 7.82767], [101.65948, 7.82221], [101.66115, 7.81831], [101.65966, 7.80164], [101.66605, 7.79105], [101.66356, 7.77704], [101.66563, 7.75903], [101.67088, 7.75891], [101.67433, 7.75787], [101.67632, 7.75606], [101.67726, 7.75071], [101.67655, 7.73704], [101.67862, 7.73265], [101.68802, 7.72099], [101.69039, 7.70519], [101.69181, 7.70323], [101.69635, 7.70029], [101.70041, 7.69431], [101.70599, 7.69024], [101.70501, 7.68642], [101.70047, 7.67763], [101.69549, 7.67372], [101.68949, 7.67335], [101.68149, 7.67845], [101.67666, 7.67876], [101.67715, 7.67438], [101.68093, 7.6662], [101.67936, 7.65998]]]}, "properties": {"feature_type": "field", "feature_class": "Gas/Oil Field (offshore, undifferentiated)", "inset": "peninsular", "candidate_name": null, "name_source": "unlabeled", "label_gap_px": null, "area_px": 295.3, "longitude": 101.66277, "latitude": 7.73021}}, {"type": "Feature", "geometry": {"type": "Polygon", "coordinates": [[[101.59151, 7.605], [101.59131, 7.61195], [101.58837, 7.61717], [101.58317, 7.62086], [101.57949, 7.62204], [101.57691, 7.62143], [101.5708, 7.61661], [101.56624, 7.62586], [101.56533, 7.62966], [101.56594, 7.63983], [101.56966, 7.66252], [101.57153, 7.66469], [101.57874, 7.66767], [101.58407, 7.6761], [101.58494, 7.66915], [101.58373, 7.6526], [101.58616, 7.64631], [101.59009, 7.64213], [101.59624, 7.63781], [101.59818, 7.6341], [101.59909, 7.62762], [101.59906, 7.61189], [101.60691, 7.5938], [101.60725, 7.58938], [101.60578, 7.58691], [101.60369, 7.58622], [101.60155, 7.5874], [101.59188, 7.5986], [101.591, 7.60111], [101.59223, 7.60501], [101.59151, 7.605]]]}, "properties": {"feature_type": "field", "feature_class": "Gas/Oil Field (offshore, undifferentiated)", "inset": "peninsular", "candidate_name": null, "name_source": "unlabeled", "label_gap_px": null, "area_px": 74.0, "longitude": 101.58408, "latitude": 7.63167}}, {"type": "Feature", "geometry": {"type": "Polygon", "coordinates": [[[101.71211, 7.65576], [101.70589, 7.66341], [101.69818, 7.68018], [101.69656, 7.69345], [101.70353, 7.69315], [101.7119, 7.68829], [101.72139, 7.68719], [101.72374, 7.68574], [101.72583, 7.6821], [101.72652, 7.67551], [101.72452, 7.66879], [101.72174, 7.66501], [101.71438, 7.65944], [101.71211, 7.65576]]]}, "properties": {"feature_type": "field", "feature_class": "Gas/Oil Field (offshore, undifferentiated)", "inset": "peninsular", "candidate_name": null, "name_source": "unlabeled", "label_gap_px": null, "area_px": 21.2, "longitude": 101.71166, "latitude": 7.67667}}, {"type": "Feature", "geometry": {"type": "Polygon", "coordinates": [[[101.58637, 7.78191], [101.58979, 7.76913], [101.58979, 7.76356], [101.58092, 7.76342], [101.57165, 7.76499], [101.56432, 7.76831], [101.54963, 7.77974], [101.53074, 7.79735], [101.5302, 7.80054], [101.53639, 7.82071], [101.54411, 7.8322], [101.54904, 7.83716], [101.55266, 7.83855], [101.55451, 7.83827], [101.55717, 7.83605], [101.55846, 7.83239], [101.55958, 7.82002], [101.56514, 7.80697], [101.57116, 7.79761], [101.58637, 7.78191]]]}, "properties": {"feature_type": "field", "feature_class": "Gas/Oil Field (offshore, undifferentiated)", "inset": "peninsular", "candidate_name": null, "name_source": "unlabeled", "label_gap_px": null, "area_px": 88.7, "longitude": 101.55783, "latitude": 7.79689}}, {"type": "Feature", "geometry": {"type": "Polygon", "coordinates": [[[101.43418, 7.60219], [101.43209, 7.58941], [101.43256, 7.58102], [101.43462, 7.57709], [101.44424, 7.56901], [101.44642, 7.56378], [101.44473, 7.55288], [101.4431, 7.54902], [101.44109, 7.547], [101.43446, 7.54955], [101.42181, 7.55835], [101.41907, 7.56118], [101.41775, 7.5643], [101.41641, 7.61107], [101.41841, 7.6166], [101.4233, 7.62148], [101.42592, 7.62182], [101.42787, 7.62007], [101.43494, 7.60142], [101.43418, 7.60219]]]}, "properties": {"feature_type": "field", "feature_class": "Gas/Oil Field (offshore, undifferentiated)", "inset": "peninsular", "candidate_name": null, "name_source": "unlabeled", "label_gap_px": null, "area_px": 46.7, "longitude": 101.42841, "latitude": 7.5812}}, {"type": "Feature", "geometry": {"type": "Polygon", "coordinates": [[[101.42235, 7.71248], [101.42336, 7.71645], [101.4228, 7.70992], [101.4213, 7.70636], [101.41898, 7.70426], [101.41589, 7.70435], [101.41169, 7.70766], [101.40581, 7.71455], [101.40248, 7.71991], [101.40139, 7.72397], [101.40193, 7.73067], [101.40903, 7.74472], [101.41017, 7.749], [101.41031, 7.75546], [101.40788, 7.77177], [101.40798, 7.77728], [101.41041, 7.78229], [101.41422, 7.78519], [101.41565, 7.78517], [101.41775, 7.78302], [101.41949, 7.7768], [101.4202, 7.7706], [101.41872, 7.75785], [101.4191, 7.75385], [101.42091, 7.75006], [101.42643, 7.74346], [101.42727, 7.74026], [101.42286, 7.72444], [101.42235, 7.71248]]]}, "properties": {"feature_type": "field", "feature_class": "Gas/Oil Field (offshore, undifferentiated)", "inset": "peninsular", "candidate_name": null, "name_source": "unlabeled", "label_gap_px": null, "area_px": 47.8, "longitude": 101.41451, "latitude": 7.74001}}, {"type": "Feature", "geometry": {"type": "Polygon", "coordinates": [[[101.45873, 7.68902], [101.45808, 7.67662], [101.45622, 7.67442], [101.45356, 7.67333], [101.4513, 7.67382], [101.4479, 7.67833], [101.44578, 7.6855], [101.44205, 7.72095], [101.43222, 7.76147], [101.43234, 7.76305], [101.43462, 7.76287], [101.43761, 7.75744], [101.43992, 7.75649], [101.44179, 7.75911], [101.44383, 7.76689], [101.44697, 7.76972], [101.44847, 7.76743], [101.4496, 7.75314], [101.45525, 7.74623], [101.45802, 7.73649], [101.46337, 7.731], [101.46628, 7.72044], [101.47091, 7.71632], [101.47285, 7.70909], [101.4765, 7.70675], [101.47888, 7.70142], [101.47858, 7.69704], [101.47737, 7.69606], [101.46945, 7.70026], [101.46425, 7.69937], [101.46051, 7.69496], [101.45873, 7.68902]]]}, "properties": {"feature_type": "field", "feature_class": "Gas/Oil Field (offshore, undifferentiated)", "inset": "peninsular", "candidate_name": null, "name_source": "unlabeled", "label_gap_px": null, "area_px": 93.0, "longitude": 101.45276, "latitude": 7.71952}}, {"type": "Feature", "geometry": {"type": "Polygon", "coordinates": [[[101.30738, 7.83657], [101.30204, 7.84242], [101.29784, 7.84547], [101.29333, 7.84582], [101.2899, 7.8435], [101.28974, 7.83675], [101.29458, 7.83172], [101.29661, 7.82594], [101.29793, 7.81105], [101.29592, 7.79701], [101.29425, 7.79414], [101.292, 7.79275], [101.29002, 7.79276], [101.28842, 7.79359], [101.28618, 7.7971], [101.28275, 7.81078], [101.27621, 7.81932], [101.26918, 7.82359], [101.2612, 7.82533], [101.25729, 7.82449], [101.24824, 7.81954], [101.24511, 7.8193], [101.24369, 7.8201], [101.24207, 7.82204], [101.24163, 7.8262], [101.2471, 7.83709], [101.2475, 7.84117], [101.24271, 7.84094], [101.23495, 7.8371], [101.23126, 7.83672], [101.22666, 7.84031], [101.22302, 7.84897], [101.21531, 7.85126], [101.21379, 7.85287], [101.21337, 7.85586], [101.22218, 7.86559], [101.22351, 7.86904], [101.22612, 7.88554], [101.229, 7.88881], [101.23118, 7.88914], [101.23238, 7.88852], [101.23429, 7.88474], [101.23778, 7.86717], [101.24007, 7.86098], [101.24368, 7.85602], [101.24692, 7.8543], [101.2535, 7.85496], [101.26064, 7.85912], [101.26437, 7.85957], [101.26759, 7.8586], [101.27294, 7.85452], [101.2779, 7.85305], [101.2797, 7.85519], [101.28064, 7.86115], [101.28289, 7.86424], [101.28799, 7.86434], [101.29218, 7.86081], [101.29442, 7.86026], [101.29669, 7.8608], [101.30061, 7.86455], [101.30555, 7.86417], [101.30951, 7.85873], [101.31211, 7.84893], [101.31135, 7.83897], [101.30798, 7.83568], [101.30522, 7.83582], [101.30738, 7.83657]]]}, "properties": {"feature_type": "field", "feature_class": "Gas/Oil Field (offshore, undifferentiated)", "inset": "peninsular", "candidate_name": null, "name_source": "unlabeled", "label_gap_px": null, "area_px": 184.2, "longitude": 101.26571, "latitude": 7.84251}}, {"type": "Feature", "geometry": {"type": "Polygon", "coordinates": [[[101.34198, 7.81293], [101.34152, 7.80409], [101.34237, 7.79528], [101.34924, 7.78223], [101.35039, 7.77684], [101.34992, 7.77043], [101.34801, 7.76396], [101.34588, 7.7607], [101.34204, 7.75856], [101.34009, 7.75862], [101.33753, 7.76126], [101.33383, 7.78033], [101.32476, 7.79236], [101.32209, 7.79759], [101.31615, 7.82861], [101.30759, 7.83956], [101.30841, 7.85298], [101.3077, 7.85643], [101.30512, 7.86001], [101.29817, 7.86547], [101.29577, 7.86938], [101.29513, 7.87243], [101.29593, 7.87476], [101.29787, 7.87655], [101.31386, 7.88292], [101.31861, 7.88851], [101.31961, 7.89199], [101.31835, 7.8984], [101.31067, 7.91005], [101.30869, 7.91585], [101.31213, 7.91621], [101.31384, 7.91834], [101.31468, 7.92827], [101.3202, 7.92803], [101.33502, 7.92366], [101.34955, 7.92499], [101.35245, 7.92427], [101.35471, 7.92161], [101.35995, 7.90837], [101.36484, 7.90333], [101.37225, 7.90074], [101.38923, 7.89871], [101.39305, 7.89651], [101.39574, 7.89263], [101.41173, 7.8912], [101.41644, 7.88734], [101.41889, 7.88116], [101.41896, 7.86741], [101.40528, 7.86703], [101.40121, 7.86531], [101.39973, 7.86355], [101.39837, 7.85566], [101.40175, 7.84163], [101.40087, 7.83754], [101.39948, 7.83591], [101.39612, 7.8346], [101.39111, 7.83752], [101.38673, 7.83854], [101.38518, 7.83812], [101.38288, 7.83527], [101.37889, 7.83459], [101.37682, 7.83517], [101.37528, 7.83643], [101.3734, 7.84042], [101.37118, 7.85222], [101.36284, 7.84785], [101.352, 7.83641], [101.34651, 7.82703], [101.34198, 7.81293]]]}, "properties": {"feature_type": "field", "feature_class": "Gas/Oil Field (offshore, undifferentiated)", "inset": "peninsular", "candidate_name": null, "name_source": "unlabeled", "label_gap_px": null, "area_px": 413.4, "longitude": 101.34987, "latitude": 7.86301}}, {"type": "Feature", "geometry": {"type": "Polygon", "coordinates": [[[101.4211, 7.88895], [101.41979, 7.91108], [101.41516, 7.93059], [101.41473, 7.93824], [101.42692, 7.93069], [101.43134, 7.92512], [101.435, 7.9033], [101.43894, 7.89686], [101.44673, 7.89257], [101.44949, 7.88921], [101.45243, 7.88056], [101.45878, 7.86707], [101.45883, 7.8638], [101.45732, 7.86046], [101.45552, 7.86131], [101.44954, 7.87119], [101.44616, 7.87311], [101.43727, 7.87509], [101.43386, 7.87677], [101.42637, 7.88559], [101.4211, 7.88895]]]}, "properties": {"feature_type": "field", "feature_class": "Gas/Oil Field (offshore, undifferentiated)", "inset": "peninsular", "candidate_name": null, "name_source": "unlabeled", "label_gap_px": null, "area_px": 69.7, "longitude": 101.43329, "latitude": 7.89823}}, {"type": "Feature", "geometry": {"type": "Polygon", "coordinates": [[[101.71409, 7.71256], [101.7094, 7.71187], [101.70617, 7.70945], [101.70371, 7.70364], [101.70365, 7.69666], [101.70217, 7.69767], [101.70037, 7.70016], [101.69708, 7.71231], [101.68866, 7.72139], [101.68556, 7.72676], [101.68358, 7.73948], [101.68431, 7.75588], [101.68775, 7.75721], [101.69187, 7.75633], [101.69355, 7.75223], [101.69536, 7.74154], [101.69784, 7.73872], [101.7298, 7.7301], [101.73626, 7.72576], [101.7376, 7.7206], [101.73688, 7.71709], [101.734, 7.71276], [101.72735, 7.71161], [101.7141, 7.71402], [101.71409, 7.71256]]]}, "properties": {"feature_type": "field", "feature_class": "Gas/Oil Field (offshore, undifferentiated)", "inset": "peninsular", "candidate_name": null, "name_source": "unlabeled", "label_gap_px": null, "area_px": 69.0, "longitude": 101.70634, "latitude": 7.72646}}, {"type": "Feature", "geometry": {"type": "Polygon", "coordinates": [[[101.36049, 7.25091], [101.3576, 7.2468], [101.35366, 7.24343], [101.34677, 7.24112], [101.34218, 7.24232], [101.34006, 7.24398], [101.33802, 7.24811], [101.33892, 7.25583], [101.34537, 7.27626], [101.34813, 7.28126], [101.3513, 7.28355], [101.3546, 7.28264], [101.35857, 7.27595], [101.36046, 7.2674], [101.3624, 7.24996], [101.36049, 7.25091]]]}, "properties": {"feature_type": "field", "feature_class": "Gas/Oil Field (offshore, undifferentiated)", "inset": "peninsular", "candidate_name": null, "name_source": "unlabeled", "label_gap_px": null, "area_px": 25.9, "longitude": 101.35044, "latitude": 7.26039}}, {"type": "Feature", "geometry": {"type": "Polygon", "coordinates": [[[102.00182, 6.72329], [101.99199, 6.71685], [101.98751, 6.71618], [101.98541, 6.71707], [101.98147, 6.72213], [101.97966, 6.72664], [101.97829, 6.73203], [101.97868, 6.74034], [101.98221, 6.74603], [101.99063, 6.75157], [102.00657, 6.75867], [102.01209, 6.75916], [102.0145, 6.75849], [102.01791, 6.75459], [102.01865, 6.75106], [102.01731, 6.74386], [102.01298, 6.73864], [102.002, 6.72891], [101.99868, 6.72173], [102.00182, 6.72329]]]}, "properties": {"feature_type": "field", "feature_class": "Gas/Oil Field (offshore, undifferentiated)", "inset": "peninsular", "candidate_name": null, "name_source": "unlabeled", "label_gap_px": null, "area_px": 46.0, "longitude": 101.99706, "latitude": 6.73912}}, {"type": "Feature", "geometry": {"type": "Polygon", "coordinates": [[[102.11351, 6.09419], [102.11888, 6.08677], [102.12074, 6.08004], [102.11857, 6.07365], [102.11318, 6.07029], [102.10107, 6.06864], [102.08496, 6.07037], [102.07159, 6.07512], [102.06124, 6.08051], [102.05218, 6.08726], [102.04848, 6.09113], [102.04344, 6.09986], [102.04139, 6.11973], [102.04252, 6.13027], [102.04415, 6.13474], [102.04671, 6.13824], [102.05038, 6.14046], [102.05533, 6.14106], [102.06175, 6.13974], [102.074, 6.13432], [102.08473, 6.13392], [102.08832, 6.13266], [102.09798, 6.1204], [102.10947, 6.10856], [102.11643, 6.09251], [102.11351, 6.09419]]]}, "properties": {"feature_type": "field", "feature_class": "Gas/Oil Field (offshore, undifferentiated)", "inset": "peninsular", "candidate_name": null, "name_source": "unlabeled", "label_gap_px": null, "area_px": 125.8, "longitude": 102.07836, "latitude": 6.10306}}, {"type": "Feature", "geometry": {"type": "Polygon", "coordinates": [[[102.42631, 6.41159], [102.42466, 6.40964], [102.42633, 6.41082], [102.42653, 6.40419], [102.42505, 6.39958], [102.42219, 6.39734], [102.41826, 6.39707], [102.41357, 6.39838], [102.4032, 6.40407], [102.38985, 6.41425], [102.38574, 6.4182], [102.37951, 6.42725], [102.37741, 6.43224], [102.37531, 6.44292], [102.37608, 6.45417], [102.38142, 6.46851], [102.38561, 6.47351], [102.3909, 6.47723], [102.40036, 6.48023], [102.41168, 6.47968], [102.41637, 6.47669], [102.41868, 6.46467], [102.42201, 6.46003], [102.4243, 6.46042], [102.43619, 6.4668], [102.44469, 6.46805], [102.45, 6.46647], [102.45756, 6.46228], [102.4638, 6.45635], [102.46676, 6.45167], [102.4701, 6.43837], [102.47057, 6.42068], [102.46844, 6.4101], [102.46644, 6.406], [102.46374, 6.40305], [102.45899, 6.40099], [102.45387, 6.40103], [102.44395, 6.40504], [102.43333, 6.41272], [102.43102, 6.41318], [102.42732, 6.41152], [102.43016, 6.41356], [102.42631, 6.41159]]]}, "properties": {"feature_type": "field", "feature_class": "Gas/Oil Field (offshore, undifferentiated)", "inset": "peninsular", "candidate_name": null, "name_source": "unlabeled", "label_gap_px": null, "area_px": 182.2, "longitude": 102.42249, "latitude": 6.43789}}, {"type": "Feature", "geometry": {"type": "Polygon", "coordinates": [[[102.70642, 6.0338], [102.70526, 6.02713], [102.70247, 6.0209], [102.69775, 6.01495], [102.69235, 6.01105], [102.68837, 6.01217], [102.67924, 6.02086], [102.67236, 6.02428], [102.66623, 6.02502], [102.65587, 6.02382], [102.65217, 6.02459], [102.64985, 6.02722], [102.64973, 6.03251], [102.65589, 6.04053], [102.65705, 6.04393], [102.65472, 6.05649], [102.65568, 6.06173], [102.65809, 6.06383], [102.66218, 6.06454], [102.66747, 6.06374], [102.68422, 6.05748], [102.68952, 6.05727], [102.69899, 6.05872], [102.70207, 6.0582], [102.70519, 6.05331], [102.70602, 6.0443], [102.71151, 6.03888], [102.7113, 6.03601], [102.70992, 6.03413], [102.70807, 6.03334], [102.70642, 6.0338]]]}, "properties": {"feature_type": "field", "feature_class": "Gas/Oil Field (offshore, undifferentiated)", "inset": "peninsular", "candidate_name": null, "name_source": "unlabeled", "label_gap_px": null, "area_px": 67.6, "longitude": 102.68056, "latitude": 6.03945}}, {"type": "Feature", "geometry": {"type": "Polygon", "coordinates": [[[102.63693, 6.02519], [102.63263, 6.00849], [102.62913, 6.00353], [102.62538, 6.00103], [102.61912, 5.99897], [102.6146, 5.993], [102.60978, 5.99073], [102.60656, 5.99039], [102.60008, 5.99151], [102.58227, 6.00076], [102.58233, 6.00916], [102.58385, 6.0159], [102.58633, 6.0199], [102.59045, 6.02379], [102.59575, 6.02669], [102.60671, 6.03029], [102.61742, 6.03709], [102.63818, 6.04254], [102.64039, 6.04077], [102.64145, 6.03397], [102.63693, 6.02519]]]}, "properties": {"feature_type": "field", "feature_class": "Gas/Oil Field (offshore, undifferentiated)", "inset": "peninsular", "candidate_name": null, "name_source": "unlabeled", "label_gap_px": null, "area_px": 62.3, "longitude": 102.61183, "latitude": 6.01546}}, {"type": "Feature", "geometry": {"type": "Polygon", "coordinates": [[[102.52251, 6.25213], [102.52397, 6.25432], [102.52261, 6.24845], [102.52064, 6.2465], [102.51496, 6.24411], [102.48644, 6.24102], [102.47685, 6.24189], [102.46224, 6.24808], [102.44534, 6.25277], [102.43669, 6.25753], [102.43177, 6.263], [102.42826, 6.27017], [102.42729, 6.27608], [102.42835, 6.2821], [102.43015, 6.28549], [102.43232, 6.28738], [102.43481, 6.28803], [102.44047, 6.28671], [102.4497, 6.28229], [102.4556, 6.28092], [102.45607, 6.28591], [102.45764, 6.28962], [102.46025, 6.29222], [102.46312, 6.29318], [102.46544, 6.29283], [102.47213, 6.2891], [102.47738, 6.28801], [102.49982, 6.28839], [102.51231, 6.28586], [102.51951, 6.28238], [102.5242, 6.27684], [102.52497, 6.26883], [102.52251, 6.25213]]]}, "properties": {"feature_type": "field", "feature_class": "Gas/Oil Field (offshore, undifferentiated)", "inset": "peninsular", "candidate_name": null, "name_source": "unlabeled", "label_gap_px": null, "area_px": 101.9, "longitude": 102.47923, "latitude": 6.26685}}, {"type": "Feature", "geometry": {"type": "Polygon", "coordinates": [[[102.53208, 5.4993], [102.5348, 5.49341], [102.55247, 5.47302], [102.55437, 5.46935], [102.55474, 5.466], [102.55318, 5.46307], [102.55024, 5.46157], [102.54653, 5.46186], [102.53767, 5.46648], [102.52824, 5.47417], [102.51162, 5.49041], [102.50571, 5.49725], [102.50093, 5.50513], [102.49932, 5.51305], [102.50035, 5.51669], [102.50294, 5.51994], [102.50734, 5.52269], [102.51138, 5.52377], [102.51957, 5.52228], [102.52338, 5.52007], [102.52961, 5.51366], [102.53282, 5.50582], [102.53208, 5.4993]]]}, "properties": {"feature_type": "field", "feature_class": "Gas/Oil Field (offshore, undifferentiated)", "inset": "peninsular", "candidate_name": null, "name_source": "unlabeled", "label_gap_px": null, "area_px": 95.8, "longitude": 102.52485, "latitude": 5.49456}}, {"type": "Feature", "geometry": {"type": "Polygon", "coordinates": [[[103.96304, 5.48925], [103.94028, 5.49115], [103.93862, 5.49217], [103.9383, 5.49388], [103.94072, 5.49629], [103.94702, 5.49868], [103.95433, 5.49941], [103.96124, 5.49882], [103.96414, 5.49693], [103.96539, 5.4932], [103.96522, 5.49034], [103.96304, 5.48925]]]}, "properties": {"feature_type": "field", "feature_class": "Gas/Oil Field (offshore, undifferentiated)", "inset": "peninsular", "candidate_name": "North West", "name_source": "vector text (unverified)", "label_gap_px": 2.1, "area_px": 5.7, "longitude": 103.95298, "latitude": 5.49427}}, {"type": "Feature", "geometry": {"type": "Polygon", "coordinates": [[[103.81492, 5.48346], [103.81402, 5.47869], [103.81026, 5.47658], [103.80451, 5.47695], [103.79956, 5.48029], [103.7934, 5.4918], [103.79248, 5.49574], [103.79319, 5.50821], [103.79507, 5.51194], [103.79665, 5.51311], [103.80149, 5.51336], [103.80558, 5.51116], [103.80762, 5.50754], [103.80975, 5.49467], [103.81547, 5.4948], [103.81784, 5.49259], [103.81765, 5.48326], [103.81492, 5.48346]]]}, "properties": {"feature_type": "field", "feature_class": "Gas/Oil Field (offshore, undifferentiated)", "inset": "peninsular", "candidate_name": "North West", "name_source": "vector text (unverified)", "label_gap_px": 0.0, "area_px": 19.8, "longitude": 103.80389, "latitude": 5.49404}}, {"type": "Feature", "geometry": {"type": "Polygon", "coordinates": [[[103.77964, 5.55224], [103.77863, 5.54643], [103.77564, 5.54491], [103.77205, 5.54507], [103.76845, 5.54739], [103.76517, 5.54786], [103.76374, 5.54964], [103.76394, 5.55598], [103.76702, 5.55747], [103.7711, 5.55759], [103.77507, 5.55312], [103.77964, 5.55224]]]}, "properties": {"feature_type": "field", "feature_class": "Gas/Oil Field (offshore, undifferentiated)", "inset": "peninsular", "candidate_name": "Beranang", "name_source": "vector text (unverified)", "label_gap_px": 0.0, "area_px": 4.6, "longitude": 103.77115, "latitude": 5.55108}}, {"type": "Feature", "geometry": {"type": "Polygon", "coordinates": [[[103.69744, 5.40749], [103.69473, 5.41077], [103.68779, 5.41413], [103.66733, 5.41564], [103.66051, 5.41876], [103.65571, 5.4262], [103.65262, 5.43708], [103.6529, 5.44373], [103.65405, 5.44631], [103.65897, 5.44916], [103.66732, 5.44848], [103.68644, 5.44279], [103.6906, 5.44283], [103.69411, 5.44441], [103.69502, 5.44562], [103.69491, 5.44838], [103.68764, 5.45898], [103.68609, 5.47178], [103.68308, 5.47771], [103.68391, 5.48033], [103.68835, 5.48198], [103.69533, 5.48189], [103.69972, 5.47942], [103.70225, 5.47576], [103.70897, 5.46055], [103.71268, 5.4562], [103.71956, 5.4511], [103.72746, 5.44754], [103.73386, 5.44583], [103.73845, 5.44584], [103.74676, 5.4479], [103.75026, 5.44686], [103.75263, 5.4428], [103.75319, 5.43076], [103.75721, 5.42245], [103.75629, 5.41746], [103.75141, 5.41226], [103.7475, 5.40493], [103.74482, 5.40218], [103.74167, 5.40121], [103.72987, 5.40072], [103.71824, 5.39513], [103.71071, 5.39443], [103.70461, 5.39534], [103.70249, 5.39739], [103.70069, 5.40359], [103.69834, 5.407], [103.70067, 5.40822], [103.69744, 5.40749]]]}, "properties": {"feature_type": "field", "feature_class": "Gas/Oil Field (offshore, undifferentiated)", "inset": "peninsular", "candidate_name": "North West", "name_source": "vector text (unverified)", "label_gap_px": 0.5, "area_px": 172.8, "longitude": 103.7071, "latitude": 5.43144}}, {"type": "Feature", "geometry": {"type": "Polygon", "coordinates": [[[103.72016, 5.51206], [103.71232, 5.50613], [103.7061, 5.5054], [103.70155, 5.50619], [103.70062, 5.5076], [103.70109, 5.50967], [103.70609, 5.51374], [103.70646, 5.51622], [103.70453, 5.51732], [103.69734, 5.51723], [103.69402, 5.51836], [103.69261, 5.52056], [103.69246, 5.52521], [103.68571, 5.52873], [103.68338, 5.53362], [103.67844, 5.53756], [103.6783, 5.53968], [103.67998, 5.5408], [103.68239, 5.5407], [103.6905, 5.53784], [103.69542, 5.53733], [103.69694, 5.53798], [103.69857, 5.54085], [103.70158, 5.54196], [103.70829, 5.54009], [103.71382, 5.54179], [103.71844, 5.5385], [103.72313, 5.54002], [103.72581, 5.5395], [103.72693, 5.53682], [103.72583, 5.53203], [103.72719, 5.52583], [103.72163, 5.5166], [103.72073, 5.51324], [103.71951, 5.51248], [103.72016, 5.51206]]]}, "properties": {"feature_type": "field", "feature_class": "Gas/Oil Field (offshore, undifferentiated)", "inset": "peninsular", "candidate_name": "North West", "name_source": "vector text (unverified)", "label_gap_px": 2.6, "area_px": 35.2, "longitude": 103.70696, "latitude": 5.52675}}, {"type": "Feature", "geometry": {"type": "MultiPolygon", "coordinates": [[[[103.66859, 5.66493], [103.6735, 5.65788], [103.68526, 5.65271], [103.68525, 5.64827], [103.68348, 5.64435], [103.67609, 5.63829], [103.66586, 5.63501], [103.6556, 5.63499], [103.65133, 5.63635], [103.64809, 5.63871], [103.64376, 5.64692], [103.64033, 5.64975], [103.6268, 5.65233], [103.62346, 5.65387], [103.62096, 5.65724], [103.61775, 5.66671], [103.61462, 5.66919], [103.60661, 5.6728], [103.60432, 5.67559], [103.60393, 5.6801], [103.60748, 5.68352], [103.63237, 5.69685], [103.63963, 5.69765], [103.66187, 5.69642], [103.66835, 5.69352], [103.67027, 5.68949], [103.66991, 5.68529], [103.66461, 5.67412], [103.66512, 5.67047], [103.66928, 5.66476], [103.66859, 5.66493]]], [[[103.67158, 5.66419], [103.67159, 5.66419], [103.67179, 5.66414], [103.67158, 5.66419]]]]}, "properties": {"feature_type": "field", "feature_class": "Gas/Oil Field (offshore, undifferentiated)", "inset": "peninsular", "candidate_name": "Beranang", "name_source": "vector text (unverified)", "label_gap_px": 11.0, "area_px": 113.7, "longitude": 103.64633, "latitude": 5.66816}}, {"type": "Feature", "geometry": {"type": "Polygon", "coordinates": [[[103.52832, 5.67126], [103.51078, 5.66424], [103.50009, 5.65366], [103.49356, 5.65137], [103.48481, 5.65273], [103.46856, 5.66052], [103.44786, 5.66162], [103.44374, 5.66399], [103.44202, 5.66608], [103.43703, 5.68199], [103.42684, 5.69219], [103.42474, 5.69806], [103.42642, 5.7015], [103.43092, 5.70447], [103.46382, 5.71485], [103.46916, 5.71509], [103.48338, 5.71161], [103.49792, 5.71359], [103.52202, 5.70418], [103.52911, 5.69988], [103.53401, 5.69475], [103.53652, 5.69453], [103.54022, 5.6923], [103.54221, 5.68637], [103.541, 5.68215], [103.5379, 5.67911], [103.53662, 5.67592], [103.52832, 5.67126]]]}, "properties": {"feature_type": "field", "feature_class": "Gas/Oil Field (offshore, undifferentiated)", "inset": "peninsular", "candidate_name": "Meranti", "name_source": "vector text (unverified)", "label_gap_px": 19.3, "area_px": 148.5, "longitude": 103.48271, "latitude": 5.68577}}, {"type": "Feature", "geometry": {"type": "Polygon", "coordinates": [[[103.3943, 5.70556], [103.39446, 5.70651], [103.39241, 5.70734], [103.3877, 5.70746], [103.37018, 5.70214], [103.35978, 5.70141], [103.3513, 5.70231], [103.34695, 5.70476], [103.33922, 5.71314], [103.32668, 5.71914], [103.31927, 5.72151], [103.31917, 5.72447], [103.32128, 5.72865], [103.32816, 5.73159], [103.33982, 5.73187], [103.35103, 5.72929], [103.35487, 5.73049], [103.36137, 5.7348], [103.36636, 5.73508], [103.37416, 5.72859], [103.38591, 5.72641], [103.39641, 5.72148], [103.40205, 5.72117], [103.40207, 5.71729], [103.40033, 5.71204], [103.3943, 5.70556]]]}, "properties": {"feature_type": "field", "feature_class": "Gas/Oil Field (offshore, undifferentiated)", "inset": "peninsular", "candidate_name": "Kapal", "name_source": "vector text (unverified)", "label_gap_px": 28.9, "area_px": 53.6, "longitude": 103.3618, "latitude": 5.71814}}, {"type": "Feature", "geometry": {"type": "Polygon", "coordinates": [[[103.28035, 5.71079], [103.27028, 5.70928], [103.2535, 5.7112], [103.23604, 5.71053], [103.23201, 5.71177], [103.22644, 5.71797], [103.22059, 5.7188], [103.21791, 5.71765], [103.21356, 5.71304], [103.20534, 5.6974], [103.20156, 5.69329], [103.19551, 5.69007], [103.19201, 5.69039], [103.19056, 5.69141], [103.18852, 5.69539], [103.18802, 5.70033], [103.19398, 5.71601], [103.19423, 5.72869], [103.19264, 5.73946], [103.18366, 5.7664], [103.18053, 5.78169], [103.18047, 5.79285], [103.18338, 5.79841], [103.18989, 5.80125], [103.19427, 5.80125], [103.19785, 5.80013], [103.20299, 5.79522], [103.20613, 5.78791], [103.21309, 5.75978], [103.21679, 5.75286], [103.22221, 5.74788], [103.22984, 5.7458], [103.23464, 5.74615], [103.24503, 5.75014], [103.24806, 5.74886], [103.25406, 5.74119], [103.2567, 5.73944], [103.26218, 5.7389], [103.2742, 5.7429], [103.27908, 5.74227], [103.28168, 5.74064], [103.28447, 5.73724], [103.28666, 5.73244], [103.28801, 5.72437], [103.28604, 5.7179], [103.2813, 5.7176], [103.28035, 5.71079]]]}, "properties": {"feature_type": "field", "feature_class": "Gas/Oil Field (offshore, undifferentiated)", "inset": "peninsular", "candidate_name": "Kapal", "name_source": "vector text (unverified)", "label_gap_px": 35.6, "area_px": 237.8, "longitude": 103.22318, "latitude": 5.73943}}, {"type": "Feature", "geometry": {"type": "Polygon", "coordinates": [[[103.42652, 5.36089], [103.42624, 5.34881], [103.4247, 5.34409], [103.4211, 5.34109], [103.4146, 5.34042], [103.39716, 5.34587], [103.38533, 5.34636], [103.38059, 5.34889], [103.37392, 5.3556], [103.37017, 5.3568], [103.3678, 5.3562], [103.35573, 5.34867], [103.35155, 5.34774], [103.34678, 5.34858], [103.33954, 5.35227], [103.3323, 5.35776], [103.32922, 5.36174], [103.32863, 5.36542], [103.33161, 5.37048], [103.34283, 5.37658], [103.35055, 5.38412], [103.35461, 5.38471], [103.36611, 5.38211], [103.3707, 5.38284], [103.3812, 5.38676], [103.38576, 5.3871], [103.40294, 5.38137], [103.41066, 5.37499], [103.42257, 5.36979], [103.42489, 5.36678], [103.42538, 5.36161], [103.42787, 5.36226], [103.42652, 5.36089]]]}, "properties": {"feature_type": "field", "feature_class": "Gas/Oil Field (offshore, undifferentiated)", "inset": "peninsular", "candidate_name": "North West", "name_source": "vector text (unverified)", "label_gap_px": 44.4, "area_px": 87.9, "longitude": 103.38079, "latitude": 5.36429}}, {"type": "Feature", "geometry": {"type": "Polygon", "coordinates": [[[103.9338, 5.22551], [103.92872, 5.22205], [103.92058, 5.21868], [103.90695, 5.21622], [103.89901, 5.21732], [103.89594, 5.21894], [103.89321, 5.22154], [103.89134, 5.22693], [103.89184, 5.22966], [103.89482, 5.23502], [103.90626, 5.24692], [103.91426, 5.25238], [103.923, 5.25411], [103.92921, 5.25239], [103.93243, 5.25049], [103.93604, 5.24746], [103.93846, 5.24372], [103.9394, 5.23872], [103.93877, 5.2332], [103.9338, 5.22551]]]}, "properties": {"feature_type": "field", "feature_class": "Gas/Oil Field (offshore, undifferentiated)", "inset": "peninsular", "candidate_name": "North West", "name_source": "vector text (unverified)", "label_gap_px": 30.4, "area_px": 44.7, "longitude": 103.91624, "latitude": 5.23425}}, {"type": "Feature", "geometry": {"type": "Polygon", "coordinates": [[[103.73819, 5.29056], [103.73453, 5.29253], [103.72879, 5.29289], [103.72388, 5.2909], [103.71879, 5.29056], [103.7106, 5.28665], [103.70869, 5.28949], [103.71226, 5.29774], [103.71658, 5.30229], [103.72326, 5.30533], [103.73296, 5.30678], [103.73718, 5.30637], [103.73913, 5.30396], [103.74029, 5.29065], [103.73819, 5.29056]]]}, "properties": {"feature_type": "field", "feature_class": "Gas/Oil Field (offshore, undifferentiated)", "inset": "peninsular", "candidate_name": "North West", "name_source": "vector text (unverified)", "label_gap_px": 23.8, "area_px": 13.6, "longitude": 103.72562, "latitude": 5.29749}}, {"type": "Feature", "geometry": {"type": "Polygon", "coordinates": [[[104.08193, 5.25176], [104.06813, 5.24172], [104.05643, 5.23912], [104.05026, 5.23321], [104.04535, 5.23149], [104.04149, 5.23203], [104.03808, 5.23397], [104.02883, 5.24372], [104.02804, 5.24606], [104.0287, 5.2509], [104.03366, 5.25405], [104.04549, 5.2725], [104.05194, 5.27839], [104.05541, 5.2796], [104.05899, 5.27918], [104.06572, 5.27474], [104.07367, 5.27459], [104.07488, 5.2677], [104.07935, 5.26306], [104.08103, 5.25821], [104.08193, 5.25176]], [[104.0786, 5.24966], [104.08133, 5.25202], [104.08007, 5.25094], [104.0786, 5.24966]]]}, "properties": {"feature_type": "field", "feature_class": "Gas/Oil Field (offshore, undifferentiated)", "inset": "peninsular", "candidate_name": "Ketumbar", "name_source": "vector text (unverified)", "label_gap_px": 20.9, "area_px": 57.8, "longitude": 104.05511, "latitude": 5.25521}}, {"type": "Feature", "geometry": {"type": "Polygon", "coordinates": [[[104.08233, 5.33088], [104.06365, 5.32762], [104.05688, 5.32856], [104.05376, 5.33121], [104.05243, 5.33501], [104.05296, 5.34655], [104.0573, 5.34725], [104.06244, 5.34499], [104.06647, 5.34472], [104.07821, 5.35086], [104.08336, 5.3519], [104.08538, 5.35132], [104.08619, 5.34878], [104.08502, 5.33754], [104.08404, 5.33317], [104.08233, 5.33088]]]}, "properties": {"feature_type": "field", "feature_class": "Gas/Oil Field (offshore, undifferentiated)", "inset": "peninsular", "candidate_name": "Ketumbar", "name_source": "vector text (unverified)", "label_gap_px": 12.3, "area_px": 17.7, "longitude": 104.06966, "latitude": 5.33883}}, {"type": "Feature", "geometry": {"type": "Polygon", "coordinates": [[[101.72523, 7.311], [101.71465, 7.33045], [101.71523, 7.33574], [101.71747, 7.33805], [101.72137, 7.3401], [101.72596, 7.34102], [101.74338, 7.33879], [101.75511, 7.33989], [101.75735, 7.34286], [101.76406, 7.36069], [101.77986, 7.37123], [101.78945, 7.37567], [101.8026, 7.37848], [101.82162, 7.38022], [101.82932, 7.38015], [101.83853, 7.37792], [101.84502, 7.37289], [101.84917, 7.36561], [101.85139, 7.35665], [101.8516, 7.33586], [101.84618, 7.29839], [101.84568, 7.28822], [101.84677, 7.27306], [101.85143, 7.23786], [101.85315, 7.23002], [101.85614, 7.22294], [101.86641, 7.21248], [101.86856, 7.20557], [101.85814, 7.20062], [101.85383, 7.19966], [101.84627, 7.20015], [101.82374, 7.21102], [101.80492, 7.21811], [101.79964, 7.22164], [101.79078, 7.22995], [101.77946, 7.23556], [101.77619, 7.24249], [101.77452, 7.25865], [101.77062, 7.26703], [101.75693, 7.28217], [101.74677, 7.29953], [101.73655, 7.3086], [101.73246, 7.31396], [101.72523, 7.311]]]}, "properties": {"feature_type": "field", "feature_class": "Gas/Oil Field (offshore, undifferentiated)", "inset": "peninsular", "candidate_name": null, "name_source": "unlabeled", "label_gap_px": null, "area_px": 544.5, "longitude": 101.80325, "latitude": 7.29893}}, {"type": "Feature", "geometry": {"type": "Polygon", "coordinates": [[[102.39501, 7.33553], [102.3923, 7.33122], [102.38862, 7.32913], [102.37495, 7.32812], [102.36387, 7.32449], [102.36029, 7.32453], [102.35695, 7.32655], [102.35455, 7.33078], [102.35332, 7.33631], [102.35341, 7.34317], [102.36393, 7.34324], [102.36999, 7.3452], [102.37225, 7.34908], [102.37266, 7.35212], [102.37108, 7.35973], [102.37237, 7.36402], [102.38941, 7.37457], [102.39502, 7.37662], [102.40051, 7.37706], [102.40479, 7.37475], [102.40612, 7.3722], [102.40529, 7.36945], [102.40173, 7.36741], [102.38943, 7.36333], [102.3868, 7.36037], [102.3858, 7.35751], [102.38729, 7.35197], [102.39466, 7.34114], [102.39501, 7.33553]]]}, "properties": {"feature_type": "field", "feature_class": "Gas/Oil Field (offshore, undifferentiated)", "inset": "peninsular", "candidate_name": "Samudra North", "name_source": "vector text (unverified)", "label_gap_px": 17.1, "area_px": 59.7, "longitude": 102.37881, "latitude": 7.34735}}, {"type": "Feature", "geometry": {"type": "Polygon", "coordinates": [[[102.63914, 7.13737], [102.63925, 7.12699], [102.64383, 7.12629], [102.65596, 7.11958], [102.65755, 7.11676], [102.65563, 7.11302], [102.64789, 7.11022], [102.64119, 7.1103], [102.63119, 7.11965], [102.62215, 7.12607], [102.6188, 7.12997], [102.6181, 7.13212], [102.61967, 7.13682], [102.63344, 7.14222], [102.63761, 7.14037], [102.63914, 7.13737]]]}, "properties": {"feature_type": "field", "feature_class": "Gas/Oil Field (offshore, undifferentiated)", "inset": "peninsular", "candidate_name": "Samudra North", "name_source": "vector text (unverified)", "label_gap_px": 2.4, "area_px": 27.6, "longitude": 102.63666, "latitude": 7.12535}}, {"type": "Feature", "geometry": {"type": "Polygon", "coordinates": [[[101.57085, 7.30852], [101.572, 7.29813], [101.57125, 7.29228], [101.56838, 7.28759], [101.5599, 7.27891], [101.5584, 7.27423], [101.55735, 7.26393], [101.55535, 7.26017], [101.5519, 7.25742], [101.54293, 7.25521], [101.53207, 7.25449], [101.52486, 7.25613], [101.52283, 7.26146], [101.52255, 7.27591], [101.52465, 7.29052], [101.52686, 7.29613], [101.53185, 7.29898], [101.54679, 7.30268], [101.56394, 7.31546], [101.5653, 7.31068], [101.57085, 7.30852]]]}, "properties": {"feature_type": "field", "feature_class": "Gas/Oil Field (offshore, undifferentiated)", "inset": "peninsular", "candidate_name": null, "name_source": "unlabeled", "label_gap_px": null, "area_px": 58.4, "longitude": 101.54566, "latitude": 7.28258}}, {"type": "Feature", "geometry": {"type": "Polygon", "coordinates": [[[102.06748, 7.49849], [102.06986, 7.50039], [102.06787, 7.50602], [102.0683, 7.50728], [102.07189, 7.50816], [102.07821, 7.50327], [102.08123, 7.50307], [102.08749, 7.50483], [102.0904, 7.50812], [102.09343, 7.50889], [102.09421, 7.50478], [102.09902, 7.4958], [102.10056, 7.49581], [102.10309, 7.4976], [102.10313, 7.50494], [102.10537, 7.50545], [102.10703, 7.50476], [102.11165, 7.49543], [102.10773, 7.49006], [102.10772, 7.48643], [102.10877, 7.48434], [102.10785, 7.48506], [102.11342, 7.48029], [102.12109, 7.48032], [102.12315, 7.4767], [102.12379, 7.4706], [102.12122, 7.46088], [102.11907, 7.45868], [102.11605, 7.46268], [102.11215, 7.46268], [102.10888, 7.46549], [102.09885, 7.46731], [102.08534, 7.46648], [102.08118, 7.4653], [102.07861, 7.46717], [102.07982, 7.47147], [102.07782, 7.47282], [102.07186, 7.47357], [102.06557, 7.47803], [102.06434, 7.47989], [102.05356, 7.48438], [102.05416, 7.48675], [102.06274, 7.48656], [102.07049, 7.4891], [102.07179, 7.4931], [102.06748, 7.49849]]]}, "properties": {"feature_type": "field", "feature_class": "Gas/Oil Field (offshore, undifferentiated)", "inset": "peninsular", "candidate_name": null, "name_source": "unlabeled", "label_gap_px": null, "area_px": 64.1, "longitude": 102.09189, "latitude": 7.48387}}, {"type": "Feature", "geometry": {"type": "Polygon", "coordinates": [[[102.07663, 7.46657], [102.0881, 7.4666], [102.0893, 7.46817], [102.09447, 7.46728], [102.10409, 7.46763], [102.10425, 7.46655], [102.10791, 7.46424], [102.11234, 7.46388], [102.11786, 7.45941], [102.11867, 7.45611], [102.1204, 7.45436], [102.12656, 7.4505], [102.13676, 7.44992], [102.13505, 7.44821], [102.13431, 7.44911], [102.13389, 7.4485], [102.13319, 7.4398], [102.12754, 7.44468], [102.12691, 7.44321], [102.12536, 7.4432], [102.12361, 7.44136], [102.12167, 7.44135], [102.11777, 7.44518], [102.11487, 7.44638], [102.11271, 7.44644], [102.11046, 7.44493], [102.10547, 7.44392], [102.0964, 7.44636], [102.08483, 7.45425], [102.07964, 7.45637], [102.07854, 7.45584], [102.07314, 7.45844], [102.06811, 7.46299], [102.06847, 7.46559], [102.07566, 7.46527], [102.07663, 7.46657]]]}, "properties": {"feature_type": "field", "feature_class": "Gas/Oil Field (offshore, undifferentiated)", "inset": "peninsular", "candidate_name": "Samudra North", "name_source": "vector text (unverified)", "label_gap_px": 44.5, "area_px": 36.4, "longitude": 102.1019, "latitude": 7.45562}}, {"type": "Feature", "geometry": {"type": "Polygon", "coordinates": [[[102.16746, 7.3933], [102.16477, 7.39862], [102.16597, 7.40238], [102.16752, 7.40377], [102.18177, 7.40419], [102.18765, 7.40812], [102.19711, 7.41196], [102.20246, 7.40941], [102.20714, 7.40585], [102.20816, 7.40213], [102.20792, 7.39992], [102.20352, 7.39457], [102.19821, 7.39197], [102.19266, 7.39359], [102.1894, 7.39116], [102.18895, 7.38766], [102.18753, 7.38625], [102.17961, 7.386], [102.17698, 7.38675], [102.16725, 7.39187], [102.16746, 7.3933]]]}, "properties": {"feature_type": "field", "feature_class": "Gas/Oil Field (offshore, undifferentiated)", "inset": "peninsular", "candidate_name": "Samudra North", "name_source": "vector text (unverified)", "label_gap_px": 32.9, "area_px": 20.1, "longitude": 102.18684, "latitude": 7.39861}}, {"type": "Feature", "geometry": {"type": "Polygon", "coordinates": [[[102.48652, 7.21665], [102.48558, 7.22016], [102.48419, 7.22152], [102.48226, 7.22738], [102.48279, 7.22784], [102.48206, 7.2278], [102.48625, 7.22843], [102.49152, 7.22782], [102.49604, 7.22612], [102.50088, 7.22613], [102.5041, 7.22357], [102.50693, 7.22308], [102.519, 7.21647], [102.52395, 7.21025], [102.52308, 7.20128], [102.5238, 7.19073], [102.52191, 7.19053], [102.51608, 7.19304], [102.51339, 7.19614], [102.51017, 7.20255], [102.50842, 7.20437], [102.50687, 7.20436], [102.49939, 7.21113], [102.49523, 7.21362], [102.48652, 7.21665]]]}, "properties": {"feature_type": "field", "feature_class": "Gas/Oil Field (offshore, undifferentiated)", "inset": "peninsular", "candidate_name": "Samudra North", "name_source": "vector text (unverified)", "label_gap_px": 0.0, "area_px": 30.8, "longitude": 102.50667, "latitude": 7.21252}}, {"type": "Feature", "geometry": {"type": "Polygon", "coordinates": [[[102.53072, 7.13575], [102.50134, 7.15207], [102.49718, 7.15276], [102.49447, 7.15975], [102.49252, 7.16082], [102.47377, 7.16163], [102.45972, 7.16628], [102.4586, 7.16745], [102.45792, 7.17074], [102.45643, 7.17191], [102.44473, 7.1762], [102.43836, 7.18472], [102.43813, 7.18797], [102.44252, 7.19114], [102.45089, 7.19189], [102.45248, 7.19085], [102.45421, 7.18488], [102.45622, 7.18265], [102.46728, 7.1788], [102.47591, 7.17032], [102.48634, 7.16928], [102.48539, 7.17511], [102.48599, 7.19039], [102.48908, 7.18089], [102.50178, 7.16795], [102.50622, 7.16165], [102.52195, 7.1509], [102.5274, 7.14376], [102.53446, 7.13686], [102.53072, 7.13575]]]}, "properties": {"feature_type": "field", "feature_class": "Gas/Oil Field (offshore, undifferentiated)", "inset": "peninsular", "candidate_name": "Samudra North", "name_source": "vector text (unverified)", "label_gap_px": 0.0, "area_px": 100.9, "longitude": 102.48294, "latitude": 7.16689}}, {"type": "Feature", "geometry": {"type": "Polygon", "coordinates": [[[102.41432, 7.28095], [102.40439, 7.27469], [102.40154, 7.27124], [102.40072, 7.26776], [102.39349, 7.26778], [102.38834, 7.26895], [102.38429, 7.27139], [102.38252, 7.27537], [102.38284, 7.27803], [102.38575, 7.28018], [102.38955, 7.28592], [102.39777, 7.29295], [102.40068, 7.29707], [102.40561, 7.30807], [102.40872, 7.32443], [102.41283, 7.33202], [102.4144, 7.32395], [102.41645, 7.29053], [102.41618, 7.28547], [102.41432, 7.28095]]]}, "properties": {"feature_type": "field", "feature_class": "Gas/Oil Field (offshore, undifferentiated)", "inset": "peninsular", "candidate_name": "Samudra North", "name_source": "vector text (unverified)", "label_gap_px": 9.9, "area_px": 43.8, "longitude": 102.40347, "latitude": 7.29109}}, {"type": "Feature", "geometry": {"type": "Polygon", "coordinates": [[[102.04321, 6.48955], [102.03804, 6.48667], [102.0288, 6.48547], [102.02464, 6.48614], [102.01792, 6.4898], [102.01373, 6.49365], [102.01126, 6.49903], [102.01122, 6.50441], [102.01328, 6.50968], [102.01572, 6.51144], [102.01942, 6.5116], [102.03057, 6.50912], [102.03582, 6.50692], [102.04094, 6.50125], [102.04395, 6.49229], [102.04395, 6.48956], [102.04269, 6.48866], [102.04321, 6.48955]]]}, "properties": {"feature_type": "field", "feature_class": "Gas/Oil Field (offshore, undifferentiated)", "inset": "peninsular", "candidate_name": null, "name_source": "unlabeled", "label_gap_px": null, "area_px": 17.5, "longitude": 102.02691, "latitude": 6.49826}}, {"type": "Feature", "geometry": {"type": "Polygon", "coordinates": [[[104.0242, 5.35412], [104.01712, 5.35329], [104.01256, 5.35049], [104.01202, 5.34847], [104.01307, 5.34162], [104.0117, 5.33885], [104.00723, 5.33822], [104.00283, 5.33888], [103.99689, 5.34989], [103.9963, 5.35551], [103.99123, 5.35933], [103.98992, 5.36497], [103.98528, 5.37174], [103.98851, 5.37358], [103.99389, 5.37424], [103.99767, 5.37342], [104.00087, 5.37003], [104.0028, 5.36932], [104.0101, 5.37055], [104.02793, 5.36967], [104.02885, 5.36802], [104.02845, 5.36409], [104.02736, 5.36096], [104.02372, 5.35734], [104.0242, 5.35412]]]}, "properties": {"feature_type": "field", "feature_class": "Gas/Oil Field (offshore, undifferentiated)", "inset": "peninsular", "candidate_name": "Ketumbar", "name_source": "vector text (unverified)", "label_gap_px": 13.8, "area_px": 29.6, "longitude": 104.00725, "latitude": 5.35913}}, {"type": "Feature", "geometry": {"type": "Polygon", "coordinates": [[[104.11983, 5.36889], [104.11594, 5.36511], [104.11401, 5.3601], [104.11127, 5.35725], [104.10535, 5.3561], [104.10025, 5.35721], [104.09713, 5.36116], [104.09561, 5.36674], [104.09531, 5.37274], [104.09627, 5.37933], [104.09998, 5.38431], [104.10765, 5.38988], [104.11718, 5.39296], [104.12261, 5.39252], [104.12439, 5.39081], [104.12446, 5.38893], [104.12053, 5.38105], [104.11983, 5.36889]]]}, "properties": {"feature_type": "field", "feature_class": "Gas/Oil Field (offshore, undifferentiated)", "inset": "peninsular", "candidate_name": "Ketumbar", "name_source": "vector text (unverified)", "label_gap_px": 6.6, "area_px": 22.6, "longitude": 104.10894, "latitude": 5.37481}}, {"type": "Feature", "geometry": {"type": "Polygon", "coordinates": [[[103.62887, 5.01498], [103.62078, 5.00833], [103.61274, 5.00631], [103.60426, 5.00738], [103.5852, 5.01186], [103.58335, 5.01829], [103.58076, 5.02234], [103.55973, 5.03199], [103.5357, 5.05331], [103.53148, 5.0597], [103.52486, 5.07435], [103.5205, 5.08019], [103.51415, 5.08342], [103.50286, 5.08387], [103.49821, 5.08566], [103.495, 5.08872], [103.48747, 5.10096], [103.48161, 5.10541], [103.47122, 5.1078], [103.45576, 5.10673], [103.4377, 5.10382], [103.42927, 5.10598], [103.42354, 5.11213], [103.41831, 5.12526], [103.41519, 5.12963], [103.41, 5.13254], [103.39114, 5.135], [103.38632, 5.13885], [103.38452, 5.14228], [103.38293, 5.1495], [103.38228, 5.17322], [103.38304, 5.1743], [103.38552, 5.17483], [103.39868, 5.17282], [103.41641, 5.17785], [103.42164, 5.17853], [103.43659, 5.17724], [103.44573, 5.1748], [103.45445, 5.17111], [103.47114, 5.16097], [103.4868, 5.15381], [103.50745, 5.13749], [103.53539, 5.11928], [103.54475, 5.11016], [103.55557, 5.09583], [103.55607, 5.08915], [103.55441, 5.07565], [103.55608, 5.06905], [103.56381, 5.06072], [103.57899, 5.05139], [103.58531, 5.04593], [103.58761, 5.04251], [103.59141, 5.02992], [103.59565, 5.02749], [103.61466, 5.02531], [103.62709, 5.02159], [103.62868, 5.02058], [103.62958, 5.01706], [103.62887, 5.01498]]]}, "properties": {"feature_type": "field", "feature_class": "Gas/Oil Field (offshore, undifferentiated)", "inset": "peninsular", "candidate_name": "Kerteh 3 CG", "name_source": "vector text (unverified)", "label_gap_px": 36.7, "area_px": 808.0, "longitude": 103.48953, "latitude": 5.11041}}, {"type": "Feature", "geometry": {"type": "Polygon", "coordinates": [[[102.34626, 6.47833], [102.34784, 6.466], [102.34653, 6.45976], [102.33606, 6.44671], [102.32724, 6.43987], [102.31816, 6.43587], [102.30829, 6.43326], [102.27485, 6.43029], [102.24762, 6.42358], [102.23811, 6.42337], [102.21849, 6.42555], [102.19608, 6.42516], [102.16798, 6.43172], [102.14663, 6.4312], [102.14173, 6.43349], [102.13479, 6.44271], [102.12687, 6.45013], [102.12552, 6.45333], [102.12599, 6.45735], [102.13023, 6.46233], [102.15707, 6.47738], [102.17103, 6.48324], [102.17729, 6.48441], [102.2091, 6.48656], [102.27198, 6.49977], [102.29475, 6.50332], [102.3064, 6.50392], [102.31753, 6.50317], [102.3276, 6.50065], [102.33609, 6.49595], [102.34249, 6.48865], [102.34626, 6.47833]]]}, "properties": {"feature_type": "field", "feature_class": "Gas/Oil Field (offshore, undifferentiated)", "inset": "peninsular", "candidate_name": null, "name_source": "unlabeled", "label_gap_px": null, "area_px": 379.0, "longitude": 102.24486, "latitude": 6.4614}}, {"type": "Feature", "geometry": {"type": "Polygon", "coordinates": [[[102.39731, 6.22616], [102.39339, 6.22125], [102.38661, 6.21678], [102.35424, 6.20573], [102.33829, 6.20336], [102.33331, 6.20376], [102.32888, 6.20546], [102.32388, 6.21125], [102.31709, 6.22923], [102.3144, 6.23411], [102.30144, 6.24956], [102.29571, 6.25791], [102.29269, 6.26727], [102.2927, 6.27245], [102.2951, 6.28041], [102.30069, 6.2869], [102.31407, 6.29849], [102.32368, 6.31095], [102.32754, 6.31222], [102.32981, 6.31167], [102.33613, 6.30649], [102.34728, 6.29007], [102.35874, 6.27724], [102.37139, 6.26082], [102.38933, 6.24278], [102.39731, 6.22616]]]}, "properties": {"feature_type": "field", "feature_class": "Gas/Oil Field (offshore, undifferentiated)", "inset": "peninsular", "candidate_name": null, "name_source": "unlabeled", "label_gap_px": null, "area_px": 228.3, "longitude": 102.34067, "latitude": 6.25197}}, {"type": "Feature", "geometry": {"type": "Polygon", "coordinates": [[[102.28204, 6.27274], [102.27458, 6.26953], [102.273, 6.27296], [102.25949, 6.26818], [102.24339, 6.26792], [102.23815, 6.26934], [102.2284, 6.27415], [102.22431, 6.27496], [102.20705, 6.26947], [102.20066, 6.26938], [102.19472, 6.27103], [102.17414, 6.28284], [102.16967, 6.28675], [102.16677, 6.29211], [102.16456, 6.30039], [102.1642, 6.30901], [102.16543, 6.31334], [102.17056, 6.32054], [102.17817, 6.32602], [102.18698, 6.33006], [102.20053, 6.33398], [102.21044, 6.33472], [102.24083, 6.33374], [102.26131, 6.33737], [102.26651, 6.33662], [102.28418, 6.32972], [102.29202, 6.32504], [102.29959, 6.31732], [102.30093, 6.31136], [102.30013, 6.30151], [102.29723, 6.28941], [102.29236, 6.27869], [102.28775, 6.27377], [102.28503, 6.27265], [102.28204, 6.27274]]]}, "properties": {"feature_type": "field", "feature_class": "Gas/Oil Field (offshore, undifferentiated)", "inset": "peninsular", "candidate_name": null, "name_source": "unlabeled", "label_gap_px": null, "area_px": 175.7, "longitude": 102.23409, "latitude": 6.30254}}, {"type": "Feature", "geometry": {"type": "Polygon", "coordinates": [[[102.1464, 6.26418], [102.12589, 6.25754], [102.11627, 6.25633], [102.09003, 6.25881], [102.07286, 6.26208], [102.04325, 6.26028], [102.04001, 6.26121], [102.03604, 6.26441], [102.03329, 6.26537], [102.02356, 6.26548], [102.02149, 6.2676], [102.02015, 6.27638], [102.01847, 6.27957], [102.01575, 6.28181], [102.00627, 6.28622], [102.00418, 6.28841], [101.9997, 6.30077], [101.99912, 6.30882], [102.00244, 6.31255], [102.01406, 6.31657], [102.01972, 6.31954], [102.02282, 6.31983], [102.03416, 6.31414], [102.03496, 6.31192], [102.03491, 6.30512], [102.03704, 6.30266], [102.0485, 6.30212], [102.05612, 6.2996], [102.06377, 6.29963], [102.07152, 6.29544], [102.07774, 6.29423], [102.0806, 6.29035], [102.08884, 6.29381], [102.09287, 6.29443], [102.10715, 6.29007], [102.11421, 6.28991], [102.13247, 6.29579], [102.13845, 6.29638], [102.14073, 6.29501], [102.14319, 6.29012], [102.15149, 6.28714], [102.15401, 6.28346], [102.15227, 6.26893], [102.15115, 6.26758], [102.14768, 6.26735], [102.1464, 6.26418]]]}, "properties": {"feature_type": "field", "feature_class": "Gas/Oil Field (offshore, undifferentiated)", "inset": "peninsular", "candidate_name": null, "name_source": "unlabeled", "label_gap_px": null, "area_px": 178.3, "longitude": 102.07305, "latitude": 6.28219}}, {"type": "Feature", "geometry": {"type": "Polygon", "coordinates": [[[102.01, 6.22621], [102.0093, 6.21983], [102.00668, 6.21384], [102.00438, 6.21228], [101.99941, 6.21201], [101.98938, 6.21428], [101.96036, 6.2279], [101.95186, 6.23465], [101.94605, 6.24188], [101.94122, 6.26092], [101.94154, 6.26463], [101.94325, 6.26873], [101.94732, 6.27293], [101.95245, 6.27393], [101.96018, 6.2716], [101.97273, 6.26535], [101.98626, 6.25536], [101.99973, 6.24743], [102.00376, 6.24371], [102.009, 6.23406], [102.01116, 6.22562], [102.01, 6.22621]]]}, "properties": {"feature_type": "field", "feature_class": "Gas/Oil Field (offshore, undifferentiated)", "inset": "peninsular", "candidate_name": null, "name_source": "unlabeled", "label_gap_px": null, "area_px": 81.3, "longitude": 101.97524, "latitude": 6.24209}}, {"type": "Feature", "geometry": {"type": "Polygon", "coordinates": [[[103.60814, 4.49662], [103.59901, 4.48847], [103.59396, 4.48552], [103.58301, 4.48697], [103.57412, 4.49075], [103.57088, 4.49419], [103.56812, 4.49942], [103.55882, 4.5237], [103.55793, 4.52756], [103.5591, 4.53257], [103.56269, 4.53618], [103.56791, 4.53827], [103.57702, 4.53827], [103.58174, 4.53599], [103.58907, 4.52746], [103.6065, 4.51723], [103.60853, 4.51314], [103.61012, 4.50508], [103.60982, 4.50006], [103.60814, 4.49662]]]}, "properties": {"feature_type": "field", "feature_class": "Gas/Oil Field (offshore, undifferentiated)", "inset": "peninsular", "candidate_name": "Teluk Kalong CG", "name_source": "vector text (unverified)", "label_gap_px": 38.4, "area_px": 56.6, "longitude": 103.58354, "latitude": 4.5115}}, {"type": "Feature", "geometry": {"type": "Polygon", "coordinates": [[[103.11512, 6.68349], [103.0986, 6.69359], [103.09407, 6.70049], [103.09026, 6.7183], [103.08715, 6.72784], [103.0861, 6.74329], [103.08403, 6.75309], [103.07818, 6.76363], [103.06302, 6.77645], [103.06006, 6.78596], [103.06046, 6.78824], [103.06194, 6.78937], [103.06711, 6.78981], [103.07617, 6.78869], [103.0851, 6.77768], [103.08961, 6.77569], [103.0915, 6.77578], [103.09291, 6.78108], [103.09649, 6.78493], [103.10085, 6.78671], [103.10299, 6.78482], [103.10305, 6.78076], [103.10063, 6.77084], [103.09886, 6.75601], [103.10054, 6.73323], [103.10448, 6.71871], [103.11692, 6.69282], [103.11817, 6.68409], [103.11718, 6.68309], [103.11512, 6.68349]]]}, "properties": {"feature_type": "field", "feature_class": "Gas/Oil Field (offshore, undifferentiated)", "inset": "peninsular", "candidate_name": "Melati", "name_source": "vector text (unverified)", "label_gap_px": 0.0, "area_px": 114.5, "longitude": 103.09183, "latitude": 6.74371}}, {"type": "Feature", "geometry": {"type": "Polygon", "coordinates": [[[103.13865, 4.99099], [103.13152, 4.99617], [103.13541, 5.00391], [103.13532, 5.01063], [103.13858, 5.01136], [103.14051, 5.0108], [103.14211, 5.00893], [103.14396, 5.00208], [103.13865, 4.99099]]]}, "properties": {"feature_type": "field", "feature_class": "Gas/Oil Field (offshore, undifferentiated)", "inset": "peninsular", "candidate_name": "Kerteh 3 CG", "name_source": "vector text (unverified)", "label_gap_px": 28.1, "area_px": 5.5, "longitude": 103.13821, "latitude": 5.00149}}, {"type": "Feature", "geometry": {"type": "Polygon", "coordinates": [[[103.09492, 5.80856], [103.09208, 5.80621], [103.09156, 5.80034], [103.09548, 5.7815], [103.09431, 5.76663], [103.09704, 5.75124], [103.09594, 5.74944], [103.09346, 5.74877], [103.08886, 5.74983], [103.08395, 5.75272], [103.06712, 5.77053], [103.06336, 5.77636], [103.0565, 5.7923], [103.05178, 5.80048], [103.05068, 5.80612], [103.05171, 5.80972], [103.05558, 5.81471], [103.06754, 5.82186], [103.07605, 5.83212], [103.07882, 5.83343], [103.08128, 5.83027], [103.08548, 5.8174], [103.08977, 5.81367], [103.09609, 5.81094], [103.09612, 5.80834], [103.09492, 5.80856]]]}, "properties": {"feature_type": "field", "feature_class": "Gas/Oil Field (offshore, undifferentiated)", "inset": "peninsular", "candidate_name": null, "name_source": "unlabeled", "label_gap_px": null, "area_px": 81.7, "longitude": 103.07677, "latitude": 5.7918}}, {"type": "Feature", "geometry": {"type": "Polygon", "coordinates": [[[104.00227, 5.20073], [103.99668, 5.19871], [103.99072, 5.19754], [103.98362, 5.19042], [103.97377, 5.20423], [103.96264, 5.21015], [103.96122, 5.21294], [103.96141, 5.21776], [103.96303, 5.21922], [103.97268, 5.22101], [104.00294, 5.23214], [104.00851, 5.23258], [104.01529, 5.2308], [104.01959, 5.2272], [104.0197, 5.2232], [104.01561, 5.21748], [104.01176, 5.20969], [104.00523, 5.20446], [104.00227, 5.20073]]]}, "properties": {"feature_type": "field", "feature_class": "Gas/Oil Field (offshore, undifferentiated)", "inset": "peninsular", "candidate_name": "Ketumbar", "name_source": "vector text (unverified)", "label_gap_px": 30.1, "area_px": 46.1, "longitude": 103.99175, "latitude": 5.21422}}, {"type": "Feature", "geometry": {"type": "Polygon", "coordinates": [[[103.01277, 6.67386], [103.00272, 6.6646], [102.9996, 6.66434], [102.99773, 6.66533], [102.99265, 6.6728], [102.98572, 6.67885], [102.98451, 6.68161], [102.98532, 6.68659], [102.98941, 6.69437], [102.99165, 6.69607], [102.99628, 6.69663], [102.99958, 6.6994], [103.003, 6.69989], [103.00824, 6.69853], [103.01255, 6.69508], [103.02054, 6.69225], [103.02227, 6.68955], [103.02201, 6.6869], [103.01648, 6.68172], [103.01277, 6.67386]]]}, "properties": {"feature_type": "field", "feature_class": "Gas/Oil Field (offshore, undifferentiated)", "inset": "peninsular", "candidate_name": "Melati", "name_source": "vector text (unverified)", "label_gap_px": 16.9, "area_px": 27.0, "longitude": 103.00233, "latitude": 6.68367}}, {"type": "Feature", "geometry": {"type": "Polygon", "coordinates": [[[102.12353, 5.82673], [102.11101, 5.80685], [102.11076, 5.79754], [102.10571, 5.79859], [102.09749, 5.80653], [102.07927, 5.82982], [102.0753, 5.83749], [102.07412, 5.84534], [102.08733, 5.85028], [102.10604, 5.8522], [102.11182, 5.85155], [102.12223, 5.846], [102.12606, 5.84074], [102.12606, 5.83399], [102.12353, 5.82673]]]}, "properties": {"feature_type": "field", "feature_class": "Gas/Oil Field (offshore, undifferentiated)", "inset": "peninsular", "candidate_name": null, "name_source": "unlabeled", "label_gap_px": null, "area_px": 60.7, "longitude": 102.10178, "latitude": 5.83058}}, {"type": "Feature", "geometry": {"type": "Polygon", "coordinates": [[[103.83071, 6.20407], [103.83046, 6.20021], [103.82708, 6.19891], [103.81307, 6.20534], [103.80967, 6.20868], [103.80909, 6.21196], [103.8116, 6.21556], [103.81292, 6.22046], [103.81692, 6.22341], [103.81896, 6.22643], [103.82518, 6.22797], [103.82758, 6.22668], [103.83071, 6.20407]]]}, "properties": {"feature_type": "field", "feature_class": "Gas/Oil Field (offshore, undifferentiated)", "inset": "peninsular", "candidate_name": "Inas", "name_source": "vector text (unverified)", "label_gap_px": 2.5, "area_px": 12.1, "longitude": 103.82122, "latitude": 6.21309}}, {"type": "Feature", "geometry": {"type": "Polygon", "coordinates": [[[103.81528, 6.16592], [103.81367, 6.16351], [103.80573, 6.159], [103.80161, 6.15794], [103.7996, 6.15905], [103.79664, 6.16926], [103.79651, 6.17378], [103.79733, 6.17717], [103.80087, 6.18082], [103.80177, 6.18463], [103.80605, 6.18477], [103.81026, 6.18054], [103.81523, 6.1787], [103.81593, 6.17211], [103.81528, 6.16592]]]}, "properties": {"feature_type": "field", "feature_class": "Gas/Oil Field (offshore, undifferentiated)", "inset": "peninsular", "candidate_name": "Inas", "name_source": "vector text (unverified)", "label_gap_px": 4.5, "area_px": 10.8, "longitude": 103.80592, "latitude": 6.17123}}, {"type": "Feature", "geometry": {"type": "Polygon", "coordinates": [[[101.93446, 6.4363], [101.93604, 6.43157], [101.9359, 6.42743], [101.93421, 6.4239], [101.92915, 6.41982], [101.91315, 6.41556], [101.90487, 6.41023], [101.8987, 6.4086], [101.89279, 6.40941], [101.88929, 6.41283], [101.8876, 6.41815], [101.88709, 6.42468], [101.88761, 6.43592], [101.88901, 6.44255], [101.89286, 6.4516], [101.9043, 6.46941], [101.90776, 6.47695], [101.91246, 6.50928], [101.91492, 6.51887], [101.91828, 6.52657], [101.92156, 6.53133], [101.9256, 6.53487], [101.93019, 6.53601], [101.93263, 6.53531], [101.93669, 6.53169], [101.94262, 6.5185], [101.9466, 6.51602], [101.94959, 6.51564], [101.94839, 6.53082], [101.95069, 6.53525], [101.95448, 6.53685], [101.95753, 6.53665], [101.96, 6.53515], [101.96721, 6.52621], [101.96914, 6.52576], [101.97144, 6.52703], [101.97426, 6.53053], [101.98077, 6.54065], [101.98421, 6.54315], [101.9925, 6.54414], [101.99818, 6.54234], [102.00162, 6.53861], [102.00379, 6.53058], [102.00224, 6.48146], [102.00327, 6.47567], [102.011, 6.45815], [102.01128, 6.45113], [102.00919, 6.44477], [102.005, 6.44014], [101.99589, 6.43583], [101.98865, 6.43433], [101.97387, 6.43378], [101.97013, 6.43264], [101.967, 6.42997], [101.96111, 6.41951], [101.95755, 6.41717], [101.95191, 6.4177], [101.94672, 6.42208], [101.94447, 6.429], [101.94367, 6.4386], [101.93214, 6.43707], [101.93446, 6.4363]]]}, "properties": {"feature_type": "field", "feature_class": "Gas/Oil Field (offshore, undifferentiated)", "inset": "peninsular", "candidate_name": null, "name_source": "unlabeled", "label_gap_px": null, "area_px": 308.6, "longitude": 101.95167, "latitude": 6.47489}}, {"type": "Feature", "geometry": {"type": "Polygon", "coordinates": [[[102.06142, 6.77046], [102.07297, 6.78515], [102.07729, 6.78748], [102.08349, 6.78845], [102.08987, 6.78766], [102.09777, 6.78484], [102.11219, 6.77555], [102.12278, 6.77429], [102.12775, 6.77222], [102.13188, 6.76788], [102.13806, 6.75711], [102.14225, 6.75281], [102.16961, 6.7324], [102.17899, 6.72421], [102.18204, 6.72002], [102.18382, 6.71248], [102.18339, 6.70275], [102.18062, 6.69375], [102.17566, 6.68477], [102.17157, 6.68151], [102.15941, 6.67807], [102.15608, 6.67546], [102.15254, 6.6707], [102.14999, 6.67029], [102.12843, 6.67585], [102.09683, 6.67697], [102.07116, 6.68179], [102.03649, 6.69334], [102.01919, 6.70062], [102.01138, 6.70501], [102.00747, 6.71086], [102.00669, 6.71683], [102.00802, 6.73369], [102.01096, 6.7411], [102.01942, 6.74742], [102.04429, 6.7568], [102.05142, 6.76169], [102.06142, 6.77046]]]}, "properties": {"feature_type": "field", "feature_class": "Gas/Oil Field (offshore, undifferentiated)", "inset": "peninsular", "candidate_name": null, "name_source": "unlabeled", "label_gap_px": null, "area_px": 381.5, "longitude": 102.09659, "latitude": 6.72386}}, {"type": "Feature", "geometry": {"type": "Polygon", "coordinates": [[[101.50751, 6.78656], [101.50909, 6.79201], [101.51493, 6.80435], [101.51653, 6.81277], [101.5158, 6.82049], [101.51404, 6.8264], [101.50644, 6.83658], [101.50572, 6.8434], [101.507, 6.8515], [101.50901, 6.85617], [101.51198, 6.85925], [101.51597, 6.86042], [101.52664, 6.86078], [101.53036, 6.86302], [101.53255, 6.86682], [101.53466, 6.8814], [101.53708, 6.88424], [101.53904, 6.88456], [101.53857, 6.86685], [101.53946, 6.86075], [101.54232, 6.85441], [101.5482, 6.84553], [101.55026, 6.83533], [101.54947, 6.82959], [101.54724, 6.8241], [101.54408, 6.81964], [101.53882, 6.81507], [101.53729, 6.81213], [101.53615, 6.80633], [101.53637, 6.79035], [101.53544, 6.78426], [101.5313, 6.77604], [101.52681, 6.77078], [101.52136, 6.7668], [101.51533, 6.76506], [101.51221, 6.76532], [101.50819, 6.77824], [101.50751, 6.78656]]]}, "properties": {"feature_type": "field", "feature_class": "Gas/Oil Field (offshore, undifferentiated)", "inset": "peninsular", "candidate_name": null, "name_source": "unlabeled", "label_gap_px": null, "area_px": 100.9, "longitude": 101.52641, "latitude": 6.82182}}, {"type": "Feature", "geometry": {"type": "Polygon", "coordinates": [[[101.77905, 7.16313], [101.7814, 7.16471], [101.78234, 7.17087], [101.78846, 7.17066], [101.80408, 7.16686], [101.80996, 7.16648], [101.83502, 7.17083], [101.84099, 7.16992], [101.84627, 7.16581], [101.84811, 7.15924], [101.84936, 7.14531], [101.84856, 7.13715], [101.84447, 7.11891], [101.83539, 7.09518], [101.82848, 7.08418], [101.82408, 7.07958], [101.8188, 7.07846], [101.80542, 7.08307], [101.78706, 7.08534], [101.76684, 7.08952], [101.76304, 7.09081], [101.76085, 7.0935], [101.75096, 7.1178], [101.74987, 7.12467], [101.75035, 7.12913], [101.75306, 7.13429], [101.76926, 7.15049], [101.77905, 7.16313]]]}, "properties": {"feature_type": "field", "feature_class": "Gas/Oil Field (offshore, undifferentiated)", "inset": "peninsular", "candidate_name": null, "name_source": "unlabeled", "label_gap_px": null, "area_px": 174.5, "longitude": 101.80248, "latitude": 7.12634}}, {"type": "Feature", "geometry": {"type": "Polygon", "coordinates": [[[101.65474, 7.1041], [101.66108, 7.11125], [101.68014, 7.12265], [101.6908, 7.13065], [101.69676, 7.1317], [101.70214, 7.12782], [101.70393, 7.12365], [101.70432, 7.11871], [101.70181, 7.10765], [101.69934, 7.10214], [101.69304, 7.09261], [101.68639, 7.08706], [101.68534, 7.06634], [101.68056, 7.04908], [101.6785, 7.0257], [101.6727, 6.99869], [101.67286, 6.97582], [101.67144, 6.96801], [101.66299, 6.96844], [101.65599, 6.97143], [101.65313, 6.97376], [101.64887, 6.97988], [101.64684, 6.9876], [101.64676, 6.99195], [101.63491, 6.99551], [101.62905, 6.99967], [101.6271, 7.00477], [101.62681, 7.00835], [101.62681, 7.02786], [101.61334, 7.03519], [101.60888, 7.03991], [101.60805, 7.04267], [101.60847, 7.04574], [101.61037, 7.04917], [101.6216, 7.05976], [101.62636, 7.07163], [101.63024, 7.07731], [101.63486, 7.0808], [101.645, 7.08469], [101.64924, 7.0878], [101.65153, 7.09209], [101.65474, 7.1041]]]}, "properties": {"feature_type": "field", "feature_class": "Gas/Oil Field (offshore, undifferentiated)", "inset": "peninsular", "candidate_name": null, "name_source": "unlabeled", "label_gap_px": null, "area_px": 338.3, "longitude": 101.65817, "latitude": 7.05105}}, {"type": "Feature", "geometry": {"type": "Polygon", "coordinates": [[[101.71876, 7.10164], [101.72203, 7.10362], [101.72462, 7.10107], [101.7265, 7.09602], [101.72816, 7.08654], [101.72799, 7.04707], [101.7318, 7.02309], [101.73077, 7.01385], [101.72648, 6.99567], [101.72608, 6.97903], [101.72429, 6.97567], [101.72083, 6.97312], [101.70499, 6.96828], [101.70251, 6.96674], [101.69699, 6.96037], [101.69443, 6.95929], [101.6898, 6.95907], [101.6841, 6.96228], [101.67999, 6.96761], [101.67585, 6.97723], [101.67445, 6.98423], [101.67565, 7.03257], [101.67911, 7.05841], [101.68809, 7.07706], [101.69096, 7.09227], [101.69428, 7.09751], [101.69993, 7.09999], [101.71876, 7.10164]]]}, "properties": {"feature_type": "field", "feature_class": "Gas/Oil Field (offshore, undifferentiated)", "inset": "peninsular", "candidate_name": null, "name_source": "unlabeled", "label_gap_px": null, "area_px": 164.9, "longitude": 101.70319, "latitude": 7.02981}}, {"type": "Feature", "geometry": {"type": "Polygon", "coordinates": [[[101.44819, 7.2362], [101.44174, 7.22923], [101.43801, 7.21986], [101.43624, 7.20927], [101.43534, 7.18696], [101.43046, 7.16919], [101.43045, 7.14874], [101.42617, 7.1299], [101.42556, 7.10455], [101.42621, 7.09566], [101.43057, 7.08396], [101.43086, 7.07872], [101.42404, 7.07825], [101.41878, 7.07903], [101.41485, 7.08092], [101.41206, 7.08378], [101.41021, 7.08748], [101.4085, 7.09681], [101.40748, 7.11642], [101.40558, 7.12143], [101.39876, 7.13294], [101.39689, 7.14133], [101.39746, 7.14978], [101.40044, 7.16622], [101.40035, 7.1925], [101.40608, 7.2249], [101.4076, 7.22707], [101.4112, 7.22943], [101.42069, 7.23237], [101.43701, 7.24066], [101.44871, 7.24162], [101.44905, 7.23864], [101.44819, 7.2362]]]}, "properties": {"feature_type": "field", "feature_class": "Gas/Oil Field (offshore, undifferentiated)", "inset": "peninsular", "candidate_name": null, "name_source": "unlabeled", "label_gap_px": null, "area_px": 157.4, "longitude": 101.41823, "latitude": 7.16731}}, {"type": "Feature", "geometry": {"type": "Polygon", "coordinates": [[[101.46853, 7.13673], [101.47772, 7.13491], [101.48222, 7.1301], [101.48366, 7.12308], [101.48422, 7.08676], [101.48243, 7.07602], [101.47817, 7.06066], [101.47409, 7.03756], [101.46261, 7.00911], [101.46208, 6.98698], [101.45812, 6.98671], [101.45173, 6.98974], [101.44704, 6.99603], [101.43644, 7.02537], [101.43612, 7.03729], [101.44251, 7.05668], [101.44331, 7.06472], [101.44206, 7.07526], [101.43655, 7.09154], [101.43571, 7.10051], [101.4374, 7.10623], [101.4407, 7.11005], [101.46161, 7.12477], [101.46383, 7.12847], [101.46477, 7.13641], [101.46796, 7.1369], [101.47008, 7.13674], [101.46853, 7.13673]]]}, "properties": {"feature_type": "field", "feature_class": "Gas/Oil Field (offshore, undifferentiated)", "inset": "peninsular", "candidate_name": null, "name_source": "unlabeled", "label_gap_px": null, "area_px": 146.6, "longitude": 101.45971, "latitude": 7.06783}}, {"type": "Feature", "geometry": {"type": "Polygon", "coordinates": [[[101.58971, 7.24545], [101.58997, 7.21532], [101.58891, 7.20675], [101.58602, 7.19651], [101.57279, 7.17235], [101.55419, 7.14796], [101.55221, 7.14269], [101.55028, 7.12941], [101.54855, 7.12429], [101.54563, 7.12016], [101.53847, 7.11381], [101.53278, 7.10274], [101.53112, 7.10101], [101.52833, 7.10014], [101.52597, 7.10394], [101.52602, 7.10882], [101.53379, 7.13267], [101.53884, 7.16661], [101.53696, 7.18684], [101.5374, 7.19177], [101.53917, 7.19619], [101.54606, 7.20468], [101.54893, 7.21015], [101.55108, 7.21847], [101.55272, 7.23206], [101.55752, 7.2455], [101.55712, 7.27912], [101.56042, 7.29377], [101.56466, 7.30123], [101.5714, 7.3076], [101.58927, 7.31786], [101.60252, 7.32719], [101.62337, 7.33538], [101.63328, 7.34561], [101.63833, 7.34845], [101.64461, 7.32314], [101.64472, 7.31635], [101.64314, 7.3111], [101.63861, 7.30519], [101.62656, 7.29542], [101.62174, 7.28942], [101.61697, 7.27247], [101.6047, 7.2612], [101.60341, 7.24863], [101.60142, 7.24752], [101.59844, 7.24836], [101.58912, 7.25678], [101.58891, 7.24152], [101.58971, 7.24545]]]}, "properties": {"feature_type": "field", "feature_class": "Gas/Oil Field (offshore, undifferentiated)", "inset": "peninsular", "candidate_name": null, "name_source": "unlabeled", "label_gap_px": null, "area_px": 539.5, "longitude": 101.58027, "latitude": 7.24433}}, {"type": "Feature", "geometry": {"type": "Polygon", "coordinates": [[[101.67965, 6.28416], [101.69222, 6.26165], [101.69335, 6.25305], [101.69206, 6.24981], [101.68939, 6.24884], [101.68138, 6.25181], [101.67219, 6.25828], [101.65011, 6.27721], [101.63902, 6.28899], [101.63282, 6.29789], [101.62733, 6.30976], [101.6262, 6.32188], [101.62878, 6.32819], [101.63339, 6.33042], [101.63971, 6.32838], [101.65872, 6.3119], [101.67194, 6.3065], [101.67625, 6.30046], [101.67965, 6.28416]]]}, "properties": {"feature_type": "field", "feature_class": "Gas/Oil Field (offshore, undifferentiated)", "inset": "peninsular", "candidate_name": null, "name_source": "unlabeled", "label_gap_px": null, "area_px": 133.0, "longitude": 101.65875, "latitude": 6.29095}}, {"type": "Feature", "geometry": {"type": "MultiPolygon", "coordinates": [[[[101.64155, 6.67038], [101.64031, 6.67695], [101.64105, 6.68752], [101.64305, 6.69533], [101.64628, 6.70143], [101.64155, 6.67038]]], [[[101.64161, 6.6702], [101.65155, 6.71938], [101.65476, 6.72955], [101.65882, 6.73718], [101.66391, 6.74116], [101.67024, 6.74036], [101.67799, 6.73367], [101.68173, 6.72891], [101.69586, 6.72392], [101.70107, 6.71975], [101.7069, 6.7092], [101.71024, 6.69876], [101.71206, 6.68789], [101.71264, 6.67035], [101.71188, 6.66041], [101.71027, 6.65401], [101.70734, 6.64779], [101.70112, 6.64063], [101.67309, 6.62345], [101.66323, 6.62077], [101.65692, 6.62172], [101.65138, 6.62584], [101.64861, 6.63143], [101.64802, 6.63771], [101.64873, 6.65401], [101.6473, 6.65941], [101.64161, 6.6702]]]]}, "properties": {"feature_type": "field", "feature_class": "Gas/Oil Field (offshore, undifferentiated)", "inset": "peninsular", "candidate_name": null, "name_source": "unlabeled", "label_gap_px": null, "area_px": 197.4, "longitude": 101.67612, "latitude": 6.67914}}, {"type": "Feature", "geometry": {"type": "Polygon", "coordinates": [[[101.61578, 6.6624], [101.58548, 6.66173], [101.56943, 6.66363], [101.56241, 6.66591], [101.55652, 6.66939], [101.55212, 6.67427], [101.54956, 6.68079], [101.5492, 6.68726], [101.55418, 6.71037], [101.55572, 6.72982], [101.56009, 6.74085], [101.56581, 6.74561], [101.57313, 6.74694], [101.57951, 6.74509], [101.59685, 6.73255], [101.60298, 6.72956], [101.61005, 6.72807], [101.63706, 6.72634], [101.6437, 6.72399], [101.64698, 6.72037], [101.64796, 6.71245], [101.64639, 6.68827], [101.64298, 6.67675], [101.63778, 6.66606], [101.634, 6.66097], [101.6284, 6.65867], [101.62274, 6.65892], [101.61578, 6.6624]]]}, "properties": {"feature_type": "field", "feature_class": "Gas/Oil Field (offshore, undifferentiated)", "inset": "peninsular", "candidate_name": null, "name_source": "unlabeled", "label_gap_px": null, "area_px": 170.2, "longitude": 101.59713, "latitude": 6.69885}}, {"type": "Feature", "geometry": {"type": "Polygon", "coordinates": [[[102.04093, 7.23531], [102.04253, 7.23213], [102.05081, 7.22319], [102.05162, 7.21868], [102.05067, 7.21625], [102.04633, 7.21245], [102.03471, 7.20577], [102.0314, 7.20102], [102.02252, 7.20103], [102.01871, 7.20232], [102.01571, 7.20759], [102.0149, 7.21944], [102.01307, 7.22767], [102.00838, 7.23769], [101.99921, 7.24711], [101.98325, 7.25908], [101.97731, 7.26652], [101.97538, 7.27122], [101.96971, 7.3074], [101.97169, 7.31538], [101.9783, 7.32231], [101.98566, 7.32612], [101.99101, 7.32758], [102.00101, 7.32728], [102.02789, 7.31338], [102.03392, 7.30802], [102.03664, 7.30232], [102.03782, 7.29421], [102.03506, 7.26459], [102.04085, 7.2574], [102.04261, 7.2533], [102.04059, 7.24085], [102.04093, 7.23531]]]}, "properties": {"feature_type": "field", "feature_class": "Gas/Oil Field (offshore, undifferentiated)", "inset": "peninsular", "candidate_name": "Samudra North", "name_source": "vector text (unverified)", "label_gap_px": 40.8, "area_px": 196.2, "longitude": 102.01082, "latitude": 7.27151}}, {"type": "Feature", "geometry": {"type": "Polygon", "coordinates": [[[101.28454, 7.11902], [101.28621, 7.14306], [101.28981, 7.16697], [101.29332, 7.18506], [101.29683, 7.19106], [101.30303, 7.19431], [101.31996, 7.19799], [101.3334, 7.20276], [101.3622, 7.21561], [101.38531, 7.22816], [101.38931, 7.22837], [101.39096, 7.22737], [101.39361, 7.22257], [101.39461, 7.21854], [101.39696, 7.19983], [101.39698, 7.12228], [101.38408, 7.11964], [101.37524, 7.11891], [101.36435, 7.12018], [101.34556, 7.12431], [101.33595, 7.12504], [101.3064, 7.11929], [101.28836, 7.11807], [101.28371, 7.11865], [101.28067, 7.12056], [101.28454, 7.11902]]]}, "properties": {"feature_type": "field", "feature_class": "Gas/Oil Field (offshore, undifferentiated)", "inset": "peninsular", "candidate_name": null, "name_source": "unlabeled", "label_gap_px": null, "area_px": 243.9, "longitude": 101.34679, "latitude": 7.16484}}, {"type": "Feature", "geometry": {"type": "Polygon", "coordinates": [[[101.25126, 7.13866], [101.24999, 7.14562], [101.2499, 7.16426], [101.25223, 7.17492], [101.25231, 7.17923], [101.24947, 7.18297], [101.24103, 7.1855], [101.23779, 7.18751], [101.23509, 7.19091], [101.2335, 7.19513], [101.2343, 7.19918], [101.23687, 7.20136], [101.24315, 7.20173], [101.24518, 7.2027], [101.24792, 7.20937], [101.24808, 7.21589], [101.24426, 7.23865], [101.24803, 7.2383], [101.2517, 7.23631], [101.26483, 7.22374], [101.26761, 7.22236], [101.27015, 7.22286], [101.27241, 7.22583], [101.2775, 7.24041], [101.27985, 7.2423], [101.2832, 7.24222], [101.28697, 7.23978], [101.28892, 7.23564], [101.28936, 7.21769], [101.29197, 7.19262], [101.29033, 7.17927], [101.28281, 7.1609], [101.28224, 7.1371], [101.27887, 7.13877], [101.26932, 7.14656], [101.26608, 7.14778], [101.2604, 7.1453], [101.25126, 7.13866]]]}, "properties": {"feature_type": "field", "feature_class": "Gas/Oil Field (offshore, undifferentiated)", "inset": "peninsular", "candidate_name": null, "name_source": "unlabeled", "label_gap_px": null, "area_px": 120.3, "longitude": 101.26728, "latitude": 7.19117}}, {"type": "Feature", "geometry": {"type": "Polygon", "coordinates": [[[101.54472, 7.2243], [101.53167, 7.21411], [101.52583, 7.2067], [101.52258, 7.19677], [101.52137, 7.17646], [101.52016, 7.16979], [101.51583, 7.15989], [101.50481, 7.14205], [101.48795, 7.1242], [101.48228, 7.11465], [101.47559, 7.11583], [101.4678, 7.12029], [101.46176, 7.12583], [101.45911, 7.13188], [101.45931, 7.13528], [101.46393, 7.14611], [101.46452, 7.15545], [101.46182, 7.16257], [101.45073, 7.17859], [101.44836, 7.1879], [101.44828, 7.19252], [101.45013, 7.20043], [101.46003, 7.21832], [101.46737, 7.23871], [101.47422, 7.25105], [101.48064, 7.25612], [101.48453, 7.25705], [101.49137, 7.25544], [101.4983, 7.25072], [101.51658, 7.23321], [101.52608, 7.22675], [101.53626, 7.22325], [101.54239, 7.22311], [101.54472, 7.2243]]]}, "properties": {"feature_type": "field", "feature_class": "Gas/Oil Field (offshore, undifferentiated)", "inset": "peninsular", "candidate_name": null, "name_source": "unlabeled", "label_gap_px": null, "area_px": 255.5, "longitude": 101.48835, "latitude": 7.18979}}, {"type": "Feature", "geometry": {"type": "Polygon", "coordinates": [[[103.22373, 6.3235], [103.23264, 6.32658], [103.24063, 6.32552], [103.26341, 6.31288], [103.30888, 6.29875], [103.31523, 6.29573], [103.31928, 6.29139], [103.32341, 6.2826], [103.32707, 6.27814], [103.33122, 6.27585], [103.34442, 6.27134], [103.34971, 6.26632], [103.36624, 6.23798], [103.36727, 6.23354], [103.36649, 6.23082], [103.3646, 6.22902], [103.36051, 6.22799], [103.35453, 6.22853], [103.34831, 6.23061], [103.32633, 6.24534], [103.30261, 6.25548], [103.23847, 6.29014], [103.22547, 6.29967], [103.21864, 6.3076], [103.21697, 6.31173], [103.217, 6.31582], [103.21912, 6.31978], [103.22373, 6.3235]]]}, "properties": {"feature_type": "field", "feature_class": "Gas/Oil Field (offshore, undifferentiated)", "inset": "peninsular", "candidate_name": "Kuda", "name_source": "vector text (unverified)", "label_gap_px": 0.0, "area_px": 311.4, "longitude": 103.29243, "latitude": 6.28048}}, {"type": "Feature", "geometry": {"type": "Polygon", "coordinates": [[[104.35246, 5.8478], [104.34234, 5.84662], [104.33135, 5.83977], [104.32725, 5.83881], [104.31044, 5.84309], [104.30676, 5.84592], [104.30575, 5.84984], [104.30956, 5.85928], [104.31364, 5.86365], [104.32832, 5.86974], [104.33723, 5.87172], [104.34619, 5.87641], [104.34947, 5.8768], [104.35331, 5.87513], [104.35514, 5.8707], [104.35411, 5.85166], [104.35286, 5.84758], [104.3505, 5.84622], [104.35246, 5.8478]]]}, "properties": {"feature_type": "field", "feature_class": "Gas/Oil Field (offshore, undifferentiated)", "inset": "peninsular", "candidate_name": "Tangga Barat", "name_source": "vector text (unverified)", "label_gap_px": 0.3, "area_px": 37.5, "longitude": 104.33242, "latitude": 5.85676}}, {"type": "Feature", "geometry": {"type": "Polygon", "coordinates": [[[104.1669, 5.71643], [104.16789, 5.71441], [104.16596, 5.71065], [104.16071, 5.70734], [104.14757, 5.70171], [104.14186, 5.69611], [104.13872, 5.69474], [104.12878, 5.69385], [104.11907, 5.69424], [104.11366, 5.69824], [104.11089, 5.70487], [104.11088, 5.71185], [104.12866, 5.71407], [104.13622, 5.71122], [104.13954, 5.71098], [104.15923, 5.71837], [104.16349, 5.71843], [104.1669, 5.71643]]]}, "properties": {"feature_type": "field", "feature_class": "Gas/Oil Field (offshore, undifferentiated)", "inset": "peninsular", "candidate_name": "Resak", "name_source": "vector text (unverified)", "label_gap_px": 15.7, "area_px": 31.6, "longitude": 104.13615, "latitude": 5.70592}}, {"type": "Feature", "geometry": {"type": "Polygon", "coordinates": [[[102.48145, 6.00236], [102.42605, 6.01563], [102.4184, 6.01944], [102.40077, 6.03194], [102.39298, 6.03612], [102.3816, 6.03949], [102.36412, 6.04233], [102.35292, 6.04521], [102.34266, 6.05082], [102.33016, 6.06439], [102.31979, 6.07877], [102.31474, 6.08939], [102.31357, 6.09509], [102.31245, 6.11368], [102.3065, 6.13363], [102.308, 6.14498], [102.31572, 6.16584], [102.31605, 6.18442], [102.31928, 6.18937], [102.33563, 6.1948], [102.34717, 6.20727], [102.35485, 6.21053], [102.37081, 6.2119], [102.42574, 6.21938], [102.45359, 6.21999], [102.46735, 6.21873], [102.4809, 6.21611], [102.49417, 6.21193], [102.50708, 6.20595], [102.51305, 6.20108], [102.52137, 6.18915], [102.52528, 6.18503], [102.55218, 6.16519], [102.55831, 6.15522], [102.56501, 6.13671], [102.56811, 6.13143], [102.57734, 6.12132], [102.58008, 6.1142], [102.58099, 6.10528], [102.58099, 6.08255], [102.58403, 6.0595], [102.58499, 6.04419], [102.58262, 6.02951], [102.57952, 6.02256], [102.57478, 6.01596], [102.56374, 6.00485], [102.55687, 6.0004], [102.5493, 5.998], [102.54012, 5.99738], [102.50121, 5.99967], [102.48145, 6.00236]]]}, "properties": {"feature_type": "field", "feature_class": "Gas/Oil Field (offshore, undifferentiated)", "inset": "peninsular", "candidate_name": null, "name_source": "unlabeled", "label_gap_px": null, "area_px": 1202.5, "longitude": 102.44965, "latitude": 6.11033}}, {"type": "Feature", "geometry": {"type": "Polygon", "coordinates": [[[102.6783, 6.80178], [102.66039, 6.78139], [102.64489, 6.77245], [102.63502, 6.76354], [102.63005, 6.76087], [102.6215, 6.75906], [102.61184, 6.7584], [102.59637, 6.76124], [102.58519, 6.76685], [102.56322, 6.78812], [102.55683, 6.79194], [102.5431, 6.79691], [102.53613, 6.80186], [102.53202, 6.80859], [102.52745, 6.81976], [102.52125, 6.82936], [102.52064, 6.83562], [102.5239, 6.84038], [102.53545, 6.84872], [102.55733, 6.85583], [102.57121, 6.86327], [102.59167, 6.86662], [102.63403, 6.87909], [102.64183, 6.88016], [102.64681, 6.87939], [102.65076, 6.87584], [102.65721, 6.86196], [102.66907, 6.8502], [102.67562, 6.83625], [102.68603, 6.82717], [102.69011, 6.8249], [102.6955, 6.82369], [102.69696, 6.82147], [102.69713, 6.81875], [102.69549, 6.81558], [102.6783, 6.80178]]]}, "properties": {"feature_type": "field", "feature_class": "Gas/Oil Field (offshore, undifferentiated)", "inset": "peninsular", "candidate_name": "Bunga Tanjung Merah", "name_source": "vector text (unverified)", "label_gap_px": 11.9, "area_px": 390.7, "longitude": 102.60909, "latitude": 6.82002}}, {"type": "Feature", "geometry": {"type": "Polygon", "coordinates": [[[102.51505, 6.85727], [102.5078, 6.88421], [102.50574, 6.90584], [102.50634, 6.91311], [102.50853, 6.91747], [102.51393, 6.92177], [102.52522, 6.9237], [102.53733, 6.92875], [102.54554, 6.9286], [102.55959, 6.92498], [102.5717, 6.92518], [102.57737, 6.92425], [102.58359, 6.92033], [102.5957, 6.90911], [102.6132, 6.8989], [102.62378, 6.89054], [102.62857, 6.88861], [102.64046, 6.88613], [102.64354, 6.88458], [102.64546, 6.88224], [102.64133, 6.87984], [102.63419, 6.87928], [102.62323, 6.87609], [102.6139, 6.87456], [102.60287, 6.86967], [102.58914, 6.86756], [102.57767, 6.86241], [102.56887, 6.86212], [102.55348, 6.85467], [102.54064, 6.85395], [102.53745, 6.85231], [102.52956, 6.84443], [102.52645, 6.84278], [102.52305, 6.84305], [102.52029, 6.84548], [102.51505, 6.85727]]]}, "properties": {"feature_type": "field", "feature_class": "Gas/Oil Field (offshore, undifferentiated)", "inset": "peninsular", "candidate_name": "Bunga Tanjung Merah", "name_source": "vector text (unverified)", "label_gap_px": 5.3, "area_px": 225.5, "longitude": 102.55821, "latitude": 6.8897}}, {"type": "Feature", "geometry": {"type": "Polygon", "coordinates": [[[103.52402, 4.97041], [103.52726, 4.96103], [103.52763, 4.95582], [103.52598, 4.94929], [103.52402, 4.94695], [103.52161, 4.94645], [103.5159, 4.94932], [103.50688, 4.95728], [103.50196, 4.9603], [103.49215, 4.95786], [103.48606, 4.96069], [103.47773, 4.96735], [103.4746, 4.97133], [103.47261, 4.97911], [103.4729, 4.98317], [103.47596, 4.98987], [103.47851, 4.99253], [103.48511, 4.99646], [103.49708, 4.99903], [103.51005, 4.99793], [103.51734, 4.99402], [103.52026, 4.98958], [103.52402, 4.97041]]]}, "properties": {"feature_type": "field", "feature_class": "Gas/Oil Field (offshore, undifferentiated)", "inset": "peninsular", "candidate_name": "Kerteh 3 CG", "name_source": "vector text (unverified)", "label_gap_px": 40.3, "area_px": 68.5, "longitude": 103.50145, "latitude": 4.97565}}, {"type": "Feature", "geometry": {"type": "Polygon", "coordinates": [[[103.65631, 4.52875], [103.64833, 4.5278], [103.64327, 4.52965], [103.63532, 4.53678], [103.63164, 4.54373], [103.63274, 4.54799], [103.64424, 4.55506], [103.64821, 4.56281], [103.65224, 4.56483], [103.65988, 4.56316], [103.67194, 4.55253], [103.67559, 4.55053], [103.68292, 4.54875], [103.68502, 4.54555], [103.68182, 4.53281], [103.67769, 4.529], [103.67196, 4.52811], [103.65631, 4.52875]]]}, "properties": {"feature_type": "field", "feature_class": "Gas/Oil Field (offshore, undifferentiated)", "inset": "peninsular", "candidate_name": null, "name_source": "unlabeled", "label_gap_px": null, "area_px": 46.0, "longitude": 103.65829, "latitude": 4.54361}}, {"type": "Feature", "geometry": {"type": "Polygon", "coordinates": [[[103.68095, 4.57753], [103.6739, 4.57653], [103.66701, 4.57723], [103.65188, 4.59144], [103.64442, 4.59707], [103.6381, 4.60049], [103.62689, 4.60416], [103.61569, 4.61127], [103.6077, 4.61412], [103.59913, 4.61466], [103.59362, 4.61361], [103.57547, 4.60693], [103.57009, 4.60208], [103.56738, 4.60096], [103.55924, 4.60109], [103.55601, 4.60247], [103.5541, 4.60487], [103.55122, 4.61737], [103.55089, 4.62465], [103.55274, 4.63171], [103.55754, 4.63665], [103.57128, 4.64101], [103.58426, 4.6464], [103.59087, 4.64619], [103.60229, 4.6411], [103.60923, 4.63971], [103.61644, 4.64086], [103.62541, 4.64606], [103.62718, 4.65998], [103.62531, 4.66502], [103.62151, 4.66853], [103.60524, 4.67691], [103.60071, 4.68377], [103.59971, 4.68782], [103.60017, 4.69615], [103.60388, 4.70349], [103.60695, 4.70629], [103.61081, 4.70826], [103.61722, 4.7093], [103.62343, 4.7082], [103.62903, 4.70529], [103.63538, 4.69823], [103.64219, 4.68316], [103.64591, 4.67992], [103.65797, 4.67299], [103.66905, 4.65974], [103.67388, 4.65529], [103.67994, 4.65265], [103.68364, 4.65228], [103.69716, 4.65413], [103.70451, 4.6528], [103.70906, 4.64829], [103.71566, 4.63879], [103.72439, 4.62959], [103.72645, 4.62393], [103.72544, 4.61701], [103.72262, 4.61362], [103.71518, 4.60833], [103.7125, 4.60483], [103.70946, 4.58837], [103.70613, 4.5819], [103.70288, 4.58048], [103.6928, 4.58197], [103.68095, 4.57753]]]}, "properties": {"feature_type": "field", "feature_class": "Gas/Oil Field (offshore, undifferentiated)", "inset": "peninsular", "candidate_name": "Kerteh 2 CG", "name_source": "vector text (unverified)", "label_gap_px": 40.8, "area_px": 427.7, "longitude": 103.64541, "latitude": 4.63263}}, {"type": "Feature", "geometry": {"type": "Polygon", "coordinates": [[[112.40508, 3.79733], [112.39673, 3.78571], [112.39299, 3.78241], [112.38849, 3.7812], [112.37233, 3.78135], [112.36728, 3.78287], [112.35354, 3.7932], [112.35077, 3.79604], [112.35017, 3.79822], [112.35118, 3.80132], [112.35555, 3.80664], [112.35963, 3.81393], [112.36238, 3.81576], [112.36728, 3.81624], [112.37687, 3.81553], [112.3827, 3.81131], [112.39264, 3.81117], [112.39773, 3.80893], [112.40159, 3.80864], [112.40295, 3.80741], [112.40525, 3.80086], [112.40508, 3.79733]]]}, "properties": {"feature_type": "field", "feature_class": "Gas/Oil Field (offshore, undifferentiated)", "inset": "borneo", "candidate_name": "D30 Danau", "name_source": "vector text (unverified)", "label_gap_px": 0.0, "area_px": 43.2, "longitude": 112.37791, "latitude": 3.7984}}, {"type": "Feature", "geometry": {"type": "Polygon", "coordinates": [[[113.89651, 4.56592], [113.89488, 4.5619], [113.88984, 4.55784], [113.8736, 4.54991], [113.8694, 4.54968], [113.86655, 4.55162], [113.86652, 4.55533], [113.86837, 4.55863], [113.87724, 4.56733], [113.88107, 4.57244], [113.88625, 4.5761], [113.89408, 4.58364], [113.89891, 4.58634], [113.90313, 4.58705], [113.91313, 4.5821], [113.91694, 4.57621], [113.91644, 4.57231], [113.91381, 4.5688], [113.90828, 4.56458], [113.90333, 4.56414], [113.90102, 4.56666], [113.8996, 4.56681], [113.89651, 4.56592]]]}, "properties": {"feature_type": "field", "feature_class": "Gas/Oil Field (offshore, undifferentiated)", "inset": "borneo", "candidate_name": "Bakau", "name_source": "vector text (unverified)", "label_gap_px": 0.0, "area_px": 41.2, "longitude": 113.89269, "latitude": 4.56909}}, {"type": "Feature", "geometry": {"type": "Polygon", "coordinates": [[[113.79951, 4.7222], [113.80389, 4.7286], [113.8049, 4.73746], [113.80603, 4.74001], [113.81601, 4.74529], [113.82234, 4.75106], [113.82671, 4.75765], [113.82903, 4.75878], [113.83257, 4.75867], [113.83396, 4.75755], [113.83552, 4.74821], [113.83938, 4.74251], [113.8447, 4.73963], [113.85171, 4.73928], [113.85481, 4.73824], [113.85817, 4.73595], [113.8592, 4.73346], [113.85768, 4.72318], [113.85493, 4.71691], [113.85109, 4.71127], [113.84682, 4.70732], [113.83957, 4.70414], [113.82945, 4.69796], [113.82128, 4.69795], [113.80722, 4.70067], [113.79406, 4.6958], [113.78832, 4.69655], [113.78454, 4.69857], [113.7826, 4.70353], [113.78506, 4.71145], [113.78904, 4.7155], [113.79951, 4.7222]]]}, "properties": {"feature_type": "field", "feature_class": "Gas/Oil Field (offshore, undifferentiated)", "inset": "borneo", "candidate_name": "Baronia", "name_source": "vector text (unverified)", "label_gap_px": 0.0, "area_px": 102.0, "longitude": 113.82314, "latitude": 4.722}}, {"type": "Feature", "geometry": {"type": "Polygon", "coordinates": [[[113.61412, 4.76041], [113.61371, 4.75871], [113.61098, 4.75579], [113.59966, 4.75144], [113.59399, 4.75097], [113.58244, 4.75227], [113.56576, 4.7518], [113.55225, 4.74937], [113.54142, 4.74543], [113.53674, 4.74686], [113.5283, 4.75393], [113.52473, 4.75799], [113.52378, 4.76133], [113.52398, 4.76322], [113.55719, 4.76409], [113.56655, 4.76881], [113.57493, 4.7695], [113.58021, 4.77336], [113.58491, 4.77425], [113.60002, 4.77141], [113.6145, 4.77156], [113.61585, 4.77003], [113.61622, 4.76714], [113.61268, 4.76041], [113.61412, 4.76041]]]}, "properties": {"feature_type": "field", "feature_class": "Gas/Oil Field (offshore, undifferentiated)", "inset": "borneo", "candidate_name": "Beryl", "name_source": "vector text (unverified)", "label_gap_px": 0.0, "area_px": 59.8, "longitude": 113.57281, "latitude": 4.76005}}, {"type": "Feature", "geometry": {"type": "Polygon", "coordinates": [[[113.54442, 4.72632], [113.55013, 4.72813], [113.55212, 4.73008], [113.55086, 4.7316], [113.54781, 4.73262], [113.53489, 4.73291], [113.53986, 4.73938], [113.55749, 4.73777], [113.5616, 4.73619], [113.57363, 4.73808], [113.58092, 4.7423], [113.5849, 4.74317], [113.61158, 4.74362], [113.62, 4.73915], [113.63421, 4.73521], [113.6376, 4.73329], [113.63855, 4.73169], [113.6377, 4.72612], [113.63606, 4.72448], [113.6262, 4.72189], [113.60216, 4.72007], [113.59402, 4.71314], [113.57768, 4.70475], [113.54516, 4.70679], [113.52138, 4.70662], [113.51221, 4.70779], [113.50909, 4.70967], [113.50872, 4.71174], [113.50979, 4.71378], [113.51785, 4.71941], [113.53397, 4.72476], [113.54442, 4.72632]]]}, "properties": {"feature_type": "field", "feature_class": "Gas/Oil Field (offshore, undifferentiated)", "inset": "borneo", "candidate_name": "Beryl", "name_source": "vector text (unverified)", "label_gap_px": 0.0, "area_px": 115.4, "longitude": 113.57461, "latitude": 4.72397}}, {"type": "Feature", "geometry": {"type": "Polygon", "coordinates": [[[113.6419, 4.76293], [113.6337, 4.76721], [113.63297, 4.7688], [113.63386, 4.77096], [113.63676, 4.77284], [113.64149, 4.7738], [113.64705, 4.77126], [113.64832, 4.76916], [113.64778, 4.76673], [113.64446, 4.76363], [113.6419, 4.76293]]]}, "properties": {"feature_type": "field", "feature_class": "Gas/Oil Field (offshore, undifferentiated)", "inset": "borneo", "candidate_name": "Layang", "name_source": "vector text (unverified)", "label_gap_px": 0.0, "area_px": 4.5, "longitude": 113.64093, "latitude": 4.76861}}, {"type": "Feature", "geometry": {"type": "Polygon", "coordinates": [[[111.55895, 3.88306], [111.52853, 3.88153], [111.52381, 3.88234], [111.52067, 3.88415], [111.51788, 3.88772], [111.50778, 3.90699], [111.50664, 3.91573], [111.50804, 3.92193], [111.51121, 3.92443], [111.51792, 3.92571], [111.52681, 3.92908], [111.53059, 3.92897], [111.53443, 3.92725], [111.54126, 3.91969], [111.55237, 3.90233], [111.55822, 3.89619], [111.55973, 3.89121], [111.55895, 3.88306]]]}, "properties": {"feature_type": "field", "feature_class": "Gas/Oil Field (offshore, undifferentiated)", "inset": "borneo", "candidate_name": "Selar Marine", "name_source": "vector text (unverified)", "label_gap_px": 0.0, "area_px": 59.7, "longitude": 111.53157, "latitude": 3.90335}}, {"type": "Feature", "geometry": {"type": "Polygon", "coordinates": [[[111.3861, 3.94072], [111.37098, 3.93132], [111.36473, 3.92959], [111.35851, 3.92997], [111.35529, 3.93172], [111.35227, 3.93596], [111.35002, 3.94169], [111.34892, 3.94749], [111.34939, 3.95348], [111.35214, 3.96219], [111.35697, 3.97282], [111.36483, 3.98541], [111.37168, 3.99013], [111.38231, 3.99187], [111.38703, 3.9915], [111.39192, 3.98783], [111.39348, 3.98523], [111.39489, 3.97938], [111.39466, 3.97297], [111.39127, 3.9524], [111.38905, 3.94564], [111.3861, 3.94072]]]}, "properties": {"feature_type": "field", "feature_class": "Gas/Oil Field (offshore, undifferentiated)", "inset": "borneo", "candidate_name": "Tenggiri Marine", "name_source": "vector text (unverified)", "label_gap_px": 0.0, "area_px": 66.0, "longitude": 111.37254, "latitude": 3.96057}}, {"type": "Feature", "geometry": {"type": "Polygon", "coordinates": [[[112.40567, 3.36342], [112.39581, 3.36799], [112.39282, 3.37104], [112.39192, 3.37355], [112.39229, 3.37823], [112.39373, 3.38168], [112.39622, 3.38407], [112.40121, 3.38604], [112.41417, 3.38678], [112.43939, 3.37936], [112.45605, 3.37852], [112.4629, 3.38012], [112.47015, 3.38729], [112.47601, 3.389], [112.48399, 3.38598], [112.48616, 3.38395], [112.4872, 3.38118], [112.48533, 3.3751], [112.48054, 3.37063], [112.45164, 3.35354], [112.44091, 3.35009], [112.43229, 3.3499], [112.42036, 3.35353], [112.41103, 3.35892], [112.40567, 3.36342]]]}, "properties": {"feature_type": "field", "feature_class": "Gas/Oil Field (offshore, undifferentiated)", "inset": "borneo", "candidate_name": "Bayan", "name_source": "vector text (unverified)", "label_gap_px": 0.0, "area_px": 83.8, "longitude": 112.43747, "latitude": 3.37041}}, {"type": "Feature", "geometry": {"type": "Polygon", "coordinates": [[[112.49722, 3.46426], [112.48781, 3.45781], [112.47026, 3.45579], [112.46625, 3.45721], [112.46491, 3.46161], [112.466, 3.46559], [112.46892, 3.46824], [112.47652, 3.47055], [112.48429, 3.47521], [112.49204, 3.47635], [112.49595, 3.47473], [112.49844, 3.46842], [112.49722, 3.46426]]]}, "properties": {"feature_type": "field", "feature_class": "Gas/Oil Field (offshore, undifferentiated)", "inset": "borneo", "candidate_name": "Bayan East", "name_source": "vector text (unverified)", "label_gap_px": 7.8, "area_px": 16.5, "longitude": 112.48218, "latitude": 3.46545}}, {"type": "Feature", "geometry": {"type": "Polygon", "coordinates": [[[112.41348, 3.47941], [112.41078, 3.47078], [112.40672, 3.46662], [112.3919, 3.4676], [112.38862, 3.46964], [112.38691, 3.47316], [112.38669, 3.47787], [112.38784, 3.48125], [112.39683, 3.48831], [112.39953, 3.48806], [112.40421, 3.48556], [112.41238, 3.48444], [112.41351, 3.48296], [112.41348, 3.47941]]]}, "properties": {"feature_type": "field", "feature_class": "Gas/Oil Field (offshore, undifferentiated)", "inset": "borneo", "candidate_name": "Bayan", "name_source": "vector text (unverified)", "label_gap_px": 10.4, "area_px": 14.5, "longitude": 112.40002, "latitude": 3.47689}}, {"type": "Feature", "geometry": {"type": "Polygon", "coordinates": [[[112.56754, 3.33526], [112.56002, 3.33453], [112.55498, 3.33615], [112.55162, 3.34025], [112.55056, 3.34703], [112.55173, 3.3541], [112.55615, 3.36681], [112.56641, 3.37343], [112.56963, 3.37406], [112.57371, 3.3732], [112.57605, 3.37067], [112.57697, 3.36574], [112.57983, 3.36089], [112.58131, 3.34816], [112.58017, 3.34528], [112.57584, 3.34351], [112.57043, 3.3371], [112.56754, 3.33526]]]}, "properties": {"feature_type": "field", "feature_class": "Gas/Oil Field (offshore, undifferentiated)", "inset": "borneo", "candidate_name": "Pemanis", "name_source": "vector text (unverified)", "label_gap_px": 0.0, "area_px": 29.0, "longitude": 112.56575, "latitude": 3.35351}}, {"type": "Feature", "geometry": {"type": "Polygon", "coordinates": [[[112.48065, 4.02122], [112.4784, 4.00974], [112.47299, 4.0058], [112.47147, 4.00293], [112.46915, 3.99142], [112.46976, 3.97983], [112.46764, 3.97992], [112.45117, 3.99058], [112.44843, 3.99566], [112.44315, 4.01083], [112.44142, 4.02953], [112.44273, 4.03621], [112.44525, 4.03919], [112.44832, 4.04064], [112.46044, 4.04116], [112.46135, 4.04419], [112.46093, 4.0478], [112.45534, 4.05369], [112.4511, 4.06073], [112.45045, 4.06633], [112.45205, 4.06938], [112.45579, 4.06995], [112.46442, 4.06823], [112.47463, 4.06839], [112.47835, 4.06557], [112.48434, 4.05724], [112.49211, 4.05066], [112.49493, 4.03642], [112.49677, 4.03421], [112.50061, 4.03237], [112.50185, 4.03024], [112.50202, 4.02411], [112.50043, 4.01519], [112.49838, 4.01301], [112.4899, 4.01361], [112.48732, 4.01577], [112.48428, 4.02311], [112.48198, 4.02342], [112.48065, 4.02122]]]}, "properties": {"feature_type": "field", "feature_class": "Gas/Oil Field (offshore, undifferentiated)", "inset": "borneo", "candidate_name": "E8", "name_source": "vector text (unverified)", "label_gap_px": 0.0, "area_px": 127.0, "longitude": 112.46842, "latitude": 4.02873}}, {"type": "Feature", "geometry": {"type": "Polygon", "coordinates": [[[112.49491, 4.20589], [112.49353, 4.1988], [112.48201, 4.17179], [112.47933, 4.162], [112.47859, 4.15221], [112.48021, 4.12833], [112.47867, 4.11665], [112.47644, 4.10934], [112.4732, 4.10322], [112.47015, 4.10034], [112.45498, 4.0939], [112.449, 4.09423], [112.44498, 4.09763], [112.44294, 4.10292], [112.44251, 4.10915], [112.44333, 4.11539], [112.46016, 4.15834], [112.46443, 4.17321], [112.46801, 4.19375], [112.47371, 4.20891], [112.47756, 4.2225], [112.48312, 4.23208], [112.48703, 4.23548], [112.4896, 4.23575], [112.49265, 4.23408], [112.49614, 4.22894], [112.49779, 4.22435], [112.49773, 4.21743], [112.49552, 4.20515], [112.49491, 4.20589]]]}, "properties": {"feature_type": "field", "feature_class": "Gas/Oil Field (offshore, undifferentiated)", "inset": "borneo", "candidate_name": "E6", "name_source": "vector text (unverified)", "label_gap_px": 0.0, "area_px": 151.4, "longitude": 112.47093, "latitude": 4.15786}}, {"type": "Feature", "geometry": {"type": "Polygon", "coordinates": [[[113.47038, 4.8107], [113.4671, 4.8086], [113.46008, 4.80855], [113.45111, 4.81323], [113.43358, 4.81243], [113.42149, 4.81615], [113.40265, 4.81822], [113.38244, 4.82545], [113.3802, 4.82737], [113.37979, 4.83046], [113.38329, 4.83397], [113.3915, 4.83556], [113.4286, 4.82763], [113.44853, 4.82598], [113.45991, 4.82399], [113.46925, 4.82033], [113.47186, 4.81773], [113.4724, 4.81454], [113.47038, 4.8107]]]}, "properties": {"feature_type": "field", "feature_class": "Gas/Oil Field (offshore, undifferentiated)", "inset": "borneo", "candidate_name": "Dokong", "name_source": "vector text (unverified)", "label_gap_px": 0.0, "area_px": 63.4, "longitude": 113.42668, "latitude": 4.82203}}, {"type": "Feature", "geometry": {"type": "Polygon", "coordinates": [[[112.39879, 3.54836], [112.39291, 3.5469], [112.3908, 3.54741], [112.38966, 3.54904], [112.3891, 3.55583], [112.39017, 3.55771], [112.39334, 3.55849], [112.40018, 3.56326], [112.40131, 3.55232], [112.39879, 3.54836]]]}, "properties": {"feature_type": "field", "feature_class": "Gas/Oil Field (offshore, undifferentiated)", "inset": "borneo", "candidate_name": "Darma", "name_source": "vector text (unverified)", "label_gap_px": 9.3, "area_px": 5.0, "longitude": 112.39543, "latitude": 3.55403}}, {"type": "Feature", "geometry": {"type": "Polygon", "coordinates": [[[114.8986, 5.56344], [114.89461, 5.53464], [114.89232, 5.53091], [114.8905, 5.5304], [114.88511, 5.53322], [114.87952, 5.5393], [114.87698, 5.54407], [114.87594, 5.54938], [114.87824, 5.55827], [114.88475, 5.56655], [114.88839, 5.57704], [114.89203, 5.58082], [114.89674, 5.58247], [114.89892, 5.5819], [114.90175, 5.57943], [114.90361, 5.57423], [114.8986, 5.56344]]]}, "properties": {"feature_type": "field", "feature_class": "Gas/Oil Field (offshore, undifferentiated)", "inset": "borneo", "candidate_name": "Samarang Kecil", "name_source": "vector text (unverified)", "label_gap_px": 0.0, "area_px": 39.4, "longitude": 114.8897, "latitude": 5.55637}}, {"type": "Feature", "geometry": {"type": "Polygon", "coordinates": [[[115.03818, 5.50246], [115.03675, 5.49802], [115.03445, 5.49549], [115.02976, 5.49495], [115.02727, 5.49724], [115.02715, 5.5031], [115.03201, 5.51975], [115.03469, 5.52505], [115.03745, 5.52751], [115.03855, 5.5246], [115.03818, 5.50246]]]}, "properties": {"feature_type": "field", "feature_class": "Gas/Oil Field (offshore, undifferentiated)", "inset": "borneo", "candidate_name": "Sumandak Ujong", "name_source": "vector text (unverified)", "label_gap_px": 0.0, "area_px": 9.4, "longitude": 115.03364, "latitude": 5.50896}}, {"type": "Feature", "geometry": {"type": "Polygon", "coordinates": [[[114.99177, 5.42845], [114.99543, 5.4299], [115.00425, 5.44359], [115.00684, 5.45155], [115.01054, 5.45519], [115.01228, 5.463], [115.01787, 5.46834], [115.02031, 5.46893], [115.02293, 5.46787], [115.02397, 5.46533], [115.02361, 5.45979], [115.01879, 5.44619], [115.01727, 5.43225], [115.01075, 5.41589], [115.00875, 5.41237], [115.00151, 5.4044], [114.99499, 5.38951], [114.99116, 5.38684], [114.98844, 5.38653], [114.99177, 5.42845]]]}, "properties": {"feature_type": "field", "feature_class": "Gas/Oil Field (offshore, undifferentiated)", "inset": "borneo", "candidate_name": "Glayzer", "name_source": "vector text (unverified)", "label_gap_px": 0.0, "area_px": 54.1, "longitude": 115.00531, "latitude": 5.42854}}, {"type": "Feature", "geometry": {"type": "Polygon", "coordinates": [[[114.91148, 5.38064], [114.90874, 5.3794], [114.89938, 5.36712], [114.89749, 5.36618], [114.89401, 5.36693], [114.89322, 5.37008], [114.8944, 5.37446], [114.90186, 5.38883], [114.90928, 5.39944], [114.91298, 5.40173], [114.91457, 5.40124], [114.91513, 5.39988], [114.91452, 5.39404], [114.91523, 5.38913], [114.91148, 5.38064]]]}, "properties": {"feature_type": "field", "feature_class": "Gas/Oil Field (offshore, undifferentiated)", "inset": "borneo", "candidate_name": "Glayzer", "name_source": "vector text (unverified)", "label_gap_px": 1.3, "area_px": 19.5, "longitude": 114.90512, "latitude": 5.38354}}, {"type": "Feature", "geometry": {"type": "Polygon", "coordinates": [[[113.78537, 4.48358], [113.77371, 4.4721], [113.76338, 4.46923], [113.75207, 4.46332], [113.74938, 4.46277], [113.74938, 4.46743], [113.75188, 4.47258], [113.75816, 4.47969], [113.76454, 4.48405], [113.77244, 4.48602], [113.78453, 4.48628], [113.78558, 4.48505], [113.78537, 4.48358]]]}, "properties": {"feature_type": "field", "feature_class": "Gas/Oil Field (offshore, undifferentiated)", "inset": "borneo", "candidate_name": "Hasnah", "name_source": "vector text (unverified)", "label_gap_px": 0.0, "area_px": 20.0, "longitude": 113.76639, "latitude": 4.47638}}, {"type": "Feature", "geometry": {"type": "MultiPolygon", "coordinates": [[[[115.42108, 6.70595], [115.42901, 6.70481], [115.43244, 6.70053], [115.43624, 6.6872], [115.43728, 6.66772], [115.44033, 6.65054], [115.44006, 6.64466], [115.43888, 6.64198], [115.43082, 6.63451], [115.42591, 6.63174], [115.42302, 6.63204], [115.41638, 6.63568], [115.40793, 6.63843], [115.40671, 6.64157], [115.40513, 6.6538], [115.40594, 6.66076], [115.41262, 6.68414], [115.4166, 6.68895], [115.42108, 6.70595]]], [[[115.42243, 6.70899], [115.42312, 6.71004], [115.42348, 6.70982], [115.42336, 6.70955], [115.42243, 6.70899]]]]}, "properties": {"feature_type": "field", "feature_class": "Gas/Oil Field (offshore, undifferentiated)", "inset": "borneo", "candidate_name": "Kamunsu East", "name_source": "vector text (unverified)", "label_gap_px": 0.0, "area_px": 63.6, "longitude": 115.42344, "latitude": 6.66498}}, {"type": "Feature", "geometry": {"type": "Polygon", "coordinates": [[[111.0722, 3.18487], [111.06503, 3.16906], [111.06181, 3.16736], [111.05357, 3.16547], [111.052, 3.16275], [111.05192, 3.16041], [111.04757, 3.16016], [111.0398, 3.16168], [111.01571, 3.17531], [111.01945, 3.18488], [111.02298, 3.18535], [111.02464, 3.19309], [111.0295, 3.20131], [111.03274, 3.20488], [111.04, 3.20949], [111.04371, 3.20996], [111.04725, 3.20882], [111.05047, 3.20577], [111.05277, 3.20972], [111.05496, 3.21143], [111.05706, 3.21132], [111.05909, 3.20983], [111.06702, 3.19861], [111.07122, 3.19584], [111.0722, 3.18487]]]}, "properties": {"feature_type": "field", "feature_class": "Gas/Oil Field (offshore, undifferentiated)", "inset": "borneo", "candidate_name": "H3", "name_source": "vector text (unverified)", "label_gap_px": 0.0, "area_px": 81.1, "longitude": 111.04599, "latitude": 3.18537}}, {"type": "Feature", "geometry": {"type": "Polygon", "coordinates": [[[115.33973, 6.87947], [115.34131, 6.88332], [115.34492, 6.88399], [115.35807, 6.88277], [115.36085, 6.88186], [115.36172, 6.88051], [115.35733, 6.86421], [115.35375, 6.8624], [115.34709, 6.85615], [115.3448, 6.85505], [115.34297, 6.85654], [115.34228, 6.85863], [115.34174, 6.86644], [115.33939, 6.8723], [115.33973, 6.87947]]]}, "properties": {"feature_type": "field", "feature_class": "Gas/Oil Field (offshore, undifferentiated)", "inset": "borneo", "candidate_name": "Bagang", "name_source": "vector text (unverified)", "label_gap_px": 0.0, "area_px": 17.5, "longitude": 115.34947, "latitude": 6.87192}}, {"type": "Feature", "geometry": {"type": "Polygon", "coordinates": [[[115.74941, 6.35322], [115.7468, 6.3538], [115.74454, 6.35276], [115.73883, 6.34692], [115.73305, 6.34395], [115.73122, 6.34001], [115.72277, 6.33885], [115.72085, 6.33455], [115.71936, 6.33354], [115.71061, 6.33391], [115.70789, 6.33538], [115.70653, 6.3376], [115.70642, 6.34212], [115.70804, 6.34429], [115.70971, 6.35175], [115.71144, 6.35365], [115.71302, 6.35311], [115.71402, 6.35107], [115.71525, 6.34331], [115.7213, 6.3433], [115.7201, 6.35454], [115.7215, 6.35888], [115.72352, 6.36072], [115.72709, 6.36066], [115.73166, 6.35726], [115.73461, 6.35946], [115.74191, 6.36078], [115.75109, 6.36391], [115.75508, 6.36411], [115.75504, 6.36213], [115.76156, 6.36203], [115.75938, 6.35845], [115.75235, 6.35505], [115.75121, 6.35277], [115.74992, 6.35278], [115.74951, 6.35427], [115.74941, 6.35322]]]}, "properties": {"feature_type": "field", "feature_class": "Gas/Oil Field (offshore, undifferentiated)", "inset": "borneo", "candidate_name": "Erb West", "name_source": "vector text (unverified)", "label_gap_px": 0.0, "area_px": 36.7, "longitude": 115.7298, "latitude": 6.34981}}, {"type": "Feature", "geometry": {"type": "Polygon", "coordinates": [[[116.62956, 7.24284], [116.62568, 7.23302], [116.62206, 7.22668], [116.61285, 7.21591], [116.60346, 7.20917], [116.59603, 7.20515], [116.5909, 7.20363], [116.58576, 7.20357], [116.58496, 7.20717], [116.58698, 7.21383], [116.5968, 7.23535], [116.60399, 7.24466], [116.61103, 7.24959], [116.61708, 7.25245], [116.62685, 7.25395], [116.63004, 7.25271], [116.63164, 7.25002], [116.63013, 7.24215], [116.62956, 7.24284]]]}, "properties": {"feature_type": "field", "feature_class": "Gas/Oil Field (offshore, undifferentiated)", "inset": "borneo", "candidate_name": "Titik Terang", "name_source": "vector text (unverified)", "label_gap_px": 0.0, "area_px": 52.7, "longitude": 116.60841, "latitude": 7.22955}}, {"type": "Feature", "geometry": {"type": "Polygon", "coordinates": [[[116.697, 7.31395], [116.69536, 7.30856], [116.69277, 7.30531], [116.68761, 7.30432], [116.68159, 7.30142], [116.6767, 7.30236], [116.67582, 7.29675], [116.674, 7.29554], [116.66784, 7.29707], [116.6664, 7.29876], [116.66529, 7.30467], [116.65704, 7.30974], [116.65301, 7.3154], [116.65257, 7.33178], [116.65613, 7.34093], [116.65868, 7.34389], [116.66209, 7.34543], [116.67163, 7.34647], [116.6757, 7.34566], [116.6804, 7.34091], [116.68577, 7.33736], [116.6893, 7.33296], [116.69024, 7.33105], [116.68971, 7.32571], [116.69045, 7.32371], [116.69777, 7.32132], [116.69983, 7.31913], [116.69946, 7.31685], [116.69582, 7.31486], [116.697, 7.31395]]]}, "properties": {"feature_type": "field", "feature_class": "Gas/Oil Field (offshore, undifferentiated)", "inset": "borneo", "candidate_name": "Cempulut", "name_source": "vector text (unverified)", "label_gap_px": 0.0, "area_px": 58.1, "longitude": 116.67337, "latitude": 7.32201}}, {"type": "Feature", "geometry": {"type": "Polygon", "coordinates": [[[112.20652, 6.02107], [112.20182, 6.0105], [112.19952, 6.00894], [112.19126, 6.00667], [112.19039, 6.00175], [112.18926, 6.00045], [112.18619, 5.99986], [112.18262, 6.00242], [112.17989, 6.00744], [112.1783, 6.01343], [112.17876, 6.02098], [112.18041, 6.02284], [112.18834, 6.02602], [112.19044, 6.02782], [112.19377, 6.03982], [112.19541, 6.04211], [112.19888, 6.04439], [112.20163, 6.04486], [112.20375, 6.04385], [112.20635, 6.03864], [112.20724, 6.03134], [112.20652, 6.02107]]]}, "properties": {"feature_type": "field", "feature_class": "Gas/Oil Field (offshore, undifferentiated)", "inset": "borneo", "candidate_name": "Paus", "name_source": "vector text (unverified)", "label_gap_px": 0.0, "area_px": 36.4, "longitude": 112.19392, "latitude": 6.02154}}, {"type": "Feature", "geometry": {"type": "Polygon", "coordinates": [[[112.06782, 5.68282], [112.06171, 5.68154], [112.05689, 5.67744], [112.05325, 5.67283], [112.04756, 5.66271], [112.04442, 5.66179], [112.04179, 5.66243], [112.0396, 5.66433], [112.03635, 5.67074], [112.03024, 5.6955], [112.04645, 5.72695], [112.04963, 5.73045], [112.05599, 5.73379], [112.05769, 5.73612], [112.05947, 5.74146], [112.06146, 5.75516], [112.06381, 5.76051], [112.06897, 5.76381], [112.07306, 5.76443], [112.07684, 5.76397], [112.07928, 5.76228], [112.08105, 5.75609], [112.07709, 5.73046], [112.07903, 5.70917], [112.07543, 5.69202], [112.06941, 5.68612], [112.06782, 5.68282]]]}, "properties": {"feature_type": "field", "feature_class": "Gas/Oil Field (offshore, undifferentiated)", "inset": "borneo", "candidate_name": "Talang", "name_source": "vector text (unverified)", "label_gap_px": 0.0, "area_px": 122.7, "longitude": 112.05806, "latitude": 5.71069}}, {"type": "Feature", "geometry": {"type": "Polygon", "coordinates": [[[111.19143, 4.71998], [111.16556, 4.71709], [111.14874, 4.72163], [111.1359, 4.7189], [111.13184, 4.71887], [111.12675, 4.72213], [111.12501, 4.72572], [111.12469, 4.72961], [111.12659, 4.73484], [111.12927, 4.73716], [111.13848, 4.73712], [111.14733, 4.74309], [111.15092, 4.74359], [111.15944, 4.7391], [111.17211, 4.73917], [111.18878, 4.73409], [111.19345, 4.72965], [111.19551, 4.7247], [111.19441, 4.72018], [111.19302, 4.71907], [111.19143, 4.71998]]]}, "properties": {"feature_type": "field", "feature_class": "Gas/Oil Field (offshore, undifferentiated)", "inset": "borneo", "candidate_name": "Hibiscus", "name_source": "vector text (unverified)", "label_gap_px": 0.0, "area_px": 45.4, "longitude": 111.15918, "latitude": 4.72889}}, {"type": "Feature", "geometry": {"type": "Polygon", "coordinates": [[[111.8202, 4.31394], [111.82161, 4.30473], [111.81873, 4.29493], [111.81724, 4.2803], [111.81152, 4.27127], [111.80749, 4.26265], [111.80391, 4.25835], [111.79865, 4.25563], [111.78799, 4.2553], [111.78132, 4.25742], [111.7782, 4.26196], [111.77737, 4.26709], [111.77024, 4.27256], [111.76968, 4.27609], [111.7727, 4.28231], [111.77269, 4.28566], [111.76732, 4.29081], [111.76644, 4.29876], [111.76316, 4.30336], [111.76258, 4.30584], [111.76363, 4.30883], [111.76625, 4.31113], [111.77476, 4.31428], [111.77547, 4.3219], [111.78157, 4.32827], [111.7821, 4.33235], [111.77547, 4.33902], [111.77524, 4.34254], [111.77745, 4.34524], [111.781, 4.35314], [111.78497, 4.3536], [111.79096, 4.3509], [111.79423, 4.35168], [111.79653, 4.35394], [111.80529, 4.36761], [111.80977, 4.37006], [111.8192, 4.37887], [111.82519, 4.38165], [111.82718, 4.38054], [111.82761, 4.37803], [111.82341, 4.36799], [111.82271, 4.36418], [111.82555, 4.35506], [111.82563, 4.35083], [111.82418, 4.34776], [111.81905, 4.34351], [111.81707, 4.32811], [111.81271, 4.32089], [111.81422, 4.31861], [111.82144, 4.3164], [111.82179, 4.31445], [111.8202, 4.31394]]]}, "properties": {"feature_type": "field", "feature_class": "Gas/Oil Field (offshore, undifferentiated)", "inset": "borneo", "candidate_name": "Kumang", "name_source": "vector text (unverified)", "label_gap_px": 12.3, "area_px": 173.3, "longitude": 111.79718, "latitude": 4.31194}}, {"type": "Feature", "geometry": {"type": "Polygon", "coordinates": [[[111.26205, 3.64201], [111.25736, 3.63704], [111.24745, 3.61956], [111.22948, 3.60516], [111.22714, 3.60153], [111.22499, 3.60156], [111.21976, 3.60554], [111.21778, 3.60949], [111.21697, 3.61434], [111.2173, 3.62627], [111.2114, 3.64715], [111.21087, 3.65581], [111.21165, 3.66169], [111.22706, 3.66058], [111.2414, 3.66503], [111.25101, 3.6638], [111.25601, 3.66072], [111.25961, 3.65612], [111.26145, 3.65017], [111.26117, 3.64305], [111.26205, 3.64201]]]}, "properties": {"feature_type": "field", "feature_class": "Gas/Oil Field (offshore, undifferentiated)", "inset": "borneo", "candidate_name": "J1", "name_source": "vector text (unverified)", "label_gap_px": 0.0, "area_px": 77.8, "longitude": 111.23463, "latitude": 3.63827}}, {"type": "Feature", "geometry": {"type": "Polygon", "coordinates": [[[113.09984, 3.62533], [113.09771, 3.62033], [113.08995, 3.6117], [113.08378, 3.60124], [113.07325, 3.59037], [113.06974, 3.58761], [113.06604, 3.58657], [113.06354, 3.58715], [113.06041, 3.58958], [113.0587, 3.59328], [113.05928, 3.59798], [113.06106, 3.60034], [113.06865, 3.60613], [113.07268, 3.6127], [113.07957, 3.6197], [113.08455, 3.63568], [113.09129, 3.6409], [113.10026, 3.64516], [113.10042, 3.64007], [113.10295, 3.62901], [113.10182, 3.62664], [113.09794, 3.62532], [113.09984, 3.62533]]]}, "properties": {"feature_type": "field", "feature_class": "Gas/Oil Field (offshore, undifferentiated)", "inset": "borneo", "candidate_name": "East Patricia", "name_source": "vector text (unverified)", "label_gap_px": 0.0, "area_px": 54.9, "longitude": 113.08228, "latitude": 3.61455}}, {"type": "Feature", "geometry": {"type": "Polygon", "coordinates": [[[112.71429, 4.49355], [112.71146, 4.48801], [112.70927, 4.48658], [112.70438, 4.48627], [112.7002, 4.48913], [112.6989, 4.49167], [112.69888, 4.49881], [112.70278, 4.50128], [112.70519, 4.50531], [112.70902, 4.50441], [112.71232, 4.50297], [112.71462, 4.5007], [112.71541, 4.49735], [112.71421, 4.49264], [112.71429, 4.49355]]]}, "properties": {"feature_type": "field", "feature_class": "Gas/Oil Field (offshore, undifferentiated)", "inset": "borneo", "candidate_name": "Gorek Legundi", "name_source": "vector text (unverified)", "label_gap_px": 0.0, "area_px": 11.0, "longitude": 112.70694, "latitude": 4.49546}}, {"type": "Feature", "geometry": {"type": "Polygon", "coordinates": [[[116.67083, 7.18577], [116.67485, 7.18628], [116.67907, 7.18405], [116.68217, 7.18378], [116.68621, 7.18791], [116.69142, 7.18343], [116.69748, 7.18355], [116.69689, 7.17574], [116.69997, 7.17224], [116.69792, 7.16702], [116.69498, 7.16488], [116.68967, 7.16736], [116.68423, 7.1644], [116.68344, 7.16454], [116.68406, 7.1657], [116.67672, 7.16456], [116.67363, 7.15702], [116.66988, 7.15426], [116.66861, 7.15533], [116.67154, 7.15961], [116.67122, 7.16076], [116.66662, 7.16106], [116.66448, 7.15694], [116.66084, 7.16007], [116.65867, 7.16775], [116.66349, 7.16954], [116.66878, 7.1754], [116.66727, 7.17799], [116.66208, 7.18132], [116.67083, 7.18577]]]}, "properties": {"feature_type": "field", "feature_class": "Gas/Oil Field (offshore, undifferentiated)", "inset": "borneo", "candidate_name": "Berangan", "name_source": "vector text (unverified)", "label_gap_px": 0.0, "area_px": 32.5, "longitude": 116.67909, "latitude": 7.17305}}, {"type": "Feature", "geometry": {"type": "Polygon", "coordinates": [[[116.03109, 7.38467], [116.02377, 7.39727], [116.03018, 7.40267], [116.03584, 7.39439], [116.04419, 7.39007], [116.04559, 7.38272], [116.0489, 7.37637], [116.04919, 7.37409], [116.04672, 7.37229], [116.041, 7.37098], [116.03633, 7.37056], [116.03224, 7.37149], [116.03065, 7.37506], [116.03109, 7.38467]]]}, "properties": {"feature_type": "field", "feature_class": "Gas/Oil Field (offshore, undifferentiated)", "inset": "borneo", "candidate_name": "Buluh", "name_source": "vector text (unverified)", "label_gap_px": 0.0, "area_px": 23.8, "longitude": 116.03665, "latitude": 7.38433}}, {"type": "Feature", "geometry": {"type": "Polygon", "coordinates": [[[112.84644, 3.4602], [112.83405, 3.45848], [112.82801, 3.46013], [112.82889, 3.46535], [112.82604, 3.46851], [112.8266, 3.47146], [112.83228, 3.48292], [112.84255, 3.4848], [112.85552, 3.4893], [112.85808, 3.49098], [112.8674, 3.49285], [112.87146, 3.49201], [112.87521, 3.48493], [112.87403, 3.47805], [112.87731, 3.4765], [112.87446, 3.47236], [112.87052, 3.46967], [112.86322, 3.46708], [112.85591, 3.46572], [112.84786, 3.46568], [112.84644, 3.4602]]]}, "properties": {"feature_type": "field", "feature_class": "Gas/Oil Field (offshore, undifferentiated)", "inset": "borneo", "candidate_name": "Patricia", "name_source": "vector text (unverified)", "label_gap_px": 0.0, "area_px": 39.8, "longitude": 112.85123, "latitude": 3.4757}}, {"type": "Feature", "geometry": {"type": "Polygon", "coordinates": [[[116.01018, 7.30394], [116.00552, 7.29494], [115.99943, 7.28961], [115.99837, 7.29029], [115.99534, 7.29421], [115.9983, 7.29567], [115.99986, 7.29991], [115.99668, 7.31765], [115.99244, 7.32148], [115.99029, 7.32873], [115.98739, 7.32872], [115.98692, 7.33066], [115.98726, 7.33211], [115.98975, 7.33386], [115.99989, 7.33584], [116.00332, 7.34123], [116.00491, 7.34225], [116.01257, 7.34273], [116.01515, 7.34375], [116.01481, 7.33258], [116.01104, 7.31845], [116.01018, 7.30394]]]}, "properties": {"feature_type": "field", "feature_class": "Gas/Oil Field (offshore, undifferentiated)", "inset": "borneo", "candidate_name": "Rotan", "name_source": "vector text (unverified)", "label_gap_px": 0.0, "area_px": 36.2, "longitude": 116.0034, "latitude": 7.32088}}, {"type": "Feature", "geometry": {"type": "Polygon", "coordinates": [[[115.94068, 7.1816], [115.93918, 7.17716], [115.93894, 7.16817], [115.9376, 7.16451], [115.93057, 7.16684], [115.9295, 7.16957], [115.92774, 7.16994], [115.92529, 7.17327], [115.92294, 7.17377], [115.92198, 7.18226], [115.92773, 7.1919], [115.93045, 7.19374], [115.93684, 7.19581], [115.9452, 7.19686], [115.94491, 7.18804], [115.94068, 7.1816]]]}, "properties": {"feature_type": "field", "feature_class": "Gas/Oil Field (offshore, undifferentiated)", "inset": "borneo", "candidate_name": "Bemban", "name_source": "vector text (unverified)", "label_gap_px": 0.0, "area_px": 17.8, "longitude": 115.93365, "latitude": 7.18203}}, {"type": "Feature", "geometry": {"type": "Polygon", "coordinates": [[[114.86703, 5.47016], [114.86226, 5.47607], [114.86175, 5.48151], [114.86442, 5.48617], [114.86915, 5.4897], [114.87484, 5.49178], [114.88038, 5.49208], [114.88468, 5.49026], [114.88664, 5.48599], [114.88514, 5.47895], [114.87909, 5.46881], [114.87293, 5.46809], [114.86703, 5.47016]]]}, "properties": {"feature_type": "field", "feature_class": "Gas/Oil Field (offshore, undifferentiated)", "inset": "borneo", "candidate_name": "Grafit", "name_source": "vector text (unverified)", "label_gap_px": 0.0, "area_px": 55.6, "longitude": 114.87434, "latitude": 5.48046}}, {"type": "Feature", "geometry": {"type": "Polygon", "coordinates": [[[116.61969, 7.25922], [116.60779, 7.25193], [116.6015, 7.25185], [116.59843, 7.25487], [116.59596, 7.26672], [116.59362, 7.26856], [116.59361, 7.27013], [116.59513, 7.27133], [116.59932, 7.27141], [116.60341, 7.27297], [116.60858, 7.27918], [116.61174, 7.28132], [116.6245, 7.27928], [116.62976, 7.27574], [116.63098, 7.27168], [116.63055, 7.26901], [116.62371, 7.26339], [116.61784, 7.2611], [116.61774, 7.25852], [116.61969, 7.25922]]]}, "properties": {"feature_type": "field", "feature_class": "Gas/Oil Field (offshore, undifferentiated)", "inset": "borneo", "candidate_name": "Titik Terang", "name_source": "vector text (unverified)", "label_gap_px": 0.0, "area_px": 29.2, "longitude": 116.61197, "latitude": 7.26725}}, {"type": "Feature", "geometry": {"type": "Polygon", "coordinates": [[[112.70754, 5.37866], [112.6925, 5.37518], [112.68186, 5.37366], [112.67759, 5.37419], [112.67466, 5.37607], [112.67355, 5.37964], [112.67473, 5.38525], [112.68605, 5.40545], [112.69434, 5.41667], [112.69644, 5.4172], [112.69882, 5.4162], [112.70001, 5.40689], [112.70144, 5.40512], [112.70546, 5.40311], [112.71163, 5.40274], [112.70985, 5.38447], [112.70858, 5.38028], [112.70754, 5.37866]]]}, "properties": {"feature_type": "field", "feature_class": "Gas/Oil Field (offshore, undifferentiated)", "inset": "borneo", "candidate_name": "Marjoram", "name_source": "vector text (unverified)", "label_gap_px": 0.0, "area_px": 60.7, "longitude": 112.69342, "latitude": 5.39153}}, {"type": "Feature", "geometry": {"type": "Polygon", "coordinates": [[[115.85169, 7.22413], [115.83749, 7.22045], [115.82891, 7.22124], [115.82555, 7.22316], [115.82311, 7.22634], [115.8218, 7.23097], [115.82186, 7.23723], [115.82349, 7.2453], [115.83422, 7.24664], [115.85673, 7.25853], [115.86168, 7.24058], [115.86234, 7.2314], [115.86147, 7.22757], [115.85952, 7.22457], [115.85626, 7.22262], [115.8515, 7.22196], [115.85169, 7.22413]]]}, "properties": {"feature_type": "field", "feature_class": "Gas/Oil Field (offshore, undifferentiated)", "inset": "borneo", "candidate_name": "Permai", "name_source": "vector text (unverified)", "label_gap_px": 0.0, "area_px": 50.3, "longitude": 115.84307, "latitude": 7.23662}}, {"type": "Feature", "geometry": {"type": "Polygon", "coordinates": [[[113.07929, 3.8002], [113.06172, 3.79079], [113.04553, 3.78457], [113.03331, 3.78175], [113.03052, 3.78245], [113.02885, 3.78481], [113.02878, 3.78917], [113.03022, 3.79195], [113.0423, 3.79436], [113.0449, 3.79681], [113.05187, 3.80736], [113.06563, 3.81326], [113.07372, 3.81946], [113.09321, 3.824], [113.10129, 3.82397], [113.09967, 3.81554], [113.09643, 3.81076], [113.09102, 3.80665], [113.08163, 3.80226], [113.07929, 3.8002]]]}, "properties": {"feature_type": "field", "feature_class": "Gas/Oil Field (offshore, undifferentiated)", "inset": "borneo", "candidate_name": "Tiram", "name_source": "vector text (unverified)", "label_gap_px": 0.0, "area_px": 70.0, "longitude": 113.06665, "latitude": 3.80367}}, {"type": "Feature", "geometry": {"type": "Polygon", "coordinates": [[[113.24656, 3.87319], [113.24462, 3.87077], [113.24028, 3.86071], [113.23495, 3.85826], [113.22927, 3.85767], [113.22791, 3.85929], [113.22648, 3.86721], [113.22074, 3.87385], [113.22017, 3.87821], [113.22189, 3.88088], [113.22799, 3.88478], [113.23618, 3.88444], [113.23858, 3.88327], [113.24173, 3.87733], [113.24643, 3.87516], [113.24656, 3.87319]]]}, "properties": {"feature_type": "field", "feature_class": "Gas/Oil Field (offshore, undifferentiated)", "inset": "borneo", "candidate_name": "Sapih", "name_source": "vector text (unverified)", "label_gap_px": 0.0, "area_px": 17.9, "longitude": 113.23309, "latitude": 3.87222}}, {"type": "Feature", "geometry": {"type": "Polygon", "coordinates": [[[112.93048, 4.68356], [112.92841, 4.68086], [112.92231, 4.67608], [112.91834, 4.6698], [112.9074, 4.66527], [112.9055, 4.66548], [112.90394, 4.66701], [112.90302, 4.66992], [112.90342, 4.67238], [112.91062, 4.67883], [112.91502, 4.6871], [112.92274, 4.69096], [112.92518, 4.69467], [112.92767, 4.69629], [112.92907, 4.69621], [112.92992, 4.69507], [112.9316, 4.68746], [112.9313, 4.68526], [112.92897, 4.68302], [112.92905, 4.68172], [112.93048, 4.68356]]]}, "properties": {"feature_type": "field", "feature_class": "Gas/Oil Field (offshore, undifferentiated)", "inset": "borneo", "candidate_name": "Cili Padi", "name_source": "vector text (unverified)", "label_gap_px": 0.0, "area_px": 22.1, "longitude": 112.91813, "latitude": 4.67983}}, {"type": "Feature", "geometry": {"type": "Polygon", "coordinates": [[[112.88121, 4.52914], [112.85812, 4.49898], [112.85512, 4.491], [112.85104, 4.49], [112.84579, 4.49126], [112.84433, 4.49477], [112.84456, 4.49911], [112.84843, 4.50606], [112.85036, 4.51184], [112.8616, 4.51805], [112.86478, 4.52366], [112.86934, 4.52788], [112.87514, 4.53569], [112.8786, 4.5369], [112.88075, 4.5363], [112.88217, 4.53365], [112.88121, 4.52914]]]}, "properties": {"feature_type": "field", "feature_class": "Gas/Oil Field (offshore, undifferentiated)", "inset": "borneo", "candidate_name": "Gorek Legundi", "name_source": "vector text (unverified)", "label_gap_px": 0.0, "area_px": 37.5, "longitude": 112.86171, "latitude": 4.51216}}, {"type": "Feature", "geometry": {"type": "Polygon", "coordinates": [[[112.92326, 4.58768], [112.91413, 4.57688], [112.91134, 4.57646], [112.90462, 4.57899], [112.90195, 4.57862], [112.90387, 4.58485], [112.91383, 4.59484], [112.91723, 4.60274], [112.91971, 4.60472], [112.92348, 4.60544], [112.92666, 4.60389], [112.92749, 4.60111], [112.9232, 4.58952], [112.92126, 4.58672], [112.92326, 4.58768]]]}, "properties": {"feature_type": "field", "feature_class": "Gas/Oil Field (offshore, undifferentiated)", "inset": "borneo", "candidate_name": "Selasih F22", "name_source": "vector text (unverified)", "label_gap_px": 0.0, "area_px": 17.7, "longitude": 112.91587, "latitude": 4.59}}, {"type": "Feature", "geometry": {"type": "Polygon", "coordinates": [[[112.40171, 4.72027], [112.3966, 4.70149], [112.39199, 4.69708], [112.38435, 4.69597], [112.37749, 4.69664], [112.37498, 4.69775], [112.37255, 4.70133], [112.37361, 4.7091], [112.38128, 4.727], [112.38547, 4.73416], [112.38844, 4.73647], [112.39105, 4.73603], [112.39594, 4.73228], [112.40103, 4.72586], [112.40171, 4.72027]]]}, "properties": {"feature_type": "field", "feature_class": "Gas/Oil Field (offshore, undifferentiated)", "inset": "borneo", "candidate_name": "Jeremin", "name_source": "vector text (unverified)", "label_gap_px": 0.0, "area_px": 30.5, "longitude": 112.3877, "latitude": 4.71434}}, {"type": "Feature", "geometry": {"type": "Polygon", "coordinates": [[[112.68622, 4.78656], [112.68456, 4.78609], [112.68315, 4.78543], [112.68098, 4.78365], [112.67457, 4.77484], [112.66562, 4.77003], [112.66186, 4.76935], [112.65823, 4.77005], [112.65233, 4.77256], [112.64987, 4.77494], [112.65054, 4.77822], [112.66005, 4.78173], [112.66554, 4.79083], [112.67293, 4.79601], [112.67997, 4.80324], [112.68302, 4.80448], [112.68837, 4.80352], [112.69034, 4.80095], [112.6872, 4.78659], [112.68567, 4.78489], [112.68247, 4.78439], [112.68622, 4.78656]]]}, "properties": {"feature_type": "field", "feature_class": "Gas/Oil Field (offshore, undifferentiated)", "inset": "borneo", "candidate_name": "F9", "name_source": "vector text (unverified)", "label_gap_px": 4.8, "area_px": 34.6, "longitude": 112.67225, "latitude": 4.78568}}, {"type": "Feature", "geometry": {"type": "Polygon", "coordinates": [[[112.58128, 4.8329], [112.5743, 4.8241], [112.56983, 4.82297], [112.56621, 4.82471], [112.56599, 4.82947], [112.56892, 4.83742], [112.56986, 4.84489], [112.57121, 4.8482], [112.57377, 4.85035], [112.57986, 4.85196], [112.58318, 4.85691], [112.58543, 4.85826], [112.58719, 4.85799], [112.59127, 4.85322], [112.59779, 4.8558], [112.59926, 4.85528], [112.60001, 4.8534], [112.59929, 4.8416], [112.59063, 4.83797], [112.5861, 4.83427], [112.58129, 4.83365], [112.5803, 4.83255], [112.58128, 4.8329]]]}, "properties": {"feature_type": "field", "feature_class": "Gas/Oil Field (offshore, undifferentiated)", "inset": "borneo", "candidate_name": "Lada Hitam", "name_source": "vector text (unverified)", "label_gap_px": 5.6, "area_px": 28.0, "longitude": 112.58218, "latitude": 4.84198}}, {"type": "Feature", "geometry": {"type": "Polygon", "coordinates": [[[112.52841, 4.81727], [112.52502, 4.81797], [112.52271, 4.82031], [112.52295, 4.82279], [112.52542, 4.82602], [112.52423, 4.82847], [112.52586, 4.83203], [112.53011, 4.83539], [112.53636, 4.83858], [112.54459, 4.84014], [112.5483, 4.8389], [112.54962, 4.83656], [112.54909, 4.82967], [112.54538, 4.82196], [112.54272, 4.81861], [112.5366, 4.81454], [112.53344, 4.81446], [112.52841, 4.81727]]]}, "properties": {"feature_type": "field", "feature_class": "Gas/Oil Field (offshore, undifferentiated)", "inset": "borneo", "candidate_name": "Lada Hitam", "name_source": "vector text (unverified)", "label_gap_px": 0.0, "area_px": 22.0, "longitude": 112.53666, "latitude": 4.82748}}, {"type": "Feature", "geometry": {"type": "Polygon", "coordinates": [[[113.00512, 4.58728], [112.99696, 4.58277], [112.99359, 4.57873], [112.99078, 4.57939], [112.98806, 4.58239], [112.98852, 4.58495], [112.99375, 4.59012], [113.0016, 4.60021], [113.00467, 4.60269], [113.00766, 4.60324], [113.01019, 4.60073], [113.01081, 4.59652], [113.00935, 4.59358], [113.00597, 4.5904], [113.00512, 4.58728]]]}, "properties": {"feature_type": "field", "feature_class": "Gas/Oil Field (offshore, undifferentiated)", "inset": "borneo", "candidate_name": "Selasih F22", "name_source": "vector text (unverified)", "label_gap_px": 0.0, "area_px": 15.1, "longitude": 113.00015, "latitude": 4.59106}}, {"type": "Feature", "geometry": {"type": "Polygon", "coordinates": [[[112.17391, 4.24846], [112.17685, 4.24324], [112.17813, 4.23664], [112.17776, 4.23105], [112.17571, 4.22748], [112.17113, 4.22847], [112.16207, 4.23537], [112.15131, 4.2368], [112.14792, 4.23887], [112.14826, 4.25767], [112.14972, 4.26879], [112.15144, 4.27361], [112.15711, 4.27596], [112.15952, 4.27594], [112.1607, 4.27498], [112.16296, 4.26885], [112.16853, 4.26564], [112.17093, 4.25878], [112.17541, 4.25295], [112.17588, 4.25093], [112.17391, 4.24846]]]}, "properties": {"feature_type": "field", "feature_class": "Gas/Oil Field (offshore, undifferentiated)", "inset": "borneo", "candidate_name": "Kanowit", "name_source": "vector text (unverified)", "label_gap_px": 0.0, "area_px": 35.9, "longitude": 112.16186, "latitude": 4.25084}}, {"type": "Feature", "geometry": {"type": "Polygon", "coordinates": [[[112.64984, 3.38995], [112.63936, 3.38536], [112.62623, 3.38376], [112.62067, 3.38525], [112.61427, 3.38861], [112.61091, 3.39198], [112.61034, 3.39492], [112.61169, 3.39785], [112.61566, 3.40159], [112.62885, 3.4073], [112.6358, 3.40638], [112.65296, 3.40853], [112.65929, 3.40431], [112.66046, 3.40145], [112.65718, 3.39444], [112.64984, 3.38995]]]}, "properties": {"feature_type": "field", "feature_class": "Gas/Oil Field (offshore, undifferentiated)", "inset": "borneo", "candidate_name": "Merapuh", "name_source": "vector text (unverified)", "label_gap_px": 0.0, "area_px": 29.8, "longitude": 112.63522, "latitude": 3.3965}}, {"type": "Feature", "geometry": {"type": "Polygon", "coordinates": [[[112.42331, 3.14191], [112.42316, 3.13725], [112.42146, 3.13313], [112.41953, 3.13103], [112.41466, 3.12877], [112.41324, 3.12375], [112.40823, 3.11988], [112.40344, 3.11894], [112.4004, 3.11995], [112.39672, 3.12324], [112.39408, 3.12745], [112.39293, 3.13218], [112.39327, 3.13812], [112.39461, 3.14161], [112.39704, 3.14394], [112.40238, 3.14484], [112.40928, 3.14747], [112.41674, 3.15357], [112.42105, 3.15478], [112.42447, 3.15394], [112.42655, 3.15165], [112.4264, 3.14929], [112.42239, 3.14436], [112.42225, 3.14272], [112.42331, 3.14191]]]}, "properties": {"feature_type": "field", "feature_class": "Gas/Oil Field (offshore, undifferentiated)", "inset": "borneo", "candidate_name": "C6", "name_source": "vector text (unverified)", "label_gap_px": 0.9, "area_px": 27.9, "longitude": 112.40899, "latitude": 3.1366}}, {"type": "Feature", "geometry": {"type": "Polygon", "coordinates": [[[112.27271, 3.1183], [112.27215, 3.12502], [112.26868, 3.13403], [112.26667, 3.1453], [112.26745, 3.15122], [112.26918, 3.15334], [112.27155, 3.15415], [112.27473, 3.15299], [112.28069, 3.14882], [112.2896, 3.14515], [112.29278, 3.14245], [112.29418, 3.13892], [112.29273, 3.13024], [112.29552, 3.12099], [112.29408, 3.11613], [112.28812, 3.10744], [112.2855, 3.10523], [112.2817, 3.10428], [112.27656, 3.10514], [112.27352, 3.10741], [112.27186, 3.11385], [112.27271, 3.1183]], [[112.27347, 3.12123], [112.27483, 3.12728], [112.27463, 3.1292], [112.27347, 3.12123]]]}, "properties": {"feature_type": "field", "feature_class": "Gas/Oil Field (offshore, undifferentiated)", "inset": "borneo", "candidate_name": "C8", "name_source": "vector text (unverified)", "label_gap_px": 0.0, "area_px": 37.4, "longitude": 112.28099, "latitude": 3.12919}}, {"type": "Feature", "geometry": {"type": "Polygon", "coordinates": [[[112.25085, 4.87513], [112.25135, 4.8718], [112.24943, 4.86895], [112.24409, 4.86566], [112.23864, 4.86366], [112.23133, 4.86357], [112.22842, 4.86589], [112.22686, 4.86951], [112.22649, 4.87395], [112.22767, 4.88026], [112.23163, 4.88345], [112.23707, 4.88582], [112.24142, 4.88556], [112.2478, 4.88294], [112.2492, 4.88111], [112.25146, 4.87513], [112.25085, 4.87513]]]}, "properties": {"feature_type": "field", "feature_class": "Gas/Oil Field (offshore, undifferentiated)", "inset": "borneo", "candidate_name": "Sintok", "name_source": "vector text (unverified)", "label_gap_px": 0.0, "area_px": 15.5, "longitude": 112.23847, "latitude": 4.87449}}, {"type": "Feature", "geometry": {"type": "Polygon", "coordinates": [[[112.25095, 4.90747], [112.24637, 4.90205], [112.2418, 4.90151], [112.23857, 4.89937], [112.23587, 4.89995], [112.23427, 4.90357], [112.23373, 4.91689], [112.23452, 4.91893], [112.23865, 4.92114], [112.2436, 4.92046], [112.25095, 4.90747]]]}, "properties": {"feature_type": "field", "feature_class": "Gas/Oil Field (offshore, undifferentiated)", "inset": "borneo", "candidate_name": "Sintok", "name_source": "vector text (unverified)", "label_gap_px": 0.0, "area_px": 9.5, "longitude": 112.24095, "latitude": 4.91022}}, {"type": "Feature", "geometry": {"type": "Polygon", "coordinates": [[[113.62724, 4.63784], [113.63038, 4.64344], [113.63905, 4.64861], [113.67252, 4.65942], [113.69017, 4.66637], [113.7045, 4.6686], [113.70716, 4.66806], [113.70815, 4.66651], [113.70781, 4.6621], [113.70387, 4.65775], [113.68515, 4.64977], [113.67299, 4.64333], [113.66647, 4.63934], [113.66215, 4.63429], [113.6586, 4.63207], [113.64175, 4.62896], [113.63622, 4.6289], [113.63215, 4.63052], [113.62839, 4.63336], [113.62715, 4.63569], [113.62724, 4.63784]]]}, "properties": {"feature_type": "field", "feature_class": "Gas/Oil Field (offshore, undifferentiated)", "inset": "borneo", "candidate_name": "Laila", "name_source": "vector text (unverified)", "label_gap_px": 0.0, "area_px": 71.1, "longitude": 113.66459, "latitude": 4.64795}}, {"type": "Feature", "geometry": {"type": "Polygon", "coordinates": [[[112.29023, 4.83058], [112.27282, 4.8101], [112.26866, 4.8072], [112.2618, 4.80511], [112.25252, 4.80585], [112.24494, 4.80923], [112.23668, 4.81571], [112.23053, 4.82326], [112.23163, 4.82945], [112.24127, 4.85306], [112.24433, 4.85614], [112.25491, 4.86248], [112.26206, 4.86557], [112.26659, 4.86649], [112.27057, 4.86592], [112.27584, 4.86185], [112.28242, 4.85174], [112.28526, 4.84356], [112.28882, 4.8419], [112.29081, 4.83882], [112.29023, 4.83058]]]}, "properties": {"feature_type": "field", "feature_class": "Gas/Oil Field (offshore, undifferentiated)", "inset": "borneo", "candidate_name": "Biji Sawi", "name_source": "vector text (unverified)", "label_gap_px": 0.0, "area_px": 81.9, "longitude": 112.26057, "latitude": 4.8347}}, {"type": "Feature", "geometry": {"type": "Polygon", "coordinates": [[[112.34898, 5.07382], [112.34826, 5.07214], [112.34532, 5.07006], [112.331, 5.06903], [112.33088, 5.07521], [112.33568, 5.08608], [112.3386, 5.08605], [112.33986, 5.08351], [112.34883, 5.08359], [112.35074, 5.07999], [112.35094, 5.07597], [112.34552, 5.07037], [112.34898, 5.07382]]]}, "properties": {"feature_type": "field", "feature_class": "Gas/Oil Field (offshore, undifferentiated)", "inset": "borneo", "candidate_name": "Daun Kari", "name_source": "vector text (unverified)", "label_gap_px": 0.0, "area_px": 9.8, "longitude": 112.3405, "latitude": 5.07687}}, {"type": "Feature", "geometry": {"type": "Polygon", "coordinates": [[[112.08394, 5.05377], [112.08398, 5.04793], [112.08501, 5.04775], [112.0866, 5.04023], [112.08502, 5.03818], [112.07766, 5.03491], [112.07093, 5.0335], [112.06668, 5.03374], [112.06337, 5.03615], [112.06172, 5.04111], [112.06222, 5.04564], [112.06447, 5.04919], [112.06832, 5.05066], [112.07121, 5.05558], [112.07589, 5.05768], [112.08069, 5.05705], [112.08394, 5.05377]]]}, "properties": {"feature_type": "field", "feature_class": "Gas/Oil Field (offshore, undifferentiated)", "inset": "borneo", "candidate_name": "M3 South", "name_source": "vector text (unverified)", "label_gap_px": 0.0, "area_px": 16.4, "longitude": 112.07432, "latitude": 5.04468}}, {"type": "Feature", "geometry": {"type": "Polygon", "coordinates": [[[112.12545, 5.09245], [112.12013, 5.08801], [112.11315, 5.08531], [112.10586, 5.08482], [112.09962, 5.08704], [112.09578, 5.09246], [112.09544, 5.10143], [112.08963, 5.10722], [112.08986, 5.11292], [112.09359, 5.11645], [112.10298, 5.12061], [112.11041, 5.12515], [112.1148, 5.1268], [112.11681, 5.12663], [112.12046, 5.12331], [112.12232, 5.11903], [112.12349, 5.11234], [112.12667, 5.10552], [112.12606, 5.09931], [112.12799, 5.09344], [112.12789, 5.09256], [112.12545, 5.09245]]]}, "properties": {"feature_type": "field", "feature_class": "Gas/Oil Field (offshore, undifferentiated)", "inset": "borneo", "candidate_name": "M3 South", "name_source": "vector text (unverified)", "label_gap_px": 0.0, "area_px": 49.3, "longitude": 112.10966, "latitude": 5.10483}}, {"type": "Feature", "geometry": {"type": "Polygon", "coordinates": [[[112.06158, 5.20774], [112.06107, 5.20911], [112.06384, 5.20999], [112.06602, 5.20861], [112.06768, 5.20584], [112.0744, 5.18229], [112.07415, 5.17576], [112.07034, 5.16555], [112.06419, 5.15642], [112.05918, 5.15165], [112.05302, 5.15001], [112.04933, 5.15241], [112.04831, 5.15839], [112.0549, 5.19023], [112.05568, 5.20269], [112.05797, 5.20653], [112.06158, 5.20774]]]}, "properties": {"feature_type": "field", "feature_class": "Gas/Oil Field (offshore, undifferentiated)", "inset": "borneo", "candidate_name": "M4", "name_source": "vector text (unverified)", "label_gap_px": 0.0, "area_px": 39.9, "longitude": 112.06148, "latitude": 5.17841}}, {"type": "Feature", "geometry": {"type": "Polygon", "coordinates": [[[112.25283, 5.36721], [112.24645, 5.35757], [112.2407, 5.35331], [112.2377, 5.35218], [112.23195, 5.35242], [112.22684, 5.35674], [112.22518, 5.35976], [112.22411, 5.36633], [112.22522, 5.37333], [112.231, 5.38969], [112.23295, 5.39833], [112.23462, 5.40063], [112.23805, 5.40277], [112.24298, 5.40344], [112.24718, 5.40124], [112.25364, 5.39385], [112.25676, 5.38759], [112.25877, 5.38026], [112.25857, 5.3733], [112.25729, 5.37041], [112.25283, 5.36721]]]}, "properties": {"feature_type": "field", "feature_class": "Gas/Oil Field (offshore, undifferentiated)", "inset": "borneo", "candidate_name": "Jintan", "name_source": "vector text (unverified)", "label_gap_px": 0.0, "area_px": 56.4, "longitude": 112.24098, "latitude": 5.37711}}, {"type": "Feature", "geometry": {"type": "Polygon", "coordinates": [[[113.60981, 4.34341], [113.612, 4.35142], [113.61436, 4.35468], [113.61735, 4.35728], [113.62466, 4.36068], [113.63283, 4.36193], [113.64317, 4.36064], [113.6486, 4.35664], [113.65047, 4.35259], [113.65019, 4.3449], [113.64631, 4.33768], [113.64259, 4.33525], [113.62977, 4.3301], [113.62602, 4.32644], [113.62347, 4.32222], [113.62081, 4.31267], [113.61854, 4.29768], [113.61474, 4.28888], [113.61128, 4.28526], [113.60198, 4.27953], [113.59955, 4.27701], [113.59815, 4.27033], [113.60028, 4.2554], [113.60031, 4.24761], [113.59977, 4.24479], [113.59344, 4.24411], [113.58851, 4.24535], [113.58486, 4.24817], [113.5824, 4.25226], [113.58103, 4.25731], [113.58118, 4.26901], [113.58453, 4.28074], [113.59246, 4.29699], [113.5949, 4.31706], [113.59766, 4.32797], [113.60289, 4.33827], [113.6052, 4.34083], [113.60981, 4.34341]]]}, "properties": {"feature_type": "field", "feature_class": "Gas/Oil Field (offshore, undifferentiated)", "inset": "borneo", "candidate_name": "Rebab", "name_source": "vector text (unverified)", "label_gap_px": 0.0, "area_px": 182.7, "longitude": 113.61115, "latitude": 4.31197}}, {"type": "Feature", "geometry": {"type": "Polygon", "coordinates": [[[114.55488, 5.79586], [114.55009, 5.79542], [114.54591, 5.79268], [114.5441, 5.79397], [114.54536, 5.80052], [114.55053, 5.80687], [114.56035, 5.8139], [114.56914, 5.82245], [114.57988, 5.82974], [114.59099, 5.84144], [114.60126, 5.8466], [114.61356, 5.85509], [114.62216, 5.86269], [114.62623, 5.86416], [114.62849, 5.86352], [114.62883, 5.86199], [114.62729, 5.85871], [114.6208, 5.8525], [114.61285, 5.84282], [114.59975, 5.83277], [114.59067, 5.82293], [114.57986, 5.81612], [114.56188, 5.80072], [114.55488, 5.79586]]]}, "properties": {"feature_type": "field", "feature_class": "Gas/Oil Field (offshore, undifferentiated)", "inset": "borneo", "candidate_name": "Limbayong", "name_source": "vector text (unverified)", "label_gap_px": 0.0, "area_px": 128.0, "longitude": 114.58444, "latitude": 5.82685}}, {"type": "Feature", "geometry": {"type": "Polygon", "coordinates": [[[114.97526, 5.8282], [114.97257, 5.82677], [114.96809, 5.8222], [114.95781, 5.80374], [114.95313, 5.79847], [114.94528, 5.79273], [114.9378, 5.78885], [114.93227, 5.7877], [114.92905, 5.78875], [114.92774, 5.79156], [114.92923, 5.80077], [114.93835, 5.8246], [114.93506, 5.84066], [114.93593, 5.84733], [114.94055, 5.85154], [114.95376, 5.8567], [114.95718, 5.85913], [114.96888, 5.87473], [114.97458, 5.88011], [114.9866, 5.88619], [114.99138, 5.88734], [114.994, 5.8869], [114.99708, 5.88378], [114.99883, 5.87823], [114.99949, 5.86911], [114.99821, 5.86048], [114.99461, 5.8534], [114.97858, 5.83424], [114.97514, 5.82683], [114.97526, 5.8282]]]}, "properties": {"feature_type": "field", "feature_class": "Gas/Oil Field (offshore, undifferentiated)", "inset": "borneo", "candidate_name": "Nosong", "name_source": "vector text (unverified)", "label_gap_px": 0.0, "area_px": 178.3, "longitude": 114.96283, "latitude": 5.83999}}, {"type": "Feature", "geometry": {"type": "Polygon", "coordinates": [[[115.07166, 5.96129], [115.06326, 5.94754], [115.05797, 5.93539], [115.05615, 5.9274], [115.05478, 5.90871], [115.05147, 5.9015], [115.04767, 5.89838], [115.03282, 5.89145], [115.02159, 5.88375], [115.017, 5.88233], [115.01283, 5.88374], [115.00935, 5.89012], [115.0093, 5.89476], [115.01291, 5.90468], [115.01962, 5.91456], [115.03725, 5.93349], [115.05473, 5.9471], [115.06578, 5.95887], [115.07166, 5.96129]]]}, "properties": {"feature_type": "field", "feature_class": "Gas/Oil Field (offshore, undifferentiated)", "inset": "borneo", "candidate_name": "Bongawan North", "name_source": "vector text (unverified)", "label_gap_px": 0.0, "area_px": 115.2, "longitude": 115.03738, "latitude": 5.91432}}, {"type": "Feature", "geometry": {"type": "Polygon", "coordinates": [[[115.47067, 6.45015], [115.47067, 6.46147], [115.46843, 6.4743], [115.46875, 6.47873], [115.47036, 6.48315], [115.47265, 6.48605], [115.48135, 6.49249], [115.48516, 6.49823], [115.48861, 6.49923], [115.49192, 6.49839], [115.49615, 6.49464], [115.50031, 6.48677], [115.50355, 6.47335], [115.50681, 6.45255], [115.50852, 6.44806], [115.51314, 6.44107], [115.51322, 6.43622], [115.51696, 6.43207], [115.51819, 6.4293], [115.51818, 6.42399], [115.51625, 6.41624], [115.51403, 6.41097], [115.51121, 6.40785], [115.50556, 6.40508], [115.4993, 6.40478], [115.49594, 6.40582], [115.49272, 6.40867], [115.48362, 6.41377], [115.48146, 6.41853], [115.47924, 6.42925], [115.47067, 6.45015]]]}, "properties": {"feature_type": "field", "feature_class": "Gas/Oil Field (offshore, undifferentiated)", "inset": "borneo", "candidate_name": "Kebabangan", "name_source": "vector text (unverified)", "label_gap_px": 0.0, "area_px": 118.0, "longitude": 115.49215, "latitude": 6.44969}}, {"type": "Feature", "geometry": {"type": "Polygon", "coordinates": [[[115.35664, 6.32139], [115.35298, 6.32184], [115.33704, 6.31998], [115.33263, 6.32119], [115.33078, 6.3227], [115.32885, 6.32675], [115.329, 6.33154], [115.33083, 6.33634], [115.33594, 6.34193], [115.34097, 6.3441], [115.34906, 6.34491], [115.36588, 6.34427], [115.37426, 6.34716], [115.38878, 6.35794], [115.40001, 6.3637], [115.40583, 6.37485], [115.40849, 6.37787], [115.41954, 6.38157], [115.42959, 6.38949], [115.44186, 6.39102], [115.45752, 6.39788], [115.46881, 6.39678], [115.47489, 6.39466], [115.47851, 6.39197], [115.47876, 6.38921], [115.47735, 6.38797], [115.46172, 6.38304], [115.4547, 6.37953], [115.45008, 6.37585], [115.44333, 6.36839], [115.42548, 6.36449], [115.41735, 6.36046], [115.4119, 6.35477], [115.4077, 6.34337], [115.3933, 6.3441], [115.38648, 6.34295], [115.37785, 6.33709], [115.36535, 6.33315], [115.36002, 6.32017], [115.3585, 6.31973], [115.35664, 6.32139]]]}, "properties": {"feature_type": "field", "feature_class": "Gas/Oil Field (offshore, undifferentiated)", "inset": "borneo", "candidate_name": "Kinarut", "name_source": "vector text (unverified)", "label_gap_px": 0.0, "area_px": 272.2, "longitude": 115.40124, "latitude": 6.35914}}, {"type": "Feature", "geometry": {"type": "Polygon", "coordinates": [[[115.7391, 6.69573], [115.7361, 6.70047], [115.72483, 6.70322], [115.72246, 6.70627], [115.72176, 6.71035], [115.72433, 6.72559], [115.72746, 6.73451], [115.73247, 6.74217], [115.73826, 6.74428], [115.7429, 6.7436], [115.74723, 6.74148], [115.75182, 6.73635], [115.7527, 6.73095], [115.75045, 6.71811], [115.75323, 6.71413], [115.75368, 6.7111], [115.753, 6.70622], [115.74728, 6.69225], [115.74466, 6.67712], [115.74254, 6.67412], [115.74105, 6.67379], [115.73922, 6.67453], [115.73789, 6.67716], [115.741, 6.69574], [115.7391, 6.69573]]]}, "properties": {"feature_type": "field", "feature_class": "Gas/Oil Field (offshore, undifferentiated)", "inset": "borneo", "candidate_name": "Belud", "name_source": "vector text (unverified)", "label_gap_px": 0.0, "area_px": 59.6, "longitude": 115.7391, "latitude": 6.71575}}, {"type": "Feature", "geometry": {"type": "Polygon", "coordinates": [[[115.85538, 6.75955], [115.85356, 6.76021], [115.84968, 6.75941], [115.83994, 6.75411], [115.8361, 6.75534], [115.83564, 6.7624], [115.83114, 6.76753], [115.83009, 6.77006], [115.83075, 6.78024], [115.82891, 6.78921], [115.82979, 6.79314], [115.83193, 6.79669], [115.84002, 6.80615], [115.84675, 6.81058], [115.8531, 6.81239], [115.85861, 6.81135], [115.861, 6.80836], [115.86211, 6.79617], [115.86535, 6.7864], [115.86824, 6.77104], [115.87223, 6.75776], [115.87419, 6.72302], [115.87375, 6.71851], [115.87163, 6.7159], [115.86832, 6.71563], [115.86446, 6.7169], [115.85911, 6.71983], [115.85594, 6.72329], [115.85526, 6.73025], [115.85922, 6.75337], [115.85753, 6.75753], [115.85373, 6.75884], [115.85538, 6.75955]]]}, "properties": {"feature_type": "field", "feature_class": "Gas/Oil Field (offshore, undifferentiated)", "inset": "borneo", "candidate_name": "Belud South", "name_source": "vector text (unverified)", "label_gap_px": 0.0, "area_px": 116.7, "longitude": 115.85358, "latitude": 6.7694}}, {"type": "Feature", "geometry": {"type": "Polygon", "coordinates": [[[115.73757, 6.03186], [115.729, 6.03599], [115.71893, 6.04258], [115.71071, 6.05076], [115.70834, 6.05518], [115.7077, 6.05967], [115.70919, 6.06412], [115.71325, 6.06843], [115.71751, 6.07118], [115.72599, 6.07397], [115.7302, 6.0742], [115.73846, 6.07285], [115.74645, 6.06974], [115.75814, 6.06343], [115.7682, 6.0602], [115.77062, 6.05858], [115.77288, 6.04847], [115.77372, 6.03343], [115.76549, 6.0178], [115.76138, 6.01282], [115.75441, 6.01085], [115.74727, 6.01295], [115.74311, 6.01832], [115.73781, 6.0346], [115.73757, 6.03186]]]}, "properties": {"feature_type": "field", "feature_class": "Gas/Oil Field (offshore, undifferentiated)", "inset": "borneo", "candidate_name": "Deluar", "name_source": "vector text (unverified)", "label_gap_px": 0.0, "area_px": 119.8, "longitude": 115.74414, "latitude": 6.04626}}, {"type": "Feature", "geometry": {"type": "Polygon", "coordinates": [[[115.19858, 6.31978], [115.19452, 6.32022], [115.19227, 6.32346], [115.19188, 6.33755], [115.19309, 6.34139], [115.19704, 6.34539], [115.20221, 6.34866], [115.21282, 6.35358], [115.21753, 6.35417], [115.21948, 6.34564], [115.21896, 6.33834], [115.21772, 6.33573], [115.21355, 6.3322], [115.21269, 6.32584], [115.20567, 6.32136], [115.19649, 6.32016], [115.19858, 6.31978]]]}, "properties": {"feature_type": "field", "feature_class": "Gas/Oil Field (offshore, undifferentiated)", "inset": "borneo", "candidate_name": "Malikai", "name_source": "vector text (unverified)", "label_gap_px": 0.0, "area_px": 22.1, "longitude": 115.2053, "latitude": 6.33669}}, {"type": "Feature", "geometry": {"type": "Polygon", "coordinates": [[[115.22791, 6.66121], [115.22605, 6.63343], [115.2236, 6.62338], [115.21866, 6.61317], [115.19838, 6.58662], [115.18506, 6.562], [115.17351, 6.54518], [115.16493, 6.53677], [115.16069, 6.53436], [115.15661, 6.53359], [115.1518, 6.53491], [115.14938, 6.53816], [115.14893, 6.54292], [115.15235, 6.55531], [115.1688, 6.58712], [115.18427, 6.61215], [115.19325, 6.6402], [115.19778, 6.646], [115.21236, 6.65674], [115.21929, 6.67399], [115.2219, 6.67716], [115.22634, 6.6798], [115.22946, 6.67841], [115.23091, 6.67409], [115.23034, 6.66792], [115.22791, 6.66121]]]}, "properties": {"feature_type": "field", "feature_class": "Gas/Oil Field (offshore, undifferentiated)", "inset": "borneo", "candidate_name": "Ubah", "name_source": "vector text (unverified)", "label_gap_px": 0.0, "area_px": 280.1, "longitude": 115.19265, "latitude": 6.60314}}, {"type": "Feature", "geometry": {"type": "Polygon", "coordinates": [[[115.44397, 6.48309], [115.43159, 6.49553], [115.42006, 6.52225], [115.41802, 6.52988], [115.41752, 6.53725], [115.41942, 6.54226], [115.423, 6.54531], [115.42542, 6.54501], [115.42723, 6.54196], [115.43187, 6.54085], [115.43477, 6.53876], [115.44822, 6.51545], [115.45208, 6.50011], [115.45153, 6.49022], [115.45041, 6.4849], [115.44887, 6.48268], [115.44633, 6.48261], [115.44457, 6.48368], [115.44397, 6.48309]]]}, "properties": {"feature_type": "field", "feature_class": "Gas/Oil Field (offshore, undifferentiated)", "inset": "borneo", "candidate_name": "Kamunsu East", "name_source": "vector text (unverified)", "label_gap_px": 0.0, "area_px": 59.1, "longitude": 115.43536, "latitude": 6.51425}}, {"type": "Feature", "geometry": {"type": "Polygon", "coordinates": [[[115.41371, 6.55858], [115.40118, 6.55297], [115.39656, 6.5523], [115.39244, 6.55467], [115.38915, 6.56135], [115.38992, 6.56501], [115.3971, 6.5735], [115.39949, 6.58483], [115.40134, 6.58755], [115.40552, 6.59006], [115.40987, 6.58941], [115.41383, 6.58653], [115.41681, 6.58236], [115.41835, 6.57797], [115.41954, 6.57035], [115.41915, 6.56523], [115.41716, 6.56103], [115.41306, 6.55857], [115.41371, 6.55858]]]}, "properties": {"feature_type": "field", "feature_class": "Gas/Oil Field (offshore, undifferentiated)", "inset": "borneo", "candidate_name": "Kamunsu East Upthrown", "name_source": "vector text (unverified)", "label_gap_px": 0.0, "area_px": 38.0, "longitude": 115.40547, "latitude": 6.57003}}, {"type": "Feature", "geometry": {"type": "Polygon", "coordinates": [[[110.43459, 4.51596], [110.43192, 4.56042], [110.43284, 4.5747], [110.43451, 4.58012], [110.43724, 4.5839], [110.44389, 4.58844], [110.44953, 4.59007], [110.45424, 4.58926], [110.45811, 4.58648], [110.46122, 4.5822], [110.46365, 4.57689], [110.46683, 4.56501], [110.47329, 4.51758], [110.47349, 4.50463], [110.47125, 4.49586], [110.46717, 4.49162], [110.4619, 4.489], [110.45592, 4.48789], [110.44971, 4.48824], [110.44375, 4.48994], [110.43853, 4.49292], [110.43452, 4.49709], [110.4322, 4.50238], [110.43207, 4.5087], [110.43459, 4.51596]]]}, "properties": {"feature_type": "field", "feature_class": "Gas/Oil Field (offshore, undifferentiated)", "inset": "borneo", "candidate_name": "Mawar", "name_source": "vector text (unverified)", "label_gap_px": 0.0, "area_px": 154.8, "longitude": 110.45157, "latitude": 4.53632}}, {"type": "Feature", "geometry": {"type": "Polygon", "coordinates": [[[116.05619, 7.15766], [116.04007, 7.15583], [116.03043, 7.15639], [116.0265, 7.15791], [116.02361, 7.16057], [116.02208, 7.16462], [116.02225, 7.1703], [116.02427, 7.17685], [116.03551, 7.18259], [116.03882, 7.1912], [116.04147, 7.19567], [116.0443, 7.19774], [116.04727, 7.19784], [116.05336, 7.19371], [116.06467, 7.17964], [116.07114, 7.17495], [116.07248, 7.17272], [116.06877, 7.16293], [116.06605, 7.16129], [116.0583, 7.15982], [116.05619, 7.15766]]]}, "properties": {"feature_type": "field", "feature_class": "Gas/Oil Field (offshore, undifferentiated)", "inset": "borneo", "candidate_name": "Bunga Lili", "name_source": "vector text (unverified)", "label_gap_px": 0.0, "area_px": 69.2, "longitude": 116.04633, "latitude": 7.1732}}, {"type": "Feature", "geometry": {"type": "Polygon", "coordinates": [[[115.90593, 7.28533], [115.90407, 7.28192], [115.90155, 7.27237], [115.89098, 7.27211], [115.88254, 7.27024], [115.87934, 7.27044], [115.87518, 7.27407], [115.87309, 7.28459], [115.86977, 7.29095], [115.86983, 7.29418], [115.87443, 7.29483], [115.88464, 7.30031], [115.90573, 7.3018], [115.90765, 7.30027], [115.90886, 7.29573], [115.90587, 7.28468], [115.90593, 7.28533]]]}, "properties": {"feature_type": "field", "feature_class": "Gas/Oil Field (offshore, undifferentiated)", "inset": "borneo", "candidate_name": "Permai", "name_source": "vector text (unverified)", "label_gap_px": 0.0, "area_px": 31.2, "longitude": 115.88987, "latitude": 7.28668}}, {"type": "Feature", "geometry": {"type": "Polygon", "coordinates": [[[115.94604, 7.32908], [115.94198, 7.32405], [115.93845, 7.32218], [115.93392, 7.3214], [115.92307, 7.32229], [115.89527, 7.32994], [115.8914, 7.33232], [115.89066, 7.33518], [115.89245, 7.33947], [115.89532, 7.34186], [115.90509, 7.34336], [115.90874, 7.34485], [115.91173, 7.34927], [115.91363, 7.35813], [115.91602, 7.36015], [115.91937, 7.36068], [115.92233, 7.35942], [115.92965, 7.3529], [115.93753, 7.35055], [115.94029, 7.34859], [115.9422, 7.34008], [115.94658, 7.33243], [115.94606, 7.33007], [115.94454, 7.32852], [115.94604, 7.32908]]]}, "properties": {"feature_type": "field", "feature_class": "Gas/Oil Field (offshore, undifferentiated)", "inset": "borneo", "candidate_name": "Gajah Hitam", "name_source": "vector text (unverified)", "label_gap_px": 0.0, "area_px": 66.3, "longitude": 115.92133, "latitude": 7.33804}}, {"type": "Feature", "geometry": {"type": "Polygon", "coordinates": [[[114.76378, 5.45691], [114.75774, 5.45432], [114.75302, 5.44944], [114.73409, 5.41696], [114.72858, 5.41108], [114.71199, 5.38574], [114.70935, 5.38346], [114.70562, 5.38399], [114.70461, 5.38657], [114.70623, 5.39207], [114.71314, 5.40331], [114.72096, 5.42017], [114.73255, 5.43655], [114.73692, 5.44134], [114.74797, 5.44898], [114.75669, 5.45724], [114.76461, 5.46193], [114.76378, 5.45691]]]}, "properties": {"feature_type": "field", "feature_class": "Gas/Oil Field (offshore, undifferentiated)", "inset": "borneo", "candidate_name": "Maharajalela North Panel", "name_source": "vector text (unverified)", "label_gap_px": 0.0, "area_px": 96.3, "longitude": 114.72947, "latitude": 5.42031}}, {"type": "Feature", "geometry": {"type": "Polygon", "coordinates": [[[112.35732, 4.29968], [112.3591, 4.28518], [112.35848, 4.27456], [112.35602, 4.25867], [112.34794, 4.22035], [112.3452, 4.21619], [112.34171, 4.21498], [112.33984, 4.21722], [112.33911, 4.2212], [112.33849, 4.25139], [112.34726, 4.30414], [112.34861, 4.30921], [112.35094, 4.31223], [112.35396, 4.31204], [112.35579, 4.30965], [112.35796, 4.29738], [112.35732, 4.29968]]]}, "properties": {"feature_type": "field", "feature_class": "Gas/Oil Field (offshore, undifferentiated)", "inset": "borneo", "candidate_name": "Bunga Pelaga", "name_source": "vector text (unverified)", "label_gap_px": 0.0, "area_px": 44.0, "longitude": 112.34846, "latitude": 4.26405}}, {"type": "Feature", "geometry": {"type": "Polygon", "coordinates": [[[112.18098, 5.36149], [112.18063, 5.37096], [112.18136, 5.37559], [112.18421, 5.38062], [112.19127, 5.38855], [112.19755, 5.39178], [112.20537, 5.39245], [112.21268, 5.39045], [112.2155, 5.38841], [112.21742, 5.38566], [112.21819, 5.38218], [112.21698, 5.37629], [112.21164, 5.36506], [112.20419, 5.35582], [112.20236, 5.35149], [112.20207, 5.34704], [112.2047, 5.33007], [112.20422, 5.32349], [112.20104, 5.31801], [112.19734, 5.31566], [112.1932, 5.31489], [112.18967, 5.31619], [112.1877, 5.31932], [112.18426, 5.3291], [112.18131, 5.33222], [112.17892, 5.33207], [112.17103, 5.32867], [112.16547, 5.32868], [112.15883, 5.33162], [112.15383, 5.33813], [112.15342, 5.34339], [112.15434, 5.34608], [112.1588, 5.35123], [112.16557, 5.35488], [112.17709, 5.35715], [112.18098, 5.36149]]]}, "properties": {"feature_type": "field", "feature_class": "Gas/Oil Field (offshore, undifferentiated)", "inset": "borneo", "candidate_name": "Jintan", "name_source": "vector text (unverified)", "label_gap_px": 0.0, "area_px": 123.2, "longitude": 112.18927, "latitude": 5.35411}}, {"type": "Feature", "geometry": {"type": "Polygon", "coordinates": [[[112.16028, 5.35392], [112.1509, 5.35381], [112.1468, 5.35538], [112.14278, 5.36064], [112.14189, 5.36635], [112.14332, 5.37521], [112.1459, 5.38002], [112.15206, 5.38477], [112.15759, 5.3858], [112.16579, 5.38412], [112.17095, 5.38118], [112.17478, 5.37685], [112.17632, 5.37117], [112.17507, 5.36598], [112.17165, 5.36365], [112.16297, 5.36026], [112.16047, 5.35671], [112.16028, 5.35392]]]}, "properties": {"feature_type": "field", "feature_class": "Gas/Oil Field (offshore, undifferentiated)", "inset": "borneo", "candidate_name": "M1", "name_source": "vector text (unverified)", "label_gap_px": 0.0, "area_px": 26.2, "longitude": 112.15787, "latitude": 5.37021}}, {"type": "Feature", "geometry": {"type": "Polygon", "coordinates": [[[112.11645, 4.96915], [112.10507, 4.97077], [112.10127, 4.97283], [112.09539, 4.97845], [112.08619, 4.97982], [112.08557, 4.98283], [112.08667, 4.98626], [112.09005, 4.98989], [112.09629, 4.99292], [112.10415, 4.9941], [112.10917, 4.99275], [112.11236, 4.98971], [112.11524, 4.98418], [112.12336, 4.98425], [112.12568, 4.9826], [112.12687, 4.98035], [112.12654, 4.97501], [112.12369, 4.97017], [112.11964, 4.96778], [112.11645, 4.96915]]]}, "properties": {"feature_type": "field", "feature_class": "Gas/Oil Field (offshore, undifferentiated)", "inset": "borneo", "candidate_name": "G7", "name_source": "vector text (unverified)", "label_gap_px": 0.0, "area_px": 34.7, "longitude": 112.10702, "latitude": 4.98114}}, {"type": "Feature", "geometry": {"type": "Polygon", "coordinates": [[[112.11962, 4.27351], [112.10996, 4.26102], [112.10318, 4.25393], [112.09546, 4.24901], [112.08626, 4.24727], [112.08092, 4.24791], [112.0765, 4.25026], [112.06646, 4.26471], [112.0651, 4.26901], [112.06607, 4.27442], [112.06867, 4.28049], [112.07437, 4.28296], [112.07685, 4.2857], [112.07803, 4.29065], [112.07781, 4.30237], [112.07907, 4.30365], [112.08189, 4.3043], [112.09923, 4.29903], [112.10915, 4.29327], [112.11664, 4.28414], [112.11974, 4.27628], [112.11962, 4.27351]]]}, "properties": {"feature_type": "field", "feature_class": "Gas/Oil Field (offshore, undifferentiated)", "inset": "borneo", "candidate_name": "Anjung", "name_source": "vector text (unverified)", "label_gap_px": 0.0, "area_px": 72.6, "longitude": 112.09162, "latitude": 4.27458}}, {"type": "Feature", "geometry": {"type": "Polygon", "coordinates": [[[113.33343, 5.07593], [113.33159, 5.06473], [113.32949, 5.06045], [113.32601, 5.05697], [113.31251, 5.04911], [113.30585, 5.05073], [113.29844, 5.05095], [113.29948, 5.05517], [113.30651, 5.06204], [113.31034, 5.07081], [113.31956, 5.07689], [113.32386, 5.08295], [113.32686, 5.08365], [113.33045, 5.08246], [113.33297, 5.07964], [113.33343, 5.07593]]]}, "properties": {"feature_type": "field", "feature_class": "Gas/Oil Field (offshore, undifferentiated)", "inset": "borneo", "candidate_name": "Kuang North", "name_source": "vector text (unverified)", "label_gap_px": 0.0, "area_px": 26.1, "longitude": 113.31853, "latitude": 5.06491}}, {"type": "Feature", "geometry": {"type": "Polygon", "coordinates": [[[113.31294, 4.39035], [113.30933, 4.38503], [113.30543, 4.38176], [113.29816, 4.37948], [113.29184, 4.37952], [113.28614, 4.37517], [113.28351, 4.37573], [113.28022, 4.37964], [113.27804, 4.3893], [113.27835, 4.40185], [113.28041, 4.40916], [113.28383, 4.41408], [113.2882, 4.41679], [113.29313, 4.41751], [113.29819, 4.41644], [113.303, 4.41377], [113.30713, 4.40972], [113.31019, 4.40448], [113.31177, 4.39825], [113.31146, 4.39124], [113.31294, 4.39035]]]}, "properties": {"feature_type": "field", "feature_class": "Gas/Oil Field (offshore, undifferentiated)", "inset": "borneo", "candidate_name": "F13 East", "name_source": "vector text (unverified)", "label_gap_px": 24.7, "area_px": 43.8, "longitude": 113.29405, "latitude": 4.3967}}, {"type": "Feature", "geometry": {"type": "Polygon", "coordinates": [[[113.04412, 4.54385], [113.03727, 4.53455], [113.03399, 4.53304], [113.02983, 4.53269], [113.02587, 4.53378], [113.02099, 4.53762], [113.0189, 4.54131], [113.01823, 4.54798], [113.01989, 4.55552], [113.02311, 4.56228], [113.02627, 4.56596], [113.0337, 4.57071], [113.03768, 4.57468], [113.04105, 4.58126], [113.04316, 4.59348], [113.04504, 4.59502], [113.04862, 4.59528], [113.05392, 4.59067], [113.05751, 4.58283], [113.05909, 4.57573], [113.05899, 4.56497], [113.05783, 4.5583], [113.05562, 4.55277], [113.05224, 4.5493], [113.04412, 4.54385]]]}, "properties": {"feature_type": "field", "feature_class": "Gas/Oil Field (offshore, undifferentiated)", "inset": "borneo", "candidate_name": "Selasih F22", "name_source": "vector text (unverified)", "label_gap_px": 1.6, "area_px": 58.5, "longitude": 113.04029, "latitude": 4.56092}}, {"type": "Feature", "geometry": {"type": "Polygon", "coordinates": [[[112.52197, 4.46979], [112.51639, 4.45543], [112.51337, 4.45043], [112.50878, 4.44756], [112.50565, 4.44728], [112.50214, 4.4479], [112.50015, 4.44926], [112.49927, 4.45421], [112.50114, 4.46409], [112.50034, 4.46651], [112.49726, 4.47024], [112.49676, 4.47412], [112.4993, 4.48265], [112.50481, 4.49057], [112.50968, 4.49311], [112.51236, 4.49301], [112.51542, 4.49125], [112.51687, 4.48824], [112.51862, 4.47739], [112.5227, 4.4714], [112.52248, 4.4668], [112.52197, 4.46979]]]}, "properties": {"feature_type": "field", "feature_class": "Gas/Oil Field (offshore, undifferentiated)", "inset": "borneo", "candidate_name": "E4", "name_source": "vector text (unverified)", "label_gap_px": 0.0, "area_px": 29.3, "longitude": 112.50903, "latitude": 4.47017}}, {"type": "Feature", "geometry": {"type": "Polygon", "coordinates": [[[111.47223, 4.54936], [111.46513, 4.53741], [111.46056, 4.53416], [111.44795, 4.53534], [111.43911, 4.53773], [111.43623, 4.53949], [111.43552, 4.54283], [111.43636, 4.54986], [111.44408, 4.58173], [111.45548, 4.58289], [111.46289, 4.58085], [111.4648, 4.57645], [111.46436, 4.57301], [111.46907, 4.57025], [111.47187, 4.56539], [111.47294, 4.5563], [111.47085, 4.54798], [111.47223, 4.54936]]]}, "properties": {"feature_type": "field", "feature_class": "Gas/Oil Field (offshore, undifferentiated)", "inset": "borneo", "candidate_name": "Hibiscus", "name_source": "vector text (unverified)", "label_gap_px": 31.0, "area_px": 45.0, "longitude": 111.45417, "latitude": 4.5573}}, {"type": "Feature", "geometry": {"type": "Polygon", "coordinates": [[[112.5514, 3.45748], [112.54942, 3.4517], [112.54635, 3.44979], [112.53688, 3.44723], [112.52986, 3.44658], [112.52498, 3.44854], [112.52299, 3.4556], [112.52463, 3.45874], [112.53018, 3.46195], [112.53589, 3.46382], [112.5424, 3.4646], [112.54663, 3.46341], [112.55009, 3.46091], [112.5514, 3.45748]]]}, "properties": {"feature_type": "field", "feature_class": "Gas/Oil Field (offshore, undifferentiated)", "inset": "borneo", "candidate_name": "Bayan East", "name_source": "vector text (unverified)", "label_gap_px": 0.0, "area_px": 11.9, "longitude": 112.53716, "latitude": 3.45553}}, {"type": "Feature", "geometry": {"type": "Polygon", "coordinates": [[[111.89606, 4.41945], [111.89202, 4.40483], [111.88759, 4.39449], [111.88197, 4.38486], [111.87532, 4.37695], [111.86649, 4.37125], [111.86167, 4.37029], [111.85725, 4.37086], [111.84978, 4.37569], [111.84443, 4.38391], [111.84266, 4.38872], [111.84117, 4.39861], [111.84298, 4.40869], [111.85435, 4.42953], [111.85689, 4.43873], [111.85646, 4.44626], [111.85215, 4.45842], [111.85094, 4.46479], [111.85133, 4.4724], [111.85374, 4.47664], [111.85691, 4.47799], [111.87047, 4.47967], [111.89504, 4.48913], [111.90374, 4.491], [111.91319, 4.49013], [111.94016, 4.47994], [111.94958, 4.48018], [111.95627, 4.48317], [111.97279, 4.49317], [111.98332, 4.49649], [111.99412, 4.49729], [112.00072, 4.49516], [112.01559, 4.48525], [112.02234, 4.48335], [112.04382, 4.4804], [112.05038, 4.47802], [112.05514, 4.47484], [112.0658, 4.46504], [112.07299, 4.46054], [112.07662, 4.45448], [112.07594, 4.44494], [112.07133, 4.43543], [112.04123, 4.40125], [112.02938, 4.37545], [112.02566, 4.37143], [112.0196, 4.36788], [112.00708, 4.36424], [111.9937, 4.36302], [111.98121, 4.36341], [111.95712, 4.36994], [111.93384, 4.37098], [111.91959, 4.37458], [111.91141, 4.38015], [111.9068, 4.38591], [111.90452, 4.39283], [111.90297, 4.41021], [111.89823, 4.41856], [111.89808, 4.42083], [111.89606, 4.41945]]]}, "properties": {"feature_type": "field", "feature_class": "Gas/Oil Field (offshore, undifferentiated)", "inset": "borneo", "candidate_name": "Kumang", "name_source": "vector text (unverified)", "label_gap_px": 0.0, "area_px": 696.1, "longitude": 111.95663, "latitude": 4.43091}}, {"type": "Feature", "geometry": {"type": "Polygon", "coordinates": [[[115.81195, 7.13617], [115.80694, 7.13537], [115.8035, 7.13639], [115.80191, 7.13877], [115.80248, 7.14206], [115.80594, 7.1461], [115.81154, 7.14747], [115.81326, 7.15292], [115.81634, 7.15753], [115.81925, 7.16023], [115.82286, 7.1611], [115.83011, 7.1563], [115.83067, 7.15249], [115.82603, 7.15204], [115.82403, 7.15093], [115.8218, 7.1422], [115.82044, 7.14002], [115.81598, 7.13985], [115.81318, 7.13527], [115.81195, 7.13617]]]}, "properties": {"feature_type": "field", "feature_class": "Gas/Oil Field (offshore, undifferentiated)", "inset": "borneo", "candidate_name": "Alum", "name_source": "vector text (unverified)", "label_gap_px": 0.0, "area_px": 20.8, "longitude": 115.81613, "latitude": 7.14752}}, {"type": "Feature", "geometry": {"type": "Polygon", "coordinates": [[[112.5435, 3.69906], [112.53455, 3.6968], [112.52475, 3.69779], [112.51809, 3.70258], [112.51669, 3.70542], [112.51627, 3.7103], [112.51814, 3.72054], [112.52086, 3.72668], [112.52398, 3.73029], [112.53131, 3.73427], [112.53313, 3.73732], [112.53492, 3.74344], [112.5376, 3.76118], [112.5392, 3.76559], [112.54302, 3.77103], [112.54793, 3.77229], [112.55486, 3.7698], [112.5597, 3.7639], [112.56352, 3.754], [112.5648, 3.74233], [112.56138, 3.72246], [112.55784, 3.7116], [112.55163, 3.70292], [112.5435, 3.69906]]]}, "properties": {"feature_type": "field", "feature_class": "Gas/Oil Field (offshore, undifferentiated)", "inset": "borneo", "candidate_name": "Spaoh", "name_source": "vector text (unverified)", "label_gap_px": 0.0, "area_px": 77.6, "longitude": 112.54306, "latitude": 3.73053}}, {"type": "Feature", "geometry": {"type": "Polygon", "coordinates": [[[112.48819, 3.71799], [112.47741, 3.7205], [112.4736, 3.72301], [112.47228, 3.72555], [112.47255, 3.74416], [112.47952, 3.76308], [112.4836, 3.7676], [112.49138, 3.77073], [112.517, 3.77188], [112.51959, 3.76747], [112.5196, 3.75582], [112.52191, 3.74868], [112.52214, 3.74304], [112.52106, 3.73793], [112.51885, 3.73338], [112.51572, 3.72939], [112.50743, 3.72315], [112.49774, 3.71932], [112.48819, 3.71799]]]}, "properties": {"feature_type": "field", "feature_class": "Gas/Oil Field (offshore, undifferentiated)", "inset": "borneo", "candidate_name": "D30 Danau", "name_source": "vector text (unverified)", "label_gap_px": 0.0, "area_px": 64.8, "longitude": 112.49697, "latitude": 3.74519}}, {"type": "Feature", "geometry": {"type": "Polygon", "coordinates": [[[112.41968, 3.78072], [112.41824, 3.77952], [112.41479, 3.77258], [112.40608, 3.77175], [112.40305, 3.77314], [112.4014, 3.7781], [112.40509, 3.78432], [112.40643, 3.7962], [112.40858, 3.79659], [112.41253, 3.79215], [112.41564, 3.79218], [112.41709, 3.7912], [112.41872, 3.78785], [112.42018, 3.78696], [112.41862, 3.78034], [112.41968, 3.78072]]]}, "properties": {"feature_type": "field", "feature_class": "Gas/Oil Field (offshore, undifferentiated)", "inset": "borneo", "candidate_name": "D30 Danau", "name_source": "vector text (unverified)", "label_gap_px": 0.0, "area_px": 12.8, "longitude": 112.41074, "latitude": 3.78273}}, {"type": "Feature", "geometry": {"type": "Polygon", "coordinates": [[[113.8715, 4.42102], [113.86271, 4.41713], [113.8534, 4.41539], [113.83243, 4.41639], [113.82833, 4.41849], [113.82683, 4.42101], [113.82835, 4.4237], [113.83888, 4.42718], [113.84808, 4.43462], [113.85469, 4.43764], [113.85869, 4.43764], [113.86854, 4.43532], [113.88368, 4.43478], [113.88511, 4.43118], [113.88426, 4.42702], [113.87796, 4.42253], [113.8715, 4.42102]]]}, "properties": {"feature_type": "field", "feature_class": "Gas/Oil Field (offshore, undifferentiated)", "inset": "borneo", "candidate_name": "Tukau Timur", "name_source": "vector text (unverified)", "label_gap_px": 0.0, "area_px": 29.2, "longitude": 113.85704, "latitude": 4.42597}}, {"type": "Feature", "geometry": {"type": "Polygon", "coordinates": [[[112.84705, 3.62192], [112.83375, 3.61727], [112.82419, 3.60873], [112.8085, 3.60203], [112.80288, 3.60199], [112.79774, 3.60375], [112.79526, 3.60632], [112.7932, 3.61148], [112.7938, 3.6166], [112.79835, 3.62106], [112.81208, 3.62556], [112.82437, 3.63301], [112.83081, 3.63532], [112.83993, 3.63405], [112.8467, 3.62973], [112.84998, 3.62568], [112.84941, 3.62374], [112.84705, 3.62192]]]}, "properties": {"feature_type": "field", "feature_class": "Gas/Oil Field (offshore, undifferentiated)", "inset": "borneo", "candidate_name": "Serampang", "name_source": "vector text (unverified)", "label_gap_px": 0.0, "area_px": 42.9, "longitude": 112.81955, "latitude": 3.61883}}, {"type": "Feature", "geometry": {"type": "Polygon", "coordinates": [[[112.90161, 3.57802], [112.88847, 3.57957], [112.88341, 3.58231], [112.8871, 3.59101], [112.89184, 3.59545], [112.89699, 3.59801], [112.89964, 3.59787], [112.90552, 3.59547], [112.90807, 3.59277], [112.90867, 3.59051], [112.90491, 3.57989], [112.90161, 3.57802]]]}, "properties": {"feature_type": "field", "feature_class": "Gas/Oil Field (offshore, undifferentiated)", "inset": "borneo", "candidate_name": "Wangsa", "name_source": "vector text (unverified)", "label_gap_px": 0.0, "area_px": 11.9, "longitude": 112.89683, "latitude": 3.58753}}, {"type": "Feature", "geometry": {"type": "Polygon", "coordinates": [[[112.84036, 3.38023], [112.83552, 3.37866], [112.82899, 3.37866], [112.82614, 3.38053], [112.82587, 3.38439], [112.83367, 3.39982], [112.83849, 3.40623], [112.84104, 3.40772], [112.8512, 3.40972], [112.85403, 3.40656], [112.85403, 3.40259], [112.84306, 3.38331], [112.84036, 3.38023]]]}, "properties": {"feature_type": "field", "feature_class": "Gas/Oil Field (offshore, undifferentiated)", "inset": "borneo", "candidate_name": "West Patricia", "name_source": "vector text (unverified)", "label_gap_px": 0.0, "area_px": 20.8, "longitude": 112.83997, "latitude": 3.39385}}, {"type": "Feature", "geometry": {"type": "Polygon", "coordinates": [[[112.64882, 3.31547], [112.65272, 3.3244], [112.65558, 3.3282], [112.65997, 3.3308], [112.66352, 3.32995], [112.66595, 3.32473], [112.66557, 3.31944], [112.65941, 3.30414], [112.65456, 3.29642], [112.65083, 3.29452], [112.64568, 3.29626], [112.64391, 3.29993], [112.64628, 3.30542], [112.64882, 3.31547]]]}, "properties": {"feature_type": "field", "feature_class": "Gas/Oil Field (offshore, undifferentiated)", "inset": "borneo", "candidate_name": "Pemanis", "name_source": "vector text (unverified)", "label_gap_px": 0.0, "area_px": 18.6, "longitude": 112.65538, "latitude": 3.31265}}, {"type": "Feature", "geometry": {"type": "Polygon", "coordinates": [[[112.69929, 3.21385], [112.69594, 3.21495], [112.69394, 3.21729], [112.68899, 3.22895], [112.68825, 3.23283], [112.68971, 3.23647], [112.69317, 3.23962], [112.69731, 3.24168], [112.70119, 3.24211], [112.70351, 3.24142], [112.70605, 3.23919], [112.71017, 3.23179], [112.71492, 3.2267], [112.71567, 3.22432], [112.71448, 3.22188], [112.70959, 3.2213], [112.70339, 3.21523], [112.69929, 3.21385]]]}, "properties": {"feature_type": "field", "feature_class": "Gas/Oil Field (offshore, undifferentiated)", "inset": "borneo", "candidate_name": "Serendah", "name_source": "vector text (unverified)", "label_gap_px": 0.0, "area_px": 18.0, "longitude": 112.70068, "latitude": 3.22827}}, {"type": "Feature", "geometry": {"type": "Polygon", "coordinates": [[[112.78105, 3.22966], [112.7785, 3.23147], [112.77689, 3.2357], [112.77529, 3.2472], [112.77677, 3.25039], [112.78103, 3.25162], [112.78611, 3.25052], [112.79107, 3.25852], [112.79735, 3.25943], [112.80465, 3.26524], [112.81247, 3.26349], [112.82066, 3.2674], [112.82293, 3.26684], [112.82544, 3.26472], [112.82759, 3.25891], [112.82576, 3.25441], [112.82172, 3.25272], [112.81468, 3.24696], [112.80425, 3.24668], [112.79892, 3.24279], [112.79238, 3.24242], [112.78871, 3.23849], [112.7849, 3.23099], [112.78328, 3.22972], [112.78105, 3.22966]]]}, "properties": {"feature_type": "field", "feature_class": "Gas/Oil Field (offshore, undifferentiated)", "inset": "borneo", "candidate_name": "Golok", "name_source": "vector text (unverified)", "label_gap_px": 0.0, "area_px": 45.1, "longitude": 112.80009, "latitude": 3.25108}}, {"type": "Feature", "geometry": {"type": "Polygon", "coordinates": [[[112.85439, 3.89503], [112.85468, 3.90112], [112.85183, 3.91707], [112.85766, 3.93058], [112.86137, 3.93387], [112.86475, 3.93411], [112.86655, 3.93012], [112.86794, 3.92129], [112.87128, 3.91172], [112.87433, 3.90936], [112.87705, 3.90994], [112.87956, 3.91304], [112.8806, 3.91969], [112.88426, 3.92335], [112.88588, 3.92692], [112.88581, 3.93182], [112.8832, 3.9372], [112.88538, 3.94521], [112.89009, 3.95219], [112.89366, 3.95508], [112.8956, 3.93539], [112.89509, 3.91813], [112.8966, 3.90952], [112.89458, 3.89677], [112.8921, 3.89485], [112.88832, 3.8944], [112.88574, 3.89528], [112.88255, 3.89806], [112.88041, 3.88013], [112.8778, 3.873], [112.87485, 3.86955], [112.85525, 3.86109], [112.84219, 3.85968], [112.83897, 3.86237], [112.83814, 3.86835], [112.84429, 3.87612], [112.85439, 3.89503]]]}, "properties": {"feature_type": "field", "feature_class": "Gas/Oil Field (offshore, undifferentiated)", "inset": "borneo", "candidate_name": "Mahkota", "name_source": "vector text (unverified)", "label_gap_px": 0.0, "area_px": 117.0, "longitude": 112.86993, "latitude": 3.89941}}, {"type": "Feature", "geometry": {"type": "Polygon", "coordinates": [[[113.18068, 4.99442], [113.17396, 4.99678], [113.16999, 5.00087], [113.16803, 5.00953], [113.16922, 5.02026], [113.17508, 5.04932], [113.17697, 5.05471], [113.19063, 5.07652], [113.19206, 5.08047], [113.19679, 5.08036], [113.20011, 5.07932], [113.20347, 5.07592], [113.20869, 5.06346], [113.20969, 5.05026], [113.20775, 5.02341], [113.2049, 5.01161], [113.19978, 5.00172], [113.19621, 4.99802], [113.19188, 4.99543], [113.18673, 4.99416], [113.18068, 4.99442]]]}, "properties": {"feature_type": "field", "feature_class": "Gas/Oil Field (offshore, undifferentiated)", "inset": "borneo", "candidate_name": "Kenari", "name_source": "vector text (unverified)", "label_gap_px": 0.0, "area_px": 78.5, "longitude": 113.1902, "latitude": 5.03408}}, {"type": "Feature", "geometry": {"type": "Polygon", "coordinates": [[[113.10912, 4.96041], [113.08867, 4.95744], [113.08078, 4.96146], [113.07852, 4.96466], [113.0773, 4.96853], [113.07807, 4.97845], [113.07914, 4.98032], [113.09357, 4.99301], [113.10501, 4.99938], [113.11132, 5.00088], [113.11747, 4.99763], [113.12188, 4.9936], [113.12406, 4.98758], [113.12424, 4.98281], [113.11949, 4.97534], [113.11378, 4.96323], [113.10912, 4.96041]]]}, "properties": {"feature_type": "field", "feature_class": "Gas/Oil Field (offshore, undifferentiated)", "inset": "borneo", "candidate_name": "Kasawari", "name_source": "vector text (unverified)", "label_gap_px": 0.0, "area_px": 45.8, "longitude": 113.10104, "latitude": 4.97805}}, {"type": "Feature", "geometry": {"type": "Polygon", "coordinates": [[[113.20194, 4.83463], [113.19801, 4.8295], [113.19654, 4.8254], [113.19512, 4.82949], [113.19244, 4.8303], [113.1911, 4.83255], [113.19147, 4.83421], [113.19427, 4.83737], [113.19623, 4.84286], [113.20129, 4.84641], [113.20515, 4.84754], [113.20895, 4.84387], [113.2094, 4.83998], [113.20703, 4.83637], [113.20194, 4.83463]]]}, "properties": {"feature_type": "field", "feature_class": "Gas/Oil Field (offshore, undifferentiated)", "inset": "borneo", "candidate_name": "Kedidi", "name_source": "vector text (unverified)", "label_gap_px": 0.0, "area_px": 9.1, "longitude": 113.20036, "latitude": 4.83819}}, {"type": "Feature", "geometry": {"type": "Polygon", "coordinates": [[[113.29804, 4.86656], [113.29256, 4.85144], [113.28968, 4.84825], [113.2865, 4.84669], [113.28307, 4.84689], [113.27459, 4.85416], [113.27486, 4.86252], [113.27713, 4.86471], [113.2893, 4.86701], [113.29176, 4.86987], [113.29255, 4.87477], [113.29569, 4.87727], [113.29998, 4.88804], [113.30422, 4.88986], [113.30928, 4.88908], [113.31399, 4.88538], [113.31525, 4.88284], [113.31504, 4.88042], [113.30719, 4.87101], [113.29804, 4.86656]]]}, "properties": {"feature_type": "field", "feature_class": "Gas/Oil Field (offshore, undifferentiated)", "inset": "borneo", "candidate_name": "Kedidi", "name_source": "vector text (unverified)", "label_gap_px": 0.0, "area_px": 39.0, "longitude": 113.29441, "latitude": 4.86799}}, {"type": "Feature", "geometry": {"type": "Polygon", "coordinates": [[[113.16229, 4.90659], [113.14269, 4.90098], [113.13716, 4.90234], [113.13499, 4.90624], [113.13584, 4.90907], [113.13837, 4.91073], [113.15239, 4.91093], [113.15984, 4.9144], [113.16342, 4.91847], [113.16789, 4.91885], [113.16984, 4.91606], [113.16918, 4.91278], [113.16621, 4.90869], [113.16229, 4.90659]]]}, "properties": {"feature_type": "field", "feature_class": "Gas/Oil Field (offshore, undifferentiated)", "inset": "borneo", "candidate_name": "Kasawari", "name_source": "vector text (unverified)", "label_gap_px": 5.5, "area_px": 14.5, "longitude": 113.15274, "latitude": 4.9089}}, {"type": "Feature", "geometry": {"type": "Polygon", "coordinates": [[[113.23079, 4.68493], [113.22882, 4.67744], [113.22168, 4.66286], [113.21561, 4.65485], [113.21029, 4.64522], [113.20883, 4.64383], [113.20676, 4.64398], [113.19808, 4.6542], [113.19609, 4.65975], [113.19667, 4.66614], [113.2005, 4.67516], [113.20214, 4.68297], [113.21896, 4.69674], [113.22452, 4.69956], [113.2267, 4.69816], [113.22757, 4.69273], [113.23065, 4.68761], [113.23079, 4.68493]]]}, "properties": {"feature_type": "field", "feature_class": "Gas/Oil Field (offshore, undifferentiated)", "inset": "borneo", "candidate_name": "Kedidi", "name_source": "vector text (unverified)", "label_gap_px": 16.1, "area_px": 42.1, "longitude": 113.21309, "latitude": 4.6724}}, {"type": "Feature", "geometry": {"type": "Polygon", "coordinates": [[[113.35623, 4.57278], [113.35951, 4.60251], [113.36306, 4.61694], [113.37461, 4.63672], [113.37755, 4.64032], [113.38041, 4.64168], [113.38258, 4.63992], [113.38352, 4.63638], [113.38383, 4.62498], [113.38532, 4.61494], [113.382, 4.59173], [113.37671, 4.58862], [113.36803, 4.5795], [113.36332, 4.57184], [113.36006, 4.5696], [113.35748, 4.57024], [113.35623, 4.57278]]]}, "properties": {"feature_type": "field", "feature_class": "Gas/Oil Field (offshore, undifferentiated)", "inset": "borneo", "candidate_name": "Lebah", "name_source": "vector text (unverified)", "label_gap_px": 0.0, "area_px": 45.6, "longitude": 113.37151, "latitude": 4.6054}}, {"type": "Feature", "geometry": {"type": "Polygon", "coordinates": [[[113.06609, 4.60137], [113.0601, 4.59531], [113.05638, 4.58738], [113.05414, 4.58581], [113.04975, 4.5872], [113.04438, 4.59064], [113.04229, 4.59322], [113.04291, 4.59802], [113.04854, 4.60803], [113.05897, 4.62084], [113.06884, 4.62748], [113.07226, 4.62849], [113.07808, 4.62812], [113.07931, 4.62497], [113.0746, 4.61258], [113.06609, 4.60137]]]}, "properties": {"feature_type": "field", "feature_class": "Gas/Oil Field (offshore, undifferentiated)", "inset": "borneo", "candidate_name": "Teja", "name_source": "vector text (unverified)", "label_gap_px": 3.4, "area_px": 34.8, "longitude": 113.06026, "latitude": 4.60785}}, {"type": "Feature", "geometry": {"type": "Polygon", "coordinates": [[[113.54333, 4.4307], [113.53915, 4.43443], [113.5357, 4.4335], [113.53486, 4.43819], [113.53106, 4.44189], [113.53062, 4.44488], [113.53826, 4.46447], [113.5383, 4.47132], [113.54129, 4.4781], [113.54164, 4.48348], [113.54621, 4.48613], [113.54789, 4.49147], [113.55112, 4.49105], [113.55495, 4.49289], [113.55963, 4.48882], [113.5613, 4.48474], [113.56319, 4.48275], [113.56206, 4.47767], [113.56289, 4.47249], [113.56023, 4.46865], [113.56119, 4.46386], [113.56008, 4.44709], [113.55865, 4.44495], [113.55463, 4.44322], [113.55196, 4.4395], [113.54817, 4.43993], [113.54327, 4.43758], [113.54244, 4.43556], [113.54333, 4.4307]]]}, "properties": {"feature_type": "field", "feature_class": "Gas/Oil Field (offshore, undifferentiated)", "inset": "borneo", "candidate_name": "Hasnah", "name_source": "vector text (unverified)", "label_gap_px": 13.4, "area_px": 41.3, "longitude": 113.54831, "latitude": 4.46216}}, {"type": "Feature", "geometry": {"type": "Polygon", "coordinates": [[[113.44213, 4.53798], [113.44072, 4.53923], [113.43956, 4.53891], [113.43785, 4.54274], [113.44042, 4.54932], [113.44156, 4.55571], [113.4431, 4.5566], [113.44366, 4.5584], [113.44604, 4.55888], [113.4488, 4.55546], [113.44775, 4.54349], [113.44503, 4.54094], [113.4421, 4.54029], [113.44213, 4.53798]]]}, "properties": {"feature_type": "field", "feature_class": "Gas/Oil Field (offshore, undifferentiated)", "inset": "borneo", "candidate_name": "Lebah", "name_source": "vector text (unverified)", "label_gap_px": 7.9, "area_px": 4.7, "longitude": 113.44383, "latitude": 4.54847}}, {"type": "Feature", "geometry": {"type": "Polygon", "coordinates": [[[113.49913, 4.59512], [113.49743, 4.58995], [113.49121, 4.58164], [113.48679, 4.5796], [113.48504, 4.57992], [113.48468, 4.58502], [113.48183, 4.58914], [113.48332, 4.59351], [113.48509, 4.5948], [113.49019, 4.59602], [113.49258, 4.59972], [113.49499, 4.59775], [113.4988, 4.59806], [113.49913, 4.59512]]]}, "properties": {"feature_type": "field", "feature_class": "Gas/Oil Field (offshore, undifferentiated)", "inset": "borneo", "candidate_name": "Lebah", "name_source": "vector text (unverified)", "label_gap_px": 5.8, "area_px": 8.1, "longitude": 113.4904, "latitude": 4.58997}}, {"type": "Feature", "geometry": {"type": "Polygon", "coordinates": [[[113.36012, 4.64548], [113.3545, 4.63487], [113.35295, 4.63396], [113.35132, 4.63454], [113.34937, 4.63756], [113.34668, 4.64785], [113.34646, 4.65385], [113.35042, 4.67021], [113.35373, 4.67592], [113.35635, 4.67789], [113.35876, 4.67763], [113.36083, 4.6758], [113.36383, 4.66759], [113.36375, 4.65765], [113.36012, 4.64548]]]}, "properties": {"feature_type": "field", "feature_class": "Gas/Oil Field (offshore, undifferentiated)", "inset": "borneo", "candidate_name": "Lang", "name_source": "vector text (unverified)", "label_gap_px": 0.0, "area_px": 18.4, "longitude": 113.35515, "latitude": 4.65674}}, {"type": "Feature", "geometry": {"type": "Polygon", "coordinates": [[[114.56037, 5.99439], [114.55616, 5.99426], [114.55437, 5.99593], [114.55401, 6.00536], [114.55572, 6.0086], [114.56026, 6.01345], [114.56324, 6.01523], [114.56637, 6.01526], [114.56904, 6.0132], [114.57043, 6.01033], [114.57035, 6.00279], [114.56763, 5.99842], [114.56037, 5.99439]]]}, "properties": {"feature_type": "field", "feature_class": "Gas/Oil Field (offshore, undifferentiated)", "inset": "borneo", "candidate_name": "Pisangan", "name_source": "vector text (unverified)", "label_gap_px": 0.0, "area_px": 8.6, "longitude": 114.56222, "latitude": 6.00461}}, {"type": "Feature", "geometry": {"type": "Polygon", "coordinates": [[[112.20748, 3.7265], [112.20117, 3.71899], [112.19609, 3.71584], [112.18865, 3.71458], [112.18469, 3.71543], [112.18167, 3.71749], [112.17855, 3.72432], [112.17886, 3.74233], [112.18022, 3.74886], [112.18412, 3.7551], [112.18729, 3.75662], [112.19264, 3.75713], [112.1972, 3.75674], [112.19939, 3.75533], [112.20184, 3.74901], [112.20617, 3.74452], [112.20748, 3.74173], [112.20821, 3.73545], [112.20748, 3.7265]]]}, "properties": {"feature_type": "field", "feature_class": "Gas/Oil Field (offshore, undifferentiated)", "inset": "borneo", "candidate_name": "Dafnah West", "name_source": "vector text (unverified)", "label_gap_px": 0.0, "area_px": 29.6, "longitude": 112.19245, "latitude": 3.73555}}, {"type": "Feature", "geometry": {"type": "Polygon", "coordinates": [[[112.30655, 3.79323], [112.28677, 3.79296], [112.27536, 3.79487], [112.26415, 3.8011], [112.26215, 3.80344], [112.26189, 3.80689], [112.26562, 3.81156], [112.26849, 3.81944], [112.27055, 3.82069], [112.28432, 3.81945], [112.29023, 3.81559], [112.29697, 3.81527], [112.30729, 3.81151], [112.32546, 3.80843], [112.33171, 3.80494], [112.33198, 3.80067], [112.33069, 3.79696], [112.31728, 3.79744], [112.3084, 3.79524], [112.30655, 3.79323]]]}, "properties": {"feature_type": "field", "feature_class": "Gas/Oil Field (offshore, undifferentiated)", "inset": "borneo", "candidate_name": "D30 Danau", "name_source": "vector text (unverified)", "label_gap_px": 2.8, "area_px": 47.6, "longitude": 112.29325, "latitude": 3.80513}}, {"type": "Feature", "geometry": {"type": "Polygon", "coordinates": [[[111.99843, 3.6911], [111.99434, 3.68315], [111.99058, 3.67767], [111.98833, 3.67592], [111.97554, 3.67547], [111.97302, 3.67664], [111.97182, 3.67835], [111.97008, 3.68604], [111.97043, 3.69395], [111.97241, 3.69747], [111.9786, 3.70345], [111.98181, 3.70435], [111.98739, 3.70409], [111.9951, 3.70168], [111.99821, 3.69681], [111.99843, 3.6911]]]}, "properties": {"feature_type": "field", "feature_class": "Gas/Oil Field (offshore, undifferentiated)", "inset": "borneo", "candidate_name": "Hitam NE", "name_source": "vector text (unverified)", "label_gap_px": 0.7, "area_px": 18.5, "longitude": 111.98371, "latitude": 3.68989}}, {"type": "Feature", "geometry": {"type": "Polygon", "coordinates": [[[112.11187, 4.00099], [112.10942, 3.98646], [112.10957, 3.97943], [112.10838, 3.97651], [112.1032, 3.97414], [112.09782, 3.97477], [112.09663, 3.97811], [112.10199, 3.98384], [112.1059, 4.00395], [112.10838, 4.00646], [112.11049, 4.0051], [112.11187, 4.00099]]]}, "properties": {"feature_type": "field", "feature_class": "Gas/Oil Field (offshore, undifferentiated)", "inset": "borneo", "candidate_name": "Balai", "name_source": "vector text (unverified)", "label_gap_px": 0.0, "area_px": 14.0, "longitude": 112.10579, "latitude": 3.98809}}, {"type": "Feature", "geometry": {"type": "Polygon", "coordinates": [[[111.97754, 4.01242], [111.98031, 4.0002], [111.98472, 3.99155], [111.99216, 3.98085], [111.99342, 3.97501], [111.99134, 3.97109], [111.986, 3.96724], [111.97892, 3.96457], [111.97446, 3.96429], [111.97107, 3.96582], [111.96691, 3.97339], [111.96227, 3.97796], [111.96143, 3.98557], [111.96347, 4.00882], [111.96489, 4.01427], [111.97, 4.02018], [111.97625, 4.02372], [111.97828, 4.02285], [111.97883, 4.02053], [111.977, 4.0102], [111.97754, 4.01242]]]}, "properties": {"feature_type": "field", "feature_class": "Gas/Oil Field (offshore, undifferentiated)", "inset": "borneo", "candidate_name": "Bentara", "name_source": "vector text (unverified)", "label_gap_px": 0.0, "area_px": 50.9, "longitude": 111.97497, "latitude": 3.98973}}, {"type": "Feature", "geometry": {"type": "Polygon", "coordinates": [[[112.45096, 3.87231], [112.43247, 3.87048], [112.40854, 3.87105], [112.40425, 3.87303], [112.40162, 3.87552], [112.39898, 3.8796], [112.39856, 3.88333], [112.40212, 3.88812], [112.41193, 3.89312], [112.42343, 3.89523], [112.43437, 3.89433], [112.44252, 3.89093], [112.46185, 3.87961], [112.46223, 3.87582], [112.45418, 3.87465], [112.45096, 3.87231]]]}, "properties": {"feature_type": "field", "feature_class": "Gas/Oil Field (offshore, undifferentiated)", "inset": "borneo", "candidate_name": "Saratok", "name_source": "vector text (unverified)", "label_gap_px": 0.0, "area_px": 39.6, "longitude": 112.42783, "latitude": 3.88169}}, {"type": "Feature", "geometry": {"type": "MultiPolygon", "coordinates": [[[[112.11154, 3.85036], [112.10534, 3.84905], [112.09749, 3.84919], [112.09264, 3.8503], [112.0905, 3.85237], [112.09122, 3.85652], [112.09648, 3.86588], [112.09844, 3.87264], [112.09972, 3.87371], [112.11289, 3.87497], [112.11539, 3.87376], [112.11664, 3.868], [112.11667, 3.85908], [112.11154, 3.85036]]], [[[112.11189, 3.85051], [112.11419, 3.85321], [112.11363, 3.85177], [112.11189, 3.85051]]]]}, "properties": {"feature_type": "field", "feature_class": "Gas/Oil Field (offshore, undifferentiated)", "inset": "borneo", "candidate_name": "D41W, Daya & Daya North", "name_source": "vector text (unverified)", "label_gap_px": 0.0, "area_px": 17.1, "longitude": 112.10485, "latitude": 3.86134}}, {"type": "Feature", "geometry": {"type": "Polygon", "coordinates": [[[111.69385, 3.64651], [111.69631, 3.64133], [111.70335, 3.63208], [111.70465, 3.62664], [111.70081, 3.60818], [111.6957, 3.59563], [111.69241, 3.59098], [111.6878, 3.58925], [111.66569, 3.59048], [111.66301, 3.59327], [111.65246, 3.61373], [111.64973, 3.62193], [111.64757, 3.6342], [111.64547, 3.63613], [111.6391, 3.63914], [111.63234, 3.64443], [111.62687, 3.65115], [111.62292, 3.65901], [111.62034, 3.67225], [111.62118, 3.68224], [111.62332, 3.68841], [111.62509, 3.69074], [111.62818, 3.69203], [111.63426, 3.69183], [111.63997, 3.6903], [111.65221, 3.68452], [111.66045, 3.67938], [111.66626, 3.67421], [111.6699, 3.67252], [111.67673, 3.67192], [111.69514, 3.67282], [111.70246, 3.67136], [111.70418, 3.66882], [111.7036, 3.66436], [111.70065, 3.65833], [111.69476, 3.65243], [111.69385, 3.64651]]]}, "properties": {"feature_type": "field", "feature_class": "Gas/Oil Field (offshore, undifferentiated)", "inset": "borneo", "candidate_name": "J5", "name_source": "vector text (unverified)", "label_gap_px": 15.8, "area_px": 201.2, "longitude": 111.66586, "latitude": 3.64249}}, {"type": "Feature", "geometry": {"type": "Polygon", "coordinates": [[[111.50396, 3.67274], [111.50256, 3.66577], [111.504, 3.64511], [111.50219, 3.63305], [111.5002, 3.62844], [111.4909, 3.61579], [111.48937, 3.61469], [111.48677, 3.61502], [111.48456, 3.618], [111.4837, 3.62272], [111.48535, 3.64765], [111.4849, 3.65519], [111.48238, 3.67073], [111.4767, 3.69078], [111.47698, 3.69937], [111.47824, 3.70282], [111.49309, 3.70542], [111.49709, 3.70494], [111.50013, 3.70304], [111.50165, 3.69922], [111.50131, 3.68797], [111.50403, 3.6776], [111.50326, 3.67237], [111.50396, 3.67274]]]}, "properties": {"feature_type": "field", "feature_class": "Gas/Oil Field (offshore, undifferentiated)", "inset": "borneo", "candidate_name": "J5", "name_source": "vector text (unverified)", "label_gap_px": 0.0, "area_px": 64.8, "longitude": 111.49189, "latitude": 3.66505}}, {"type": "Feature", "geometry": {"type": "Polygon", "coordinates": [[[111.50396, 3.67274], [111.50256, 3.66577], [111.504, 3.64511], [111.50219, 3.63305], [111.5002, 3.62844], [111.4909, 3.61579], [111.48937, 3.61469], [111.48677, 3.61502], [111.48456, 3.618], [111.4837, 3.62272], [111.48535, 3.64765], [111.4849, 3.65519], [111.48238, 3.67073], [111.4767, 3.69078], [111.47698, 3.69937], [111.47824, 3.70282], [111.49309, 3.70542], [111.49709, 3.70494], [111.50013, 3.70304], [111.50165, 3.69922], [111.50131, 3.68797], [111.50403, 3.6776], [111.50326, 3.67237], [111.50396, 3.67274]]]}, "properties": {"feature_type": "field", "feature_class": "Gas/Oil Field (offshore, undifferentiated)", "inset": "borneo", "candidate_name": "J5", "name_source": "vector text (unverified)", "label_gap_px": 0.0, "area_px": 64.8, "longitude": 111.49189, "latitude": 3.66505}}, {"type": "Feature", "geometry": {"type": "Polygon", "coordinates": [[[113.09222, 5.2749], [113.09088, 5.2687], [113.08182, 5.26112], [113.07974, 5.25137], [113.07851, 5.24953], [113.07565, 5.24842], [113.06661, 5.24808], [113.05697, 5.24905], [113.04074, 5.25461], [113.03566, 5.2552], [113.03334, 5.25665], [113.03074, 5.26203], [113.03082, 5.26552], [113.03385, 5.26969], [113.03763, 5.27231], [113.04686, 5.27598], [113.04939, 5.2789], [113.04903, 5.28603], [113.04218, 5.30044], [113.04276, 5.30285], [113.04635, 5.30428], [113.05185, 5.30458], [113.06404, 5.30309], [113.08651, 5.30619], [113.08654, 5.29861], [113.09078, 5.29163], [113.09201, 5.28697], [113.08839, 5.27565], [113.09222, 5.2749]]]}, "properties": {"feature_type": "field", "feature_class": "Gas/Oil Field (offshore, undifferentiated)", "inset": "borneo", "candidate_name": "Rosmari", "name_source": "vector text (unverified)", "label_gap_px": 0.0, "area_px": 80.0, "longitude": 113.06439, "latitude": 5.27655}}, {"type": "Feature", "geometry": {"type": "Polygon", "coordinates": [[[111.44236, 3.45058], [111.44571, 3.47064], [111.44801, 3.47268], [111.45461, 3.47314], [111.45691, 3.47444], [111.45957, 3.4785], [111.46213, 3.48665], [111.46514, 3.49066], [111.47002, 3.49208], [111.47577, 3.49169], [111.47979, 3.48969], [111.48454, 3.4855], [111.48768, 3.48032], [111.48917, 3.47385], [111.48918, 3.46528], [111.48656, 3.44305], [111.48909, 3.41996], [111.48771, 3.41563], [111.4849, 3.41146], [111.46988, 3.39692], [111.46734, 3.39683], [111.46543, 3.39828], [111.464, 3.40678], [111.4573, 3.4137], [111.44725, 3.42896], [111.44278, 3.44222], [111.44236, 3.45058]]]}, "properties": {"feature_type": "field", "feature_class": "Gas/Oil Field (offshore, undifferentiated)", "inset": "borneo", "candidate_name": "J2", "name_source": "vector text (unverified)", "label_gap_px": 0.0, "area_px": 105.9, "longitude": 111.46822, "latitude": 3.44685}}, {"type": "Feature", "geometry": {"type": "Polygon", "coordinates": [[[111.20716, 3.2045], [111.18366, 3.19719], [111.17092, 3.19505], [111.14312, 3.19795], [111.13619, 3.19941], [111.13028, 3.20202], [111.12624, 3.20631], [111.12115, 3.21868], [111.11327, 3.22634], [111.11149, 3.23029], [111.11166, 3.24656], [111.11307, 3.25683], [111.11465, 3.26137], [111.11683, 3.26264], [111.12494, 3.25952], [111.1392, 3.25752], [111.1423, 3.25505], [111.14826, 3.24717], [111.15203, 3.24536], [111.16159, 3.24349], [111.16428, 3.24101], [111.16735, 3.23457], [111.16983, 3.23158], [111.17713, 3.22683], [111.18672, 3.22226], [111.19597, 3.22083], [111.22248, 3.22096], [111.23483, 3.20524], [111.23578, 3.20171], [111.23529, 3.19684], [111.23162, 3.19671], [111.22341, 3.19932], [111.2146, 3.20012], [111.21056, 3.20178], [111.20716, 3.2045]]]}, "properties": {"feature_type": "field", "feature_class": "Gas/Oil Field (offshore, undifferentiated)", "inset": "borneo", "candidate_name": "H2", "name_source": "vector text (unverified)", "label_gap_px": 0.0, "area_px": 205.1, "longitude": 111.16013, "latitude": 3.22177}}, {"type": "Feature", "geometry": {"type": "Polygon", "coordinates": [[[110.59792, 3.49382], [110.59883, 3.49939], [110.61024, 3.51241], [110.61483, 3.5252], [110.62098, 3.53115], [110.62559, 3.5388], [110.62959, 3.54259], [110.63279, 3.54417], [110.63601, 3.54455], [110.63888, 3.54333], [110.64159, 3.5388], [110.64362, 3.5276], [110.64767, 3.51649], [110.64842, 3.50634], [110.64695, 3.49866], [110.63949, 3.48564], [110.63782, 3.47342], [110.63349, 3.46038], [110.62598, 3.45745], [110.62207, 3.45765], [110.61709, 3.46437], [110.60697, 3.466], [110.60366, 3.46761], [110.59383, 3.48407], [110.59492, 3.49024], [110.59656, 3.49382], [110.59792, 3.49382]]]}, "properties": {"feature_type": "field", "feature_class": "Gas/Oil Field (offshore, undifferentiated)", "inset": "borneo", "candidate_name": "T3", "name_source": "vector text (unverified)", "label_gap_px": 0.0, "area_px": 105.4, "longitude": 110.62389, "latitude": 3.4985}}, {"type": "Feature", "geometry": {"type": "Polygon", "coordinates": [[[111.2902, 4.08172], [111.29137, 4.06628], [111.29106, 4.05568], [111.28975, 4.05292], [111.28444, 4.04781], [111.28186, 4.04016], [111.2802, 4.0382], [111.27509, 4.03723], [111.2694, 4.03844], [111.26623, 4.04043], [111.26111, 4.04649], [111.25042, 4.04847], [111.24758, 4.05344], [111.24538, 4.07048], [111.24179, 4.07437], [111.23215, 4.07962], [111.2293, 4.08352], [111.22906, 4.08635], [111.23052, 4.09145], [111.23862, 4.10364], [111.239, 4.10778], [111.2378, 4.11707], [111.24001, 4.12153], [111.24481, 4.12521], [111.25422, 4.12939], [111.26796, 4.13402], [111.27139, 4.13329], [111.27325, 4.12957], [111.27557, 4.11777], [111.2833, 4.10828], [111.28436, 4.09929], [111.29141, 4.09368], [111.29195, 4.08801], [111.2902, 4.08172]]]}, "properties": {"feature_type": "field", "feature_class": "Gas/Oil Field (offshore, undifferentiated)", "inset": "borneo", "candidate_name": "K5", "name_source": "vector text (unverified)", "label_gap_px": 0.0, "area_px": 145.2, "longitude": 111.2635, "latitude": 4.08556}}, {"type": "Feature", "geometry": {"type": "Polygon", "coordinates": [[[112.05206, 3.69838], [112.03886, 3.70212], [112.03596, 3.7054], [112.03541, 3.71103], [112.0372, 3.71779], [112.04189, 3.72554], [112.04839, 3.73236], [112.05881, 3.74048], [112.06163, 3.74179], [112.06634, 3.74228], [112.08106, 3.73738], [112.11246, 3.73735], [112.10811, 3.71506], [112.10894, 3.71095], [112.1139, 3.70251], [112.11379, 3.69547], [112.08165, 3.69338], [112.0738, 3.69478], [112.06575, 3.69886], [112.05954, 3.69723], [112.05012, 3.69948], [112.05206, 3.69838]]]}, "properties": {"feature_type": "field", "feature_class": "Gas/Oil Field (offshore, undifferentiated)", "inset": "borneo", "candidate_name": "Hitam NE", "name_source": "vector text (unverified)", "label_gap_px": 0.0, "area_px": 99.1, "longitude": 112.07646, "latitude": 3.71657}}, {"type": "Feature", "geometry": {"type": "Polygon", "coordinates": [[[112.42031, 4.46045], [112.41592, 4.46506], [112.41456, 4.46954], [112.41442, 4.47449], [112.41647, 4.4815], [112.42156, 4.48653], [112.4279, 4.48772], [112.43985, 4.48729], [112.44829, 4.48319], [112.45553, 4.48249], [112.458, 4.4802], [112.4588, 4.47593], [112.457, 4.47083], [112.45357, 4.46679], [112.44776, 4.46295], [112.4408, 4.46023], [112.43342, 4.45879], [112.42635, 4.45881], [112.42031, 4.46045]]]}, "properties": {"feature_type": "field", "feature_class": "Gas/Oil Field (offshore, undifferentiated)", "inset": "borneo", "candidate_name": "Kunyit", "name_source": "vector text (unverified)", "label_gap_px": 0.0, "area_px": 34.2, "longitude": 112.43503, "latitude": 4.47345}}, {"type": "Feature", "geometry": {"type": "Polygon", "coordinates": [[[112.87296, 4.25375], [112.91612, 4.26025], [112.91973, 4.26025], [112.92023, 4.25797], [112.92071, 4.24411], [112.91472, 4.21878], [112.91297, 4.21459], [112.90487, 4.20413], [112.9028, 4.20007], [112.90142, 4.19218], [112.90114, 4.17963], [112.89645, 4.17865], [112.8792, 4.17948], [112.87593, 4.1782], [112.86711, 4.17115], [112.85596, 4.17113], [112.84466, 4.1673], [112.83637, 4.16319], [112.82981, 4.15852], [112.81601, 4.13768], [112.81124, 4.13396], [112.7997, 4.12943], [112.79199, 4.12033], [112.78559, 4.11877], [112.77738, 4.11844], [112.77158, 4.11958], [112.76873, 4.12137], [112.76641, 4.12543], [112.76391, 4.13733], [112.75737, 4.15341], [112.75556, 4.16179], [112.757, 4.16977], [112.76198, 4.17589], [112.76428, 4.18049], [112.76614, 4.19698], [112.76902, 4.20353], [112.77323, 4.20552], [112.7842, 4.20532], [112.78726, 4.20635], [112.79628, 4.21804], [112.80537, 4.22296], [112.8312, 4.22628], [112.84095, 4.22928], [112.84634, 4.23306], [112.85712, 4.24432], [112.8649, 4.25017], [112.87296, 4.25375]]]}, "properties": {"feature_type": "field", "feature_class": "Gas/Oil Field (offshore, undifferentiated)", "inset": "borneo", "candidate_name": "E11 Shallow Cluster", "name_source": "vector text (unverified)", "label_gap_px": 0.0, "area_px": 486.0, "longitude": 112.83519, "latitude": 4.19299}}, {"type": "Feature", "geometry": {"type": "Polygon", "coordinates": [[[112.93271, 4.25187], [112.9136, 4.2517], [112.89496, 4.24797], [112.88868, 4.25], [112.88565, 4.25386], [112.8823, 4.26413], [112.87483, 4.27223], [112.87474, 4.28497], [112.86734, 4.29143], [112.86608, 4.29457], [112.86672, 4.29794], [112.87365, 4.30822], [112.87844, 4.31803], [112.88217, 4.32118], [112.8991, 4.32461], [112.90856, 4.32939], [112.91755, 4.3289], [112.92089, 4.32955], [112.92343, 4.33364], [112.92378, 4.34483], [112.92686, 4.34913], [112.94104, 4.34966], [112.95205, 4.35775], [112.95719, 4.35961], [112.97103, 4.35865], [112.98451, 4.36093], [112.98787, 4.35976], [112.99024, 4.35713], [112.99118, 4.35412], [112.99032, 4.3363], [112.99454, 4.31784], [112.99378, 4.31169], [112.99139, 4.30843], [112.98453, 4.30375], [112.98167, 4.30064], [112.97799, 4.29055], [112.97604, 4.28771], [112.96486, 4.28502], [112.95642, 4.27989], [112.95361, 4.27467], [112.952, 4.26453], [112.94797, 4.25822], [112.94192, 4.25412], [112.93271, 4.25187]]]}, "properties": {"feature_type": "field", "feature_class": "Gas/Oil Field (offshore, undifferentiated)", "inset": "borneo", "candidate_name": "F13 East", "name_source": "vector text (unverified)", "label_gap_px": 0.0, "area_px": 329.0, "longitude": 112.93267, "latitude": 4.30374}}, {"type": "Feature", "geometry": {"type": "Polygon", "coordinates": [[[112.07089, 4.97513], [112.071, 4.97062], [112.06867, 4.96539], [112.06397, 4.9636], [112.05518, 4.96317], [112.04996, 4.9616], [112.04391, 4.95431], [112.03902, 4.95177], [112.03002, 4.95112], [112.02082, 4.95417], [112.01755, 4.9542], [112.01375, 4.95222], [112.00696, 4.94518], [112.00242, 4.94393], [111.9841, 4.94714], [111.98152, 4.95074], [111.98127, 4.95523], [111.98243, 4.9594], [111.98404, 4.96119], [111.98822, 4.9625], [111.9895, 4.96448], [111.99124, 4.97314], [111.99251, 4.99107], [111.99523, 4.99722], [112.00074, 5.00211], [112.00315, 5.02058], [112.00677, 5.02494], [112.01285, 5.02714], [112.02844, 5.02845], [112.03512, 5.02783], [112.04059, 5.02585], [112.04478, 5.02118], [112.04702, 5.01479], [112.04845, 4.99715], [112.05387, 4.99676], [112.06734, 4.99982], [112.07302, 4.99865], [112.07507, 4.99638], [112.07639, 4.99259], [112.07617, 4.98568], [112.07444, 4.98158], [112.07171, 4.97833], [112.06619, 4.97584], [112.07089, 4.97513]]]}, "properties": {"feature_type": "field", "feature_class": "Gas/Oil Field (offshore, undifferentiated)", "inset": "borneo", "candidate_name": "M5", "name_source": "vector text (unverified)", "label_gap_px": 0.0, "area_px": 175.5, "longitude": 112.02658, "latitude": 4.98443}}, {"type": "Feature", "geometry": {"type": "Polygon", "coordinates": [[[112.18281, 4.94968], [112.18199, 4.95338], [112.18285, 4.95186], [112.18304, 4.9624], [112.18231, 4.96555], [112.17958, 4.96726], [112.1745, 4.96704], [112.17246, 4.96614], [112.1698, 4.96304], [112.16618, 4.94813], [112.16335, 4.94255], [112.16068, 4.9398], [112.15758, 4.93827], [112.15248, 4.93913], [112.14691, 4.94524], [112.13959, 4.94929], [112.13735, 4.95214], [112.13641, 4.95655], [112.1375, 4.96726], [112.13546, 4.97399], [112.13571, 4.97773], [112.14276, 4.99105], [112.15078, 5.00006], [112.15598, 5.00163], [112.16712, 5.00191], [112.17221, 5.00377], [112.1754, 5.00718], [112.17951, 5.01763], [112.18352, 5.02073], [112.18938, 5.02179], [112.20333, 5.02115], [112.20546, 5.01874], [112.20894, 4.9995], [112.20836, 4.97735], [112.209, 4.9718], [112.21437, 4.95728], [112.21336, 4.93993], [112.21237, 4.9314], [112.21064, 4.92574], [112.20796, 4.92185], [112.19931, 4.91384], [112.19565, 4.90802], [112.19314, 4.89281], [112.17882, 4.89306], [112.17087, 4.89706], [112.16806, 4.90159], [112.16796, 4.91351], [112.16419, 4.91698], [112.16515, 4.92777], [112.16737, 4.93356], [112.17016, 4.93708], [112.18013, 4.94575], [112.18281, 4.94968]]]}, "properties": {"feature_type": "field", "feature_class": "Gas/Oil Field (offshore, undifferentiated)", "inset": "borneo", "candidate_name": "Pegaga", "name_source": "vector text (unverified)", "label_gap_px": 0.0, "area_px": 230.6, "longitude": 112.17999, "latitude": 4.96153}}, {"type": "Feature", "geometry": {"type": "Polygon", "coordinates": [[[112.17332, 5.2404], [112.17389, 5.24416], [112.17326, 5.24576], [112.16691, 5.24964], [112.16493, 5.25264], [112.16432, 5.2583], [112.16659, 5.26341], [112.16883, 5.26472], [112.17671, 5.26549], [112.18465, 5.27096], [112.18894, 5.27238], [112.1944, 5.2712], [112.20089, 5.2662], [112.20502, 5.25968], [112.2072, 5.24965], [112.20688, 5.24446], [112.20508, 5.24077], [112.20221, 5.2377], [112.19433, 5.23355], [112.18544, 5.23238], [112.17771, 5.23454], [112.17497, 5.23699], [112.17332, 5.2404]]]}, "properties": {"feature_type": "field", "feature_class": "Gas/Oil Field (offshore, undifferentiated)", "inset": "borneo", "candidate_name": "Serai", "name_source": "vector text (unverified)", "label_gap_px": 0.0, "area_px": 44.9, "longitude": 112.18714, "latitude": 5.25215}}, {"type": "Feature", "geometry": {"type": "Polygon", "coordinates": [[[112.56351, 4.69717], [112.56065, 4.69553], [112.55543, 4.68548], [112.55098, 4.68482], [112.54058, 4.67942], [112.53769, 4.68003], [112.53574, 4.68205], [112.53576, 4.68581], [112.54063, 4.69496], [112.54279, 4.70521], [112.54468, 4.70804], [112.54977, 4.70988], [112.55329, 4.71268], [112.5604, 4.71225], [112.56403, 4.71571], [112.57693, 4.72074], [112.58166, 4.72122], [112.58681, 4.72007], [112.58745, 4.71756], [112.58647, 4.71507], [112.57335, 4.70839], [112.56652, 4.701], [112.56229, 4.69797], [112.56351, 4.69717]]]}, "properties": {"feature_type": "field", "feature_class": "Gas/Oil Field (offshore, undifferentiated)", "inset": "borneo", "candidate_name": "F9", "name_source": "vector text (unverified)", "label_gap_px": 0.0, "area_px": 49.9, "longitude": 112.55746, "latitude": 4.70178}}, {"type": "Feature", "geometry": {"type": "Polygon", "coordinates": [[[112.62035, 4.65573], [112.62202, 4.6401], [112.6214, 4.63266], [112.61822, 4.62616], [112.61529, 4.62342], [112.60885, 4.62021], [112.58479, 4.61374], [112.5788, 4.61404], [112.57318, 4.61567], [112.56809, 4.61873], [112.56568, 4.62141], [112.56414, 4.6281], [112.56605, 4.63335], [112.57011, 4.63733], [112.58243, 4.64472], [112.58807, 4.65414], [112.5974, 4.66268], [112.60454, 4.67661], [112.60836, 4.68], [112.61116, 4.6801], [112.61602, 4.67784], [112.6179, 4.66948], [112.61724, 4.65612], [112.61847, 4.65183], [112.62035, 4.65573]]]}, "properties": {"feature_type": "field", "feature_class": "Gas/Oil Field (offshore, undifferentiated)", "inset": "borneo", "candidate_name": "F9", "name_source": "vector text (unverified)", "label_gap_px": 0.7, "area_px": 94.5, "longitude": 112.59754, "latitude": 4.64065}}, {"type": "Feature", "geometry": {"type": "Polygon", "coordinates": [[[118.56433, 5.91637], [118.56133, 5.91278], [118.55572, 5.9005], [118.55049, 5.89637], [118.54628, 5.89572], [118.54192, 5.89633], [118.52711, 5.9028], [118.51878, 5.90988], [118.51574, 5.91412], [118.51228, 5.92379], [118.51273, 5.93475], [118.51764, 5.94664], [118.52927, 5.96468], [118.53769, 5.9737], [118.54233, 5.97674], [118.54735, 5.97857], [118.55283, 5.97899], [118.55884, 5.97783], [118.56545, 5.97488], [118.57352, 5.96952], [118.58035, 5.9686], [118.58226, 5.96939], [118.58524, 5.97493], [118.58949, 5.97824], [118.59371, 5.98029], [118.59705, 5.98024], [118.59971, 5.97789], [118.6019, 5.97306], [118.60353, 5.96618], [118.60418, 5.95678], [118.60295, 5.94012], [118.60028, 5.93002], [118.59829, 5.92596], [118.59581, 5.92289], [118.59014, 5.91992], [118.57044, 5.91934], [118.56433, 5.91637]]]}, "properties": {"feature_type": "field", "feature_class": "Gas/Oil Field (offshore, undifferentiated)", "inset": "borneo", "candidate_name": "Mutiara Hitam", "name_source": "vector text (unverified)", "label_gap_px": 0.0, "area_px": 200.5, "longitude": 118.55769, "latitude": 5.94079}}, {"type": "Feature", "geometry": {"type": "Polygon", "coordinates": [[[113.06036, 3.46777], [113.05765, 3.46544], [113.0548, 3.46468], [113.05299, 3.46483], [113.05098, 3.46688], [113.05075, 3.4724], [113.05318, 3.4845], [113.05606, 3.48565], [113.06406, 3.4853], [113.07385, 3.48759], [113.07805, 3.48664], [113.08076, 3.4885], [113.08232, 3.48786], [113.0823, 3.48342], [113.07535, 3.46731], [113.0707, 3.46523], [113.0634, 3.46786], [113.06036, 3.46777]]]}, "properties": {"feature_type": "field", "feature_class": "Gas/Oil Field (offshore, undifferentiated)", "inset": "borneo", "candidate_name": "Sompotan", "name_source": "vector text (unverified)", "label_gap_px": 0.0, "area_px": 19.6, "longitude": 113.06585, "latitude": 3.47664}}, {"type": "Feature", "geometry": {"type": "Polygon", "coordinates": [[[112.6456, 4.61827], [112.6341, 4.60934], [112.63062, 4.60221], [112.62841, 4.60006], [112.62699, 4.59952], [112.62487, 4.60067], [112.62365, 4.60384], [112.62334, 4.60984], [112.62482, 4.616], [112.62718, 4.61974], [112.63464, 4.62404], [112.63896, 4.62775], [112.64115, 4.62829], [112.64719, 4.62546], [112.64545, 4.6166], [112.6456, 4.61827]]]}, "properties": {"feature_type": "field", "feature_class": "Gas/Oil Field (offshore, undifferentiated)", "inset": "borneo", "candidate_name": "F9", "name_source": "vector text (unverified)", "label_gap_px": 8.5, "area_px": 16.9, "longitude": 112.63388, "latitude": 4.61532}}, {"type": "Feature", "geometry": {"type": "Polygon", "coordinates": [[[112.41347, 4.50402], [112.40557, 4.49382], [112.39939, 4.48983], [112.39529, 4.49117], [112.39361, 4.49427], [112.38981, 4.49771], [112.38844, 4.50106], [112.38955, 4.50374], [112.3972, 4.50986], [112.40394, 4.51789], [112.40993, 4.52029], [112.41336, 4.51979], [112.41487, 4.51767], [112.41475, 4.51163], [112.41205, 4.50327], [112.41347, 4.50402]]]}, "properties": {"feature_type": "field", "feature_class": "Gas/Oil Field (offshore, undifferentiated)", "inset": "borneo", "candidate_name": "F28 Larak", "name_source": "vector text (unverified)", "label_gap_px": 0.0, "area_px": 20.5, "longitude": 112.40287, "latitude": 4.50492}}, {"type": "Feature", "geometry": {"type": "Polygon", "coordinates": [[[115.4737, 6.54369], [115.46946, 6.54449], [115.46654, 6.54703], [115.46384, 6.55591], [115.464, 6.5675], [115.46774, 6.59995], [115.46736, 6.61006], [115.46836, 6.6118], [115.47074, 6.61298], [115.47807, 6.61298], [115.49233, 6.61495], [115.49725, 6.60129], [115.50056, 6.59571], [115.50227, 6.59446], [115.50395, 6.59476], [115.50554, 6.59701], [115.51003, 6.59725], [115.51697, 6.59595], [115.51981, 6.5917], [115.52005, 6.58584], [115.51887, 6.58329], [115.51421, 6.58044], [115.50081, 6.57858], [115.49501, 6.57663], [115.49008, 6.5711], [115.48881, 6.56675], [115.49184, 6.56077], [115.49516, 6.55978], [115.50076, 6.56036], [115.50356, 6.55783], [115.50368, 6.55223], [115.50121, 6.54731], [115.49573, 6.54447], [115.48523, 6.54175], [115.48262, 6.54284], [115.4761, 6.5487], [115.4737, 6.54369]]]}, "properties": {"feature_type": "field", "feature_class": "Gas/Oil Field (offshore, undifferentiated)", "inset": "borneo", "candidate_name": "Biris", "name_source": "vector text (unverified)", "label_gap_px": 0.0, "area_px": 98.3, "longitude": 115.48543, "latitude": 6.57903}}, {"type": "Feature", "geometry": {"type": "Polygon", "coordinates": [[[115.56147, 6.75228], [115.55801, 6.74538], [115.55581, 6.74381], [115.55332, 6.74371], [115.54215, 6.74668], [115.53164, 6.75786], [115.52984, 6.7618], [115.53014, 6.76542], [115.53679, 6.77478], [115.53985, 6.78102], [115.5467, 6.78254], [115.55898, 6.7808], [115.56414, 6.77841], [115.57175, 6.77271], [115.57218, 6.77096], [115.57086, 6.76877], [115.56434, 6.76444], [115.56375, 6.7594], [115.55971, 6.74977], [115.56147, 6.75228]]]}, "properties": {"feature_type": "field", "feature_class": "Gas/Oil Field (offshore, undifferentiated)", "inset": "borneo", "candidate_name": "Batai", "name_source": "vector text (unverified)", "label_gap_px": 0.0, "area_px": 38.9, "longitude": 115.54987, "latitude": 6.76438}}, {"type": "Feature", "geometry": {"type": "Polygon", "coordinates": [[[115.26448, 6.73075], [115.25891, 6.72767], [115.2542, 6.7285], [115.25247, 6.73537], [115.25378, 6.74314], [115.26624, 6.76244], [115.27413, 6.77072], [115.27907, 6.78195], [115.28499, 6.78719], [115.29021, 6.78952], [115.29173, 6.78857], [115.29279, 6.78526], [115.29113, 6.7785], [115.28666, 6.77015], [115.27919, 6.76145], [115.27359, 6.74608], [115.26448, 6.73075]]]}, "properties": {"feature_type": "field", "feature_class": "Gas/Oil Field (offshore, undifferentiated)", "inset": "borneo", "candidate_name": "Kamunsu East", "name_source": "vector text (unverified)", "label_gap_px": 0.0, "area_px": 54.0, "longitude": 115.27138, "latitude": 6.757}}, {"type": "Feature", "geometry": {"type": "Polygon", "coordinates": [[[111.74251, 4.05808], [111.73744, 4.05823], [111.73393, 4.05609], [111.72742, 4.03928], [111.71892, 4.03265], [111.71056, 4.02344], [111.70384, 4.01966], [111.69984, 4.01163], [111.69743, 4.01176], [111.69683, 4.01625], [111.69985, 4.04623], [111.70172, 4.05184], [111.70731, 4.0584], [111.71355, 4.06352], [111.72377, 4.06198], [111.73202, 4.06568], [111.73602, 4.06648], [111.7406, 4.0653], [111.74301, 4.06337], [111.74441, 4.0606], [111.74437, 4.05706], [111.74139, 4.05696], [111.74251, 4.05808]]]}, "properties": {"feature_type": "field", "feature_class": "Gas/Oil Field (offshore, undifferentiated)", "inset": "borneo", "candidate_name": "A3", "name_source": "vector text (unverified)", "label_gap_px": 0.0, "area_px": 57.4, "longitude": 111.71549, "latitude": 4.04448}}, {"type": "Feature", "geometry": {"type": "Polygon", "coordinates": [[[111.73474, 3.9427], [111.71526, 3.93502], [111.701, 3.93366], [111.69397, 3.93416], [111.69166, 3.93548], [111.69006, 3.9378], [111.68832, 3.94658], [111.68973, 3.96797], [111.68372, 3.98775], [111.68184, 4.00055], [111.68234, 4.02185], [111.68375, 4.02784], [111.68575, 4.03097], [111.6986, 4.02949], [111.69411, 4.01186], [111.70122, 4.01201], [111.70725, 4.01359], [111.72272, 4.02277], [111.7313, 4.02599], [111.73963, 4.02649], [111.74396, 4.02466], [111.74678, 4.02103], [111.75185, 4.00899], [111.76043, 3.99908], [111.77047, 3.97988], [111.77258, 3.97108], [111.7728, 3.95805], [111.77255, 3.95165], [111.77094, 3.94788], [111.76319, 3.94503], [111.73474, 3.9427]]]}, "properties": {"feature_type": "field", "feature_class": "Gas/Oil Field (offshore, undifferentiated)", "inset": "borneo", "candidate_name": "A3", "name_source": "vector text (unverified)", "label_gap_px": 0.0, "area_px": 209.2, "longitude": 111.72447, "latitude": 3.97967}}, {"type": "Feature", "geometry": {"type": "Polygon", "coordinates": [[[111.5785, 4.08683], [111.56648, 4.11614], [111.54584, 4.1499], [111.54477, 4.15445], [111.54547, 4.15963], [111.54982, 4.1638], [111.55615, 4.16506], [111.56302, 4.16471], [111.56933, 4.16127], [111.59902, 4.11932], [111.62016, 4.09218], [111.62527, 4.08192], [111.62694, 4.07622], [111.63026, 4.04497], [111.64108, 4.02687], [111.64062, 4.01937], [111.63581, 4.01345], [111.6313, 4.01044], [111.62439, 4.00781], [111.61862, 4.00789], [111.61278, 4.01007], [111.60613, 4.01497], [111.59635, 4.02887], [111.58433, 4.03902], [111.58036, 4.04521], [111.57837, 4.05199], [111.58026, 4.07479], [111.5767, 4.08959], [111.5785, 4.08683]]]}, "properties": {"feature_type": "field", "feature_class": "Gas/Oil Field (offshore, undifferentiated)", "inset": "borneo", "candidate_name": "Jerong", "name_source": "vector text (unverified)", "label_gap_px": 0.0, "area_px": 377.0, "longitude": 111.5961, "latitude": 4.08146}}, {"type": "Feature", "geometry": {"type": "Polygon", "coordinates": [[[111.93653, 4.01759], [111.9373, 4.00898], [111.93569, 3.99892], [111.9313, 3.99515], [111.92517, 3.99426], [111.92213, 3.99538], [111.91841, 3.99875], [111.91585, 4.00328], [111.91316, 4.01324], [111.90553, 4.01926], [111.90458, 4.02107], [111.90667, 4.03073], [111.90482, 4.03936], [111.90591, 4.04394], [111.9098, 4.04682], [111.91823, 4.04711], [111.9222, 4.04829], [111.9291, 4.06045], [111.93215, 4.06344], [111.93462, 4.06418], [111.93852, 4.06241], [111.93985, 4.05821], [111.93828, 4.0499], [111.93273, 4.03572], [111.933, 4.02884], [111.93653, 4.01759]]]}, "properties": {"feature_type": "field", "feature_class": "Gas/Oil Field (offshore, undifferentiated)", "inset": "borneo", "candidate_name": "Bentara", "name_source": "vector text (unverified)", "label_gap_px": 0.0, "area_px": 57.2, "longitude": 111.92345, "latitude": 4.02756}}, {"type": "Feature", "geometry": {"type": "Polygon", "coordinates": [[[114.07655, 4.60554], [114.06794, 4.6045], [114.0602, 4.59994], [114.0543, 4.59906], [114.03936, 4.6016], [114.03197, 4.60534], [114.02869, 4.60952], [114.02883, 4.61076], [114.03443, 4.61291], [114.04167, 4.61443], [114.05011, 4.62041], [114.06309, 4.62089], [114.07806, 4.62686], [114.0837, 4.62727], [114.08495, 4.62635], [114.08589, 4.62299], [114.08452, 4.61616], [114.08107, 4.60927], [114.07655, 4.60554]]]}, "properties": {"feature_type": "field", "feature_class": "Gas/Oil Field (offshore, undifferentiated)", "inset": "borneo", "candidate_name": "Fatimah", "name_source": "vector text (unverified)", "label_gap_px": 0.0, "area_px": 41.5, "longitude": 114.05997, "latitude": 4.61209}}, {"type": "Feature", "geometry": {"type": "Polygon", "coordinates": [[[112.50293, 3.27799], [112.49504, 3.26537], [112.4918, 3.26314], [112.47688, 3.26041], [112.47108, 3.26143], [112.46744, 3.26559], [112.46304, 3.26641], [112.4618, 3.26952], [112.46231, 3.27201], [112.46471, 3.27528], [112.477, 3.28472], [112.49565, 3.29446], [112.4973, 3.2938], [112.49986, 3.28892], [112.50649, 3.28844], [112.50919, 3.28712], [112.51161, 3.28376], [112.51215, 3.28134], [112.51036, 3.27896], [112.50485, 3.27918], [112.50293, 3.27799]]]}, "properties": {"feature_type": "field", "feature_class": "Gas/Oil Field (offshore, undifferentiated)", "inset": "borneo", "candidate_name": "C2", "name_source": "vector text (unverified)", "label_gap_px": 2.4, "area_px": 42.3, "longitude": 112.48619, "latitude": 3.27627}}, {"type": "Feature", "geometry": {"type": "Polygon", "coordinates": [[[112.45117, 3.22902], [112.45018, 3.22438], [112.44837, 3.22198], [112.44299, 3.21993], [112.43902, 3.22015], [112.43752, 3.22158], [112.43398, 3.22937], [112.43464, 3.23925], [112.43664, 3.24064], [112.44383, 3.24227], [112.45, 3.2388], [112.45391, 3.23816], [112.45438, 3.23602], [112.45117, 3.22902]]]}, "properties": {"feature_type": "field", "feature_class": "Gas/Oil Field (offshore, undifferentiated)", "inset": "borneo", "candidate_name": "C2", "name_source": "vector text (unverified)", "label_gap_px": 0.0, "area_px": 12.0, "longitude": 112.44323, "latitude": 3.23147}}, {"type": "Feature", "geometry": {"type": "Polygon", "coordinates": [[[112.40196, 3.18693], [112.40153, 3.18193], [112.40015, 3.18007], [112.39532, 3.17959], [112.39113, 3.1772], [112.38483, 3.17697], [112.38518, 3.18028], [112.38793, 3.18415], [112.3894, 3.18961], [112.39064, 3.19115], [112.39647, 3.19267], [112.39913, 3.19238], [112.40196, 3.18693]]]}, "properties": {"feature_type": "field", "feature_class": "Gas/Oil Field (offshore, undifferentiated)", "inset": "borneo", "candidate_name": "C6", "name_source": "vector text (unverified)", "label_gap_px": 0.0, "area_px": 6.2, "longitude": 112.39395, "latitude": 3.18459}}, {"type": "Feature", "geometry": {"type": "Polygon", "coordinates": [[[112.36606, 3.73031], [112.36247, 3.73156], [112.35926, 3.73404], [112.35728, 3.73751], [112.35705, 3.74013], [112.35841, 3.74369], [112.36498, 3.75178], [112.36851, 3.7527], [112.37201, 3.75094], [112.37512, 3.74767], [112.37823, 3.74249], [112.37898, 3.73791], [112.37738, 3.73429], [112.37419, 3.73174], [112.37016, 3.73037], [112.36606, 3.73031]]]}, "properties": {"feature_type": "field", "feature_class": "Gas/Oil Field (offshore, undifferentiated)", "inset": "borneo", "candidate_name": "West Dana Acis", "name_source": "vector text (unverified)", "label_gap_px": 0.0, "area_px": 15.9, "longitude": 112.3681, "latitude": 3.7406}}, {"type": "Feature", "geometry": {"type": "Polygon", "coordinates": [[[112.36606, 3.73031], [112.36247, 3.73156], [112.35926, 3.73404], [112.35728, 3.73751], [112.35705, 3.74013], [112.35841, 3.74369], [112.36498, 3.75178], [112.36851, 3.7527], [112.37201, 3.75094], [112.37512, 3.74767], [112.37823, 3.74249], [112.37898, 3.73791], [112.37738, 3.73429], [112.37419, 3.73174], [112.37016, 3.73037], [112.36606, 3.73031]]]}, "properties": {"feature_type": "field", "feature_class": "Gas/Oil Field (offshore, undifferentiated)", "inset": "borneo", "candidate_name": "West Dana Acis", "name_source": "vector text (unverified)", "label_gap_px": 0.0, "area_px": 15.9, "longitude": 112.3681, "latitude": 3.7406}}, {"type": "Feature", "geometry": {"type": "Polygon", "coordinates": [[[112.36606, 3.73031], [112.36247, 3.73156], [112.35926, 3.73404], [112.35728, 3.73751], [112.35705, 3.74013], [112.35841, 3.74369], [112.36498, 3.75178], [112.36851, 3.7527], [112.37201, 3.75094], [112.37512, 3.74767], [112.37823, 3.74249], [112.37898, 3.73791], [112.37738, 3.73429], [112.37419, 3.73174], [112.37016, 3.73037], [112.36606, 3.73031]]]}, "properties": {"feature_type": "field", "feature_class": "Gas/Oil Field (offshore, undifferentiated)", "inset": "borneo", "candidate_name": "West Dana Acis", "name_source": "vector text (unverified)", "label_gap_px": 0.0, "area_px": 15.9, "longitude": 112.3681, "latitude": 3.7406}}, {"type": "Feature", "geometry": {"type": "Polygon", "coordinates": [[[112.36606, 3.73031], [112.36247, 3.73156], [112.35926, 3.73404], [112.35728, 3.73751], [112.35705, 3.74013], [112.35841, 3.74369], [112.36498, 3.75178], [112.36851, 3.7527], [112.37201, 3.75094], [112.37512, 3.74767], [112.37823, 3.74249], [112.37898, 3.73791], [112.37738, 3.73429], [112.37419, 3.73174], [112.37016, 3.73037], [112.36606, 3.73031]]]}, "properties": {"feature_type": "field", "feature_class": "Gas/Oil Field (offshore, undifferentiated)", "inset": "borneo", "candidate_name": "West Dana Acis", "name_source": "vector text (unverified)", "label_gap_px": 0.0, "area_px": 15.9, "longitude": 112.3681, "latitude": 3.7406}}, {"type": "Feature", "geometry": {"type": "Polygon", "coordinates": [[[112.36606, 3.73031], [112.36247, 3.73156], [112.35926, 3.73404], [112.35728, 3.73751], [112.35705, 3.74013], [112.35841, 3.74369], [112.36498, 3.75178], [112.36851, 3.7527], [112.37201, 3.75094], [112.37512, 3.74767], [112.37823, 3.74249], [112.37898, 3.73791], [112.37738, 3.73429], [112.37419, 3.73174], [112.37016, 3.73037], [112.36606, 3.73031]]]}, "properties": {"feature_type": "field", "feature_class": "Gas/Oil Field (offshore, undifferentiated)", "inset": "borneo", "candidate_name": "West Dana Acis", "name_source": "vector text (unverified)", "label_gap_px": 0.0, "area_px": 15.9, "longitude": 112.3681, "latitude": 3.7406}}, {"type": "Feature", "geometry": {"type": "Polygon", "coordinates": [[[112.36606, 3.73031], [112.36247, 3.73156], [112.35926, 3.73404], [112.35728, 3.73751], [112.35705, 3.74013], [112.35841, 3.74369], [112.36498, 3.75178], [112.36851, 3.7527], [112.37201, 3.75094], [112.37512, 3.74767], [112.37823, 3.74249], [112.37898, 3.73791], [112.37738, 3.73429], [112.37419, 3.73174], [112.37016, 3.73037], [112.36606, 3.73031]]]}, "properties": {"feature_type": "field", "feature_class": "Gas/Oil Field (offshore, undifferentiated)", "inset": "borneo", "candidate_name": "West Dana Acis", "name_source": "vector text (unverified)", "label_gap_px": 0.0, "area_px": 15.9, "longitude": 112.3681, "latitude": 3.7406}}, {"type": "Feature", "geometry": {"type": "Polygon", "coordinates": [[[112.36606, 3.73031], [112.36247, 3.73156], [112.35926, 3.73404], [112.35728, 3.73751], [112.35705, 3.74013], [112.35841, 3.74369], [112.36498, 3.75178], [112.36851, 3.7527], [112.37201, 3.75094], [112.37512, 3.74767], [112.37823, 3.74249], [112.37898, 3.73791], [112.37738, 3.73429], [112.37419, 3.73174], [112.37016, 3.73037], [112.36606, 3.73031]]]}, "properties": {"feature_type": "field", "feature_class": "Gas/Oil Field (offshore, undifferentiated)", "inset": "borneo", "candidate_name": "West Dana Acis", "name_source": "vector text (unverified)", "label_gap_px": 0.0, "area_px": 15.9, "longitude": 112.3681, "latitude": 3.7406}}, {"type": "Feature", "geometry": {"type": "Polygon", "coordinates": [[[112.36606, 3.73031], [112.36247, 3.73156], [112.35926, 3.73404], [112.35728, 3.73751], [112.35705, 3.74013], [112.35841, 3.74369], [112.36498, 3.75178], [112.36851, 3.7527], [112.37201, 3.75094], [112.37512, 3.74767], [112.37823, 3.74249], [112.37898, 3.73791], [112.37738, 3.73429], [112.37419, 3.73174], [112.37016, 3.73037], [112.36606, 3.73031]]]}, "properties": {"feature_type": "field", "feature_class": "Gas/Oil Field (offshore, undifferentiated)", "inset": "borneo", "candidate_name": "West Dana Acis", "name_source": "vector text (unverified)", "label_gap_px": 0.0, "area_px": 15.9, "longitude": 112.3681, "latitude": 3.7406}}, {"type": "Feature", "geometry": {"type": "Polygon", "coordinates": [[[112.36606, 3.73031], [112.36247, 3.73156], [112.35926, 3.73404], [112.35728, 3.73751], [112.35705, 3.74013], [112.35841, 3.74369], [112.36498, 3.75178], [112.36851, 3.7527], [112.37201, 3.75094], [112.37512, 3.74767], [112.37823, 3.74249], [112.37898, 3.73791], [112.37738, 3.73429], [112.37419, 3.73174], [112.37016, 3.73037], [112.36606, 3.73031]]]}, "properties": {"feature_type": "field", "feature_class": "Gas/Oil Field (offshore, undifferentiated)", "inset": "borneo", "candidate_name": "West Dana Acis", "name_source": "vector text (unverified)", "label_gap_px": 0.0, "area_px": 15.9, "longitude": 112.3681, "latitude": 3.7406}}, {"type": "Feature", "geometry": {"type": "Polygon", "coordinates": [[[112.34286, 3.76765], [112.33752, 3.75805], [112.33072, 3.75178], [112.32837, 3.75147], [112.32659, 3.75278], [112.32615, 3.75491], [112.32693, 3.75722], [112.33511, 3.76692], [112.33476, 3.77332], [112.33552, 3.77606], [112.33819, 3.77854], [112.34062, 3.7791], [112.3436, 3.77681], [112.34431, 3.77275], [112.34286, 3.76765]]]}, "properties": {"feature_type": "field", "feature_class": "Gas/Oil Field (offshore, undifferentiated)", "inset": "borneo", "candidate_name": "D30 Danau", "name_source": "vector text (unverified)", "label_gap_px": 0.5, "area_px": 11.1, "longitude": 112.33617, "latitude": 3.76524}}, {"type": "Feature", "geometry": {"type": "Polygon", "coordinates": [[[112.35751, 3.67232], [112.34509, 3.68782], [112.34551, 3.69192], [112.35081, 3.6954], [112.35998, 3.69629], [112.36868, 3.69319], [112.37606, 3.68697], [112.38077, 3.6787], [112.38105, 3.67548], [112.37963, 3.67259], [112.37415, 3.6695], [112.36639, 3.66896], [112.35751, 3.67232]]]}, "properties": {"feature_type": "field", "feature_class": "Gas/Oil Field (offshore, undifferentiated)", "inset": "borneo", "candidate_name": "West Dana Acis", "name_source": "vector text (unverified)", "label_gap_px": 0.0, "area_px": 27.5, "longitude": 112.36349, "latitude": 3.68276}}, {"type": "Feature", "geometry": {"type": "Polygon", "coordinates": [[[112.30002, 3.68505], [112.28974, 3.69879], [112.28897, 3.70141], [112.29438, 3.71334], [112.29699, 3.71655], [112.3023, 3.71743], [112.32692, 3.71674], [112.32938, 3.71619], [112.33131, 3.71453], [112.33456, 3.7056], [112.33555, 3.69694], [112.33166, 3.68094], [112.33021, 3.67884], [112.32793, 3.67896], [112.32068, 3.68283], [112.30729, 3.68304], [112.30002, 3.68505]]]}, "properties": {"feature_type": "field", "feature_class": "Gas/Oil Field (offshore, undifferentiated)", "inset": "borneo", "candidate_name": "Dafnah West", "name_source": "vector text (unverified)", "label_gap_px": 0.0, "area_px": 43.6, "longitude": 112.31391, "latitude": 3.69991}}, {"type": "Feature", "geometry": {"type": "Polygon", "coordinates": [[[115.09155, 6.30704], [115.11026, 6.31797], [115.11901, 6.32888], [115.12783, 6.33192], [115.13794, 6.33693], [115.14095, 6.33687], [115.14297, 6.33562], [115.14765, 6.32905], [115.1545, 6.32387], [115.156, 6.31997], [115.15397, 6.31367], [115.14802, 6.30771], [115.14042, 6.30311], [115.12589, 6.29881], [115.11082, 6.28624], [115.10312, 6.28397], [115.09093, 6.28321], [115.0847, 6.28356], [115.08119, 6.28513], [115.08001, 6.28669], [115.07941, 6.29034], [115.08059, 6.29434], [115.08421, 6.30007], [115.09155, 6.30704]]]}, "properties": {"feature_type": "field", "feature_class": "Gas/Oil Field (offshore, undifferentiated)", "inset": "borneo", "candidate_name": "Kauran", "name_source": "vector text (unverified)", "label_gap_px": 0.0, "area_px": 92.1, "longitude": 115.11869, "latitude": 6.30849}}, {"type": "Feature", "geometry": {"type": "Polygon", "coordinates": [[[115.1003, 6.39115], [115.09025, 6.3985], [115.08961, 6.40415], [115.09182, 6.40942], [115.10128, 6.42446], [115.10637, 6.45086], [115.11178, 6.46992], [115.11629, 6.47629], [115.12122, 6.47793], [115.12325, 6.47748], [115.12463, 6.47622], [115.12588, 6.47197], [115.1259, 6.45774], [115.13057, 6.44312], [115.12894, 6.42274], [115.12705, 6.41305], [115.12037, 6.39241], [115.11697, 6.3878], [115.11327, 6.38618], [115.10935, 6.38643], [115.1003, 6.39115]]]}, "properties": {"feature_type": "field", "feature_class": "Gas/Oil Field (offshore, undifferentiated)", "inset": "borneo", "candidate_name": "Tambuku", "name_source": "vector text (unverified)", "label_gap_px": 0.0, "area_px": 86.6, "longitude": 115.11344, "latitude": 6.4269}}, {"type": "Feature", "geometry": {"type": "Polygon", "coordinates": [[[115.45205, 5.93981], [115.45069, 5.94305], [115.4508, 5.9466], [115.45212, 5.95026], [115.45742, 5.95714], [115.4646, 5.96214], [115.46828, 5.96344], [115.47169, 5.96369], [115.47458, 5.96268], [115.47665, 5.96006], [115.477, 5.95648], [115.47593, 5.95231], [115.47063, 5.94382], [115.46298, 5.9377], [115.45898, 5.93651], [115.45525, 5.93708], [115.45205, 5.93981]]]}, "properties": {"feature_type": "field", "feature_class": "Gas/Oil Field (offshore, undifferentiated)", "inset": "borneo", "candidate_name": "South Lokan", "name_source": "vector text (unverified)", "label_gap_px": 0.0, "area_px": 35.0, "longitude": 115.46378, "latitude": 5.95023}}, {"type": "Feature", "geometry": {"type": "Polygon", "coordinates": [[[115.00573, 5.27138], [115.00544, 5.27432], [115.00789, 5.27777], [115.01277, 5.27833], [115.01816, 5.27638], [115.02217, 5.27231], [115.02305, 5.26961], [115.02225, 5.26327], [115.01847, 5.26143], [115.01336, 5.26294], [115.00857, 5.26664], [115.00573, 5.27138]]]}, "properties": {"feature_type": "field", "feature_class": "Gas/Oil Field (offshore, undifferentiated)", "inset": "borneo", "candidate_name": "Trusmadi", "name_source": "vector text (unverified)", "label_gap_px": 0.0, "area_px": 15.0, "longitude": 115.01457, "latitude": 5.27021}}, {"type": "Feature", "geometry": {"type": "Polygon", "coordinates": [[[114.84488, 5.39393], [114.82473, 5.35284], [114.82182, 5.34889], [114.8152, 5.34644], [114.80969, 5.34704], [114.80657, 5.3485], [114.80453, 5.35079], [114.80276, 5.35817], [114.80349, 5.36762], [114.80604, 5.37717], [114.80971, 5.38485], [114.81638, 5.39366], [114.82238, 5.40548], [114.82564, 5.40953], [114.82998, 5.41233], [114.83377, 5.41162], [114.84097, 5.40686], [114.84434, 5.40369], [114.84568, 5.40105], [114.84488, 5.39393]]]}, "properties": {"feature_type": "field", "feature_class": "Gas/Oil Field (offshore, undifferentiated)", "inset": "borneo", "candidate_name": "Timbalai", "name_source": "vector text (unverified)", "label_gap_px": 0.0, "area_px": 64.8, "longitude": 114.82317, "latitude": 5.37912}}, {"type": "Feature", "geometry": {"type": "Polygon", "coordinates": [[[112.29615, 4.49547], [112.28894, 4.49622], [112.28734, 4.49777], [112.28648, 4.5005], [112.29036, 4.50288], [112.29177, 4.51175], [112.29415, 4.51586], [112.29772, 4.51765], [112.30481, 4.5175], [112.30462, 4.5098], [112.30269, 4.50053], [112.30005, 4.49605], [112.29825, 4.4949], [112.29608, 4.49473], [112.29615, 4.49547]]]}, "properties": {"feature_type": "field", "feature_class": "Gas/Oil Field (offshore, undifferentiated)", "inset": "borneo", "candidate_name": "F28 Larak", "name_source": "vector text (unverified)", "label_gap_px": 0.0, "area_px": 9.8, "longitude": 112.29697, "latitude": 4.50606}}, {"type": "Feature", "geometry": {"type": "Polygon", "coordinates": [[[112.25538, 4.56578], [112.25394, 4.56335], [112.25004, 4.56206], [112.24645, 4.56254], [112.24127, 4.56563], [112.23076, 4.56567], [112.22822, 4.56787], [112.22793, 4.5739], [112.22978, 4.57729], [112.23529, 4.5829], [112.24698, 4.58579], [112.24954, 4.5843], [112.25165, 4.57993], [112.2558, 4.5759], [112.25695, 4.56801], [112.25666, 4.56615], [112.25538, 4.56578]]]}, "properties": {"feature_type": "field", "feature_class": "Gas/Oil Field (offshore, undifferentiated)", "inset": "borneo", "candidate_name": "Bakong", "name_source": "vector text (unverified)", "label_gap_px": 0.0, "area_px": 16.9, "longitude": 112.24291, "latitude": 4.57341}}, {"type": "Feature", "geometry": {"type": "Polygon", "coordinates": [[[112.28954, 4.62266], [112.28861, 4.61807], [112.2847, 4.61018], [112.28199, 4.60192], [112.27939, 4.60059], [112.27388, 4.60043], [112.26799, 4.60196], [112.26348, 4.60615], [112.25504, 4.61796], [112.25337, 4.62548], [112.25577, 4.63555], [112.25888, 4.63968], [112.26197, 4.64048], [112.27267, 4.63908], [112.28175, 4.64138], [112.28425, 4.64035], [112.28683, 4.63635], [112.29009, 4.62481], [112.28995, 4.62154], [112.28954, 4.62266]]]}, "properties": {"feature_type": "field", "feature_class": "Gas/Oil Field (offshore, undifferentiated)", "inset": "borneo", "candidate_name": "Jerun", "name_source": "vector text (unverified)", "label_gap_px": 0.0, "area_px": 36.1, "longitude": 112.27212, "latitude": 4.62228}}, {"type": "Feature", "geometry": {"type": "Polygon", "coordinates": [[[113.05649, 4.811], [113.04986, 4.80669], [113.04035, 4.80306], [113.03419, 4.80264], [113.03159, 4.80356], [113.03069, 4.8049], [113.03118, 4.80805], [113.03676, 4.81226], [113.03924, 4.82049], [113.04361, 4.82305], [113.05063, 4.82309], [113.05489, 4.82102], [113.05655, 4.81698], [113.05649, 4.811]]]}, "properties": {"feature_type": "field", "feature_class": "Gas/Oil Field (offshore, undifferentiated)", "inset": "borneo", "candidate_name": "F2 Attic", "name_source": "vector text (unverified)", "label_gap_px": 5.5, "area_px": 12.3, "longitude": 113.04466, "latitude": 4.8128}}, {"type": "Feature", "geometry": {"type": "Polygon", "coordinates": [[[111.87397, 2.72005], [111.87138, 2.71202], [111.86765, 2.70532], [111.86353, 2.7014], [111.86014, 2.70106], [111.84963, 2.70746], [111.84181, 2.71065], [111.83615, 2.72431], [111.83549, 2.73014], [111.83801, 2.73412], [111.84496, 2.73852], [111.85552, 2.74321], [111.86122, 2.74334], [111.86796, 2.73958], [111.87532, 2.73051], [111.87747, 2.72259], [111.87704, 2.7201], [111.8753, 2.72075], [111.87397, 2.72005]]]}, "properties": {"feature_type": "field", "feature_class": "Gas/Oil Field (offshore, undifferentiated)", "inset": "borneo", "candidate_name": "Oya", "name_source": "vector text (unverified)", "label_gap_px": 0.0, "area_px": 44.7, "longitude": 111.85657, "latitude": 2.72341}}, {"type": "Feature", "geometry": {"type": "LineString", "coordinates": [[113.57724, 4.29841], [113.62321, 4.06256], [113.64537, 3.9858], [113.6567, 3.94024], [113.67104, 3.87633], [113.68874, 3.79016], [113.71015, 3.67784], [113.73562, 3.53546], [113.7655, 3.35912]]}, "properties": {"feature_type": "pipeline", "feature_class": "Sabah\u2013Sarawak Gas Pipeline (SSGP)", "inset": "borneo", "candidate_name": "Sabah\u2013Sarawak Gas Pipeline (SSGP)", "name_source": "vector text (unverified)", "label_gap_px": 0.0, "area_px": 173.4, "longitude": 113.67562, "latitude": 3.82964}}, {"type": "Feature", "geometry": {"type": "LineString", "coordinates": [[113.01667, 4.64129], [113.0178, 4.6453], [113.02486, 4.65342], [113.04201, 4.66487], [113.0734, 4.68169], [113.09137, 4.68534], [113.10367, 4.68569], [113.13391, 4.68445], [113.166, 4.68077], [113.20111, 4.67267], [113.23855, 4.66221], [113.24959, 4.65775], [113.25672, 4.65316], [113.27232, 4.63874], [113.58263, 4.33134]]}, "properties": {"feature_type": "pipeline", "feature_class": "Sabah\u2013Sarawak Gas Pipeline (SSGP)", "inset": "borneo", "candidate_name": "Sabah\u2013Sarawak Gas Pipeline (SSGP)", "name_source": "vector text (unverified)", "label_gap_px": 0.0, "area_px": 141.2, "longitude": 113.31593, "latitude": 4.55778}}, {"type": "Feature", "geometry": {"type": "LineString", "coordinates": [[103.42907, 4.51942], [103.45884, 4.61022]]}, "properties": {"feature_type": "pipeline", "feature_class": "Offshore/onshore gas pipeline segment (unnamed)", "inset": "peninsular", "candidate_name": "Kerteh 2 CG", "name_source": "vector text (unverified)", "label_gap_px": 23.1, "area_px": 15.9, "longitude": 103.44395, "latitude": 4.56482}}, {"type": "Feature", "geometry": {"type": "LineString", "coordinates": [[103.39055, 6.52582], [103.56324, 4.61992]]}, "properties": {"feature_type": "pipeline", "feature_class": "Thai\u2013Malaysia Gas Pipeline", "inset": "peninsular", "candidate_name": "Thai\u2013Malaysia Gas Pipeline", "name_source": "vector text (unverified)", "label_gap_px": 0.0, "area_px": 277.0, "longitude": 103.47689, "latitude": 5.57287}}, {"type": "Feature", "geometry": {"type": "LineString", "coordinates": [[103.78109, 6.54945], [103.61809, 4.94215], [103.60236, 4.8373], [103.57675, 4.62609], [103.51245, 4.5968]]}, "properties": {"feature_type": "pipeline", "feature_class": "Thai\u2013Malaysia Gas Pipeline", "inset": "peninsular", "candidate_name": "Thai\u2013Malaysia Gas Pipeline", "name_source": "vector text (unverified)", "label_gap_px": 0.0, "area_px": 292.5, "longitude": 103.67773, "latitude": 5.55294}}, {"type": "Feature", "geometry": {"type": "LineString", "coordinates": [[104.13009, 6.18935], [103.94879, 5.57955], [103.58908, 4.61313], [104.69571, 5.22453]]}, "properties": {"feature_type": "pipeline", "feature_class": "Offshore/onshore gas pipeline segment (unnamed)", "inset": "peninsular", "candidate_name": "Bedong", "name_source": "vector text (unverified)", "label_gap_px": 0.0, "area_px": 355.7, "longitude": 103.98869, "latitude": 5.19081}}, {"type": "Feature", "geometry": {"type": "LineString", "coordinates": [[103.51741, 4.59131], [104.84312, 4.85116], [105.24588, 4.99088]]}, "properties": {"feature_type": "pipeline", "feature_class": "Offshore/onshore gas pipeline segment (unnamed)", "inset": "peninsular", "candidate_name": "Duyong Barat", "name_source": "vector text (unverified)", "label_gap_px": 0.0, "area_px": 282.3, "longitude": 104.38757, "latitude": 4.76916}}, {"type": "Feature", "geometry": {"type": "LineString", "coordinates": [[105.06194, 5.67853], [104.82236, 6.34649], [104.63218, 6.43579]]}, "properties": {"feature_type": "pipeline", "feature_class": "Offshore/onshore gas pipeline segment (unnamed)", "inset": "peninsular", "candidate_name": "Serok", "name_source": "vector text (unverified)", "label_gap_px": 0.0, "area_px": 158.7, "longitude": 104.89306, "latitude": 6.099}}, {"type": "Feature", "geometry": {"type": "LineString", "coordinates": [[103.93402, 5.60538], [104.10541, 6.30494], [104.11147, 6.31628], [104.25865, 6.95092], [104.25868, 6.95695]]}, "properties": {"feature_type": "pipeline", "feature_class": "Thai\u2013Malaysia Gas Pipeline", "inset": "peninsular", "candidate_name": "Thai\u2013Malaysia Gas Pipeline", "name_source": "vector text (unverified)", "label_gap_px": 0.0, "area_px": 220.9, "longitude": 104.09903, "latitude": 6.28062}}, {"type": "Feature", "geometry": {"type": "LineString", "coordinates": [[103.40309, 4.51671], [103.47496, 4.62636]]}, "properties": {"feature_type": "pipeline", "feature_class": "Offshore/onshore gas pipeline segment (unnamed)", "inset": "peninsular", "candidate_name": "Kerteh 2 CG", "name_source": "vector text (unverified)", "label_gap_px": 19.8, "area_px": 24.0, "longitude": 103.43903, "latitude": 4.57153}}, {"type": "Feature", "geometry": {"type": "LineString", "coordinates": [[103.25882, 7.05164], [103.3906, 6.53307]]}, "properties": {"feature_type": "pipeline", "feature_class": "Thai\u2013Malaysia Gas Pipeline", "inset": "peninsular", "candidate_name": "Thai\u2013Malaysia Gas Pipeline", "name_source": "vector text (unverified)", "label_gap_px": 0.0, "area_px": 86.8, "longitude": 103.32471, "latitude": 6.79236}}, {"type": "Feature", "geometry": {"type": "LineString", "coordinates": [[103.39055, 6.52582], [103.77592, 6.55321]]}, "properties": {"feature_type": "pipeline", "feature_class": "Thai\u2013Malaysia Gas Pipeline", "inset": "peninsular", "candidate_name": "Thai\u2013Malaysia Gas Pipeline", "name_source": "vector text (unverified)", "label_gap_px": 0.0, "area_px": 54.8, "longitude": 103.58324, "latitude": 6.53951}}, {"type": "Feature", "geometry": {"type": "LineString", "coordinates": [[105.69518, 5.51284], [105.71479, 5.66405]]}, "properties": {"feature_type": "pipeline", "feature_class": "Offshore/onshore gas pipeline segment (unnamed)", "inset": "peninsular", "candidate_name": "Permatang", "name_source": "vector text (unverified)", "label_gap_px": 10.4, "area_px": 22.5, "longitude": 105.70498, "latitude": 5.58845}}, {"type": "Feature", "geometry": {"type": "LineString", "coordinates": [[105.0333, 5.51727], [105.18988, 5.46453]]}, "properties": {"feature_type": "pipeline", "feature_class": "Offshore/onshore gas pipeline segment (unnamed)", "inset": "peninsular", "candidate_name": "Tiong Pendera", "name_source": "vector text (unverified)", "label_gap_px": 0.0, "area_px": 28.1, "longitude": 105.11159, "latitude": 5.4909}}, {"type": "Feature", "geometry": {"type": "LineString", "coordinates": [[105.24001, 5.47297], [105.05309, 5.69265]]}, "properties": {"feature_type": "pipeline", "feature_class": "Offshore/onshore gas pipeline segment (unnamed)", "inset": "peninsular", "candidate_name": "Tiong Pendera", "name_source": "vector text (unverified)", "label_gap_px": 0.0, "area_px": 54.4, "longitude": 105.14655, "latitude": 5.58281}}, {"type": "Feature", "geometry": {"type": "LineString", "coordinates": [[104.76014, 5.74794], [104.7644, 5.69162]]}, "properties": {"feature_type": "pipeline", "feature_class": "Offshore/onshore gas pipeline segment (unnamed)", "inset": "peninsular", "candidate_name": "Telok", "name_source": "vector text (unverified)", "label_gap_px": 0.0, "area_px": 8.1, "longitude": 104.76227, "latitude": 5.71978}}, {"type": "Feature", "geometry": {"type": "LineString", "coordinates": [[103.25928, 7.15098], [103.24156, 7.11474]]}, "properties": {"feature_type": "pipeline", "feature_class": "Thai\u2013Malaysia Gas Pipeline", "inset": "peninsular", "candidate_name": "Thai\u2013Malaysia Gas Pipeline", "name_source": "vector text (unverified)", "label_gap_px": 0.3, "area_px": 7.1, "longitude": 103.25042, "latitude": 7.13286}}, {"type": "Feature", "geometry": {"type": "LineString", "coordinates": [[103.27692, 7.18625], [103.25334, 7.15558]]}, "properties": {"feature_type": "pipeline", "feature_class": "Thai\u2013Malaysia Gas Pipeline", "inset": "peninsular", "candidate_name": "Thai\u2013Malaysia Gas Pipeline", "name_source": "vector text (unverified)", "label_gap_px": 0.0, "area_px": 7.2, "longitude": 103.26513, "latitude": 7.17092}}, {"type": "Feature", "geometry": {"type": "LineString", "coordinates": [[100.29056, 6.33807], [101.01322, 7.20062], [101.43236, 7.18839], [101.55405, 7.18656], [101.58706, 7.18707], [101.61391, 7.18964], [101.69425, 7.20164], [101.79016, 7.21845], [101.94098, 7.2471], [102.26002, 7.29647], [102.71134, 7.28221], [103.09439, 7.21957]]}, "properties": {"feature_type": "pipeline", "feature_class": "Thai\u2013Malaysia Gas Pipeline", "inset": "peninsular", "candidate_name": "Thai\u2013Malaysia Gas Pipeline", "name_source": "vector text (unverified)", "label_gap_px": 0.0, "area_px": 499.5, "longitude": 101.56498, "latitude": 7.07573}}, {"type": "Feature", "geometry": {"type": "LineString", "coordinates": [[105.05822, 6.40295], [105.077, 6.29522], [105.07998, 6.25823], [105.08369, 6.24034], [105.08277, 6.09003]]}, "properties": {"feature_type": "pipeline", "feature_class": "Offshore/onshore gas pipeline segment (unnamed)", "inset": "peninsular", "candidate_name": "Abu", "name_source": "vector text (unverified)", "label_gap_px": 24.2, "area_px": 45.0, "longitude": 105.07717, "latitude": 6.24703}}, {"type": "Feature", "geometry": {"type": "LineString", "coordinates": [[104.73988, 5.18895], [104.94489, 5.35235]]}, "properties": {"feature_type": "pipeline", "feature_class": "Offshore/onshore gas pipeline segment (unnamed)", "inset": "peninsular", "candidate_name": "Berantai", "name_source": "vector text (unverified)", "label_gap_px": 0.0, "area_px": 48.7, "longitude": 104.84239, "latitude": 5.27065}}, {"type": "Feature", "geometry": {"type": "LineString", "coordinates": [[104.7317, 5.19055], [105.01893, 5.56693]]}, "properties": {"feature_type": "pipeline", "feature_class": "Offshore/onshore gas pipeline segment (unnamed)", "inset": "peninsular", "candidate_name": "Berantai", "name_source": "vector text (unverified)", "label_gap_px": 0.0, "area_px": 87.7, "longitude": 104.87532, "latitude": 5.37874}}, {"type": "Feature", "geometry": {"type": "LineString", "coordinates": [[104.73984, 5.18254], [105.19644, 5.41946], [105.37607, 5.43173], [105.39107, 5.66142], [105.47158, 5.80037], [105.58058, 5.79673]]}, "properties": {"feature_type": "pipeline", "feature_class": "Offshore/onshore gas pipeline segment (unnamed)", "inset": "peninsular", "candidate_name": "Peta Kiri", "name_source": "vector text (unverified)", "label_gap_px": 0.0, "area_px": 193.1, "longitude": 105.2094, "latitude": 5.47036}}, {"type": "Feature", "geometry": {"type": "LineString", "coordinates": [[116.25801, 6.26172], [116.27957, 6.26192], [116.28487, 6.25964], [116.29498, 6.25015], [116.3132, 6.22893], [116.32686, 6.21471], [116.34128, 6.20411], [116.35365, 6.19901], [116.40158, 6.18325], [116.57045, 6.13388], [116.64203, 6.08202]]}, "properties": {"feature_type": "pipeline", "feature_class": "Sabah\u2013Sarawak Gas Pipeline (SSGP)", "inset": "borneo", "candidate_name": "Sabah\u2013Sarawak Gas Pipeline (SSGP)", "name_source": "vector text (unverified)", "label_gap_px": null, "area_px": 86.6, "longitude": 116.44841, "latitude": 6.17309}}, {"type": "Feature", "geometry": {"type": "LineString", "coordinates": [[103.01914, 7.65118], [103.17928, 7.54513], [103.18723, 7.53649], [103.19079, 7.52939], [103.19316, 7.51994], [103.1953, 7.44915], [103.19864, 7.39608], [103.2017, 7.37077], [103.20601, 7.34844], [103.2118, 7.33071], [103.21931, 7.31917], [103.23707, 7.30035], [103.25498, 7.27828], [103.28609, 7.23528], [103.35844, 7.07705]]}, "properties": {"feature_type": "pipeline", "feature_class": "Thai\u2013Malaysia Gas Pipeline", "inset": "peninsular", "candidate_name": "Thai\u2013Malaysia Gas Pipeline", "name_source": "vector text (unverified)", "label_gap_px": 0.0, "area_px": 122.1, "longitude": 103.21023, "latitude": 7.3861}}, {"type": "Feature", "geometry": {"type": "LineString", "coordinates": [[104.12938, 6.21277], [104.1145, 6.33617]]}, "properties": {"feature_type": "pipeline", "feature_class": "Offshore/onshore gas pipeline segment (unnamed)", "inset": "peninsular", "candidate_name": "Melor", "name_source": "vector text (unverified)", "label_gap_px": 3.3, "area_px": 18.4, "longitude": 104.12194, "latitude": 6.27447}}, {"type": "Feature", "geometry": {"type": "LineString", "coordinates": [[103.83948, 7.21245], [104.10022, 6.98858]]}, "properties": {"feature_type": "pipeline", "feature_class": "Thai\u2013Malaysia Gas Pipeline", "inset": "peninsular", "candidate_name": "Thai\u2013Malaysia Gas Pipeline", "name_source": "vector text (unverified)", "label_gap_px": 0.0, "area_px": 64.9, "longitude": 103.96985, "latitude": 7.10051}}, {"type": "Feature", "geometry": {"type": "LineString", "coordinates": [[103.83956, 7.22457], [104.04167, 7.101]]}, "properties": {"feature_type": "pipeline", "feature_class": "Thai\u2013Malaysia Gas Pipeline", "inset": "peninsular", "candidate_name": "Thai\u2013Malaysia Gas Pipeline", "name_source": "vector text (unverified)", "label_gap_px": 0.0, "area_px": 43.7, "longitude": 103.94062, "latitude": 7.16278}}, {"type": "Feature", "geometry": {"type": "LineString", "coordinates": [[104.10801, 6.99579], [104.04584, 7.08632]]}, "properties": {"feature_type": "pipeline", "feature_class": "Thai\u2013Malaysia Gas Pipeline", "inset": "peninsular", "candidate_name": "Thai\u2013Malaysia Gas Pipeline", "name_source": "vector text (unverified)", "label_gap_px": 0.0, "area_px": 20.4, "longitude": 104.07692, "latitude": 7.04106}}, {"type": "Feature", "geometry": {"type": "LineString", "coordinates": [[104.9176, 4.86176], [104.90573, 4.76587], [104.88895, 4.64653]]}, "properties": {"feature_type": "pipeline", "feature_class": "Offshore/onshore gas pipeline segment (unnamed)", "inset": "peninsular", "candidate_name": "Anding", "name_source": "vector text (unverified)", "label_gap_px": 2.7, "area_px": 32.1, "longitude": 104.90371, "latitude": 4.75409}}, {"type": "Feature", "geometry": {"type": "LineString", "coordinates": [[104.57152, 6.55856], [104.63218, 6.43579]]}, "properties": {"feature_type": "pipeline", "feature_class": "Offshore/onshore gas pipeline segment (unnamed)", "inset": "peninsular", "candidate_name": "East Piatu", "name_source": "vector text (unverified)", "label_gap_px": 1.7, "area_px": 24.5, "longitude": 104.60185, "latitude": 6.49718}}, {"type": "Feature", "geometry": {"type": "LineString", "coordinates": [[115.08031, 5.82495], [115.10002, 5.84363], [115.15877, 5.78359], [115.20865, 5.73022], [115.25126, 5.68055], [115.26492, 5.66162], [115.27087, 5.64903], [115.27899, 5.62126], [115.29593, 5.57365], [115.32893, 5.48836], [115.35876, 5.41839], [115.3665, 5.40311], [115.37032, 5.39781], [115.40764, 5.40094], [115.42142, 5.38811], [115.4553, 5.36281], [115.47657, 5.34833], [115.49291, 5.34003], [115.52366, 5.33448], [115.55374, 5.32658], [115.57503, 5.32463], [115.60393, 5.32487], [115.62139, 5.32262], [115.62964, 5.31961], [115.64637, 5.30912], [115.66799, 5.29849], [115.69113, 5.28948], [115.72513, 5.27862]]}, "properties": {"feature_type": "pipeline", "feature_class": "Sabah\u2013Sarawak Gas Pipeline (SSGP)", "inset": "borneo", "candidate_name": "Sabah\u2013Sarawak Gas Pipeline (SSGP)", "name_source": "vector text (unverified)", "label_gap_px": 0.0, "area_px": 185.6, "longitude": 115.36855, "latitude": 5.51812}}, {"type": "Feature", "geometry": {"type": "LineString", "coordinates": [[115.4351, 5.41053], [115.5708, 5.47835], [115.6459, 5.51807], [115.65644, 5.52476], [115.67964, 5.5462], [115.69032, 5.55255], [115.70434, 5.55602], [115.75939, 5.55663], [115.77464, 5.55864], [115.78091, 5.56034], [115.78993, 5.56547], [115.83168, 5.60719], [115.83698, 5.60993], [115.86234, 5.61576], [115.92244, 5.62391], [115.98525, 5.62895], [116.06272, 5.62969], [116.12856, 5.6276], [116.19256, 5.62165], [116.22657, 5.61565], [116.3363, 5.5817]]}, "properties": {"feature_type": "pipeline", "feature_class": "Sabah\u2013Sarawak Gas Pipeline (SSGP)", "inset": "borneo", "candidate_name": "Sabah\u2013Sarawak Gas Pipeline (SSGP)", "name_source": "vector text (unverified)", "label_gap_px": 0.0, "area_px": 165.8, "longitude": 115.87453, "latitude": 5.56733}}, {"type": "Feature", "geometry": {"type": "LineString", "coordinates": [[115.35876, 5.41839], [115.38746, 5.45771], [115.43531, 5.52023], [115.46317, 5.55462], [115.47259, 5.5651], [115.47753, 5.56907], [115.50969, 5.57152], [115.52697, 5.57049], [115.53086, 5.56929], [115.53682, 5.56575], [115.5437, 5.55943], [115.54847, 5.55322]]}, "properties": {"feature_type": "pipeline", "feature_class": "Sabah\u2013Sarawak Gas Pipeline (SSGP)", "inset": "borneo", "candidate_name": "Sabah\u2013Sarawak Gas Pipeline (SSGP)", "name_source": "vector text (unverified)", "label_gap_px": 16.7, "area_px": 48.9, "longitude": 115.44511, "latitude": 5.51599}}, {"type": "Feature", "geometry": {"type": "LineString", "coordinates": [[115.68904, 5.31591], [115.72353, 5.39493], [115.73858, 5.42569], [115.87779, 5.64004], [116.05978, 5.90259], [116.19389, 6.08777], [116.20741, 6.12889], [116.26083, 6.23523]]}, "properties": {"feature_type": "pipeline", "feature_class": "Sabah\u2013Sarawak Gas Pipeline (SSGP)", "inset": "borneo", "candidate_name": "Sabah\u2013Sarawak Gas Pipeline (SSGP)", "name_source": "vector text (unverified)", "label_gap_px": 0.0, "area_px": 203.3, "longitude": 115.97424, "latitude": 5.77637}}, {"type": "Feature", "geometry": {"type": "LineString", "coordinates": [[116.20741, 6.12889], [116.24352, 6.00001], [116.24668, 5.97821], [116.24818, 5.94422], [116.24745, 5.85329], [116.24383, 5.75454], [116.23793, 5.64276], [116.3368, 5.57896]]}, "properties": {"feature_type": "pipeline", "feature_class": "Sabah\u2013Sarawak Gas Pipeline (SSGP)", "inset": "borneo", "candidate_name": "Sabah\u2013Sarawak Gas Pipeline (SSGP)", "name_source": "vector text (unverified)", "label_gap_px": 0.0, "area_px": 104.5, "longitude": 116.2488, "latitude": 5.83416}}, {"type": "Feature", "geometry": {"type": "LineString", "coordinates": [[116.20402, 6.12888], [116.1062, 6.23848], [116.0804, 6.26038], [116.00852, 6.31786]]}, "properties": {"feature_type": "pipeline", "feature_class": "Sabah\u2013Sarawak Gas Pipeline (SSGP)", "inset": "borneo", "candidate_name": "Sabah\u2013Sarawak Gas Pipeline (SSGP)", "name_source": "vector text (unverified)", "label_gap_px": 35.4, "area_px": 59.1, "longitude": 116.11011, "latitude": 6.22741}}, {"type": "Feature", "geometry": {"type": "LineString", "coordinates": [[116.70761, 6.60197], [116.68755, 6.58567], [116.6755, 6.57175], [116.66148, 6.54361], [116.62868, 6.48657], [116.5457, 6.47132], [116.50272, 6.4608], [116.48058, 6.45188], [116.44753, 6.43346], [116.41987, 6.41498], [116.39929, 6.39912], [116.34793, 6.35022], [116.258, 6.26172]]}, "properties": {"feature_type": "pipeline", "feature_class": "Sabah\u2013Sarawak Gas Pipeline (SSGP)", "inset": "borneo", "candidate_name": "Sabah\u2013Sarawak Gas Pipeline (SSGP)", "name_source": "vector text (unverified)", "label_gap_px": 40.9, "area_px": 111.5, "longitude": 116.48603, "latitude": 6.4352}}, {"type": "Feature", "geometry": {"type": "LineString", "coordinates": [[112.95024, 5.36092], [113.13048, 5.11663], [113.15249, 5.09183], [113.26259, 4.97332], [113.29591, 4.93506], [113.30403, 4.92395], [113.33626, 4.87078], [113.38781, 4.78357], [113.41946, 4.72588], [113.43145, 4.70152], [113.58124, 4.31587]]}, "properties": {"feature_type": "pipeline", "feature_class": "Sabah\u2013Sarawak Gas Pipeline (SSGP)", "inset": "borneo", "candidate_name": "Sabah\u2013Sarawak Gas Pipeline (SSGP)", "name_source": "vector text (unverified)", "label_gap_px": 0.0, "area_px": 257.6, "longitude": 113.30247, "latitude": 4.85959}}, {"type": "Feature", "geometry": {"type": "LineString", "coordinates": [[115.45146, 6.36841], [115.77827, 6.35816]]}, "properties": {"feature_type": "pipeline", "feature_class": "Sabah\u2013Sarawak Gas Pipeline (SSGP)", "inset": "borneo", "candidate_name": "Sabah\u2013Sarawak Gas Pipeline (SSGP)", "name_source": "vector text (unverified)", "label_gap_px": 0.5, "area_px": 51.7, "longitude": 115.61487, "latitude": 6.36328}}, {"type": "Feature", "geometry": {"type": "LineString", "coordinates": [[112.84409, 4.20925], [112.89441, 3.95111], [112.91866, 3.8671], [112.93106, 3.81723], [112.94675, 3.74727], [112.96613, 3.65296], [112.98956, 3.53002], [113.01744, 3.37418], [113.05014, 3.18117]]}, "properties": {"feature_type": "pipeline", "feature_class": "Sabah\u2013Sarawak Gas Pipeline (SSGP)", "inset": "borneo", "candidate_name": "Sabah\u2013Sarawak Gas Pipeline (SSGP)", "name_source": "vector text (unverified)", "label_gap_px": 0.0, "area_px": 189.8, "longitude": 112.95177, "latitude": 3.69617}}, {"type": "Feature", "geometry": {"type": "LineString", "coordinates": [[112.23053, 4.58455], [112.23177, 4.58894], [112.23949, 4.59782], [112.25826, 4.61036], [112.2863, 4.6261], [112.29262, 4.62877], [112.29907, 4.6307], [112.31229, 4.63277], [112.32575, 4.63315], [112.35563, 4.63198], [112.39398, 4.62776], [112.4324, 4.61889], [112.47338, 4.60745], [112.48547, 4.60256], [112.49328, 4.59754], [112.51034, 4.58176], [112.84999, 4.2453]]}, "properties": {"feature_type": "pipeline", "feature_class": "Sabah\u2013Sarawak Gas Pipeline (SSGP)", "inset": "borneo", "candidate_name": "Sabah\u2013Sarawak Gas Pipeline (SSGP)", "name_source": "vector text (unverified)", "label_gap_px": 0.0, "area_px": 154.5, "longitude": 112.55805, "latitude": 4.49318}}, {"type": "Feature", "geometry": {"type": "LineString", "coordinates": [[98.32273, 6.44882], [99.1137, 7.3929], [99.57247, 7.37952], [99.70566, 7.37752], [99.74179, 7.37807], [99.77118, 7.38088], [99.85911, 7.39402], [99.96409, 7.41242], [100.12917, 7.44378], [100.47836, 7.49782], [100.97235, 7.4822], [101.39162, 7.41364]]}, "properties": {"feature_type": "pipeline", "feature_class": "Thai\u2013Malaysia Gas Pipeline", "inset": "peninsular", "candidate_name": "Thai\u2013Malaysia Gas Pipeline", "name_source": "vector text (unverified)", "label_gap_px": 1.5, "area_px": 546.7, "longitude": 99.71763, "latitude": 7.25621}}, {"type": "Feature", "geometry": {"type": "LineString", "coordinates": [[112.12195, 5.10024], [112.15195, 5.36029]]}, "properties": {"feature_type": "pipeline", "feature_class": "Sabah\u2013Sarawak Gas Pipeline (SSGP)", "inset": "borneo", "candidate_name": "Sabah\u2013Sarawak Gas Pipeline (SSGP)", "name_source": "vector text (unverified)", "label_gap_px": 1.9, "area_px": 37.5, "longitude": 112.13695, "latitude": 5.23027}}, {"type": "Feature", "geometry": {"type": "LineString", "coordinates": [[112.12821, 5.09582], [112.4777, 4.59914]]}, "properties": {"feature_type": "pipeline", "feature_class": "Sabah\u2013Sarawak Gas Pipeline (SSGP)", "inset": "borneo", "candidate_name": "Sabah\u2013Sarawak Gas Pipeline (SSGP)", "name_source": "vector text (unverified)", "label_gap_px": 0.0, "area_px": 130.1, "longitude": 112.30295, "latitude": 4.84748}}, {"type": "Feature", "geometry": {"type": "LineString", "coordinates": [[112.47271, 4.11876], [112.76581, 4.19445]]}, "properties": {"feature_type": "pipeline", "feature_class": "Sabah\u2013Sarawak Gas Pipeline (SSGP)", "inset": "borneo", "candidate_name": "Sabah\u2013Sarawak Gas Pipeline (SSGP)", "name_source": "vector text (unverified)", "label_gap_px": 0.0, "area_px": 54.2, "longitude": 112.61926, "latitude": 4.1566}}, {"type": "Feature", "geometry": {"type": "LineString", "coordinates": [[113.03937, 3.17466], [112.69249, 3.20553], [112.46442, 3.36366], [112.42893, 3.35624]]}, "properties": {"feature_type": "pipeline", "feature_class": "Sabah\u2013Sarawak Gas Pipeline (SSGP)", "inset": "borneo", "candidate_name": "Sabah\u2013Sarawak Gas Pipeline (SSGP)", "name_source": "vector text (unverified)", "label_gap_px": 0.0, "area_px": 122.6, "longitude": 112.72246, "latitude": 3.23901}}, {"type": "Feature", "geometry": {"type": "LineString", "coordinates": [[112.43174, 3.36918], [112.14856, 3.71974]]}, "properties": {"feature_type": "pipeline", "feature_class": "Sabah\u2013Sarawak Gas Pipeline (SSGP)", "inset": "borneo", "candidate_name": "Sabah\u2013Sarawak Gas Pipeline (SSGP)", "name_source": "vector text (unverified)", "label_gap_px": 0.0, "area_px": 97.4, "longitude": 112.29015, "latitude": 3.54446}}, {"type": "Feature", "geometry": {"type": "LineString", "coordinates": [[112.45299, 3.48587], [112.47043, 3.36619]]}, "properties": {"feature_type": "pipeline", "feature_class": "Sabah\u2013Sarawak Gas Pipeline (SSGP)", "inset": "borneo", "candidate_name": "Sabah\u2013Sarawak Gas Pipeline (SSGP)", "name_source": "vector text (unverified)", "label_gap_px": 0.0, "area_px": 21.1, "longitude": 112.46171, "latitude": 3.42603}}, {"type": "Feature", "geometry": {"type": "LineString", "coordinates": [[115.77827, 6.35816], [115.80187, 6.35839], [115.80768, 6.35589], [115.81874, 6.3455], [115.83869, 6.32227], [115.85363, 6.30671], [115.86144, 6.3002], [115.86942, 6.29511], [115.88295, 6.28953], [115.93541, 6.27228], [116.12025, 6.21824], [116.19859, 6.16147]]}, "properties": {"feature_type": "pipeline", "feature_class": "Sabah\u2013Sarawak Gas Pipeline (SSGP)", "inset": "borneo", "candidate_name": "Sabah\u2013Sarawak Gas Pipeline (SSGP)", "name_source": "vector text (unverified)", "label_gap_px": 2.2, "area_px": 94.8, "longitude": 115.98665, "latitude": 6.26115}}, {"type": "Feature", "geometry": {"type": "LineString", "coordinates": [[101.30925, 7.88605], [101.48454, 7.76998], [101.49323, 7.76053], [101.49713, 7.75275], [101.49972, 7.74241], [101.50206, 7.66493], [101.50572, 7.60684], [101.50907, 7.57914], [101.51379, 7.5547], [101.52012, 7.53529], [101.52834, 7.52267], [101.54778, 7.50207], [101.56739, 7.47791], [101.60144, 7.43083], [101.68062, 7.25765]]}, "properties": {"feature_type": "pipeline", "feature_class": "Thai\u2013Malaysia Gas Pipeline", "inset": "peninsular", "candidate_name": "Thai\u2013Malaysia Gas Pipeline", "name_source": "vector text (unverified)", "label_gap_px": null, "area_px": 133.7, "longitude": 101.5184, "latitude": 7.59592}}, {"type": "Feature", "geometry": {"type": "LineString", "coordinates": [[114.48924, 5.8801], [114.51081, 5.90055], [114.57512, 5.83484], [114.62972, 5.77642], [114.67635, 5.72205], [114.69131, 5.70133], [114.69782, 5.68755], [114.70671, 5.65715], [114.72525, 5.60504], [114.76137, 5.51169], [114.79402, 5.43511], [114.80249, 5.41839], [114.80667, 5.41259], [114.84751, 5.416], [114.8626, 5.40197], [114.89968, 5.37428], [114.92297, 5.35843], [114.94085, 5.34935], [114.9488, 5.34726], [114.9745, 5.34327], [115.00744, 5.33462], [115.03074, 5.33249], [115.06237, 5.33275], [115.08148, 5.33028], [115.09051, 5.32699], [115.10882, 5.31551], [115.13248, 5.30388], [115.1578, 5.29402], [115.19502, 5.28213]]}, "properties": {"feature_type": "pipeline", "feature_class": "Sabah\u2013Sarawak Gas Pipeline (SSGP)", "inset": "borneo", "candidate_name": "Sabah\u2013Sarawak Gas Pipeline (SSGP)", "name_source": "vector text (unverified)", "label_gap_px": 0.0, "area_px": 203.1, "longitude": 114.80473, "latitude": 5.54426}}, {"type": "Feature", "geometry": {"type": "LineString", "coordinates": [[114.87758, 5.42651], [115.02611, 5.50073], [115.1083, 5.54421], [115.11984, 5.55153], [115.14523, 5.575], [115.15693, 5.58195], [115.17226, 5.58575], [115.23253, 5.58642], [115.24921, 5.58862], [115.25607, 5.59048], [115.26171, 5.59294], [115.26595, 5.59609], [115.31165, 5.64176], [115.31745, 5.64475], [115.3452, 5.65113], [115.41099, 5.66006], [115.47973, 5.66558], [115.56453, 5.66638], [115.63659, 5.6641], [115.70664, 5.65758], [115.74386, 5.65102], [115.86397, 5.61386]]}, "properties": {"feature_type": "pipeline", "feature_class": "Sabah\u2013Sarawak Gas Pipeline (SSGP)", "inset": "borneo", "candidate_name": "Sabah\u2013Sarawak Gas Pipeline (SSGP)", "name_source": "vector text (unverified)", "label_gap_px": 0.0, "area_px": 181.4, "longitude": 115.35854, "latitude": 5.59812}}, {"type": "Feature", "geometry": {"type": "LineString", "coordinates": [[115.18125, 5.27916], [115.03052, 5.53571], [115.00016, 5.58534]]}, "properties": {"feature_type": "pipeline", "feature_class": "Sabah\u2013Sarawak Gas Pipeline (SSGP)", "inset": "borneo", "candidate_name": "Sabah\u2013Sarawak Gas Pipeline (SSGP)", "name_source": "vector text (unverified)", "label_gap_px": 0.0, "area_px": 74.9, "longitude": 115.09108, "latitude": 5.43247}}, {"type": "Feature", "geometry": {"type": "LineString", "coordinates": [[114.79402, 5.43511], [114.82544, 5.47815], [114.87781, 5.54657], [114.9083, 5.58422], [114.91861, 5.59568], [114.92402, 5.60003], [114.95921, 5.60272], [114.97813, 5.60159], [114.98239, 5.60028], [114.98891, 5.5964], [114.99644, 5.58948], [115.00166, 5.58268]]}, "properties": {"feature_type": "pipeline", "feature_class": "Sabah\u2013Sarawak Gas Pipeline (SSGP)", "inset": "borneo", "candidate_name": "Sabah\u2013Sarawak Gas Pipeline (SSGP)", "name_source": "vector text (unverified)", "label_gap_px": 0.0, "area_px": 53.5, "longitude": 114.88854, "latitude": 5.54194}}, {"type": "Feature", "geometry": {"type": "LineString", "coordinates": [[115.15552, 5.32294], [115.19327, 5.40944], [115.20974, 5.4431], [115.36211, 5.67771], [115.5613, 5.96508], [115.7081, 6.16777], [115.72289, 6.21277], [115.78136, 6.32917]]}, "properties": {"feature_type": "pipeline", "feature_class": "Sabah\u2013Sarawak Gas Pipeline (SSGP)", "inset": "borneo", "candidate_name": "Sabah\u2013Sarawak Gas Pipeline (SSGP)", "name_source": "vector text (unverified)", "label_gap_px": 0.0, "area_px": 222.5, "longitude": 115.46768, "latitude": 5.82693}}, {"type": "Feature", "geometry": {"type": "LineString", "coordinates": [[115.7229, 6.21277], [115.76242, 6.07171], [115.76588, 6.04786], [115.76752, 6.01065], [115.76672, 5.91113], [115.76276, 5.80303], [115.7563, 5.68069], [115.86452, 5.61086]]}, "properties": {"feature_type": "pipeline", "feature_class": "Sabah\u2013Sarawak Gas Pipeline (SSGP)", "inset": "borneo", "candidate_name": "Sabah\u2013Sarawak Gas Pipeline (SSGP)", "name_source": "vector text (unverified)", "label_gap_px": 0.0, "area_px": 114.4, "longitude": 115.7682, "latitude": 5.89018}}, {"type": "Feature", "geometry": {"type": "LineString", "coordinates": [[115.71918, 6.21276], [115.61212, 6.33272], [115.58388, 6.3567], [115.50521, 6.41961]]}, "properties": {"feature_type": "pipeline", "feature_class": "Sabah\u2013Sarawak Gas Pipeline (SSGP)", "inset": "borneo", "candidate_name": "Sabah\u2013Sarawak Gas Pipeline (SSGP)", "name_source": "vector text (unverified)", "label_gap_px": 0.0, "area_px": 64.7, "longitude": 115.6164, "latitude": 6.32061}}, {"type": "Feature", "geometry": {"type": "LineString", "coordinates": [[116.27038, 6.73058], [116.24843, 6.71273], [116.23523, 6.6975], [116.21988, 6.66669], [116.18399, 6.60427], [116.09316, 6.58758], [116.04612, 6.57606], [116.02189, 6.5663], [115.98571, 6.54614], [115.95543, 6.52591], [115.93291, 6.50855], [115.8767, 6.45502], [115.77827, 6.35816]]}, "properties": {"feature_type": "pipeline", "feature_class": "Sabah\u2013Sarawak Gas Pipeline (SSGP)", "inset": "borneo", "candidate_name": "Sabah\u2013Sarawak Gas Pipeline (SSGP)", "name_source": "vector text (unverified)", "label_gap_px": 0.0, "area_px": 122.0, "longitude": 116.02785, "latitude": 6.54804}}, {"type": "Feature", "geometry": {"type": "LineString", "coordinates": [[112.15781, 5.37221], [112.35509, 5.10482], [112.37918, 5.07768], [112.49969, 4.94797], [112.53616, 4.9061], [112.54505, 4.89393], [112.58033, 4.83573], [112.63675, 4.74028], [112.67139, 4.67713], [112.68451, 4.65048], [112.84847, 4.22837]]}, "properties": {"feature_type": "pipeline", "feature_class": "Sabah\u2013Sarawak Gas Pipeline (SSGP)", "inset": "borneo", "candidate_name": "Sabah\u2013Sarawak Gas Pipeline (SSGP)", "name_source": "vector text (unverified)", "label_gap_px": 0.0, "area_px": 282.0, "longitude": 112.54334, "latitude": 4.82349}}, {"type": "Feature", "geometry": {"type": "LineString", "coordinates": [[112.89499, 4.67483], [112.63748, 4.67071]]}, "properties": {"feature_type": "pipeline", "feature_class": "Sabah\u2013Sarawak Gas Pipeline (SSGP)", "inset": "borneo", "candidate_name": "Sabah\u2013Sarawak Gas Pipeline (SSGP)", "name_source": "vector text (unverified)", "label_gap_px": 4.3, "area_px": 39.7, "longitude": 112.76623, "latitude": 4.67277}}, {"type": "Feature", "geometry": {"type": "LineString", "coordinates": [[112.63635, 4.65816], [112.84731, 4.24516]]}, "properties": {"feature_type": "pipeline", "feature_class": "Sabah\u2013Sarawak Gas Pipeline (SSGP)", "inset": "borneo", "candidate_name": "Sabah\u2013Sarawak Gas Pipeline (SSGP)", "name_source": "vector text (unverified)", "label_gap_px": 0.0, "area_px": 95.9, "longitude": 112.74183, "latitude": 4.45166}}, {"type": "Feature", "geometry": {"type": "LineString", "coordinates": [[112.82612, 4.29502], [113.20308, 4.70756], [113.55233, 4.76401]]}, "properties": {"feature_type": "pipeline", "feature_class": "Sabah\u2013Sarawak Gas Pipeline (SSGP)", "inset": "borneo", "candidate_name": "Sabah\u2013Sarawak Gas Pipeline (SSGP)", "name_source": "vector text (unverified)", "label_gap_px": 0.0, "area_px": 169.9, "longitude": 113.15536, "latitude": 4.59219}}, {"type": "Feature", "geometry": {"type": "LineString", "coordinates": [[112.86104, 4.33029], [113.44151, 4.60157], [113.81033, 4.74205]]}, "properties": {"feature_type": "pipeline", "feature_class": "Sabah\u2013Sarawak Gas Pipeline (SSGP)", "inset": "borneo", "candidate_name": "Sabah\u2013Sarawak Gas Pipeline (SSGP)", "name_source": "vector text (unverified)", "label_gap_px": 0.0, "area_px": 196.6, "longitude": 113.3322, "latitude": 4.54441}}, {"type": "Feature", "geometry": {"type": "LineString", "coordinates": [[113.67368, 4.52516], [113.80993, 4.73554]]}, "properties": {"feature_type": "pipeline", "feature_class": "Sabah\u2013Sarawak Gas Pipeline (SSGP)", "inset": "borneo", "candidate_name": "Sabah\u2013Sarawak Gas Pipeline (SSGP)", "name_source": "vector text (unverified)", "label_gap_px": 0.0, "area_px": 47.3, "longitude": 113.7418, "latitude": 4.63035}}, {"type": "Feature", "geometry": {"type": "LineString", "coordinates": [[112.47026, 4.60355], [112.41628, 4.49517]]}, "properties": {"feature_type": "pipeline", "feature_class": "Sabah\u2013Sarawak Gas Pipeline (SSGP)", "inset": "borneo", "candidate_name": "Sabah\u2013Sarawak Gas Pipeline (SSGP)", "name_source": "vector text (unverified)", "label_gap_px": 0.0, "area_px": 21.9, "longitude": 112.44327, "latitude": 4.54936}}, {"type": "Feature", "geometry": {"type": "LineString", "coordinates": [[112.02099, 4.39169], [112.10722, 4.30096]]}, "properties": {"feature_type": "pipeline", "feature_class": "Sabah\u2013Sarawak Gas Pipeline (SSGP)", "inset": "borneo", "candidate_name": "Sabah\u2013Sarawak Gas Pipeline (SSGP)", "name_source": "vector text (unverified)", "label_gap_px": 0.6, "area_px": 27.2, "longitude": 112.0641, "latitude": 4.34633}}]}