raw,styled,changed,basis,confidence,flags,entity_id,legal_form,aliases,candidate_1,cells,n_pids,pids
Sonatrach,Sonatrach SpA,1,alias,high,,,SpA,Sonatrach,,173,173,P0453 P0460 P0464 P0465 P0466 P0467 P0468 P0469 P0470 P0524 P0525 P0557 P0558 P0559 P0560 P0561 P0562 P0697 P0725 P1290 P1828 P1829 P1831 P1835 P1836 P1837 P2052 P2053 P2054 P2055 P3897 P3898 P3899 P3900 P3901 P3902 P3903 P3904 P3923 P3924 P5440 P5441 P6535 P6536 P6539 P6561 P6564 P6565 P6566 P6567 P6568 P6569 P6570 P6571 P6572 P6573 P6575 P6576 P6578 P6579 P6580 P6581 P6582 P6583 P6588 P6612 P6613 P6614 P6615 P6616 P6617 P6618 P6619 P6620 P6621 P6622 P6623 P6624 P6625 P6626 P6627 P6628 P6629 P6630 P6631 P6632 P6633 P6634 P6647 P6652 P6653 P6654 P6655 P6656 P6657 P6658 P6659 P6660 P6661 P6662 P6663 P6664 P6665 P6666 P6667 P6668 P6669 P6670 P6671 P6672 P7288 P7289 P7290 P7291 P7292 P7293 P7294 P7295 P7296 P7297 P7298 P7299 P7300 P7301 P7302 P7303 P7304 P7305 P7306 P7307 P7308 P7309 P7310 P7311 P7312 P7313 P7314 P7357 P7424 P7481 P7483 P7486 P7492 P7493 P7494 P7495 P7496 P7498 P7501 P7502 P7503 P7504 P7506 P7507 P7508 P7512 P7514 P7518 P7522 P7865 P7866 P7867 P7868 P7869 P7870 P7878 P7879 P7880 P7882 P7883 P7884 P7885 P7890
Enbridge,Enbridge Inc,1,alias,high,,,Inc,Enbridge,,120,120,P0001 P0002 P0004 P0008 P0009 P0010 P0011 P0012 P0013 P0014 P0015 P0016 P0017 P0018 P0020 P0027 P0034 P0035 P0066 P0067 P0068 P0069 P0070 P0072 P0075 P0101 P0108 P0116 P0125 P0133 P0134 P0142 P0144 P0145 P0149 P0150 P0154 P0157 P0164 P0175 P0179 P0192 P0199 P0212 P0217 P0223 P0225 P0235 P0238 P0260 P0261 P0262 P0276 P0277 P0280 P0322 P0383 P1297 P1991 P1997 P1998 P1999 P2000 P2001 P2008 P2094 P2095 P2096 P2100 P2103 P2104 P2112 P2505 P2509 P2532 P2542 P2543 P2554 P2562 P2571 P2583 P2584 P2589 P2590 P2591 P2592 P2618 P2620 P2655 P2671 P2740 P3164 P3168 P3180 P3181 P3182 P3202 P3274 P3667 P3857 P3858 P3871 P3892 P3969 P5106 P5262 P5356 P5395 P5415 P5519 P5627 P5832 P5835 P6487 P7809 P7813 P7837 P7987 P7989 P7990
National Iranian Gas Company,National Iranian Gas Co,1,alias,high,,E100000000555,Co,National Iranian Gas Company,,117,117,P0440 P0441 P0442 P0443 P0444 P0445 P0446 P0447 P0448 P0459 P0574 P2015 P2226 P3847 P3949 P3950 P3951 P3957 P5287 P5328 P5335 P5336 P5337 P5338 P5339 P5340 P5343 P5344 P5345 P5346 P5347 P5348 P5349 P5350 P5351 P5352 P5354 P5357 P5358 P5359 P5360 P5361 P5363 P5364 P5366 P5368 P5369 P5370 P5371 P5372 P5373 P5374 P5375 P5376 P5377 P5378 P5379 P5380 P5381 P5382 P5984 P6006 P6009 P6021 P6022 P6023 P6024 P6025 P6026 P6027 P6028 P6029 P6030 P6043 P6044 P6045 P6046 P6047 P6048 P6049 P6051 P6052 P6053 P6054 P6055 P6056 P6057 P6058 P6059 P6061 P6062 P6063 P6064 P6065 P6066 P6067 P6072 P6074 P6075 P6076 P6077 P6084 P6093 P6094 P6097 P6145 P6146 P6147 P7281 P7282 P7283 P7285 P7286 P7967 P7968 P7970 P8030
Iraq Ministry of Oil,Ministry of Oil (Iraq),1,alias,high,,E100000000571,,Iraq Ministry of Oil,,105,105,P0542 P0544 P0577 P0578 P0579 P1841 P1842 P1845 P1846 P1847 P1848 P1850 P1851 P1852 P1853 P1854 P2231 P2232 P2233 P2234 P3876 P3877 P3878 P3879 P4041 P4054 P4058 P4061 P4062 P4064 P4065 P4066 P4067 P4068 P4401 P5240 P5244 P5245 P5246 P5247 P5257 P5258 P5259 P5260 P5261 P5275 P5281 P5282 P5283 P5284 P5285 P5286 P5290 P5292 P5293 P5294 P5295 P5296 P5297 P5298 P5299 P5300 P5321 P5856 P5857 P6141 P6156 P6161 P6167 P6168 P6169 P6170 P6171 P6172 P6173 P6174 P6175 P6179 P6180 P6195 P6196 P6197 P6198 P6253 P6255 P6256 P6257 P6258 P6827 P6832 P7434 P7435 P7436 P7437 P7445 P7459 P7466 P7467 P7468 P7470 P7471 P7474 P7477 P7898 P7915
Transneft,Transneft PJSC,1,alias,high,,,PJSC,Transneft,,92,92,P0645 P0646 P0649 P0651 P0652 P0654 P0656 P0657 P0659 P0661 P0667 P0675 P2020 P2021 P2022 P2023 P2044 P2045 P2080 P2279 P2280 P2281 P2284 P2294 P2295 P2314 P2316 P2317 P2318 P2319 P2324 P2325 P2328 P2329 P2331 P2333 P2344 P2345 P2347 P2349 P2360 P2361 P2363 P2367 P2368 P2369 P2374 P2382 P2384 P2386 P2389 P2427 P2428 P2434 P2436 P2443 P2444 P2446 P2448 P2460 P3704 P5124 P5127 P5160 P5161 P5162 P5172 P5173 P5174 P5208 P5209 P5211 P5212 P5213 P5216 P5217 P5232 P5233 P5236 P5332 P5333 P6162 P6163 P6164 P6165 P6349 P7189 P7200 P7213 P7241 P7243 P7247
Saudi Aramco,Saudi Arabian Oil Co,1,alias,high,,E100000000888,Co,Saudi Aramco,,78,78,P0545 P0551 P0552 P1896 P1897 P1898 P1899 P1900 P1901 P1902 P1903 P1904 P1905 P1906 P1907 P1908 P1909 P1910 P1911 P1912 P1913 P1914 P1915 P1916 P1917 P1918 P1919 P1920 P1921 P1922 P1923 P1924 P1925 P1954 P1955 P1956 P1957 P1958 P1959 P1960 P1961 P1962 P1963 P1964 P1965 P1966 P1967 P1968 P1969 P1970 P1971 P1972 P1973 P1974 P1975 P1976 P1977 P1978 P1979 P1980 P1981 P1982 P1983 P1984 P1985 P1986 P1987 P1988 P1989 P2017 P3961 P3962 P3966 P5135 P5159 P5195 P5196 P6131
Enagás,Enagás SA,1,alias,high,,,SA,Enagás,,60,60,P0453 P1290 P1314 P1572 P1573 P1574 P1575 P1576 P1577 P1578 P1579 P1580 P1582 P1583 P1584 P1586 P1590 P1591 P1595 P1597 P1709 P2767 P2774 P2776 P2791 P2807 P2815 P2830 P2833 P2898 P2914 P2934 P2987 P3006 P3033 P3059 P3067 P3078 P3093 P3094 P3203 P3378 P4186 P4196 P4197 P4198 P4199 P4200 P4203 P4204 P4205 P4206 P4207 P4208 P4425 P5119 P5523 P5524 P5525 P5526
Sui Northern Gas Pipelines Ltd (SNGPL),Sui Northern Gas Pipelines Ltd,1,exact,high,acronym_dropped,E100001015774,Ltd,SNGPL,,52,52,P3178 P4074 P4075 P4079 P4087 P4088 P4089 P4090 P4091 P4097 P4098 P4099 P4100 P4101 P4102 P4103 P4104 P4105 P4106 P4107 P4108 P4124 P4128 P4129 P4133 P4134 P4135 P4136 P4137 P4138 P4139 P4140 P4141 P4157 P4158 P4159 P4161 P4162 P4163 P4164 P4165 P4170 P4173 P4174 P4175 P4176 P4177 P4178 P4179 P4181 P4182 P5486
Gaz-System,Operator Gazociagow Przesylowych GAZ-SYSTEM SP zoo,1,alias,high,,,SP zoo,Gaz-System,,50,50,P0684 P0695 P1329 P1346 P1347 P1348 P1349 P1350 P1351 P1352 P1353 P1354 P1487 P1699 P1728 P1764 P2265 P2266 P2267 P2270 P2271 P2272 P2273 P2275 P2276 P2721 P2852 P2853 P2854 P2855 P2856 P2857 P2858 P2859 P2879 P2888 P2889 P2892 P3088 P3089 P3243 P3244 P3486 P3941 P4357 P4358 P4359 P4360 P4462 P5987
TC Energy,TC Energy Corp,1,alias,high,,,Corp,TC Energy,,49,49,P0019 P0021 P0022 P0024 P0025 P0137 P0146 P0158 P0167 P0172 P0194 P0202 P0209 P0221 P0231 P0233 P0242 P0257 P0267 P0279 P0325 P0332 P0374 P0387 P0434 P1268 P1271 P1277 P1280 P1288 P2097 P2099 P2550 P2588 P2631 P3159 P3207 P3280 P3921 P5136 P5156 P5157 P5355 P5416 P6574 P7123 P7614 P7616 P7807
Gas Transmission Co Ltd (GTCL),Gas Transmission Co Ltd,1,rules,medium,acronym_dropped|fuzzy_candidates,,Co Ltd,GTCL,Jalalabad Gas Transmission,42,42,P0830 P0831 P0832 P0833 P0834 P0835 P0836 P0837 P0838 P0839 P0842 P0843 P0844 P0845 P0846 P0847 P0850 P0853 P0855 P0859 P0860 P0863 P0864 P0865 P0867 P0870 P0871 P0875 P0879 P0882 P1571 P2078 P2079 P3111 P3112 P3222 P3240 P3241 P3917 P3918 P3919 P3920
Petrobras,Petróleo Brasileiro SA,1,alias,high,,E100000000084,SA,Petrobras,,41,41,P1275 P1278 P1285 P1372 P1373 P1374 P1375 P3128 P3129 P3130 P3131 P3525 P3528 P3529 P3531 P3532 P3533 P3534 P3565 P3566 P5430 P5431 P5432 P5433 P5434 P5435 P5436 P6431 P7942 P7943 P7944 P7945 P7946 P7947 P7948 P7949 P7950 P7951 P7953 P7956 P7957
Qatar Energy,QatarEnergy,1,alias,high,,E100000000846,,Qatar Energy,,40,40,P0492 P0494 P0496 P0497 P0498 P0499 P0500 P0501 P0502 P0503 P0504 P0505 P0506 P0507 P0508 P0509 P0510 P0511 P4008 P4009 P4010 P4026 P4042 P5819 P5820 P5821 P5836 P5837 P5838 P5839 P5840 P5842 P5843 P5844 P5845 P5846 P5847 P5872 P5873 P5874
Energy Transfer,Energy Transfer LP,1,alias,high,,,LP,Energy Transfer,,38,38,P0006 P0042 P0065 P0066 P0072 P0097 P0104 P0139 P0234 P0239 P0256 P0342 P0377 P0392 P0398 P2438 P2452 P2504 P2510 P2519 P2580 P2597 P2604 P2624 P2632 P2633 P2634 P2635 P2681 P2687 P2694 P3293 P3885 P4453 P6547 P7348 P7801 P7833
Kinder Morgan,Kinder Morgan Inc,1,alias,high,,,Inc,Kinder Morgan,,38,38,P0168 P0184 P0189 P0213 P0215 P0222 P0252 P0258 P0259 P0270 P0282 P0287 P0364 P0380 P2496 P2497 P2568 P2577 P2613 P2614 P2615 P2616 P2617 P2639 P3190 P3295 P7273 P7358 P7359 P7360 P7361 P7362 P7779 P7802 P7832 P7841 P7992 P7993
PDVSA,Petróleos de Venezuela SA,1,alias,high,,E100000001332,SA,PDVSA,,37,37,P1226 P1269 P1381 P1927 P1928 P1929 P1930 P1931 P1932 P1933 P1934 P1935 P1936 P1937 P1938 P1939 P1940 P1941 P1942 P1943 P1944 P1945 P1946 P1947 P1948 P1949 P1950 P1951 P1952 P3142 P3143 P3144 P3145 P5443 P5444 P7425 P7426
Shell plc,Shell PLC,1,exact,high,,E100000000746,PLC,,,37,37,P0006 P0074 P0107 P0119 P0138 P0211 P0473 P0474 P0495 P0514 P0515 P0516 P0517 P0614 P0621 P0625 P0626 P0627 P0691 P0694 P0885 P0886 P1256 P1257 P1275 P1278 P1376 P1381 P1600 P1681 P1889 P1890 P1891 P3216 P3291 P5445 P6401
Enterprise Products Partners,Enterprise Products Partners LP,1,alias,high,,,LP,Enterprise Products Partners,,36,36,P0039 P0055 P0064 P0119 P0131 P0142 P0143 P0204 P0264 P0298 P0343 P2528 P2557 P2595 P2596 P2612 P2672 P2676 P2689 P3164 P3210 P3211 P3212 P3283 P3594 P3680 P3857 P3858 P4277 P5401 P5709 P6488 P6504 P6521 P7351 P7994
PipeChina Guangdong Natural Gas Pipeline Company,PipeChina Guangdong Natural Gas Pipeline Co,1,rules,medium,form_long,,Co,,,34,34,P4679 P4680 P4681 P4682 P4684 P4685 P4686 P4687 P4688 P4689 P4690 P4692 P4693 P4694 P4696 P4697 P4698 P4699 P4700 P4701 P4702 P4703 P4704 P4705 P4707 P4708 P4709 P4711 P5869 P5882 P7431 P7440 P8028 P8029
Tokyo Gas,Tokyo Gas Co Ltd,1,alias,high,,E100000000660,Co Ltd,Tokyo Gas,,34,34,P0995 P0996 P0997 P1001 P1004 P1005 P1012 P1013 P1021 P1022 P1024 P1026 P1030 P1036 P1041 P1042 P1043 P1056 P1061 P1062 P1063 P1219 P1541 P1542 P1543 P1556 P1557 P3854 P5949 P5956 P6839 P6840 P6844 P6845
GAIL (India) Ltd,GAIL Ltd,1,alias,high,,E100000000513,Ltd,GAIL (India) Ltd,,32,32,P0766 P0904 P0907 P0911 P0912 P0915 P0916 P0919 P0923 P0925 P0928 P0929 P0933 P0934 P0943 P0954 P0955 P0957 P1436 P2212 P2215 P2216 P2746 P2752 P3297 P3298 P3299 P3905 P3906 P3912 P6078 P6079
BOTAŞ,BOTAŞ AŞ,1,alias,high,,,AS,BOTAŞ,,30,30,P0459 P0547 P0736 P0763 P0799 P1633 P1634 P1635 P1636 P1637 P2227 P2228 P2485 P2486 P2487 P2488 P2489 P2490 P2491 P2719 P3204 P3205 P4350 P4351 P4352 P4353 P4354 P4355 P7019 P7964
Plains All American Pipeline,Plains All American Pipeline LP,1,alias,high,,,LP,Plains All American Pipeline,,28,28,P0041 P0044 P0064 P0111 P0122 P0139 P0344 P0351 P1993 P2111 P2506 P2507 P2508 P2525 P2528 P2621 P2632 P2633 P2634 P2644 P2645 P2646 P2648 P2666 P2669 P2670 P2736 P6341
Aramco,Saudi Arabian Oil Co,1,alias,high,,E100000000888,Co,Aramco,,27,27,P6717 P6718 P6719 P6720 P6721 P6722 P6723 P6724 P6725 P6726 P6727 P6728 P6729 P6730 P6731 P6732 P6733 P6734 P6735 P6736 P6737 P7544 P7711 P7712 P7765 P7766 P7767
ExxonMobil,Exxon Mobil Corp,1,alias,high,,E100000001213,Corp,ExxonMobil,,27,27,P0061 P0074 P0085 P0088 P0104 P0112 P0146 P0211 P0212 P0344 P0616 P0619 P0623 P0691 P0694 P0771 P0798 P2572 P2580 P4209 P5727 P5819 P6521 P7227 P7228 P7229 P7994
SNTGN Transgaz SA,Transgaz SA,1,alias,high,,,SA,SNTGN Transgaz SA,,27,27,P0699 P0732 P0803 P1330 P1481 P1702 P1714 P2250 P2254 P2277 P2278 P2726 P2727 P2729 P2747 P2802 P2948 P2998 P4340 P4341 P4342 P4343 P4344 P4345 P4346 P4347 P4349
SOCAR,State Oil Company of Azerbaijan Republic,1,alias,high,,,,SOCAR,,26,26,P0645 P0748 P0751 P0763 P2268 P2719 P3203 P3204 P3205 P3850 P4211 P4213 P4217 P6447 P6448 P6449 P6450 P6451 P6452 P6453 P6454 P6455 P6456 P6481 P6482 P6483
Chevron,Chevron Corp,1,alias,high,,,Corp,Chevron,,25,25,P0074 P0111 P0139 P0563 P0565 P0567 P0568 P0569 P0624 P1071 P1072 P1160 P1176 P1199 P1218 P1303 P2632 P2633 P2634 P2675 P7602 P7603 P7604 P7606 P7864
Engie SA,ENGIE SA,1,exact,high,,E100000000382,SA,,,25,25,P0339 P0720 P0729 P1267 P1284 P1624 P2010 P2241 P2242 P2716 P2718 P3126 P3127 P3132 P3133 P3134 P3135 P3136 P4184 P7567 P7787 P7788 P7789 P7791 P7795
Osaka Gas,Osaka Gas Co Ltd,1,alias,high,,,Co Ltd,Osaka Gas,,25,25,P0903 P0993 P1002 P1003 P1014 P1015 P1016 P1017 P1018 P1019 P1020 P1029 P1045 P1055 P1136 P1219 P1531 P1558 P1559 P1560 P1561 P1562 P1563 P3216 P6807
Plinacro Ltd,Plinacro doo,1,alias,high,,,doo,Plinacro Ltd,,25,24,P0702 P0728 P1321 P1340 P1342 P1712 P2189 P2190 P2191 P2795 P2796 P2927 P3020 P3039 P3416 P3417 P3420 P4322 P4323 P4324 P4325 P6886 P6887 P6888
ConocoPhillips,ConocoPhillips Corp,1,alias,high,,,Corp,ConocoPhillips,,21,21,P0074 P0174 P0211 P0585 P0586 P0591 P0592 P0603 P0608 P0609 P0610 P0714 P0720 P0729 P1133 P1293 P1860 P1861 P3716 P3987 P3988
ShaanXi Provincial Natural Gas Co Ltd,Shaanxi Provincial Natural Gas Co Ltd,1,exact,high,,E100001015393,Co Ltd,,,20,20,P5037 P5038 P5039 P5040 P5041 P5042 P5043 P5044 P5045 P5046 P5047 P5048 P5049 P5051 P5052 P5053 P5054 P5056 P5617 P5619
TGI SAS E.S.P,TGI SAS ESP,1,rules,medium,form_punctuation,,ESP,,,19,19,P1254 P7549 P7550 P7551 P7552 P7553 P7554 P7555 P7556 P7557 P7575 P7579 P7619 P7620 P7634 P7635 P7636 P7637 P7638
Pemex,Petróleos Mexicanos EPE,1,alias,high,,E100000000720,EPE,Pemex,,18,18,P0406 P0411 P0414 P0416 P0421 P1223 P5466 P5467 P5468 P5469 P5470 P5471 P5472 P5473 P5474 P5475 P5476 P7621
Srbijagas,Srbijagas JP,1,alias,high,,,JP,Srbijagas,,18,18,P0762 P2463 P2464 P2773 P2777 P3040 P3311 P4365 P4366 P4367 P4368 P4369 P4370 P4373 P4374 P5158 P5536 P7724
Williams Companies,Williams Companies Inc,1,alias,high,,,Inc,Williams Companies,,18,18,P0082 P0156 P0171 P0199 P0230 P0327 P0328 P2542 P2551 P2626 P2685 P5101 P5115 P6898 P6899 P7785 P7790 P7812
Engie Brasil Energia,Engie Brasil Energia SA,1,stem,medium,form_from_gazetteer,E100000120419,SA,,,16,16,P1267 P1284 P2716 P2718 P3126 P3127 P3132 P3133 P3134 P3135 P3136 P7787 P7788 P7789 P7791 P7795
Saibu Gas,Saibu Gas Holdings Co Ltd,1,alias,high,,,Co Ltd,Saibu Gas,,16,16,P0999 P1000 P1027 P1031 P1037 P1532 P1533 P1534 P1535 P1536 P1537 P1538 P1553 P1554 P1555 P2237
Net4Gas,Net4Gas Holdings sro,1,alias,high,,E100001015528,sro,Net4Gas,,15,15,P0698 P1693 P1698 P1699 P2843 P2893 P2894 P2895 P2906 P2940 P2941 P3028 P3075 P5902 P5918
other,Other,1,exact,high,,E100000189368,,,,14,14,P0139 P1248 P1249 P1250 P1261 P1370 P2632 P2633 P2634 P2711 P3519 P3520 P4184 P5153
Iran Ministry of Petroleum,Ministry of Petroleum (Iran),1,alias,high,,,,Iran Ministry of Petroleum,,13,13,P0449 P0450 P0451 P0452 P0457 P0742 P0749 P1639 P2220 P2225 P2229 P6848 P7104
BP plc,BP PLC,1,exact,high,,E100000001096,PLC,,,12,12,P0108 P0174 P0405 P0469 P0731 P0763 P3203 P3204 P3205 P6504 P7726 P7795
Sui Southern Gas Co (SSGC),Sui Southern Gas Co,1,rules,medium,acronym_dropped|form_conflict,,Co,SSGC,Sui Southern Gas Co Ltd,12,12,P3177 P4014 P4015 P4016 P4017 P4018 P4019 P4020 P4021 P4022 P4023 P4024
YPFB,Yacimientos Petrolíferos Fiscales Bolivianos Corp,1,alias,high,,,Corp,YPFB,,12,12,P0413 P1265 P1266 P1285 P2714 P2715 P3891 P7692 P7693 P7694 P7695 P7696
MPLX,MPLX LP,1,alias,high,,,LP,MPLX,,11,11,P0109 P0344 P1300 P1996 P2498 P2499 P2520 P2668 P3882 P5482 P5483
State of Qatar,Government of Qatar,1,alias,high,,E100000000839,,State of Qatar,,11,11,P6369 P6370 P6374 P6375 P6376 P6378 P6379 P6385 P6386 P6388 P6410
Transnet,Transnet SOC Ltd,1,alias,high,,E100001015969,Ltd,Transnet,,11,11,P2468 P2469 P2470 P2471 P2472 P2473 P2474 P2475 P3337 P3338 P3339
Naftogaz Ukraine NJSC,Naftogaz of Ukraine JSC,1,alias,high,,,JSC,Naftogaz Ukraine NJSC,,10,10,P0674 P2268 P5226 P5227 P5228 P5229 P5230 P5231 P5234 P5235
Titas Gas Transmission and Distribution Co (TGTDCL),Titas Gas Transmission and Distribution Co,1,rules,medium,acronym_dropped|acronym_not_initials|form_conflict|fuzzy_candidates,,Co,TGTDCL,Titas Gas Transmission and Distribution Co Ltd,10,10,P0854 P0856 P0857 P0868 P0869 P0872 P0873 P0881 P0883 P0884
Enarsa (Energía Argentina SA),Energía Argentina SA,1,alias,high,,,SA,Enarsa (Energía Argentina SA),,9,9,P0413 P1247 P1283 P2066 P3940 P5786 P5791 P7773 P7775
Equinor,Equinor ASA,1,alias,high,,,ASA,Equinor,,9,9,P0469 P0590 P0680 P0720 P0729 P0815 P1607 P3395 P3528
Hokkaido Gas,Hokkaido Gas Co Ltd,1,alias,high,,E100001015013,Co Ltd,Hokkaido Gas,,9,9,P1523 P1524 P1525 P1526 P1527 P1528 P1529 P1544 P1565
Occidental Petroleum,Occidental Petroleum Corp,1,alias,high,,,Corp,Occidental Petroleum,,9,9,P0139 P0437 P0602 P0611 P1856 P1857 P2632 P2633 P2634
Petronas,Petroliam Nasional Bhd,1,alias,high,,E100000000702,Bhd,Petronas,,9,9,P0528 P1065 P1066 P1073 P1144 P1157 P2217 P7105 P7567
Tallgrass Energy,Tallgrass Energy LP,1,alias,high,,,LP,Tallgrass Energy,,9,9,P0208 P0246 P0266 P0292 P0359 P2517 P5829 P5830 P5831
MER JSC Skopje,NER JSC Skopje,1,alias,high,,,,MER JSC Skopje,,8,8,P0762 P3333 P3335 P4045 P4046 P4052 P4055 P4057
Magellan Midstream Partners,Magellan Midstream Partners LP,1,stem,medium,form_from_gazetteer,E100001014604,LP,,,8,8,P0044 P0062 P0342 P0348 P1302 P1993 P2506 P2550
OMV,OMV AG,1,alias,high,,,AG,OMV,,8,8,P0513 P0590 P0595 P0602 P0611 P1856 P1857 P5225
UkrTransNafta,Ukrtransnafta JSC,1,stem,medium,form_from_gazetteer,E100001015372,JSC,,,8,8,P2021 P3850 P3851 P3852 P5134 P5137 P5232 P6307
Woodside Energy,Woodside Energy Group Ltd,1,alias,high,,,Ltd,Woodside Energy,,8,8,P0903 P1192 P1363 P5464 P5949 P5954 P5955 P5956
Cheniere Energy,Cheniere Energy Inc,1,alias,high,,,Inc,Cheniere Energy,,7,7,P0283 P0373 P2521 P2522 P4379 P7797 P7798
EnLink Midstream,EnLink Midstream LLC,1,alias,high,,,LLC,EnLink Midstream,,7,7,P0159 P0165 P0210 P0250 P0394 P3882 P5484
JAPEX,Japex,1,exact,high,,E100000188586,,,,7,7,P1009 P1025 P1034 P1050 P1054 P2047 P4272
National Iranian Oil Refining and Distribution Co,National Iranian Oil Refining And Distribution Co,1,exact,high,,E100001011945,Co,,,7,7,P0748 P2230 P3846 P6068 P6069 P6148 P6149
PERN Przyjasn SA,Pern SA,1,alias,high,,,SA,PERN Przyjasn SA,,7,7,P2021 P2268 P2269 P3850 P5188 P5324 P5325
PTT Exploration and Production,PTT Exploration and Production PCL,1,alias,high,,,PCL,PTT Exploration and Production,,7,7,P1071 P1072 P1073 P2252 P2253 P3374 P3855
Promigas,Promigas SA ESP,1,alias,high,,E100001015905,SA ESP,Promigas,,7,7,P1378 P2186 P2187 P7618 P7640 P7641 P7642
Shizuoka Gas,Shizuoka Gas Co Ltd,1,alias,high,,,Co Ltd,Shizuoka Gas,,7,7,P1030 P1044 P1539 P1540 P1564 P1566 P6833
Sibur Holding PJSC,SIBUR Holding PJSC,1,exact,high,,E100000000865,PJSC,,,7,7,P6125 P6126 P6134 P6135 P6136 P6139 P7204
Dominion Energy,Dominion Energy Inc,1,alias,high,,,Inc,Dominion Energy,,6,6,P0176 P0233 P0357 P0363 P2502 P2630
Genesis Energy,Genesis Energy LP,1,alias,high,,,LP,Genesis Energy,,6,6,P0030 P0074 P0107 P0119 P0127 P0200
"Guangxi Guangtou Natural Gas Pipeline Network Co., Ltd.",Guangxi Guangtou Natural Gas Pipeline Network Co Ltd,1,rules,medium,form_punctuation|fuzzy_candidates,,Co Ltd,,Natural Gas Pipeline Network Group Co Ltd,6,6,P7652 P7654 P7655 P7656 P7657 P7665
Hindustan Petroleum,Hindustan Petroleum Corp Ltd,1,alias,high,,,Corp Ltd,Hindustan Petroleum,,6,6,P0908 P0941 P5411 P6089 P6090 P6091
Kurdistan Regional Government,Government of Kurdistan Region,1,alias,high,,E100001000257,,Kurdistan Regional Government,,6,6,P0548 P2016 P4047 P4053 P6823 P7877
Kuwait National Petroleum Company,Kuwait National Petroleum Co,1,exact,high,form_long,E100000188643,Co,,,6,6,P7184 P7185 P7186 P7188 P7190 P7191
PJSC Lukoil,LUKOIL PJSC,1,alias,high,,,PJSC,PJSC Lukoil,,6,6,P3712 P3713 P3714 P5123 P5126 P5256
Repsol,REPSOL,1,exact,high,,E100000190955,,,,6,6,P0405 P0590 P1236 P1275 P1292 P6178
Suncor Energy,Suncor Energy Inc,1,alias,high,,,Inc,Suncor Energy,,6,6,P0583 P0584 P0587 P0594 P0605 P3702
TGS (Transportadora de Gas del Sur SA),TGS (Transportadora de Gas del Sur SA,1,rules,medium,form_punctuation,,SA,,,6,6,P7838 P7839 P7846 P7847 P7848 P7849
Targa Resources,Targa Resources Corp,1,stem,medium,form_from_gazetteer,E100002004313,Corp,,,6,6,P7828 P7850 P7851 P7852 P7853 P7854
Blackstone,Blackstone Inc,1,stem,medium,form_from_gazetteer,E100000001158,Inc,,,5,5,P0392 P2438 P2604 P2635 P7801
CJSC Gazprom Armenia,Gazprom Armenia CJSC,1,rules,medium,form_moved,,CJSC,,,5,5,P4267 P4268 P4269 P4270 P4271
Comisión Federal de Electricidad,Comisión Federal de Electricidad EPE,1,alias,high,,,EPE,Comisión Federal de Electricidad,,5,5,P0426 P3139 P3921 P5795 P7677
DT Midstream,DT Midstream Inc,1,alias,high,,,Inc,DT Midstream,,5,5,P5113 P5114 P6773 P6842 P6843
Elering,Elering AS,1,alias,high,,,AS,Elering,,5,5,P0685 P2911 P3053 P3070 P4378
JSC Conexus Baltic Grid,Conexus Baltic Grid JSC,1,rules,medium,form_moved,,JSC,,,5,5,P2025 P2920 P3008 P3019 P3138
Jalalabad Gas Transmission and Distribution System Ltd (JGTDSL),Jalalabad Gas Transmission and Distribution System Ltd,1,exact,high,acronym_dropped,E100001015133,Ltd,JGTDSL,,5,5,P0852 P0858 P0861 P0862 P0878
Mero,MERO ČR AS,1,alias,high,,,AS,Mero,,5,5,P0670 P2021 P2193 P5133 P5323
Natural Gas Pipeline Co of America LLC (NGPL),Natural Gas Pipeline Co of America LLC,1,rules,medium,acronym_dropped,,LLC,NGPL,,5,5,P0201 P2039 P2495 P2541 P2555
Pan American Energy,Pan American Energy SL,1,stem,medium,form_from_gazetteer,E100000001764,SL,,,5,5,P1260 P2082 P4195 P5445 P5453
Pertamina,PT Pertamina (Persero),1,alias,high,,,,Pertamina,,5,5,P0973 P1437 P2217 P3383 P7955
Snam,Snam SpA,1,alias,high,,,SpA,Snam,,5,5,P5554 P5555 P6880 P6881 P6903
Société Algérienne de Gestion du Réseau de Transport du Gaz (GRTG),Société Algérienne de Gestion du Réseau de Transport du Gaz,1,rules,low,acronym_dropped|no_legal_form,,,GRTG,,5,5,P2057 P2058 P2059 P2060 P2061
Zhejiang Petroleum&Chemical Co Ltd,Zhejiang Petroleum & Chemical Co Ltd,1,exact,high,,E100000004373,Co Ltd,,,5,5,P5205 P5206 P5222 P5223 P5224
Albgaz Sha,Albgaz ShA,1,exact,high,,E100001014076,Sh.A.,,,4,4,P0702 P3333 P3336 P3489
BlackRock,BlackRock Inc,1,alias,high,,,Inc,BlackRock,,4,4,P0083 P0637 P1995 P7368
Canacol Energy,Canacol Energy Ltd,1,alias,high,,,Ltd,Canacol Energy,,4,4,P2032 P2185 P3993 P3994
DTE Energy,DTE Energy Co,1,alias,high,,,Co,DTE Energy,,4,4,P0225 P0277 P2505 P3202
Gasunie,Nederlandse Gasunie NV,1,alias,high,,,NV,Gasunie,,4,4,P0688 P3042 P3044 P5487
Harbour Energy plc,Harbour Energy PLC,1,exact,high,,E100001012815,PLC,,,4,4,P0817 P1731 P4195 P7438
Israel Natural Gas Lines,Israel Natural Gas Lines Ltd,1,alias,high,,E100001015118,Ltd,Israel Natural Gas Lines,,4,4,P2197 P3620 P3657 P3658
Koch Industries,Koch Industries Inc,1,alias,high,,E100000001246,Inc,Koch Industries,,4,4,P0058 P0130 P0140 P5481
"National Pipeline Network Group Northern Pipeline Co., Ltd.",National Pipeline Network Group Northern Pipeline Co Ltd,1,rules,medium,form_punctuation,,Co Ltd,,,4,4,P6901 P6902 P6938 P6939
NewMed Energy,NewMed Energy LP,1,stem,medium,form_from_gazetteer,,LP,,,4,4,P7602 P7603 P7604 P7606
Norsk Hydro Produksjon a.s,Norsk Hydro Produksjon AS,1,rules,medium,form_punctuation|alias_candidate,,AS,,Norsk Hydro ASA,4,4,P0798 P5148 P5151 P5153
Perenco,Perenco SA,1,alias,high,,,SA,Perenco,,4,4,P1127 P1228 P1236 P3685
Petroperú,Petroperu,1,exact,high,,E100000189409,,,,4,4,P1273 P2262 P5423 P5424
Ørsted AS,Ørsted A/S,1,alias,high,,,A/S,Ørsted AS,,4,4,P0683 P0720 P0729 P0813
A/S Norske Shell,Norske Shell A/S,1,rules,medium,form_moved,,A/S,,,3,3,P0680 P3511 P5153
AB Amber Grid,Amber Grid AB,1,alias,high,,E100001013992,AB,AB Amber Grid,,3,3,P0695 P2239 P3724
Administración Nacional de la Seguridad Social (ANSES),Administración Nacional de la Seguridad Social,1,rules,low,acronym_dropped|no_legal_form,,,ANSES,,3,3,P1248 P1249 P1250
Arrow Energy,Arrow Energy Pty Ltd,1,stem,medium,form_from_gazetteer,E100000002466,Pty Ltd,,,3,3,P1131 P3644 P7500
Brookfield Infrastructure Partners,Brookfield Infrastructure Partners LP,1,stem,medium,form_from_gazetteer,E100001014311,LP,,,3,3,P0222 P1145 P4183
CK Hutchison Holdings,CK Hutchison Holdings Ltd,1,alias,high,,E100001014350,Ltd,CK Hutchison Holdings,,3,3,P1175 P1187 P1193
Chesapeake Utilities,Chesapeake Utilities Corp,1,alias,high,,E100001014433,Corp,Chesapeake Utilities,,3,3,P0182 P2003 P6003
Compañía de Inversiones de Energía SA (CIESA),Compañía de Inversiones de Energía SA,1,rules,medium,acronym_dropped,,SA,CIESA,,3,3,P1248 P1249 P1250
Fuel Pipeline Transportation Ltd (FPT),Fuel Pipeline Transportation Ltd,1,rules,medium,acronym_dropped,,Ltd,FPT,,3,3,P1441 P3717 P3722
Gasdotti Italia S.p.A.,Gasdotti Italia SpA,1,rules,medium,form_punctuation,,SpA,,,3,3,P1689 P1690 P2824
Iberdrola,Iberdrola SA,1,alias,high,,E100000000975,SA,Iberdrola,,3,3,P0310 P0816 P1926
Jadranski Naftovod,Jadranski Naftovod dd,1,alias,high,,,dd,Jadranski Naftovod,,3,3,P0663 P0675 P5168
Japan Oil Development Co Ltd (JODCO),Japan Oil Development Co Ltd,1,rules,medium,acronym_dropped,,Co Ltd,JODCO,,3,3,P7227 P7228 P7229
K&O Energy Group,K&O Energy Group Inc,1,alias,high,,E100001015157,Inc,K&O Energy Group,,3,3,P0994 P1049 P1052
KazMunayGas JSC,National Company KazMunayGas JSC,1,alias,high,,,JSC,KazMunayGas JSC,,3,3,P0646 P2044 P5140
Kinetik,Kinetik Holdings Inc,1,alias,high,,,Inc,Kinetik,,3,3,P2643 P3594 P4277
"MIT Pipeline Investment Americas, Inc",MIT Pipeline Investment Americas Inc,1,rules,medium,,,Inc,,,3,3,P2613 P2614 P2615
Macquarie,Macquarie Group Ltd,1,alias,high,,,Ltd,Macquarie,,3,3,P0719 P2069 P2244
New York Stock Exchange (NYSE),New York Stock Exchange,1,rules,low,acronym_dropped|no_legal_form|fuzzy_candidates,,,NYSE,NYSE-New York Stock Exchange,3,3,P1248 P1249 P1250
NextEra Energy,NextEra Energy Inc,1,alias,high,,,Inc,NextEra Energy,,3,3,P0156 P0224 P0315
Nigerian Agip Oil Co Ltd,Nigerian Agip Oil Company Ltd,1,exact,high,,E100000003650,Co Ltd,,,3,3,P0534 P1892 P1893
Pluspetrol,PlusPetrol SA,1,stem,medium,form_from_gazetteer,E100002005547,SA,,,3,3,P1221 P2067 P5445
Promotora de Gases del Sur S.A E.S.P,Promotora de Gases del Sur SA ESP,1,rules,medium,form_punctuation,,SA ESP,,,3,3,P7562 P7622 P7639
TGN (Transportadora de Gas del Norte SA),TGN (Transportadora de Gas del Norte SA,1,rules,medium,form_punctuation,,SA,,,3,3,P7842 P7843 P7844
Tellurian,Tellurian Inc,1,alias,high,,,Inc,Tellurian,,3,3,P0285 P0320 P0321
TotalEnergies,TotalEnergies SE,1,alias,high,,E100000000387,SE,TotalEnergies,,3,3,P6371 P6372 P6373
Tullow Oil,Tullow Oil PLC,1,alias,high,,,PLC,Tullow Oil,,3,3,P0531 P0538 P0540
AGL Energy,AGL Energy Ltd,1,alias,high,,E100000000014,Ltd,AGL Energy,,2,2,P1158 P1305
Africa Oil,Africa Oil Corp,1,alias,high,,E100000000387,Corp,Africa Oil,,2,2,P0531 P0538
Amber Grid,Amber Grid AB,1,alias,high,,E100001013992,AB,Amber Grid,,2,2,P5661 P5662
Arab Petroleum Pipelines Co (SUMED),Arab Petroleum Pipelines Co,1,rules,medium,acronym_dropped|acronym_not_initials,,Co,SUMED,,2,2,P0530 P5121
Azerbaijan International Operating Co (AIOC),Azerbaijan International Operating Co,1,rules,medium,acronym_dropped,,Co,AIOC,,2,2,P0643 P2019
Bahrain Petroleum Co (Bapco),Bahrain Petroleum Co,1,exact,high,acronym_dropped,E100001014258,Co,Bapco,,2,2,P0637 P1977
"Carso Energy, SA de C.V.",Carso Energy SA de CV,1,rules,medium,form_punctuation,,SA de CV,,,2,2,P5797 P7608
Central Petroleum,Central Petroleum Ltd,1,alias,high,,E100001014394,Ltd,Central Petroleum,,2,2,P2069 P3642
"China Pipe Network Group Jilin Natural Gas Pipeline Co., Ltd.",China Pipe Network Group Jilin Natural Gas Pipeline Co Ltd,1,rules,medium,form_punctuation|fuzzy_candidates,,Co Ltd,,Natural Gas Pipeline Network Group Co Ltd,2,2,P4558 P4563
Chubu Electric Power,Chubu Electric Power Co Inc,1,alias,high,,,Co Inc,Chubu Electric Power,,2,2,P1029 P1219
Dana Gas,Dana Gas PJSC,1,alias,high,,E100001014565,PJSC,Dana Gas,,2,2,P0520 P5778
Duke Energy,Duke Energy Corp,1,alias,high,,E100000001194,Corp,Duke Energy,,2,2,P0171 P0297
E.ON,E.ON SE,1,alias,high,,,SE,E.ON,,2,2,P0683 P0717
Ecopetrol,Ecopetrol SA,1,alias,high,,,SA,Ecopetrol,,2,2,P1226 P2032
Emera,Emera Inc,1,alias,high,,,Inc,Emera,,2,2,P0212 P3170
EnBW,EnBW Energie Baden-Württemberg AG,1,alias,high,,,AG,EnBW,,2,2,P0683 P0717
Eni International (N.A.) N.V. S.ar.l.,Eni International (N.A.) NV SARL,1,rules,medium,form_punctuation,,SARL,,,2,2,P0646 P2044
Fluxys Belgium,Fluxys Belgium NV/SA,1,stem,medium,form_from_gazetteer,E100001014758,NV/SA,,,2,2,P2995 P7484
Galp Energia,Galp Energia SGPS SA,1,alias,high,,,SGPS SA,Galp Energia,,2,2,P1275 P1278
Indian Oil Corporation Limited,Indian Oil Corp Ltd,1,exact,high,form_long,E100000001918,Corp Ltd,,,2,2,P7893 P7894
Ithaca Energy,Ithaca Energy PLC,1,stem,medium,form_from_gazetteer,E100001014437,PLC,,,2,2,P3395 P7438
JERA,JERA Co Inc,1,stem,medium,form_from_gazetteer,E100000001533,Co Inc,,,2,2,P2070 P5878
Japan Australia LNG (MIMI),Japan Australia LNG,1,rules,low,acronym_dropped|acronym_not_initials|no_legal_form,,,MIMI,,2,2,P5954 P5955
Karnaphuli Gas Distribution Co Ltd (KGDCL),Karnaphuli Gas Distribution Co Ltd,1,exact,high,acronym_dropped,E100001015199,Co Ltd,KGDCL,,2,2,P0851 P0877
Keyera,Keyera Corp,1,alias,high,,E100001015208,Corp,Keyera,,2,2,P2098 P2697
Kinder Morgan Energy Partners,Kinder Morgan Energy Partners LP,1,stem,medium,form_from_gazetteer,E100001014605,LP,,,2,2,P0062 P2582
Latvijas Gaze,Latvijas Gaze AS,1,alias,high,,,AS,Latvijas Gaze,,2,2,P0687 P0705
MDU Resources Group,MDU Resources Group Inc,1,alias,high,,,Inc,MDU Resources Group,,2,2,P0306 P2625
Marathon Petroleum,Marathon Petroleum Corp,1,alias,high,,,Corp,Marathon Petroleum,,2,2,P0006 P0072
MasTec,MasTec Inc,1,stem,medium,form_from_gazetteer,,Inc,,,2,2,P0268 P2519
NV Rotterdam-Rijn Pijpleiding Maatschappij,Rotterdam-Rijn Pijpleiding Maatschappij NV,1,rules,medium,form_moved,,NV,,,2,2,P0809 P5129
"National Pipeline Network Group Hainan Natural Gas Co., Ltd.",National Pipeline Network Group Hainan Natural Gas Co Ltd,1,rules,medium,form_punctuation|fuzzy_candidates,,Co Ltd,,Natural Gas Pipeline Network Group Co Ltd,2,2,P4857 P4859
Nippon Gas,Nippon Gas Co Ltd,1,alias,high,,E100001015554,Co Ltd,Nippon Gas,,2,2,P1551 P1552
Pembina Pipeline Corporation,Pembina Pipeline Corp,1,alias,high,,,Corp,Pembina Pipeline Corporation,,2,2,P6556 P7876
PetroNeft Resources plc,PetroNeft Resources PLC,1,rules,medium,form_punctuation,,PLC,,,2,2,P3705 P3709
Prumo Logística,Prumo Logistica SA,1,stem,medium,form_from_gazetteer,E100000001809,SA,,,2,2,P7726 P7795
SCANA,SCANA ASA,1,alias,high,,E100001016039,ASA,SCANA,,2,2,P0311 P0355
SPIC Brasil,SPIC Brasil SA,1,stem,medium,form_from_gazetteer,E100000003935,SA,,,2,2,P7726 P7795
SaskEnergy,SaskEnergy Inc,1,alias,high,,,Inc,SaskEnergy,,2,2,P0272 P0453
"Shanghai Natural Gas Pipeline Network Co., Ltd.",Shanghai Natural Gas Pipeline Network Co Ltd,1,rules,medium,form_punctuation|fuzzy_candidates,,Co Ltd,,Natural Gas Pipeline Network Group Co Ltd,2,2,P6001 P6563
Società Gasdotti Italia S.p.A,Società Gasdotti Italia SpA,1,rules,medium,form_punctuation,,SpA,,,2,2,P6872 P6879
TEPCO,Tokyo Electric Power Co,1,alias,high,,E100000000659,Co,TEPCO,,2,2,P1059 P6838
Tanzania Petroleum Development Corp (TPDC),Tanzania Petroleum Development Corp,1,exact,high,acronym_dropped,E100000180733,Corp,TPDC,,2,2,P0456 P1312
Thai Pipeline Network Co (TPN),Thai Pipeline Network Co,1,rules,medium,acronym_dropped,,Co,TPN,,2,2,P1444 P2483
Toho Gas,Toho Gas Co Ltd,1,alias,high,,,Co Ltd,Toho Gas,,2,2,P1007 P1219
Uzbekneftegaz,Uzbekneftegaz JSC,1,alias,high,,,JSC,Uzbekneftegaz,,2,2,P2698 P5140
VICO Energy,VICO Energy Ltd,1,alias,high,,E100001016001,Ltd,VICO Energy,,2,2,P0959 P0960
Valero Energy,Valero Energy Corp,1,alias,high,,E100000001321,Corp,Valero Energy,,2,2,P0122 P2525
Acciona S.A,Acciona SA,1,exact,high,form_punctuation,E100000150598,SA,,,1,1,P4425
Adani Ports & SEZ,Adani Ports and Special Economic Zone Ltd,1,alias,high,,E100002001297,Ltd,Adani Ports & SEZ,,1,1,P6092
Afghan Gas Enterprise (AGE),Afghan Gas Enterprise,1,alias,high,,E100001014060,,Afghan Gas Enterprise (AGE),,1,1,P3922
Alcoa,Alcoa Corp,1,stem,medium,form_from_gazetteer,,Corp,,,1,1,P1148
Alpine Transportation Company,Alpine Transportation Co,1,rules,medium,form_long,,Co,,,1,1,P7428
Anhui Province Natural Gas Development Co.,Anhui Province Natural Gas Development Co,1,rules,medium,form_punctuation|form_conflict,,Co,,Anhui Province Natural Gas Development Co Ltd,1,1,P5596
Anhui Province Wenergy Towngas Natural Gas Company Limited,Anhui Province Wenergy Towngas Natural Gas Co Ltd,1,rules,medium,form_long,,Co Ltd,,,1,1,P5594
"Anhui Wanneng Xinao Natural Gas Co., Ltd.",Anhui Wanneng Xinao Natural Gas Co Ltd,1,rules,medium,form_punctuation,,Co Ltd,,,1,1,P5625
ArcLight Capital Partners,ArcLight Capital Partners LLC,1,stem,medium,form_from_gazetteer,E100000001143,LLC,,,1,1,P0222
Armour Energy,Armour Energy Ltd,1,alias,high,,E100001014142,Ltd,Armour Energy,,1,1,P1166
Atlas Petroleum International,Atlas Petroleum International Ltd,1,alias,high,,E100001014612,Ltd,Atlas Petroleum International,,1,1,P2199
BASF,BASF SE,1,alias,high,,,SE,BASF,,1,1,P1873
Basra Oil Company,Basra Oil Co,1,alias,high,,,Co,Basra Oil Company,,1,1,P7996
"Beijing Gas Group Co., Ltd.",Beijing Gas Group Co Ltd,1,exact,high,,E100000123425,Co Ltd,,,1,1,P6711
Bharat Petroleum Corporation Limited,Bharat Petroleum Corp Ltd,1,exact,high,form_long,E100000000509,Corp Ltd,,,1,1,P7892
Birdsboro Power,Birdsboro Power LLC,1,stem,medium,form_from_gazetteer,E100000002538,LLC,,,1,1,P0370
Britoil,Britoil Ltd,1,stem,medium,form_from_gazetteer,E100001014310,Ltd,,,1,1,P0817
Brookfield Asset Management,Brookfield Asset Management Ltd,1,stem,medium,form_from_gazetteer,E100002004300,Ltd,,,1,1,P1159
Bulgarian Energy Holding,Bulgarian Energy Holding EAD,1,stem,medium,form_from_gazetteer,E100001014318,EAD,,,1,1,P0696
CMS Energy,CMS Energy Corp,1,alias,high,,E100000001164,Corp,CMS Energy,,1,1,P0375
"CNOOC Guangdong NATURAL Gas Co., Ltd.",CNOOC Guangdong NATURAL Gas Co Ltd,1,rules,medium,form_punctuation,,Co Ltd,,,1,1,P4683
CNPC-Aktobemunaigaz JSC,CNPC-AktobeMunaiGaz JSC,1,exact,high,,E100000002598,JSC,,,1,1,P3945
CPPIB (Canada Pension Plan Investment Board),Canada Pension Plan Investment Board,1,alias,high,,,,CPPIB (Canada Pension Plan Investment Board),,1,1,P1290
Cedar LNG Partners (GP) Ltd,Cedar LNG Partners GP Ltd,1,rules,medium,form_punctuation,,Ltd,,,1,1,P3619
Channel Infrastructure,Channel Infrastructure NZ Ltd,1,alias,high,,E100000137442,Ltd,Channel Infrastructure,,1,1,P1217
"Cheyenne Connector, LLC",Cheyenne Connector LLC,1,rules,medium,,,LLC,,,1,1,P7863
China National Petroleum Corporation,China National Petroleum Corp,1,alias,high,,E100000180733,Corp,China National Petroleum Corporation,,1,1,P7895
"China National Petroleum and Natural Gas Pipeline Network Group Co., Ltd. West East Gas Pipeline Branch",China National Petroleum and Natural Gas Pipeline Network Group Co. Ltd. West East Gas Pipeline Branch,1,rules,low,no_legal_form,,,,,1,1,P5624
China Oil and Gas Pipeline Network Corporation,China Oil and Gas Pipeline Network Corp,1,rules,medium,form_long,,Corp,,,1,1,P4775
China Petroleum Pipeline Bureau (CPPB),China Petroleum Pipeline Bureau,1,rules,low,acronym_dropped|no_legal_form,,,CPPB,,1,1,P1067
Dana Petroleum,Dana Petroleum Ltd,1,stem,medium,form_from_gazetteer,E100001014566,Ltd,,,1,1,P5175
"Daqing Aode Gas Co., Ltd.",Daqing Aode Gas Co Ltd,1,rules,medium,form_punctuation,,Co Ltd,,,1,1,P6828
Delek Group,Delek Group Ltd,1,alias,high,,,Ltd,Delek Group,,1,1,P0473
Delek US,Delek US Holdings Inc,1,alias,high,,E100000001213,Inc,Delek US,,1,1,P0344
Dongying United Petroleum Chemical Co Ltd,Dongying UNITED Petroleum Chemical Co Ltd,1,exact,high,,E100000126880,Co Ltd,,,1,1,P7417
"East Cheyenne Gas Storage, LLC",East Cheyenne Gas Storage LLC,1,rules,medium,,,LLC,,,1,1,P7863
Egyptian Natural Gas Holding Company (EGAS),Egyptian Natural Gas Holding Co,1,exact,high,acronym_dropped|form_long,E100000000610,Co,EGAS,,1,1,P0477
"Elba Express Company, L.L.C.",Elba Express Company LLC,1,rules,medium,form_punctuation,,Company LLC,,,1,1,P7855
Endicott Pipeline Company,Endicott Pipeline Co,1,rules,medium,form_long,,Co,,,1,1,P7429
Enel,Enel SpA,1,alias,high,,,SpA,Enel,,1,1,P0697
Energas,Energas SA,1,stem,medium,form_from_gazetteer,E100000002942,SA,,,1,1,P5782
Engie Energía Chile (EECL),ENGIE Energía Chile SA,1,alias,high,,E100000002867,SA,Engie Energía Chile (EECL),,1,1,P0420
Ergon,Ergon Inc,1,stem,medium,form_from_gazetteer,E100001014299,Inc,,,1,1,P0347
Ethiopia Ministry of Mines and Petroleum,Ministry of Mines and Petroleum (Ethiopia),1,exact,high,state_body,E100001014704,,,,1,1,P2478
Eversource,Eversource Energy,1,alias,high,,E100001011690,,Eversource,,1,1,P5545
"Gasoducto Corredor Norte, SAP.I. de C.V.",Gasoducto Corredor Norte SAP.I. de CV,1,rules,medium,form_punctuation,,SAPI de CV,,,1,1,P7601
Gassco,Gassco AS,1,alias,high,,E100001014816,AS,Gassco,,1,1,P0692
Gastrade S.A,Gastrade SA,1,rules,medium,form_punctuation,,SA,,,1,1,P3137
Genel Energy,Genel Energy PLC,1,stem,medium,form_from_gazetteer,E100002005305,PLC,,,1,1,P7877
Gibson Energy,Gibson Energy Inc,1,alias,high,,E100001014854,Inc,Gibson Energy,,1,1,P0397
Glencore,Glencore PLC,1,stem,medium,form_from_gazetteer,E100001000400,PLC,,,1,1,P2199
"Guangxi Gas Group Co., Ltd.",Guangxi Gas Group Co Ltd,1,rules,medium,form_punctuation,,Co Ltd,,,1,1,P6042
Guardian Holdings,Guardian Holdings Ltd,1,stem,medium,form_from_gazetteer,,Ltd,,,1,1,P1259
Gulf Coast LNG Partners LP (GCLP),Gulf Coast LNG Partners LP,1,rules,medium,acronym_dropped,,LP,GCLP,,1,1,P3294
"Henan Gas Development Co., Ltd.",Henan Gas Development Co Ltd,1,rules,medium,form_punctuation,,Co Ltd,,,1,1,P4818
"Henan Natural Gas Pipeline Network Co., Ltd.",Henan Natural Gas Pipeline Network Co Ltd,1,rules,medium,form_punctuation|fuzzy_candidates,,Co Ltd,,Natural Gas Pipeline Network Group Co Ltd,1,1,P8086
Henan Zongheng Gas Pipeline Company,Henan Zongheng Gas Pipeline Co,1,rules,medium,form_long,,Co,,,1,1,P4831
Hooghly Pipelines Private Limited (HPPL),Hooghly Pipelines Pvt Ltd,1,rules,medium,acronym_dropped|form_long,,Pvt Ltd,HPPL,,1,1,P6562
Horizon Oil,Horizon Oil Ltd,1,alias,high,,E100001015021,Ltd,Horizon Oil,,1,1,P3371
"Huaihe Energy Gas Group Co.,Ltd.",Huaihe Energy Gas Group Co Ltd,1,exact,high,,E100000123295,Co Ltd,,,1,1,P5615
"Huaihe Energy and Gas Group Co., Ltd.",Huaihe Energy and Gas Group Co Ltd,1,rules,medium,form_punctuation|fuzzy_candidates,,Co Ltd,,Huaihe Energy Gas Group Co Ltd,1,1,P4602
"Huo Shan Wenergy Gas Co., Ltd.",Huo Shan Wenergy Gas Co Ltd,1,rules,medium,form_punctuation,,Co Ltd,,,1,1,P5593
IHB Limited,IHB Ltd,1,rules,medium,form_long,,Ltd,,,1,1,P7888
INEOS E&P (UK) Ltd,INEOS E&P UK Ltd,1,exact,high,,E100000189153,Ltd,,,1,1,P7145
INPEX Idemitsu Norge,INPEX Idemitsu Norge AS,1,stem,medium,form_from_gazetteer,E100001015052,AS,,,1,1,P3511
India Ministry of Petroleum and Natural Gas,Ministry of Petroleum and Natural Gas (India),1,exact,high,state_body,E100000000524,,,,1,1,P3855
Indradhanush Gas Grid Ltd (IGGL),Indradhanush Gas Grid Ltd,1,rules,medium,acronym_dropped,,Ltd,IGGL,,1,1,P1309
Infortar,Infortar AS,1,alias,high,,E100001015066,AS,Infortar,,1,1,P3893
Iraq Ministry of Electricity,Ministry of Electricity (Iraq),1,exact,high,state_body,E100000001354,,,,1,1,P6254
"Jiangsu Coastal Gas Pipeline Co., Ltd.",Jiangsu Coastal Gas Pipeline Co Ltd,1,rules,medium,form_punctuation,,Co Ltd,,,1,1,P4774
Jiangsu Datong Piped Natural Gas Corporation Limited,Jiangsu Datong Piped Natural Gas Corp Ltd,1,rules,medium,form_long,,Corp Ltd,,,1,1,P4758
"Jiangsu Huadian Huahui Energy Co., Ltd.",Jiangsu Huadian Huahui Energy Co Ltd,1,rules,medium,form_punctuation,,Co Ltd,,,1,1,P4768
"Jiangsu Rudong United Pipeline Co., Ltd.",Jiangsu Rudong United Pipeline Co Ltd,1,rules,medium,form_punctuation,,Co Ltd,,,1,1,P5995
"Jieyang PetroChina Kunlun Gas Co., Ltd.",Jieyang PetroChina Kunlun Gas Co Ltd,1,rules,medium,form_punctuation,,Co Ltd,,,1,1,P8037
Jordan Ministry of Energy and Mineral Resources,Ministry of Energy and Mineral Resources (Jordan),1,rules,low,state_body,,,,,1,1,P7347
KMG International,KMG International NV,1,stem,medium,form_from_gazetteer,E100001015190,NV,,,1,1,P6296
Kebabangan Production Oil Company,Kebabangan Production Oil Co,1,rules,medium,form_long,,Co,,,1,1,P7910
Kuparuk Transportation Company,Kuparuk Transportation Co,1,rules,medium,form_long,,Co,,,1,1,P7427
Kuwait Petroleum International,Kuwait Petroleum International Ltd,1,stem,medium,form_from_gazetteer,E100002013968,Ltd,,,1,1,P6485
Liaoning Datang International Fuxin Coal-to-SNG Co Ltd,Liaoning Datang International Fuxin COAL-TO-SNG Co Ltd,1,exact,high,,E100000122487,Co Ltd,,,1,1,P5002
M Vest Energy,M Vest Energy AS,1,stem,medium,form_from_gazetteer,E100001015262,AS,,,1,1,P0714
Marathon Oil,Marathon Oil Corp,1,alias,high,,E100001015285,Corp,Marathon Oil,,1,1,P0731
Mexico Infrastructure Partners,Mexico Infrastructure Partners SAPI de CV,1,alias,high,,E100000002023,SAPI de CV,Mexico Infrastructure Partners,,1,1,P0339
Ministry of Economic Development of Kosovo Republic,Ministry of Economic Development (Republic of Kosovo),1,alias,high,,E100001015311,,Ministry of Economic Development of Kosovo Republic,,1,1,P3336
Mirage Energy,Mirage Energy Corp,1,alias,high,,E100001015315,Corp,Mirage Energy,,1,1,P3160
Mittel-Europäische-Gasleitungsgesellschaft mbH & Co. KG,Mittel-Europäische-Gasleitungsgesellschaft mbH & Co KG,1,rules,medium,form_punctuation,,mbH & Co KG,,,1,1,P0706
Montenegro Bonus,Montenegro Bonus doo,1,alias,high,,E100001015859,doo,Montenegro Bonus,,1,1,P0702
NOVA Chemicals,NOVA Chemicals Corp,1,stem,medium,form_from_gazetteer,E100000001825,Corp,,,1,1,P6557
Naftna Industrija Srbije,Naftna Industrija Srbije AD,1,alias,high,,,AD,Naftna Industrija Srbije,,1,1,P5154
National Grid plc,National Grid PLC,1,exact,high,,E100000001116,PLC,,,1,1,P5405
"National Pipeline Network Group Hainan Provincial Pipeline Network Co., Ltd.",National Pipeline Network Group Hainan Provincial Pipeline Network Co Ltd,1,rules,medium,form_punctuation,,Co Ltd,,,1,1,P4860
New Fortress Energy,New Fortress Energy Inc,1,stem,medium,form_from_gazetteer,E100000001265,Inc,,,1,1,P7799
New Jersey Resources,New Jersey Resources Corp,1,alias,high,,,Corp,New Jersey Resources,,1,1,P0308
New Zealand Energy,New Zealand Energy Corp,1,alias,high,,E100001015357,Corp,New Zealand Energy,,1,1,P1216
"Niger Ministry of Petroleum, Energy and Renewable Energies","Ministry of Petroleum, Energy and Renewable Energies (Niger)",1,alias,high,,E100000000003,,"Niger Ministry of Petroleum, Energy and Renewable Energies",,1,1,P0460
Noordgastransport B.V,Noordgastransport BV,1,rules,medium,form_punctuation,,BV,,,1,1,P0711
Nordrheinische Erdgastransportleitungsgesellschaft mbH & Co. KG,Nordrheinische Erdgastransportleitungsgesellschaft mbH & Co KG,1,rules,medium,form_punctuation,,mbH & Co KG,,,1,1,P0810
North Oil Co,North Oil Company,1,exact,high,,E100002005155,Co,,,1,1,P5256
Numarligarh Refinery Limited,Numarligarh Refinery Ltd,1,rules,medium,form_long|fuzzy_candidates,,Ltd,,Numaligarh Refinery Ltd,1,1,P7892
ONGC Petro Additions Ltd,ONGC Petro additions Ltd,1,exact,high,,E100000003681,Ltd,,,1,1,P2211
Oil India Limited,Oil India Ltd,1,alias,high,,,Ltd,Oil India Limited,,1,1,P7892
Pak-Arab Pipeline Co Ltd (PAPCO),Pak-Arab Pipeline Co Ltd,1,rules,medium,acronym_dropped,,Co Ltd,PAPCO,,1,1,P1074
Pembina North Limited Partnership,Pembina North LP,1,rules,medium,form_long,,LP,,,1,1,P7875
Pembina Prairie Facilities Limited,Pembina Prairie Facilities Ltd,1,rules,medium,form_long,,Ltd,,,1,1,P6555
Petroamazonas,Petroamazonas EP,1,stem,medium,form_from_gazetteer,E100001010981,EP,,,1,1,P3870
Petroleum Engineering and Development Co (PEDEC),Petroleum Engineering and Development Co,1,rules,medium,acronym_dropped,,Co,PEDEC,,1,1,P2224
Petróleos Paraguayos,Petróleos Paraguayos SA,1,alias,high,,,SA,Petróleos Paraguayos,,1,1,P2714
"Pipechina Yuedong LNG Co., Ltd.",Pipechina Yuedong LNG Co Ltd,1,rules,medium,form_punctuation,,Co Ltd,,,1,1,P4691
Power Sector Assets and Liabilities Management Corp (PSALM),Power Sector Assets and Liabilities Management Corp,1,alias,high,,E100000003830,Corp,Power Sector Assets and Liabilities Management Corp (PSALM),,1,1,P1085
Premier Transmission,Premier Transmission Holdings Ltd,1,alias,high,,E100001015898,Ltd,Premier Transmission,,1,1,P0716
RN-Sakhalinmorneftegaz OOO,RN-Sakhalinmorneftegaz LLC,1,rules,medium,form_russian|form_punctuation,,LLC,,,1,1,P3679
Refinor,Refinor SA,1,stem,medium,form_from_gazetteer,E100002004444,SA,,,1,1,P6152
Rhein-Main-Rohrleitungstransportgesellschaft (RMR),Rhein-Main-Rohrleitungstransportgesellschaft,1,rules,low,acronym_dropped|no_legal_form,,,RMR,,1,1,P5130
"Rockies Express Pipeline, LLC",Rockies Express Pipeline LLC,1,rules,medium,,,LLC,,,1,1,P7863
Rotterdam Antwerpen Pijpleiding (RAPL),Rotterdam Antwerpen Pijpleiding,1,rules,low,acronym_dropped|no_legal_form,,,RAPL,,1,1,P0812
SNGN RomGaz SA,Romgaz SA,1,alias,high,,,SA,SNGN RomGaz SA,,1,1,P0735
ST International,ST International Corp,1,stem,medium,form_from_gazetteer,E100000121239,Corp,,,1,1,P2639
Seven Group Holdings,Seven Group Holdings Ltd,1,alias,high,,E100001015391,Ltd,Seven Group Holdings,,1,1,P3216
"Shaanxi Meineng Clean Energy Corp,Ltd",Shaanxi Meineng Clean Energy Corp Ltd,1,exact,high,,E100001015395,Corp Ltd,,,1,1,P5055
Shanxi International Energy Group,Shanxi International Energy Group Co Ltd,1,stem,medium,group|form_from_gazetteer,E100000158197,Co Ltd,,,1,1,P5565
"Shanxi Jinsouthwest Natural Gas Co., Ltd.",Shanxi Jinsouthwest Natural Gas Co Ltd,1,rules,medium,form_punctuation,,Co Ltd,,,1,1,P5628
"Shanxi Natural Gas Co., Ltd.",Shanxi Natural Gas Co Ltd,1,rules,medium,form_punctuation|fuzzy_candidates,,Co Ltd,,Natural Gas Corporation Ltd,1,1,P5629
Shell Philippines Exploration BV (SPEX),Shell Philippines Exploration BV,1,rules,medium,acronym_dropped,,BV,SPEX,,1,1,P1087
Shinhan Financial Group,Shinhan Financial Group Co Ltd,1,stem,medium,group|form_from_gazetteer,E100001014681,Co Ltd,,,1,1,P2639
"Southern Natural Gas, L.L.C.",Southern Natural Gas LLC,1,rules,medium,form_punctuation,,LLC,,,1,1,P7855
Sudan Ministry of Energy and Mining,Ministry of Energy and Mining (Sudan),1,exact,high,state_body,E100001015759,,,,1,1,P2478
TIMOR GAP,Timor GAP EP,1,alias,high,,E100001015810,EP,TIMOR GAP,,1,1,P0903
Tatneft,Tatneft PJSC,1,alias,high,,E100000000881,PJSC,Tatneft,,1,1,P3703
Technoexportstroy,Technoexportstroy EAD,1,stem,medium,form_from_gazetteer,,EAD,,,1,1,P0667
Tohoku Electric Power,Tohoku Electric Power Co Inc,1,alias,high,,,Co Inc,Tohoku Electric Power,,1,1,P1050
Torrent Power Limited,Torrent Power Ltd,1,exact,high,form_long,E100000001941,Ltd,,,1,1,P1435
Trans-Anatolian Pipeline Company (TAPCO),Trans-Anatolian Pipeline Co,1,rules,medium,acronym_dropped|form_long,,Co,TAPCO,,1,1,P0662
TransAlta,TransAlta Corp,1,alias,high,,,Corp,TransAlta,,1,1,P1156
Transgaz,Transgaz SA,1,alias,high,,,SA,Transgaz,,1,1,P0681
Transportadora de Gas del Norte SA (TGN),Transportadora de Gas del Norte SA,1,rules,medium,acronym_dropped,,SA,TGN,,1,1,P5779
Uniper,Uniper SE,1,alias,high,,E100000000457,SE,Uniper,,1,1,P1729
Vedanta Resources,Vedanta Resources Ltd,1,stem,medium,form_from_gazetteer,E100000121514,Ltd,,,1,1,P0939
Venoil S.A.,Venoil SA,1,rules,medium,form_punctuation,,SA,,,1,1,P5458
"Weihai Natural Gas Pipeline Network Co., Ltd.",Weihai Natural Gas Pipeline Network Co Ltd,1,rules,medium,form_punctuation|fuzzy_candidates,,Co Ltd,,Natural Gas Pipeline Network Group Co Ltd,1,1,P7609
Western Midstream,Western Midstream Partners LP,1,alias,high,,E100001016035,LP,Western Midstream,,1,1,P2597
"Wuhai Huayou Natural Gas Co., Ltd.",Wuhai Huayou Natural Gas Co Ltd,1,rules,medium,form_punctuation,,Co Ltd,,,1,1,P7111
Wärtsilä,Wärtsilä Oyj,1,stem,medium,form_from_gazetteer,E100000000773,Oyj,,,1,1,P1376
"XINYANG FORTUNE GAS CO., LTD.",XINYANG FORTUNE GAS Co Ltd,1,rules,medium,form_punctuation,,Co Ltd,,,1,1,P8085
Xcel Energy,Xcel Energy Inc,1,alias,high,,E100000001329,Inc,Xcel Energy,,1,1,P0329
Âmbar Energia,Âmbar Energia SA,1,stem,medium,form_from_gazetteer,E100000004389,SA,,,1,1,P1258
Gazprom PJSC,Gazprom PJSC,0,exact,high,,E100000001492,PJSC,,,290,290,P0449 P0663 P0667 P0734 P0736 P0737 P0738 P0740 P0743 P0744 P0746 P0750 P0751 P0755 P0756 P0758 P0761 P0765 P0767 P0768 P0769 P0774 P0775 P0776 P0779 P0783 P0788 P0789 P0790 P0791 P0793 P0806 P0828 P1368 P1439 P1440 P1446 P1455 P1456 P1457 P1465 P1466 P1470 P1471 P1475 P1476 P1477 P1485 P1687 P1805 P2027 P2282 P2283 P2285 P2286 P2287 P2288 P2289 P2291 P2292 P2296 P2297 P2298 P2309 P2310 P2312 P2313 P2315 P2320 P2321 P2322 P2326 P2327 P2335 P2336 P2337 P2339 P2340 P2341 P2342 P2343 P2346 P2348 P2350 P2351 P2352 P2353 P2355 P2357 P2362 P2364 P2365 P2366 P2370 P2371 P2372 P2375 P2376 P2378 P2379 P2380 P2381 P2383 P2385 P2387 P2388 P2390 P2424 P2425 P2426 P2429 P2430 P2432 P2433 P2435 P2440 P2447 P2450 P2458 P2459 P2703 P2705 P2706 P2707 P3174 P3176 P3208 P3367 P3368 P3369 P3370 P3483 P3484 P3486 P3493 P3500 P3506 P3507 P3603 P3604 P3607 P3894 P3895 P3971 P3972 P3973 P3974 P3975 P3976 P3977 P3978 P3979 P3980 P3981 P3982 P3990 P3991 P3992 P3996 P3997 P3998 P4012 P4013 P4044 P4056 P4063 P4076 P4077 P4078 P4080 P4083 P4085 P4092 P4093 P4094 P4095 P4096 P4109 P4110 P4111 P4112 P4130 P4131 P4132 P4142 P4143 P4144 P4145 P4146 P4147 P4148 P4149 P4150 P4156 P4166 P4167 P4171 P4172 P4210 P4311 P5168 P5402 P5403 P5404 P5409 P5414 P5510 P5517 P5521 P5534 P5535 P5537 P5538 P5539 P5541 P5542 P5543 P5551 P5553 P5585 P5589 P5590 P5612 P5621 P5654 P5655 P5656 P5665 P5686 P5695 P5712 P5714 P5715 P5716 P5717 P5743 P5744 P5745 P5746 P5770 P5771 P5875 P5938 P6085 P6086 P6087 P6098 P6099 P6100 P6103 P6106 P6107 P6108 P6109 P6110 P6111 P6112 P6114 P6115 P6116 P6117 P6118 P6155 P6537 P6635 P6674 P6675 P6967 P6968 P7020 P7021 P7022 P7027 P7028 P7029 P7030 P7032 P7104 P7187 P7256 P7263 P7266 P7267 P7537 P7538 P7559 P7560 P7600 P7612 P7615
Snam Rete Gas SpA,Snam Rete Gas SpA,0,rules,medium,alias_candidate,,SpA,,Snam SpA,129,129,P1344 P1691 P2236 P2728 P2755 P2757 P2758 P2759 P2760 P2781 P2784 P2790 P2808 P2809 P2811 P2812 P2817 P2818 P2819 P2823 P2825 P2826 P2827 P2834 P2837 P2838 P2839 P2872 P2876 P2877 P2883 P2902 P2916 P2917 P2936 P2950 P2951 P2953 P2956 P2957 P2958 P2962 P2965 P2969 P2971 P2985 P2986 P2988 P2989 P2990 P2991 P3000 P3001 P3003 P3009 P3010 P3013 P3014 P3015 P3017 P3022 P3023 P3024 P3032 P3038 P3055 P3056 P3057 P3058 P3071 P3072 P3074 P3076 P3096 P3097 P3104 P3105 P3106 P3107 P3108 P3203 P4273 P4274 P4275 P4276 P4278 P4279 P4280 P4281 P4282 P4283 P4284 P4285 P4286 P4287 P4288 P4289 P4290 P4291 P4292 P4293 P4294 P4295 P4296 P4297 P4298 P4299 P4300 P4301 P4302 P4303 P4304 P4305 P4306 P4307 P4308 P4309 P4310 P4312 P4313 P4314 P4315 P4316 P4317 P4318 P4319 P4320 P4321 P4464
Libyan National Oil Corp,Libyan National Oil Corp,0,rules,medium,fuzzy_candidates,,Corp,,National Oil,80,80,P0439 P0482 P0483 P0484 P0583 P0584 P0585 P0586 P0587 P0588 P0589 P0590 P0591 P0592 P0593 P0594 P0595 P0596 P0597 P0598 P0599 P0600 P0601 P0602 P0603 P0604 P0605 P0606 P0607 P0608 P0609 P0610 P0611 P1789 P1855 P1856 P1857 P1858 P1859 P1860 P1861 P1862 P1863 P1864 P1865 P1866 P1867 P1868 P1869 P1870 P1871 P1872 P3702 P3716 P3718 P3719 P3987 P3988 P5214 P5215 P5218 P5219 P5220 P5225 P5237 P5238 P6433 P6440 P6441 P6443 P6444 P6445 P6457 P6709 P6714 P6715 P6716 P7971 P7972 P7973
ADNOC,ADNOC,0,exact,high,,E100000191068,,,,66,66,P0514 P0515 P0516 P0517 P0523 P0639 P0640 P0641 P0642 P5669 P5670 P5683 P5684 P5685 P5687 P5688 P5689 P5690 P5691 P5693 P5697 P5699 P5702 P5703 P5704 P5705 P5711 P7214 P7215 P7216 P7217 P7218 P7221 P7223 P7225 P7226 P7227 P7228 P7229 P7230 P7231 P7233 P7234 P7235 P7236 P7237 P7238 P7239 P7240 P7242 P7246 P7248 P7249 P7250 P7251 P7252 P7253 P7254 P7255 P7261 P7262 P7264 P7265 P7682 P7683 P7684
National Pipe Network Group North Pipeline Co Ltd,National Pipe Network Group North Pipeline Co Ltd,0,rules,medium,,,Co Ltd,,,63,63,P0889 P1493 P1496 P1503 P1504 P1505 P2024 P2393 P2394 P2396 P2397 P2398 P2399 P2400 P2401 P2408 P2410 P2411 P2412 P2413 P2414 P2415 P2416 P2417 P3730 P3731 P3732 P3733 P3742 P3744 P3745 P3755 P3756 P4482 P4483 P4484 P4485 P4486 P4526 P4562 P4604 P4605 P4613 P4995 P4996 P5004 P5005 P5006 P5007 P5008 P5009 P5011 P5061 P5062 P5064 P5065 P5078 P5090 P5092 P5513 P5884 P6446 P8062
China Sinopec Pipeline Storage and Transportation Co Ltd,China Sinopec Pipeline Storage and Transportation Co Ltd,0,rules,medium,,,Co Ltd,,,52,52,P1408 P1494 P1497 P1498 P1499 P1500 P2391 P2392 P2403 P2404 P2405 P2406 P2407 P2419 P2420 P2421 P2722 P3734 P3735 P3736 P3737 P3738 P3739 P3751 P3758 P3759 P3761 P3762 P3763 P3764 P3765 P3766 P3767 P3768 P3769 P3770 P3771 P3772 P3773 P3774 P3775 P3776 P3777 P3781 P3783 P3784 P3785 P3786 P3818 P5057 P6270 P6299
QazaqGaz,QazaqGaz,0,rules,low,no_legal_form,,,,,42,42,P0739 P0761 P0791 P1124 P1476 P2030 P2289 P2291 P2292 P2299 P2300 P3273 P3944 P3946 P3947 P3948 P3955 P3956 P3963 P3964 P3965 P3999 P5695 P5770 P5771 P5772 P5776 P5777 P5783 P5784 P5788 P5789 P5810 P5901 P5927 P5928 P6712 P6830 P6831 P6834 P7819 P8082
Eni SpA,Eni SpA,0,exact,high,,E100000000610,SpA,,,39,39,P0439 P0484 P0588 P0589 P0601 P0606 P0607 P0612 P0615 P0617 P0620 P0622 P0628 P0671 P0725 P0736 P1133 P1192 P1257 P1598 P1855 P1858 P1859 P5125 P5132 P6036 P6037 P6263 P6264 P6265 P6266 P6281 P6445 P6709 P6714 P6715 P6716 P7776 P7928
Bulgartransgaz,Bulgartransgaz,0,rules,low,no_legal_form,,,,,38,38,P0699 P0803 P1336 P1337 P1694 P1695 P1696 P1697 P2036 P2084 P2085 P2086 P2087 P2088 P2089 P2090 P2091 P2846 P2899 P2907 P2912 P2993 P3048 P3109 P3110 P3335 P3494 P3725 P4045 P4340 P4465 P5301 P5897 P5898 P5899 P5900 P6904 P6905
Gas Transmission System Operator of Ukraine,Gas Transmission System Operator of Ukraine,0,rules,low,no_legal_form,,,,,37,37,P0761 P0768 P0774 P0775 P0776 P0777 P0778 P0779 P0780 P0783 P0784 P0786 P0787 P0788 P0789 P0790 P1451 P1452 P1453 P1454 P1455 P1457 P1460 P1462 P1463 P1465 P1480 P1481 P1483 P1488 P1489 P1773 P3063 P3381 P3382 P3484 P5938
APA Group,APA Group,0,exact,high,,E100000001768,,,,35,35,P0493 P1128 P1135 P1136 P1154 P1159 P1163 P1170 P1177 P1178 P1180 P1182 P1183 P1186 P1188 P1191 P1194 P1198 P1305 P1362 P2076 P3215 P3218 P3372 P3591 P3648 P3650 P3651 P3652 P5957 P5979 P5991 P7490 P7491 P7497
National Petroleum and Natural Gas Pipeline Network Group Co Ltd,National Petroleum and Natural Gas Pipeline Network Group Co Ltd,0,exact,high,,E100000001595,Co Ltd,,,35,35,P4661 P4663 P4665 P4666 P4733 P4734 P4735 P4736 P4793 P4794 P4795 P4796 P4797 P4866 P4868 P4869 P4870 P4872 P4873 P4952 P5058 P5095 P5307 P5308 P5309 P5310 P5861 P5862 P5908 P5909 P5910 P5911 P5923 P5996 P6383
TotalEnergies SE,TotalEnergies SE,0,exact,high,,E100000000387,SE,,,35,35,P0437 P0514 P0515 P0516 P0517 P0531 P0538 P0540 P0585 P0586 P0590 P0591 P0592 P0603 P0607 P0608 P0609 P0610 P0981 P1144 P1157 P1219 P1276 P1624 P1860 P1861 P1894 P2082 P2200 P3716 P3855 P3987 P3988 P4195 P4209
Egyptian General Petroleum Corp,Egyptian General Petroleum Corp,0,exact,high,,E100000001860,Corp,,,34,34,P0572 P3691 P3692 P3693 P3701 P3719 P5125 P7315 P7316 P7318 P7319 P7320 P7321 P7325 P7326 P7327 P7328 P7329 P7330 P7331 P7332 P7333 P7334 P7335 P7337 P7338 P7339 P7340 P7341 P7342 P7343 P7363 P7364 P7365
Gasunie Transport Services,Gasunie Transport Services,0,rules,low,no_legal_form,,,,,34,33,P1623 P2763 P2793 P2848 P2849 P2865 P2882 P2921 P2949 P2954 P2984 P3007 P3011 P3012 P3035 P3036 P3037 P3082 P3085 P3086 P3087 P3098 P3099 P4220 P4221 P4222 P4223 P4224 P4225 P4226 P4227 P4228 P4229
PTT Public Co Ltd,PTT Public Co Ltd,0,rules,medium,,,Co Ltd,,,33,33,P0975 P1100 P1101 P1102 P1103 P1104 P1105 P1106 P1107 P1108 P1109 P1110 P1111 P1112 P1113 P1114 P1115 P1116 P1117 P1118 P1119 P1121 P1122 P1123 P1442 P2482 P2484 P4253 P4254 P4255 P4256 P4257 P4258
National Pipe Network Group Southwest Pipeline Co Ltd,National Pipe Network Group Southwest Pipeline Co Ltd,0,rules,medium,,,Co Ltd,,,31,31,P0890 P4487 P4488 P4489 P4490 P4493 P4494 P4495 P4496 P4497 P4498 P4499 P4513 P4668 P4716 P4719 P4723 P4940 P4941 P4942 P4989 P5671 P5678 P7568 P7581 P7582 P7583 P7584 P7585 P7586 P7587
Cenit SAS,Cenit SAS,0,rules,medium,,,SAS,,,29,29,P1234 P1235 P1236 P1237 P1238 P1379 P5341 P5384 P5385 P5386 P5387 P5388 P5389 P5390 P5391 P5392 P5393 P5394 P6186 P6187 P6188 P6189 P6190 P6191 P6192 P6193 P6271 P6272 P6280
PT Pertamina Gas,PT Pertamina Gas,0,rules,low,no_legal_form|fuzzy_candidates,,,,PT Pertamina Gas Negara Tbk,28,28,P0958 P0961 P0963 P0964 P0965 P0966 P0967 P0968 P0970 P0977 P0978 P0979 P0982 P0983 P0987 P2218 P5718 P5752 P5753 P5755 P5756 P5757 P5758 P5759 P5760 P5761 P5762 P5764
China Petroleum & Chemical Corp,China Petroleum & Chemical Corp,0,exact,high,,E100001014455,Corp,,,27,27,P3740 P3820 P3821 P5204 P5221 P6269 P6295 P6310 P6311 P6333 P6360 P6377 P6421 P6422 P6427 P6429 P6462 P6463 P6464 P6465 P7384 P7388 P7389 P7390 P7392 P7398 P7399
Egyptian Natural Gas Holding Co,Egyptian Natural Gas Holding Co,0,exact,high,,E100000000610,Co,,,27,27,P0436 P3343 P3346 P3366 P3659 P3928 P3929 P3930 P3931 P3932 P5132 P6032 P6033 P6034 P6035 P6036 P6037 P6697 P6698 P6699 P6700 P6701 P6702 P6703 P6704 P7482 P7567
China National Petroleum Corp,China National Petroleum Corp,0,exact,high,,E100000180733,Corp,,,26,26,P0456 P0533 P0575 P0576 P1124 P1328 P2249 P2479 P2480 P3895 P4874 P4877 P5179 P6404 P6411 P6412 P6413 P6414 P6415 P6416 P6417 P6418 P6419 P6420 P6466 P6467
Florida Gas Transmission Co LLC,Florida Gas Transmission Co LLC,0,rules,medium,,,Co LLC,,,26,26,P0190 P2529 P2594 P2627 P2738 P3192 P3242 P4028 P4029 P4030 P4031 P4032 P4033 P4034 P4035 P4036 P4037 P4038 P4039 P4040 P4050 P4051 P4059 P4060 P5548 P7824
West to East Gas Transmission Branch of National Petroleum Pipeline Network Group Co Ltd,West to East Gas Transmission Branch of National Petroleum Pipeline Network Group Co Ltd,0,rules,medium,,,Co Ltd,,,26,26,P4522 P4523 P4524 P4543 P4659 P4712 P4834 P4909 P4924 P4926 P4929 P4930 P4935 P4936 P4937 P4938 P4939 P4943 P4944 P4945 P4946 P4949 P5084 P5620 P5920 P7613
INPEX Corp,INPEX Corp,0,exact,high,,E100000000638,Corp,,,25,25,P0981 P0998 P1006 P1023 P1028 P1030 P1033 P1038 P1039 P1046 P1047 P1048 P1051 P1057 P1058 P1133 P1219 P1545 P1546 P1547 P1548 P1549 P1550 P2217 P6825
Gas Networks Ireland,Gas Networks Ireland,0,rules,low,no_legal_form,,,,,24,24,P1332 P1343 P2779 P2828 P2829 P2835 P2836 P4348 P7113 P7119 P7120 P7121 P7126 P7127 P7133 P7134 P7135 P7136 P7137 P7138 P7139 P7140 P7141 P7142
Kuwait Petroleum Co,Kuwait Petroleum Co,0,rules,medium,form_conflict|fuzzy_candidates,,Co,,Kuwait Petroleum Corp,24,24,P7152 P7153 P7154 P7157 P7158 P7161 P7164 P7165 P7166 P7167 P7168 P7169 P7170 P7171 P7172 P7173 P7174 P7175 P7176 P7177 P7178 P7179 P7180 P7181
Boardwalk Pipeline Partners,Boardwalk Pipeline Partners,0,rules,low,no_legal_form,,,,,23,23,P0196 P0197 P0198 P0263 P2518 P2547 P2561 P2637 P3194 P5926 P5932 P5939 P5967 P5968 P5969 P5974 P5975 P5976 P7780 P7784 P7794 P7810 P7815
Uztransgaz,Uztransgaz,0,rules,low,no_legal_form,,,,,23,23,P0739 P1124 P2289 P2291 P2299 P2300 P3983 P3984 P4071 P4072 P4073 P5695 P5770 P5771 P5810 P5870 P6933 P6934 P6935 P6936 P6937 P6963 P8090
Anhui Province Natural Gas Development Co Ltd,Anhui Province Natural Gas Development Co Ltd,0,exact,high,,E100001014124,Co Ltd,,,22,22,P4584 P4585 P4586 P4589 P4592 P4593 P4594 P4595 P4596 P4600 P4603 P5586 P5587 P5592 P5597 P5599 P5602 P5603 P5604 P5613 P5637 P7536
China National Petroleum Corp Southwest Oil and Gas Field Branch,China National Petroleum Corp Southwest Oil and Gas Field Branch,0,rules,low,no_legal_form,,,,,22,22,P4568 P5012 P5013 P5014 P5015 P5024 P5025 P5026 P5028 P5679 P5734 P5735 P5736 P5737 P5738 P5739 P5741 P5751 P5769 P5805 P5807 P5808
NOVA Gas Transmission Ltd,NOVA Gas Transmission Ltd,0,rules,medium,,,Ltd,,,22,22,P0232 P0331 P2005 P2006 P2007 P3195 P3277 P3608 P3609 P3610 P3611 P3612 P3613 P3614 P3615 P3616 P3617 P3618 P3639 P3640 P3641 P7128
ONEOK Inc,ONEOK Inc,0,exact,high,,E100001015278,Inc,,,22,22,P0038 P0095 P0195 P0214 P0278 P0286 P2099 P2601 P2602 P2677 P2688 P2690 P2695 P5664 P7274 P7275 P7276 P7287 P7317 P7367 P7822 P7837
OQGN,OQGN,0,rules,low,no_legal_form,,,,,22,22,P0491 P2259 P5682 P5747 P5925 P5971 P5972 P5973 P7150 P7718 P7719 P7722 P7744 P7746 P7748 P7753 P7754 P7757 P7758 P7759 P7760 P7761
Shanxi Natural Gas Co Ltd,Shanxi Natural Gas Co Ltd,0,rules,medium,fuzzy_candidates,,Co Ltd,,Natural Gas Corporation Ltd,22,22,P4625 P4628 P4630 P4631 P5313 P5556 P5557 P5558 P5559 P5560 P5567 P5568 P5569 P5571 P5572 P5573 P5574 P5575 P5581 P5582 P5639 P5640
National Pipeline Network Group Zhejiang Natural Gas Pipeline Network Co Ltd,National Pipeline Network Group Zhejiang Natural Gas Pipeline Network Co Ltd,0,rules,medium,fuzzy_candidates,,Co Ltd,,National Petroleum and Natural Gas Pipeline Network Group Co Ltd,21,21,P4835 P4836 P4837 P4839 P4840 P4841 P4842 P4843 P4844 P4846 P4848 P4849 P4850 P4851 P4852 P4853 P4854 P5915 P5916 P5919 P5921
Plinovodi doo,Plinovodi doo,0,rules,medium,,,doo,,,21,21,P1342 P1708 P1711 P2467 P3024 P3606 P3970 P4326 P4327 P4328 P4329 P4330 P4331 P4333 P5527 P5528 P5529 P5530 P5531 P5532 P6906
Transco,Transco,0,rules,low,no_legal_form,,,,,21,21,P0271 P2524 P2538 P2544 P2545 P2574 P2600 P2607 P2733 P3199 P3200 P3201 P3296 P3669 P5520 P7108 P7792 P7800 P7805 P7808 P7814
General Petroleum Co,General Petroleum Co,0,rules,medium,fuzzy_candidates,,Co,,Egyptian General Petroleum Corp,20,20,P3933 P3934 P3935 P3936 P3937 P3938 P6685 P6686 P6687 P6688 P6689 P6692 P6693 P7567 P7572 P7574 P7577 P7578 P7589 P7914
KazTransOil JSC,KazTransOil JSC,0,exact,high,,E100001015202,JSC,,,20,20,P0649 P5138 P5141 P5142 P5193 P5194 P5201 P5203 P6166 P6268 P6282 P6362 P6382 P6384 P6397 P6398 P6399 P6402 P6405 P7268
Turkmengaz,Turkmengaz,0,exact,high,,E100001015990,,,,20,20,P0740 P0742 P0745 P0749 P0766 P1124 P2030 P2291 P2292 P2299 P2300 P2492 P4048 P4049 P5770 P5771 P5937 P6848 P6936 P6937
YPFB Transporte,YPFB Transporte,0,rules,low,no_legal_form,,,,,20,20,P3113 P3114 P3115 P3116 P3117 P3118 P3119 P3120 P3121 P3122 P3123 P3124 P3125 P3213 P5425 P5426 P5427 P5428 P5429 P7653
China Petroleum West Pipeline Co Ltd,China Petroleum West Pipeline Co Ltd,0,rules,medium,,,Co Ltd,,,19,19,P0888 P0901 P1495 P1501 P1502 P2114 P2115 P2422 P3749 P3750 P3752 P4742 P4743 P4744 P4861 P4862 P4908 P4933 P4947
PetroChina Co Ltd,PetroChina Co Ltd,0,exact,high,,E100000000245,Co Ltd,,,19,19,P6040 P6358 P6403 P6428 P6430 P6439 P7375 P7376 P7377 P7379 P7380 P7381 P7382 P7383 P7385 P7386 P7387 P7391 P7393
QatarEnergy,QatarEnergy,0,exact,high,,E100000000846,,,,18,18,P0632 P0633 P0634 P0635 P6363 P6364 P6365 P6366 P6367 P6368 P6371 P6372 P6373 P6380 P6381 P6387 P7904 P7984
Santos Ltd,Santos Ltd,0,exact,high,,E100001015045,Ltd,,,18,18,P0876 P1077 P1133 P1144 P1146 P1152 P1157 P1172 P1202 P1209 P1213 P1292 P2070 P4209 P5437 P5878 P7205 P7206
Shanxi Guoxin Energy Corp Ltd,Shanxi Guoxin Energy Corp Ltd,0,rules,medium,form_conflict,,Corp Ltd,,Shanxi Guoxin Energy Co Ltd,18,18,P4623 P4624 P4626 P4627 P4629 P4632 P4634 P4636 P4637 P4638 P4640 P4641 P4642 P4643 P4645 P4646 P5314 P5315
Georgian Oil and Gas Corp,Georgian Oil and Gas Corp,0,rules,medium,fuzzy_candidates,,Corp,,Georgian Oil,17,17,P0735 P1472 P4211 P4219 P4231 P4232 P4233 P4234 P4235 P4236 P4237 P4238 P4239 P4240 P4241 P4242 P5875
Nigerian National Petroleum Corp,Nigerian National Petroleum Corp,0,rules,medium,fuzzy_candidates,,Corp,,National Petroleum,17,17,P0460 P0463 P0486 P0487 P0488 P0489 P0490 P0534 P0612 P0613 P0615 P0618 P0620 P1313 P2256 P4185 P7099
FGSZ,FGSZ,0,rules,low,no_legal_form,,,,,16,16,P0681 P0728 P0762 P1331 P1340 P1341 P2209 P2466 P2782 P2783 P2885 P2886 P2904 P2973 P3069 P3968
Phillips 66,Phillips 66,0,exact,high,,E100000001282,,,,16,16,P0006 P0072 P0246 P1310 P2111 P2517 P2608 P3863 P3864 P3865 P5829 P5830 P5831 P6525 P7990 P7993
Shandong Ganglianhua Pipeline Oil Transportation Co Ltd,Shandong Ganglianhua Pipeline Oil Transportation Co Ltd,0,rules,medium,,,Co Ltd,,,16,16,P1406 P1407 P3797 P3798 P3799 P3800 P3801 P3802 P3803 P3805 P3806 P3807 P3808 P3809 P3810 P3867
CDPQ,CDPQ,0,rules,low,no_legal_form,,,,,15,15,P1267 P1284 P2716 P2718 P3126 P3127 P3132 P3133 P3134 P3135 P3136 P7787 P7788 P7789 P7791
Equinor Energy AS,Equinor Energy AS,0,exact,high,,E100001014692,AS,,,15,15,P0714 P0771 P0798 P2258 P3510 P3516 P3517 P3518 P3519 P3520 P5147 P5148 P5150 P5151 P5153
FIP (Fundo de Investimentos em Participações Multiestratégia),FIP (Fundo de Investimentos em Participações Multiestratégia),0,rules,low,no_legal_form|fuzzy_candidates,,,,Agroenergia Fundo de Investimentos em Participações Multiestratégia,14,14,P3163 P7726 P7733 P7734 P7735 P7736 P7737 P7738 P7739 P7740 P7741 P7742 P7743 P7747
Gassled,Gassled,0,rules,low,no_legal_form,,,,,14,14,P0458 P0689 P0690 P0704 P0712 P0729 P0814 P1895 P3509 P3512 P3513 P3514 P3515 P3958
Hess Corp,Hess Corp,0,exact,high,,E100001011267,Corp,,,14,14,P0585 P0586 P0591 P0592 P0603 P0607 P0608 P0609 P0610 P1860 P1861 P3716 P3987 P3988
Itaúsa SA,Itaúsa SA,0,exact,high,,E100001014730,SA,,,14,14,P3163 P7726 P7733 P7734 P7735 P7736 P7737 P7738 P7739 P7740 P7741 P7742 P7743 P7747
NaTran,NaTran,0,rules,low,no_legal_form,,,,,14,14,P2708 P2709 P2918 P2935 P2970 P3062 P3081 P4084 P4188 P4193 P4194 P5119 P5497 P7451
Open Grid Europe,Open Grid Europe,0,rules,low,no_legal_form,,,,,14,14,P1688 P2203 P2204 P2205 P2861 P2874 P2925 P3914 P4463 P5119 P5488 P5489 P5490 P7564
Hebei Natural Gas Co Ltd,Hebei Natural Gas Co Ltd,0,rules,medium,fuzzy_candidates,,Co Ltd,,Natural Gas Corporation Ltd,13,13,P4800 P4804 P4805 P4806 P4808 P4809 P5723 P5724 P5725 P5726 P5728 P5729 P5775
Indian Oil Corp,Indian Oil Corp,0,rules,medium,form_conflict|fuzzy_candidates,,Corp,,Indian Oil Corp Ltd,13,13,P0908 P0917 P0922 P0941 P0946 P0951 P0952 P2210 P2213 P3889 P5411 P5412 P6081
Kuwait Petroleum Corp,Kuwait Petroleum Corp,0,exact,high,,E100001015356,Corp,,,13,13,P1389 P1980 P1981 P1982 P5833 P5854 P5858 P5871 P5893 P5894 P5903 P5904 P6559
Petoro AS,Petoro AS,0,exact,high,,E100000000771,AS,,,13,13,P0680 P0700 P0714 P0717 P0720 P0771 P0798 P3519 P3520 P5150 P5151 P5152 P5153
Petrochina Beijing Gas Pipeline Co Ltd,Petrochina Beijing Gas Pipeline Co Ltd,0,rules,medium,,,Co Ltd,,,13,13,P4573 P4574 P4575 P4799 P5029 P5030 P5031 P5032 P5033 P5034 P5035 P5036 P5093
Australian Gas Infrastructure Group,Australian Gas Infrastructure Group,0,rules,low,group|no_legal_form,,,,,12,12,P1137 P1200 P2069 P3217 P3292 P3634 P3635 P3636 P3637 P3638 P3645 P3656
ETP Legacy,ETP Legacy,0,rules,low,no_legal_form,,,,,12,12,P0180 P0189 P0203 P0213 P0244 P0265 P0268 P0273 P0274 P0298 P5823 P5849
Gujarat State Petronet,Gujarat State Petronet,0,rules,low,no_legal_form,,,,,12,12,P0905 P0908 P0927 P0937 P0938 P0941 P3602 P3909 P3910 P3911 P3913 P5411
IEnova,IEnova,0,rules,low,no_legal_form,,,,,12,12,P0257 P0422 P0424 P0427 P0431 P1263 P1264 P1274 P1279 P2245 P2247 P4183
IGI Poseidon SA,IGI Poseidon SA,0,rules,medium,,,SA,,,12,12,P0696 P0747 P0827 P1345 P1692 P3206 P6889 P6890 P6891 P6892 P6893 P6894
Mid-America Pipeline Co LLC,Mid-America Pipeline Co LLC,0,rules,medium,,,Co LLC,,,12,12,P6506 P6507 P6508 P6509 P6510 P6511 P6512 P6513 P6514 P6515 P6516 P6517
National Gas Co of Trinidad and Tobago,National Gas Co of Trinidad and Tobago,0,rules,low,no_legal_form|fuzzy_candidates,,,,National Gas Company of Trinidad and Tobago Ltd,12,12,P1255 P1259 P1380 P1381 P1382 P5464 P7916 P7917 P7918 P7919 P7920 P7921
Northern Natural Gas,Northern Natural Gas,0,rules,low,no_legal_form,,,,,12,12,P2578 P2579 P2603 P2734 P3942 P3943 P4458 P4459 P4460 P4461 P7771 P7772
eustream,eustream,0,rules,low,no_legal_form,,,,,12,12,P0803 P1329 P1489 P2778 P2801 P2903 P2904 P2975 P2996 P3063 P3073 P4334
DESFA SA,DESFA SA,0,rules,medium,,,SA,,,11,11,P0667 P0762 P1628 P2761 P2762 P2797 P2908 P4045 P4361 P4362 P4364
Entreprise Tunisienne d'Activités Pétrolières,Entreprise Tunisienne d'Activités Pétrolières,0,exact,high,,E100001014690,,,,11,11,P0513 P5442 P7895 P7896 P7899 P7900 P7901 P7902 P7903 P7905 P7907
Gas Connect Austria GmbH,Gas Connect Austria GmbH,0,rules,medium,,,GmbH,,,11,11,P0802 P1342 P1655 P1693 P2992 P3967 P3970 P4335 P4336 P4337 P5522
Jiangsu Natural Gas Co Ltd,Jiangsu Natural Gas Co Ltd,0,rules,medium,,,Co Ltd,,,11,11,P4650 P4651 P4652 P5906 P5912 P5913 P7432 P7535 P7542 P7548 P7558
Nigerian Gas Co,Nigerian Gas Co,0,rules,medium,,,Co,,,11,11,P0438 P1875 P1876 P1877 P1878 P1879 P1880 P1881 P1882 P1883 P1884
Norilsktransgaz JSC,Norilsktransgaz JSC,0,rules,medium,,,JSC,,,11,11,P1325 P1647 P1705 P1706 P1707 P5666 P5667 P5668 P6133 P6683 P6684
NuStar Energy,NuStar Energy,0,rules,low,no_legal_form,,,,,11,11,P0102 P2623 P2642 P2656 P2657 P5478 P5479 P5480 P6484 P6486 P6492
ONTRAS,ONTRAS,0,rules,low,no_legal_form,,,,,11,11,P0688 P1735 P2974 P4243 P4244 P4247 P4260 P4261 P4262 P4263 P5493
OQ,OQ,0,exact,high,,E100000188965,,,,10,10,P0550 P0629 P0630 P0631 P0956 P2260 P6485 P7201 P7202 P7203
Phillips 66 Partners,Phillips 66 Partners,0,rules,low,no_legal_form|alias_candidate,,,,Phillips 66,10,10,P0042 P0350 P2504 P3592 P3593 P3835 P3836 P3837 P3838 P3839
Qatargas,Qatargas,0,rules,low,no_legal_form,,,,,10,10,P4006 P4007 P4151 P4152 P4153 P4154 P4155 P4375 P4376 P4377
YPF SA,YPF SA,0,exact,high,,E100000000013,SA,,,10,10,P1222 P1239 P5446 P5447 P5448 P5449 P5450 P5451 P5452 P7776
ANR Pipeline Co,ANR Pipeline Co,0,rules,medium,,,Co,,,9,9,P0152 P2501 P2530 P3186 P3187 P4380 P5547 P6584 P7793
GASCADE Gastransport GmbH,GASCADE Gastransport GmbH,0,rules,medium,,,GmbH,,,9,9,P0688 P0703 P0707 P0715 P0721 P0730 P0769 P2862 P6039
North Atlantic Treaty Organization,North Atlantic Treaty Organization,0,exact,high,,E100001015579,,,,9,9,P0797 P0820 P0821 P0822 P0823 P0824 P0825 P0826 P2195
Pembina Pipeline Corp,Pembina Pipeline Corp,0,exact,high,,E100000000127,Corp,,,9,9,P0023 P0237 P0391 P2105 P2106 P2107 P2108 P2109 P2731
Philippine National Oil Co,Philippine National Oil Co,0,exact,high,,E100001000691,Co,,,9,9,P1079 P1080 P1081 P1082 P1083 P1088 P1089 P1090 P1091
Sakhatransneftegaz JSC,Sakhatransneftegaz JSC,0,rules,medium,,,JSC,,,9,9,P2334 P3361 P3364 P3365 P6691 P6694 P6695 P6696 P6710
Shandong Binhai Hongrun Pipeline Logistics Co Ltd,Shandong Binhai Hongrun Pipeline Logistics Co Ltd,0,rules,medium,,,Co Ltd,,,9,9,P3795 P3796 P6185 P6303 P6304 P6305 P6306 P6308 P6309
Shandong Natural Gas Pipeline Co Ltd,Shandong Natural Gas Pipeline Co Ltd,0,rules,medium,alias_candidate,,Co Ltd,,National Petroleum and Natural Gas Pipeline Network Group Co Ltd,9,9,P4610 P4611 P4612 P4615 P4617 P5304 P5305 P5306 P5407
Shandong United Energy Pipeline Transportation Co Ltd,Shandong United Energy Pipeline Transportation Co Ltd,0,rules,medium,,,Co Ltd,,,9,9,P1417 P3788 P3789 P3790 P3791 P3792 P3793 P3794 P6302
Terranets BW,Terranets BW,0,rules,low,no_legal_form,,,,,9,9,P4251 P4252 P4265 P7510 P7516 P7519 P7520 P7521 P7576
Thyssengas,Thyssengas,0,rules,low,no_legal_form,,,,,9,9,P1688 P2860 P3046 P4245 P4246 P4248 P4250 P4463 P7596
Bayernets,Bayernets,0,rules,low,no_legal_form,,,,,8,8,P2201 P2866 P2910 P2926 P3034 P4000 P4264 P7593
Beach Energy Ltd,Beach Energy Ltd,0,exact,high,,E100001014283,Ltd,,,8,8,P1134 P1209 P1214 P1215 P1364 P3646 P3647 P7529
Columbia Gas Transmission LLC,Columbia Gas Transmission LLC,0,rules,medium,,,LLC,,,8,8,P0169 P2009 P2516 P2556 P3188 P3189 P4446 P4447
DCP Midstream LLC,DCP Midstream LLC,0,rules,medium,form_conflict,,LLC,,DCP Midstream LP,8,8,P0359 P3592 P3593 P3835 P3836 P3837 P3838 P3839
EP Petroecuador,EP Petroecuador,0,exact,high,,E100001010998,,,,8,8,P1231 P1232 P1839 P5342 P6315 P6316 P6317 P6330
Gomeltransneft Druzhba JSC,Gomeltransneft Druzhba JSC,0,rules,medium,,,JSC,,,8,8,P0653 P2021 P3715 P5134 P5189 P5190 P6307 P7280
Jemena,Jemena,0,rules,low,no_legal_form,,,,,8,8,P1143 P1149 P1153 P1196 P1359 P1361 P2073 P5848
National Pipe Network Group Guizhou Pipe Network Co Ltd,National Pipe Network Group Guizhou Pipe Network Co Ltd,0,rules,medium,,,Co Ltd,,,8,8,P4957 P4958 P4960 P4961 P4963 P4969 P4970 P4972
Novatek PJSC,Novatek PJSC,0,exact,high,,E100000152472,PJSC,,,8,8,P6124 P6128 P6129 P6130 P6140 P6158 P6159 P6160
Oil and Natural Gas Corp Ltd,Oil and Natural Gas Corp Ltd,0,exact,high,,E100000000524,Corp Ltd,,,8,8,P0926 P0928 P0939 P0944 P3646 P3855 P5191 P5192
Oleoductos del Valle SA,Oleoductos del Valle SA,0,rules,medium,,,SA,,,8,8,P1240 P2034 P5459 P5460 P5461 P5462 P6127 P6138
PipeChina,PipeChina,0,rules,low,no_legal_form,,,,,8,8,P0527 P1508 P2299 P2300 P2395 P7700 P7720 P7732
WBI Energy,WBI Energy,0,rules,low,no_legal_form|fuzzy_candidates,,,,Energy,8,8,P0281 P0367 P3162 P3584 P3585 P3586 P3587 P3588
Athabasca Indigenous Investments,Athabasca Indigenous Investments,0,rules,low,no_legal_form,,,,,7,7,P0002 P0034 P0035 P2095 P2104 P5356 P6487
Bridger Pipeline LLC,Bridger Pipeline LLC,0,rules,medium,,,LLC,,,7,7,P1310 P2535 P2653 P6541 P6542 P6543 P6544
Egyptian General Petroleum Corporation (EGPC),Egyptian General Petroleum Corporation (EGPC),0,exact,high,,E100000192378,,,,7,7,P7965 P7975 P7976 P7977 P7978 P7979 P8001
Fluxys,Fluxys,0,rules,low,no_legal_form|fuzzy_candidates,,,,Fluxys BBL BV,7,7,P0688 P3203 P5500 P5501 P5502 P5503 P6039
Gasgrid Finland Oy,Gasgrid Finland Oy,0,exact,high,,E100001014810,Oy,,,7,7,P2891 P2900 P2901 P2942 P2943 P2944 P2945
National Pipeline Network Group Northern Pipeline Co Ltd,National Pipeline Network Group Northern Pipeline Co Ltd,0,rules,medium,,,Co Ltd,,,7,7,P6235 P6676 P6677 P6678 P6679 P6680 P6681
PetroVietnam,PetroVietnam,0,rules,low,no_legal_form,,,,,7,7,P1126 P1127 P1490 P2699 P2700 P2701 P5796
REN Gasodutos SA,REN Gasodutos SA,0,rules,medium,,,SA,,,7,7,P1673 P1674 P1675 P1676 P2476 P2732 P3066
Shell Midstream Partners LP,Shell Midstream Partners LP,0,rules,medium,fuzzy_candidates,,LP,,EQM Midstream Partners LP,7,7,P0037 P0089 P0106 P2038 P2546 P2587 P7394
State Pipe Network Group Xinjiang Coal To Natural Gas Export Pipeline Co Ltd,State Pipe Network Group Xinjiang Coal To Natural Gas Export Pipeline Co Ltd,0,rules,medium,,,Co Ltd,,,7,7,P4747 P4748 P4749 P4750 P4751 P4752 P4753
BPCL Group,BPCL Group,0,rules,low,group|no_legal_form,,,,,6,6,P0908 P0941 P0956 P3855 P5411 P6088
Grand Prix Pipeline LLC,Grand Prix Pipeline LLC,0,rules,medium,,,LLC,,,6,6,P2678 P2691 P3822 P3823 P3824 P6524
Guangxi Guangtou Natural Gas Pipeline Network Co Ltd,Guangxi Guangtou Natural Gas Pipeline Network Co Ltd,0,rules,medium,fuzzy_candidates,,Co Ltd,,Natural Gas Pipeline Network Group Co Ltd,6,6,P4724 P4725 P4726 P4728 P4729 P4730
Guizhou Dongli Energy Investment Co Ltd,Guizhou Dongli Energy Investment Co Ltd,0,rules,medium,,,Co Ltd,,,6,6,P4974 P4980 P4981 P4982 P4992 P4993
Huaihe Energy Gas Group Co Ltd,Huaihe Energy Gas Group Co Ltd,0,exact,high,,E100000123295,Co Ltd,,,6,6,P4580 P4582 P4597 P4598 P4599 P5626
Karachaganak Petroleum Operating BV,Karachaganak Petroleum Operating BV,0,rules,medium,,,BV,,,6,6,P5202 P6119 P6120 P6121 P6122 P6123
MOL Group,MOL Group,0,exact,high,,E100000189712,,,,6,6,P0803 P2021 P5133 P5137 P5146 P5154
Naturgy,Naturgy,0,rules,low,no_legal_form,,,,,6,6,P1262 P2049 P2055 P5132 P6036 P6037
Petrochina Shandong Natural Gas Pipeline Ltd,Petrochina Shandong Natural Gas Pipeline Ltd,0,rules,medium,,,Ltd,,,6,6,P4607 P4608 P4609 P4618 P4619 P4803
Tallgrass Pony Express Pipeline LLC,Tallgrass Pony Express Pipeline LLC,0,rules,medium,,,LLC,,,6,6,P0117 P2515 P2585 P2593 P2725 P3183
Teréga,Teréga,0,rules,low,no_legal_form,,,,,6,6,P1314 P1590 P3378 P4186 P5119 P7452
WhiteWater Midstream,WhiteWater Midstream,0,rules,low,no_legal_form,,,,,6,6,P1299 P2498 P2499 P3882 P7831 P7837
Apache Corp,Apache Corp,0,exact,high,,E100001014128,Corp,,,5,5,P0474 P0476 P0572 P1152 P3688
BYMA-Bolsas y Mercados Argentinos SA,BYMA-Bolsas y Mercados Argentinos SA,0,rules,medium,fuzzy_candidates,,SA,,Bolsas y Mercados Argentinos SA,5,5,P1248 P1249 P1250 P1370 P2711
CGC (Compañía General de Combustibles),CGC (Compañía General de Combustibles),0,rules,low,no_legal_form|fuzzy_candidates,,,,Compañía General de Combustibles SA,5,5,P1276 P1287 P5455 P5456 P5457
CapeOmega,CapeOmega,0,rules,low,no_legal_form,,,,,5,5,P0700 P0714 P0720 P3519 P3520
Carolina Gas Transmission LLC,Carolina Gas Transmission LLC,0,rules,medium,,,LLC,,,5,5,P2649 P3221 P4381 P4382 P4420
Cenagas,Cenagas,0,rules,low,no_legal_form|fuzzy_candidates,,,,Enagás SA,5,5,P0412 P0417 P0419 P2246 P8081
Chernomortransneft JSC,Chernomortransneft JSC,0,rules,medium,,,JSC,,,5,5,P2323 P2330 P2338 P2359 P6104
China Petroleum Pipeline Transportation Co Ltd,China Petroleum Pipeline Transportation Co Ltd,0,rules,medium,,,Co Ltd,,,5,5,P3811 P3812 P3813 P6182 P6183
Creos Luxembourg SA,Creos Luxembourg SA,0,rules,medium,,,SA,,,5,5,P4118 P4119 P4120 P4121 P4122
Enable Midstream Partners LP,Enable Midstream Partners LP,0,rules,medium,fuzzy_candidates,,LP,,EQM Midstream Partners LP,5,5,P0162 P0163 P0164 P0376 P2636
Esentia Energy Systems,Esentia Energy Systems,0,rules,low,no_legal_form,,,,,5,5,P0407 P0415 P0423 P0433 P0435
Hefei Heran China Resources Gas Co Ltd,Hefei Heran China Resources Gas Co Ltd,0,rules,medium,,,Co Ltd,,,5,5,P4601 P5636 P5638 P7526 P7527
Inner Mongolia Western Natural Gas Co Ltd,Inner Mongolia Western Natural Gas Co Ltd,0,rules,medium,,,Co Ltd,,,5,5,P4540 P4554 P4555 P4566 P4567
Kuwait Gulf Oil Co,Kuwait Gulf Oil Co,0,rules,medium,fuzzy_candidates,,Co,,Kuwait Oil Company Ltd,5,5,P2702 P5834 P6560 P7151 P7182
Mitsui Group,Mitsui Group,0,rules,low,group|no_legal_form,,,,,5,5,P1151 P1165 P1202 P1376 P3855
Myanma Oil and Gas Enterprise,Myanma Oil and Gas Enterprise,0,exact,high,,E100001015399,,,,5,5,P1071 P1072 P1073 P2252 P2253
National Oil Corp,National Oil Corp,0,exact,high,,E100001015251,Corp,,,5,5,P7352 P7353 P7354 P7355 P7356
Plains GP Holdings LP,Plains GP Holdings LP,0,exact,high,,E100001015850,LP,,,5,5,P0045 P0100 P1298 P2659 P2662
Tongren Energy Investment Group Co Ltd,Tongren Energy Investment Group Co Ltd,0,rules,medium,,,Co Ltd,,,5,5,P4976 P4979 P4984 P4985 P4986
Total E&P Norge AS,Total E&P Norge AS,0,rules,medium,,,AS,,,5,5,P0680 P0798 P5148 P5150 P5153
Transneft-Druzhba JSC,Transneft-Druzhba JSC,0,rules,medium,,,JSC,,,5,5,P0653 P5189 P5190 P5207 P7280
Transpetrol AS,Transpetrol AS,0,exact,high,,E100000000505,AS,,,5,5,P2021 P5133 P5146 P5322 P5323
Traverse,Traverse,0,rules,low,no_legal_form,,,,,5,5,P0392 P2438 P2604 P2635 P7801
Turkmennebit,Turkmennebit,0,exact,high,,E100000002139,,,,5,5,P6273 P6274 P6275 P6276 P6277
Whistler Pipeline LLC,Whistler Pipeline LLC,0,rules,medium,,,LLC,,,5,5,P0319 P3682 P3683 P3887 P4379
Yunnan Natural Gas Co Ltd,Yunnan Natural Gas Co Ltd,0,rules,medium,fuzzy_candidates,,Co Ltd,,Natural Gas Corporation Ltd,5,5,P4502 P4507 P4514 P4515 P4516
AstanaGaz KMG JSC,AstanaGaz KMG JSC,0,rules,medium,,,JSC,,,4,4,P3300 P3307 P3308 P3309
BHP Group Ltd,BHP Group Ltd,0,exact,high,,E100000000015,Ltd,,,4,4,P1210 P1211 P2075 P7259
Chinese Petroleum Corp,Chinese Petroleum Corp,0,rules,medium,,,Corp,,,4,4,P1095 P1096 P1097 P1098
Chongqing Gas Group Corp Ltd,Chongqing Gas Group Corp Ltd,0,exact,high,,E100000000180,Corp Ltd,,,4,4,P5021 P5672 P5673 P6587
DJ South Gathering LLC,DJ South Gathering LLC,0,rules,medium,,,LLC,,,4,4,P2503 P2654 P2658 P3681
Dongying Shenchi Warehousing Co Ltd,Dongying Shenchi Warehousing Co Ltd,0,rules,medium,,,Co Ltd,,,4,4,P6434 P6435 P6436 P6437
Driftwood Pipeline LLC,Driftwood Pipeline LLC,0,rules,medium,,,LLC,,,4,4,P0177 P3282 P7769 P7770
Eastern Gas Transmission and Storage Inc,Eastern Gas Transmission and Storage Inc,0,rules,medium,,,Inc,,,4,4,P3169 P3220 P4452 P7825
Empire Pipeline,Empire Pipeline,0,rules,low,no_legal_form,,,,,4,4,P0288 P2531 P2575 P6008
EnLink NGL Pipeline LP,EnLink NGL Pipeline LP,0,rules,medium,,,LP,,,4,4,P6490 P6497 P6498 P6499
Erdgas Ostschweitz AG,Erdgas Ostschweitz AG,0,rules,medium,,,AG,,,4,4,P4335 P4337 P4338 P4339
ExxonMobil Middle East Gas Marketing Ltd,ExxonMobil Middle East Gas Marketing Ltd,0,rules,medium,,,Ltd,,,4,4,P4001 P4002 P4003 P4004
Frontera Energy,Frontera Energy,0,rules,low,no_legal_form,,,,,4,4,P1236 P1379 P2032 P5400
Gazprom Neft PJSC,Gazprom Neft PJSC,0,exact,high,,E100001011300,PJSC,,,4,4,P2293 P2358 P5288 P5289
Genser Energy,Genser Energy,0,rules,low,no_legal_form,,,,,4,4,P4214 P4215 P4216 P4259
H-Energy,H-Energy,0,rules,low,no_legal_form|fuzzy_candidates,,,,Energy,4,4,P0931 P0935 P2214 P3334
Harvest Alaska LLC,Harvest Alaska LLC,0,rules,medium,,,LLC,,,4,4,P0135 P7461 P7463 P7983
Hocol SA,Hocol SA,0,rules,medium,,,SA,,,4,4,P1233 P1236 P1238 P5421
MVL,MVL,0,rules,low,no_legal_form,,,,,4,4,P5327 P5329 P5330 P5331
Moldovatransgaz,Moldovatransgaz,0,rules,low,no_legal_form,,,,,4,4,P5933 P5934 P5935 P5936
National Iranian Oil Engineering and Construction Co,National Iranian Oil Engineering and Construction Co,0,exact,high,,E100001015434,Co,,,4,4,P2221 P2222 P2223 P3848
National Pipe Network Group Southwest Oil and Gas Pipeline Co Ltd,National Pipe Network Group Southwest Oil and Gas Pipeline Co Ltd,0,rules,medium,fuzzy_candidates,,Co Ltd,,National Oil and Gas Pipeline Group,4,4,P1070 P7395 P7396 P7397
Navigator Energy Services,Navigator Energy Services,0,rules,low,no_legal_form,,,,,4,4,P0083 P1302 P1995 P7368
Nigeria LNG Ltd,Nigeria LNG Ltd,0,exact,high,,E100000003649,Ltd,,,4,4,P1885 P1886 P1887 P1888
Northern New England Investment Co,Northern New England Investment Co,0,rules,medium,,,Co,,,4,4,P0242 P2588 P2631 P3280
Partex,Partex,0,rules,low,no_legal_form,,,,,4,4,P0514 P0515 P0516 P0517
Permian Express Partners LLC,Permian Express Partners LLC,0,rules,medium,,,LLC,,,4,4,P0113 P2581 P2660 P2661
Perusahaan Gas Negara,Perusahaan Gas Negara,0,rules,low,no_legal_form,,,,,4,4,P0974 P0975 P0990 P2219
PetroChina Kunlun Gas Co Ltd,PetroChina Kunlun Gas Co Ltd,0,rules,medium,,,Co Ltd,,,4,4,P4858 P4920 P5100 P5966
PetroChina Xinjiang Oilfield Oil and Gas Storage and Transportation Branch,PetroChina Xinjiang Oilfield Oil and Gas Storage and Transportation Branch,0,rules,low,no_legal_form,,,,,4,4,P4737 P4738 P4739 P4740
Plains Midstream Canada ULC,Plains Midstream Canada ULC,0,rules,medium,,,ULC,,,4,4,P1316 P7872 P7873 P7874
Port Arthur Pipeline LLC,Port Arthur Pipeline LLC,0,rules,medium,,,LLC,,,4,4,P0241 P3197 P3198 P3590
Ratio Energies,Ratio Energies,0,rules,low,no_legal_form,,,,,4,4,P7602 P7603 P7604 P7606
Rizhao Gangda Pipeline Transportation Co Ltd,Rizhao Gangda Pipeline Transportation Co Ltd,0,rules,medium,,,Co Ltd,,,4,4,P1410 P3815 P6184 P7366
Rosneft PJSC,Rosneft PJSC,0,exact,high,,E100000000874,PJSC,,,4,4,P0660 P0667 P1127 P1824
Seaway Crude Pipeline Co LLC,Seaway Crude Pipeline Co LLC,0,rules,medium,,,Co LLC,,,4,4,P0126 P2441 P2610 P2611
Sempra Energy,Sempra Energy,0,exact,high,,E100000150238,,,,4,4,P0314 P0404 P2552 P2553
Shanxi Gas Industry Group Co Ltd,Shanxi Gas Industry Group Co Ltd,0,rules,medium,,,Co Ltd,,,4,4,P5577 P5578 P5579 P5580
TENP GmbH & Co KG,TENP GmbH & Co KG,0,rules,medium,,,GmbH & Co KG,,,4,4,P0723 P2046 P5499 P6884
Third Coast Midstream LLC,Third Coast Midstream LLC,0,rules,medium,,,LLC,,,4,4,P0175 P0187 P0294 P5881
Vostok Oil LLC,Vostok Oil LLC,0,rules,medium,,,LLC,,,4,4,P3675 P7155 P7156 P7160
West Texas LPG Pipeline LP,West Texas LPG Pipeline LP,0,rules,medium,,,LP,,,4,4,P3840 P3841 P3842 P6522
Yunnan Petro-China Kunlun Gas Co Ltd,Yunnan Petro-China Kunlun Gas Co Ltd,0,rules,medium,,,Co Ltd,,,4,4,P4491 P4492 P4520 P6031
Zhejiang Petroleum & Chemical Co Ltd,Zhejiang Petroleum & Chemical Co Ltd,0,exact,high,,E100000004373,Co Ltd,,,4,4,P6286 P6287 P6350 P6351
ANCAP,ANCAP,0,rules,low,no_legal_form,,,,,3,3,P1260 P5465 P5781
Alaska Gasline Development Corp,Alaska Gasline Development Corp,0,exact,high,,E100001014072,Corp,,,3,3,P0147 P0293 P6534
Alberta Investment Management Co,Alberta Investment Management Co,0,rules,medium,form_conflict|fuzzy_candidates,,Co,,Alberta Investment Management Corp,3,3,P0167 P2102 P7123
Alrosa-Gas JSC,Alrosa-Gas JSC,0,rules,medium,alias_candidate,,JSC,,Alrosa PJSC,3,3,P2431 P3175 P6682
Arm Energy Holdings LLC,Arm Energy Holdings LLC,0,rules,medium,fuzzy_candidates,,LLC,,Mark Energy Holdings LLC,3,3,P7834 P7835 P7836
Asociación Casanare,Asociación Casanare,0,rules,low,no_legal_form,,,,,3,3,P5383 P5396 P5397
Bangladesh Petroleum Corp,Bangladesh Petroleum Corp,0,rules,medium,fuzzy_candidates,,Corp,,Bangladesh Petroleum Corporation Corp,3,3,P0840 P0841 P0928
Black Bear Transmission LLC,Black Bear Transmission LLC,0,rules,medium,,,LLC,,,3,3,P0185 P0236 P2500
Buckeye Partners LP,Buckeye Partners LP,0,exact,high,,E100000136293,LP,,,3,3,P0132 P2739 P3825
CNOOC Ltd,CNOOC Ltd,0,exact,high,,E100001014354,Ltd,,,3,3,P0540 P1389 P4847
Caliber Midstream,Caliber Midstream,0,rules,low,no_legal_form,,,,,3,3,P5185 P5199 P5200
Capline Pipeline Co LLC,Capline Pipeline Co LLC,0,rules,medium,,,Co LLC,,,3,3,P0051 P2513 P3832
Carso Energy,Carso Energy,0,rules,low,no_legal_form,,,,,3,3,P0268 P0430 P2519
China National Petroleum Corporation The 12th Oil Production Plant of Changqing Oilfield Branch,China National Petroleum Corporation The 12th Oil Production Plant of Changqing Oilfield Branch,0,rules,low,no_legal_form,,,,,3,3,P6407 P6425 P6426
DTE Michigan Lateral Co,DTE Michigan Lateral Co,0,rules,medium,,,Co,,,3,3,P4449 P4450 P4451
Daqing Oilfield Co Ltd,Daqing Oilfield Co Ltd,0,rules,medium,,,Co Ltd,,,3,3,P3746 P3817 P5066
Distrigas SA,Distrigas SA,0,rules,medium,,,SA,,,3,3,P2063 P2064 P2065
Dolphin Energy,Dolphin Energy,0,rules,low,no_legal_form|fuzzy_candidates,,,,Blue Dolphin Energy Co,3,3,P2493 P2494 P4025
ENAP,ENAP,0,exact,high,,E100000188615,,,,3,3,P1239 P1262 P2049
ENH,ENH,0,rules,low,no_legal_form,,,,,3,3,P2249 P2251 P3855
ENSTAR Natural Gas Co,ENSTAR Natural Gas Co,0,rules,medium,fuzzy_candidates,,Co,,Natural Gas Corporation Ltd,3,3,P7456 P7458 P7464
Emirates National Oil Co,Emirates National Oil Co,0,rules,medium,form_conflict,,Co,,Emirates National Oil Company LLC,3,3,P0518 P7257 P7258
EnQuest Heather Ltd,EnQuest Heather Ltd,0,rules,medium,,,Ltd,,,3,3,P0672 P0817 P5175
Enable Gas Transmission LLC,Enable Gas Transmission LLC,0,rules,medium,,,LLC,,,3,3,P0161 P1294 P2560
Energinet,Energinet,0,rules,low,no_legal_form,,,,,3,3,P0684 P2194 P2901
Esso Australia Resources Pty Ltd,Esso Australia Resources Pty Ltd,0,rules,medium,,,Pty Ltd,,,3,3,P1210 P1211 P7259
Europe Asia Pipeline Co Ltd,Europe Asia Pipeline Co Ltd,0,exact,high,,E100000000587,Co Ltd,,,3,3,P0549 P5438 P5439
Exxon Neftegas Ltd,Exxon Neftegas Ltd,0,rules,medium,,,Ltd,,,3,3,P3678 P3720 P3721
Fermaca,Fermaca,0,rules,low,no_legal_form,,,,,3,3,P0286 P2601 P2602
GNI (UK),GNI (UK),0,rules,low,no_legal_form,,,,,3,3,P1733 P2730 P3522
GRTgaz,GRTgaz,0,rules,low,no_legal_form,,,,,3,3,P2914 P2961 P2981
Gasled,Gasled,0,rules,low,no_legal_form,,,,,3,3,P1770 P7443 P7444
Gasunie Deutschland,Gasunie Deutschland,0,rules,low,no_legal_form|form_ambiguous,,,,Gasunie Deutschland GmbH,3,3,P4201 P7591 P7592
Gaznat,Gaznat,0,rules,low,no_legal_form,,,,,3,3,P4188 P4193 P4194
Ghana National Gas Co,Ghana National Gas Co,0,rules,medium,,,Co,,,3,3,P2206 P2207 P2208
Government of Tanzania,Government of Tanzania,0,exact,high,,E100001014871,,,,3,3,P0539 P2481 P3344
Guangxi Guangtou Natural Gas Pipe Network Co Ltd,Guangxi Guangtou Natural Gas Pipe Network Co Ltd,0,rules,medium,,,Co Ltd,,,3,3,P7673 P7674 P7675
Guangxi Natural Gas Pipeline Co Ltd,Guangxi Natural Gas Pipeline Co Ltd,0,rules,medium,,,Co Ltd,,,3,3,P4715 P4718 P4721
Guizhou Kunlun Natural Gas Co Ltd,Guizhou Kunlun Natural Gas Co Ltd,0,rules,medium,,,Co Ltd,,,3,3,P4956 P4975 P6002
Hebei PetroChina Kunlun Natural Gas Co Ltd,Hebei PetroChina Kunlun Natural Gas Co Ltd,0,rules,medium,,,Co Ltd,,,3,3,P5765 P5766 P5773
Heilongjiang Natuial Gas Pipeline Network Co Ltd,Heilongjiang Natuial Gas Pipeline Network Co Ltd,0,rules,medium,,,Co Ltd,,,3,3,P5068 P5069 P5079
Henan Lantian Gas Co Ltd,Henan Lantian Gas Co Ltd,0,exact,high,,E100001014971,Co Ltd,,,3,3,P4812 P4814 P4823
Henan Natural Gas Pipeline Network Co Ltd,Henan Natural Gas Pipeline Network Co Ltd,0,rules,medium,fuzzy_candidates,,Co Ltd,,Natural Gas Pipeline Network Group Co Ltd,3,3,P4815 P4825 P4828
Honghe Nengtou Natural Gas Industry Development Co Ltd,Honghe Nengtou Natural Gas Industry Development Co Ltd,0,rules,medium,,,Co Ltd,,,3,3,P4503 P4508 P4509
Husky Energy,Husky Energy,0,rules,low,no_legal_form,,,,,3,3,P0026 P3927 P5144
Iroquois Pipeline Co,Iroquois Pipeline Co,0,rules,medium,,,Co,,,3,3,P0205 P2651 P3279
Jemena Northern Gas Pipeline Pty Ltd,Jemena Northern Gas Pipeline Pty Ltd,0,rules,medium,,,Pty Ltd,,,3,3,P1174 P2031 P3626
Jinhong Holding Group Co Ltd,Jinhong Holding Group Co Ltd,0,exact,high,,E100001015154,Co Ltd,,,3,3,P4898 P5311 P5312
KOGAS,KOGAS,0,rules,low,no_legal_form,,,,,3,3,P1144 P1157 P1440
Kansai Electric Power Co,Kansai Electric Power Co,0,exact,high,,E100000000646,Co,,,3,3,P1219 P5949 P5956
Kazakhstan-China Pipeline LLP,Kazakhstan-China Pipeline LLP,0,rules,medium,,,LLP,,,3,3,P0648 P5197 P7277
Kenai Beluga Pipeline LLC,Kenai Beluga Pipeline LLC,0,rules,medium,,,LLC,,,3,3,P7450 P7453 P7454
Liaoning Zhenhua Petroleum Pipeline Storage and Transportation Co Ltd,Liaoning Zhenhua Petroleum Pipeline Storage and Transportation Co Ltd,0,rules,medium,,,Co Ltd,,,3,3,P5186 P6153 P6154
Lukoil-KaliningradMorneft,Lukoil-KaliningradMorneft,0,rules,low,no_legal_form,,,,,3,3,P3696 P3697 P3698
MGI Enterprises US LLC,MGI Enterprises US LLC,0,rules,medium,,,LLC,,,3,3,P2613 P2614 P2615
Medallion Midstream LLC,Medallion Midstream LLC,0,exact,high,,E100001015292,LLC,,,3,3,P2012 P2663 P3826
Minnesota Pipe Line Co LLC,Minnesota Pipe Line Co LLC,0,rules,medium,,,Co LLC,,,3,3,P0099 P2741 P2742
Mountain Valley Pipeline LLC,Mountain Valley Pipeline LLC,0,rules,medium,,,LLC,,,3,3,P0220 P2567 P4456
NGL Supply Wholesale LLC,NGL Supply Wholesale LLC,0,rules,medium,,,LLC,,,3,3,P3828 P3829 P3830
Nanning Oil and Gas Transportation Branch of State Pipe Network Group Southwest Pipeline Co Ltd,Nanning Oil and Gas Transportation Branch of State Pipe Network Group Southwest Pipeline Co Ltd,0,rules,medium,,,Co Ltd,,,3,3,P4727 P4731 P4732
National Fuel Gas Supply Corp,National Fuel Gas Supply Corp,0,rules,medium,alias_candidate,,Corp,,National Fuel Gas Co,3,3,P2537 P6878 P7827
National Pipe Network Group North China Natural Gas Pipeline Co Ltd,National Pipe Network Group North China Natural Gas Pipeline Co Ltd,0,rules,medium,,,Co Ltd,,,3,3,P4921 P4922 P4923
National Pipe Network Group United Pipeline Co Ltd,National Pipe Network Group United Pipeline Co Ltd,0,rules,medium,,,Co Ltd,,,3,3,P4928 P4931 P4932
Noble Energy,Noble Energy,0,rules,low,no_legal_form|fuzzy_candidates,,,,Nobel Energy,3,3,P0473 P0480 P2199
Norske ConocoPhillips AS,Norske ConocoPhillips AS,0,rules,medium,alias_candidate,,AS,,ConocoPhillips Corp,3,3,P0680 P0771 P0798
OMERS,OMERS,0,rules,low,no_legal_form,,,,,3,3,P0044 P1993 P2506
ONGC Videsh Ltd,ONGC Videsh Ltd,0,rules,medium,,,Ltd,,,3,3,P3678 P3720 P3721
Overland Pass Pipeline Co LLC,Overland Pass Pipeline Co LLC,0,rules,medium,,,Co LLC,,,3,3,P7322 P7323 P7324
PGNiG Ustream Norway AS,PGNiG Ustream Norway AS,0,rules,medium,,,AS,,,3,3,P0717 P3519 P3520
PIMCO,PIMCO,0,rules,low,no_legal_form,,,,,3,3,P7834 P7835 P7836
PNG LNG,PNG LNG,0,rules,low,no_legal_form,,,,,3,3,P1076 P1078 P7159
Pacific Pipeline Co,Pacific Pipeline Co,0,rules,medium,,,Co,,,3,3,P7370 P7371 P7372
PetroChina Kunlun Gas and Electricity Co Ltd,PetroChina Kunlun Gas and Electricity Co Ltd,0,rules,medium,,,Co Ltd,,,3,3,P6804 P6805 P6829
Petronas Carigali Sdn Bhd,Petronas Carigali Sdn Bhd,0,exact,high,,E100002004960,Sdn Bhd,,,3,3,P7909 P7911 P7912
Plains Midstream Canada,Plains Midstream Canada,0,rules,low,no_legal_form,,,,,3,3,P6343 P6344 P6345
Qinghai Heze Gas Co Ltd,Qinghai Heze Gas Co Ltd,0,rules,medium,,,Co Ltd,,,3,3,P5060 P6836 P6837
RN-Astra,RN-Astra,0,rules,low,no_legal_form,,,,,3,3,P3678 P3720 P3721
Rio Tinto Group,Rio Tinto Group,0,rules,low,group|no_legal_form|fuzzy_candidates,,,,Rio Tinto Ltd,3,3,P1165 P1192 P1203
SEGAS,SEGAS,0,rules,low,no_legal_form,,,,,3,3,P5132 P6036 P6037
SODECO,SODECO,0,rules,low,no_legal_form,,,,,3,3,P3678 P3720 P3721
Sabal Trail Transmission LLC,Sabal Trail Transmission LLC,0,rules,medium,,,LLC,,,3,3,P0249 P2605 P2606
Sakhalinmorneftegaz-Shelf,Sakhalinmorneftegaz-Shelf,0,rules,low,no_legal_form,,,,,3,3,P3678 P3720 P3721
Seahawk Pipeline LLC,Seahawk Pipeline LLC,0,rules,medium,,,LLC,,,3,3,P3155 P3161 P3165
Sentinel Midstream LLC,Sentinel Midstream LLC,0,rules,medium,,,LLC,,,3,3,P3166 P3859 P3860
Shandong Jufei Port Affairs Co Ltd,Shandong Jufei Port Affairs Co Ltd,0,rules,medium,,,Co Ltd,,,3,3,P6327 P6328 P6329
Shandong Southeast Pipeline Natural Gas Co Ltd,Shandong Southeast Pipeline Natural Gas Co Ltd,0,rules,medium,,,Co Ltd,,,3,3,P4614 P4616 P5514
Shanghai Natural Gas Pipeline Network Co Ltd,Shanghai Natural Gas Pipeline Network Co Ltd,0,rules,medium,fuzzy_candidates,,Co Ltd,,Natural Gas Pipeline Network Group Co Ltd,3,3,P5980 P5981 P5982
Shanxi Linxian Guoxin Gas Co Ltd,Shanxi Linxian Guoxin Gas Co Ltd,0,rules,medium,alias_candidate,,Co Ltd,,Shanxi Guoxin Energy Co Ltd,3,3,P5566 P5608 P5609
Shell Pipeline Co LP,Shell Pipeline Co LP,0,rules,medium,,,Co LP,,,3,3,P2680 P7988 P7989
Sichuan Natural Gas Pipeline Investment Co Ltd,Sichuan Natural Gas Pipeline Investment Co Ltd,0,rules,medium,,,Co Ltd,,,3,3,P4677 P4678 P5768
Sinopec Wanneng Natural Gas Co Ltd,Sinopec Wanneng Natural Gas Co Ltd,0,rules,medium,,,Co Ltd,,,3,3,P4583 P4590 P4591
Sinopec Yu Ji Pipeline Co Ltd,Sinopec Yu Ji Pipeline Co Ltd,0,rules,medium,,,Co Ltd,,,3,3,P4754 P4755 P4756
South Caucasus Pipeline Co Ltd,South Caucasus Pipeline Co Ltd,0,rules,medium,,,Co Ltd,,,3,3,P0759 P4212 P4466
Southern Gas Corridor CJSC,Southern Gas Corridor CJSC,0,rules,medium,,,CJSC,,,3,3,P0763 P3204 P3205
Southern Star Central Gas Pipeline Inc,Southern Star Central Gas Pipeline Inc,0,rules,medium,,,Inc,,,3,3,P0253 P2564 P7826
State Grid Corporation Eastern Crude Oil Storage and Transportation Co Ltd,State Grid Corporation Eastern Crude Oil Storage and Transportation Co Ltd,0,rules,medium,,,Co Ltd,,,3,3,P2037 P6095 P6096
Sunoco LP,Sunoco LP,0,exact,high,,E100001015522,LP,,,3,3,P6491 P6493 P7350
TC PipeLines LP,TC PipeLines LP,0,rules,medium,,,LP,,,3,3,P0194 P0275 P3601
Texas Eastern Transmission LP,Texas Eastern Transmission LP,0,rules,medium,,,LP,,,3,3,P0043 P0323 P0365
Trafigura Group Pte Ltd,Trafigura Group Pte Ltd,0,exact,high,,E100001014301,Pte Ltd,,,3,3,P3863 P3864 P3865
Trans Austria Gasleitung GmbH,Trans Austria Gasleitung GmbH,0,rules,medium,,,GmbH,,,3,3,P0722 P5706 P5707
Transalpine Pipeline Group,Transalpine Pipeline Group,0,rules,low,group|no_legal_form,,,,,3,3,P0679 P5167 P6261
UCC Holding,UCC Holding,0,rules,low,no_legal_form,,,,,3,3,P5788 P6712 P6834
Venture Global LNG,Venture Global LNG,0,rules,low,no_legal_form|alias_candidate,,,,Venture Global Holdings Inc,3,3,P2536 P2737 P3589
Wintershall Dea Norge AS,Wintershall Dea Norge AS,0,exact,high,,E100001016077,AS,,,3,3,P3511 P5149 P5152
Wolf Midstream,Wolf Midstream,0,rules,low,no_legal_form,,,,,3,3,P3684 P3699 P3700
Wolf Midstream Partners LLC,Wolf Midstream Partners LLC,0,rules,medium,fuzzy_candidates,,LLC,,EQM Midstream Partners LP,3,3,P1304 P2101 P2599
Yuncheng Huaxin City Gas Co Ltd,Yuncheng Huaxin City Gas Co Ltd,0,rules,medium,,,Co Ltd,,,3,3,P5562 P5564 P5576
Zongyang Wanneng Energy Co Ltd,Zongyang Wanneng Energy Co Ltd,0,rules,medium,,,Co Ltd,,,3,3,P5634 P5635 P7525
AES Corp,AES Corp,0,exact,high,,E100000001305,Corp,,,2,2,P1287 P5796
ANSES-Administración Nacional de la Seguridad Social,ANSES-Administración Nacional de la Seguridad Social,0,rules,low,no_legal_form,,,,,2,2,P1370 P2711
Aker BP ASA,Aker BP ASA,0,exact,high,,E100001014067,ASA,,,2,2,P5149 P5150
Alashankou Duo'adu Pipeline Co Ltd,Alashankou Duo'adu Pipeline Co Ltd,0,rules,medium,,,Co Ltd,,,2,2,P6336 P6337
Alliance Canada,Alliance Canada,0,rules,low,no_legal_form,,,,,2,2,P0151 P3184
Alliance USA,Alliance USA,0,rules,low,no_legal_form,,,,,2,2,P0151 P3184
Allianz SE,Allianz SE,0,exact,high,,,SE,,,2,2,P0719 P0720
Amberjack Pipeline Co LLC,Amberjack Pipeline Co LLC,0,rules,medium,,,Co LLC,,,2,2,P0036 P3694
Anhui Huishang Great Wall Energy Co Ltd,Anhui Huishang Great Wall Energy Co Ltd,0,rules,medium,,,Co Ltd,,,2,2,P4658 P5591
Atlantic Coast Pipeline LLC,Atlantic Coast Pipeline LLC,0,rules,medium,,,LLC,,,2,2,P0155 P2622
Australia Pacific LNG,Australia Pacific LNG,0,rules,low,no_legal_form,,,,,2,2,P1130 P1162
BANGL LLC,BANGL LLC,0,rules,medium,,,LLC,,,2,2,P2679 P6523
BG Group,BG Group,0,rules,low,group|no_legal_form,,,,,2,2,P0280 P1260
BG Overseas Holdings Ltd,BG Overseas Holdings Ltd,0,rules,medium,fuzzy_candidates,,Ltd,,Shell Overseas Holdings Ltd,2,2,P0646 P2044
BP Developments Australia Pty Ltd,BP Developments Australia Pty Ltd,0,rules,medium,,,Pty Ltd,,,2,2,P5954 P5955
BP Trinidad and Tobago,BP Trinidad and Tobago,0,rules,low,no_legal_form,,,,,2,2,P7922 P7923
Basra Oil Co,Basra Oil Co,0,exact,high,,E100001014277,Co,,,2,2,P0575 P0576
Blue Energy,Blue Energy,0,rules,low,no_legal_form,,,,,2,2,P2071 P3214
Bolsas y Mercados Argentinos SA,Bolsas y Mercados Argentinos SA,0,exact,high,,,SA,,,2,2,P1251 P1270
Browse Joint Venture,Browse Joint Venture,0,rules,medium,jv,,,,,2,2,P5929 P5930
CHS Inc,CHS Inc,0,exact,high,,E100001014347,Inc,,,2,2,P0090 P0093
CIESA-Compañía de Inversiones de Energía SA,CIESA-Compañía de Inversiones de Energía SA,0,rules,medium,,,SA,,,2,2,P1370 P2711
CNOOC (China) Limited Zhanjiang Branch,CNOOC (China) Limited Zhanjiang Branch,0,rules,low,no_legal_form,,,,,2,2,P6354 P7374
CNOOC Energy Development Co Ltd,CNOOC Energy Development Co Ltd,0,rules,medium,fuzzy_candidates,,Co Ltd,,Jam Energy Development Co,2,2,P5962 P5963
CPC Co,CPC Co,0,rules,medium,form_conflict,,Co,,CPC Corp,2,2,P0646 P2044
CUPET,CUPET,0,rules,low,no_legal_form,,,,,2,2,P5463 P6301
Cameron Highway Oil Pipeline Co,Cameron Highway Oil Pipeline Co,0,rules,medium,,,Co,,,2,2,P0050 P3888
Camuzzi Gas Pampeana SA,Camuzzi Gas Pampeana SA,0,exact,high,,E100001014368,SA,,,2,2,P0409 P2062
Camuzzi Gas del Sur SA,Camuzzi Gas del Sur SA,0,rules,medium,,,SA,,,2,2,P2068 P2712
Carpentaria Gas Pipeline Joint Venture,Carpentaria Gas Pipeline Joint Venture,0,rules,medium,jv,,,,,2,2,P1139 P3643
Centurion Pipeline LP,Centurion Pipeline LP,0,rules,medium,,,LP,,,2,2,P0052 P3154
Ceylon Petroleum Corp,Ceylon Petroleum Corp,0,exact,high,,E100001014401,Corp,,,2,2,P1094 P2029
Chaparral Pipeline Co LLC,Chaparral Pipeline Co LLC,0,rules,medium,,,Co LLC,,,2,2,P3595 P3596
Chevron Australia Pty Ltd,Chevron Australia Pty Ltd,0,rules,medium,,,Pty Ltd,,,2,2,P5954 P5955
Chevron Caspian Pipeline Consortium Co,Chevron Caspian Pipeline Consortium Co,0,rules,medium,,,Co,,,2,2,P0646 P2044
China Petroleum Xinan Oil & Gas Field Co,China Petroleum Xinan Oil & Gas Field Co,0,rules,medium,,,Co,,,2,2,P5801 P7676
China United Coalbed Methane Corp Ltd,China United Coalbed Methane Corp Ltd,0,rules,medium,,,Corp Ltd,,,2,2,P5097 P5098
Comgás,Comgás,0,rules,low,no_legal_form,,,,,2,2,P7803 P7804
ConocoPhillips Skandinavia AS,ConocoPhillips Skandinavia AS,0,exact,high,,E100001014500,AS,,,2,2,P0700 P5148
DUET Group,DUET Group,0,rules,low,group|no_legal_form,,,,,2,2,P1148 P1156
Dakota Access,Dakota Access,0,rules,low,no_legal_form,,,,,2,2,P0057 P3179
Dalian Natural Gas High Pressure Pipeline Co Ltd,Dalian Natural Gas High Pressure Pipeline Co Ltd,0,rules,medium,,,Co Ltd,,,2,2,P5001 P5965
Delfin LNG LLC,Delfin LNG LLC,0,rules,medium,,,LLC,,,2,2,P0173 P0188
Dongying Haixin Storage Co Ltd,Dongying Haixin Storage Co Ltd,0,rules,medium,,,Co Ltd,,,2,2,P3779 P3780
Dujiangyan Irrigation Project Energy Gathering Gas Co Ltd,Dujiangyan Irrigation Project Energy Gathering Gas Co Ltd,0,rules,medium,,,Co Ltd,,,2,2,P7685 P7686
ENAP Magallanes,ENAP Magallanes,0,rules,low,no_legal_form,,,,,2,2,P7697 P7698
ENURA SpA,ENURA SpA,0,rules,medium,,,SpA,,,2,2,P2235 P6907
El Paso Corp,El Paso Corp,0,rules,medium,,,Corp,,,2,2,P0166 P0219
Emirates General Petroleum Corp,Emirates General Petroleum Corp,0,rules,medium,,,Corp,,,2,2,P0520 P5778
Emperor Energy Ltd,Emperor Energy Ltd,0,rules,medium,,,Ltd,,,2,2,P7488 P7489
Energean E&P Holdings Ltd,Energean E&P Holdings Ltd,0,rules,medium,,,Ltd,,,2,2,P0479 P0480
Energie Beheer Nederland BV,Energie Beheer Nederland BV,0,rules,medium,,,BV,,,2,1,P1624
Energy Spectrum Securities,Energy Spectrum Securities,0,rules,low,no_legal_form,,,,,2,2,P0386 P2041
Eni Australia BV,Eni Australia BV,0,rules,medium,,,BV,,,2,2,P7219 P7220
Eni Norge AS,Eni Norge AS,0,rules,medium,,,AS,,,2,2,P5148 P5151
Enshi Minsheng Natural Gas (Group) Co Ltd,Enshi Minsheng Natural Gas (Group) Co Ltd,0,rules,medium,,,Co Ltd,,,2,2,P4863 P4865
European Bank for Reconstruction and Development,European Bank for Reconstruction and Development,0,exact,high,,E100000001107,,,,2,2,P2278 P2747
ExxonMobil E&P Malaysia,ExxonMobil E&P Malaysia,0,rules,low,no_legal_form,,,,,2,2,P7909 P7911
ExxonMobil Pipeline Co,ExxonMobil Pipeline Co,0,rules,medium,,,Co,,,2,2,P0135 P0395
First Gas Ltd,First Gas Ltd,0,rules,medium,,,Ltd,,,2,2,P1205 P1206
Fluxys Interconnector Ltd,Fluxys Interconnector Ltd,0,rules,medium,,,Ltd,,,2,2,P0701 P3095
Fluxys UK Ltd,Fluxys UK Ltd,0,rules,medium,,,Ltd,,,2,2,P0701 P3095
Fortis BC,Fortis BC,0,rules,low,no_legal_form|fuzzy_candidates,,,,Fortis Co Ltd,2,2,P0178 P7122
Front Range Pipeline JV,Front Range Pipeline JV,0,rules,medium,jv,,JV,,,2,2,P2682 P2692
GEPetrol,GEPetrol,0,exact,high,,E100000000758,,,,2,2,P2199 P7099
Gas RES,Gas RES,0,rules,low,no_legal_form,,,,,2,2,P3311 P3384
GasInvest SA,GasInvest SA,0,rules,medium,,,SA,,,2,2,P1251 P1270
GasT TopCo,GasT TopCo,0,rules,low,no_legal_form,,,,,2,2,P0719 P0801
Gasbridge 1,Gasbridge 1,0,rules,low,no_legal_form,,,,,2,2,P0701 P3095
Gasbridge 2,Gasbridge 2,0,rules,low,no_legal_form,,,,,2,2,P0701 P3095
Gastrans,Gastrans,0,rules,low,no_legal_form,,,,,2,2,P1336 P3725
Gasunie Deutschland Transport Services GmbH,Gasunie Deutschland Transport Services GmbH,0,rules,medium,,,GmbH,,,2,2,P4249 P5494
Gator Express Pipeline LLC,Gator Express Pipeline LLC,0,rules,medium,,,LLC,,,2,2,P0193 P3193
Gazprom Kyrgyzstan,Gazprom Kyrgyzstan,0,rules,low,no_legal_form,,,,,2,2,P0739 P5810
Globaltec LLC,Globaltec LLC,0,exact,high,,E100001014859,LLC,,,2,2,P3896 P6150
Government of Azerbaijan,Government of Azerbaijan,0,exact,high,,E100001000250,,,,2,2,P0650 P0735
Government of Niger,Government of Niger,0,exact,high,,E100000131640,,,,2,2,P0533 P1328
Government of Pakistan,Government of Pakistan,0,exact,high,,E100001000370,,,,2,2,P3101 P3753
Government of Russia,Government of Russia,0,exact,high,,E100001000094,,,,2,2,P0655 P3101
Government of Zambia,Government of Zambia,0,exact,high,,E100001014872,,,,2,2,P0539 P2481
Guangxi Gas Group Co Ltd,Guangxi Gas Group Co Ltd,0,rules,medium,,,Co Ltd,,,2,2,P7689 P7690
Guiyang Oil and Gas Transportation Branch of State Pipe Network Group Southwest Pipeline Co Ltd,Guiyang Oil and Gas Transportation Branch of State Pipe Network Group Southwest Pipeline Co Ltd,0,rules,medium,,,Co Ltd,,,2,2,P4955 P4964
Gulf Coast Express Pipeline LLC,Gulf Coast Express Pipeline LLC,0,rules,medium,,,LLC,,,2,2,P0378 P3886
Harvest Midstream Co,Harvest Midstream Co,0,exact,high,,E100001014950,Co,,,2,2,P0350 P2548
Hebei Guochu Pipeline Investment Co Ltd,Hebei Guochu Pipeline Investment Co Ltd,0,rules,medium,,,Co Ltd,,,2,2,P4801 P5721
Hebei Kunlun Energy Co Ltd,Hebei Kunlun Energy Co Ltd,0,rules,medium,fuzzy_candidates,,Co Ltd,,Kunlun Energy Co Ltd,2,2,P4802 P5317
Henan Gas (Group) Co Ltd,Henan Gas (Group) Co Ltd,0,rules,medium,fuzzy_candidates,,Co Ltd,,Gas Group Co,2,2,P4819 P4832
Henan Wuzhou Energy Development Co Ltd,Henan Wuzhou Energy Development Co Ltd,0,rules,medium,fuzzy_candidates,,Co Ltd,,Jam Energy Development Co,2,2,P4821 P5794
Hunter Gas Pipeline Pty Ltd,Hunter Gas Pipeline Pty Ltd,0,rules,medium,,,Pty Ltd,,,2,2,P1179 P5896
INEOS,INEOS,0,exact,high,,E100000189181,,,,2,2,P0669 P6177
Imperial Energy Corp,Imperial Energy Corp,0,rules,medium,,,Corp,,,2,2,P3706 P3707
Inner Mongolia West Natural Gas Pipeline Operation Co Ltd,Inner Mongolia West Natural Gas Pipeline Operation Co Ltd,0,rules,medium,,,Co Ltd,,,2,2,P4531 P4550
Inner Mongolia Xinsheng Natural Gas Pipeline Co Ltd,Inner Mongolia Xinsheng Natural Gas Pipeline Co Ltd,0,rules,medium,,,Co Ltd,,,2,2,P4534 P4552
Intensity Infrastructure Partners LLC,Intensity Infrastructure Partners LLC,0,rules,medium,fuzzy_candidates,,LLC,,Argo Infrastructure Partners LP,2,2,P7782 P7783
Interstate Gas Systems,Interstate Gas Systems,0,rules,low,no_legal_form,,,,,2,2,P0766 P3173
Ipiranga Produtos de Petróleo SA,Ipiranga Produtos de Petróleo SA,0,rules,medium,,,SA,,,2,2,P3565 P3566
Ithaca SP E&P Ltd,Ithaca SP E&P Ltd,0,rules,medium,,,Ltd,,,2,2,P0805 P7145
Jemena Gas Networks (NSW) Ltd,Jemena Gas Networks (NSW) Ltd,0,rules,medium,,,Ltd,,,2,2,P3632 P3633
Jieyang PetroChina Kunlun Gas Co Ltd,Jieyang PetroChina Kunlun Gas Co Ltd,0,rules,medium,,,Co Ltd,,,2,2,P4706 P5964
Jilin Energy Group International Pipeline Co Ltd,Jilin Energy Group International Pipeline Co Ltd,0,rules,medium,,,Co Ltd,,,2,2,P4557 P4561
Jordanian Egyptian Fajr Natural Gas Co,Jordanian Egyptian Fajr Natural Gas Co,0,rules,medium,,,Co,,,2,2,P7511 P7539
KKR,KKR,0,exact,high,,,,,,2,2,P2697 P7123
Kazakhstan Pipeline Ventures LLC,Kazakhstan Pipeline Ventures LLC,0,rules,medium,,,LLC,,,2,2,P0646 P2044
Kern River Gas Transmission Co,Kern River Gas Transmission Co,0,rules,medium,,,Co,,,2,2,P0207 P3856
Kingston Midstream Westspur Ltd,Kingston Midstream Westspur Ltd,0,rules,medium,,,Ltd,,,2,2,P0029 P2093
LOTOS Exploration and Production Norge AS,LOTOS Exploration and Production Norge AS,0,exact,high,,E100001015215,AS,,,2,2,P0676 P5147
Lincang Nengxun Natural Gas Pipeline Co Ltd,Lincang Nengxun Natural Gas Pipeline Co Ltd,0,rules,medium,,,Co Ltd,,,2,2,P4501 P4505
LukArco BV,LukArco BV,0,rules,medium,,,BV,,,2,2,P0646 P2044
MedcoEnergi,MedcoEnergi,0,rules,low,no_legal_form,,,,,2,2,P0992 P6444
Mitsui Global Investment,Mitsui Global Investment,0,rules,low,no_legal_form|fuzzy_candidates,,,,Investment Global Co Ltd,2,2,P1129 P3646
MoGas Pipeline LLC,MoGas Pipeline LLC,0,rules,medium,,,LLC,,,2,2,P2565 P2566
Mobil Caspian Pipeline Co,Mobil Caspian Pipeline Co,0,rules,medium,,,Co,,,2,2,P0646 P2044
Mountaineer Gas Co,Mountaineer Gas Co,0,rules,medium,,,Co,,,2,2,P0307 P2040
MunayTas North-West Pipeline Co LLP,MunayTas North-West Pipeline Co LLP,0,rules,medium,,,LLP,,,2,2,P5198 P7278
NOMAGAS Skopje,NOMAGAS Skopje,0,rules,low,no_legal_form,,,,,2,2,P2462 P3488
NYSE-New York Stock Exchange,NYSE-New York Stock Exchange,0,exact,high,,E100001015415,,,,2,2,P1370 P2711
National Pipe Network Group Gansu Natural Gas Pipe Network Co Ltd,National Pipe Network Group Gansu Natural Gas Pipe Network Co Ltd,0,rules,medium,,,Co Ltd,,,2,2,P4910 P4911
National Pipe Network Group Tianjin Natural Gas Pipeline Co Ltd,National Pipe Network Group Tianjin Natural Gas Pipeline Co Ltd,0,rules,medium,fuzzy_candidates,,Co Ltd,,Natural Gas Pipeline Network Group Co Ltd,2,2,P4578 P4579
Netz Niederösterreich GmbH,Netz Niederösterreich GmbH,0,rules,medium,,,GmbH,,,2,2,P5507 P5508
North Baja Pipeline LLC,North Baja Pipeline LLC,0,rules,medium,,,LLC,,,2,2,P0226 P2569
North China Petroleum BUREAU of SINOPEC,North China Petroleum BUREAU of SINOPEC,0,rules,low,no_legal_form,,,,,2,2,P4535 P4536
North Huajin Chemical Industries Co Ltd,North Huajin Chemical Industries Co Ltd,0,exact,high,,E100000124164,Co Ltd,,,2,2,P6251 P7336
North Sea Infrastructure AS,North Sea Infrastructure AS,0,rules,medium,,,AS,,,2,2,P3519 P3520
Numaligarh Refinery Ltd,Numaligarh Refinery Ltd,0,exact,high,,,Ltd,,,2,2,P3843 P3845
OKEA AS,OKEA AS,0,rules,medium,form_conflict|alias_candidate,,AS,,OKEA ASA,2,2,P3508 P5152
Oil India Ltd,Oil India Ltd,0,exact,high,,E100000153028,Ltd,,,2,2,P0948 P0949
Origin Energy Ltd,Origin Energy Ltd,0,exact,high,,E100000000019,Ltd,,,2,2,P1189 P1209
Oryx Caspian Pipeline LLC,Oryx Caspian Pipeline LLC,0,rules,medium,,,LLC,,,2,2,P0646 P2044
Oryx Midstream,Oryx Midstream,0,rules,low,no_legal_form,,,,,2,2,P0399 P2042
PT Kalimantan Jawa Gas,PT Kalimantan Jawa Gas,0,rules,low,no_legal_form,,,,,2,2,P0971 P0972
PT Pertamina Hulu Energi,PT Pertamina Hulu Energi,0,rules,low,no_legal_form,,,,,2,2,P0959 P0960
PT Pertamina Pedeve,PT Pertamina Pedeve,0,rules,low,no_legal_form,,,,,2,2,P0959 P0960
Palisade Investment Partners Ltd,Palisade Investment Partners Ltd,0,rules,medium,,,Ltd,,,2,2,P1173 P1190
Panjin Liaodong Bay Port Co Ltd,Panjin Liaodong Bay Port Co Ltd,0,rules,medium,,,Co Ltd,,,2,2,P6200 P7929
Pasargad Energy Development Co,Pasargad Energy Development Co,0,rules,medium,fuzzy_candidates,,Co,,Taban Energy Pasargad Industries Development Co,2,2,P0450 P0451
PennEast Pipeline Co,PennEast Pipeline Co,0,rules,medium,,,Co,,,2,2,P0240 P3196
Permian Highway Pipeline LLC,Permian Highway Pipeline LLC,0,rules,medium,,,LLC,,,2,2,P0302 P3884
PetroChina Dagang Oilfield Branch,PetroChina Dagang Oilfield Branch,0,rules,low,no_legal_form,,,,,2,2,P4576 P4577
PetroMasila,PetroMasila,0,rules,low,no_legal_form,,,,,2,2,P0555 P0556
Phillips 66 Carrier LLC,Phillips 66 Carrier LLC,0,rules,medium,alias_candidate,,LLC,,Phillips 66,2,2,P7270 P7271
PipeChina Eastern Crude Oil Storage and Transportation Co Ltd,PipeChina Eastern Crude Oil Storage and Transportation Co Ltd,0,rules,medium,,,Co Ltd,,,2,2,P3782 P6298
Plantation Pipe Line Co,Plantation Pipe Line Co,0,rules,medium,,,Co,,,2,2,P0115 P3834
Producers Midstream,Producers Midstream,0,rules,low,no_legal_form,,,,,2,2,P7861 P7862
Qingyang Yongqing Natural Gas Group Co Ltd,Qingyang Yongqing Natural Gas Group Co Ltd,0,rules,medium,,,Co Ltd,,,2,2,P5648 P5658
Queensland Investment Corp,Queensland Investment Corp,0,rules,medium,,,Corp,,,2,2,P1169 P1185
Qujing Nengtou Natural Gas Industry Development Co Ltd,Qujing Nengtou Natural Gas Industry Development Co Ltd,0,rules,medium,,,Co Ltd,,,2,2,P4511 P4519
RAKGAS,RAKGAS,0,rules,low,no_legal_form,,,,,2,2,P0522 P7148
RWE AG,RWE AG,0,exact,high,,E100000000433,AG,,,2,2,P0720 P0729
Rainbow Energy Center LLC,Rainbow Energy Center LLC,0,exact,high,,E100001001392,LLC,,,2,2,P7782 P7783
Redexis Gas,Redexis Gas,0,rules,low,no_legal_form,,,,,2,2,P1596 P4425
Reliance Industries Ltd,Reliance Industries Ltd,0,exact,high,,E100000121175,Ltd,,,2,2,P0953 P3342
Repsol Exploração Brasil Ltda,Repsol Exploração Brasil Ltda,0,rules,medium,,,Ltda,,,2,2,P3565 P3566
Rosneft-Shell Caspian Ventures Ltd,Rosneft-Shell Caspian Ventures Ltd,0,rules,medium,,,Ltd,,,2,2,P0646 P2044
SK E&S Australia,SK E&S Australia,0,rules,low,no_legal_form,,,,,2,2,P2070 P5878
STACK Pipeline LLC,STACK Pipeline LLC,0,rules,medium,,,LLC,,,2,2,P2664 P2665
Saddlehorn Pipeline Co LLC,Saddlehorn Pipeline Co LLC,0,rules,medium,,,Co LLC,,,2,2,P0123 P2609
Salt Creek Midstream LLC,Salt Creek Midstream LLC,0,rules,medium,,,LLC,,,2,2,P1303 P2675
Samruk-Kazyna SWF JSC,Samruk-Kazyna SWF JSC,0,exact,high,,E100001015916,SWF JSC,,,2,2,P0740 P2492
SemGroup Corp,SemGroup Corp,0,rules,medium,,,Corp,,,2,2,P2641 P2697
Senex Energy Ltd,Senex Energy Ltd,0,rules,medium,,,Ltd,,,2,2,P1214 P1215
Shandong Gangyuan Pipeline Logistics Co Ltd,Shandong Gangyuan Pipeline Logistics Co Ltd,0,rules,medium,,,Co Ltd,,,2,2,P2418 P6157
Shanxi Guohua Energy Co Ltd,Shanxi Guohua Energy Co Ltd,0,rules,medium,,,Co Ltd,,,2,2,P4635 P4644
Shell Australia Pty Ltd,Shell Australia Pty Ltd,0,rules,medium,,,Pty Ltd,,,2,2,P5954 P5955
Ship Shoal Pipeline Co,Ship Shoal Pipeline Co,0,rules,medium,,,Co,,,2,2,P0128 P5477
Siemens AG,Siemens AG,0,exact,high,,E100000000436,AG,,,2,2,P7726 P7795
Siemens Energy,Siemens Energy,0,rules,low,no_legal_form|form_ambiguous|fuzzy_candidates,,,,Siemens Energy AG,2,2,P7726 P7795
Société du pipeline sud-européen,Société du pipeline sud-européen,0,rules,low,no_legal_form,,,,,2,2,P0678 P5143
Sonacol,Sonacol,0,rules,low,no_legal_form,,,,,2,2,P6259 P6260
Sonangol Pesquisa e Produção SA,Sonangol Pesquisa e Produção SA,0,rules,medium,,,SA,,,2,2,P0564 P0566
Southern Cone Energy Holding Co Inc,Southern Cone Energy Holding Co Inc,0,rules,medium,,,Co Inc,,,2,2,P1251 P1270
Strike Energy Ltd,Strike Energy Ltd,0,exact,high,,E100001015756,Ltd,,,2,2,P5876 P5877
Summit Midstream Partners LP,Summit Midstream Partners LP,0,exact,high,,E100001015779,LP,,,2,2,P0061 P5727
SunVit Pipeline LLC,SunVit Pipeline LLC,0,rules,medium,,,LLC,,,2,2,P0104 P2580
Swedegas,Swedegas,0,rules,low,no_legal_form,,,,,2,2,P2744 P2745
Tallyman AS,Tallyman AS,0,exact,high,,,AS,,,2,2,P0720 P0729
Targa Resources Corp,Targa Resources Corp,0,exact,high,,E100002004313,Corp,,,2,2,P7991 P7995
Tecpetrol,Tecpetrol,0,rules,low,no_legal_form,,,,,2,2,P1276 P5451
Texas Express Pipeline LLC,Texas Express Pipeline LLC,0,rules,medium,,,LLC,,,2,2,P2683 P2693
Thappline,Thappline,0,rules,low,no_legal_form,,,,,2,2,P1443 P1445
Tongliao Longshengfeng Natural Gas Co Ltd,Tongliao Longshengfeng Natural Gas Co Ltd,0,rules,medium,,,Co Ltd,,,2,2,P4544 P4994
Total E&P Indonésie,Total E&P Indonésie,0,rules,low,no_legal_form,,,,,2,2,P0959 P0960
Total Gas & Power Brazil,Total Gas & Power Brazil,0,rules,low,no_legal_form,,,,,2,2,P3565 P3566
TotalEnergies E&P UK Ltd,TotalEnergies E&P UK Ltd,0,rules,medium,fuzzy_candidates,,Ltd,,TotalEnergies E&P North Sea UK Ltd,2,2,P0805 P1815
Trans Mountain Corp,Trans Mountain Corp,0,rules,medium,,,Corp,,,2,2,P0032 P0033
Trans-Asia Gas Pipeline Co Ltd,Trans-Asia Gas Pipeline Co Ltd,0,rules,medium,,,Co Ltd,,,2,2,P2030 P3273
Trans-Mediterranean Pipeline Co,Trans-Mediterranean Pipeline Co,0,rules,medium,,,Co,,,2,2,P6649 P6650
TransCanada PipeLines Ltd,TransCanada PipeLines Ltd,0,rules,medium,,,Ltd,,,2,2,P0160 P0191
TransGas Ltd,TransGas Ltd,0,rules,medium,,,Ltd,,,2,2,P7131 P7132
Transgasindo TGI,Transgasindo TGI,0,rules,low,no_legal_form,,,,,2,2,P0969 P0988
Trigas,Trigas,0,rules,low,no_legal_form,,,,,2,2,P1262 P2049
Vista Energy Argentina SAU,Vista Energy Argentina SAU,0,rules,medium,,,SAU,,,2,2,P6101 P6105
Vår Energi AS,Vår Energi AS,0,exact,high,,E100001012563,AS,,,2,2,P0700 P5147
W-Stream Caspian Pipeline Co Ltd,W-Stream Caspian Pipeline Co Ltd,0,rules,medium,fuzzy_candidates,,Co Ltd,,W-Stream Pipeline Co Ltd,2,2,P0764 P3915
WestSide Energy,WestSide Energy,0,rules,low,no_legal_form,,,,,2,2,P1129 P1151
Westcoast Energy Inc,Westcoast Energy Inc,0,rules,medium,,,Inc,,,2,2,P7129 P7130
Western Concessions Private Ltd,Western Concessions Private Ltd,0,rules,medium,,,Ltd,,,2,2,P0913 P0930
Western Gas,Western Gas,0,exact,high,,E100001016033,,,,2,2,P2074 P5694
Wintershall Energía,Wintershall Energía,0,rules,low,no_legal_form,,,,,2,2,P1260 P2082
Yemen LNG,Yemen LNG,0,rules,low,no_legal_form,,,,,2,2,P7624 P7627
Yugorosgas,Yugorosgas,0,rules,low,no_legal_form,,,,,2,2,P4371 P4372
Yunnan Energy Investment Group Co Ltd,Yunnan Energy Investment Group Co Ltd,0,exact,high,,E100000000307,Co Ltd,,,2,2,P4500 P4504
Yuxi Nengtou Natural Gas Industry Development Co Ltd,Yuxi Nengtou Natural Gas Industry Development Co Ltd,0,rules,medium,,,Co Ltd,,,2,2,P4506 P4518
Zhejiang Huahong New Materials Co Ltd,Zhejiang Huahong New Materials Co Ltd,0,rules,medium,,,Co Ltd,,,2,2,P6334 P6335
Zhoushan Port Waidiao Oil Emergency Storage and Transportation Co Ltd,Zhoushan Port Waidiao Oil Emergency Storage and Transportation Co Ltd,0,rules,medium,,,Co Ltd,,,2,2,P6288 P6289
3Bear Energy LLC,3Bear Energy LLC,0,rules,medium,,,LLC,,,1,1,P0340
ADMA OPCO,ADMA OPCO,0,rules,low,no_legal_form,,,,,1,1,P5681
ADNOC Gas,ADNOC Gas,0,rules,low,no_legal_form,,,,,1,1,P6553
ADRIAN,ADRIAN,0,rules,low,no_legal_form,,,,,1,1,P7928
AES Dominicana,AES Dominicana,0,rules,low,no_legal_form,,,,,1,1,P5782
AI Candelaria Spain SA,AI Candelaria Spain SA,0,rules,medium,,,SA,,,1,1,P1235
AMBO Pipeline Ltd,AMBO Pipeline Ltd,0,rules,medium,,,Ltd,,,1,1,P0665
APA SPP Pty Ltd,APA SPP Pty Ltd,0,rules,medium,,,Pty Ltd,,,1,1,P5977
ATCO Gas and Pipelines Ltd,ATCO Gas and Pipelines Ltd,0,rules,medium,,,Ltd,,,1,1,P2035
AWE Ltd,AWE Ltd,0,rules,medium,,,Ltd,,,1,1,P1134
Abu Dhabi Crude Oil Pipeline LLC,Abu Dhabi Crude Oil Pipeline LLC,0,rules,medium,,,LLC,,,1,1,P0553
Abu Dhabi National Energy Co,Abu Dhabi National Energy Co,0,rules,medium,fuzzy_candidates,,Co,,Abu Dhabi National Energy Company PJSC,1,1,P0666
Adelphia Gateway LLC,Adelphia Gateway LLC,0,rules,medium,,,LLC,,,1,1,P0309
Adria-Wien Pipeline GmbH,Adria-Wien Pipeline GmbH,0,rules,medium,,,GmbH,,,1,1,P0664
Afghan Gas Enterprise,Afghan Gas Enterprise,0,exact,high,,E100001014060,,,,1,1,P0766
Agencia de Promoción de la Inversión Privada – PROINVERSIÓN,Agencia de Promoción de la Inversión Privada – PROINVERSIÓN,0,rules,low,no_legal_form,,,,,1,1,P7708
Aiteo Eastern E&P Co Ltd,Aiteo Eastern E&P Co Ltd,0,rules,medium,,,Co Ltd,,,1,1,P0534
Aktobe City Municipal Government,Aktobe City Municipal Government,0,rules,low,no_legal_form,,,,,1,1,P5696
Alashankou Horizon Oil & Gas Co Ltd,Alashankou Horizon Oil & Gas Co Ltd,0,rules,medium,,,Co Ltd,,,1,1,P6338
Alexela,Alexela,0,rules,low,no_legal_form,,,,,1,1,P3893
Algonquin Power & Utilities Corp,Algonquin Power & Utilities Corp,0,exact,high,,E100000001133,Corp,,,1,1,P0303
Alinda Capital Partners,Alinda Capital Partners,0,rules,low,no_legal_form|fuzzy_candidates,,,,SK Capital Partners LP,1,1,P2641
Allgas Energy Pty Ltd,Allgas Energy Pty Ltd,0,rules,medium,,,Pty Ltd,,,1,1,P3631
Alliance LP,Alliance LP,0,rules,medium,fuzzy_candidates,,LP,,Alliance NYGT LLC,1,1,P3185
Alta Mesa Resources,Alta Mesa Resources,0,rules,low,no_legal_form,,,,,1,1,P0347
AltaGas Ltd,AltaGas Ltd,0,exact,high,,,Ltd,,,1,1,P2110
Alxa League City Gas Co Ltd,Alxa League City Gas Co Ltd,0,rules,medium,,,Co Ltd,,,1,1,P4549
Alyeska Pipeline Service Co,Alyeska Pipeline Service Co,0,rules,medium,,,Co,,,1,1,P7465
Amerisur,Amerisur,0,rules,low,no_legal_form,,,,,1,1,P3869
Andhra Pradesh Gas Distribution Corp Ltd,Andhra Pradesh Gas Distribution Corp Ltd,0,rules,medium,,,Corp Ltd,,,1,1,P0932
Anhui Longrun New Energy Co Ltd,Anhui Longrun New Energy Co Ltd,0,rules,medium,,,Co Ltd,,,1,1,P5622
Anhui United Natural Gas Co Ltd,Anhui United Natural Gas Co Ltd,0,rules,medium,,,Co Ltd,,,1,1,P7528
Anhui Zhongyi Agricultural Hefu Natural Gas Co.Ltd,Anhui Zhongyi Agricultural Hefu Natural Gas Co.Ltd,0,rules,low,no_legal_form,,,,,1,1,P5614
Aprovisionadora Global de Energía SA,Aprovisionadora Global de Energía SA,0,rules,medium,,,SA,,,1,1,P1287
Aramco Gulf Operations Co Ltd,Aramco Gulf Operations Co Ltd,0,rules,medium,,,Co Ltd,,,1,1,P2702
Asociación Boquerón,Asociación Boquerón,0,rules,low,no_legal_form,,,,,1,1,P5398
Asociación Estero,Asociación Estero,0,rules,low,no_legal_form,,,,,1,1,P5383
Asociación Garcero,Asociación Garcero,0,rules,low,no_legal_form,,,,,1,1,P5396
Asociación Orocue,Asociación Orocue,0,rules,low,no_legal_form,,,,,1,1,P5396
Assala Energy,Assala Energy,0,rules,low,no_legal_form,,,,,1,1,P3686
Assam Gas Co Ltd,Assam Gas Co Ltd,0,exact,high,,E100001014156,Co Ltd,,,1,1,P0906
Astisiy Community Partnership,Astisiy Community Partnership,0,rules,low,no_legal_form,,,,,1,1,P2102
Atlantic Richfield Co,Atlantic Richfield Co,0,rules,medium,,,Co,,,1,1,P1389
Atmos Energy Corp,Atmos Energy Corp,0,exact,high,,E100000155483,Corp,,,1,1,P0369
Australian Industrial Energy,Australian Industrial Energy,0,rules,low,no_legal_form,,,,,1,1,P2077
Axpo,Axpo,0,rules,low,no_legal_form,,,,,1,1,P3203
Axxela,Axxela,0,rules,low,no_legal_form,,,,,1,1,P3340
BBL Co,BBL Co,0,rules,medium,,,Co,,,1,1,P0682
BBPP Holdings Ltda,BBPP Holdings Ltda,0,rules,medium,,,Ltda,,,1,1,P1285
BGE Northern Ireland,BGE Northern Ireland,0,rules,low,no_legal_form,,,,,1,1,P2983
BH-Gas doo,BH-Gas doo,0,exact,high,,E100001014238,doo,,,1,1,P0702
BT Pension Scheme,BT Pension Scheme,0,rules,low,no_legal_form,,,,,1,1,P0719
BakkenLink Pipeline LLC,BakkenLink Pipeline LLC,0,rules,medium,,,LLC,,,1,1,P0040
Baku-Tbilisi-Ceyhan Pipeline Co,Baku-Tbilisi-Ceyhan Pipeline Co,0,rules,medium,,,Co,,,1,1,P0644
Baltic Connector Oy,Baltic Connector Oy,0,exact,high,,E100001014272,Oy,,,1,1,P0685
Baode Haitong Gas Transmission and Distribution Co Ltd,Baode Haitong Gas Transmission and Distribution Co Ltd,0,rules,medium,fuzzy_candidates,,Co Ltd,,Titas Gas Transmission and Distribution Co Ltd,1,1,P5588
Baoding Zhongmao Energy Co Ltd,Baoding Zhongmao Energy Co Ltd,0,rules,medium,,,Co Ltd,,,1,1,P5316
Baoding Zhongran Natural Gas Long-distance Pipeline Co Ltd,Baoding Zhongran Natural Gas Long-distance Pipeline Co Ltd,0,rules,medium,,,Co Ltd,,,1,1,P5318
Bayannaoer Tengjie Gas Co Ltd,Bayannaoer Tengjie Gas Co Ltd,0,rules,medium,,,Co Ltd,,,1,1,P5303
Baymark Pipeline LLC,Baymark Pipeline LLC,0,rules,medium,,,LLC,,,1,1,P3831
Beijing Gas Group Co Ltd,Beijing Gas Group Co Ltd,0,exact,high,,E100000123425,Co Ltd,,,1,1,P4572
Belfast Gas Transmission Ltd,Belfast Gas Transmission Ltd,0,rules,medium,fuzzy_candidates,,Ltd,,Belfast Gas Transmission Financing PLC,1,1,P2789
Beowulf Energy,Beowulf Energy,0,rules,low,no_legal_form,,,,,1,1,P1259
Binzhou Gangtong Pipeline Co Ltd,Binzhou Gangtong Pipeline Co Ltd,0,rules,medium,,,Co Ltd,,,1,1,P5180
Binzhou Zhonghai Pipeline Co Ltd,Binzhou Zhonghai Pipeline Co Ltd,0,rules,medium,,,Co Ltd,,,1,1,P3819
Black Hills Energy,Black Hills Energy,0,rules,low,no_legal_form|alias_candidate,,,,Black Hills Corp,1,1,P0425
Black Lake Pipeline Co,Black Lake Pipeline Co,0,rules,medium,,,Co,,,1,1,P6518
Black Sea Oil & Gas,Black Sea Oil & Gas,0,rules,low,no_legal_form,,,,,1,1,P2749
Blackcomb Pipeline JV,Blackcomb Pipeline JV,0,rules,medium,jv,,JV,,,1,1,P7796
Blackfin Pipeline LLC,Blackfin Pipeline LLC,0,rules,medium,,,LLC,,,1,1,P5905
Blue Marlin Offshore Port LLC,Blue Marlin Offshore Port LLC,0,rules,medium,,,LLC,,,1,1,P3156
Blue Mountain Midstream LLC,Blue Mountain Midstream LLC,0,rules,medium,,,LLC,,,1,1,P0371
Blueknight Energy Partners,Blueknight Energy Partners,0,rules,low,no_legal_form,,,,,1,1,P0341
Brae Group,Brae Group,0,rules,low,group|no_legal_form,,,,,1,1,P3868
Bridgefield Pty Ltd,Bridgefield Pty Ltd,0,rules,medium,,,Pty Ltd,,,1,1,P7205
British Gas,British Gas,0,rules,low,no_legal_form,,,,,1,1,P7567
Byhalia Pipeline LLC,Byhalia Pipeline LLC,0,rules,medium,,,LLC,,,1,1,P3172
CDPQ (Caisse de dépôt et placement du Québec),CDPQ (Caisse de dépôt et placement du Québec),0,rules,low,no_legal_form|fuzzy_candidates,,,,Caisse de dépôt et placement du Québec,1,1,P7795
CE FLNG LLC,CE FLNG LLC,0,rules,medium,,,LLC,,,1,1,P5516
CEMEX SAB de CV,CEMEX SAB de CV,0,exact,high,,,SAB de CV,,,1,1,P4425
CEPSA Colombia,CEPSA Colombia,0,rules,low,no_legal_form,,,,,1,1,P5422
"CNOOC China Limited, Zhanjiang Branch","CNOOC China Limited, Zhanjiang Branch",0,rules,low,no_legal_form,,,,,1,1,P7149
CNOOC Risheng Hengchen Natural Gas Pipeline Co Ltd,CNOOC Risheng Hengchen Natural Gas Pipeline Co Ltd,0,rules,medium,,,Co Ltd,,,1,1,P5512
CNOOC Yingkou Natural Gas Co Ltd,CNOOC Yingkou Natural Gas Co Ltd,0,rules,medium,,,Co Ltd,,,1,1,P4998
CNOOC Zhuhai Pipeline Natural Gas Co Ltd,CNOOC Zhuhai Pipeline Natural Gas Co Ltd,0,rules,medium,,,Co Ltd,,,1,1,P5867
CNR International (UK) Ltd,CNR International (UK) Ltd,0,exact,high,,E100001014357,Ltd,,,1,1,P0672
Cactus II Pipeline LLC,Cactus II Pipeline LLC,0,rules,medium,,,LLC,,,1,1,P0046
Cactus III Pipeline LLC,Cactus III Pipeline LLC,0,rules,medium,,,LLC,,,1,1,P0073
Caddo Pipeline LLC,Caddo Pipeline LLC,0,rules,medium,,,LLC,,,1,1,P0047
Caltex,Caltex,0,rules,low,no_legal_form|fuzzy_candidates,,,,GS Caltex Corp,1,1,P7222
Cambodian Natural Gas Corp Ltd,Cambodian Natural Gas Corp Ltd,0,rules,medium,,,Corp Ltd,,,1,1,P3362
Canada Pension Plan Investment Board,Canada Pension Plan Investment Board,0,exact,high,,E100001000089,,,,1,1,P7118
Canadian Prosperity Pipelines Corp,Canadian Prosperity Pipelines Corp,0,rules,medium,,,Corp,,,1,1,P3844
Canadian Utilities Ltd,Canadian Utilities Ltd,0,exact,high,,E100001000220,Ltd,,,1,1,P1333
Caofeidian Xintian LNG Co Ltd,Caofeidian Xintian LNG Co Ltd,0,rules,medium,,,Co Ltd,,,1,1,P4798
Capitol Energy Group,Capitol Energy Group,0,rules,low,group|no_legal_form|fuzzy_candidates,,,,C-Energy Group SA,1,1,P0170
Cardinal Midstream,Cardinal Midstream,0,rules,low,no_legal_form,,,,,1,1,P2720
Central Puerto SA,Central Puerto SA,0,exact,high,,E100000001758,SA,,,1,1,P1276
Changchun Gas Co Ltd,Changchun Gas Co Ltd,0,exact,high,,E100001014402,Co Ltd,,,1,1,P5544
Chaoyang Petroleum,Chaoyang Petroleum,0,rules,low,no_legal_form,,,,,1,1,P5464
Chemchina Storage & Transportation Co Ltd,Chemchina Storage & Transportation Co Ltd,0,rules,medium,,,Co Ltd,,,1,1,P3787
Chesapeake Utilities Corp,Chesapeake Utilities Corp,0,exact,high,,E100001014433,Corp,,,1,1,P7806
Chevron Britain Ltd,Chevron Britain Ltd,0,rules,medium,,,Ltd,,,1,1,P7145
Chevron North Sea Ltd,Chevron North Sea Ltd,0,rules,medium,,,Ltd,,,1,1,P0672
Chevron Phillips Chemical,Chevron Phillips Chemical,0,rules,low,no_legal_form,,,,,1,1,P6480
Chickahominy Pipeline LLC,Chickahominy Pipeline LLC,0,rules,medium,,,LLC,,,1,1,P6004
Chifeng Zhongran Clean Energy Co Ltd,Chifeng Zhongran Clean Energy Co Ltd,0,rules,medium,,,Co Ltd,,,1,1,P4997
China Gas Investment Co Ltd,China Gas Investment Co Ltd,0,rules,medium,fuzzy_candidates,,Co Ltd,,China Investment Corp,1,1,P5598
China Investment Co Ltd,China Investment Co Ltd,0,rules,medium,form_conflict|fuzzy_candidates,,Co Ltd,,China Investment Corp,1,1,P0719
China Nanguang Group Co Ltd,China Nanguang Group Co Ltd,0,rules,medium,,,Co Ltd,,,1,1,P5868
China National Offshore Oil Corp,China National Offshore Oil Corp,0,exact,high,,E100000000172,Corp,,,1,1,P6438
China National Petroleum Corp Liaohe Oilfield Branch,China National Petroleum Corp Liaohe Oilfield Branch,0,rules,low,no_legal_form,,,,,1,1,P5003
China Petrochemical Corp,China Petrochemical Corp,0,exact,high,,E100000000173,Corp,,,1,1,P3688
China Petroleum & Chemical Co Ltd of North Branch,China Petroleum & Chemical Co Ltd of North Branch,0,rules,low,no_legal_form,,,,,1,1,P4533
China Petroleum & Chemical Corp Natural Gas Branch,China Petroleum & Chemical Corp Natural Gas Branch,0,rules,low,no_legal_form,,,,,1,1,P4713
China Petroleum Pipeline and Natural Gas Investment Co,China Petroleum Pipeline and Natural Gas Investment Co,0,rules,medium,,,Co,,,1,1,P5994
Chongqing China Resources Kaiyuan Gas Co Ltd,Chongqing China Resources Kaiyuan Gas Co Ltd,0,rules,medium,,,Co Ltd,,,1,1,P7623
Chongqing Huitai Industrial Co Ltd,Chongqing Huitai Industrial Co Ltd,0,rules,medium,,,Co Ltd,,,1,1,P5742
Chongqing Juxiang Gas Co Ltd,Chongqing Juxiang Gas Co Ltd,0,rules,medium,,,Co Ltd,,,1,1,P5674
Chongqing Lighting Gas Co Ltd,Chongqing Lighting Gas Co Ltd,0,rules,medium,,,Co Ltd,,,1,1,P5676
Chongqing Yunyang County Natural Gas Co Ltd,Chongqing Yunyang County Natural Gas Co Ltd,0,rules,medium,,,Co Ltd,,,1,1,P5022
Chongqing Yutong Natural Gas Pipeline Co Ltd,Chongqing Yutong Natural Gas Pipeline Co Ltd,0,rules,medium,,,Co Ltd,,,1,1,P5027
Chongqing Yuxi Natural Gas Pipeline Co Ltd,Chongqing Yuxi Natural Gas Pipeline Co Ltd,0,rules,medium,,,Co Ltd,,,1,1,P5675
Cold Lake Pipeline LP,Cold Lake Pipeline LP,0,rules,medium,,,LP,,,1,1,P0053
Companhia Mocambiçana de Gasoduto,Companhia Mocambiçana de Gasoduto,0,rules,low,no_legal_form,,,,,1,1,P0455
ConocoPhillips Alaska Inc,ConocoPhillips Alaska Inc,0,rules,medium,alias_candidate,,Inc,,ConocoPhillips Corp,1,1,P3668
ConocoPhillips Transportation Alaska Inc,ConocoPhillips Transportation Alaska Inc,0,rules,medium,alias_candidate,,Inc,,ConocoPhillips Corp,1,1,P0135
Conpet SA,Conpet SA,0,exact,high,,E100001014502,SA,,,1,1,P0675
Contugas,Contugas,0,rules,low,no_legal_form,,,,,1,1,P7707
Cook Inlet Pipeline Co,Cook Inlet Pipeline Co,0,rules,medium,,,Co,,,1,1,P0346
Corumbá Holding SARL,Corumbá Holding SARL,0,rules,medium,,,SARL,,,1,1,P1285
Coterra Energy Inc,Coterra Energy Inc,0,exact,high,,E100001014513,Inc,,,1,1,P0171
Crimson Midstream LLC,Crimson Midstream LLC,0,rules,medium,,,LLC,,,1,1,P1300
Criterium Energy,Criterium Energy,0,rules,low,no_legal_form,,,,,1,1,P4218
Cushing Connect Pipeline & Terminal LLC,Cushing Connect Pipeline & Terminal LLC,0,rules,medium,,,LLC,,,1,1,P2652
DNO,DNO,0,exact,high,,E100000191004,,,,1,1,P7877
DNP Ltd,DNP Ltd,0,rules,medium,,,Ltd,,,1,1,P3310
Daehan Oil Pipeline Corp,Daehan Oil Pipeline Corp,0,rules,medium,,,Corp,,,1,1,P1093
Dakota Natural Gas,Dakota Natural Gas,0,rules,low,no_legal_form|fuzzy_candidates,,,,Natural Gas Corporation Ltd,1,1,P3158
Dalian Oil and Gas Transportation Branch of National Pipe Network Group North Pipeline Co Ltd,Dalian Oil and Gas Transportation Branch of National Pipe Network Group North Pipeline Co Ltd,0,rules,medium,,,Co Ltd,,,1,1,P4999
Danish Underground Consortium,Danish Underground Consortium,0,rules,low,no_legal_form,,,,,1,1,P0727
Delhi Connector Pipeline LLC,Delhi Connector Pipeline LLC,0,rules,medium,,,LLC,,,1,1,P2523
Delhi Petroleum Pty Ltd,Delhi Petroleum Pty Ltd,0,rules,medium,,,Pty Ltd,,,1,1,P7205
Delta Offshore Energy,Delta Offshore Energy,0,rules,low,no_legal_form,,,,,1,1,P7706
Denison Gas (Queensland) Pty Ltd,Denison Gas (Queensland) Pty Ltd,0,rules,medium,,,Pty Ltd,,,1,1,P3630
Deutsch/Dänische Erdgastransport-Gesellschaft mbH,Deutsch/Dänische Erdgastransport-Gesellschaft mbH,0,rules,medium,,,mbH,,,1,1,P1684
Diamond Pipeline LLC,Diamond Pipeline LLC,0,rules,medium,,,LLC,,,1,1,P0060
Dixie Pipeline Co,Dixie Pipeline Co,0,rules,medium,,,Co,,,1,1,P6476
Dongying Chengtou Pipeline Natural Gas Co Ltd,Dongying Chengtou Pipeline Natural Gas Co Ltd,0,rules,medium,,,Co Ltd,,,1,1,P5505
Dongying Fuhai Logistics Co Ltd,Dongying Fuhai Logistics Co Ltd,0,rules,medium,,,Co Ltd,,,1,1,P6318
Dongying Hualian Petrochemical Co Ltd,Dongying Hualian Petrochemical Co Ltd,0,exact,high,,E100000127104,Co Ltd,,,1,1,P6340
Dongying UNITED Petroleum Chemical Co Ltd,Dongying UNITED Petroleum Chemical Co Ltd,0,exact,high,,E100000126880,Co Ltd,,,1,1,P6312
Dongying Weibang Logistics Co Ltd,Dongying Weibang Logistics Co Ltd,0,rules,medium,,,Co Ltd,,,1,1,P6319
Dongying Weibang New Energy Co Ltd,Dongying Weibang New Energy Co Ltd,0,rules,medium,,,Co Ltd,,,1,1,P6326
Dongzhi China Resources Gas Co Ltd,Dongzhi China Resources Gas Co Ltd,0,rules,medium,,,Co Ltd,,,1,1,P5623
Donlin Gold LLC,Donlin Gold LLC,0,rules,medium,,,LLC,,,1,1,P2526
Double Eagle Pipeline LLC,Double Eagle Pipeline LLC,0,rules,medium,,,LLC,,,1,1,P3727
Dubai Supply Authority,Dubai Supply Authority,0,exact,high,,E100001014608,,,,1,1,P0519
EF Oil & Gas Ltd,EF Oil & Gas Ltd,0,rules,medium,,,Ltd,,,1,1,P0805
EG Võrguteenus,EG Võrguteenus,0,rules,low,no_legal_form,,,,,1,1,P0687
EMED,EMED,0,rules,low,no_legal_form,,,,,1,1,P0462
ENAP Sipetrol,ENAP Sipetrol,0,rules,low,no_legal_form,,,,,1,1,P3692
ENN (Zhoushan) Natural Gas Pipelines Co Ltd,ENN (Zhoushan) Natural Gas Pipelines Co Ltd,0,rules,medium,,,Co Ltd,,,1,1,P4845
EPIC Midstream Holdings,EPIC Midstream Holdings,0,rules,low,no_legal_form,,,,,1,1,P2675
EPIC Y-Grade LP,EPIC Y-Grade LP,0,rules,medium,,,LP,,,1,1,P2684
ERM Power,ERM Power,0,rules,low,no_legal_form,,,,,1,1,P1155
Eagle Ford Pipeline LLC,Eagle Ford Pipeline LLC,0,rules,medium,,,LLC,,,1,1,P2527
Eagle Spirit Energy Holdings Ltd,Eagle Spirit Energy Holdings Ltd,0,rules,medium,,,Ltd,,,1,1,P0362
East African Crude Oil Pipeline Ltd,East African Crude Oil Pipeline Ltd,0,rules,medium,,,Ltd,,,1,1,P0541
East Mediterranean Gas Co,East Mediterranean Gas Co,0,rules,medium,,,Co,,,1,1,P0462
Echelon Resources,Echelon Resources,0,rules,low,no_legal_form,,,,,1,1,P7529
Edison SpA,Edison SpA,0,exact,high,,E100000002899,SpA,,,1,1,P0697
Emera Brunswick Pipeline Co Ltd,Emera Brunswick Pipeline Co Ltd,0,rules,medium,,,Co Ltd,,,1,1,P3275
Emerald Energy,Emerald Energy,0,rules,low,no_legal_form|fuzzy_candidates,,,,Emera Energy Inc,1,1,P1236
Enbridge Frontier Inc,Enbridge Frontier Inc,0,rules,medium,alias_candidate,,Inc,,Enbridge Inc,1,1,P2092
Endymion Oil Pipeline Co LLC,Endymion Oil Pipeline Co LLC,0,rules,medium,,,Co LLC,,,1,1,P0071
Enel Generación Chile SA,Enel Generación Chile SA,0,exact,high,,E100000002936,SA,,,1,1,P1261
Energijos Skirstymo Operatorius,Energijos Skirstymo Operatorius,0,rules,low,no_legal_form,,,,,1,1,P0705
Energy Fundamentals Group LP,Energy Fundamentals Group LP,0,rules,medium,,,LP,,,1,1,P7125
Energy Income Partners,Energy Income Partners,0,rules,low,no_legal_form,,,,,1,1,P2639
Energy Transfer Partners,Energy Transfer Partners,0,rules,low,no_legal_form|fuzzy_candidates,,,,Energy Transfer LP,1,1,P7840
Enquest PLC,Enquest PLC,0,exact,high,,E100001014651,PLC,,,1,1,P7146
Enterprise Midstream Companies LLC,Enterprise Midstream Companies LLC,0,rules,medium,,,LLC,,,1,1,P6496
Entrerriana de Gas,Entrerriana de Gas,0,rules,low,no_legal_form,,,,,1,1,P5785
Equitrans LP,Equitrans LP,0,rules,medium,alias_candidate,,LP,,Equitrans Midstream Corp,1,1,P4454
Equitrans Midstream Corp,Equitrans Midstream Corp,0,exact,high,,E100001014693,Corp,,,1,1,P2628
Esso Australia Resources,Esso Australia Resources,0,rules,low,no_legal_form,,,,,1,1,P2075
Esso SAF,Esso SAF,0,rules,low,no_legal_form,,,,,1,1,P7928
Etuoke Banner Hualun Gas Co Ltd,Etuoke Banner Hualun Gas Co Ltd,0,rules,medium,,,Co Ltd,,,1,1,P4546
Etuokeqian Shiding Natural Gas Operation Co Ltd,Etuokeqian Shiding Natural Gas Operation Co Ltd,0,rules,medium,,,Co Ltd,,,1,1,P4542
EuRoPol Gaz,EuRoPol Gaz,0,rules,low,no_legal_form,,,,,1,1,P0769
Exolum,Exolum,0,rules,low,no_legal_form,,,,,1,1,P0668
ExxonMobil Guyana,ExxonMobil Guyana,0,rules,low,no_legal_form,,,,,1,1,P0418
Fairbanks Pipeline Co,Fairbanks Pipeline Co,0,rules,medium,,,Co,,,1,1,P0300
Fengjie County Sanxiafeng Natural Gas Co Ltd,Fengjie County Sanxiafeng Natural Gas Co Ltd,0,rules,medium,,,Co Ltd,,,1,1,P4876
First Gen,First Gen,0,rules,low,no_legal_form,,,,,1,1,P3854
First Reserve,First Reserve,0,rules,low,no_legal_form,,,,,1,1,P1259
Focus Energy,Focus Energy,0,rules,low,no_legal_form,,,,,1,1,P0936
Freedom LNG LLC,Freedom LNG LLC,0,rules,medium,,,LLC,,,1,1,P8081
Freeport LNG Development LP,Freeport LNG Development LP,0,exact,high,,E100000003044,LP,,,1,1,P3666
Frontier Aspen LLC,Frontier Aspen LLC,0,rules,medium,,,LLC,,,1,1,P0079
Frontier Energy Services,Frontier Energy Services,0,rules,low,no_legal_form,,,,,1,1,P1293
Frontier Works Organization,Frontier Works Organization,0,rules,low,no_legal_form,,,,,1,1,P3753
Fuyang Guozhen Gas Co Ltd,Fuyang Guozhen Gas Co Ltd,0,rules,medium,,,Co Ltd,,,1,1,P5616
GCL-Poly,GCL-Poly,0,rules,low,no_legal_form|fuzzy_candidates,,,,GCL-Poly Oil,1,1,P2196
GIGL,GIGL,0,rules,low,no_legal_form,,,,,1,1,P2748
GNGC,GNGC,0,rules,low,no_legal_form,,,,,1,1,P2268
GNL Quebec,GNL Quebec,0,rules,low,no_legal_form,,,,,1,1,P2650
GOGC,GOGC,0,rules,low,no_legal_form,,,,,1,1,P3850
Gansu Gemdale Gas Co Ltd,Gansu Gemdale Gas Co Ltd,0,rules,medium,,,Co Ltd,,,1,1,P5660
Gansu Investment Natural Gas Co Ltd,Gansu Investment Natural Gas Co Ltd,0,rules,medium,,,Co Ltd,,,1,1,P4907
Gansu Ningzhou Chengtou Energy Development Co Ltd,Gansu Ningzhou Chengtou Energy Development Co Ltd,0,rules,medium,,,Co Ltd,,,1,1,P7764
Gas Pipelines Victoria,Gas Pipelines Victoria,0,rules,low,no_legal_form,,,,,1,1,P1138
Gas Plus International,Gas Plus International,0,rules,low,no_legal_form,,,,,1,1,P2749
Gas Transmission India Private Ltd,Gas Transmission India Private Ltd,0,rules,medium,,,Ltd,,,1,1,P0921
Gas Transmission Northwest LLC,Gas Transmission Northwest LLC,0,rules,medium,,,LLC,,,1,1,P3171
Gasnor,Gasnor,0,rules,low,no_legal_form,,,,,1,1,P5790
Gazprom Dobycha Tambey LLC,Gazprom Dobycha Tambey LLC,0,rules,medium,,,LLC,,,1,1,P6540
Gazprom International Projects LLC,Gazprom International Projects LLC,0,rules,medium,,,LLC,,,1,1,P0752
Gemini Carthage Pipeline LLC,Gemini Carthage Pipeline LLC,0,rules,medium,,,LLC,,,1,1,P1295
Gemini Gulf Coast Pipeline LLC,Gemini Gulf Coast Pipeline LLC,0,rules,medium,,,LLC,,,1,1,P1317
General Electric Co,General Electric Co,0,exact,high,,E100000001223,Co,,,1,1,P0339
Genesis,Genesis,0,rules,low,no_legal_form,,,,,1,1,P7529
Gigajoule Group,Gigajoule Group,0,exact,high,,E100001000342,,,,1,1,P2251
Glacier Oil & Gas Corp,Glacier Oil & Gas Corp,0,rules,medium,,,Corp,,,1,1,P7982
Global Infrastructure Partners,Global Infrastructure Partners,0,exact,high,,,,,,1,1,P3291
Global Petroleum Corp,Global Petroleum Corp,0,rules,medium,,,Corp,,,1,1,P1382
Golden Pass Pipeline LLC,Golden Pass Pipeline LLC,0,rules,medium,,,LLC,,,1,1,P2539
Gomeltransneft Druzhba,Gomeltransneft Druzhba,0,rules,low,no_legal_form,,,,,1,1,P7279
Government of Cambodia,Government of Cambodia,0,exact,high,,E100001000616,,,,1,1,P0887
Government of Chad,Government of Chad,0,exact,high,,E100001011838,,,,1,1,P0528
Government of China,Government of China,0,exact,high,,E100001014866,,,,1,1,P3753
Government of Guatemala,Government of Guatemala,0,rules,medium,state_body,,,,,1,1,P1224
Government of Kazakhstan,Government of Kazakhstan,0,exact,high,,E100001000197,,,,1,1,P0650
Government of Kenya,Government of Kenya,0,exact,high,,E100001014867,,,,1,1,P3344
Government of Morocco,Government of Morocco,0,exact,high,,E100001000107,,,,1,1,P0453
Government of Puerto Rico,Government of Puerto Rico,0,exact,high,,E100001014868,,,,1,1,P1252
Government of Sardinia,Government of Sardinia,0,rules,medium,state_body,,,,,1,1,P0697
Government of Taiwan,Government of Taiwan,0,exact,high,,E100001000277,,,,1,1,P1219
Grand Mesa Pipeline LLC,Grand Mesa Pipeline LLC,0,rules,medium,,,LLC,,,1,1,P0124
Gray Oak Pipeline LLC,Gray Oak Pipeline LLC,0,rules,medium,,,LLC,,,1,1,P0077
Great Salt Plains Midstream Holdings LLC,Great Salt Plains Midstream Holdings LLC,0,rules,medium,,,LLC,,,1,1,P0084
Greater Nile Petroleum Operating Co,Greater Nile Petroleum Operating Co,0,rules,medium,,,Co,,,1,1,P0537
Grupo Clisa,Grupo Clisa,0,rules,low,no_legal_form,,,,,1,1,P0290
Gruppo Falcione,Gruppo Falcione,0,rules,low,no_legal_form,,,,,1,1,P1567
Guangdong Dapeng LNG Co Ltd,Guangdong Dapeng LNG Co Ltd,0,rules,medium,,,Co Ltd,,,1,1,P4714
Guangdong Energy Group Huizhou Natural Gas Development Co Ltd,Guangdong Energy Group Huizhou Natural Gas Development Co Ltd,0,rules,medium,,,Co Ltd,,,1,1,P4710
Guangdong Natural Gas Grid Co Ltd,Guangdong Natural Gas Grid Co Ltd,0,rules,medium,,,Co Ltd,,,1,1,P5879
Guangdong Yangjiang Hailingwan LNG Co Ltd,Guangdong Yangjiang Hailingwan LNG Co Ltd,0,rules,medium,,,Co Ltd,,,1,1,P4695
Guizhou Natural Gas Pipeline Network Co Ltd,Guizhou Natural Gas Pipeline Network Co Ltd,0,rules,medium,fuzzy_candidates,,Co Ltd,,Natural Gas Pipeline Network Group Co Ltd,1,1,P4968
Guizhou Three Gorges Kaitong Energy Co Ltd,Guizhou Three Gorges Kaitong Energy Co Ltd,0,rules,medium,,,Co Ltd,,,1,1,P4953
Guizhou Wujiang Energy Group Co Ltd,Guizhou Wujiang Energy Group Co Ltd,0,exact,high,,E100000124904,Co Ltd,,,1,1,P4971
Guizhou Wujiang New Energy Development Co Ltd,Guizhou Wujiang New Energy Development Co Ltd,0,rules,medium,,,Co Ltd,,,1,1,P4962
Gujarat Gas Co Ltd,Gujarat Gas Co Ltd,0,rules,medium,form_conflict,,Co Ltd,,Gujarat Gas Ltd,1,1,P0924
Gunvor Resources,Gunvor Resources,0,rules,low,no_legal_form,,,,,1,1,P2199
Göteborgs Stadshus AB,Göteborgs Stadshus AB,0,exact,high,,E100001011411,AB,,,1,1,P0683
H4 Capital Partners,H4 Capital Partners,0,rules,low,no_legal_form|fuzzy_candidates,,,,ASMA Capital Partners BSC,1,1,P0296
HMN Naturgas I/S,HMN Naturgas I/S,0,exact,high,,,I/S,,,1,1,P0683
HPCL-Mittal Energy Ltd,HPCL-Mittal Energy Ltd,0,exact,high,,E100000001916,Ltd,,,1,1,P3670
HUA DE Petrochemical Co Ltd,HUA DE Petrochemical Co Ltd,0,rules,medium,,,Co Ltd,,,1,1,P6322
Hamill Resources Ltd,Hamill Resources Ltd,0,rules,medium,fuzzy_candidates,,Ltd,,M Resources Pty Ltd,1,1,P1165
Hav Energy AS,Hav Energy AS,0,rules,medium,fuzzy_candidates,,AS,,Energy,1,1,P0714
Hawthorn Oil Transportation Inc,Hawthorn Oil Transportation Inc,0,rules,medium,,,Inc,,,1,1,P5145
Hefei Gas Group Co Ltd,Hefei Gas Group Co Ltd,0,rules,medium,fuzzy_candidates,,Co Ltd,,Gas Group Co,1,1,P7485
Heilongjiang Branch of PetroChina Kunlun Gas Co Ltd,Heilongjiang Branch of PetroChina Kunlun Gas Co Ltd,0,rules,medium,,,Co Ltd,,,1,1,P5063
Helsingborg Energi Holding AB,Helsingborg Energi Holding AB,0,rules,medium,,,AB,,,1,1,P0683
Henan Ancai Energy Co Ltd,Henan Ancai Energy Co Ltd,0,rules,medium,,,Co Ltd,,,1,1,P4811
Henan Natural Gas Pipeline Network Kaizhou Co Ltd,Henan Natural Gas Pipeline Network Kaizhou Co Ltd,0,rules,medium,fuzzy_candidates,,Co Ltd,,Natural Gas Pipeline Network Group Co Ltd,1,1,P4813
Henan Natural Gas Pipeline Network Puhe Co Ltd,Henan Natural Gas Pipeline Network Puhe Co Ltd,0,rules,medium,fuzzy_candidates,,Co Ltd,,Natural Gas Pipeline Network Group Co Ltd,1,1,P4817
Henan Natural Gas Pipeline Network Sanyi Co Ltd,Henan Natural Gas Pipeline Network Sanyi Co Ltd,0,rules,medium,fuzzy_candidates,,Co Ltd,,Natural Gas Pipeline Network Group Co Ltd,1,1,P4826
Henan Natural Gas Pipeline Network Zhendeng Co Ltd,Henan Natural Gas Pipeline Network Zhendeng Co Ltd,0,rules,medium,fuzzy_candidates,,Co Ltd,,Natural Gas Pipeline Network Group Co Ltd,1,1,P4827
Henan Natural Gas Pipeline Network Zhouzhe Co Ltd,Henan Natural Gas Pipeline Network Zhouzhe Co Ltd,0,rules,medium,fuzzy_candidates,,Co Ltd,,Natural Gas Pipeline Network Group Co Ltd,1,1,P4830
Henan Tianlun Gas Pipeline Network Co Ltd,Henan Tianlun Gas Pipeline Network Co Ltd,0,rules,medium,,,Co Ltd,,,1,1,P4816
Henan Tianrun Pipeline Sales Co Ltd,Henan Tianrun Pipeline Sales Co Ltd,0,rules,medium,,,Co Ltd,,,1,1,P4829
Henan Zhongyuan Petroleum and NATURAL Gas Shangqiu Co Ltd,Henan Zhongyuan Petroleum and NATURAL Gas Shangqiu Co Ltd,0,rules,medium,,,Co Ltd,,,1,1,P4820
Hera Group,Hera Group,0,rules,low,group|no_legal_form,,,,,1,1,P0697
High Prairie Pipeline LLC,High Prairie Pipeline LLC,0,rules,medium,,,LLC,,,1,1,P0087
Hiland Crude LLC,Hiland Crude LLC,0,rules,medium,,,LLC,,,1,1,P0063
Holly Energy Partners LP,Holly Energy Partners LP,0,rules,medium,,,LP,,,1,1,P0078
Howard Energy Partners,Howard Energy Partners,0,rules,low,no_legal_form,,,,,1,1,P0290
Hubei Guotong Energy Development Co Ltd,Hubei Guotong Energy Development Co Ltd,0,rules,medium,fuzzy_candidates,,Co Ltd,,New Energy Development Co Ltd,1,1,P5941
Hubei Natural Gas Development Co Ltd,Hubei Natural Gas Development Co Ltd,0,rules,medium,,,Co Ltd,,,1,1,P4875
Hubei Shunyi'an Pipeline Co Ltd,Hubei Shunyi'an Pipeline Co Ltd,0,rules,medium,,,Co Ltd,,,1,1,P3760
Hubei Zonglianhuan Energy Investment Co Ltd,Hubei Zonglianhuan Energy Investment Co Ltd,0,rules,medium,,,Co Ltd,,,1,1,P5958
Huolinguole Mintong Natural Gas Co Ltd,Huolinguole Mintong Natural Gas Co Ltd,0,rules,medium,,,Co Ltd,,,1,1,P4553
IES,IES,0,rules,low,no_legal_form,,,,,1,1,P6267
IMC Ltd,IMC Ltd,0,rules,medium,,,Ltd,,,1,1,P1434
ITOCHU Corp,ITOCHU Corp,0,exact,high,,E100000001237,Corp,,,1,1,P0732
Illinois Extension Pipeline Co,Illinois Extension Pipeline Co,0,rules,medium,,,Co,,,1,1,P0031
Independent Oil & Gas PLC,Independent Oil & Gas PLC,0,rules,medium,,,PLC,,,1,1,P1599
India Infrastructure Trust,India Infrastructure Trust,0,exact,high,,E100001015057,,,,1,1,P0920
Inergy Holdings,Inergy Holdings,0,rules,low,no_legal_form|fuzzy_candidates,,,,Synergy Holdings Pvt Ltd,1,1,P0170
Infragas Norge AS,Infragas Norge AS,0,rules,medium,,,AS,,,1,1,P0720
Inner Mongolia Jufeng Oil and Gas Pipeline Transportation Co Ltd,Inner Mongolia Jufeng Oil and Gas Pipeline Transportation Co Ltd,0,rules,medium,,,Co Ltd,,,1,1,P4527
Inner Mongolia Menggaole Intelligent Energy Co Ltd,Inner Mongolia Menggaole Intelligent Energy Co Ltd,0,rules,medium,,,Co Ltd,,,1,1,P4538
Inner Mongolia Shengneng Beitong Energy Co Ltd,Inner Mongolia Shengneng Beitong Energy Co Ltd,0,rules,medium,,,Co Ltd,,,1,1,P4532
Inner Mongolia West Gas Holding Co Ltd,Inner Mongolia West Gas Holding Co Ltd,0,rules,medium,,,Co Ltd,,,1,1,P4528
Inter Pipeline,Inter Pipeline,0,rules,low,no_legal_form,,,,,1,1,P0007
InterConnect Malta Ltd,InterConnect Malta Ltd,0,exact,high,,E100001015092,Ltd,,,1,1,P1327
International Petroleum Corp,International Petroleum Corp,0,exact,high,,E100000001179,Corp,,,1,1,P1176
Iranian Oil Industries Commissioning and Operation Co,Iranian Oil Industries Commissioning and Operation Co,0,rules,medium,,,Co,,,1,1,P6082
Iraq Petroleum Co,Iraq Petroleum Co,0,rules,medium,,,Co,,,1,1,P0546
Irkutsk Oil Co,Irkutsk Oil Co,0,rules,medium,,,Co,,,1,1,P2456
Iron Horse Pipeline LLC,Iron Horse Pipeline LLC,0,rules,medium,,,LLC,,,1,1,P0360
Ithaca EF Ltd,Ithaca EF Ltd,0,rules,medium,,,Ltd,,,1,1,P0805
JBBR Pipeline LLC,JBBR Pipeline LLC,0,rules,medium,,,LLC,,,1,1,P2638
JP Energy Partners,JP Energy Partners,0,rules,low,no_legal_form|fuzzy_candidates,,,,DKRW Energy Partners LLC,1,1,P0091
JX Nippon Oil & Gas Exploration,JX Nippon Oil & Gas Exploration,0,rules,low,no_legal_form,,,,,1,1,P4209
Japanese Pipeline Development & Operation Inc,Japanese Pipeline Development & Operation Inc,0,rules,medium,,,Inc,,,1,1,P0828
Jefferson Gulf Coast Energy Partners,Jefferson Gulf Coast Energy Partners,0,rules,low,no_legal_form,,,,,1,1,P3833
Jiaozuo Zhongneng Natural Gas Development Co Ltd,Jiaozuo Zhongneng Natural Gas Development Co Ltd,0,rules,medium,,,Co Ltd,,,1,1,P4810
Jilin Jiahong Energy Development Co Ltd,Jilin Jiahong Energy Development Co Ltd,0,rules,medium,fuzzy_candidates,,Co Ltd,,Jilin New Energy Development Co Ltd,1,1,P4556
Jilin Petroleum Group Co Ltd,Jilin Petroleum Group Co Ltd,0,rules,medium,,,Co Ltd,,,1,1,P7699
Jining PetroChina Kunlun Energy Co Ltd,Jining PetroChina Kunlun Energy Co Ltd,0,rules,medium,,,Co Ltd,,,1,1,P4606
Jupiter MLP LLC,Jupiter MLP LLC,0,rules,medium,,,LLC,,,1,1,P1301
KDB Infrastructure Investments Asset Management,KDB Infrastructure Investments Asset Management,0,rules,low,no_legal_form,,,,,1,1,P2639
KKR Global Infrastructure Investors III,KKR Global Infrastructure Investors III,0,rules,low,no_legal_form,,,,,1,1,P0167
KPC Pipeline,KPC Pipeline,0,rules,low,no_legal_form,,,,,1,1,P0186
KUFPEC Norway AS,KUFPEC Norway AS,0,rules,medium,,,AS,,,1,1,P5147
Kaiyang Shida Natural Gas Co Ltd,Kaiyang Shida Natural Gas Co Ltd,0,rules,medium,,,Co Ltd,,,1,1,P4973
Kalium Lakes Ltd,Kalium Lakes Ltd,0,exact,high,,E100001015196,Ltd,,,1,1,P2072
KazAzot JSC,KazAzot JSC,0,exact,high,,E100002004318,JSC,,,1,1,P6789
Kellas Midstream,Kellas Midstream,0,rules,low,no_legal_form,,,,,1,1,P7438
Kellas Midstream Ltd,Kellas Midstream Ltd,0,rules,medium,,,Ltd,,,1,1,P0686
Kinder Morgan Crude & Condensate LLC,Kinder Morgan Crude & Condensate LLC,0,rules,medium,alias_candidate,,LLC,,Kinder Morgan Inc,1,1,P0094
Kinder Morgan Freedom Pipeline LLC,Kinder Morgan Freedom Pipeline LLC,0,rules,medium,alias_candidate,,LLC,,Kinder Morgan Inc,1,1,P0076
Kinder Morgan Louisiana Pipeline Co LLC,Kinder Morgan Louisiana Pipeline Co LLC,0,rules,medium,,,Co LLC,,,1,1,P2559
Kinetica Partners,Kinetica Partners,0,rules,low,no_legal_form,,,,,1,1,P6005
Klaipedos Nafta JSC,Klaipedos Nafta JSC,0,rules,medium,,,JSC,,,1,1,P2268
Kris Energy,Kris Energy,0,rules,low,no_legal_form,,,,,1,1,P4218
Kumul Petroleum Holdings Ltd,Kumul Petroleum Holdings Ltd,0,rules,medium,,,Ltd,,,1,1,P4209
Kurdistan Government,Kurdistan Government,0,rules,low,no_legal_form|fuzzy_candidates,,,,Government of Kurdistan Region,1,1,P7455
Kuwait Energy,Kuwait Energy,0,rules,low,no_legal_form,,,,,1,1,P3692
Kuwait Oil Co,Kuwait Oil Co,0,rules,medium,form_conflict,,Co,,Kuwait Oil Company Ltd,1,1,P5841
L&M Energy,L&M Energy,0,rules,low,no_legal_form,,,,,1,1,P1216
LNG Ltd,LNG Ltd,0,rules,medium,,,Ltd,,,1,1,P2640
LOCAP LLC,LOCAP LLC,0,rules,medium,,,LLC,,,1,1,P3862
LOOP LLC,LOOP LLC,0,rules,medium,,,LLC,,,1,1,P3861
Latsis Group,Latsis Group,0,exact,high,,E100001015217,,,,1,1,P0667
Lattice Energy Ltd,Lattice Energy Ltd,0,rules,medium,,,Ltd,,,1,1,P7205
LatvianTransit,LatvianTransit,0,rules,low,no_legal_form,,,,,1,1,P7279
Leveret Pipeline Co LLC,Leveret Pipeline Co LLC,0,rules,medium,,,Co LLC,,,1,1,P6505
Liaohe Oilfield Oil and Gas Gathering and Transportation Co,Liaohe Oilfield Oil and Gas Gathering and Transportation Co,0,rules,medium,,,Co,,,1,1,P6321
Liaoneng (Dandong) Natural Gas Pipeline Co Ltd,Liaoneng (Dandong) Natural Gas Pipeline Co Ltd,0,rules,medium,,,Co Ltd,,,1,1,P5000
Liaoning Jinlian Pipeline Transportation Co Ltd,Liaoning Jinlian Pipeline Transportation Co Ltd,0,rules,medium,,,Co Ltd,,,1,1,P3747
Liaoning Petroleum Industry Development Co Ltd,Liaoning Petroleum Industry Development Co Ltd,0,rules,medium,,,Co Ltd,,,1,1,P6320
Libyan Investment Authority,Libyan Investment Authority,0,exact,high,,E100000000533,,,,1,1,P6444
Lihuayi Group Co Ltd,Lihuayi Group Co Ltd,0,rules,medium,,,Co Ltd,,,1,1,P6314
Liquigas Ltd,Liquigas Ltd,0,rules,medium,,,Ltd,,,1,1,P6339
Lithuanian AB Klaipedos Nafta,Lithuanian AB Klaipedos Nafta,0,rules,low,no_legal_form,,,,,1,1,P3850
Lixian Huizhi Gas Co Ltd,Lixian Huizhi Gas Co Ltd,0,rules,medium,,,Co Ltd,,,1,1,P5722
Loews Corp,Loews Corp,0,exact,high,,E100001014302,Corp,,,1,1,P0314
Lotus Midstream LLC,Lotus Midstream LLC,0,rules,medium,,,LLC,,,1,1,P0344
Lower Valley Energy,Lower Valley Energy,0,rules,low,no_legal_form,,,,,1,1,P4455
Luliang Xinshi Energy Co Ltd,Luliang Xinshi Energy Co Ltd,0,rules,medium,,,Co Ltd,,,1,1,P5610
Lunds Energi AB,Lunds Energi AB,0,rules,medium,,,AB,,,1,1,P0683
Luoyang Zongheng Pipeline Gas Co Ltd,Luoyang Zongheng Pipeline Gas Co Ltd,0,rules,medium,,,Co Ltd,,,1,1,P4824
MEGA SA,MEGA SA,0,rules,medium,,,SA,,,1,1,P6151
MGI Enterprises,MGI Enterprises,0,rules,low,no_legal_form,,,,,1,1,P0224
MIP (Macquarie Infrastructure Partners) Seis Ocho Gas,MIP (Macquarie Infrastructure Partners) Seis Ocho Gas,0,rules,low,no_legal_form,,,,,1,1,P4184
MVM Group,MVM Group,0,rules,low,group|no_legal_form,,,,,1,1,P0735
Magnum Energy Midstream Holdings,Magnum Energy Midstream Holdings,0,rules,low,no_legal_form,,,,,1,1,P0304
Mahalo JV,Mahalo JV,0,rules,medium,jv,,JV,,,1,1,P7487
Managem SA,Managem SA,0,rules,medium,,,SA,,,1,1,P2248
Manitoba Hydro,Manitoba Hydro,0,rules,low,no_legal_form,,,,,1,1,P7124
Mansarovar Energy Colombia Ltd,Mansarovar Energy Colombia Ltd,0,rules,medium,,,Ltd,,,1,1,P5399
Many Islands Pipe Lines (Canada) Ltd,Many Islands Pipe Lines (Canada) Ltd,0,rules,medium,,,Ltd,,,1,1,P6532
Mardi Gras Transportation System Co LLC,Mardi Gras Transportation System Co LLC,0,rules,medium,,,Co LLC,,,1,1,P0048
Mars Oil Pipeline Co LLC,Mars Oil Pipeline Co LLC,0,rules,medium,,,Co LLC,,,1,1,P0096
Marubeni Corp,Marubeni Corp,0,exact,high,,E100000000649,Corp,,,1,1,P1136
Maurel & Prom,Maurel & Prom,0,exact,high,,E100000192353,,,,1,1,P3687
Medallion Delaware Express LLC,Medallion Delaware Express LLC,0,rules,medium,,,LLC,,,1,1,P0354
Medallion Pipeline Co LLC,Medallion Pipeline Co LLC,0,rules,medium,,,Co LLC,,,1,1,P0354
Mexico Pacific Ltd,Mexico Pacific Ltd,0,rules,medium,,,Ltd,,,1,1,P5795
Midcoast Energy LLC,Midcoast Energy LLC,0,rules,medium,,,LLC,,,1,1,P0305
Midship Pipeline Co LLC,Midship Pipeline Co LLC,0,rules,medium,,,Co LLC,,,1,1,P0284
Millennium Pipeline,Millennium Pipeline,0,rules,low,no_legal_form,,,,,1,1,P0216
Mineral Resources Development Co Ltd,Mineral Resources Development Co Ltd,0,rules,medium,form_conflict,,Co Ltd,,Mineral Resources Development Corp,1,1,P4209
Mittelrheinische Erdgastransportleitungsgesellschaft (METG) mbH,Mittelrheinische Erdgastransportleitungsgesellschaft (METG) mbH,0,rules,medium,,,mbH,,,1,1,P0811
Mobil Exploration Norway AS,Mobil Exploration Norway AS,0,rules,medium,,,AS,,,1,1,P5153
Mongol Refinery State Owned LLC,Mongol Refinery State Owned LLC,0,rules,medium,,,LLC,,,1,1,P7952
Moonie Pipeline Co Pty Ltd,Moonie Pipeline Co Pty Ltd,0,rules,medium,,,Pty Ltd,,,1,1,P7205
Moroccan National Board of Hydrocarbons and Mines,Moroccan National Board of Hydrocarbons and Mines,0,rules,low,no_legal_form,,,,,1,1,P0463
Moss Lake Partners,Moss Lake Partners,0,rules,low,no_legal_form,,,,,1,1,P6531
Motiva,Motiva,0,rules,low,no_legal_form,,,,,1,1,P3159
Mountaineer NGL Storage LLC,Mountaineer NGL Storage LLC,0,rules,medium,,,LLC,,,1,1,P2696
Mubadala Investment Co,Mubadala Investment Co,0,rules,medium,fuzzy_candidates,,Co,,Mubadala Investment Company PJSC,1,1,P0437
NEL Gastransport GmbH,NEL Gastransport GmbH,0,rules,medium,,,GmbH,,,1,1,P0709
NEO Energy Petroleum Ltd,NEO Energy Petroleum Ltd,0,rules,medium,,,Ltd,,,1,1,P0805
NETRA GmbH Norddeutsche Erdgas Transversale & Co KG,NETRA GmbH Norddeutsche Erdgas Transversale & Co KG,0,rules,medium,,,KG,,,1,1,P0710
NSMP Operations Ltd,NSMP Operations Ltd,0,rules,medium,,,Ltd,,,1,1,P7145
NW Infrastructure Ltd Partnership,NW Infrastructure Ltd Partnership,0,rules,low,no_legal_form,,,,,1,1,P0243
Nabucco Gas Pipeline International GmbH,Nabucco Gas Pipeline International GmbH,0,rules,medium,,,GmbH,,,1,1,P0708
Nanohana Pipeline Co,Nanohana Pipeline Co,0,rules,medium,,,Co,,,1,1,P1032
National Petroleum and Natural Gas Pipeline Network Corp West-East Gas Transmission Co,National Petroleum and Natural Gas Pipeline Network Corp West-East Gas Transmission Co,0,rules,medium,fuzzy_candidates,,Co,,National Petroleum and Natural Gas Pipeline Network Group Co Ltd,1,1,P6000
National Pipe Network Group Fujian Pipe Network Co Ltd,National Pipe Network Group Fujian Pipe Network Co Ltd,0,rules,medium,,,Co Ltd,,,1,1,P5880
National Pipe Network Group Hebei Construction Investment Natural Gas Co Ltd,National Pipe Network Group Hebei Construction Investment Natural Gas Co Ltd,0,rules,medium,,,Co Ltd,,,1,1,P5010
Navigator Borger Express LLC,Navigator Borger Express LLC,0,rules,medium,,,LLC,,,1,1,P6545
Nepal Oil Corp,Nepal Oil Corp,0,rules,medium,form_conflict,,Corp,,Nepal Oil Corp Ltd,1,1,P2213
Neptune Energy,Neptune Energy,0,rules,low,no_legal_form,,,,,1,1,P5152
NetConnect Germany,NetConnect Germany,0,rules,low,no_legal_form,,,,,1,1,P2979
New Stream Group,New Stream Group,0,rules,low,group|no_legal_form,,,,,1,1,P3695
NewMedEnergy,NewMedEnergy,0,rules,low,no_legal_form,,,,,1,1,P7864
NextEra Energy Resources LLC,NextEra Energy Resources LLC,0,rules,medium,alias_candidate|fuzzy_candidates,,LLC,,NextEra Energy Inc,1,1,P4457
Nicor Gas,Nicor Gas,0,rules,low,no_legal_form,,,,,1,1,P0201
Ningqiang Xuri New Energy Co Ltd,Ningqiang Xuri New Energy Co Ltd,0,rules,medium,,,Co Ltd,,,1,1,P5050
Ningxia Hanas Gas Group Co Ltd,Ningxia Hanas Gas Group Co Ltd,0,exact,high,,E100000123724,Co Ltd,,,1,1,P4478
Ningxia Xinyan Energy Technology Co Ltd,Ningxia Xinyan Energy Technology Co Ltd,0,rules,medium,,,Co Ltd,,,1,1,P7110
Nippon Oil Exploration (Myanmar),Nippon Oil Exploration (Myanmar),0,rules,low,no_legal_form,,,,,1,1,P1073
Nord Stream AG,Nord Stream AG,0,rules,medium,,,AG,,,1,1,P0753
Nord-West Oelleitung GmbH,Nord-West Oelleitung GmbH,0,rules,medium,,,GmbH,,,1,1,P3102
Norddeutschen Oelleitungsgesellschaft mbH,Norddeutschen Oelleitungsgesellschaft mbH,0,rules,medium,,,mbH,,,1,1,P0673
North Dakota Pipeline Co LLC,North Dakota Pipeline Co LLC,0,rules,medium,,,Co LLC,,,1,1,P0125
North Huajin Chemical Industries Group Corp,North Huajin Chemical Industries Group Corp,0,exact,high,,E100000122509,Corp,,,1,1,P6279
North Sea Midstream Partners,North Sea Midstream Partners,0,rules,low,no_legal_form,,,,,1,1,P0693
North Slope Borough,North Slope Borough,0,rules,low,no_legal_form,,,,,1,1,P7462
Northstar Midstream,Northstar Midstream,0,rules,low,no_legal_form,,,,,1,1,P0080
Nowega,Nowega,0,rules,low,no_legal_form,,,,,1,1,P7590
Nuclear Damage Compensation and Decommissioning Facilitation Corp,Nuclear Damage Compensation and Decommissioning Facilitation Corp,0,exact,high,,E100001000894,Corp,,,1,1,P1219
OMV (Norge) AS,OMV (Norge) AS,0,rules,medium,,,AS,,,1,1,P5149
ONE-Dyas E&P Ltd,ONE-Dyas E&P Ltd,0,rules,medium,fuzzy_candidates,,Ltd,,ONE-Dyas BV,1,1,P0805
ONEOK NGL Pipeline LLC,ONEOK NGL Pipeline LLC,0,rules,medium,,,LLC,,,1,1,P6471
OPAL Gastransport GmbH,OPAL Gastransport GmbH,0,rules,medium,,,GmbH,,,1,1,P0713
ORLEN Lietuva AB,ORLEN Lietuva AB,0,rules,medium,,,AB,,,1,1,P6283
Oil Projects Co,Oil Projects Co,0,rules,medium,,,Co,,,1,1,P6824
Oil Terminal SA,Oil Terminal SA,0,exact,high,,E100001014432,SA,,,1,1,P0675
Oiltanking,Oiltanking,0,rules,low,no_legal_form,,,,,1,1,P1222
Otog Qi Changmeng Ranqi Co Ltd,Otog Qi Changmeng Ranqi Co Ltd,0,rules,medium,,,Co Ltd,,,1,1,P4529
PBF Logistics LP,PBF Logistics LP,0,rules,medium,,,LP,,,1,1,P0350
PCK Raffinerie GmbH,PCK Raffinerie GmbH,0,exact,high,,E100000003733,GmbH,,,1,1,P0677
PCK Rosneft Deutschland GmbH,PCK Rosneft Deutschland GmbH,0,rules,medium,fuzzy_candidates,,GmbH,,Rosneft Deutschland GmbH,1,1,P6331
PEL 91,PEL 91,0,rules,low,no_legal_form,,,,,1,1,P3883
PKM Cochin ULC,PKM Cochin ULC,0,rules,medium,,,ULC,,,1,1,P0005
PNOC Exploration Corp,PNOC Exploration Corp,0,exact,high,,E100000120988,Corp,,,1,1,P1086
Pacific Pipeline System LLC,Pacific Pipeline System LLC,0,rules,medium,,,LLC,,,1,1,P0110
Palayesh Parsian Sepehr,Palayesh Parsian Sepehr,0,rules,low,no_legal_form,,,,,1,1,P6080
Panama Canal Authority,Panama Canal Authority,0,rules,low,no_legal_form,,,,,1,1,P3849
Panhandle Eastern,Panhandle Eastern,0,rules,low,no_legal_form,,,,,1,1,P0251
Panola Pipeline Co LLC,Panola Pipeline Co LLC,0,rules,medium,,,Co LLC,,,1,1,P6495
Par Pacific Holdings Inc,Par Pacific Holdings Inc,0,exact,high,,E100001012038,Inc,,,1,1,P0129
Paradigm Midstream LLC,Paradigm Midstream LLC,0,rules,medium,,,LLC,,,1,1,P2608
Paso Norte Pipeline Group,Paso Norte Pipeline Group,0,rules,low,group|no_legal_form,,,,,1,1,P0382
Patagonia Resources,Patagonia Resources,0,rules,low,no_legal_form,,,,,1,1,P5454
Pearl Oil Sebuku Ltd,Pearl Oil Sebuku Ltd,0,rules,medium,,,Ltd,,,1,1,P0981
Pecos Trail Pipeline Co,Pecos Trail Pipeline Co,0,rules,medium,,,Co,,,1,1,P0289
Permico Midstream Partners,Permico Midstream Partners,0,rules,low,no_legal_form|fuzzy_candidates,,,,EQM Midstream Partners LP,1,1,P2686
Peru LNG,Peru LNG,0,rules,low,no_legal_form,,,,,1,1,P6841
Perusahaan Listrik Negara,Perusahaan Listrik Negara,0,rules,low,no_legal_form,,,,,1,1,P0984
Petro Lao,Petro Lao,0,rules,low,no_legal_form,,,,,1,1,P1125
Petro Ventures Resources,Petro Ventures Resources,0,rules,low,no_legal_form,,,,,1,1,P2749
PetroChina Kunlun Gas Co Ltd Guizhou Branch,PetroChina Kunlun Gas Co Ltd Guizhou Branch,0,rules,low,no_legal_form,,,,,1,1,P4966
PetroChina Natural Gas Sales Jiangsu Branch,PetroChina Natural Gas Sales Jiangsu Branch,0,rules,low,no_legal_form,,,,,1,1,P4757
PetroKazakhstan,PetroKazakhstan,0,exact,high,,E100002014030,,,,1,1,P7985
Petroci,Petroci,0,rules,low,no_legal_form,,,,,1,1,P0472
Petroleum Research and Exploitation Company in Tunisia,Petroleum Research and Exploitation Company in Tunisia,0,rules,low,no_legal_form,,,,,1,1,P7899
Petroterminal de Panama,Petroterminal de Panama,0,rules,low,no_legal_form,,,,,1,1,P1229
Phillips 66 Pipeline LLC,Phillips 66 Pipeline LLC,0,rules,medium,alias_candidate,,LLC,,Phillips 66,1,1,P6470
Phoenix Energy Holdings,Phoenix Energy Holdings,0,rules,low,no_legal_form,,,,,1,1,P0021
Pilgrim Pipelines Holdings LLC,Pilgrim Pipelines Holdings LLC,0,rules,medium,,,LLC,,,1,1,P0114
Pingliang Litong Natural Gas Co Ltd,Pingliang Litong Natural Gas Co Ltd,0,rules,medium,,,Co Ltd,,,1,1,P5659
Plains All American,Plains All American,0,rules,low,no_legal_form|fuzzy_candidates,,,,Plains All American Pipeline LP,1,1,P7990
Point Thomson Export Pipeline LLC,Point Thomson Export Pipeline LLC,0,rules,medium,,,LLC,,,1,1,P2647
Portland Pipe Line Corp,Portland Pipe Line Corp,0,rules,medium,,,Corp,,,1,1,P0118
Powder River Gateway LLC,Powder River Gateway LLC,0,rules,medium,,,LLC,,,1,1,P3827
Power and Water Corp,Power and Water Corp,0,exact,high,,E100001015895,Corp,,,1,1,P1147
Premier Oil UK Ltd,Premier Oil UK Ltd,0,rules,medium,fuzzy_candidates,,Ltd,,Premier Oil PLC,1,1,P0805
Profin Consulting,Profin Consulting,0,rules,low,no_legal_form,,,,,1,1,P2249
Progas Investment Group,Progas Investment Group,0,rules,low,group|no_legal_form,,,,,1,1,P2249
Promioriente,Promioriente,0,rules,low,no_legal_form,,,,,1,1,P7561
Proteus Oil Pipeline Co LLC,Proteus Oil Pipeline Co LLC,0,rules,medium,,,Co LLC,,,1,1,P0120
Qatar Investment Authority,Qatar Investment Authority,0,exact,high,,E100000000845,,,,1,1,P0719
Qianxinan Sunshine Natural Gas Development Co Ltd,Qianxinan Sunshine Natural Gas Development Co Ltd,0,rules,medium,,,Co Ltd,,,1,1,P4983
Qinjin Natural Gas Co Ltd,Qinjin Natural Gas Co Ltd,0,rules,medium,fuzzy_candidates,,Co Ltd,,Natural Gas Corporation Ltd,1,1,P4622
REN,REN,0,rules,low,no_legal_form,,,,,1,1,P5119
RH Energytrans,RH Energytrans,0,rules,low,no_legal_form,,,,,1,1,P0312
Ratio Energies),Ratio Energies),0,rules,low,no_legal_form,,,,,1,1,P7864
Rattler Midstream LP,Rattler Midstream LP,0,rules,medium,,,LP,,,1,1,P0344
Red River Pipeline Co LLC,Red River Pipeline Co LLC,0,rules,medium,,,Co LLC,,,1,1,P2598
Remsa (Recursos Energéticos y Mineros de Salta),Remsa (Recursos Energéticos y Mineros de Salta),0,rules,low,no_legal_form,,,,,1,1,P1369
Repsol Sinopec,Repsol Sinopec,0,rules,low,no_legal_form|alias_candidate,,,,Repsol SA,1,1,P3528
Retail Employees Superannuation Trust,Retail Employees Superannuation Trust,0,exact,high,,,,,,1,1,P1183
Rio Bravo Pipeline Co LLC,Rio Bravo Pipeline Co LLC,0,rules,medium,,,Co LLC,,,1,1,P0245
Riverstone Holdings,Riverstone Holdings,0,rules,low,no_legal_form,,,,,1,1,P0317
Ruby Pipeline LLC,Ruby Pipeline LLC,0,rules,medium,,,LLC,,,1,1,P0248
SAFER Exploration & Production Operations Co,SAFER Exploration & Production Operations Co,0,rules,medium,,,Co,,,1,1,P0554
SAGE North Sea Ltd,SAGE North Sea Ltd,0,rules,medium,,,Ltd,,,1,1,P0804
SARPOM,SARPOM,0,rules,low,no_legal_form,,,,,1,1,P6262
SEA Gas,SEA Gas,0,rules,low,no_legal_form,,,,,1,1,P1171
SEMCO Energy,SEMCO Energy,0,rules,low,no_legal_form,,,,,1,1,P0313
SGN Natural Gas,SGN Natural Gas,0,rules,low,no_legal_form|fuzzy_candidates,,,,Natural Gas Corporation Ltd,1,1,P3363
SINOPEC Maoming Petrochemical Co Ltd,SINOPEC Maoming Petrochemical Co Ltd,0,rules,medium,,,Co Ltd,,,1,1,P6278
SMJ Energy Sdn Bhd,SMJ Energy Sdn Bhd,0,rules,medium,fuzzy_candidates,,Sdn Bhd,,Energy,1,1,P7912
Sabine Pass Liquefaction LLC,Sabine Pass Liquefaction LLC,0,rules,medium,,,LLC,,,1,1,P5509
Sakhalin Energy LLC,Sakhalin Energy LLC,0,rules,medium,,,LLC,,,1,1,P1783
Sasol,Sasol,0,exact,high,,E100000189783,,,,1,1,P0455
Satria Energindo,Satria Energindo,0,rules,low,no_legal_form,,,,,1,1,P4218
Satria Wijaya Kusuma,Satria Wijaya Kusuma,0,rules,low,no_legal_form,,,,,1,1,P4218
Savannah Energy PLC,Savannah Energy PLC,0,exact,high,,E100000149640,PLC,,,1,1,P0528
Seadrift Pipeline LLC,Seadrift Pipeline LLC,0,rules,medium,,,LLC,,,1,1,P6500
Seahorse Pipeline LLC,Seahorse Pipeline LLC,0,rules,medium,,,LLC,,,1,1,P0358
Seven Energy,Seven Energy,0,rules,low,no_legal_form,,,,,1,1,P2667
Shaanxi Yanchang Petroleum (Group) Co Ltd,Shaanxi Yanchang Petroleum (Group) Co Ltd,0,exact,high,,E100000124313,Co Ltd,,,1,1,P6478
Shandong Bairong Natural Gas Technology Co Ltd,Shandong Bairong Natural Gas Technology Co Ltd,0,rules,medium,,,Co Ltd,,,1,1,P5504
Shandong Huihui Gas Co Ltd,Shandong Huihui Gas Co Ltd,0,rules,medium,,,Co Ltd,,,1,1,P5506
Shandong Kenli Petrochemical Group Co Ltd,Shandong Kenli Petrochemical Group Co Ltd,0,exact,high,,E100000126877,Co Ltd,,,1,1,P7416
Shandong Lurun Natural Gas Co Ltd,Shandong Lurun Natural Gas Co Ltd,0,rules,medium,,,Co Ltd,,,1,1,P5498
Shandong Minda Logistics Co Ltd,Shandong Minda Logistics Co Ltd,0,rules,medium,,,Co Ltd,,,1,1,P6342
Shandong Poly GCL Huanya International Energy Co Ltd,Shandong Poly GCL Huanya International Energy Co Ltd,0,rules,medium,,,Co Ltd,,,1,1,P4620
Shandong Qingzi Logistics Co Ltd,Shandong Qingzi Logistics Co Ltd,0,rules,medium,,,Co Ltd,,,1,1,P3804
Shandong Shundong United Energy Co Ltd,Shandong Shundong United Energy Co Ltd,0,rules,medium,,,Co Ltd,,,1,1,P6325
Shanghai Petroleum Co Ltd,Shanghai Petroleum Co Ltd,0,rules,medium,,,Co Ltd,,,1,1,P5083
Shanxi Gemeng International Energy Group Co Ltd,Shanxi Gemeng International Energy Group Co Ltd,0,exact,high,,E100000123823,Co Ltd,,,1,1,P4633
Shanxi Guohua Kesi Gas Co Ltd,Shanxi Guohua Kesi Gas Co Ltd,0,rules,medium,,,Co Ltd,,,1,1,P5561
Shanxi Guoxin Energy Development Group Co Ltd,Shanxi Guoxin Energy Development Group Co Ltd,0,rules,medium,,,Co Ltd,,,1,1,P5563
Shanxi Guoxing Coalbed Methane Transmission and Distribution Co Ltd Jiaokou Branch,Shanxi Guoxing Coalbed Methane Transmission and Distribution Co Ltd Jiaokou Branch,0,rules,low,no_legal_form,,,,,1,1,P5611
Shanxi Huaxin Natural Gas Eastern Pipeline Network Co Ltd,Shanxi Huaxin Natural Gas Eastern Pipeline Network Co Ltd,0,rules,medium,,,Co Ltd,,,1,1,P4639
Shanxi Sanjin New Energy Development Co Ltd,Shanxi Sanjin New Energy Development Co Ltd,0,rules,medium,alias_candidate|fuzzy_candidates,,Co Ltd,,Shanxi Guoxin Energy Co Ltd,1,1,P5570
Shanxi Santong Natural Gas Co Ltd,Shanxi Santong Natural Gas Co Ltd,0,rules,medium,,,Co Ltd,,,1,1,P5583
Shanxi Tongyu Coalbed Methane Transportation and Distribution Ltd,Shanxi Tongyu Coalbed Methane Transportation and Distribution Ltd,0,rules,medium,,,Ltd,,,1,1,P4621
Shanxi Wanzhong Zongheng Gas Pipeline Co Ltd,Shanxi Wanzhong Zongheng Gas Pipeline Co Ltd,0,rules,medium,,,Co Ltd,,,1,1,P4647
Shell Petroleum Development Co of Nigeria Ltd,Shell Petroleum Development Co of Nigeria Ltd,0,rules,medium,fuzzy_candidates,,Ltd,,The Shell Petroleum Development Company of Nigeria Ltd,1,1,P2257
Shell Trinidad and Tobago,Shell Trinidad and Tobago,0,rules,low,no_legal_form,,,,,1,1,P7924
Shell UK Ltd,Shell UK Ltd,0,exact,high,,E100002004984,Ltd,,,1,1,P7147
Shenneng Yangshan Liquefied Natural Gas Co Ltd,Shenneng Yangshan Liquefied Natural Gas Co Ltd,0,rules,medium,,,Co Ltd,,,1,1,P5978
Shenzhen-Hong Kong Natural Gas Pipeline Co Ltd,Shenzhen-Hong Kong Natural Gas Pipeline Co Ltd,0,rules,medium,,,Co Ltd,,,1,1,P5961
Sibneft-Chukotka LLC,Sibneft-Chukotka LLC,0,rules,medium,,,LLC,,,1,1,P6690
Sichuan Chuangang Gas Co Ltd,Sichuan Chuangang Gas Co Ltd,0,rules,medium,,,Co Ltd,,,1,1,P7687
Silver Creek Midstream,Silver Creek Midstream,0,rules,low,no_legal_form,,,,,1,1,P0345
Sinopec,Sinopec,0,exact,high,,E100000192363,,,,1,1,P4847
Sinopec Zhenhai Refining and Chemical Co,Sinopec Zhenhai Refining and Chemical Co,0,rules,medium,fuzzy_candidates,,Co,,Sinopec Ningbo Zhenhai Refining & Chemical Co Ltd,1,1,P5184
Skelly Belvieu Pipeline Co LLC,Skelly Belvieu Pipeline Co LLC,0,rules,medium,,,Co LLC,,,1,1,P6502
Société des Transports Pétroliers par Pipelines,Société des Transports Pétroliers par Pipelines,0,rules,low,no_legal_form,,,,,1,1,P3880
Solveig Gas Norway,Solveig Gas Norway,0,rules,low,no_legal_form,,,,,1,1,P0720
Sonangol,Sonangol,0,exact,high,,E100000189641,,,,1,1,P0471
Sotugat,Sotugat,0,rules,low,no_legal_form,,,,,1,1,P0725
South African Gas Development Ltd Co,South African Gas Development Ltd Co,0,rules,medium,,,Ltd Co,,,1,1,P0455
South Stream BV,South Stream BV,0,rules,medium,fuzzy_candidates,,BV,,South Stream Serbia AG,1,1,P0760
Southern Co,Southern Co,0,exact,high,,E100000001309,Co,,,1,1,P0252
Southern Energy SA,Southern Energy SA,0,rules,medium,,,SA,,,1,1,P7100
Southern Trails Pipeline Co,Southern Trails Pipeline Co,0,rules,medium,,,Co,,,1,1,P0254
Southern Union Panhandle LLC,Southern Union Panhandle LLC,0,rules,medium,alias_candidate,,LLC,,Southern Union Co,1,1,P0239
Southwest Gas Co,Southwest Gas Co,0,rules,medium,,,Co,,,1,1,P7823
Southwest Pipeline Holding Co LLC,Southwest Pipeline Holding Co LLC,0,rules,medium,,,Co LLC,,,1,1,P0090
Spire STL Pipeline LLC,Spire STL Pipeline LLC,0,rules,medium,,,LLC,,,1,1,P0255
Spirit Energy Resources Ltd,Spirit Energy Resources Ltd,0,rules,medium,fuzzy_candidates,,Ltd,,Energy Resources LLC,1,1,P0817
Spirit Production UK Ltd,Spirit Production UK Ltd,0,rules,medium,,,Ltd,,,1,1,P0694
Staatsolie,Staatsolie,0,exact,high,,E100001016494,,,,1,1,P7959
Steel Reef Infrastructure,Steel Reef Infrastructure,0,rules,low,no_legal_form,,,,,1,1,P0316
Stratum Energy,Stratum Energy,0,rules,low,no_legal_form,,,,,1,1,P0772
Suihua PetroChina Kunlun Gas Co Ltd,Suihua PetroChina Kunlun Gas Co Ltd,0,rules,medium,,,Co Ltd,,,1,1,P6822
Sunoco Pipeline LP,Sunoco Pipeline LP,0,rules,medium,,,LP,,,1,1,P6494
Suzhou Sucheng Natural Gas Co Ltd,Suzhou Sucheng Natural Gas Co Ltd,0,rules,medium,,,Co Ltd,,,1,1,P5983
Syrian Company for Oil Transport,Syrian Company for Oil Transport,0,rules,low,no_legal_form,,,,,1,1,P7969
Syrian Petroleum Co,Syrian Petroleum Co,0,exact,high,,E100001015827,Co,,,1,1,P7540
TABK,TABK,0,rules,low,no_legal_form,,,,,1,1,P5681
TGBC (Transportadora de Gás Brasil Central),TGBC (Transportadora de Gás Brasil Central),0,rules,low,no_legal_form,,,,,1,1,P2717
TGP (Transportadora de Gas del Peru),TGP (Transportadora de Gas del Peru),0,rules,low,no_legal_form,,,,,1,1,P7449
TGP (Transportadora de Gas del Perú),TGP (Transportadora de Gas del Perú),0,rules,low,no_legal_form,,,,,1,1,P3551
TRAPIL,TRAPIL,0,rules,low,no_legal_form,,,,,1,1,P7928
TTC Connector LLC,TTC Connector LLC,0,rules,medium,,,LLC,,,1,1,P7811
Tacheng Area Natural Gas Investment and Development Co Ltd,Tacheng Area Natural Gas Investment and Development Co Ltd,0,rules,medium,,,Co Ltd,,,1,1,P5719
Taizhou Junan Pipeline Natural Gas Co Ltd,Taizhou Junan Pipeline Natural Gas Co Ltd,0,rules,medium,,,Co Ltd,,,1,1,P5951
Tajik Transgaz,Tajik Transgaz,0,rules,low,no_legal_form|fuzzy_candidates,,,,Tajiktransgaz OJSC,1,1,P6937
Talimu Oilfield Co,Talimu Oilfield Co,0,rules,medium,,,Co,,,1,1,P4745
Tall Oak Midstream,Tall Oak Midstream,0,rules,low,no_legal_form,,,,,1,1,P0318
Tarbagatay Munay LLP,Tarbagatay Munay LLP,0,rules,medium,,,LLP,,,1,1,P6787
Tauern Gas Pipeline,Tauern Gas Pipeline,0,rules,low,no_legal_form,,,,,1,1,P1326
Tengizchevroil LLP,Tengizchevroil LLP,0,exact,high,,E100000004182,LLP,,,1,1,P6835
Tennessee Gas Pipeline Co,Tennessee Gas Pipeline Co,0,rules,medium,,,Co,,,1,1,P7106
Terga Resources,Terga Resources,0,rules,low,no_legal_form|fuzzy_candidates,,,,Targa Resources Corp,1,1,P5931
Tesoro High Plains Pipeline Co LLC,Tesoro High Plains Pipeline Co LLC,0,rules,medium,,,Co LLC,,,1,1,P0086
Tesoro Refining & Marketing Co LLC,Tesoro Refining & Marketing Co LLC,0,rules,medium,form_conflict|fuzzy_candidates,,Co LLC,,Tesoro Refining & Marketing Company LLC,1,1,P0121
TexStar Midstream Logistics,TexStar Midstream Logistics,0,rules,low,no_legal_form,,,,,1,1,P0092
The Aboriginal Pipeline Group,The Aboriginal Pipeline Group,0,rules,low,group|no_legal_form,,,,,1,1,P0211
The Pacific Gas and Electric Co,The Pacific Gas and Electric Co,0,rules,medium,fuzzy_candidates,,Co,,Pacific Gas and Electric Co,1,1,P2573
Thevenin-Ducrot,Thevenin-Ducrot,0,rules,low,no_legal_form,,,,,1,1,P7928
Tohoku Natural Gas Co Inc,Tohoku Natural Gas Co Inc,0,rules,medium,fuzzy_candidates,,Co Inc,,Natural Gas Corporation Ltd,1,1,P1060
Tokyo Electric Power Co,Tokyo Electric Power Co,0,exact,high,,E100000000659,Co,,,1,1,P1133
Total E&P (UK) Ltd,Total E&P (UK) Ltd,0,rules,medium,,,Ltd,,,1,1,P0672
Total E&P Nigeria Ltd,Total E&P Nigeria Ltd,0,rules,medium,,,Ltd,,,1,1,P0534
TotalEnergies Offshore UK Ltd,TotalEnergies Offshore UK Ltd,0,rules,medium,,,Ltd,,,1,1,P0805
Trans Adriatic Pipeline AG,Trans Adriatic Pipeline AG,0,rules,medium,,,AG,,,1,1,P0724
Trans Thai-Malaysia (Malaysia) Sdn Bhd,Trans Thai-Malaysia (Malaysia) Sdn Bhd,0,rules,medium,,,Sdn Bhd,,,1,1,P1068
Trans Thai-Malaysia (Thailand) Ltd,Trans Thai-Malaysia (Thailand) Ltd,0,rules,medium,,,Ltd,,,1,1,P1068
Trans-Tunisia Pipeline Co,Trans-Tunisia Pipeline Co,0,rules,medium,,,Co,,,1,1,P6648
Trans-Tunisian Pipeline Co,Trans-Tunisian Pipeline Co,0,rules,medium,,,Co,,,1,1,P7057
TransCameron Pipeline LLC,TransCameron Pipeline LLC,0,rules,medium,,,LLC,,,1,1,P0269
TransMontaigne Partners LP,TransMontaigne Partners LP,0,rules,medium,,,LP,,,1,1,P7272
TransOccidente SA ESP,TransOccidente SA ESP,0,rules,medium,,,SA ESP,,,1,1,P7565
Transitgas AG,Transitgas AG,0,rules,medium,,,AG,,,1,1,P0726
Transmetano,Transmetano,0,rules,low,no_legal_form,,,,,1,1,P7563
Transneft-Prikamye JSC,Transneft-Prikamye JSC,0,rules,medium,,,JSC,,,1,1,P2445
Trencap,Trencap,0,rules,low,no_legal_form,,,,,1,1,P0267
Tri-States NGL Pipeline LLC,Tri-States NGL Pipeline LLC,0,rules,medium,,,LLC,,,1,1,P6479
Trinidad and Tobago Unit Trust Corp,Trinidad and Tobago Unit Trust Corp,0,exact,high,,E100000136786,Corp,,,1,1,P1259
Trunkline Gas Co LLC,Trunkline Gas Co LLC,0,rules,medium,,,Co LLC,,,1,1,P3664
Tunisian Co of Electricity and Gas,Tunisian Co of Electricity and Gas,0,rules,low,no_legal_form|fuzzy_candidates,,,,Tunisian Company of Electricity and Gas,1,1,P0512
UGI Corp,UGI Corp,0,exact,high,,,Corp,,,1,1,P0170
UGI Energy,UGI Energy,0,rules,low,no_legal_form|fuzzy_candidates,,,,Energy,1,1,P0291
UNEV Pipeline LLC,UNEV Pipeline LLC,0,rules,medium,,,LLC,,,1,1,P0136
Udenna Corp,Udenna Corp,0,rules,medium,,,Corp,,,1,1,P1086
Ukrtransgaz,Ukrtransgaz,0,rules,low,no_legal_form,,,,,1,1,P1487
Unocal,Unocal,0,rules,low,no_legal_form,,,,,1,1,P0829
Unocal Argentina,Unocal Argentina,0,rules,low,no_legal_form,,,,,1,1,P1239
VMOS SA,VMOS SA,0,rules,medium,,,SA,,,1,1,P7183
Valeura Energy Inc,Valeura Energy Inc,0,exact,high,,E100002008077,Inc,,,1,1,P0887
Vamgas Pty Ltd,Vamgas Pty Ltd,0,rules,medium,,,Pty Ltd,,,1,1,P7205
Vankorneft,Vankorneft,0,rules,low,no_legal_form,,,,,1,1,P3708
Veresen,Veresen,0,rules,low,no_legal_form,,,,,1,1,P2110
Verkhnechonskneftegaz,Verkhnechonskneftegaz,0,rules,low,no_legal_form,,,,,1,1,P3711
Vermilion Energy,Vermilion Energy,0,rules,low,no_legal_form,,,,,1,1,P7118
Vermont Gas,Vermont Gas,0,rules,low,no_legal_form,,,,,1,1,P3995
Virginia Natural Gas,Virginia Natural Gas,0,rules,low,no_legal_form,,,,,1,1,P5990
Vitol Holding II SA,Vitol Holding II SA,0,exact,high,,E100000000694,SA,,,1,1,P2255
Vopak,Vopak,0,rules,low,no_legal_form,,,,,1,1,P7499
WAG Pipeline Pty Ltd,WAG Pipeline Pty Ltd,0,rules,medium,,,Pty Ltd,,,1,1,P1212
WEPCO,WEPCO,0,rules,low,no_legal_form,,,,,1,1,P3689
WPC Joint Venture,WPC Joint Venture,0,rules,medium,jv,,,,,1,1,P7828
WPX Energy,WPX Energy,0,rules,low,no_legal_form|fuzzy_candidates,,,,Energy,1,1,P3882
West African Gas Pipeline Co Ltd,West African Gas Pipeline Co Ltd,0,rules,medium,fuzzy_candidates,,Co Ltd,,Chevron West African Gas Pipeline Ltd,1,1,P0461
West Delta LNG LLC,West Delta LNG LLC,0,rules,medium,,,LLC,,,1,1,P3665
Wushen Zhongran Natural Gas Co Ltd,Wushen Zhongran Natural Gas Co Ltd,0,rules,medium,,,Co Ltd,,,1,1,P4530
XRG PJSC,XRG PJSC,0,rules,medium,,,PJSC,,,1,1,P7776
XcL Midstream LLC,XcL Midstream LLC,0,rules,medium,,,LLC,,,1,1,P0153
Xing'an Meng Jitong Natural Gas Co Ltd,Xing'an Meng Jitong Natural Gas Co Ltd,0,rules,medium,,,Co Ltd,,,1,1,P5418
Xingxian Huasheng Gas Co Ltd,Xingxian Huasheng Gas Co Ltd,0,rules,medium,,,Co Ltd,,,1,1,P5595
Xinjiang Altay Irtysh State-owned Assets Investment Management Co Ltd,Xinjiang Altay Irtysh State-owned Assets Investment Management Co Ltd,0,rules,medium,,,Co Ltd,,,1,1,P5720
Xinjiang Guanhei Zimunai LNG Development LLC,Xinjiang Guanhei Zimunai LNG Development LLC,0,rules,medium,,,LLC,,,1,1,P6787
Xinjiang Meiye Oil and Gas Energy Storage and Transportation Co Ltd,Xinjiang Meiye Oil and Gas Energy Storage and Transportation Co Ltd,0,rules,medium,,,Co Ltd,,,1,1,P3754
Xinyang Hongchang Piping Fuel Gas Engineering Co Ltd,Xinyang Hongchang Piping Fuel Gas Engineering Co Ltd,0,rules,medium,,,Co Ltd,,,1,1,P4822
Yantai Port Group Co Ltd,Yantai Port Group Co Ltd,0,rules,medium,,,Co Ltd,,,1,1,P5170
Yantai Xinao Clean Energy Co Ltd,Yantai Xinao Clean Energy Co Ltd,0,rules,medium,,,Co Ltd,,,1,1,P5511
Yichang Changle Investment Group Co Ltd,Yichang Changle Investment Group Co Ltd,0,exact,high,,E100001016105,Co Ltd,,,1,1,P5948
Yichang zhongji Natural Gas Utilization Co Ltd,Yichang zhongji Natural Gas Utilization Co Ltd,0,rules,medium,,,Co Ltd,,,1,1,P5959
Yinshi (Helan County) Natural Gas Co Ltd,Yinshi (Helan County) Natural Gas Co Ltd,0,rules,medium,,,Co Ltd,,,1,1,P4479
Yinwu (Yongning County) Natural Gas Co Ltd,Yinwu (Yongning County) Natural Gas Co Ltd,0,rules,medium,,,Co Ltd,,,1,1,P4480
Yunnan Energy Investment Dianzhong Natural Gas Industry Development Co Ltd,Yunnan Energy Investment Dianzhong Natural Gas Industry Development Co Ltd,0,rules,medium,,,Co Ltd,,,1,1,P6041
Yunnan Zhongcheng Gas Transmission and Distribution Co Ltd,Yunnan Zhongcheng Gas Transmission and Distribution Co Ltd,0,rules,medium,,,Co Ltd,,,1,1,P4512
Yunnan Zhonghui Energy Co Ltd Honghe Branch,Yunnan Zhonghui Energy Co Ltd Honghe Branch,0,rules,low,no_legal_form,,,,,1,1,P4517
Yushu Prefecture Development and Reform Commission,Yushu Prefecture Development and Reform Commission,0,rules,low,no_legal_form,,,,,1,1,P5059
Zenith Energy,Zenith Energy,0,rules,low,no_legal_form|fuzzy_candidates,,,,Zenith Energy U.S. GP LLC,1,1,P7895
Zhangjiakou Yingzhang Natural Gas Co Ltd,Zhangjiakou Yingzhang Natural Gas Co Ltd,0,rules,medium,,,Co Ltd,,,1,1,P4807
Zhejiang Energy Group Co Ltd,Zhejiang Energy Group Co Ltd,0,exact,high,,E100001000030,Co Ltd,,,1,1,P5914
Zhejiang Hangjiaxin Clean Energy Co Ltd,Zhejiang Hangjiaxin Clean Energy Co Ltd,0,rules,medium,,,Co Ltd,,,1,1,P5952
Zhejiang Jinquli Natural Gas Co Ltd,Zhejiang Jinquli Natural Gas Co Ltd,0,rules,medium,,,Co Ltd,,,1,1,P5917
Zhejiang Natural Gas Development Co Ltd,Zhejiang Natural Gas Development Co Ltd,0,rules,medium,,,Co Ltd,,,1,1,P5924
Zhejiang Provincial Natural Gas Development Co Ltd,Zhejiang Provincial Natural Gas Development Co Ltd,0,rules,medium,,,Co Ltd,,,1,1,P5953
Zhejiang Provincial Petroleum Co Ltd,Zhejiang Provincial Petroleum Co Ltd,0,rules,medium,,,Co Ltd,,,1,1,P5176
Zhengning County Zhenning Energy Development Co Ltd,Zhengning County Zhenning Energy Development Co Ltd,0,rules,medium,,,Co Ltd,,,1,1,P5657
Zhongan Xinzi (Xinjiang) Gas Co Ltd,Zhongan Xinzi (Xinjiang) Gas Co Ltd,0,rules,medium,,,Co Ltd,,,1,1,P4741
Zhongyuan Natural Gas Co Ltd of National Pipe Network Group,Zhongyuan Natural Gas Co Ltd of National Pipe Network Group,0,rules,low,group|no_legal_form,,,,,1,1,P4833
Zibo Energy Group Natural Gas Pipeline Network Co Ltd,Zibo Energy Group Natural Gas Pipeline Network Co Ltd,0,rules,medium,fuzzy_candidates,,Co Ltd,,Natural Gas Pipeline Network Group Co Ltd,1,1,P5515
