action,dir,file,where,project_id,sheet_row,column,raw,styled,basis,confidence,flags,class_out,reason
rewritten,batches/egypt-gas/staging/qc,batches/egypt-gas/staging/qc/staged_resolutions.json,resolutions,P6701,3983,Operator,Nile Valley Gas Company,Nile Valley Gas Co,rules,medium,form_long,REFS_ADDED,
rewritten,batches/egypt-gas/staging/qc,batches/egypt-gas/staging/qc/rows/P6701.json,fills,P6701,3983,Operator,Nile Valley Gas Company,Nile Valley Gas Co,rules,medium,form_long,REFS_ADDED,
rewritten,batches/egypt-gas/staging/ref-sweep-operating,batches/egypt-gas/staging/ref-sweep-operating/staged_resolutions.json,resolutions,P6700,3982,Operator,Nile Valley Gas Company,Nile Valley Gas Co,rules,medium,form_long,REFS_ADDED,
rewritten,batches/egypt-gas/staging/ref-sweep-operating,batches/egypt-gas/staging/ref-sweep-operating/rows/P6700.json,fills,P6700,3982,Operator,Nile Valley Gas Company,Nile Valley Gas Co,rules,medium,form_long,REFS_ADDED,
rewritten,batches/egypt-oil/staging/ref-sweep-all,batches/egypt-oil/staging/ref-sweep-all/staged_resolutions.json,resolutions,P7334,1259,Operator,Petroleum Pipeline Company(PPC),Petroleum Pipeline Co,rules,medium,"acronym_dropped,form_long",REFS_ADDED,
rewritten,batches/egypt-oil/staging/ref-sweep-all,batches/egypt-oil/staging/ref-sweep-all/rows/P7334.json,fills,P7334,1259,Operator,Petroleum Pipeline Company(PPC),Petroleum Pipeline Co,rules,medium,"acronym_dropped,form_long",REFS_ADDED,
rewritten,batches/india-gas/staging/annual,batches/india-gas/staging/annual/staged_resolutions.json,resolutions,P5413,3007,Owner1,GAIL (India) Ltd,GAIL Ltd,alias,high,,REFS_ADDED,
rewritten,batches/india-gas/staging/annual,batches/india-gas/staging/annual/rows/P5413.json,fills,P5413,3007,Owner1,GAIL (India) Ltd,GAIL Ltd,alias,high,,REFS_ADDED,
rewritten,batches/india-gas/staging/qc,batches/india-gas/staging/qc/staged_resolutions.json,resolutions,P0904,468,Operator,GAIL (India) Ltd,GAIL Ltd,alias,high,,REFS_ADDED,
rewritten,batches/india-gas/staging/qc,batches/india-gas/staging/qc/staged_resolutions.json,resolutions,P0915,476,Operator,GAIL (India) Ltd,GAIL Ltd,alias,high,,REFS_ADDED,
rewritten,batches/india-gas/staging/qc,batches/india-gas/staging/qc/staged_resolutions.json,resolutions,P0916,477,Operator,GAIL (India) Ltd,GAIL Ltd,alias,high,,REFS_ADDED,
rewritten,batches/india-gas/staging/qc,batches/india-gas/staging/qc/staged_resolutions.json,resolutions,P0919,479,Operator,GAIL (India) Ltd,GAIL Ltd,alias,high,,REFS_ADDED,
rewritten,batches/india-gas/staging/qc,batches/india-gas/staging/qc/staged_resolutions.json,resolutions,P0923,483,Operator,GAIL (India) Ltd,GAIL Ltd,alias,high,,REFS_ADDED,
rewritten,batches/india-gas/staging/qc,batches/india-gas/staging/qc/staged_resolutions.json,resolutions,P0925,485,Operator,GAIL (India) Ltd,GAIL Ltd,alias,high,,REFS_ADDED,
rewritten,batches/india-gas/staging/qc,batches/india-gas/staging/qc/staged_resolutions.json,resolutions,P0929,489,Operator,GAIL (India) Ltd,GAIL Ltd,alias,high,,REFS_ADDED,
rewritten,batches/india-gas/staging/qc,batches/india-gas/staging/qc/staged_resolutions.json,resolutions,P0934,494,Operator,GAIL (India) Ltd,GAIL Ltd,alias,high,,REFS_ADDED,
rewritten,batches/india-gas/staging/qc,batches/india-gas/staging/qc/staged_resolutions.json,resolutions,P0943,500,Operator,GAIL (India) Ltd,GAIL Ltd,alias,high,,REFS_ADDED,
rewritten,batches/india-gas/staging/qc,batches/india-gas/staging/qc/staged_resolutions.json,resolutions,P0944,501,Operator,Oil and Natural Gas Corp Ltd (ONGC),Oil and Natural Gas Corp Ltd,exact,high,acronym_dropped,REFS_ADDED,
rewritten,batches/india-gas/staging/qc,batches/india-gas/staging/qc/staged_resolutions.json,resolutions,P0954,503,Operator,GAIL (India) Ltd,GAIL Ltd,alias,high,,REFS_ADDED,
rewritten,batches/india-gas/staging/qc,batches/india-gas/staging/qc/staged_resolutions.json,resolutions,P0955,504,Operator,GAIL (India) Ltd,GAIL Ltd,alias,high,,REFS_ADDED,
rewritten,batches/india-gas/staging/qc,batches/india-gas/staging/qc/staged_resolutions.json,resolutions,P1436,818,Operator,GAIL (India) Ltd,GAIL Ltd,alias,high,,REFS_ADDED,
rewritten,batches/india-gas/staging/qc,batches/india-gas/staging/qc/staged_resolutions.json,resolutions,P2211,1137,Operator,ONGC Petro Additions Ltd,ONGC Petro additions Ltd,exact,high,,UNRESOLVED,
rewritten,batches/india-gas/staging/qc,batches/india-gas/staging/qc/staged_resolutions.json,resolutions,P2212,1138,Operator,GAIL (India) Ltd,GAIL Ltd,alias,high,,REFS_ADDED,
rewritten,batches/india-gas/staging/qc,batches/india-gas/staging/qc/staged_resolutions.json,resolutions,P2216,1142,Operator,GAIL (India) Ltd,GAIL Ltd,alias,high,,REFS_ADDED,
rewritten,batches/india-gas/staging/qc,batches/india-gas/staging/qc/staged_resolutions.json,resolutions,P2746,1405,Operator,GAIL (India) Ltd,GAIL Ltd,alias,high,,REFS_ADDED,
rewritten,batches/india-gas/staging/qc,batches/india-gas/staging/qc/staged_resolutions.json,resolutions,P2748,1407,Operator,GSPL India Gasnet Ltd (GIGL),GSPL India Gasnet Ltd,rules,medium,acronym_dropped,REFS_ADDED,
rewritten,batches/india-gas/staging/qc,batches/india-gas/staging/qc/staged_resolutions.json,resolutions,P2752,1409,Operator,GAIL (India) Ltd,GAIL Ltd,alias,high,,REFS_ADDED,
rewritten,batches/india-gas/staging/qc,batches/india-gas/staging/qc/staged_resolutions.json,resolutions,P3297,1732,Operator,GAIL (India) Ltd,GAIL Ltd,alias,high,,REFS_ADDED,
rewritten,batches/india-gas/staging/qc,batches/india-gas/staging/qc/staged_resolutions.json,resolutions,P3298,1733,Operator,GAIL (India) Ltd,GAIL Ltd,alias,high,,REFS_ADDED,
rewritten,batches/india-gas/staging/qc,batches/india-gas/staging/qc/staged_resolutions.json,resolutions,P3299,1734,Operator,GAIL (India) Ltd,GAIL Ltd,alias,high,,REFS_ADDED,
rewritten,batches/india-gas/staging/qc,batches/india-gas/staging/qc/staged_resolutions.json,resolutions,P3906,1923,Operator,GAIL (India) Ltd,GAIL Ltd,alias,high,,REFS_ADDED,
rewritten,batches/india-gas/staging/qc,batches/india-gas/staging/qc/staged_resolutions.json,resolutions,P3912,1927,Operator,GAIL (India) Ltd,GAIL Ltd,alias,high,,UNRESOLVED,
rewritten,batches/india-gas/staging/qc,batches/india-gas/staging/qc/rows/P0904.json,fills,P0904,,Operator,GAIL (India) Ltd,GAIL Ltd,alias,high,,REFS_ADDED,
rewritten,batches/india-gas/staging/qc,batches/india-gas/staging/qc/rows/P0915.json,fills,P0915,,Operator,GAIL (India) Ltd,GAIL Ltd,alias,high,,REFS_ADDED,
rewritten,batches/india-gas/staging/qc,batches/india-gas/staging/qc/rows/P0916.json,fills,P0916,,Operator,GAIL (India) Ltd,GAIL Ltd,alias,high,,REFS_ADDED,
rewritten,batches/india-gas/staging/qc,batches/india-gas/staging/qc/rows/P0919.json,fills,P0919,,Operator,GAIL (India) Ltd,GAIL Ltd,alias,high,,REFS_ADDED,
rewritten,batches/india-gas/staging/qc,batches/india-gas/staging/qc/rows/P0923.json,fills,P0923,,Operator,GAIL (India) Ltd,GAIL Ltd,alias,high,,REFS_ADDED,
rewritten,batches/india-gas/staging/qc,batches/india-gas/staging/qc/rows/P0925.json,fills,P0925,,Operator,GAIL (India) Ltd,GAIL Ltd,alias,high,,REFS_ADDED,
rewritten,batches/india-gas/staging/qc,batches/india-gas/staging/qc/rows/P0929.json,fills,P0929,,Operator,GAIL (India) Ltd,GAIL Ltd,alias,high,,REFS_ADDED,
rewritten,batches/india-gas/staging/qc,batches/india-gas/staging/qc/rows/P0934.json,fills,P0934,,Operator,GAIL (India) Ltd,GAIL Ltd,alias,high,,REFS_ADDED,
rewritten,batches/india-gas/staging/qc,batches/india-gas/staging/qc/rows/P0943.json,fills,P0943,,Operator,GAIL (India) Ltd,GAIL Ltd,alias,high,,REFS_ADDED,
rewritten,batches/india-gas/staging/qc,batches/india-gas/staging/qc/rows/P0944.json,fills,P0944,,Operator,Oil and Natural Gas Corp Ltd (ONGC),Oil and Natural Gas Corp Ltd,exact,high,acronym_dropped,REFS_ADDED,
rewritten,batches/india-gas/staging/qc,batches/india-gas/staging/qc/rows/P0954.json,fills,P0954,,Operator,GAIL (India) Ltd,GAIL Ltd,alias,high,,REFS_ADDED,
rewritten,batches/india-gas/staging/qc,batches/india-gas/staging/qc/rows/P0955.json,fills,P0955,,Operator,GAIL (India) Ltd,GAIL Ltd,alias,high,,REFS_ADDED,
rewritten,batches/india-gas/staging/qc,batches/india-gas/staging/qc/rows/P1436.json,fills,P1436,,Operator,GAIL (India) Ltd,GAIL Ltd,alias,high,,REFS_ADDED,
rewritten,batches/india-gas/staging/qc,batches/india-gas/staging/qc/rows/P2211.json,fills,P2211,,Operator,ONGC Petro Additions Ltd,ONGC Petro additions Ltd,exact,high,,REFS_ADDED,
rewritten,batches/india-gas/staging/qc,batches/india-gas/staging/qc/rows/P2212.json,fills,P2212,,Operator,GAIL (India) Ltd,GAIL Ltd,alias,high,,REFS_ADDED,
rewritten,batches/india-gas/staging/qc,batches/india-gas/staging/qc/rows/P2216.json,fills,P2216,,Operator,GAIL (India) Ltd,GAIL Ltd,alias,high,,REFS_ADDED,
rewritten,batches/india-gas/staging/qc,batches/india-gas/staging/qc/rows/P2746.json,fills,P2746,,Operator,GAIL (India) Ltd,GAIL Ltd,alias,high,,REFS_ADDED,
rewritten,batches/india-gas/staging/qc,batches/india-gas/staging/qc/rows/P2748.json,fills,P2748,,Operator,GSPL India Gasnet Ltd (GIGL),GSPL India Gasnet Ltd,rules,medium,acronym_dropped,REFS_ADDED,
rewritten,batches/india-gas/staging/qc,batches/india-gas/staging/qc/rows/P2752.json,fills,P2752,,Operator,GAIL (India) Ltd,GAIL Ltd,alias,high,,REFS_ADDED,
rewritten,batches/india-gas/staging/qc,batches/india-gas/staging/qc/rows/P3297.json,fills,P3297,,Operator,GAIL (India) Ltd,GAIL Ltd,alias,high,,REFS_ADDED,
rewritten,batches/india-gas/staging/qc,batches/india-gas/staging/qc/rows/P3298.json,fills,P3298,,Operator,GAIL (India) Ltd,GAIL Ltd,alias,high,,REFS_ADDED,
rewritten,batches/india-gas/staging/qc,batches/india-gas/staging/qc/rows/P3299.json,fills,P3299,,Operator,GAIL (India) Ltd,GAIL Ltd,alias,high,,REFS_ADDED,
rewritten,batches/india-gas/staging/qc,batches/india-gas/staging/qc/rows/P3906.json,fills,P3906,,Operator,GAIL (India) Ltd,GAIL Ltd,alias,high,,REFS_ADDED,
rewritten,batches/india-gas/staging/qc,batches/india-gas/staging/qc/rows/P3912.json,fills,P3912,,Operator,GAIL (India) Ltd,GAIL Ltd,alias,high,,REFS_ADDED,
rewritten,batches/iran-gas/staging/annual,batches/iran-gas/staging/annual/staged_resolutions.json,resolutions,P0441,1835,Owner1,Iran Ministry of Petroleum,Ministry of Petroleum (Iran),alias,high,,REFS_ADDED,
rewritten,batches/iran-gas/staging/annual,batches/iran-gas/staging/annual/staged_resolutions.json,resolutions,P0448,2607,Owner1,Iran Ministry of Petroleum,Ministry of Petroleum (Iran),alias,high,,REFS_ADDED,
rewritten,batches/iran-gas/staging/annual,batches/iran-gas/staging/annual/staged_resolutions.json,resolutions,P0441,1835,Owner1,Iran Ministry of Petroleum,Ministry of Petroleum (Iran),alias,high,,UNRESOLVED,
rewritten,batches/iran-gas/staging/annual,batches/iran-gas/staging/annual/rows/P0441.json,fills,P0441,1835,Owner1,Iran Ministry of Petroleum,Ministry of Petroleum (Iran),alias,high,,UNRESOLVED,
rewritten,batches/iran-gas/staging/ref-sweep-operating,batches/iran-gas/staging/ref-sweep-operating/staged_resolutions.json,resolutions,P0442,1577,Owner1,Iran Ministry of Petroleum,Ministry of Petroleum (Iran),alias,high,,UNRESOLVED,
rewritten,batches/iran-gas/staging/ref-sweep-operating,batches/iran-gas/staging/ref-sweep-operating/staged_resolutions.json,resolutions,P0443,1578,Owner1,Iran Ministry of Petroleum,Ministry of Petroleum (Iran),alias,high,,UNRESOLVED,
rewritten,batches/iran-gas/staging/ref-sweep-operating,batches/iran-gas/staging/ref-sweep-operating/staged_resolutions.json,resolutions,P0444,1627,Owner1,Iran Ministry of Petroleum,Ministry of Petroleum (Iran),alias,high,,UNRESOLVED,
rewritten,batches/iran-gas/staging/ref-sweep-operating,batches/iran-gas/staging/ref-sweep-operating/staged_resolutions.json,resolutions,P0446,2493,Owner1,Iran Ministry of Petroleum,Ministry of Petroleum (Iran),alias,high,,UNRESOLVED,
rewritten,batches/iran-gas/staging/ref-sweep-operating,batches/iran-gas/staging/ref-sweep-operating/staged_resolutions.json,resolutions,P0440,2559,Owner1,Iran Ministry of Petroleum,Ministry of Petroleum (Iran),alias,high,,UNRESOLVED,
rewritten,batches/iran-gas/staging/ref-sweep-operating,batches/iran-gas/staging/ref-sweep-operating/staged_resolutions.json,resolutions,P0445,2604,Owner1,Iran Ministry of Petroleum,Ministry of Petroleum (Iran),alias,high,,UNRESOLVED,
rewritten,batches/iran-gas/staging/ref-sweep-operating,batches/iran-gas/staging/ref-sweep-operating/staged_resolutions.json,resolutions,P0447,2605,Owner1,Iran Ministry of Petroleum,Ministry of Petroleum (Iran),alias,high,,UNRESOLVED,
rewritten,batches/iran-gas/staging/ref-sweep-operating,batches/iran-gas/staging/ref-sweep-operating/staged_resolutions.json,resolutions,P0445,2604,Owner1,Iran Ministry of Petroleum,Ministry of Petroleum (Iran),alias,high,,REFS_ADDED,
rewritten,batches/iran-gas/staging/ref-sweep-operating,batches/iran-gas/staging/ref-sweep-operating/staged_resolutions.json,resolutions,P0459,1327,Owner1,National Iranian Gas Company (NIGC),National Iranian Gas Co,exact,high,"acronym_dropped,form_long",REFS_ADDED,
rewritten,batches/iran-gas/staging/ref-sweep-operating,batches/iran-gas/staging/ref-sweep-operating/staged_resolutions.json,resolutions,P0749,1112,Owner2,National Iranian Gas Company (NIGC),National Iranian Gas Co,exact,high,"acronym_dropped,form_long",REFS_ADDED,
rewritten,batches/iran-gas/staging/ref-sweep-operating,batches/iran-gas/staging/ref-sweep-operating/staged_resolutions.json,resolutions,P6021,3870,Owner1,National Iranian Gas Company (NIGC),National Iranian Gas Co,exact,high,"acronym_dropped,form_long",UNRESOLVED,
rewritten,batches/iran-gas/staging/ref-sweep-operating,batches/iran-gas/staging/ref-sweep-operating/rows/P0445.json,fills,P0445,2604,Owner1,Iran Ministry of Petroleum,Ministry of Petroleum (Iran),alias,high,,REFS_ADDED,
rewritten,batches/iran-gas/staging/ref-sweep-operating,batches/iran-gas/staging/ref-sweep-operating/rows/P0459.json,fills,P0459,1327,Owner1,National Iranian Gas Company (NIGC),National Iranian Gas Co,exact,high,"acronym_dropped,form_long",REFS_ADDED,
rewritten,batches/iran-gas/staging/ref-sweep-operating,batches/iran-gas/staging/ref-sweep-operating/rows/P0749.json,fills,P0749,1112,Owner2,National Iranian Gas Company (NIGC),National Iranian Gas Co,exact,high,"acronym_dropped,form_long",REFS_ADDED,
rewritten,batches/iran-gas/staging/ref-sweep-operating,batches/iran-gas/staging/ref-sweep-operating/rows/P6021.json,fills,P6021,3870,Owner1,National Iranian Gas Company (NIGC),National Iranian Gas Co,exact,high,"acronym_dropped,form_long",UNRESOLVED,
rewritten,batches/iraq-gas/staging/ref-sweep-operating,batches/iraq-gas/staging/ref-sweep-operating/staged_resolutions.json,resolutions,P1851,1246,Owner1,Iraq Ministry of Oil,Ministry of Oil (Iraq),alias,high,,UNRESOLVED,
rewritten,batches/iraq-gas/staging/ref-sweep-operating,batches/iraq-gas/staging/ref-sweep-operating/staged_resolutions.json,resolutions,P1853,2004,Owner1,Iraq Ministry of Oil,Ministry of Oil (Iraq),alias,high,,UNRESOLVED,
rewritten,batches/iraq-gas/staging/ref-sweep-operating,batches/iraq-gas/staging/ref-sweep-operating/staged_resolutions.json,resolutions,P6823,834,Owner1,Kurdistan Regional Government,Government of Kurdistan Region,alias,high,,REVERIFIED,
rewritten,batches/iraq-gas/staging/ref-sweep-operating,batches/iraq-gas/staging/ref-sweep-operating/staged_resolutions.json,resolutions,P1851,1246,Owner1,Iraq Ministry of Oil,Ministry of Oil (Iraq),alias,high,,REFS_ADDED,
rewritten,batches/iraq-gas/staging/ref-sweep-operating,batches/iraq-gas/staging/ref-sweep-operating/rows/P1851.json,fills,P1851,1246,Owner1,Iraq Ministry of Oil,Ministry of Oil (Iraq),alias,high,,REFS_ADDED,
rewritten,batches/kazakhstan-gas/staging/cancelled-review,batches/kazakhstan-gas/staging/cancelled-review/staged_resolutions.json,resolutions,P0740,361,Owner3,Uzbekneftegaz,Uzbekneftegaz JSC,alias,high,,UNRESOLVED,
rewritten,batches/kazakhstan-gas/staging/cancelled-review,batches/kazakhstan-gas/staging/cancelled-review/rows/P0740.json,fills,P0740,361,Owner3,Uzbekneftegaz,Uzbekneftegaz JSC,alias,high,,UNRESOLVED,
rewritten,batches/libya-gas/staging/qc,batches/libya-gas/staging/qc/staged_resolutions.json,resolutions,P0484,1305,Operator,Mellitah Oil & Gas B.V.,Mellitah Oil & Gas BV,rules,medium,form_punctuation,REFS_ADDED,
rewritten,batches/libya-gas/staging/qc,batches/libya-gas/staging/qc/staged_resolutions.json,resolutions,P1868,1142,Operator,Sirte Oil,Sirte Oil Co,stem,medium,form_from_gazetteer,REFS_ADDED,
rewritten,batches/libya-gas/staging/qc,batches/libya-gas/staging/qc/staged_resolutions.json,resolutions,P1869,867,Operator,Sirte Oil,Sirte Oil Co,stem,medium,form_from_gazetteer,REFS_ADDED,
rewritten,batches/libya-gas/staging/qc,batches/libya-gas/staging/qc/staged_resolutions.json,resolutions,P1870,1431,Operator,Sirte Oil,Sirte Oil Co,stem,medium,form_from_gazetteer,REFS_ADDED,
rewritten,batches/libya-gas/staging/qc,batches/libya-gas/staging/qc/staged_resolutions.json,resolutions,P1872,1464,Operator,Sirte Oil,Sirte Oil Co,stem,medium,form_from_gazetteer,REFS_ADDED,
rewritten,batches/libya-gas/staging/qc,batches/libya-gas/staging/qc/staged_resolutions.json,resolutions,P6713,2649,Operator,Mellitah Oil & Gas B.V.,Mellitah Oil & Gas BV,rules,medium,form_punctuation,REFS_ADDED,
rewritten,batches/libya-gas/staging/qc,batches/libya-gas/staging/qc/staged_resolutions.json,resolutions,P6715,3990,Operator,Mellitah Oil & Gas B.V.,Mellitah Oil & Gas BV,rules,medium,form_punctuation,REFS_ADDED,
rewritten,batches/libya-gas/staging/qc,batches/libya-gas/staging/qc/staged_resolutions.json,resolutions,P6716,3991,Operator,Mellitah Oil & Gas B.V.,Mellitah Oil & Gas BV,rules,medium,form_punctuation,REFS_ADDED,
rewritten,batches/libya-gas/staging/qc,batches/libya-gas/staging/qc/staged_resolutions.json,resolutions,P7617,4177,Operator,Mellitah Oil & Gas B.V.,Mellitah Oil & Gas BV,rules,medium,form_punctuation,REFS_ADDED,
rewritten,batches/libya-gas/staging/qc,batches/libya-gas/staging/qc/rows/P0484.json,fills,P0484,,Operator,Mellitah Oil & Gas B.V.,Mellitah Oil & Gas BV,rules,medium,form_punctuation,REFS_ADDED,
rewritten,batches/libya-gas/staging/qc,batches/libya-gas/staging/qc/rows/P1868.json,fills,P1868,,Operator,Sirte Oil,Sirte Oil Co,stem,medium,form_from_gazetteer,REFS_ADDED,
rewritten,batches/libya-gas/staging/qc,batches/libya-gas/staging/qc/rows/P1869.json,fills,P1869,,Operator,Sirte Oil,Sirte Oil Co,stem,medium,form_from_gazetteer,REFS_ADDED,
rewritten,batches/libya-gas/staging/qc,batches/libya-gas/staging/qc/rows/P1870.json,fills,P1870,,Operator,Sirte Oil,Sirte Oil Co,stem,medium,form_from_gazetteer,REFS_ADDED,
rewritten,batches/libya-gas/staging/qc,batches/libya-gas/staging/qc/rows/P1872.json,fills,P1872,,Operator,Sirte Oil,Sirte Oil Co,stem,medium,form_from_gazetteer,REFS_ADDED,
rewritten,batches/libya-gas/staging/qc,batches/libya-gas/staging/qc/rows/P6713.json,fills,P6713,,Operator,Mellitah Oil & Gas B.V.,Mellitah Oil & Gas BV,rules,medium,form_punctuation,REFS_ADDED,
rewritten,batches/libya-gas/staging/qc,batches/libya-gas/staging/qc/rows/P6715.json,fills,P6715,,Operator,Mellitah Oil & Gas B.V.,Mellitah Oil & Gas BV,rules,medium,form_punctuation,REFS_ADDED,
rewritten,batches/libya-gas/staging/qc,batches/libya-gas/staging/qc/rows/P6716.json,fills,P6716,,Operator,Mellitah Oil & Gas B.V.,Mellitah Oil & Gas BV,rules,medium,form_punctuation,REFS_ADDED,
rewritten,batches/libya-gas/staging/qc,batches/libya-gas/staging/qc/rows/P7617.json,fills,P7617,,Operator,Mellitah Oil & Gas B.V.,Mellitah Oil & Gas BV,rules,medium,form_punctuation,REFS_ADDED,
rewritten,batches/malaysia-gas/staging/qc,batches/malaysia-gas/staging/qc/staged_resolutions.json,resolutions,P1066,602,Operator,PETRONAS Carigali Sdn Bhd,Petronas Carigali Sdn Bhd,exact,high,,REFS_ADDED,
rewritten,batches/malaysia-gas/staging/qc,batches/malaysia-gas/staging/qc/rows/P1066.json,fills,P1066,602,Operator,PETRONAS Carigali Sdn Bhd,Petronas Carigali Sdn Bhd,exact,high,,REFS_ADDED,
rewritten,batches/russia-gas/staging/deepsweep-r3-nw-indev,batches/russia-gas/staging/deepsweep-r3-nw-indev/staged_resolutions.json,resolutions,P2437,1248,Operator,Gazprom,Gazprom PJSC,alias,high,,REFS_ADDED,
rewritten,batches/russia-gas/staging/deepsweep-r3-nw-indev,batches/russia-gas/staging/deepsweep-r3-nw-indev/staged_resolutions.json,resolutions,P2437,1248,Owner1,Gazprom,Gazprom PJSC,alias,high,,REFS_ADDED,
rewritten,batches/russia-gas/staging/deepsweep-r3-nw-indev,batches/russia-gas/staging/deepsweep-r3-nw-indev/staged_resolutions.json,resolutions,P5584,3098,Owner1,Gazprom,Gazprom PJSC,alias,high,,REFS_ADDED,
rewritten,batches/russia-gas/staging/deepsweep-r3-nw-indev,batches/russia-gas/staging/deepsweep-r3-nw-indev/rows/P2437.json,fills,P2437,1248,Operator,Gazprom,Gazprom PJSC,alias,high,,REFS_ADDED,
rewritten,batches/russia-gas/staging/deepsweep-r3-nw-indev,batches/russia-gas/staging/deepsweep-r3-nw-indev/rows/P2437.json,fills,P2437,1248,Owner1,Gazprom,Gazprom PJSC,alias,high,,REFS_ADDED,
rewritten,batches/russia-gas/staging/deepsweep-r3-nw-indev,batches/russia-gas/staging/deepsweep-r3-nw-indev/rows/P5584.json,fills,P5584,3098,Owner1,Gazprom,Gazprom PJSC,alias,high,,REFS_ADDED,
rewritten,batches/saudi-arabia-gas/staging/ref-sweep,batches/saudi-arabia-gas/staging/ref-sweep/staged_resolutions.json,resolutions,P7545,3946,Owner1,Aramco,Saudi Arabian Oil Co,alias,high,,REFS_ADDED,
rewritten,batches/saudi-arabia-gas/staging/ref-sweep-critical,batches/saudi-arabia-gas/staging/ref-sweep-critical/staged_resolutions.json,resolutions,P7545,3946,Owner1,Aramco,Saudi Arabian Oil Co,alias,high,,REFS_ADDED,
rewritten,batches/saudi-arabia-gas/staging/ref-sweep-critical,batches/saudi-arabia-gas/staging/ref-sweep-critical/staged_resolutions.json,resolutions,P3962,3358,Operator,Saudi Aramco,Saudi Arabian Oil Co,alias,high,,REFS_ADDED,
rewritten,batches/saudi-arabia-gas/staging/ref-sweep-critical,batches/saudi-arabia-gas/staging/ref-sweep-critical/rows/P3962.json,fills,P3962,3358,Operator,Saudi Aramco,Saudi Arabian Oil Co,alias,high,,REFS_ADDED,
rewritten,batches/saudi-arabia-gas/staging/ref-sweep-operating,batches/saudi-arabia-gas/staging/ref-sweep-operating/staged_resolutions.json,resolutions,P7545,2300,Owner1,Aramco,Saudi Arabian Oil Co,alias,high,,REFS_ADDED,
rewritten,batches/saudi-arabia-gas/staging/ref-sweep-operating,batches/saudi-arabia-gas/staging/ref-sweep-operating/staged_resolutions.json,resolutions,P7545,5914,Owner1,Aramco,Saudi Arabian Oil Co,alias,high,,REFS_ADDED,
rewritten,batches/saudi-arabia-gas/staging/ref-sweep-operating,batches/saudi-arabia-gas/staging/ref-sweep-operating/rows/P7545.json,fills,P7545,5914,Owner1,Aramco,Saudi Arabian Oil Co,alias,high,,REFS_ADDED,
rewritten,batches/united-states-gas/staging/deepsweep-appalachian-operating,batches/united-states-gas/staging/deepsweep-appalachian-operating/staged_resolutions.json,resolutions,P0176,37,Operator,"Eastern Gas Transmission and Storage, Inc.",Eastern Gas Transmission and Storage Inc,rules,medium,form_punctuation,REFS_ADDED,
rewritten,batches/united-states-gas/staging/deepsweep-appalachian-operating,batches/united-states-gas/staging/deepsweep-appalachian-operating/staged_resolutions.json,resolutions,P0182,42,Operator,Eastern Shore Natural Gas Company,Eastern Shore Natural Gas Co,rules,medium,form_long,REFS_ADDED,
rewritten,batches/united-states-gas/staging/deepsweep-appalachian-operating,batches/united-states-gas/staging/deepsweep-appalachian-operating/staged_resolutions.json,resolutions,P0205,64,Operator,Iroquois Pipeline Operating Company,Iroquois Pipeline Operating Co,rules,medium,form_long,REFS_ADDED,
rewritten,batches/united-states-gas/staging/deepsweep-appalachian-operating,batches/united-states-gas/staging/deepsweep-appalachian-operating/staged_resolutions.json,resolutions,P0216,74,Operator,TC Energy Corporation,TC Energy Corp,exact,high,form_long,REFS_ADDED,
rewritten,batches/united-states-gas/staging/deepsweep-appalachian-operating,batches/united-states-gas/staging/deepsweep-appalachian-operating/staged_resolutions.json,resolutions,P0225,211,Operator,Enbridge Inc.,Enbridge Inc,exact,high,,REFS_ADDED,
rewritten,batches/united-states-gas/staging/deepsweep-appalachian-operating,batches/united-states-gas/staging/deepsweep-appalachian-operating/staged_resolutions.json,resolutions,P0297,149,Operator,Duke Energy Ohio,Duke Energy Ohio Inc,stem,medium,form_from_gazetteer,REFS_ADDED,
rewritten,batches/united-states-gas/staging/deepsweep-appalachian-operating,batches/united-states-gas/staging/deepsweep-appalachian-operating/staged_resolutions.json,resolutions,P0310,160,Operator,New York State Electric and Gas Corporation,New York State Electric and Gas Corp,rules,medium,form_long,REFS_ADDED,
rewritten,batches/united-states-gas/staging/deepsweep-appalachian-operating,batches/united-states-gas/staging/deepsweep-appalachian-operating/staged_resolutions.json,resolutions,P0370,185,Operator,DT Midstream,DT Midstream Inc,alias,high,,REFS_ADDED,
rewritten,batches/united-states-gas/staging/deepsweep-appalachian-operating,batches/united-states-gas/staging/deepsweep-appalachian-operating/staged_resolutions.json,resolutions,P2438,1249,Operator,Energy Transfer,Energy Transfer LP,alias,high,,REFS_ADDED,
rewritten,batches/united-states-gas/staging/deepsweep-appalachian-operating,batches/united-states-gas/staging/deepsweep-appalachian-operating/staged_resolutions.json,resolutions,P2502,1289,Operator,"Dominion Transmission, Inc.",Dominion Transmission Inc,rules,medium,form_punctuation,REFS_ADDED,
rewritten,batches/united-states-gas/staging/deepsweep-appalachian-operating,batches/united-states-gas/staging/deepsweep-appalachian-operating/staged_resolutions.json,resolutions,P2505,1290,Operator,Vector Pipeline L.P.,Vector Pipeline LP,rules,medium,form_punctuation,REFS_ADDED,
rewritten,batches/united-states-gas/staging/deepsweep-appalachian-operating,batches/united-states-gas/staging/deepsweep-appalachian-operating/staged_resolutions.json,resolutions,P2604,1343,Operator,Energy Transfer,Energy Transfer LP,alias,high,,REFS_ADDED,
rewritten,batches/united-states-gas/staging/deepsweep-appalachian-operating,batches/united-states-gas/staging/deepsweep-appalachian-operating/staged_resolutions.json,resolutions,P2630,1357,Operator,"Eastern Gas Transmission & Storage, Inc.",Eastern Gas Transmission & Storage Inc,rules,medium,form_punctuation,REFS_ADDED,
rewritten,batches/united-states-gas/staging/deepsweep-appalachian-operating,batches/united-states-gas/staging/deepsweep-appalachian-operating/staged_resolutions.json,resolutions,P3220,1705,Operator,"Eastern Gas Transmission and Storage, Inc.",Eastern Gas Transmission and Storage Inc,rules,medium,form_punctuation,REFS_ADDED,
rewritten,batches/united-states-gas/staging/deepsweep-appalachian-operating,batches/united-states-gas/staging/deepsweep-appalachian-operating/rows/P0176.json,fills,P0176,37,Operator,"Eastern Gas Transmission and Storage, Inc.",Eastern Gas Transmission and Storage Inc,rules,medium,form_punctuation,REFS_ADDED,
rewritten,batches/united-states-gas/staging/deepsweep-appalachian-operating,batches/united-states-gas/staging/deepsweep-appalachian-operating/rows/P0182.json,fills,P0182,42,Operator,Eastern Shore Natural Gas Company,Eastern Shore Natural Gas Co,rules,medium,form_long,REFS_ADDED,
rewritten,batches/united-states-gas/staging/deepsweep-appalachian-operating,batches/united-states-gas/staging/deepsweep-appalachian-operating/rows/P0205.json,fills,P0205,64,Operator,Iroquois Pipeline Operating Company,Iroquois Pipeline Operating Co,rules,medium,form_long,REFS_ADDED,
rewritten,batches/united-states-gas/staging/deepsweep-appalachian-operating,batches/united-states-gas/staging/deepsweep-appalachian-operating/rows/P0216.json,fills,P0216,74,Operator,TC Energy Corporation,TC Energy Corp,exact,high,form_long,REFS_ADDED,
rewritten,batches/united-states-gas/staging/deepsweep-appalachian-operating,batches/united-states-gas/staging/deepsweep-appalachian-operating/rows/P0225.json,fills,P0225,211,Operator,Enbridge Inc.,Enbridge Inc,exact,high,,REFS_ADDED,
rewritten,batches/united-states-gas/staging/deepsweep-appalachian-operating,batches/united-states-gas/staging/deepsweep-appalachian-operating/rows/P0297.json,fills,P0297,149,Operator,Duke Energy Ohio,Duke Energy Ohio Inc,stem,medium,form_from_gazetteer,REFS_ADDED,
rewritten,batches/united-states-gas/staging/deepsweep-appalachian-operating,batches/united-states-gas/staging/deepsweep-appalachian-operating/rows/P0310.json,fills,P0310,,Operator,New York State Electric and Gas Corporation,New York State Electric and Gas Corp,rules,medium,form_long,REFS_ADDED,
rewritten,batches/united-states-gas/staging/deepsweep-appalachian-operating,batches/united-states-gas/staging/deepsweep-appalachian-operating/rows/P0370.json,fills,P0370,185,Operator,DT Midstream,DT Midstream Inc,alias,high,,REFS_ADDED,
rewritten,batches/united-states-gas/staging/deepsweep-appalachian-operating,batches/united-states-gas/staging/deepsweep-appalachian-operating/rows/P2438.json,fills,P2438,1249,Operator,Energy Transfer,Energy Transfer LP,alias,high,,REFS_ADDED,
rewritten,batches/united-states-gas/staging/deepsweep-appalachian-operating,batches/united-states-gas/staging/deepsweep-appalachian-operating/rows/P2502.json,fills,P2502,1289,Operator,"Dominion Transmission, Inc.",Dominion Transmission Inc,rules,medium,form_punctuation,REFS_ADDED,
rewritten,batches/united-states-gas/staging/deepsweep-appalachian-operating,batches/united-states-gas/staging/deepsweep-appalachian-operating/rows/P2505.json,fills,P2505,1290,Operator,Vector Pipeline L.P.,Vector Pipeline LP,rules,medium,form_punctuation,REFS_ADDED,
rewritten,batches/united-states-gas/staging/deepsweep-appalachian-operating,batches/united-states-gas/staging/deepsweep-appalachian-operating/rows/P2604.json,fills,P2604,1343,Operator,Energy Transfer,Energy Transfer LP,alias,high,,REFS_ADDED,
rewritten,batches/united-states-gas/staging/deepsweep-appalachian-operating,batches/united-states-gas/staging/deepsweep-appalachian-operating/rows/P2630.json,fills,P2630,1357,Operator,"Eastern Gas Transmission & Storage, Inc.",Eastern Gas Transmission & Storage Inc,rules,medium,form_punctuation,REFS_ADDED,
rewritten,batches/united-states-gas/staging/deepsweep-appalachian-operating,batches/united-states-gas/staging/deepsweep-appalachian-operating/rows/P3220.json,fills,P3220,1705,Operator,"Eastern Gas Transmission and Storage, Inc.",Eastern Gas Transmission and Storage Inc,rules,medium,form_punctuation,REFS_ADDED,
rewritten,batches/united-states-gas/staging/deepsweep-gulf-operating,batches/united-states-gas/staging/deepsweep-gulf-operating/staged_resolutions.json,resolutions,P0165,26,Operator,"Chandeleur Pipe Line, LLC",Chandeleur Pipe Line LLC,rules,medium,form_punctuation,REFS_ADDED,
rewritten,batches/united-states-gas/staging/deepsweep-gulf-operating,batches/united-states-gas/staging/deepsweep-gulf-operating/staged_resolutions.json,resolutions,P0165,26,Owner1,"Third Coast Midstream, LLC",Third Coast Midstream LLC,rules,medium,form_punctuation,REFS_ADDED,
rewritten,batches/united-states-gas/staging/deepsweep-gulf-operating,batches/united-states-gas/staging/deepsweep-gulf-operating/staged_resolutions.json,resolutions,P0187,46,Operator,"BBT Midla, LLC",BBT Midla LLC,rules,medium,form_punctuation,REFS_ADDED,
rewritten,batches/united-states-gas/staging/deepsweep-gulf-operating,batches/united-states-gas/staging/deepsweep-gulf-operating/staged_resolutions.json,resolutions,P0199,58,Operator,"Gulfstream Natural Gas System, L.L.C.",Gulfstream Natural Gas System LLC,rules,medium,form_punctuation,REFS_ADDED,
rewritten,batches/united-states-gas/staging/deepsweep-gulf-operating,batches/united-states-gas/staging/deepsweep-gulf-operating/staged_resolutions.json,resolutions,P0204,63,Operator,Enterprise Products Partners,Enterprise Products Partners LP,alias,high,,REFS_ADDED,
rewritten,batches/united-states-gas/staging/deepsweep-gulf-operating,batches/united-states-gas/staging/deepsweep-gulf-operating/staged_resolutions.json,resolutions,P0210,197,Operator,EnLink Midstream,EnLink Midstream LLC,alias,high,,REFS_ADDED,
rewritten,batches/united-states-gas/staging/deepsweep-gulf-operating,batches/united-states-gas/staging/deepsweep-gulf-operating/staged_resolutions.json,resolutions,P0244,98,Operator,Energy Transfer,Energy Transfer LP,alias,high,,REFS_ADDED,
rewritten,batches/united-states-gas/staging/deepsweep-gulf-operating,batches/united-states-gas/staging/deepsweep-gulf-operating/staged_resolutions.json,resolutions,P2529,1302,Operator,"Florida Gas Transmission, LLC",Florida Gas Transmission LLC,rules,medium,form_punctuation,REFS_ADDED,
rewritten,batches/united-states-gas/staging/deepsweep-gulf-operating,batches/united-states-gas/staging/deepsweep-gulf-operating/staged_resolutions.json,resolutions,P2606,1345,Operator,Enbridge,Enbridge Inc,alias,high,,REFS_ADDED,
rewritten,batches/united-states-gas/staging/deepsweep-gulf-operating,batches/united-states-gas/staging/deepsweep-gulf-operating/staged_resolutions.json,resolutions,P2607,1346,Operator,"Natural Gas Pipeline Company of America, LLC",Natural Gas Pipeline Company of America LLC,rules,medium,form_punctuation,REFS_ADDED,
rewritten,batches/united-states-gas/staging/deepsweep-gulf-operating,batches/united-states-gas/staging/deepsweep-gulf-operating/staged_resolutions.json,resolutions,P2627,1355,Operator,"Florida Gas Transmission Company, LLC",Florida Gas Transmission Company LLC,rules,medium,form_punctuation,REFS_ADDED,
rewritten,batches/united-states-gas/staging/deepsweep-gulf-operating,batches/united-states-gas/staging/deepsweep-gulf-operating/staged_resolutions.json,resolutions,P2738,1397,Operator,"Florida Gas Transmission, LLC",Florida Gas Transmission LLC,rules,medium,form_punctuation,REFS_ADDED,
rewritten,batches/united-states-gas/staging/deepsweep-gulf-operating,batches/united-states-gas/staging/deepsweep-gulf-operating/staged_resolutions.json,resolutions,P4028,2024,Operator,"Florida Gas Transmission Company, LLC",Florida Gas Transmission Company LLC,rules,medium,form_punctuation,REFS_ADDED,
rewritten,batches/united-states-gas/staging/deepsweep-gulf-operating,batches/united-states-gas/staging/deepsweep-gulf-operating/staged_resolutions.json,resolutions,P4029,2025,Operator,"Florida Gas Transmission Company, LLC",Florida Gas Transmission Company LLC,rules,medium,form_punctuation,REFS_ADDED,
rewritten,batches/united-states-gas/staging/deepsweep-gulf-operating,batches/united-states-gas/staging/deepsweep-gulf-operating/staged_resolutions.json,resolutions,P4030,2026,Operator,"Florida Gas Transmission Company, LLC",Florida Gas Transmission Company LLC,rules,medium,form_punctuation,REFS_ADDED,
rewritten,batches/united-states-gas/staging/deepsweep-gulf-operating,batches/united-states-gas/staging/deepsweep-gulf-operating/staged_resolutions.json,resolutions,P4033,2029,Operator,"Florida Gas Transmission Company, LLC",Florida Gas Transmission Company LLC,rules,medium,form_punctuation,REFS_ADDED,
rewritten,batches/united-states-gas/staging/deepsweep-gulf-operating,batches/united-states-gas/staging/deepsweep-gulf-operating/staged_resolutions.json,resolutions,P4034,2030,Operator,Energy Transfer,Energy Transfer LP,alias,high,,REFS_ADDED,
rewritten,batches/united-states-gas/staging/deepsweep-gulf-operating,batches/united-states-gas/staging/deepsweep-gulf-operating/staged_resolutions.json,resolutions,P4035,2031,Operator,Energy Transfer,Energy Transfer LP,alias,high,,REFS_ADDED,
rewritten,batches/united-states-gas/staging/deepsweep-gulf-operating,batches/united-states-gas/staging/deepsweep-gulf-operating/staged_resolutions.json,resolutions,P4037,2033,Operator,Energy Transfer,Energy Transfer LP,alias,high,,REFS_ADDED,
rewritten,batches/united-states-gas/staging/deepsweep-gulf-operating,batches/united-states-gas/staging/deepsweep-gulf-operating/staged_resolutions.json,resolutions,P4039,2997,Operator,"Florida Gas Transmission, LLC",Florida Gas Transmission LLC,rules,medium,form_punctuation,REFS_ADDED,
rewritten,batches/united-states-gas/staging/deepsweep-gulf-operating,batches/united-states-gas/staging/deepsweep-gulf-operating/staged_resolutions.json,resolutions,P5823,3294,Operator,RIGS Haynesville Partnership Co.,RIGS Haynesville Partnership Co,rules,medium,form_punctuation,REFS_ADDED,
rewritten,batches/united-states-gas/staging/deepsweep-gulf-operating,batches/united-states-gas/staging/deepsweep-gulf-operating/staged_resolutions.json,resolutions,P6005,3457,Operator,"Kinetica Energy Express, LLC",Kinetica Energy Express LLC,rules,medium,form_punctuation,REFS_ADDED,
rewritten,batches/united-states-gas/staging/deepsweep-gulf-operating,batches/united-states-gas/staging/deepsweep-gulf-operating/rows/P0165.json,fills,P0165,26,Operator,"Chandeleur Pipe Line, LLC",Chandeleur Pipe Line LLC,rules,medium,form_punctuation,REFS_ADDED,
rewritten,batches/united-states-gas/staging/deepsweep-gulf-operating,batches/united-states-gas/staging/deepsweep-gulf-operating/rows/P0165.json,fills,P0165,26,Owner1,"Third Coast Midstream, LLC",Third Coast Midstream LLC,rules,medium,form_punctuation,REFS_ADDED,
rewritten,batches/united-states-gas/staging/deepsweep-gulf-operating,batches/united-states-gas/staging/deepsweep-gulf-operating/rows/P0187.json,fills,P0187,46,Operator,"BBT Midla, LLC",BBT Midla LLC,rules,medium,form_punctuation,REFS_ADDED,
rewritten,batches/united-states-gas/staging/deepsweep-gulf-operating,batches/united-states-gas/staging/deepsweep-gulf-operating/rows/P0199.json,fills,P0199,58,Operator,"Gulfstream Natural Gas System, L.L.C.",Gulfstream Natural Gas System LLC,rules,medium,form_punctuation,REFS_ADDED,
rewritten,batches/united-states-gas/staging/deepsweep-gulf-operating,batches/united-states-gas/staging/deepsweep-gulf-operating/rows/P0204.json,fills,P0204,63,Operator,Enterprise Products Partners,Enterprise Products Partners LP,alias,high,,REFS_ADDED,
rewritten,batches/united-states-gas/staging/deepsweep-gulf-operating,batches/united-states-gas/staging/deepsweep-gulf-operating/rows/P0210.json,fills,P0210,197,Operator,EnLink Midstream,EnLink Midstream LLC,alias,high,,REFS_ADDED,
rewritten,batches/united-states-gas/staging/deepsweep-gulf-operating,batches/united-states-gas/staging/deepsweep-gulf-operating/rows/P0244.json,fills,P0244,98,Operator,Energy Transfer,Energy Transfer LP,alias,high,,REFS_ADDED,
rewritten,batches/united-states-gas/staging/deepsweep-gulf-operating,batches/united-states-gas/staging/deepsweep-gulf-operating/rows/P2529.json,fills,P2529,1302,Operator,"Florida Gas Transmission, LLC",Florida Gas Transmission LLC,rules,medium,form_punctuation,REFS_ADDED,
rewritten,batches/united-states-gas/staging/deepsweep-gulf-operating,batches/united-states-gas/staging/deepsweep-gulf-operating/rows/P2606.json,fills,P2606,1345,Operator,Enbridge,Enbridge Inc,alias,high,,REFS_ADDED,
rewritten,batches/united-states-gas/staging/deepsweep-gulf-operating,batches/united-states-gas/staging/deepsweep-gulf-operating/rows/P2607.json,fills,P2607,1346,Operator,"Natural Gas Pipeline Company of America, LLC",Natural Gas Pipeline Company of America LLC,rules,medium,form_punctuation,REFS_ADDED,
rewritten,batches/united-states-gas/staging/deepsweep-gulf-operating,batches/united-states-gas/staging/deepsweep-gulf-operating/rows/P2627.json,fills,P2627,1355,Operator,"Florida Gas Transmission Company, LLC",Florida Gas Transmission Company LLC,rules,medium,form_punctuation,REFS_ADDED,
rewritten,batches/united-states-gas/staging/deepsweep-gulf-operating,batches/united-states-gas/staging/deepsweep-gulf-operating/rows/P2738.json,fills,P2738,1397,Operator,"Florida Gas Transmission, LLC",Florida Gas Transmission LLC,rules,medium,form_punctuation,REFS_ADDED,
rewritten,batches/united-states-gas/staging/deepsweep-gulf-operating,batches/united-states-gas/staging/deepsweep-gulf-operating/rows/P4028.json,fills,P4028,2024,Operator,"Florida Gas Transmission Company, LLC",Florida Gas Transmission Company LLC,rules,medium,form_punctuation,REFS_ADDED,
rewritten,batches/united-states-gas/staging/deepsweep-gulf-operating,batches/united-states-gas/staging/deepsweep-gulf-operating/rows/P4029.json,fills,P4029,2025,Operator,"Florida Gas Transmission Company, LLC",Florida Gas Transmission Company LLC,rules,medium,form_punctuation,REFS_ADDED,
rewritten,batches/united-states-gas/staging/deepsweep-gulf-operating,batches/united-states-gas/staging/deepsweep-gulf-operating/rows/P4030.json,fills,P4030,2026,Operator,"Florida Gas Transmission Company, LLC",Florida Gas Transmission Company LLC,rules,medium,form_punctuation,REFS_ADDED,
rewritten,batches/united-states-gas/staging/deepsweep-gulf-operating,batches/united-states-gas/staging/deepsweep-gulf-operating/rows/P4033.json,fills,P4033,2029,Operator,"Florida Gas Transmission Company, LLC",Florida Gas Transmission Company LLC,rules,medium,form_punctuation,REFS_ADDED,
rewritten,batches/united-states-gas/staging/deepsweep-gulf-operating,batches/united-states-gas/staging/deepsweep-gulf-operating/rows/P4034.json,fills,P4034,2030,Operator,Energy Transfer,Energy Transfer LP,alias,high,,REFS_ADDED,
rewritten,batches/united-states-gas/staging/deepsweep-gulf-operating,batches/united-states-gas/staging/deepsweep-gulf-operating/rows/P4035.json,fills,P4035,2031,Operator,Energy Transfer,Energy Transfer LP,alias,high,,REFS_ADDED,
rewritten,batches/united-states-gas/staging/deepsweep-gulf-operating,batches/united-states-gas/staging/deepsweep-gulf-operating/rows/P4037.json,fills,P4037,2033,Operator,Energy Transfer,Energy Transfer LP,alias,high,,REFS_ADDED,
rewritten,batches/united-states-gas/staging/deepsweep-gulf-operating,batches/united-states-gas/staging/deepsweep-gulf-operating/rows/P4039.json,fills,P4039,2997,Operator,"Florida Gas Transmission, LLC",Florida Gas Transmission LLC,rules,medium,form_punctuation,REFS_ADDED,
rewritten,batches/united-states-gas/staging/deepsweep-gulf-operating,batches/united-states-gas/staging/deepsweep-gulf-operating/rows/P5823.json,fills,P5823,3294,Operator,RIGS Haynesville Partnership Co.,RIGS Haynesville Partnership Co,rules,medium,form_punctuation,REFS_ADDED,
rewritten,batches/united-states-gas/staging/deepsweep-gulf-operating,batches/united-states-gas/staging/deepsweep-gulf-operating/rows/P6005.json,fills,P6005,3457,Operator,"Kinetica Energy Express, LLC",Kinetica Energy Express LLC,rules,medium,form_punctuation,REFS_ADDED,
rewritten,batches/united-states-gas/staging/deepsweep-remainder,batches/united-states-gas/staging/deepsweep-remainder/staged_resolutions.json,resolutions,P0170,31,Owner2,UGI Energy Services Inc.,UGI Energy Services Inc,rules,medium,form_punctuation,REFS_ADDED,
rewritten,batches/united-states-gas/staging/deepsweep-remainder,batches/united-states-gas/staging/deepsweep-remainder/staged_resolutions.json,resolutions,P0170,31,Owner3,Capitol Energy Ventures Corp.,Capitol Energy Ventures Corp,rules,medium,form_punctuation,REFS_ADDED,
rewritten,batches/united-states-gas/staging/deepsweep-remainder,batches/united-states-gas/staging/deepsweep-remainder/staged_resolutions.json,resolutions,P0171,32,Operator,Williams Companies,Williams Companies Inc,alias,high,,REFS_ADDED,
rewritten,batches/united-states-gas/staging/deepsweep-remainder,batches/united-states-gas/staging/deepsweep-remainder/staged_resolutions.json,resolutions,P0185,44,Owner1,"Enstor Pipeline Holdings, LLC",Enstor Pipeline Holdings LLC,rules,medium,form_punctuation,REFS_ADDED,
rewritten,batches/united-states-gas/staging/deepsweep-remainder,batches/united-states-gas/staging/deepsweep-remainder/staged_resolutions.json,resolutions,P0189,48,Operator,Energy Transfer,Energy Transfer LP,alias,high,,REFS_ADDED,
rewritten,batches/united-states-gas/staging/deepsweep-remainder,batches/united-states-gas/staging/deepsweep-remainder/staged_resolutions.json,resolutions,P0189,48,Owner1,Energy Transfer,Energy Transfer LP,alias,high,,REFS_ADDED,
rewritten,batches/united-states-gas/staging/deepsweep-remainder,batches/united-states-gas/staging/deepsweep-remainder/staged_resolutions.json,resolutions,P0201,60,Owner2,"Nicor-Horizon, Inc.",Nicor-Horizon Inc,rules,medium,form_punctuation,REFS_ADDED,
rewritten,batches/united-states-gas/staging/deepsweep-remainder,batches/united-states-gas/staging/deepsweep-remainder/staged_resolutions.json,resolutions,P0213,71,Operator,Kinder Morgan,Kinder Morgan Inc,alias,high,,REFS_ADDED,
rewritten,batches/united-states-gas/staging/deepsweep-remainder,batches/united-states-gas/staging/deepsweep-remainder/staged_resolutions.json,resolutions,P0213,71,Owner2,Energy Transfer,Energy Transfer LP,alias,high,,REFS_ADDED,
rewritten,batches/united-states-gas/staging/deepsweep-remainder,batches/united-states-gas/staging/deepsweep-remainder/staged_resolutions.json,resolutions,P0214,72,Operator,Midwestern Gas Transmission Company,Midwestern Gas Transmission Co,rules,medium,form_long,REFS_ADDED,
rewritten,batches/united-states-gas/staging/deepsweep-remainder,batches/united-states-gas/staging/deepsweep-remainder/staged_resolutions.json,resolutions,P0236,90,Operator,"Ozark Gas Transmission, L.L.C.",Ozark Gas Transmission LLC,rules,medium,form_punctuation,REFS_ADDED,
rewritten,batches/united-states-gas/staging/deepsweep-remainder,batches/united-states-gas/staging/deepsweep-remainder/staged_resolutions.json,resolutions,P0236,90,Owner1,"Enstor Pipeline Holdings, LLC",Enstor Pipeline Holdings LLC,rules,medium,form_punctuation,REFS_ADDED,
rewritten,batches/united-states-gas/staging/deepsweep-remainder,batches/united-states-gas/staging/deepsweep-remainder/staged_resolutions.json,resolutions,P0380,193,Operator,Kinder Morgan,Kinder Morgan Inc,alias,high,,REFS_ADDED,
rewritten,batches/united-states-gas/staging/deepsweep-remainder,batches/united-states-gas/staging/deepsweep-remainder/staged_resolutions.json,resolutions,P2039,1070,Operator,Natural Gas Pipeline Co of America LLC (NGPL),Natural Gas Pipeline Co of America LLC,rules,medium,acronym_dropped,REFS_ADDED,
rewritten,batches/united-states-gas/staging/deepsweep-remainder,batches/united-states-gas/staging/deepsweep-remainder/staged_resolutions.json,resolutions,P2495,1282,Operator,Natural Gas Pipeline Company of America LLC (NGPL),Natural Gas Pipeline Company of America LLC,rules,medium,acronym_dropped,REFS_ADDED,
rewritten,batches/united-states-gas/staging/deepsweep-remainder,batches/united-states-gas/staging/deepsweep-remainder/staged_resolutions.json,resolutions,P2496,1283,Operator,"Tennessee Gas Pipeline Company, L.L.C.",Tennessee Gas Pipeline Company LLC,rules,medium,form_punctuation,REFS_ADDED,
rewritten,batches/united-states-gas/staging/deepsweep-remainder,batches/united-states-gas/staging/deepsweep-remainder/staged_resolutions.json,resolutions,P2541,1309,Operator,"Kinder Morgan, Inc.",Kinder Morgan Inc,exact,high,,REFS_ADDED,
rewritten,batches/united-states-gas/staging/deepsweep-remainder,batches/united-states-gas/staging/deepsweep-remainder/staged_resolutions.json,resolutions,P2560,1320,Operator,"Enable Gas Transmission, LLC",Enable Gas Transmission LLC,rules,medium,form_punctuation,REFS_ADDED,
rewritten,batches/united-states-gas/staging/deepsweep-remainder,batches/united-states-gas/staging/deepsweep-remainder/staged_resolutions.json,resolutions,P2617,1351,Operator,"El Paso Natural Gas Company, L.L.C.",El Paso Natural Gas Company LLC,rules,medium,form_punctuation,REFS_ADDED,
rewritten,batches/united-states-gas/staging/deepsweep-remainder,batches/united-states-gas/staging/deepsweep-remainder/rows/P0170.json,fills,P0170,31,Owner2,UGI Energy Services Inc.,UGI Energy Services Inc,rules,medium,form_punctuation,REFS_ADDED,
rewritten,batches/united-states-gas/staging/deepsweep-remainder,batches/united-states-gas/staging/deepsweep-remainder/rows/P0170.json,fills,P0170,31,Owner3,Capitol Energy Ventures Corp.,Capitol Energy Ventures Corp,rules,medium,form_punctuation,REFS_ADDED,
rewritten,batches/united-states-gas/staging/deepsweep-remainder,batches/united-states-gas/staging/deepsweep-remainder/rows/P0171.json,fills,P0171,32,Operator,Williams Companies,Williams Companies Inc,alias,high,,REFS_ADDED,
rewritten,batches/united-states-gas/staging/deepsweep-remainder,batches/united-states-gas/staging/deepsweep-remainder/rows/P0185.json,fills,P0185,44,Owner1,"Enstor Pipeline Holdings, LLC",Enstor Pipeline Holdings LLC,rules,medium,form_punctuation,REFS_ADDED,
rewritten,batches/united-states-gas/staging/deepsweep-remainder,batches/united-states-gas/staging/deepsweep-remainder/rows/P0189.json,fills,P0189,48,Operator,Energy Transfer,Energy Transfer LP,alias,high,,REFS_ADDED,
rewritten,batches/united-states-gas/staging/deepsweep-remainder,batches/united-states-gas/staging/deepsweep-remainder/rows/P0189.json,fills,P0189,48,Owner1,Energy Transfer,Energy Transfer LP,alias,high,,REFS_ADDED,
rewritten,batches/united-states-gas/staging/deepsweep-remainder,batches/united-states-gas/staging/deepsweep-remainder/rows/P0201.json,fills,P0201,60,Owner2,"Nicor-Horizon, Inc.",Nicor-Horizon Inc,rules,medium,form_punctuation,REFS_ADDED,
rewritten,batches/united-states-gas/staging/deepsweep-remainder,batches/united-states-gas/staging/deepsweep-remainder/rows/P0213.json,fills,P0213,71,Operator,Kinder Morgan,Kinder Morgan Inc,alias,high,,REFS_ADDED,
rewritten,batches/united-states-gas/staging/deepsweep-remainder,batches/united-states-gas/staging/deepsweep-remainder/rows/P0213.json,fills,P0213,71,Owner2,Energy Transfer,Energy Transfer LP,alias,high,,REFS_ADDED,
rewritten,batches/united-states-gas/staging/deepsweep-remainder,batches/united-states-gas/staging/deepsweep-remainder/rows/P0214.json,fills,P0214,72,Operator,Midwestern Gas Transmission Company,Midwestern Gas Transmission Co,rules,medium,form_long,REFS_ADDED,
rewritten,batches/united-states-gas/staging/deepsweep-remainder,batches/united-states-gas/staging/deepsweep-remainder/rows/P0236.json,fills,P0236,90,Operator,"Ozark Gas Transmission, L.L.C.",Ozark Gas Transmission LLC,rules,medium,form_punctuation,REFS_ADDED,
rewritten,batches/united-states-gas/staging/deepsweep-remainder,batches/united-states-gas/staging/deepsweep-remainder/rows/P0236.json,fills,P0236,90,Owner1,"Enstor Pipeline Holdings, LLC",Enstor Pipeline Holdings LLC,rules,medium,form_punctuation,REFS_ADDED,
rewritten,batches/united-states-gas/staging/deepsweep-remainder,batches/united-states-gas/staging/deepsweep-remainder/rows/P0380.json,fills,P0380,193,Operator,Kinder Morgan,Kinder Morgan Inc,alias,high,,REFS_ADDED,
rewritten,batches/united-states-gas/staging/deepsweep-remainder,batches/united-states-gas/staging/deepsweep-remainder/rows/P2039.json,fills,P2039,1070,Operator,Natural Gas Pipeline Co of America LLC (NGPL),Natural Gas Pipeline Co of America LLC,rules,medium,acronym_dropped,REFS_ADDED,
rewritten,batches/united-states-gas/staging/deepsweep-remainder,batches/united-states-gas/staging/deepsweep-remainder/rows/P2495.json,fills,P2495,1282,Operator,Natural Gas Pipeline Company of America LLC (NGPL),Natural Gas Pipeline Company of America LLC,rules,medium,acronym_dropped,REFS_ADDED,
rewritten,batches/united-states-gas/staging/deepsweep-remainder,batches/united-states-gas/staging/deepsweep-remainder/rows/P2496.json,fills,P2496,1283,Operator,"Tennessee Gas Pipeline Company, L.L.C.",Tennessee Gas Pipeline Company LLC,rules,medium,form_punctuation,REFS_ADDED,
rewritten,batches/united-states-gas/staging/deepsweep-remainder,batches/united-states-gas/staging/deepsweep-remainder/rows/P2541.json,fills,P2541,1309,Operator,"Kinder Morgan, Inc.",Kinder Morgan Inc,exact,high,,REFS_ADDED,
rewritten,batches/united-states-gas/staging/deepsweep-remainder,batches/united-states-gas/staging/deepsweep-remainder/rows/P2560.json,fills,P2560,1320,Operator,"Enable Gas Transmission, LLC",Enable Gas Transmission LLC,rules,medium,form_punctuation,REFS_ADDED,
rewritten,batches/united-states-gas/staging/deepsweep-remainder,batches/united-states-gas/staging/deepsweep-remainder/rows/P2617.json,fills,P2617,1351,Operator,"El Paso Natural Gas Company, L.L.C.",El Paso Natural Gas Company LLC,rules,medium,form_punctuation,REFS_ADDED,
rewritten,batches/united-states-gas/staging/deepsweep-s2-appalachian-indev,batches/united-states-gas/staging/deepsweep-s2-appalachian-indev/staged_resolutions.json,resolutions,P3189,1680,Owner1,"Columbia Gas of Ohio, Inc.",Columbia Gas of Ohio Inc,rules,medium,form_punctuation,REFS_ADDED,
rewritten,batches/united-states-gas/staging/deepsweep-s2-appalachian-indev,batches/united-states-gas/staging/deepsweep-s2-appalachian-indev/staged_resolutions.json,resolutions,P4070,2065,Operator,National Grid,National Grid PLC,stem,medium,form_from_gazetteer,REFS_ADDED,
rewritten,batches/united-states-gas/staging/deepsweep-s2-appalachian-indev,batches/united-states-gas/staging/deepsweep-s2-appalachian-indev/staged_resolutions.json,resolutions,P4070,2065,Owner1,National Grid plc,National Grid PLC,exact,high,,REFS_ADDED,
rewritten,batches/united-states-gas/staging/deepsweep-s2-appalachian-indev,batches/united-states-gas/staging/deepsweep-s2-appalachian-indev/staged_resolutions.json,resolutions,P4447,2359,Operator,"Columbia Gas of Ohio, Inc.",Columbia Gas of Ohio Inc,rules,medium,form_punctuation,REFS_ADDED,
rewritten,batches/united-states-gas/staging/deepsweep-s2-appalachian-indev,batches/united-states-gas/staging/deepsweep-s2-appalachian-indev/staged_resolutions.json,resolutions,P4447,2359,Owner1,"Columbia Gas of Ohio, Inc.",Columbia Gas of Ohio Inc,rules,medium,form_punctuation,REFS_ADDED,
rewritten,batches/united-states-gas/staging/deepsweep-s2-appalachian-indev,batches/united-states-gas/staging/deepsweep-s2-appalachian-indev/staged_resolutions.json,resolutions,P5601,3115,Operator,"Tennessee Gas Pipeline Company, L.L.C.",Tennessee Gas Pipeline Company LLC,rules,medium,form_punctuation,REFS_ADDED,
rewritten,batches/united-states-gas/staging/deepsweep-s2-appalachian-indev,batches/united-states-gas/staging/deepsweep-s2-appalachian-indev/staged_resolutions.json,resolutions,P5601,3115,Owner1,"Kinder Morgan, Inc.",Kinder Morgan Inc,exact,high,,REFS_ADDED,
rewritten,batches/united-states-gas/staging/deepsweep-s2-appalachian-indev,batches/united-states-gas/staging/deepsweep-s2-appalachian-indev/staged_resolutions.json,resolutions,P7829,4209,Operator,"Mountain Valley Pipeline, LLC",Mountain Valley Pipeline LLC,rules,medium,form_punctuation,REFS_ADDED,
rewritten,batches/united-states-gas/staging/deepsweep-s2-appalachian-indev,batches/united-states-gas/staging/deepsweep-s2-appalachian-indev/staged_resolutions.json,resolutions,P7829,4209,Owner1,"Mountain Valley Pipeline, LLC",Mountain Valley Pipeline LLC,rules,medium,form_punctuation,REFS_ADDED,
rewritten,batches/united-states-gas/staging/deepsweep-s2-appalachian-indev,batches/united-states-gas/staging/deepsweep-s2-appalachian-indev/rows/P3189.json,fills,P3189,1680,Owner1,"Columbia Gas of Ohio, Inc.",Columbia Gas of Ohio Inc,rules,medium,form_punctuation,REFS_ADDED,
rewritten,batches/united-states-gas/staging/deepsweep-s2-appalachian-indev,batches/united-states-gas/staging/deepsweep-s2-appalachian-indev/rows/P4070.json,fills,P4070,2065,Operator,National Grid,National Grid PLC,stem,medium,form_from_gazetteer,REFS_ADDED,
rewritten,batches/united-states-gas/staging/deepsweep-s2-appalachian-indev,batches/united-states-gas/staging/deepsweep-s2-appalachian-indev/rows/P4070.json,fills,P4070,2065,Owner1,National Grid plc,National Grid PLC,exact,high,,REFS_ADDED,
rewritten,batches/united-states-gas/staging/deepsweep-s2-appalachian-indev,batches/united-states-gas/staging/deepsweep-s2-appalachian-indev/rows/P4447.json,fills,P4447,2359,Operator,"Columbia Gas of Ohio, Inc.",Columbia Gas of Ohio Inc,rules,medium,form_punctuation,REFS_ADDED,
rewritten,batches/united-states-gas/staging/deepsweep-s2-appalachian-indev,batches/united-states-gas/staging/deepsweep-s2-appalachian-indev/rows/P4447.json,fills,P4447,2359,Owner1,"Columbia Gas of Ohio, Inc.",Columbia Gas of Ohio Inc,rules,medium,form_punctuation,REFS_ADDED,
rewritten,batches/united-states-gas/staging/deepsweep-s2-appalachian-indev,batches/united-states-gas/staging/deepsweep-s2-appalachian-indev/rows/P5601.json,fills,P5601,3115,Operator,"Tennessee Gas Pipeline Company, L.L.C.",Tennessee Gas Pipeline Company LLC,rules,medium,form_punctuation,REFS_ADDED,
rewritten,batches/united-states-gas/staging/deepsweep-s2-appalachian-indev,batches/united-states-gas/staging/deepsweep-s2-appalachian-indev/rows/P5601.json,fills,P5601,3115,Owner1,"Kinder Morgan, Inc.",Kinder Morgan Inc,exact,high,,REFS_ADDED,
rewritten,batches/united-states-gas/staging/deepsweep-s2-appalachian-indev,batches/united-states-gas/staging/deepsweep-s2-appalachian-indev/rows/P7829.json,fills,P7829,4209,Operator,"Mountain Valley Pipeline, LLC",Mountain Valley Pipeline LLC,rules,medium,form_punctuation,REFS_ADDED,
rewritten,batches/united-states-gas/staging/deepsweep-s2-appalachian-indev,batches/united-states-gas/staging/deepsweep-s2-appalachian-indev/rows/P7829.json,fills,P7829,4209,Owner1,"Mountain Valley Pipeline, LLC",Mountain Valley Pipeline LLC,rules,medium,form_punctuation,REFS_ADDED,
rewritten,batches/united-states-gas/staging/deepsweep-s2-gulf-indev,batches/united-states-gas/staging/deepsweep-s2-gulf-indev/staged_resolutions.json,resolutions,P0193,52,Operator,"Venture Global Gator Express, LLC",Venture Global Gator Express LLC,rules,medium,form_punctuation,REFS_ADDED,
rewritten,batches/united-states-gas/staging/deepsweep-s2-gulf-indev,batches/united-states-gas/staging/deepsweep-s2-gulf-indev/staged_resolutions.json,resolutions,P2522,1298,Operator,"Cheniere Creole Trail Pipeline, L.P.",Cheniere Creole Trail Pipeline LP,rules,medium,form_punctuation,REFS_ADDED,
rewritten,batches/united-states-gas/staging/deepsweep-s2-gulf-indev,batches/united-states-gas/staging/deepsweep-s2-gulf-indev/staged_resolutions.json,resolutions,P2522,1298,Owner1,"Cheniere Energy Partners, L.P.",Cheniere Energy Partners LP,exact,high,form_punctuation,REFS_ADDED,
rewritten,batches/united-states-gas/staging/deepsweep-s2-gulf-indev,batches/united-states-gas/staging/deepsweep-s2-gulf-indev/staged_resolutions.json,resolutions,P2737,1396,Operator,"Venture Global Delta Express, LLC",Venture Global Delta Express LLC,rules,medium,form_punctuation,REFS_ADDED,
rewritten,batches/united-states-gas/staging/deepsweep-s2-gulf-indev,batches/united-states-gas/staging/deepsweep-s2-gulf-indev/staged_resolutions.json,resolutions,P5509,3027,Operator,"Sabine Crossing Pipeline, LLC",Sabine Crossing Pipeline LLC,rules,medium,form_punctuation,REFS_ADDED,
rewritten,batches/united-states-gas/staging/deepsweep-s2-gulf-indev,batches/united-states-gas/staging/deepsweep-s2-gulf-indev/staged_resolutions.json,resolutions,P5509,3027,Owner1,"Sabine Crossing Pipeline, LLC",Sabine Crossing Pipeline LLC,rules,medium,form_punctuation,REFS_ADDED,
rewritten,batches/united-states-gas/staging/deepsweep-s2-gulf-indev,batches/united-states-gas/staging/deepsweep-s2-gulf-indev/staged_resolutions.json,resolutions,P5516,3034,Operator,"CE Pipeline, LLC",CE Pipeline LLC,rules,medium,form_punctuation,REFS_ADDED,
rewritten,batches/united-states-gas/staging/deepsweep-s2-gulf-indev,batches/united-states-gas/staging/deepsweep-s2-gulf-indev/staged_resolutions.json,resolutions,P5516,3034,Owner1,"CE Pipeline, LLC",CE Pipeline LLC,rules,medium,form_punctuation,REFS_ADDED,
rewritten,batches/united-states-gas/staging/deepsweep-s2-gulf-indev,batches/united-states-gas/staging/deepsweep-s2-gulf-indev/staged_resolutions.json,resolutions,P7805,4185,Operator,"Transcontinental Gas Pipe Line Company, LLC",Transcontinental Gas Pipe Line Company LLC,rules,medium,form_punctuation,REFS_ADDED,
rewritten,batches/united-states-gas/staging/deepsweep-s2-gulf-indev,batches/united-states-gas/staging/deepsweep-s2-gulf-indev/staged_resolutions.json,resolutions,P7832,4212,Operator,Kinder Morgan,Kinder Morgan Inc,alias,high,,REFS_ADDED,
rewritten,batches/united-states-gas/staging/deepsweep-s2-gulf-indev,batches/united-states-gas/staging/deepsweep-s2-gulf-indev/staged_resolutions.json,resolutions,P7832,4212,Owner2,ArcLight Capital Partners,ArcLight Capital Partners LLC,stem,medium,form_from_gazetteer,REFS_ADDED,
rewritten,batches/united-states-gas/staging/deepsweep-s2-gulf-indev,batches/united-states-gas/staging/deepsweep-s2-gulf-indev/staged_resolutions.json,resolutions,P7832,4212,Owner3,Brookfield Infrastructure Partners,Brookfield Infrastructure Partners LP,stem,medium,form_from_gazetteer,REFS_ADDED,
rewritten,batches/united-states-gas/staging/deepsweep-s2-gulf-indev,batches/united-states-gas/staging/deepsweep-s2-gulf-indev/rows/P0193.json,fills,P0193,52,Operator,"Venture Global Gator Express, LLC",Venture Global Gator Express LLC,rules,medium,form_punctuation,REFS_ADDED,
rewritten,batches/united-states-gas/staging/deepsweep-s2-gulf-indev,batches/united-states-gas/staging/deepsweep-s2-gulf-indev/rows/P2522.json,fills,P2522,1298,Operator,"Cheniere Creole Trail Pipeline, L.P.",Cheniere Creole Trail Pipeline LP,rules,medium,form_punctuation,REFS_ADDED,
rewritten,batches/united-states-gas/staging/deepsweep-s2-gulf-indev,batches/united-states-gas/staging/deepsweep-s2-gulf-indev/rows/P2522.json,fills,P2522,1298,Owner1,"Cheniere Energy Partners, L.P.",Cheniere Energy Partners LP,exact,high,form_punctuation,REFS_ADDED,
rewritten,batches/united-states-gas/staging/deepsweep-s2-gulf-indev,batches/united-states-gas/staging/deepsweep-s2-gulf-indev/rows/P2737.json,fills,P2737,1396,Operator,"Venture Global Delta Express, LLC",Venture Global Delta Express LLC,rules,medium,form_punctuation,REFS_ADDED,
rewritten,batches/united-states-gas/staging/deepsweep-s2-gulf-indev,batches/united-states-gas/staging/deepsweep-s2-gulf-indev/rows/P5509.json,fills,P5509,3027,Operator,"Sabine Crossing Pipeline, LLC",Sabine Crossing Pipeline LLC,rules,medium,form_punctuation,REFS_ADDED,
rewritten,batches/united-states-gas/staging/deepsweep-s2-gulf-indev,batches/united-states-gas/staging/deepsweep-s2-gulf-indev/rows/P5509.json,fills,P5509,3027,Owner1,"Sabine Crossing Pipeline, LLC",Sabine Crossing Pipeline LLC,rules,medium,form_punctuation,REFS_ADDED,
rewritten,batches/united-states-gas/staging/deepsweep-s2-gulf-indev,batches/united-states-gas/staging/deepsweep-s2-gulf-indev/rows/P5516.json,fills,P5516,3034,Operator,"CE Pipeline, LLC",CE Pipeline LLC,rules,medium,form_punctuation,REFS_ADDED,
rewritten,batches/united-states-gas/staging/deepsweep-s2-gulf-indev,batches/united-states-gas/staging/deepsweep-s2-gulf-indev/rows/P5516.json,fills,P5516,3034,Owner1,"CE Pipeline, LLC",CE Pipeline LLC,rules,medium,form_punctuation,REFS_ADDED,
rewritten,batches/united-states-gas/staging/deepsweep-s2-gulf-indev,batches/united-states-gas/staging/deepsweep-s2-gulf-indev/rows/P7805.json,fills,P7805,4185,Operator,"Transcontinental Gas Pipe Line Company, LLC",Transcontinental Gas Pipe Line Company LLC,rules,medium,form_punctuation,REFS_ADDED,
rewritten,batches/united-states-gas/staging/deepsweep-s2-gulf-indev,batches/united-states-gas/staging/deepsweep-s2-gulf-indev/rows/P7832.json,fills,P7832,4212,Operator,Kinder Morgan,Kinder Morgan Inc,alias,high,,REFS_ADDED,
rewritten,batches/united-states-gas/staging/deepsweep-s2-gulf-indev,batches/united-states-gas/staging/deepsweep-s2-gulf-indev/rows/P7832.json,fills,P7832,4212,Owner2,ArcLight Capital Partners,ArcLight Capital Partners LLC,stem,medium,form_from_gazetteer,REFS_ADDED,
rewritten,batches/united-states-gas/staging/deepsweep-s2-gulf-indev,batches/united-states-gas/staging/deepsweep-s2-gulf-indev/rows/P7832.json,fills,P7832,4212,Owner3,Brookfield Infrastructure Partners,Brookfield Infrastructure Partners LP,stem,medium,form_from_gazetteer,REFS_ADDED,
rewritten,batches/united-states-gas/staging/deepsweep-s2-gulf-se-operating,batches/united-states-gas/staging/deepsweep-s2-gulf-se-operating/staged_resolutions.json,resolutions,P0311,161,Owner1,Enbridge Inc.,Enbridge Inc,exact,high,,REFS_ADDED,
rewritten,batches/united-states-gas/staging/deepsweep-s2-gulf-se-operating,batches/united-states-gas/staging/deepsweep-s2-gulf-se-operating/staged_resolutions.json,resolutions,P1294,757,Operator,"Gulf Run Transmission, LLC",Gulf Run Transmission LLC,rules,medium,form_punctuation,REFS_ADDED,
rewritten,batches/united-states-gas/staging/deepsweep-s2-gulf-se-operating,batches/united-states-gas/staging/deepsweep-s2-gulf-se-operating/staged_resolutions.json,resolutions,P1294,757,Owner1,"Gulf Run Transmission, LLC",Gulf Run Transmission LLC,rules,medium,form_punctuation,REFS_ADDED,
rewritten,batches/united-states-gas/staging/deepsweep-s2-gulf-se-operating,batches/united-states-gas/staging/deepsweep-s2-gulf-se-operating/staged_resolutions.json,resolutions,P2536,1305,Operator,"Tennessee Gas Pipeline Company, L.L.C.",Tennessee Gas Pipeline Company LLC,rules,medium,form_punctuation,REFS_ADDED,
rewritten,batches/united-states-gas/staging/deepsweep-s2-gulf-se-operating,batches/united-states-gas/staging/deepsweep-s2-gulf-se-operating/staged_resolutions.json,resolutions,P2536,1305,Owner1,Kinder Morgan,Kinder Morgan Inc,alias,high,,REFS_ADDED,
rewritten,batches/united-states-gas/staging/deepsweep-s2-gulf-se-operating,batches/united-states-gas/staging/deepsweep-s2-gulf-se-operating/staged_resolutions.json,resolutions,P2556,1956,Operator,"Columbia Gulf Transmission, LLC",Columbia Gulf Transmission LLC,rules,medium,form_punctuation,REFS_ADDED,
rewritten,batches/united-states-gas/staging/deepsweep-s2-gulf-se-operating,batches/united-states-gas/staging/deepsweep-s2-gulf-se-operating/staged_resolutions.json,resolutions,P3188,1679,Operator,"Columbia Gulf Transmission, LLC",Columbia Gulf Transmission LLC,rules,medium,form_punctuation,REFS_ADDED,
rewritten,batches/united-states-gas/staging/deepsweep-s2-gulf-se-operating,batches/united-states-gas/staging/deepsweep-s2-gulf-se-operating/staged_resolutions.json,resolutions,P3188,1679,Owner1,"Columbia Gulf Transmission, LLC",Columbia Gulf Transmission LLC,rules,medium,form_punctuation,REFS_ADDED,
rewritten,batches/united-states-gas/staging/deepsweep-s2-gulf-se-operating,batches/united-states-gas/staging/deepsweep-s2-gulf-se-operating/staged_resolutions.json,resolutions,P5415,3003,Operator,"Texas Eastern Transmission, LP",Texas Eastern Transmission LP,rules,medium,form_punctuation,REFS_ADDED,
rewritten,batches/united-states-gas/staging/deepsweep-s2-gulf-se-operating,batches/united-states-gas/staging/deepsweep-s2-gulf-se-operating/rows/P0311.json,fills,P0311,161,Owner1,Enbridge Inc.,Enbridge Inc,exact,high,,REFS_ADDED,
rewritten,batches/united-states-gas/staging/deepsweep-s2-gulf-se-operating,batches/united-states-gas/staging/deepsweep-s2-gulf-se-operating/rows/P1294.json,fills,P1294,757,Operator,"Gulf Run Transmission, LLC",Gulf Run Transmission LLC,rules,medium,form_punctuation,REFS_ADDED,
rewritten,batches/united-states-gas/staging/deepsweep-s2-gulf-se-operating,batches/united-states-gas/staging/deepsweep-s2-gulf-se-operating/rows/P1294.json,fills,P1294,757,Owner1,"Gulf Run Transmission, LLC",Gulf Run Transmission LLC,rules,medium,form_punctuation,REFS_ADDED,
rewritten,batches/united-states-gas/staging/deepsweep-s2-gulf-se-operating,batches/united-states-gas/staging/deepsweep-s2-gulf-se-operating/rows/P2536.json,fills,P2536,1305,Operator,"Tennessee Gas Pipeline Company, L.L.C.",Tennessee Gas Pipeline Company LLC,rules,medium,form_punctuation,REFS_ADDED,
rewritten,batches/united-states-gas/staging/deepsweep-s2-gulf-se-operating,batches/united-states-gas/staging/deepsweep-s2-gulf-se-operating/rows/P2536.json,fills,P2536,1305,Owner1,Kinder Morgan,Kinder Morgan Inc,alias,high,,REFS_ADDED,
rewritten,batches/united-states-gas/staging/deepsweep-s2-gulf-se-operating,batches/united-states-gas/staging/deepsweep-s2-gulf-se-operating/rows/P2556.json,fills,P2556,1956,Operator,"Columbia Gulf Transmission, LLC",Columbia Gulf Transmission LLC,rules,medium,form_punctuation,REFS_ADDED,
rewritten,batches/united-states-gas/staging/deepsweep-s2-gulf-se-operating,batches/united-states-gas/staging/deepsweep-s2-gulf-se-operating/rows/P3188.json,fills,P3188,1679,Operator,"Columbia Gulf Transmission, LLC",Columbia Gulf Transmission LLC,rules,medium,form_punctuation,REFS_ADDED,
rewritten,batches/united-states-gas/staging/deepsweep-s2-gulf-se-operating,batches/united-states-gas/staging/deepsweep-s2-gulf-se-operating/rows/P3188.json,fills,P3188,1679,Owner1,"Columbia Gulf Transmission, LLC",Columbia Gulf Transmission LLC,rules,medium,form_punctuation,REFS_ADDED,
rewritten,batches/united-states-gas/staging/deepsweep-s2-gulf-se-operating,batches/united-states-gas/staging/deepsweep-s2-gulf-se-operating/rows/P5415.json,fills,P5415,3003,Operator,"Texas Eastern Transmission, LP",Texas Eastern Transmission LP,rules,medium,form_punctuation,REFS_ADDED,
rewritten,batches/united-states-gas/staging/deepsweep-s2-northeast-alaska,batches/united-states-gas/staging/deepsweep-s2-northeast-alaska/staged_resolutions.json,resolutions,P0309,159,Operator,"Adelphia Gateway, LLC",Adelphia Gateway LLC,rules,medium,form_punctuation,REFS_ADDED,
rewritten,batches/united-states-gas/staging/deepsweep-s2-northeast-alaska,batches/united-states-gas/staging/deepsweep-s2-northeast-alaska/staged_resolutions.json,resolutions,P4454,2366,Operator,Equitrans Midstream Corporation,Equitrans Midstream Corp,alias,high,,REFS_ADDED,
rewritten,batches/united-states-gas/staging/deepsweep-s2-northeast-alaska,batches/united-states-gas/staging/deepsweep-s2-northeast-alaska/staged_resolutions.json,resolutions,P5545,3062,Operator,Eversource,Eversource Energy,alias,high,,REFS_ADDED,
rewritten,batches/united-states-gas/staging/deepsweep-s2-northeast-alaska,batches/united-states-gas/staging/deepsweep-s2-northeast-alaska/staged_resolutions.json,resolutions,P5832,4569,Operator,"Texas Eastern Transmission, LP",Texas Eastern Transmission LP,rules,medium,form_punctuation,REFS_ADDED,
rewritten,batches/united-states-gas/staging/deepsweep-s2-northeast-alaska,batches/united-states-gas/staging/deepsweep-s2-northeast-alaska/staged_resolutions.json,resolutions,P6011,3462,Operator,"Algonquin Gas Transmission, LLC",Algonquin Gas Transmission LLC,rules,medium,form_punctuation,REFS_ADDED,
rewritten,batches/united-states-gas/staging/deepsweep-s2-northeast-alaska,batches/united-states-gas/staging/deepsweep-s2-northeast-alaska/staged_resolutions.json,resolutions,P6011,3462,Owner1,Enbridge Inc.,Enbridge Inc,exact,high,,REFS_ADDED,
rewritten,batches/united-states-gas/staging/deepsweep-s2-northeast-alaska,batches/united-states-gas/staging/deepsweep-s2-northeast-alaska/staged_resolutions.json,resolutions,P6534,3512,Owner1,"Glenfarne Alaska LNG, LLC",Glenfarne Alaska LNG LLC,rules,medium,form_punctuation,REFS_ADDED,
rewritten,batches/united-states-gas/staging/deepsweep-s2-northeast-alaska,batches/united-states-gas/staging/deepsweep-s2-northeast-alaska/staged_resolutions.json,resolutions,P7455,3841,Operator,"Harvest Alaska, LLC",Harvest Alaska LLC,rules,medium,form_punctuation,REFS_ADDED,
rewritten,batches/united-states-gas/staging/deepsweep-s2-northeast-alaska,batches/united-states-gas/staging/deepsweep-s2-northeast-alaska/staged_resolutions.json,resolutions,P7455,3841,Owner1,"Hilcorp Alaska, LLC",Hilcorp Alaska LLC,exact,high,,REFS_ADDED,
rewritten,batches/united-states-gas/staging/deepsweep-s2-northeast-alaska,batches/united-states-gas/staging/deepsweep-s2-northeast-alaska/rows/P0309.json,fills,P0309,159,Operator,"Adelphia Gateway, LLC",Adelphia Gateway LLC,rules,medium,form_punctuation,REFS_ADDED,
rewritten,batches/united-states-gas/staging/deepsweep-s2-northeast-alaska,batches/united-states-gas/staging/deepsweep-s2-northeast-alaska/rows/P4454.json,fills,P4454,2366,Operator,Equitrans Midstream Corporation,Equitrans Midstream Corp,alias,high,,REFS_ADDED,
rewritten,batches/united-states-gas/staging/deepsweep-s2-northeast-alaska,batches/united-states-gas/staging/deepsweep-s2-northeast-alaska/rows/P5545.json,fills,P5545,3062,Operator,Eversource,Eversource Energy,alias,high,,REFS_ADDED,
rewritten,batches/united-states-gas/staging/deepsweep-s2-northeast-alaska,batches/united-states-gas/staging/deepsweep-s2-northeast-alaska/rows/P5832.json,fills,P5832,4569,Operator,"Texas Eastern Transmission, LP",Texas Eastern Transmission LP,rules,medium,form_punctuation,REFS_ADDED,
rewritten,batches/united-states-gas/staging/deepsweep-s2-northeast-alaska,batches/united-states-gas/staging/deepsweep-s2-northeast-alaska/rows/P6011.json,fills,P6011,3462,Operator,"Algonquin Gas Transmission, LLC",Algonquin Gas Transmission LLC,rules,medium,form_punctuation,REFS_ADDED,
rewritten,batches/united-states-gas/staging/deepsweep-s2-northeast-alaska,batches/united-states-gas/staging/deepsweep-s2-northeast-alaska/rows/P6011.json,fills,P6011,3462,Owner1,Enbridge Inc.,Enbridge Inc,exact,high,,REFS_ADDED,
rewritten,batches/united-states-gas/staging/deepsweep-s2-northeast-alaska,batches/united-states-gas/staging/deepsweep-s2-northeast-alaska/rows/P6534.json,fills,P6534,3512,Owner1,"Glenfarne Alaska LNG, LLC",Glenfarne Alaska LNG LLC,rules,medium,form_punctuation,REFS_ADDED,
rewritten,batches/united-states-gas/staging/deepsweep-s2-northeast-alaska,batches/united-states-gas/staging/deepsweep-s2-northeast-alaska/rows/P7455.json,fills,P7455,3841,Operator,"Harvest Alaska, LLC",Harvest Alaska LLC,rules,medium,form_punctuation,REFS_ADDED,
rewritten,batches/united-states-gas/staging/deepsweep-s2-northeast-alaska,batches/united-states-gas/staging/deepsweep-s2-northeast-alaska/rows/P7455.json,fills,P7455,3841,Owner1,"Hilcorp Alaska, LLC",Hilcorp Alaska LLC,exact,high,,REFS_ADDED,
rewritten,batches/united-states-gas/staging/deepsweep-s2-tx-midcon-operating,batches/united-states-gas/staging/deepsweep-s2-tx-midcon-operating/staged_resolutions.json,resolutions,P0277,130,Owner1,Enbridge,Enbridge Inc,alias,high,,UNRESOLVED,
rewritten,batches/united-states-gas/staging/deepsweep-s2-tx-midcon-operating,batches/united-states-gas/staging/deepsweep-s2-tx-midcon-operating/staged_resolutions.json,resolutions,P3184,1675,Operator,Alliance Pipeline L.P.,Alliance Pipeline LP,rules,medium,form_punctuation,REFS_ADDED,
rewritten,batches/united-states-gas/staging/deepsweep-s2-tx-midcon-operating,batches/united-states-gas/staging/deepsweep-s2-tx-midcon-operating/staged_resolutions.json,resolutions,P7852,4232,Owner2,Targa Resources,Targa Resources Corp,stem,medium,form_from_gazetteer,UNRESOLVED,
rewritten,batches/united-states-gas/staging/deepsweep-s2-tx-midcon-operating,batches/united-states-gas/staging/deepsweep-s2-tx-midcon-operating/staged_resolutions.json,resolutions,P7852,4232,Owner3,Targa Resources,Targa Resources Corp,stem,medium,form_from_gazetteer,UNRESOLVED,
rewritten,batches/united-states-gas/staging/deepsweep-s2-tx-midcon-operating,batches/united-states-gas/staging/deepsweep-s2-tx-midcon-operating/staged_resolutions.json,resolutions,P7852,4232,Owner4,Targa Resources,Targa Resources Corp,stem,medium,form_from_gazetteer,UNRESOLVED,
rewritten,batches/united-states-gas/staging/deepsweep-s2-tx-midcon-operating,batches/united-states-gas/staging/deepsweep-s2-tx-midcon-operating/staged_resolutions.json,resolutions,P7852,4232,Owner5,Targa Resources,Targa Resources Corp,stem,medium,form_from_gazetteer,UNRESOLVED,
rewritten,batches/united-states-gas/staging/deepsweep-s2-tx-midcon-operating,batches/united-states-gas/staging/deepsweep-s2-tx-midcon-operating/staged_resolutions.json,resolutions,P7852,4232,Owner6,Targa Resources,Targa Resources Corp,stem,medium,form_from_gazetteer,UNRESOLVED,
rewritten,batches/united-states-gas/staging/deepsweep-s2-tx-midcon-operating,batches/united-states-gas/staging/deepsweep-s2-tx-midcon-operating/staged_resolutions.json,resolutions,P7852,4232,Owner7,Targa Resources,Targa Resources Corp,stem,medium,form_from_gazetteer,UNRESOLVED,
rewritten,batches/united-states-gas/staging/deepsweep-s2-tx-midcon-operating,batches/united-states-gas/staging/deepsweep-s2-tx-midcon-operating/staged_resolutions.json,resolutions,P7852,4232,Owner8,Targa Resources,Targa Resources Corp,stem,medium,form_from_gazetteer,UNRESOLVED,
rewritten,batches/united-states-gas/staging/deepsweep-s2-tx-midcon-operating,batches/united-states-gas/staging/deepsweep-s2-tx-midcon-operating/staged_resolutions.json,resolutions,P7852,4232,Owner9,Targa Resources,Targa Resources Corp,stem,medium,form_from_gazetteer,UNRESOLVED,
rewritten,batches/united-states-gas/staging/deepsweep-s2-tx-midcon-operating,batches/united-states-gas/staging/deepsweep-s2-tx-midcon-operating/staged_resolutions.json,resolutions,P7852,4232,Owner10,Targa Resources,Targa Resources Corp,stem,medium,form_from_gazetteer,UNRESOLVED,
rewritten,batches/united-states-gas/staging/deepsweep-s2-tx-midcon-operating,batches/united-states-gas/staging/deepsweep-s2-tx-midcon-operating/staged_resolutions.json,resolutions,P7852,4232,Owner11,Targa Resources,Targa Resources Corp,stem,medium,form_from_gazetteer,UNRESOLVED,
rewritten,batches/united-states-gas/staging/deepsweep-s2-tx-midcon-operating,batches/united-states-gas/staging/deepsweep-s2-tx-midcon-operating/rows/P3184.json,fills,P3184,1675,Operator,Alliance Pipeline L.P.,Alliance Pipeline LP,rules,medium,form_punctuation,REFS_ADDED,
rewritten,batches/united-states-gas/staging/deepsweep-s2-tx-midcon-operating,batches/united-states-gas/staging/deepsweep-s2-tx-midcon-operating/rows/P7852.json,fills,P7852,4232,Owner2,Targa Resources,Targa Resources Corp,stem,medium,form_from_gazetteer,UNRESOLVED,
rewritten,batches/united-states-gas/staging/deepsweep-s2-tx-midcon-operating,batches/united-states-gas/staging/deepsweep-s2-tx-midcon-operating/rows/P7852.json,fills,P7852,4232,Owner3,Targa Resources,Targa Resources Corp,stem,medium,form_from_gazetteer,UNRESOLVED,
rewritten,batches/united-states-gas/staging/deepsweep-s2-tx-midcon-operating,batches/united-states-gas/staging/deepsweep-s2-tx-midcon-operating/rows/P7852.json,fills,P7852,4232,Owner4,Targa Resources,Targa Resources Corp,stem,medium,form_from_gazetteer,UNRESOLVED,
rewritten,batches/united-states-gas/staging/deepsweep-s2-tx-midcon-operating,batches/united-states-gas/staging/deepsweep-s2-tx-midcon-operating/rows/P7852.json,fills,P7852,4232,Owner5,Targa Resources,Targa Resources Corp,stem,medium,form_from_gazetteer,UNRESOLVED,
rewritten,batches/united-states-gas/staging/deepsweep-s2-tx-midcon-operating,batches/united-states-gas/staging/deepsweep-s2-tx-midcon-operating/rows/P7852.json,fills,P7852,4232,Owner6,Targa Resources,Targa Resources Corp,stem,medium,form_from_gazetteer,UNRESOLVED,
rewritten,batches/united-states-gas/staging/deepsweep-s2-tx-midcon-operating,batches/united-states-gas/staging/deepsweep-s2-tx-midcon-operating/rows/P7852.json,fills,P7852,4232,Owner7,Targa Resources,Targa Resources Corp,stem,medium,form_from_gazetteer,UNRESOLVED,
rewritten,batches/united-states-gas/staging/deepsweep-s2-tx-midcon-operating,batches/united-states-gas/staging/deepsweep-s2-tx-midcon-operating/rows/P7852.json,fills,P7852,4232,Owner8,Targa Resources,Targa Resources Corp,stem,medium,form_from_gazetteer,UNRESOLVED,
rewritten,batches/united-states-gas/staging/deepsweep-s2-tx-midcon-operating,batches/united-states-gas/staging/deepsweep-s2-tx-midcon-operating/rows/P7852.json,fills,P7852,4232,Owner9,Targa Resources,Targa Resources Corp,stem,medium,form_from_gazetteer,UNRESOLVED,
rewritten,batches/united-states-gas/staging/deepsweep-s2-tx-midcon-operating,batches/united-states-gas/staging/deepsweep-s2-tx-midcon-operating/rows/P7852.json,fills,P7852,4232,Owner10,Targa Resources,Targa Resources Corp,stem,medium,form_from_gazetteer,UNRESOLVED,
rewritten,batches/united-states-gas/staging/deepsweep-s2-tx-midcon-operating,batches/united-states-gas/staging/deepsweep-s2-tx-midcon-operating/rows/P7852.json,fills,P7852,4232,Owner11,Targa Resources,Targa Resources Corp,stem,medium,form_from_gazetteer,UNRESOLVED,
rewritten,batches/united-states-gas/staging/deepsweep-s2-west,batches/united-states-gas/staging/deepsweep-s2-west/staged_resolutions.json,resolutions,P2626,1354,Operator,"Trail West Pipeline, LLC",Trail West Pipeline LLC,rules,medium,form_punctuation,REFS_ADDED,
rewritten,batches/united-states-gas/staging/deepsweep-s2-west,batches/united-states-gas/staging/deepsweep-s2-west/staged_resolutions.json,resolutions,P2626,1354,Owner2,TC Energy,TC Energy Corp,alias,high,,REFS_ADDED,
rewritten,batches/united-states-gas/staging/deepsweep-s2-west,batches/united-states-gas/staging/deepsweep-s2-west/staged_resolutions.json,resolutions,P3171,1668,Operator,TC Energy,TC Energy Corp,alias,high,,REFS_ADDED,
rewritten,batches/united-states-gas/staging/deepsweep-s2-west,batches/united-states-gas/staging/deepsweep-s2-west/staged_resolutions.json,resolutions,P6250,3508,Operator,Pacific Gas and Electric Company,Pacific Gas and Electric Co,exact,high,form_long,REFS_ADDED,
rewritten,batches/united-states-gas/staging/deepsweep-s2-west,batches/united-states-gas/staging/deepsweep-s2-west/staged_resolutions.json,resolutions,P6250,3508,Owner1,PG&E Corporation,PG&E Corp,exact,high,form_long,REFS_ADDED,
rewritten,batches/united-states-gas/staging/deepsweep-s2-west,batches/united-states-gas/staging/deepsweep-s2-west/staged_resolutions.json,resolutions,P7109,3777,Operator,"Carlsbad Gateway, LLC",Carlsbad Gateway LLC,rules,medium,form_punctuation,REFS_ADDED,
rewritten,batches/united-states-gas/staging/deepsweep-s2-west,batches/united-states-gas/staging/deepsweep-s2-west/staged_resolutions.json,resolutions,P7109,3777,Owner1,"WhiteWater Midstream, LLC",WhiteWater Midstream LLC,rules,medium,form_punctuation,REFS_ADDED,
rewritten,batches/united-states-gas/staging/deepsweep-s2-west,batches/united-states-gas/staging/deepsweep-s2-west/staged_resolutions.json,resolutions,P7859,4239,Operator,Great Basin Gas Transmission Company,Great Basin Gas Transmission Co,rules,medium,form_long,REFS_ADDED,
rewritten,batches/united-states-gas/staging/deepsweep-s2-west,batches/united-states-gas/staging/deepsweep-s2-west/staged_resolutions.json,resolutions,P7859,4239,Owner1,Southwest Gas Corporation,Southwest Gas Corp,rules,medium,form_long,REFS_ADDED,
rewritten,batches/united-states-gas/staging/deepsweep-s2-west,batches/united-states-gas/staging/deepsweep-s2-west/staged_resolutions.json,resolutions,P7860,4240,Operator,Great Basin Gas Transmission Company,Great Basin Gas Transmission Co,rules,medium,form_long,REFS_ADDED,
rewritten,batches/united-states-gas/staging/deepsweep-s2-west,batches/united-states-gas/staging/deepsweep-s2-west/staged_resolutions.json,resolutions,P7860,4240,Owner1,Southwest Gas Corporation,Southwest Gas Corp,rules,medium,form_long,REFS_ADDED,
rewritten,batches/united-states-gas/staging/deepsweep-s2-west,batches/united-states-gas/staging/deepsweep-s2-west/rows/P2626.json,fills,P2626,1354,Operator,"Trail West Pipeline, LLC",Trail West Pipeline LLC,rules,medium,form_punctuation,REFS_ADDED,
rewritten,batches/united-states-gas/staging/deepsweep-s2-west,batches/united-states-gas/staging/deepsweep-s2-west/rows/P2626.json,fills,P2626,1354,Owner2,TC Energy,TC Energy Corp,alias,high,,REFS_ADDED,
rewritten,batches/united-states-gas/staging/deepsweep-s2-west,batches/united-states-gas/staging/deepsweep-s2-west/rows/P3171.json,fills,P3171,1668,Operator,TC Energy,TC Energy Corp,alias,high,,REFS_ADDED,
rewritten,batches/united-states-gas/staging/deepsweep-s2-west,batches/united-states-gas/staging/deepsweep-s2-west/rows/P6250.json,fills,P6250,3508,Operator,Pacific Gas and Electric Company,Pacific Gas and Electric Co,exact,high,form_long,REFS_ADDED,
rewritten,batches/united-states-gas/staging/deepsweep-s2-west,batches/united-states-gas/staging/deepsweep-s2-west/rows/P6250.json,fills,P6250,3508,Owner1,PG&E Corporation,PG&E Corp,exact,high,form_long,REFS_ADDED,
rewritten,batches/united-states-gas/staging/deepsweep-s2-west,batches/united-states-gas/staging/deepsweep-s2-west/rows/P7109.json,fills,P7109,3777,Operator,"Carlsbad Gateway, LLC",Carlsbad Gateway LLC,rules,medium,form_punctuation,REFS_ADDED,
rewritten,batches/united-states-gas/staging/deepsweep-s2-west,batches/united-states-gas/staging/deepsweep-s2-west/rows/P7109.json,fills,P7109,3777,Owner1,"WhiteWater Midstream, LLC",WhiteWater Midstream LLC,rules,medium,form_punctuation,REFS_ADDED,
rewritten,batches/united-states-gas/staging/deepsweep-s2-west,batches/united-states-gas/staging/deepsweep-s2-west/rows/P7859.json,fills,P7859,4239,Operator,Great Basin Gas Transmission Company,Great Basin Gas Transmission Co,rules,medium,form_long,REFS_ADDED,
rewritten,batches/united-states-gas/staging/deepsweep-s2-west,batches/united-states-gas/staging/deepsweep-s2-west/rows/P7859.json,fills,P7859,4239,Owner1,Southwest Gas Corporation,Southwest Gas Corp,rules,medium,form_long,REFS_ADDED,
rewritten,batches/united-states-gas/staging/deepsweep-s2-west,batches/united-states-gas/staging/deepsweep-s2-west/rows/P7860.json,fills,P7860,4240,Operator,Great Basin Gas Transmission Company,Great Basin Gas Transmission Co,rules,medium,form_long,REFS_ADDED,
rewritten,batches/united-states-gas/staging/deepsweep-s2-west,batches/united-states-gas/staging/deepsweep-s2-west/rows/P7860.json,fills,P7860,4240,Owner1,Southwest Gas Corporation,Southwest Gas Corp,rules,medium,form_long,REFS_ADDED,
rewritten,batches/united-states-gas/staging/deepsweep-west-operating,batches/united-states-gas/staging/deepsweep-west-operating/staged_resolutions.json,resolutions,P3585,1819,Operator,"WBI Energy Transmission, Inc.",WBI Energy Transmission Inc,rules,medium,form_punctuation,REFS_ADDED,
rewritten,batches/united-states-gas/staging/deepsweep-west-operating,batches/united-states-gas/staging/deepsweep-west-operating/staged_resolutions.json,resolutions,P0166,27,Operator,"Kinder Morgan, Inc.",Kinder Morgan Inc,exact,high,,REFS_ADDED,
rewritten,batches/united-states-gas/staging/deepsweep-west-operating,batches/united-states-gas/staging/deepsweep-west-operating/staged_resolutions.json,resolutions,P0194,53,Operator,TC Energy,TC Energy Corp,alias,high,,REFS_ADDED,
rewritten,batches/united-states-gas/staging/deepsweep-west-operating,batches/united-states-gas/staging/deepsweep-west-operating/staged_resolutions.json,resolutions,P0207,65,Operator,Kern River Gas Transmission Company,Kern River Gas Transmission Co,rules,medium,form_long,REFS_ADDED,
rewritten,batches/united-states-gas/staging/deepsweep-west-operating,batches/united-states-gas/staging/deepsweep-west-operating/staged_resolutions.json,resolutions,P0219,205,Operator,"Mojave Pipeline Operating Company, LLC",Mojave Pipeline Operating Company LLC,rules,medium,form_punctuation,REFS_ADDED,
rewritten,batches/united-states-gas/staging/deepsweep-west-operating,batches/united-states-gas/staging/deepsweep-west-operating/staged_resolutions.json,resolutions,P0222,79,Operator,Kinder Morgan,Kinder Morgan Inc,alias,high,,REFS_ADDED,
rewritten,batches/united-states-gas/staging/deepsweep-west-operating,batches/united-states-gas/staging/deepsweep-west-operating/staged_resolutions.json,resolutions,P0248,101,Operator,"Ruby Pipeline, L.L.C.",Ruby Pipeline LLC,rules,medium,form_punctuation,REFS_ADDED,
rewritten,batches/united-states-gas/staging/deepsweep-west-operating,batches/united-states-gas/staging/deepsweep-west-operating/staged_resolutions.json,resolutions,P0273,126,Operator,"Transwestern Pipeline Company, LLC",Transwestern Pipeline Company LLC,rules,medium,form_punctuation,REFS_ADDED,
rewritten,batches/united-states-gas/staging/deepsweep-west-operating,batches/united-states-gas/staging/deepsweep-west-operating/staged_resolutions.json,resolutions,P0278,131,Operator,DT Midstream,DT Midstream Inc,alias,high,,REFS_ADDED,
rewritten,batches/united-states-gas/staging/deepsweep-west-operating,batches/united-states-gas/staging/deepsweep-west-operating/staged_resolutions.json,resolutions,P0281,134,Operator,"WBI Energy Transmission, Inc.",WBI Energy Transmission Inc,rules,medium,form_punctuation,REFS_ADDED,
rewritten,batches/united-states-gas/staging/deepsweep-west-operating,batches/united-states-gas/staging/deepsweep-west-operating/staged_resolutions.json,resolutions,P0306,156,Operator,Montana-Dakota Utilities Co.,Montana-Dakota Utilities Co,exact,high,,REFS_ADDED,
rewritten,batches/united-states-gas/staging/deepsweep-west-operating,batches/united-states-gas/staging/deepsweep-west-operating/staged_resolutions.json,resolutions,P0359,182,Operator,Tallgrass Energy,Tallgrass Energy LP,alias,high,,REFS_ADDED,
rewritten,batches/united-states-gas/staging/deepsweep-west-operating,batches/united-states-gas/staging/deepsweep-west-operating/staged_resolutions.json,resolutions,P2099,1110,Operator,Northern Border Pipeline Company,Northern Border Pipeline Co,rules,medium,form_long,REFS_ADDED,
rewritten,batches/united-states-gas/staging/deepsweep-west-operating,batches/united-states-gas/staging/deepsweep-west-operating/staged_resolutions.json,resolutions,P2517,1294,Operator,"Tallgrass NatGas Operator, LLC",Tallgrass NatGas Operator LLC,rules,medium,form_punctuation,REFS_ADDED,
rewritten,batches/united-states-gas/staging/deepsweep-west-operating,batches/united-states-gas/staging/deepsweep-west-operating/staged_resolutions.json,resolutions,P2573,1970,Operator,Northwest Natural Gas Company,Northwest Natural Gas Co,rules,medium,form_long,REFS_ADDED,
rewritten,batches/united-states-gas/staging/deepsweep-west-operating,batches/united-states-gas/staging/deepsweep-west-operating/staged_resolutions.json,resolutions,P2614,1348,Operator,Kinder Morgan,Kinder Morgan Inc,alias,high,,REFS_ADDED,
rewritten,batches/united-states-gas/staging/deepsweep-west-operating,batches/united-states-gas/staging/deepsweep-west-operating/staged_resolutions.json,resolutions,P2615,1349,Operator,Kinder Morgan,Kinder Morgan Inc,alias,high,,REFS_ADDED,
rewritten,batches/united-states-gas/staging/deepsweep-west-operating,batches/united-states-gas/staging/deepsweep-west-operating/staged_resolutions.json,resolutions,P3170,2419,Operator,New Mexico Gas Company,New Mexico Gas Co,rules,medium,form_long,REFS_ADDED,
rewritten,batches/united-states-gas/staging/deepsweep-west-operating,batches/united-states-gas/staging/deepsweep-west-operating/staged_resolutions.json,resolutions,P3601,1826,Operator,Tuscarora Gas Transmission Company,Tuscarora Gas Transmission Co,rules,medium,form_long,REFS_ADDED,
rewritten,batches/united-states-gas/staging/deepsweep-west-operating,batches/united-states-gas/staging/deepsweep-west-operating/rows/P0166.json,fills,P0166,27,Operator,"Kinder Morgan, Inc.",Kinder Morgan Inc,exact,high,,REFS_ADDED,
rewritten,batches/united-states-gas/staging/deepsweep-west-operating,batches/united-states-gas/staging/deepsweep-west-operating/rows/P0194.json,fills,P0194,53,Operator,TC Energy,TC Energy Corp,alias,high,,REFS_ADDED,
rewritten,batches/united-states-gas/staging/deepsweep-west-operating,batches/united-states-gas/staging/deepsweep-west-operating/rows/P0207.json,fills,P0207,65,Operator,Kern River Gas Transmission Company,Kern River Gas Transmission Co,rules,medium,form_long,REFS_ADDED,
rewritten,batches/united-states-gas/staging/deepsweep-west-operating,batches/united-states-gas/staging/deepsweep-west-operating/rows/P0219.json,fills,P0219,205,Operator,"Mojave Pipeline Operating Company, LLC",Mojave Pipeline Operating Company LLC,rules,medium,form_punctuation,REFS_ADDED,
rewritten,batches/united-states-gas/staging/deepsweep-west-operating,batches/united-states-gas/staging/deepsweep-west-operating/rows/P0222.json,fills,P0222,79,Operator,Kinder Morgan,Kinder Morgan Inc,alias,high,,REFS_ADDED,
rewritten,batches/united-states-gas/staging/deepsweep-west-operating,batches/united-states-gas/staging/deepsweep-west-operating/rows/P0248.json,fills,P0248,101,Operator,"Ruby Pipeline, L.L.C.",Ruby Pipeline LLC,rules,medium,form_punctuation,REFS_ADDED,
rewritten,batches/united-states-gas/staging/deepsweep-west-operating,batches/united-states-gas/staging/deepsweep-west-operating/rows/P0273.json,fills,P0273,126,Operator,"Transwestern Pipeline Company, LLC",Transwestern Pipeline Company LLC,rules,medium,form_punctuation,REFS_ADDED,
rewritten,batches/united-states-gas/staging/deepsweep-west-operating,batches/united-states-gas/staging/deepsweep-west-operating/rows/P0278.json,fills,P0278,131,Operator,DT Midstream,DT Midstream Inc,alias,high,,REFS_ADDED,
rewritten,batches/united-states-gas/staging/deepsweep-west-operating,batches/united-states-gas/staging/deepsweep-west-operating/rows/P0281.json,fills,P0281,134,Operator,"WBI Energy Transmission, Inc.",WBI Energy Transmission Inc,rules,medium,form_punctuation,REFS_ADDED,
rewritten,batches/united-states-gas/staging/deepsweep-west-operating,batches/united-states-gas/staging/deepsweep-west-operating/rows/P0306.json,fills,P0306,156,Operator,Montana-Dakota Utilities Co.,Montana-Dakota Utilities Co,exact,high,,REFS_ADDED,
rewritten,batches/united-states-gas/staging/deepsweep-west-operating,batches/united-states-gas/staging/deepsweep-west-operating/rows/P0359.json,fills,P0359,182,Operator,Tallgrass Energy,Tallgrass Energy LP,alias,high,,REFS_ADDED,
rewritten,batches/united-states-gas/staging/deepsweep-west-operating,batches/united-states-gas/staging/deepsweep-west-operating/rows/P2099.json,fills,P2099,1110,Operator,Northern Border Pipeline Company,Northern Border Pipeline Co,rules,medium,form_long,REFS_ADDED,
rewritten,batches/united-states-gas/staging/deepsweep-west-operating,batches/united-states-gas/staging/deepsweep-west-operating/rows/P2517.json,fills,P2517,1294,Operator,"Tallgrass NatGas Operator, LLC",Tallgrass NatGas Operator LLC,rules,medium,form_punctuation,REFS_ADDED,
rewritten,batches/united-states-gas/staging/deepsweep-west-operating,batches/united-states-gas/staging/deepsweep-west-operating/rows/P2573.json,fills,P2573,1970,Operator,Northwest Natural Gas Company,Northwest Natural Gas Co,rules,medium,form_long,REFS_ADDED,
rewritten,batches/united-states-gas/staging/deepsweep-west-operating,batches/united-states-gas/staging/deepsweep-west-operating/rows/P2614.json,fills,P2614,1348,Operator,Kinder Morgan,Kinder Morgan Inc,alias,high,,REFS_ADDED,
rewritten,batches/united-states-gas/staging/deepsweep-west-operating,batches/united-states-gas/staging/deepsweep-west-operating/rows/P2615.json,fills,P2615,1349,Operator,Kinder Morgan,Kinder Morgan Inc,alias,high,,REFS_ADDED,
rewritten,batches/united-states-gas/staging/deepsweep-west-operating,batches/united-states-gas/staging/deepsweep-west-operating/rows/P3170.json,fills,P3170,2419,Operator,New Mexico Gas Company,New Mexico Gas Co,rules,medium,form_long,REFS_ADDED,
rewritten,batches/united-states-gas/staging/deepsweep-west-operating,batches/united-states-gas/staging/deepsweep-west-operating/rows/P3601.json,fills,P3601,1826,Operator,Tuscarora Gas Transmission Company,Tuscarora Gas Transmission Co,rules,medium,form_long,REFS_ADDED,
rewritten,batches/united-states-gas/staging/qc,batches/united-states-gas/staging/qc/rows/P0161.json,fills,P0161,,Operator,Energy Transfer,Energy Transfer LP,alias,high,,REFS_ADDED,
rewritten,batches/united-states-gas/staging/qc,batches/united-states-gas/staging/qc/rows/P0180.json,fills,P0180,,Operator,Energy Transfer,Energy Transfer LP,alias,high,,REFS_ADDED,
rewritten,batches/united-states-gas/staging/qc,batches/united-states-gas/staging/qc/rows/P0184.json,fills,P0184,,Operator,El Paso Natural Gas Company,El Paso Natural Gas Co,rules,medium,form_long,REFS_ADDED,
rewritten,batches/united-states-gas/staging/qc,batches/united-states-gas/staging/qc/rows/P0203.json,fills,P0203,,Operator,Energy Transfer,Energy Transfer LP,alias,high,,REFS_ADDED,
rewritten,batches/united-states-gas/staging/qc,batches/united-states-gas/staging/qc/rows/P0245.json,fills,P0245,,Operator,"Rio Bravo Pipeline Company, LLC",Rio Bravo Pipeline Company LLC,rules,medium,form_punctuation,REFS_ADDED,
rewritten,batches/united-states-gas/staging/qc,batches/united-states-gas/staging/qc/rows/P0250.json,fills,P0250,,Operator,EnLink Midstream,EnLink Midstream LLC,alias,high,,REFS_ADDED,
rewritten,batches/united-states-gas/staging/qc,batches/united-states-gas/staging/qc/rows/P0271.json,fills,P0271,,Operator,"Transcontinental Gas Pipe Line Company, LLC",Transcontinental Gas Pipe Line Company LLC,rules,medium,form_punctuation,REFS_ADDED,
rewritten,batches/united-states-gas/staging/qc,batches/united-states-gas/staging/qc/rows/P0276.json,fills,P0276,,Operator,"Valley Crossing Pipeline, LLC",Valley Crossing Pipeline LLC,rules,medium,form_punctuation,REFS_ADDED,
rewritten,batches/united-states-gas/staging/qc,batches/united-states-gas/staging/qc/rows/P2577.json,fills,P2577,,Operator,El Paso Natural Gas Company,El Paso Natural Gas Co,rules,medium,form_long,REFS_ADDED,
rewritten,batches/united-states-gas/staging/qc,batches/united-states-gas/staging/qc/rows/P2601.json,fills,P2601,,Operator,"Roadrunner Gas Transmission, LLC",Roadrunner Gas Transmission LLC,rules,medium,form_punctuation,REFS_ADDED,
rewritten,batches/united-states-gas/staging/qc,batches/united-states-gas/staging/qc/rows/P3296.json,fills,P3296,,Operator,"Transcontinental Gas Pipe Line Company, LLC",Transcontinental Gas Pipe Line Company LLC,rules,medium,form_punctuation,REFS_ADDED,
rewritten,batches/united-states-gas/staging/qc,batches/united-states-gas/staging/qc/rows/P3666.json,fills,P3666,,Operator,"Freeport LNG Development, L.P.",Freeport LNG Development LP,exact,high,form_punctuation,REFS_ADDED,
rewritten,batches/united-states-gas/staging/qc,batches/united-states-gas/staging/qc/rows/P3667.json,fills,P3667,,Operator,"Valley Crossing Pipeline, LLC",Valley Crossing Pipeline LLC,rules,medium,form_punctuation,REFS_ADDED,
rewritten,batches/united-states-gas/staging/qc,batches/united-states-gas/staging/qc/rows/P3669.json,fills,P3669,,Operator,"Transcontinental Gas Pipe Line Company, LLC",Transcontinental Gas Pipe Line Company LLC,rules,medium,form_punctuation,REFS_ADDED,
rewritten,batches/united-states-gas/staging/qc,batches/united-states-gas/staging/qc/rows/P3969.json,fills,P3969,,Operator,"Valley Crossing Pipeline, LLC",Valley Crossing Pipeline LLC,rules,medium,form_punctuation,REFS_ADDED,
rewritten,batches/united-states-gas/staging/qc,batches/united-states-gas/staging/qc/rows/P4040.json,fills,P4040,,Operator,Energy Transfer,Energy Transfer LP,alias,high,,REFS_ADDED,
rewritten,batches/united-states-gas/staging/qc,batches/united-states-gas/staging/qc/rows/P5114.json,fills,P5114,,Operator,DT Midstream,DT Midstream Inc,alias,high,,REFS_ADDED,
rewritten,batches/united-states-gas/staging/qc,batches/united-states-gas/staging/qc/rows/P6773.json,fills,P6773,,Operator,DT Midstream,DT Midstream Inc,alias,high,,REFS_ADDED,
left,batches/egypt-gas/staging/qc,batches/egypt-gas/staging/qc/staged_resolutions.json,resolutions,P6033,3880,Operator,GASCO (Egyptian Natural Gas Company),Egyptian Natural Gas Co,exact,high,"acronym_lead,acronym_not_initials,form_long",REFS_ADDED,acronym_not_initials
left,batches/egypt-gas/staging/qc,batches/egypt-gas/staging/qc/staged_resolutions.json,resolutions,P6699,3981,Operator,Egyptian Natural Gas Company (Gasco),Egyptian Natural Gas Co,exact,high,"acronym_dropped,acronym_not_initials,form_long",REFS_ADDED,acronym_not_initials
left,batches/egypt-gas/staging/qc,batches/egypt-gas/staging/qc/rows/P6033.json,fills,P6033,3880,Operator,GASCO (Egyptian Natural Gas Company),Egyptian Natural Gas Co,exact,high,"acronym_lead,acronym_not_initials,form_long",REFS_ADDED,acronym_not_initials
left,batches/egypt-gas/staging/qc,batches/egypt-gas/staging/qc/rows/P6699.json,fills,P6699,3981,Operator,Egyptian Natural Gas Company (Gasco),Egyptian Natural Gas Co,exact,high,"acronym_dropped,acronym_not_initials,form_long",REFS_ADDED,acronym_not_initials
left,batches/egypt-gas/staging/ref-sweep-operating,batches/egypt-gas/staging/ref-sweep-operating/staged_resolutions.json,resolutions,P3343,3286,Operator,Egyptian Natural Gas Company (GASCO),Egyptian Natural Gas Co,exact,high,"acronym_dropped,acronym_not_initials,form_long",REFS_ADDED,acronym_not_initials
left,batches/egypt-gas/staging/ref-sweep-operating,batches/egypt-gas/staging/ref-sweep-operating/rows/P3343.json,fills,P3343,3286,Operator,Egyptian Natural Gas Company (GASCO),Egyptian Natural Gas Co,exact,high,"acronym_dropped,acronym_not_initials,form_long",REFS_ADDED,acronym_not_initials
left,batches/india-gas/staging/qc,batches/india-gas/staging/qc/staged_resolutions.json,resolutions,P0920,480,Operator,Pipeline Infrastructure Limited,Pipeline Infrastructure Ltd,rules,medium,"form_long,fuzzy_candidates",REFS_ADDED,fuzzy_candidates
left,batches/india-gas/staging/qc,batches/india-gas/staging/qc/staged_resolutions.json,resolutions,P0935,495,Operator,H-Energy Private Limited,H-Energy Pvt Ltd,rules,medium,"form_long,fuzzy_candidates",REFS_ADDED,fuzzy_candidates
left,batches/india-gas/staging/qc,batches/india-gas/staging/qc/staged_resolutions.json,resolutions,P3334,1742,Operator,H-Energy Private Limited,H-Energy Pvt Ltd,rules,medium,"form_long,fuzzy_candidates",REFS_ADDED,fuzzy_candidates
left,batches/india-gas/staging/qc,batches/india-gas/staging/qc/staged_resolutions.json,resolutions,P5412,3006,Operator,Indian Oil Corp (IOCL),Indian Oil Corp,rules,medium,"acronym_dropped,acronym_not_initials,form_conflict,fuzzy_candidates",REFS_ADDED,acronym_not_initials
left,batches/india-gas/staging/qc,batches/india-gas/staging/qc/rows/P0920.json,fills,P0920,,Operator,Pipeline Infrastructure Limited,Pipeline Infrastructure Ltd,rules,medium,"form_long,fuzzy_candidates",REFS_ADDED,fuzzy_candidates
left,batches/india-gas/staging/qc,batches/india-gas/staging/qc/rows/P0935.json,fills,P0935,,Operator,H-Energy Private Limited,H-Energy Pvt Ltd,rules,medium,"form_long,fuzzy_candidates",REFS_ADDED,fuzzy_candidates
left,batches/india-gas/staging/qc,batches/india-gas/staging/qc/rows/P3334.json,fills,P3334,,Operator,H-Energy Private Limited,H-Energy Pvt Ltd,rules,medium,"form_long,fuzzy_candidates",REFS_ADDED,fuzzy_candidates
left,batches/india-gas/staging/qc,batches/india-gas/staging/qc/rows/P5412.json,fills,P5412,,Operator,Indian Oil Corp (IOCL),Indian Oil Corp,rules,medium,"acronym_dropped,acronym_not_initials,form_conflict,fuzzy_candidates",REFS_ADDED,acronym_not_initials
left,batches/united-states-gas/staging/deepsweep-s2-appalachian-indev,batches/united-states-gas/staging/deepsweep-s2-appalachian-indev/staged_resolutions.json,resolutions,P5405,2995,Operator,Brooklyn Union Gas Company d/b/a National Grid NY (KEDNY),Brooklyn Union Gas Company d/b/a National Grid NY,rules,low,"acronym_dropped,acronym_not_initials,no_legal_form",REFS_ADDED,acronym_not_initials
left,batches/united-states-gas/staging/deepsweep-s2-appalachian-indev,batches/united-states-gas/staging/deepsweep-s2-appalachian-indev/staged_resolutions.json,resolutions,P6008,3460,Operator,National Fuel Gas Supply Corporation,National Fuel Gas Supply Corp,rules,medium,"form_long,alias_candidate",REFS_ADDED,alias_candidate
left,batches/united-states-gas/staging/deepsweep-s2-appalachian-indev,batches/united-states-gas/staging/deepsweep-s2-appalachian-indev/staged_resolutions.json,resolutions,P7829,4209,Owner3,"NextEra Energy, Inc. (affiliate)",NextEra Energy Inc,exact,high,"acronym_dropped,acronym_not_initials,form_punctuation",REFS_ADDED,acronym_not_initials
left,batches/united-states-gas/staging/deepsweep-s2-appalachian-indev,batches/united-states-gas/staging/deepsweep-s2-appalachian-indev/staged_resolutions.json,resolutions,P7829,4209,Owner4,"Con Edison Gas Pipeline and Storage, LLC (affiliate)",Con Edison Gas Pipeline and Storage LLC,rules,medium,"acronym_dropped,acronym_not_initials,form_punctuation",REFS_ADDED,acronym_not_initials
left,batches/united-states-gas/staging/deepsweep-s2-appalachian-indev,batches/united-states-gas/staging/deepsweep-s2-appalachian-indev/staged_resolutions.json,resolutions,P7829,4209,Owner5,"AltaGas Ltd. / RGC Resources, Inc. (affiliates)",AltaGas Ltd. / RGC Resources Inc,rules,medium,"acronym_dropped,acronym_not_initials,form_punctuation",REFS_ADDED,acronym_not_initials
left,batches/united-states-gas/staging/deepsweep-s2-appalachian-indev,batches/united-states-gas/staging/deepsweep-s2-appalachian-indev/rows/P5405.json,fills,P5405,2995,Operator,Brooklyn Union Gas Company d/b/a National Grid NY (KEDNY),Brooklyn Union Gas Company d/b/a National Grid NY,rules,low,"acronym_dropped,acronym_not_initials,no_legal_form",REFS_ADDED,acronym_not_initials
left,batches/united-states-gas/staging/deepsweep-s2-appalachian-indev,batches/united-states-gas/staging/deepsweep-s2-appalachian-indev/rows/P6008.json,fills,P6008,3460,Operator,National Fuel Gas Supply Corporation,National Fuel Gas Supply Corp,rules,medium,"form_long,alias_candidate",REFS_ADDED,alias_candidate
left,batches/united-states-gas/staging/deepsweep-s2-appalachian-indev,batches/united-states-gas/staging/deepsweep-s2-appalachian-indev/rows/P7829.json,fills,P7829,4209,Owner3,"NextEra Energy, Inc. (affiliate)",NextEra Energy Inc,exact,high,"acronym_dropped,acronym_not_initials,form_punctuation",REFS_ADDED,acronym_not_initials
left,batches/united-states-gas/staging/deepsweep-s2-appalachian-indev,batches/united-states-gas/staging/deepsweep-s2-appalachian-indev/rows/P7829.json,fills,P7829,4209,Owner4,"Con Edison Gas Pipeline and Storage, LLC (affiliate)",Con Edison Gas Pipeline and Storage LLC,rules,medium,"acronym_dropped,acronym_not_initials,form_punctuation",REFS_ADDED,acronym_not_initials
left,batches/united-states-gas/staging/deepsweep-s2-appalachian-indev,batches/united-states-gas/staging/deepsweep-s2-appalachian-indev/rows/P7829.json,fills,P7829,4209,Owner5,"AltaGas Ltd. / RGC Resources, Inc. (affiliates)",AltaGas Ltd. / RGC Resources Inc,rules,medium,"acronym_dropped,acronym_not_initials,form_punctuation",REFS_ADDED,acronym_not_initials
left,batches/united-states-gas/staging/deepsweep-s2-northeast-alaska,batches/united-states-gas/staging/deepsweep-s2-northeast-alaska/staged_resolutions.json,resolutions,P6897,3736,Operator,"Equitrans, L.P.",Equitrans LP,rules,medium,"form_punctuation,alias_candidate",REFS_ADDED,alias_candidate
left,batches/united-states-gas/staging/deepsweep-s2-northeast-alaska,batches/united-states-gas/staging/deepsweep-s2-northeast-alaska/staged_resolutions.json,resolutions,P6897,3736,Owner1,"Equitrans, L.P.",Equitrans LP,rules,medium,"form_punctuation,alias_candidate",REFS_ADDED,alias_candidate
left,batches/united-states-gas/staging/deepsweep-s2-northeast-alaska,batches/united-states-gas/staging/deepsweep-s2-northeast-alaska/staged_resolutions.json,resolutions,P7458,3844,Operator,ENSTAR Natural Gas Company,ENSTAR Natural Gas Co,rules,medium,"form_long,fuzzy_candidates",REFS_ADDED,fuzzy_candidates
left,batches/united-states-gas/staging/deepsweep-s2-northeast-alaska,batches/united-states-gas/staging/deepsweep-s2-northeast-alaska/rows/P6897.json,fills,P6897,3736,Operator,"Equitrans, L.P.",Equitrans LP,rules,medium,"form_punctuation,alias_candidate",REFS_ADDED,alias_candidate
left,batches/united-states-gas/staging/deepsweep-s2-northeast-alaska,batches/united-states-gas/staging/deepsweep-s2-northeast-alaska/rows/P6897.json,fills,P6897,3736,Owner1,"Equitrans, L.P.",Equitrans LP,rules,medium,"form_punctuation,alias_candidate",REFS_ADDED,alias_candidate
left,batches/united-states-gas/staging/deepsweep-s2-northeast-alaska,batches/united-states-gas/staging/deepsweep-s2-northeast-alaska/rows/P7458.json,fills,P7458,3844,Operator,ENSTAR Natural Gas Company,ENSTAR Natural Gas Co,rules,medium,"form_long,fuzzy_candidates",REFS_ADDED,fuzzy_candidates
left,batches/united-states-gas/staging/deepsweep-s2-west,batches/united-states-gas/staging/deepsweep-s2-west/staged_resolutions.json,resolutions,P6233,3493,Operator,Southern California Gas Company,Southern California Gas Co,rules,medium,"form_long,fuzzy_candidates",REFS_ADDED,fuzzy_candidates
left,batches/united-states-gas/staging/deepsweep-s2-west,batches/united-states-gas/staging/deepsweep-s2-west/rows/P6233.json,fills,P6233,3493,Operator,Southern California Gas Company,Southern California Gas Co,rules,medium,"form_long,fuzzy_candidates",REFS_ADDED,fuzzy_candidates
