tab,column,cell,sheet_row,ProjectID,before,after
Pipeline operators/owners,Researcher,G151,151,P0161,,CB
Pipeline operators/owners,LastUpdated,H151,151,P0161,,46297
Pipeline operators/owners,Owner [ref],U151,151,P0161,,"https://www.sec.gov/Archives/edgar/data/1591763/000159176321000005/0001591763-21-000005.txt, https://rextag.com/pages/enable-gas-transmission"
Pipeline operators/owners,Researcher,G176,176,P0188,,CB
Pipeline operators/owners,LastUpdated,H176,176,P0188,,46297
Pipeline operators/owners,Operator [ref],Q176,176,P0188,,https://www.phmsa.dot.gov/sites/phmsa.dot.gov/files/2026-02/PHMSA%20CAO%20-%20Delfin%20Offshore%2042026028.pdf
Pipeline operators/owners,Operator,R176,176,P0188,,Delfin Offshore Pipeline LLC
Pipeline operators/owners,Owner [ref],U176,176,P0188,https://delfinmidstream.com/assets/,"https://delfinmidstream.com/assets/, https://www.ogj.com/pipelines-transportation/lng/article/14185153/delfin-completes-gulf-of-mexico-flng-feed"
Pipeline operators/owners,Researcher,G185,185,P0197,,CB
Pipeline operators/owners,LastUpdated,H185,185,P0197,,46297
Pipeline operators/owners,Operator [ref],Q185,185,P0197,,"https://www.annualreports.com/HostedData/AnnualReportArchive/b/NYSE_BWP_2012.pdf, https://www.federalregister.gov/documents/2013/08/30/2013-21198/gulf-south-pipeline-company-lp-petal"
Pipeline operators/owners,Operator,R185,185,P0197,,"Gulf South Pipeline Company, LP"
Pipeline operators/owners,Owner [ref],U185,185,P0197,,"https://www.annualreports.com/HostedData/AnnualReportArchive/b/NYSE_BWP_2012.pdf, https://loews.com/overview/default.aspx"
Pipeline operators/owners,Researcher,G188,188,P0200,,CB
Pipeline operators/owners,LastUpdated,H188,188,P0200,,46297
Pipeline operators/owners,Operator [ref],Q188,188,P0200,,https://rextag.com/pages/high-island-offshore-system
Pipeline operators/owners,Operator,R188,188,P0200,,"High Island Offshore System, LLC"
Pipeline operators/owners,Owner [ref],U188,188,P0200,https://www.genesisenergy.com/operations/offshore-pipelines/high-island-offshore-system,"https://www.genesisenergy.com/operations/offshore-pipelines/high-island-offshore-system, https://rextag.com/pages/high-island-offshore-system"
Pipeline operators/owners,Researcher,G217,217,P0234,,CB
Pipeline operators/owners,LastUpdated,H217,217,P0234,,46297
Pipeline operators/owners,Owner [ref],U217,217,P0234,,"https://www.energytransfer.com/ops_intrastate.aspx, https://www.eia.gov/todayinenergy/detail.php?id=53319"
Pipeline operators/owners,Researcher,G223,223,P0240,,CB
Pipeline operators/owners,LastUpdated,H223,223,P0240,,46297
Pipeline operators/owners,Owner [ref],U223,223,P0240,,https://www.eia.gov/naturalgas/pipelines/EIA-NaturalGasPipelineProjectsAug2026.xlsx
Pipeline operators/owners,Researcher,G224,224,P0241,,CB
Pipeline operators/owners,LastUpdated,H224,224,P0241,,46297
Pipeline operators/owners,Owner [ref],U224,224,P0241,,"https://www.sec.gov/Archives/edgar/data/1032208/000103220819000035/sre20190930form10q.htm, https://www.sec.gov/Archives/edgar/data/1032208/000103220826000010/sre-20251231.htm"
Pipeline operators/owners,Researcher,G295,295,P0316,,CB
Pipeline operators/owners,LastUpdated,H295,295,P0316,,46297
Pipeline operators/owners,Operator [ref],Q295,295,P0316,,https://www.eia.gov/naturalgas/pipelines/EIA-NaturalGasPipelineProjects.xlsx
Pipeline operators/owners,Operator,R295,295,P0316,,Steel Reef Pipelines US LLC
Pipeline operators/owners,Owner [ref],U295,295,P0316,,https://s3.amazonaws.com/pgj-wp-media/wp-content/uploads/2018/10/PN1018-Planned-Projects.pdf
Pipeline operators/owners,Researcher,G302,302,P0323,,CB
Pipeline operators/owners,LastUpdated,H302,302,P0323,,46297
Pipeline operators/owners,Operator [ref],Q302,302,P0323,,https://www.eia.gov/naturalgas/pipelines/EIA-NaturalGasPipelineProjectsAug2026.xlsx
Pipeline operators/owners,Owner [ref],U302,302,P0323,,https://www.eia.gov/naturalgas/pipelines/EIA-NaturalGasPipelineProjectsAug2026.xlsx
Pipeline operators/owners,Researcher,G332,332,P0369,,CB
Pipeline operators/owners,LastUpdated,H332,332,P0369,,46297
Pipeline operators/owners,Owner [ref],U332,332,P0369,,"https://www.atmosenergy.com/apt/about-atmos-pipeline-texas, https://en.wikipedia.org/wiki/Atmos_Energy"
Pipeline operators/owners,Researcher,G1528,1528,P2008,,CB
Pipeline operators/owners,LastUpdated,H1528,1528,P2008,,46297
Pipeline operators/owners,Operator [ref],Q1528,1528,P2008,,https://www.federalregister.gov/documents/2013/03/21/2013-06465/texas-eastern-transmission-lp-notice-of-application-for-certificate-of-public-convenience-and
Pipeline operators/owners,Owner [ref],U1528,1528,P2008,,"https://www.enbridge.com/~/media/Enb/Documents/Factsheets/FS_EnergyInfrastructureAssets.pdf?la=en, https://www.sec.gov/Archives/edgar/data/895728/000089572820000009/a211subsidiariesofther.htm"
Pipeline operators/owners,Researcher,G1947,1947,P2555,,CB
Pipeline operators/owners,LastUpdated,H1947,1947,P2555,,46297
Pipeline operators/owners,Owner [ref],U1947,1947,P2555,,"https://boereport.com/2020/10/21/kinder-morgan-announces-results-for-third-quarter-of-2020-maintains-0-2625-per-share-dividend/, https://www.eia.gov/naturalgas/pipelines/EIA-NaturalGasPipelineProjects_Jan2021.xlsx"
Pipeline operators/owners,Researcher,G2100,2100,P2720,,CB
Pipeline operators/owners,LastUpdated,H2100,2100,P2720,,46297
Pipeline operators/owners,Owner [ref],U2100,2100,P2720,,"http://web.archive.org/web/20230314061446/http://www.businesswire.com/news/home/20230206005628/en/Cardinal-Midstream-Closes-on-Acquisition-of-Medallion%E2%80%99s-Natural-Gas-Business-in-Prolific-Delaware-Basin/, http://web.archive.org/web/20231206183804/https://www.medallionmidstream.com/news/medallion-closes-sale-natural-gas-business"
Pipeline operators/owners,Researcher,G2400,2400,P3158,,CB
Pipeline operators/owners,LastUpdated,H2400,2400,P3158,,46297
Pipeline operators/owners,Operator [ref],Q2400,2400,P3158,,"https://www.federalregister.gov/documents/2020/04/24/2020-08732/dakota-natural-gas-llc-notice-of-application, https://news.prairiepublic.org/local-news/2023-12-05/dakota-natural-gas-working-to-expand-gas-services-to-eastern-nd-communities"
Pipeline operators/owners,Operator,R2400,2400,P3158,,Dakota Natural Gas
Pipeline operators/owners,Owner [ref],U2400,2400,P3158,,"https://www.federalregister.gov/documents/2020/04/24/2020-08732/dakota-natural-gas-llc-notice-of-application, https://www.inforum.com/business/dakota-natural-gas-pipeline-project-to-begin-in-traill-county"
Pipeline operators/owners,Researcher,G2426,2426,P3185,,CB
Pipeline operators/owners,LastUpdated,H2426,2426,P3185,,46297
Pipeline operators/owners,Operator [ref],Q2426,2426,P3185,,https://www.eia.gov/naturalgas/pipelines/EIA-NaturalGasPipelineProjectsAug2026.xlsx
Pipeline operators/owners,Operator,R2426,2426,P3185,,Alliance Pipeline L.P.
Pipeline operators/owners,Owner [ref],U2426,2426,P3185,https://elibrary.ferc.gov/eLibrary/search?q=searchtext%253d*%2526searchfulltext%253dtrue%2526searchdescription%253dtrue%2526datetype%253dfiled_date%2526relativedatetype%253ddays%2526date%253d0%2526docketnumber%253dcp21-113%2526subdocketnumbers%253d%2526efiling%253dfalse%2526alldates%253dtrue%2526daterange%253dall,"https://elibrary.ferc.gov/eLibrary/search?q=searchtext%253d*%2526searchfulltext%253dtrue%2526searchdescription%253dtrue%2526datetype%253dfiled_date%2526relativedatetype%253ddays%2526date%253d0%2526docketnumber%253dcp21-113%2526subdocketnumbers%253d%2526efiling%253dfalse%2526alldates%253dtrue%2526daterange%253dall, https://www.eia.gov/naturalgas/pipelines/EIA-NaturalGasPipelineProjectsAug2026.xlsx"
Pipeline operators/owners,Researcher,G2459,2459,P3221,,CB
Pipeline operators/owners,LastUpdated,H2459,2459,P3221,,46297
Pipeline operators/owners,Operator [ref],Q2459,2459,P3221,,https://www.bhegts.com/our-businesses/CGT
Pipeline operators/owners,Operator,R2459,2459,P3221,,"Carolina Gas Transmission, LLC"
Pipeline operators/owners,Owner [ref],U2459,2459,P3221,,"https://www.bhegts.com/our-businesses/CGT, https://www.sec.gov/Archives/edgar/data/1081316/000119312520187362/d948170dex991.htm"
Pipeline operators/owners,Researcher,G2477,2477,P3294,,CB
Pipeline operators/owners,LastUpdated,H2477,2477,P3294,,46297
Pipeline operators/owners,Owner [ref],U2477,2477,P3294,,https://www.hydrocarbons-technology.com/projects/calhounlng/
Pipeline operators/owners,Researcher,G2825,2825,P3856,BL,CB
Pipeline operators/owners,LastUpdated,H2825,2825,P3856,44701,46297
Pipeline operators/owners,Operator [ref],Q2825,2825,P3856,,"https://www.eia.gov/naturalgas/pipelines/EIA-NaturalGasPipelineProjectsAug2026.xlsx, https://web.archive.org/web/20230929151231/https://www.kernrivergas.com/DesktopModules/KernRiver/Documents/ViewDocument.aspx?DocumentID=59"
Pipeline operators/owners,Operator,R2825,2825,P3856,,Kern River Gas Transmission Co
Pipeline operators/owners,Owner [ref],U2825,2825,P3856,,"https://www.eia.gov/naturalgas/pipelines/EIA-NaturalGasPipelineProjectsAug2026.xlsx, https://web.archive.org/web/20230929151231/https://www.kernrivergas.com/DesktopModules/KernRiver/Documents/ViewDocument.aspx?DocumentID=59"
Pipeline operators/owners,Researcher,G3323,3323,P4456,,CB
Pipeline operators/owners,LastUpdated,H3323,3323,P4456,,46297
Pipeline operators/owners,Operator [ref],Q3323,3323,P4456,,"https://ferc.gov/sites/default/files/2020-06/C-1-041620.pdf, https://www.eia.gov/naturalgas/pipelines/EIA-NaturalGasPipelineProjectsAug2026.xlsx"
Pipeline operators/owners,Operator,R3323,3323,P4456,,Mountain Valley Pipeline LLC
Pipeline operators/owners,Owner [ref],U3323,3323,P4456,,"https://ferc.gov/sites/default/files/2020-06/C-1-041620.pdf, https://www.eia.gov/naturalgas/pipelines/EIA-NaturalGasPipelineProjectsAug2026.xlsx"
Pipeline operators/owners,Researcher,G5190,5190,P6533,,CB
Pipeline operators/owners,LastUpdated,H5190,5190,P6533,,46297
Pipeline operators/owners,Operator [ref],Q5190,5190,P6533,,https://www.tcenergy.com/operations/natural-gas/columbia-gulf-transmission-pipeline/
Pipeline operators/owners,Operator,R5190,5190,P6533,,TC Energy
Pipeline operators/owners,Owner [ref],U5190,5190,P6533,,https://www.tcenergy.com/operations/natural-gas/columbia-gulf-transmission-pipeline/
Pipeline operators/owners,Owner1,V5190,5190,P6533,,TC Energy
Pipeline operators/owners,Researcher,G5417,5417,P6878,,CB
Pipeline operators/owners,LastUpdated,H5417,5417,P6878,,46297
Pipeline operators/owners,Operator [ref],Q5417,5417,P6878,,"https://www.sec.gov/Archives/edgar/data/70145/000007014525000039/nfg-20250930.htm, https://en.wikipedia.org/wiki/National_Fuel_Gas"
Pipeline operators/owners,Owner [ref],U5417,5417,P6878,https://www.nationalfuel.com/pipeline-storage/national-fuel-gas-supply-corp/maps-and-tables/,"https://www.nationalfuel.com/pipeline-storage/national-fuel-gas-supply-corp/maps-and-tables/, https://www.sec.gov/Archives/edgar/data/70145/000007014525000039/nfg-20250930.htm"
Pipeline operators/owners,Researcher,G5431,5431,P6895,,CB
Pipeline operators/owners,LastUpdated,H5431,5431,P6895,,46297
Pipeline operators/owners,Operator [ref],Q5431,5431,P6895,,"https://www.sec.gov/Archives/edgar/data/33213/000003321326000018/eqt-20251231.htm, https://www.sec.gov/Archives/edgar/data/1747009/000174700924000011/etrn-20231231.htm"
Pipeline operators/owners,Operator,R5431,5431,P6895,,"Equitrans, L.P."
Pipeline operators/owners,Owner [ref],U5431,5431,P6895,,https://www.sec.gov/Archives/edgar/data/33213/000003321326000018/eqt-20251231.htm
Pipeline operators/owners,Owner1,V5431,5431,P6895,,EQT Corporation
Pipeline operators/owners,Owner1%,W5431,5431,P6895,,100
Pipeline operators/owners,Researcher,G5432,5432,P6896,,CB
Pipeline operators/owners,LastUpdated,H5432,5432,P6896,,46297
Pipeline operators/owners,Operator [ref],Q5432,5432,P6896,,"https://www.sec.gov/Archives/edgar/data/1540947/000154094717000003/eqm1231201610k.htm, https://www.federalregister.gov/documents/2026/01/30/2026-01924/equitrans-lp-notice-of-request-under-blanket-authorization-and-establishing-intervention-and-protest"
Pipeline operators/owners,Operator,R5432,5432,P6896,,Equitrans Midstream Corporation
Pipeline operators/owners,Owner [ref],U5432,5432,P6896,,"https://www.sec.gov/Archives/edgar/data/1540947/000110465916150082/a16-19730_1ex99d1.htm, https://www.federalregister.gov/documents/2015/10/08/2015-25635/equitrans-lp-notice-of-application"
Pipeline operators/owners,Owner1,V5432,5432,P6896,,"Equitrans, L.P."
Pipeline operators/owners,Owner1%,W5432,5432,P6896,,100.00%
Pipeline operators/owners,Researcher,G5434,5434,P6898,,CB
Pipeline operators/owners,LastUpdated,H5434,5434,P6898,,46297
Pipeline operators/owners,Operator [ref],Q5434,5434,P6898,,https://www.sec.gov/Archives/edgar/data/99250/000010726326000006/wmb-20251231.htm
Pipeline operators/owners,Operator,R5434,5434,P6898,,"MountainWest Pipeline, LLC"
Pipeline operators/owners,Owner [ref],U5434,5434,P6898,https://www.williams.com/pipeline/mountainwest/,"https://www.williams.com/pipeline/mountainwest/, https://www.sec.gov/Archives/edgar/data/99250/000010726326000006/wmb-20251231.htm, https://www.sec.gov/Archives/edgar/data/1692115/000119312523043486/d367217dex991.htm"
Pipeline operators/owners,Researcher,G5435,5435,P6899,,CB
Pipeline operators/owners,LastUpdated,H5435,5435,P6899,,46297
Pipeline operators/owners,Operator [ref],Q5435,5435,P6899,,"https://www.sec.gov/Archives/edgar/data/107263/000010726324000019/wmb-20231231.htm, https://www.sec.gov/Archives/edgar/data/107263/000010726326000006/wmb-20251231.htm"
Pipeline operators/owners,Operator,R5435,5435,P6899,,Williams Companies
Pipeline operators/owners,Owner [ref],U5435,5435,P6899,https://www.williams.com/pipeline/mountainwest/,"https://www.sec.gov/Archives/edgar/data/107263/000010726324000019/wmb-20231231.htm, https://www.sec.gov/Archives/edgar/data/107263/000010726326000006/wmb-20251231.htm"
Pipeline operators/owners,Owner1%,W5435,5435,P6899,1,100
Pipeline operators/owners,Researcher,G5808,5808,P7453,,CB
Pipeline operators/owners,LastUpdated,H5808,5808,P7453,,46297
Pipeline operators/owners,Owner [ref],U5808,5808,P7453,https://aws.state.ak.us/OnlinePublicNotices/Notices/View.aspx?id=174074,"https://aws.state.ak.us/OnlinePublicNotices/Notices/View.aspx?id=174074, https://www.adn.com/energy/article/gas-companies-butt-heads-over-kenai-beluga-pipeline/2015/01/12/"
Pipeline operators/owners,Researcher,G6169,6169,P7820,,CB
Pipeline operators/owners,LastUpdated,H6169,6169,P7820,,46297
Pipeline operators/owners,Operator [ref],Q6169,6169,P7820,,"https://web.archive.org/web/20191001031829/https://www.enbridge.com/projects-and-infrastructure/projects/atlantic-bridge, https://www.eia.gov/naturalgas/pipelines/EIA-NaturalGasPipelineProjectsAug2026.xlsx"
Pipeline operators/owners,Operator,R6169,6169,P7820,,"Algonquin Gas Transmission, LLC"
Pipeline operators/owners,Owner [ref],U6169,6169,P7820,,"https://web.archive.org/web/20191001031829/https://www.enbridge.com/projects-and-infrastructure/projects/atlantic-bridge, https://www.eia.gov/naturalgas/pipelines/EIA-NaturalGasPipelineProjectsAug2026.xlsx"
Pipeline operators/owners,Owner1,V6169,6169,P7820,,"Algonquin Gas Transmission, LLC"
Pipeline operators/owners,Owner1%,W6169,6169,P7820,,100.00%
Pipeline operators/owners,Researcher,G6170,6170,P7821,,CB
Pipeline operators/owners,LastUpdated,H6170,6170,P7821,,46297
Pipeline operators/owners,Operator [ref],Q6170,6170,P7821,,"https://web.archive.org/web/20191001031829/https://www.enbridge.com/projects-and-infrastructure/projects/atlantic-bridge, https://www.eia.gov/naturalgas/pipelines/EIA-NaturalGasPipelineProjectsAug2026.xlsx"
Pipeline operators/owners,Operator,R6170,6170,P7821,,"Algonquin Gas Transmission, LLC"
Pipeline operators/owners,Owner [ref],U6170,6170,P7821,,"https://web.archive.org/web/20191001031829/https://www.enbridge.com/projects-and-infrastructure/projects/atlantic-bridge, https://www.eia.gov/naturalgas/pipelines/EIA-NaturalGasPipelineProjectsAug2026.xlsx"
Pipeline operators/owners,Owner1,V6170,6170,P7821,,"Algonquin Gas Transmission, LLC"
Pipeline operators/owners,Owner1%,W6170,6170,P7821,,100.00%
Pipeline operators/owners,Researcher,G6200,6200,P7851,,CB
Pipeline operators/owners,LastUpdated,H6200,6200,P7851,,46297
Pipeline operators/owners,Operator [ref],Q6200,6200,P7851,,https://www.eia.gov/naturalgas/pipelines/EIA-NaturalGasPipelineProjectsAug2026.xlsx
Pipeline operators/owners,Owner [ref],U6200,6200,P7851,https://www.targaresources.com/news-releases/news-release-details/targa-resources-corp-announces-permian-growth-projects-and; https://www.targaresources.com/static-files/8c3ab5dc-9abb-4152-8e45-61e8eddb4674,"https://www.targaresources.com/news-releases/news-release-details/targa-resources-corp-announces-permian-growth-projects-and; https://www.targaresources.com/static-files/8c3ab5dc-9abb-4152-8e45-61e8eddb4674, https://www.eia.gov/naturalgas/pipelines/EIA-NaturalGasPipelineProjectsAug2026.xlsx"
Pipeline operators/owners,Researcher,G6210,6210,P7861,,CB
Pipeline operators/owners,LastUpdated,H6210,6210,P7861,,46297
Pipeline operators/owners,Operator [ref],Q6210,6210,P7861,,https://producersmidstream.com/palo-duro-pipeline-project-notice-of-binding-open-season/
Pipeline operators/owners,Operator,R6210,6210,P7861,,"Producers Midstream II, LLC"
Pipeline operators/owners,Owner1,V6210,6210,P7861,Producers Midstream,Tailwater Capital
Gas pipelines,Researcher,J22,22,P0161,BL,CB
Gas pipelines,LastUpdated,K22,22,P0161,44845,46297
Gas pipelines,Fuel [ref],M22,22,P0161,,"https://www.sec.gov/Archives/edgar/data/1591763/000159176321000005/0001591763-21-000005.txt, https://rextag.com/pages/enable-gas-transmission"
Gas pipelines,Length [ref],BI22,22,P0161,,"https://www.sec.gov/Archives/edgar/data/1591763/000159176321000005/0001591763-21-000005.txt, https://rextag.com/pages/enable-gas-transmission"
Gas pipelines,Researcher,J23,23,P0162,HK,CB
Gas pipelines,LastUpdated,K23,23,P0162,45160,46297
Gas pipelines,Fuel [ref],M23,23,P0162,,"http://web.archive.org/web/20240223173112/https://www.enablemidstream.com/company/operations/ts/, https://www.sec.gov/Archives/edgar/data/1126956/000143774924035823/spre20240930_10k.htm"
Gas pipelines,Length [ref],BI23,23,P0162,,http://web.archive.org/web/20240223173112/https://www.enablemidstream.com/company/operations/ts/
Gas pipelines,Location [ref],CF23,23,P0162,,"https://www.eia.gov/naturalgas/pipelines/EIA-StatetoStateCapacity_Jan2026.xlsx, https://www.sec.gov/Archives/edgar/data/1042773/000104277312000007/cerc201110-k.htm"
Gas pipelines,Status [ref],I26,26,P0165,,"http://web.archive.org/web/20170208003610/https://www.ferc.gov/whats-new/comm-meet/102704/C-2.pdf, https://www.govinfo.gov/content/pkg/FR-2025-12-04/pdf/2025-21946.pdf"
Gas pipelines,Researcher,J26,26,P0165,HK,CB
Gas pipelines,LastUpdated,K26,26,P0165,45161,46297
Gas pipelines,Fuel [ref],M26,26,P0165,,"http://web.archive.org/web/20170208003610/https://www.ferc.gov/whats-new/comm-meet/102704/C-2.pdf, http://web.archive.org/web/20160214205345/http://enlk.enlink.com/investor/investor-news/investor-news-details/2014/EnLink-Midstream-Signs-Definitive-Agreement-to-Acquire-Gulf-Coast-Natural-Gas-Pipeline-Systems/default.aspx"
Gas pipelines,Start [ref],AL26,26,P0165,,http://web.archive.org/web/20170208003610/https://www.ferc.gov/whats-new/comm-meet/102704/C-2.pdf
Gas pipelines,Pressure,BA26,26,P0165,,1200
Gas pipelines,PressureUnits,BB26,26,P0165,,psi
Gas pipelines,Pressure [ref],BC26,26,P0165,,http://web.archive.org/web/20170208003610/https://www.ferc.gov/whats-new/comm-meet/102704/C-2.pdf
Gas pipelines,Diameter,BM26,26,P0165,,"12, 16"
Gas pipelines,DiameterUnits,BN26,26,P0165,,in
Gas pipelines,Diameter [ref],BO26,26,P0165,,"http://web.archive.org/web/20170208003610/https://www.ferc.gov/whats-new/comm-meet/102704/C-2.pdf, https://www.ogj.com/general-interest/companies/article/17223724/pipelining-worldwide-construction"
Gas pipelines,FuelSource [ref],BR26,26,P0165,,"http://web.archive.org/web/20170208003610/https://www.ferc.gov/whats-new/comm-meet/102704/C-2.pdf, https://www.federalregister.gov/documents/2001/02/15/01-3808/chandeleur-gas-pipe-line-company-notice-of-application"
Gas pipelines,Location [ref],CF26,26,P0165,,http://web.archive.org/web/20170208003610/https://www.ferc.gov/whats-new/comm-meet/102704/C-2.pdf
Gas pipelines,Researcher,J38,38,P0177,BL,CB
Gas pipelines,LastUpdated,K38,38,P0177,45936,46297
Gas pipelines,Fuel [ref],M38,38,P0177,https://www.eia.gov/naturalgas/data.php#pipelines,"https://www.eia.gov/naturalgas/data.php#pipelines, https://www.ferc.gov/sites/default/files/2020-04/C-2.pdf, https://www.ferc.gov/sites/default/files/2020-05/01-18-19-FEIS.pdf"
Gas pipelines,PipelineType [ref],O38,38,P0177,https://www.eia.gov/naturalgas/data.php#pipelines,"https://www.eia.gov/naturalgas/data.php#pipelines, https://www.ferc.gov/sites/default/files/2020-04/C-2.pdf, https://www.ferc.gov/sites/default/files/2020-05/01-18-19-FEIS.pdf"
Gas pipelines,ProposalYear,Z38,38,P0177,,2017
Gas pipelines,ProposalMonth,AA38,38,P0177,,3
Gas pipelines,Proposal [ref],AB38,38,P0177,,"https://www.ferc.gov/sites/default/files/2020-04/C-2.pdf, https://www.sec.gov/Archives/edgar/data/0000061398/000119312517166175/d394368dex991.htm"
Gas pipelines,Start [ref],AL38,38,P0177,https://naturalgasintel.com/news/tellurians-driftwood-lng-granted-three-year-extension-as-ferc-rejects-critics-arguments/,"https://naturalgasintel.com/news/tellurians-driftwood-lng-granted-three-year-extension-as-ferc-rejects-critics-arguments/, https://www.federalregister.gov/documents/full_text/text/2025/05/21/2025-09100.txt, https://www.woodside.com/docs/default-source/asx-announcements/2025/028-woodside-approves-louisiana-lng-development.pdf"
Gas pipelines,Delay [ref],AO38,38,P0177,https://lngprime.com/lng-terminals/tellurian-secures-more-time-to-complete-driftwood-lng-terminal/105056/ ,"https://lngprime.com/lng-terminals/tellurian-secures-more-time-to-complete-driftwood-lng-terminal/105056/, https://www.federalregister.gov/documents/full_text/text/2025/05/21/2025-09100.txt"
Gas pipelines,Capacity [ref],AZ38,38,P0177,https://driftwoodpipeline.com/driftwood-pipeline/,"https://driftwoodpipeline.com/driftwood-pipeline/, https://web.archive.org/web/20250115202045/https://driftwoodpipeline.com/driftwood-pipeline/, https://www.ferc.gov/sites/default/files/2020-05/01-18-19-FEIS.pdf"
Gas pipelines,Pressure,BA38,38,P0177,,1440
Gas pipelines,PressureUnits,BB38,38,P0177,,psig
Gas pipelines,Pressure [ref],BC38,38,P0177,,https://www.ferc.gov/sites/default/files/2020-05/01-18-19-FEIS.pdf
Gas pipelines,Length [ref],BI38,38,P0177,https://www.ferc.gov/sites/default/files/2020-05/01-18-19-FEIS.pdf,"https://www.ferc.gov/sites/default/files/2020-05/01-18-19-FEIS.pdf, https://web.archive.org/web/20250115202045/https://driftwoodpipeline.com/driftwood-pipeline/"
Gas pipelines,Diameter [ref],BO38,38,P0177,https://www.ferc.gov/sites/default/files/2020-05/01-18-19-FEIS.pdf,"https://www.ferc.gov/sites/default/files/2020-05/01-18-19-FEIS.pdf, https://web.archive.org/web/20250115202045/https://driftwoodpipeline.com/driftwood-pipeline/"
Gas pipelines,Location [ref],CF38,38,P0177,https://www.eia.gov/naturalgas/data.php#pipelines,"https://www.eia.gov/naturalgas/data.php#pipelines, https://www.ferc.gov/sites/default/files/2020-05/01-18-19-FEIS.pdf, https://www.ferc.gov/sites/default/files/2020-04/C-2.pdf"
Gas pipelines,Researcher,J46,46,P0187,HK,CB
Gas pipelines,LastUpdated,K46,46,P0187,45162,46297
Gas pipelines,ProposalYear,Z46,46,P0187,,2015
Gas pipelines,ProposalMonth,AA46,46,P0187,,6
Gas pipelines,Proposal [ref],AB46,46,P0187,,"https://www.federalregister.gov/documents/2015/07/16/2015-17441/american-midstream-midla-llc-notice-of-application, https://www.naturalgasintel.com/news/ferc-approves-natchez-pipeline-which-will-replace-midla/"
Gas pipelines,Construction [ref],AE46,46,P0187,,"https://www.sec.gov/Archives/edgar/data/0001513965/000151396516000287/a2016q310-q.htm, https://www.enr.com/articles/38876-pulse-texas-louisiana"
Gas pipelines,Start [ref],AL46,46,P0187,,"http://web.archive.org/web/20231019101801/https://www.businesswire.com/news/home/20170404006495/en/American-Midstream-Partners-Places-Midla-Natchez-Pipeline-in-Service, http://web.archive.org/web/20170805174708/http://www.naturalgasintel.com/articles/110037-american-midstream-places-midla-natchez-pipeline-into-service"
Gas pipelines,Pressure,BA46,46,P0187,,1000
Gas pipelines,PressureUnits,BB46,46,P0187,,psig
Gas pipelines,Pressure [ref],BC46,46,P0187,,https://www.blackbearllc.com/natural-gas-transmission
Gas pipelines,Location [ref],CF46,46,P0187,,"https://www.federalregister.gov/documents/2015/07/16/2015-17441/american-midstream-midla-llc-notice-of-application, http://web.archive.org/web/20231019101801/https://www.businesswire.com/news/home/20170404006495/en/American-Midstream-Partners-Places-Midla-Natchez-Pipeline-in-Service"
Gas pipelines,Status [ref],I47,47,P0188,https://www.offshore-technology.com/projects/delfin-floating-lng-project-gulf-mexico/,"https://www.offshore-technology.com/projects/delfin-floating-lng-project-gulf-mexico/, https://www.phmsa.dot.gov/sites/phmsa.dot.gov/files/2026-02/PHMSA%20CAO%20-%20Delfin%20Offshore%2042026028.pdf"
Gas pipelines,Researcher,J47,47,P0188,AL,CB
Gas pipelines,LastUpdated,K47,47,P0188,45489,46297
Gas pipelines,ProposalYear,Z47,47,P0188,,2014
Gas pipelines,ProposalMonth,AA47,47,P0188,,11
Gas pipelines,Proposal [ref],AB47,47,P0188,,"https://www.lnglawblog.com/2014/11/delfin-lng-completes-acquisition-of-pipeline-system-for-deepwater-lng-port/, https://www.offshore-technology.com/projects/delfin-floating-lng-project-gulf-mexico/, https://www.naturalgasworld.com/project-spotlight-delfin-lng-an-innovative-approach-to-flng-lng-condensed-70028"
Gas pipelines,ConstructionYear,AC47,47,P0188,,1978
Gas pipelines,Construction [ref],AE47,47,P0188,,"https://www.phmsa.dot.gov/sites/phmsa.dot.gov/files/2026-02/PHMSA%20CAO%20-%20Delfin%20Offshore%2042026028.pdf, https://www.naturalgasworld.com/project-spotlight-delfin-lng-an-innovative-approach-to-flng-lng-condensed-70028"
Gas pipelines,Start [ref],AL47,47,P0188,https://www.energy.gov/sites/prod/files/2014/06/f16/ord3393_2.pdf; https://www.naturalgasworld.com/project-spotlight-delfin-lng-an-innovative-approach-to-flng-lng-condensed-70028 ,"https://www.energy.gov/sites/prod/files/2014/06/f16/ord3393_2.pdf; https://www.naturalgasworld.com/project-spotlight-delfin-lng-an-innovative-approach-to-flng-lng-condensed-70028, https://www.phmsa.dot.gov/sites/phmsa.dot.gov/files/2026-02/PHMSA%20CAO%20-%20Delfin%20Offshore%2042026028.pdf"
Gas pipelines,Pressure,BA47,47,P0188,,1250
Gas pipelines,PressureUnits,BB47,47,P0188,,psig
Gas pipelines,Pressure [ref],BC47,47,P0188,,https://www.phmsa.dot.gov/sites/phmsa.dot.gov/files/2026-02/PHMSA%20CAO%20-%20Delfin%20Offshore%2042026028.pdf
Gas pipelines,Length [ref],BI47,47,P0188,https://www.phmsa.dot.gov/sites/phmsa.dot.gov/files/legacy/interpretations/Interpretation%20Files/Pipeline/2011/Embridge-PI-10-0008-03-08-2011-Part%20192.3.pdf,"https://www.phmsa.dot.gov/sites/phmsa.dot.gov/files/legacy/interpretations/Interpretation%20Files/Pipeline/2011/Embridge-PI-10-0008-03-08-2011-Part%20192.3.pdf, https://www.phmsa.dot.gov/sites/phmsa.dot.gov/files/2026-02/PHMSA%20CAO%20-%20Delfin%20Offshore%2042026028.pdf"
Gas pipelines,Diameter [ref],BO47,47,P0188,https://www.phmsa.dot.gov/sites/phmsa.dot.gov/files/legacy/interpretations/Interpretation%20Files/Pipeline/2011/Embridge-PI-10-0008-03-08-2011-Part%20192.3.pdf,"https://www.phmsa.dot.gov/sites/phmsa.dot.gov/files/legacy/interpretations/Interpretation%20Files/Pipeline/2011/Embridge-PI-10-0008-03-08-2011-Part%20192.3.pdf, https://www.phmsa.dot.gov/sites/phmsa.dot.gov/files/2026-02/PHMSA%20CAO%20-%20Delfin%20Offshore%2042026028.pdf, https://www.ogj.com/pipelines-transportation/lng/article/14185153/delfin-completes-gulf-of-mexico-flng-feed"
Gas pipelines,Location [ref],CF47,47,P0188,,"https://www.phmsa.dot.gov/sites/phmsa.dot.gov/files/2026-02/PHMSA%20CAO%20-%20Delfin%20Offshore%2042026028.pdf, https://www.offshore-technology.com/projects/delfin-floating-lng-project-gulf-mexico/"
Gas pipelines,Status [ref],I49,49,P0190,,"https://www.offshore-technology.com/marketdata/florida-gas-transmission-system-gas-pipeline-the-us/, https://www.federalregister.gov/documents/2025/01/10/2025-00354/florida-gas-transmission-company-llc-notice-of-request-under-blanket-authorization-and-establishing"
Gas pipelines,Researcher,J49,49,P0190,BL,CB
Gas pipelines,LastUpdated,K49,49,P0190,44845,46297
Gas pipelines,Fuel [ref],M49,49,P0190,,https://www.offshore-technology.com/marketdata/florida-gas-transmission-system-gas-pipeline-the-us/
Gas pipelines,Status [ref],I56,56,P0197,https://www.eia.gov/naturalgas/data.php#pipelines,"https://www.eia.gov/naturalgas/data.php#pipelines, https://www.annualreports.com/HostedData/AnnualReportArchive/b/NYSE_BWP_2012.pdf"
Gas pipelines,Researcher,J56,56,P0197,IM,CB
Gas pipelines,LastUpdated,K56,56,P0197,45918,46297
Gas pipelines,Fuel [ref],M56,56,P0197,https://www.eia.gov/naturalgas/data.php#pipelines,"https://www.eia.gov/naturalgas/data.php#pipelines, https://www.annualreports.com/HostedData/AnnualReportArchive/b/NYSE_BWP_2012.pdf"
Gas pipelines,StartLocation,BS56,56,P0197,,Texas
Gas pipelines,Location [ref],CF56,56,P0197,,https://www.annualreports.com/HostedData/AnnualReportArchive/b/NYSE_BWP_2012.pdf
Gas pipelines,Status [ref],I59,59,P0200,https://www.genesisenergy.com/operations/offshore-pipelines/high-island-offshore-system,"https://www.genesisenergy.com/operations/offshore-pipelines/high-island-offshore-system, https://rextag.com/pages/high-island-offshore-system"
Gas pipelines,Researcher,J59,59,P0200,AL,CB
Gas pipelines,LastUpdated,K59,59,P0200,45489,46297
Gas pipelines,Fuel [ref],M59,59,P0200,https://www.offshore-mag.com/pipelines/article/16762219/high-island-offshore-system-brought-several-firsts-to-pipelining-in-the-gulf-of-mexico,"https://www.offshore-mag.com/pipelines/article/16762219/high-island-offshore-system-brought-several-firsts-to-pipelining-in-the-gulf-of-mexico, https://www.genesisenergy.com/operations/offshore-pipelines/high-island-offshore-system"
Gas pipelines,Proposal [ref],AB59,59,P0200,https://www.offshore-mag.com/pipelines/article/16762219/high-island-offshore-system-brought-several-firsts-to-pipelining-in-the-gulf-of-mexico ,"https://www.offshore-mag.com/pipelines/article/16762219/high-island-offshore-system-brought-several-firsts-to-pipelining-in-the-gulf-of-mexico, https://trid.trb.org/view/54235"
Gas pipelines,ConstructionYear,AC59,59,P0200,,1976
Gas pipelines,ConstructionMonth,AD59,59,P0200,,August
Gas pipelines,Construction [ref],AE59,59,P0200,,"https://www.offshore-mag.com/pipelines/article/16762219/high-island-offshore-system-brought-several-firsts-to-pipelining-in-the-gulf-of-mexico, https://trid.trb.org/view/54235"
Gas pipelines,Diameter [ref],BO59,59,P0200,https://www.offshore-mag.com/pipelines/article/16762219/high-island-offshore-system-brought-several-firsts-to-pipelining-in-the-gulf-of-mexico ,"https://www.offshore-mag.com/pipelines/article/16762219/high-island-offshore-system-brought-several-firsts-to-pipelining-in-the-gulf-of-mexico, https://trid.trb.org/view/54235"
Gas pipelines,FuelSource [ref],BR59,59,P0200,,"https://www.genesisenergy.com/operations/offshore-pipelines/high-island-offshore-system, https://www.offshore-mag.com/pipelines/article/16762219/high-island-offshore-system-brought-several-firsts-to-pipelining-in-the-gulf-of-mexico"
Gas pipelines,Location [ref],CF59,59,P0200,,"https://www.genesisenergy.com/operations/offshore-pipelines/high-island-offshore-system, https://viadata.wordpress.com/2011/06/10/offshore-gathering-and-transmission-new-interpretation/"
Gas pipelines,Status [ref],I64,64,P0205,,"http://www.iroquois.com/natural-gas-company.asp, https://northeastgas.org/files/galleries/lng_importers0722.pdf"
Gas pipelines,Researcher,J64,64,P0205,BL,CB
Gas pipelines,LastUpdated,K64,64,P0205,44845,46297
Gas pipelines,Fuel [ref],M64,64,P0205,,"http://www.iroquois.com/natural-gas-company.asp, https://northeastgas.org/files/galleries/lng_importers0722.pdf"
Gas pipelines,ProposalYear,Z64,64,P0205,,1989
Gas pipelines,ProposalMonth,AA64,64,P0205,,1
Gas pipelines,Proposal [ref],AB64,64,P0205,,https://www.energy.gov/sites/prod/files/2015/04/f22/EIS-0152-FEIS-Volume_1_1.pdf
Gas pipelines,Start [ref],AL64,64,P0205,,"http://www.iroquois.com/natural-gas-company.asp, https://www.iroquois.com/site/assets/files/1077/iroquois-gas-facts-facilities-list.pdf"
Gas pipelines,Length [ref],BI64,64,P0205,,"http://web.archive.org/web/20230929001045/https://www.tcpipelineslp.com/assets/iroquois/, http://www.iroquois.com/natural-gas-company.asp"
Gas pipelines,Diameter,BM64,64,P0205,,"24, 30"
Gas pipelines,DiameterUnits,BN64,64,P0205,,in
Gas pipelines,Diameter [ref],BO64,64,P0205,,https://www.energy.gov/sites/prod/files/2015/04/f22/EIS-0152-FEIS-Volume_1_1.pdf
Gas pipelines,FuelSource [ref],BR64,64,P0205,,"https://www.iroquois.com/site/assets/files/1077/iroquois-gas-facts-facilities-list.pdf, https://northeastgas.org/files/galleries/lng_importers0722.pdf"
Gas pipelines,Status [ref],I68,68,P0210,,"https://www.sec.gov/Archives/edgar/data/1179060/000110465914017996/a14-7653_1ex99d1.htm, https://www.ogj.com/general-interest/article/17292515/crosstex-energy-buys-lig-pipeline-co-for-762-million"
Gas pipelines,Researcher,J68,68,P0210,HK,CB
Gas pipelines,LastUpdated,K68,68,P0210,45163,46297
Gas pipelines,Fuel [ref],M68,68,P0210,,"https://www.sec.gov/Archives/edgar/data/1179060/000110465914017996/a14-7653_1ex99d1.htm, https://www.kentuckypower.com/company/news/view?releaseID=659"
Gas pipelines,Length [ref],BI68,68,P0210,,"https://www.sec.gov/Archives/edgar/data/1179060/000110465914017996/a14-7653_1ex99d1.htm, https://www.kentuckypower.com/company/news/view?releaseID=659"
Gas pipelines,FuelSource [ref],BR68,68,P0210,,"https://www.sec.gov/Archives/edgar/data/1179060/000110465914017996/a14-7653_1ex99d1.htm, https://www.sec.gov/Archives/edgar/data/1483096/000156459014000295/acmp-10k_20131231.htm"
Gas pipelines,Location [ref],CF68,68,P0210,,"https://www.sec.gov/Archives/edgar/data/1179060/000110465914017996/a14-7653_1ex99d1.htm, http://web.archive.org/web/20171124223329/http://www.nytimes.com/1985/06/19/business/tenneco-to-buy-gas-pipelines.html"
Gas pipelines,Status [ref],I80,80,P0223,,"https://www.enbridge.com/~/media/Enb/Documents/Factsheets/FS_EnergyInfrastructureAssets.pdf?la=en, https://www.govinfo.gov/content/pkg/FR-1997-08-19/html/97-21928.htm"
Gas pipelines,Researcher,J80,80,P0223,HK,CB
Gas pipelines,LastUpdated,K80,80,P0223,45166,46297
Gas pipelines,Fuel [ref],M80,80,P0223,,"https://www.enbridge.com/~/media/Enb/Documents/Factsheets/FS_EnergyInfrastructureAssets.pdf?la=en, https://www.govinfo.gov/content/pkg/FR-1996-10-02/html/96-25190.htm"
Gas pipelines,ProposalYear,Z80,80,P0223,,1996
Gas pipelines,ProposalMonth,AA80,80,P0223,,7
Gas pipelines,Proposal [ref],AB80,80,P0223,,"https://www.ogj.com/general-interest/companies/article/17234981/group-slates-gas-pipeline-system-in-central-gulf, https://www.govinfo.gov/content/pkg/FR-1996-10-02/html/96-25190.htm"
Gas pipelines,ConstructionYear,AC80,80,P0223,,1997
Gas pipelines,Construction [ref],AE80,80,P0223,,"https://www.govinfo.gov/content/pkg/FR-1997-08-05/html/97-20525.htm, https://www.ogj.com/general-interest/companies/article/17234981/group-slates-gas-pipeline-system-in-central-gulf"
Gas pipelines,Start [ref],AL80,80,P0223,,"https://www.govinfo.gov/content/pkg/FR-1997-08-19/html/97-21928.htm, https://www.ogj.com/general-interest/companies/article/17234981/group-slates-gas-pipeline-system-in-central-gulf"
Gas pipelines,Capacity [ref],AZ80,80,P0223,,"https://www.enbridge.com/~/media/Enb/Documents/Factsheets/FS_EnergyInfrastructureAssets.pdf?la=en, https://www.govinfo.gov/content/pkg/FR-1996-10-02/html/96-25190.htm"
Gas pipelines,Diameter [ref],BO80,80,P0223,,"https://www.enbridge.com/~/media/Enb/Documents/Factsheets/FS_EnergyInfrastructureAssets.pdf?la=en, https://www.govinfo.gov/content/pkg/FR-1996-10-02/html/96-25190.htm"
Gas pipelines,FuelSource [ref],BR80,80,P0223,,"https://www.govinfo.gov/content/pkg/FR-1996-10-02/html/96-25190.htm, https://www.ogj.com/general-interest/companies/article/17234981/group-slates-gas-pipeline-system-in-central-gulf"
Gas pipelines,SegmentCost,CJ80,80,P0223,,121000000.0
Gas pipelines,SegmentCostUnits,CK80,80,P0223,,USD
Gas pipelines,SegmentCostYear,CL80,80,P0223,,1996
Gas pipelines,SegmentCost [ref],CM80,80,P0223,,https://www.govinfo.gov/content/pkg/FR-1996-10-02/html/96-25190.htm
Gas pipelines,Status [ref],I81,81,P0224,,"https://www.worldpipelines.com/project-news/18112014/net-completes-construction-of-mexico-pipeline/, https://www.eastdaley.com/media-and-news/nextera-to-sell-gas-pipeline-assets"
Gas pipelines,Researcher,J81,81,P0224,HK,CB
Gas pipelines,LastUpdated,K81,81,P0224,45166,46297
Gas pipelines,Fuel [ref],M81,81,P0224,,"https://www.hydrocarbons-technology.com/projects/net-mexico-pipeline-project-texas/, https://www.worldpipelines.com/project-news/18112014/net-completes-construction-of-mexico-pipeline/"
Gas pipelines,Construction [ref],AE81,81,P0224,,https://www.hydrocarbons-technology.com/projects/net-mexico-pipeline-project-texas/
Gas pipelines,Start [ref],AL81,81,P0224,,"https://www.worldpipelines.com/project-news/18112014/net-completes-construction-of-mexico-pipeline/, https://naturalgasintel.com/news/net-mexico-pipeline-officially-online-ahead-of-schedule/, https://www.hydrocarbons-technology.com/projects/net-mexico-pipeline-project-texas/"
Gas pipelines,Capacity [ref],AZ81,81,P0224,,"https://www.hydrocarbons-technology.com/projects/net-mexico-pipeline-project-texas/, https://www.worldpipelines.com/project-news/18112014/net-completes-construction-of-mexico-pipeline/, https://www.naturalgasintel.com/ienovas-500m-los-ramones-ii-pipeline-deal-receives-mexico-competition-committee-green-light/"
Gas pipelines,Length [ref],BI81,81,P0224,,https://www.hydrocarbons-technology.com/projects/net-mexico-pipeline-project-texas/
Gas pipelines,Diameter [ref],BO81,81,P0224,,"https://www.hydrocarbons-technology.com/projects/net-mexico-pipeline-project-texas/, https://www.worldpipelines.com/project-news/18112014/net-completes-construction-of-mexico-pipeline/"
Gas pipelines,FuelSource [ref],BR81,81,P0224,,"https://www.hydrocarbons-technology.com/projects/net-mexico-pipeline-project-texas/, https://www.worldpipelines.com/project-news/18112014/net-completes-construction-of-mexico-pipeline/"
Gas pipelines,Location [ref],CF81,81,P0224,,"https://www.hydrocarbons-technology.com/projects/net-mexico-pipeline-project-texas/, https://www.naturalgasintel.com/ienovas-500m-los-ramones-ii-pipeline-deal-receives-mexico-competition-committee-green-light/"
Gas pipelines,Researcher,J88,88,P0234,BL,CB
Gas pipelines,LastUpdated,K88,88,P0234,44845,46297
Gas pipelines,Fuel [ref],M88,88,P0234,,"https://www.eia.gov/todayinenergy/detail.php?id=53319, https://www.energytransfer.com/ops_intrastate.aspx"
Gas pipelines,StartLocation,BS88,88,P0234,,Pecos County
Gas pipelines,EndLocation,BY88,88,P0234,,Waller County
Gas pipelines,Location [ref],CF88,88,P0234,,"http://web.archive.org/web/20231201164811/https://www.energytransfer.com/ops_intrastate.aspx, https://www.sec.gov/Archives/edgar/data/1012569/000119312507229738/d10k.htm"
Gas pipelines,Researcher,J94,94,P0240,HK,CB
Gas pipelines,LastUpdated,K94,94,P0240,45155,46297
Gas pipelines,Cancelled [ref],AT94,94,P0240,https://www.lehighvalleylive.com/news/2020/01/stymied-in-nj-penneast-proposes-building-gas-pipeline-only-into-lehigh-valley-for-now.html,"https://www.lehighvalleylive.com/news/2020/01/stymied-in-nj-penneast-proposes-building-gas-pipeline-only-into-lehigh-valley-for-now.html, https://www.eia.gov/naturalgas/pipelines/EIA-NaturalGasPipelineProjectsAug2026.xlsx"
Gas pipelines,Capacity [ref],AZ94,94,P0240,,https://www.eia.gov/naturalgas/pipelines/EIA-NaturalGasPipelineProjectsAug2026.xlsx
Gas pipelines,SegmentCost [ref],CM94,94,P0240,,https://www.eia.gov/naturalgas/pipelines/EIA-NaturalGasPipelineProjectsAug2026.xlsx
Gas pipelines,Researcher,J95,95,P0241,BL,CB
Gas pipelines,LastUpdated,K95,95,P0241,45939,46297
Gas pipelines,Fuel [ref],M95,95,P0241,https://www.eia.gov/naturalgas/data.php#pipelines,"https://www.eia.gov/naturalgas/data.php#pipelines, https://www.eia.gov/naturalgas/pipelines/EIA-NaturalGasPipelineProjectsAug2026.xlsx"
Gas pipelines,PipelineType [ref],O95,95,P0241,https://www.eia.gov/naturalgas/data.php#pipelines,"https://www.eia.gov/naturalgas/data.php#pipelines, https://www.eia.gov/naturalgas/pipelines/EIA-NaturalGasPipelineProjectsAug2026.xlsx"
Gas pipelines,Capacity [ref],AZ95,95,P0241,,https://www.eia.gov/naturalgas/pipelines/EIA-NaturalGasPipelineProjectsAug2026.xlsx
Gas pipelines,Length [ref],BI95,95,P0241,https://www.eia.gov/naturalgas/data.php#pipelines,"https://www.eia.gov/naturalgas/data.php#pipelines, https://www.eia.gov/naturalgas/pipelines/EIA-NaturalGasPipelineProjectsAug2026.xlsx"
Gas pipelines,Diameter [ref],BO95,95,P0241,https://www.eia.gov/naturalgas/data.php#pipelines,"https://www.eia.gov/naturalgas/data.php#pipelines, https://www.eia.gov/naturalgas/pipelines/EIA-NaturalGasPipelineProjectsAug2026.xlsx"
Gas pipelines,Location [ref],CF95,95,P0241,https://www.eia.gov/naturalgas/data.php#pipelines,"https://www.eia.gov/naturalgas/data.php#pipelines, https://www.eia.gov/naturalgas/pipelines/EIA-NaturalGasPipelineProjectsAug2026.xlsx"
Gas pipelines,Status [ref],I106,106,P0253,,"https://www.federalregister.gov/documents/2026/03/11/2026-04756/southern-star-central-gas-pipeline-inc-notice-of-request-under-blanket-authorization-and, https://pgjonline.com/news/2026/march/southern-star-advances-kansas-gas-pipeline-project-as-ferc-opens-review"
Gas pipelines,Researcher,J106,106,P0253,HK,CB
Gas pipelines,LastUpdated,K106,106,P0253,45149,46297
Gas pipelines,Fuel [ref],M106,106,P0253,,"https://en.wikipedia.org/wiki/Southern_Star_Central_Gas_Pipeline, https://www.federalregister.gov/documents/2026/03/11/2026-04756/southern-star-central-gas-pipeline-inc-notice-of-request-under-blanket-authorization-and"
Gas pipelines,Start [ref],AL106,106,P0253,,https://en.wikipedia.org/wiki/Southern_Star_Central_Gas_Pipeline
Gas pipelines,Capacity [ref],AZ106,106,P0253,,https://en.wikipedia.org/wiki/Southern_Star_Central_Gas_Pipeline
Gas pipelines,Length [ref],BI106,106,P0253,,"https://en.wikipedia.org/wiki/Southern_Star_Central_Gas_Pipeline, https://www.offshore-technology.com/marketdata/southern-star-central-gas-gas-pipeline-the-us/"
Gas pipelines,Location [ref],CF106,106,P0253,,https://en.wikipedia.org/wiki/Southern_Star_Central_Gas_Pipeline
Gas pipelines,Status [ref],I117,117,P0264,,https://www.annualreports.com/HostedData/AnnualReportArchive/e/NYSE_EPD_2022.pdf
Gas pipelines,Researcher,J117,117,P0264,HK,CB
Gas pipelines,LastUpdated,K117,117,P0264,45174,46297
Gas pipelines,Fuel [ref],M117,117,P0264,,https://www.annualreports.com/HostedData/AnnualReportArchive/e/NYSE_EPD_2022.pdf
Gas pipelines,Capacity [ref],AZ117,117,P0264,,https://www.annualreports.com/HostedData/AnnualReportArchive/e/NYSE_EPD_2022.pdf
Gas pipelines,Length [ref],BI117,117,P0264,,https://www.annualreports.com/HostedData/AnnualReportArchive/e/NYSE_EPD_2022.pdf
Gas pipelines,Location [ref],CF117,117,P0264,,https://www.annualreports.com/HostedData/AnnualReportArchive/e/NYSE_EPD_2022.pdf
Gas pipelines,Researcher,J119,119,P0266,HK,CB
Gas pipelines,LastUpdated,K119,119,P0266,45168,46297
Gas pipelines,Fuel [ref],M119,119,P0266,,"https://en.wikipedia.org/wiki/Trailblazer_Pipeline, https://www.osti.gov/biblio/6382949, https://www.sec.gov/Archives/edgar/data/1633651/000119312515060140/d874172ds1.htm"
Gas pipelines,PipelineType [ref],O119,119,P0266,,"https://www.sec.gov/Archives/edgar/data/1633651/000119312515060140/d874172ds1.htm, https://www.federalregister.gov/documents/2023/04/06/2023-07197/trailblazer-pipeline-company-rockies-express-pipeline-llc-notice-of-availability-of-the"
Gas pipelines,ConstructionYear,AC119,119,P0266,,1981
Gas pipelines,Construction [ref],AE119,119,P0266,,"https://law.justia.com/cases/federal/district-courts/FSupp/661/1448/2373392/, https://www.osti.gov/biblio/6382949"
Gas pipelines,Length [ref],BI119,119,P0266,,"https://www.osti.gov/biblio/6382949, https://web.archive.org/web/20190727201518/http://pipeline.tallgrassenergylp.com/Pages/Content.aspx?pipeline=403&type=SMRY, https://www.sec.gov/Archives/edgar/data/1633651/000119312515060140/d874172ds1.htm"
Gas pipelines,Diameter [ref],BO119,119,P0266,,https://www.osti.gov/biblio/6382949
Gas pipelines,Status [ref],I121,121,P0268,,"https://www.hydrocarbons-technology.com/projects/trans-pecos-pipeline-project-texas/, http://web.archive.org/web/20190817112702/https://www.naturalgasintel.com/articles/109845-texas-to-mexico-trans-pecos-pipeline-nearing-in-service"
Gas pipelines,Researcher,J121,121,P0268,HK,CB
Gas pipelines,LastUpdated,K121,121,P0268,45169,46297
Gas pipelines,Fuel [ref],M121,121,P0268,,"https://assets.documentcloud.org/documents/2062745/trans-pecos-pipeline-t4-permit.txt, http://web.archive.org/web/20190817112702/https://www.naturalgasintel.com/articles/109845-texas-to-mexico-trans-pecos-pipeline-nearing-in-service"
Gas pipelines,PipelineType [ref],O121,121,P0268,,https://assets.documentcloud.org/documents/2062745/trans-pecos-pipeline-t4-permit.txt
Gas pipelines,Start [ref],AL121,121,P0268,,"https://www.hydrocarbons-technology.com/projects/trans-pecos-pipeline-project-texas/, http://web.archive.org/web/20190817112702/https://www.naturalgasintel.com/articles/109845-texas-to-mexico-trans-pecos-pipeline-nearing-in-service"
Gas pipelines,Capacity [ref],AZ121,121,P0268,,"http://web.archive.org/web/20190817112702/https://www.naturalgasintel.com/articles/109845-texas-to-mexico-trans-pecos-pipeline-nearing-in-service, https://www.hydrocarbons-technology.com/projects/trans-pecos-pipeline-project-texas/"
Gas pipelines,Length [ref],BI121,121,P0268,,"https://www.hydrocarbons-technology.com/projects/trans-pecos-pipeline-project-texas/, http://web.archive.org/web/20190817112702/https://www.naturalgasintel.com/articles/109845-texas-to-mexico-trans-pecos-pipeline-nearing-in-service, https://www.carso.com.mx/wp-content/InformesAnuales/GC2016/eng/energy.html"
Gas pipelines,Diameter [ref],BO121,121,P0268,,"https://www.hydrocarbons-technology.com/projects/trans-pecos-pipeline-project-texas/, http://web.archive.org/web/20190817112702/https://www.naturalgasintel.com/articles/109845-texas-to-mexico-trans-pecos-pipeline-nearing-in-service, https://assets.documentcloud.org/documents/2062745/trans-pecos-pipeline-t4-permit.txt"
Gas pipelines,Location [ref],CF121,121,P0268,,"http://web.archive.org/web/20190817112702/https://www.naturalgasintel.com/articles/109845-texas-to-mexico-trans-pecos-pipeline-nearing-in-service, https://www.hydrocarbons-technology.com/projects/trans-pecos-pipeline-project-texas/, https://assets.documentcloud.org/documents/2062745/trans-pecos-pipeline-t4-permit.txt"
Gas pipelines,SegmentCost [ref],CM121,121,P0268,,"https://www.hydrocarbons-technology.com/projects/trans-pecos-pipeline-project-texas/, https://www.carso.com.mx/wp-content/InformesAnuales/GC2016/eng/energy.html"
Gas pipelines,Researcher,J136,136,P0283,HK,CB
Gas pipelines,LastUpdated,K136,136,P0283,45148,46297
Gas pipelines,Fuel [ref],M136,136,P0283,,"https://www.lawinsider.com/dictionary/creole-trail-pipeline, https://www.cheniere.com/about/where-we-work/creole-trail-pipeline, https://naturalgasintel.com/news/chenieres-creole-trail-expansion-cleared-for-service-2/"
Gas pipelines,ProposalYear,Z136,136,P0283,,2005
Gas pipelines,ProposalMonth,AA136,136,P0283,,5
Gas pipelines,Proposal [ref],AB136,136,P0283,,"https://www.federalregister.gov/documents/2005/06/08/E5-2920/creole-trail-lng-lp-and-cheniere-creole-trail-pipeline-company-notice-of-applications, https://www.sec.gov/Archives/edgar/data/0000003570/000115752305010891/a5042189ex99-1.txt"
Gas pipelines,ConstructionYear,AC136,136,P0283,,2007
Gas pipelines,ConstructionMonth,AD136,136,P0283,,9
Gas pipelines,Construction [ref],AE136,136,P0283,,"https://www.industrialinfo.com/news/article/cheniere-energy-awards-contracts-begins-construction-on-creole-trail-natural-gas-pipeline--122038, https://lngir.cheniere.com/sec-filings/all-sec-filings/content/0001193125-07-005315/dex101.htm"
Gas pipelines,StartYear2,AH136,136,P0283,,2015
Gas pipelines,StartYear2Month,AI136,136,P0283,,4
Gas pipelines,Start [ref],AL136,136,P0283,,https://naturalgasintel.com/news/chenieres-creole-trail-expansion-cleared-for-service-2/
Gas pipelines,Capacity [ref],AZ136,136,P0283,,https://www.cheniere.com/about/where-we-work/creole-trail-pipeline
Gas pipelines,Length [ref],BI136,136,P0283,,"https://www.cheniere.com/about/where-we-work/creole-trail-pipeline, https://www.lawinsider.com/dictionary/creole-trail-pipeline, https://www.prnewswire.com/news-releases/cheniere-partners-completes-financing-and-commences-construction-on-sabine-pass-liquefaction-trains-3-and-4-purchases-creole-trail-pipeline-209316521.html"
Gas pipelines,Diameter,BM136,136,P0283,,42
Gas pipelines,DiameterUnits,BN136,136,P0283,,in
Gas pipelines,Diameter [ref],BO136,136,P0283,,"https://www.cheniere.com/about/where-we-work/creole-trail-pipeline, https://www.lawinsider.com/dictionary/creole-trail-pipeline"
Gas pipelines,Location [ref],CF136,136,P0283,,"https://naturalgasintel.com/news/chenieres-creole-trail-expansion-cleared-for-service-2/, https://www.federalregister.gov/documents/2006/05/11/E6-7199/creole-trail-lng-lp-cheniere-creole-trail-pipeline-company-notice-of-availability-of-the-final, https://www.cheniere.com/about/where-we-work/creole-trail-pipeline, http://www.argusmedia.com/pages/NewsBody.aspx?id=1391293&menu=yes"
Gas pipelines,Researcher,J147,147,P0294,HK,CB
Gas pipelines,LastUpdated,K147,147,P0294,45170,46297
Gas pipelines,Fuel [ref],M147,147,P0294,,"https://www.govinfo.gov/content/pkg/FR-1997-12-12/html/97-32502.htm, https://www.sec.gov/Archives/edgar/data/1513965/000151396519000026/a10-k2018.htm"
Gas pipelines,PipelineType [ref],O147,147,P0294,,"https://www.sec.gov/Archives/edgar/data/1513965/000151396517000059/a2016q410-k.htm, https://www.sec.gov/Archives/edgar/data/1513965/000151396519000026/a10-k2018.htm"
Gas pipelines,Capacity [ref],AZ147,147,P0294,,https://www.sec.gov/Archives/edgar/data/1513965/000151396517000059/a2016q410-k.htm
Gas pipelines,Length [ref],BI147,147,P0294,,"https://www.sec.gov/Archives/edgar/data/1513965/000151396517000059/a2016q410-k.htm, https://www.sec.gov/Archives/edgar/data/1513965/000151396519000026/a10-k2018.htm"
Gas pipelines,Diameter [ref],BO147,147,P0294,,"https://www.sec.gov/Archives/edgar/data/1513965/000151396517000059/a2016q410-k.htm, https://www.sec.gov/Archives/edgar/data/1513965/000151396519000026/a10-k2018.htm"
Gas pipelines,Status [ref],I154,154,P0304,,"https://www.pipeline-journal.net/news/some-ups-and-more-downs-years-american-gas-pipeline-market, https://www.eia.gov/naturalgas/pipelines/EIA-NaturalGasPipelineProjects_Jan2021.xlsx"
Gas pipelines,Researcher,J154,154,P0304,HK,CB
Gas pipelines,LastUpdated,K154,154,P0304,45146,46297
Gas pipelines,Fuel [ref],M154,154,P0304,,"https://www.ogj.com/pipelines-transportation/pipelines/article/17296606/magnum-holds-open-season-for-west-header-project, https://www.eia.gov/naturalgas/pipelines/EIA-NaturalGasPipelineProjectsAug2026.xlsx"
Gas pipelines,ProposalYear,Z154,154,P0304,,2018
Gas pipelines,ProposalMonth,AA154,154,P0304,,6
Gas pipelines,Proposal [ref],AB154,154,P0304,,"https://www.ogj.com/pipelines-transportation/pipelines/article/17296606/magnum-holds-open-season-for-west-header-project, https://s3.amazonaws.com/pgj-wp-media/wp-content/uploads/2018/10/PN1018-Planned-Projects.pdf"
Gas pipelines,Start [ref],AL154,154,P0304,,https://www.eia.gov/naturalgas/pipelines/EIA-NaturalGasPipelineProjects_Jan2019.xlsx
Gas pipelines,Cancelled [ref],AT154,154,P0304,,"https://www.pipeline-journal.net/news/some-ups-and-more-downs-years-american-gas-pipeline-market, https://www.eia.gov/naturalgas/pipelines/EIA-NaturalGasPipelineProjects_Jan2021.xlsx"
Gas pipelines,Capacity [ref],AZ154,154,P0304,,https://www.eia.gov/naturalgas/pipelines/EIA-NaturalGasPipelineProjectsAug2026.xlsx
Gas pipelines,Length [ref],BI154,154,P0304,,"https://www.eia.gov/naturalgas/pipelines/EIA-NaturalGasPipelineProjectsAug2026.xlsx, https://s3.amazonaws.com/pgj-wp-media/wp-content/uploads/2018/10/PN1018-Planned-Projects.pdf"
Gas pipelines,Diameter [ref],BO154,154,P0304,,https://www.eia.gov/naturalgas/pipelines/EIA-NaturalGasPipelineProjectsAug2026.xlsx
Gas pipelines,Location [ref],CF154,154,P0304,,"https://s3.amazonaws.com/pgj-wp-media/wp-content/uploads/2018/10/PN1018-Planned-Projects.pdf, https://www.ogj.com/pipelines-transportation/pipelines/article/17296606/magnum-holds-open-season-for-west-header-project"
Gas pipelines,Status [ref],I159,159,P0309,https://www.eia.gov/naturalgas/data.php#pipelines,"https://www.eia.gov/naturalgas/data.php#pipelines, https://www.sec.gov/Archives/edgar/data/356309/000035630925000093/njr-20250930.htm, https://www.eia.gov/naturalgas/pipelines/EIA-NaturalGasPipelineProjectsAug2026.xlsx"
Gas pipelines,Researcher,J159,159,P0309,BL,CB
Gas pipelines,LastUpdated,K159,159,P0309,45876,46297
Gas pipelines,Proposal [ref],AB159,159,P0309,,https://www.ferc.gov/sites/default/files/2020-04/CP18-46-EA.pdf
Gas pipelines,Delay [ref],AO159,159,P0309,,"https://www.ferc.gov/sites/default/files/2020-04/CP18-46-EA.pdf, https://www.eia.gov/naturalgas/pipelines/EIA-NaturalGasPipelineProjectsAug2026.xlsx"
Gas pipelines,Pressure,BA159,159,P0309,,"1,083, 1,200"
Gas pipelines,PressureUnits,BB159,159,P0309,,psig
Gas pipelines,Pressure [ref],BC159,159,P0309,,https://www.ferc.gov/sites/default/files/2020-04/CP18-46-EA.pdf
Gas pipelines,Diameter [ref],BO159,159,P0309,https://www.eia.gov/naturalgas/data.php#pipelines,"https://www.eia.gov/naturalgas/data.php#pipelines, https://www.ferc.gov/sites/default/files/2020-04/CP18-46-EA.pdf, https://www.eia.gov/naturalgas/pipelines/EIA-NaturalGasPipelineProjectsAug2026.xlsx"
Gas pipelines,SegmentCost,CJ159,159,P0309,,143000000.0
Gas pipelines,SegmentCostUnits,CK159,159,P0309,,USD
Gas pipelines,SegmentCostYear,CL159,159,P0309,,2023
Gas pipelines,SegmentCost [ref],CM159,159,P0309,,https://www.eia.gov/naturalgas/pipelines/EIA-NaturalGasPipelineProjectsAug2026.xlsx
Gas pipelines,Status [ref],I166,166,P0316,,https://www.eia.gov/naturalgas/pipelines/EIA-NaturalGasPipelineProjects.xlsx
Gas pipelines,Researcher,J166,166,P0316,HK,CB
Gas pipelines,LastUpdated,K166,166,P0316,45170,46297
Gas pipelines,Fuel [ref],M166,166,P0316,,"https://www.eia.gov/naturalgas/pipelines/EIA-NaturalGasPipelineProjects.xlsx, https://s3.amazonaws.com/pgj-wp-media/wp-content/uploads/2018/10/PN1018-Planned-Projects.pdf"
Gas pipelines,ProposalYear,Z166,166,P0316,,2017
Gas pipelines,Proposal [ref],AB166,166,P0316,,https://s3.amazonaws.com/pgj-wp-media/wp-content/uploads/2018/10/PN1018-Planned-Projects.pdf
Gas pipelines,StartMonth1,AG166,166,P0316,,December
Gas pipelines,Start [ref],AL166,166,P0316,,"https://www.eia.gov/naturalgas/pipelines/EIA-NaturalGasPipelineProjects.xlsx, https://s3.amazonaws.com/pgj-wp-media/wp-content/uploads/2018/10/PN1018-Planned-Projects.pdf"
Gas pipelines,Capacity [ref],AZ166,166,P0316,,https://www.eia.gov/naturalgas/pipelines/EIA-NaturalGasPipelineProjects.xlsx
Gas pipelines,Diameter [ref],BO166,166,P0316,,"https://www.eia.gov/naturalgas/pipelines/EIA-NaturalGasPipelineProjects.xlsx, https://s3.amazonaws.com/pgj-wp-media/wp-content/uploads/2018/10/PN1018-Planned-Projects.pdf"
Gas pipelines,Researcher,J173,173,P0323,AL,CB
Gas pipelines,LastUpdated,K173,173,P0323,45509,46297
Gas pipelines,Fuel [ref],M173,173,P0323,https://www.enbridge.com/~/media/Enb/Documents/Projects/PhillyAdelphiaOS%20Brochure%20227%20DRAFTv5.pdf?la=en,"https://www.enbridge.com/~/media/Enb/Documents/Projects/PhillyAdelphiaOS%20Brochure%20227%20DRAFTv5.pdf?la=en, https://www.eia.gov/naturalgas/pipelines/EIA-NaturalGasPipelineProjectsAug2026.xlsx"
Gas pipelines,Proposal [ref],AB173,173,P0323,https://www.enbridge.com/~/media/Enb/Documents/Projects/PhillyAdelphiaOS%20Brochure%20227%20DRAFTv5.pdf?la=en,"https://www.enbridge.com/~/media/Enb/Documents/Projects/PhillyAdelphiaOS%20Brochure%20227%20DRAFTv5.pdf?la=en, https://www.eia.gov/naturalgas/pipelines/EIA-NaturalGasPipelineProjects_Jan2019.xlsx"
Gas pipelines,Start [ref],AL173,173,P0323,https://www.enbridge.com/~/media/Enb/Documents/Projects/PhillyAdelphiaOS%20Brochure%20227%20DRAFTv5.pdf?la=en,"https://www.enbridge.com/~/media/Enb/Documents/Projects/PhillyAdelphiaOS%20Brochure%20227%20DRAFTv5.pdf?la=en, https://www.eia.gov/naturalgas/pipelines/EIA-NaturalGasPipelineProjects_Jan2019.xlsx"
Gas pipelines,Delay [ref],AO173,173,P0323,,https://www.eia.gov/naturalgas/pipelines/EIA-NaturalGasPipelineProjectsAug2026.xlsx
Gas pipelines,Shelved [ref],AR173,173,P0323,https://www.enbridge.com/projects-and-infrastructure/projects/greater-philadelphia-expansion-project#projectdetails:project-preview,"https://www.enbridge.com/projects-and-infrastructure/projects/greater-philadelphia-expansion-project#projectdetails:project-preview, https://www.eia.gov/naturalgas/pipelines/EIA-NaturalGasPipelineProjects_Jul2025.xlsx"
Gas pipelines,Capacity [ref],AZ173,173,P0323,https://www.eia.gov/naturalgas/data.php#pipelines,"https://www.eia.gov/naturalgas/data.php#pipelines, https://www.eia.gov/naturalgas/pipelines/EIA-NaturalGasPipelineProjectsAug2026.xlsx"
Gas pipelines,Researcher,J184,184,P0369,HK,CB
Gas pipelines,LastUpdated,K184,184,P0369,45172,46297
Gas pipelines,Fuel [ref],M184,184,P0369,,"https://www.atmosenergy.com/apt/about-atmos-pipeline-texas, https://en.wikipedia.org/wiki/Atmos_Energy"
Gas pipelines,PipelineType,N184,184,P0369,,transmission
Gas pipelines,PipelineType [ref],O184,184,P0369,,"https://www.rrc.texas.gov/media/2msoylcp/7-455-7-305-comments-atmospipelinetx.pdf, https://www.atmosenergy.com/apt/about-atmos-pipeline-texas"
Gas pipelines,Length [ref],BI184,184,P0369,,https://www.atmosenergy.com/apt/about-atmos-pipeline-texas
Gas pipelines,Location [ref],CF184,184,P0369,,"https://www.atmosenergy.com/apt/about-atmos-pipeline-texas, https://en.wikipedia.org/wiki/Atmos_Energy"
Gas pipelines,Researcher,J196,196,P0386,HK,CB
Gas pipelines,LastUpdated,K196,196,P0386,45173,46297
Gas pipelines,Location [ref],CF196,196,P0386,,"https://s3.amazonaws.com/pgj-wp-media/wp-content/uploads/2018/10/PN1018-Ongoing-Projects.pdf, https://energyspectrum.com/investments/taproot-energy-partners/"
Gas pipelines,Researcher,J1060,1060,P2008,,CB
Gas pipelines,LastUpdated,K1060,1060,P2008,,46297
Gas pipelines,Fuel [ref],M1060,1060,P2008,,"https://www.federalregister.gov/documents/2011/02/11/2011-3160/texas-eastern-transmission-lp-notice-of-application, https://www.federalregister.gov/documents/2013/03/21/2013-06465/texas-eastern-transmission-lp-notice-of-application-for-certificate-of-public-convenience-and"
Gas pipelines,PipelineType [ref],O1060,1060,P2008,,"https://www.federalregister.gov/documents/2011/09/02/2011-22517/texas-eastern-transmission-lp-notice-of-availability-of-the-environmental-assessment-for-the, https://www.eia.gov/naturalgas/pipelines/EIA-NaturalGasPipelineProjectsAug2026.xlsx"
Gas pipelines,ProposalYear,Z1060,1060,P2008,,2010
Gas pipelines,ProposalMonth,AA1060,1060,P2008,,8
Gas pipelines,Proposal [ref],AB1060,1060,P2008,,https://www.federalregister.gov/documents/2010/08/26/2010-21171/texas-eastern-transmission-lp-notice-of-intent-to-prepare-an-environmental-assessment-for-the
Gas pipelines,StartYear1,AF1060,1060,P2008,,2012
Gas pipelines,StartMonth1,AG1060,1060,P2008,,11
Gas pipelines,Start [ref],AL1060,1060,P2008,,"https://www.federalregister.gov/documents/2012/09/12/2012-22402/combined-notice-of-filings, https://www.eia.gov/naturalgas/pipelines/EIA-NaturalGasPipelineProjectsAug2026.xlsx"
Gas pipelines,Shelved [ref],AR1060,1060,P2008,,https://www.federalregister.gov/documents/2010/08/26/2010-21171/texas-eastern-transmission-lp-notice-of-intent-to-prepare-an-environmental-assessment-for-the
Gas pipelines,Cancelled [ref],AT1060,1060,P2008,,"https://www.federalregister.gov/documents/2012/09/12/2012-22402/combined-notice-of-filings, https://www.eia.gov/naturalgas/pipelines/EIA-NaturalGasPipelineProjectsAug2026.xlsx"
Gas pipelines,Diameter,BM1060,1060,P2008,,36
Gas pipelines,DiameterUnits,BN1060,1060,P2008,,in
Gas pipelines,Diameter [ref],BO1060,1060,P2008,,"https://www.federalregister.gov/documents/2011/09/02/2011-22517/texas-eastern-transmission-lp-notice-of-availability-of-the-environmental-assessment-for-the, https://www.federalregister.gov/documents/2013/03/21/2013-06465/texas-eastern-transmission-lp-notice-of-application-for-certificate-of-public-convenience-and"
Gas pipelines,FuelSource,BQ1060,1060,P2008,,"Marcellus and Utica Shale, Appalachian Basin"
Gas pipelines,FuelSource [ref],BR1060,1060,P2008,,"https://www.federalregister.gov/documents/2013/03/21/2013-06465/texas-eastern-transmission-lp-notice-of-application-for-certificate-of-public-convenience-and, https://www.federalregister.gov/documents/2011/02/11/2011-3160/texas-eastern-transmission-lp-notice-of-application"
Gas pipelines,Location [ref],CF1060,1060,P2008,,"https://www.federalregister.gov/documents/2011/02/11/2011-3160/texas-eastern-transmission-lp-notice-of-application, https://www.federalregister.gov/documents/2011/09/02/2011-22517/texas-eastern-transmission-lp-notice-of-availability-of-the-environmental-assessment-for-the"
Gas pipelines,Status [ref],I1072,1072,P2041,,"https://www.ogj.com/pipelines-transportation/pipelines/article/14040056/taproot-plans-extension-of-dj-basin-midstream-system, https://www.rigzone.com/news/taproot_inks_dj_basin_deal_with_mallard_exploration-02-jun-2020-162254-article/"
Gas pipelines,Researcher,J1072,1072,P2041,BL,CB
Gas pipelines,LastUpdated,K1072,1072,P2041,,46297
Gas pipelines,ProposalYear,Z1072,1072,P2041,,2019
Gas pipelines,ProposalMonth,AA1072,1072,P2041,,9
Gas pipelines,Proposal [ref],AB1072,1072,P2041,,https://web.archive.org/web/20210925162006/https://www.businesswire.com/news/home/20190916005915/en/Taproot-Energy-Partners-Announces-the-Execution-of-a-Long-Term-Crude-Oil-Transportation-Agreement-with-Bonanza-Creek-Energy-Operating-Company-LLC-and-Strategic-Extension-of-Its-Midstream-Infrastructure-in-the-DJ-Basin-the-%E2%80%9CRattlesnake-Extension%E2%80%9D
Gas pipelines,Start [ref],AL1072,1072,P2041,,"https://www.ogj.com/pipelines-transportation/pipelines/article/14040056/taproot-plans-extension-of-dj-basin-midstream-system, https://www.rigzone.com/news/taproot_inks_dj_basin_deal_with_mallard_exploration-02-jun-2020-162254-article/"
Gas pipelines,Length [ref],BI1072,1072,P2041,,"https://www.ogj.com/pipelines-transportation/pipelines/article/14040056/taproot-plans-extension-of-dj-basin-midstream-system, https://web.archive.org/web/20210925162006/https://www.businesswire.com/news/home/20190916005915/en/Taproot-Energy-Partners-Announces-the-Execution-of-a-Long-Term-Crude-Oil-Transportation-Agreement-with-Bonanza-Creek-Energy-Operating-Company-LLC-and-Strategic-Extension-of-Its-Midstream-Infrastructure-in-the-DJ-Basin-the-%E2%80%9CRattlesnake-Extension%E2%80%9D"
Gas pipelines,Location [ref],CF1072,1072,P2041,,"https://www.ogj.com/pipelines-transportation/pipelines/article/14040056/taproot-plans-extension-of-dj-basin-midstream-system, https://www.sec.gov/Archives/edgar/data/1509589/000110465922029301/tm227964d1_ex10-1.htm"
Gas pipelines,Status [ref],I1284,1284,P2497,,"https://www.sec.gov/Archives/edgar/data/1506307/000150630722000002/kmi2021q48-kex991.htm, https://www.naturalgasintel.com/news/kinder-morgan-records-stronger-natural-gas-volumes-in-texas/"
Gas pipelines,Researcher,J1284,1284,P2497,HK,CB
Gas pipelines,LastUpdated,K1284,1284,P2497,45141,46297
Gas pipelines,Fuel [ref],M1284,1284,P2497,,"https://us-east-1.storage.xata.sh/4elib88vi11qt5l8lunalfip38, https://www.eia.gov/todayinenergy/detail.php?id=50376"
Gas pipelines,PipelineType [ref],O1284,1284,P2497,,https://us-east-1.storage.xata.sh/4elib88vi11qt5l8lunalfip38
Gas pipelines,ProposalYear,Z1284,1284,P2497,,2019
Gas pipelines,ProposalMonth,AA1284,1284,P2497,,6
Gas pipelines,Proposal [ref],AB1284,1284,P2497,,"https://us-east-1.storage.xata.sh/4elib88vi11qt5l8lunalfip38, https://www.federalregister.gov/documents/2020/02/12/2020-02805/kinder-morgan-louisiana-pipeline-llc-columbia-gulf-transmission-llc-notice-of-availability-of-the"
Gas pipelines,ConstructionYear,AC1284,1284,P2497,,2020
Gas pipelines,Construction [ref],AE1284,1284,P2497,,https://www.naturalgasintel.com/news/kinder-morgan-records-stronger-natural-gas-volumes-in-texas/
Gas pipelines,Capacity [ref],AZ1284,1284,P2497,,"https://us-east-1.storage.xata.sh/4elib88vi11qt5l8lunalfip38, https://www.eia.gov/todayinenergy/detail.php?id=50376"
Gas pipelines,Length [ref],BI1284,1284,P2497,,https://us-east-1.storage.xata.sh/4elib88vi11qt5l8lunalfip38
Gas pipelines,StartLocation,BS1284,1284,P2497,,"Compressor Station 760, Acadia Parish"
Gas pipelines,StartState/Province,BU1284,1284,P2497,,Louisiana
Gas pipelines,EndLocation,BY1284,1284,P2497,,"Columbia Gulf interconnect, Evangeline Parish"
Gas pipelines,EndState/Province,CA1284,1284,P2497,,Louisiana
Gas pipelines,Location [ref],CF1284,1284,P2497,,"https://us-east-1.storage.xata.sh/4elib88vi11qt5l8lunalfip38, https://www.eia.gov/todayinenergy/detail.php?id=50376"
Gas pipelines,SegmentCost [ref],CM1284,1284,P2497,,"https://www.sec.gov/Archives/edgar/data/1506307/000150630721000104/kmi2021q38-kex991.htm, https://www.sec.gov/Archives/edgar/data/1506307/000150630722000002/kmi2021q48-kex991.htm"
Gas pipelines,Status [ref],I1292,1292,P2510,,"https://www.sec.gov/Archives/edgar/data/1489136/000148913619000011/semg1231201810-k.htm, https://www.eia.gov/naturalgas/pipelines/EIA-NaturalGasPipelineProjectsAug2026.xlsx"
Gas pipelines,Researcher,J1292,1292,P2510,HK,CB
Gas pipelines,LastUpdated,K1292,1292,P2510,45174,46297
Gas pipelines,Fuel [ref],M1292,1292,P2510,,"https://www.eia.gov/naturalgas/pipelines/EIA-NaturalGasPipelineProjectsAug2026.xlsx, https://www.sec.gov/Archives/edgar/data/1489136/000148913619000011/semg1231201810-k.htm"
Gas pipelines,Proposal [ref],AB1292,1292,P2510,,"https://web.archive.org/web/2020/https://www.globenewswire.com/news-release/2017/05/03/978184/0/en/SemGroup-Announces-Natural-Gas-Pipeline-Project-to-Serve-Active-STACK-Play.html, https://www.oklahomaminerals.com/oklahoma-pipelines"
Gas pipelines,ConstructionYear,AC1292,1292,P2510,,2017
Gas pipelines,Construction [ref],AE1292,1292,P2510,,"https://web.archive.org/web/2020/https://www.oklahoman.com/story/business/columns/2019/09/16/tulsas-semgroup-to-be-bought-by-energy-transfer-partners-companies-announced-monday/60434453007/, https://web.archive.org/web/2020/https://www.globenewswire.com/news-release/2017/05/03/978184/0/en/SemGroup-Announces-Natural-Gas-Pipeline-Project-to-Serve-Active-STACK-Play.html"
Gas pipelines,Start [ref],AL1292,1292,P2510,,"https://www.eia.gov/naturalgas/pipelines/EIA-NaturalGasPipelineProjectsAug2026.xlsx, https://www.sec.gov/Archives/edgar/data/1489136/000148913618000004/semg1231201710-k.htm"
Gas pipelines,Capacity [ref],AZ1292,1292,P2510,,"https://www.eia.gov/naturalgas/pipelines/EIA-NaturalGasPipelineProjectsAug2026.xlsx, https://www.oklahomaminerals.com/oklahoma-pipelines, https://www.sec.gov/Archives/edgar/data/1489136/000148913619000011/semg1231201810-k.htm"
Gas pipelines,Diameter [ref],BO1292,1292,P2510,,"https://web.archive.org/web/2020/https://www.globenewswire.com/news-release/2017/05/03/978184/0/en/SemGroup-Announces-Natural-Gas-Pipeline-Project-to-Serve-Active-STACK-Play.html, https://www.eia.gov/naturalgas/pipelines/EIA-NaturalGasPipelineProjectsAug2026.xlsx"
Gas pipelines,FuelSource [ref],BR1292,1292,P2510,,https://www.eia.gov/naturalgas/pipelines/EIA-NaturalGasPipelineProjectsAug2026.xlsx
Gas pipelines,Location [ref],CF1292,1292,P2510,,"https://web.archive.org/web/2020/https://www.globenewswire.com/news-release/2017/05/03/978184/0/en/SemGroup-Announces-Natural-Gas-Pipeline-Project-to-Serve-Active-STACK-Play.html, https://www.oklahomaminerals.com/oklahoma-pipelines"
Gas pipelines,SegmentCost [ref],CM1292,1292,P2510,,https://www.eia.gov/naturalgas/pipelines/EIA-NaturalGasPipelineProjectsAug2026.xlsx
Gas pipelines,Researcher,J1296,1296,P2519,HK,CB
Gas pipelines,LastUpdated,K1296,1296,P2519,45159,46297
Gas pipelines,Fuel [ref],M1296,1296,P2519,,"https://web.archive.org/web/20240612231522/https://www.businesswire.com/news/home/20170503006675/en/Energy-Transfer-Announces-Trans-Pecos-Pipeline-Comanche-Trail, https://www.eia.gov/naturalgas/pipelines/EIA-NaturalGasPipelineProjects.xlsx"
Gas pipelines,PipelineType [ref],O1296,1296,P2519,,"https://web.archive.org/web/20240612231522/https://www.businesswire.com/news/home/20170503006675/en/Energy-Transfer-Announces-Trans-Pecos-Pipeline-Comanche-Trail, https://www.eia.gov/naturalgas/pipelines/EIA-NaturalGasPipelineProjects.xlsx"
Gas pipelines,StartMonth1,AG1296,1296,P2519,,1
Gas pipelines,Start [ref],AL1296,1296,P2519,,"https://web.archive.org/web/20240612231522/https://www.businesswire.com/news/home/20170503006675/en/Energy-Transfer-Announces-Trans-Pecos-Pipeline-Comanche-Trail, https://www.eia.gov/naturalgas/pipelines/EIA-NaturalGasPipelineProjects.xlsx"
Gas pipelines,Capacity [ref],AZ1296,1296,P2519,,"https://web.archive.org/web/20240612231522/https://www.businesswire.com/news/home/20170503006675/en/Energy-Transfer-Announces-Trans-Pecos-Pipeline-Comanche-Trail, https://www.eia.gov/naturalgas/pipelines/EIA-NaturalGasPipelineProjects.xlsx"
Gas pipelines,Length [ref],BI1296,1296,P2519,,"https://web.archive.org/web/20240612231522/https://www.businesswire.com/news/home/20170503006675/en/Energy-Transfer-Announces-Trans-Pecos-Pipeline-Comanche-Trail, https://www.eia.gov/naturalgas/pipelines/EIA-NaturalGasPipelineProjects.xlsx"
Gas pipelines,Diameter [ref],BO1296,1296,P2519,,"https://web.archive.org/web/20240612231522/https://www.businesswire.com/news/home/20170503006675/en/Energy-Transfer-Announces-Trans-Pecos-Pipeline-Comanche-Trail, https://www.eia.gov/naturalgas/pipelines/EIA-NaturalGasPipelineProjects.xlsx, https://www.bnamericas.com/project-profile/en/gasoducto-waha-san-elizario-comanche-trail-gasoducto-waha-san-elizario-comanche-trail"
Gas pipelines,FuelSource [ref],BR1296,1296,P2519,,"https://web.archive.org/web/20240612231522/https://www.businesswire.com/news/home/20170503006675/en/Energy-Transfer-Announces-Trans-Pecos-Pipeline-Comanche-Trail, https://www.bnamericas.com/project-profile/en/gasoducto-waha-san-elizario-comanche-trail-gasoducto-waha-san-elizario-comanche-trail"
Gas pipelines,StartLocation,BS1296,1296,P2519,,Waha Hub
Gas pipelines,StartPrefecture/District,BT1296,1296,P2519,,Pecos County
Gas pipelines,Location [ref],CF1296,1296,P2519,,"https://web.archive.org/web/20240612231522/https://www.businesswire.com/news/home/20170503006675/en/Energy-Transfer-Announces-Trans-Pecos-Pipeline-Comanche-Trail, https://www.bnamericas.com/project-profile/en/gasoducto-waha-san-elizario-comanche-trail-gasoducto-waha-san-elizario-comanche-trail"
Gas pipelines,SegmentCost [ref],CM1296,1296,P2519,,https://www.eia.gov/naturalgas/pipelines/EIA-NaturalGasPipelineProjects.xlsx
Gas pipelines,Researcher,J1297,1297,P2521,BL,CB
Gas pipelines,LastUpdated,K1297,1297,P2521,45133,46297
Gas pipelines,Fuel [ref],M1297,1297,P2521,,https://www.energy.gov/sites/prod/files/2019/09/f66/ea-2111-corpus-christi-lng-stage-3-2019-03.pdf
Gas pipelines,Capacity [ref],AZ1297,1297,P2521,,https://www.energy.gov/sites/prod/files/2019/09/f66/ea-2111-corpus-christi-lng-stage-3-2019-03.pdf
Gas pipelines,Length [ref],BI1297,1297,P2521,,https://www.energy.gov/sites/prod/files/2019/09/f66/ea-2111-corpus-christi-lng-stage-3-2019-03.pdf
Gas pipelines,Diameter [ref],BO1297,1297,P2521,,https://www.energy.gov/sites/prod/files/2019/09/f66/ea-2111-corpus-christi-lng-stage-3-2019-03.pdf
Gas pipelines,StartLocation,BS1297,1297,P2521,,Stage 3 LNG Facilities M&R Station (pipeline milepost 0.0)
Gas pipelines,StartPrefecture/District,BT1297,1297,P2521,,San Patricio County
Gas pipelines,EndLocation,BY1297,1297,P2521,,Sinton Compressor Station Expansion (pipeline milepost 21.0)
Gas pipelines,EndPrefecture/District,BZ1297,1297,P2521,,San Patricio County
Gas pipelines,Location [ref],CF1297,1297,P2521,,https://www.energy.gov/sites/prod/files/2019/09/f66/ea-2111-corpus-christi-lng-stage-3-2019-03.pdf
Gas pipelines,Status [ref],I1306,1306,P2537,https://www.eia.gov/naturalgas/data.php#pipelines,"https://www.eia.gov/naturalgas/data.php#pipelines, https://www.ferc.gov/sites/default/files/2020-04/CP19-491-EA.pdf, https://www.sec.gov/Archives/edgar/data/70145/000119312523011706/d425145dars.pdf, https://www.naturalgasintel.com/ferc-oks-fm100-natural-gas-project-in-pennsylvania-to-start-construction/"
Gas pipelines,Researcher,J1306,1306,P2537,BL,CB
Gas pipelines,LastUpdated,K1306,1306,P2537,45539,46297
Gas pipelines,Fuel [ref],M1306,1306,P2537,https://www.eia.gov/naturalgas/data.php#pipelines,"https://www.eia.gov/naturalgas/data.php#pipelines, https://www.ferc.gov/sites/default/files/2020-04/CP19-491-EA.pdf, https://www.naturalgasintel.com/ferc-oks-fm100-natural-gas-project-in-pennsylvania-to-start-construction/"
Gas pipelines,ProposalYear,Z1306,1306,P2537,,2017
Gas pipelines,ProposalMonth,AA1306,1306,P2537,,9
Gas pipelines,Proposal [ref],AB1306,1306,P2537,,https://www.ferc.gov/sites/default/files/2020-04/CP19-491-EA.pdf
Gas pipelines,Capacity [ref],AZ1306,1306,P2537,,"https://www.ferc.gov/sites/default/files/2020-04/CP19-491-EA.pdf, https://www.naturalgasintel.com/ferc-oks-fm100-natural-gas-project-in-pennsylvania-to-start-construction/"
Gas pipelines,Length [ref],BI1306,1306,P2537,,"https://www.ferc.gov/sites/default/files/2020-04/CP19-491-EA.pdf, https://www.eia.gov/naturalgas/pipelines/EIA-NaturalGasPipelineProjectsAug2026.xlsx"
Gas pipelines,FuelSource,BQ1306,1306,P2537,,"Marcellus Shale, Utica Shale"
Gas pipelines,FuelSource [ref],BR1306,1306,P2537,,https://www.ferc.gov/sites/default/files/2020-04/CP19-491-EA.pdf
Gas pipelines,EndPrefecture/District,BZ1306,1306,P2537,,Clinton County
Gas pipelines,Location [ref],CF1306,1306,P2537,,"https://www.ferc.gov/sites/default/files/2020-04/CP19-491-EA.pdf, https://www.pa.gov/agencies/dep/programs-and-services/permitting-coordination/pennsylvania-pipeline-portal/fm100"
Gas pipelines,SegmentCost,CJ1306,1306,P2537,,230000000.0
Gas pipelines,SegmentCostUnits,CK1306,1306,P2537,,USD
Gas pipelines,SegmentCostYear,CL1306,1306,P2537,,2021
Gas pipelines,SegmentCost [ref],CM1306,1306,P2537,,https://www.sec.gov/Archives/edgar/data/70145/000119312523011706/d425145dars.pdf
Gas pipelines,Status [ref],I1317,1317,P2555,,"https://boereport.com/2020/10/21/kinder-morgan-announces-results-for-third-quarter-of-2020-maintains-0-2625-per-share-dividend/, https://www.eia.gov/naturalgas/pipelines/EIA-NaturalGasPipelineProjects_Jan2021.xlsx"
Gas pipelines,Researcher,J1317,1317,P2555,BL,CB
Gas pipelines,LastUpdated,K1317,1317,P2555,44848,46297
Gas pipelines,StartMonth1,AG1317,1317,P2555,,9
Gas pipelines,Start [ref],AL1317,1317,P2555,,"https://boereport.com/2020/10/21/kinder-morgan-announces-results-for-third-quarter-of-2020-maintains-0-2625-per-share-dividend/, https://www.eia.gov/naturalgas/pipelines/EIA-NaturalGasPipelineProjects_Jan2021.xlsx"
Gas pipelines,Capacity [ref],AZ1317,1317,P2555,,"https://boereport.com/2020/10/21/kinder-morgan-announces-results-for-third-quarter-of-2020-maintains-0-2625-per-share-dividend/, https://www.eia.gov/naturalgas/pipelines/EIA-NaturalGasPipelineProjects_Jan2021.xlsx"
Gas pipelines,Length [ref],BI1317,1317,P2555,,https://www.eia.gov/naturalgas/pipelines/EIA-NaturalGasPipelineProjects_Jan2021.xlsx
Gas pipelines,Diameter [ref],BO1317,1317,P2555,,https://www.eia.gov/naturalgas/pipelines/EIA-NaturalGasPipelineProjects_Jan2021.xlsx
Gas pipelines,Location [ref],CF1317,1317,P2555,,https://www.eia.gov/naturalgas/pipelines/EIA-NaturalGasPipelineProjects_Jan2021.xlsx
Gas pipelines,SegmentCost [ref],CM1317,1317,P2555,https://www.eia.gov/naturalgas/data.php#pipelines,"https://www.eia.gov/naturalgas/data.php#pipelines, https://boereport.com/2020/10/21/kinder-morgan-announces-results-for-third-quarter-of-2020-maintains-0-2625-per-share-dividend/, https://www.eia.gov/naturalgas/pipelines/EIA-NaturalGasPipelineProjects_Jan2021.xlsx"
Gas pipelines,Status [ref],I1324,1324,P2565,,"https://www.sec.gov/Archives/edgar/data/1126956/000119312525282583/sr-20250930.htm, https://www.sec.gov/Archives/edgar/data/1347652/000134765223000035/corr-20221231.htm, https://www.ogj.com/pipelines-transportation/pipelines/article/14294377/spire-to-acquire-mogas-omega-pipeline-systems-from-corenergy"
Gas pipelines,Researcher,J1324,1324,P2565,BL,CB
Gas pipelines,LastUpdated,K1324,1324,P2565,45114,46297
Gas pipelines,Fuel [ref],M1324,1324,P2565,,"https://www.sec.gov/Archives/edgar/data/1347652/000134765223000035/corr-20221231.htm, https://www.sec.gov/Archives/edgar/data/1126956/000119312525282583/sr-20250930.htm"
Gas pipelines,Length [ref],BI1324,1324,P2565,,"https://www.sec.gov/Archives/edgar/data/1347652/000134765223000035/corr-20221231.htm, https://www.sec.gov/Archives/edgar/data/1126956/000119312525282583/sr-20250930.htm, https://web.archive.org/web/20191216125322/http://www.okenergytoday.com/2019/11/mogas-considers-natural-gas-pipeline-expansion/"
Gas pipelines,Location [ref],CF1324,1324,P2565,https://www.spireenergy.com/spire-mogas-pipeline,"https://www.spireenergy.com/spire-mogas-pipeline, https://www.sec.gov/Archives/edgar/data/1347652/000134765223000035/corr-20221231.htm"
Gas pipelines,Status [ref],I1338,1338,P2597,,"https://www.eia.gov/naturalgas/pipelines/EIA-NaturalGasPipelineProjectsAug2026.xlsx, https://www.sec.gov/Archives/edgar/data/1423902/000142390219000037/wes2019q1.htm"
Gas pipelines,Researcher,J1338,1338,P2597,HK,CB
Gas pipelines,LastUpdated,K1338,1338,P2597,45174,46297
Gas pipelines,Fuel [ref],M1338,1338,P2597,,"https://www.sec.gov/Archives/edgar/data/1423902/000142390219000037/wes2019q1.htm, https://www.eia.gov/naturalgas/pipelines/EIA-NaturalGasPipelineProjectsAug2026.xlsx"
Gas pipelines,StartMonth1,AG1338,1338,P2597,,5
Gas pipelines,Start [ref],AL1338,1338,P2597,,"https://www.eia.gov/naturalgas/pipelines/EIA-NaturalGasPipelineProjectsAug2026.xlsx, https://www.sec.gov/Archives/edgar/data/773910/000077391019000009/apc201810k-10k.htm, https://www.sec.gov/Archives/edgar/data/1276187/000127618720000011/et12-31x201910k.htm"
Gas pipelines,Capacity [ref],AZ1338,1338,P2597,,https://www.eia.gov/naturalgas/pipelines/EIA-NaturalGasPipelineProjectsAug2026.xlsx
Gas pipelines,Diameter [ref],BO1338,1338,P2597,,"https://www.eia.gov/naturalgas/pipelines/EIA-NaturalGasPipelineProjectsAug2026.xlsx, http://web.archive.org/web/20260112205042/https://www.mastec.com/projects/red-bluff"
Gas pipelines,EndLocation,BY1338,1338,P2597,,Waha
Gas pipelines,EndPrefecture/District,BZ1338,1338,P2597,,Pecos County
Gas pipelines,Location [ref],CF1338,1338,P2597,,"https://www.sec.gov/Archives/edgar/data/1414475/000141447519000024/wes201810-k.htm, https://www.sec.gov/Archives/edgar/data/1276187/000127618719000011/et12-31x201810k.htm, https://www.eia.gov/naturalgas/pipelines/EIA-NaturalGasPipelineProjectsAug2026.xlsx, http://web.archive.org/web/20260112205042/https://www.mastec.com/projects/red-bluff"
Gas pipelines,Status [ref],I1346,1346,P2607,https://www.eia.gov/naturalgas/data.php#pipelines,"https://www.eia.gov/naturalgas/data.php#pipelines, https://web.archive.org/web/20210306020123/https://www.businesswire.com/news/home/20201021005872/en/Kinder-Morgan-Announces-Results-for-Third-Quarter-of-2020-Maintains-0.2625-Per-Share-Dividend"
Gas pipelines,Researcher,J1346,1346,P2607,BL,CB
Gas pipelines,LastUpdated,K1346,1346,P2607,44848,46297
Gas pipelines,Fuel [ref],M1346,1346,P2607,https://www.eia.gov/naturalgas/data.php#pipelines,"https://www.eia.gov/naturalgas/data.php#pipelines, https://www.ferc.gov/sites/default/files/2020-04/CP18-487-EA.pdf, https://web.archive.org/web/20210306020123/https://www.businesswire.com/news/home/20201021005872/en/Kinder-Morgan-Announces-Results-for-Third-Quarter-of-2020-Maintains-0.2625-Per-Share-Dividend"
Gas pipelines,PipelineType [ref],O1346,1346,P2607,https://www.eia.gov/naturalgas/data.php#pipelines,"https://www.eia.gov/naturalgas/data.php#pipelines, https://www.ferc.gov/sites/default/files/2020-04/CP18-487-EA.pdf"
Gas pipelines,ProposalYear,Z1346,1346,P2607,,2018
Gas pipelines,ProposalMonth,AA1346,1346,P2607,,5
Gas pipelines,Proposal [ref],AB1346,1346,P2607,,"https://www.ferc.gov/sites/default/files/2020-04/CP18-487-EA.pdf, https://web.archive.org/web/20240417181424/https://www.naturalgasintel.com/ngpl-seeks-swift-ferc-action-to-expand-sabine-pass-lng-service/"
Gas pipelines,Start [ref],AL1346,1346,P2607,https://www.eia.gov/naturalgas/data.php#pipelines,"https://www.eia.gov/naturalgas/data.php#pipelines, https://web.archive.org/web/20211230012252/https://www.spglobal.com/marketintelligence/en/news-insights/trending/CCbiJfxqr-RHCZivDEv-yA2, https://web.archive.org/web/20210306020123/https://www.businesswire.com/news/home/20201021005872/en/Kinder-Morgan-Announces-Results-for-Third-Quarter-of-2020-Maintains-0.2625-Per-Share-Dividend"
Gas pipelines,Pressure,BA1346,1346,P2607,,1050
Gas pipelines,PressureUnits,BB1346,1346,P2607,,psig
Gas pipelines,Pressure [ref],BC1346,1346,P2607,,https://www.ferc.gov/sites/default/files/2020-04/CP18-487-EA.pdf
Gas pipelines,LengthKnown,BF1346,1346,P2607,,0.48
Gas pipelines,LengthKnownUnits,BG1346,1346,P2607,,km
Gas pipelines,Length [ref],BI1346,1346,P2607,,https://www.ferc.gov/sites/default/files/2020-04/CP18-487-EA.pdf
Gas pipelines,FuelSource,BQ1346,1346,P2607,,Natural gas
Gas pipelines,FuelSource [ref],BR1346,1346,P2607,,https://www.ferc.gov/sites/default/files/2020-04/CP18-487-EA.pdf
Gas pipelines,Location [ref],CF1346,1346,P2607,,"https://www.ferc.gov/sites/default/files/2020-04/CP18-487-EA.pdf, https://web.archive.org/web/20240417181424/https://www.naturalgasintel.com/ngpl-seeks-swift-ferc-action-to-expand-sabine-pass-lng-service/"
Gas pipelines,Researcher,J1353,1353,P2625,IM,CB
Gas pipelines,LastUpdated,K1353,1353,P2625,45813,46297
Gas pipelines,Fuel [ref],M1353,1353,P2625,https://www.thepiercecountytribune.com/news/local-news/2020/02/21/energy-group-gauges-interest-in-possible-pipeline/,"https://www.thepiercecountytribune.com/news/local-news/2020/02/21/energy-group-gauges-interest-in-possible-pipeline/, https://www.eia.gov/naturalgas/pipelines/EIA-NaturalGasPipelineProjectsAug2026.xlsx, https://www.offshore-technology.com/marketdata/tioga-emerson-project-gas-pipeline-the-us/"
Gas pipelines,PipelineType [ref],O1353,1353,P2625,https://www.thepiercecountytribune.com/news/local-news/2020/02/21/energy-group-gauges-interest-in-possible-pipeline/,"https://www.thepiercecountytribune.com/news/local-news/2020/02/21/energy-group-gauges-interest-in-possible-pipeline/, https://www.sec.gov/Archives/edgar/data/67716/000006771626000014/a2025ex21.htm"
Gas pipelines,Proposal [ref],AB1353,1353,P2625,https://www.eia.gov/naturalgas/data.php,"https://www.eia.gov/naturalgas/data.php, https://www.thepiercecountytribune.com/news/local-news/2020/02/21/energy-group-gauges-interest-in-possible-pipeline/, https://www.eia.gov/naturalgas/pipelines/EIA-NaturalGasPipelineProjects_March2020.xlsx"
Gas pipelines,Start [ref],AL1353,1353,P2625,https://www.eia.gov/naturalgas/data.php,"https://www.eia.gov/naturalgas/data.php, https://www.eia.gov/naturalgas/pipelines/EIA-NaturalGasPipelineProjects_Jan2024.xlsx"
Gas pipelines,Delay [ref],AO1353,1353,P2625,https://www.eia.gov/naturalgas/data.php,"https://www.eia.gov/naturalgas/data.php, https://www.eia.gov/naturalgas/pipelines/EIA-NaturalGasPipelineProjectsAug2026.xlsx, https://www.sec.gov/Archives/edgar/data/67716/000006771626000014/mdu-20251231.htm"
Gas pipelines,Shelved [ref],AR1353,1353,P2625,https://www.eia.gov/naturalgas/data.php,"https://www.eia.gov/naturalgas/data.php, https://www.eia.gov/naturalgas/pipelines/EIA-NaturalGasPipelineProjects_Oct2024.xlsx"
Gas pipelines,Researcher,J1386,1386,P2720,HK,CB
Gas pipelines,LastUpdated,K1386,1386,P2720,45159,46297
Gas pipelines,Fuel [ref],M1386,1386,P2720,,"http://web.archive.org/web/20230314061446/http://www.businesswire.com/news/home/20230206005628/en/Cardinal-Midstream-Closes-on-Acquisition-of-Medallion%E2%80%99s-Natural-Gas-Business-in-Prolific-Delaware-Basin/, http://web.archive.org/web/20231206183804/https://www.medallionmidstream.com/news/medallion-closes-sale-natural-gas-business"
Gas pipelines,PipelineType [ref],O1386,1386,P2720,,http://web.archive.org/web/20230314061446/http://www.businesswire.com/news/home/20230206005628/en/Cardinal-Midstream-Closes-on-Acquisition-of-Medallion%E2%80%99s-Natural-Gas-Business-in-Prolific-Delaware-Basin/
Gas pipelines,Length [ref],BI1386,1386,P2720,,"https://pgjonline.com/news/2023/february/cardinal-midstream-acquires-80-miles-of-natural-gas-pipelines-in-delaware-basin, http://web.archive.org/web/20230314061446/http://www.businesswire.com/news/home/20230206005628/en/Cardinal-Midstream-Closes-on-Acquisition-of-Medallion%E2%80%99s-Natural-Gas-Business-in-Prolific-Delaware-Basin/"
Gas pipelines,Location [ref],CF1386,1386,P2720,,http://web.archive.org/web/20230314061446/http://www.businesswire.com/news/home/20230206005628/en/Cardinal-Midstream-Closes-on-Acquisition-of-Medallion%E2%80%99s-Natural-Gas-Business-in-Prolific-Delaware-Basin/
Gas pipelines,Status [ref],I1662,1662,P3158,,"https://news.prairiepublic.org/local-news/2023-12-05/dakota-natural-gas-working-to-expand-gas-services-to-eastern-nd-communities, https://www.hillsborobanner.com/news/article_5fc71b38-88a6-11eb-94ca-33e833379c6f.html"
Gas pipelines,Researcher,J1662,1662,P3158,HK,CB
Gas pipelines,LastUpdated,K1662,1662,P3158,45146,46297
Gas pipelines,Fuel [ref],M1662,1662,P3158,,"https://www.federalregister.gov/documents/2020/04/24/2020-08732/dakota-natural-gas-llc-notice-of-application, https://www.inforum.com/business/dakota-natural-gas-pipeline-project-to-begin-in-traill-county"
Gas pipelines,ProposalYear,Z1662,1662,P3158,,2020
Gas pipelines,ProposalMonth,AA1662,1662,P3158,,February
Gas pipelines,Proposal [ref],AB1662,1662,P3158,,https://www.growhillsborond.com/blog/acs-board-dakota-natural-gas-approves-gas-pipeline-hillsboro-mayville
Gas pipelines,ConstructionYear,AC1662,1662,P3158,,2020
Gas pipelines,ConstructionMonth,AD1662,1662,P3158,,October
Gas pipelines,Construction [ref],AE1662,1662,P3158,,"https://www.inforum.com/business/dakota-natural-gas-pipeline-project-to-begin-in-traill-county, https://www.hillsborobanner.com/news/article_5fc71b38-88a6-11eb-94ca-33e833379c6f.html"
Gas pipelines,Start [ref],AL1662,1662,P3158,,"https://www.hillsborobanner.com/news/article_5fc71b38-88a6-11eb-94ca-33e833379c6f.html, https://news.prairiepublic.org/local-news/2023-12-05/dakota-natural-gas-working-to-expand-gas-services-to-eastern-nd-communities"
Gas pipelines,Length [ref],BI1662,1662,P3158,,https://www.federalregister.gov/documents/2020/04/24/2020-08732/dakota-natural-gas-llc-notice-of-application
Gas pipelines,FuelSource [ref],BR1662,1662,P3158,,"https://www.inforum.com/business/dakota-natural-gas-pipeline-project-to-begin-in-traill-county, https://www.mayvilleportland.com/natural-gas-in-traill-county-moving-forward/"
Gas pipelines,StartLocation,BS1662,1662,P3158,,"Nielsville, Minnesota (Red River crossing / Viking Gas Transmission interconnect)"
Gas pipelines,EndLocation,BY1662,1662,P3158,,"Hillsboro and Mayville, North Dakota"
Gas pipelines,EndPrefecture/District,BZ1662,1662,P3158,,Traill County
Gas pipelines,Location [ref],CF1662,1662,P3158,,"https://www.mayvilleportland.com/natural-gas-in-traill-county-moving-forward/, https://www.federalregister.gov/documents/2020/04/24/2020-08732/dakota-natural-gas-llc-notice-of-application"
Gas pipelines,Status [ref],I1676,1676,P3185,https://elibrary.ferc.gov/eLibrary/search?q=searchtext%253d*%2526searchfulltext%253dtrue%2526searchdescription%253dtrue%2526datetype%253dfiled_date%2526relativedatetype%253ddays%2526date%253d0%2526docketnumber%253dcp21-113%2526subdocketnumbers%253d%2526efiling%253dfalse%2526alldates%253dtrue%2526daterange%253dall,"https://elibrary.ferc.gov/eLibrary/search?q=searchtext%253d*%2526searchfulltext%253dtrue%2526searchdescription%253dtrue%2526datetype%253dfiled_date%2526relativedatetype%253ddays%2526date%253d0%2526docketnumber%253dcp21-113%2526subdocketnumbers%253d%2526efiling%253dfalse%2526alldates%253dtrue%2526daterange%253dall, https://www.eia.gov/naturalgas/pipelines/EIA-NaturalGasPipelineProjectsAug2026.xlsx"
Gas pipelines,Researcher,J1676,1676,P3185,IM,CB
Gas pipelines,LastUpdated,K1676,1676,P3185,45810,46297
Gas pipelines,PipelineType [ref],O1676,1676,P3185,https://oilandgaswatch.org/pipeline/3363,"https://oilandgaswatch.org/pipeline/3363, https://www.eia.gov/naturalgas/pipelines/EIA-NaturalGasPipelineProjectsAug2026.xlsx"
Gas pipelines,Proposal [ref],AB1676,1676,P3185,https://elibrary.ferc.gov/eLibrary/search?q=searchtext%253d*%2526searchfulltext%253dtrue%2526searchdescription%253dtrue%2526datetype%253dfiled_date%2526relativedatetype%253ddays%2526date%253d0%2526docketnumber%253dcp21-113%2526subdocketnumbers%253d%2526efiling%253dfalse%2526alldates%253dtrue%2526daterange%253dall,"https://elibrary.ferc.gov/eLibrary/search?q=searchtext%253d*%2526searchfulltext%253dtrue%2526searchdescription%253dtrue%2526datetype%253dfiled_date%2526relativedatetype%253ddays%2526date%253d0%2526docketnumber%253dcp21-113%2526subdocketnumbers%253d%2526efiling%253dfalse%2526alldates%253dtrue%2526daterange%253dall, https://www.eia.gov/naturalgas/pipelines/EIA-NaturalGasPipelineProjectsAug2026.xlsx"
Gas pipelines,Construction [ref],AE1676,1676,P3185,https://elibrary.ferc.gov/eLibrary/search?q=searchtext%253d*%2526searchfulltext%253dtrue%2526searchdescription%253dtrue%2526datetype%253dfiled_date%2526relativedatetype%253ddays%2526date%253d0%2526docketnumber%253dcp21-113%2526subdocketnumbers%253d%2526efiling%253dfalse%2526alldates%253dtrue%2526daterange%253dall,"https://elibrary.ferc.gov/eLibrary/search?q=searchtext%253d*%2526searchfulltext%253dtrue%2526searchdescription%253dtrue%2526datetype%253dfiled_date%2526relativedatetype%253ddays%2526date%253d0%2526docketnumber%253dcp21-113%2526subdocketnumbers%253d%2526efiling%253dfalse%2526alldates%253dtrue%2526daterange%253dall, https://www.eia.gov/naturalgas/pipelines/EIA-NaturalGasPipelineProjectsAug2026.xlsx"
Gas pipelines,Start [ref],AL1676,1676,P3185,https://elibrary.ferc.gov/eLibrary/search?q=searchtext%253d*%2526searchfulltext%253dtrue%2526searchdescription%253dtrue%2526datetype%253dfiled_date%2526relativedatetype%253ddays%2526date%253d0%2526docketnumber%253dcp21-113%2526subdocketnumbers%253d%2526efiling%253dfalse%2526alldates%253dtrue%2526daterange%253dall,"https://elibrary.ferc.gov/eLibrary/search?q=searchtext%253d*%2526searchfulltext%253dtrue%2526searchdescription%253dtrue%2526datetype%253dfiled_date%2526relativedatetype%253ddays%2526date%253d0%2526docketnumber%253dcp21-113%2526subdocketnumbers%253d%2526efiling%253dfalse%2526alldates%253dtrue%2526daterange%253dall, https://www.eia.gov/naturalgas/pipelines/EIA-NaturalGasPipelineProjectsAug2026.xlsx"
Gas pipelines,Capacity [ref],AZ1676,1676,P3185,https://ferc.gov/news-events/news/ferc-staff-issues-final-environmental-impact-statement-three-rivers,"https://ferc.gov/news-events/news/ferc-staff-issues-final-environmental-impact-statement-three-rivers, https://www.eia.gov/naturalgas/pipelines/EIA-NaturalGasPipelineProjectsAug2026.xlsx"
Gas pipelines,Length [ref],BI1676,1676,P3185,https://elibrary.ferc.gov/eLibrary/search?q=searchtext%253d*%2526searchfulltext%253dtrue%2526searchdescription%253dtrue%2526datetype%253dfiled_date%2526relativedatetype%253ddays%2526date%253d0%2526docketnumber%253dcp21-113%2526subdocketnumbers%253d%2526efiling%253dfalse%2526alldates%253dtrue%2526daterange%253dall,"https://elibrary.ferc.gov/eLibrary/search?q=searchtext%253d*%2526searchfulltext%253dtrue%2526searchdescription%253dtrue%2526datetype%253dfiled_date%2526relativedatetype%253ddays%2526date%253d0%2526docketnumber%253dcp21-113%2526subdocketnumbers%253d%2526efiling%253dfalse%2526alldates%253dtrue%2526daterange%253dall, https://www.eia.gov/naturalgas/pipelines/EIA-NaturalGasPipelineProjectsAug2026.xlsx"
Gas pipelines,Diameter [ref],BO1676,1676,P3185,https://www.enbridge.com/-/media/Enb/Documents/Projects/Three-Rivers-Interconnection/Three-Rivers-Public-Notice.pdf?rev=566f0b913abc479fb4e8b4d4fe7dbb40&hash=CA78754346CD5ECEDEB796ACAF1235EF,"https://www.enbridge.com/-/media/Enb/Documents/Projects/Three-Rivers-Interconnection/Three-Rivers-Public-Notice.pdf?rev=566f0b913abc479fb4e8b4d4fe7dbb40&hash=CA78754346CD5ECEDEB796ACAF1235EF, https://www.eia.gov/naturalgas/pipelines/EIA-NaturalGasPipelineProjectsAug2026.xlsx"
Gas pipelines,Researcher,J1688,1688,P3198,BL,CB
Gas pipelines,LastUpdated,K1688,1688,P3198,45939,46297
Gas pipelines,Fuel [ref],M1688,1688,P3198,https://www.eia.gov/naturalgas/data.php#pipelines,"https://www.eia.gov/naturalgas/data.php#pipelines, https://www.eia.gov/naturalgas/pipelines/EIA-NaturalGasPipelineProjectsAug2026.xlsx"
Gas pipelines,PipelineType [ref],O1688,1688,P3198,https://www.eia.gov/naturalgas/data.php#pipelines,"https://www.eia.gov/naturalgas/data.php#pipelines, https://www.eia.gov/naturalgas/pipelines/EIA-NaturalGasPipelineProjectsAug2026.xlsx"
Gas pipelines,Delay [ref],AO1688,1688,P3198,https://www.eia.gov/naturalgas/data.php#pipelines,"https://www.eia.gov/naturalgas/data.php#pipelines, https://www.eia.gov/naturalgas/pipelines/EIA-NaturalGasPipelineProjectsAug2026.xlsx"
Gas pipelines,Capacity [ref],AZ1688,1688,P3198,,https://www.eia.gov/naturalgas/pipelines/EIA-NaturalGasPipelineProjects_Jan2021.xlsx
Gas pipelines,Length [ref],BI1688,1688,P3198,https://www.federalregister.gov/documents/2025/03/28/2025-05311/texas-connector-pipeline-llc-notice-of-availability-of-the-environmental-assessment-for-the-proposed,"https://www.federalregister.gov/documents/2025/03/28/2025-05311/texas-connector-pipeline-llc-notice-of-availability-of-the-environmental-assessment-for-the-proposed, https://www.eia.gov/naturalgas/pipelines/EIA-NaturalGasPipelineProjectsAug2026.xlsx"
Gas pipelines,Diameter [ref],BO1688,1688,P3198,https://www.eia.gov/naturalgas/data.php#pipelines,"https://www.eia.gov/naturalgas/data.php#pipelines, https://www.eia.gov/naturalgas/pipelines/EIA-NaturalGasPipelineProjectsAug2026.xlsx"
Gas pipelines,Researcher,J1706,1706,P3221,BL,CB
Gas pipelines,LastUpdated,K1706,1706,P3221,44831,46297
Gas pipelines,Fuel [ref],M1706,1706,P3221,,"https://www.bhegts.com/our-businesses/CGT, https://www.sec.gov/Archives/edgar/data/754737/000075473707000017/yearend06form10-k.htm"
Gas pipelines,Length [ref],BI1706,1706,P3221,,"https://www.bhegts.com/our-businesses/CGT, https://www.sec.gov/Archives/edgar/data/1603286/000071595714000033/dmcgt8k12172014.htm"
Gas pipelines,Location [ref],CF1706,1706,P3221,,"https://www.bhegts.com/our-businesses/CGT, https://www.sec.gov/Archives/edgar/data/1603286/000071595714000033/dmcgt8k12172014.htm"
Gas pipelines,Researcher,J1724,1724,P3294,BL,CB
Gas pipelines,LastUpdated,K1724,1724,P3294,44444,46297
Gas pipelines,Capacity [ref],AZ1724,1724,P3294,,https://www.hydrocarbons-technology.com/projects/calhounlng/
Gas pipelines,Length [ref],BI1724,1724,P3294,,https://www.hydrocarbons-technology.com/projects/calhounlng/
Gas pipelines,Diameter [ref],BO1724,1724,P3294,,https://www.hydrocarbons-technology.com/projects/calhounlng/
Gas pipelines,SegmentCost [ref],CM1724,1724,P3294,,https://www.hydrocarbons-technology.com/projects/calhounlng/
Gas pipelines,Status [ref],I1826,1826,P3601,,"https://www.eia.gov/naturalgas/pipelines/EIA-NaturalGasPipelineProjects.xlsx, https://www.tcenergy.com/siteassets/pdfs/investors/shareholders/historical-information/tc-pipelines-lp-financial-statements/2024/tce-2024-tc-pipelines-lp-fourth-quarter-financial-statements.pdf"
Gas pipelines,Researcher,J1826,1826,P3601,HK,CB
Gas pipelines,LastUpdated,K1826,1826,P3601,45145,46297
Gas pipelines,Fuel [ref],M1826,1826,P3601,,"https://www.eia.gov/naturalgas/pipelines/EIA-NaturalGasPipelineProjects.xlsx, https://www.federalregister.gov/documents/2020/07/14/2020-15043/tuscarora-gas-transmission-company-notice-of-application"
Gas pipelines,PipelineType [ref],O1826,1826,P3601,,"https://www.eia.gov/naturalgas/pipelines/EIA-NaturalGasPipelineProjects.xlsx, http://tcplus.com/Tuscarora"
Gas pipelines,Proposal [ref],AB1826,1826,P3601,,"https://www.federalregister.gov/documents/2020/07/14/2020-15043/tuscarora-gas-transmission-company-notice-of-application, https://www.tcenergy.com/siteassets/pdfs/natural-gas/tuscarora-xpress/tc-tuscarora-xpress-fact-sheet-june-2020.pdf"
Gas pipelines,Construction [ref],AE1826,1826,P3601,,"https://www.tcenergy.com/siteassets/pdfs/natural-gas/tuscarora-xpress/tc-tuscarora-xpress-fact-sheet-june-2020.pdf, https://www.eia.gov/naturalgas/pipelines/EIA-NaturalGasPipelineProjects.xlsx"
Gas pipelines,Start [ref],AL1826,1826,P3601,,"https://www.eia.gov/naturalgas/pipelines/EIA-NaturalGasPipelineProjects.xlsx, https://www.tcenergy.com/siteassets/pdfs/natural-gas/tuscarora-xpress/tc-tuscarora-xpress-fact-sheet-june-2020.pdf"
Gas pipelines,Capacity [ref],AZ1826,1826,P3601,,"https://www.eia.gov/naturalgas/pipelines/EIA-NaturalGasPipelineProjects.xlsx, https://www.federalregister.gov/documents/2020/07/14/2020-15043/tuscarora-gas-transmission-company-notice-of-application"
Gas pipelines,Length [ref],BI1826,1826,P3601,,"https://www.federalregister.gov/documents/2020/07/14/2020-15043/tuscarora-gas-transmission-company-notice-of-application, https://www.tcenergy.com/siteassets/pdfs/natural-gas/tuscarora-xpress/tc-tuscarora-xpress-fact-sheet-june-2020.pdf"
Gas pipelines,SegmentCost [ref],CM1826,1826,P3601,,"https://www.eia.gov/naturalgas/pipelines/EIA-NaturalGasPipelineProjects.xlsx, https://www.sec.gov/Archives/edgar/data/1075607/000110465920011569/tm206443d5_ex99.htm"
Gas pipelines,Status [ref],I1898,1898,P3856,https://www.kernrivergas.com/Projects/Delta-Lateral-Project,"https://www.kernrivergas.com/Projects/Delta-Lateral-Project, https://web.archive.org/web/20240223070018/https://www.kernrivergas.com/Projects/Delta-Lateral-Project, https://www.eia.gov/naturalgas/pipelines/EIA-NaturalGasPipelineProjectsAug2026.xlsx"
Gas pipelines,Researcher,J1898,1898,P3856,BL,CB
Gas pipelines,LastUpdated,K1898,1898,P3856,45405,46297
Gas pipelines,Fuel [ref],M1898,1898,P3856,https://www.kernrivergas.com/Projects/Delta-Lateral-Project,"https://www.kernrivergas.com/Projects/Delta-Lateral-Project, https://web.archive.org/web/20240223070018/https://www.kernrivergas.com/Projects/Delta-Lateral-Project, https://www.eia.gov/naturalgas/pipelines/EIA-NaturalGasPipelineProjectsAug2026.xlsx"
Gas pipelines,ProposalMonth,AA1898,1898,P3856,,6
Gas pipelines,Proposal [ref],AB1898,1898,P3856,,"https://web.archive.org/web/20230929151231/https://www.kernrivergas.com/DesktopModules/KernRiver/Documents/ViewDocument.aspx?DocumentID=59, https://www.eia.gov/naturalgas/pipelines/EIA-NaturalGasPipelineProjects_Jan2021.xlsx"
Gas pipelines,ConstructionMonth,AD1898,1898,P3856,,3
Gas pipelines,Construction [ref],AE1898,1898,P3856,,"https://web.archive.org/web/20230929151231/https://www.kernrivergas.com/DesktopModules/KernRiver/Documents/ViewDocument.aspx?DocumentID=59, https://www.eia.gov/naturalgas/pipelines/EIA-NaturalGasPipelineProjects_Oct2023.xlsx"
Gas pipelines,Start [ref],AL1898,1898,P3856,https://www.kernrivergas.com/Projects/Delta-Lateral-Project,"https://www.kernrivergas.com/Projects/Delta-Lateral-Project, https://web.archive.org/web/20240223070018/https://www.kernrivergas.com/Projects/Delta-Lateral-Project, https://www.eia.gov/naturalgas/pipelines/EIA-NaturalGasPipelineProjectsAug2026.xlsx"
Gas pipelines,Capacity [ref],AZ1898,1898,P3856,,https://www.eia.gov/naturalgas/pipelines/EIA-NaturalGasPipelineProjectsAug2026.xlsx
Gas pipelines,Length [ref],BI1898,1898,P3856,,"https://www.eia.gov/naturalgas/pipelines/EIA-NaturalGasPipelineProjectsAug2026.xlsx, https://web.archive.org/web/20230929151231/https://www.kernrivergas.com/DesktopModules/KernRiver/Documents/ViewDocument.aspx?DocumentID=59"
Gas pipelines,Diameter [ref],BO1898,1898,P3856,,"https://www.eia.gov/naturalgas/pipelines/EIA-NaturalGasPipelineProjectsAug2026.xlsx, https://web.archive.org/web/20230929151231/https://www.kernrivergas.com/DesktopModules/KernRiver/Documents/ViewDocument.aspx?DocumentID=59"
Gas pipelines,FuelSource [ref],BR1898,1898,P3856,,https://web.archive.org/web/20240223070018/https://www.kernrivergas.com/Projects/Delta-Lateral-Project
Gas pipelines,EndLocation,BY1898,1898,P3856,,Delta
Gas pipelines,Location [ref],CF1898,1898,P3856,,"https://web.archive.org/web/20240223070018/https://www.kernrivergas.com/Projects/Delta-Lateral-Project, https://web.archive.org/web/20230929151231/https://www.kernrivergas.com/DesktopModules/KernRiver/Documents/ViewDocument.aspx?DocumentID=59"
Gas pipelines,SegmentCost [ref],CM1898,1898,P3856,,https://www.eia.gov/naturalgas/pipelines/EIA-NaturalGasPipelineProjectsAug2026.xlsx
Gas pipelines,Status [ref],I2026,2026,P4030,,"https://wwals.net/2017/08/26/fgt-natural-gas-pipeline-through-hps-ii-site/, http://fgttransfer.energytransfer.com/ipost/FGT/maps/system-map"
Gas pipelines,Researcher,J2026,2026,P4030,BL,CB
Gas pipelines,LastUpdated,K2026,2026,P4030,44845,46297
Gas pipelines,Fuel [ref],M2026,2026,P4030,,"https://www.ferc.gov/sites/default/files/2020-05/CP15-144-000-EA.pdf, https://www.federalregister.gov/documents/2015/04/17/2015-08871/florida-gas-transmission-llc-notice-of-application"
Gas pipelines,ProposalYear,Z2026,2026,P4030,,2015
Gas pipelines,ProposalMonth,AA2026,2026,P4030,,3
Gas pipelines,Proposal [ref],AB2026,2026,P4030,,"https://www.ferc.gov/sites/default/files/2020-05/CP15-144-000-EA.pdf, https://www.federalregister.gov/documents/2015/04/17/2015-08871/florida-gas-transmission-llc-notice-of-application"
Gas pipelines,Start [ref],AL2026,2026,P4030,,https://wwals.net/2017/08/26/fgt-natural-gas-pipeline-through-hps-ii-site/
Gas pipelines,Length [ref],BI2026,2026,P4030,,"https://www.ferc.gov/sites/default/files/2020-05/CP15-144-000-EA.pdf, https://www.federalregister.gov/documents/2015/04/17/2015-08871/florida-gas-transmission-llc-notice-of-application"
Gas pipelines,Diameter [ref],BO2026,2026,P4030,,"https://www.ferc.gov/sites/default/files/2020-05/CP15-144-000-EA.pdf, https://www.federalregister.gov/documents/2015/04/17/2015-08871/florida-gas-transmission-llc-notice-of-application"
Gas pipelines,StartState/Province,BU2026,2026,P4030,,Florida
Gas pipelines,EndState/Province,CA2026,2026,P4030,,Florida
Gas pipelines,Location [ref],CF2026,2026,P4030,,https://www.ferc.gov/sites/default/files/2020-05/CP15-144-000-EA.pdf
Gas pipelines,Status [ref],I2034,2034,P4038,,https://www.eia.gov/naturalgas/pipelines/EIA-NaturalGasPipelineProjects_Jan2021.xlsx
Gas pipelines,Researcher,J2034,2034,P4038,BL,CB
Gas pipelines,LastUpdated,K2034,2034,P4038,44845,46297
Gas pipelines,Fuel [ref],M2034,2034,P4038,,https://www.eia.gov/naturalgas/pipelines/EIA-NaturalGasPipelineProjects_Jan2021.xlsx
Gas pipelines,StartMonth1,AG2034,2034,P4038,,11
Gas pipelines,Start [ref],AL2034,2034,P4038,,https://www.eia.gov/naturalgas/pipelines/EIA-NaturalGasPipelineProjects_Jan2021.xlsx
Gas pipelines,Capacity [ref],AZ2034,2034,P4038,,https://www.eia.gov/naturalgas/pipelines/EIA-NaturalGasPipelineProjects_Jan2021.xlsx
Gas pipelines,Diameter [ref],BO2034,2034,P4038,,https://www.eia.gov/naturalgas/pipelines/EIA-NaturalGasPipelineProjects_Jan2021.xlsx
Gas pipelines,StartState/Province,BU2034,2034,P4038,,Mississippi
Gas pipelines,EndState/Province,CA2034,2034,P4038,,Alabama
Gas pipelines,Location [ref],CF2034,2034,P4038,,https://www.eia.gov/naturalgas/pipelines/EIA-NaturalGasPipelineProjects_Jan2021.xlsx
Gas pipelines,SegmentCost [ref],CM2034,2034,P4038,,https://www.eia.gov/naturalgas/pipelines/EIA-NaturalGasPipelineProjects_Jan2021.xlsx
Gas pipelines,Status [ref],I2035,2035,P4039,,"https://www.sec.gov/Archives/edgar/data/1024401/000089808004000306/ex99-12.txt, https://www.sec.gov/Archives/edgar/data/1012569/000101256912000015/ex992citrus12311110-k.htm"
Gas pipelines,Researcher,J2035,2035,P4039,BL,CB
Gas pipelines,LastUpdated,K2035,2035,P4039,44845,46297
Gas pipelines,Fuel [ref],M2035,2035,P4039,,https://www.sec.gov/Archives/edgar/data/1024401/000089808004000306/ex99-12.txt
Gas pipelines,ProposalYear,Z2035,2035,P4039,,1998
Gas pipelines,ProposalMonth,AA2035,2035,P4039,,12
Gas pipelines,Proposal [ref],AB2035,2035,P4039,,"https://www.sec.gov/Archives/edgar/data/1024401/000089808004000306/ex99-12.txt, https://www.federalregister.gov/documents/2000/02/03/00-2378/florida-gas-transmission-company-notice-of-availability-of-the-final-environmental-impact-statement"
Gas pipelines,StartMonth1,AG2035,2035,P4039,,5
Gas pipelines,Start [ref],AL2035,2035,P4039,,"https://www.sec.gov/Archives/edgar/data/1024401/000089808004000306/ex99-12.txt, https://www.sec.gov/Archives/edgar/data/1024401/000102440101500010/ene10-k.txt"
Gas pipelines,Capacity [ref],AZ2035,2035,P4039,,"https://www.sec.gov/Archives/edgar/data/1024401/000102440101500010/ene10-k.txt, https://www.sec.gov/Archives/edgar/data/1024401/000089808004000306/ex99-12.txt"
Gas pipelines,LengthKnown,BF2035,2035,P4039,139,139.5
Gas pipelines,Length [ref],BI2035,2035,P4039,,"https://www.sec.gov/Archives/edgar/data/1024401/000089808004000306/ex99-12.txt, https://www.federalregister.gov/documents/2000/02/03/00-2378/florida-gas-transmission-company-notice-of-availability-of-the-final-environmental-impact-statement"
Gas pipelines,SegmentCost [ref],CM2035,2035,P4039,,https://www.sec.gov/Archives/edgar/data/1024401/000089808004000306/ex99-12.txt
Gas pipelines,Researcher,J2354,2354,P4415,BL,CB
Gas pipelines,LastUpdated,K2354,2354,P4415,44833,46297
Gas pipelines,Fuel [ref],M2354,2354,P4415,,"https://www.oilandgasonline.com/doc/falcon-gas-storage-to-start-construction-on-h-0001, http://web.archive.org/web/20210516222735/http://nortexmidstream.com/sites/default/files/inline-files/Hill-Lake_FERC%20Statement%20of%20Operating%20Conditions_July%202014_FINAL.pdf"
Gas pipelines,Capacity [ref],AZ2354,2354,P4415,https://www.hydrocarbononline.com/doc/falcon-gas-storage-to-start-construction-on-h-0001,"https://www.hydrocarbononline.com/doc/falcon-gas-storage-to-start-construction-on-h-0001, https://www.ogj.com/general-interest/companies/article/17293671/falcons-coo-describes-financial-milestones-since-inception-in-2000"
Gas pipelines,Length [ref],BI2354,2354,P4415,,https://www.oilandgasonline.com/doc/falcon-gas-storage-to-start-construction-on-h-0001
Gas pipelines,Diameter [ref],BO2354,2354,P4415,,https://www.oilandgasonline.com/doc/falcon-gas-storage-to-start-construction-on-h-0001
Gas pipelines,StartPrefecture/District,BT2354,2354,P4415,,Eastland County
Gas pipelines,EndPrefecture/District,BZ2354,2354,P4415,,Eastland County
Gas pipelines,Location [ref],CF2354,2354,P4415,,"https://www.oilandgasonline.com/doc/falcon-gas-storage-to-start-construction-on-h-0001, http://web.archive.org/web/20210516222735/http://nortexmidstream.com/sites/default/files/inline-files/Hill-Lake_FERC%20Statement%20of%20Operating%20Conditions_July%202014_FINAL.pdf, http://web.archive.org/web/20210516220420/http://nortexmidstream.com/sites/default/files/inline-files/Hill-Lake_RRC%20Statement%20of%20Operating%20Conditions_July%202014_FINAL.pdf"
Gas pipelines,Researcher,J2368,2368,P4456,AL,CB
Gas pipelines,LastUpdated,K2368,2368,P4456,45525,46297
Gas pipelines,Fuel [ref],M2368,2368,P4456,https://www.eia.gov/naturalgas/data.php#pipelines,"https://www.eia.gov/naturalgas/data.php#pipelines, https://ferc.gov/sites/default/files/2020-06/C-1-041620.pdf, https://www.eia.gov/naturalgas/pipelines/EIA-NaturalGasPipelineProjectsAug2026.xlsx"
Gas pipelines,PipelineType [ref],O2368,2368,P4456,https://www.eia.gov/naturalgas/data.php#pipelines,"https://www.eia.gov/naturalgas/data.php#pipelines, https://ferc.gov/sites/default/files/2020-06/C-1-041620.pdf, https://www.eia.gov/naturalgas/pipelines/EIA-NaturalGasPipelineProjectsAug2026.xlsx"
Gas pipelines,ProposalYear,Z2368,2368,P4456,,2019
Gas pipelines,ProposalMonth,AA2368,2368,P4456,,6
Gas pipelines,Proposal [ref],AB2368,2368,P4456,,"https://ferc.gov/sites/default/files/2020-06/C-1-041620.pdf, https://www.eia.gov/naturalgas/pipelines/EIA-NaturalGasPipelineProjects_July2019.xlsx"
Gas pipelines,StartMonth1,AG2368,2368,P4456,,6
Gas pipelines,Start [ref],AL2368,2368,P4456,https://www.eia.gov/naturalgas/data.php#pipelines,"https://www.eia.gov/naturalgas/data.php#pipelines, https://www.eia.gov/naturalgas/pipelines/EIA-NaturalGasPipelineProjects_Oct2024.xlsx, https://www.eia.gov/naturalgas/pipelines/EIA-NaturalGasPipelineProjectsAug2026.xlsx, https://www.federalregister.gov/documents/2023/06/28/2023-13759/mountain-valley-pipeline-llc-notice-of-request-for-extension-of-time"
Gas pipelines,Delay [ref],AO2368,2368,P4456,,"https://www.federalregister.gov/documents/2021/10/07/2021-21942/mountain-valley-pipeline-llc-notice-of-extension-of-time-request, https://www.federalregister.gov/documents/2023/06/28/2023-13759/mountain-valley-pipeline-llc-notice-of-request-for-extension-of-time, https://www.eia.gov/naturalgas/pipelines/EIA-NaturalGasPipelineProjects_Oct2024.xlsx"
Gas pipelines,Capacity [ref],AZ2368,2368,P4456,https://www.eia.gov/naturalgas/data.php#pipelines,"https://www.eia.gov/naturalgas/data.php#pipelines, https://ferc.gov/sites/default/files/2020-06/C-1-041620.pdf, https://www.eia.gov/naturalgas/pipelines/EIA-NaturalGasPipelineProjects_Jan2022.xlsx"
Gas pipelines,Length [ref],BI2368,2368,P4456,https://www.eia.gov/naturalgas/data.php#pipelines,"https://www.eia.gov/naturalgas/data.php#pipelines, https://ferc.gov/sites/default/files/2020-06/C-1-041620.pdf"
Gas pipelines,Diameter,BM2368,2368,P4456,,"24, 30"
Gas pipelines,DiameterUnits,BN2368,2368,P4456,,in
Gas pipelines,Diameter [ref],BO2368,2368,P4456,,https://ferc.gov/sites/default/files/2020-06/C-1-041620.pdf
Gas pipelines,StartLocation,BS2368,2368,P4456,,Mountain Valley mainline tie-in (Greene M&R station)
Gas pipelines,StartPrefecture/District,BT2368,2368,P4456,,Monroe County
Gas pipelines,StartState/Province,BU2368,2368,P4456,,West Virginia
Gas pipelines,EndLocation,BY2368,2368,P4456,,Columbia Gas Transmission KA System tap
Gas pipelines,EndPrefecture/District,BZ2368,2368,P4456,,Monroe County
Gas pipelines,EndState/Province,CA2368,2368,P4456,,West Virginia
Gas pipelines,Location [ref],CF2368,2368,P4456,,"https://ferc.gov/sites/default/files/2020-06/C-1-041620.pdf, https://www.eia.gov/naturalgas/pipelines/EIA-NaturalGasPipelineProjectsAug2026.xlsx, https://www.thompsonenergyexpert.com/news/mountain-valleys-greene-interconnect-project-authorized-stayed"
Gas pipelines,Status [ref],I3294,3294,P5823,,"https://www.sec.gov/Archives/edgar/data/1338613/000095013406006440/d34351e10vk.htm, https://www.energytransfer.com/ops_intrastate.aspx"
Gas pipelines,Researcher,J3294,3294,P5823,HK,CB
Gas pipelines,LastUpdated,K3294,3294,P5823,45167,46297
Gas pipelines,Fuel [ref],M3294,3294,P5823,,"https://www.sec.gov/Archives/edgar/data/1338613/000095013406006440/d34351e10vk.htm, https://www.energytransfer.com/ops_intrastate.aspx"
Gas pipelines,PipelineType [ref],O3294,3294,P5823,,"https://www.sec.gov/Archives/edgar/data/1338613/000095013406006440/d34351e10vk.htm, https://books.google.com/books?id=5fU0AQAAMAAJ&pg=SA3-PA134&lpg=SA3-PA134&dq=regency+pipeline+louisiana+construction&source=bl&ots=FTGoJI5CFR&sig=pI4ubsxCqsR-nVvCIiv2z-D-TVM&hl=en&sa=X&ved=0ahUKEwivnO-ireTYAhWOUN8KHQPcDBsQ6AEIQDAE#v=onepage&q=regency%20pipeline%20louisiana%20construction&f=false"
Gas pipelines,ProposalYear,Z3294,3294,P5823,,2005
Gas pipelines,ProposalMonth,AA3294,3294,P5823,,1
Gas pipelines,Proposal [ref],AB3294,3294,P5823,,https://www.sec.gov/Archives/edgar/data/1338613/000095013406006440/d34351e10vk.htm
Gas pipelines,Construction [ref],AE3294,3294,P5823,,"https://www.sec.gov/Archives/edgar/data/1338613/000095013406006440/d34351e10vk.htm, https://books.google.com/books?id=5fU0AQAAMAAJ&pg=SA3-PA134&lpg=SA3-PA134&dq=regency+pipeline+louisiana+construction&source=bl&ots=FTGoJI5CFR&sig=pI4ubsxCqsR-nVvCIiv2z-D-TVM&hl=en&sa=X&ved=0ahUKEwivnO-ireTYAhWOUN8KHQPcDBsQ6AEIQDAE#v=onepage&q=regency%20pipeline%20louisiana%20construction&f=false"
Gas pipelines,Start [ref],AL3294,3294,P5823,,"https://www.sec.gov/Archives/edgar/data/1338613/000095013406006440/d34351e10vk.htm, https://www.energytransfer.com/ops_intrastate.aspx"
Gas pipelines,Capacity [ref],AZ3294,3294,P5823,,https://www.sec.gov/Archives/edgar/data/1338613/000095013406006440/d34351e10vk.htm
Gas pipelines,Length [ref],BI3294,3294,P5823,,"https://www.sec.gov/Archives/edgar/data/1338613/000095013406006440/d34351e10vk.htm, https://books.google.com/books?id=5fU0AQAAMAAJ&pg=SA3-PA134&lpg=SA3-PA134&dq=regency+pipeline+louisiana+construction&source=bl&ots=FTGoJI5CFR&sig=pI4ubsxCqsR-nVvCIiv2z-D-TVM&hl=en&sa=X&ved=0ahUKEwivnO-ireTYAhWOUN8KHQPcDBsQ6AEIQDAE#v=onepage&q=regency%20pipeline%20louisiana%20construction&f=false"
Gas pipelines,FuelSource,BQ3294,3294,P5823,,"Vernon Field, Elm Grove Field, Sligo Field"
Gas pipelines,FuelSource [ref],BR3294,3294,P5823,,https://www.sec.gov/Archives/edgar/data/1338613/000095013406006440/d34351e10vk.htm
Gas pipelines,EndLocation,BY3294,3294,P5823,,near Winnsboro
Gas pipelines,EndPrefecture/District,BZ3294,3294,P5823,,Franklin Parish
Gas pipelines,Location [ref],CF3294,3294,P5823,,"https://www.sec.gov/Archives/edgar/data/1338613/000095013406006440/d34351e10vk.htm, https://en.wikipedia.org/wiki/Winnsboro,_Louisiana"
Gas pipelines,SegmentCost [ref],CM3294,3294,P5823,,https://www.sec.gov/Archives/edgar/data/1338613/000095013406006440/d34351e10vk.htm
Gas pipelines,Researcher,J3493,3493,P6233,CD,CB
Gas pipelines,LastUpdated,K3493,3493,P6233,45383,46297
Gas pipelines,Fuel [ref],M3493,3493,P6233,https://www.socalgas.com/stay-safe/pipeline-and-storage-safety/natural-gas-transmission,"https://www.socalgas.com/stay-safe/pipeline-and-storage-safety/natural-gas-transmission, https://www.sec.gov/Archives/edgar/data/92108/000103220826000010/sre-20251231.htm"
Gas pipelines,PipelineType [ref],O3493,3493,P6233,"https://www.socalgas.com/stay-safe/pipeline-and-storage-safety/natural-gas-transmission#:~:text=SoCalGas%20owns%20and%20operates%20an,million%20residential%20and%20business%20customers.","https://www.socalgas.com/stay-safe/pipeline-and-storage-safety/natural-gas-transmission#:~:text=SoCalGas%20owns%20and%20operates%20an, million%20residential%20and%20business%20customers., https://www.sec.gov/Archives/edgar/data/92108/000103220826000010/sre-20251231.htm"
Gas pipelines,Pressure,BA3493,3493,P6233,,"200-1,000"
Gas pipelines,PressureUnits,BB3493,3493,P6233,,psig
Gas pipelines,Pressure [ref],BC3493,3493,P6233,,https://www.socalgas.com/sustainability/pipeline-and-storage-safety/pipeline-integrity
Gas pipelines,Diameter [ref],BO3493,3493,P6233,https://www.socalgas.com/stay-safe/pipeline-and-storage-safety/pipeline-integrity,"https://www.socalgas.com/stay-safe/pipeline-and-storage-safety/pipeline-integrity, https://www.socalgas.com/sustainability/pipeline-and-storage-safety/pipeline-integrity"
Gas pipelines,Researcher,J3508,3508,P6250,CD,CB
Gas pipelines,LastUpdated,K3508,3508,P6250,45390,46297
Gas pipelines,Fuel [ref],M3508,3508,P6250,https://www.pge.com/en/about/pge-systems/gas-systems/pipeline.html,"https://www.pge.com/en/about/pge-systems/gas-systems/pipeline.html, https://web.archive.org/web/20250102221145/https://www.phmsa.dot.gov/safety-awareness/pipeline/pacific-gas-electric-pipeline-rupture-san-bruno-ca"
Gas pipelines,PipelineType [ref],O3508,3508,P6250,https://www.pge.com/en/about/pge-systems/gas-systems/pipeline.html,"https://www.pge.com/en/about/pge-systems/gas-systems/pipeline.html, https://web.archive.org/web/20250102221145/https://www.phmsa.dot.gov/safety-awareness/pipeline/pacific-gas-electric-pipeline-rupture-san-bruno-ca"
Gas pipelines,Diameter [ref],BO3508,3508,P6250,https://pstrust.org/map-of-major-incidents/sanbruno/,"https://pstrust.org/map-of-major-incidents/sanbruno/, https://web.archive.org/web/20240524045253/https://pstrust.org/map-of-major-incidents/sanbruno/"
Gas pipelines,Researcher,J3511,3511,P6533,BL,CB
Gas pipelines,LastUpdated,K3511,3511,P6533,45440,46297
Gas pipelines,LengthKnown,BF3511,3511,P6533,,3367
Gas pipelines,LengthKnownUnits,BG3511,3511,P6533,,mi
Gas pipelines,Length [ref],BI3511,3511,P6533,,https://www.tcenergy.com/operations/natural-gas/columbia-gulf-transmission-pipeline/
Gas pipelines,StartState/Province,BU3511,3511,P6533,,Louisiana
Gas pipelines,EndState/Province,CA3511,3511,P6533,,Kentucky
Gas pipelines,Location [ref],CF3511,3511,P6533,,https://www.tcenergy.com/operations/natural-gas/columbia-gulf-transmission-pipeline/
Gas pipelines,Researcher,J3720,3720,P6878,AL,CB
Gas pipelines,LastUpdated,K3720,3720,P6878,45539,46297
Gas pipelines,PipelineType [ref],O3720,3720,P6878,https://www.nationalfuel.com/pipeline-storage/about-pipeline/natural-gas-infrastructure/,"https://www.nationalfuel.com/pipeline-storage/about-pipeline/natural-gas-infrastructure/, https://www.sec.gov/Archives/edgar/data/70145/000007014525000039/nfg-20250930.htm"
Gas pipelines,FuelSource,BQ3720,3720,P6878,,"Marcellus Shale, Utica Shale"
Gas pipelines,FuelSource [ref],BR3720,3720,P6878,,https://www.sec.gov/Archives/edgar/data/70145/000007014525000039/nfg-20250930.htm
Gas pipelines,StartState/Province,BU3720,3720,P6878,,Pennsylvania
Gas pipelines,EndLocation,BY3720,3720,P6878,,Niagara River
Gas pipelines,EndState/Province,CA3720,3720,P6878,,New York
Gas pipelines,Location [ref],CF3720,3720,P6878,,"https://www.sec.gov/Archives/edgar/data/70145/000007014525000039/nfg-20250930.htm, https://www.nationalfuel.com/pipeline-storage/about-pipeline/natural-gas-infrastructure/"
Gas pipelines,Researcher,J3734,3734,P6895,AL,CB
Gas pipelines,LastUpdated,K3734,3734,P6895,45544,46297
Gas pipelines,Fuel [ref],M3734,3734,P6895,https://www.equitransmidstream.com/transmission/,"https://www.equitransmidstream.com/transmission/, http://web.archive.org/web/20260113022337/https://www.equitransmidstream.com/transmission/, https://www.sec.gov/Archives/edgar/data/1747009/000174700924000011/etrn-20231231.htm"
Gas pipelines,PipelineType [ref],O3734,3734,P6895,https://www.equitransmidstream.com/wp-content/uploads/2020/08/Transmission_Gathering_EQM-Existing_20181012.pdf,"https://www.equitransmidstream.com/wp-content/uploads/2020/08/Transmission_Gathering_EQM-Existing_20181012.pdf, https://www.sec.gov/Archives/edgar/data/1747009/000174700924000011/etrn-20231231.htm, http://web.archive.org/web/20230610002101/https://www.ovcx.info/wp-content/uploads/2022/01/0012-PUBLIC-Exhibit-Z-3.pdf"
Gas pipelines,FuelSource [ref],BR3734,3734,P6895,https://www.ovcx.info/wp-content/uploads/2022/01/0012-PUBLIC-Exhibit-Z-3.pdf,"https://www.ovcx.info/wp-content/uploads/2022/01/0012-PUBLIC-Exhibit-Z-3.pdf, http://web.archive.org/web/20230610002101/https://www.ovcx.info/wp-content/uploads/2022/01/0012-PUBLIC-Exhibit-Z-3.pdf, https://www.sec.gov/Archives/edgar/data/1747009/000174700924000011/etrn-20231231.htm"
Gas pipelines,StartState/Province,BU3734,3734,P6895,,West Virginia
Gas pipelines,EndState/Province,CA3734,3734,P6895,,Pennsylvania
Gas pipelines,Location [ref],CF3734,3734,P6895,,"http://web.archive.org/web/20230610002101/https://www.ovcx.info/wp-content/uploads/2022/01/0012-PUBLIC-Exhibit-Z-3.pdf, https://www.sec.gov/Archives/edgar/data/1747009/000174700924000011/etrn-20231231.htm"
Gas pipelines,Researcher,J3735,3735,P6896,AL,CB
Gas pipelines,LastUpdated,K3735,3735,P6896,45544,46297
Gas pipelines,Fuel [ref],M3735,3735,P6896,https://www.equitransmidstream.com/transmission/,"https://www.equitransmidstream.com/transmission/, https://www.sec.gov/Archives/edgar/data/1540947/000110465916150082/a16-19730_1ex99d1.htm, https://www.federalregister.gov/documents/2015/10/08/2015-25635/equitrans-lp-notice-of-application"
Gas pipelines,PipelineType [ref],O3735,3735,P6896,https://www.equitransmidstream.com/wp-content/uploads/2020/08/Transmission_Gathering_EQM-Existing_20181012.pdf,"https://www.equitransmidstream.com/wp-content/uploads/2020/08/Transmission_Gathering_EQM-Existing_20181012.pdf, https://www.sec.gov/Archives/edgar/data/1540947/000110465916150082/a16-19730_1ex99d1.htm, https://www.federalregister.gov/documents/2019/05/13/2019-09707/equitrans-lp-notice-of-request-under-blanket-authorization"
Gas pipelines,LengthKnown,BF3735,3735,P6896,,209.0
Gas pipelines,LengthKnownUnits,BG3735,3735,P6896,,mi
Gas pipelines,Length [ref],BI3735,3735,P6896,,https://www.sec.gov/Archives/edgar/data/1540947/000110465916150082/a16-19730_1ex99d1.htm
Gas pipelines,Diameter,BM3735,3735,P6896,,20.0
Gas pipelines,DiameterUnits,BN3735,3735,P6896,,in
Gas pipelines,Diameter [ref],BO3735,3735,P6896,,https://www.federalregister.gov/documents/2019/05/13/2019-09707/equitrans-lp-notice-of-request-under-blanket-authorization
Gas pipelines,StartState/Province,BU3735,3735,P6896,,Pennsylvania
Gas pipelines,EndState/Province,CA3735,3735,P6896,,Pennsylvania
Gas pipelines,Location [ref],CF3735,3735,P6896,,"https://www.federalregister.gov/documents/2015/10/08/2015-25635/equitrans-lp-notice-of-application, https://www.sec.gov/Archives/edgar/data/33213/000003321317000003/eqt-12312016x10k.htm"
Gas pipelines,Researcher,J3737,3737,P6898,IM,CB
Gas pipelines,LastUpdated,K3737,3737,P6898,45919,46297
Gas pipelines,FuelSource,BQ3737,3737,P6898,,"Greater Green River, Uinta, and Piceance Basins"
Gas pipelines,FuelSource [ref],BR3737,3737,P6898,,https://www.williams.com/pipeline/mountainwest/
Gas pipelines,StartState/Province,BU3737,3737,P6898,,Colorado
Gas pipelines,EndLocation,BY3737,3737,P6898,,Payson
Gas pipelines,EndState/Province,CA3737,3737,P6898,,Utah
Gas pipelines,Location [ref],CF3737,3737,P6898,,https://www.sec.gov/Archives/edgar/data/764044/0000764044-94-000001.txt
Gas pipelines,Researcher,J3738,3738,P6899,IM,CB
Gas pipelines,LastUpdated,K3738,3738,P6899,45919,46297
Gas pipelines,PipelineType [ref],O3738,3738,P6899,https://www.williams.com/pipeline/mountainwest/,"https://www.williams.com/pipeline/mountainwest/, https://www.sec.gov/Archives/edgar/data/107263/000010726326000006/wmb-20251231.htm"
Gas pipelines,Location [ref],CF3738,3738,P6899,https://www.williams.com/pipeline/mountainwest/,"https://www.williams.com/pipeline/mountainwest/, https://www.sec.gov/Archives/edgar/data/1692115/000169211523000056/swx-20221231.htm"
Gas pipelines,Researcher,J3777,3777,P7109,BL,CB
Gas pipelines,LastUpdated,K3777,3777,P7109,45691,46297
Gas pipelines,Fuel [ref],M3777,3777,P7109,https://whitewatermidstream.com/projects,"https://whitewatermidstream.com/projects, https://www.federalregister.gov/documents/2024/05/03/2024-09688/carlsbad-gateway-llc-notice-of-request-under-blanket-authorization-and-establishing-intervention-and"
Gas pipelines,PipelineType [ref],O3777,3777,P7109,https://whitewatermidstream.com/projects,"https://whitewatermidstream.com/projects, https://www.federalregister.gov/documents/2024/05/03/2024-09688/carlsbad-gateway-llc-notice-of-request-under-blanket-authorization-and-establishing-intervention-and"
Gas pipelines,Capacity,AX3777,3777,P7109,,350000.0
Gas pipelines,CapacityUnits,AY3777,3777,P7109,,Dth/d
Gas pipelines,Capacity [ref],AZ3777,3777,P7109,,https://www.federalregister.gov/documents/2024/05/03/2024-09688/carlsbad-gateway-llc-notice-of-request-under-blanket-authorization-and-establishing-intervention-and
Gas pipelines,LengthKnown,BF3777,3777,P7109,,20.0
Gas pipelines,LengthKnownUnits,BG3777,3777,P7109,,mi
Gas pipelines,Length [ref],BI3777,3777,P7109,,https://www.federalregister.gov/documents/2024/05/03/2024-09688/carlsbad-gateway-llc-notice-of-request-under-blanket-authorization-and-establishing-intervention-and
Gas pipelines,Diameter,BM3777,3777,P7109,,20.0
Gas pipelines,DiameterUnits,BN3777,3777,P7109,,in
Gas pipelines,Diameter [ref],BO3777,3777,P7109,,https://www.federalregister.gov/documents/2024/05/03/2024-09688/carlsbad-gateway-llc-notice-of-request-under-blanket-authorization-and-establishing-intervention-and
Gas pipelines,FuelSource,BQ3777,3777,P7109,,Red Hills Processing Plant
Gas pipelines,FuelSource [ref],BR3777,3777,P7109,,https://www.federalregister.gov/documents/2024/05/03/2024-09688/carlsbad-gateway-llc-notice-of-request-under-blanket-authorization-and-establishing-intervention-and
Gas pipelines,StartLocation,BS3777,3777,P7109,,Red Hills Processing Plant
Gas pipelines,StartPrefecture/District,BT3777,3777,P7109,,Lea County
Gas pipelines,EndLocation,BY3777,3777,P7109,,Agua Blanca Pipeline interconnection
Gas pipelines,EndPrefecture/District,BZ3777,3777,P7109,,Loving County
Gas pipelines,Location [ref],CF3777,3777,P7109,https://whitewatermidstream.com/projects,"https://whitewatermidstream.com/projects, https://www.federalregister.gov/documents/2024/05/03/2024-09688/carlsbad-gateway-llc-notice-of-request-under-blanket-authorization-and-establishing-intervention-and"
Gas pipelines,Researcher,J3793,3793,P7125,IM,CB
Gas pipelines,LastUpdated,K3793,3793,P7125,45821,46297
Gas pipelines,Fuel [ref],M3793,3793,P7125,https://centrapipelines.com/,"https://centrapipelines.com/, https://web.archive.org/web/20250430155405/https://centrapipelines.com/, https://web.archive.org/web/2025/https://efgroupllc.com/our-business/investments/efg-gas-transmission"
Gas pipelines,PipelineType [ref],O3793,3793,P7125,https://centrapipelines.com/about-us/,"https://centrapipelines.com/about-us/, https://web.archive.org/web/20250503063318/https://centrapipelines.com/about-us/, https://web.archive.org/web/2025/https://efgroupllc.com/our-business/investments/efg-gas-transmission"
Gas pipelines,Capacity [ref],AZ3793,3793,P7125,https://efgroupllc.com/our-business/investments/efg-gas-transmission,"https://efgroupllc.com/our-business/investments/efg-gas-transmission, https://web.archive.org/web/2025/https://efgroupllc.com/our-business/investments/efg-gas-transmission"
Gas pipelines,Pressure,BA3793,3793,P7125,,5.516
Gas pipelines,PressureUnits,BB3793,3793,P7125,,MPa
Gas pipelines,Pressure [ref],BC3793,3793,P7125,,https://web.archive.org/web/20250503063318/https://centrapipelines.com/about-us/
Gas pipelines,Length [ref],BI3793,3793,P7125,https://centrapipelines.com/about-us/,"https://centrapipelines.com/about-us/, https://web.archive.org/web/20250503063318/https://centrapipelines.com/about-us/, https://web.archive.org/web/2025/https://efgroupllc.com/our-business/investments/efg-gas-transmission"
Gas pipelines,Diameter [ref],BO3793,3793,P7125,https://centrapipelines.com/about-us/,"https://centrapipelines.com/about-us/, https://web.archive.org/web/20250503063318/https://centrapipelines.com/about-us/, https://web.archive.org/web/2025/https://efgroupllc.com/our-business/investments/efg-gas-transmission"
Gas pipelines,Researcher,J3839,3839,P7453,IM,CB
Gas pipelines,LastUpdated,K3839,3839,P7453,45856,46297
Gas pipelines,PipelineType [ref],O3839,3839,P7453,https://www.adn.com/energy/article/gas-companies-butt-heads-over-kenai-beluga-pipeline/2015/01/12/,"https://www.adn.com/energy/article/gas-companies-butt-heads-over-kenai-beluga-pipeline/2015/01/12/, https://aws.state.ak.us/OnlinePublicNotices/Notices/View.aspx?id=174074"
Gas pipelines,Status [ref],I3841,3841,P7455,https://www.npms.phmsa.dot.gov/,"https://www.npms.phmsa.dot.gov/, https://dog.dnr.alaska.gov/Services/Pipeline/CIGGS%20Pipeline, https://primis.phmsa.dot.gov/enforcement-documents/52021023NOPV/52021023NOPV_Final%20Order_03282022_(20-174865).pdf"
Gas pipelines,Researcher,J3841,3841,P7455,IM,CB
Gas pipelines,LastUpdated,K3841,3841,P7455,45856,46297
Gas pipelines,ConstructionYear,AC3841,3841,P7455,,1972
Gas pipelines,Construction [ref],AE3841,3841,P7455,,"https://dog.dnr.alaska.gov/Services/Pipeline/CIGGS%20Pipeline, https://dog.dnr.alaska.gov/Documents/SPCS/CIPL/CIGGS_Application_09012017.pdf"
Gas pipelines,Start [ref],AL3841,3841,P7455,https://dog.dnr.alaska.gov/Services/Pipeline/CIGGS%20Pipeline,"https://dog.dnr.alaska.gov/Services/Pipeline/CIGGS%20Pipeline, https://dog.dnr.alaska.gov/Documents/SPCS/CIPL/CIGGS_Application_09012017.pdf"
Gas pipelines,Length [ref],BI3841,3841,P7455,https://www.npms.phmsa.dot.gov/,"https://www.npms.phmsa.dot.gov/, https://dog.dnr.alaska.gov/Services/Pipeline/CIGGS%20Pipeline"
Gas pipelines,Location [ref],CF3841,3841,P7455,https://www.npms.phmsa.dot.gov/,"https://www.npms.phmsa.dot.gov/, https://dog.dnr.alaska.gov/Documents/SPCS/CIPL/CIGGS_Application_09012017.pdf, https://dog.dnr.alaska.gov/Services/Pipeline/CIGGS%20Pipeline"
Gas pipelines,Status [ref],I4150,4150,P7770,https://www.eia.gov/naturalgas/data.php#pipelines,"https://www.eia.gov/naturalgas/data.php#pipelines, https://www.eia.gov/naturalgas/pipelines/EIA-NaturalGasPipelineProjectsAug2026.xlsx, https://www.federalregister.gov/documents/2024/11/27/2024-27777/driftwood-pipeline-llc-notice-of-request-for-extension-of-time"
Gas pipelines,Researcher,J4150,4150,P7770,BL,CB
Gas pipelines,LastUpdated,K4150,4150,P7770,45936,46297
Gas pipelines,Fuel [ref],M4150,4150,P7770,https://www.eia.gov/naturalgas/data.php#pipelines,"https://www.eia.gov/naturalgas/data.php#pipelines, https://www.federalregister.gov/documents/2021/07/07/2021-14468/driftwood-pipeline-llc-notice-of-application-and-establishing-intervention-deadline, https://www.eia.gov/naturalgas/pipelines/EIA-NaturalGasPipelineProjectsAug2026.xlsx"
Gas pipelines,PipelineType [ref],O4150,4150,P7770,https://www.eia.gov/naturalgas/data.php#pipelines,"https://www.eia.gov/naturalgas/data.php#pipelines, https://www.federalregister.gov/documents/2021/07/07/2021-14468/driftwood-pipeline-llc-notice-of-application-and-establishing-intervention-deadline, https://www.eia.gov/naturalgas/pipelines/EIA-NaturalGasPipelineProjectsAug2026.xlsx"
Gas pipelines,ProposalYear,Z4150,4150,P7770,,2021
Gas pipelines,ProposalMonth,AA4150,4150,P7770,,6
Gas pipelines,Proposal [ref],AB4150,4150,P7770,,"https://www.federalregister.gov/documents/2021/07/07/2021-14468/driftwood-pipeline-llc-notice-of-application-and-establishing-intervention-deadline, https://www.eia.gov/naturalgas/pipelines/EIA-NaturalGasPipelineProjectsAug2026.xlsx"
Gas pipelines,Start [ref],AL4150,4150,P7770,https://www.eia.gov/naturalgas/data.php#pipelines,"https://www.eia.gov/naturalgas/data.php#pipelines, https://www.federalregister.gov/documents/2024/11/27/2024-27777/driftwood-pipeline-llc-notice-of-request-for-extension-of-time, https://www.eia.gov/naturalgas/pipelines/EIA-NaturalGasPipelineProjects_Jul2025.xlsx"
Gas pipelines,Delay [ref],AO4150,4150,P7770,https://oilandgaswatch.org/pipeline/4199,"https://oilandgaswatch.org/pipeline/4199, https://www.federalregister.gov/documents/2024/11/27/2024-27777/driftwood-pipeline-llc-notice-of-request-for-extension-of-time, https://www.eia.gov/naturalgas/pipelines/EIA-NaturalGasPipelineProjectsAug2026.xlsx"
Gas pipelines,Capacity [ref],AZ4150,4150,P7770,https://www.eia.gov/naturalgas/data.php#pipelines,"https://www.eia.gov/naturalgas/data.php#pipelines, https://web.archive.org/web/20250115174928/https://driftwoodpipeline.com/line-200-and-line-300/, https://www.eia.gov/naturalgas/pipelines/EIA-NaturalGasPipelineProjects_Jul2025.xlsx"
Gas pipelines,Length [ref],BI4150,4150,P7770,https://cdxapps.epa.gov/cdx-enepa-II/public/action/eis/details?eisId=378210,"https://cdxapps.epa.gov/cdx-enepa-II/public/action/eis/details?eisId=378210, https://web.archive.org/web/20250115174928/https://driftwoodpipeline.com/line-200-and-line-300/, https://www.eia.gov/naturalgas/pipelines/EIA-NaturalGasPipelineProjectsAug2026.xlsx"
Gas pipelines,Diameter [ref],BO4150,4150,P7770,https://www.eia.gov/naturalgas/data.php#pipelines,"https://www.eia.gov/naturalgas/data.php#pipelines, https://web.archive.org/web/20250115174928/https://driftwoodpipeline.com/line-200-and-line-300/, https://www.eia.gov/naturalgas/pipelines/EIA-NaturalGasPipelineProjectsAug2026.xlsx"
Gas pipelines,FuelSource [ref],BR4150,4150,P7770,,https://web.archive.org/web/20250623025026/https://www.spglobal.com/commodity-insights/en/news-research/latest-news/natural-gas/032921-driftwood-pipeline-expansion-offers-haynesville-enhanced-market-access
Gas pipelines,Location [ref],CF4150,4150,P7770,https://www.eia.gov/naturalgas/data.php#pipelines,"https://www.eia.gov/naturalgas/data.php#pipelines, https://www.federalregister.gov/documents/2021/07/07/2021-14468/driftwood-pipeline-llc-notice-of-application-and-establishing-intervention-deadline, https://web.archive.org/web/20250115174928/https://driftwoodpipeline.com/line-200-and-line-300/"
Gas pipelines,SegmentCost [ref],CM4150,4150,P7770,https://www.eia.gov/naturalgas/data.php#pipelines,"https://www.eia.gov/naturalgas/data.php#pipelines, https://www.eia.gov/naturalgas/pipelines/EIA-NaturalGasPipelineProjectsAug2026.xlsx"
Gas pipelines,Status [ref],I4200,4200,P7820,https://www.eia.gov/naturalgas/data.php#pipelines,"https://www.eia.gov/naturalgas/data.php#pipelines, https://web.archive.org/web/20191001031829/https://www.enbridge.com/projects-and-infrastructure/projects/atlantic-bridge, https://www.eia.gov/naturalgas/pipelines/EIA-NaturalGasPipelineProjectsAug2026.xlsx"
Gas pipelines,Researcher,J4200,4200,P7820,BL,CB
Gas pipelines,LastUpdated,K4200,4200,P7820,45943,46297
Gas pipelines,Fuel [ref],M4200,4200,P7820,https://web.archive.org/web/20191001031829/https://www.enbridge.com/projects-and-infrastructure/projects/atlantic-bridge,"https://web.archive.org/web/20191001031829/https://www.enbridge.com/projects-and-infrastructure/projects/atlantic-bridge, https://www.eia.gov/naturalgas/pipelines/EIA-NaturalGasPipelineProjectsAug2026.xlsx"
Gas pipelines,PipelineType [ref],O4200,4200,P7820,https://web.archive.org/web/20191001031829/https://www.enbridge.com/projects-and-infrastructure/projects/atlantic-bridge,"https://web.archive.org/web/20191001031829/https://www.enbridge.com/projects-and-infrastructure/projects/atlantic-bridge, https://www.eia.gov/naturalgas/pipelines/EIA-NaturalGasPipelineProjectsAug2026.xlsx"
Gas pipelines,Proposal [ref],AB4200,4200,P7820,https://elibrary.ferc.gov/eLibrary/search,"https://elibrary.ferc.gov/eLibrary/search, https://www.federalregister.gov/documents/full_text/text/2015/05/12/2015-11409.txt"
Gas pipelines,Construction [ref],AE4200,4200,P7820,https://elibrary.ferc.gov/eLibrary/search,"https://elibrary.ferc.gov/eLibrary/search, https://web.archive.org/web/20190901005958/https://rtoinsider.com/ferc-atlantic-bridge-pipeline-project-37320/, https://web.archive.org/web/20191001031829/https://www.enbridge.com/projects-and-infrastructure/projects/atlantic-bridge"
Gas pipelines,Start [ref],AL4200,4200,P7820,https://www.eia.gov/naturalgas/data.php#pipelines,"https://www.eia.gov/naturalgas/data.php#pipelines, https://web.archive.org/web/20191001031829/https://www.enbridge.com/projects-and-infrastructure/projects/atlantic-bridge, https://www.eia.gov/naturalgas/pipelines/EIA-NaturalGasPipelineProjectsAug2026.xlsx"
Gas pipelines,Capacity [ref],AZ4200,4200,P7820,,"https://web.archive.org/web/20191001031829/https://www.enbridge.com/projects-and-infrastructure/projects/atlantic-bridge, https://www.eia.gov/naturalgas/pipelines/EIA-NaturalGasPipelineProjectsAug2026.xlsx"
Gas pipelines,StartState/Province,BU4200,4200,P7820,,New Jersey
Gas pipelines,EndState/Province,CA4200,4200,P7820,,Massachusetts
Gas pipelines,Location [ref],CF4200,4200,P7820,,"https://www.eia.gov/naturalgas/pipelines/EIA-NaturalGasPipelineProjectsAug2026.xlsx, https://web.archive.org/web/20191001031829/https://www.enbridge.com/projects-and-infrastructure/projects/atlantic-bridge"
Gas pipelines,Status [ref],I4201,4201,P7821,https://www.eia.gov/naturalgas/data.php#pipelines,"https://www.eia.gov/naturalgas/data.php#pipelines, https://web.archive.org/web/20191001031829/https://www.enbridge.com/projects-and-infrastructure/projects/atlantic-bridge, https://www.eia.gov/naturalgas/pipelines/EIA-NaturalGasPipelineProjectsAug2026.xlsx"
Gas pipelines,Researcher,J4201,4201,P7821,BL,CB
Gas pipelines,LastUpdated,K4201,4201,P7821,45943,46297
Gas pipelines,Fuel [ref],M4201,4201,P7821,https://web.archive.org/web/20191001031829/https://www.enbridge.com/projects-and-infrastructure/projects/atlantic-bridge,"https://web.archive.org/web/20191001031829/https://www.enbridge.com/projects-and-infrastructure/projects/atlantic-bridge, https://www.eia.gov/naturalgas/pipelines/EIA-NaturalGasPipelineProjectsAug2026.xlsx"
Gas pipelines,PipelineType [ref],O4201,4201,P7821,https://web.archive.org/web/20191001031829/https://www.enbridge.com/projects-and-infrastructure/projects/atlantic-bridge,"https://web.archive.org/web/20191001031829/https://www.enbridge.com/projects-and-infrastructure/projects/atlantic-bridge, https://www.eia.gov/naturalgas/pipelines/EIA-NaturalGasPipelineProjectsAug2026.xlsx"
Gas pipelines,Proposal [ref],AB4201,4201,P7821,https://elibrary.ferc.gov/eLibrary/search,"https://elibrary.ferc.gov/eLibrary/search, https://www.federalregister.gov/documents/full_text/text/2015/05/12/2015-11409.txt"
Gas pipelines,Construction [ref],AE4201,4201,P7821,https://elibrary.ferc.gov/eLibrary/search,"https://elibrary.ferc.gov/eLibrary/search, https://web.archive.org/web/20190901005958/https://rtoinsider.com/ferc-atlantic-bridge-pipeline-project-37320/, https://www.eia.gov/naturalgas/pipelines/EIA-NaturalGasPipelineProjectsAug2026.xlsx"
Gas pipelines,Start [ref],AL4201,4201,P7821,https://www.eia.gov/naturalgas/data.php#pipelines,"https://www.eia.gov/naturalgas/data.php#pipelines, https://www.sec.gov/Archives/edgar/data/895728/000089572821000010/enb-20201231.htm, https://www.eia.gov/naturalgas/pipelines/EIA-NaturalGasPipelineProjectsAug2026.xlsx"
Gas pipelines,Capacity [ref],AZ4201,4201,P7821,,https://www.eia.gov/naturalgas/pipelines/EIA-NaturalGasPipelineProjectsAug2026.xlsx
Gas pipelines,StartState/Province,BU4201,4201,P7821,,New Jersey
Gas pipelines,EndState/Province,CA4201,4201,P7821,,Massachusetts
Gas pipelines,Location [ref],CF4201,4201,P7821,,"https://www.eia.gov/naturalgas/pipelines/EIA-NaturalGasPipelineProjectsAug2026.xlsx, https://web.archive.org/web/20191001031829/https://www.enbridge.com/projects-and-infrastructure/projects/atlantic-bridge"
Gas pipelines,SegmentCost [ref],CM4201,4201,P7821,https://www.eia.gov/naturalgas/data.php#pipelines,"https://www.eia.gov/naturalgas/data.php#pipelines, https://www.eia.gov/naturalgas/pipelines/EIA-NaturalGasPipelineProjectsAug2026.xlsx"
Gas pipelines,Researcher,J4209,4209,P7829,BL,CB
Gas pipelines,LastUpdated,K4209,4209,P7829,45945,46297
Gas pipelines,Fuel [ref],M4209,4209,P7829,https://www.eia.gov/naturalgas/data.php#pipelines,"https://www.eia.gov/naturalgas/data.php#pipelines, https://www.eia.gov/naturalgas/pipelines/EIA-NaturalGasPipelineProjects_Oct2025.xlsx"
Gas pipelines,PipelineType [ref],O4209,4209,P7829,https://www.eia.gov/naturalgas/data.php#pipelines,"https://www.eia.gov/naturalgas/data.php#pipelines, https://www.eia.gov/naturalgas/pipelines/EIA-NaturalGasPipelineProjects_Oct2025.xlsx"
Gas pipelines,Proposal [ref],AB4209,4209,P7829,https://archive.org/details/dtm-company-presentation-november-2024,"https://archive.org/details/dtm-company-presentation-november-2024, https://www.ogj.com/pipelines-transportation/pipelines/article/55240028/dt-midstream-expanding-haynesville-marcellus-natural-gas-pipeline-systems"
Gas pipelines,ConstructionYear,AC4209,4209,P7829,,2025
Gas pipelines,Construction [ref],AE4209,4209,P7829,,https://www.sec.gov/Archives/edgar/data/1842022/000184202226000003/dtm-20251231.htm
Gas pipelines,Length [ref],BI4209,4209,P7829,https://www.eia.gov/naturalgas/data.php#pipelines,"https://www.eia.gov/naturalgas/data.php#pipelines, https://www.eia.gov/naturalgas/pipelines/EIA-NaturalGasPipelineProjects_Oct2025.xlsx"
Gas pipelines,FuelSource,BQ4209,4209,P7829,,Marcellus and Utica Shale
Gas pipelines,FuelSource [ref],BR4209,4209,P7829,,https://www.eia.gov/naturalgas/pipelines/EIA-NaturalGasPipelineProjects_Oct2025.xlsx
Gas pipelines,StartState/Province,BU4209,4209,P7829,,West Virginia
Gas pipelines,EndState/Province,CA4209,4209,P7829,,West Virginia
Gas pipelines,Location [ref],CF4209,4209,P7829,,https://www.eia.gov/naturalgas/pipelines/EIA-NaturalGasPipelineProjects_Oct2025.xlsx
Gas pipelines,SegmentCost [ref],CM4209,4209,P7829,https://www.eia.gov/naturalgas/data.php#pipelines,"https://www.eia.gov/naturalgas/data.php#pipelines, https://www.eia.gov/naturalgas/pipelines/EIA-NaturalGasPipelineProjects_Oct2025.xlsx, https://www.sec.gov/Archives/edgar/data/1842022/000094787124000422/ss3317513_ex9902.htm"
Gas pipelines,Researcher,J4231,4231,P7851,AL,CB
Gas pipelines,LastUpdated,K4231,4231,P7851,45950,46297
Gas pipelines,LengthKnown,BF4231,4231,P7851,,90.0
Gas pipelines,LengthKnownUnits,BG4231,4231,P7851,,mi
Gas pipelines,Length [ref],BI4231,4231,P7851,,https://www.eia.gov/naturalgas/pipelines/EIA-NaturalGasPipelineProjectsAug2026.xlsx
Gas pipelines,Researcher,J4241,4241,P7861,AL,CB
Gas pipelines,LastUpdated,K4241,4241,P7861,45951,46297
Gas pipelines,LengthKnown,BF4241,4241,P7861,,275
Gas pipelines,LengthKnownUnits,BG4241,4241,P7861,,mi
Gas pipelines,Length [ref],BI4241,4241,P7861,,https://producersmidstream.com/palo-duro-pipeline-project-notice-of-binding-open-season/
Gas pipelines,Diameter,BM4241,4241,P7861,,16
Gas pipelines,DiameterUnits,BN4241,4241,P7861,,inches
Gas pipelines,Diameter [ref],BO4241,4241,P7861,,https://producersmidstream.com/palo-duro-pipeline-project-notice-of-binding-open-season/
