project_id,sheet_row,column,before,after
P7149,3833,RouteNotes,"CB: route guessed from endpoints — ~70km subsea pipeline (CNOOC's '涠北管线'/Weibei line) between Weizhou Island and Tieshan Port, Beihai. Sources state the pipe runs directly between the Weizhou terminal and the Tieshan Port landfall receiving station with no named intermediate onshore waypoints (subsea route). One routing detail: in Jan 2023 the line crossed beneath Beihai's planned 300,000-DWT shipping channel near Weizhou Island; t | Builds on the pilot digest's confirmed-existence finding (medium tier per standing rule 4: sasac.gov.cn/thepaper.cn/ndrc.gov.cn are one CNOOC/state-media announcement reprinted across three hosts,","CB: route guessed from endpoints — ~70km subsea pipeline (CNOOC's '涠北管线'/Weibei line) between Weizhou Island and Tieshan Port, Beihai. Sources state the pipe runs directly between the Weizhou terminal and the Tieshan Port landfall receiving station with no named intermediate onshore waypoints (subsea route). One routing detail: in Jan 2023 the line crossed beneath Beihai's planned 300,000-DWT shipping channel near Weizhou Island; to avoid impacting the channel the project team used sea-to-sea trenchless horizontal directional drilling (HDD), routing the pipe 18-22m below the seabed through the mud layer beneath the planned channel. Commissioned/gas-in 2023-04-11, 13 days ahead of schedule. | Builds on the pilot digest's confirmed-existence finding (medium tier per standing rule 4: sasac.gov.cn/thepaper.cn/ndrc.gov.cn are one CNOOC/state-media announcement reprinted across three hosts, not editorially independent). This pass re-verified all three URLs live (all 200) and pulled the raw article text directly (curl, not AI-summarized) to confirm the precise start/end station language: start = '涠洲终端' (Weizhou terminal, on Weizhou Island, matched to a named OSM industrial feature '中海油涠洲终端'); end = an unnamed receiving station built specifically for this project at the 'Tieshan Port landfall point' ('铁山港登陆点'), fitted with pigging-receiver/filter/metering functions. No source found (including a re-check of the SASAC/thepaper/NDRC texts and a search for the prior pass's leads) gives the receiving station a proper name, a village/township-level location, or coordinates, so the end anchor is geocoded only to the Tieshan Port District (铁山港区) centroid, not a station-level fix. No GIS/vector layer found."
P7652,4051,RouteNotes,"CB: route guessed from endpoints — 163.com (Guangxi Daily/网易订阅 republication, dated 2020-09-26) reports first welding on the 陆川天然气支线管道工程 (Luchuan gas branch pipeline project), built by 广西广投天然气管网有限公司 (Guangxi Guangtou Natural Gas Pipeline Network Co.): '陆川支线起自玉林市福绵区沙田阀室，止于陆川县温泉镇陆川分输站，全长27km，其中福绵境内18km，陆川境内9km。中间设有大路塘阀室一座，设计压力为4MPa，设计年输量为0.85亿m3，项目总投资11657万元。' (The Luchuan branch starts at the Shatian valve station in Fumian District | Builds on the prior-pass (pilot_digest) finding that identified the government approval doc (桂发改能源〔2019〕480号, approved 2019-05-15) as the primary source but found it unreachable (fgw.gxzf.gov.cn Co","CB: route guessed from endpoints — 163.com (Guangxi Daily/网易订阅 republication, dated 2020-09-26) reports first welding on the 陆川天然气支线管道工程 (Luchuan gas branch pipeline project), built by 广西广投天然气管网有限公司 (Guangxi Guangtou Natural Gas Pipeline Network Co.): '陆川支线起自玉林市福绵区沙田阀室，止于陆川县温泉镇陆川分输站，全长27km，其中福绵境内18km，陆川境内9km。中间设有大路塘阀室一座，设计压力为4MPa，设计年输量为0.85亿m3，项目总投资11657万元。' (The Luchuan branch starts at the Shatian valve station in Fumian District, Yulin, and ends at the Luchuan distribution station in Wenquan Town, Luchuan County; total length 27km -- 18km within Fumian, 9km within Luchuan -- with one intermediate valve station, Dalutang (大路塘阀室); design pressure 4MPa; design annual capacity 0.85x10^8 m3; total investment 116.57 million RMB.) This closely matches GEM's recorded LengthMergedKm=28 (27km as-designed, consistent within rounding), and corroborates the prior-pass finding (pilot_digest) that the true physical start is Shatian Town/Fumian District, not 'Bobai' as currently recorded in GEM's StartLocation -- 'Bobai' appears to reflect that this branch continues on from the separately-built Bobai gas branch, not the literal start point. A second gigeps.com e-procurement notice (18592.htm, a 2023-era design-service tender for a secondary high-pressure connector) independently names '陆川分输站' as a real, physically built anchor point, connecting onward to a third-party 'Longhao natural gas station' (龙豪天然气场站) -- confirming the Luchuan distribution station is an operating hub, not a phantom sheet entry. No exact station-level coordinates (only place names) were found for either 沙田阀室 or 陆川分输站 despite targeted searches; both endpoints are geocoded at town centroid (Shatian Town / Wenquan Town) as the finest independently sourced level. | Builds on the prior-pass (pilot_digest) finding that identified the government approval doc (桂发改能源〔2019〕480号, approved 2019-05-15) as the primary source but found it unreachable (fgw.gxzf.gov.cn ConnectTimeout, confirmed again this pass -- also no Wayback Machine snapshot exists for that URL, checked via the wayback availability API). This pass found and directly verified (raw curl of the served HTML, not just an AI summary) a genuine, independent, reachable news republication (163.com/网易订阅, dated 2020-09-26, reporting the pipeline's first-weld milestone) that states the exact same start/end route description in its own words, naming both endpoint stations and the Fumian/Luchuan county split (18km + 9km = 27km). This URL passes url_verifier with content tokens '沙田'/'陆川分输站'/'温泉镇' present. A WebSearch snippet of the (unreachable) primary gxzf.gov.cn approval document independently corroborates the same start/end wording (Shatian sub-station -> Luchuan distribution station west of Datian Chong/大田冲 in Wenquan Town) but was not used as a citation since I could not independently fetch and verify it live (per standing rule, no fabricated/unverifiable refs) -- it is directional confirmation only, not a citation. Diameter (D273.1mm per the gxzf.gov.cn search snippet) remains unfilled/unsourced from a verifiable URL, consistent with the prior pass's finding -- out of scope for this route-creation task, flagged only for awareness."
P7654,4053,RouteNotes,"CB: route guessed from endpoints — The Guangxi Gas Investment Engineering & Procurement (gigeps.com) project-announcement page for '广西天然气支线管网项目南宁-扶绥天然气支线管道工程' states the line starts at '西气东输二线南宁-百色支线工程吴圩分输清管站' (the Wuxu distribution/pigging station on PipeChina's West-East Gas Pipeline Line 2, Nanning-Baise branch), located in Jiangnan District, Nanning, and ends at '扶绥-崇左支线扶绥清管站围墙外 2m' (2m outside the perimeter wall of the Fusui p | This resolves the pilot pass's EXISTENCE concern: all 4 of GEM's originally-cited refs were dead/unreachable/empty, but an independent project-announcement page on gigeps.com (Guangxi's official ga","CB: route guessed from endpoints — The Guangxi Gas Investment Engineering & Procurement (gigeps.com) project-announcement page for '广西天然气支线管网项目南宁-扶绥天然气支线管道工程' states the line starts at '西气东输二线南宁-百色支线工程吴圩分输清管站' (the Wuxu distribution/pigging station on PipeChina's West-East Gas Pipeline Line 2, Nanning-Baise branch), located in Jiangnan District, Nanning, and ends at '扶绥-崇左支线扶绥清管站围墙外 2m' (2m outside the perimeter wall of the Fusui pigging station on the Fusui-Chongzuo branch), Fusui County, Chongzuo. Route runs '沿线途经南宁市江南区及崇左市扶绥县' (Jiangnan District, Nanning through to Fusui County, Chongzuo). Stated length ~19.50 km (vs GEM's 20.00 km -- close, plausible planning-estimate vs as-built rounding), diameter D355.6mm (exact match to GEM's Diameter), design pressure 6.3MPa (exact match to GEM's Pressure), L360M ERW steel pipe. No major river/rail/highway crossings noted, but the filing flags 'san chuan' (three types of minor crossings) in its construction scope. | This resolves the pilot pass's EXISTENCE concern: all 4 of GEM's originally-cited refs were dead/unreachable/empty, but an independent project-announcement page on gigeps.com (Guangxi's official gas-infrastructure-investment engineering & procurement portal) names the identical project ('广西天然气支线管网项目南宁-扶绥天然气支线管道工程') and independently corroborates Diameter (355.6mm, exact) and Pressure (6.3MPa, exact match to the sheet's cited-but-dead fgw.nanning.gov.cn values), plus a length (~19.5km) very close to GEM's 20km. Additional corroboration: a DuckDuckGo search also surfaced two Guangxi Water Resources Department (slt.gxzf.gov.cn) filings referencing the identical project name for its soil-and-water-conservation plan, but both slt.gxzf.gov.cn URLs are unreachable from this sandbox (ECONNREFUSED, same geo-block pattern as fgw.gxzf.gov.cn) and have no Wayback snapshot obtainable right now (archive.org rate-limited this session) -- not used as refs, but their existence (real government agency, real project name) further supports this segment being genuinely real, not phantom. On the pilot's DUPLICATE concern vs P4725 ('Fusui County->Guangxi', 83km, same diameter 355.6mm/capacity 0.85bcm/y, status=construction): this newly-found source describes P7654 as tapping the West-East Line 2 (Nanning-Baise branch) at Wuxu and terminating just outside the Fusui pigging station on a *separate* named corridor ('扶绥-崇左支线', the Fusui-Chongzuo branch) -- i.e. P7654 (Wuxu->Fusui, ~19.5-20km) reads as a distinct feeder segment INTO the Fusui pigging station, while P4725 (83km, under construction) is plausibly further downstream on that same Fusui-Chongzuo branch corridor, not the same physical pipe. Shared diameter/capacity across two segments of one corridor network is unsurprising (same design spec applied network-wide) rather than evidence of a relabeled duplicate. Not setting duplicate_of, but flagging this reasoning for human side-by-side review since I could not obtain the Fusui-Chongzuo branch's full alignment to rule it out with certainty."
P7656,4055,RouteNotes,"CB: route guessed from endpoints — Guangxi Daily / Guangxi News Net article (v.gxnews.com.cn, 2020-04-30) on the groundbreaking of '南宁市天然气专供管道工程（中石化南宁站-南宁中燃门站段）' states verbatim: '工程起自中石化南宁站' (the project begins at Sinopec Nanning Station) and '止于邕宁区蒲庙镇蕾赖村西侧、疏港大道东侧的新建蒲庙分输站' (terminates at the newly-built Pumiao distribution station, west of Leilai village and east of Harbor Road, Pumiao Town, Yongning District), adding '该管道全线位于邕宁区境 | Building on the pilot pass, which already confirmed existence/classification/specs via this same source: this pass extracted the precise start/end station names and corridor description needed for","CB: route guessed from endpoints — Guangxi Daily / Guangxi News Net article (v.gxnews.com.cn, 2020-04-30) on the groundbreaking of '南宁市天然气专供管道工程（中石化南宁站-南宁中燃门站段）' states verbatim: '工程起自中石化南宁站' (the project begins at Sinopec Nanning Station) and '止于邕宁区蒲庙镇蕾赖村西侧、疏港大道东侧的新建蒲庙分输站' (terminates at the newly-built Pumiao distribution station, west of Leilai village and east of Harbor Road, Pumiao Town, Yongning District), adding '该管道全线位于邕宁区境内' (the entire pipeline lies within Yongning District). Total length ~8.9km (exact match to GEM's LengthKnown), groundbreaking 2020-04-28, planned 8-month construction, total investment 67.55 million RMB. | Building on the pilot pass, which already confirmed existence/classification/specs via this same source: this pass extracted the precise start/end station names and corridor description needed for route drawing. Both endpoints resolve only to district/town level in open geocoding (the underlying source names the stations but not a street address); the finer village/road detail (蕾赖村, 疏港大道) narrows the likely true site of the end station but could not be independently pinned with Nominatim."
P7657,4056,RouteNotes,"CB: route guessed from endpoints — ~45-46km branch line linking the Liuzhou distribution station (Taiyangcun Town, Liunan District) to a newly built Liucheng distribution station (Shapu Town, Liucheng County), passing through the Luoman (洛满) and Shechong (社冲) valve chambers en route. Per liucheng.gov.cn, ~28km of the route lies within Liucheng County itself; per gxtngs.com.cn, total new pipeline is ~46km across both Liunan District | Builds on the prior pilot pass, which already established existence/route/length via these same three refs (all three originally-cited sheet refs -- njsggzy.cn, fgw.gxzf.gov.cn, fgw.liuzhou.gov.cn","CB: route guessed from endpoints — ~45-46km branch line linking the Liuzhou distribution station (Taiyangcun Town, Liunan District) to a newly built Liucheng distribution station (Shapu Town, Liucheng County), passing through the Luoman (洛满) and Shechong (社冲) valve chambers en route. Per liucheng.gov.cn, ~28km of the route lies within Liucheng County itself; per gxtngs.com.cn, total new pipeline is ~46km across both Liunan District and Liucheng County (close to GEM's LengthKnown=45km). Design pressure ~4 MPa per GEM. | Builds on the prior pilot pass, which already established existence/route/length via these same three refs (all three originally-cited sheet refs -- njsggzy.cn, fgw.gxzf.gov.cn, fgw.liuzhou.gov.cn -- are dead and should be swapped for these). This pass re-verified all three refs live via url_verifier.py and re-fetched the two gxtngs.com.cn EIA notices directly (raw curl, not AI-summarized) to confirm the literal route/station text: '本工程位于柳州市柳南区和柳城县，新建管道线路全长约46km，扩建柳州分输站，新建柳城分输站、洛满阀室和社冲阀室。' Diameter (323.9mm), capacity, pressure, cost, and exact proposal/construction/start dates remain unconfirmed by any live source (pilot's separate spec-concern entry) -- out of scope for endpoint geocoding but flagged for the record. Endpoint precision: start resolved to village level (新圩村), matching P7673's shared origin station; end resolved to town level (沙浦镇), with the more specific expressway-service-area descriptor sourced from GEM's own field rather than an independently found document."
P7658,4057,RouteNotes,"CB: route guessed from endpoints — Two government-mandated post-construction environmental filings by Guangxi Gas Group (2025-07-30 completion disclosure and 2026-07-23 final acceptance report, both on yanshougs.com) state verbatim: '出自中石化广西液化天然气（LNG）项目输气管道已建的黎塘分输站' (originates from the existing Leitang distribution station, built for Sinopec's Guangxi LNG project pipeline) and '终于位于宾阳县塘表村东北侧的宾阳分输站' (terminates at the Binyang distr | Confirms and extends the prior pass's findings exactly -- both yanshougs.com URLs re-verified OK via url_verifier this pass. Township order along the route (west from Leitang): Leitang -> Yangqiao","CB: route guessed from endpoints — Two government-mandated post-construction environmental filings by Guangxi Gas Group (2025-07-30 completion disclosure and 2026-07-23 final acceptance report, both on yanshougs.com) state verbatim: '出自中石化广西液化天然气（LNG）项目输气管道已建的黎塘分输站' (originates from the existing Leitang distribution station, built for Sinopec's Guangxi LNG project pipeline) and '终于位于宾阳县塘表村东北侧的宾阳分输站' (terminates at the Binyang distribution station, northeast of Tangbiao village, Binyang County). Route runs westward from Leitang through four townships: 黎塘镇 (Leitang), 洋桥镇 (Yangqiao), 王灵镇 (Wangling), 大桥镇 (Daqiao) -- all within Binyang County, Nanning. As-built length 23.9196-23.925 km (the two filings differ slightly), D273.1mm pipe, 4MPa design pressure, design throughput 2.91e8 Nm3/a (0.291 bcm/y) -- Diameter, Pressure and Capacity all exact matches to GEM's recorded values; Length is ~3km/~11% shorter than GEM's current 27km (reads as pre-construction estimate vs as-built, flagged by the pilot pass, not corrected here). | Confirms and extends the prior pass's findings exactly -- both yanshougs.com URLs re-verified OK via url_verifier this pass. Township order along the route (west from Leitang): Leitang -> Yangqiao -> Wangling -> Daqiao -> Binyang distribution station near Tangbiao village. No duplicate found elsewhere in the Guangxi roster referencing these place names."
P7659,4058,RouteNotes,"CB: route guessed from endpoints; represents only the sourced Lipu-Mengshan sub-segment — the GEM row bundles a second non-contiguous Cangwu sub-segment not drawn here — IMPORTANT STRUCTURAL CAVEAT: P7659 'Wuzhou Branch' merges TWO physically separate, non-contiguous sub-segments under one GEM row per the source EIA notice: (1) Mengshan section (蒙山段) = Guilin-Lipu Co. 30km + Wuzhou-Mengshan Co. 29.2km = 59.2km, ending at a new Mengshan distribution station; (2) Cangwu section (苍梧段) = Hezhou-Babu Dist. 12.6km + Wuzhou-Cangwu Co. 21.9km = 34.5km, ending at a new Can | Status is correctly CANCELLED/shelved -- not re-litigated. Task was limited to sourcing planned endpoints from the 2019 EIA notice for historical route-drawing. Re-verified the notice URL (url_veri","CB: route guessed from endpoints; represents only the sourced Lipu-Mengshan sub-segment — the GEM row bundles a second non-contiguous Cangwu sub-segment not drawn here — IMPORTANT STRUCTURAL CAVEAT: P7659 'Wuzhou Branch' merges TWO physically separate, non-contiguous sub-segments under one GEM row per the source EIA notice: (1) Mengshan section (蒙山段) = Guilin-Lipu Co. 30km + Wuzhou-Mengshan Co. 29.2km = 59.2km, ending at a new Mengshan distribution station; (2) Cangwu section (苍梧段) = Hezhou-Babu Dist. 12.6km + Wuzhou-Cangwu Co. 21.9km = 34.5km, ending at a new Cangwu distribution station. These do NOT form one continuous line -- Mengshan County and Cangwu County are ~110km apart with Wuzhou city between them, and nothing in the source describes a Mengshan-to-Cangwu connector. The start/end pair given here represents ONLY the Mengshan sub-segment (chosen as representative because it is the longer/first-listed of the two, and because its start ties into a corroborated sibling GEM pipeline). Likely tie-in point identified: GEM row P4727 'Guangxi Gas Pipeline Network' / SegmentName 'Guilin-Yangshuo-Lipu Branch' already ends at 'LNG Lipu Station, Lipu County' -- this matches the '桂林-荔浦支线 30km' leg named in the P7659 EIA notice as the Mengshan section's origin, i.e. the Mengshan section plausibly branches off the existing/planned Guilin-Yangshuo-Lipu line near Lipu. This is inference from matching place-names + distances across two independently-staged GEM rows, not a direct citation in either source -- flag for a human reviewer to confirm before drawing a route. The Cangwu sub-segment (start near Babu District, Hezhou -- 24.4155435/111.5464663 -- end near Cangwu County seat -- 23.8692290/111.5423435, both Nominatim county/district-seat proxies) is NOT represented in the start/end fields above and would need its own separate route object if GEM ever splits this row into two segments (a recommendation already on record in the prior validity pilot pass, not re-litigated here). No coordinates more precise than county/town-seat level could be sourced for either the Mengshan or Cangwu distribution stations themselves -- targeted searches for '蒙山分输站' and '苍梧分输站' by name returned nothing, and the full underlying EIA report (searched docin.com, book118.com, general web) could not be located, only the 2019-12-27 first-round public-notice summary already on file. | Status is correctly CANCELLED/shelved -- not re-litigated. Task was limited to sourcing planned endpoints from the 2019 EIA notice for historical route-drawing. Re-verified the notice URL (url_verifier.py: OK, 200) and re-read it via WebFetch attempt (blocked -- ECONNREFUSED from this session's network path; web.archive.org fetch also unavailable to this tool) so all detail here relies on the prior pilot pass's already-extracted quotes (Guilin-Lipu Co. 30km / Wuzhou-Mengshan Co. 29.2km / Hezhou-Babu Dist. 12.6km / Wuzhou-Cangwu Co. 21.9km, per-segment totals, new-station language) plus one new cross-reference this pass: GEM sibling row P4727 (same PipelineName, SegmentName 'Guilin-Yangshuo-Lipu Branch') independently ends at 'LNG Lipu Station, Lipu County,' which lines up with the Mengshan sub-segment's stated 30km Guilin-Lipu origin leg -- the most useful new finding from this pass. No document host (docin.com/book118.com) or web search turned up the full EIA report, exact GPS/station coordinates, or named villages/townships beyond county level for either distribution station. Given the low-effort/low-priority instruction and the two-sub-segment structural problem (a single route object cannot honestly represent this row), stopping here at PARTIAL with county/town-seat proxies is the right call rather than fabricating precision."
P7661,4060,RouteNotes,"CB: route guessed from endpoints; proposal-stage line, endpoints resolved to city level only (no EIA or engineering siting published) — 央广网 (CNR) article dated 2025-01-17, titled '韩凯：建设防城港至东兴天然气支线管道', quotes Han Kai (Party Secretary/Director, Fangchenggang Development & Reform Commission) at the 2025 Guangxi 'two sessions' recommending the government build a Fangchenggang-to-Dongxing natural gas branch pipeline: '全长约40公里，总投资约8000万元' (total length ~40 km, total investment ~80 million RMB) -- both exact matches to GEM. This is expli | Confirms the pilot pass's finding: this is a real, publicly-recommended proposal (not a phantom entry) but remains pre-approval as of the newest evidence (2025-01-17); no construction-start, tender","CB: route guessed from endpoints; proposal-stage line, endpoints resolved to city level only (no EIA or engineering siting published) — 央广网 (CNR) article dated 2025-01-17, titled '韩凯：建设防城港至东兴天然气支线管道', quotes Han Kai (Party Secretary/Director, Fangchenggang Development & Reform Commission) at the 2025 Guangxi 'two sessions' recommending the government build a Fangchenggang-to-Dongxing natural gas branch pipeline: '全长约40公里，总投资约8000万元' (total length ~40 km, total investment ~80 million RMB) -- both exact matches to GEM. This is explicitly framed as a legislative recommendation ('我建议加快建设...并纳入2025年开工计划', urging inclusion in the 2025 construction-start plan), consistent with GEM's Status='proposed'. No station names, specific townships, or a detailed alignment have been published -- this is pre-approval/pre-EIA, so only the two endpoint cities are sourced. | Confirms the pilot pass's finding: this is a real, publicly-recommended proposal (not a phantom entry) but remains pre-approval as of the newest evidence (2025-01-17); no construction-start, tender, or EIA filing was found in this pass either, so no finer-than-city route detail exists to source yet. news.qq.com/rain/a/20250117A01W2T00 is the identical wire story re-syndicated same-day -- verified OK but does not count as a second independent source per the corroboration rule, so this stays medium-confidence on a single primary source (the CNR original). Coordinates are necessarily coarse (city-level) given the proposal stage; a route-creation pass should revisit once an approval/EIA names actual stations."
P7662,4061,RouteNotes,"CB: route guessed from endpoints — GEM row = Guilin-Yangshuo-Lipu Branch, officially '广西天然气支线管网项目桂林—阳朔—荔浦天然气支线管道工程' per the row's own (unreachable) fgw.gxzf.gov.cn ref (t2198137), later also referred to as '桂东北天然气环网桂林-阳朔-荔浦段' (Northeast-Guilin gas ring network) in 2022-2023 government/press coverage -- same physical route, developer PipeChina Southwest Oil & Gas Pipeline Co., Nanning Branch. Guangxi Daily (epaper.gxrb.com.cn, 2021- | GEM's own StartLocation cell is null for this row -- Linggui District is inferred here from independent sourcing (Guangxi Daily's affected-village list + a general county-level length breakdown), n","CB: route guessed from endpoints — GEM row = Guilin-Yangshuo-Lipu Branch, officially '广西天然气支线管网项目桂林—阳朔—荔浦天然气支线管道工程' per the row's own (unreachable) fgw.gxzf.gov.cn ref (t2198137), later also referred to as '桂东北天然气环网桂林-阳朔-荔浦段' (Northeast-Guilin gas ring network) in 2022-2023 government/press coverage -- same physical route, developer PipeChina Southwest Oil & Gas Pipeline Co., Nanning Branch. Guangxi Daily (epaper.gxrb.com.cn, 2021-11-15, verified) EIA public-comment notice names Shanggaoqiao Village (上高桥村) and Xiazhuang among affected villages within Guilin, and gives the construction company as the PipeChina Southwest Nanning branch -- consistent with a Linggui District start. General (non-single-URL) reporting breaks the ~100km route down as ~50km in Linggui District, ~32km in Yangshuo County, ~18km in Lipu; GEM's own EndLocation=Lipu with StartLocation left null in the sheet, so Linggui is used as the plotted start here on the strength of the Guangxi Daily notice's Guilin-area village names plus that county-level breakdown. Liuzhou Investment Promotion Bureau's republication of a Guangxi Daily energy-project roundup (tzcjj.liuzhou.gov.cn, 2023-04-07, verified) independently confirms the ring-network project as one of 11 'continuing construction' (续建) oil/gas projects in Guangxi's 2023 plan -- corroborates the pilot's status_review finding that this project is past 'proposed' by 2023 (a status-staleness item, out of scope here), not a route detail. | GEM's own StartLocation cell is null for this row -- Linggui District is inferred here from independent sourcing (Guangxi Daily's affected-village list + a general county-level length breakdown), not copied from GEM. Recommend a human reviewer confirm Linggui (临桂, not the similarly-named neighboring Lingchuan/灵川) before finalizing -- Linggui is the district explicitly named in the length breakdown and matches the 临政函〔2019〕9号 Lingui District government route/valve-chamber approval referenced in search results (unreachable to verify directly this session, cited only as directional corroboration, not a formal ref in this file)."
P7664,4063,RouteNotes,"CB: route guessed from endpoints; actual project is a small branching loop network (gas-source connector + south loop via #1 valve chamber, Tieshan Port first station, Nanzhuwan station) — two-point schematic only — SPECIAL NOTE: this is a branching network, not a single point-to-point line — the project's own safety-evaluation registry entry (hnocse.com) describes TWO pipe segments under one project name ('广西天然气支线管网项目铁山港天然气支线管道工程'): (1) a 3.14km 'gas-source connector line' (气源联络线) from 2m outside the wall of Guangxi Pipeline's Beihai First Station (广西管道北海首站) to this project's #1 valve chamber (1#阀室); and (2) | Re-verified hnocse.com, yanshougs.com and the dnr.gxzf.gov.cn Wayback snapshot live this pass (all 200 via url_verifier). hnocse.com is the single best source found for this row: a safety-evaluatio","CB: route guessed from endpoints; actual project is a small branching loop network (gas-source connector + south loop via #1 valve chamber, Tieshan Port first station, Nanzhuwan station) — two-point schematic only — SPECIAL NOTE: this is a branching network, not a single point-to-point line — the project's own safety-evaluation registry entry (hnocse.com) describes TWO pipe segments under one project name ('广西天然气支线管网项目铁山港天然气支线管道工程'): (1) a 3.14km 'gas-source connector line' (气源联络线) from 2m outside the wall of Guangxi Pipeline's Beihai First Station (广西管道北海首站) to this project's #1 valve chamber (1#阀室); and (2) a 25.89km 'south loop network' (南部环网管道) from 2m outside the wall of Sinopec's Guangxi Phase-3 LNG receiving station (中石化广西三期LNG接收站) through the #1 valve chamber, Tieshan Port first station (铁山港首站), and Nanzhuwan distribution station (南珠湾分输站), terminating at Xinggang distribution station (兴港分输站). Combined length ~29.0km (close to GEM's recorded 30km). Given the topology, the two anchors chosen for candidate-route purposes are the Sinopec LNG terminal (south-loop start / effective gas source for the loop) and Xinggang distribution station (loop terminus); the gas-source connector to Beihai First Station and the three intermediate stations (#1 valve chamber, Tieshan Port first station, Nanzhuwan distribution station) should be treated as required waypoints/branch points on any drawn route, not skipped as a straight line between the two anchors. Large-diameter (DN800/DN500 per pilot digest), high-pressure (10/6.3 MPa) branch trunk. | Re-verified hnocse.com, yanshougs.com and the dnr.gxzf.gov.cn Wayback snapshot live this pass (all 200 via url_verifier). hnocse.com is the single best source found for this row: a safety-evaluation-industry registry entry that names the project and gives the exact two-segment route description with all station names (quoted in corridor_notes). Could not geocode the Sinopec LNG terminal, Beihai First Station, #1 valve chamber, Tieshan Port first station, or Nanzhuwan distribution station individually — none appear in OSM/Overpass under these names within the Tieshan Port District bounding box, so the LNG terminal start anchor falls back to the district centroid (coarser than the confirmed town-level fix for Xinggang). No GIS/vector layer found. Per the pilot digest's own cross-check: a separately-reported 'Tieshan East Port gas branch pipeline project' (铁山东港天然气支线管道项目, Feb-2024 equity-acquisition report) that the prior pass flagged as a possible undiscovered THIRD Beihai-area pipeline appears, on this pass's reading of P7665's sourcing, to actually just BE P7665 (Donggang Industrial Park branch) under an alternate name — same operator chain (广投管网公司/天圜能源(广西)有限公司 both named in P7665's own commissioning article) — so that lead is resolved, not a new discovery candidate."
P7665,4064,RouteNotes,"CB: route guessed from endpoints — 12.6km branch ('东港支线') from PipeChina's national-trunk Baisha gas transmission station (国家管网白沙输气站, Baisha Town, Hepu County) to Langgen distribution station (榄根分输站) inside the Tieshan Donggang Industrial Park (铁山东港产业园), on the Hepu County/Tieshan Port District boundary. Design pressure 4 MPa. Built/operated by Guangxi Beihai Guangtou Gas Co. (广西北海广投燃气有限公司) with 广投管网公司 (Guangxi Investment Group's p | Re-verified gxbhlg.com and gigeps.com live this pass (both 200). gxbhlg.com (the project co-developer's own news page) is a strong single-source route description naming both stations and the exact","CB: route guessed from endpoints — 12.6km branch ('东港支线') from PipeChina's national-trunk Baisha gas transmission station (国家管网白沙输气站, Baisha Town, Hepu County) to Langgen distribution station (榄根分输站) inside the Tieshan Donggang Industrial Park (铁山东港产业园), on the Hepu County/Tieshan Port District boundary. Design pressure 4 MPa. Built/operated by Guangxi Beihai Guangtou Gas Co. (广西北海广投燃气有限公司) with 广投管网公司 (Guangxi Investment Group's pipeline-network subsidiary). Gas-in/pressure test completed 2024-03-29 (18:35 gas from Baisha reached Langgen; pressure test to 3.8MPa completed 2024-03-29 14:06); official commissioning with first industrial customers (新福兴, 长利 — both glass manufacturers) 2024-08-19. | Re-verified gxbhlg.com and gigeps.com live this pass (both 200). gxbhlg.com (the project co-developer's own news page) is a strong single-source route description naming both stations and the exact 12.6km length directly. nengyuanquan.com (the pilot digest's second corroborating source, syndicating the same story with commissioning-date detail) failed url_verifier this pass (ConnectTimeout) and the Wayback API was rate-limited (429) on repeated attempts, so it is NOT included as a ref here even though the pilot digest read it successfully — flagging as a re-check item. gigeps.com/61178 (2025-06-27 feasibility-study procurement notice for a FOLLOW-ON project in the same industrial park) corroborates the area's active buildout but does not itself name P7665's two endpoint stations. Pilot digest already checked P7665 against the roster (incl. P7664) for duplicates and found none (different route, different status, different diameter class) — reconfirmed on this pass; not a duplicate."
P7666,4065,RouteNotes,"CB: route guessed from endpoints; row appears to duplicate P7664 (Beihai/Tieshan Port buildout) — same route drawn for both; merge/retirement candidate — No independent location data exists for this row; geometry copied from P7664 per duplicate ruling. No new sourcing found beyond the pilot digest (WebSearch budget for this session was exhausted before this PID could be researched fresh; relying on the pilot digest's search coverage plus a re-check of the one cited URL and one more Wayback attempt, both unsuccessful). P7666's SegmentName 'Beihai B","CB: route guessed from endpoints; row appears to duplicate P7664 (Beihai/Tieshan Port buildout) — same route drawn for both; merge/retirement candidate — No independent location data exists for this row; geometry copied from P7664 per duplicate ruling. No route information exists for this row. GEM's StartLocation/EndLocation are both blank and LengthKnown is blank ('--'). The row's only citation (news.bjx.com.cn, 2021-03-26) is an Aliyun-WAF-obfuscated anti-bot page unreadable by any tool tried across two research passes (curl, WebFetch, and a fresh Wayback-snapshot attempt this pass, which was rate-limited 429 on the Wayback availability API after repeated tries by parallel sibling agents in this batch). Open web search for '北海支线'/'Beihai branch' gas pipeline turned up nothing describing a THIRD, distinct piece of Beihai-area gas infrastructure beyond the two already-tracked, well-documented sub-projects P7664 (Tieshan Port loop, still proposed) and P7665 (Donggang Industrial Park branch, now operating) — consistent with the pilot digest's own conclusion. | No new sourcing found beyond the pilot digest (WebSearch budget for this session was exhausted before this PID could be researched fresh; relying on the pilot digest's search coverage plus a re-check of the one cited URL and one more Wayback attempt, both unsuccessful). P7666's SegmentName 'Beihai Branch' (alt name '北海支线') most closely echoes P7664's segment name ('Beihai Tieshan Port loop gas pipe line') and status (both 'proposed'/unbuilt), rather than P7665 ('Donggang Industrial Park branch', already 'operating' as a concretely differentiated later sub-project) — so duplicate_of is set to P7664 as the best single candidate per the task's instruction to name one, while flagging that P7666 may equally be an undifferentiated placeholder for the WHOLE Beihai-area buildout (i.e., a precursor stub that was later split into both P7664 and P7665, rather than a clean duplicate of either one alone). Recommend Baird/CB treat this as a merge/retirement candidate against P7664+P7665 jointly, per the pilot digest's original recommendation, rather than a straightforward 1:1 duplicate."
P7673,4072,RouteNotes,"CB: route guessed from endpoints — 27km branch line from a China-Myanmar-gas-pipeline transmission station in Liushan Town, Liujiang District, passing through twelve villages, to the Liuzhou distribution station in Taiyangcun Town, Liunan District (china5e.com: '该管道起于中缅天然气管道支干线柳州输气站...终于柳南区太阳村镇新圩村柳州分输站...沿线经过柳江区、柳南区两个区'; sohu.com station-chief quote gives the village-level detail: '起点是在柳江区流山镇流山村柳州输气站，经过十二个村到柳南区太阳村镇新圩村柳州分输站'). Overa | Builds directly on the prior pilot pass, which had already verified existence/route/length/capacity/construction-date via these same three refs but only had a paraphrased route description (distric","CB: route guessed from endpoints — 27km branch line from a China-Myanmar-gas-pipeline transmission station in Liushan Town, Liujiang District, passing through twelve villages, to the Liuzhou distribution station in Taiyangcun Town, Liunan District (china5e.com: '该管道起于中缅天然气管道支干线柳州输气站...终于柳南区太阳村镇新圩村柳州分输站...沿线经过柳江区、柳南区两个区'; sohu.com station-chief quote gives the village-level detail: '起点是在柳江区流山镇流山村柳州输气站，经过十二个村到柳南区太阳村镇新圩村柳州分输站'). Overall direction northwest-to-southeast. Construction started 2015-08-28; entered trial operation 2017-12-05. Design capacity 3.70x10^8 Nm3/yr (0.37 bcm/y), matching GEM exactly. | Builds directly on the prior pilot pass, which had already verified existence/route/length/capacity/construction-date via these same three refs but only had a paraphrased route description (district-level only). This pass fetched china5e.com and sohu.com directly (raw curl, not AI-summarized) and extracted the literal station names and village-level route description, upgrading endpoint precision from district-level to village-level for both ends. Note the three refs (china5e.com, tzcjj.liuzhou.gov.cn per pilot, sohu.com) all trace to one original wire story per project rules and do not count as 2 independent sources on their own; jz.docin.com (the EIA-filing listing, uploaded by a different party in 2020) is the genuinely separate second origin. Prior pilot's flagged StartMonth1 concern (sheet says 2017-05; sources say trial operation began Dec 2017) is a data-field issue outside this task's endpoint-geometry scope but is reiterated here for the record."
P7674,4073,RouteNotes,"CB: route guessed from endpoints — ~31km branch line running from the Liudong distribution station (Liudong New District) via Fulutun, Liangting Village and Diliao into Liucheng County; the line then routes around the Liudong New District planning area, turning northeast through Dashan Village, Sijiao and Shanchang into Luzhai County; continues northeast via Baihua Village to the Luorong (雒容) valve room; then heads southeast (again | Best-documented of this batch's four PIDs. The prior pilot pass had already located this exact wsbs.liuzhou.gov.cn EIA public notice with a route description whose per-county length breakdown match","CB: route guessed from endpoints — ~31km branch line running from the Liudong distribution station (Liudong New District) via Fulutun, Liangting Village and Diliao into Liucheng County; the line then routes around the Liudong New District planning area, turning northeast through Dashan Village, Sijiao and Shanchang into Luzhai County; continues northeast via Baihua Village to the Luorong (雒容) valve room; then heads southeast (again routing around the Liudong New District planning area) to the new Luzhai distribution station. Length breakdown matches GEM exactly: 4.3km in Liudong New District + 6.9km in Liucheng County + 19.8km in Luzhai County = 31.0km total. Design capacity 1.1x10^8 Nm3/yr, design pressure 6.3 MPa, diameter DN300; one new station (Luzhai distribution station) and one new valve room (Luorong) built, plus expansion of the Liudong distribution station. Note: the source text references bypassing the Liudong New District planning area twice (once near the start of the route, again near the end just before reaching the Luzhai distribution station) -- reads as a possible drafting quirk/repetition in the original EIA text rather than a real routing detail; flagged, not resolved. | Best-documented of this batch's four PIDs. The prior pilot pass had already located this exact wsbs.liuzhou.gov.cn EIA public notice with a route description whose per-county length breakdown matches GEM's LengthMergedKm to the decimal. This pass re-fetched the page directly (raw curl, after an earlier WebFetch attempt on a different URL pattern returned ECONNRESET; not AI-summarized) to confirm the verbatim Chinese route text and extract literal station/place names (柳东分输站, 鹿寨分输站, 雒容阀室) for geocoding. Despite additional searching, this remains a SINGLE-SOURCE finding -- no second independent document was found by either pass. Per the project's 2+ independent source rule this would rate medium (not high) confidence on the standard corroboration scale, even though the route/length detail is unusually specific and internally consistent with GEM's own figures."
P7675,4074,RouteNotes,"CB: route guessed from endpoints — A 2025-02-28 Sina Finance article (re-syndicated from a Guangxi Energy Group / Guangtou Pipe Network release, and matching the nationalee.com press release already cited by GEM) states: '隆安—武鸣天然气支线管道工程...管道起自国家管网西二线南宁-百色支线5#阀室，新建管道50公里、2座分输站和1座阀室' (the Long'an-Wuming gas branch pipeline originates at Valve Chamber #5 on PipeChina's West-East Gas Pipeline Line 2, Nanning-Baise branch; newly built 5 | Builds on the pilot pass, which flagged FuelSource misattribution (should be West-East Line 2 Nanning-Baise branch, not Sino-Myanmar) and a segment_name transcription slip ('Longming-Wu'an' should","CB: route guessed from endpoints — A 2025-02-28 Sina Finance article (re-syndicated from a Guangxi Energy Group / Guangtou Pipe Network release, and matching the nationalee.com press release already cited by GEM) states: '隆安—武鸣天然气支线管道工程...管道起自国家管网西二线南宁-百色支线5#阀室，新建管道50公里、2座分输站和1座阀室' (the Long'an-Wuming gas branch pipeline originates at Valve Chamber #5 on PipeChina's West-East Gas Pipeline Line 2, Nanning-Baise branch; newly built 50 km of pipe, 2 distribution stations and 1 monitoring valve chamber) and names the two stations explicitly: '沿线设置分输站2座（隆安分输站、武鸣分输站）' (Long'an distribution station and Wuming distribution station). Design specs: horizontal length 49.46km, D323.9mm, 6.3MPa design pressure, design throughput 4.4e8 Nm3/a (0.44 bcm/y) -- all consistent with GEM's recorded values. '隆安分输站顺利投产，武鸣分输站成功进气' (Long'an station commissioned, Wuming station received gas) as of the 2025-03 commissioning. Neither source gives the exact township/village for either station beyond the county/district name. | Builds on the pilot pass, which flagged FuelSource misattribution (should be West-East Line 2 Nanning-Baise branch, not Sino-Myanmar) and a segment_name transcription slip ('Longming-Wu'an' should be 'Long'an-Wuming') -- both confirmed again here via a second, independently-published outlet (finance.sina.com.cn, matching the nationalee.com wire story almost verbatim, still counts only as corroborating republication per the corroboration rule, not a second independent source). This second fetch additionally surfaced the exact station names (隆安分输站, 武鸣分输站) and the tie-in point (5# valve chamber on West-East Line 2's Nanning-Baise branch), which the pilot pass's single source did not spell out. A bibenet.com procurement notice ('公路一期涉及横县支线与上林至横县高速公路交叉改线工程和隆安-武鸣支线接驳国家管网南百线改扩建工程隆安分输站段线路工程施工') independently confirms the project name and the Long'an-station tie-in construction scope but returned HTTP 403 on fetch attempts, so it was not used as a ref, only as supporting context."
P7678,4077,RouteNotes,"CB: route guessed from endpoints — GEM row = Pingnan Branch (广西天然气支线管网项目平南天然气支线管道工程), operator Guangxi Gas Group, GEM Status=cancelled/CancelledYear=2024 (pilot pass found this contradicted by the row's own cited ref, which actually reads as a 2020 approval-extension, not a cancellation notice -- separate status_review finding, out of scope here). gigeps.com (verified; a project-information portal republishing the EIA route descrip | Endpoint place names (Mengwei/Mengxu Town start; Zhuangzhai Village/Zhenlong Town end) are the most precise found -- village-level for the end point per the source prose -- but Nominatim could not","CB: route guessed from endpoints — GEM row = Pingnan Branch (广西天然气支线管网项目平南天然气支线管道工程), operator Guangxi Gas Group, GEM Status=cancelled/CancelledYear=2024 (pilot pass found this contradicted by the row's own cited ref, which actually reads as a 2020 approval-extension, not a cancellation notice -- separate status_review finding, out of scope here). gigeps.com (verified; a project-information portal republishing the EIA route description) gives a precise route: starts at Guiping distribution station in Mengwei/Mengxu Town (蒙圩镇), Guiping City; runs ~5.7km east crossing the Xiajiang River to valve station #17; ~9.6km further east (parallel to the existing West-2nd-Line Nanning branch) crossing the Yujiang River to the Shesbu valve station; ~14.2km further crossing the Guiwa Expressway and Nanguang high-speed rail; ~8km northeast to the Shespo valve station; then enters Pingnan County through Mule Township and terminates at Pingnan Distribution Station in Zhuangzhai Village (庄寨村), Zhenlong Town (镇隆镇). Total ~58km per this source (55.3km Guiping + 2.7km Pingnan) vs. GEM's 63.00km -- broadly consistent (treated as a rounding/methodology difference, not a contradiction). | Endpoint place names (Mengwei/Mengxu Town start; Zhuangzhai Village/Zhenlong Town end) are the most precise found -- village-level for the end point per the source prose -- but Nominatim could not resolve either specific village, so town-level centroids stand in as the plotted coordinates. A human router could refine geometry further using the valve-station chain (17# valve station, Shesbu valve station, Shespo valve station, Mule Township) described in corridor_notes if finer intermediate waypoints are wanted. Two spellings appear for the start town across sources ('蒙圩镇' in government-filing titles vs. 'Mengwei' in the gigeps.com English-rendered summary) -- same place, 蒙圩镇/Mengxu Town, Guiping."
P7689,4088,RouteNotes,"CB: route guessed from endpoints — GEM row = Daren-Nandan Branch ('大任—南丹天然气支线项目'), operator Guangxi Gas Group, proposed. The pilot pass retrieved the actual government line-item via Wayback Machine (fgw.gxzf.gov.cn t16217273.shtml notice + its Attachment-5 investment-plan xlsx, snapshotted 2025-04-13): ~97km new-build transmission pipeline, DN300, 4.0MPa, RMB 425M investment, owner Guangxi Gas Group -- an exact match to GEM's specs | Pilot pass already flagged that StartPrefecture/District and EndPrefecture/District should be corrected from 'Laibin' to 'Hechi' (河池市), and that ProposalMonth (12) is likely a mis-copy of a constru","CB: route guessed from endpoints — GEM row = Daren-Nandan Branch ('大任—南丹天然气支线项目'), operator Guangxi Gas Group, proposed. The pilot pass retrieved the actual government line-item via Wayback Machine (fgw.gxzf.gov.cn t16217273.shtml notice + its Attachment-5 investment-plan xlsx, snapshotted 2025-04-13): ~97km new-build transmission pipeline, DN300, 4.0MPa, RMB 425M investment, owner Guangxi Gas Group -- an exact match to GEM's specs. That same source table lists '项目管理层级' (jurisdiction/management level) as Hechi City (河池市), not Laibin as GEM's sheet currently records (see the pilot's separate attribution concern -- out of scope for this route-creation task, but the geocoding in this file follows Hechi, not Laibin, per that finding). 163.com (2023-04-06, verified this session) independently reports the same DRC notice and explicitly groups this project ('大任—南丹天然气支线项目') among Hechi City's slate of energy projects, alongside the Jinchengjiang power project -- corroborating the Hechi attribution and confirming Nandan as the terminus. Neither source pins 'Daren' to a specific township within Hechi (it is presumed to be 市大任产业园, a city-level industrial park, but its exact location was not found this session) -- Jinchengjiang District, Hechi's main urban district, is used only as a coordinate proxy. | Pilot pass already flagged that StartPrefecture/District and EndPrefecture/District should be corrected from 'Laibin' to 'Hechi' (河池市), and that ProposalMonth (12) is likely a mis-copy of a construction-start-month field rather than the true proposal date -- both out of scope for this route-creation task, noted here for the parallel validity-fix workstream. Start-point precision is the main open gap for route creation: 'Daren' as a named place could not be independently pinned to a township/village this session."
P7690,4089,RouteNotes,"CB: route guessed from endpoints — GEM row = Laibin Branch, Xingbin-Wuxuan Segment (广西天然气支线管网项目来宾天然气支线管道工程（兴宾-武宣段）), operator Guangxi Gas Group, under construction. Sina News (k.sina.com.cn, 2022-12-20, verified) reports the groundbreaking ceremony for the wider Laibin branch (来宾天然气支线管道工程暨三江口新区天然气管道项目) took place at Liumian village (刘冕村), Chengxiang town (城厢镇), Xingbin District, on National Highway 314 -- village-level precision, b | Pilot pass already flagged a Diameter spec concern (GEM records a bare 250mm while every independent source gives 273.1mm OD) -- out of scope for this route-creation task, noted for the parallel va","CB: route guessed from endpoints — GEM row = Laibin Branch, Xingbin-Wuxuan Segment (广西天然气支线管网项目来宾天然气支线管道工程（兴宾-武宣段）), operator Guangxi Gas Group, under construction. Sina News (k.sina.com.cn, 2022-12-20, verified) reports the groundbreaking ceremony for the wider Laibin branch (来宾天然气支线管道工程暨三江口新区天然气管道项目) took place at Liumian village (刘冕村), Chengxiang town (城厢镇), Xingbin District, on National Highway 314 -- village-level precision, but Liumian village itself did not resolve in Nominatim, so the town centroid is used as the plotted start point. The same article describes the overall Laibin-branch route as Laibin distribution station -> Xingbin -> Wuxuan -> Xiangzhou -> Jinxiu, pipe OD 273.1mm, 4.0MPa design pressure. Laibin Daily (epaper.lbnews.com.cn, 2023-08-09, verified) separately confirms the EIA for this EXACT sub-segment (兴宾-武宣段) was completed and open for public comment, developer Guangxi Gas Group -- confirming the segment terminates in Wuxuan County, but without naming a specific Wuxuan-side station or township. A separate 2019-era dnr.gxzf.gov.cn land-use approval (t19512609, unreachable/unverified this session) additionally names Nansi Township (南泗乡) and Mengcun Town (蒙村镇) within Xingbin District as land crossed by the '兴宾段' (Xingbin portion) of this same project -- consistent context, not used as a cited ref since the page itself is unreachable. | Pilot pass already flagged a Diameter spec concern (GEM records a bare 250mm while every independent source gives 273.1mm OD) -- out of scope for this route-creation task, noted for the parallel validity-fix workstream. The groundbreaking-ceremony location (Chengxiang town) is a reasonable proxy for a route start point but is not itself confirmed as the literal pipeline terminus/station -- flagging as a caveat for the human router."
P4678,2580,RouteNotes,"CB: route guessed from endpoints; row appears to duplicate P5024 (sources describe the same underlying pipeline under a different name) — human merge review recommended — GEM's segment name 'Yongchuan-Weiyuan Gas Pipeline' (zh_alt 永川-威远输气管道) does not match any independently found pipeline literally named 'Yongchuan-Weiyuan'. Two related, better-documented projects exist instead: (1) the trunk 'Weiyuan-Luzhou shale gas gathering pipeline' (威泸页岩气集输管道, aka 威江线/Wei-Jiang Line), 211.3km, Weiyuan Gas Station (Sichuan) -> Luxian -> Jiangjin Booster Station (Chongqing), fu | Status=proposed, LengthMergedKm='--' in the sheet -- no length recorded, consistent with GEM itself being unsure of this row's identity. Prior ResearcherNotes flagged 'should be same as P5024, furt","CB: route guessed from endpoints; row appears to duplicate P5024 (sources describe the same underlying pipeline under a different name) — human merge review recommended — GEM's segment name 'Yongchuan-Weiyuan Gas Pipeline' (zh_alt 永川-威远输气管道) does not match any independently found pipeline literally named 'Yongchuan-Weiyuan'. Two related, better-documented projects exist instead: (1) the trunk 'Weiyuan-Luzhou shale gas gathering pipeline' (威泸页岩气集输管道, aka 威江线/Wei-Jiang Line), 211.3km, Weiyuan Gas Station (Sichuan) -> Luxian -> Jiangjin Booster Station (Chongqing), fully operational 2023-04-23, the 5th 'gas-out-of-Sichuan' corridor; and (2) the 'Yongchuan-Jiangjin Shale Gas Pipeline' (永川—江津页岩气输气管道), ~64.5km, licensed 2021-08 by the Chongqing Fazhan Gaigewei (fzggw.cq.gov.cn), which builds one new Yongchuan Station and expands the Jiangjin Booster Station under the 'Chongqing Western Natural Gas Pipeline Network Plan' -- functionally the Chongqing-side leg feeding gas sourced from the Weiyuan block onward to Jiangjin, which likely explains GEM's 'Weiyuan' naming even though the physical line runs Yongchuan-to-Jiangjin, not to Weiyuan directly. | Status=proposed, LengthMergedKm='--' in the sheet -- no length recorded, consistent with GEM itself being unsure of this row's identity. Prior ResearcherNotes flagged 'should be same as P5024, further confirmation needed', citing the same fzggw.cq.gov.cn licensing page used here, which is titled '永川—江津页岩气输气管道' (Yongchuan-Jiangjin Shale Gas Pipeline) -- NOT a 'Yongchuan-Weiyuan' pipeline. No independent source names a distinct 'Yongchuan-Weiyuan' line. Strong recommendation: confirm against P5024 (not present in this batch's payload) before drawing a route -- if P5024 already carries the Yongchuan-Jiangjin geometry, P4678 is very likely a duplicate GEM row that should be merged/retired rather than independently routed."
P4955,2850,RouteNotes,"CB: route guessed from endpoints — This GEM row/segment is confirmed to be specifically the 独山-平塘段 (Dushan-Pingtang section) of the larger 独山-平塘-罗甸天然气支线管道工程 (Dushan-Pingtang-Luodian branch pipeline project) — sources explicitly parenthesize '(独山-平塘段)' when naming the project, and describe it as ending at the boundary of/entering Pingtang County, i.e. it does NOT extend to Luodian. Gas source: the branch connects to the Sino-Myanmar | P4955 is NOT a duplicate of P4954 (Dagang Village–Dushan County, 11.55km, operating) — that row is the separate 独山天然气支线 (Dushan branch) that feeds gas IN to Dushan from the 47# valve chamber on the","CB: route guessed from endpoints — This GEM row/segment is confirmed to be specifically the 独山-平塘段 (Dushan-Pingtang section) of the larger 独山-平塘-罗甸天然气支线管道工程 (Dushan-Pingtang-Luodian branch pipeline project) — sources explicitly parenthesize '(独山-平塘段)' when naming the project, and describe it as ending at the boundary of/entering Pingtang County, i.e. it does NOT extend to Luodian. Gas source: the branch connects to the Sino-Myanmar (China-Myanmar) gas pipeline within Dushan County via a separate feeder (see duplicate-check note below), then runs from a Dushan-side gate/distribution station near Yangfeng (former Yangfeng Township, absorbed into Baiquan Town in a July 2013 administrative merger along with Chengguan Town and Yaosuo Township — per Baidu Baike '羊凤乡' entry) across the county line into Pingtang County. The Dushan gov site (dushan.gov.cn) explicitly groups three components of Dushan's natural-gas 'county-to-county' (县县通) build-out: (1) 贵州天然气管网独山天然气支线 (the Dushan branch, = GEM P4954, 11.55km, Dagang Village to Dushan), (2) 独山-平塘-罗甸天然气支线项目(独山-平塘段) (this row, P4955, 15.20km per GEM / reported as ~17.3km new pipe in one secondary source — the discrepancy is unresolved but both describe the same Dushan-Pingtang leg), and (3) 天然气门站 (a gate station) — identified by name as 羊凤天然气门站, which completed acceptance/registration Aug 2023 and reportedly began commissioning June 2023. Design specs from search snippets (not independently re-verified against a primary PDF): L360N steel pipe, DN323.9mm, 6.3 MPa design pressure, ~1.5 × 10^8 m³/year design capacity, ~120 million yuan investment, National Pipeline Group Southwest Pipeline Co. (国家管网集团西南管道公司) as builder. Straight-line distance between the geocoded start (Yangfeng) and end (Pingtang county seat) points is ~15km, consistent with the sheet's 15.20km LengthMergedKm and giving reasonable confidence the two points bracket the real corridor, though the pipeline's actual routing along roads/terrain will differ from a straight line and the true terminus may be short of the county seat itself. | P4955 is NOT a duplicate of P4954 (Dagang Village–Dushan County, 11.55km, operating) — that row is the separate 独山天然气支线 (Dushan branch) that feeds gas IN to Dushan from the 47# valve chamber on the Sino-Myanmar pipeline; P4955 is the onward Dushan-Pingtang leg. Checked the GGIT snapshot for other Guizhou rows mentioning Pingtang/Luodian/Dushan: P4989 ('Sino-Myanmar Fuquan Branch Pipeline 47# Valve Chamber' to 'Luodian', 110km, construction) and P4991 (Wangmo to Luodian, 80km, proposed) both reach Luodian but via routes that do NOT mention Pingtang and start from a different valve chamber — these look like a separate corridor into Luodian, not a continuation of this Dushan-Pingtang segment, so no duplicate flag was set for those either, but a human reviewer assembling the full 独山-平塘-罗甸 corridor may want to check whether P4989's routing actually passes through/near Pingtang. Could not find a Pingtang-side EIA (环评) filing, a named station on the Pingtang side, or a more specific township than the county itself despite multiple targeted Chinese-language searches (羊凤天然气门站 location, 平塘 分输站/门站/首站, 独山至平塘 走向/途经乡镇, Pingtang county administrative-division cross-checks against 者密镇/通州镇/金盆街道). The existing sheet EndLocation 'Pingtang County' could not be sharpened beyond county level with verifiable sourcing."
P4957,2852,RouteNotes,"CB: route guessed from endpoints; row appears to duplicate P6002 — human merge review recommended — P4957 ('Main Line Zunyi-Bijie') is documented in its own GEM ResearcherNotes as a segment of the larger 遵义至赫章天然气管道 (Zunyi-Hezhang Gas Pipeline), a 310.6km, RMB 1.255bn provincial 'county-to-county' branch trunk built by Guizhou/Bijie Kunlun Natural Gas Co. (贵州昆仑天然气有限公司/毕节昆仑天然气有限公司), approved Feb 2015, construction started Aug 2015. Confirmed route order (both nyj.guizhou.gov.cn-sourced prose and t | Likely overlap flag, not a confirmed duplicate: GEM already carries P6002 ('Guizhou Gas Pipeline Network' / SegmentName 'Zunyi-Hezhang Gas Pipeline', operating, StartProvince/EndProvince Guizhou/Gu","CB: route guessed from endpoints; row appears to duplicate P6002 — human merge review recommended — P4957 ('Main Line Zunyi-Bijie') is documented in its own GEM ResearcherNotes as a segment of the larger 遵义至赫章天然气管道 (Zunyi-Hezhang Gas Pipeline), a 310.6km, RMB 1.255bn provincial 'county-to-county' branch trunk built by Guizhou/Bijie Kunlun Natural Gas Co. (贵州昆仑天然气有限公司/毕节昆仑天然气有限公司), approved Feb 2015, construction started Aug 2015. Confirmed route order (both nyj.guizhou.gov.cn-sourced prose and the thepaper.cn acceptance article) runs 播州区 (Bozhou District, Zunyi) → 金沙县 (Jinsha County) → 大方县 (Dafang County) → 七星关区 (Qixingguan District, the seat of Bijie City) → 赫章县 (Hezhang County). P4957's own name/notes restrict its scope to the Zunyi-to-Qixingguan (i.e. Zunyi-to-Bijie) portion of that corridor, not the full line to Hezhang. First phase (遵义南输气站 [Zunyi South Gas Transmission Station] to 大方6号阀室 [Dafang No.6 valve room], 137km) went into trial operation/production at a June 4, 2018 ceremony at the Jinsha Clean Gas Distribution Station in Anlo Township, Jinsha County; the full 310.6km line passed formal completion acceptance May 17-18, 2022, with the inspection team visiting three checkpoints along the route: 播州区2号阀室 (Bozhou District No.2 valve room, near the Zunyi/start end), 七星关区清管分输站 (Qixingguan District pigging/distribution station), and a Hezhang geological-hazard point (赫章HZ002号桩地灾点, near the far end, outside P4957's scope). Within Qixingguan District specifically, a 2024 land-acquisition notice confirms the pipeline right-of-way crosses four townships in this order as listed: 岔河镇亦乐村 (Yile Village, Chahe Township), 阴底彝族苗族白族乡路朗村 (Lulang Village, Yindi Yi-Miao-Bai Autonomous Township), 杨家湾镇发达村 (Fada Village, Yangjiawan Township), and 朱昌镇八亩村 (Bamu Village, Zhuchang Township) — but the notice does not state which of these hosts 七星关区清管分输站, so the endpoint here is geocoded at the district level rather than to one specific township. | Likely overlap flag, not a confirmed duplicate: GEM already carries P6002 ('Guizhou Gas Pipeline Network' / SegmentName 'Zunyi-Hezhang Gas Pipeline', operating, StartProvince/EndProvince Guizhou/Guizhou), cited to https://www.bijie.gov.cn/bm/bjsnyj/dt/bmdt/202205/t20220519_74723533.html — a May 19, 2022 Bijie municipal government post whose dateline (one day after the May 17-18, 2022 completion-acceptance meeting I found independently via thepaper.cn) strongly suggests it is a local republish of the SAME completion-acceptance story, i.e. P6002 = the full 310.6km Zunyi-Hezhang trunk end-to-end. P4957's own pre-existing ResearcherNotes explicitly call it 'a segment of the Zunyi-Hezhang Gas Pipeline,' i.e. P4957 appears to be intended as a sub-segment (Zunyi-to-Qixingguan/Bijie portion only) carved out of the same physical line that P6002 represents at full length. Whether this is legitimate segment-vs-whole-line modeling (fine, if P6002 has no route of its own and is just a network-level rollup) or true geometry duplication (a problem, if P6002 is meant to carry its own full-length route) could not be determined from this task's scope — flagging P6002 for a human to check its own RouteAccuracy/geometry status before both rows are drawn. Both P4957's Qixingguan-side endpoint sourcing and P6002's own citation independently point to the same physical corridor, which is expected given the stated segment relationship, not treated as two independent corroborating sources for P4957's specific claims. The existing sheet reference for P4957 (https://archive.org/details/screenshot-2023-03-16-at-2.54.37-pm_202303, an archive.org screenshot page) was reviewed but not used: it is a generic Internet Archive item-detail page with no extractable pipeline-specific content, and independent primary/news sourcing (thepaper.cn completion-acceptance article, provincial 环保 EIA notice, Qixingguan district land-acquisition notices) was readily available and stronger. Two additional candidate sources that would have let me confirm '遵义南输气站' (Zunyi South Gas Transmission Station) by name as the literal origin station, and '大方6号阀室' as the first-phase terminus, could not be verified: 贵州省能源局/贵州省人民政府 (nyj.guizhou.gov.cn) 404'd with no Wayback snapshot available, and an in-en.com mirror of the same story 403'd. In their absence I used '播州区2号阀室,' independently confirmed via the verified thepaper.cn acceptance article, as the best-sourced named station near the start; this is corroborated at the district level by the Sept 2015 sthj.guizhou.gov.cn EIA notice, which locates the project in '遵义县' — the pre-Dec-2016 name for what is now 播州区 (Bozhou District)."
P5052,2945,RouteNotes,"CB: route guessed from endpoints — 榆林至西安输气管道工程一期起于宜川压气站，止于西安临潼分输站，全长约277.66公里；目前项目正在加快开展施工前手续办理工作 (Q3 2025). Length matches GEM's LengthMergedKm (277.66) exactly. | IMPORTANT DATA FLAG: GEM's StartLocation field for this row reads ""Yuheng"", but the sourced material (163.com, citing the operating company's investor-relations response) gives the start as 宜川压气站 (Yichuan Compressor Station, Yichuan County, Yan'an). The exact length match (277.66km, to two decimals)","CB: route guessed from endpoints — 榆林至西安输气管道工程一期起于宜川压气站，止于西安临潼分输站，全长约277.66公里；目前项目正在加快开展施工前手续办理工作 (Q3 2025). Length matches GEM's LengthMergedKm (277.66) exactly. | IMPORTANT DATA FLAG: GEM's StartLocation field for this row reads ""Yuheng"", but the sourced material (163.com, citing the operating company's investor-relations response) gives the start as 宜川压气站 (Yichuan Compressor Station, Yichuan County, Yan'an). The exact length match (277.66km, to two decimals) confirms this is unambiguously the same pipeline GEM is tracking, so ""Yuheng"" appears to be a transliteration/data-entry error for ""Yichuan"" (宜川) — recommend GEM's StartLocation be corrected to Yichuan/宜川压气站 on review."
P6229,3502,RouteNotes,"CB: route guessed from endpoints; row is a multi-branch provincial network (Zungharia Basin Rim, 5 sourced legs) — schematic line drawn for the Karamay–Wangjiagou (Urumqi) trunk only; Tacheng, Altay, Ili and Bortala branches documented in refs, not drawn — P6229 = the 'Northern Xinjiang' (北疆) half of a 14-project, 4977 km strategic expansion announced 2023-07-08 by Xinjiang autonomous region government + PetroChina (5 northern projects / 2863.5 km / 4.66 billion RMB; 9 southern projects / 2113.5 km / 7.99 billion RMB = P6230). GEM's Wiki links this row to 'Zungharia Basin Rim Gas Pipeline Network' (准噶尔盆地周边天然气管网), consistent with what was found: a Ka | Strong MULTI_BRANCH result: 5 distinct legs sourced, 4 of them (Tacheng, Altay, Ili, Bortala) from official Xinjiang prefecture/autonomous-region government (.gov.cn) sites or Xinhua/state media, p","CB: route guessed from endpoints; row is a multi-branch provincial network (Zungharia Basin Rim, 5 sourced legs) — schematic line drawn for the Karamay–Wangjiagou (Urumqi) trunk only; Tacheng, Altay, Ili and Bortala branches documented in refs, not drawn — P6229 = the 'Northern Xinjiang' (北疆) half of a 14-project, 4977 km strategic expansion announced 2023-07-08 by Xinjiang autonomous region government + PetroChina (5 northern projects / 2863.5 km / 4.66 billion RMB; 9 southern projects / 2113.5 km / 7.99 billion RMB = P6230). GEM's Wiki links this row to 'Zungharia Basin Rim Gas Pipeline Network' (准噶尔盆地周边天然气管网), consistent with what was found: a Karamay/Xinjiang-Oilfield hub (Jinlong Town + Karamay First Station, FuelSource = Karamay Oil Field) feeding gas 'benefit-the-people' (利民) branch pipelines that fan out to four northern prefectures — Tacheng, Altay, Ili (Yining), and Bortala (Bole) — plus a Karamay-to-Urumqi (Wangjiagou/Toutunhe) trunk, which matches GEM's existing StartLocation='Jinlong Town'/EndLocation='Wangjiagou' pair (both independently corroborated: Jinlong Town via a 2026 valve-well bidding notice at 'Jinlong Town First Station' in Karamay; Wangjiagou via CNPC Xinjiang Oilfield's registered 'Wangjiagou Oil & Gas Storage and Transport Center' in Urumqi's Toutunhe District). Altay and Bortala branches are each being built in two phases/segments (Kelamaili-Fuhai then Fuhai-Fuyun; Jinghe-Alashankou and Bole-Wenquan respectively), which is why their 'start'/'end' fields above span the full multi-phase corridor rather than a single short segment. Individual per-branch lengths as reported (Tacheng ~264-407 km depending on trunk-vs-trunk+branches count; Altay 246 km + 335.7 km; Bortala ~179-198 km combined) do not cleanly sum to the GEM total of 2863.5 km — this program is still under active construction/tendering as of mid-2026 and press figures for the same corridor vary by report date and by whether branch spurs are included. | Strong MULTI_BRANCH result: 5 distinct legs sourced, 4 of them (Tacheng, Altay, Ili, Bortala) from official Xinjiang prefecture/autonomous-region government (.gov.cn) sites or Xinhua/state media, plus the Karamay-Wangjiagou trunk independently corroborating GEM's own pre-existing StartLocation/EndLocation. The 2023-07-08 ts.cn announcement article (already GEM's own Status/Proposal ref) is bot-walled (returns a bot-detection JS challenge page, HTTP 200, to both curl and the verifier) and has no Wayback snapshot — its '北疆5个项目/南疆9个项目' figures were confirmed instead via a search-engine cached snippet and independently via chinagas.org.cn / xjdrc.xinjiang.gov.cn coverage of the same figures, so I'm treating the underlying facts as corroborated even though ts.cn itself can't be verified live. No official single-document 'list of 5 named branches' was found; the branch roster here was assembled by cross-referencing prefecture-level progress reports (each explicitly described as part of 南北疆天然气利民管道扩建工程, the parent program) against GEM's own StartLocation/EndLocation and the 2023 north/south split. Karamay-based sources consistently reference TWO similarly-spelled-in-pinyin-but-distinct places: 克拉玛依/Karamay (the city/oilfield) vs 克拉美丽/Kelamaili (a gas field further east/northeast, in Altay-prefecture territory near Fuhai) — do not conflate them when drawing candidate geometry."
P6230,3503,RouteNotes,"CB: route guessed from endpoints; row is a multi-branch network (Tarim Basin Rim) — schematic line drawn for the sourced Hotan branch (SH10# valve near Yecheng → Hotan terminal) only; west trunk (Kuqa–Bachu) appears shared with/duplicated by P7448 (human adjudication needed); Kashgar/48th-Regiment branch unrefed, not drawn — P6230 = the 'Southern Xinjiang' (南疆) half of the same 2023-07-08 14-project announcement as P6229 (9 southern projects / 2113.5 km / 7.99 billion RMB). GEM's Wiki links this row to 'Tarim Basin Rim Gas Pipeline Network' (塔里木盆地周边天然气管网). IMPORTANT: this program's southern projects appear to have been substantially re-branded/consolidated by 2024 under the name '气化南疆天然气管道工程' (Gasification of Southern | STRONG SUSPECTED OVERLAP WITH P7448 — flagging for human adjudication rather than setting duplicate_of unilaterally: P6230 ('9 branches', 2113.5 km, proposed, sourced only to the 2023-07 announceme","CB: route guessed from endpoints; row is a multi-branch network (Tarim Basin Rim) — schematic line drawn for the sourced Hotan branch (SH10# valve near Yecheng → Hotan terminal) only; west trunk (Kuqa–Bachu) appears shared with/duplicated by P7448 (human adjudication needed); Kashgar/48th-Regiment branch unrefed, not drawn — P6230 = the 'Southern Xinjiang' (南疆) half of the same 2023-07-08 14-project announcement as P6229 (9 southern projects / 2113.5 km / 7.99 billion RMB). GEM's Wiki links this row to 'Tarim Basin Rim Gas Pipeline Network' (塔里木盆地周边天然气管网). IMPORTANT: this program's southern projects appear to have been substantially re-branded/consolidated by 2024 under the name '气化南疆天然气管道工程' (Gasification of Southern Xinjiang), which GEM tracks as a SEPARATE row, P7448 (2108 km, construction, started 2024-03-29) — see duplicate/overlap note in researcher_notes. The branches sourced here are: (1) the 气化南疆 west trunk (Kuqa-Bachu, identical corridor to P7448's west branch — kept here too since it is explicitly the shared backbone P6230's 'Aksu' project component connects to), (2) a Kashgar-prefecture local utility branch reaching Tumushuke City/48th Regiment off the Bachu tie-in point (could not source a verifiable URL for this specific segment — see blockers), and (3) a newly-started (Dec 2025) Hotan-prefecture branch reaching the existing CNPC Hotan gas station via Yecheng/Pishan/Kunyu/Moyu — this is presumably one of the 9 original 'southern projects' still being built out as of this research date (2026-07-30). Other likely southern projects (Kizilsu/克州, additional Bazhou/巴州 segments) were not individually named/sourced. | STRONG SUSPECTED OVERLAP WITH P7448 — flagging for human adjudication rather than setting duplicate_of unilaterally: P6230 ('9 branches', 2113.5 km, proposed, sourced only to the 2023-07 announcement, no RouteType/route) and P7448 ('气化南疆', 2108 km, construction since 2024-03, much more richly documented — capacity, fuel source, an explicit note about the corridor becoming an 'O-shaped' ring) both (a) are explicitly described in official sources as components of the SAME parent program (南北疆天然气利民管道扩建工程), (b) cover the same southern-Xinjiang / Tarim-basin-rim geography (Kashgar/Aksu/Bazhou/Hotan), and (c) have near-identical total lengths (2113.5 vs 2108 km). It looks very likely that the 2023-announced '9 southern projects' were consolidated/rebranded into the 气化南疆 program by the time construction started in 2024, i.e. P6230 may be an earlier, less-developed snapshot of what P7448 now represents in more detail — but I could not find a document that explicitly equates the two, and a Kashgar-prefecture and Hotan-prefecture branch (found here) are not mentioned in any of the 气化南疆-specific sourcing for P7448, so P6230's scope may be somewhat broader than P7448's. Recommend a human decide whether to retire/merge P6230 into P7448 or keep both with a cross-reference note."
P7431,3835,RouteNotes,MZ (Q3 2026): The link includes detailed maps and specific locations. CB: route guessed from endpoints — 粤电云河专线项目：起于粤西天然气主干管网肇庆-云浮支干线云浮分输站，终于云安分输站，途经云浮市云城区、云安区，全长38.848公里。已于2024-09-03完成72小时试运行并正式投产，设计年输气能力24.7亿标方，主要向粤电云河电厂及云浮市主要城区供气。 Length (38.848km) matches GEM's LengthMergedKm (38.85) closely. | china5e.com (energy-industry news portal) confirms exact GEM StartLocation/EndLocation station names verbatim (云浮分输站 / 云安分输站) and length (38.848km vs GEM 38.85km). Station-level coordinates not locatable in OSM/Nominatim; used district/seat-level centroids instead (finest available geocodable level),MZ (Q3 2026): The link includes detailed maps and specific locations. CB: route guessed from endpoints — 粤电云河专线项目：起于粤西天然气主干管网肇庆-云浮支干线云浮分输站，终于云安分输站，途经云浮市云城区、云安区，全长38.848公里。已于2024-09-03完成72小时试运行并正式投产，设计年输气能力24.7亿标方，主要向粤电云河电厂及云浮市主要城区供气。 Length (38.848km) matches GEM's LengthMergedKm (38.85) closely. | china5e.com (energy-industry news portal) confirms exact GEM StartLocation/EndLocation station names verbatim (云浮分输站 / 云安分输站) and length (38.848km vs GEM 38.85km). Station-level coordinates not locatable in OSM/Nominatim; used district/seat-level centroids instead (finest available geocodable level).
P7440,3843,RouteNotes,CB: route guessed from endpoints — 国家管网集团广东省天然气管网穗莞干线项目（重新报批）：起于广东省天然气管网一期管道工程广州增城分输站，途经广州市增城区、东莞市高埗镇，止于东莞市高埗镇高埗末站；重新报批后线路全长15.88公里（广州段14.80公里，东莞段1.08公里），比原2022年批复方案有调整（水源保护区穿越方式变更）。 | Guangdong provincial ecology & environment dept (gdee.gd.gov.cn) re-approval notice confirms GEM's StartLocation/EndLocation-equivalent station names verbatim. Length in the notice (15.88km revised) differs modestly from GEM's LengthMergedKm (16.40km) — likely an earlier design-length vs. the revise,"CB: route guessed from endpoints — 国家管网集团广东省天然气管网穗莞干线项目（重新报批）：起于广东省天然气管网一期管道工程广州增城分输站，途经广州市增城区、东莞市高埗镇，止于东莞市高埗镇高埗末站；重新报批后线路全长15.88公里（广州段14.80公里，东莞段1.08公里），比原2022年批复方案有调整（水源保护区穿越方式变更）。 | Guangdong provincial ecology & environment dept (gdee.gd.gov.cn) re-approval notice confirms GEM's StartLocation/EndLocation-equivalent station names verbatim. Length in the notice (15.88km revised) differs modestly from GEM's LengthMergedKm (16.40km) — likely an earlier design-length vs. the revised as-approved length; flagging for awareness, not correcting (route length, not endpoint identity, is affected)."
P7448,3850,RouteNotes,"CB: route guessed from endpoints; row covers two trunks (气化南疆) — schematic line drawn for the west trunk (Kuqa Kelun No.2 valve → Bachu) only; east trunk (Lunnan → Korla Shangku, OSM-corroborated) not drawn; suspected overlap with P6230 needs human adjudication — 气化南疆天然气管道工程 (Gasification of Southern Xinjiang) is explicitly described (GEM's own ResearcherNotes, corroborated by xinjiang.gov.cn) as turning the existing 'C'-shaped southern-Xinjiang gas network into an 'O'-shaped closed ring around the Tarim Basin, connecting Kashgar, Aksu, and Bazhou (巴州) prefectures — 9 counties/cities total, raising daily peak supply from 27 to 58 million m3. Total length 2 | Solid MULTI_BRANCH result for Batch 1 (the only fully-named, fully-sourced batch): 2 named trunk lines, each corroborated by 2+ independent sources (aksxw.com regional news + xj.chinadaily.com.cn),","CB: route guessed from endpoints; row covers two trunks (气化南疆) — schematic line drawn for the west trunk (Kuqa Kelun No.2 valve → Bachu) only; east trunk (Lunnan → Korla Shangku, OSM-corroborated) not drawn; suspected overlap with P6230 needs human adjudication — 气化南疆天然气管道工程 (Gasification of Southern Xinjiang) is explicitly described (GEM's own ResearcherNotes, corroborated by xinjiang.gov.cn) as turning the existing 'C'-shaped southern-Xinjiang gas network into an 'O'-shaped closed ring around the Tarim Basin, connecting Kashgar, Aksu, and Bazhou (巴州) prefectures — 9 counties/cities total, raising daily peak supply from 27 to 58 million m3. Total length 2108 km, built in 3 batches; Batch 1 (2024, ~616-1126 km depending on source/date) comprises the two named trunks sourced here: a WEST line from Kuqa (near the Kela-Keshen gas field, Tarim Oilfield's main gas source, matching GEM's FuelSource) through Xinhe/Wensu/Alar/Aksu/Kalping to Bachu County, and an EAST line from Lunnan Town (on the existing West-East Gas Pipeline, Luntai County) to Korla's Shangku industrial park. A 2025-03-10 groundbreaking ceremony for '英买力至三岔' (west) + '轮南至上库工业园区' (east) — combined 510 km — was held simultaneously in Kashgar and Aksu, described as the SAME two lines. Batches 2-3 (reaching Kashgar/Hotan further out, closing the ring) are being built by prefecture-level projects that GEM tracks separately as P6230 (see that row's researcher_notes for a flagged overlap concern). OSM carries actual traced geometry for part of the east trunk — see map_or_vector. | Solid MULTI_BRANCH result for Batch 1 (the only fully-named, fully-sourced batch): 2 named trunk lines, each corroborated by 2+ independent sources (aksxw.com regional news + xj.chinadaily.com.cn), with the east trunk further corroborated by matching OSM-traced geometry (see map_or_vector) — a strong signal this segment is either built or far enough along to be surveyable. GEM's own capacity figure (11.3 bcm/y) and FuelSource (Kela-Keshen gas field) line up with the west trunk's Kuqa/Tarim-Oilfield origin. See P6230's researcher_notes for a flagged concern that P6230 and P7448 may substantially represent the same physical southern-Xinjiang ring program at different stages of development/documentation — a human should adjudicate before finalizing route geometry for both."
P7476,3877,RouteNotes,"CB: route guessed from endpoints — Shale-gas connector line (页岩气联络线) linking Ludian County to Zhaoyang District, both in Zhaotong City, Yunnan. EPC contract (four.sichuan Guangran Pipeline Engineering / 四川省广燃管道工程有限责任公司 as EPC contractor, owner 昭通市交通建设投资发展集团有限公司) signed 2023-09-12: DN323.9x8.0 steel pipe, design pressure 6.3 MPa, contracted length 40.11 km, estimated construction cost RMB 120 million, plus new/rebuilt/expanded stati | Verified the sheet's pre-existing archive.org candidate ref (https://archive.org/details/2025-07-23-2.29.50): it is a screenshot of the cover page of an EIA-adjacent project report titled '昭阳至鲁甸页岩气","CB: route guessed from endpoints — Shale-gas connector line (页岩气联络线) linking Ludian County to Zhaoyang District, both in Zhaotong City, Yunnan. EPC contract (four.sichuan Guangran Pipeline Engineering / 四川省广燃管道工程有限责任公司 as EPC contractor, owner 昭通市交通建设投资发展集团有限公司) signed 2023-09-12: DN323.9x8.0 steel pipe, design pressure 6.3 MPa, contracted length 40.11 km, estimated construction cost RMB 120 million, plus new/rebuilt/expanded stations and valve chambers (exact station names/locations not stated in this source). NOTE: contracted length (40.11 km) is notably shorter than the GEM sheet's LengthMergedKm (52.35) for this row -- flagging the discrepancy, not resolving it (could be EPC-scope length vs. full alignment, or a length revision after 2023). The Zhaotong Municipal Ecological Environment Bureau (昭通市生态环境局) accepted the project's EIA filing on 2023-09-27 (listing title confirms both endpoint place names but the detail page, which likely carries the finest route description, could not be reached -- see blockers). Corridor context (NOT confirmed as applying to this specific line, offered only as a lead for a future pass): a separate, unrelated gas-distribution project in the exact same county pair (水富至昭通天然气管道, one-trunk-eight-branch system) documents gas infrastructure at 昭阳区北闸镇 (Beizha Town, Zhaoyang District) and 鲁甸县茨院乡 (Ciyuan Township, Ludian County) -- plausible townships for this shale-gas connector to pass through/terminate near, given they already host distribution stations in the same corridor, but this was not verified for P7476 itself. No other Yunnan GGIT row pairs Ludian County with Zhaoyang District; the nearest analogues are P4511 (Zhanyi District-Zhaoyang District, operating trunk) and P4516 (Yanjin County shale-gas gathering station-Zhaoyang terminal station, proposed) and P4514 (Weixin County-Zhaoyang District, proposed) -- all different source counties, so P7476 is not a duplicate of any existing row. | Verified the sheet's pre-existing archive.org candidate ref (https://archive.org/details/2025-07-23-2.29.50): it is a screenshot of the cover page of an EIA-adjacent project report titled '昭阳至鲁甸页岩气联络线工程项目报告书' (Zhaoyang-Ludian Shale Gas Connecting Line Engineering Project Report) -- confirms project existence/name/scope but carries no route geometry or station-level detail (it's an image of a title page, not the report body). Independently corroborated via a second, unrelated source: www.scgrgd.com (EPC contractor's own company-news page reporting the September 2023 contract award), which supplies pipe spec/length/pressure/cost/dates. A third source, the Zhaotong Ecological Environment Bureau's public EIA-acceptance listing page (archived via Wayback since the live .gov.cn domain does not resolve from this environment), independently confirms the project name and 2023-09-27 filing-acceptance date. All three are independent of each other (different organizations: an archived report scan, a construction company, a government bureau), satisfying the 2+ independent source bar for the endpoint place-names (county/district) and the pipeline's existence/status as under construction. Endpoint coordinates are county/district-level centroids (matching the GEM sheet's existing StartLocation='Ludian County'/EndLocation='Zhaoyang District'), NOT station or township level -- despite an extensive Chinese-language search ladder (EIA filings, tender/bid announcements, provincial DRC and Zhaotong municipal environment-bureau portals, Yunnan Energy Investment news, eiafans-style forums), no source could be reached that names a specific station, village, or township as the literal pipeline terminus for THIS line. A human drawing the actual route line should treat these coordinates as loose anchors only, and should try to pull the Zhaotong EIA bureau's detail page (nid=519252, see blockers) once it becomes reachable, since Chinese EIA filings typically include a route table with 起点/止点 township-level detail."
P7523,3924,RouteNotes,"CB: route guessed from endpoints — Source (Qiandongnan Prefecture Ecology & Environment Bureau EIA pre-approval notice, 2020-07-28) gives an explicit corridor description: line departs 丹寨输气站 (Danzhai Gas Station) at 大朗村, 长青乡, 丹寨县, running southwest-to-northeast (自西南向东北), passing south of 乌西村 (Wuxi village), north of 乌猛村 (Wumeng village), southeast of 排佐村 (Paizuo village), south of 卓佐村 (Zhuozuo village) — where one valve chamber 达卓佐 | Single strong primary source: Qiandongnan (黔东南州) prefecture ecology/environment bureau's EIA-approval pre-publication notice (公示), dated 2020-07-28, covering three pipeline projects together (Danzh","CB: route guessed from endpoints — Source (Qiandongnan Prefecture Ecology & Environment Bureau EIA pre-approval notice, 2020-07-28) gives an explicit corridor description: line departs 丹寨输气站 (Danzhai Gas Station) at 大朗村, 长青乡, 丹寨县, running southwest-to-northeast (自西南向东北), passing south of 乌西村 (Wuxi village), north of 乌猛村 (Wumeng village), southeast of 排佐村 (Paizuo village), south of 卓佐村 (Zhuozuo village) — where one valve chamber 达卓佐阀室 (Dazhuozuo valve room) is sited — then north of 乌佐 (Wuzuo), entering Leishan county north of 乌哩村 (Wuli village), then north of 独南村 (Dunan village), south of 乌局村 (Wuju village), west of 掌排村 (Zhangpai village), terminating at 雷山输气站 (Leishan Gas Station). This is Phase 3 of the Qiandongnan prefecture county-to-county gas pipeline program (黔东南州县县通天然气管道工程三期项目), built by 贵州东黎能源投资股份有限公司 (Guizhou Dongli Energy Investment Co., Ltd.); EIA firm 贵州鼎科环保科技有限公司. | Single strong primary source: Qiandongnan (黔东南州) prefecture ecology/environment bureau's EIA-approval pre-publication notice (公示), dated 2020-07-28, covering three pipeline projects together (Danzhai-Leishan, Luoxiang-Rongjiang, Rongjiang-Leishan) under 黔东南州县县通天然气管道工程三期项目. This one source states BOTH endpoint station names/villages AND an intermediate corridor description AND a length ('管道平面长度约29.57公里，实际长度约32.53公里') that matches GEM's LengthMergedKm=32.53 exactly, which is strong internal corroboration this is the correct project even though only one outlet carries the full text (state media/other outlets were not found republishing this specific EIA notice, so it counts as one source, not 2+ independent — recommend treating RouteAccuracy confidence as medium/single-source per project confidence-tier rules, not high, unless a second corroborating source is later found). The task brief's guessed Chinese characters for the start village ('大浪村') do NOT match the source text, which consistently reads '大朗村' (Dalang/Dàlǎng village) across all 3 occurrences in the raw HTML — flagging in case the GEM sheet cell itself has the same '浪/朗' discrepancy and needs a one-character fix. The existing sheet ref (https://web.archive.org/save/https://sthj.qdn.gov.cn/...) is a broken archive.org SAVE-request URL, not a retrievable snapshot; the underlying original .gov.cn URL is live, un-blocked, and passed url_verifier.py on multiple substrings ('丹寨输气站', '雷山输气站', '32.53') — recommend swapping the sheet's [ref] to the plain original URL (drop the '/save/' prefix) rather than trying to fix the archive link. Villages (大朗村, 掌排村) could not be resolved by Nominatim under any query variant tried (Chinese full path, Chinese without county, English romanization) — endpoint coordinates are therefore township-level (长青乡 / 丹江镇) fallbacks, not exact village or station coordinates; both fall well within Guizhou's bounding box, sanity-checked OK. No GIS/vector layer or map image found. No duplicate GEM Guizhou-gas row shares this 32.53 km length; P7492/P7509/P7513/P7515/P7517/P7524 are separate nearby-numbered Guizhou segments with distinct lengths, not this one."
P7525,3926,RouteNotes,"CB: route guessed from endpoints — This is the '枞阳合建站-枞阳县城天然气高压管线' project: a short high-pressure connector linking the long-distance trunk handover point (枞阳合建站, 'Zongyang co-built/joint station' -- terminology for a station jointly built between the provincial gas company and the long-distance trunk line) to a new gate station (桥港园门站) sited at the Chery Automotive Parts Industrial Park (奇瑞汽车零部件产业园) within the Qiaogang Garden (桥港园 | GEM's own StartLocation='Zongyang Hejian Station' / EndLocation='Qiaogang Industrial Park' match what was found; the end point is well-corroborated at station-level precision (zongyang.gov.cn's pla","CB: route guessed from endpoints — This is the '枞阳合建站-枞阳县城天然气高压管线' project: a short high-pressure connector linking the long-distance trunk handover point (枞阳合建站, 'Zongyang co-built/joint station' -- terminology for a station jointly built between the provincial gas company and the long-distance trunk line) to a new gate station (桥港园门站) sited at the Chery Automotive Parts Industrial Park (奇瑞汽车零部件产业园) within the Qiaogang Garden (桥港园) development, southeast Zongyang County town. Zongyang.gov.cn's siting notice for the gate station explicitly states the pipeline 'connects long-distance high-pressure and urban medium-pressure systems' and is 'a key node project for Zongyang County to achieve pipeline natural gas service.' Zongyang Hejian Station's exact site was not directly located; two ahtrq.com (Anhui Natural Gas Development Co.) notices place river-crossing/valve-chamber inspection activity for the related 会宫-枞阳 (Huigong-Zongyang) trunk feeder and the 合建站 itself in the vicinity of 藕山镇, 会宫镇, and especially 官埠桥镇 (site of a 'Guanbu Bridge valve chamber' explicitly tied to the 合建站 inspection route) -- 官埠桥镇 sits between 会宫镇 (the feeder line's origin) and Zongyang's county town, making it the most defensible township-level anchor for the co-built station pending a precise address. | GEM's own StartLocation='Zongyang Hejian Station' / EndLocation='Qiaogang Industrial Park' match what was found; the end point is well-corroborated at station-level precision (zongyang.gov.cn's planning-notice public disclosure gives the exact siting description). The start point (Zongyang Hejian Station itself) could only be pinned to township level (官埠桥镇) via two independent ahtrq.com notices that place river-crossing/valve-chamber work tied to the station in that town -- neither gives street-level coordinates or a formal address. LengthMergedKm=7.10km for this row is short and plausible for a co-built-station-to-town-gate-station connector at this scale. No indication this row duplicates any other GEM entry."
P7526,3927,RouteNotes,"CB: route guessed from endpoints; Chaohu ring project drawn as the Hefei–Chaohu (He-Chao) section; the Lu-Chao section may overlap P7527 — human review recommended — This is the '环巢湖天然气高压管线工程' (Huanchaohu / 'ring Chaohu Lake' high-pressure gas pipeline), which GEM's own ResearcherNotes (citing hefei.gov.cn) already describes as two sections: (1) the Hefei-Chaohu section ('He-Chao Line' / 合巢线): Feidong County Dianpu Gas Transmission Station (north shore, connecting to CNOOC's Binhai LNG peak-shaving pipeline) -> Huashan Gas Transmission Station in Anchao Econom | Endpoints given here (Dianpu -> Huashan) are the He-Chao section specifically, since that is the sub-project with a clear, well-sourced, and currently-relevant (just commissioned March 2026) start/","CB: route guessed from endpoints; Chaohu ring project drawn as the Hefei–Chaohu (He-Chao) section; the Lu-Chao section may overlap P7527 — human review recommended — This is the '环巢湖天然气高压管线工程' (Huanchaohu / 'ring Chaohu Lake' high-pressure gas pipeline), which GEM's own ResearcherNotes (citing hefei.gov.cn) already describes as two sections: (1) the Hefei-Chaohu section ('He-Chao Line' / 合巢线): Feidong County Dianpu Gas Transmission Station (north shore, connecting to CNOOC's Binhai LNG peak-shaving pipeline) -> Huashan Gas Transmission Station in Anchao Economic Development Zone (east shore, Chaohu City) -- confirmed independently via sina.com.cn and bjx.com.cn coverage of its commissioning on 2026-03-13, ~76km, RMB 6.5 billion investment, annual capacity 10.1 bcm, described as 'a key node' of Anhui's 'three vertical, four horizontal, one ring' provincial trunk network; and (2) the Lujiang-Chaohu section ('Lu-Chao Line'), which appears to correspond to this batch's P7527 (Lubei Gate Station -> Huashan Gas Transmission Station, 119.00km, already tracked as its own operating GEM row -- see duplicate/overlap flag in blockers). Both sections converge on the same Huashan Gas Transmission Station, forming two spokes (north via Feidong/Dianpu, and southwest via Lujiang/Yanqiao) that together loop around the eastern and southern shore of Chaohu Lake -- consistent with the 'ring Chaohu' (环巢湖) name, though it is a two-spoke convergence at Huashan rather than a literal closed loop. This PID's own LengthMergedKm (189.00km) is close to the sum of the two documented sections (~76km He-Chao + ~119km Lu-Chao =~195km, plausibly reconciled by a few km of shared alignment or rounding near Huashan). | Endpoints given here (Dianpu -> Huashan) are the He-Chao section specifically, since that is the sub-project with a clear, well-sourced, and currently-relevant (just commissioned March 2026) start/end; per the task's ring-topology instruction these are offered as the 'best two anchor points' for the whole named project even though P7526's full scope (per its own ResearcherNotes) spans both sections. GEM's row for this PID shows Status='construction' with no StartLocation/EndLocation on file, while the He-Chao section's own commissioning coverage says it went into service 2026-03-13 -- i.e. GEM's 'construction' status for this row may be stale relative to the He-Chao section, though could still be accurate if the row is meant to track the Lu-Chao section's completion or the project bundle as a whole."
P7527,3928,RouteNotes,"CB: route guessed from endpoints — GEM's SegmentName ('Zongyang Hejian Station...' -- no, corrected: SegmentName is 'Lujiang-Chaohu Gas Pipeline', zh_segment '庐北—严桥输气管道') and StartLocation/EndLocation ('Lubei'/'Huashan') are corroborated by a verified primary tender document (ah.zhiliaobiaoxun.com) for '环巢湖天然气高压管线工程庐江-巢湖段（严桥-花山）管道安装工程-2标段' -- i.e. this pipeline is explicitly one of the two named sections of the broader 环巢湖 (Huancha | Operating status and ~119km length are both well-corroborated. Endpoint place-name resolution is asymmetric: the Huashan/Anchao end is solidly sourced at industrial-park level from the same primary","CB: route guessed from endpoints — GEM's SegmentName ('Zongyang Hejian Station...' -- no, corrected: SegmentName is 'Lujiang-Chaohu Gas Pipeline', zh_segment '庐北—严桥输气管道') and StartLocation/EndLocation ('Lubei'/'Huashan') are corroborated by a verified primary tender document (ah.zhiliaobiaoxun.com) for '环巢湖天然气高压管线工程庐江-巢湖段（严桥-花山）管道安装工程-2标段' -- i.e. this pipeline is explicitly one of the two named sections of the broader 环巢湖 (Huanchaohu) project also covered by this batch's P7526 (see that PID's blockers for the overlap flag). The tender document's own project-level route detail: DN700 pipe, 6.3MPa design pressure, total length ~119.038km (matches GEM's LengthMergedKm=119.00 almost exactly), annual capacity 12.981 bcm. The specific construction section (标段2) documented in the tender runs 银屏镇 (Yinping Town, Chaohu City) -> 安巢经开区 (Anchao Economic Development Zone, Chaohu City), passing through 含山县 林头镇 and 清溪镇 (Lintou and Qingxi towns, Hanshan County, Ma'anshan) and crossing the 裕溪河/清溪河/汤河 waterways -- i.e. this is the eastern/final leg of the full Lubei-to-Huashan alignment, not the whole route. The pipeline's westward continuation from 严桥 (Yanqiao town, Wuwei City -- geocoded separately for P7528) back to 庐北 (Lubei, Lujiang County) was not independently re-verified at station level in this pass (see blockers) but is consistent with GEM's own field data and a broader secondary-source picture of the line crossing Lujiang, Wuwei, and Hanshan counties en route from Lujiang to Chaohu. | Operating status and ~119km length are both well-corroborated. Endpoint place-name resolution is asymmetric: the Huashan/Anchao end is solidly sourced at industrial-park level from the same primary tender document that names the whole project; the Lubei/Lujiang end is only pinned to the county-seat town (庐城镇) since no source in this pass named a specific station address for 'Lubei' -- it reads as a directional descriptor ('north Lujiang [gate station]') rather than a place name Nominatim can resolve directly. Yanqiao (严桥镇), which appears in this pipeline's segment name ('庐北—严桥输气管道') and independently geocodes to a real town in Wuwei City (31.4058546, 117.7238440) -- NOT Lujiang County as might be assumed from the pipeline's naming -- is treated here as a waypoint the trunk line passes through en route to Huashan, and as the western terminus of the separate, shorter P7528 (Chaohu-Wuwei) lateral that branches off at Yanqiao toward Wucheng. This Yanqiao/Wuwei-crossing detail reconciles P7527's and P7528's otherwise-confusing overlapping place names."
P7609,4008,RouteNotes,"CB: route guessed from endpoints — 威海高压天然气管线一期工程：以国家管网集团泰青威管道威海分输站为起点，途经临港区汪疃镇、文登区米山镇、宋村镇，至线路终点宋村分输站；规划高压天然气长输管线37公里+市政高压天然气管线9公里。截至2024年6月，地文头至汪疃分输站(3.65km)及汪疃至威海港华燃气市政段(3.25km)已建成通气，汪疃至宋村段预计年底前完成。GEM段名 'Weihai High Pressure Gas Pipeline' (Wangtong Town→Songcun) 对应汪疃至宋村段，与工程规划长输管线37km总长一致（GEM LengthMergedKm=37.00）。 | Qilu Network (齐鲁网, Shandong provincial state media) article gives the full corridor with all station names and exact segment lengths; the 37km trunk length matches GEM's LengthMergedKm (37.00) exactly, confirming this PID = the 汪疃至宋村 (Wangtuan-to-Songcun) leg of the larger Weihai high-pressure pipel","CB: route guessed from endpoints — 威海高压天然气管线一期工程：以国家管网集团泰青威管道威海分输站为起点，途经临港区汪疃镇、文登区米山镇、宋村镇，至线路终点宋村分输站；规划高压天然气长输管线37公里+市政高压天然气管线9公里。截至2024年6月，地文头至汪疃分输站(3.65km)及汪疃至威海港华燃气市政段(3.25km)已建成通气，汪疃至宋村段预计年底前完成。GEM段名 'Weihai High Pressure Gas Pipeline' (Wangtong Town→Songcun) 对应汪疃至宋村段，与工程规划长输管线37km总长一致（GEM LengthMergedKm=37.00）。 | Qilu Network (齐鲁网, Shandong provincial state media) article gives the full corridor with all station names and exact segment lengths; the 37km trunk length matches GEM's LengthMergedKm (37.00) exactly, confirming this PID = the 汪疃至宋村 (Wangtuan-to-Songcun) leg of the larger Weihai high-pressure pipeline Phase 1 project (whose true overall corridor start is further upstream at 威海分输站/Weihai Distribution Station on the PipeChina Taiqingwei trunk line). GEM's 'Wangtong Town' appears to be a transliteration variant of 汪疃镇 (Wangtuan Town) — flagging for spelling-standardization review, not a location error. As of the June 2024 source, the Wangtuan–Songcun section itself was still targeted for year-end 2024 completion; GEM's Status_sheet='operating' implies it was completed on schedule, but no later confirming article was found this session (see blockers)."
P7623,4022,RouteNotes,"CB: route guessed from endpoints — Per a 2018-12-13 Sohu news report on the pipeline's commissioning ceremony, the Wanzhou-Yunyang Gas Pipeline runs from Gaoliang First Station (高梁首站) in Gaoliang Town, Wanzhou District, to Yunyang New Station (云阳新站) in Shiyun Village, Shuangjiang Subdistrict (双江街道), Yunyang County -- crossing 2 districts/counties and 8 townships total, including Gaoliang and Tiancheng towns (Wanzhou side) and Bayan | GEM's EndLocation 'Shuangjiang' is corroborated at subdistrict level (双江街道, Yunyang County). Two apparent phased commissioning dates found in sources (2017-12-28 'Phase 1' per CNPC, 2018-12-13 full","CB: route guessed from endpoints — Per a 2018-12-13 Sohu news report on the pipeline's commissioning ceremony, the Wanzhou-Yunyang Gas Pipeline runs from Gaoliang First Station (高梁首站) in Gaoliang Town, Wanzhou District, to Yunyang New Station (云阳新站) in Shiyun Village, Shuangjiang Subdistrict (双江街道), Yunyang County -- crossing 2 districts/counties and 8 townships total, including Gaoliang and Tiancheng towns (Wanzhou side) and Bayang, Renhe, Huangshi, and Shuangjiang (Yunyang side). Main trunk length given as 61.15km (close to GEM's 65.00km). Designed daily capacity 1.2 million m3. A separate CNPC article (cnpc.com.cn, URL failed the verifier's liveness screen -- HTTP 412 -- so not cited as a ref, but consistent in content) describes an earlier Phase 1 commissioning on 2017-12-28 at 63.24km with joint investment by Southwest Oilfield Chongqing Kaiyuan Gas Co. and China Resources Gas Co., consistent with the ResearcherNotes' mention of operator 重庆华润凯源燃气有限公司 (formerly 重庆凯源石油天然气安装工程有限公司). | GEM's EndLocation 'Shuangjiang' is corroborated at subdistrict level (双江街道, Yunyang County). Two apparent phased commissioning dates found in sources (2017-12-28 'Phase 1' per CNPC, 2018-12-13 full commissioning per Sohu) -- both describe the same Wanzhou-Yunyang corridor; not flagged as a conflict requiring action, just noted for context."
P7676,4075,RouteNotes,"CB: route guessed from endpoints — This PID is the first phase (Jintang-Tong'an section) of the wider Jintang-Pingqiao Gas Pipeline (金堂—平桥输气管道工程, total 59.85km), which transports tight/dense gas from the Tianfu Gas Field's Jianyang block toward Chengdu. Per Sichuan Economic Daily (scjjrb.cn, 2026-05-18) and a matching Sina Finance report (2026-05-15), the Jintang-Tong'an section was formally commissioned on 2026-05-12, following ni | GEM's StartLocation 'Jintang' and EndLocation 'Tong'an' are both corroborated, but the specific Jintang-side originating station name (e.g. a 'Jintang first station') was not found in the sources r","CB: route guessed from endpoints — This PID is the first phase (Jintang-Tong'an section) of the wider Jintang-Pingqiao Gas Pipeline (金堂—平桥输气管道工程, total 59.85km), which transports tight/dense gas from the Tianfu Gas Field's Jianyang block toward Chengdu. Per Sichuan Economic Daily (scjjrb.cn, 2026-05-18) and a matching Sina Finance report (2026-05-15), the Jintang-Tong'an section was formally commissioned on 2026-05-12, following nitrogen displacement and pressure-up; it includes three valve stations along the route (五通/Wutong, 丽阳/Liyang, 锦绣/Jinxiu) and terminates at the newly built Tong'an gas transmission station (同安输气站). A separate downstream section, Tong'an-to-Chengdu, was commissioned earlier (2026-03-15 per sc.sina.cn) feeding into the Chengdu Transmission Station (design pressure 4.0MPa, 4 billion m3/yr capacity) -- confirming 'Tong'an' here is a distinct waypoint/station short of Chengdu proper, not the pipeline's final destination. Tong'an itself resolves to Tong'an Subdistrict (同安街道) in Longquanyi District, Chengdu -- NOT a place in Jintang County itself, despite the segment being named 'Jintang-Tong'an'. | GEM's StartLocation 'Jintang' and EndLocation 'Tong'an' are both corroborated, but the specific Jintang-side originating station name (e.g. a 'Jintang first station') was not found in the sources reviewed -- start point is geocoded at county level only. Note the corridor runs Jianyang block (gas source, not part of this PID) -> Jintang -> Tong'an (Longquanyi District, Chengdu) -> Chengdu Station (separate downstream PID/section, per the Tong'an-Pingqiao note already in ResearcherNotes)."
P7686,4085,RouteNotes,"CB: route guessed from endpoints — Per a China Industrial Economy Information Network article (cinic.org.cn), this is Dujiangyan's 'second natural gas transmission pipeline' (second relative to the D219/Shengping-Puyang line covered under P7685, consistent with GEM's zh_alt '彭州-都江堰D219第二输气管线'), built by Dujiangyan Jinen Gas Co. (investment 85 million yuan) from 彭州石化基地配气站 (Pengzhou Petrochemical Base Gas Distribution Station) to 都江堰 | Strong corroboration: exact 34km length match plus explicit station-to-station naming from an independent industry-news source. GEM's StartLocation 'Pengzhou' and EndLocation 'Juyuan Town' both con","CB: route guessed from endpoints — Per a China Industrial Economy Information Network article (cinic.org.cn), this is Dujiangyan's 'second natural gas transmission pipeline' (second relative to the D219/Shengping-Puyang line covered under P7685, consistent with GEM's zh_alt '彭州-都江堰D219第二输气管线'), built by Dujiangyan Jinen Gas Co. (investment 85 million yuan) from 彭州石化基地配气站 (Pengzhou Petrochemical Base Gas Distribution Station) to 都江堰市聚源镇储气调峰站 (Juyuan Town gas storage/peak-shaving station, Dujiangyan) -- 34km, DN300, 4MPa design pressure, 600,000 m3/day max capacity, sourced from CNPC Southwest Oil & Gas Field. Construction began March 2012, completed 2012-12-20, built specifically to relieve a post-Wenchuan-earthquake gas shortage affecting 170,000+ households in Dujiangyan. Length (34km) matches GEM's LengthMergedKm exactly. | Strong corroboration: exact 34km length match plus explicit station-to-station naming from an independent industry-news source. GEM's StartLocation 'Pengzhou' and EndLocation 'Juyuan Town' both confirmed."
P7687,4086,RouteNotes,"CB: route guessed from endpoints — Per a Sichuan tender-notice aggregator (zhiliaobiaoxun.com, tendering entity: CNPC Southwest Oil & Gas Field Co. / Sichuan Chuangang Gas Co., operator Pengzhou Chuangang Gas Co.), the Pengzhou West Line Gas Pipeline runs from '石油彭州输气站（已建）汇管预留41号DN300球阀接管' (a reserved DN300 ball-valve tie-in on the existing CNPC Pengzhou Gas Transmission Station's header) to '插旗村岳家湾德都高速北侧彭州市与都江堰市交界点' (Yuejia Bay, C | Strong corroboration: both GEM's StartLocation and EndLocation are matched almost verbatim by the source's stated route termini, and the source independently confirms the pipeline's status as CNPC-","CB: route guessed from endpoints — Per a Sichuan tender-notice aggregator (zhiliaobiaoxun.com, tendering entity: CNPC Southwest Oil & Gas Field Co. / Sichuan Chuangang Gas Co., operator Pengzhou Chuangang Gas Co.), the Pengzhou West Line Gas Pipeline runs from '石油彭州输气站（已建）汇管预留41号DN300球阀接管' (a reserved DN300 ball-valve tie-in on the existing CNPC Pengzhou Gas Transmission Station's header) to '插旗村岳家湾德都高速北侧彭州市与都江堰市交界点' (Yuejia Bay, Chaqi Village, on the north side of the Dedu Expressway, at the Pengzhou-Dujiangyan boundary) -- an exact match to GEM's own StartLocation ('CNPC Pengzhou Gas Transmission Station') and EndLocation ('the boundary between Dujiangyan and Pengzhou'). Total length given as 23.76km (GEM's LengthMergedKm is 24.80km -- close, plausibly a route-alignment/rounding difference, not flagged as an error). Pipe is DN250 L245N seamless steel, 4.0MPa design pressure (municipal-grade), 1,000,000 m3/day capacity. Route crosses Shihua Avenue (石化大道), Pengbai Road (彭白路), Jinlong Avenue (金隆大道), Tiangui Road (天桂路), Beigui Road (北桂路), Tuxi River (土溪河, 1x), Tongma River (桐麻河, 5x), a freight railway, a coal conveyor belt, and an asphalt road -- consistent with a route heading roughly west-northwest from the petrochemical-base station area (east Pengzhou, near Tianpeng Subdistrict) to the Dujiangyan boundary (west Pengzhou). Construction tender issued June 2024 (winning bidders Chongqing Xukai Construction Group and Sichuan Jiacheng Construction, contract dated 2024-07-11); a separate environmental-assessment database record (eiage.com, not independently fetchable -- WAF/bot-wall) lists approval 成环审（评）〔2024〕45号 dated 2024-07-18 and a completion date of 2025-03-25. | Strong corroboration: both GEM's StartLocation and EndLocation are matched almost verbatim by the source's stated route termini, and the source independently confirms the pipeline's status as CNPC-affiliated (operator Pengzhou Chuangang Gas Co., under Sichuan Chuangang Gas Co. and CNPC Southwest Oil & Gas Field). Length is close (23.76km sourced vs GEM's 24.80km) but not exact -- left unflagged as a likely minor route/rounding variance rather than a data defect, since both endpoints and the operator chain match cleanly. GEM's Status ('proposed') is plausibly stale: the tender/construction-award trail (mid-2024) and the eiage.com-listed 2025-03-25 completion date (from an unfetchable/bot-walled source, not independently verified) suggest this pipeline may already be built or under active construction rather than merely proposed -- worth flagging to the researcher assembling the route-creation batch, though not changed here since Status changes are out of scope for this task."
P7699,4098,RouteNotes,"CB: route guessed from endpoints — The Jilin Province Energy Development 14th Five-Year Plan (吉林省能源发展""十四五""规划, page ~24-25, verified via pdftotext of the archived PDF) lists '榆树－舒兰' (Yushu-Shulan) by name as one of six priority natural-gas pipeline projects under construction/planning during 2021-2025: '推进吉林－延吉、延吉－珲春、梅河口－桦甸、白山－靖宇－临江、松原－白城、榆树－舒兰等天然气管线项目建设。新建省内支干线管道1753公里，包括1条干线和15条支线' (advance construction of the Jilin-Yanji, Yanji-H | No station-level (分输站/门站) name could be found for either endpoint despite multiple query variations ('榆树-舒兰输气管道', '舒兰 天然气管道 通气 环评', '舒兰市 天然气管道 榆树'). GEM's ResearcherNotes (already in the payload) s","CB: route guessed from endpoints — The Jilin Province Energy Development 14th Five-Year Plan (吉林省能源发展""十四五""规划, page ~24-25, verified via pdftotext of the archived PDF) lists '榆树－舒兰' (Yushu-Shulan) by name as one of six priority natural-gas pipeline projects under construction/planning during 2021-2025: '推进吉林－延吉、延吉－珲春、梅河口－桦甸、白山－靖宇－临江、松原－白城、榆树－舒兰等天然气管线项目建设。新建省内支干线管道1753公里，包括1条干线和15条支线' (advance construction of the Jilin-Yanji, Yanji-Hunchun, Meihekou-Huadian, Baishan-Jingyu-Linjiang, Songyuan-Baicheng, Yushu-Shulan gas pipeline projects; province-wide 1,753km of new trunk/branch pipeline, comprising 1 trunk line + 15 branches). Confirms it is one of the ~15 planned branch lines off the province's main gas backbone, but the source gives no station-level detail, alignment, or length specific to this segment. A separate 2026-01 Shulan municipal news item ('舒兰天然气管网正式通气运行' / 'total-investment-100M-yuan gas project') describes a LOCAL 54.6km medium-pressure CNG distribution network built inside Shulan's urban core, fed by trucked/CNG supply rather than a trunk pipeline from Yushu -- consistent with the Yushu-Shulan long-distance connector itself still being unbuilt (matches GEM's Status=proposed). | No station-level (分输站/门站) name could be found for either endpoint despite multiple query variations ('榆树-舒兰输气管道', '舒兰 天然气管道 通气 环评', '舒兰市 天然气管道 榆树'). GEM's ResearcherNotes (already in the payload) says the original Wiki data link is invalid and no other info was found -- this pass corroborates the project's existence via an independent primary source (the province's own 14th FYP energy plan PDF, archived because the live xxgk.jl.gov.cn URL fails TLS verification through this environment -- a cert-chain issue, confirmed reachable via plain curl with 200 and via the Wayback snapshot) but could not go past county-city-level resolution for the route itself. Endpoints geocoded as Yushu and Shulan city centers/government-seat points -- the finest level sourced is the county-city name pairing itself, not a station or township."
P7700,4099,RouteNotes,"CB: route guessed from endpoints — Two independent official documents describe this exact corridor under the name '吉林-延吉天然气管道' (Jilin-Yanji Natural Gas Pipeline), matching GEM's zh_alt '吉林吉化-延吉天然气管道': (1) a 2013 EIA first-public-notice from CNPC's pipeline arm (中国石油管道公司管道工程第二项目经理部, via 中石油东北炼化工程有限公司) states the route '起点为吉林市龙潭区（长岭——长春——吉林天然气管道吉化末站），终至位于延吉市大兴屯南侧的末站...沿线依次经过吉林市、延边朝鲜族自治州2个地级区域...吉林市段...经过吉林市、蛟河市，总长约136.7km；延边朝鲜族自治州路由经 | IMPORTANT DISCREPANCY TO FLAG: GEM's payload StartLocation for P7700 is 'Yushu', but every source found for the segment name given ('JCIC-Yanji' / zh_alt '吉林吉化-延吉天然气管道') places the true start at JI","CB: route guessed from endpoints — Two independent official documents describe this exact corridor under the name '吉林-延吉天然气管道' (Jilin-Yanji Natural Gas Pipeline), matching GEM's zh_alt '吉林吉化-延吉天然气管道': (1) a 2013 EIA first-public-notice from CNPC's pipeline arm (中国石油管道公司管道工程第二项目经理部, via 中石油东北炼化工程有限公司) states the route '起点为吉林市龙潭区（长岭——长春——吉林天然气管道吉化末站），终至位于延吉市大兴屯南侧的末站...沿线依次经过吉林市、延边朝鲜族自治州2个地级区域...吉林市段...经过吉林市、蛟河市，总长约136.7km；延边朝鲜族自治州路由经过敦化市、安图县、龙井市、延吉市，总长约173.6km，全线总长约310.3km。共设置9个截断阀室和3个分输站' (starts at the Jihua terminal station of the Changling-Changchun-Jilin gas pipeline in Longtan District, Jilin City; ends at a terminal station south of Daxingtun, Yanji City; passes through Jilin City, Jiaohe City, Dunhua City, Antu County, Longjing City, Yanji City; total ~310.3km; 9 block-valve chambers, 3 distribution stations). (2) A 2019-04-29 formal project approval (核准批复, 项目代码2018-222401-45-02-003878) from the Jilin Provincial Development & Reform Commission to project owner 吉林省能源集团国际管道有限公司 confirms the same start/end and route: '项目起点为吉林市拟建的兴安盟-吉林煤制天然气管道吉林末站，主要沿珲乌高速向东南方向敷设，途径蛟河市、敦化市、安图县、龙井市，最终抵达拟建的延吉综合站' -- new trunk 305km (DN813, 10MPa) + 7km branch, 3 new stations (蛟河分输站 Jiaohe, 敦化综合站 Dunhua, 延吉综合站 Yanji), 11 valve chambers, total investment RMB 1.647 billion. The same approval document also references a related, larger 2017-approved sister project extending further east to '珲春市综合站' (吉林-珲春天然气管道工程, 428km total, via Tumen and Hunchun) -- i.e. this Jilin-Yanji line is functionally the first (western) segment of a longer Jilin-to-Hunchun corridor. | IMPORTANT DISCREPANCY TO FLAG: GEM's payload StartLocation for P7700 is 'Yushu', but every source found for the segment name given ('JCIC-Yanji' / zh_alt '吉林吉化-延吉天然气管道') places the true start at JIHUA/Longtan District, JILIN CITY -- not Yushu. 'JCIC' most plausibly reads as 'Jilin Chemical Industrial Company' (吉化 = 吉林化学工业公司/吉林石化), i.e. the Jihua petrochemical complex, which sits in Jilin City, ~100km northwest of Yushu. A separate, newer generation of Yanbian-serving pipelines DOES originate at Yushu (see P7699/P7705's sourcing, and a 2025 duckduckgo search hit describing a Hulin-Changchun-pipeline 'Yanji branch' [虎林—长春天然气管道延吉支线项目] starting at '虎林-长春天然气管道榆树分输清管站' [the Yushu distribution/pigging station of the Hulin-Changchun pipeline] and ending at '延吉末站' -- but that source, www.eiafans.com/thread-1440530-1-1.html, was unreachable in this pass [connection refused, no Wayback snapshot] so it is NOT used as a ref here). Two plausible readings: (a) GEM's StartLocation field is simply wrong/stale for this row and should read 'Jilin' not 'Yushu'; or (b) P7700 is meant to represent the NEWER Yushu-origin alignment and the zh_alt Chinese name is an inherited/legacy label that no longer matches the current routing. Given the zh_alt name is an exact, unambiguous match to the Jilin City-origin project documented in two strong primary sources, I have used that alignment for the coordinates above, but this should be reconciled against GEM's StartLocation field before a route candidate is finalized -- it may turn out P7700 and P7705 (Yushu-Hunchun) are describing overlapping/successor alignments of the same underlying corridor."
P7704,4103,RouteNotes,"CB: route guessed from endpoints — Yanbian Prefecture's official Carbon Peaking Implementation Plan (延边州碳达峰工作实施方案, published 2023-08-07) names this exact three-city segment: '推进""气化吉林""惠民工程，以""榆树—延吉—珲春""天然气输送主干网为轴线...加快实施""榆树—敦化""连接线、""延吉—龙井—和龙""和延吉至汪清段等天然气管道项目建设...到2025年，实现天然气用气量达到5亿立方米' (advancing the 'Gasify Jilin' benefit project along the Yushu-Yanji-Hunchun trunk axis; accelerating the Yushu-Dunhua connector, the Yanji-Longjing-Helon | GEM's StartLocation=Yanji and EndLocation=Helong match the sourced project name '延吉-龙井-和龙' exactly, with Longjing City (龙井市) as the mid-route waypoint (matching GEM's SegmentName). No station-level","CB: route guessed from endpoints — Yanbian Prefecture's official Carbon Peaking Implementation Plan (延边州碳达峰工作实施方案, published 2023-08-07) names this exact three-city segment: '推进""气化吉林""惠民工程，以""榆树—延吉—珲春""天然气输送主干网为轴线...加快实施""榆树—敦化""连接线、""延吉—龙井—和龙""和延吉至汪清段等天然气管道项目建设...到2025年，实现天然气用气量达到5亿立方米' (advancing the 'Gasify Jilin' benefit project along the Yushu-Yanji-Hunchun trunk axis; accelerating the Yushu-Dunhua connector, the Yanji-Longjing-Helong line, and the Yanji-Wangqing segment; targeting 500 million m3/yr gas consumption by 2025). This independently corroborates GEM's own segment name and the ResearcherNotes' cited Longjing city spatial plan. That plan (龙井市智新镇国土空间总体规划2021-2035, already in the payload's ResearcherNotes, re-verified here) states Zhixin Town (智新镇, a subdivision of Longjing City that this segment passes through) will draw its long-term gas supply 'from the Yanji-Longjing-Helong natural gas [pipeline]' (远期镇区气源来自于延吉-龙井-和龙的天然气) via a new gate station (门站) to be built in Longjing's central urban district (中心城区新建门站), confirming Longjing City sits on this corridor between Yanji and Helong, though the plan gives no coordinates for that gate station. | GEM's StartLocation=Yanji and EndLocation=Helong match the sourced project name '延吉-龙井-和龙' exactly, with Longjing City (龙井市) as the mid-route waypoint (matching GEM's SegmentName). No station-level (分输站/门站) name or coordinates found for either the Yanji or Helong end of this specific segment -- only city-level. The Longjing Zhixin-town plan confirms a planned gate station will exist in Longjing's central urban district but gives no siting detail. LengthMergedKm is blank in the payload ('--'); no source found gives a length for this specific segment (the parent trunk figures found -- e.g. the 305km/173.6km figures for the Jilin-Yanji and Jiaohe/Dunhua/Antu/Longjing/Yanji legs -- belong to a DIFFERENT, Jilin-City-origin corridor researched for P7700, not this Yanji-Longjing-Helong branch)."
P7705,4104,RouteNotes,"CB: route guessed from endpoints — Two independent official sources confirm this exact project name. (1) The Jilin Provincial Energy Bureau's 2024-07-12 formal reply to a provincial CPPCC proposal (对省政协第十三届二次会议第335号委员提案的答复, 吉能法规〔2024〕104号) states: '目前，尚有白城、延边2个市(州)和25个县(市)未通管道天然气。""十四五""期间，全省规划天然气长输管道14条，长度1503公里，其中重点规划建设虎林-长春、长春-石家庄、长岭-白城-乌兰浩特、榆树-珲春等天然气长输管道。近期，我局已推动省投资集团新能源公司开展榆树-珲春天然气管道等项目前期工作...力争早日实现向延边朝鲜族自治州供应管道天然气' (Baicheng an | This is best understood as the trunk axis of the whole Yanbian gas-supply network described across this PID group: 榆树-延吉-珲春 (Yushu-Yanji-Hunchun) is the main line; P7699 (Yushu-Shulan), and the P77","CB: route guessed from endpoints — Two independent official sources confirm this exact project name. (1) The Jilin Provincial Energy Bureau's 2024-07-12 formal reply to a provincial CPPCC proposal (对省政协第十三届二次会议第335号委员提案的答复, 吉能法规〔2024〕104号) states: '目前，尚有白城、延边2个市(州)和25个县(市)未通管道天然气。""十四五""期间，全省规划天然气长输管道14条，长度1503公里，其中重点规划建设虎林-长春、长春-石家庄、长岭-白城-乌兰浩特、榆树-珲春等天然气长输管道。近期，我局已推动省投资集团新能源公司开展榆树-珲春天然气管道等项目前期工作...力争早日实现向延边朝鲜族自治州供应管道天然气' (Baicheng and Yanbian prefectures plus 25 counties still lack piped gas; the Bureau has directed the Provincial Investment Group's New Energy Company to begin preliminary work on the Yushu-Hunchun gas pipeline, aiming to bring piped gas to Yanbian). This is a distinct, more recent project than the 2017-approved 'Jilin-Hunchun' (吉林-珲春) line researched for P7700/its 428km sister project -- the 2024 document frames Yushu-Hunchun as still in early preliminary-work stage, consistent with GEM's Status=proposed. (2) The Yanbian Prefecture Carbon Peaking Plan (2023-08-07) independently names the same corridor as the region's core axis: '以""榆树—延吉—珲春""天然气输送主干网为轴线' (with the Yushu-Yanji-Hunchun gas trunk as the axis), i.e. this Yushu-Hunchun line is the same trunk that P7700 (Yanji leg) and P7704 (Yanji-Longjing-Helong branch) connect off of. | This is best understood as the trunk axis of the whole Yanbian gas-supply network described across this PID group: 榆树-延吉-珲春 (Yushu-Yanji-Hunchun) is the main line; P7699 (Yushu-Shulan), and the P7704 (Yanji-Longjing-Helong) branch, plus an unresearched 'Yushu-Dunhua' connector and 'Yanji-Wangqing' segment mentioned in the same source, hang off it. No station-level name found for either Yushu or Hunchun ends specifically for THIS segment (a separate, unreachable source describing a related 'Hulin-Changchun pipeline Yanji branch' names a '榆树分输清管站' [Yushu distribution/pigging station] as a Yushu-area station, but that source could not be verified/reached in this pass, so it is not cited here -- flagging for a follow-up attempt). LengthMergedKm is blank in the payload ('--'); no specific length found for this segment (the 2017-approved sister project 吉林-珲春, a DIFFERENT Jilin-City-origin corridor, is 428km, not directly applicable here)."
P7732,4130,RouteNotes,"CB: route guessed from endpoints — Per Wenzhou Ecology & Environment Bureau's EIA acceptance notice (受理公告, 2026-05-25) and approval notice (审批意见, 批复 2026-06-12, 温环建﹝2026﹞045号), the pipeline (建设单位: 浙江浙能天然气管网有限公司) is located '温州市瑞安市、平阳县、文成县境内' — within Rui'an City, Pingyang County, AND Wencheng County (three counties, not just the two implied by GEM's Start=Rui'an/End=Wencheng — Pingyang County is an intermediate pass-through not cur | Resolution reached at county/town-seat precision, not station-level, because the WebSearch tool's session-wide budget was exhausted partway through this task (shared cap consumed by concurrent sibl","CB: route guessed from endpoints — Per Wenzhou Ecology & Environment Bureau's EIA acceptance notice (受理公告, 2026-05-25) and approval notice (审批意见, 批复 2026-06-12, 温环建﹝2026﹞045号), the pipeline (建设单位: 浙江浙能天然气管网有限公司) is located '温州市瑞安市、平阳县、文成县境内' — within Rui'an City, Pingyang County, AND Wencheng County (three counties, not just the two implied by GEM's Start=Rui'an/End=Wencheng — Pingyang County is an intermediate pass-through not currently reflected in GEM's location fields). Per a 2025 land-use pre-review public notice from Wencheng County's Bureau of Natural Resources & Planning, within Wencheng County the route passes through five towns/townships in this listed order: 大峃镇 (Dahong, the county seat), 峃口镇 (Kuangkou), 周山畲族乡 (Zhoushan She Ethnic Township), 公阳乡 (Gongyang), 平和乡 (Pinghe) — total project length 37.6km, of which 18.5km lies within Wencheng County (land area 1.7014 ha total / 0.7494 ha in Wencheng). This 37.6km total does NOT match GEM's LengthMergedKm=45.00 — a ~7.4km discrepancy, possibly reflecting scope/design changes between the 2025 pre-review stage and the 2026 EIA approval stage, or a difference in what is counted as the 'pipeline' vs ancillary works. A separate, likely-DISTINCT facility — 瑞安分输站 (Rui'an Distribution Station) in 汀田街道 (Tingtian Subdistrict), Rui'an City — was found as the tie-in hub for a different but nearby project (the Cangnan branch of the Yong-Tai-Wen trunk pipeline); it was NOT confirmed as this project's actual western-Rui'an start point, so it is not used as the sourced start location. | Resolution reached at county/town-seat precision, not station-level, because the WebSearch tool's session-wide budget was exhausted partway through this task (shared cap consumed by concurrent sibling research agents working other PID groups in the same parent session) and fallback search engines (DuckDuckGo direct via curl, Baidu, Bing) were largely blocked by bot-detection/CAPTCHA when queried directly via curl; a workaround (WebFetch on DuckDuckGo's HTML endpoint) worked intermittently and surfaced the Wencheng town list used here, but could not further resolve a specific station name for the Rui'an-side start or confirm the exact terminus among the 5 Wencheng towns. The Rui'an-Pingyang-Wencheng EIA full report PDF (which likely has precise chainage/coordinates) is hosted on a Zhejiang government OSS bucket that returns HTTP 403 to non-China-based requests (geo-blocked) — could not be retrieved or verified. Length discrepancy (37.6km per pre-review notice vs GEM's 45.00km) flagged for a future update pass, not resolved here."
P7755,4153,RouteNotes,"CB: route guessed from endpoints — Per Zhejiang Development & Reform Commission's official 14th Five-Year Plan for Coal, Petroleum and Natural Gas Development (fzggw.zj.gov.cn, published 2021-07-07 — the same document already cited by a prior researcher for this pipeline), the route is explicitly described as running '乐清登陆站-温州末站，管径1219mm，设计压力10MPa，长度约46公里' (Yueqing Landing Station to Wenzhou [line-end] Station, diameter 1219mm, des | Resolution reached at city-level precision only, not station-level, because the exact locations of 乐清登陆站 and 温州末站 could not be pinned down: neither is a mapped OSM place/POI, and the WebSearch tool","CB: route guessed from endpoints — Per Zhejiang Development & Reform Commission's official 14th Five-Year Plan for Coal, Petroleum and Natural Gas Development (fzggw.zj.gov.cn, published 2021-07-07 — the same document already cited by a prior researcher for this pipeline), the route is explicitly described as running '乐清登陆站-温州末站，管径1219mm，设计压力10MPa，长度约46公里' (Yueqing Landing Station to Wenzhou [line-end] Station, diameter 1219mm, design pressure 10MPa, length ~46km) — the 46km figure matches GEM's LengthMergedKm=46.00 exactly, strong corroboration this is the correct project. A related (but not confirmed identical) facility was found via a 2023 trade-press article (shifair.com): imported LNG from 浙能温州LNG接收站 (the Zheneng Wenzhou LNG Receiving Terminal, located at 温州市洞头区大门镇小门岛 / Xiaomen Island, Damen Town, Dongtou District) is injected into the Zhejiang provincial gas network via ~26km of external transmission pipeline at a facility called 乐清分输站 (Yueqing Distribution Station) — this may or may not be the same station as '乐清登陆站' named in the FYP document; not confirmed either way. | Resolution reached at city-level precision only, not station-level, because the exact locations of 乐清登陆站 and 温州末站 could not be pinned down: neither is a mapped OSM place/POI, and the WebSearch tool's session-wide budget was exhausted partway through this task (shared cap consumed by concurrent sibling research agents), forcing reliance on a partially-blocked DuckDuckGo-via-WebFetch workaround that returned no results for either exact station name. If finer precision is needed later, worth trying: (1) the full PDF/report behind the FYP webpage (may have a route map), (2) searching '洞头 华港LNG 北白象分输站' (a different but geographically related Dongtou-to-Beibaixiang line surfaced during this search, in case it shares infrastructure), (3) re-running once WebSearch budget resets."
P7756,4154,RouteNotes,"CB: route guessed from endpoints — Per Zhejiang Development & Reform Commission's official 14th Five-Year Plan for Coal, Petroleum and Natural Gas Development (fzggw.zj.gov.cn, 2021-07-07 — the same document already cited by a prior researcher for the neighboring Yueqing-Wenzhou pipeline), the route is described as '龙港—苍南天然气管道...由龙港延伸至苍南县灵溪镇境内，管径813mm，设计压力6.3MPa，长度约27公里' (Longgang-Cangnan Gas Pipeline, extending from Longgang to wi | Resolution reached at city/town-seat precision only, not station-level, for the same reasons as the sibling PIDs in this batch: WebSearch budget exhausted mid-task (shared session-wide cap), and th","CB: route guessed from endpoints — Per Zhejiang Development & Reform Commission's official 14th Five-Year Plan for Coal, Petroleum and Natural Gas Development (fzggw.zj.gov.cn, 2021-07-07 — the same document already cited by a prior researcher for the neighboring Yueqing-Wenzhou pipeline), the route is described as '龙港—苍南天然气管道...由龙港延伸至苍南县灵溪镇境内，管径813mm，设计压力6.3MPa，长度约27公里' (Longgang-Cangnan Gas Pipeline, extending from Longgang to within Lingxi Town, Cangnan County, diameter 813mm, design pressure 6.3MPa, length ~27km) — the 27km figure matches GEM's LengthMergedKm=27.00 exactly, strong corroboration this is the correct project and that Lingxi Town (the Cangnan county seat) is the intended endpoint, not just 'Cangnan County' generically. A Longgang municipal gas special-plan document (关于龙港市燃气专项规划) was found via search and names 龙港分输站 (Longgang Distribution Station) as the city's current gas-source tie-in point on the Ningbo-Taizhou-Wenzhou (甬台温) trunk pipeline — plausibly this pipeline's actual start point — but that PDF is hosted on a Zhejiang government OSS bucket that fails scripts/url_verifier.py (HTTP 403, geo-blocked to non-China IPs), so it is NOT used as a ref and 龙港分输站 is not asserted as a confirmed start point; noted here for context/follow-up only. | Resolution reached at city/town-seat precision only, not station-level, for the same reasons as the sibling PIDs in this batch: WebSearch budget exhausted mid-task (shared session-wide cap), and the one PDF source that names a specific Longgang-side station (龙港分输站) is geo-blocked and fails url_verifier.py, so could not be cited. Worth a follow-up search for 龙港分输站's exact coordinates once tooling allows (it is very likely the real start point, per the two independent mentions found: this planning PDF and a separate news article about 苍南末站 being located within old 龙港镇)."
P7764,4162,RouteNotes,"CB: route guessed from endpoints — “气化庆阳”天然气输气干线宁县段：起于湘乐镇首站，经湘乐镇分输阀室、寨子河分输阀室，止于宁县分输清管阀站，全长35.88公里，辐射十八个乡镇和两个工业园区；2024-12-02完成设备联调、压力测试、氮气置换后进入试运行阶段。 | China Gansu Net (gansu.gscn.com.cn, provincial state-media outlet) confirms GEM's StartLocation=Xiangle / EndLocation=Ning County at finer station-level granularity (湘乐镇首站 / 宁县分输清管阀站). Source length (35.88km) is close to but not identical with GEM's LengthMergedKm (35.46km) — flagging the minor disc","CB: route guessed from endpoints — “气化庆阳”天然气输气干线宁县段：起于湘乐镇首站，经湘乐镇分输阀室、寨子河分输阀室，止于宁县分输清管阀站，全长35.88公里，辐射十八个乡镇和两个工业园区；2024-12-02完成设备联调、压力测试、氮气置换后进入试运行阶段。 | China Gansu Net (gansu.gscn.com.cn, provincial state-media outlet) confirms GEM's StartLocation=Xiangle / EndLocation=Ning County at finer station-level granularity (湘乐镇首站 / 宁县分输清管阀站). Source length (35.88km) is close to but not identical with GEM's LengthMergedKm (35.46km) — flagging the minor discrepancy, not correcting."
P7765,4163,RouteNotes,"CB: route guessed from endpoints — 安旬天然气长输管线项目：起点安康，终点旬阳，途经汉滨区、旬阳、高新区。项目2016年曾获批但搁置，2020年11月正式重启前期工作；截至2023年2月仍处于协调阶段，已列入《陕西省石油天然气“十四五”发展规划》，陕天然气股份公司与旬阳市政府正就下游燃气经营市场收购事宜磋商，尚未开工建设。 (Consistent with GEM Status_sheet = proposed.) | Two Ankang municipal-government sources (2021 proposal response, 2023 people's congress reply) corroborate the corridor at city/county granularity, matching GEM's own StartLocation=Ankang / EndLocation=Xunyang exactly. Neither source names specific station-level endpoints (consistent with pre-constr","CB: route guessed from endpoints — 安旬天然气长输管线项目：起点安康，终点旬阳，途经汉滨区、旬阳、高新区。项目2016年曾获批但搁置，2020年11月正式重启前期工作；截至2023年2月仍处于协调阶段，已列入《陕西省石油天然气“十四五”发展规划》，陕天然气股份公司与旬阳市政府正就下游燃气经营市场收购事宜磋商，尚未开工建设。 (Consistent with GEM Status_sheet = proposed.) | Two Ankang municipal-government sources (2021 proposal response, 2023 people's congress reply) corroborate the corridor at city/county granularity, matching GEM's own StartLocation=Ankang / EndLocation=Xunyang exactly. Neither source names specific station-level endpoints (consistent with pre-construction/proposed status — no station siting yet). Used Hanbin District (Ankang's urban core) for the start point since the 2021 source explicitly names it as the first corridor county."
P6805,3700,RouteNotes,"CB: route guessed from endpoints — Official project name: 中俄东线明哈支线天然气管道绥北支线工程 (China-Russia East Line Minghar-branch gas pipeline, Suibei branch project), built by PetroChina Kunlun Gas & Electric. Runs due west-to-east ~9 km (matches GEM LengthMergedKm=9.00) from the existing Suihua terminal station (tie-in 2m outside its perimeter wall) to a new Suibei terminal station, Beilin District, Suihua City. Pipe D219.1mm, design pressure | GEM's existing StartLocation 'Suihua' / EndLocation 'Suibei' map exactly onto the official project's 绥化末站 (start) / 绥北末站 (end) -- strong confirmation this is the right project. The primary ref is a","CB: route guessed from endpoints — Official project name: 中俄东线明哈支线天然气管道绥北支线工程 (China-Russia East Line Minghar-branch gas pipeline, Suibei branch project), built by PetroChina Kunlun Gas & Electric. Runs due west-to-east ~9 km (matches GEM LengthMergedKm=9.00) from the existing Suihua terminal station (tie-in 2m outside its perimeter wall) to a new Suibei terminal station, Beilin District, Suihua City. Pipe D219.1mm, design pressure 6.3MPa, design capacity 65 million m3/yr. Two stations built along the route: 绥北清管站 (Suibei pigging station, unmanned) and 绥北末站 (Suibei terminal station, manned). Crosses the Suibei Expressway once (bored) and 8 rural roads. A 2024 Suihua government work report confirms 'opened the China-Russia gas pipeline Suihua branch' (开通中俄天然气管道绥化支线), consistent with commissioning in 2023. | GEM's existing StartLocation 'Suihua' / EndLocation 'Suibei' map exactly onto the official project's 绥化末站 (start) / 绥北末站 (end) -- strong confirmation this is the right project. The primary ref is a PDF (2022 EIA public-participation notice, PetroChina Kunlun Gas & Electric) -- resolves 200 but url_verifier's content screen doesn't reliably extract the embedded Chinese text (a known false-negative class per the verifier's own docs), so I read it directly with pdftotext -layout and confirmed the exact station names, DMS coordinates, and 9km length quoted above match GEM's row. The suihua.gov.cn government work-report source has a broken TLS cert chain (SSLError on direct fetch, matches the verifier's documented false-negative class) -- cited via a working web.archive.org snapshot instead, which the verifier passed with content match."
P6806,3701,RouteNotes,"CB: route guessed from endpoints — P6806 'Mingshui Branch' (明水支线) is confirmed as a project DISTINCT from the already-operating Mingshui-Harbin Branch (明水-哈尔滨支线, GEM P5062, 171.23 km, commissioned 2020-10-31). Suihua municipal government's June 2024 '14th Five-Year Plan carbon-intensity reduction' implementation notice (绥政发〔2024〕15号) explicitly lists both as separate line items to advance: '...依托中俄东线天然气管道干线、中俄东线天然气管线（明水-哈尔滨）支线，积极推进 | The bjx.com.cn URL already on this row (from MZ's prior pass) resolves (200) but is behind an Aliyun WAF CAPTCHA that blocked both WebFetch and a Jina-reader proxy from reading its content -- I cou","CB: route guessed from endpoints — P6806 'Mingshui Branch' (明水支线) is confirmed as a project DISTINCT from the already-operating Mingshui-Harbin Branch (明水-哈尔滨支线, GEM P5062, 171.23 km, commissioned 2020-10-31). Suihua municipal government's June 2024 '14th Five-Year Plan carbon-intensity reduction' implementation notice (绥政发〔2024〕15号) explicitly lists both as separate line items to advance: '...依托中俄东线天然气管道干线、中俄东线天然气管线（明水-哈尔滨）支线，积极推进绥北支线、明水支线、肇东-肇东经济开发区-兰西支线等各条支线建设' (relying on the China-Russia East Line trunk and the Mingshui-Harbin branch, actively advance construction of the Suibei branch, MINGSHUI BRANCH, and the Zhaodong-Zhaodong Economic Development Zone-Lanxi branch, among others). This confirms 明水支线 as a real, separately-tracked line still under construction as of mid-2024, matching GEM's 'construction' status. GEM's LengthMergedKm (177.00) exceeds the entire existing Mingshui-Harbin line's length (171.23 km to Harbin, further than just to Suihua), which suggests this new branch may follow a different/longer alignment rather than simply paralleling the existing corridor -- flagged as an open question, not resolved by available sources. | The bjx.com.cn URL already on this row (from MZ's prior pass) resolves (200) but is behind an Aliyun WAF CAPTCHA that blocked both WebFetch and a Jina-reader proxy from reading its content -- I could not independently verify it says what MZ's note claims. I located and read the primary source directly instead: the Suihua municipal government's own June 2024 carbon-plan notice (via a working web.archive.org snapshot, since suihua.gov.cn direct-fetch fails with a broken TLS cert chain, a documented url_verifier false-negative class), which independently confirms '明水支线' as a real, distinct, still-under-construction branch. No source gives exact route/townships for this branch beyond the county-level Mingshui start and the shared Suihua terminal-station end (same 绥化末站 as P6805/明哈支线) -- coordinates are therefore county/station-anchor level, not a sourced corridor."
P7432,3836,RouteNotes,"CB: route guessed from endpoints; only located source describes ~55 km from Jintan, conflicting with GEM's 31 km Liyang–Yixing row — PID mapping needs human check before this route is trusted — Source (taohuren.com, citing the 2011-11 project announcement) describes this as '宜兴支线' (the Yixing branch): '工程起点为金坛市薛埠镇...终点为我市高塍镇','高塍分输站'; route passes through '金坛市朱林、儒林以及我市新建、官林' (Zhulin & Rulin towns in Jintan, then Xinjian & Guanlin towns in Yixing). Length ~55km, diameter 610mm, ~3.2 billion RMB investment, construction started Nov 2011, adds 300 million m3/yr Sichuan-gas capacity to Yixin | CAUTION - flag for human review: GEM lists this row's endpoints as StartLocation=Liyang / EndLocation=Yixing with LengthMergedKm=31.00 ('Liyi Branch, Liyang-Yixing'). The only sourced Yixing-direct","CB: route guessed from endpoints; only located source describes ~55 km from Jintan, conflicting with GEM's 31 km Liyang–Yixing row — PID mapping needs human check before this route is trusted — Source (taohuren.com, citing the 2011-11 project announcement) describes this as '宜兴支线' (the Yixing branch): '工程起点为金坛市薛埠镇...终点为我市高塍镇','高塍分输站'; route passes through '金坛市朱林、儒林以及我市新建、官林' (Zhulin & Rulin towns in Jintan, then Xinjian & Guanlin towns in Yixing). Length ~55km, diameter 610mm, ~3.2 billion RMB investment, construction started Nov 2011, adds 300 million m3/yr Sichuan-gas capacity to Yixing. Same article separately notes a later 'Jinwu pipeline phase 2' project through Heqiao and Wanshi towns (~33km) -- relevant context for P7558's 'Jinwu Pipeline' naming, but a distinct project, not part of this route. Xuebu Distribution Station is independently confirmed as a real hub on the Jiangsu trunk network -- it is also the named start of Section A of the 218km trunk (see P7542's ref, jsaeit.com), which corroborates Xuebu as a genuine branch point feeding multiple downstream lines including one toward Yixing. | CAUTION - flag for human review: GEM lists this row's endpoints as StartLocation=Liyang / EndLocation=Yixing with LengthMergedKm=31.00 ('Liyi Branch, Liyang-Yixing'). The only sourced Yixing-directed branch found in Chinese-language search starts at Xuebu Town, Jintan (not Liyang) and is ~55km, not 31km. Xuebu (Jintan) is adjacent to/borders Liyang and both are under Changzhou prefecture, which may explain GEM's 'Liyang' simplification, but the length mismatch (55 vs 31km) is unresolved -- this could be (a) the same branch with GEM's length wrong/outdated, (b) GEM's 31km covering only part of the 55km branch, or (c) a genuinely different, unfound 'Liyi'-specific segment. No dedicated '溧宜' (Liyi) branch article was found despite multiple targeted searches; this is the best/only candidate located. Endpoint place names and coordinates are solid (verified station-level source); the PID-to-segment mapping is the open question."
P7478,3879,RouteNotes,"CB: route guessed from endpoints — Per Yunnan Housing & Urban-Rural Development Dept. siting-notice text (via Sohu, dated 2016-06-14): '该项目起于昆明富民县赤鹫镇中缅天然气管道24#阀室，止点位于五华区桃园小村西侧的桃园末站' — the Fumin branch of the Yunnan gas trunk network starts at China-Myanmar pipeline Valve Station #24 in Chijiu Town, Fumin County, and ends at Taoyuan Terminal Station west of Taoyuan hamlet, Wuhua District, Kunming. Cited length 56.9 km (47.1 km in Fu | GEM StartLocation 'Fumin County' and EndLocation 'Wuhua District' both confirmed and refined to named places (Chijiu Town / Taoyuan hamlet) via the 2016 siting-notice republication on Sohu (origina","CB: route guessed from endpoints — Per Yunnan Housing & Urban-Rural Development Dept. siting-notice text (via Sohu, dated 2016-06-14): '该项目起于昆明富民县赤鹫镇中缅天然气管道24#阀室，止点位于五华区桃园小村西侧的桃园末站' — the Fumin branch of the Yunnan gas trunk network starts at China-Myanmar pipeline Valve Station #24 in Chijiu Town, Fumin County, and ends at Taoyuan Terminal Station west of Taoyuan hamlet, Wuhua District, Kunming. Cited length 56.9 km (47.1 km in Fumin County + 9.8 km in Wuhua District) is close to GEM's 58.00 km (2016 siting-stage estimate vs. as-built; both describe the same two endpoints and the same Fumin→Wuhua corridor). This is a distinct project from the separately-documented 'Fumin–Changshui' branch (105.64 km, to Changshui Airport, a different terminus) surfaced in the same search — do not conflate the two; GEM's SegmentName/Start-EndLocation match the Taoyuan-terminus project, not the airport one. | GEM StartLocation 'Fumin County' and EndLocation 'Wuhua District' both confirmed and refined to named places (Chijiu Town / Taoyuan hamlet) via the 2016 siting-notice republication on Sohu (original Yunnan Provincial Dept. of Housing & Urban-Rural Development notice, no longer live at its original .gov.cn URL). Two other Fumin-adjacent gas projects exist in the record and were ruled out as this PID: (1) 'Fumin–Changshui' (富民—长水), 105.64 km, ending at Changshui Airport (a different, larger branch); (2) a short 13.42 km 'Valve Station 24#—Fumin distribution station' spur approved 2025-04-30 (fgw.km.gov.cn) that appears to be a later, separate feeder within Fumin County itself, not reaching Wuhua District. Confidence tier: single-source (one original document, one republication host) — corroborating second source not found in this pass."
P7479,3880,RouteNotes,"CB: route guessed from endpoints — Kunlun Energy Yunnan Xiangyun pipeline project (昆仑能源云南祥云管道项目), a 17 km branch off the China-Myanmar mainline running from Valve Station #17 in Shalong Town through to Xiangyun Terminal Station in Xiangcheng Town, both within Xiangyun County, Dali Bai Autonomous Prefecture — matches GEM's Start/EndLocation ('Xiangyun County' both ends) and Length (17.00 km exact). Built 2016-03 to 2019-06, commerci | Strong single-source match (Sohu republication of a China Energy Net operational feature); a second, near-identical republication of the same underlying company article exists at www.china5e.com/ne","CB: route guessed from endpoints — Kunlun Energy Yunnan Xiangyun pipeline project (昆仑能源云南祥云管道项目), a 17 km branch off the China-Myanmar mainline running from Valve Station #17 in Shalong Town through to Xiangyun Terminal Station in Xiangcheng Town, both within Xiangyun County, Dali Bai Autonomous Prefecture — matches GEM's Start/EndLocation ('Xiangyun County' both ends) and Length (17.00 km exact). Built 2016-03 to 2019-06, commercial operation from 2019-10; serves ~480,000 residents of Xiangyun County. Design pressure 10 MPa, annual design capacity 100 million m3. | Strong single-source match (Sohu republication of a China Energy Net operational feature); a second, near-identical republication of the same underlying company article exists at www.china5e.com/news/news-1071347-1.html and www.xny365.com/news/article-171349.html but these trace to the same original piece (not independent per the corroboration rule) — treated as one source. Length (17 km) and both county-level endpoints exactly match GEM's existing fields, giving high confidence despite single-source status."
P7480,3881,RouteNotes,"CB: route guessed from endpoints — GEM's 'Duyun Branch Pipeline' (都匀支线, 33.9 km) is a spur of the multi-branch Guizhou branch-pipeline network (贵州天然气支线管网项目) that fans out from the China-Myanmar/West-East trunk near Guiyang. A tender notice for geological-hazard inspection of the network (bbda.com; www.dlnyzb.com/detail/28463843) explicitly lists '中缅天然气管道都匀支线长34km' alongside a 522 km main trunk and shorter Yunwu/Dushan/Libo spurs —  | GEM's existing StartLocation 'Yanlou Town, Huaxi District' independently confirmed (Yanlou gate/distribution station, EIA acceptance notices). EndLocation (previously null) resolved to Duyun Gas Tr","CB: route guessed from endpoints — GEM's 'Duyun Branch Pipeline' (都匀支线, 33.9 km) is a spur of the multi-branch Guizhou branch-pipeline network (贵州天然气支线管网项目) that fans out from the China-Myanmar/West-East trunk near Guiyang. A tender notice for geological-hazard inspection of the network (bbda.com; www.dlnyzb.com/detail/28463843) explicitly lists '中缅天然气管道都匀支线长34km' alongside a 522 km main trunk and shorter Yunwu/Dushan/Libo spurs — corroborating the branch's existence and length (GEM: 33.90 km). A separate bid notice for capacity-upgrade work at '贵阳输油气分公司都匀支线都匀输气站' confirms the branch terminates at Duyun Gas Transmission Station in Duyun City. The network's shared origin point is 燕楼门站/燕楼分输站 (Yanlou gate/distribution station) in Yanlou Town, Huaxi District, Guiyang — matching GEM's existing StartLocation exactly (EIA notices: 燕楼镇位于花溪区西南部, 距花溪城中心14公里, 距省会城市贵阳市中心27公里; 燕楼分输站 design pressure 6.3 MPa, design annual throughput 6.1×10^8 m3/a). Public sources describe the shared Guiyang–Huishui–Changshun corridor and the individual named spurs (Duyun, Dushan, Libo, Yunwu, Duyun–Kaili) but do not pinpoint the exact km-post where the 34 km Duyun spur physically diverges from that shared corridor toward Duyun city — so the sourced start point here is the network's shared Yanlou origin (consistent with GEM's own field), not a verified mid-corridor branch point. | GEM's existing StartLocation 'Yanlou Town, Huaxi District' independently confirmed (Yanlou gate/distribution station, EIA acceptance notices). EndLocation (previously null) resolved to Duyun Gas Transmission Station via a Baidu tender-bidding listing for capacity-upgrade work at that exact station under the 都匀支线 name, and the branch's 34 km length corroborated by a separate geological-hazard-survey tender covering the whole Guizhou network (matches GEM's 33.90 km closely). Note: a different, unrelated project also uses '都匀' in its name — a Duyun-Kaili local distribution spur (都匀至凯里) operated by Kunlun Gas's 都凯分公司 — ruled out as not matching (different operator/scope, not part of the China-Myanmar trunk network)."
P7531,3932,RouteNotes,"Page 1-4; CB: route guessed from endpoints — Main trunk of the 苏皖豫干线 (Su-Wan-Yu / Jiangsu-Anhui-Henan trunk) project, PipeChina Group. Per the MEE Nov-2025 EIA approval: '干线起自江苏省盐城市通榆分输清管站，止于河南省平顶山市鲁山东压气站' (starts at Tongyu Distribution & Pigging Station, Yancheng, Jiangsu; ends at Lushan East Compressor Station, Pingdingshan, Henan). Corridor crosses 14 prefecture-level cities across 3 provinces: Jiangsu (Yancheng, Lianyungang, Huai'an, Suq | High-confidence: both endpoints are named, specific facilities (distribution/pigging station and compressor station) confirmed identically across three independent Chinese-language sources (officia","Page 1-4; CB: route guessed from endpoints — Main trunk of the 苏皖豫干线 (Su-Wan-Yu / Jiangsu-Anhui-Henan trunk) project, PipeChina Group. Per the MEE Nov-2025 EIA approval: '干线起自江苏省盐城市通榆分输清管站，止于河南省平顶山市鲁山东压气站' (starts at Tongyu Distribution & Pigging Station, Yancheng, Jiangsu; ends at Lushan East Compressor Station, Pingdingshan, Henan). Corridor crosses 14 prefecture-level cities across 3 provinces: Jiangsu (Yancheng, Lianyungang, Huai'an, Suqian, Xuzhou), Anhui (Huaibei, Suzhou, Bozhou, Fuyang), Henan (Zhoukou, Shangqiu, Zhumadian, Luohe, Pingdingshan). Length is cited two ways across sources: the earlier EIA public-participation notice (pipechina.com.cn) and a construction bid-award article (sohu) both give 796.6 km, matching GEM's LengthMergedKm exactly; the final Nov-2025 MEE approval gives 823.8 km / DN1219mm / 10 MPa design pressure / 18.3 bcm/y capacity for the as-approved main trunk — likely a pre-final-design vs. as-approved delta, not a routing error. | High-confidence: both endpoints are named, specific facilities (distribution/pigging station and compressor station) confirmed identically across three independent Chinese-language sources (official MEE approval document, PipeChina's own EIA public-participation notice, and a construction-bid news article), all giving the same start/end wording. Only the exact pipe length differs slightly (796.6 vs 823.8 km) between the pre-final EIA notice and the final Nov-2025 approval — not a location discrepancy."
P7532,3933,RouteNotes,"Page 1-4; CB: route guessed from endpoints — Xuzhou connecting/liaison line (徐州联络线) of the 苏皖豫干线 project. Per the MEE Nov-2025 EIA approval: '联络线起自干线睢宁分输站，止于江苏省徐州市徐州联络站，长87.33公里，管径508毫米' (starts at Suining Distribution Station on the main trunk, ends at Xuzhou Liaison Station in Xuzhou City; 87.33 km, DN508mm, 6.3 MPa). PipeChina's own EIA public-participation notice and GEM both give 86.0 km for this segment (pre-final-design figure); the l | Matches GEM's StartLocation 'Suining' exactly (睢宁 Suining County, Xuzhou). Both endpoints confirmed identically by two independent official sources (MEE approval + PipeChina's own EIA public-partic","Page 1-4; CB: route guessed from endpoints — Xuzhou connecting/liaison line (徐州联络线) of the 苏皖豫干线 project. Per the MEE Nov-2025 EIA approval: '联络线起自干线睢宁分输站，止于江苏省徐州市徐州联络站，长87.33公里，管径508毫米' (starts at Suining Distribution Station on the main trunk, ends at Xuzhou Liaison Station in Xuzhou City; 87.33 km, DN508mm, 6.3 MPa). PipeChina's own EIA public-participation notice and GEM both give 86.0 km for this segment (pre-final-design figure); the line runs entirely within Xuzhou prefecture, Jiangsu, connecting the main-trunk take-off point near Suining County to a liaison station in Xuzhou city proper. | Matches GEM's StartLocation 'Suining' exactly (睢宁 Suining County, Xuzhou). Both endpoints confirmed identically by two independent official sources (MEE approval + PipeChina's own EIA public-participation notice); a third source (bidding notice at caizhaowang.com) gives a slightly different length (86.7 km) for the same segment, consistent with pre-final-design variance rather than a different route."
P7533,3934,RouteNotes,"Page 1-4; CB: route guessed from endpoints — Sihong branch line (泗洪支干线) of the 苏皖豫干线 project, entirely within Suqian City (Sihong County), Jiangsu. Per the MEE Nov-2025 EIA approval: '支干线起自干线泗洪分输站，止于江苏省宿迁市泗洪末站，长26.62公里' (starts at Sihong Distribution Station on the main trunk, ends at Sihong End Station, Suqian; 26.62 km, DN323.9mm). PipeChina's own EIA public-participation notice and GEM both give 28.5 km for this segment (pre-final-design  | The branch's existence, start facility (泗洪分输站) and end facility (泗洪末站) are confirmed by two independent official sources with identical wording. GEM's pre-existing StartLocation field ('Sihong Coun","Page 1-4; CB: route guessed from endpoints — Sihong branch line (泗洪支干线) of the 苏皖豫干线 project, entirely within Suqian City (Sihong County), Jiangsu. Per the MEE Nov-2025 EIA approval: '支干线起自干线泗洪分输站，止于江苏省宿迁市泗洪末站，长26.62公里' (starts at Sihong Distribution Station on the main trunk, ends at Sihong End Station, Suqian; 26.62 km, DN323.9mm). PipeChina's own EIA public-participation notice and GEM both give 28.5 km for this segment (pre-final-design figure). | The branch's existence, start facility (泗洪分输站) and end facility (泗洪末站) are confirmed by two independent official sources with identical wording. GEM's pre-existing StartLocation field ('Sihong County Panshan Villege') plausibly refers to 潘山村 in 归仁镇 (Guiren Town) by romanization match, but I could not independently corroborate that the 泗洪分输站 facility sits in/near that specific village — treat the township-level start coordinate as a reasonable but unconfirmed refinement, not a source-verified fact."
P7534,3935,RouteNotes,"Page 1-4; CB: route guessed from endpoints; row appears to be an aggregate duplicate of P7531 (+P7532/P7533: segment lengths sum exactly to 913.80 km) — same route drawn as P7531 per duplicate ruling; merge/retirement candidate — Same Jiangsu (start)-to-Henan (end) provinces as P7531, no distinct segment name, and no source found describing a fourth, physically distinct 913.8 km pipe in this network. Arithmetic match: GEM's own segment lengths for this family sum EXACTLY to 913.80 km — P7531 main trunk (796.60) + P7532 Xuzhou liaison line (86.00) + P7533 Sihong branch (28.50) + 2.7 km = 913.80. The 2.7 km residual matches  | Recommend treating P7534 as a duplicate/aggregate of P7531 (+ P7532 + P7533 + the untracked 2.7km interconnects) rather than drawing an independent route for it — no source describes a distinct 913","Page 1-4; CB: route guessed from endpoints; row appears to be an aggregate duplicate of P7531 (+P7532/P7533: segment lengths sum exactly to 913.80 km) — same route drawn as P7531 per duplicate ruling; merge/retirement candidate — Same Jiangsu (start)-to-Henan (end) provinces as P7531, no distinct segment name, and no source found describing a fourth, physically distinct 913.8 km pipe in this network. Arithmetic match: GEM's own segment lengths for this family sum EXACTLY to 913.80 km — P7531 main trunk (796.60) + P7532 Xuzhou liaison line (86.00) + P7533 Sihong branch (28.50) + 2.7 km = 913.80. The 2.7 km residual matches the MEE approval's '互联互通管道 2.7公里' (interconnection pipelines) line item, a small facility-tie-in component not separately tracked as its own GEM PID. This is very strong evidence P7534 is an aggregate/total-project row (sum of the whole 苏皖豫干线 network's components as originally scoped), not a fifth, independently routable pipe. | Recommend treating P7534 as a duplicate/aggregate of P7531 (+ P7532 + P7533 + the untracked 2.7km interconnects) rather than drawing an independent route for it — no source describes a distinct 913.8 km pipe segment separate from the already-itemized main trunk/liaison/branch family. Start/end fields above mirror P7531's sourced endpoints for continuity, not a newly-researched claim. Flagging duplicate_of=P7531 per task instructions; a human should confirm whether to retire/merge this PID in GEM rather than stage a route candidate for it."
P7542,3943,RouteNotes,"CB: route guessed from endpoints — Official completion/acceptance notice (竣工环境保护验收调查报告公示, jsaeit.com, published 2022-10-17) for '""川气东送""江苏配套管线一期工程项目' states: '本项目主干线共分为三段，A段为薛埠分输站-镇江上党分输站，B段为镇江上党分输站-南京靖安分输站、C段为镇江上党分输站-江阴顾山分输站，管线总长度约为218km' (the trunk splits into 3 sections at 上党/Shangdang: A) Xuebu-Shangdang, B) Shangdang-Nanjing Jing'an, and C) Shangdang-Jiangyin Gushan; combined length ~218km). Design pressure 6.3MPa, diameter 813 | Strong 2-source corroboration and an exact length match (218km) to GEM's LengthMergedKm gives high confidence in both endpoint identity and the Xuebu/Jintan-to-Gushan/Jiangyin routing via the Shang","CB: route guessed from endpoints — Official completion/acceptance notice (竣工环境保护验收调查报告公示, jsaeit.com, published 2022-10-17) for '""川气东送""江苏配套管线一期工程项目' states: '本项目主干线共分为三段，A段为薛埠分输站-镇江上党分输站，B段为镇江上党分输站-南京靖安分输站、C段为镇江上党分输站-江阴顾山分输站，管线总长度约为218km' (the trunk splits into 3 sections at 上党/Shangdang: A) Xuebu-Shangdang, B) Shangdang-Nanjing Jing'an, and C) Shangdang-Jiangyin Gushan; combined length ~218km). Design pressure 6.3MPa, diameter 813mm, operating pressure 4.0MPa, annual capacity 6.9 billion m3. This exactly matches GEM's LengthMergedKm (218.00) and segment label ('Jintan-Gushan trunk'), i.e. GEM's row corresponds to the combined A+C path via Shangdang (the B branch to Nanjing Jing'an is a separate spur, not part of this PID). A second independent source (Wuxi Municipal Public Utilities Group / wxszjt.com, via Wayback snapshot 2022-10-04, since the live page now 405s) corroborates the general entry-into-Jiangsu routing: '川气东送管道进入江苏后经金坛、镇江分输站一路至南京，一路向东经常州、江阴，接入无锡市' (after entering Jiangsu the pipeline runs via Jintan and Zhenjiang distribution stations toward Nanjing on one route, and east via Changzhou and Jiangyin to Wuxi on another) -- consistent with the Jintan (Xuebu) hub branching toward both Nanjing and Jiangyin/Wuxi. | Strong 2-source corroboration and an exact length match (218km) to GEM's LengthMergedKm gives high confidence in both endpoint identity and the Xuebu/Jintan-to-Gushan/Jiangyin routing via the Shangdang (Zhenjiang) junction. Waypoint 镇江上党分输站 (Shangdang Distribution Station, Dantu District, Zhenjiang; Nominatim relation 19110648, 32.0739149/119.4144712) sits on the actual corridor and should be used as an intermediate vertex when drawing the candidate route, not a straight line."
P7548,3948,RouteNotes,"Page 2; CB: route guessed from endpoints — EIA report (南京国环环境科技发展股份有限公司, dated Feb 2013) for '川气东送江苏配套管线一期工程仪扬泰管道工程' (Jiangsu Natural Gas Co. Ltd, Sichuan-East Jiangsu supporting pipeline phase 1, Yiyangtai pipeline) states: '起自江苏省天然气公司仪征青山分输站...止于江都区丁沟分输站' (begins at Jiangsu Natural Gas Co.'s Qingshan Distribution Station in Yizheng, ends at Dingou Distribution Station in Jiangdu District). Total length ~94.9km -- an exact match to GEM's  | High confidence: exact length match (94.9km) to GEM plus a direct, unambiguous 起点/止点 (start/end) statement naming both distribution stations. This is the cleanest resolution of the five PIDs in thi","Page 2; CB: route guessed from endpoints — EIA report (南京国环环境科技发展股份有限公司, dated Feb 2013) for '川气东送江苏配套管线一期工程仪扬泰管道工程' (Jiangsu Natural Gas Co. Ltd, Sichuan-East Jiangsu supporting pipeline phase 1, Yiyangtai pipeline) states: '起自江苏省天然气公司仪征青山分输站...止于江都区丁沟分输站' (begins at Jiangsu Natural Gas Co.'s Qingshan Distribution Station in Yizheng, ends at Dingou Distribution Station in Jiangdu District). Total length ~94.9km -- an exact match to GEM's LengthMergedKm (94.90). Segment breakdown given in the source: Yizheng section ~35.5km, Yangzhou section ~30.3km, Jiangdu section ~29.1km (i.e. the route passes through Yizheng city, then Yangzhou proper, then Jiangdu district -- matching GEM's segment name 'Yiyangtai = Yizheng-Yangzhou-Jiangdu'). Main line 88.6km at D813mm/6.3MPa; a 6.3km D323.9mm branch also exists. Three distribution stations and eight isolation valve stations along the route. | High confidence: exact length match (94.9km) to GEM plus a direct, unambiguous 起点/止点 (start/end) statement naming both distribution stations. This is the cleanest resolution of the five PIDs in this group."
P7568,3968,RouteNotes,"Hight quality image; CB: route guessed from endpoints — 855km (sheet) / 863.06km (EIA cumulative mileage) Tongliang-Qianjiang trunk, the Phase 2 (二阶段) trunk of the 川气东送二线天然气管道工程川渝鄂段 (Sichuan-Shanghai Parallel Gas Pipeline, Sichuan-Chongqing-Hubei section). Runs from the Tongliang/Hechuan district boundary (Chongqing) through numbered valve chambers 9# (北碚区澄江镇) - 10# (合川区草街镇) - 11# (北碚区柳荫镇) - 12# (渝北区大湾镇) - 大盛站(渝北区统景镇) - 14# (长寿区葛兰镇) - 16# (垫江县砚台镇) - .. | Both master EIA PDFs (环境影响报告书, not just the brief 批复 approval notices) for the 川渝鄂段 project are hosted on archive.org with full OCR text: Phase 1 (Weiyuan/Luxian-Tongliang trunk) at 034f-60b-7539c-","Hight quality image; CB: route guessed from endpoints — 855km (sheet) / 863.06km (EIA cumulative mileage) Tongliang-Qianjiang trunk, the Phase 2 (二阶段) trunk of the 川气东送二线天然气管道工程川渝鄂段 (Sichuan-Shanghai Parallel Gas Pipeline, Sichuan-Chongqing-Hubei section). Runs from the Tongliang/Hechuan district boundary (Chongqing) through numbered valve chambers 9# (北碚区澄江镇) - 10# (合川区草街镇) - 11# (北碚区柳荫镇) - 12# (渝北区大湾镇) - 大盛站(渝北区统景镇) - 14# (长寿区葛兰镇) - 16# (垫江县砚台镇) - ...on through further Chongqing/Hubei counties (忠县, 云阳, etc. per the same table, not individually resourced here) - to the Qianjiang Distribution Compressor Station in Hubei. GEM's Status='construction' is consistent with this being the currently-building Phase 2 trunk (vs. the completed Phase 1 Weiyuan/Luxian-Tongliang segment and the still-public-comment-stage Phase 3 supply branches). This trunk is what my 7 sibling PIDs (P7581-P7587, Phase 3 local supply branches) tap off of. | Both master EIA PDFs (环境影响报告书, not just the brief 批复 approval notices) for the 川渝鄂段 project are hosted on archive.org with full OCR text: Phase 1 (Weiyuan/Luxian-Tongliang trunk) at 034f-60b-7539c-46b-78f-68bcdf-4feb-9975, Phase 2 (this PID's trunk, Tongliang-Qianjiang, + the 4 major storage-facility branches) at 759f-1a-193815494692b-2742c-895d-53a-7. Both already existed as GEM's 'current_route_ref' in worklist.json but were unused before this research pass -- confirmed high-value primary sources, reused across all 8 of my PIDs. Table 2.2-22 in the Phase 2 doc is the authoritative valve-chamber/township location table for this trunk and is the anchor for locating 5 of my 7 branch PIDs' start points (12#, 9#, 16# directly; DAT4# and 6# via a separate sub-branch table / the Phase 1 doc respectively). ResearcherNotes on this row (and the 7 branch rows) says 'MZ: ...（二阶段）' -- based on the EIA's own phase breakdown (line ~2898-2905 of the OCR text, '二阶段建设铜梁-潜江段干线、和牢家坪老翁场储气库支干线、大英-安岳-铜梁支干线、铜锣峡储气库支干线、黄草峡储气库支干线；三阶段建设...供气支线'), THIS trunk (P7568) genuinely is Phase 2 scope, matching the MZ note -- but the 7 short branch PIDs (P7581-P7587) are Phase 3 (三阶段) '供气支线' scope, so the shared '二阶段' ResearcherNotes label on those 7 rows appears to be an imprecise carryover, not accurate to this EIA's own phase definitions. Documented here rather than corrected on the sheet."
P7581,3981,RouteNotes,CB: route guessed from endpoints — Short local gas-supply branch (供气支线) tapping the Phase 2 Tongliang-Qianjiang trunk at 12#阀室 in 大湾镇 (Yubei District) and running into Yubei District proper to serve local gas demand. The Phase 2 EIA explicitly lists this as one of the 8 Phase 3 supply branches: '8条供气支线管道包括重庆境内...渝北供气管道...分别分布于重庆市大足区、潼南区、璧山区、合川区、渝北区、长寿区、垫江县，湖北省巴东县，总长135.6km' (combined length of all 8 branches). GEM's ResearcherNotes | 12#阀室's identity/location is well-corroborated (exact table match + two nearby groundwater wells). The downstream end point is district-level only -- the branch-specific EIA (which would give exact,"CB: route guessed from endpoints — Short local gas-supply branch (供气支线) tapping the Phase 2 Tongliang-Qianjiang trunk at 12#阀室 in 大湾镇 (Yubei District) and running into Yubei District proper to serve local gas demand. The Phase 2 EIA explicitly lists this as one of the 8 Phase 3 supply branches: '8条供气支线管道包括重庆境内...渝北供气管道...分别分布于重庆市大足区、潼南区、璧山区、合川区、渝北区、长寿区、垫江县，湖北省巴东县，总长135.6km' (combined length of all 8 branches). GEM's ResearcherNotes label this '二阶段' (Phase 2); per the EIA's own phase breakdown these 8 named branches are Phase 3 (三阶段) scope -- see note under P7568. | 12#阀室's identity/location is well-corroborated (exact table match + two nearby groundwater wells). The downstream end point is district-level only -- the branch-specific EIA (which would give exact terminus, e.g. a gas-supply station or distribution point in Yubei) is still in public-comment stage per the country notes and was not locatable via WebFetch/archive.org search (WebSearch budget for this session was exhausted before reaching this PID; relied on archive.org + Nominatim only)."
P7582,3982,RouteNotes,"CB: route guessed from endpoints — Short local gas-supply branch (供气支线) tapping the Phase 2 trunk at 9#阀室 in 澄江镇 (Beibei District, at the trunk's Jialing River crossing) and running into 璧山区 (Bishan District) to serve local gas demand -- crosses a district boundary (Beibei -> Bishan) despite the branch's common name referencing only the destination district. The Phase 2 EIA explicitly lists '壁山供气管道' [OCR for 璧山] among the 8 Phase 3 | Start point is unusually well-sourced -- an exact river-crossing GPS coordinate from the EIA itself, not an inferred/geocoded proxy. Initially assumed (from background knowledge) that 澄江镇 was in 璧山","CB: route guessed from endpoints — Short local gas-supply branch (供气支线) tapping the Phase 2 trunk at 9#阀室 in 澄江镇 (Beibei District, at the trunk's Jialing River crossing) and running into 璧山区 (Bishan District) to serve local gas demand -- crosses a district boundary (Beibei -> Bishan) despite the branch's common name referencing only the destination district. The Phase 2 EIA explicitly lists '壁山供气管道' [OCR for 璧山] among the 8 Phase 3 supply branches distributed across 大足区、潼南区、璧山区、合川区、渝北区、长寿区、垫江县、湖北省巴东县 (combined 135.6km). See P7568 for the Phase 2/Phase 3 labeling note. | Start point is unusually well-sourced -- an exact river-crossing GPS coordinate from the EIA itself, not an inferred/geocoded proxy. Initially assumed (from background knowledge) that 澄江镇 was in 璧山区 since that is commonly cited as Bishan's seat; the EIA document consistently and repeatedly states '北碚区澄江镇' instead, so the working hypothesis was corrected to trust the well-corroborated document text -- the branch genuinely runs from a Beibei District valve chamber into Bishan District. End point is district-level only for the same reason as the other branches (Phase 3 branch-specific EIA not yet public)."
P7583,3983,RouteNotes,"CB: route guessed from endpoints — Short local gas-supply branch (供气支线) tapping the trunk near the Tongliang/Hechuan district boundary (旧县街道 area, Tongliang side) and running into 合川区 (Hechuan District) to serve local gas demand -- the near-boundary tap point is expected, since this branch's whole purpose is to feed Hechuan District right where the trunk crosses into it. The Phase 2 EIA explicitly lists '合川供气管道' among the 8 Phase 3 | Unlike the other 6 branches, no specific numbered valve chamber matches this one's GEM start-location field ('Jiu County') -- 旧县街道 is well-attested in the EIA as a place the trunk crosses, but not","CB: route guessed from endpoints — Short local gas-supply branch (供气支线) tapping the trunk near the Tongliang/Hechuan district boundary (旧县街道 area, Tongliang side) and running into 合川区 (Hechuan District) to serve local gas demand -- the near-boundary tap point is expected, since this branch's whole purpose is to feed Hechuan District right where the trunk crosses into it. The Phase 2 EIA explicitly lists '合川供气管道' among the 8 Phase 3 supply branches (combined 135.6km across 7 Chongqing districts + Badong County, Hubei). See P7568 for the Phase 2/Phase 3 labeling note. | Unlike the other 6 branches, no specific numbered valve chamber matches this one's GEM start-location field ('Jiu County') -- 旧县街道 is well-attested in the EIA as a place the trunk crosses, but not tied to a named tap/valve point for a branch. Start coordinate uses a different one of the three nearby monitoring wells than P7568's boundary proxy (both sets of wells are within ~1km of each other in the same subdistrict) to avoid an artifactual coordinate collision between the two PIDs, while flagging that both branches plausibly originate from roughly the same physical area (the trunk's Tongliang/Hechuan boundary crossing). This is a real corridor-proximity finding worth a human look, not a data error to fix here."
P7584,3984,RouteNotes,"CB: route guessed from endpoints — Short local gas-supply branch (供气支线) tapping the 大英-安岳-铜梁支干线 (a separate Phase 2 storage/interconnect branch, itself running from Daying/Anyue in Sichuan through Tongnan District to a Tongliang compressor station) at DAT4#阀室 within Tongnan District, then running further into Tongnan District (toward the district seat, Zitong Subdistrict) to serve local gas demand. The Phase 2 EIA explicitly lists  | GEM's 'Valve Chamber No. 4' initially cross-matched to the wrong feature: a plain '4#阀室' exists on the main Neijiang-Tongliang trunk in Anyue County, Sichuan (Phase 1 scope), which does not fit thi","CB: route guessed from endpoints — Short local gas-supply branch (供气支线) tapping the 大英-安岳-铜梁支干线 (a separate Phase 2 storage/interconnect branch, itself running from Daying/Anyue in Sichuan through Tongnan District to a Tongliang compressor station) at DAT4#阀室 within Tongnan District, then running further into Tongnan District (toward the district seat, Zitong Subdistrict) to serve local gas demand. The Phase 2 EIA explicitly lists '潼南供气管道' [OCR '漳南'] among the 8 Phase 3 supply branches (combined 135.6km). See P7568 for the Phase 2/Phase 3 labeling note. | GEM's 'Valve Chamber No. 4' initially cross-matched to the wrong feature: a plain '4#阀室' exists on the main Neijiang-Tongliang trunk in Anyue County, Sichuan (Phase 1 scope), which does not fit this branch's Tongnan/Chongqing location. Careful cross-referencing found the correct match on the separate DAT-prefixed numbering used for the 大英-安岳-铜梁支干线 in the Phase 2 doc, located in 潼南区 as expected. The exact town for DAT4# (among 卧佛镇/五桂镇/寿桥镇) is not confirmed -- 卧佛镇 was chosen as the nearest plausible candidate by relative position along the branch, and this should be treated as an approximation, not a confirmed valve-chamber location."
P7585,3985,RouteNotes,"CB: route guessed from endpoints; EIA states 39.24 km for the full 黄草峡 branch vs GEM's 14.18 km — unresolved length discrepancy flagged — This is the 黄草峡储气库支干线 (Huangcaoxia gas-storage interconnect branch, one of the 4 major Phase 2 storage-facility branches, distinct from the 8 Phase 3 local supply branches) -- runs entirely within 长寿区 (Changshou District) from 黄草峡首站 (但渡镇) to 云台站 (云台镇), connecting the Huangcaoxia underground gas storage facility to the trunk network. FLAG: the EIA states this branch's total length as 39.24km, but G | Both endpoints are named-station matches (not township proxies) with nearby well coordinates, the strongest sourcing among the 7 branch PIDs. Despite the 'Changshou' label matching GEM's Researcher","CB: route guessed from endpoints; EIA states 39.24 km for the full 黄草峡 branch vs GEM's 14.18 km — unresolved length discrepancy flagged — This is the 黄草峡储气库支干线 (Huangcaoxia gas-storage interconnect branch, one of the 4 major Phase 2 storage-facility branches, distinct from the 8 Phase 3 local supply branches) -- runs entirely within 长寿区 (Changshou District) from 黄草峡首站 (但渡镇) to 云台站 (云台镇), connecting the Huangcaoxia underground gas storage facility to the trunk network. FLAG: the EIA states this branch's total length as 39.24km, but GEM's LengthMergedKm for P7585 is 14.18km -- a significant discrepancy not resolved here. Possible explanations: GEM's figure may cover only a sub-segment of the full 39.24km branch, or the EIA's 39.24km may include compressor-station/lateral piping not counted in GEM's line length, or GEM's figure may simply be outdated/wrong. Flagging per standing rule 3 (don't silently resolve) rather than picking one explanation. | Both endpoints are named-station matches (not township proxies) with nearby well coordinates, the strongest sourcing among the 7 branch PIDs. Despite the 'Changshou' label matching GEM's ResearcherNotes framing as a Phase-3-style '供气支线' name, this branch is actually one of the 4 Phase 2 (二阶段) storage-facility branches per the EIA's own phase list ('二阶段建设...黄草峡储气库支干线'), not one of the 8 Phase 3 local supply branches -- so unlike the other 6 non-trunk PIDs in this group, the existing 'MZ: ...(二阶段)' ResearcherNotes label is actually ACCURATE for this one. See P7568 for the general Phase 2/Phase 3 labeling note."
P7586,3986,RouteNotes,"CB: route guessed from endpoints — Short local gas-supply branch (供气支线) tapping the Phase 2 trunk at 16#阀室 in 砚台镇 (Dianjiang County) and running into Dianjiang County to serve local gas demand. Note: the trunk's own 垫江压气站 (Dianjiang compressor station, a separate larger facility on the same trunk, just downstream of 16#阀室 per Table 2.2-22 row 9's neighbor) is located in 垫江县杠家镇 (Ganjia Town) -- a different, nearby town, not used her | Township-level attribution for the start point is confirmed via direct table match; no document-stated coordinate exists for this specific town in either EIA (unlike 5 of the other 6 branches), so","CB: route guessed from endpoints — Short local gas-supply branch (供气支线) tapping the Phase 2 trunk at 16#阀室 in 砚台镇 (Dianjiang County) and running into Dianjiang County to serve local gas demand. Note: the trunk's own 垫江压气站 (Dianjiang compressor station, a separate larger facility on the same trunk, just downstream of 16#阀室 per Table 2.2-22 row 9's neighbor) is located in 垫江县杠家镇 (Ganjia Town) -- a different, nearby town, not used here since 16#阀室/砚台镇 is the more specific match to GEM's own field label ('Valve Chamber No. 16'). The Phase 2 EIA explicitly lists '垫江供气管道' among the 8 Phase 3 supply branches (combined 135.6km). See P7568 for the Phase 2/Phase 3 labeling note. | Township-level attribution for the start point is confirmed via direct table match; no document-stated coordinate exists for this specific town in either EIA (unlike 5 of the other 6 branches), so this is the one PID in the group relying purely on Nominatim rather than an EIA-sourced coordinate for its start point."
P7587,3987,RouteNotes,"CB: route guessed from endpoints — Short local gas-supply branch (供气支线) tapping the main trunk at 6#阀室 within Dazu District and running to the Dazu district seat (Longgang Subdistrict) to serve local gas demand. The Phase 2 EIA explicitly lists '大足供气管道' among the 8 Phase 3 supply branches (combined 135.6km). See P7568 for the Phase 2/Phase 3 labeling note. | Weakest sourcing of the 7 branches: 6#阀室's district (Dazu) is confirmed by cross-referencing multiple table appearances in the Phase 1 doc, but no township-level location description was found for it (unlike 9#, 12#, 16#, and DAT4# which all had explicit 'valve chamber -> t","CB: route guessed from endpoints — Short local gas-supply branch (供气支线) tapping the main trunk at 6#阀室 within Dazu District and running to the Dazu district seat (Longgang Subdistrict) to serve local gas demand. The Phase 2 EIA explicitly lists '大足供气管道' among the 8 Phase 3 supply branches (combined 135.6km). See P7568 for the Phase 2/Phase 3 labeling note. | Weakest sourcing of the 7 branches: 6#阀室's district (Dazu) is confirmed by cross-referencing multiple table appearances in the Phase 1 doc, but no township-level location description was found for it (unlike 9#, 12#, 16#, and DAT4# which all had explicit 'valve chamber -> township' table rows in the Phase 2 doc's Table 2.2-22 or its DAT-branch equivalent). 中敖镇 is used as the best-available nearest-sourced-township proxy per the task's guidance for un-locatable valve chambers, not a confirmed match to 6#阀室's actual position."
P7613,4012,RouteNotes,"CB: route guessed from endpoints; endpoints inferred from corridor-overlap evidence — row is almost certainly the 川气东送二线 皖西支干线 corridor shared with P7646 (likely shared-corridor pair, human adjudication recommended) — GEM lists this row as '川气东送二线输气管道 / 川气东送二线天然气管道工程' Huainan-Bozhou Branch Line, Network=川气东送二线, ResearcherNotes(MZ)='鄂豫赣皖浙闽段项目东段二阶段' (Hubei-Henan-Jiangxi-Anhui-Zhejiang-Fujian section project, east section phase 2) — i.e. part of PipeChina's 川气东送二线天然气管道工程鄂豫赣皖浙闽段项目. PipeChina's own May-2025 EIA pre-approval notice (3002862.html) is specifically titled '...鄂豫赣皖浙闽段项目(皖西支干线、皖赣支干线)环境影响评价报批前公示' — confirm | STRONG FLAG (per task instructions, not set as duplicate_of): this row and P7646 (文23-安庆天然气管道 Bozhou-Huainan segment) are very likely the same physical corridor traversed in opposite directions — P endpoints-only line: confirm both endpoint sources before applying.","CB: route guessed from endpoints; endpoints inferred from corridor-overlap evidence — row is almost certainly the 川气东送二线 皖西支干线 corridor shared with P7646 (likely shared-corridor pair, human adjudication recommended) — GEM lists this row as '川气东送二线输气管道 / 川气东送二线天然气管道工程' Huainan-Bozhou Branch Line, Network=川气东送二线, ResearcherNotes(MZ)='鄂豫赣皖浙闽段项目东段二阶段' (Hubei-Henan-Jiangxi-Anhui-Zhejiang-Fujian section project, east section phase 2) — i.e. part of PipeChina's 川气东送二线天然气管道工程鄂豫赣皖浙闽段项目. PipeChina's own May-2025 EIA pre-approval notice (3002862.html) is specifically titled '...鄂豫赣皖浙闽段项目(皖西支干线、皖赣支干线)环境影响评价报批前公示' — confirming 皖西支干线 (Anhui West Branch Line) is a real, separately-EIA'd component of this exact project, crossing Hubei/Henan/Anhui/Zhejiang/Fujian. Separately, PipeChina's Dec-2024 EIA notice for the unrelated 文23-安庆天然气管道项目 (3002110.html) states its own Bozhou-Huainan segment (P7646, ~210.8km) '路由与川气东送二线天然气管道工程皖西支干线...高度重合...依托皖西支干线' (route highly coincides with / relies on the 皖西支干线). Chaining these two facts: this row (P7613, 'Huainan-Bozhou Branch Line', 208.40km, 川气东送二线) is almost certainly the same 皖西支干线 named in both notices, run start-to-end in the reverse direction from P7646 (P7613: Huainan→Bozhou per GEM's own existing StartLocation/EndLocation; P7646: Bozhou→Huainan). The near-identical lengths (208.40km vs 210.80km) further support this — the small delta is consistent with P7646 counting a bit of extra distance for its own tie-in/renovation work at the Fuyang distribution/pigging station (阜阳分输清管站, on this branch) rather than a genuinely different alignment. | STRONG FLAG (per task instructions, not set as duplicate_of): this row and P7646 (文23-安庆天然气管道 Bozhou-Huainan segment) are very likely the same physical corridor traversed in opposite directions — P7646's own project explicitly states it 'relies on'/reuses this 皖西支干线 route rather than building new pipe, and GEM's own StartLocation/EndLocation for the two rows are already mirror images of each other (Huainan→Bozhou here vs. Bozhou→Huainan there). Recommend treating whichever of P7613/P7646 gets routed FIRST (via a routes-repo PR or vector trace) as the geometry source for the other, rather than independently drawing two near-duplicate corridors. Endpoint coordinates and station-level names here are INFERRED from the P7646/parent-project source describing the corridor overlap, not from a source that names P7613's/皖西支干线's own endpoint stations directly by name — no source located gives 皖西支干线's own start/end station names or exact route explicitly (the May-2025 EIA pre-approval notice only announces the report's existence, without repeating route/station details in the announcement text itself). | NOTE: endpoints-only line: confirm both endpoint sources before applying."
P7633,4032,RouteNotes,"CB: route guessed from endpoints — Official PipeChina EIA public-participation notices (1st, 2nd, 3rd rounds, 2025-2026) give the route in GEM's own words verbatim: '管道起自中俄东线大庆联络站，终点为长春—石家庄管道长岭联络站' (pipeline begins at the Daqing liaison station of the China-Russia East Line, ends at the Changling liaison station of the Changchun-Shijiazhuang pipeline). Total length ~196.8-202 km (matches GEM LengthMergedKm=202.00). Route: Heilongji | GEM's own StartLocation/EndLocation for this row are already the exact official station names in Chinese ('中俄东线大庆联络站' / '长春-石家庄管道长岭联络站'), which I confirmed word-for-word against three successive Pi","CB: route guessed from endpoints — Official PipeChina EIA public-participation notices (1st, 2nd, 3rd rounds, 2025-2026) give the route in GEM's own words verbatim: '管道起自中俄东线大庆联络站，终点为长春—石家庄管道长岭联络站' (pipeline begins at the Daqing liaison station of the China-Russia East Line, ends at the Changling liaison station of the Changchun-Shijiazhuang pipeline). Total length ~196.8-202 km (matches GEM LengthMergedKm=202.00). Route: Heilongjiang segment ~88-92.5 km through Zhaozhou County then Zhaoyuan County (both Daqing prefecture); Jilin segment ~108.7-109.5 km entirely within Qian Gorlos Mongol Autonomous County, Songyuan City. Pipe diameter D1219mm, design pressure 12MPa, design capacity 48 bcm/y. 3 station sites (all expansions of existing facilities) and 5 valve rooms along the route. As of the March 2026 3rd public notice the project was still in EIA public-comment phase (proposed), consistent with GEM's 'proposed' status. This is the connector linking the China-Russia East Line network (at Daqing) to the separate Changchun-Shijiazhuang trunk (at Changling) -- i.e. it is NOT part of either trunk's own branch family, but a standalone tie-line between the two systems. | GEM's own StartLocation/EndLocation for this row are already the exact official station names in Chinese ('中俄东线大庆联络站' / '长春-石家庄管道长岭联络站'), which I confirmed word-for-word against three successive PipeChina official public notices (2025-03, 2025-xx 2nd round, 2026-03 3rd round) -- strong, well-corroborated match. None of the three notices publish station-level GPS coordinates, so endpoints are geocoded to city/county-seat level (Daqing city; Changling county seat) rather than the exact liaison-station pads. The route crosses Zhaozhou County first, then Zhaoyuan County, before the Jilin border -- so the true Daqing liaison-station site is more likely within Zhaozhou County than Daqing's urban core; flagged as an approximation."
P7644,4043,RouteNotes,"Page 37 or 45; CB: route guessed from endpoints — 文23-安庆天然气管道项目 (Wen23 gas storage-Anqing gas pipeline project), built/owned by 国家石油天然气管网集团有限公司西气东输分公司 (PipeChina West-East Gas Pipeline Branch). Per PipeChina's own Dec-2024 EIA public-participation notice: the whole project comprises 濮阳-亳州段 (Puyang-Bozhou, ~375.1km, = P7645), 亳州-淮南段 (Bozhou-Huainan, ~210.8km, = P7646), 淮南-安庆段 (Huainan-Anqing, ~265km, = P7647), plus two minor connectors not separat | P7644 is the parent/whole-line row; its route is the concatenation of P7645 (Puyang-Bozhou) + P7646 (Bozhou-Huainan) + P7647 (Huainan-Anqing), plus two minor sub-1.8km connectors PipeChina's notice endpoints-only line: confirm both endpoint sources before applying.","Page 37 or 45; CB: route guessed from endpoints — 文23-安庆天然气管道项目 (Wen23 gas storage-Anqing gas pipeline project), built/owned by 国家石油天然气管网集团有限公司西气东输分公司 (PipeChina West-East Gas Pipeline Branch). Per PipeChina's own Dec-2024 EIA public-participation notice: the whole project comprises 濮阳-亳州段 (Puyang-Bozhou, ~375.1km, = P7645), 亳州-淮南段 (Bozhou-Huainan, ~210.8km, = P7646), 淮南-安庆段 (Huainan-Anqing, ~265km, = P7647), plus two minor connectors not separately tracked as their own GEM rows: 濮阳联络站-鄂安沧管道连接线 (Puyang liaison station-E'anCang pipeline connector, 1.8km, co-trenched with the Wen23-storage-to-Puyang-liaison-station segment) and a 0.3km local reroute of the existing 西二线平泰支干线 at 菏泽分输清管站 (Heze, Shandong) so that line passes through a newly built 菏泽联络压气站. Total NEW pipe = 642.2km (=375.1+265+1.8+0.3; the 210.8km Bozhou-Huainan stretch is explicitly EXCLUDED from the new-build total because it reuses an existing/parallel corridor rather than laying new pipe there — see P7646 notes). The whole line starts at the existing Wen23 underground gas storage (converted from the depleted Wen23 gas field, in 中原油田/Zhongyuan Oilfield territory, Puyang, Henan) and ends at Anqing Liaison Station, Anhui, crossing Henan, Shandong (via the Heze reroute) and Anhui. | P7644 is the parent/whole-line row; its route is the concatenation of P7645 (Puyang-Bozhou) + P7646 (Bozhou-Huainan) + P7647 (Huainan-Anqing), plus two minor sub-1.8km connectors PipeChina's notice lists but that do not appear to have their own GEM rows (a Puyang-liaison-station-to-鄂安沧-pipeline tie-in, and a 0.3km reroute of an unrelated existing line — 西二线平泰支干线 — near Heze, Shandong, to accommodate a new Heze liaison compressor station). Not a duplicate of the segment rows (different granularity — whole line vs. sub-segments), so duplicate_of is left null per instructions. GEM's LengthMergedKm (643.20) is close to but not identical to PipeChina's official total (642.2km, or 852.7km if you sum all three named segments without excluding the reused Bozhou-Huainan stretch) — a ~1km rounding/version difference, not flagged as material. Sheet's StartProvince/EndProvince (Henan/Anhui) match the source. | NOTE: endpoints-only line: confirm both endpoint sources before applying."
P7645,4044,RouteNotes,"Page 37 or 45; CB: route guessed from endpoints; source is explicit the segment ends in Bozhou, Anhui — GEM's EndProvince ""Henan"" flagged for correction — 濮阳-亳州段 of the 文23-安庆天然气管道项目. Per PipeChina's Dec-2024 EIA public-participation notice: '起于河南省濮阳市已建的文23储气库，止于安徽省亳州市的亳州南联络压气站，线路途经3省4市13区县，线路全长约375.1km，设计压力10MPa' (starts at the existing Wen23 gas storage in Puyang, Henan; ends at Bozhou South Liaison Compressor Station in Bozhou, Anhui; crosses 3 provinces/4 prefecture cities/13 counties-districts; ~375.1km; 10MPa design pressure). Sub-split: 文23储气 | IMPORTANT SHEET FLAG: GEM's EndProvince for this row is 'Henan', but the source is explicit that the segment terminates in 安徽省亳州市 (Bozhou City, ANHUI province), not Henan — Bozhou is an Anhui prefe endpoints-only line: confirm both endpoint sources before applying.","Page 37 or 45; CB: route guessed from endpoints; source is explicit the segment ends in Bozhou, Anhui — GEM's EndProvince ""Henan"" flagged for correction — 濮阳-亳州段 of the 文23-安庆天然气管道项目. Per PipeChina's Dec-2024 EIA public-participation notice: '起于河南省濮阳市已建的文23储气库，止于安徽省亳州市的亳州南联络压气站，线路途经3省4市13区县，线路全长约375.1km，设计压力10MPa' (starts at the existing Wen23 gas storage in Puyang, Henan; ends at Bozhou South Liaison Compressor Station in Bozhou, Anhui; crosses 3 provinces/4 prefecture cities/13 counties-districts; ~375.1km; 10MPa design pressure). Sub-split: 文23储气库-濮阳联络站 is 1.8km at DN1016mm; 濮阳联络站-亳州南联络压气站 is 373.3km at DN1219mm. 6 stations and 13 valve chambers along this segment. The '3 provinces' crossed (vs. Henan-only start/end) implies the corridor briefly transits Shandong, matching the project's separate Heze (Shandong) reroute note in the same document (see P7644 corridor_notes). | IMPORTANT SHEET FLAG: GEM's EndProvince for this row is 'Henan', but the source is explicit that the segment terminates in 安徽省亳州市 (Bozhou City, ANHUI province), not Henan — Bozhou is an Anhui prefecture-level city. Recommend a data-quality follow-up to correct EndProvince to Anhui (out of scope for this route-creation research; flagging only, not editing the sheet). This segment concatenates with P7646 (Bozhou-Huainan) and P7647 (Huainan-Anqing) to form the parent P7644. | NOTE: endpoints-only line: confirm both endpoint sources before applying."
P7646,4045,RouteNotes,"Page 37 or 45; CB: route guessed from endpoints; per PipeChina EIA this 210.8 km stretch reuses the parallel 川气东送二线 皖西支干线 corridor rather than new pipe — likely shared-corridor pair with P7613 — 亳州-淮南段 of the 文23-安庆天然气管道项目, ~210.8km, DN1016mm. Per PipeChina's Dec-2024 EIA notice, this segment does NOT get its own new pipe: '路由与川气东送二线天然气管道工程皖西支干线（预计2026年建成投产）高度重合，为避免重复建设，考虑此段路由依托皖西支干线。本项目对皖西支干线的阜阳分输清管站进行改扩建' (the route is highly coincident with the 皖西支干线/Anhui West branch of the separate 川气东送二线 project, expected online 2026; to avoid duplicate construction, this segment relies on/reuses th | Matches the existing GEM ResearcherNotes on this row almost verbatim (both trace to the same PipeChina EIA notice), so treat this as strong corroboration of an already-correct note rather than a ne endpoints-only line: confirm both endpoint sources before applying.","Page 37 or 45; CB: route guessed from endpoints; per PipeChina EIA this 210.8 km stretch reuses the parallel 川气东送二线 皖西支干线 corridor rather than new pipe — likely shared-corridor pair with P7613 — 亳州-淮南段 of the 文23-安庆天然气管道项目, ~210.8km, DN1016mm. Per PipeChina's Dec-2024 EIA notice, this segment does NOT get its own new pipe: '路由与川气东送二线天然气管道工程皖西支干线（预计2026年建成投产）高度重合，为避免重复建设，考虑此段路由依托皖西支干线。本项目对皖西支干线的阜阳分输清管站进行改扩建' (the route is highly coincident with the 皖西支干线/Anhui West branch of the separate 川气东送二线 project, expected online 2026; to avoid duplicate construction, this segment relies on/reuses the Anhui West branch's corridor; this project's own scope here is limited to renovating/expanding the Fuyang Distribution & Pigging Station — 阜阳分输清管站 — on that branch line). This is confirmed by two other PipeChina EIA notices for 川气东送二线天然气管道工程鄂豫赣皖浙闽段项目: the Oct-2024 notice for the main trunk + several liaison lines (not this branch), and a May-2025 pre-approval notice specifically for '(皖西支干线、皖赣支干线)' (Anhui-West branch + Anhui-Jiangxi branch) confirming 皖西支干线 as a real, separately-EIA'd PipeChina project crossing Hubei/Henan/Anhui/Zhejiang/Fujian as part of the broader 川气东送二线 corridor. GEM's own P7613 ('Huainan-Bozhou Branch Line', 川气东送二线, 208.4km, Anhui-Anhui) is almost certainly this same 皖西支干线, run in the reverse direction (Huainan→Bozhou vs. this row's Bozhou→Huainan) — see duplicate/flag note below. Neither the exact route of 皖西支干线 nor the Fuyang station's precise coordinates were locatable in available sources; 阜阳市 (Fuyang, Anhui) sits roughly midway on the Bozhou-Huainan line and is the most likely intermediate waypoint. | Matches the existing GEM ResearcherNotes on this row almost verbatim (both trace to the same PipeChina EIA notice), so treat this as strong corroboration of an already-correct note rather than a new finding. FLAG (not set as duplicate_of, per instructions): this segment's route is explicitly stated to physically reuse the 川气东送二线 皖西支干线 corridor rather than laying new pipe — i.e., for GIS/route-drawing purposes, P7646's candidate geometry should likely BE (or very closely follow) P7613's geometry once that is drawn/sourced, just traversed in the opposite direction. Recommend the human reviewer check whether P7613 already has (or will get) a routes-repo geometry before independently drawing P7646, to avoid two near-identical but not-quite-matching traces for what is functionally one physical corridor. Endpoints given here are the same city-level approximations as P7645 (Bozhou) and P7647 (Huainan) start, for consistency across the three child segments. | NOTE: endpoints-only line: confirm both endpoint sources before applying."
P7647,4046,RouteNotes,"Page 37 or 45; CB: route guessed from endpoints — 淮南-安庆段 of the 文23-安庆天然气管道项目, per PipeChina's Dec-2024 EIA notice: '起于安徽省淮南市的淮南联络压气站，止于安徽省安庆市的安庆联络站，线路途经1省4市7区县，全长约265km，设计压力10MPa，管径1016mm' (starts at Huainan Liaison Compressor Station, Huainan; ends at Anqing Liaison Station, Anqing; crosses 1 province/4 prefecture cities/7 counties-districts; ~265km; 10MPa; DN1016mm; 3 stations + 11 valve chambers). An independent, more granular county-level so | Best-sourced of the three child segments — two independent sources (PipeChina's own EIA notice and a Shucheng County, Lu'an government notice) agree on both endpoint names and corroborate the route endpoints-only line: confirm both endpoint sources before applying.","Page 37 or 45; CB: route guessed from endpoints — 淮南-安庆段 of the 文23-安庆天然气管道项目, per PipeChina's Dec-2024 EIA notice: '起于安徽省淮南市的淮南联络压气站，止于安徽省安庆市的安庆联络站，线路途经1省4市7区县，全长约265km，设计压力10MPa，管径1016mm' (starts at Huainan Liaison Compressor Station, Huainan; ends at Anqing Liaison Station, Anqing; crosses 1 province/4 prefecture cities/7 counties-districts; ~265km; 10MPa; DN1016mm; 3 stations + 11 valve chambers). An independent, more granular county-level source (Shucheng County government notice, Lu'an/六安, Anhui) corroborates and adds detail: within Shucheng County alone the line runs 48.8km through six townships — 柏林乡, 棠树乡, 干汊河镇, 春秋乡, 南港镇, 舒茶镇 (Bailin, Tangshu, Ganchahe, Chunqiu, Nangang, Shucha) — with 2 valve chambers there, pipe diameter D1219mm (note: differs from PipeChina's 1016mm figure for the segment overall — likely a later/updated design-stage change, not two different pipelines; both sources independently confirm the same start '文23储气库注采站/文23注采站' and end '安庆联络站' naming), and a design annual capacity of 30 bcm/y. Shucheng County sits on the Huainan-Anqing corridor via Lu'an (六安) prefecture, one of the '4 市' crossed. | Best-sourced of the three child segments — two independent sources (PipeChina's own EIA notice and a Shucheng County, Lu'an government notice) agree on both endpoint names and corroborate the route passing through Lu'an prefecture (Shucheng County specifically, with township-level detail), satisfying the 2+ independent source bar for the route claim itself (endpoint names, not full coordinates). Concatenates with P7645+P7646 (via P7646's end = this row's start = 淮南联络压气站) to form parent P7644. | NOTE: endpoints-only line: confirm both endpoint sources before applying."
P7668,4067,RouteNotes,"CB: route guessed from endpoints — Guangxi DRC approval 桂发改油气〔2024〕525号 (dated 2024-07-15, published 2024-07-26; project code 2309-450000-04-01-929950; owner: 国家石油天然气管网集团有限公司广西分公司 / PipeChina Guangxi Branch) for '南宁-凭祥支线（崇左-凭祥段）天然气管道项目' states verbatim: '管道项目起点位于崇左输气站（扩建），沿线途经崇左市江州区、宁明县、龙州县、凭祥市，止于凭祥末站。管道全长约100公里' — i.e. starts at Chongzuo Gas Transmission Station (an expansion of an existing station), runs through Jiangzhou Distric | GEM's null Start/EndLocation resolved with high confidence: the official Guangxi DRC project-approval document (archived, verified) names both endpoint stations explicitly and its stated county seq","CB: route guessed from endpoints — Guangxi DRC approval 桂发改油气〔2024〕525号 (dated 2024-07-15, published 2024-07-26; project code 2309-450000-04-01-929950; owner: 国家石油天然气管网集团有限公司广西分公司 / PipeChina Guangxi Branch) for '南宁-凭祥支线（崇左-凭祥段）天然气管道项目' states verbatim: '管道项目起点位于崇左输气站（扩建），沿线途经崇左市江州区、宁明县、龙州县、凭祥市，止于凭祥末站。管道全长约100公里' — i.e. starts at Chongzuo Gas Transmission Station (an expansion of an existing station), runs through Jiangzhou District, Ningming County, and Longzhou County, and ends at Pingxiang Terminal Station in Pingxiang City. Length ~100 km matches GEM's 100.10 km almost exactly; D406.4mm pipe, 6.3 MPa design pressure, 5.03×10^8 m3/yr design capacity, 3 stations (2 new + 1 expansion), total investment 514.59 million yuan. This 崇左-凭祥段 (Chongzuo-Pingxiang segment) is the western portion of the broader 南宁-凭祥支线 (Nanning-Pingxiang branch); a separate, already-commissioned eastern portion (南宁-崇左段, Nanning-Chongzuo section) went into trial operation 2025-06-03 per multiple June-2025 news reports (toutiao/sohu/qq/xinhuanet) — those articles describe a different segment and are NOT used as endpoint refs here, only as broader corridor context. fgw.gxzf.gov.cn itself is geo-blocked (ConnectTimeout on direct fetch and via url_verifier); cited via the archive.org snapshot per project convention. | GEM's null Start/EndLocation resolved with high confidence: the official Guangxi DRC project-approval document (archived, verified) names both endpoint stations explicitly and its stated county sequence (Jiangzhou→Ningming→Longzhou→Pingxiang) and length (~100 km) match SegmentName ('Chongzuo-Pingxiang segment') and GEM's LengthMergedKm (100.10) closely. A second platform (qianlima.com) republishes the same underlying approval (same approval number 桂发改油气〔2024〕525号) — not a fully independent source, but corroborates the project exists and the length. Status='proposed' in GEM is consistent with the 2024-07 approval date and no commissioning news found for this specific segment (as opposed to the already-commissioned Nanning-Chongzuo segment to its east)."
P7713,4112,RouteNotes,"蒙西煤制天然气外输管道项目变更环境影响报告书; CB: route guessed from endpoints — Mengxi coal-gasification pipeline (蒙西管道) phase 1 (一期): project broke ground 2021-04-13 and was commissioned 2023-06-29. PipeChina's own commissioning notice (pipechina.com.cn) and Huanqiu/163.com groundbreaking coverage both state the phase-1 route runs from '天津LNG临港分输站' (Tianjin LNG Lingang Distribution Station) to '保定定兴分输站' (Baoding Dingxing Distribution Station), 413.5 km, DN1016/914mm, design  | Two data-quality issues to flag, per task instructions: (1) GEM's EndProvince is spelled 'Heibei' — should be 'Hebei' (Dingxing County is in Baoding, Hebei province; sheet defect, not corrected her","蒙西煤制天然气外输管道项目变更环境影响报告书; CB: route guessed from endpoints — Mengxi coal-gasification pipeline (蒙西管道) phase 1 (一期): project broke ground 2021-04-13 and was commissioned 2023-06-29. PipeChina's own commissioning notice (pipechina.com.cn) and Huanqiu/163.com groundbreaking coverage both state the phase-1 route runs from '天津LNG临港分输站' (Tianjin LNG Lingang Distribution Station) to '保定定兴分输站' (Baoding Dingxing Distribution Station), 413.5 km, DN1016/914mm, design capacity 6.6 billion m3/yr, 8 new + 1 modified station, 19 valve chambers — matching GEM's SegmentName ('First phase (Tianjin-Dingxing)') and LengthMergedKm (413.50, exact). Described as China's first gas artery running directly into Xiong'an New Area, integrating Tianjin LNG, Shanxi coalbed methane, and Inner Mongolia coal-to-gas supply. The overall Mengxi pipeline system (of which this is phase 1) is 1,279 km end-to-end across Inner Mongolia/Shanxi/Hebei/Tianjin (Baidu Baike); GEM's zh_segment field '干线（杭锦旗-黄骅）' (trunk: Hangjinqi-Huanghua) appears to describe a different, non-phase-1 portion of that larger system and does not match this PID's actual sourced route (Tianjin-Dingxing) — flagged below, not corrected. | Two data-quality issues to flag, per task instructions: (1) GEM's EndProvince is spelled 'Heibei' — should be 'Hebei' (Dingxing County is in Baoding, Hebei province; sheet defect, not corrected here). (2) GEM's zh_segment '干线（杭锦旗-黄骅）' (Hangjinqi-Huanghua trunk) does not match the sourced Tianjin-Dingxing route for this specific 'First phase' PID — every source found (PipeChina's own commissioning announcement, Huanqiu, 163.com, Toutiao, QQ News) is unanimous that phase 1 runs Tianjin LNG Lingang→Baoding Dingxing, 413.5 km, so the SegmentName/StartLocation/EndLocation/Length fields are treated as authoritative and zh_segment as likely mislabeled/referring to a different phase of the broader 1,279 km Mengxi system; a human should confirm whether zh_segment needs correction. Endpoints corroborated by 4 independent outlets citing PipeChina's own announcement, well above the 2-source bar."
P7720,4119,RouteNotes,"CB: route guessed from endpoints — Official project: 中俄东线聊城支线 (China-Russia East Line Liaocheng branch). Route confirmed by a June 2025 news report on the site-selection public notice: begins at the Dezhou liaison station in Baizhuang Village, Wucheng County (Dezhou), ends at the Guguantun terminal station, Dongchangfu District (Liaocheng) -- total length ~142 km (matches GEM LengthMergedKm=143.50). Crosses, in order: Wucheng Count | GEM's existing StartLocation 'Baizhuang Village' / EndLocation 'Dongchangfu' are corroborated exactly by this independent qq.com report, which additionally supplies the county-by-county route (Wuch","CB: route guessed from endpoints — Official project: 中俄东线聊城支线 (China-Russia East Line Liaocheng branch). Route confirmed by a June 2025 news report on the site-selection public notice: begins at the Dezhou liaison station in Baizhuang Village, Wucheng County (Dezhou), ends at the Guguantun terminal station, Dongchangfu District (Liaocheng) -- total length ~142 km (matches GEM LengthMergedKm=143.50). Crosses, in order: Wucheng County -> Xiajin County (both Dezhou) -> Linqing City -> Chaiping District -> Dongchangfu District (all Liaocheng). Infrastructure includes pipeline, valve chambers, distribution stations and the terminal station. As of the May 2025 notice the project was in 'site-selection pre-approval public notice' phase, consistent with GEM's 'proposed' status. Multiple further procedural notices (Shandong provincial cultural-heritage clearance, land-conservation expert review, feasibility-study tender) corroborate the project is actively moving through China's project-approval pipeline as of 2025. | GEM's existing StartLocation 'Baizhuang Village' / EndLocation 'Dongchangfu' are corroborated exactly by this independent qq.com report, which additionally supplies the county-by-county route (Wucheng -> Xiajin -> Linqing -> Chaiping -> Dongchangfu) and the precise station names (Dezhou liaison station / Guguantun terminal station) that GEM's row doesn't carry. The row's existing toutiao.com ref (Q3 2025 note) could not be read -- toutiao's app-only rendering returns empty content to both url_verifier's extractor and WebFetch -- so it is NOT included in the output refs; the qq.com source is an equally strong (likely syndicated-from-the-same-wire) independent substitute that passed url_verifier cleanly."
