tab,column,cell,sheet_row,ProjectID,before,after
Pipeline operators/owners,Researcher,G145,145,P0155,,CB
Pipeline operators/owners,LastUpdated,H145,145,P0155,,46297
Pipeline operators/owners,Owner [ref],U145,145,P0155,,https://www.eia.gov/naturalgas/pipelines/EIA-NaturalGasPipelineProjects_Jan2021.xlsx
Pipeline operators/owners,Researcher,G162,162,P0172,,CB
Pipeline operators/owners,LastUpdated,H162,162,P0172,,46297
Pipeline operators/owners,Operator [ref],Q162,162,P0172,,https://www.tcenergy.com/operations/natural-gas/crossroads-pipeline/
Pipeline operators/owners,Operator,R162,162,P0172,,TC Energy
Pipeline operators/owners,Owner [ref],U162,162,P0172,,"https://www.tcenergy.com/operations/natural-gas/crossroads-pipeline/, https://www.sec.gov/Archives/edgar/data/1111711/000111171115000008/ni-20141231xex21.htm"
Pipeline operators/owners,Researcher,G169,169,P0179,,CB
Pipeline operators/owners,LastUpdated,H169,169,P0179,,46297
Pipeline operators/owners,Operator [ref],Q169,169,P0179,,"https://naturalgasintel.com/news/east-tennessee-transco-natural-gas-pipes-approved-by-ferc/, https://rextag.com/pages/east-tennessee-natural-gas"
Pipeline operators/owners,Owner [ref],U169,169,P0179,,"https://naturalgasintel.com/news/east-tennessee-transco-natural-gas-pipes-approved-by-ferc/, https://rextag.com/pages/east-tennessee-natural-gas"
Pipeline operators/owners,Researcher,G170,170,P0180,,CB
Pipeline operators/owners,LastUpdated,H170,170,P0180,,46297
Pipeline operators/owners,Owner [ref],U170,170,P0180,,"https://www.sec.gov/Archives/edgar/data/1012569/000119312510039066/d10k.htm, http://web.archive.org/web/20170606033904/http://energytransfer.com/ops_intrastate.aspx"
Pipeline operators/owners,Researcher,G172,172,P0184,,CB
Pipeline operators/owners,LastUpdated,H172,172,P0184,,46297
Pipeline operators/owners,Owner [ref],U172,172,P0184,,"https://www.kindermorgan.com/Operations/Natural-Gas/Index, https://en.wikipedia.org/wiki/El_Paso_Natural_Gas"
Pipeline operators/owners,Researcher,G180,180,P0192,,CB
Pipeline operators/owners,LastUpdated,H180,180,P0192,,46297
Pipeline operators/owners,Operator [ref],Q180,180,P0192,,"https://web.archive.org/web/20081011120659/http://www.offshore-gt.com/gbanks/index.htm, https://infopost.enbridge.com/infopost/GBHome.asp?Pipe=GB"
Pipeline operators/owners,Operator,R180,180,P0192,,Enbridge
Pipeline operators/owners,Owner [ref],U180,180,P0192,,"https://en.wikipedia.org/wiki/Garden_Banks_Pipeline, https://web.archive.org/web/20081011120659/http://www.offshore-gt.com/gbanks/index.htm"
Pipeline operators/owners,Researcher,G186,186,P0198,,CB
Pipeline operators/owners,LastUpdated,H186,186,P0198,,46297
Pipeline operators/owners,Operator [ref],Q186,186,P0198,,https://www.sec.gov/Archives/edgar/data/1262943/000119312506238043/d424b4.htm
Pipeline operators/owners,Operator,R186,186,P0198,,Gulf South Pipeline Company LP
Pipeline operators/owners,Owner [ref],U186,186,P0198,,https://www.sec.gov/Archives/edgar/data/1262943/000119312506238043/d424b4.htm
Pipeline operators/owners,Researcher,G195,195,P0208,,CB
Pipeline operators/owners,LastUpdated,H195,195,P0208,,46297
Pipeline operators/owners,Operator [ref],Q195,195,P0208,,"https://www.annualreports.com/HostedData/AnnualReportArchive/t/NYSE_TEGP_2016.pdf, https://etariff.ferc.gov/TariffSectionDetails.aspx?sid=189094"
Pipeline operators/owners,Operator,R195,195,P0208,,"Tallgrass Interstate Gas Transmission, LLC"
Pipeline operators/owners,Owner [ref],U195,195,P0208,,"https://www.annualreports.com/HostedData/AnnualReportArchive/t/NYSE_TEGP_2016.pdf, https://www.tallgrass.com/energy-solutions/natural-gas"
Pipeline operators/owners,Researcher,G204,204,P0217,,CB
Pipeline operators/owners,LastUpdated,H204,204,P0217,,46297
Pipeline operators/owners,Operator [ref],Q204,204,P0217,,"https://rextag.com/pages/mississippi-canyon-gas-pipeline, https://www.govinfo.gov/content/pkg/FR-1998-09-10/pdf/98-24217.pdf"
Pipeline operators/owners,Operator,R204,204,P0217,,"Mississippi Canyon Gas Pipeline, LLC"
Pipeline operators/owners,Owner [ref],U204,204,P0217,,"https://www.enbridge.com/~/media/Enb/Documents/Factsheets/FS_EnergyInfrastructureAssets.pdf?la=en, https://rextag.com/pages/mississippi-canyon-gas-pipeline"
Pipeline operators/owners,Researcher,G207,207,P0221,,CB
Pipeline operators/owners,LastUpdated,H207,207,P0221,,46297
Pipeline operators/owners,Operator [ref],Q207,207,P0221,,"https://www.wvgazettemail.com/news/mountaineer-xpress-pipeline-agrees-to-environmental-penalties/article_cc10c397-f245-51f9-b292-fa4f2d969914.html, https://www.ferc.gov/sites/default/files/2020-08/CP16-357.pdf"
Pipeline operators/owners,Owner [ref],U207,207,P0221,,"https://www.offshore-technology.com/marketdata/mountaineer-xpress-gas-pipeline-the-us/, https://pgjonline.com/news/2020/07-july/us-natural-gas-output-rises-after-mountaineer-express-pipeline-returns"
Pipeline operators/owners,Researcher,G212,212,P0226,,CB
Pipeline operators/owners,LastUpdated,H212,212,P0226,,46297
Pipeline operators/owners,Operator [ref],Q212,212,P0226,,"https://cms.ferc.gov/sites/default/files/2020-09/cp20-27-000_EA_final_0.pdf, https://www.tcenergy.com/operations/natural-gas/north-baja-pipeline-system/"
Pipeline operators/owners,Operator,R212,212,P0226,,"North Baja Pipeline, LLC"
Pipeline operators/owners,Owner [ref],U212,212,P0226,,"https://www.govinfo.gov/content/pkg/FR-2000-11-15/pdf/00-29206.pdf, https://www.tcplus.com/North%20Baja"
Pipeline operators/owners,Researcher,G214,214,P0231,,CB
Pipeline operators/owners,LastUpdated,H214,214,P0231,,46297
Pipeline operators/owners,Operator [ref],Q214,214,P0231,,"https://aglaw.psu.edu, https://www.sec.gov/Archives/edgar/data/1075607/000104746919000591/a2237734zex-21_1.htm, https://www.tcenergy.com/operations/natural-gas/gas-transmission-northwest/"
Pipeline operators/owners,Operator,R214,214,P0231,,Gas Transmission Northwest LLC
Pipeline operators/owners,Owner [ref],U214,214,P0231,,"https://aglaw.psu.edu, https://www.sec.gov/Archives/edgar/data/1075607/000104746919000591/a2237734zex-21_1.htm, https://www.tcenergy.com/operations/natural-gas/gas-transmission-northwest/"
Pipeline operators/owners,Researcher,G216,216,P0233,,CB
Pipeline operators/owners,LastUpdated,H216,216,P0233,,46297
Pipeline operators/owners,Operator [ref],Q216,216,P0233,,"https://web.archive.org/web/20101226180022/http://www.iroquois.com/documents/Iroquois_NYMarcOS_PR.pdf, https://web.archive.org/web/20101226164232/http://www.iroquois.com/project/documents/NYMarcBrochure05-13-10.pdf"
Pipeline operators/owners,Operator,R216,216,P0233,,"Iroquois Gas Transmission System, L.P."
Pipeline operators/owners,Owner [ref],U216,216,P0233,,"https://www.sec.gov/Archives/edgar/data/1075607/000110465917049352/a17-13276_1ex10d6.htm, https://web.archive.org/web/20101226180022/http://www.iroquois.com/documents/Iroquois_NYMarcOS_PR.pdf, https://www.iroquois.com/company/ownership/"
Pipeline operators/owners,Researcher,G218,218,P0235,,CB
Pipeline operators/owners,LastUpdated,H218,218,P0235,,46297
Pipeline operators/owners,Operator [ref],Q218,218,P0235,,"https://www.eia.gov/naturalgas/pipelines/EIA-NaturalGasPipelineProjectsAug2026.xlsx, https://www.enbridge.com/~/media/Enb/Documents/Factsheets/FS_EnergyInfrastructureAssets.pdf?la=en"
Pipeline operators/owners,Owner [ref],U218,218,P0235,,"https://www.enbridge.com/~/media/Enb/Documents/Factsheets/FS_EnergyInfrastructureAssets.pdf?la=en, https://www.eia.gov/naturalgas/pipelines/EIA-NaturalGasPipelineProjectsAug2026.xlsx"
Pipeline operators/owners,Researcher,G222,222,P0239,,CB
Pipeline operators/owners,LastUpdated,H222,222,P0239,,46297
Pipeline operators/owners,Operator [ref],Q222,222,P0239,,"https://en.wikipedia.org/wiki/Panhandle_Eastern, https://www.sec.gov/Archives/edgar/data/76063/000007606322000010/pepl-20211231.htm"
Pipeline operators/owners,Operator,R222,222,P0239,,"Panhandle Eastern Pipe Line Company, LP"
Pipeline operators/owners,Owner [ref],U222,222,P0239,,"https://www.sec.gov/Archives/edgar/data/76063/000007606322000010/pepl-20211231.htm, https://en.wikipedia.org/wiki/Panhandle_Eastern"
Pipeline operators/owners,Owner1%,W222,222,P0239,,1
Pipeline operators/owners,Owner2%,Y222,222,P0239,,99
Pipeline operators/owners,Researcher,G232,232,P0250,,CB
Pipeline operators/owners,LastUpdated,H232,232,P0250,,46297
Pipeline operators/owners,Owner [ref],U232,232,P0250,,"https://primis.phmsa.dot.gov/enforcement-documents/42022036NOPV/42022036NOPV_Closure%20Letter_03222024_(21-219815).pdf, https://rextag.com/pages/sabine-pipe-line"
Pipeline operators/owners,Researcher,G233,233,P0251,,CB
Pipeline operators/owners,LastUpdated,H233,233,P0251,,46297
Pipeline operators/owners,Operator [ref],Q233,233,P0251,,"https://www.sec.gov/Archives/edgar/data/76063/000007606321000008/pepl-20201231.htm, https://www.pipelinesafetyinfo.com/user/file/Louisiana%20(PAL)/Sea%20Robin%20Pipeline%20Company.pdf"
Pipeline operators/owners,Owner [ref],U233,233,P0251,,"https://www.sec.gov/Archives/edgar/data/76063/000007606321000008/pepl-20201231.htm, https://www.ogj.com/general-interest/article/17248207/cms-energy-sells-wholesale-trading-gas-pipeline-units"
Pipeline operators/owners,Researcher,G238,238,P0256,,CB
Pipeline operators/owners,LastUpdated,H238,238,P0256,,46297
Pipeline operators/owners,Operator [ref],Q238,238,P0256,,"https://www.govinfo.gov/content/pkg/FR-2020-10-07/pdf/2020-22165.pdf, https://www.troutmanenergyreport.com/2025/01/d-c-circuit-upholds-ferc-order-requiring-stingray-to-restore-service-before-abandoning-damaged-pipeline/"
Pipeline operators/owners,Operator,R238,238,P0256,,"Stingray Pipeline Company, L.L.C."
Pipeline operators/owners,Owner [ref],U238,238,P0256,,"https://www.pipelinesafetyinfo.com/user/file/Louisiana%20(PAL)/Stingray%20Pipeline.pdf, https://www.govinfo.gov/content/pkg/FR-2020-10-07/pdf/2020-22165.pdf"
Pipeline operators/owners,Researcher,G240,240,P0258,,CB
Pipeline operators/owners,LastUpdated,H240,240,P0258,,46297
Pipeline operators/owners,Owner [ref],U240,240,P0258,,"https://www.kindermorgan.com/Operations/Natural-Gas/Index, https://www.ogj.com/general-interest/companies/article/17262258/kinder-morgan-energy-partners-buying-tejas-gas-for-750-million"
Pipeline operators/owners,Researcher,G242,242,P0260,,CB
Pipeline operators/owners,LastUpdated,H242,242,P0260,,46297
Pipeline operators/owners,Operator [ref],Q242,242,P0260,,https://www.eia.gov/naturalgas/pipelines/EIA-NaturalGasPipelineProjectsAug2026.xlsx
Pipeline operators/owners,Owner [ref],U242,242,P0260,,https://www.enbridge.com/~/media/Enb/Documents/Factsheets/FS_EnergyInfrastructureAssets.pdf?la=en
Pipeline operators/owners,Researcher,G243,243,P0261,,CB
Pipeline operators/owners,LastUpdated,H243,243,P0261,,46297
Pipeline operators/owners,Operator [ref],Q243,243,P0261,,https://www.eia.gov/naturalgas/pipelines/EIA-NaturalGasPipelineProjects_May2018.xlsx
Pipeline operators/owners,Operator,R243,243,P0261,,Texas Eastern Transmission
Pipeline operators/owners,Owner [ref],U243,243,P0261,,"https://www.eia.gov/naturalgas/pipelines/EIA-NaturalGasPipelineProjects_May2018.xlsx, https://www.enbridge.com/projects-and-infrastructure/projects/texas-eastern-appalachian-lease-project"
Pipeline operators/owners,Researcher,G244,244,P0262,,CB
Pipeline operators/owners,LastUpdated,H244,244,P0262,,46297
Pipeline operators/owners,Operator [ref],Q244,244,P0262,,https://infopost.enbridge.com/infopost/TEHome.asp?Pipe=TE
Pipeline operators/owners,Owner [ref],U244,244,P0262,,https://www.enbridge.com/~/media/Enb/Documents/Factsheets/FS_EnergyInfrastructureAssets.pdf
Pipeline operators/owners,Researcher,G245,245,P0263,,CB
Pipeline operators/owners,LastUpdated,H245,245,P0263,,46297
Pipeline operators/owners,Operator [ref],Q245,245,P0263,,"https://bwpipelines.com/subsidiaries/texas-gas-transmission/home, https://www.sec.gov/Archives/edgar/data/97452/000009745205000003/tg10k123104.pdf"
Pipeline operators/owners,Operator,R245,245,P0263,,Boardwalk Pipeline Partners
Pipeline operators/owners,Owner [ref],U245,245,P0263,,"https://en.wikipedia.org/wiki/Boardwalk_Pipeline_Partners, https://bwpipelines.com/subsidiaries/texas-gas-transmission/home"
Pipeline operators/owners,Researcher,G247,247,P0265,,CB
Pipeline operators/owners,LastUpdated,H247,247,P0265,,46297
Pipeline operators/owners,Operator [ref],Q247,247,P0265,,"https://www.sec.gov/Archives/edgar/data/1012569/000119312511049474/d10k.htm, https://www.naturalgasintel.com/energy-transfer-tiger-pipeline-gets-environmental-nod/"
Pipeline operators/owners,Owner [ref],U247,247,P0265,,"https://www.naturalgasintel.com/energy-transfer-tiger-pipeline-gets-environmental-nod/, https://www.sec.gov/Archives/edgar/data/1012569/000119312511049474/d10k.htm"
Pipeline operators/owners,Researcher,G251,251,P0269,,CB
Pipeline operators/owners,LastUpdated,H251,251,P0269,,46297
Pipeline operators/owners,Operator [ref],Q251,251,P0269,,https://www.ferc.gov/sites/default/files/CalendarFiles/20190221194809-CP15-550-000a.pdf
Pipeline operators/owners,Operator,R251,251,P0269,,TransCameron Pipeline LLC
Pipeline operators/owners,Owner [ref],U251,251,P0269,,"http://web.archive.org/web/20220808071105/https://www.transmissionhub.com/articles/2016/06/transcameron-drops-one-of-two-pipeline-laterals-to-serve-louisiana-lng-project.html, https://www.ferc.gov/sites/default/files/CalendarFiles/20190221194809-CP15-550-000a.pdf"
Pipeline operators/owners,Researcher,G252,252,P0270,,CB
Pipeline operators/owners,LastUpdated,H252,252,P0270,,46297
Pipeline operators/owners,Operator [ref],Q252,252,P0270,,"https://kindermorgan.com/Operations/Natural-Gas/Index, https://www.govinfo.gov/content/pkg/FR-1998-04-24/html/98-11007.htm"
Pipeline operators/owners,Operator,R252,252,P0270,,Kinder Morgan
Pipeline operators/owners,Owner [ref],U252,252,P0270,,"https://www.sec.gov/Archives/edgar/data/0001506307/000150630713000015/kmi-20121231x10k.htm, https://kindermorgan.com/Operations/Natural-Gas/Index"
Pipeline operators/owners,Researcher,G256,256,P0274,,CB
Pipeline operators/owners,LastUpdated,H256,256,P0274,,46297
Pipeline operators/owners,Operator [ref],Q256,256,P0274,,https://tgcmessenger.energytransfer.com/ipost/TGC/maps/system-map
Pipeline operators/owners,Operator,R256,256,P0274,,Energy Transfer
Pipeline operators/owners,Researcher,G257,257,P0275,,CB
Pipeline operators/owners,LastUpdated,H257,257,P0275,,46297
Pipeline operators/owners,Operator [ref],Q257,257,P0275,,"http://tcplus.com/Tuscarora, https://en.wikipedia.org/wiki/Tuscarora_Gas_Pipeline, https://www.tcenergy.com/siteassets/pdfs/natural-gas/tuscarora-xpress/tc-tuscarora-xpress-fact-sheet-june-2020.pdf"
Pipeline operators/owners,Operator,R257,257,P0275,,Tuscarora Gas Transmission Company
Pipeline operators/owners,Owner [ref],U257,257,P0275,,"https://en.wikipedia.org/wiki/Tuscarora_Gas_Pipeline, http://tcplus.com/Tuscarora"
Pipeline operators/owners,Researcher,G258,258,P0276,,CB
Pipeline operators/owners,LastUpdated,H258,258,P0276,,46297
Pipeline operators/owners,Owner [ref],U258,258,P0276,,"http://web.archive.org/web/20171222052250/http://www.brownsvilleherald.com/business/valley-crossing-project-will-deliver-natural-gas-to-mexico/article_3cea5d74-e40c-11e7-9177-e7b012470f9f.html, https://www.ogj.com/pipelines-transportation/pipelines/article/14223939/texas-lng-enbridge-to-expand-valley-crossing-pipeline"
Pipeline operators/owners,Researcher,G261,261,P0279,,CB
Pipeline operators/owners,LastUpdated,H261,261,P0279,,46297
Pipeline operators/owners,Operator [ref],Q261,261,P0279,,"https://www.ferc.gov/sites/default/files/2020-08/CP16-38.pdf, https://www.offshore-technology.com/projects/wb-xpress-project-virginia/"
Pipeline operators/owners,Operator,R261,261,P0279,,Columbia Gas Transmission
Pipeline operators/owners,Owner [ref],U261,261,P0279,,"https://www.tcenergy.com/announcements/2018/wb-xpress-projects-western-build-placed-into-service/, https://www.naturalgasintel.com/news/columbias-13-bcfd-wb-xpress-enters-full-service/"
Pipeline operators/owners,Researcher,G264,264,P0282,,CB
Pipeline operators/owners,LastUpdated,H264,264,P0282,,46297
Pipeline operators/owners,Operator [ref],Q264,264,P0282,,"https://pipeline2.kindermorgan.com/Documents/WIC/WIC_CI_Cpny_Overview.pdf, https://www.govinfo.gov/content/pkg/FR-2023-02-28/pdf/2023-04066.pdf"
Pipeline operators/owners,Operator,R264,264,P0282,,"Colorado Interstate Gas Company, L.L.C."
Pipeline operators/owners,Owner [ref],U264,264,P0282,,"https://pipeline2.kindermorgan.com/Documents/WIC/WIC_CI_Cpny_Overview.pdf, https://rextag.com/pages/wyoming-interstate"
Pipeline operators/owners,Researcher,G270,270,P0288,,CB
Pipeline operators/owners,LastUpdated,H270,270,P0288,,46297
Pipeline operators/owners,Operator [ref],Q270,270,P0288,,"https://www.nationalfuel.com/pipeline-storage/empire-pipeline/about-empire-pipeline/, https://www.phmsa.dot.gov/sites/phmsa.dot.gov/files/2020-08/2017-0158-Empire-Pipeline-Alt-MAOP-FEA-and-FONSI.pdf"
Pipeline operators/owners,Operator,R270,270,P0288,,"Empire Pipeline, Inc."
Pipeline operators/owners,Owner [ref],U270,270,P0288,,"https://www.nationalfuel.com/pipeline-storage/empire-pipeline/about-empire-pipeline/, https://www.phmsa.dot.gov/sites/phmsa.dot.gov/files/2020-08/2017-0158-Empire-Pipeline-Alt-MAOP-FEA-and-FONSI.pdf"
Pipeline operators/owners,Researcher,G273,273,P0291,,CB
Pipeline operators/owners,LastUpdated,H273,273,P0291,,46297
Pipeline operators/owners,Operator [ref],Q273,273,P0291,,"https://www.federalregister.gov/documents/2015/07/21/2015-17810/ugi-sunbury-llc-notice-of-application, https://web.archive.org/web/2021id_/https://www.hydrocarbons-technology.com/projects/sunbury-pipeline-project-central-pennsylvania/"
Pipeline operators/owners,Owner [ref],U273,273,P0291,,"https://sunburypipeline.com/, https://web.archive.org/web/2021id_/https://www.hydrocarbons-technology.com/projects/sunbury-pipeline-project-central-pennsylvania/"
Pipeline operators/owners,Researcher,G274,274,P0292,,CB
Pipeline operators/owners,LastUpdated,H274,274,P0292,,46297
Pipeline operators/owners,Operator [ref],Q274,274,P0292,,"https://web.archive.org/web/20150725171055/http://www.businesswire.com/news/home/20141014005318/en/Tallgrass-Development-AGL-Resources-Announce-Pursuit-Pipeline, https://web.archive.org/web/20170704060641/https://rbnenergy.com/node/5386"
Pipeline operators/owners,Operator,R274,274,P0292,,"Tallgrass Development, LP"
Pipeline operators/owners,Owner [ref],U274,274,P0292,,"https://web.archive.org/web/20150725171055/http://www.businesswire.com/news/home/20141014005318/en/Tallgrass-Development-AGL-Resources-Announce-Pursuit-Pipeline, https://web.archive.org/web/20170704060641/https://rbnenergy.com/node/5386"
Pipeline operators/owners,Researcher,G278,278,P0297,,CB
Pipeline operators/owners,LastUpdated,H278,278,P0297,,46297
Pipeline operators/owners,Owner [ref],U278,278,P0297,,"https://www.prnewswire.com/news-releases/duke-energy-ohio-asks-the-ohio-power-siting-board-to-move-forward-with-its-consideration-of-the-central-corridor-pipeline-application-300629633.html, https://www.supremecourt.ohio.gov/rod/docs/pdf/0/2026/2026-Ohio-2064.pdf"
Pipeline operators/owners,Researcher,G279,279,P0298,,CB
Pipeline operators/owners,LastUpdated,H279,279,P0298,,46297
Pipeline operators/owners,Owner [ref],U279,279,P0298,,"https://www.ogj.com/articles/2018/05/epp-etp-combine-to-revive-old-ocean-pipeline-to-move-permian-supply.html, https://web.archive.org/web/20220429002108/https://www.sec.gov/Archives/edgar/data/1276187/000127618719000011/et12-31x201810k.htm"
Pipeline operators/owners,Researcher,G281,281,P0302,,CB
Pipeline operators/owners,LastUpdated,H281,281,P0302,,46297
Pipeline operators/owners,Operator [ref],Q281,281,P0302,,https://www.eia.gov/naturalgas/pipelines/EIA-NaturalGasPipelineProjects_Jan2021.xlsx
Pipeline operators/owners,Operator,R281,281,P0302,,Kinder Morgan Energy Partners
Pipeline operators/owners,Owner [ref],U281,281,P0302,,https://www.sec.gov/Archives/edgar/data/1506307/000150630726000011/kmi-20251231.htm
Pipeline operators/owners,Researcher,G284,284,P0305,,CB
Pipeline operators/owners,LastUpdated,H284,284,P0305,,46297
Pipeline operators/owners,Owner [ref],U284,284,P0305,,"https://www.prnewswire.com/news-releases/midcoast-energy-completes-cj-express-expansion-project-and-announces-anchor-shipper-agreement-for-future-market-area-development-301258829.html, https://www.ogj.com/pipelines-transportation/article/14168678/midcoast-to-build-cj-express-haynesville-gas-pipeline"
Pipeline operators/owners,Researcher,G287,287,P0308,,CB
Pipeline operators/owners,LastUpdated,H287,287,P0308,,46297
Pipeline operators/owners,Operator [ref],Q287,287,P0308,,https://pinelandsalliance.org/new-jersey-natural-gas/
Pipeline operators/owners,Operator,R287,287,P0308,,New Jersey Natural Gas
Pipeline operators/owners,Owner [ref],U287,287,P0308,,https://pinelandsalliance.org/new-jersey-natural-gas/
Pipeline operators/owners,Researcher,G291,291,P0312,,CB
Pipeline operators/owners,LastUpdated,H291,291,P0312,,46297
Pipeline operators/owners,Operator [ref],Q291,291,P0312,,"https://web.archive.org/web/20210731193837/https://www.goerie.com/news/20190828/erie-ohio-pipeline-project-nears-completion, https://rhenergytrans.com/learn-more/"
Pipeline operators/owners,Operator,R291,291,P0312,,RH Energytrans
Pipeline operators/owners,Owner [ref],U291,291,P0312,,"https://web.archive.org/web/20210731193837/https://www.goerie.com/news/20190828/erie-ohio-pipeline-project-nears-completion, https://marcellusdrilling.com/2018/12/ferc-approves-pa-to-oh-risberg-pipeline-to-begin-construction/"
Pipeline operators/owners,Researcher,G292,292,P0313,,CB
Pipeline operators/owners,LastUpdated,H292,292,P0313,,46297
Pipeline operators/owners,Operator [ref],Q292,292,P0313,,"https://info.burnsmcd.com/case-study/marquette-connector-pipeline, https://www.miningjournal.net/news/front-page-news/2019/11/officials%E2%80%88semcos-marquette-connector-pipeline-expected-to-be-operational-by-end-of-november/"
Pipeline operators/owners,Operator,R292,292,P0313,,SEMCO Energy
Pipeline operators/owners,Owner [ref],U292,292,P0313,,"https://info.burnsmcd.com/case-study/marquette-connector-pipeline, https://mi-psc.my.site.com/sfc/servlet.shepherd/version/download/068t0000001UW23AAG"
Pipeline operators/owners,Researcher,G297,297,P0318,,CB
Pipeline operators/owners,LastUpdated,H297,297,P0318,,46297
Pipeline operators/owners,Owner [ref],U297,297,P0318,,https://s3.amazonaws.com/pgj-wp-media/wp-content/uploads/2018/10/PN1018-Planned-Projects.pdf
Pipeline operators/owners,Researcher,G299,299,P0320,,CB
Pipeline operators/owners,LastUpdated,H299,299,P0320,,46297
Pipeline operators/owners,Owner [ref],U299,299,P0320,,https://www.sec.gov/Archives/edgar/data/61398/000006139819000021/tell3311910-q.htm
Pipeline operators/owners,Researcher,G303,303,P0325,,CB
Pipeline operators/owners,LastUpdated,H303,303,P0325,,46297
Pipeline operators/owners,Operator [ref],Q303,303,P0325,,"https://www.eia.gov/todayinenergy/detail.php?id=47156&src, https://web.archive.org/web/20220128232317/https://www.spglobal.com/platts/en/market-insights/latest-news/natural-gas/012420-ferc-approves-columbias-275-mmcfd-buckeye-xpress-pipeline-expansion"
Pipeline operators/owners,Operator,R303,303,P0325,,Columbia Gas Transmission
Pipeline operators/owners,Owner [ref],U303,303,P0325,,"https://web.archive.org/web/20220128232317/https://www.spglobal.com/platts/en/market-insights/latest-news/natural-gas/012420-ferc-approves-columbias-275-mmcfd-buckeye-xpress-pipeline-expansion, https://web.archive.org/web/20210130174209/https://napipelines.com/buckeye-xpress-project-ohio/"
Pipeline operators/owners,Researcher,G306,306,P0329,,CB
Pipeline operators/owners,LastUpdated,H306,306,P0329,,46297
Pipeline operators/owners,Operator [ref],Q306,306,P0329,,"https://www.dailycamera.com/2019/07/09/boulder-county-xcel-gas-pipeline-construction-leak-repair-reporting-conditions-opposed/, https://www.xcelenergy.com/staticfiles/xe-responsive/Company/Rates%20&%20Regulations/Rate%20Cases/HE_106-Attachment_JHZ-4.pdf"
Pipeline operators/owners,Operator,R306,306,P0329,,Xcel Energy
Pipeline operators/owners,Owner [ref],U306,306,P0329,,"https://www.dailycamera.com/2019/07/09/boulder-county-xcel-gas-pipeline-construction-leak-repair-reporting-conditions-opposed/, https://www.xcelenergy.com/staticfiles/xe-responsive/Company/Rates%20&%20Regulations/Rate%20Cases/HE_106-Attachment_JHZ-4.pdf, https://s3.amazonaws.com/pgj-wp-media/wp-content/uploads/2018/10/PN1018-Planned-Projects.pdf"
Pipeline operators/owners,Researcher,G334,334,P0371,,CB
Pipeline operators/owners,LastUpdated,H334,334,P0371,,46297
Pipeline operators/owners,Owner [ref],U334,334,P0371,,"https://s3.amazonaws.com/pgj-wp-media/wp-content/uploads/2018/10/PN1018-Ongoing-Projects.pdf, https://jpt.spe.org/end-near-riviera-resources"
Pipeline operators/owners,Researcher,G337,337,P0375,,CB
Pipeline operators/owners,LastUpdated,H337,337,P0375,,46297
Pipeline operators/owners,Operator [ref],Q337,337,P0375,,"https://www.prnewswire.com/news-releases/consumers-energy-completes-90-mile-saginaw-trail-pipeline-301178898.html, https://www.hydrocarbons-technology.com/projects/saginaw-trail-pipeline-project-michigan/"
Pipeline operators/owners,Operator,R337,337,P0375,,Consumers Energy
Pipeline operators/owners,Owner [ref],U337,337,P0375,,"https://www.prnewswire.com/news-releases/consumers-energy-completes-90-mile-saginaw-trail-pipeline-301178898.html, https://en.wikipedia.org/wiki/CMS_Energy"
Pipeline operators/owners,Researcher,G339,339,P0377,,CB
Pipeline operators/owners,LastUpdated,H339,339,P0377,,46297
Pipeline operators/owners,Operator [ref],Q339,339,P0377,,"https://www.pa.gov/agencies/dep/programs-and-services/integration/pennsylvania-pipeline-portal/revolution-pipeline, https://en.wikipedia.org/wiki/Revolution_Pipeline"
Pipeline operators/owners,Operator,R339,339,P0377,,Energy Transfer
Pipeline operators/owners,Owner [ref],U339,339,P0377,,"https://www.pa.gov/agencies/dep/programs-and-services/integration/pennsylvania-pipeline-portal/revolution-pipeline, https://en.wikipedia.org/wiki/Revolution_Pipeline"
Pipeline operators/owners,Researcher,G343,343,P0383,,CB
Pipeline operators/owners,LastUpdated,H343,343,P0383,,46297
Pipeline operators/owners,Owner [ref],U343,343,P0383,,"https://www.sec.gov/Archives/edgar/data/1394074/000114420418026689/tv493581_ex99-1.htm, https://www.sec.gov/Archives/edgar/data/895728/000089572819000033/a211-subsidiariesoftheregi.htm"
Pipeline operators/owners,Researcher,G1145,1145,P1317,,CB
Pipeline operators/owners,LastUpdated,H1145,1145,P1317,,46297
Pipeline operators/owners,Owner [ref],U1145,1145,P1317,,https://www.eia.gov/naturalgas/pipelines/EIA-NaturalGasPipelineProjectsAug2026.xlsx
Pipeline operators/owners,Researcher,G1524,1524,P2003,,CB
Pipeline operators/owners,LastUpdated,H1524,1524,P2003,,46297
Pipeline operators/owners,Operator [ref],Q1524,1524,P2003,,"http://web.archive.org/web/20180630043718/https://www.ferc.gov/industries/gas/enviro/eis/2017/CP17-28-000-EA.pdf, http://web.archive.org/web/20191019130035/https://www.naturalgasintel.com/articles/111980-eastern-shore-secures-ferc-approval-for-natgas-expansion"
Pipeline operators/owners,Operator,R1524,1524,P2003,,Eastern Shore Natural Gas Company
Pipeline operators/owners,Owner [ref],U1524,1524,P2003,,"https://www.sec.gov/Archives/edgar/data/19745/000162828018002594/cpk1231201710-k.htm, http://web.archive.org/web/20191019130035/https://www.naturalgasintel.com/articles/111980-eastern-shore-secures-ferc-approval-for-natgas-expansion"
Pipeline operators/owners,Researcher,G1897,1897,P2498,,CB
Pipeline operators/owners,LastUpdated,H1897,1897,P2498,,46297
Pipeline operators/owners,Operator [ref],Q1897,1897,P2498,,https://www.eia.gov/naturalgas/pipelines/EIA-NaturalGasPipelineProjects_Jan2019.xlsx
Pipeline operators/owners,Operator,R1897,1897,P2498,,WhiteWater Midstream LLC
Pipeline operators/owners,Owner [ref],U1897,1897,P2498,,https://www.sec.gov/Archives/edgar/data/1552000/000155200026000009/mplx-20251231.htm
Pipeline operators/owners,Researcher,G1899,1899,P2500,,CB
Pipeline operators/owners,LastUpdated,H1899,1899,P2500,,46297
Pipeline operators/owners,Operator [ref],Q1899,1899,P2500,,"https://www.pipelinesafetyinfo.com/user/file/Alabama/BBT%20AlaTenn%20LLC.pdf, https://primis.phmsa.dot.gov/enforcement-documents/32025024NOPV/32025024NOPV_PCO_11062025_(24-297583).pdf"
Pipeline operators/owners,Operator,R1899,1899,P2500,,"BBT AlaTenn, LLC"
Pipeline operators/owners,Owner [ref],U1899,1899,P2500,,"https://www.blackbearllc.com/natural-gas-transmission, https://primis.phmsa.dot.gov/enforcement-documents/32025024NOPV/32025024NOPV_PCO_11062025_(24-297583).pdf"
Pipeline operators/owners,Researcher,G1900,1900,P2501,,CB
Pipeline operators/owners,LastUpdated,H1900,1900,P2501,,46297
Pipeline operators/owners,Operator [ref],Q1900,1900,P2501,,"https://www.federalregister.gov/documents/full_text/html/2020/07/08/2020-14663.html, https://www.tcenergy.com/operations/natural-gas/anr-pipeline/"
Pipeline operators/owners,Operator,R1900,1900,P2501,,ANR Pipeline Co
Pipeline operators/owners,Owner [ref],U1900,1900,P2501,https://www.eia.gov/naturalgas/data.php#pipelines,"https://www.eia.gov/naturalgas/data.php#pipelines, https://www.federalregister.gov/documents/full_text/html/2020/07/08/2020-14663.html, https://www.tcenergy.com/operations/natural-gas/anr-pipeline/"
Pipeline operators/owners,Researcher,G1908,1908,P2509,,CB
Pipeline operators/owners,LastUpdated,H1908,1908,P2509,,46297
Pipeline operators/owners,Operator [ref],Q1908,1908,P2509,,"https://www.federalregister.gov/documents/full_text/text/2019/10/16/2019-22522.txt, https://pgjonline.com/news/2021/september/enbridge-s-cameron-extension-pipeline-project-nearing-completion"
Pipeline operators/owners,Operator,R1908,1908,P2509,,"Texas Eastern Transmission, LP"
Pipeline operators/owners,Owner [ref],U1908,1908,P2509,,"https://pgjonline.com/news/2021/september/enbridge-s-cameron-extension-pipeline-project-nearing-completion, https://www.enbridge.com/~/media/Enb/Documents/Factsheets/FS_EnergyInfrastructureAssets.pdf?la=en"
Pipeline operators/owners,Researcher,G1912,1912,P2516,,CB
Pipeline operators/owners,LastUpdated,H1912,1912,P2516,,46297
Pipeline operators/owners,Operator [ref],Q1912,1912,P2516,,"https://www.federalregister.gov/documents/2016/08/31/2016-20974/columbia-gas-transmission-llc-notice-of-application, https://www.eia.gov/naturalgas/pipelines/EIA-NaturalGasPipelineProjectsAug2026.xlsx"
Pipeline operators/owners,Operator,R1912,1912,P2516,,"Columbia Gas Transmission, LLC"
Pipeline operators/owners,Owner [ref],U1912,1912,P2516,,"https://www.federalregister.gov/documents/2016/08/31/2016-20974/columbia-gas-transmission-llc-notice-of-application, https://www.eia.gov/naturalgas/pipelines/EIA-NaturalGasPipelineProjectsAug2026.xlsx"
Pipeline operators/owners,Researcher,G1926,1926,P2530,,CB
Pipeline operators/owners,LastUpdated,H1926,1926,P2530,,46297
Pipeline operators/owners,Operator [ref],Q1926,1926,P2530,,https://www.eia.gov/naturalgas/pipelines/EIA-NaturalGasPipelineProjectsAug2026.xlsx
Pipeline operators/owners,Operator,R1926,1926,P2530,,TC Energy
Pipeline operators/owners,Owner [ref],U1926,1926,P2530,https://www.eia.gov/naturalgas/data.php#pipelines,"https://www.eia.gov/naturalgas/data.php#pipelines, https://www.eia.gov/naturalgas/pipelines/EIA-NaturalGasPipelineProjectsAug2026.xlsx"
Pipeline operators/owners,Researcher,G1927,1927,P2531,,CB
Pipeline operators/owners,LastUpdated,H1927,1927,P2531,,46297
Pipeline operators/owners,Operator [ref],Q1927,1927,P2531,,"https://web.archive.org/web/20250718225048/https://rbnenergy.com/node/13321, https://www.nationalfuel.com/pipeline-storage/empire-pipeline/about-empire-pipeline/"
Pipeline operators/owners,Operator,R1927,1927,P2531,,"Empire Pipeline, Inc."
Pipeline operators/owners,Owner [ref],U1927,1927,P2531,,"https://www.nationalfuel.com/pipeline-storage/empire-pipeline/about-empire-pipeline/, https://www.sec.gov/Archives/edgar/data/70145/000119312519280494/d827998dex99.htm"
Pipeline operators/owners,Researcher,G1932,1932,P2538,,CB
Pipeline operators/owners,LastUpdated,H1932,1932,P2538,,46297
Pipeline operators/owners,Operator [ref],Q1932,1932,P2538,,https://www.eia.gov/naturalgas/pipelines/EIA-NaturalGasPipelineProjectsAug2026.xlsx
Pipeline operators/owners,Operator,R1932,1932,P2538,,Transcontinental Gas Pipeline
Pipeline operators/owners,Owner [ref],U1932,1932,P2538,,https://www.eia.gov/naturalgas/pipelines/EIA-NaturalGasPipelineProjectsAug2026.xlsx
Pipeline operators/owners,Researcher,G1935,1935,P2542,,CB
Pipeline operators/owners,LastUpdated,H1935,1935,P2542,,46297
Pipeline operators/owners,Operator [ref],Q1935,1935,P2542,,"https://www.ferc.gov/sites/default/files/2020-04/CP19-475-EA.pdf, https://www.eia.gov/naturalgas/pipelines/EIA-NaturalGasPipelineProjectsAug2026.xlsx"
Pipeline operators/owners,Operator,R1935,1935,P2542,,"Gulfstream Natural Gas System, L.L.C."
Pipeline operators/owners,Owner [ref],U1935,1935,P2542,,"https://www.sec.gov/Archives/edgar/data/895728/000089572824000007/enb-20231231.htm, https://www.sec.gov/Archives/edgar/data/107263/000010726324000019/wmb-20231231.htm, https://gulfstreamgas.com/about/sponsors/"
Pipeline operators/owners,Researcher,G1940,1940,P2547,,CB
Pipeline operators/owners,LastUpdated,H1940,1940,P2547,,46297
Pipeline operators/owners,Operator [ref],Q1940,1940,P2547,,https://www.eia.gov/naturalgas/pipelines/EIA-NaturalGasPipelineProjectsAug2026.xlsx
Pipeline operators/owners,Operator,R1940,1940,P2547,,Gulf South Pipeline
Pipeline operators/owners,Researcher,G1945,1945,P2553,,CB
Pipeline operators/owners,LastUpdated,H1945,1945,P2553,,46297
Pipeline operators/owners,Operator [ref],Q1945,1945,P2553,,"https://www.eia.gov/naturalgas/pipelines/EIA-NaturalGasPipelineProjectsAug2026.xlsx, https://www.sandiegouniontribune.com/business/energy-green/story/2020-02-06/line-1600-decision-by-the-cpuc"
Pipeline operators/owners,Operator,R1945,1945,P2553,,San Diego Gas & Electric
Pipeline operators/owners,Researcher,G1950,1950,P2559,,CB
Pipeline operators/owners,LastUpdated,H1950,1950,P2559,,46297
Pipeline operators/owners,Operator [ref],Q1950,1950,P2559,,"https://www.eia.gov/naturalgas/pipelines/EIA-NaturalGasPipelineProjectsAug2026.xlsx, https://www.energy.gov/sites/prod/files/2015/11/f27/EIS-0498_Magnolia_LNG_FEIS_(Nov_2015).pdf"
Pipeline operators/owners,Operator,R1950,1950,P2559,,Kinder Morgan Louisiana Pipeline Co LLC
Pipeline operators/owners,Owner [ref],U1950,1950,P2559,,"https://www.eia.gov/naturalgas/pipelines/EIA-NaturalGasPipelineProjectsAug2026.xlsx, https://www.energy.gov/sites/prod/files/2015/11/f27/EIS-0498_Magnolia_LNG_FEIS_(Nov_2015).pdf"
Pipeline operators/owners,Researcher,G1952,1952,P2561,,CB
Pipeline operators/owners,LastUpdated,H1952,1952,P2561,,46297
Pipeline operators/owners,Operator [ref],Q1952,1952,P2561,,"https://bwpipelines.com/subsidiaries/gulf-south-pipeline-company/home, https://www.sec.gov/Archives/edgar/data/60086/000006008626000008/l-20251231.htm"
Pipeline operators/owners,Operator,R1952,1952,P2561,,"Gulf South Pipeline Company, LLC"
Pipeline operators/owners,Owner [ref],U1952,1952,P2561,,"https://www.sec.gov/Archives/edgar/data/1336047/000133604726000004/bwp-20251231.htm, https://www.sec.gov/Archives/edgar/data/60086/000006008626000008/l-20251231.htm"
Pipeline operators/owners,Researcher,G1953,1953,P2562,,CB
Pipeline operators/owners,LastUpdated,H1953,1953,P2562,,46297
Pipeline operators/owners,Operator [ref],Q1953,1953,P2562,,"https://www.ferc.gov/sites/default/files/2020-10/10-2020-C-1_0.pdf, https://www.eia.gov/naturalgas/pipelines/EIA-NaturalGasPipelineProjectsAug2026.xlsx"
Pipeline operators/owners,Operator,R1953,1953,P2562,,Texas Eastern Transmission LP
Pipeline operators/owners,Owner [ref],U1953,1953,P2562,,"https://www.sec.gov/Archives/edgar/data/895728/000119312526049810/enb-ex21_1.htm, https://www.ferc.gov/sites/default/files/2020-10/10-2020-C-1_0.pdf"
Pipeline operators/owners,Researcher,G1958,1958,P2568,GC,CB
Pipeline operators/owners,LastUpdated,H1958,1958,P2568,44784,46297
Pipeline operators/owners,Operator [ref],Q1958,1958,P2568,,"https://www.naturalgasintel.com/ferc-oks-startup-of-u-s-mexico-norte-crossing-pipeline/, https://www.eia.gov/naturalgas/weekly/archivenew_ngwu/2013/06_20/"
Pipeline operators/owners,Operator,R1958,1958,P2568,,"El Paso Natural Gas Company, L.L.C."
Pipeline operators/owners,Owner [ref],U1958,1958,P2568,,"https://www.naturalgasintel.com/ferc-oks-startup-of-u-s-mexico-norte-crossing-pipeline/, https://www.eia.gov/naturalgas/weekly/archivenew_ngwu/2013/06_20/"
Pipeline operators/owners,Researcher,G1959,1959,P2569,,CB
Pipeline operators/owners,LastUpdated,H1959,1959,P2569,,46297
Pipeline operators/owners,Operator [ref],Q1959,1959,P2569,,"https://www.federalregister.gov/documents/2020/01/07/2020-00017/north-baja-pipeline-llc-notice-of-application, https://www.tcenergy.com/operations/natural-gas/north-baja-pipeline-system/"
Pipeline operators/owners,Operator,R1959,1959,P2569,,North Baja Pipeline LLC
Pipeline operators/owners,Owner [ref],U1959,1959,P2569,,"https://www.tcenergy.com/operations/natural-gas/north-baja-pipeline-system/, https://en.wikipedia.org/wiki/North_Baja_Pipeline"
Pipeline operators/owners,Researcher,G1965,1965,P2577,,CB
Pipeline operators/owners,LastUpdated,H1965,1965,P2577,,46297
Pipeline operators/owners,Owner [ref],U1965,1965,P2577,,"https://www.kindermorgan.com/business/gas_pipelines/west/EPNG_MP/, https://en.wikipedia.org/wiki/El_Paso_Natural_Gas"
Pipeline operators/owners,Researcher,G1981,1981,P2594,BL,CB
Pipeline operators/owners,LastUpdated,H1981,1981,P2594,44767,46297
Pipeline operators/owners,Operator [ref],Q1981,1981,P2594,,"https://www.kindermorgan.com/Operations/Natural-Gas/Index, https://www.sec.gov/Archives/edgar/data/1276187/000127618718000011/ete12-31x201710k.htm"
Pipeline operators/owners,Operator,R1981,1981,P2594,,Energy Transfer
Pipeline operators/owners,Owner [ref],U1981,1981,P2594,,"https://www.kindermorgan.com/Operations/Natural-Gas/Index, https://www.sec.gov/Archives/edgar/data/1276187/000127618718000011/ete12-31x201710k.htm"
Pipeline operators/owners,Researcher,G1992,1992,P2605,,CB
Pipeline operators/owners,LastUpdated,H1992,1992,P2605,,46297
Pipeline operators/owners,Operator [ref],Q1992,1992,P2605,,"https://www.enbridge.com/~/media/Enb/Documents/Factsheets/FS_EnergyInfrastructureAssets.pdf?la=en, https://sabaltrailtransmission.com/about/"
Pipeline operators/owners,Operator,R1992,1992,P2605,,Enbridge
Pipeline operators/owners,Owner [ref],U1992,1992,P2605,,"https://www.govinfo.gov/content/pkg/FR-2014-12-11/html/2014-29049.htm, https://www.prnewswire.com/news-releases/sabal-trail-transmission-project-receives-ferc-certificate-300214570.html, https://www.offshore-technology.com/marketdata/sabal-trail-gas-pipeline-the-us/"
Pipeline operators/owners,Researcher,G2008,2008,P2622,,CB
Pipeline operators/owners,LastUpdated,H2008,2008,P2622,,46297
Pipeline operators/owners,Operator [ref],Q2008,2008,P2622,,https://www.eia.gov/naturalgas/pipelines/EIA-NaturalGasPipelineProjectsAug2026.xlsx
Pipeline operators/owners,Operator,R2008,2008,P2622,,Dominion Energy Transmission Co
Pipeline operators/owners,Owner [ref],U2008,2008,P2622,,https://www.eia.gov/naturalgas/pipelines/EIA-NaturalGasPipelineProjectsAug2026.xlsx
Pipeline operators/owners,Researcher,G2022,2022,P2637,,CB
Pipeline operators/owners,LastUpdated,H2022,2022,P2637,,46297
Pipeline operators/owners,Operator [ref],Q2022,2022,P2637,,"https://www.eia.gov/naturalgas/pipelines/EIA-NaturalGasPipelineProjectsAug2026.xlsx, https://www.sec.gov/Archives/edgar/data/1336047/000133604726000004/bwp-20251231.htm"
Pipeline operators/owners,Operator,R2022,2022,P2637,,Gulf South Pipeline Company
Pipeline operators/owners,Owner [ref],U2022,2022,P2637,,https://www.sec.gov/Archives/edgar/data/1336047/000133604726000004/bwp-20251231.htm
Pipeline operators/owners,Researcher,G2028,2028,P2643,,CB
Pipeline operators/owners,LastUpdated,H2028,2028,P2643,,46297
Pipeline operators/owners,Operator [ref],Q2028,2028,P2643,,https://s29.q4cdn.com/649265093/files/doc_financials/2023/q2/10Q-Q2.pdf
Pipeline operators/owners,Operator,R2028,2028,P2643,,Kinetik
Pipeline operators/owners,Owner [ref],U2028,2028,P2643,,https://s29.q4cdn.com/649265093/files/doc_financials/2023/q2/10Q-Q2.pdf
Pipeline operators/owners,Researcher,G2036,2036,P2651,,CB
Pipeline operators/owners,LastUpdated,H2036,2036,P2651,,46297
Pipeline operators/owners,Operator [ref],Q2036,2036,P2651,,https://www.eia.gov/naturalgas/pipelines/EIA-NaturalGasPipelineProjectsAug2026.xlsx
Pipeline operators/owners,Operator,R2036,2036,P2651,,Iroquois Gas Transmission
Pipeline operators/owners,Owner [ref],U2036,2036,P2651,,https://www.eia.gov/naturalgas/pipelines/EIA-NaturalGasPipelineProjectsAug2026.xlsx
Pipeline operators/owners,Researcher,G2427,2427,P3186,,CB
Pipeline operators/owners,LastUpdated,H2427,2427,P3186,,46297
Pipeline operators/owners,Operator [ref],Q2427,2427,P3186,,"https://www.federalregister.gov/documents/2019/11/13/2019-24633/notice-of-application-anr-pipeline-company, https://www.tcenergy.com/siteassets/pdfs/investors/reports-and-filings/regulatory-filings/2023/tce-2023-annual-information-form.pdf"
Pipeline operators/owners,Operator,R2427,2427,P3186,,ANR Pipeline Co
Pipeline operators/owners,Owner [ref],U2427,2427,P3186,https://www.eia.gov/naturalgas/data.php#pipelines,"https://www.eia.gov/naturalgas/data.php#pipelines, https://www.federalregister.gov/documents/2019/11/13/2019-24633/notice-of-application-anr-pipeline-company, https://www.tcenergy.com/siteassets/pdfs/investors/reports-and-filings/regulatory-filings/2023/tce-2023-annual-information-form.pdf"
Pipeline operators/owners,Researcher,G2432,2432,P3192,BL,CB
Pipeline operators/owners,LastUpdated,H2432,2432,P3192,44767,46297
Pipeline operators/owners,Operator [ref],Q2432,2432,P3192,,"https://www.govinfo.gov/content/pkg/FR-2022-03-31/pdf/2022-06805.pdf, https://www.eia.gov/naturalgas/pipelines/EIA-NaturalGasPipelineProjectsAug2026.xlsx"
Pipeline operators/owners,Operator,R2432,2432,P3192,,Florida Gas Transmission Co LLC
Pipeline operators/owners,Owner [ref],U2432,2432,P3192,,"https://www.govinfo.gov/content/pkg/FR-2022-03-31/pdf/2022-06805.pdf, https://www.eia.gov/naturalgas/pipelines/EIA-NaturalGasPipelineProjectsAug2026.xlsx"
Pipeline operators/owners,Researcher,G2434,2434,P3194,,CB
Pipeline operators/owners,LastUpdated,H2434,2434,P3194,,46297
Pipeline operators/owners,Operator [ref],Q2434,2434,P3194,,"https://www.ferc.gov/sites/default/files/2020-06/C-2-061820.pdf, https://www.eia.gov/naturalgas/pipelines/EIA-NaturalGasPipelineProjectsAug2026.xlsx"
Pipeline operators/owners,Operator,R2434,2434,P3194,,"Gulf South Pipeline Company, LLC"
Pipeline operators/owners,Researcher,G2439,2439,P3199,,CB
Pipeline operators/owners,LastUpdated,H2439,2439,P3199,,46297
Pipeline operators/owners,Operator [ref],Q2439,2439,P3199,,https://www.eia.gov/naturalgas/pipelines/EIA-NaturalGasPipelineProjects_May2026.xlsx
Pipeline operators/owners,Operator,R2439,2439,P3199,,Transcontinental Gas Pipeline
Pipeline operators/owners,Owner [ref],U2439,2439,P3199,,https://www.eia.gov/naturalgas/pipelines/EIA-NaturalGasPipelineProjects_May2026.xlsx
Pipeline operators/owners,Researcher,G2441,2441,P3201,,CB
Pipeline operators/owners,LastUpdated,H2441,2441,P3201,,46297
Pipeline operators/owners,Operator [ref],Q2441,2441,P3201,,https://www.eia.gov/naturalgas/pipelines/EIA-NaturalGasPipelineProjectsAug2026.xlsx
Pipeline operators/owners,Operator,R2441,2441,P3201,,Transcontinental Gas Pipeline
Pipeline operators/owners,Owner [ref],U2441,2441,P3201,,https://www.eia.gov/naturalgas/pipelines/EIA-NaturalGasPipelineProjectsAug2026.xlsx
Pipeline operators/owners,Researcher,G2470,2470,P3279,,CB
Pipeline operators/owners,LastUpdated,H2470,2470,P3279,,46297
Pipeline operators/owners,Operator [ref],Q2470,2470,P3279,,https://www.eia.gov/naturalgas/pipelines/EIA-NaturalGasPipelineProjectsAug2026.xlsx
Pipeline operators/owners,Operator,R2470,2470,P3279,,Iroquois Pipeline Co
Pipeline operators/owners,Owner [ref],U2470,2470,P3279,,https://www.eia.gov/naturalgas/pipelines/EIA-NaturalGasPipelineProjectsAug2026.xlsx
Pipeline operators/owners,Researcher,G2476,2476,P3293,,CB
Pipeline operators/owners,LastUpdated,H2476,2476,P3293,,46297
Pipeline operators/owners,Owner [ref],U2476,2476,P3293,,https://web.archive.org/web/20250817201146/https://www.hartenergy.com/news/energy-transfer-partners-completes-texas-independence-pipeline-62906
Pipeline operators/owners,Researcher,G2478,2478,P3295,,CB
Pipeline operators/owners,LastUpdated,H2478,2478,P3295,,46297
Pipeline operators/owners,Operator [ref],Q2478,2478,P3295,,https://www.sec.gov/Archives/edgar/data/1410838/000095012310028034/h71729exv99w3.htm
Pipeline operators/owners,Operator,R2478,2478,P3295,,Southern Natural Gas Company
Pipeline operators/owners,Owner [ref],U2478,2478,P3295,,"https://www.sec.gov/Archives/edgar/data/1506307/000150630726000011/kmi-2025x10kxexh211.htm, https://www.argusmedia.com/en/news/1253846-ferc-oks-start-of-elba-express-expansion"
Pipeline operators/owners,Researcher,G2479,2479,P3296,,CB
Pipeline operators/owners,LastUpdated,H2479,2479,P3296,,46297
Pipeline operators/owners,Owner [ref],U2479,2479,P3296,,"https://www.sec.gov/Archives/edgar/data/107263/000010726319000007/wmb_20181231x10k.htm, https://www.eia.gov/naturalgas/pipelines/EIA-NaturalGasPipelineProjects.xlsx"
Pipeline operators/owners,Researcher,G2572,2572,P3584,,CB
Pipeline operators/owners,LastUpdated,H2572,2572,P3584,,46297
Pipeline operators/owners,Operator [ref],Q2572,2572,P3584,,"https://www.nsenergybusiness.com/projects/north-bakken-expansion-project/, https://www.wbienergy.com/projects/north-bakken/"
Pipeline operators/owners,Operator,R2572,2572,P3584,,WBI Energy
Pipeline operators/owners,Owner [ref],U2572,2572,P3584,,"https://www.nsenergybusiness.com/projects/north-bakken-expansion-project/, https://cms.ferc.gov/sites/default/files/2020-12/CP20-52%20EA_DRAFT_FINAL.pdf"
Pipeline operators/owners,Researcher,G2574,2574,P3586,,CB
Pipeline operators/owners,LastUpdated,H2574,2574,P3586,,46297
Pipeline operators/owners,Operator [ref],Q2574,2574,P3586,,"https://cms.ferc.gov/sites/default/files/2020-12/CP20-52%20EA_DRAFT_FINAL.pdf, https://www.wbienergy.com/projects/north-bakken/, https://investor.mdu.com/news/news-details/2022/MDU-Resources-Subsidiary-Finishes-Construction-Begins-Transporting-Natural-Gas-on-ND-Pipeline/default.aspx"
Pipeline operators/owners,Operator,R2574,2574,P3586,,WBI Energy
Pipeline operators/owners,Owner [ref],U2574,2574,P3586,,"https://cms.ferc.gov/sites/default/files/2020-12/CP20-52%20EA_DRAFT_FINAL.pdf, https://investor.mdu.com/news/news-details/2022/MDU-Resources-Subsidiary-Finishes-Construction-Begins-Transporting-Natural-Gas-on-ND-Pipeline/default.aspx"
Pipeline operators/owners,Researcher,G2575,2575,P3587,,CB
Pipeline operators/owners,LastUpdated,H2575,2575,P3587,,46297
Pipeline operators/owners,Operator [ref],Q2575,2575,P3587,,"https://cms.ferc.gov/sites/default/files/2020-12/CP20-52%20EA_DRAFT_FINAL.pdf, https://www.wbienergy.com/projects/north-bakken/"
Pipeline operators/owners,Operator,R2575,2575,P3587,,WBI Energy
Pipeline operators/owners,Owner [ref],U2575,2575,P3587,,"https://cms.ferc.gov/sites/default/files/2020-12/CP20-52%20EA_DRAFT_FINAL.pdf, https://www.wbienergy.com/projects/north-bakken/"
Pipeline operators/owners,Researcher,G2576,2576,P3588,,CB
Pipeline operators/owners,LastUpdated,H2576,2576,P3588,,46297
Pipeline operators/owners,Operator [ref],Q2576,2576,P3588,,"https://www.wbienergy.com/projects/north-bakken/, https://cms.ferc.gov/sites/default/files/2020-12/CP20-52%20EA_DRAFT_FINAL.pdf"
Pipeline operators/owners,Operator,R2576,2576,P3588,,WBI Energy
Pipeline operators/owners,Owner [ref],U2576,2576,P3588,,"https://cms.ferc.gov/sites/default/files/2020-12/CP20-52%20EA_DRAFT_FINAL.pdf, https://www.wbienergy.com/projects/north-bakken/"
Pipeline operators/owners,Researcher,G2577,2577,P3589,,CB
Pipeline operators/owners,LastUpdated,H2577,2577,P3589,,46297
Pipeline operators/owners,Owner [ref],U2577,2577,P3589,,https://www.sec.gov/Archives/edgar/data/2007855/000200785526000013/vg-20251231.htm
Pipeline operators/owners,Researcher,G2578,2578,P3590,,CB
Pipeline operators/owners,LastUpdated,H2578,2578,P3590,,46297
Pipeline operators/owners,Operator [ref],Q2578,2578,P3590,,"https://www.federalregister.gov/documents/2019/09/12/2019-19752/notice-of-intent-to-prepare-an-environmental-impact-statement-for-the-planned-louisiana-connector, https://web.archive.org/web/20210511105456/https://www.sempralng.com/port-arthur-pipeline-louisiana-connector-extension/"
Pipeline operators/owners,Operator,R2578,2578,P3590,,Port Arthur Pipeline LLC
Pipeline operators/owners,Owner [ref],U2578,2578,P3590,,"https://www.federalregister.gov/documents/2019/09/12/2019-19752/notice-of-intent-to-prepare-an-environmental-impact-statement-for-the-planned-louisiana-connector, https://web.archive.org/web/20210511105456/https://www.sempralng.com/port-arthur-pipeline-louisiana-connector-extension/"
Pipeline operators/owners,Researcher,G2643,2643,P3663,,CB
Pipeline operators/owners,LastUpdated,H2643,2643,P3663,,46297
Pipeline operators/owners,Operator [ref],Q2643,2643,P3663,,"https://web.archive.org/web/20220909160655/https://www.ferc.gov/news-events/news/ferc-staff-issues-final-environmental-impact-statement-commonwealth-lng-project, https://www.federalregister.gov/documents/2019/09/09/2019-19428/commonwealth-lng-llc-notice-of-application"
Pipeline operators/owners,Operator,R2643,2643,P3663,,"Commonwealth LNG, LLC"
Pipeline operators/owners,Researcher,G2645,2645,P3665,,CB
Pipeline operators/owners,LastUpdated,H2645,2645,P3665,,46297
Pipeline operators/owners,Operator [ref],Q2645,2645,P3665,,https://www.federalregister.gov/documents/2019/10/04/2019-21567/deepwater-port-license-application-west-delta-lng-llc
Pipeline operators/owners,Operator,R2645,2645,P3665,,West Delta LNG LLC
Pipeline operators/owners,Owner [ref],U2645,2645,P3665,,https://www.federalregister.gov/documents/2019/10/04/2019-21567/deepwater-port-license-application-west-delta-lng-llc
Pipeline operators/owners,Researcher,G2649,2649,P3669,,CB
Pipeline operators/owners,LastUpdated,H2649,2649,P3669,,46297
Pipeline operators/owners,Operator [ref],Q2649,2649,P3669,,https://www.eia.gov/naturalgas/pipelines/EIA-NaturalGasPipelineProjects_May2018.xlsx
Pipeline operators/owners,Operator,R2649,2649,P3669,,Transcontinental Gas Pipeline
Pipeline operators/owners,Owner [ref],U2649,2649,P3669,,https://www.eia.gov/naturalgas/pipelines/EIA-NaturalGasPipelineProjects_May2018.xlsx
Pipeline operators/owners,Owner1,V2649,2649,P3669,Transco,Williams Companies
Pipeline operators/owners,Researcher,G2851,2851,P3887,,CB
Pipeline operators/owners,LastUpdated,H2851,2851,P3887,,46297
Pipeline operators/owners,Operator [ref],Q2851,2851,P3887,,https://www.eia.gov/naturalgas/pipelines/EIA-NaturalGasPipelineProjectsAug2026.xlsx
Pipeline operators/owners,Operator,R2851,2851,P3887,,"MPLX, WhiteWater"
Pipeline operators/owners,Owner [ref],U2851,2851,P3887,,https://www.globenewswire.com/news-release/2020/06/25/2053666/0/en/GLOBAL-INFRASTRUCTURE-PARTNERS-ANNOUNCES-INVESTMENT-IN-SENIOR-SECURED-NOTES-OF-WHISTLER-PIPELINE-LLC.html
Pipeline operators/owners,Researcher,G2948,2948,P3995,BL,CB
Pipeline operators/owners,LastUpdated,H2948,2948,P3995,44763,46297
Pipeline operators/owners,Operator [ref],Q2948,2948,P3995,,"https://www.addisonindependent.com/2011/05/11/natural-gas-plan-wins-fans-2/, https://www.vermontpublic.org/vpr-news/2021-02-01/regulators-cite-multiple-issues-with-vermont-gas-pipeline-construction"
Pipeline operators/owners,Operator,R2948,2948,P3995,,Vermont Gas Systems
Pipeline operators/owners,Owner [ref],U2948,2948,P3995,,"https://www.vermontpublic.org/vpr-news/2021-02-01/regulators-cite-multiple-issues-with-vermont-gas-pipeline-construction, https://vtdigger.org/2019/12/11/report-finds-vermont-gas-pipeline-is-generally-in-compliance/"
Pipeline operators/owners,Researcher,G2978,2978,P4028,BL,CB
Pipeline operators/owners,LastUpdated,H2978,2978,P4028,44767,46297
Pipeline operators/owners,Owner [ref],U2978,2978,P4028,,"https://www.eia.gov/naturalgas/pipelines/eia-naturalgaspipelineprojects.xlsx, https://en.wikipedia.org/wiki/Florida_Gas_Transmission"
Pipeline operators/owners,Researcher,G2981,2981,P4031,BL,CB
Pipeline operators/owners,LastUpdated,H2981,2981,P4031,44767,46297
Pipeline operators/owners,Operator [ref],Q2981,2981,P4031,,"https://www.govinfo.gov/content/pkg/FR-2007-02-26/pdf/E7-3215.pdf, https://www.eia.gov/naturalgas/pipelines/EIA-NaturalGasPipelineProjects.xlsx"
Pipeline operators/owners,Operator,R2981,2981,P4031,,"Florida Gas Transmission Company, LLC"
Pipeline operators/owners,Owner [ref],U2981,2981,P4031,,"https://www.govinfo.gov/content/pkg/FR-2007-02-26/pdf/E7-3215.pdf, https://www.eia.gov/naturalgas/pipelines/EIA-NaturalGasPipelineProjects.xlsx"
Pipeline operators/owners,Researcher,G2982,2982,P4032,BL,CB
Pipeline operators/owners,LastUpdated,H2982,2982,P4032,44767,46297
Pipeline operators/owners,Operator [ref],Q2982,2982,P4032,,"https://en.wikipedia.org/wiki/Florida_Gas_Transmission, https://fgttransfer.energytransfer.com/fginfopost/postedDocs/FGTDesignee042013.pdf"
Pipeline operators/owners,Operator,R2982,2982,P4032,,Energy Transfer
Pipeline operators/owners,Owner [ref],U2982,2982,P4032,,"https://fgttransfer.energytransfer.com/fginfopost/postedDocs/FGTDesignee042013.pdf, https://www.sec.gov/Archives/edgar/data/203248/000020324808000011/suform10k_123107.htm"
Pipeline operators/owners,Researcher,G2986,2986,P4036,BL,CB
Pipeline operators/owners,LastUpdated,H2986,2986,P4036,44767,46297
Pipeline operators/owners,Operator [ref],Q2986,2986,P4036,,"https://www.eia.gov/naturalgas/pipelines/EIA-NaturalGasPipelineProjects_Jan2021.xlsx, http://fgttransfer.energytransfer.com/ipost/FGT/maps/system-map"
Pipeline operators/owners,Operator,R2986,2986,P4036,,Florida Gas Transmission Company LLC
Pipeline operators/owners,Owner [ref],U2986,2986,P4036,,"https://www.eia.gov/naturalgas/pipelines/EIA-NaturalGasPipelineProjects_Jan2021.xlsx, http://fgttransfer.energytransfer.com/ipost/FGT/maps/system-map"
Pipeline operators/owners,Researcher,G2990,2990,P4040,BL,CB
Pipeline operators/owners,LastUpdated,H2990,2990,P4040,44767,46297
Pipeline operators/owners,Owner [ref],U2990,2990,P4040,,"https://www.sec.gov/Archives/edgar/data/1012569/000101256912000015/ex992citrus12311110-k.htm, https://www.govinfo.gov/content/pkg/FR-1998-03-06/pdf/98-5779.pdf, https://www.eia.gov/naturalgas/pipelines/EIA-NaturalGasPipelineProjects.xlsx"
Pipeline operators/owners,Researcher,G3000,3000,P4050,BL,CB
Pipeline operators/owners,LastUpdated,H3000,3000,P4050,44767,46297
Pipeline operators/owners,Operator [ref],Q3000,3000,P4050,,"https://www.eia.gov/naturalgas/pipelines/EIA-NaturalGasPipelineProjects_Jan2020.xlsx, https://www.federalregister.gov/documents/2019/02/14/2019-02345/florida-gas-transmission-company-llc-notice-of-request-under-blanket-authorization"
Pipeline operators/owners,Operator,R3000,3000,P4050,,Florida Gas Transmission Company LLC
Pipeline operators/owners,Owner [ref],U3000,3000,P4050,,"https://www.eia.gov/naturalgas/pipelines/EIA-NaturalGasPipelineProjects_Jan2020.xlsx, https://www.federalregister.gov/documents/2019/02/14/2019-02345/florida-gas-transmission-company-llc-notice-of-request-under-blanket-authorization"
Pipeline operators/owners,Researcher,G3009,3009,P4059,BL,CB
Pipeline operators/owners,LastUpdated,H3009,3009,P4059,44767,46297
Pipeline operators/owners,Operator [ref],Q3009,3009,P4059,,https://kindermorgan.com/business/gas_pipelines/east/FGT
Pipeline operators/owners,Operator,R3009,3009,P4059,,Energy Transfer
Pipeline operators/owners,Owner [ref],U3009,3009,P4059,,"https://kindermorgan.com/business/gas_pipelines/east/FGT, https://www.eia.gov/naturalgas/pipelines/EIA-NaturalGasPipelineProjectsAug2026.xlsx"
Pipeline operators/owners,Researcher,G3010,3010,P4060,BL,CB
Pipeline operators/owners,LastUpdated,H3010,3010,P4060,44767,46297
Pipeline operators/owners,Operator [ref],Q3010,3010,P4060,,https://www.eia.gov/naturalgas/pipelines/EIA-NaturalGasPipelineProjects_Jan2023.xlsx
Pipeline operators/owners,Operator,R3010,3010,P4060,,Florida Gas Transmission Co LLC
Pipeline operators/owners,Owner [ref],U3010,3010,P4060,,https://www.eia.gov/naturalgas/pipelines/EIA-NaturalGasPipelineProjects_Jan2023.xlsx
Pipeline operators/owners,Researcher,G3304,3304,P4379,BL,CB
Pipeline operators/owners,LastUpdated,H3304,3304,P4379,44824,46297
Pipeline operators/owners,Owner [ref],U3304,3304,P4379,,https://www.worldpipelines.com/project-news/15072024/adcc-pipeline-begins-commercial-service/
Pipeline operators/owners,Researcher,G3305,3305,P4380,BL,CB
Pipeline operators/owners,LastUpdated,H3305,3305,P4380,44831,46297
Pipeline operators/owners,Operator [ref],Q3305,3305,P4380,,https://www.eia.gov/naturalgas/pipelines/EIA-NaturalGasPipelineProjectsAug2026.xlsx
Pipeline operators/owners,Operator,R3305,3305,P4380,,ANR Pipeline Co
Pipeline operators/owners,Owner [ref],U3305,3305,P4380,https://www.eia.gov/naturalgas/data.php#pipelines,"https://www.eia.gov/naturalgas/data.php#pipelines, https://www.eia.gov/naturalgas/pipelines/EIA-NaturalGasPipelineProjectsAug2026.xlsx"
Pipeline operators/owners,Researcher,G3307,3307,P4382,BL,CB
Pipeline operators/owners,LastUpdated,H3307,3307,P4382,44831,46297
Pipeline operators/owners,Operator [ref],Q3307,3307,P4382,,"https://www.bhegts.com/our-businesses/CGT, https://www.federalregister.gov/documents/2025/07/23/2025-13874/carolina-gas-transmission-llc-notice-of-request-under-blanket-authorization"
Pipeline operators/owners,Operator,R3307,3307,P4382,,"Carolina Gas Transmission, LLC"
Pipeline operators/owners,Owner [ref],U3307,3307,P4382,,"https://www.bhegts.com/our-businesses/CGT, https://www.federalregister.gov/documents/2025/07/23/2025-13874/carolina-gas-transmission-llc-notice-of-request-under-blanket-authorization"
Pipeline operators/owners,Researcher,G3311,3311,P4420,,CB
Pipeline operators/owners,LastUpdated,H3311,3311,P4420,,46297
Pipeline operators/owners,Operator [ref],Q3311,3311,P4420,,"https://www.bhegts.com/our-businesses/CGT, https://dms.psc.sc.gov/Attachments/Matter/31fe8a18-4ee2-45dc-a615-327cdf1b6ce9"
Pipeline operators/owners,Operator,R3311,3311,P4420,,Carolina Gas Transmission LLC
Pipeline operators/owners,Owner [ref],U3311,3311,P4420,,"https://www.bhegts.com/our-businesses/CGT, https://dms.psc.sc.gov/Attachments/Matter/31fe8a18-4ee2-45dc-a615-327cdf1b6ce9"
Pipeline operators/owners,Researcher,G3313,3313,P4446,,CB
Pipeline operators/owners,LastUpdated,H3313,3313,P4446,,46297
Pipeline operators/owners,Operator [ref],Q3313,3313,P4446,,"https://www.govinfo.gov/content/pkg/FR-2022-12-22/pdf/2022-27856.pdf, https://www.eia.gov/naturalgas/pipelines/EIA-NaturalGasPipelineProjectsAug2026.xlsx"
Pipeline operators/owners,Operator,R3313,3313,P4446,,"Columbia Gas Transmission, LLC"
Pipeline operators/owners,Owner [ref],U3313,3313,P4446,,"https://www.govinfo.gov/content/pkg/FR-2022-08-25/pdf/2022-18332.pdf, https://www.govinfo.gov/content/pkg/FR-2022-12-22/pdf/2022-27856.pdf"
Pipeline operators/owners,Researcher,G3315,3315,P4448,,CB
Pipeline operators/owners,LastUpdated,H3315,3315,P4448,,46297
Pipeline operators/owners,Operator [ref],Q3315,3315,P4448,,https://www.eia.gov/naturalgas/pipelines/EIA-NaturalGasPipelineProjectsAug2026.xlsx
Pipeline operators/owners,Operator,R3315,3315,P4448,,Columbia Gas Transmission
Pipeline operators/owners,Owner [ref],U3315,3315,P4448,,https://www.eia.gov/naturalgas/pipelines/EIA-NaturalGasPipelineProjectsAug2026.xlsx
Pipeline operators/owners,Owner1,V3315,3315,P4448,,Columbia Gas Transmission LLC
Pipeline operators/owners,Researcher,G3317,3317,P4450,,CB
Pipeline operators/owners,LastUpdated,H3317,3317,P4450,,46297
Pipeline operators/owners,Operator [ref],Q3317,3317,P4450,,"https://mi-psc.my.site.com/sfc/servlet.shepherd/version/download/068t000000RBr5NAAT, https://adms.apps.lara.state.mi.us/Mpsc/ViewProposalForDecisionsDocument/340"
Pipeline operators/owners,Operator,R3317,3317,P4450,,DTE Michigan Lateral Co
Pipeline operators/owners,Owner [ref],U3317,3317,P4450,,"https://mi-psc.my.site.com/sfc/servlet.shepherd/version/download/068t000000RBr5NAAT, https://adms.apps.lara.state.mi.us/Mpsc/ViewProposalForDecisionsDocument/340"
Pipeline operators/owners,Researcher,G3318,3318,P4451,,CB
Pipeline operators/owners,LastUpdated,H3318,3318,P4451,,46297
Pipeline operators/owners,Operator [ref],Q3318,3318,P4451,,"https://mi-psc.my.site.com/sfc/servlet.shepherd/version/download/068t000000RBr5NAAT, https://adms.apps.lara.state.mi.us/Mpsc/ViewProposalForDecisionsDocument/340"
Pipeline operators/owners,Operator,R3318,3318,P4451,,DTE Michigan Lateral Co
Pipeline operators/owners,Owner [ref],U3318,3318,P4451,,"https://mi-psc.my.site.com/sfc/servlet.shepherd/version/download/068t000000RBr5NAAT, https://adms.apps.lara.state.mi.us/Mpsc/ViewProposalForDecisionsDocument/340"
Pipeline operators/owners,Researcher,G3319,3319,P4452,,CB
Pipeline operators/owners,LastUpdated,H3319,3319,P4452,,46297
Pipeline operators/owners,Operator [ref],Q3319,3319,P4452,,https://www.eia.gov/naturalgas/pipelines/EIA-NaturalGasPipelineProjectsAug2026.xlsx
Pipeline operators/owners,Operator,R3319,3319,P4452,,Eastern Gas Transmission and Storage Inc
Pipeline operators/owners,Researcher,G3320,3320,P4453,,CB
Pipeline operators/owners,LastUpdated,H3320,3320,P4453,,46297
Pipeline operators/owners,Owner [ref],U3320,3320,P4453,,"https://www.sec.gov/Archives/edgar/data/1276187/000127618726000013/et-20251231.htm, https://www.sec.gov/Archives/edgar/data/1276187/000127618726000013/et12312025ex211.htm"
Pipeline operators/owners,Researcher,G3324,3324,P4457,,CB
Pipeline operators/owners,LastUpdated,H3324,3324,P4457,,46297
Pipeline operators/owners,Operator [ref],Q3324,3324,P4457,,"https://www.pscpublicaccess.alabama.gov/pscpublicaccess/ViewFile.aspx?Id=551e03df-819c-494d-bbab-c36f60b16006, https://www.pscpublicaccess.alabama.gov/pscpublicaccess/PSC/DocketDetailsPage.aspx?DocketId=65b5f9ae-1a69-498a-89bd-d1c3722121c3"
Pipeline operators/owners,Operator,R3324,3324,P4457,,"NextEra Energy Pipeline Holdings (Lowman), Inc."
Pipeline operators/owners,Owner [ref],U3324,3324,P4457,,"https://web.archive.org/web/20230713140710/https://www.lowmanpipeline.com/project.html, https://www.pscpublicaccess.alabama.gov/pscpublicaccess/ViewFile.aspx?Id=551e03df-819c-494d-bbab-c36f60b16006"
Pipeline operators/owners,Researcher,G3325,3325,P4458,,CB
Pipeline operators/owners,LastUpdated,H3325,3325,P4458,,46297
Pipeline operators/owners,Operator [ref],Q3325,3325,P4458,,https://www.eia.gov/naturalgas/pipelines/EIA-NaturalGasPipelineProjectsAug2026.xlsx
Pipeline operators/owners,Operator,R3325,3325,P4458,,Northern Natural Gas Co
Pipeline operators/owners,Owner [ref],U3325,3325,P4458,,https://www.sec.gov/Archives/edgar/data/1081316/000108131626000003/bhe-20251231.htm
Pipeline operators/owners,Owner1,V3325,3325,P4458,Northern Natural Gas,Northern Natural Gas Co
Pipeline operators/owners,Researcher,G3327,3327,P4460,,CB
Pipeline operators/owners,LastUpdated,H3327,3327,P4460,,46297
Pipeline operators/owners,Operator [ref],Q3327,3327,P4460,,https://www.eia.gov/naturalgas/pipelines/EIA-NaturalGasPipelineProjectsAug2026.xlsx
Pipeline operators/owners,Operator,R3327,3327,P4460,,Northern Natural Gas Co
Pipeline operators/owners,Owner [ref],U3327,3327,P4460,,https://www.sec.gov/Archives/edgar/data/1081316/000108131626000003/bhe-20251231.htm
Pipeline operators/owners,Owner1,V3327,3327,P4460,Northern Natural Gas,Northern Natural Gas Co
Pipeline operators/owners,Researcher,G3923,3923,P5113,,CB
Pipeline operators/owners,LastUpdated,H3923,3923,P5113,,46297
Pipeline operators/owners,Operator [ref],Q3923,3923,P5113,,https://dtmidstream.com/asset/leap-gathering-system/
Pipeline operators/owners,Operator,R3923,3923,P5113,,DT Midstream
Pipeline operators/owners,Owner [ref],U3923,3923,P5113,,https://dtmidstream.com/asset/leap-gathering-system/
Pipeline operators/owners,Researcher,G3925,3925,P5115,,CB
Pipeline operators/owners,LastUpdated,H3925,3925,P5115,,46297
Pipeline operators/owners,Operator [ref],Q3925,3925,P5115,,"https://www.sec.gov/Archives/edgar/data/107263/000010726325000145/wmb-20250930.htm, https://naturalgasintel.com/news/williams-prevails-as-ferc-rules-louisiana-leg-system-a-natural-gas-gathering-pipe/"
Pipeline operators/owners,Operator,R3925,3925,P5115,,Williams Companies
Pipeline operators/owners,Owner [ref],U3925,3925,P5115,,"https://www.sec.gov/Archives/edgar/data/107263/000010726326000026/wmb-20260630.htm, https://naturalgasintel.com/news/williams-prevails-as-ferc-rules-louisiana-leg-system-a-natural-gas-gathering-pipe/"
Pipeline operators/owners,Researcher,G4200,4200,P5416,,CB
Pipeline operators/owners,LastUpdated,H4200,4200,P5416,,46297
Pipeline operators/owners,Operator [ref],Q4200,4200,P5416,,https://www.eia.gov/naturalgas/pipelines/EIA-NaturalGasPipelineProjectsAug2026.xlsx
Pipeline operators/owners,Operator,R4200,4200,P5416,,TC Energy
Pipeline operators/owners,Owner [ref],U4200,4200,P5416,,https://www.sec.gov/Archives/edgar/data/1232384/000123238426000015/a12312025tceaifenglish.htm
Pipeline operators/owners,Researcher,G4296,4296,P5519,,CB
Pipeline operators/owners,LastUpdated,H4296,4296,P5519,,46297
Pipeline operators/owners,Operator [ref],Q4296,4296,P5519,,"https://www.federalregister.gov/documents/2021/12/01/2021-26131/texas-eastern-transmission-lp-notice-of-application-and-establishing-intervention-deadline, https://www.eia.gov/naturalgas/pipelines/EIA-NaturalGasPipelineProjectsAug2026.xlsx"
Pipeline operators/owners,Operator,R4296,4296,P5519,,"Texas Eastern Transmission, LP"
Pipeline operators/owners,Owner [ref],U4296,4296,P5519,,"https://pgjonline.com/news/2021/september/enbridge-s-cameron-extension-pipeline-project-nearing-completion, https://www.enbridge.com/~/media/Enb/Documents/Factsheets/FS_EnergyInfrastructureAssets.pdf?la=en, https://www.naturalgasintel.com/news/plaquemines-lng-pipeline-project-cleared-to-start-service/"
Pipeline operators/owners,Researcher,G4297,4297,P5520,,CB
Pipeline operators/owners,LastUpdated,H4297,4297,P5520,,46297
Pipeline operators/owners,Operator [ref],Q4297,4297,P5520,,https://www.eia.gov/naturalgas/pipelines/EIA-NaturalGasPipelineProjectsAug2026.xlsx
Pipeline operators/owners,Operator,R4297,4297,P5520,,"Transcontinental Gas Pipe Line Company, LLC"
Pipeline operators/owners,Owner [ref],U4297,4297,P5520,,https://www.eia.gov/naturalgas/pipelines/EIA-NaturalGasPipelineProjectsAug2026.xlsx
Pipeline operators/owners,Owner1,V4297,4297,P5520,Transco,Williams
Pipeline operators/owners,Owner1%,W4297,4297,P5520,1,
Pipeline operators/owners,Researcher,G4374,4374,P5600,,CB
Pipeline operators/owners,LastUpdated,H4374,4374,P5600,,46297
Pipeline operators/owners,Operator [ref],Q4374,4374,P5600,,https://www.eia.gov/todayinenergy/detail.php?id=50376
Pipeline operators/owners,Operator,R4374,4374,P5600,,Tennessee Gas Pipeline Co
Pipeline operators/owners,Owner [ref],U4374,4374,P5600,,https://www.kindermorgan.com/Operations/Natural-Gas/Index
Pipeline operators/owners,Owner1,V4374,4374,P5600,,Kinder Morgan Inc
Pipeline operators/owners,Owner1%,W4374,4374,P5600,,100
Pipeline operators/owners,Researcher,G4555,4555,P5830,,CB
Pipeline operators/owners,LastUpdated,H4555,4555,P5830,,46297
Pipeline operators/owners,Operator [ref],Q4555,4555,P5830,,"https://www.eia.gov/naturalgas/pipelines/EIA-NaturalGasPipelineProjects.xlsx, https://www.sec.gov/Archives/edgar/data/1633651/000163365120000013/tge2019123110k.htm"
Pipeline operators/owners,Operator,R4555,4555,P5830,,Rockies Express Pipeline LLC
Pipeline operators/owners,Owner [ref],U4555,4555,P5830,,"https://www.sec.gov/Archives/edgar/data/1633651/000163365120000013/tge2019123110k.htm, https://www.sec.gov/Archives/edgar/data/1534701/000153470119000063/psx-20181231_10k.htm"
Pipeline operators/owners,Researcher,G4556,4556,P5831,,CB
Pipeline operators/owners,LastUpdated,H4556,4556,P5831,,46297
Pipeline operators/owners,Operator [ref],Q4556,4556,P5831,,https://www.sec.gov/Archives/edgar/data/1569134/000156913417000009/tep2016123110k.htm
Pipeline operators/owners,Operator,R4556,4556,P5831,,Tallgrass Development
Pipeline operators/owners,Owner [ref],U4556,4556,P5831,,https://www.sec.gov/Archives/edgar/data/1569134/000156913417000009/tep2016123110k.htm
Pipeline operators/owners,Researcher,G4560,4560,P5835,,CB
Pipeline operators/owners,LastUpdated,H4560,4560,P5835,,46297
Pipeline operators/owners,Operator [ref],Q4560,4560,P5835,,"https://www.ferc.gov/sites/default/files/2020-09/CP20-436%20Appalachia%20to%20Market%20Environmental%20Assessment.pdf, https://www.eia.gov/naturalgas/pipelines/EIA-NaturalGasPipelineProjectsAug2026.xlsx"
Pipeline operators/owners,Operator,R4560,4560,P5835,,Texas Eastern Transmission LP
Pipeline operators/owners,Owner [ref],U4560,4560,P5835,,"https://www.sec.gov/Archives/edgar/data/895728/000119312526049810/enb-ex21_1.htm, https://www.sec.gov/Archives/edgar/data/895728/000089572821000039/ei093020218-knr991.htm"
Pipeline operators/owners,Researcher,G4574,4574,P5849,,CB
Pipeline operators/owners,LastUpdated,H4574,4574,P5849,,46297
Pipeline operators/owners,Operator [ref],Q4574,4574,P5849,,"https://www.federalregister.gov/documents/2010/07/06/2010-16282/etc-tiger-pipeline-llc-notice-of-application, https://www.naturalgasintel.com/energy-transfer-tiger-pipeline-gets-environmental-nod/"
Pipeline operators/owners,Operator,R4574,4574,P5849,,Energy Transfer
Pipeline operators/owners,Owner [ref],U4574,4574,P5849,,"https://naturalgasintel.com/news/ferc-clears-etc-tiger-pipeline-expansion-for-service/, https://tigertransfer.energytransfer.com/InfoPost/tariff/tiger/TigerTariff.pdf"
Pipeline operators/owners,Researcher,G4602,4602,P5881,,CB
Pipeline operators/owners,LastUpdated,H4602,4602,P5881,,46297
Pipeline operators/owners,Operator [ref],Q4602,4602,P5881,,"https://www.ogj.com/pipelines-transportation/pipelines/article/17209611/american-midstream-plans-open-season-for-magnolia-pipeline-extension, https://www.txcourts.gov/media/1460589/5-23-25-case-summaries.pdf"
Pipeline operators/owners,Operator,R4602,4602,P5881,,"American Midstream (Alabama Intrastate), LLC"
Pipeline operators/owners,Owner [ref],U4602,4602,P5881,,"https://data.sec.gov/submissions/CIK0001513965.json, https://www.ogj.com/pipelines-transportation/pipelines/article/17209611/american-midstream-plans-open-season-for-magnolia-pipeline-extension"
Pipeline operators/owners,Researcher,G4655,4655,P5939,,CB
Pipeline operators/owners,LastUpdated,H4655,4655,P5939,,46297
Pipeline operators/owners,Operator [ref],Q4655,4655,P5939,,https://www.eia.gov/naturalgas/pipelines/EIA-NaturalGasPipelineProjectsAug2026.xlsx
Pipeline operators/owners,Operator,R4655,4655,P5939,,Gulf South Pipeline
Pipeline operators/owners,Owner [ref],U4655,4655,P5939,,https://www.gulfsouthpl.com/about-us/subsidiaries/gulf-south-pipeline-company-lp/default.aspx
Pipeline operators/owners,Researcher,G4682,4682,P5969,,CB
Pipeline operators/owners,LastUpdated,H4682,4682,P5969,,46297
Pipeline operators/owners,Owner [ref],U4682,4682,P5969,,https://www.sec.gov/Archives/edgar/data/1336047/000133604726000004/bwp-20251231.htm
Pipeline operators/owners,Researcher,G4688,4688,P5975,,CB
Pipeline operators/owners,LastUpdated,H4688,4688,P5975,,46297
Pipeline operators/owners,Operator [ref],Q4688,4688,P5975,,https://www.eia.gov/naturalgas/pipelines/EIA-NaturalGasPipelineProjectsAug2026.xlsx
Pipeline operators/owners,Operator,R4688,4688,P5975,,Gulf South Pipeline Company LP
Pipeline operators/owners,Owner [ref],U4688,4688,P5975,,https://www.sec.gov/Archives/edgar/data/1336047/000133604726000004/bwp-20251231.htm
Pipeline operators/owners,Researcher,G4689,4689,P5976,,CB
Pipeline operators/owners,LastUpdated,H4689,4689,P5976,,46297
Pipeline operators/owners,Operator [ref],Q4689,4689,P5976,,https://www.eia.gov/naturalgas/pipelines/EIA-NaturalGasPipelineProjectsAug2026.xlsx
Pipeline operators/owners,Operator,R4689,4689,P5976,,Gulf South Pipeline
Pipeline operators/owners,Owner [ref],U4689,4689,P5976,,https://www.eia.gov/naturalgas/pipelines/EIA-NaturalGasPipelineProjectsAug2026.xlsx
Pipeline operators/owners,Researcher,G4714,4714,P6003,,CB
Pipeline operators/owners,LastUpdated,H4714,4714,P6003,,46297
Pipeline operators/owners,Operator [ref],Q4714,4714,P6003,,"https://www.ferc.gov/sites/default/files/2020-04/CP18-548-EA.pdf, https://www.prnewswire.com/news-releases/eastern-shore-natural-gas-company-receives-positive-environmental-assessment-from-ferc-for-del-mar-energy-pathway-project-300844449.html"
Pipeline operators/owners,Operator,R4714,4714,P6003,,Eastern Shore Natural Gas Company
Pipeline operators/owners,Owner [ref],U4714,4714,P6003,,"https://www.prnewswire.com/news-releases/eastern-shore-natural-gas-company-receives-positive-environmental-assessment-from-ferc-for-del-mar-energy-pathway-project-300844449.html, https://www.sec.gov/Archives/edgar/data/19745/000162828022003530/cpk-20211231.htm"
Pipeline operators/owners,Researcher,G4715,4715,P6004,,CB
Pipeline operators/owners,LastUpdated,H4715,4715,P6004,,46297
Pipeline operators/owners,Operator [ref],Q4715,4715,P6004,,"https://www.scc.virginia.gov/docketsearch/DOCS/5qr301!.PDF, https://web.archive.org/web/20231129162648/https://www.hanovercounty.gov/1143/Chickahominy-Pipeline"
Pipeline operators/owners,Operator,R4715,4715,P6004,,Chickahominy Pipeline LLC
Pipeline operators/owners,Owner [ref],U4715,4715,P6004,,"https://web.archive.org/web/20231129162648/https://www.hanovercounty.gov/1143/Chickahominy-Pipeline, https://www.scc.virginia.gov/docketsearch/DOCS/5qr301!.PDF"
Pipeline operators/owners,Researcher,G5405,5405,P6843,,CB
Pipeline operators/owners,LastUpdated,H5405,5405,P6843,,46297
Pipeline operators/owners,Operator [ref],Q5405,5405,P6843,,"https://dtmidstream.com/asset/leap-gathering-system/, https://www.eia.gov/naturalgas/pipelines/EIA-NaturalGasPipelineProjectsAug2026.xlsx"
Pipeline operators/owners,Operator,R5405,5405,P6843,,DT Midstream
Pipeline operators/owners,Owner [ref],U5405,5405,P6843,,"https://dtmidstream.com/asset/leap-gathering-system/, https://naturalgasintel.com/news/dt-midstream-sanctions-leap-phase-4-natural-gas-pipeline-expansion-for-haynesville-growth/"
Pipeline operators/owners,Researcher,G5472,5472,P7106,,CB
Pipeline operators/owners,LastUpdated,H5472,5472,P7106,,46297
Pipeline operators/owners,Owner [ref],U5472,5472,P7106,https://www.power-eng.com/gas/new-projects-gas/permits-put-on-hold-for-planned-pipeline-to-fuel-a-new-tennessee-natural-gas-power-plant/,"https://www.power-eng.com/gas/new-projects-gas/permits-put-on-hold-for-planned-pipeline-to-fuel-a-new-tennessee-natural-gas-power-plant/, https://marcellusdrilling.com/2026/07/km-reports-tgp-cumberland-project-gas-pipe-in-tn-now-online/, https://www.eia.gov/naturalgas/pipelines/EIA-NaturalGasPipelineProjectsAug2026.xlsx"
Pipeline operators/owners,Researcher,G6120,6120,P7771,,CB
Pipeline operators/owners,LastUpdated,H6120,6120,P7771,,46297
Pipeline operators/owners,Operator [ref],Q6120,6120,P7771,,https://www.eia.gov/naturalgas/pipelines/EIA-NaturalGasPipelineProjectsAug2026.xlsx
Pipeline operators/owners,Researcher,G6134,6134,P7785,,CB
Pipeline operators/owners,LastUpdated,H6134,6134,P7785,,46297
Pipeline operators/owners,Operator [ref],Q6134,6134,P7785,,"https://www.eia.gov/naturalgas/pipelines/EIA-NaturalGasPipelineProjects_Jan2026.xlsx, https://www.sec.gov/Archives/edgar/data/107263/000010726326000006/wmb-20251231.htm"
Pipeline operators/owners,Owner [ref],U6134,6134,P7785,https://www.williams.com/pipeline/mountainwest/,"https://www.williams.com/pipeline/mountainwest/, https://www.sec.gov/Archives/edgar/data/107263/000010726326000006/wmb-20251231.htm, https://www.sec.gov/Archives/edgar/data/1692115/000169211523000056/swx-20221231.htm"
Pipeline operators/owners,Researcher,G6146,6146,P7797,,CB
Pipeline operators/owners,LastUpdated,H6146,6146,P7797,,46297
Pipeline operators/owners,Operator [ref],Q6146,6146,P7797,,"https://www.govinfo.gov/content/pkg/FR-2025-06-24/pdf/2025-11578.pdf, https://www.eia.gov/naturalgas/pipelines/EIA-NaturalGasPipelineProjectsAug2026.xlsx"
Pipeline operators/owners,Owner [ref],U6146,6146,P7797,https://www.eia.gov/naturalgas/data.php#pipelines,"https://www.eia.gov/naturalgas/data.php#pipelines, https://lngconnectionapi.cheniere.com/tempImages/CTPL-Open-Season.pdf, https://www.cheniere.com/about/where-we-work/creole-trail-pipeline"
Pipeline operators/owners,Researcher,G6149,6149,P7800,,CB
Pipeline operators/owners,LastUpdated,H6149,6149,P7800,,46297
Pipeline operators/owners,Operator [ref],Q6149,6149,P7800,,https://www.eia.gov/naturalgas/pipelines/EIA-NaturalGasPipelineProjectsAug2026.xlsx
Pipeline operators/owners,Operator,R6149,6149,P7800,Trancontinental Gas Pipe Line Co LLC,"Transcontinental Gas Pipe Line Company, LLC"
Pipeline operators/owners,Owner [ref],U6149,6149,P7800,https://www.eia.gov/naturalgas/data.php#pipelines,"https://www.eia.gov/naturalgas/data.php#pipelines, https://www.eia.gov/naturalgas/pipelines/EIA-NaturalGasPipelineProjectsAug2026.xlsx"
Pipeline operators/owners,Researcher,G6150,6150,P7801,,CB
Pipeline operators/owners,LastUpdated,H6150,6150,P7801,,46297
Pipeline operators/owners,Operator [ref],Q6150,6150,P7801,,https://www.eia.gov/naturalgas/pipelines/EIA-NaturalGasPipelineProjectsAug2026.xlsx
Pipeline operators/owners,Researcher,G6155,6155,P7806,,CB
Pipeline operators/owners,LastUpdated,H6155,6155,P7806,,46297
Pipeline operators/owners,Operator [ref],Q6155,6155,P7806,,"https://www.eia.gov/naturalgas/pipelines/EIA-NaturalGasPipelineProjectsAug2026.xlsx, https://www.sec.gov/Archives/edgar/data/19745/000162828026011753/cpk-20251231.htm"
Pipeline operators/owners,Owner [ref],U6155,6155,P7806,https://www.eia.gov/naturalgas/data.php#pipelines,"https://www.eia.gov/naturalgas/data.php#pipelines, https://www.sec.gov/Archives/edgar/data/19745/000162828026011753/cpk-20251231.htm, https://www.eia.gov/naturalgas/pipelines/EIA-NaturalGasPipelineProjectsAug2026.xlsx"
Pipeline operators/owners,Researcher,G6164,6164,P7815,,CB
Pipeline operators/owners,LastUpdated,H6164,6164,P7815,,46297
Pipeline operators/owners,Operator [ref],Q6164,6164,P7815,,"https://bwpipelines.com/subsidiaries/gulf-south-pipeline-company/home, https://www.ogj.com/general-interest/government/news/55371919/ferc-approves-gulf-souths-261-million-gas-pipeline-capacity-expansion"
Pipeline operators/owners,Owner [ref],U6164,6164,P7815,https://www.eia.gov/naturalgas/data.php#pipelines,"https://www.eia.gov/naturalgas/data.php#pipelines, https://www.sec.gov/Archives/edgar/data/0001336047/000133604726000011/bwp-20260630.htm, https://bwpipelines.com/subsidiaries/gulf-south-pipeline-company/home"
Pipeline operators/owners,Researcher,G6172,6172,P7823,,CB
Pipeline operators/owners,LastUpdated,H6172,6172,P7823,,46297
Pipeline operators/owners,Operator [ref],Q6172,6172,P7823,,"https://www.eia.gov/naturalgas/pipelines/EIA-NaturalGasPipelineProjectsAug2026.xlsx, https://www.swgas.com/1409205757437/20190612_Spring-Creek-Application.pdf"
Pipeline operators/owners,Owner [ref],U6172,6172,P7823,https://www.eia.gov/naturalgas/data.php#pipelines; https://springcreekgas.com/,"https://www.eia.gov/naturalgas/data.php#pipelines; https://springcreekgas.com/, https://www.eia.gov/naturalgas/pipelines/EIA-NaturalGasPipelineProjectsAug2026.xlsx, https://www.swgas.com/1409205757437/20190612_Spring-Creek-Application.pdf"
Pipeline operators/owners,Researcher,G6173,6173,P7824,,CB
Pipeline operators/owners,LastUpdated,H6173,6173,P7824,,46297
Pipeline operators/owners,Operator [ref],Q6173,6173,P7824,,"https://www.federalregister.gov/documents/2025/01/07/2025-00090/florida-gas-transmission-llc-notice-of-application-and-establishing-intervention-deadline, https://www.eia.gov/naturalgas/pipelines/EIA-NaturalGasPipelineProjectsAug2026.xlsx"
Pipeline operators/owners,Operator,R6173,6173,P7824,,"Florida Gas Transmission Company, LLC"
Pipeline operators/owners,Owner [ref],U6173,6173,P7824,https://www.eia.gov/naturalgas/data.php#pipelines,"https://www.eia.gov/naturalgas/data.php#pipelines, https://www.federalregister.gov/documents/2025/01/07/2025-00090/florida-gas-transmission-llc-notice-of-application-and-establishing-intervention-deadline, https://www.eia.gov/naturalgas/pipelines/EIA-NaturalGasPipelineProjectsAug2026.xlsx"
Pipeline operators/owners,Researcher,G6175,6175,P7826,,CB
Pipeline operators/owners,LastUpdated,H6175,6175,P7826,,46297
Pipeline operators/owners,Operator [ref],Q6175,6175,P7826,,https://www.eia.gov/naturalgas/pipelines/EIA-NaturalGasPipelineProjectsAug2026.xlsx
Pipeline operators/owners,Researcher,G6346,6346,P7999,,CB
Pipeline operators/owners,LastUpdated,H6346,6346,P7999,,46297
Pipeline operators/owners,Operator [ref],Q6346,6346,P7999,,"https://www.tcenergy.com/announcements/2026/2026-05-01-tc-energy-reports-strong-first-quarter-2026-operating-and-financial-results/, https://www.ogj.com/pipelines-transportation/pipelines/news/55375587/tc-energy-expanding-columbia-gas-system-with-800-mmcfd-appalachia-supply-project"
Pipeline operators/owners,Operator,R6346,6346,P7999,,Columbia Gas Transmission LLC
Pipeline operators/owners,Owner [ref],U6346,6346,P7999,,"https://www.tcenergy.com/announcements/2026/2026-05-01-tc-energy-reports-strong-first-quarter-2026-operating-and-financial-results/, https://www.ogj.com/pipelines-transportation/pipelines/news/55375587/tc-energy-expanding-columbia-gas-system-with-800-mmcfd-appalachia-supply-project"
Pipeline operators/owners,Owner1,V6346,6346,P7999,,Columbia Gas Transmission LLC
Pipeline operators/owners,Owner1%,W6346,6346,P7999,,100.00%
Gas pipelines,Status [ref],I16,16,P0155,,"https://www.cnn.com/2020/07/05/us/duke-dominion-energy-cancel-atlantic-coast-pipeline/index.html, https://www.eia.gov/naturalgas/pipelines/EIA-NaturalGasPipelineProjects_Jan2021.xlsx"
Gas pipelines,Fuel [ref],M16,16,P0155,,https://www.eia.gov/naturalgas/pipelines/EIA-NaturalGasPipelineProjects_Jan2021.xlsx
Gas pipelines,Cancelled [ref],AT16,16,P0155,,https://www.cnn.com/2020/07/05/us/duke-dominion-energy-cancel-atlantic-coast-pipeline/index.html
Gas pipelines,Capacity [ref],AZ16,16,P0155,,https://www.eia.gov/naturalgas/pipelines/EIA-NaturalGasPipelineProjects_Jan2021.xlsx
Gas pipelines,Length [ref],BI16,16,P0155,,https://www.eia.gov/naturalgas/pipelines/EIA-NaturalGasPipelineProjects_Jan2021.xlsx
Gas pipelines,Diameter [ref],BO16,16,P0155,,https://www.eia.gov/naturalgas/pipelines/EIA-NaturalGasPipelineProjects_Jan2021.xlsx
Gas pipelines,FuelSource [ref],BR16,16,P0155,,https://news.duke-energy.com/releases/duke-energy-piedmont-natural-gas-select-dominion-to-build-550-mile-atlantic-coast-pipeline-to-transport-natural-gas-from-west-virginia-to-eastern-north-carolina
Gas pipelines,Status [ref],I20,20,P0159,,"https://www.oneok.com/bridgeline, https://www.sec.gov/Archives/edgar/data/1039684/000103968426000006/oke10-k2025exhibit21.htm"
Gas pipelines,Researcher,J20,20,P0159,HK,CB
Gas pipelines,LastUpdated,K20,20,P0159,45160,46297
Gas pipelines,Fuel [ref],M20,20,P0159,,"https://www.oneok.com/bridgeline, https://www.worldpipelines.com/business-news/03102014/enlink-midstream-acquires-louisiana-pipeline-assets-876/"
Gas pipelines,Start [ref],AL20,20,P0159,,"http://web.archive.org/web/20250518234949/https://www.nytimes.com/2000/02/16/business/company-news-texaco-and-enron-to-combine-some-natural-gas-units.html, https://www.naturalgasintel.com/news/texaco-enron-join-forces-in-louisiana/"
Gas pipelines,Capacity [ref],AZ20,20,P0159,,https://www.worldpipelines.com/business-news/03102014/enlink-midstream-acquires-louisiana-pipeline-assets-876/
Gas pipelines,Length [ref],BI20,20,P0159,,https://www.worldpipelines.com/business-news/03102014/enlink-midstream-acquires-louisiana-pipeline-assets-876/
Gas pipelines,Location [ref],CF20,20,P0159,,https://www.govinfo.gov/content/pkg/FR-1996-08-26/html/96-21609.htm
Gas pipelines,Status [ref],I27,27,P0166,,"https://www.federalregister.gov/documents/2024/10/09/2024-23301/cheyenne-plains-gas-pipeline-company-llc-and-natural-gas-pipeline-company-of-america-llc-notice-of, https://kindermorgan.com/pages/business/gas_pipelines/west/CheyennePlains"
Gas pipelines,Researcher,J27,27,P0166,HK,CB
Gas pipelines,LastUpdated,K27,27,P0166,45155,46297
Gas pipelines,Fuel [ref],M27,27,P0166,,"https://www.federalregister.gov/documents/2004/02/26/E4-412/cheyenne-plains-gas-pipeline-company-llc-and-colorado-interstate-gas-company-notice-of-availability, https://www.industrialinfo.com/news/article/el-paso-begins-construction-on-cheyenne-plains-natural-gas-pipeline--47423"
Gas pipelines,PipelineType [ref],O27,27,P0166,,"https://www.federalregister.gov/documents/2003/06/04/03-13988/cheyenne-plains-gas-pipeline-company-notice-of-application, https://www.industrialinfo.com/news/article/el-paso-begins-construction-on-cheyenne-plains-natural-gas-pipeline--47423"
Gas pipelines,ProposalYear,Z27,27,P0166,,2003
Gas pipelines,ProposalMonth,AA27,27,P0166,,5
Gas pipelines,Proposal [ref],AB27,27,P0166,,https://www.federalregister.gov/documents/2003/06/04/03-13988/cheyenne-plains-gas-pipeline-company-notice-of-application
Gas pipelines,ConstructionYear,AC27,27,P0166,,2004
Gas pipelines,ConstructionMonth,AD27,27,P0166,,7
Gas pipelines,Construction [ref],AE27,27,P0166,,"https://www.industrialinfo.com/news/article/el-paso-begins-construction-on-cheyenne-plains-natural-gas-pipeline--47423, https://www.eia.gov/naturalgas/pipelines/EIA-NaturalGasPipelineProjects.xlsx"
Gas pipelines,Start [ref],AL27,27,P0166,,"https://www.industrialinfo.com/news/article/el-paso-begins-construction-on-cheyenne-plains-natural-gas-pipeline--47423, https://www.offshore-technology.com/marketdata/cheyenne-plains-gas-gas-pipeline-the-us/"
Gas pipelines,Capacity [ref],AZ27,27,P0166,,"https://www.federalregister.gov/documents/2007/04/18/E7-7308/cheyenne-plains-gas-pipeline-company-llc-notice-of-application, https://www.industrialinfo.com/news/article/el-paso-begins-construction-on-cheyenne-plains-natural-gas-pipeline--47423, https://www.eia.gov/naturalgas/pipelines/EIA-NaturalGasPipelineProjects.xlsx"
Gas pipelines,Length [ref],BI27,27,P0166,,"https://www.federalregister.gov/documents/2004/02/26/E4-412/cheyenne-plains-gas-pipeline-company-llc-and-colorado-interstate-gas-company-notice-of-availability, https://www.eia.gov/naturalgas/pipelines/EIA-NaturalGasPipelineProjects.xlsx"
Gas pipelines,Diameter [ref],BO27,27,P0166,,"https://www.federalregister.gov/documents/2004/02/26/E4-412/cheyenne-plains-gas-pipeline-company-llc-and-colorado-interstate-gas-company-notice-of-availability, https://www.eia.gov/naturalgas/pipelines/EIA-NaturalGasPipelineProjects.xlsx"
Gas pipelines,Status [ref],I29,29,P0168,,"https://www.sec.gov/Archives/edgar/data/200155/000020015515000003/cig-20141231x10k.htm, https://www.kindermorgan.com/operations/natural-gas/index"
Gas pipelines,Researcher,J29,29,P0168,HK,CB
Gas pipelines,LastUpdated,K29,29,P0168,45161,46297
Gas pipelines,Fuel [ref],M29,29,P0168,,"https://www.sec.gov/Archives/edgar/data/200155/000020015515000003/cig-20141231x10k.htm, https://en.wikipedia.org/wiki/Colorado_Interstate_Gas"
Gas pipelines,Capacity [ref],AZ29,29,P0168,,"https://www.sec.gov/Archives/edgar/data/200155/000020015515000003/cig-20141231x10k.htm, https://pipeline2.kindermorgan.com/Documents/CIG/CIG_CI_Cpny_Overview.pdf"
Gas pipelines,Status [ref],I30,30,P0169,,"https://www.tcenergy.com/operations/natural-gas/columbia-gas-transmission/, https://www.pilotonline.com/2023/07/25/gas-pipeline-explodes-near-interstate-in-rural-virginia-no-injuries-reported"
Gas pipelines,Researcher,J30,30,P0169,BL,CB
Gas pipelines,LastUpdated,K30,30,P0169,44840,46297
Gas pipelines,Fuel [ref],M30,30,P0169,,"https://www.tcenergy.com/operations/natural-gas/columbia-gas-transmission/, https://www.pilotonline.com/2023/07/25/gas-pipeline-explodes-near-interstate-in-rural-virginia-no-injuries-reported"
Gas pipelines,Capacity [ref],AZ30,30,P0169,,http://web.archive.org/web/20181213204858/https://www.transcanada.com/en/operations/natural-gas/columbia-gas-transmission/
Gas pipelines,Location [ref],CF30,30,P0169,,https://www.tcenergy.com/operations/natural-gas/columbia-gas-transmission/
Gas pipelines,Researcher,J31,31,P0170,,CB
Gas pipelines,LastUpdated,K31,31,P0170,,46297
Gas pipelines,Fuel [ref],M31,31,P0170,,"https://www.naturalgasintel.com/news/trio-seeks-shippers-for-commonwealth-pipeline/, https://whyy.org/articles/plans-suspended-for-120-mile-gas-pipeline-in-pa/"
Gas pipelines,ProposalYear,Z31,31,P0170,,2012
Gas pipelines,ProposalMonth,AA31,31,P0170,,3
Gas pipelines,Proposal [ref],AB31,31,P0170,,"https://naturalgasintel.com/news/2b-worth-of-pipeline-projects-target-marcellus-gas/, https://marcellusdrilling.com/2012/03/new-1b-marcellus-gas-pipeline-coming-from-ne-pa-to-md/"
Gas pipelines,Capacity [ref],AZ31,31,P0170,,https://www.naturalgasintel.com/news/trio-seeks-shippers-for-commonwealth-pipeline/
Gas pipelines,LengthKnown,BF31,31,P0170,,200
Gas pipelines,LengthKnownUnits,BG31,31,P0170,,mi
Gas pipelines,Length [ref],BI31,31,P0170,,"https://www.naturalgasintel.com/news/trio-seeks-shippers-for-commonwealth-pipeline/, https://marcellusdrilling.com/2012/03/new-1b-marcellus-gas-pipeline-coming-from-ne-pa-to-md/"
Gas pipelines,Diameter,BM31,31,P0170,,30
Gas pipelines,DiameterUnits,BN31,31,P0170,,in
Gas pipelines,Diameter [ref],BO31,31,P0170,,"https://www.naturalgasintel.com/news/trio-seeks-shippers-for-commonwealth-pipeline/, https://www.nbcphiladelphia.com/news/local/plans-for-natural-gas-pipeline-suspended/2087629/"
Gas pipelines,FuelSource [ref],BR31,31,P0170,,"https://naturalgasintel.com/news/2b-worth-of-pipeline-projects-target-marcellus-gas/, https://whyy.org/articles/plans-suspended-for-120-mile-gas-pipeline-in-pa/"
Gas pipelines,Location [ref],CF31,31,P0170,,https://www.naturalgasintel.com/news/trio-seeks-shippers-for-commonwealth-pipeline/
Gas pipelines,Status,H32,32,P0171,cancelled,proposed
Gas pipelines,Status [ref],I32,32,P0171,,"https://www.williams.com/wp-content/uploads/sites/8/2026/01/2026.1.8-Notice-of-Petition-Constitution.pdf, https://marcellusdrilling.com/2026/08/ferc-enviro-assessment-for-constitution-pipe-no-significant-impact/, https://www.federalregister.gov/documents/2026/08/26/2026-17399/constitution-pipeline-company-llc-iroquois-gas-transmission-system-lp-notice-of-availability-of-the"
Gas pipelines,Researcher,J32,32,P0171,,CB
Gas pipelines,LastUpdated,K32,32,P0171,,46297
Gas pipelines,Fuel [ref],M32,32,P0171,,"https://www.williams.com/wp-content/uploads/sites/8/2026/01/2026.1.8-Notice-of-Petition-Constitution.pdf, https://www.rigzone.com/news/williams_partners_ditch_constitution_pipeline_plans-26-feb-2020-161201-article/"
Gas pipelines,ProposalYear,Z32,32,P0171,,2012
Gas pipelines,ProposalMonth,AA32,32,P0171,,2
Gas pipelines,Proposal [ref],AB32,32,P0171,,"https://www.sec.gov/Archives/edgar/data/0001324518/000119312512073005/d304893dex991.htm, https://www.prnewswire.com/news-releases/piedmont-natural-gas-announces-investment-in-constitution-pipeline-project-179085591.html"
Gas pipelines,ConstructionYear,AC32,32,P0171,,2016
Gas pipelines,ConstructionMonth,AD32,32,P0171,,2
Gas pipelines,Construction [ref],AE32,32,P0171,,"https://stateimpact.npr.org/pennsylvania/2016/02/04/landowners-brace-for-start-of-tree-felling-by-constitution-pipeline-builders, https://stateimpact.npr.org/pennsylvania/2016/02/22/judge-restarts-tree-felling-for-construction-of-constitution-pipeline/"
Gas pipelines,CancelledYear,AS32,32,P0171,2020,
Gas pipelines,Cancelled [ref],AT32,32,P0171,,"https://pgjonline.com/news/2020/02-february/williams-cancels-ny-constitution-pipeline, https://www.courthousenews.com/costs-delays-scuttle-124-mile-constitution-pipeline-project/"
Gas pipelines,ShelvedCancelledType,AW32,32,P0171,confirmed,
Gas pipelines,Capacity [ref],AZ32,32,P0171,,"https://www.williams.com/wp-content/uploads/sites/8/2026/01/2026.1.8-Notice-of-Petition-Constitution.pdf, https://www.rigzone.com/news/williams_partners_ditch_constitution_pipeline_plans-26-feb-2020-161201-article/"
Gas pipelines,Pressure,BA32,32,P0171,,1480
Gas pipelines,PressureUnits,BB32,32,P0171,,psig
Gas pipelines,Pressure [ref],BC32,32,P0171,,https://www.offshore-technology.com/projects/constitution-natural-gas-pipeline-pennsylvania/
Gas pipelines,LengthKnown,BF32,32,P0171,,124
Gas pipelines,LengthKnownUnits,BG32,32,P0171,,mi
Gas pipelines,Length [ref],BI32,32,P0171,,"https://www.courthousenews.com/costs-delays-scuttle-124-mile-constitution-pipeline-project/, https://www.williams.com/wp-content/uploads/sites/8/2026/01/2026.1.8-Notice-of-Petition-Constitution.pdf"
Gas pipelines,Diameter,BM32,32,P0171,,30
Gas pipelines,DiameterUnits,BN32,32,P0171,,in
Gas pipelines,Diameter [ref],BO32,32,P0171,,"https://www.williams.com/wp-content/uploads/sites/8/2026/01/2026.1.8-Notice-of-Petition-Constitution.pdf, https://www.offshore-technology.com/projects/constitution-natural-gas-pipeline-pennsylvania/"
Gas pipelines,FuelSource [ref],BR32,32,P0171,,"https://www.rigzone.com/news/williams_partners_ditch_constitution_pipeline_plans-26-feb-2020-161201-article/, https://www.prnewswire.com/news-releases/piedmont-natural-gas-announces-investment-in-constitution-pipeline-project-179085591.html"
Gas pipelines,SegmentCost,CJ32,32,P0171,,700000000.0
Gas pipelines,SegmentCostUnits,CK32,32,P0171,,USD
Gas pipelines,SegmentCostYear,CL32,32,P0171,,2013
Gas pipelines,SegmentCost [ref],CM32,32,P0171,,https://www.courthousenews.com/costs-delays-scuttle-124-mile-constitution-pipeline-project/
Gas pipelines,Status [ref],I33,33,P0172,,"https://www.tcenergy.com/operations/natural-gas/crossroads-pipeline/, https://www.sec.gov/Archives/edgar/data/1629995/000162999517000003/cpgx-20161231x10k.htm"
Gas pipelines,Researcher,J33,33,P0172,HK,CB
Gas pipelines,LastUpdated,K33,33,P0172,45161,46297
Gas pipelines,Fuel [ref],M33,33,P0172,,"https://www.tcenergy.com/operations/natural-gas/crossroads-pipeline/, https://www.sec.gov/Archives/edgar/data/1629995/000162999517000003/cpgx-20161231x10k.htm"
Gas pipelines,ProposalYear,Z33,33,P0172,,1993
Gas pipelines,ProposalMonth,AA33,33,P0172,,2
Gas pipelines,Proposal [ref],AB33,33,P0172,,https://www.nwitimes.com/uncategorized/nipsco-to-convert-pipeline/article_adbc48c0-701f-5fd8-8969-cfa4c73bd9cf.html
Gas pipelines,ConstructionYear,AC33,33,P0172,,1993
Gas pipelines,ConstructionMonth,AD33,33,P0172,,9
Gas pipelines,Construction [ref],AE33,33,P0172,,https://www.nwitimes.com/uncategorized/nipsco-to-convert-pipeline/article_adbc48c0-701f-5fd8-8969-cfa4c73bd9cf.html
Gas pipelines,Length [ref],BI33,33,P0172,,"https://www.tcenergy.com/operations/natural-gas/crossroads-pipeline/, https://www.nwitimes.com/uncategorized/nipsco-to-convert-pipeline/article_adbc48c0-701f-5fd8-8969-cfa4c73bd9cf.html"
Gas pipelines,FuelSource,BQ33,33,P0172,,United States and Canada
Gas pipelines,FuelSource [ref],BR33,33,P0172,,https://www.tcenergy.com/operations/natural-gas/crossroads-pipeline/
Gas pipelines,Location [ref],CF33,33,P0172,,"https://www.tcenergy.com/operations/natural-gas/crossroads-pipeline/, https://www.nwitimes.com/uncategorized/nipsco-to-convert-pipeline/article_adbc48c0-701f-5fd8-8969-cfa4c73bd9cf.html"
Gas pipelines,SegmentCost,CJ33,33,P0172,,30000000.0
Gas pipelines,SegmentCostUnits,CK33,33,P0172,,USD
Gas pipelines,SegmentCostYear,CL33,33,P0172,,1993
Gas pipelines,SegmentCost [ref],CM33,33,P0172,,https://www.nwitimes.com/uncategorized/nipsco-to-convert-pipeline/article_adbc48c0-701f-5fd8-8969-cfa4c73bd9cf.html
Gas pipelines,Status [ref],I40,40,P0179,,"https://insideclimatenews.org/news/25062026/enbridge-tennessee-ridgeline-expansion-project/, https://naturalgasintel.com/news/east-tennessee-transco-natural-gas-pipes-approved-by-ferc/"
Gas pipelines,Researcher,J40,40,P0179,BL,CB
Gas pipelines,LastUpdated,K40,40,P0179,45149,46297
Gas pipelines,Fuel [ref],M40,40,P0179,,"https://infopost.enbridge.com/infopost/Body_ET.htm, https://rextag.com/pages/east-tennessee-natural-gas"
Gas pipelines,PipelineType [ref],O40,40,P0179,,"https://www.govinfo.gov/content/pkg/FR-1996-07-26/pdf/96-19022.pdf, https://naturalgasintel.com/news/east-tennessee-transco-natural-gas-pipes-approved-by-ferc/"
Gas pipelines,Capacity [ref],AZ40,40,P0179,,"https://infopost.enbridge.com/infopost/Body_ET.htm, https://rextag.com/pages/east-tennessee-natural-gas"
Gas pipelines,Length [ref],BI40,40,P0179,,"https://infopost.enbridge.com/infopost/Body_ET.htm, https://rextag.com/pages/east-tennessee-natural-gas"
Gas pipelines,Location [ref],CF40,40,P0179,,"https://infopost.enbridge.com/infopost/Body_ET.htm, https://rextag.com/pages/east-tennessee-natural-gas"
Gas pipelines,Status [ref],I41,41,P0180,,"https://www.sec.gov/Archives/edgar/data/1012569/000119312510039066/d10k.htm, http://web.archive.org/web/20170606033904/http://energytransfer.com/ops_intrastate.aspx"
Gas pipelines,Researcher,J41,41,P0180,HK,CB
Gas pipelines,LastUpdated,K41,41,P0180,45161,46297
Gas pipelines,Fuel [ref],M41,41,P0180,,"https://www.sec.gov/Archives/edgar/data/1012569/000119312510039066/d10k.htm, http://web.archive.org/web/20170606033904/http://energytransfer.com/ops_intrastate.aspx"
Gas pipelines,Capacity [ref],AZ41,41,P0180,,"https://www.sec.gov/Archives/edgar/data/1012569/000119312510039066/d10k.htm, http://web.archive.org/web/20170606033904/http://energytransfer.com/ops_intrastate.aspx"
Gas pipelines,Length [ref],BI41,41,P0180,,"https://www.sec.gov/Archives/edgar/data/1012569/000119312510039066/d10k.htm, http://web.archive.org/web/20170606033904/http://energytransfer.com/ops_intrastate.aspx"
Gas pipelines,EndLocation,BY41,41,P0180,,Katy
Gas pipelines,Location [ref],CF41,41,P0180,,"https://etcetconnect.energytransfer.com/ipost/capacity/design-capacity-for-intrastates?asset=ETGP, https://www.sec.gov/Archives/edgar/data/1012569/000119312510039066/d10k.htm, http://web.archive.org/web/20170606033904/http://energytransfer.com/ops_intrastate.aspx"
Gas pipelines,Status [ref],I42,42,P0182,,"https://www.chpk.com/about-us/our-businesses/eastern-shore-natural-gas/, https://www.federalregister.gov/documents/2023/12/29/2023-28754/eastern-shore-natural-gas-company-notice-of-schedule-for-the-preparation-of-an-environmental"
Gas pipelines,Researcher,J42,42,P0182,HK,CB
Gas pipelines,LastUpdated,K42,42,P0182,45161,46297
Gas pipelines,Fuel [ref],M42,42,P0182,,"https://www.chpk.com/about-us/our-businesses/eastern-shore-natural-gas/, https://www.esng.com/about/our-pipeline-assets/"
Gas pipelines,PipelineType [ref],O42,42,P0182,,https://www.chpk.com/about-us/our-businesses/eastern-shore-natural-gas/
Gas pipelines,Start [ref],AL42,42,P0182,,https://www.esng.com/about/our-history/
Gas pipelines,Status [ref],I43,43,P0184,,"https://www.kindermorgan.com/Operations/Natural-Gas/Index, https://en.wikipedia.org/wiki/El_Paso_Natural_Gas"
Gas pipelines,Researcher,J43,43,P0184,HK,CB
Gas pipelines,LastUpdated,K43,43,P0184,45154,46297
Gas pipelines,Fuel [ref],M43,43,P0184,,"https://www.kindermorgan.com/Operations/Natural-Gas/Index, https://en.wikipedia.org/wiki/El_Paso_Natural_Gas"
Gas pipelines,Capacity [ref],AZ43,43,P0184,,https://www.sec.gov/Archives/edgar/data/1506307/000150630719000033/kmi-2018x10k.htm
Gas pipelines,Length [ref],BI43,43,P0184,,"https://www.kindermorgan.com/Operations/Natural-Gas/Index, https://en.wikipedia.org/wiki/El_Paso_Natural_Gas"
Gas pipelines,FuelSource [ref],BR43,43,P0184,,"https://www.kindermorgan.com/Operations/Natural-Gas/Index, https://www.sec.gov/Archives/edgar/data/1506307/000150630719000033/kmi-2018x10k.htm, https://en.wikipedia.org/wiki/El_Paso_Natural_Gas"
Gas pipelines,Location [ref],CF43,43,P0184,,"https://www.kindermorgan.com/Operations/Natural-Gas/Index, https://en.wikipedia.org/wiki/El_Paso_Natural_Gas"
Gas pipelines,Status [ref],I44,44,P0185,,"https://pgjonline.com/news/2025/november/enstor-completes-acquisition-of-black-bear-transmission-adding-1-700-miles-of-pipelines, https://www.federalregister.gov/documents/2024/10/15/2024-23674/bbt-alatenn-llc-notice-of-request-under-blanket-authorization-and-establishing-intervention-and"
Gas pipelines,Researcher,J44,44,P0185,HK,CB
Gas pipelines,LastUpdated,K44,44,P0185,45162,46297
Gas pipelines,Fuel [ref],M44,44,P0185,,"https://www.pipelinesafetyinfo.com/user/file/Alabama/BBT%20AlaTenn%20LLC.pdf, https://www.federalregister.gov/documents/2019/06/18/2019-12814/american-midstream-alatenn-llc-notice-of-request-under-blanket-authorization"
Gas pipelines,PipelineType [ref],O44,44,P0185,,"https://www.blackbearllc.com/natural-gas-transmission, https://www.pscpublicaccess.alabama.gov/pscpublicaccess/ViewFile.aspx?Id=4e1108a8-c4e3-4932-ad81-a2c073a5b77a"
Gas pipelines,Pressure,BA44,44,P0185,,550-977
Gas pipelines,PressureUnits,BB44,44,P0185,,psig
Gas pipelines,Pressure [ref],BC44,44,P0185,,https://www.blackbearllc.com/natural-gas-transmission
Gas pipelines,Diameter [ref],BO44,44,P0185,,"https://www.federalregister.gov/documents/2024/10/15/2024-23674/bbt-alatenn-llc-notice-of-request-under-blanket-authorization-and-establishing-intervention-and, https://www.blackbearllc.com/natural-gas-transmission"
Gas pipelines,Status [ref],I45,45,P0186,,"https://mvpurchasing.com/kpcpipeline/, http://www.gasnom.com/ip/kpc/body.cfm, https://www.pipelinesafetyinfo.com/user/file/Kansas%20(KPA)/KPC%20Pipeline%20LLC.pdf"
Gas pipelines,Researcher,J45,45,P0186,HK,CB
Gas pipelines,LastUpdated,K45,45,P0186,45162,46297
Gas pipelines,Fuel [ref],M45,45,P0186,,"https://www.sec.gov/Archives/edgar/data/880285/000119312509033100/d10k.htm, http://www.gasnom.com/ip/kpc/body.cfm"
Gas pipelines,PipelineType [ref],O45,45,P0186,,"https://www.sec.gov/Archives/edgar/data/880285/000119312509033100/d10k.htm, https://www.pipelinesafetyinfo.com/user/file/Kansas%20(KPA)/KPC%20Pipeline%20LLC.pdf"
Gas pipelines,Capacity [ref],AZ45,45,P0186,,"http://www.gasnom.com/ip/kpc/body.cfm, https://www.pipelinesafetyinfo.com/user/file/Kansas%20(KPA)/KPC%20Pipeline%20LLC.pdf, https://www.pipelinesafetyinfo.com/user/file/Oklahoma/KPC%20Pipeline%20LLC.pdf"
Gas pipelines,Length [ref],BI45,45,P0186,,"https://mvpurchasing.com/kpcpipeline/, https://www.sec.gov/Archives/edgar/data/880285/000119312509033100/d10k.htm, https://www.pipelinesafetyinfo.com/user/file/Kansas%20(KPA)/KPC%20Pipeline%20LLC.pdf"
Gas pipelines,Diameter,BM45,45,P0186,,4 to 12
Gas pipelines,DiameterUnits,BN45,45,P0186,,in
Gas pipelines,Diameter [ref],BO45,45,P0186,,https://www.sec.gov/Archives/edgar/data/880285/000119312509033100/d10k.htm
Gas pipelines,Status [ref],I51,51,P0192,,"https://www.enbridge.com/~/media/Enb/Documents/Factsheets/FS_EnergyInfrastructureAssets.pdf?la=en, https://www.enbridge.com/media-center/news/details?id=123829&lang=en"
Gas pipelines,Researcher,J51,51,P0192,HK,CB
Gas pipelines,LastUpdated,K51,51,P0192,45162,46297
Gas pipelines,Fuel [ref],M51,51,P0192,,"https://en.wikipedia.org/wiki/Garden_Banks_Pipeline, https://www.enbridge.com/~/media/Enb/Documents/Factsheets/FS_EnergyInfrastructureAssets.pdf?la=en"
Gas pipelines,ConstructionYear,AC51,51,P0192,,1996
Gas pipelines,Construction [ref],AE51,51,P0192,,https://www.federalregister.gov/documents/1996/08/09/96-20331/garden-banks-gas-pipeline-llc-notice-of-application
Gas pipelines,Capacity [ref],AZ51,51,P0192,,"https://www.enbridge.com/~/media/Enb/Documents/Factsheets/FS_EnergyInfrastructureAssets.pdf?la=en, https://en.wikipedia.org/wiki/Garden_Banks_Pipeline, https://web.archive.org/web/20081011120659/http://www.offshore-gt.com/gbanks/index.htm"
Gas pipelines,Diameter [ref],BO51,51,P0192,,"https://en.wikipedia.org/wiki/Garden_Banks_Pipeline, https://www.enbridge.com/~/media/Enb/Documents/Factsheets/FS_EnergyInfrastructureAssets.pdf?la=en, https://www.federalregister.gov/documents/1996/08/09/96-20331/garden-banks-gas-pipeline-llc-notice-of-application"
Gas pipelines,FuelSource [ref],BR51,51,P0192,,https://en.wikipedia.org/wiki/Garden_Banks_Pipeline
Gas pipelines,StartState/Province,BU51,51,P0192,Gulf of Mexico,Louisiana
Gas pipelines,EndState/Province,CA51,51,P0192,Gulf of Mexico,Louisiana
Gas pipelines,Location [ref],CF51,51,P0192,,"https://www.federalregister.gov/documents/1996/08/09/96-20331/garden-banks-gas-pipeline-llc-notice-of-application, https://en.wikipedia.org/wiki/Garden_Banks_Pipeline"
Gas pipelines,Status [ref],I53,53,P0194,,"https://www.federalregister.gov/documents/2026/03/19/2026-05428/great-lakes-gas-transmission-limited-partnership-notice-of-request-under-blanket-authorization-and, https://www.egle.state.mi.us/aps/downloads/SRN/N2168/N2168_SAR_20220526.pdf"
Gas pipelines,Researcher,J53,53,P0194,HK,CB
Gas pipelines,LastUpdated,K53,53,P0194,45162,46297
Gas pipelines,Fuel [ref],M53,53,P0194,,"https://www.tcenergy.com/operations/natural-gas/great-lakes-gas-transmission/, https://en.wikipedia.org/wiki/Great_Lakes_Transmission"
Gas pipelines,PipelineType [ref],O53,53,P0194,,"https://tcplus.com/Great%20Lakes, https://www.sec.gov/Archives/edgar/data/1075607/000104746912001708/a2207396z10-k.htm"
Gas pipelines,ConstructionYear,AC53,53,P0194,,1967
Gas pipelines,Construction [ref],AE53,53,P0194,,https://www.sec.gov/Archives/edgar/data/1075607/000104746912001708/a2207396z10-k.htm
Gas pipelines,Start [ref],AL53,53,P0194,,"https://www.tcenergy.com/operations/natural-gas/great-lakes-gas-transmission/, https://www.egle.state.mi.us/aps/downloads/SRN/N2168/N2168_SAR_20220526.pdf, https://www.sec.gov/Archives/edgar/data/1075607/000104746912001708/a2207396z10-k.htm"
Gas pipelines,Capacity [ref],AZ53,53,P0194,,"https://www.egle.state.mi.us/aps/downloads/SRN/N2168/N2168_SAR_20220526.pdf, https://www.sec.gov/Archives/edgar/data/1075607/000104746912001708/a2207396z10-k.htm"
Gas pipelines,Pressure,BA53,53,P0194,,974
Gas pipelines,PressureUnits,BB53,53,P0194,,psig
Gas pipelines,Pressure [ref],BC53,53,P0194,,"https://www.federalregister.gov/documents/2014/04/10/2014-08053/notice-of-application-for-certificate-of-public-convenience-and-necessity-great-lakes-gas, https://www.egle.state.mi.us/aps/downloads/SRN/N2168/N2168_SAR_20220526.pdf"
Gas pipelines,Length [ref],BI53,53,P0194,,"https://www.egle.state.mi.us/aps/downloads/SRN/N2168/N2168_SAR_20220526.pdf, https://www.sec.gov/Archives/edgar/data/1075607/000104746912001708/a2207396z10-k.htm, https://en.wikipedia.org/wiki/Great_Lakes_Transmission"
Gas pipelines,Diameter,BM53,53,P0194,,36
Gas pipelines,DiameterUnits,BN53,53,P0194,,in
Gas pipelines,Diameter [ref],BO53,53,P0194,,https://www.federalregister.gov/documents/2026/03/19/2026-05428/great-lakes-gas-transmission-limited-partnership-notice-of-request-under-blanket-authorization-and
Gas pipelines,Status [ref],I54,54,P0195,,"https://dtmidstream.com/asset/guardian-pipeline/, https://investor.dtmidstream.com/investors/news/news-details/2025/DT-Midstream-Announces-Successful-Guardian-Pipeline-Expansion-Open-Season/default.aspx"
Gas pipelines,Researcher,J54,54,P0195,HK,CB
Gas pipelines,LastUpdated,K54,54,P0195,45162,46297
Gas pipelines,Fuel [ref],M54,54,P0195,,"https://www.govinfo.gov/content/pkg/FR-1999-12-13/html/99-32115.htm, https://www.ogj.com/pipelines-transportation/article/17260234/ferc-okays-guardian-pipeline-southern-natural-expansion"
Gas pipelines,ProposalYear,Z54,54,P0195,,1999
Gas pipelines,ProposalMonth,AA54,54,P0195,,11
Gas pipelines,Proposal [ref],AB54,54,P0195,,https://www.govinfo.gov/content/pkg/FR-1999-12-13/html/99-32115.htm
Gas pipelines,StartMonth1,AG54,54,P0195,,12
Gas pipelines,Start [ref],AL54,54,P0195,,"https://www.power-eng.com/operations-maintenance/guardian-pipeline-begins-deliveries-in-wisconsin/, https://www.ogj.com/pipelines-transportation/article/17260234/ferc-okays-guardian-pipeline-southern-natural-expansion"
Gas pipelines,Capacity [ref],AZ54,54,P0195,,"https://www.govinfo.gov/content/pkg/FR-1999-12-13/html/99-32115.htm, https://www.power-eng.com/operations-maintenance/guardian-pipeline-begins-deliveries-in-wisconsin/"
Gas pipelines,Length [ref],BI54,54,P0195,,"https://www.power-eng.com/operations-maintenance/guardian-pipeline-begins-deliveries-in-wisconsin/, https://www.govinfo.gov/content/pkg/FR-1999-12-13/html/99-32115.htm"
Gas pipelines,Diameter [ref],BO54,54,P0195,,"https://www.govinfo.gov/content/pkg/FR-1999-12-13/html/99-32115.htm, https://www.ogj.com/general-interest/government/article/17253945/ferc-issues-environmental-finding-on-guardian-pipeline"
Gas pipelines,Location [ref],CF54,54,P0195,,"https://www.govinfo.gov/content/pkg/FR-1999-12-13/html/99-32115.htm, https://www.power-eng.com/operations-maintenance/guardian-pipeline-begins-deliveries-in-wisconsin/"
Gas pipelines,SegmentCost [ref],CM54,54,P0195,,https://www.ogj.com/general-interest/government/article/17253945/ferc-issues-environmental-finding-on-guardian-pipeline
Gas pipelines,Status [ref],I57,57,P0198,https://www.eia.gov/naturalgas/data.php#pipelines,"https://www.eia.gov/naturalgas/data.php#pipelines, https://www.eia.gov/naturalgas/pipelines/EIA-NaturalGasPipelineProjectsAug2026.xlsx"
Gas pipelines,Researcher,J57,57,P0198,IM,CB
Gas pipelines,LastUpdated,K57,57,P0198,45918,46297
Gas pipelines,Fuel [ref],M57,57,P0198,https://www.eia.gov/naturalgas/data.php#pipelines,"https://www.eia.gov/naturalgas/data.php#pipelines, https://www.eia.gov/naturalgas/pipelines/EIA-NaturalGasPipelineProjectsAug2026.xlsx"
Gas pipelines,Construction [ref],AE57,57,P0198,,https://www.eia.gov/naturalgas/pipelines/EIA-NaturalGasPipelineProjectsAug2026.xlsx
Gas pipelines,Start [ref],AL57,57,P0198,,https://www.eia.gov/naturalgas/pipelines/EIA-NaturalGasPipelineProjectsAug2026.xlsx
Gas pipelines,Capacity [ref],AZ57,57,P0198,,https://www.eia.gov/naturalgas/pipelines/EIA-NaturalGasPipelineProjectsAug2026.xlsx
Gas pipelines,Length [ref],BI57,57,P0198,,https://www.eia.gov/naturalgas/pipelines/EIA-NaturalGasPipelineProjectsAug2026.xlsx
Gas pipelines,Diameter [ref],BO57,57,P0198,,https://www.eia.gov/naturalgas/pipelines/EIA-NaturalGasPipelineProjectsAug2026.xlsx
Gas pipelines,EndLocation,BY57,57,P0198,Wharton and Brazoria Counties,Texas
Gas pipelines,Location [ref],CF57,57,P0198,,https://www.eia.gov/naturalgas/pipelines/EIA-NaturalGasPipelineProjectsAug2026.xlsx
Gas pipelines,SegmentCost [ref],CM57,57,P0198,,https://www.eia.gov/naturalgas/pipelines/EIA-NaturalGasPipelineProjectsAug2026.xlsx
Gas pipelines,Status [ref],I58,58,P0199,,"https://gulfstreamgas.com/about/fast-facts/, https://www.hydrocarbons-technology.com/projects/gulfstream-natural-gas-pipeline/"
Gas pipelines,Researcher,J58,58,P0199,BL,CB
Gas pipelines,LastUpdated,K58,58,P0199,44845,46297
Gas pipelines,Fuel [ref],M58,58,P0199,,https://gulfstreamgas.com/about/fast-facts/
Gas pipelines,ProposalYear,Z58,58,P0199,,1999
Gas pipelines,Proposal [ref],AB58,58,P0199,,https://www.fundinguniverse.com/company-histories/the-coastal-corporation-history/
Gas pipelines,ConstructionYear,AC58,58,P0199,,2001
Gas pipelines,ConstructionMonth,AD58,58,P0199,,6
Gas pipelines,Construction [ref],AE58,58,P0199,,"https://gulfstreamgas.com/wp-content/uploads/sites/3/2013/05/2001-gulfstream-commences-mainline-pipeline-construction-in-florida-2001.pdf, https://gulfstreamgas.com/about/fast-facts/"
Gas pipelines,StartMonth1,AG58,58,P0199,,6
Gas pipelines,Start [ref],AL58,58,P0199,,"https://gulfstreamgas.com/about/fast-facts/, https://www.hydrocarbons-technology.com/projects/gulfstream-natural-gas-pipeline/"
Gas pipelines,Pressure,BA58,58,P0199,,2180
Gas pipelines,PressureUnits,BB58,58,P0199,,psig
Gas pipelines,Pressure [ref],BC58,58,P0199,,"https://www.federalregister.gov/documents/2019/07/29/2019-15992/pipeline-safety-request-for-special-permit-gulfstream-natural-gas-system, https://www.ogj.com/general-interest/companies/article/17233734/single-station-mandate-forces-gulfstream-to-adopt-unusual-design"
Gas pipelines,Length [ref],BI58,58,P0199,,"https://gulfstreamgas.com/about/fast-facts/, https://www.hydrocarbons-technology.com/projects/gulfstream-natural-gas-pipeline/"
Gas pipelines,Diameter,BM58,58,P0199,,"16, 36"
Gas pipelines,DiameterUnits,BN58,58,P0199,,in
Gas pipelines,Diameter [ref],BO58,58,P0199,,"https://gulfstreamgas.com/about/fast-facts/, https://www.hydrocarbons-technology.com/projects/gulfstream-natural-gas-pipeline/"
Gas pipelines,SegmentCost,CJ58,58,P0199,,1600000000.0
Gas pipelines,SegmentCostUnits,CK58,58,P0199,,USD
Gas pipelines,SegmentCostYear,CL58,58,P0199,,2001
Gas pipelines,SegmentCost [ref],CM58,58,P0199,,"https://gulfstreamgas.com/wp-content/uploads/sites/3/2013/05/2001-gulfstream-commences-mainline-pipeline-construction-in-florida-2001.pdf, https://naturalgasintel.com/news/its-a-go-for-16-billion-gulfstream-pipeline-in-florida/"
Gas pipelines,Status [ref],I60,60,P0201,,"https://www.power-eng.com/news/horizon-pipeline-announces-project-completion/#gref, https://www.federalregister.gov/documents/2026/08/24/2026-17243/natural-gas-pipeline-company-of-america-llc-horizon-pipeline-company-llc-notice-of-application-and"
Gas pipelines,Researcher,J60,60,P0201,HK,CB
Gas pipelines,LastUpdated,K60,60,P0201,45163,46297
Gas pipelines,Fuel [ref],M60,60,P0201,,"http://www.ogj.com/articles/2001/11/horizon-pipeline-begins-work-on-79-million-illinois-gas-line.html, https://www.federalregister.gov/documents/2000/04/06/00-8461/horizon-pipeline-company-llc-notice-of-applications-for-certificates"
Gas pipelines,ProposalYear,Z60,60,P0201,,2000
Gas pipelines,ProposalMonth,AA60,60,P0201,,3
Gas pipelines,Proposal [ref],AB60,60,P0201,,"https://www.federalregister.gov/documents/2000/04/06/00-8461/horizon-pipeline-company-llc-notice-of-applications-for-certificates, https://www.naturalgasintel.com/nicor-jumps-onto-the-horizon-bandwagon/"
Gas pipelines,Construction [ref],AE60,60,P0201,,"http://www.ogj.com/articles/2001/11/horizon-pipeline-begins-work-on-79-million-illinois-gas-line.html, https://www.power-eng.com/news/horizon-pipeline-announces-project-completion/#gref"
Gas pipelines,Start [ref],AL60,60,P0201,,"https://www.power-eng.com/news/horizon-pipeline-announces-project-completion/#gref, https://www.federalregister.gov/documents/2000/04/06/00-8461/horizon-pipeline-company-llc-notice-of-applications-for-certificates"
Gas pipelines,Capacity [ref],AZ60,60,P0201,,"http://www.ogj.com/articles/2001/11/horizon-pipeline-begins-work-on-79-million-illinois-gas-line.html, https://www.naturalgasintel.com/nicor-jumps-onto-the-horizon-bandwagon/, https://www.power-eng.com/news/horizon-pipeline-announces-project-completion/#gref"
Gas pipelines,Length [ref],BI60,60,P0201,,"https://www.federalregister.gov/documents/2000/04/06/00-8461/horizon-pipeline-company-llc-notice-of-applications-for-certificates, https://www.power-eng.com/news/horizon-pipeline-announces-project-completion/#gref"
Gas pipelines,Diameter [ref],BO60,60,P0201,,"http://www.ogj.com/articles/2001/11/horizon-pipeline-begins-work-on-79-million-illinois-gas-line.html, https://www.naturalgasintel.com/nicor-jumps-onto-the-horizon-bandwagon/, https://www.federalregister.gov/documents/2001/05/17/01-12401/horizon-pipeline-company-llc-natural-gas-pipeline-company-of-america-notice-of-availability-of-the"
Gas pipelines,Location [ref],CF60,60,P0201,,"http://www.ogj.com/articles/2001/11/horizon-pipeline-begins-work-on-79-million-illinois-gas-line.html, https://pipeline2.kindermorgan.com/Documents/HORZ/HORZ_CI_Cpny_Overview.pdf"
Gas pipelines,Researcher,J63,63,P0204,HK,CB
Gas pipelines,LastUpdated,K63,63,P0204,45163,46297
Gas pipelines,Fuel [ref],M63,63,P0204,,"https://www.ogj.com/general-interest/companies/article/17280346/enterprise-to-expand-independence-hub-pipeline, https://www.sec.gov/Archives/edgar/data/1022321/000102232119000029/gel1231201810-k.htm"
Gas pipelines,ConstructionYear,AC63,63,P0204,,2006
Gas pipelines,Construction [ref],AE63,63,P0204,,"https://www.ogj.com/general-interest/companies/article/17224632/special-report-independence-hub-nears-production-from-eastern-gulf-of-mexico-leases, https://www.allseas.com/en/who-we-are/our-history"
Gas pipelines,StartMonth1,AG63,63,P0204,,July
Gas pipelines,Start [ref],AL63,63,P0204,,http://web.archive.org/web/20161008222318/http://investors.anadarko.com/2007-07-20-Record-Setting-Independence-Hub-Project-Starts-Production
Gas pipelines,Capacity [ref],AZ63,63,P0204,,"http://web.archive.org/web/20161008222318/http://investors.anadarko.com/2007-07-20-Record-Setting-Independence-Hub-Project-Starts-Production, https://www.sec.gov/Archives/edgar/data/1022321/000102232119000029/gel1231201810-k.htm, https://www.sec.gov/Archives/edgar/data/1022321/000119312515254288/d81876dex993.htm"
Gas pipelines,Pressure,BA63,63,P0204,,3640
Gas pipelines,PressureUnits,BB63,63,P0204,,psi
Gas pipelines,Pressure [ref],BC63,63,P0204,,"https://niobium.tech/-/media/niobiumtech/attachments-biblioteca-tecnica/nt_independence-trail-gas-trunkline-and-challangies-of-ultra-deepwater-and-harsh-environment.pdf, https://www.ogj.com/general-interest/companies/article/17224632/special-report-independence-hub-nears-production-from-eastern-gulf-of-mexico-leases"
Gas pipelines,Diameter [ref],BO63,63,P0204,,"https://www.ogj.com/general-interest/companies/article/17280346/enterprise-to-expand-independence-hub-pipeline, http://web.archive.org/web/20161008222318/http://investors.anadarko.com/2007-07-20-Record-Setting-Independence-Hub-Project-Starts-Production, https://niobium.tech/-/media/niobiumtech/attachments-biblioteca-tecnica/nt_independence-trail-gas-trunkline-and-challangies-of-ultra-deepwater-and-harsh-environment.pdf"
Gas pipelines,SegmentCost,CJ63,63,P0204,,280000000.0
Gas pipelines,SegmentCostUnits,CK63,63,P0204,,USD
Gas pipelines,SegmentCostYear,CL63,63,P0204,,2004
Gas pipelines,SegmentCost [ref],CM63,63,P0204,,"https://www.enterpriseproducts.com/about-us/our-history/, http://web.archive.org/web/20260517001815/https://www.offshore-technology.com/projects/independence/"
Gas pipelines,Status [ref],I65,65,P0207,,"https://www.sec.gov/Archives/edgar/data/1081316/000108131626000003/bhe-20251231.htm, https://19january2021snapshot.epa.gov/sites/static/files/2019-06/documents/kern_river_mc_factsheet_webready_2019-05.pdf"
Gas pipelines,Researcher,J65,65,P0207,HK,CB
Gas pipelines,LastUpdated,K65,65,P0207,45146,46297
Gas pipelines,Fuel [ref],M65,65,P0207,,"https://www.sec.gov/Archives/edgar/data/1081316/000108131626000003/bhe-20251231.htm, https://19january2021snapshot.epa.gov/sites/static/files/2019-06/documents/kern_river_mc_factsheet_webready_2019-05.pdf"
Gas pipelines,PipelineType [ref],O65,65,P0207,,"https://www.sec.gov/Archives/edgar/data/1081316/000108131626000003/bhe-20251231.htm, https://en.wikipedia.org/wiki/Kern_River_Pipeline"
Gas pipelines,ProposalYear,Z65,65,P0207,,1985
Gas pipelines,ProposalMonth,AA65,65,P0207,,5
Gas pipelines,Proposal [ref],AB65,65,P0207,,"https://www.ogj.com/general-interest/companies/article/17219789/california-eor-anchors-major-new-western-us-gas-line, https://www.wyohistory.org/encyclopedia/oil-market-history-pipelines-wyoming"
Gas pipelines,ConstructionYear,AC65,65,P0207,,1990
Gas pipelines,Construction [ref],AE65,65,P0207,,"https://www.ogj.com/general-interest/companies/article/17219789/california-eor-anchors-major-new-western-us-gas-line, https://pubs.usgs.gov/of/1992/0447/report.pdf"
Gas pipelines,Capacity [ref],AZ65,65,P0207,,"https://19january2021snapshot.epa.gov/sites/static/files/2019-06/documents/kern_river_mc_factsheet_webready_2019-05.pdf, https://www.sec.gov/Archives/edgar/data/1081316/000108131626000003/bhe-20251231.htm, https://mcilvainecompany.com/GTairTech/Subscriber/UnivDB/comp4.asp?coname=Kern+River+Gas+Transmission+Co"
Gas pipelines,Diameter [ref],BO65,65,P0207,,"https://mcilvainecompany.com/GTairTech/Subscriber/UnivDB/comp4.asp?coname=Kern+River+Gas+Transmission+Co, https://www.ogj.com/general-interest/companies/article/17237978/gas-transmission-projects-pace-pipeline-construction"
Gas pipelines,FuelSource,BQ65,65,P0207,,Pinedale Anticline gas field
Gas pipelines,FuelSource [ref],BR65,65,P0207,,https://en.wikipedia.org/wiki/Kern_River_Pipeline
Gas pipelines,Location [ref],CF65,65,P0207,,"https://www.sec.gov/Archives/edgar/data/1081316/000108131626000003/bhe-20251231.htm, https://www.ogj.com/general-interest/companies/article/17219789/california-eor-anchors-major-new-western-us-gas-line, https://pubs.usgs.gov/of/1992/0447/report.pdf"
Gas pipelines,SegmentCost,CJ65,65,P0207,,940000000.0
Gas pipelines,SegmentCostUnits,CK65,65,P0207,,USD
Gas pipelines,SegmentCostYear,CL65,65,P0207,,1992
Gas pipelines,SegmentCost [ref],CM65,65,P0207,,"https://www.deseret.com/1992/1/25/18964072/kern-river-pipeline-to-start-shipping-fuel-to-california-within-few-weeks-br/, https://www.ogj.com/general-interest/companies/article/17237978/gas-transmission-projects-pace-pipeline-construction"
Gas pipelines,Status [ref],I66,66,P0208,,"https://etariff.ferc.gov/TariffSectionDetails.aspx?sid=189094, https://www.tallgrass.com/energy-solutions/natural-gas"
Gas pipelines,Researcher,J66,66,P0208,HK,CB
Gas pipelines,LastUpdated,K66,66,P0208,45163,46297
Gas pipelines,Fuel [ref],M66,66,P0208,,"https://www.annualreports.com/HostedData/AnnualReportArchive/t/NYSE_TEGP_2016.pdf, https://etariff.ferc.gov/TariffSectionDetails.aspx?sid=189094"
Gas pipelines,Length [ref],BI66,66,P0208,,"https://www.annualreports.com/HostedData/AnnualReportArchive/t/NYSE_TEGP_2016.pdf, https://en.wikipedia.org/wiki/Tallgrass_Interstate_Gas_Transmission, https://web.archive.org/web/20180107120452/http://www.tallgrassenergylp.com/Pipelines/TIGT/"
Gas pipelines,StartState/Province,BU66,66,P0208,,Wyoming
Gas pipelines,EndState/Province,CA66,66,P0208,"Missouri, Nebraska","Colorado, Nebraska, Kansas, Missouri"
Gas pipelines,Location [ref],CF66,66,P0208,,"https://www.annualreports.com/HostedData/AnnualReportArchive/t/NYSE_TEGP_2016.pdf, https://en.wikipedia.org/wiki/Tallgrass_Interstate_Gas_Transmission, https://web.archive.org/web/20180107120452/http://www.tallgrassenergylp.com/Pipelines/TIGT/"
Gas pipelines,Status [ref],I67,67,P0209,,"https://www.tcenergy.com/announcements/2018/2018-01-02leach-xpress-project-placed-into-service-mountaineer-xpress-gulf-xpress-receive-ferc-certificates/, https://wvmetronews.com/2018/01/04/transcanada-puts-leach-xpress-pipeline-into-service/"
Gas pipelines,Researcher,J67,67,P0209,HK,CB
Gas pipelines,LastUpdated,K67,67,P0209,45163,46297
Gas pipelines,Fuel [ref],M67,67,P0209,,https://www.federalregister.gov/documents/2015/06/29/2015-15870/columbia-gas-transmission-llc-notice-of-application
Gas pipelines,ProposalYear,Z67,67,P0209,,2014
Gas pipelines,Proposal [ref],AB67,67,P0209,,"https://naturalgasintel.com/news/columbias-appalachia-focused-leach-xpress-project-filed-at-ferc-2/, http://web.archive.org/web/20250422151035/https://ferc.gov/news-events/events/scoping-meeting-leach-xpress-project-moundsville-west-virginia-pf14-23-000"
Gas pipelines,Construction [ref],AE67,67,P0209,,"https://www.tcenergy.com/announcements/2017/2017-01-19transcanada-receives-ferc-approval-to-construct-leach-xpress-and-rayne-xpress-projects/, https://www.tcenergy.com/announcements/2018/2018-01-02leach-xpress-project-placed-into-service-mountaineer-xpress-gulf-xpress-receive-ferc-certificates/"
Gas pipelines,Start [ref],AL67,67,P0209,,"https://www.tcenergy.com/announcements/2018/2018-01-02leach-xpress-project-placed-into-service-mountaineer-xpress-gulf-xpress-receive-ferc-certificates/, https://wvmetronews.com/2018/01/04/transcanada-puts-leach-xpress-pipeline-into-service/"
Gas pipelines,Capacity [ref],AZ67,67,P0209,,"https://www.federalregister.gov/documents/2015/06/29/2015-15870/columbia-gas-transmission-llc-notice-of-application, https://www.tcenergy.com/announcements/2018/2018-01-02leach-xpress-project-placed-into-service-mountaineer-xpress-gulf-xpress-receive-ferc-certificates/"
Gas pipelines,Length [ref],BI67,67,P0209,,"https://www.federalregister.gov/documents/2015/06/29/2015-15870/columbia-gas-transmission-llc-notice-of-application, https://www.tcenergy.com/siteassets/pdfs/natural-gas/leach-xpress-project/transcanada-2017-leach-xpress-brochure.pdf"
Gas pipelines,Diameter [ref],BO67,67,P0209,,https://www.tcenergy.com/siteassets/pdfs/natural-gas/leach-xpress-project/transcanada-2017-leach-xpress-brochure.pdf
Gas pipelines,FuelSource [ref],BR67,67,P0209,,"https://www.tcenergy.com/siteassets/pdfs/natural-gas/leach-xpress-project/transcanada-2017-leach-xpress-faqs.pdf, https://www.tcenergy.com/announcements/2017/2017-01-19transcanada-receives-ferc-approval-to-construct-leach-xpress-and-rayne-xpress-projects/"
Gas pipelines,Status [ref],I72,72,P0214,,"https://primis.phmsa.dot.gov/enforcement-data/operator/12498, https://dtmidstream.com/asset/midwestern-gas-transmission/, https://naturalgasintel.com/news/dt-midstream-upsizes-guardian-eyes-vector-expansion-as-midwest-gas-demand-grows/"
Gas pipelines,Researcher,J72,72,P0214,HK,CB
Gas pipelines,LastUpdated,K72,72,P0214,45163,46297
Gas pipelines,Fuel [ref],M72,72,P0214,,"https://web.archive.org/web/2018/https://www.hartenergy.com/exclusives/midwestern-gas-transmission-smaller-size-important-value-3633, https://www.federalregister.gov/documents/2023/08/24/2023-18256/midwestern-gas-transmission-company-notice-of-request-under-blanket-authorization-and-establishing"
Gas pipelines,Diameter,BM72,72,P0214,,"16, 30"
Gas pipelines,DiameterUnits,BN72,72,P0214,,in
Gas pipelines,Diameter [ref],BO72,72,P0214,,"https://www.govinfo.gov/content/pkg/FR-2004-02-24/pdf/E4-371.pdf, https://www.govinfo.gov/content/pkg/FR-2005-06-22/pdf/E5-3239.pdf"
Gas pipelines,Location [ref],CF72,72,P0214,,"https://www.govinfo.gov/content/pkg/FR-2004-02-24/pdf/E4-371.pdf, https://rextag.com/pages/midwestern-gas-transmission"
Gas pipelines,Status [ref],I74,74,P0216,,"https://dtmidstream.com/asset/millennium-pipeline/, https://www.nationalgridus.com/News/2022/09/DT-Midstream-Buys-Remaining-Interest-In-Millennium-Gas-Pipeline-Company-/"
Gas pipelines,Researcher,J74,74,P0216,HK,CB
Gas pipelines,LastUpdated,K74,74,P0216,45163,46297
Gas pipelines,Fuel [ref],M74,74,P0216,,"https://www.ogj.com/general-interest/companies/article/17286757/millennium-gas-pipeline-project-under-way, https://dtmidstream.com/asset/millennium-pipeline/"
Gas pipelines,ConstructionYear,AC74,74,P0216,,2007
Gas pipelines,ConstructionMonth,AD74,74,P0216,,6
Gas pipelines,Construction [ref],AE74,74,P0216,,"https://www.ogj.com/general-interest/companies/article/17286757/millennium-gas-pipeline-project-under-way, https://www.sec.gov/Archives/edgar/data/0001111711/000095013708003307/c23373e10vk.htm"
Gas pipelines,Start [ref],AL74,74,P0216,,"https://www.ogj.com/general-interest/companies/article/17286757/millennium-gas-pipeline-project-under-way, http://www.millenniumpipeline.com/about/"
Gas pipelines,Pressure,BA74,74,P0216,,1200
Gas pipelines,PressureUnits,BB74,74,P0216,,psig
Gas pipelines,Pressure [ref],BC74,74,P0216,,https://www.govinfo.gov/content/pkg/FR-2006-01-19/html/E6-486.htm
Gas pipelines,Length [ref],BI74,74,P0216,,"https://www.ogj.com/general-interest/companies/article/17286757/millennium-gas-pipeline-project-under-way, https://www.sec.gov/Archives/edgar/data/0001111711/000095013708003307/c23373e10vk.htm"
Gas pipelines,Status [ref],I75,75,P0217,,"https://www.enbridge.com/~/media/Enb/Documents/Factsheets/FS_EnergyInfrastructureAssets.pdf?la=en, https://www.govinfo.gov/content/pkg/FR-1998-09-10/pdf/98-24217.pdf"
Gas pipelines,Researcher,J75,75,P0217,HK,CB
Gas pipelines,LastUpdated,K75,75,P0217,45164,46297
Gas pipelines,Fuel [ref],M75,75,P0217,,"https://www.enbridge.com/~/media/Enb/Documents/Factsheets/FS_EnergyInfrastructureAssets.pdf?la=en, https://www.govinfo.gov/content/pkg/FR-1998-09-10/pdf/98-24217.pdf"
Gas pipelines,Capacity [ref],AZ75,75,P0217,,"https://www.enbridge.com/~/media/Enb/Documents/Factsheets/FS_EnergyInfrastructureAssets.pdf?la=en, https://rextag.com/pages/mississippi-canyon-gas-pipeline"
Gas pipelines,Length [ref],BI75,75,P0217,,"https://www.enbridge.com/~/media/Enb/Documents/Factsheets/FS_EnergyInfrastructureAssets.pdf?la=en, https://rextag.com/pages/mississippi-canyon-gas-pipeline"
Gas pipelines,Diameter [ref],BO75,75,P0217,,https://www.enbridge.com/~/media/Enb/Documents/Factsheets/FS_EnergyInfrastructureAssets.pdf?la=en
Gas pipelines,Location [ref],CF75,75,P0217,,"https://www.enbridge.com/~/media/Enb/Documents/Factsheets/FS_EnergyInfrastructureAssets.pdf?la=en, https://rextag.com/pages/mississippi-canyon-gas-pipeline"
Gas pipelines,Status [ref],I78,78,P0221,,"https://www.offshore-technology.com/marketdata/mountaineer-xpress-gas-pipeline-the-us/, https://pgjonline.com/news/2020/07-july/us-natural-gas-output-rises-after-mountaineer-express-pipeline-returns"
Gas pipelines,Researcher,J78,78,P0221,HK,CB
Gas pipelines,LastUpdated,K78,78,P0221,45148,46297
Gas pipelines,Fuel [ref],M78,78,P0221,,"https://www.ferc.gov/sites/default/files/2020-08/CP16-357.pdf, https://www.nsenergybusiness.com/projects/mountaineer-xpress-pipeline-project-west-virginia/"
Gas pipelines,ProposalYear,Z78,78,P0221,,2015
Gas pipelines,Proposal [ref],AB78,78,P0221,,https://www.nsenergybusiness.com/projects/mountaineer-xpress-pipeline-project-west-virginia/
Gas pipelines,ConstructionYear,AC78,78,P0221,,2018
Gas pipelines,ConstructionMonth,AD78,78,P0221,,1
Gas pipelines,Construction [ref],AE78,78,P0221,,"https://www.nsenergybusiness.com/projects/mountaineer-xpress-pipeline-project-west-virginia/, https://www.offshore-technology.com/marketdata/mountaineer-xpress-gas-pipeline-the-us/"
Gas pipelines,Start [ref],AL78,78,P0221,,"https://www.alphathree.com/projects/mountaineer-xpress-pipeline, https://finance.yahoo.com/news/transcanadas-trp-mountaineer-xpress-project-130601994.html"
Gas pipelines,Capacity [ref],AZ78,78,P0221,,"https://www.nsenergybusiness.com/projects/mountaineer-xpress-pipeline-project-west-virginia/, https://www.alphathree.com/projects/mountaineer-xpress-pipeline"
Gas pipelines,Length [ref],BI78,78,P0221,,"https://www.offshore-technology.com/marketdata/mountaineer-xpress-gas-pipeline-the-us/, https://www.ferc.gov/sites/default/files/2020-08/CP16-357.pdf"
Gas pipelines,FuelSource [ref],BR78,78,P0221,,"https://finance.yahoo.com/news/transcanadas-trp-mountaineer-xpress-project-130601994.html, https://pgjonline.com/news/2020/07-july/us-natural-gas-output-rises-after-mountaineer-express-pipeline-returns"
Gas pipelines,Location [ref],CF78,78,P0221,,"https://www.offshore-technology.com/marketdata/mountaineer-xpress-gas-pipeline-the-us/, https://www.wvgazettemail.com/news/mountaineer-xpress-pipeline-agrees-to-environmental-penalties/article_cc10c397-f245-51f9-b292-fa4f2d969914.html"
Gas pipelines,Status [ref],I82,82,P0225,,"https://www.federalregister.gov/documents/full_text/text/2020/07/07/2020-14527.txt, https://dtmidstream.com/asset/nexus-gas-transmission-pipeline/"
Gas pipelines,Researcher,J82,82,P0225,HK,CB
Gas pipelines,LastUpdated,K82,82,P0225,45166,46297
Gas pipelines,Fuel [ref],M82,82,P0225,,"https://www.ferc.gov/sites/default/files/2020-08/CP16-22.pdf, https://www.enbridge.com/~/media/Enb/Documents/Factsheets/FS_EnergyInfrastructureAssets.pdf?la=en"
Gas pipelines,ProposalYear,Z82,82,P0225,,2012
Gas pipelines,Proposal [ref],AB82,82,P0225,,https://www.sec.gov/Archives/edgar/data/1394074/000139407418000004/sep-2017123110xk.htm
Gas pipelines,Construction [ref],AE82,82,P0225,,"https://web.archive.org/web/20210727225618/https://www.cantonrep.com/news/20171226/nexus-pipeline-work-underway, https://www.ferc.gov/sites/default/files/2020-08/CP16-22.pdf"
Gas pipelines,StartMonth1,AG82,82,P0225,,10
Gas pipelines,Start [ref],AL82,82,P0225,,"https://www.federalregister.gov/documents/full_text/text/2020/07/07/2020-14527.txt, https://web.archive.org/web/20260301075308/https://www.enbridge.com/stories/2018/november/nexus-gas-transmission-pipeline-enters-service"
Gas pipelines,Length [ref],BI82,82,P0225,,"https://www.ferc.gov/sites/default/files/2020-08/CP16-22.pdf, https://web.archive.org/web/20210727225618/https://www.cantonrep.com/news/20171226/nexus-pipeline-work-underway"
Gas pipelines,Diameter [ref],BO82,82,P0225,,"https://www.ferc.gov/sites/default/files/2020-08/CP16-22.pdf, https://www.enbridge.com/~/media/Enb/Documents/Factsheets/FS_EnergyInfrastructureAssets.pdf?la=en"
Gas pipelines,FuelSource [ref],BR82,82,P0225,,"https://dtmidstream.com/asset/nexus-gas-transmission-pipeline/, https://www.sec.gov/Archives/edgar/data/1394074/000139407418000004/sep-2017123110xk.htm"
Gas pipelines,Location [ref],CF82,82,P0225,,https://www.ferc.gov/sites/default/files/2020-08/CP16-22.pdf
Gas pipelines,SegmentCost [ref],CM82,82,P0225,,"https://web.archive.org/web/20230205133202/https://www.detroitnews.com/story/news/local/michigan/2017/08/27/feds-ok-gas-pipeline-ohio-michigan/105030418/, https://web.archive.org/web/20210727225618/https://www.cantonrep.com/news/20171226/nexus-pipeline-work-underway"
Gas pipelines,Status [ref],I83,83,P0226,,"https://www.tcenergy.com/operations/natural-gas/north-baja-pipeline-system/, https://www.eia.gov/todayinenergy/detail.php?id=52478"
Gas pipelines,Researcher,J83,83,P0226,BL,CB
Gas pipelines,LastUpdated,K83,83,P0226,45117,46297
Gas pipelines,Fuel [ref],M83,83,P0226,,"https://www.govinfo.gov/content/pkg/FR-2000-11-15/pdf/00-29206.pdf, https://www.tcenergy.com/operations/natural-gas/north-baja-pipeline-system/"
Gas pipelines,ProposalYear,Z83,83,P0226,,2000
Gas pipelines,ProposalMonth,AA83,83,P0226,,11
Gas pipelines,Proposal [ref],AB83,83,P0226,,"https://www.govinfo.gov/content/pkg/FR-2000-11-15/pdf/00-29206.pdf, https://www.ogj.com/general-interest/article/17253284/mexico-approves-north-baja-pipeline-construction"
Gas pipelines,ConstructionYear,AC83,83,P0226,,2002
Gas pipelines,Construction [ref],AE83,83,P0226,,"https://cms.ferc.gov/sites/default/files/2020-09/cp20-27-000_EA_final_0.pdf, https://en.wikipedia.org/wiki/North_Baja_Pipeline"
Gas pipelines,Start [ref],AL83,83,P0226,,"https://en.wikipedia.org/wiki/North_Baja_Pipeline, https://cms.ferc.gov/sites/default/files/2020-09/cp20-27-000_EA_final_0.pdf"
Gas pipelines,Length [ref],BI83,83,P0226,,"https://www.govinfo.gov/content/pkg/FR-2000-11-15/pdf/00-29206.pdf, https://www.govinfo.gov/content/pkg/FR-2002-01-17/pdf/02-1230.pdf, https://cms.ferc.gov/sites/default/files/2020-09/cp20-27-000_EA_final_0.pdf"
Gas pipelines,Diameter,BM83,83,P0226,,"30, 36"
Gas pipelines,DiameterUnits,BN83,83,P0226,,in
Gas pipelines,Diameter [ref],BO83,83,P0226,,"https://www.govinfo.gov/content/pkg/FR-2000-11-15/pdf/00-29206.pdf, https://www.govinfo.gov/content/pkg/FR-2002-01-17/pdf/02-1230.pdf, https://www.ogj.com/general-interest/article/17253284/mexico-approves-north-baja-pipeline-construction"
Gas pipelines,Location [ref],CF83,83,P0226,,"https://www.govinfo.gov/content/pkg/FR-2000-11-15/pdf/00-29206.pdf, https://www.govinfo.gov/content/pkg/FR-2002-01-17/pdf/02-1230.pdf, https://cms.ferc.gov/sites/default/files/2020-09/cp20-27-000_EA_final_0.pdf"
Gas pipelines,Status [ref],I85,85,P0231,,"https://www.tcenergy.com/operations/natural-gas/gas-transmission-northwest/, https://aglaw.psu.edu"
Gas pipelines,Researcher,J85,85,P0231,HK,CB
Gas pipelines,LastUpdated,K85,85,P0231,45155,46297
Gas pipelines,Fuel [ref],M85,85,P0231,,"https://www.tcenergy.com/operations/natural-gas/gas-transmission-northwest/, https://aglaw.psu.edu"
Gas pipelines,Start [ref],AL85,85,P0231,,https://www.tcenergy.com/operations/natural-gas/gas-transmission-northwest/
Gas pipelines,Diameter,BM85,85,P0231,,"36, 42"
Gas pipelines,Diameter [ref],BO85,85,P0231,,https://www.eia.gov/naturalgas/pipelines/EIA-NaturalGasPipelineProjects.xlsx
Gas pipelines,Researcher,J87,87,P0233,,CB
Gas pipelines,LastUpdated,K87,87,P0233,,46297
Gas pipelines,Fuel [ref],M87,87,P0233,,"https://web.archive.org/web/20101226180022/http://www.iroquois.com/documents/Iroquois_NYMarcOS_PR.pdf, https://extension.psu.edu/downloadable/download/sample/sample_id/863/?___SID=S"
Gas pipelines,ProposalYear,Z87,87,P0233,,2009
Gas pipelines,ProposalMonth,AA87,87,P0233,,11
Gas pipelines,Proposal [ref],AB87,87,P0233,,https://web.archive.org/web/20101226180022/http://www.iroquois.com/documents/Iroquois_NYMarcOS_PR.pdf
Gas pipelines,StartYear1,AF87,87,P0233,,2014
Gas pipelines,StartMonth1,AG87,87,P0233,,11
Gas pipelines,Start [ref],AL87,87,P0233,,"https://web.archive.org/web/20101226180022/http://www.iroquois.com/documents/Iroquois_NYMarcOS_PR.pdf, https://web.archive.org/web/20101226164232/http://www.iroquois.com/project/documents/NYMarcBrochure05-13-10.pdf"
Gas pipelines,Capacity,AX87,87,P0233,,2000000
Gas pipelines,CapacityUnits,AY87,87,P0233,,Dth/d
Gas pipelines,Capacity [ref],AZ87,87,P0233,,https://web.archive.org/web/20101226164232/http://www.iroquois.com/project/documents/NYMarcBrochure05-13-10.pdf
Gas pipelines,Pressure,BA87,87,P0233,,1480
Gas pipelines,PressureUnits,BB87,87,P0233,,psig
Gas pipelines,Pressure [ref],BC87,87,P0233,,https://web.archive.org/web/20101226164232/http://www.iroquois.com/project/documents/NYMarcBrochure05-13-10.pdf
Gas pipelines,Length [ref],BI87,87,P0233,,"https://web.archive.org/web/20101226180022/http://www.iroquois.com/documents/Iroquois_NYMarcOS_PR.pdf, https://web.archive.org/web/20101226164232/http://www.iroquois.com/project/documents/NYMarcBrochure05-13-10.pdf"
Gas pipelines,Diameter,BM87,87,P0233,,36
Gas pipelines,DiameterUnits,BN87,87,P0233,,in
Gas pipelines,Diameter [ref],BO87,87,P0233,,https://web.archive.org/web/20101226164232/http://www.iroquois.com/project/documents/NYMarcBrochure05-13-10.pdf
Gas pipelines,FuelSource,BQ87,87,P0233,,Marcellus Shale
Gas pipelines,FuelSource [ref],BR87,87,P0233,,"https://web.archive.org/web/20101226180022/http://www.iroquois.com/documents/Iroquois_NYMarcOS_PR.pdf, https://web.archive.org/web/20101226164232/http://www.iroquois.com/project/documents/NYMarcBrochure05-13-10.pdf"
Gas pipelines,Location [ref],CF87,87,P0233,,"https://web.archive.org/web/20101226180022/http://www.iroquois.com/documents/Iroquois_NYMarcOS_PR.pdf, https://web.archive.org/web/20101226164232/http://www.iroquois.com/project/documents/NYMarcBrochure05-13-10.pdf"
Gas pipelines,SegmentCost,CJ87,87,P0233,,500000000.0
Gas pipelines,SegmentCostUnits,CK87,87,P0233,,USD
Gas pipelines,SegmentCostYear,CL87,87,P0233,,2010
Gas pipelines,SegmentCost [ref],CM87,87,P0233,,https://web.archive.org/web/20101226164232/http://www.iroquois.com/project/documents/NYMarcBrochure05-13-10.pdf
Gas pipelines,Status [ref],I89,89,P0235,,"https://www.eia.gov/naturalgas/pipelines/EIA-NaturalGasPipelineProjectsAug2026.xlsx, https://www.ohiogasassoc.org/2014/02/06/texas-transmission-company-proposing-486m-pipeline-eastern-ohio/"
Gas pipelines,Researcher,J89,89,P0235,BL,CB
Gas pipelines,LastUpdated,K89,89,P0235,45441,46297
Gas pipelines,Fuel [ref],M89,89,P0235,,"https://www.eia.gov/naturalgas/pipelines/EIA-NaturalGasPipelineProjectsAug2026.xlsx, https://www.dispatch.com/story/business/2011/12/23/new-pipeline-to-carry-ohio/23620894007/"
Gas pipelines,PipelineType [ref],O89,89,P0235,,"https://www.eia.gov/naturalgas/pipelines/EIA-NaturalGasPipelineProjectsAug2026.xlsx, https://pgjonline.com/magazine/2012/january-2012-vol-239-no-1/projects/texas-eastern-to-develop-ohio-pipeline-energy-network-project"
Gas pipelines,ProposalYear,Z89,89,P0235,,2011
Gas pipelines,ProposalMonth,AA89,89,P0235,,12
Gas pipelines,Proposal [ref],AB89,89,P0235,,"https://www.dispatch.com/story/business/2011/12/23/new-pipeline-to-carry-ohio/23620894007/, https://pgjonline.com/magazine/2012/january-2012-vol-239-no-1/projects/texas-eastern-to-develop-ohio-pipeline-energy-network-project"
Gas pipelines,Construction [ref],AE89,89,P0235,,"https://www.eia.gov/naturalgas/pipelines/EIA-NaturalGasPipelineProjectsAug2026.xlsx, https://www.ohiogasassoc.org/2014/02/06/texas-transmission-company-proposing-486m-pipeline-eastern-ohio/"
Gas pipelines,Start [ref],AL89,89,P0235,,"https://www.eia.gov/naturalgas/pipelines/EIA-NaturalGasPipelineProjectsAug2026.xlsx, https://www.ohiogasassoc.org/2014/02/06/texas-transmission-company-proposing-486m-pipeline-eastern-ohio/"
Gas pipelines,Capacity [ref],AZ89,89,P0235,,https://www.eia.gov/naturalgas/pipelines/EIA-NaturalGasPipelineProjectsAug2026.xlsx
Gas pipelines,Length [ref],BI89,89,P0235,,https://www.eia.gov/naturalgas/pipelines/EIA-NaturalGasPipelineProjectsAug2026.xlsx
Gas pipelines,Diameter,BM89,89,P0235,,30
Gas pipelines,DiameterUnits,BN89,89,P0235,,in
Gas pipelines,Diameter [ref],BO89,89,P0235,,"https://www.eia.gov/naturalgas/pipelines/EIA-NaturalGasPipelineProjectsAug2026.xlsx, https://www.ohiogasassoc.org/2014/02/06/texas-transmission-company-proposing-486m-pipeline-eastern-ohio/"
Gas pipelines,FuelSource [ref],BR89,89,P0235,,"https://pgjonline.com/magazine/2012/january-2012-vol-239-no-1/projects/texas-eastern-to-develop-ohio-pipeline-energy-network-project, https://www.dispatch.com/story/business/2011/12/23/new-pipeline-to-carry-ohio/23620894007/"
Gas pipelines,Location [ref],CF89,89,P0235,,https://www.ohiogasassoc.org/2014/02/06/texas-transmission-company-proposing-486m-pipeline-eastern-ohio/
Gas pipelines,SegmentCost [ref],CM89,89,P0235,,https://www.eia.gov/naturalgas/pipelines/EIA-NaturalGasPipelineProjectsAug2026.xlsx
Gas pipelines,Status [ref],I93,93,P0239,,"https://www.sec.gov/Archives/edgar/data/76063/000007606322000010/pepl-20211231.htm, https://en.wikipedia.org/wiki/Panhandle_Eastern"
Gas pipelines,Researcher,J93,93,P0239,HK,CB
Gas pipelines,LastUpdated,K93,93,P0239,45166,46297
Gas pipelines,Fuel [ref],M93,93,P0239,,"https://www.sec.gov/Archives/edgar/data/76063/000007606322000010/pepl-20211231.htm, https://en.wikipedia.org/wiki/Panhandle_Eastern"
Gas pipelines,Start [ref],AL93,93,P0239,,"https://www.encyclopedia.com/books/politics-and-business-magazines/panhandle-eastern-corporation, https://en.wikipedia.org/wiki/Panhandle_Eastern"
Gas pipelines,Capacity [ref],AZ93,93,P0239,,https://www.sec.gov/Archives/edgar/data/76063/000007606322000010/pepl-20211231.htm
Gas pipelines,FuelSource,BQ93,93,P0239,,Anadarko Basin
Gas pipelines,FuelSource [ref],BR93,93,P0239,,https://www.sec.gov/Archives/edgar/data/76063/000007606322000010/pepl-20211231.htm
Gas pipelines,Location [ref],CF93,93,P0239,,"https://en.wikipedia.org/wiki/Panhandle_Eastern, https://www.sec.gov/Archives/edgar/data/76063/000007606322000010/pepl-20211231.htm"
Gas pipelines,Status [ref],I100,100,P0246,,"https://en.wikipedia.org/wiki/Rockies_Express_Pipeline, https://www.ogj.com/general-interest/companies/article/55088950/tallgrass-energy-to-gain-full-ownership-of-rex-in-deal-with-phillips-66"
Gas pipelines,Researcher,J100,100,P0246,HK,CB
Gas pipelines,LastUpdated,K100,100,P0246,45167,46297
Gas pipelines,Fuel [ref],M100,100,P0246,,"https://en.wikipedia.org/wiki/Rockies_Express_Pipeline, https://www.sec.gov/Archives/edgar/data/0000888228/000104746908007148/a2185993z424b5.htm"
Gas pipelines,PipelineType [ref],O100,100,P0246,,"https://www.sec.gov/Archives/edgar/data/1569134/000156913417000002/exhibit9911172017.htm, https://primis.phmsa.dot.gov/enforcement-documents/32022040NOPV/32022040NOPV_PCO_02172022_(20-179276).pdf"
Gas pipelines,Start [ref],AL100,100,P0246,,"https://en.wikipedia.org/wiki/Rockies_Express_Pipeline, http://www.ogj.com/articles/2009/11/final-leg-of-rockies.html"
Gas pipelines,Pressure,BA100,100,P0246,,1480
Gas pipelines,PressureUnits,BB100,100,P0246,,psig
Gas pipelines,Pressure [ref],BC100,100,P0246,,https://primis.phmsa.dot.gov/enforcement-documents/32022040NOPV/32022040NOPV_PCO_02172022_(20-179276).pdf
Gas pipelines,Diameter [ref],BO100,100,P0246,,"https://en.wikipedia.org/wiki/Rockies_Express_Pipeline, https://www.naturalgasintel.com/news/western-phase-of-rockies-express-one-step-away-from-certificate-2/"
Gas pipelines,Location [ref],CF100,100,P0246,,"https://en.wikipedia.org/wiki/Rockies_Express_Pipeline, https://www.sec.gov/Archives/edgar/data/0000888228/000104746908007148/a2185993z424b5.htm"
Gas pipelines,Status [ref],I101,101,P0248,,"https://pipeline.tallgrassenergylp.com/Content/RUBY/RUBY_tariff.pdf, https://eastdaley.com/daley-note/will-ruby-shine-again-data-centers-pipe-expansions-can-restore-sparkle-to-beleaguered-pipeline"
Gas pipelines,Researcher,J101,101,P0248,HK,CB
Gas pipelines,LastUpdated,K101,101,P0248,45167,46297
Gas pipelines,Fuel [ref],M101,101,P0248,,"https://en.wikipedia.org/wiki/Ruby_Pipeline, https://www.offshore-technology.com/projects/rubypipelineproject/"
Gas pipelines,ProposalYear,Z101,101,P0248,,2009
Gas pipelines,ProposalMonth,AA101,101,P0248,,1
Gas pipelines,Proposal [ref],AB101,101,P0248,,https://www.federalregister.gov/documents/2009/02/17/E9-3222/ruby-pipeline-llc-notice-of-application
Gas pipelines,Construction [ref],AE101,101,P0248,,https://www.offshore-technology.com/projects/rubypipelineproject/
Gas pipelines,StartMonth1,AG101,101,P0248,,7
Gas pipelines,Start [ref],AL101,101,P0248,,"https://en.wikipedia.org/wiki/Ruby_Pipeline, https://www.naturalgasintel.com/news/ruby-pipeline-enters-service-but-initial-flows-are-light/, https://www.eia.gov/naturalgas/pipelines/EIA-NaturalGasPipelineProjects.xlsx"
Gas pipelines,Capacity [ref],AZ101,101,P0248,,"https://en.wikipedia.org/wiki/Ruby_Pipeline, https://www.naturalgasintel.com/news/ruby-pipeline-enters-service-but-initial-flows-are-light/"
Gas pipelines,Length [ref],BI101,101,P0248,,"https://en.wikipedia.org/wiki/Ruby_Pipeline, https://www.pgjonline.com/news/2023/january/tallgrass-completes-ruby-pipeline-acquisition-adds-682-miles-of-infrastructure-to-portfolio"
Gas pipelines,Diameter [ref],BO101,101,P0248,,"https://en.wikipedia.org/wiki/Ruby_Pipeline, https://www.offshore-technology.com/projects/rubypipelineproject/"
Gas pipelines,Location [ref],CF101,101,P0248,,"https://www.naturalgasintel.com/news/ruby-pipeline-enters-service-but-initial-flows-are-light/, https://en.wikipedia.org/wiki/Ruby_Pipeline"
Gas pipelines,Status [ref],I103,103,P0250,,"https://primis.phmsa.dot.gov/enforcement-documents/42022036NOPV/42022036NOPV_Closure%20Letter_03222024_(21-219815).pdf, https://rextag.com/pages/sabine-pipe-line"
Gas pipelines,Researcher,J103,103,P0250,HK,CB
Gas pipelines,LastUpdated,K103,103,P0250,45167,46297
Gas pipelines,Fuel [ref],M103,103,P0250,,"https://primis.phmsa.dot.gov/enforcement-documents/42022036NOPV/42022036NOPV_Closure%20Letter_03222024_(21-219815).pdf, https://www.ferc.gov/sites/default/files/2020-05/016522_000110__contents.pdf"
Gas pipelines,Length [ref],BI103,103,P0250,,"http://web.archive.org/web/20160103053401/http://www.sec.gov:80/Archives/edgar/data/1179060/000117906015000007/enlk201410-k.htm, https://rextag.com/pages/sabine-pipe-line"
Gas pipelines,Location [ref],CF103,103,P0250,,"https://www.ferc.gov/sites/default/files/2020-05/016522_000110__contents.pdf, https://rextag.com/pages/sabine-pipe-line"
Gas pipelines,Status [ref],I104,104,P0251,,"https://www.pipelinesafetyinfo.com/user/file/Louisiana%20(PAL)/Sea%20Robin%20Pipeline%20Company.pdf, https://www.sec.gov/Archives/edgar/data/76063/000007606321000008/pepl-20201231.htm"
Gas pipelines,Researcher,J104,104,P0251,HK,CB
Gas pipelines,LastUpdated,K104,104,P0251,45168,46297
Gas pipelines,Fuel [ref],M104,104,P0251,,"http://web.archive.org/web/20250620113838/https://caselaw.findlaw.com/court/us-5th-circuit/1018006.html, https://www.sec.gov/Archives/edgar/data/76063/000007606321000008/pepl-20201231.htm"
Gas pipelines,Length [ref],BI104,104,P0251,,"http://web.archive.org/web/20250620113838/https://caselaw.findlaw.com/court/us-5th-circuit/1018006.html, http://web.archive.org/web/20250818113356/https://www.hartenergy.com/exclusives/sea-robin-pipeline-delivers-offshore-volumes-gulf-midwest-3650"
Gas pipelines,Diameter,BM104,104,P0251,,4 to 36
Gas pipelines,DiameterUnits,BN104,104,P0251,,in
Gas pipelines,Diameter [ref],BO104,104,P0251,,http://web.archive.org/web/20250620113838/https://caselaw.findlaw.com/court/us-5th-circuit/1018006.html
Gas pipelines,StartState/Province,BU104,104,P0251,,Louisiana
Gas pipelines,EndLocation,BY104,104,P0251,,Erath
Gas pipelines,EndPrefecture/District,BZ104,104,P0251,,Vermilion Parish
Gas pipelines,Location [ref],CF104,104,P0251,,"http://web.archive.org/web/20250620113838/https://caselaw.findlaw.com/court/us-5th-circuit/1018006.html, https://www.pipelinesafetyinfo.com/user/file/Louisiana%20(PAL)/Sea%20Robin%20Pipeline%20Company.pdf, https://en.wikipedia.org/wiki/Sea_Robin_Pipeline"
Gas pipelines,Status [ref],I108,108,P0255,,"https://www.vnf.com/ferc-approves-the-spire-stl-pipeline-ensuring-continued-operations, https://www.thompsonenergyexpert.com/news/spire-stl-abandonment-to-spire-mogas-approved"
Gas pipelines,Researcher,J108,108,P0255,HK,CB
Gas pipelines,LastUpdated,K108,108,P0255,45168,46297
Gas pipelines,Fuel [ref],M108,108,P0255,,"https://web.archive.org/web/2018id_/http://www.naturalgasintel.com/articles/109367-spire-files-for-400000-dthd-rex-lateral-to-serve-st-louis-market, https://www.myjournalcourier.com/news/article/Workers-prepping-for-pipeline-bore-across-13604881.php"
Gas pipelines,ProposalYear,Z108,108,P0255,,2016
Gas pipelines,ProposalMonth,AA108,108,P0255,,7
Gas pipelines,Proposal [ref],AB108,108,P0255,,"https://www.spireenergy.com/sites/default/files/2017-09/20160711%20Request%20for%20Pre%20Filing.pdf, https://www.federalregister.gov/documents/2016/11/03/2016-26592/spire-stl-pipeline-company-llc-notice-of-intent-to-prepare-an-environmental-assessment-for-the"
Gas pipelines,StartMonth1,AG108,108,P0255,,11
Gas pipelines,Start [ref],AL108,108,P0255,,https://efis.psc.mo.gov/Document/Display/293504
Gas pipelines,Capacity [ref],AZ108,108,P0255,,"https://web.archive.org/web/2017id_/http://www.naturalgasintel.com/articles/109367-spire-files-for-400000-dthd-rex-lateral-to-serve-st-louis-market, https://efis.psc.mo.gov/Document/Display/293504"
Gas pipelines,Pressure,BA108,108,P0255,,1440
Gas pipelines,PressureUnits,BB108,108,P0255,,psig
Gas pipelines,Pressure [ref],BC108,108,P0255,,https://www.spireenergy.com/sites/default/files/2021-07/Spire%20STL%20Certificate%20Application.pdf
Gas pipelines,Length [ref],BI108,108,P0255,,"https://efis.psc.mo.gov/Document/Display/293504, https://www.myjournalcourier.com/news/article/Workers-prepping-for-pipeline-bore-across-13604881.php"
Gas pipelines,Diameter [ref],BO108,108,P0255,,"https://web.archive.org/web/2017id_/http://www.naturalgasintel.com/articles/109367-spire-files-for-400000-dthd-rex-lateral-to-serve-st-louis-market, https://pipesak.com/project/spire-energy-stl-mainline-pipeline-construction/"
Gas pipelines,Location [ref],CF108,108,P0255,,"https://efis.psc.mo.gov/Document/Display/293504, https://www.federalregister.gov/documents/2017/03/10/2017-04720/spire-stl-pipeline-company-llc-supplemental-notice-of-intent-to-prepare-an-environmental-assessment, https://www.myjournalcourier.com/news/article/Workers-prepping-for-pipeline-bore-across-13604881.php"
Gas pipelines,SegmentCost [ref],CM108,108,P0255,,"https://grist.org/accountability/a-missouri-gas-company-figured-out-how-to-keep-its-illegal-pipeline-running/, https://efis.psc.mo.gov/Document/Display/293504"
Gas pipelines,Status [ref],I109,109,P0256,,"https://www.pipelinesafetyinfo.com/user/file/Louisiana%20(PAL)/Stingray%20Pipeline.pdf, https://www.troutmanenergyreport.com/2025/01/d-c-circuit-upholds-ferc-order-requiring-stingray-to-restore-service-before-abandoning-damaged-pipeline/"
Gas pipelines,Researcher,J109,109,P0256,AL,CB
Gas pipelines,LastUpdated,K109,109,P0256,45691,46297
Gas pipelines,Fuel [ref],M109,109,P0256,,"https://www.pipelinesafetyinfo.com/user/file/Louisiana%20(PAL)/Stingray%20Pipeline.pdf, https://www.offshore-mag.com/pipelines/article/16755974/stingray-pipeline-system-pushed-envelope-of-deepwater-development-in-the-1970s"
Gas pipelines,ProposalYear,Z109,109,P0256,,1972
Gas pipelines,ProposalMonth,AA109,109,P0256,,April
Gas pipelines,Proposal [ref],AB109,109,P0256,,https://www.offshore-mag.com/pipelines/article/16755974/stingray-pipeline-system-pushed-envelope-of-deepwater-development-in-the-1970s
Gas pipelines,ConstructionYear,AC109,109,P0256,,1974
Gas pipelines,Construction [ref],AE109,109,P0256,,"https://www.offshore-mag.com/pipelines/article/16755974/stingray-pipeline-system-pushed-envelope-of-deepwater-development-in-the-1970s, https://www.osti.gov/biblio/5692922-stingray-lays-miles-offshore-pipeline"
Gas pipelines,Start [ref],AL109,109,P0256,,"https://www.offshore-mag.com/pipelines/article/16755974/stingray-pipeline-system-pushed-envelope-of-deepwater-development-in-the-1970s, https://www.osti.gov/biblio/5692922-stingray-lays-miles-offshore-pipeline"
Gas pipelines,Diameter [ref],BO109,109,P0256,,"https://www.offshore-mag.com/pipelines/article/16755974/stingray-pipeline-system-pushed-envelope-of-deepwater-development-in-the-1970s, https://www.govinfo.gov/content/pkg/FR-2020-10-07/pdf/2020-22165.pdf"
Gas pipelines,Location [ref],CF109,109,P0256,,"https://www.offshore-mag.com/pipelines/article/16755974/stingray-pipeline-system-pushed-envelope-of-deepwater-development-in-the-1970s, https://www.pipelinesafetyinfo.com/user/file/Louisiana%20(PAL)/Stingray%20Pipeline.pdf"
Gas pipelines,SegmentCost [ref],CM109,109,P0256,,"https://www.offshore-mag.com/pipelines/article/16755974/stingray-pipeline-system-pushed-envelope-of-deepwater-development-in-the-1970s, https://www.osti.gov/biblio/5692922-stingray-lays-miles-offshore-pipeline"
Gas pipelines,Status [ref],I111,111,P0258,,"https://www.ogj.com/pipelines-transportation/pipelines/article/14296376/tejas-howard-energy-launch-2bcfd-eagle-ford-gas-system-expansion, https://www.kindermorgan.com/Operations/Natural-Gas/Index"
Gas pipelines,Researcher,J111,111,P0258,HK,CB
Gas pipelines,LastUpdated,K111,111,P0258,45168,46297
Gas pipelines,Fuel [ref],M111,111,P0258,,"https://www.kindermorgan.com/Operations/Natural-Gas/Index, https://www.ogj.com/general-interest/companies/article/17262258/kinder-morgan-energy-partners-buying-tejas-gas-for-750-million"
Gas pipelines,Status [ref],I113,113,P0260,,https://www.eia.gov/naturalgas/pipelines/EIA-NaturalGasPipelineProjectsAug2026.xlsx
Gas pipelines,Researcher,J113,113,P0260,BL,CB
Gas pipelines,LastUpdated,K113,113,P0260,45441,46297
Gas pipelines,Fuel [ref],M113,113,P0260,,https://www.eia.gov/naturalgas/pipelines/EIA-NaturalGasPipelineProjectsAug2026.xlsx
Gas pipelines,PipelineType [ref],O113,113,P0260,,https://www.eia.gov/naturalgas/pipelines/EIA-NaturalGasPipelineProjectsAug2026.xlsx
Gas pipelines,Start [ref],AL113,113,P0260,,https://www.eia.gov/naturalgas/pipelines/EIA-NaturalGasPipelineProjectsAug2026.xlsx
Gas pipelines,Capacity [ref],AZ113,113,P0260,,https://www.eia.gov/naturalgas/pipelines/EIA-NaturalGasPipelineProjectsAug2026.xlsx
Gas pipelines,Length [ref],BI113,113,P0260,,https://www.eia.gov/naturalgas/pipelines/EIA-NaturalGasPipelineProjectsAug2026.xlsx
Gas pipelines,Diameter [ref],BO113,113,P0260,,https://www.eia.gov/naturalgas/pipelines/EIA-NaturalGasPipelineProjectsAug2026.xlsx
Gas pipelines,StartState/Province,BU113,113,P0260,Pennsylvania,PA
Gas pipelines,EndState/Province,CA113,113,P0260,New Jersey,NJ
Gas pipelines,Location [ref],CF113,113,P0260,,https://www.eia.gov/naturalgas/pipelines/EIA-NaturalGasPipelineProjectsAug2026.xlsx
Gas pipelines,SegmentCost [ref],CM113,113,P0260,,https://www.eia.gov/naturalgas/pipelines/EIA-NaturalGasPipelineProjectsAug2026.xlsx
Gas pipelines,Researcher,J114,114,P0261,BL,CB
Gas pipelines,LastUpdated,K114,114,P0261,45441,46297
Gas pipelines,Fuel [ref],M114,114,P0261,,https://www.eia.gov/naturalgas/pipelines/EIA-NaturalGasPipelineProjects_May2018.xlsx
Gas pipelines,PipelineType [ref],O114,114,P0261,,https://www.eia.gov/naturalgas/pipelines/EIA-NaturalGasPipelineProjects_May2018.xlsx
Gas pipelines,Start [ref],AL114,114,P0261,,"https://www.energyglobal.com/pipelines/project-news/25102018/plans-to-put-into-service-remainder-of-teal-gas-pipeline, https://www.eia.gov/naturalgas/pipelines/EIA-NaturalGasPipelineProjects_May2018.xlsx"
Gas pipelines,Capacity [ref],AZ114,114,P0261,,https://www.eia.gov/naturalgas/pipelines/EIA-NaturalGasPipelineProjects_May2018.xlsx
Gas pipelines,Length [ref],BI114,114,P0261,,https://www.eia.gov/naturalgas/pipelines/EIA-NaturalGasPipelineProjects_May2018.xlsx
Gas pipelines,SegmentCost [ref],CM114,114,P0261,,https://www.eia.gov/naturalgas/pipelines/EIA-NaturalGasPipelineProjects_May2018.xlsx
Gas pipelines,Status [ref],I115,115,P0262,,https://infopost.enbridge.com/infopost/TEHome.asp?Pipe=TE
Gas pipelines,Researcher,J115,115,P0262,BL,CB
Gas pipelines,LastUpdated,K115,115,P0262,45441,46297
Gas pipelines,Fuel [ref],M115,115,P0262,,https://infopost.enbridge.com/infopost/TEHome.asp?Pipe=TE
Gas pipelines,PipelineType [ref],O115,115,P0262,,https://infopost.enbridge.com/infopost/TEHome.asp?Pipe=TE
Gas pipelines,Location [ref],CF115,115,P0262,,https://www.enbridge.com/~/media/Enb/Documents/Factsheets/FS_EnergyInfrastructureAssets.pdf
Gas pipelines,Status [ref],I116,116,P0263,,"https://bwpipelines.com/subsidiaries/texas-gas-transmission/home, https://en.wikipedia.org/wiki/Texas_Gas_Transmission"
Gas pipelines,Researcher,J116,116,P0263,HK,CB
Gas pipelines,LastUpdated,K116,116,P0263,45148,46297
Gas pipelines,Fuel [ref],M116,116,P0263,,"https://en.wikipedia.org/wiki/Texas_Gas_Transmission, https://bwpipelines.com/subsidiaries/texas-gas-transmission/home"
Gas pipelines,Start [ref],AL116,116,P0263,,"https://en.wikipedia.org/wiki/Texas_Gas_Transmission, http://web.archive.org/web/20251108180702/https://www.offshore-technology.com/marketdata/texas-gas-transmission-gas-pipeline-the-us/"
Gas pipelines,Capacity [ref],AZ116,116,P0263,,"https://bwpipelines.com/subsidiaries/texas-gas-transmission/home, https://marcellusdrilling.com/2025/04/texas-gas-pipe-expanding-to-flow-extra-2-bcf-d-of-m-u-gas-to-la/"
Gas pipelines,Length [ref],BI116,116,P0263,,"https://marcellusdrilling.com/2025/04/texas-gas-pipe-expanding-to-flow-extra-2-bcf-d-of-m-u-gas-to-la/, https://bwpipelines.com/subsidiaries/texas-gas-transmission/home"
Gas pipelines,Diameter,BM116,116,P0263,,36
Gas pipelines,Diameter [ref],BO116,116,P0263,,http://web.archive.org/web/20251108180702/https://www.offshore-technology.com/marketdata/texas-gas-transmission-gas-pipeline-the-us/
Gas pipelines,StartState/Province,BU116,116,P0263,Louisana,Louisiana
Gas pipelines,Location [ref],CF116,116,P0263,,"https://en.wikipedia.org/wiki/Texas_Gas_Transmission, https://marcellusdrilling.com/2025/04/texas-gas-pipe-expanding-to-flow-extra-2-bcf-d-of-m-u-gas-to-la/"
Gas pipelines,Status [ref],I118,118,P0265,,"https://web.archive.org/web/20240917033620/https://www.hydrocarbons-technology.com/projects/etctigerpipelineproj/, https://www.sec.gov/Archives/edgar/data/1012569/000119312511049474/d10k.htm, https://www.federalregister.gov/documents/2026/07/21/2026-14686/etc-tiger-pipeline-llc-notice-of-application-and-establishing-intervention-deadline"
Gas pipelines,Researcher,J118,118,P0265,HK,CB
Gas pipelines,LastUpdated,K118,118,P0265,45168,46297
Gas pipelines,Fuel [ref],M118,118,P0265,,"https://www.sec.gov/Archives/edgar/data/1012569/000119312511049474/d10k.htm, https://www.federalregister.gov/documents/2026/07/21/2026-14686/etc-tiger-pipeline-llc-notice-of-application-and-establishing-intervention-deadline"
Gas pipelines,PipelineType [ref],O118,118,P0265,,"https://www.federalregister.gov/documents/2009/09/18/E9-22465/etc-tiger-pipeline-llc-notice-of-application, https://www.sec.gov/Archives/edgar/data/1012569/000119312511049474/d10k.htm"
Gas pipelines,Construction [ref],AE118,118,P0265,,"https://www.sec.gov/Archives/edgar/data/1012569/000119312511049474/d10k.htm, https://web.archive.org/web/20240917033620/https://www.hydrocarbons-technology.com/projects/etctigerpipelineproj/"
Gas pipelines,Start [ref],AL118,118,P0265,,"https://www.sec.gov/Archives/edgar/data/1012569/000119312511049474/d10k.htm, https://web.archive.org/web/20240917033620/https://www.hydrocarbons-technology.com/projects/etctigerpipelineproj/"
Gas pipelines,Capacity [ref],AZ118,118,P0265,,"https://www.federalregister.gov/documents/2009/09/18/E9-22465/etc-tiger-pipeline-llc-notice-of-application, https://www.naturalgasintel.com/energy-transfer-tiger-pipeline-gets-environmental-nod/, https://www.sec.gov/Archives/edgar/data/1012569/000119312511049474/d10k.htm"
Gas pipelines,Length [ref],BI118,118,P0265,,"https://www.naturalgasintel.com/energy-transfer-tiger-pipeline-gets-environmental-nod/, https://www.sec.gov/Archives/edgar/data/1012569/000119312511049474/d10k.htm"
Gas pipelines,Diameter [ref],BO118,118,P0265,,"https://www.naturalgasintel.com/energy-transfer-tiger-pipeline-gets-environmental-nod/, https://www.federalregister.gov/documents/2009/09/18/E9-22465/etc-tiger-pipeline-llc-notice-of-application"
Gas pipelines,Location [ref],CF118,118,P0265,,"https://web.archive.org/web/20240917033620/https://www.hydrocarbons-technology.com/projects/etctigerpipelineproj/, https://web.archive.org/web/20170506173918/http://ir.energytransfer.com/phoenix.zhtml?c=106094&p=irol-newsArticle&ID=1258504"
Gas pipelines,SegmentCost [ref],CM118,118,P0265,,https://www.sec.gov/Archives/edgar/data/1012569/000119312510039066/d10k.htm
Gas pipelines,Status [ref],I122,122,P0269,,"https://www.ogj.com/pipelines-transportation/pipelines/article/14201058/venture-global-to-start-service-on-transcameron-pipeline, https://www.eia.gov/todayinenergy/detail.php?id=52238"
Gas pipelines,Researcher,J122,122,P0269,BL,CB
Gas pipelines,LastUpdated,K122,122,P0269,45133,46297
Gas pipelines,Fuel [ref],M122,122,P0269,,"https://www.ferc.gov/sites/default/files/CalendarFiles/20190221194809-CP15-550-000a.pdf, https://www.eia.gov/todayinenergy/detail.php?id=52238"
Gas pipelines,Proposal [ref],AB122,122,P0269,,"https://www.prnewswire.com/news-releases/venture-global-lng-announces-major-regulatory-milestones-for-its-lng-export-facility-and-pipeline-system-300138960.html, https://www.federalregister.gov/documents/2015/09/24/2015-24240/venture-global-calcasieu-pass-llc-transcameron-pipeline-llc-notice-of-applications"
Gas pipelines,ConstructionYear,AC122,122,P0269,,2019
Gas pipelines,ConstructionMonth,AD122,122,P0269,,2
Gas pipelines,Construction [ref],AE122,122,P0269,,"https://www.worldoil.com/news/2019/2/22/venture-global-calcasieu-pass-and-transcameron-pipeline-receive-construction-approval-in-louisiana, https://www.ogj.com/pipelines-transportation/lng/article/14038675/venture-global-makes-calcasieu-pass-lng-fid"
Gas pipelines,StartMonth1,AG122,122,P0269,,4
Gas pipelines,Start [ref],AL122,122,P0269,,"https://www.ogj.com/pipelines-transportation/pipelines/article/14201058/venture-global-to-start-service-on-transcameron-pipeline, https://www.naturalgasintel.com/venture-globals-calcasieu-pass-lng-feed-gas-pipeline-cleared-for-service/"
Gas pipelines,Pressure,BA122,122,P0269,,1200
Gas pipelines,PressureUnits,BB122,122,P0269,,psig
Gas pipelines,Pressure [ref],BC122,122,P0269,,http://web.archive.org/web/20220808071105/https://www.transmissionhub.com/articles/2016/06/transcameron-drops-one-of-two-pipeline-laterals-to-serve-louisiana-lng-project.html
Gas pipelines,Length [ref],BI122,122,P0269,,"https://www.naturalgasintel.com/venture-globals-calcasieu-pass-lng-feed-gas-pipeline-cleared-for-service/, https://www.eia.gov/todayinenergy/detail.php?id=52238"
Gas pipelines,Diameter [ref],BO122,122,P0269,,"https://www.naturalgasintel.com/venture-globals-calcasieu-pass-lng-feed-gas-pipeline-cleared-for-service/, https://www.ferc.gov/sites/default/files/CalendarFiles/20190221194809-CP15-550-000a.pdf"
Gas pipelines,Location [ref],CF122,122,P0269,,"https://www.naturalgasintel.com/venture-globals-calcasieu-pass-lng-feed-gas-pipeline-cleared-for-service/, https://ventureglobal.com/calcasieu-pass/transcameron-pipeline/"
Gas pipelines,Status [ref],I123,123,P0270,,"https://kindermorgan.com/Operations/Natural-Gas/Index, https://web.archive.org/web/20191216184107/https://www.kindermorgan.com/pages/business/gas_pipelines/west/TransColorado/default.aspx"
Gas pipelines,Researcher,J123,123,P0270,HK,CB
Gas pipelines,LastUpdated,K123,123,P0270,45169,46297
Gas pipelines,Fuel [ref],M123,123,P0270,,"https://kindermorgan.com/Operations/Natural-Gas/Index, https://www.govinfo.gov/content/pkg/FR-1996-05-03/pdf/96-10990.pdf"
Gas pipelines,PipelineType [ref],O123,123,P0270,,"https://www.govinfo.gov/content/pkg/FR-1996-05-03/pdf/96-10990.pdf, https://kindermorgan.com/Operations/Natural-Gas/Index"
Gas pipelines,ConstructionYear,AC123,123,P0270,,1994
Gas pipelines,Construction [ref],AE123,123,P0270,,"https://www.sec.gov/Archives/edgar/data/0000031986/000095013496004307/0000950134-96-004307.txt, https://www.govinfo.gov/content/pkg/FR-1996-05-03/pdf/96-10990.pdf"
Gas pipelines,Start [ref],AL123,123,P0270,,"https://en.wikipedia.org/wiki/TransColorado_Pipeline, https://www.sec.gov/Archives/edgar/data/0000031986/000095013496004307/0000950134-96-004307.txt"
Gas pipelines,Capacity [ref],AZ123,123,P0270,,https://www.sec.gov/Archives/edgar/data/0001506307/000150630713000015/kmi-20121231x10k.htm
Gas pipelines,Length [ref],BI123,123,P0270,,"https://kindermorgan.com/Operations/Natural-Gas/Index, https://web.archive.org/web/20220119173013/https://www.offshore-technology.com/marketdata/transcolorado-gas-transmission-gas-pipeline-the-us/"
Gas pipelines,Diameter,BM123,123,P0270,,"22, 24"
Gas pipelines,DiameterUnits,BN123,123,P0270,,in
Gas pipelines,Diameter [ref],BO123,123,P0270,,"https://web.archive.org/web/20220119173013/https://www.offshore-technology.com/marketdata/transcolorado-gas-transmission-gas-pipeline-the-us/, https://www.govinfo.gov/content/pkg/FR-1996-05-03/pdf/96-10990.pdf"
Gas pipelines,Location [ref],CF123,123,P0270,,"https://kindermorgan.com/Operations/Natural-Gas/Index, https://www.govinfo.gov/content/pkg/FR-1996-05-03/pdf/96-10990.pdf"
Gas pipelines,Status [ref],I126,126,P0273,,"https://www.sec.gov/Archives/edgar/data/1276187/000127618725000018/et-20241231.htm, https://azcc.gov/docs/default-source/utilities-files/electric/summer-preparedness/2019/transwestern-summer-preparedness-2019.pdf?sfvrsn=7ea7073e_2"
Gas pipelines,Researcher,J126,126,P0273,HK,CB
Gas pipelines,LastUpdated,K126,126,P0273,45169,46297
Gas pipelines,Fuel [ref],M126,126,P0273,,"https://www.sec.gov/Archives/edgar/data/1276187/000127618725000018/et-20241231.htm, https://www.sec.gov/Archives/edgar/data/1012569/000119312507002987/dex992.htm"
Gas pipelines,PipelineType [ref],O126,126,P0273,,"https://www.sec.gov/Archives/edgar/data/1012569/000119312507002987/dex992.htm, https://www.sec.gov/Archives/edgar/data/1276187/000127618725000018/et-20241231.htm"
Gas pipelines,Start [ref],AL126,126,P0273,,http://datasets.opentestset.com/datasets/Enron_files/full/donoho-l/TW%20History.doc
Gas pipelines,Researcher,J127,127,P0274,IM,CB
Gas pipelines,LastUpdated,K127,127,P0274,45922,46297
Gas pipelines,Fuel [ref],M127,127,P0274,,https://en.wikipedia.org/wiki/Trunkline_Pipeline
Gas pipelines,Start [ref],AL127,127,P0274,,https://en.wikipedia.org/wiki/Trunkline_Pipeline
Gas pipelines,Location [ref],CF127,127,P0274,,https://tgcmessenger.energytransfer.com/ipost/TGC/maps/system-map
Gas pipelines,Status [ref],I128,128,P0275,,"https://www.tcenergy.com/operations/natural-gas/tuscarora-transmission-system/, https://www.offshore-technology.com/marketdata/tuscarora-gas-pipeline-the-us/"
Gas pipelines,Researcher,J128,128,P0275,HK,CB
Gas pipelines,LastUpdated,K128,128,P0275,45145,46297
Gas pipelines,Fuel [ref],M128,128,P0275,,"https://www.tcenergy.com/operations/natural-gas/tuscarora-transmission-system/, https://en.wikipedia.org/wiki/Tuscarora_Gas_Pipeline"
Gas pipelines,PipelineType [ref],O128,128,P0275,,"https://www.tcenergy.com/operations/natural-gas/tuscarora-transmission-system/, https://en.wikipedia.org/wiki/Tuscarora_Gas_Pipeline"
Gas pipelines,Start [ref],AL128,128,P0275,,"https://www.tcenergy.com/operations/natural-gas/tuscarora-transmission-system/, http://tcplus.com/Tuscarora"
Gas pipelines,Capacity [ref],AZ128,128,P0275,,"https://www.tcenergy.com/siteassets/pdfs/natural-gas/tuscarora-xpress/tc-tuscarora-xpress-fact-sheet-june-2020.pdf, http://tcplus.com/Tuscarora"
Gas pipelines,Length [ref],BI128,128,P0275,,"https://www.tcenergy.com/operations/natural-gas/tuscarora-transmission-system/, https://www.offshore-technology.com/marketdata/tuscarora-gas-pipeline-the-us/"
Gas pipelines,Diameter,BM128,128,P0275,,20.0
Gas pipelines,DiameterUnits,BN128,128,P0275,,in
Gas pipelines,Diameter [ref],BO128,128,P0275,,"https://ceqanet.opr.ca.gov/1993112055/2, https://en.wikipedia.org/wiki/Tuscarora_Gas_Pipeline, https://web.archive.org/web/20241108012441/https://www.offshore-technology.com/marketdata/tuscarora-gas-pipeline-the-us/"
Gas pipelines,FuelSource [ref],BR128,128,P0275,,"https://www.tcenergy.com/siteassets/pdfs/natural-gas/tuscarora-xpress/tc-tuscarora-xpress-fact-sheet-june-2020.pdf, http://tcplus.com/Tuscarora"
Gas pipelines,Location [ref],CF128,128,P0275,,"http://tcplus.com/Tuscarora, https://en.wikipedia.org/wiki/Tuscarora_Gas_Pipeline"
Gas pipelines,Status [ref],I129,129,P0276,,"https://www.enbridge.com/~/media/Enb/Documents/Factsheets/FS_EnergyInfrastructureAssets.pdf?la=en, https://www.ogj.com/pipelines-transportation/pipelines/article/14223939/texas-lng-enbridge-to-expand-valley-crossing-pipeline"
Gas pipelines,Researcher,J129,129,P0276,HK,CB
Gas pipelines,LastUpdated,K129,129,P0276,45145,46297
Gas pipelines,Fuel [ref],M129,129,P0276,,"https://www.enbridge.com/~/media/Enb/Documents/Factsheets/FS_EnergyInfrastructureAssets.pdf?la=en, http://web.archive.org/web/20171222052250/http://www.brownsvilleherald.com/business/valley-crossing-project-will-deliver-natural-gas-to-mexico/article_3cea5d74-e40c-11e7-9177-e7b012470f9f.html"
Gas pipelines,Capacity [ref],AZ129,129,P0276,,"https://www.enbridge.com/~/media/Enb/Documents/Factsheets/FS_EnergyInfrastructureAssets.pdf?la=en, http://web.archive.org/web/20171222052250/http://www.brownsvilleherald.com/business/valley-crossing-project-will-deliver-natural-gas-to-mexico/article_3cea5d74-e40c-11e7-9177-e7b012470f9f.html"
Gas pipelines,Diameter [ref],BO129,129,P0276,,"https://www.ogj.com/pipelines-transportation/pipelines/article/14223939/texas-lng-enbridge-to-expand-valley-crossing-pipeline, https://www.savergv.org/valley-crossing-lateral-connector"
Gas pipelines,Location [ref],CF129,129,P0276,,"http://web.archive.org/web/20171222052250/http://www.brownsvilleherald.com/business/valley-crossing-project-will-deliver-natural-gas-to-mexico/article_3cea5d74-e40c-11e7-9177-e7b012470f9f.html, https://www.ogj.com/pipelines-transportation/pipelines/article/14223939/texas-lng-enbridge-to-expand-valley-crossing-pipeline"
Gas pipelines,SegmentCost [ref],CM129,129,P0276,,http://web.archive.org/web/20171222052250/http://www.brownsvilleherald.com/business/valley-crossing-project-will-deliver-natural-gas-to-mexico/article_3cea5d74-e40c-11e7-9177-e7b012470f9f.html
Gas pipelines,Status [ref],I131,131,P0278,,"https://dtmidstream.com/asset/viking-gas-transmission/, https://ir.oneok.com/news-and-events/press-releases/2024/12-31-2024-140048785"
Gas pipelines,Researcher,J131,131,P0278,HK,CB
Gas pipelines,LastUpdated,K131,131,P0278,45151,46297
Gas pipelines,Fuel [ref],M131,131,P0278,,"https://naturalgasintel.com/news/oneoks-viking-gas-transmission-ruptured-in-minnesota/, https://www.twincities.com/2014/05/25/northwestern-minnesota-gas-pipeline-explosion-it-was-just-hell-on-earth/"
Gas pipelines,Length [ref],BI131,131,P0278,,"https://dtmidstream.com/asset/viking-gas-transmission/, https://rextag.com/pages/viking-gas-transmission"
Gas pipelines,Location [ref],CF131,131,P0278,,"https://naturalgasintel.com/news/oneoks-viking-gas-transmission-ruptured-in-minnesota/, https://dtmidstream.com/asset/viking-gas-transmission/"
Gas pipelines,Status [ref],I132,132,P0279,,https://www.naturalgasintel.com/news/columbias-13-bcfd-wb-xpress-enters-full-service/
Gas pipelines,Researcher,J132,132,P0279,HK,CB
Gas pipelines,LastUpdated,K132,132,P0279,45169,46297
Gas pipelines,Fuel [ref],M132,132,P0279,,https://www.ferc.gov/sites/default/files/2020-08/CP16-38.pdf
Gas pipelines,PipelineType [ref],O132,132,P0279,,https://www.ferc.gov/sites/default/files/2020-08/CP16-38.pdf
Gas pipelines,ProposalYear,Z132,132,P0279,,2015
Gas pipelines,ProposalMonth,AA132,132,P0279,,12
Gas pipelines,Proposal [ref],AB132,132,P0279,,"https://www.ferc.gov/sites/default/files/2020-08/CP16-38.pdf, https://www.federalregister.gov/documents/2016/12/16/2016-30206/columbia-gas-transmission-llc-notice-of-schedule-for-environmental-review-of-the-wb-xpress-project"
Gas pipelines,ConstructionYear,AC132,132,P0279,,2017
Gas pipelines,Construction [ref],AE132,132,P0279,,"https://www.offshore-technology.com/projects/wb-xpress-project-virginia/, https://www.ferc.gov/sites/default/files/2020-08/CP16-38.pdf"
Gas pipelines,StartMonth1,AG132,132,P0279,,10
Gas pipelines,StartYear2,AH132,132,P0279,,2018
Gas pipelines,StartYear2Month,AI132,132,P0279,,11
Gas pipelines,Start [ref],AL132,132,P0279,,"https://www.tcenergy.com/announcements/2018/wb-xpress-projects-western-build-placed-into-service/, http://web.archive.org/web/20181121025015/http://globenewswire.com/news-release/2018/11/15/1652396/0/en/WB-XPress-Project-s-Eastern-Build-Placed-Into-Service.html, https://www.naturalgasintel.com/news/columbias-13-bcfd-wb-xpress-enters-full-service/"
Gas pipelines,Capacity [ref],AZ132,132,P0279,,"https://www.ferc.gov/sites/default/files/2020-08/CP16-38.pdf, https://www.naturalgasintel.com/news/columbias-13-bcfd-wb-xpress-enters-full-service/"
Gas pipelines,Pressure,BA132,132,P0279,,1000
Gas pipelines,PressureUnits,BB132,132,P0279,,psig
Gas pipelines,Pressure [ref],BC132,132,P0279,,https://www.ferc.gov/sites/default/files/2020-08/CP16-38.pdf
Gas pipelines,Length [ref],BI132,132,P0279,,"https://www.ferc.gov/sites/default/files/2020-08/CP16-38.pdf, https://www.naturalgasintel.com/news/columbias-13-bcfd-wb-xpress-enters-full-service/, https://www.offshore-technology.com/projects/wb-xpress-project-virginia/"
Gas pipelines,Diameter,BM132,132,P0279,,"12, 20, 26, 36"
Gas pipelines,DiameterUnits,BN132,132,P0279,,in
Gas pipelines,Diameter [ref],BO132,132,P0279,,"https://www.ferc.gov/sites/default/files/2020-08/CP16-38.pdf, https://www.offshore-technology.com/projects/wb-xpress-project-virginia/"
Gas pipelines,Location [ref],CF132,132,P0279,,"https://www.ferc.gov/sites/default/files/2020-08/CP16-38.pdf, https://www.offshore-technology.com/projects/wb-xpress-project-virginia/"
Gas pipelines,Status [ref],I134,134,P0281,,"https://www.wbienergy.com/about/, https://www.ferc.gov/sites/default/files/2020-08/CP17-257.pdf"
Gas pipelines,Researcher,J134,134,P0281,HK,CB
Gas pipelines,LastUpdated,K134,134,P0281,45169,46297
Gas pipelines,Fuel [ref],M134,134,P0281,,"https://www.wbienergy.com/about/, https://www.ferc.gov/sites/default/files/2020-08/CP17-257.pdf"
Gas pipelines,PipelineType [ref],O134,134,P0281,,"https://www.ferc.gov/sites/default/files/2020-08/CP17-257.pdf, https://www.wbienergy.com/about/"
Gas pipelines,ConstructionYear,AC134,134,P0281,,1929
Gas pipelines,Construction [ref],AE134,134,P0281,,https://www.referenceforbusiness.com/history2/8/MDU-Resources-Group-Inc.html
Gas pipelines,Length [ref],BI134,134,P0281,,https://www.offshore-technology.com/marketdata/williston-basin-interstate-gas-pipeline-the-us/
Gas pipelines,Diameter [ref],BO134,134,P0281,,https://www.offshore-technology.com/marketdata/williston-basin-interstate-gas-pipeline-the-us/
Gas pipelines,Location [ref],CF134,134,P0281,,"https://en.wikipedia.org/wiki/Williston_Basin_Pipeline, https://www.ferc.gov/sites/default/files/2020-08/CP17-257.pdf"
Gas pipelines,Status [ref],I135,135,P0282,,"https://rextag.com/pages/wyoming-interstate, https://www.kindermorgan.com/Operations/Natural-Gas/Index"
Gas pipelines,Researcher,J135,135,P0282,HK,CB
Gas pipelines,LastUpdated,K135,135,P0282,45169,46297
Gas pipelines,Fuel [ref],M135,135,P0282,,https://www.kindermorgan.com/Operations/Natural-Gas/Index
Gas pipelines,PipelineType [ref],O135,135,P0282,,"https://www.govinfo.gov/content/pkg/FR-2005-02-09/pdf/E5-526.pdf, https://www.kindermorgan.com/Operations/Natural-Gas/Index"
Gas pipelines,Diameter [ref],BO135,135,P0282,,"https://www.govinfo.gov/content/pkg/FR-2005-02-09/pdf/E5-526.pdf, https://www.govinfo.gov/content/pkg/FR-2019-05-09/pdf/2019-09483.pdf"
Gas pipelines,Location [ref],CF135,135,P0282,,"https://www.kindermorgan.com/Operations/Natural-Gas/Index, https://rextag.com/pages/wyoming-interstate"
Gas pipelines,Status [ref],I137,137,P0284,,"https://www.naturalgasintel.com/news/hep-takes-full-midship-control-adds-midcontinent-natural-gas-gathering-lines/, https://www.eia.gov/naturalgas/pipelines/EIA-NaturalGasPipelineProjectsAug2026.xlsx"
Gas pipelines,Researcher,J137,137,P0284,HK,CB
Gas pipelines,LastUpdated,K137,137,P0284,45169,46297
Gas pipelines,Fuel [ref],M137,137,P0284,,"https://www.eia.gov/naturalgas/pipelines/EIA-NaturalGasPipelineProjectsAug2026.xlsx, https://www.ogj.com/general-interest/companies/article/55268030/howard-energy-partners-acquires-operating-interest-in-midship-natural-gas-pipeline"
Gas pipelines,ProposalYear,Z137,137,P0284,,2017
Gas pipelines,Proposal [ref],AB137,137,P0284,,https://www.offshore-technology.com/projects/midship-natural-gas-pipeline-oklahoma-usa/
Gas pipelines,ConstructionYear,AC137,137,P0284,,2019
Gas pipelines,Construction [ref],AE137,137,P0284,,"https://www.ferc.gov/sites/default/files/2021-03/C-5-CP17-458-000.pdf, https://lngir.cheniere.com/news-events/press-releases/detail/180/cheniere-and-eig-complete-financing-and-issue-full-notice"
Gas pipelines,Start [ref],AL137,137,P0284,,"https://www.ferc.gov/sites/default/files/2021-03/C-5-CP17-458-000.pdf, https://pgjonline.com/news/2020/04-april/cheniere-energy-midship-pipeline-approved-for-service"
Gas pipelines,Capacity [ref],AZ137,137,P0284,,"https://www.eia.gov/naturalgas/pipelines/EIA-NaturalGasPipelineProjectsAug2026.xlsx, https://www.naturalgasintel.com/news/hep-takes-full-midship-control-adds-midcontinent-natural-gas-gathering-lines/"
Gas pipelines,Pressure,BA137,137,P0284,,1480
Gas pipelines,PressureUnits,BB137,137,P0284,,psig
Gas pipelines,Pressure [ref],BC137,137,P0284,,https://www.powerprogress.com/8003626.article
Gas pipelines,Length [ref],BI137,137,P0284,,"https://www.eia.gov/naturalgas/pipelines/EIA-NaturalGasPipelineProjectsAug2026.xlsx, https://www.federalregister.gov/documents/2018/06/27/2018-13852/midship-pipeline-company-llc-notice-of-availability-of-the-final-environmental-impact-statement-for"
Gas pipelines,Diameter [ref],BO137,137,P0284,,"https://www.federalregister.gov/documents/2018/06/27/2018-13852/midship-pipeline-company-llc-notice-of-availability-of-the-final-environmental-impact-statement-for, https://www.eia.gov/naturalgas/pipelines/EIA-NaturalGasPipelineProjectsAug2026.xlsx"
Gas pipelines,FuelSource [ref],BR137,137,P0284,,"https://www.naturalgasintel.com/news/hep-takes-full-midship-control-adds-midcontinent-natural-gas-gathering-lines/, https://www.ogj.com/general-interest/companies/article/55268030/howard-energy-partners-acquires-operating-interest-in-midship-natural-gas-pipeline"
Gas pipelines,Location [ref],CF137,137,P0284,,"https://www.ferc.gov/sites/default/files/2021-03/C-5-CP17-458-000.pdf, https://www.ogj.com/general-interest/companies/article/55268030/howard-energy-partners-acquires-operating-interest-in-midship-natural-gas-pipeline"
Gas pipelines,SegmentCost [ref],CM137,137,P0284,,https://www.eia.gov/naturalgas/pipelines/EIA-NaturalGasPipelineProjectsAug2026.xlsx
Gas pipelines,Status [ref],I141,141,P0288,,"https://www.nationalfuel.com/pipeline-storage/empire-pipeline/about-empire-pipeline/, https://web.archive.org/web/20210827200413/https://rbnenergy.com/node/13321"
Gas pipelines,Researcher,J141,141,P0288,WA,CB
Gas pipelines,LastUpdated,K141,141,P0288,45183,46297
Gas pipelines,Fuel [ref],M141,141,P0288,,"https://web.archive.org/web/20210827200413/https://rbnenergy.com/node/13321, https://www.sec.gov/Archives/edgar/data/0000070145/000007014502000079/exh99a_100302.htm"
Gas pipelines,ConstructionYear,AC141,141,P0288,,1992
Gas pipelines,Construction [ref],AE141,141,P0288,,"https://www.sec.gov/Archives/edgar/data/0000070145/000007014502000079/exh99a_100302.htm, https://www.ogj.com/general-interest/article/17248413/national-fuel-to-acquire-empire-state-natural-gas-line-from-duke-energy-unit"
Gas pipelines,Start [ref],AL141,141,P0288,,"https://www.sec.gov/Archives/edgar/data/0000070145/000007014502000079/exh99a_100302.htm, https://www.ogj.com/general-interest/article/17248413/national-fuel-to-acquire-empire-state-natural-gas-line-from-duke-energy-unit, https://www.nationalfuel.com/pipeline-storage/empire-pipeline/about-empire-pipeline/"
Gas pipelines,Length [ref],BI141,141,P0288,,https://www.nationalfuel.com/pipeline-storage/empire-pipeline/about-empire-pipeline/
Gas pipelines,Diameter,BM141,141,P0288,,24
Gas pipelines,DiameterUnits,BN141,141,P0288,,in
Gas pipelines,Diameter [ref],BO141,141,P0288,,"https://www.sec.gov/Archives/edgar/data/0000070145/000007014502000079/exh99a_100302.htm, https://www.phmsa.dot.gov/sites/phmsa.dot.gov/files/2020-08/2017-0158-Empire-Pipeline-Alt-MAOP-FEA-and-FONSI.pdf, https://www.govinfo.gov/content/pkg/FR-2010-09-15/pdf/2010-22935.pdf"
Gas pipelines,FuelSource,BQ141,141,P0288,,Marcellus/Utica natural gas
Gas pipelines,FuelSource [ref],BR141,141,P0288,,https://www.nationalfuel.com/pipeline-storage/empire-pipeline/about-empire-pipeline/
Gas pipelines,Location [ref],CF141,141,P0288,,"https://www.sec.gov/Archives/edgar/data/0000070145/000007014502000079/exh99a_100302.htm, https://www.ogj.com/general-interest/article/17248413/national-fuel-to-acquire-empire-state-natural-gas-line-from-duke-energy-unit, https://www.nationalfuel.com/pipeline-storage/empire-pipeline/about-empire-pipeline/"
Gas pipelines,Status [ref],I144,144,P0291,,"https://web.archive.org/web/2019id_/https://rbnenergy.com/node/5296, https://web.archive.org/web/2021id_/https://www.hydrocarbons-technology.com/projects/sunbury-pipeline-project-central-pennsylvania/"
Gas pipelines,Researcher,J144,144,P0291,HK,CB
Gas pipelines,LastUpdated,K144,144,P0291,45170,46297
Gas pipelines,Fuel [ref],M144,144,P0291,,"https://web.archive.org/web/2019id_/https://rbnenergy.com/node/5296, https://sunburypipeline.com/"
Gas pipelines,PipelineType [ref],O144,144,P0291,,"https://www.federalregister.gov/documents/2015/07/21/2015-17810/ugi-sunbury-llc-notice-of-application, https://sunburypipeline.com/"
Gas pipelines,ProposalYear,Z144,144,P0291,,2015
Gas pipelines,ProposalMonth,AA144,144,P0291,,7
Gas pipelines,Proposal [ref],AB144,144,P0291,,https://www.federalregister.gov/documents/2015/07/21/2015-17810/ugi-sunbury-llc-notice-of-application
Gas pipelines,Construction [ref],AE144,144,P0291,,"https://web.archive.org/web/2021id_/https://www.hydrocarbons-technology.com/projects/sunbury-pipeline-project-central-pennsylvania/, https://web.archive.org/web/2017id_/https://pgjonline.com/magazine/2016/may-2016-vol-243-no-5/projects/sunbury-pipeline-receives-ferc-approval"
Gas pipelines,Start [ref],AL144,144,P0291,,"https://web.archive.org/web/2019id_/https://rbnenergy.com/node/5296, https://web.archive.org/web/2021id_/https://www.hydrocarbons-technology.com/projects/sunbury-pipeline-project-central-pennsylvania/"
Gas pipelines,Capacity [ref],AZ144,144,P0291,,"https://web.archive.org/web/2017id_/https://pgjonline.com/magazine/2016/may-2016-vol-243-no-5/projects/sunbury-pipeline-receives-ferc-approval, https://web.archive.org/web/2019id_/https://rbnenergy.com/node/5296"
Gas pipelines,Length [ref],BI144,144,P0291,,"https://web.archive.org/web/2021id_/https://www.hydrocarbons-technology.com/projects/sunbury-pipeline-project-central-pennsylvania/, https://web.archive.org/web/2017id_/https://pgjonline.com/magazine/2016/may-2016-vol-243-no-5/projects/sunbury-pipeline-receives-ferc-approval"
Gas pipelines,Diameter [ref],BO144,144,P0291,,"https://web.archive.org/web/2021id_/https://www.hydrocarbons-technology.com/projects/sunbury-pipeline-project-central-pennsylvania/, https://web.archive.org/web/2019id_/https://rbnenergy.com/node/5296"
Gas pipelines,FuelSource [ref],BR144,144,P0291,,https://sunburypipeline.com/
Gas pipelines,Location [ref],CF144,144,P0291,,"https://www.federalregister.gov/documents/2015/07/21/2015-17810/ugi-sunbury-llc-notice-of-application, https://web.archive.org/web/2021id_/https://www.hydrocarbons-technology.com/projects/sunbury-pipeline-project-central-pennsylvania/"
Gas pipelines,SegmentCost [ref],CM144,144,P0291,,https://www.federalregister.gov/documents/2015/07/21/2015-17810/ugi-sunbury-llc-notice-of-application
Gas pipelines,Researcher,J145,145,P0292,,CB
Gas pipelines,LastUpdated,K145,145,P0292,,46297
Gas pipelines,Fuel [ref],M145,145,P0292,,"https://web.archive.org/web/20150725171055/http://www.businesswire.com/news/home/20141014005318/en/Tallgrass-Development-AGL-Resources-Announce-Pursuit-Pipeline, https://web.archive.org/web/20170704060641/https://rbnenergy.com/node/5386"
Gas pipelines,Proposal [ref],AB145,145,P0292,,"https://web.archive.org/web/20150725171055/http://www.businesswire.com/news/home/20141014005318/en/Tallgrass-Development-AGL-Resources-Announce-Pursuit-Pipeline, https://www.worldpipelines.com/business-news/15102014/Tallgrass-and-AGL-Resources-to-develop-new-natural-gas-pipeline-913/"
Gas pipelines,Capacity [ref],AZ145,145,P0292,,"https://web.archive.org/web/20170704060641/https://rbnenergy.com/node/5386, https://web.archive.org/web/20150725171055/http://www.businesswire.com/news/home/20141014005318/en/Tallgrass-Development-AGL-Resources-Announce-Pursuit-Pipeline"
Gas pipelines,Length [ref],BI145,145,P0292,,"https://web.archive.org/web/20170704060641/https://rbnenergy.com/node/5386, https://web.archive.org/web/20150725171055/http://www.businesswire.com/news/home/20141014005318/en/Tallgrass-Development-AGL-Resources-Announce-Pursuit-Pipeline"
Gas pipelines,Location [ref],CF145,145,P0292,,"https://web.archive.org/web/20170704060641/https://rbnenergy.com/node/5386, https://web.archive.org/web/20150725171055/http://www.businesswire.com/news/home/20141014005318/en/Tallgrass-Development-AGL-Resources-Announce-Pursuit-Pipeline"
Gas pipelines,SegmentCost [ref],CM145,145,P0292,,https://web.archive.org/web/20170704060641/https://rbnenergy.com/node/5386
Gas pipelines,Status [ref],I149,149,P0297,,"https://www.supremecourt.ohio.gov/rod/docs/pdf/0/2026/2026-Ohio-2064.pdf, https://www.duke-energy.com/-/media/pdfs/pipeline-projects/ccp/ccp-newsletter-1182022.pdf?rev=b1141a66de0c44dcb2188cbd13368594"
Gas pipelines,Researcher,J149,149,P0297,HK,CB
Gas pipelines,LastUpdated,K149,149,P0297,45142,46297
Gas pipelines,Fuel [ref],M149,149,P0297,,https://www.prnewswire.com/news-releases/duke-energy-ohio-asks-the-ohio-power-siting-board-to-move-forward-with-its-consideration-of-the-central-corridor-pipeline-application-300629633.html
Gas pipelines,ConstructionYear,AC149,149,P0297,,2021
Gas pipelines,ConstructionMonth,AD149,149,P0297,,3
Gas pipelines,Construction [ref],AE149,149,P0297,,"https://www.cincinnati.com/story/news/2021/03/02/duke-energy-central-corridor-pipeline-work-starts-hamilton-county/6883437002/, https://www.wcpo.com/news/local-news/work-begins-on-controversial-hamilton-county-duke-energy-pipeline, https://www.fox19.com/2021/03/01/work-begins-duke-energys-controversial-hamilton-county-gas-pipeline-2/"
Gas pipelines,Start [ref],AL149,149,P0297,,"https://www.supremecourt.ohio.gov/rod/docs/pdf/0/2026/2026-Ohio-2064.pdf, https://www.duke-energy.com/-/media/pdfs/pipeline-projects/ccp/ccp-newsletter-1182022.pdf?rev=b1141a66de0c44dcb2188cbd13368594"
Gas pipelines,Status [ref],I150,150,P0298,,"https://www.naturalgasintel.com/old-ocean-pipeline-shuts-in-0-2-bcf-d-system-near-houston-following-fire-investigation-underway/, https://web.archive.org/web/20220429002108/https://www.sec.gov/Archives/edgar/data/1276187/000127618719000011/et12-31x201810k.htm"
Gas pipelines,Researcher,J150,150,P0298,HK,CB
Gas pipelines,LastUpdated,K150,150,P0298,45170,46297
Gas pipelines,Fuel [ref],M150,150,P0298,,"https://www.ogj.com/articles/2018/05/epp-etp-combine-to-revive-old-ocean-pipeline-to-move-permian-supply.html, https://www.naturalgasintel.com/old-ocean-pipeline-shuts-in-0-2-bcf-d-system-near-houston-following-fire-investigation-underway/"
Gas pipelines,Length [ref],BI150,150,P0298,,"https://www.ogj.com/articles/2018/05/epp-etp-combine-to-revive-old-ocean-pipeline-to-move-permian-supply.html, https://www.naturalgasintel.com/old-ocean-pipeline-shuts-in-0-2-bcf-d-system-near-houston-following-fire-investigation-underway/, https://web.archive.org/web/20220429002108/https://www.sec.gov/Archives/edgar/data/1276187/000127618719000011/et12-31x201810k.htm"
Gas pipelines,Diameter,BM150,150,P0298,,24.0
Gas pipelines,DiameterUnits,BN150,150,P0298,,in
Gas pipelines,Diameter [ref],BO150,150,P0298,,"https://www.ogj.com/articles/2018/05/epp-etp-combine-to-revive-old-ocean-pipeline-to-move-permian-supply.html, https://www.naturalgasintel.com/old-ocean-pipeline-shuts-in-0-2-bcf-d-system-near-houston-following-fire-investigation-underway/, https://web.archive.org/web/20220429002108/https://www.sec.gov/Archives/edgar/data/1276187/000127618719000011/et12-31x201810k.htm"
Gas pipelines,FuelSource [ref],BR150,150,P0298,,https://www.ogj.com/articles/2018/05/epp-etp-combine-to-revive-old-ocean-pipeline-to-move-permian-supply.html
Gas pipelines,Location [ref],CF150,150,P0298,,"https://www.ogj.com/articles/2018/05/epp-etp-combine-to-revive-old-ocean-pipeline-to-move-permian-supply.html, https://www.naturalgasintel.com/old-ocean-pipeline-shuts-in-0-2-bcf-d-system-near-houston-following-fire-investigation-underway/, https://web.archive.org/web/20220429002108/https://www.sec.gov/Archives/edgar/data/1276187/000127618719000011/et12-31x201810k.htm"
Gas pipelines,Status [ref],I152,152,P0302,,https://www.eia.gov/naturalgas/pipelines/EIA-NaturalGasPipelineProjectsAug2026.xlsx
Gas pipelines,Researcher,J152,152,P0302,AL,CB
Gas pipelines,LastUpdated,K152,152,P0302,45512,46297
Gas pipelines,Fuel [ref],M152,152,P0302,,https://www.eia.gov/naturalgas/pipelines/EIA-NaturalGasPipelineProjectsAug2026.xlsx
Gas pipelines,ProposalYear,Z152,152,P0302,,2018
Gas pipelines,ProposalMonth,AA152,152,P0302,,8
Gas pipelines,Proposal [ref],AB152,152,P0302,,https://www.eia.gov/naturalgas/pipelines/EIA-NaturalGasPipelineProjects_Aug2018.xlsx
Gas pipelines,ConstructionYear,AC152,152,P0302,,2020
Gas pipelines,Construction [ref],AE152,152,P0302,,https://www.eia.gov/naturalgas/pipelines/EIA-NaturalGasPipelineProjects_March2020.xlsx
Gas pipelines,Capacity [ref],AZ152,152,P0302,,https://www.eia.gov/naturalgas/pipelines/EIA-NaturalGasPipelineProjects_March2020.xlsx
Gas pipelines,Length [ref],BI152,152,P0302,,https://www.eia.gov/naturalgas/pipelines/EIA-NaturalGasPipelineProjects_March2020.xlsx
Gas pipelines,FuelSource [ref],BR152,152,P0302,,https://www.eia.gov/naturalgas/pipelines/EIA-NaturalGasPipelineProjectsAug2026.xlsx
Gas pipelines,Location [ref],CF152,152,P0302,,https://www.eia.gov/naturalgas/pipelines/EIA-NaturalGasPipelineProjects_March2020.xlsx
Gas pipelines,SegmentCost [ref],CM152,152,P0302,,https://ijglobal.com/data/transaction/48041/permian-highway-pipeline-692km
Gas pipelines,Status [ref],I153,153,P0303,,"https://www.nhpr.org/climate-change/2020-07-31/liberty-utilities-drops-plans-for-major-gas-pipeline-in-n-h, https://www.unionleader.com/news/environment/liberty-utility-nixes-granite-bridge-pipeline-gets-increased-capacity-from-another-pipeline/article_fe5a3c6a-0610-59e1-b732-048a5f450c1c.html"
Gas pipelines,Researcher,J153,153,P0303,,CB
Gas pipelines,LastUpdated,K153,153,P0303,,46297
Gas pipelines,Fuel [ref],M153,153,P0303,,"https://www.nhpr.org/climate-change/2020-07-31/liberty-utilities-drops-plans-for-major-gas-pipeline-in-n-h, https://www.seacoastonline.com/news/20190317/granite-bridge-pipeline-tests-state-infrastructure-corridors"
Gas pipelines,ProposalYear,Z153,153,P0303,,2017
Gas pipelines,ProposalMonth,AA153,153,P0303,,12
Gas pipelines,Proposal [ref],AB153,153,P0303,,"https://www.sec.gov/Archives/edgar/data/0001174169/000162828018002905/a2017q4-exhibit991xaif.htm, https://www.unionleader.com/news/environment/liberty-utility-nixes-granite-bridge-pipeline-gets-increased-capacity-from-another-pipeline/article_fe5a3c6a-0610-59e1-b732-048a5f450c1c.html"
Gas pipelines,Cancelled [ref],AT153,153,P0303,,"https://www.nhpr.org/climate-change/2020-07-31/liberty-utilities-drops-plans-for-major-gas-pipeline-in-n-h, https://www.unionleader.com/news/environment/liberty-utility-nixes-granite-bridge-pipeline-gets-increased-capacity-from-another-pipeline/article_fe5a3c6a-0610-59e1-b732-048a5f450c1c.html"
Gas pipelines,Length [ref],BI153,153,P0303,,"https://www.seacoastonline.com/news/20190317/granite-bridge-pipeline-tests-state-infrastructure-corridors, https://www.nhpr.org/climate-change/2020-07-31/liberty-utilities-drops-plans-for-major-gas-pipeline-in-n-h"
Gas pipelines,Diameter,BM153,153,P0303,,16
Gas pipelines,DiameterUnits,BN153,153,P0303,,in
Gas pipelines,Diameter [ref],BO153,153,P0303,,"https://www.seacoastonline.com/news/20190317/granite-bridge-pipeline-tests-state-infrastructure-corridors, https://indepthnh.org/2020/07/31/granite-bridge-2-0-progress-at-last-on-natural-gas/"
Gas pipelines,SegmentCostYear,CL153,153,P0303,,2017
Gas pipelines,SegmentCost [ref],CM153,153,P0303,,"https://www.nhpr.org/climate-change/2020-07-31/liberty-utilities-drops-plans-for-major-gas-pipeline-in-n-h, https://www.unionleader.com/news/business/energy/liberty-utilities-cant-recover-7-5m-lost-on-scrapped-pipeline-from-ratepayers/article_dd6e47b9-43e6-5710-ab56-4188ef4db83b.html"
Gas pipelines,Status [ref],I155,155,P0305,,"https://www.prnewswire.com/news-releases/midcoast-energy-completes-cj-express-expansion-project-and-announces-anchor-shipper-agreement-for-future-market-area-development-301258829.html, https://www.naturalgasintel.com/cj-express-expansion-signs-on-golden-pass-lng-for-additional-supply/"
Gas pipelines,Researcher,J155,155,P0305,HK,CB
Gas pipelines,LastUpdated,K155,155,P0305,45141,46297
Gas pipelines,Fuel [ref],M155,155,P0305,,"https://www.prnewswire.com/news-releases/midcoast-energy-announces-anchor-shipper-commitment-and-binding-open-season-for-cj-express-expansion-project-300839153.html, https://www.worldpipelines.com/project-news/29042019/open-season-for-cj-express-pipeline-expansion/"
Gas pipelines,Start [ref],AL155,155,P0305,,"https://www.prnewswire.com/news-releases/midcoast-energy-completes-cj-express-expansion-project-and-announces-anchor-shipper-agreement-for-future-market-area-development-301258829.html, https://www.naturalgasintel.com/cj-express-expansion-signs-on-golden-pass-lng-for-additional-supply/"
Gas pipelines,Capacity [ref],AZ155,155,P0305,,"https://www.prnewswire.com/news-releases/midcoast-energy-announces-anchor-shipper-commitment-and-binding-open-season-for-cj-express-expansion-project-300839153.html, https://www.worldpipelines.com/project-news/29042019/open-season-for-cj-express-pipeline-expansion/"
Gas pipelines,Length [ref],BI155,155,P0305,,"https://www.prnewswire.com/news-releases/midcoast-energy-announces-anchor-shipper-commitment-and-binding-open-season-for-cj-express-expansion-project-300839153.html, https://www.worldpipelines.com/project-news/29042019/open-season-for-cj-express-pipeline-expansion/"
Gas pipelines,Diameter [ref],BO155,155,P0305,,"https://www.prnewswire.com/news-releases/midcoast-energy-announces-anchor-shipper-commitment-and-binding-open-season-for-cj-express-expansion-project-300839153.html, https://www.worldpipelines.com/project-news/29042019/open-season-for-cj-express-pipeline-expansion/"
Gas pipelines,Location [ref],CF155,155,P0305,,"https://www.davidtoddlaw.com/library/cj-express-pipeline.cfm, https://www.prnewswire.com/news-releases/midcoast-energy-announces-anchor-shipper-commitment-and-binding-open-season-for-cj-express-expansion-project-300839153.html"
Gas pipelines,Status [ref],I156,156,P0306,,https://web.archive.org/web/20190212210036/https://www.wahpetondailynews.com/news_monitor/mdu-looks-beyond-providing-natural-gas-to-bobcat-plant-in/article_92fd70fe-2a36-11e9-9b75-43d1cefbbc3c.html
Gas pipelines,Researcher,J156,156,P0306,HK,CB
Gas pipelines,LastUpdated,K156,156,P0306,45170,46297
Gas pipelines,Fuel [ref],M156,156,P0306,,"https://pgjonline.com/news/2017/09/mdu-to-build-natural-gas-pipeline-to-doosan-bobcat-factory, https://web.archive.org/web/20190212210036/https://www.wahpetondailynews.com/news_monitor/mdu-looks-beyond-providing-natural-gas-to-bobcat-plant-in/article_92fd70fe-2a36-11e9-9b75-43d1cefbbc3c.html"
Gas pipelines,PipelineType [ref],O156,156,P0306,,"https://pgjonline.com/news/2017/09/mdu-to-build-natural-gas-pipeline-to-doosan-bobcat-factory, https://web.archive.org/web/20190212210036/https://www.wahpetondailynews.com/news_monitor/mdu-looks-beyond-providing-natural-gas-to-bobcat-plant-in/article_92fd70fe-2a36-11e9-9b75-43d1cefbbc3c.html"
Gas pipelines,ProposalYear,Z156,156,P0306,,2017
Gas pipelines,ProposalMonth,AA156,156,P0306,,9
Gas pipelines,Proposal [ref],AB156,156,P0306,,https://pgjonline.com/news/2017/09/mdu-to-build-natural-gas-pipeline-to-doosan-bobcat-factory
Gas pipelines,ConstructionYear,AC156,156,P0306,,2017
Gas pipelines,Construction [ref],AE156,156,P0306,,https://pgjonline.com/news/2017/09/mdu-to-build-natural-gas-pipeline-to-doosan-bobcat-factory
Gas pipelines,Start [ref],AL156,156,P0306,,"https://web.archive.org/web/20190212210036/https://www.wahpetondailynews.com/news_monitor/mdu-looks-beyond-providing-natural-gas-to-bobcat-plant-in/article_92fd70fe-2a36-11e9-9b75-43d1cefbbc3c.html, https://s3.amazonaws.com/pgj-wp-media/wp-content/uploads/2018/10/PN1018-Planned-Projects.pdf"
Gas pipelines,Length [ref],BI156,156,P0306,,"https://pgjonline.com/news/2017/09/mdu-to-build-natural-gas-pipeline-to-doosan-bobcat-factory, https://web.archive.org/web/20190212210036/https://www.wahpetondailynews.com/news_monitor/mdu-looks-beyond-providing-natural-gas-to-bobcat-plant-in/article_92fd70fe-2a36-11e9-9b75-43d1cefbbc3c.html"
Gas pipelines,Diameter [ref],BO156,156,P0306,,"https://pgjonline.com/news/2017/09/mdu-to-build-natural-gas-pipeline-to-doosan-bobcat-factory, https://web.archive.org/web/20190212210036/https://www.wahpetondailynews.com/news_monitor/mdu-looks-beyond-providing-natural-gas-to-bobcat-plant-in/article_92fd70fe-2a36-11e9-9b75-43d1cefbbc3c.html"
Gas pipelines,FuelSource,BQ156,156,P0306,,Alliance Pipeline
Gas pipelines,FuelSource [ref],BR156,156,P0306,,"https://pgjonline.com/news/2017/09/mdu-to-build-natural-gas-pipeline-to-doosan-bobcat-factory, https://web.archive.org/web/20190212210036/https://www.wahpetondailynews.com/news_monitor/mdu-looks-beyond-providing-natural-gas-to-bobcat-plant-in/article_92fd70fe-2a36-11e9-9b75-43d1cefbbc3c.html"
Gas pipelines,SegmentCost [ref],CM156,156,P0306,,https://pgjonline.com/news/2017/09/mdu-to-build-natural-gas-pipeline-to-doosan-bobcat-factory
Gas pipelines,Status [ref],I157,157,P0307,,"https://www.naturalgasintel.com/mountaineer-planning-45m-expansion-in-west-virginias-eastern-panhandle/, http://web.archive.org/web/20190104030948/https://www.heraldmailmedia.com/news/tri_state/west_virginia/mountaineer-gas-first-segment-of-distribution-line-project-nearly-complete/article_c6509dc8-f482-5da6-9969-1cda44d9f6c4.html"
Gas pipelines,Researcher,J157,157,P0307,BL,CB
Gas pipelines,LastUpdated,K157,157,P0307,44840,46297
Gas pipelines,Fuel [ref],M157,157,P0307,,http://www.mountaineergasonline.com/news.html
Gas pipelines,ProposalYear,Z157,157,P0307,,2016
Gas pipelines,ProposalMonth,AA157,157,P0307,,3
Gas pipelines,Proposal [ref],AB157,157,P0307,,"https://www.naturalgasintel.com/mountaineer-planning-45m-expansion-in-west-virginias-eastern-panhandle/, https://wvpublic.org/post/regulators-hear-mountaineer-gas-pipeline-expansion-plan"
Gas pipelines,ConstructionYear,AC157,157,P0307,,2018
Gas pipelines,ConstructionMonth,AD157,157,P0307,,3
Gas pipelines,Construction [ref],AE157,157,P0307,,"https://dep.wv.gov/news/Pages/WVDEP-Approves-Construction-Stormwater-Permit-for-Mountaineer-Gas-Company-Eastern-Panhandle-Expansion-Project.aspx, https://marcellusdrilling.com/2018/06/mountaineer-plans-pipe-expansions-in-wv-panhandle-every-year/"
Gas pipelines,Start [ref],AL157,157,P0307,,http://web.archive.org/web/20190104030948/https://www.heraldmailmedia.com/news/tri_state/west_virginia/mountaineer-gas-first-segment-of-distribution-line-project-nearly-complete/article_c6509dc8-f482-5da6-9969-1cda44d9f6c4.html
Gas pipelines,Length [ref],BI157,157,P0307,,"https://www.naturalgasintel.com/mountaineer-planning-45m-expansion-in-west-virginias-eastern-panhandle/, https://wvpublic.org/post/regulators-hear-mountaineer-gas-pipeline-expansion-plan"
Gas pipelines,Diameter,BM157,157,P0307,,10
Gas pipelines,DiameterUnits,BN157,157,P0307,,in
Gas pipelines,Diameter [ref],BO157,157,P0307,,"http://www.mountaineergasonline.com/news.html, https://wvpress.org/breaking-news/mountaineer-gas-plan-extend-distribution-lines-moving-ahead-slowly/, https://marcellusdrilling.com/2018/06/mountaineer-plans-pipe-expansions-in-wv-panhandle-every-year/"
Gas pipelines,SegmentCost,CJ157,157,P0307,,30000000
Gas pipelines,SegmentCostUnits,CK157,157,P0307,,USD
Gas pipelines,SegmentCostYear,CL157,157,P0307,,2016
Gas pipelines,SegmentCost [ref],CM157,157,P0307,,"http://www.mountaineergasonline.com/news.html, https://wvpress.org/breaking-news/mountaineer-gas-plan-extend-distribution-lines-moving-ahead-slowly/"
Gas pipelines,Researcher,J158,158,P0308,AL,CB
Gas pipelines,LastUpdated,K158,158,P0308,45957,46297
Gas pipelines,Fuel [ref],M158,158,P0308,,https://pinelandsalliance.org/new-jersey-natural-gas/
Gas pipelines,ProposalYear,Z158,158,P0308,,2015
Gas pipelines,ProposalMonth,AA158,158,P0308,,4
Gas pipelines,Proposal [ref],AB158,158,P0308,,https://pinelandsalliance.org/new-jersey-natural-gas/
Gas pipelines,DelayType,AN158,158,P0308,inferred,confirmed
Gas pipelines,Delay [ref],AO158,158,P0308,,https://pinelandsalliance.org/new-jersey-natural-gas/
Gas pipelines,Pressure,BA158,158,P0308,,722
Gas pipelines,PressureUnits,BB158,158,P0308,,psig
Gas pipelines,Pressure [ref],BC158,158,P0308,,https://pinelandsalliance.org/new-jersey-natural-gas/
Gas pipelines,DiameterUnits,BN158,158,P0308,in,inch
Gas pipelines,Diameter [ref],BO158,158,P0308,,https://pinelandsalliance.org/new-jersey-natural-gas/
Gas pipelines,EndLocation,BY158,158,P0308,Lakehurst,Manchester
Gas pipelines,Location [ref],CF158,158,P0308,,https://pinelandsalliance.org/new-jersey-natural-gas/
Gas pipelines,Status [ref],I161,161,P0311,,"https://parkplanning.nps.gov/DominionT2ROWBuncombe, https://www.citizen-times.com/story/news/local/2022/12/01/dominion-energy-will-run-gas-pipeline-in-blue-ridge-parkway/69690257007/"
Gas pipelines,Researcher,J161,161,P0311,HK,CB
Gas pipelines,LastUpdated,K161,161,P0311,45146,46297
Gas pipelines,Fuel [ref],M161,161,P0311,,"https://www.citizen-times.com/story/news/local/2022/12/01/dominion-energy-will-run-gas-pipeline-in-blue-ridge-parkway/69690257007/, https://s3.amazonaws.com/pgj-wp-media/wp-content/uploads/2018/10/PN1018-Planned-Projects.pdf"
Gas pipelines,Start [ref],AL161,161,P0311,,"https://www.citizen-times.com/story/news/local/2022/12/01/dominion-energy-will-run-gas-pipeline-in-blue-ridge-parkway/69690257007/, https://wset.com/news/local/proposed-natural-gas-pipeline-under-blue-ridge-parkway-critics-dominion-energy-buncombe-county-environmental-advocates-ken-jones-steve-norris"
Gas pipelines,Delay [ref],AO161,161,P0311,,"https://s3.amazonaws.com/pgj-wp-media/wp-content/uploads/2018/10/PN1018-Planned-Projects.pdf, https://www.citizen-times.com/story/news/local/2022/12/01/dominion-energy-will-run-gas-pipeline-in-blue-ridge-parkway/69690257007/"
Gas pipelines,Length [ref],BI161,161,P0311,,"https://s3.amazonaws.com/pgj-wp-media/wp-content/uploads/2018/10/PN1018-Planned-Projects.pdf, https://www.citizen-times.com/story/news/local/2022/12/01/dominion-energy-will-run-gas-pipeline-in-blue-ridge-parkway/69690257007/"
Gas pipelines,Diameter [ref],BO161,161,P0311,,"https://s3.amazonaws.com/pgj-wp-media/wp-content/uploads/2018/10/PN1018-Planned-Projects.pdf, https://www.citizen-times.com/story/news/local/2022/12/01/dominion-energy-will-run-gas-pipeline-in-blue-ridge-parkway/69690257007/"
Gas pipelines,EndState/Province,CA161,161,P0311,North Carolna,North Carolina
Gas pipelines,Location [ref],CF161,161,P0311,,"https://s3.amazonaws.com/pgj-wp-media/wp-content/uploads/2018/10/PN1018-Planned-Projects.pdf, https://www.citizen-times.com/story/news/local/2022/12/01/dominion-energy-will-run-gas-pipeline-in-blue-ridge-parkway/69690257007/, https://parkplanning.nps.gov/DominionT2ROWBuncombe"
Gas pipelines,Status [ref],I162,162,P0312,,"https://marcellusdrilling.com/2019/12/ferc-authorizes-startup-for-risberg-pa-to-oh-pipeline/, https://web.archive.org/web/20210731193837/https://www.goerie.com/news/20190828/erie-ohio-pipeline-project-nears-completion"
Gas pipelines,Researcher,J162,162,P0312,HK,CB
Gas pipelines,LastUpdated,K162,162,P0312,45170,46297
Gas pipelines,Fuel [ref],M162,162,P0312,,"https://marcellusdrilling.com/2018/12/ferc-approves-pa-to-oh-risberg-pipeline-to-begin-construction/, https://ohiorivercorridor.com/news/construction-on-risberg-line-pipeline-begins/"
Gas pipelines,ProposalYear,Z162,162,P0312,,2017
Gas pipelines,ProposalMonth,AA162,162,P0312,,10
Gas pipelines,Proposal [ref],AB162,162,P0312,,https://web.archive.org/web/20180715195209/https://gascompressionmagazine.com/2018/07/15/riseberg-line-project-moves-forward/
Gas pipelines,StartMonth1,AG162,162,P0312,,12
Gas pipelines,Start [ref],AL162,162,P0312,,https://marcellusdrilling.com/2019/12/ferc-authorizes-startup-for-risberg-pa-to-oh-pipeline/
Gas pipelines,Capacity [ref],AZ162,162,P0312,,"https://s3.amazonaws.com/pgj-wp-media/wp-content/uploads/2018/10/PN1018-Planned-Projects.pdf, https://marcellusdrilling.com/2019/12/ferc-authorizes-startup-for-risberg-pa-to-oh-pipeline/, https://ohiorivercorridor.com/news/construction-on-risberg-line-pipeline-begins/"
Gas pipelines,Length [ref],BI162,162,P0312,,"https://s3.amazonaws.com/pgj-wp-media/wp-content/uploads/2018/10/PN1018-Planned-Projects.pdf, https://web.archive.org/web/20210731193837/https://www.goerie.com/news/20190828/erie-ohio-pipeline-project-nears-completion, https://rhenergytrans.com/learn-more/"
Gas pipelines,Diameter [ref],BO162,162,P0312,,"https://web.archive.org/web/20210731193837/https://www.goerie.com/news/20190828/erie-ohio-pipeline-project-nears-completion, https://web.archive.org/web/20180715195209/https://gascompressionmagazine.com/2018/07/15/riseberg-line-project-moves-forward/"
Gas pipelines,Status [ref],I163,163,P0313,,"https://www.miningjournal.net/news/front-page-news/2019/11/officials%E2%80%88semcos-marquette-connector-pipeline-expected-to-be-operational-by-end-of-november/, https://info.burnsmcd.com/case-study/marquette-connector-pipeline"
Gas pipelines,Researcher,J163,163,P0313,HK,CB
Gas pipelines,LastUpdated,K163,163,P0313,45170,46297
Gas pipelines,Fuel [ref],M163,163,P0313,,https://www.miningjournal.net/news/front-page-news/2019/11/officials%E2%80%88semcos-marquette-connector-pipeline-expected-to-be-operational-by-end-of-november/
Gas pipelines,PipelineType [ref],O163,163,P0313,,"https://www.miningjournal.net/news/front-page-news/2017/03/semco-gas-pipeline-to-cross-wetlands/, https://mi-psc.my.site.com/sfc/servlet.shepherd/version/download/068cs00000gh3ovAAA"
Gas pipelines,ProposalYear,Z163,163,P0313,,2016
Gas pipelines,ProposalMonth,AA163,163,P0313,,12
Gas pipelines,Proposal [ref],AB163,163,P0313,,"https://marquette.org/wp-content/uploads/2015/08/Marquette-Connector-Pipeline-Presentation-2-17.pdf, https://www.miningjournal.net/news/front-page-news/2017/03/semco-gas-pipeline-to-cross-wetlands/"
Gas pipelines,ConstructionYear,AC163,163,P0313,,2019
Gas pipelines,Construction [ref],AE163,163,P0313,,"https://www.miningjournal.net/news/front-page-news/2019/05/semco-granted-temporary-space-for-pipeline/, https://www.miningjournal.net/news/front-page-news/2019/11/officials%E2%80%88semcos-marquette-connector-pipeline-expected-to-be-operational-by-end-of-november/"
Gas pipelines,Start [ref],AL163,163,P0313,,"https://www.miningjournal.net/news/front-page-news/2019/11/officials%E2%80%88semcos-marquette-connector-pipeline-expected-to-be-operational-by-end-of-november/, https://info.burnsmcd.com/case-study/marquette-connector-pipeline, https://www.uppermichiganssource.com/content/news/SEMCOs-Marquette-Connector-Pipeline-construction-ahead-of-schedule-561245611.html"
Gas pipelines,Capacity [ref],AZ163,163,P0313,,"https://info.burnsmcd.com/case-study/marquette-connector-pipeline, https://mi-psc.my.site.com/sfc/servlet.shepherd/version/download/068cs00000gh3ovAAA"
Gas pipelines,Length [ref],BI163,163,P0313,,"https://s3.amazonaws.com/pgj-wp-media/wp-content/uploads/2018/10/PN1018-Planned-Projects.pdf, https://marquette.org/wp-content/uploads/2015/08/Marquette-Connector-Pipeline-Presentation-2-17.pdf, https://www.miningjournal.net/news/front-page-news/2019/11/officials%E2%80%88semcos-marquette-connector-pipeline-expected-to-be-operational-by-end-of-november/"
Gas pipelines,Diameter [ref],BO163,163,P0313,,"https://s3.amazonaws.com/pgj-wp-media/wp-content/uploads/2018/10/PN1018-Planned-Projects.pdf, https://www.miningjournal.net/news/front-page-news/2019/11/officials%E2%80%88semcos-marquette-connector-pipeline-expected-to-be-operational-by-end-of-november/, https://marquette.org/wp-content/uploads/2015/08/Marquette-Connector-Pipeline-Presentation-2-17.pdf"
Gas pipelines,Location [ref],CF163,163,P0313,,"https://s3.amazonaws.com/pgj-wp-media/wp-content/uploads/2018/10/PN1018-Planned-Projects.pdf, https://www.miningjournal.net/news/front-page-news/2017/03/semco-gas-pipeline-to-cross-wetlands/, https://www.miningjournal.net/news/front-page-news/2019/11/officials%E2%80%88semcos-marquette-connector-pipeline-expected-to-be-operational-by-end-of-november/"
Gas pipelines,Researcher,J164,164,P0314,,CB
Gas pipelines,LastUpdated,K164,164,P0314,,46297
Gas pipelines,Fuel [ref],M164,164,P0314,,"https://www.naturalgasintel.com/sempra-boardwalk-gauging-interest-in-another-permian-to-gulf-natgas-pipeline/, https://s3.amazonaws.com/pgj-wp-media/wp-content/uploads/2018/10/PN1018-Planned-Projects.pdf"
Gas pipelines,ProposalYear,Z164,164,P0314,,2017
Gas pipelines,ProposalMonth,AA164,164,P0314,,8
Gas pipelines,Proposal [ref],AB164,164,P0314,,https://www.naturalgasintel.com/sempra-boardwalk-gauging-interest-in-another-permian-to-gulf-natgas-pipeline/
Gas pipelines,Capacity [ref],AZ164,164,P0314,,"https://www.naturalgasintel.com/sempra-boardwalk-gauging-interest-in-another-permian-to-gulf-natgas-pipeline/, https://www.eia.gov/naturalgas/pipelines/EIA-NaturalGasPipelineProjectsAug2026.xlsx"
Gas pipelines,Length [ref],BI164,164,P0314,,"https://s3.amazonaws.com/pgj-wp-media/wp-content/uploads/2018/10/PN1018-Planned-Projects.pdf, https://www.eia.gov/naturalgas/pipelines/EIA-NaturalGasPipelineProjectsAug2026.xlsx"
Gas pipelines,Diameter,BM164,164,P0314,,"36, 42"
Gas pipelines,DiameterUnits,BN164,164,P0314,,in
Gas pipelines,Diameter [ref],BO164,164,P0314,,"https://s3.amazonaws.com/pgj-wp-media/wp-content/uploads/2018/10/PN1018-Planned-Projects.pdf, https://www.eia.gov/naturalgas/pipelines/EIA-NaturalGasPipelineProjectsAug2026.xlsx, https://texascondemnationprojects.com/2018/05/31/permian-2-katy-pipeline-p2k/"
Gas pipelines,FuelSource [ref],BR164,164,P0314,,"https://www.naturalgasintel.com/sempra-boardwalk-gauging-interest-in-another-permian-to-gulf-natgas-pipeline/, https://texascondemnationprojects.com/2018/05/31/permian-2-katy-pipeline-p2k/"
Gas pipelines,Location [ref],CF164,164,P0314,,"https://s3.amazonaws.com/pgj-wp-media/wp-content/uploads/2018/10/PN1018-Planned-Projects.pdf, https://texascondemnationprojects.com/2018/05/31/permian-2-katy-pipeline-p2k/"
Gas pipelines,Researcher,J165,165,P0315,,CB
Gas pipelines,LastUpdated,K165,165,P0315,,46297
Gas pipelines,Fuel [ref],M165,165,P0315,,"https://www.sec.gov/Archives/edgar/data/1260349/000126034914000020/southernstar10q6302014doc.htm, https://www.eia.gov/naturalgas/pipelines/EIA-NaturalGasPipelineProjectsAug2026.xlsx"
Gas pipelines,ProposalYear,Z165,165,P0315,,2014
Gas pipelines,ProposalMonth,AA165,165,P0315,,6
Gas pipelines,Proposal [ref],AB165,165,P0315,,https://www.sec.gov/Archives/edgar/data/1260349/000126034914000020/southernstar10q6302014doc.htm
Gas pipelines,Capacity,AX165,165,P0315,,1400.0
Gas pipelines,CapacityUnits,AY165,165,P0315,,MMcf/d
Gas pipelines,Capacity [ref],AZ165,165,P0315,,https://www.eia.gov/naturalgas/pipelines/EIA-NaturalGasPipelineProjectsAug2026.xlsx
Gas pipelines,Length [ref],BI165,165,P0315,,"https://s3.amazonaws.com/pgj-wp-media/wp-content/uploads/2018/10/PN1018-Planned-Projects.pdf, https://www.eia.gov/naturalgas/pipelines/EIA-NaturalGasPipelineProjectsAug2026.xlsx"
Gas pipelines,Diameter,BM165,165,P0315,,36.0
Gas pipelines,DiameterUnits,BN165,165,P0315,,in
Gas pipelines,Diameter [ref],BO165,165,P0315,,"https://s3.amazonaws.com/pgj-wp-media/wp-content/uploads/2018/10/PN1018-Planned-Projects.pdf, https://www.eia.gov/naturalgas/pipelines/EIA-NaturalGasPipelineProjectsAug2026.xlsx"
Gas pipelines,Researcher,J167,167,P0317,,CB
Gas pipelines,LastUpdated,K167,167,P0317,,46297
Gas pipelines,Fuel [ref],M167,167,P0317,,"https://www.sec.gov/Archives/edgar/data/1622536/000162253616000134/exhibit991finalmontourco.htm, https://s3.amazonaws.com/pgj-wp-media/wp-content/uploads/2018/10/PN1018-Planned-Projects.pdf"
Gas pipelines,ProposalYear,Z167,167,P0317,,2016
Gas pipelines,ProposalMonth,AA167,167,P0317,,6
Gas pipelines,Proposal [ref],AB167,167,P0317,,"https://www.sec.gov/Archives/edgar/data/1622536/000162253616000134/exhibit991finalmontourco.htm, https://marcellusdrilling.com/2016/06/talen-energy-converting-moutour-pa-plant-to-burn-coal-and-natgas/"
Gas pipelines,StartYear1,AF167,167,P0317,,2023
Gas pipelines,Start [ref],AL167,167,P0317,,"https://marcellusdrilling.com/2023/08/talen-energys-montour-pa-coal-to-gas-power-conversion-nearly-done/, https://www.sec.gov/Archives/edgar/data/1622536/000162828024039475/a20240905taleninvestorda.htm, https://www.sec.gov/Archives/edgar/data/1622536/000162253626000017/tln-20251231.htm"
Gas pipelines,Length [ref],BI167,167,P0317,,"https://s3.amazonaws.com/pgj-wp-media/wp-content/uploads/2018/10/PN1018-Planned-Projects.pdf, https://www.sec.gov/Archives/edgar/data/1622536/000162253616000134/exhibit991finalmontourco.htm"
Gas pipelines,Diameter,BM167,167,P0317,,30
Gas pipelines,DiameterUnits,BN167,167,P0317,,in
Gas pipelines,Diameter [ref],BO167,167,P0317,,https://s3.amazonaws.com/pgj-wp-media/wp-content/uploads/2018/10/PN1018-Planned-Projects.pdf
Gas pipelines,Location [ref],CF167,167,P0317,,"https://www.sec.gov/Archives/edgar/data/1622536/000162253616000134/exhibit991finalmontourco.htm, https://s3.amazonaws.com/pgj-wp-media/wp-content/uploads/2018/10/PN1018-Planned-Projects.pdf"
Gas pipelines,Researcher,J168,168,P0318,HK,CB
Gas pipelines,LastUpdated,K168,168,P0318,45147,46297
Gas pipelines,Fuel [ref],M168,168,P0318,,https://s3.amazonaws.com/pgj-wp-media/wp-content/uploads/2018/10/PN1018-Planned-Projects.pdf
Gas pipelines,ProposalYear,Z168,168,P0318,,2018
Gas pipelines,ProposalMonth,AA168,168,P0318,,3
Gas pipelines,Proposal [ref],AB168,168,P0318,,https://s3.amazonaws.com/pgj-wp-media/wp-content/uploads/2018/10/PN1018-Planned-Projects.pdf
Gas pipelines,Start [ref],AL168,168,P0318,,https://s3.amazonaws.com/pgj-wp-media/wp-content/uploads/2018/10/PN1018-Planned-Projects.pdf
Gas pipelines,Length [ref],BI168,168,P0318,,https://s3.amazonaws.com/pgj-wp-media/wp-content/uploads/2018/10/PN1018-Planned-Projects.pdf
Gas pipelines,FuelSource,BQ168,168,P0318,,Residue Gas
Gas pipelines,FuelSource [ref],BR168,168,P0318,,https://s3.amazonaws.com/pgj-wp-media/wp-content/uploads/2018/10/PN1018-Planned-Projects.pdf
Gas pipelines,Location [ref],CF168,168,P0318,,https://s3.amazonaws.com/pgj-wp-media/wp-content/uploads/2018/10/PN1018-Planned-Projects.pdf
Gas pipelines,Status [ref],I169,169,P0319,,https://www.eia.gov/naturalgas/pipelines/EIA-NaturalGasPipelineProjectsAug2026.xlsx
Gas pipelines,Researcher,J169,169,P0319,BL,CB
Gas pipelines,LastUpdated,K169,169,P0319,45691,46297
Gas pipelines,Fuel [ref],M169,169,P0319,,https://www.naturalgasworld.com/whistler-natural-gas-pipeline-starts-service-90911
Gas pipelines,StartMonth1,AG169,169,P0319,,7
Gas pipelines,Start [ref],AL169,169,P0319,,https://www.naturalgasworld.com/whistler-natural-gas-pipeline-starts-service-90911
Gas pipelines,Capacity [ref],AZ169,169,P0319,,"https://www.naturalgasworld.com/whistler-natural-gas-pipeline-starts-service-90911, https://www.eia.gov/naturalgas/pipelines/EIA-NaturalGasPipelineProjectsAug2026.xlsx"
Gas pipelines,Diameter,BM169,169,P0319,"30, 42",42
Gas pipelines,Diameter [ref],BO169,169,P0319,,"https://www.naturalgasworld.com/whistler-natural-gas-pipeline-starts-service-90911, https://www.eia.gov/naturalgas/pipelines/EIA-NaturalGasPipelineProjectsAug2026.xlsx"
Gas pipelines,FuelSource [ref],BR169,169,P0319,,https://www.naturalgasworld.com/whistler-natural-gas-pipeline-starts-service-90911
Gas pipelines,EndLocation,BY169,169,P0319,,Gulf Coast
Gas pipelines,Location [ref],CF169,169,P0319,,https://www.naturalgasworld.com/whistler-natural-gas-pipeline-starts-service-90911
Gas pipelines,Status [ref],I170,170,P0320,,https://www.eia.gov/naturalgas/pipelines/EIA-NaturalGasPipelineProjectsAug2026.xlsx
Gas pipelines,Researcher,J170,170,P0320,HK,CB
Gas pipelines,LastUpdated,K170,170,P0320,45147,46297
Gas pipelines,Fuel [ref],M170,170,P0320,,https://s3.amazonaws.com/pgj-wp-media/wp-content/uploads/2018/10/PN1018-Planned-Projects.pdf
Gas pipelines,Capacity [ref],AZ170,170,P0320,,https://www.eia.gov/naturalgas/pipelines/EIA-NaturalGasPipelineProjectsAug2026.xlsx
Gas pipelines,Length [ref],BI170,170,P0320,,https://s3.amazonaws.com/pgj-wp-media/wp-content/uploads/2018/10/PN1018-Planned-Projects.pdf
Gas pipelines,FuelSource [ref],BR170,170,P0320,,https://www.eia.gov/naturalgas/pipelines/EIA-NaturalGasPipelineProjectsAug2026.xlsx
Gas pipelines,Location [ref],CF170,170,P0320,,https://s3.amazonaws.com/pgj-wp-media/wp-content/uploads/2018/10/PN1018-Planned-Projects.pdf
Gas pipelines,Researcher,J171,171,P0321,,CB
Gas pipelines,LastUpdated,K171,171,P0321,,46297
Gas pipelines,Fuel [ref],M171,171,P0321,,"https://www.federalregister.gov/documents/full_text/text/2013/04/04/2013-07795.txt, https://s3.amazonaws.com/pgj-wp-media/wp-content/uploads/2018/10/PN1018-Planned-Projects.pdf"
Gas pipelines,ProposalYear,Z171,171,P0321,,2006
Gas pipelines,ProposalMonth,AA171,171,P0321,,12
Gas pipelines,Proposal [ref],AB171,171,P0321,,https://www.federalregister.gov/documents/full_text/text/2007/01/08/E6-22691.txt
Gas pipelines,Capacity [ref],AZ171,171,P0321,,https://s3.amazonaws.com/pgj-wp-media/wp-content/uploads/2018/10/PN1018-Planned-Projects.pdf
Gas pipelines,Length [ref],BI171,171,P0321,,"https://www.federalregister.gov/documents/full_text/text/2014/05/22/2014-11861.txt, https://s3.amazonaws.com/pgj-wp-media/wp-content/uploads/2018/10/PN1018-Planned-Projects.pdf"
Gas pipelines,Diameter,BM171,171,P0321,,30
Gas pipelines,DiameterUnits,BN171,171,P0321,,in
Gas pipelines,Diameter [ref],BO171,171,P0321,,"https://www.federalregister.gov/documents/full_text/text/2014/05/22/2014-11861.txt, https://s3.amazonaws.com/pgj-wp-media/wp-content/uploads/2018/10/PN1018-Planned-Projects.pdf"
Gas pipelines,Researcher,J172,172,P0322,,CB
Gas pipelines,LastUpdated,K172,172,P0322,,46297
Gas pipelines,Fuel [ref],M172,172,P0322,,"https://www.prnewswire.com/news-releases/spectra-energy-holds-open-season-for-renaissance-gas-transmission-project-141166733.html, https://s3.amazonaws.com/pgj-wp-media/wp-content/uploads/2018/10/PN1018-Planned-Projects.pdf"
Gas pipelines,ProposalYear,Z172,172,P0322,,2012
Gas pipelines,ProposalMonth,AA172,172,P0322,,3
Gas pipelines,Proposal [ref],AB172,172,P0322,,https://www.prnewswire.com/news-releases/spectra-energy-holds-open-season-for-renaissance-gas-transmission-project-141166733.html
Gas pipelines,StartYear1,AF172,172,P0322,,2015
Gas pipelines,Start [ref],AL172,172,P0322,,https://www.prnewswire.com/news-releases/spectra-energy-holds-open-season-for-renaissance-gas-transmission-project-141166733.html
Gas pipelines,Capacity [ref],AZ172,172,P0322,,"https://www.prnewswire.com/news-releases/spectra-energy-holds-open-season-for-renaissance-gas-transmission-project-141166733.html, https://s3.amazonaws.com/pgj-wp-media/wp-content/uploads/2018/10/PN1018-Planned-Projects.pdf"
Gas pipelines,Length [ref],BI172,172,P0322,,"https://www.prnewswire.com/news-releases/spectra-energy-holds-open-season-for-renaissance-gas-transmission-project-141166733.html, https://s3.amazonaws.com/pgj-wp-media/wp-content/uploads/2018/10/PN1018-Planned-Projects.pdf"
Gas pipelines,Diameter,BM172,172,P0322,,"24, 30, 36"
Gas pipelines,DiameterUnits,BN172,172,P0322,,in
Gas pipelines,Diameter [ref],BO172,172,P0322,,https://s3.amazonaws.com/pgj-wp-media/wp-content/uploads/2018/10/PN1018-Planned-Projects.pdf
Gas pipelines,Location [ref],CF172,172,P0322,,"https://www.prnewswire.com/news-releases/spectra-energy-holds-open-season-for-renaissance-gas-transmission-project-141166733.html, https://s3.amazonaws.com/pgj-wp-media/wp-content/uploads/2018/10/PN1018-Planned-Projects.pdf"
Gas pipelines,Status [ref],I174,174,P0325,,"https://www.eia.gov/todayinenergy/detail.php?id=47156&src, https://web.archive.org/web/20210130174209/https://napipelines.com/buckeye-xpress-project-ohio/"
Gas pipelines,Researcher,J174,174,P0325,HK,CB
Gas pipelines,LastUpdated,K174,174,P0325,45170,46297
Gas pipelines,Fuel [ref],M174,174,P0325,,"https://www.eia.gov/todayinenergy/detail.php?id=47156&src, https://web.archive.org/web/20220128232317/https://www.spglobal.com/platts/en/market-insights/latest-news/natural-gas/012420-ferc-approves-columbias-275-mmcfd-buckeye-xpress-pipeline-expansion"
Gas pipelines,ProposalYear,Z174,174,P0325,,2018
Gas pipelines,Proposal [ref],AB174,174,P0325,,"https://s3.amazonaws.com/pgj-wp-media/wp-content/uploads/2018/10/PN1018-Planned-Projects.pdf, https://web.archive.org/web/20220128232317/https://www.spglobal.com/platts/en/market-insights/latest-news/natural-gas/012420-ferc-approves-columbias-275-mmcfd-buckeye-xpress-pipeline-expansion"
Gas pipelines,ConstructionYear,AC174,174,P0325,,2020
Gas pipelines,Construction [ref],AE174,174,P0325,,"https://web.archive.org/web/20220128232317/https://www.spglobal.com/platts/en/market-insights/latest-news/natural-gas/012420-ferc-approves-columbias-275-mmcfd-buckeye-xpress-pipeline-expansion, https://www.eia.gov/todayinenergy/detail.php?id=47156&src"
Gas pipelines,StartMonth1,AG174,174,P0325,,12
Gas pipelines,Start [ref],AL174,174,P0325,,"https://www.eia.gov/todayinenergy/detail.php?id=47156&src, https://web.archive.org/web/20210130174209/https://napipelines.com/buckeye-xpress-project-ohio/"
Gas pipelines,Capacity [ref],AZ174,174,P0325,,"https://web.archive.org/web/20220128232317/https://www.spglobal.com/platts/en/market-insights/latest-news/natural-gas/012420-ferc-approves-columbias-275-mmcfd-buckeye-xpress-pipeline-expansion, https://web.archive.org/web/20210130174209/https://napipelines.com/buckeye-xpress-project-ohio/, https://s3.amazonaws.com/pgj-wp-media/wp-content/uploads/2018/10/PN1018-Planned-Projects.pdf"
Gas pipelines,Diameter [ref],BO174,174,P0325,,"https://web.archive.org/web/20220128232317/https://www.spglobal.com/platts/en/market-insights/latest-news/natural-gas/012420-ferc-approves-columbias-275-mmcfd-buckeye-xpress-pipeline-expansion, https://www.clevescene.com/scene-and-heard/archives/2019/06/11/ohio-groups-question-pipeline-expansion"
Gas pipelines,Location [ref],CF174,174,P0325,,"https://web.archive.org/web/20220128232317/https://www.spglobal.com/platts/en/market-insights/latest-news/natural-gas/012420-ferc-approves-columbias-275-mmcfd-buckeye-xpress-pipeline-expansion, https://s3.amazonaws.com/pgj-wp-media/wp-content/uploads/2018/10/PN1018-Planned-Projects.pdf"
Gas pipelines,SegmentCostYear,CL174,174,P0325,,2020
Gas pipelines,SegmentCost [ref],CM174,174,P0325,,"https://web.archive.org/web/20220128232317/https://www.spglobal.com/platts/en/market-insights/latest-news/natural-gas/012420-ferc-approves-columbias-275-mmcfd-buckeye-xpress-pipeline-expansion, https://www.eia.gov/todayinenergy/detail.php?id=47156&src"
Gas pipelines,Researcher,J176,176,P0328,,CB
Gas pipelines,LastUpdated,K176,176,P0328,,46297
Gas pipelines,Fuel [ref],M176,176,P0328,,"https://douglasmagazine.com/steelhead-lng-announces-gas-connector-project-for-its-proposed-malahat-facility/, https://s3.amazonaws.com/pgj-wp-media/wp-content/uploads/2018/10/PN1018-Planned-Projects.pdf"
Gas pipelines,ProposalYear,Z176,176,P0328,,2015
Gas pipelines,ProposalMonth,AA176,176,P0328,,9
Gas pipelines,Proposal [ref],AB176,176,P0328,,https://douglasmagazine.com/steelhead-lng-announces-gas-connector-project-for-its-proposed-malahat-facility/
Gas pipelines,StartMonth1,AG176,176,P0328,,11
Gas pipelines,Start [ref],AL176,176,P0328,,"https://web.archive.org/web/20170627140620/http://islandgasconnector.com/about-the-project/timeline/, https://s3.amazonaws.com/pgj-wp-media/wp-content/uploads/2018/10/PN1018-Planned-Projects.pdf"
Gas pipelines,Length [ref],BI176,176,P0328,,"https://s3.amazonaws.com/pgj-wp-media/wp-content/uploads/2018/10/PN1018-Planned-Projects.pdf, https://web.archive.org/web/20170302192148/http://islandgasconnector.com/about-the-project/overview/, https://web.archive.org/web/20191021153923/https://www.waterislifemovement.com/island-gas-connector-pipeline"
Gas pipelines,Diameter,BM176,176,P0328,,36
Gas pipelines,DiameterUnits,BN176,176,P0328,,in
Gas pipelines,Diameter [ref],BO176,176,P0328,,"https://s3.amazonaws.com/pgj-wp-media/wp-content/uploads/2018/10/PN1018-Planned-Projects.pdf, https://web.archive.org/web/20170302192148/http://islandgasconnector.com/about-the-project/overview/"
Gas pipelines,Status [ref],I177,177,P0329,,"https://www.xcelenergy.com/staticfiles/xe-responsive/Company/Rates%20&%20Regulations/Rate%20Cases/HE_106-Attachment_JHZ-4.pdf, https://www.dailycamera.com/2019/07/09/boulder-county-xcel-gas-pipeline-construction-leak-repair-reporting-conditions-opposed/"
Gas pipelines,Researcher,J177,177,P0329,HK,CB
Gas pipelines,LastUpdated,K177,177,P0329,45159,46297
Gas pipelines,Fuel [ref],M177,177,P0329,,"https://www.xcelenergy.com/staticfiles/xe-responsive/Company/Rates%20&%20Regulations/Rate%20Cases/HE_106-Attachment_JHZ-4.pdf, https://www.dailycamera.com/2019/07/09/boulder-county-xcel-gas-pipeline-construction-leak-repair-reporting-conditions-opposed/"
Gas pipelines,ConstructionYear,AC177,177,P0329,,2019
Gas pipelines,Construction [ref],AE177,177,P0329,,"https://www.dailycamera.com/2019/07/09/boulder-county-xcel-gas-pipeline-construction-leak-repair-reporting-conditions-opposed/, https://s3.amazonaws.com/pgj-wp-media/wp-content/uploads/2018/10/PN1018-Planned-Projects.pdf"
Gas pipelines,Start [ref],AL177,177,P0329,,"https://www.xcelenergy.com/staticfiles/xe-responsive/Company/Rates%20&%20Regulations/Rate%20Cases/HE_106-Attachment_JHZ-4.pdf, https://s3.amazonaws.com/pgj-wp-media/wp-content/uploads/2018/10/PN1018-Planned-Projects.pdf"
Gas pipelines,Pressure,BA177,177,P0329,,1000
Gas pipelines,PressureUnits,BB177,177,P0329,,psig
Gas pipelines,Pressure [ref],BC177,177,P0329,,https://www.xcelenergy.com/staticfiles/xe-responsive/Company/Rates%20&%20Regulations/Rate%20Cases/HE_106-Attachment_JHZ-4.pdf
Gas pipelines,Length [ref],BI177,177,P0329,,"https://www.xcelenergy.com/staticfiles/xe-responsive/Company/Rates%20&%20Regulations/Rate%20Cases/HE_106-Attachment_JHZ-4.pdf, https://s3.amazonaws.com/pgj-wp-media/wp-content/uploads/2018/10/PN1018-Planned-Projects.pdf"
Gas pipelines,Diameter [ref],BO177,177,P0329,,"https://www.xcelenergy.com/staticfiles/xe-responsive/Company/Rates%20&%20Regulations/Rate%20Cases/HE_106-Attachment_JHZ-4.pdf, https://www.dailycamera.com/2019/07/09/boulder-county-xcel-gas-pipeline-construction-leak-repair-reporting-conditions-opposed/"
Gas pipelines,StartLocation,BS177,177,P0329,,Tungsten
Gas pipelines,EndPrefecture/District,BZ177,177,P0329,,Gilpin County
Gas pipelines,Location [ref],CF177,177,P0329,,"https://www.dailycamera.com/2019/07/09/boulder-county-xcel-gas-pipeline-construction-leak-repair-reporting-conditions-opposed/, https://www.xcelenergy.com/staticfiles/xe-responsive/Company/Rates%20&%20Regulations/Rate%20Cases/HE_106-Attachment_JHZ-4.pdf, https://s3.amazonaws.com/pgj-wp-media/wp-content/uploads/2018/10/PN1018-Planned-Projects.pdf"
Gas pipelines,SegmentCost [ref],CM177,177,P0329,,https://www.xcelenergy.com/staticfiles/xe-responsive/Company/Rates%20&%20Regulations/Rate%20Cases/HE_106-Attachment_JHZ-4.pdf
Gas pipelines,Researcher,J181,181,P0355,HK,CB
Gas pipelines,LastUpdated,K181,181,P0355,45147,46297
Gas pipelines,Fuel [ref],M181,181,P0355,,"https://s3.amazonaws.com/pgj-wp-media/wp-content/uploads/2018/10/PN1018-Planned-Projects.pdf, https://www.franklincountync.gov/Archive/ViewFile/Item/2161"
Gas pipelines,Length [ref],BI181,181,P0355,,https://s3.amazonaws.com/pgj-wp-media/wp-content/uploads/2018/10/PN1018-Planned-Projects.pdf
Gas pipelines,StartLocation,BS181,181,P0355,,Franklinton
Gas pipelines,EndLocation,BY181,181,P0355,,Clayton
Gas pipelines,Location [ref],CF181,181,P0355,,"https://s3.amazonaws.com/pgj-wp-media/wp-content/uploads/2018/10/PN1018-Planned-Projects.pdf, https://www.franklincountync.gov/Archive/ViewFile/Item/2161, https://web.archive.org/web/20180206053709/http://gcpa.net/projects/utilities/"
Gas pipelines,Status [ref],I182,182,P0359,,"https://web.archive.org/web/2021/https://www.businesswire.com/news/home/20200626005050/en/Tallgrass-Energy-Announces-Cheyenne-Connector-Pipeline-In-Service, https://www.eia.gov/naturalgas/pipelines/EIA-NaturalGasPipelineProjects.xlsx"
Gas pipelines,Researcher,J182,182,P0359,HK,CB
Gas pipelines,LastUpdated,K182,182,P0359,45172,46297
Gas pipelines,Fuel [ref],M182,182,P0359,,"https://web.archive.org/web/2021/https://www.businesswire.com/news/home/20200626005050/en/Tallgrass-Energy-Announces-Cheyenne-Connector-Pipeline-In-Service, https://www.nsenergybusiness.com/projects/cheyenne-connector-pipeline-project-colorado/"
Gas pipelines,ProposalYear,Z182,182,P0359,,2018
Gas pipelines,Proposal [ref],AB182,182,P0359,,"https://www.eia.gov/naturalgas/pipelines/EIA-NaturalGasPipelineProjects.xlsx, https://s3.amazonaws.com/pgj-wp-media/wp-content/uploads/2018/10/PN1018-Planned-Projects.pdf"
Gas pipelines,Construction [ref],AE182,182,P0359,,"https://www.nsenergybusiness.com/projects/cheyenne-connector-pipeline-project-colorado/, https://web.archive.org/web/2020/https://www.hellenicshippingnews.com/cheyenne-hub-futures-bearish-despite-possible-connector-project-delays/"
Gas pipelines,Start [ref],AL182,182,P0359,,"https://web.archive.org/web/2021/https://www.businesswire.com/news/home/20200626005050/en/Tallgrass-Energy-Announces-Cheyenne-Connector-Pipeline-In-Service, https://www.eia.gov/naturalgas/pipelines/EIA-NaturalGasPipelineProjects.xlsx"
Gas pipelines,Capacity [ref],AZ182,182,P0359,,"https://web.archive.org/web/2021/https://www.businesswire.com/news/home/20200626005050/en/Tallgrass-Energy-Announces-Cheyenne-Connector-Pipeline-In-Service, https://www.nsenergybusiness.com/projects/cheyenne-connector-pipeline-project-colorado/, https://www.eia.gov/naturalgas/pipelines/EIA-NaturalGasPipelineProjects.xlsx"
Gas pipelines,Pressure,BA182,182,P0359,,1480
Gas pipelines,PressureUnits,BB182,182,P0359,,psi
Gas pipelines,Pressure [ref],BC182,182,P0359,,https://www.nsenergybusiness.com/projects/cheyenne-connector-pipeline-project-colorado/
Gas pipelines,Length [ref],BI182,182,P0359,,"https://web.archive.org/web/2021/https://www.businesswire.com/news/home/20200626005050/en/Tallgrass-Energy-Announces-Cheyenne-Connector-Pipeline-In-Service, https://web.archive.org/web/2020/https://www.hellenicshippingnews.com/cheyenne-hub-futures-bearish-despite-possible-connector-project-delays/, https://www.nsenergybusiness.com/projects/cheyenne-connector-pipeline-project-colorado/, https://www.eia.gov/naturalgas/pipelines/EIA-NaturalGasPipelineProjects.xlsx"
Gas pipelines,Diameter,BM182,182,P0359,,36
Gas pipelines,DiameterUnits,BN182,182,P0359,,in
Gas pipelines,Diameter [ref],BO182,182,P0359,,"https://web.archive.org/web/2021/https://www.businesswire.com/news/home/20200626005050/en/Tallgrass-Energy-Announces-Cheyenne-Connector-Pipeline-In-Service, https://www.nsenergybusiness.com/projects/cheyenne-connector-pipeline-project-colorado/, https://www.eia.gov/naturalgas/pipelines/EIA-NaturalGasPipelineProjects.xlsx"
Gas pipelines,FuelSource,BQ182,182,P0359,,Anadarko Lancaster processing facility; DCP Mewbourn processing facility
Gas pipelines,FuelSource [ref],BR182,182,P0359,,https://www.nsenergybusiness.com/projects/cheyenne-connector-pipeline-project-colorado/
Gas pipelines,SegmentCost [ref],CM182,182,P0359,,"https://www.nsenergybusiness.com/projects/cheyenne-connector-pipeline-project-colorado/, https://www.eia.gov/naturalgas/pipelines/EIA-NaturalGasPipelineProjects.xlsx"
Gas pipelines,Status [ref],I185,185,P0370,,"https://dtmidstream.com/asset/birdsboro-pipeline/, https://marcellusdrilling.com/2018/12/ferc-approves-birdsboro-pipe-near-philly-to-begin-service/"
Gas pipelines,Researcher,J185,185,P0370,HK,CB
Gas pipelines,LastUpdated,K185,185,P0370,45172,46297
Gas pipelines,Fuel [ref],M185,185,P0370,,"https://dtmidstream.com/asset/birdsboro-pipeline/, https://www.dwt.com/files/energyenvironmental/2018/04/DTE_Midstream_Appalachia_FERC_Order_3_15_18.pdf"
Gas pipelines,ProposalYear,Z185,185,P0370,,2016
Gas pipelines,ProposalMonth,AA185,185,P0370,,10
Gas pipelines,Proposal [ref],AB185,185,P0370,,"https://naturalgasintel.com/news/brief-dte-midstream-appalachia/, https://newlook.dteenergy.com/wps/wcm/connect/503b908b-bf32-424a-b157-d6ef8340834d/birdsboroPipelineProjectApprovalPreFilingRequestLetter.pdf?MOD=AJPERES"
Gas pipelines,StartMonth1,AG185,185,P0370,,12
Gas pipelines,Start [ref],AL185,185,P0370,,"https://dtmidstream.com/asset/birdsboro-pipeline/, https://marcellusdrilling.com/2018/12/ferc-approves-birdsboro-pipe-near-philly-to-begin-service/"
Gas pipelines,Capacity [ref],AZ185,185,P0370,,"https://www.dwt.com/files/energyenvironmental/2018/04/DTE_Midstream_Appalachia_FERC_Order_3_15_18.pdf, https://naturalgasintel.com/news/brief-dte-midstream-appalachia/"
Gas pipelines,Pressure,BA185,185,P0370,,1050
Gas pipelines,PressureUnits,BB185,185,P0370,,psig
Gas pipelines,Pressure [ref],BC185,185,P0370,,https://newlook.dteenergy.com/wps/wcm/connect/503b908b-bf32-424a-b157-d6ef8340834d/birdsboroPipelineProjectApprovalPreFilingRequestLetter.pdf?MOD=AJPERES
Gas pipelines,Length [ref],BI185,185,P0370,,"https://www.dwt.com/files/energyenvironmental/2018/04/DTE_Midstream_Appalachia_FERC_Order_3_15_18.pdf, https://naturalgasintel.com/news/brief-dte-midstream-appalachia/"
Gas pipelines,Diameter [ref],BO185,185,P0370,,"https://www.dwt.com/files/energyenvironmental/2018/04/DTE_Midstream_Appalachia_FERC_Order_3_15_18.pdf, https://naturalgasintel.com/news/brief-dte-midstream-appalachia/"
Gas pipelines,SegmentCostYear,CL185,185,P0370,,2017
Gas pipelines,SegmentCost [ref],CM185,185,P0370,,https://www.dwt.com/files/energyenvironmental/2018/04/DTE_Midstream_Appalachia_FERC_Order_3_15_18.pdf
Gas pipelines,Status [ref],I186,186,P0371,,https://jpt.spe.org/end-near-riviera-resources
Gas pipelines,Researcher,J186,186,P0371,BL,CB
Gas pipelines,LastUpdated,K186,186,P0371,44755,46297
Gas pipelines,Fuel [ref],M186,186,P0371,,https://s3.amazonaws.com/pgj-wp-media/wp-content/uploads/2018/10/PN1018-Ongoing-Projects.pdf
Gas pipelines,Shelved [ref],AR186,186,P0371,,https://jpt.spe.org/end-near-riviera-resources
Gas pipelines,Length [ref],BI186,186,P0371,,https://s3.amazonaws.com/pgj-wp-media/wp-content/uploads/2018/10/PN1018-Ongoing-Projects.pdf
Gas pipelines,StartLocation,BS186,186,P0371,,Grady County
Gas pipelines,Location [ref],CF186,186,P0371,,https://s3.amazonaws.com/pgj-wp-media/wp-content/uploads/2018/10/PN1018-Ongoing-Projects.pdf
Gas pipelines,Status [ref],I189,189,P0375,,"https://www.prnewswire.com/news-releases/consumers-energy-completes-90-mile-saginaw-trail-pipeline-301178898.html, https://www.hydrocarbons-technology.com/projects/saginaw-trail-pipeline-project-michigan/"
Gas pipelines,Researcher,J189,189,P0375,HK,CB
Gas pipelines,LastUpdated,K189,189,P0375,45172,46297
Gas pipelines,Fuel [ref],M189,189,P0375,,"https://www.prnewswire.com/news-releases/consumers-energy-completes-90-mile-saginaw-trail-pipeline-301178898.html, https://www.hydrocarbons-technology.com/projects/saginaw-trail-pipeline-project-michigan/"
Gas pipelines,ProposalYear,Z189,189,P0375,,2016
Gas pipelines,ProposalMonth,AA189,189,P0375,,9
Gas pipelines,Proposal [ref],AB189,189,P0375,,"https://www.hydrocarbons-technology.com/projects/saginaw-trail-pipeline-project-michigan/, https://www.farmprogress.com/farm-operations/new-pipeline-impact-961-acres-ag-land"
Gas pipelines,ConstructionYear,AC189,189,P0375,,2017
Gas pipelines,ConstructionMonth,AD189,189,P0375,,6
Gas pipelines,Construction [ref],AE189,189,P0375,,https://www.hydrocarbons-technology.com/projects/saginaw-trail-pipeline-project-michigan/
Gas pipelines,StartMonth1,AG189,189,P0375,,11
Gas pipelines,Start [ref],AL189,189,P0375,,https://www.prnewswire.com/news-releases/consumers-energy-completes-90-mile-saginaw-trail-pipeline-301178898.html
Gas pipelines,Pressure,BA189,189,P0375,,6.62
Gas pipelines,PressureUnits,BB189,189,P0375,,MPa
Gas pipelines,Pressure [ref],BC189,189,P0375,,https://www.hydrocarbons-technology.com/projects/saginaw-trail-pipeline-project-michigan/
Gas pipelines,Length [ref],BI189,189,P0375,,"https://www.farmprogress.com/farm-operations/new-pipeline-impact-961-acres-ag-land, https://www.hydrocarbons-technology.com/projects/saginaw-trail-pipeline-project-michigan/"
Gas pipelines,Diameter [ref],BO189,189,P0375,,"https://www.hydrocarbons-technology.com/projects/saginaw-trail-pipeline-project-michigan/, https://www.farmprogress.com/farm-operations/new-pipeline-impact-961-acres-ag-land"
Gas pipelines,StartLocation,BS189,189,P0375,,Tittabawassee Township
Gas pipelines,EndLocation,BY189,189,P0375,,Milford
Gas pipelines,Location [ref],CF189,189,P0375,,https://www.hydrocarbons-technology.com/projects/saginaw-trail-pipeline-project-michigan/
Gas pipelines,SegmentCost [ref],CM189,189,P0375,,"https://www.prnewswire.com/news-releases/consumers-energy-completes-90-mile-saginaw-trail-pipeline-301178898.html, https://www.hydrocarbons-technology.com/projects/saginaw-trail-pipeline-project-michigan/"
Gas pipelines,Status [ref],I191,191,P0377,,"https://www.naturalgasintel.com/news/revolution-natural-gas-system-cleared-for-restart-after-agreement-with-regulators/, https://www.post-gazette.com/business/powersource/2021/03/01/Revolution-Pipeline-restart-Energy-Transfer-PA-DEP-deal-Center-explosion/stories/202103010103"
Gas pipelines,Researcher,J191,191,P0377,HK,CB
Gas pipelines,LastUpdated,K191,191,P0377,45172,46297
Gas pipelines,Fuel [ref],M191,191,P0377,,"https://www.pa.gov/agencies/dep/programs-and-services/integration/pennsylvania-pipeline-portal/revolution-pipeline, https://en.wikipedia.org/wiki/Revolution_Pipeline"
Gas pipelines,ProposalYear,Z191,191,P0377,,2015
Gas pipelines,ProposalMonth,AA191,191,P0377,,6
Gas pipelines,Proposal [ref],AB191,191,P0377,,"https://marcellusdrilling.com/2018/02/energy-transfer-wants-to-build-new-compressor-station-in-swpa/, https://www.ogj.com/refining-processing/gas-processing/new-plants/article/17245793/etp-provides-details-on-revolution-pipeline-processing-project"
Gas pipelines,Start [ref],AL191,191,P0377,,"https://www.desmog.com/2018/09/12/pipeline-exploded-pennsylvania-part-sprint-build-fracking-reliant-petrochemical-corridor/, https://en.wikipedia.org/wiki/Revolution_Pipeline"
Gas pipelines,FuelSource,BQ191,191,P0377,,Marcellus and Utica Shale
Gas pipelines,FuelSource [ref],BR191,191,P0377,,"https://www.post-gazette.com/business/powersource/2021/03/01/Revolution-Pipeline-restart-Energy-Transfer-PA-DEP-deal-Center-explosion/stories/202103010103, https://marcellusdrilling.com/2018/02/energy-transfer-wants-to-build-new-compressor-station-in-swpa/"
Gas pipelines,Location [ref],CF191,191,P0377,,"https://www.pa.gov/agencies/dep/programs-and-services/integration/pennsylvania-pipeline-portal/revolution-pipeline, https://www.naturalgasintel.com/news/revolution-natural-gas-system-cleared-for-restart-after-agreement-with-regulators/"
Gas pipelines,Researcher,J193,193,P0380,,CB
Gas pipelines,LastUpdated,K193,193,P0380,,46297
Gas pipelines,Fuel [ref],M193,193,P0380,,"https://s3.amazonaws.com/pgj-wp-media/wp-content/uploads/2018/10/PN1018-Ongoing-Projects.pdf, https://web.archive.org/web/20150401073312/http://www.lngworldnews.com/kinder-morgan-sk-lng-sign-transportation-services-agreement/"
Gas pipelines,ProposalYear,Z193,193,P0380,,2014
Gas pipelines,ProposalMonth,AA193,193,P0380,,12
Gas pipelines,Proposal [ref],AB193,193,P0380,,"https://web.archive.org/web/20150401073312/http://www.lngworldnews.com/kinder-morgan-sk-lng-sign-transportation-services-agreement/, https://www.sec.gov/Archives/edgar/data/1506307/000150630715000003/kmidec20148-kexh991.htm"
Gas pipelines,Start [ref],AL193,193,P0380,,"https://www.sec.gov/Archives/edgar/data/1506307/000150630717000008/kmi-2016x10k.htm, https://www.sec.gov/Archives/edgar/data/1506307/000150630720000022/kmi-2019x10k.htm"
Gas pipelines,Capacity,AX193,193,P0380,,320000
Gas pipelines,CapacityUnits,AY193,193,P0380,,Dth/d
Gas pipelines,Capacity [ref],AZ193,193,P0380,,"https://web.archive.org/web/20150401073312/http://www.lngworldnews.com/kinder-morgan-sk-lng-sign-transportation-services-agreement/, https://www.sec.gov/Archives/edgar/data/1506307/000150630715000003/kmidec20148-kexh991.htm, https://s3.amazonaws.com/pgj-wp-media/wp-content/uploads/2018/10/PN1018-Ongoing-Projects.pdf"
Gas pipelines,Length [ref],BI193,193,P0380,,https://web.archive.org/web/20150401073312/http://www.lngworldnews.com/kinder-morgan-sk-lng-sign-transportation-services-agreement/
Gas pipelines,Diameter,BM193,193,P0380,,30
Gas pipelines,DiameterUnits,BN193,193,P0380,,in
Gas pipelines,Diameter [ref],BO193,193,P0380,,https://s3.amazonaws.com/pgj-wp-media/wp-content/uploads/2018/10/PN1018-Ongoing-Projects.pdf
Gas pipelines,SegmentCost,CJ193,193,P0380,,150000000.0
Gas pipelines,SegmentCostUnits,CK193,193,P0380,,USD
Gas pipelines,SegmentCostYear,CL193,193,P0380,,2014
Gas pipelines,SegmentCost [ref],CM193,193,P0380,,"https://web.archive.org/web/20150401073312/http://www.lngworldnews.com/kinder-morgan-sk-lng-sign-transportation-services-agreement/, https://www.sec.gov/Archives/edgar/data/1506307/000150630715000003/kmidec20148-kexh991.htm"
Gas pipelines,Status [ref],I195,195,P0383,,"https://www.sec.gov/Archives/edgar/data/895728/000089572819000033/ei12312018-10kxdocument.htm, https://www.naturalgasintel.com/south-texas-expansion-pomelo-connector-projects-granted-ferc-ok/"
Gas pipelines,Researcher,J195,195,P0383,HK,CB
Gas pipelines,LastUpdated,K195,195,P0383,45172,46297
Gas pipelines,Fuel [ref],M195,195,P0383,,"https://www.sec.gov/Archives/edgar/data/1394074/000114420418026689/tv493581_ex99-1.htm, https://www.naturalgasintel.com/south-texas-expansion-pomelo-connector-projects-granted-ferc-ok/"
Gas pipelines,Capacity [ref],AZ195,195,P0383,,"https://www.sec.gov/Archives/edgar/data/1394074/000114420418026689/tv493581_ex99-1.htm, https://marcellusdrilling.com/wp-content/uploads/2017/08/FERC-Pending-Pipeline-Projects-as-of-Apr-17-2017-MarcellusDrilling.com_.pdf"
Gas pipelines,Length [ref],BI195,195,P0383,,"https://www.naturalgasintel.com/south-texas-expansion-pomelo-connector-projects-granted-ferc-ok/, https://www.sec.gov/Archives/edgar/data/1394074/000114420418026689/tv493581_ex99-1.htm"
Gas pipelines,Diameter [ref],BO195,195,P0383,,"https://www.naturalgasintel.com/south-texas-expansion-pomelo-connector-projects-granted-ferc-ok/, https://canyonmidstream.com/projects/pomelo-connector-llc/"
Gas pipelines,StartLocation,BS195,195,P0383,,Petronila Compressor Station
Gas pipelines,EndLocation,BY195,195,P0383,,Agua Dulce (Valley Crossing interconnect)
Gas pipelines,Location [ref],CF195,195,P0383,,"https://www.naturalgasintel.com/south-texas-expansion-pomelo-connector-projects-granted-ferc-ok/, https://s3.amazonaws.com/pgj-wp-media/wp-content/uploads/2018/10/PN1018-Ongoing-Projects.pdf, https://canyonmidstream.com/projects/pomelo-connector-llc/"
Gas pipelines,Status [ref],I197,197,P0387,,"https://www.tcenergy.com/announcements/2019/2019-03-01transcanadas-mountaineer-xpress-project-placed-into-service-gulf-xpress-reaches-partial-in-service/, http://web.archive.org/web/20191008131730/https://www.reuters.com/article/us-transcanada-natgas-wbxpress-pipeline/u-s-approves-part-of-transcanada-gulf-xpress-natgas-pipe-for-service-idUSKCN1Q0267"
Gas pipelines,Researcher,J197,197,P0387,HK,CB
Gas pipelines,LastUpdated,K197,197,P0387,45173,46297
Gas pipelines,Fuel [ref],M197,197,P0387,,"http://web.archive.org/web/20191008131730/https://www.reuters.com/article/us-transcanada-natgas-wbxpress-pipeline/u-s-approves-part-of-transcanada-gulf-xpress-natgas-pipe-for-service-idUSKCN1Q0267, https://www.tcenergy.com/announcements/2019/2019-03-01transcanadas-mountaineer-xpress-project-placed-into-service-gulf-xpress-reaches-partial-in-service/"
Gas pipelines,Start [ref],AL197,197,P0387,,"https://www.tcenergy.com/announcements/2019/2019-03-01transcanadas-mountaineer-xpress-project-placed-into-service-gulf-xpress-reaches-partial-in-service/, http://web.archive.org/web/20191008131730/https://www.reuters.com/article/us-transcanada-natgas-wbxpress-pipeline/u-s-approves-part-of-transcanada-gulf-xpress-natgas-pipe-for-service-idUSKCN1Q0267"
Gas pipelines,Capacity [ref],AZ197,197,P0387,,"http://web.archive.org/web/20191008131730/https://www.reuters.com/article/us-transcanada-natgas-wbxpress-pipeline/u-s-approves-part-of-transcanada-gulf-xpress-natgas-pipe-for-service-idUSKCN1Q0267, https://www.tcenergy.com/announcements/2019/2019-03-01transcanadas-mountaineer-xpress-project-placed-into-service-gulf-xpress-reaches-partial-in-service/"
Gas pipelines,Length [ref],BI197,197,P0387,,"http://web.archive.org/web/20191008131730/https://www.reuters.com/article/us-transcanada-natgas-wbxpress-pipeline/u-s-approves-part-of-transcanada-gulf-xpress-natgas-pipe-for-service-idUSKCN1Q0267, https://www.tcenergy.com/announcements/2019/2019-03-01transcanadas-mountaineer-xpress-project-placed-into-service-gulf-xpress-reaches-partial-in-service/"
Gas pipelines,SegmentCost,CJ197,197,P0387,,600000000.0
Gas pipelines,SegmentCostUnits,CK197,197,P0387,,USD
Gas pipelines,SegmentCostYear,CL197,197,P0387,,2019
Gas pipelines,SegmentCost [ref],CM197,197,P0387,,"http://web.archive.org/web/20191008131730/https://www.reuters.com/article/us-transcanada-natgas-wbxpress-pipeline/u-s-approves-part-of-transcanada-gulf-xpress-natgas-pipe-for-service-idUSKCN1Q0267, https://www.tcenergy.com/announcements/2019/2019-03-01transcanadas-mountaineer-xpress-project-placed-into-service-gulf-xpress-reaches-partial-in-service/"
Gas pipelines,Researcher,J199,199,P0404,GC,CB
Gas pipelines,LastUpdated,K199,199,P0404,45161,46297
Gas pipelines,Fuel [ref],M199,199,P0404,,"https://web.archive.org/web/20210923122802/http://monitoreconomico.org/noticias/2014/apr/23/anuncian-construccion-de-gasoducto-en-san-luis-rio-colorado/, https://web.archive.org/web/20161014200640/http://www.gob.mx/cms/uploads/attachment/file/98154/PRODESEN_2016-2030-2016-05-30.pdf"
Gas pipelines,ProposalYear,Z199,199,P0404,,2014
Gas pipelines,ProposalMonth,AA199,199,P0404,,4
Gas pipelines,Proposal [ref],AB199,199,P0404,,"https://web.archive.org/web/20210923122802/http://monitoreconomico.org/noticias/2014/apr/23/anuncian-construccion-de-gasoducto-en-san-luis-rio-colorado/, https://www.somosindustria.com/articulo/construiran-nuevos-gasoductos-en-mexico/"
Gas pipelines,Capacity [ref],AZ199,199,P0404,,"https://web.archive.org/web/20210923122802/http://monitoreconomico.org/noticias/2014/apr/23/anuncian-construccion-de-gasoducto-en-san-luis-rio-colorado/, https://www.somosindustria.com/articulo/construiran-nuevos-gasoductos-en-mexico/"
Gas pipelines,Length [ref],BI199,199,P0404,,"https://web.archive.org/web/20161014200640/http://www.gob.mx/cms/uploads/attachment/file/98154/PRODESEN_2016-2030-2016-05-30.pdf, https://web.archive.org/web/20250903011059id_/https://ienova.gcs-web.com/static-files/16a5a2bd-64e0-4f88-b582-98cc4f6c1e63"
Gas pipelines,SegmentCost [ref],CM199,199,P0404,,"https://web.archive.org/web/20210923122802/http://monitoreconomico.org/noticias/2014/apr/23/anuncian-construccion-de-gasoducto-en-san-luis-rio-colorado/, https://web.archive.org/web/20161014200640/http://www.gob.mx/cms/uploads/attachment/file/98154/PRODESEN_2016-2030-2016-05-30.pdf, https://web.archive.org/web/20250903011059id_/https://ienova.gcs-web.com/static-files/16a5a2bd-64e0-4f88-b582-98cc4f6c1e63"
Gas pipelines,Status [ref],I766,766,P1317,,https://www.eia.gov/naturalgas/pipelines/EIA-NaturalGasPipelineProjects_Oct2022.xlsx
Gas pipelines,Researcher,J766,766,P1317,BL,CB
Gas pipelines,LastUpdated,K766,766,P1317,45873,46297
Gas pipelines,Fuel [ref],M766,766,P1317,,https://www.eia.gov/naturalgas/pipelines/EIA-NaturalGasPipelineProjectsAug2026.xlsx
Gas pipelines,PipelineType [ref],O766,766,P1317,,https://www.eia.gov/naturalgas/pipelines/EIA-NaturalGasPipelineProjectsAug2026.xlsx
Gas pipelines,ConstructionYear,AC766,766,P1317,2019,2020
Gas pipelines,Construction [ref],AE766,766,P1317,,https://www.eia.gov/naturalgas/pipelines/EIA-NaturalGasPipelineProjects_March2020.xlsx
Gas pipelines,Delay [ref],AO766,766,P1317,,https://www.eia.gov/naturalgas/pipelines/EIA-NaturalGasPipelineProjectsAug2026.xlsx
Gas pipelines,Capacity [ref],AZ766,766,P1317,,https://www.eia.gov/naturalgas/pipelines/EIA-NaturalGasPipelineProjectsAug2026.xlsx
Gas pipelines,Length [ref],BI766,766,P1317,,https://www.eia.gov/naturalgas/pipelines/EIA-NaturalGasPipelineProjectsAug2026.xlsx
Gas pipelines,Diameter [ref],BO766,766,P1317,,https://www.eia.gov/naturalgas/pipelines/EIA-NaturalGasPipelineProjectsAug2026.xlsx
Gas pipelines,Location [ref],CF766,766,P1317,,https://www.eia.gov/naturalgas/pipelines/EIA-NaturalGasPipelineProjectsAug2026.xlsx
Gas pipelines,Researcher,J1047,1047,P1926,HK,CB
Gas pipelines,LastUpdated,K1047,1047,P1926,45147,46297
Gas pipelines,Fuel [ref],M1047,1047,P1926,,https://www.allotsego.com/how-to-waste-400-million/
Gas pipelines,ProposalYear,Z1047,1047,P1926,,2019
Gas pipelines,Proposal [ref],AB1047,1047,P1926,,https://www.allotsego.com/how-to-waste-400-million/
Gas pipelines,Capacity [ref],AZ1047,1047,P1926,,https://www.allotsego.com/how-to-waste-400-million/
Gas pipelines,LengthKnown,BF1047,1047,P1926,,50
Gas pipelines,LengthKnownUnits,BG1047,1047,P1926,,mi
Gas pipelines,Length [ref],BI1047,1047,P1926,,https://www.allotsego.com/how-to-waste-400-million/
Gas pipelines,Diameter [ref],BO1047,1047,P1926,,https://www.allotsego.com/how-to-waste-400-million/
Gas pipelines,FuelSource,BQ1047,1047,P1926,,natural gas
Gas pipelines,FuelSource [ref],BR1047,1047,P1926,,https://www.allotsego.com/how-to-waste-400-million/
Gas pipelines,Location [ref],CF1047,1047,P1926,,https://www.allotsego.com/how-to-waste-400-million/
Gas pipelines,SegmentCost,CJ1047,1047,P1926,,400000000.0
Gas pipelines,SegmentCost [ref],CM1047,1047,P1926,,https://www.allotsego.com/how-to-waste-400-million/
Gas pipelines,Status [ref],I1056,1056,P2003,,"http://www.esng.com/project/2017-expansion/, http://web.archive.org/web/20191019130035/https://www.naturalgasintel.com/articles/111980-eastern-shore-secures-ferc-approval-for-natgas-expansion"
Gas pipelines,Researcher,J1056,1056,P2003,HK,CB
Gas pipelines,LastUpdated,K1056,1056,P2003,45161,46297
Gas pipelines,Fuel [ref],M1056,1056,P2003,,"http://web.archive.org/web/20180630043718/https://www.ferc.gov/industries/gas/enviro/eis/2017/CP17-28-000-EA.pdf, http://www.esng.com/project/2017-expansion/"
Gas pipelines,ProposalYear,Z1056,1056,P2003,,2016
Gas pipelines,ProposalMonth,AA1056,1056,P2003,,12
Gas pipelines,Proposal [ref],AB1056,1056,P2003,,"http://web.archive.org/web/20180630043718/https://www.ferc.gov/industries/gas/enviro/eis/2017/CP17-28-000-EA.pdf, http://web.archive.org/web/20191119200434/https://www.naturalgasintel.com/articles/108933-eastern-shore-seeks-expansion-approval-at-ferc"
Gas pipelines,ConstructionYear,AC1056,1056,P2003,,2017
Gas pipelines,ConstructionMonth,AD1056,1056,P2003,,10
Gas pipelines,Construction [ref],AE1056,1056,P2003,,"http://web.archive.org/web/20191019130035/https://www.naturalgasintel.com/articles/111980-eastern-shore-secures-ferc-approval-for-natgas-expansion, https://www.sec.gov/Archives/edgar/data/19745/000162828018002594/cpk1231201710-k.htm"
Gas pipelines,Start [ref],AL1056,1056,P2003,,"http://www.esng.com/project/2017-expansion/, https://www.sec.gov/Archives/edgar/data/19745/000162828019002015/cpk1231201810-k.htm"
Gas pipelines,Capacity [ref],AZ1056,1056,P2003,,"http://web.archive.org/web/20180630043718/https://www.ferc.gov/industries/gas/enviro/eis/2017/CP17-28-000-EA.pdf, http://web.archive.org/web/20191119200434/https://www.naturalgasintel.com/articles/108933-eastern-shore-seeks-expansion-approval-at-ferc"
Gas pipelines,Length [ref],BI1056,1056,P2003,,"http://web.archive.org/web/20180630043718/https://www.ferc.gov/industries/gas/enviro/eis/2017/CP17-28-000-EA.pdf, http://web.archive.org/web/20191119200434/https://www.naturalgasintel.com/articles/108933-eastern-shore-seeks-expansion-approval-at-ferc"
Gas pipelines,Diameter [ref],BO1056,1056,P2003,,"http://web.archive.org/web/20180630043718/https://www.ferc.gov/industries/gas/enviro/eis/2017/CP17-28-000-EA.pdf, http://www.esng.com/project/2017-expansion/"
Gas pipelines,Location [ref],CF1056,1056,P2003,,"http://web.archive.org/web/20180630043718/https://www.ferc.gov/industries/gas/enviro/eis/2017/CP17-28-000-EA.pdf, http://www.esng.com/project/2017-expansion/"
Gas pipelines,Researcher,J1071,1071,P2040,BL,CB
Gas pipelines,LastUpdated,K1071,1071,P2040,44840,46297
Gas pipelines,Fuel [ref],M1071,1071,P2040,,"https://s3.amazonaws.com/pgj-wp-media/wp-content/uploads/2018/10/PN1018-Planned-Projects.pdf, https://dcmediagroup.us/2018/10/25/mountaineer-gas-pipeline-rockwool-foes-zero/, https://www.heraldmailmedia.com/story/news/local/2019/01/03/mountaineer-gas-first-segment-of-distribution-line-project-nearly-complete/44268567/"
Gas pipelines,ProposalYear,Z1071,1071,P2040,,2018
Gas pipelines,ProposalMonth,AA1071,1071,P2040,,10
Gas pipelines,Proposal [ref],AB1071,1071,P2040,,"https://dcmediagroup.us/2018/10/25/mountaineer-gas-pipeline-rockwool-foes-zero/, https://s3.amazonaws.com/pgj-wp-media/wp-content/uploads/2018/10/PN1018-Planned-Projects.pdf"
Gas pipelines,Length [ref],BI1071,1071,P2040,,https://s3.amazonaws.com/pgj-wp-media/wp-content/uploads/2018/10/PN1018-Planned-Projects.pdf
Gas pipelines,Location [ref],CF1071,1071,P2040,,"https://s3.amazonaws.com/pgj-wp-media/wp-content/uploads/2018/10/PN1018-Planned-Projects.pdf, https://dcmediagroup.us/2018/10/25/mountaineer-gas-pipeline-rockwool-foes-zero/, https://www.heraldmailmedia.com/story/news/local/2019/01/03/mountaineer-gas-first-segment-of-distribution-line-project-nearly-complete/44268567/, https://mountaineergasonline.com/assets/press_release_161118-eastern_panhandle_expansion.pdf"
Gas pipelines,Status [ref],I1282,1282,P2495,,https://www.eia.gov/naturalgas/pipelines/EIA-NaturalGasPipelineProjectsAug2026.xlsx
Gas pipelines,Researcher,J1282,1282,P2495,BL,CB
Gas pipelines,LastUpdated,K1282,1282,P2495,45134,46297
Gas pipelines,Fuel [ref],M1282,1282,P2495,,"https://www.federalregister.gov/documents/2019/12/03/2019-26078/natural-gas-pipeline-company-of-america-llc-notice-of-request-under-blanket-authorization, https://www.eia.gov/naturalgas/pipelines/EIA-NaturalGasPipelineProjectsAug2026.xlsx"
Gas pipelines,ProposalYear,Z1282,1282,P2495,,2019
Gas pipelines,ProposalMonth,AA1282,1282,P2495,,11
Gas pipelines,Proposal [ref],AB1282,1282,P2495,,https://www.federalregister.gov/documents/2019/12/03/2019-26078/natural-gas-pipeline-company-of-america-llc-notice-of-request-under-blanket-authorization
Gas pipelines,Start [ref],AL1282,1282,P2495,,https://www.eia.gov/naturalgas/pipelines/EIA-NaturalGasPipelineProjectsAug2026.xlsx
Gas pipelines,Capacity [ref],AZ1282,1282,P2495,,https://www.eia.gov/naturalgas/pipelines/EIA-NaturalGasPipelineProjectsAug2026.xlsx
Gas pipelines,Length [ref],BI1282,1282,P2495,,"https://www.federalregister.gov/documents/2019/12/03/2019-26078/natural-gas-pipeline-company-of-america-llc-notice-of-request-under-blanket-authorization, https://www.eia.gov/naturalgas/pipelines/EIA-NaturalGasPipelineProjectsAug2026.xlsx"
Gas pipelines,SegmentCost [ref],CM1282,1282,P2495,https://www.eia.gov/naturalgas/data.php#pipelines,"https://www.eia.gov/naturalgas/data.php#pipelines, https://www.federalregister.gov/documents/2019/12/03/2019-26078/natural-gas-pipeline-company-of-america-llc-notice-of-request-under-blanket-authorization, https://www.eia.gov/naturalgas/pipelines/EIA-NaturalGasPipelineProjectsAug2026.xlsx"
Gas pipelines,Status [ref],I1283,1283,P2496,,"https://www.eia.gov/todayinenergy/detail.php?id=50376, https://www.eia.gov/naturalgas/pipelines/EIA-NaturalGasPipelineProjectsAug2026.xlsx"
Gas pipelines,Researcher,J1283,1283,P2496,HK,CB
Gas pipelines,LastUpdated,K1283,1283,P2496,45138,46297
Gas pipelines,Fuel [ref],M1283,1283,P2496,,"https://www.federalregister.gov/documents/2018/11/08/2018-24450/notice-of-application-tennessee-gas-pipeline-company-llc, https://www.eia.gov/naturalgas/pipelines/EIA-NaturalGasPipelineProjectsAug2026.xlsx"
Gas pipelines,PipelineType [ref],O1283,1283,P2496,,"https://www.federalregister.gov/documents/2018/11/08/2018-24450/notice-of-application-tennessee-gas-pipeline-company-llc, https://www.eia.gov/naturalgas/pipelines/EIA-NaturalGasPipelineProjectsAug2026.xlsx"
Gas pipelines,ProposalYear,Z1283,1283,P2496,,2018
Gas pipelines,ProposalMonth,AA1283,1283,P2496,,10
Gas pipelines,Proposal [ref],AB1283,1283,P2496,,"https://www.federalregister.gov/documents/2018/11/08/2018-24450/notice-of-application-tennessee-gas-pipeline-company-llc, https://www.federalregister.gov/documents/2018/12/12/2018-26888/tennessee-gas-pipeline-company-llc-notice-of-intent-to-prepare-an-environmental-assessment-for-the"
Gas pipelines,Start [ref],AL1283,1283,P2496,,"https://www.eia.gov/todayinenergy/detail.php?id=50376, https://www.eia.gov/naturalgas/pipelines/EIA-NaturalGasPipelineProjectsAug2026.xlsx"
Gas pipelines,Capacity [ref],AZ1283,1283,P2496,,"https://www.federalregister.gov/documents/2018/11/08/2018-24450/notice-of-application-tennessee-gas-pipeline-company-llc, https://www.eia.gov/naturalgas/pipelines/EIA-NaturalGasPipelineProjectsAug2026.xlsx"
Gas pipelines,Length [ref],BI1283,1283,P2496,,"https://www.federalregister.gov/documents/2018/11/08/2018-24450/notice-of-application-tennessee-gas-pipeline-company-llc, https://www.eia.gov/naturalgas/pipelines/EIA-NaturalGasPipelineProjectsAug2026.xlsx"
Gas pipelines,Diameter [ref],BO1283,1283,P2496,,"https://www.federalregister.gov/documents/2019/05/24/2019-10878/tennessee-gas-pipeline-company-llc-notice-of-availability-of-the-environmental-assessment-for-the, https://www.eia.gov/naturalgas/pipelines/EIA-NaturalGasPipelineProjectsAug2026.xlsx"
Gas pipelines,SegmentCost [ref],CM1283,1283,P2496,,https://www.eia.gov/naturalgas/pipelines/EIA-NaturalGasPipelineProjectsAug2026.xlsx
Gas pipelines,Status [ref],I1285,1285,P2498,,https://www.eia.gov/naturalgas/pipelines/EIA-NaturalGasPipelineProjectsAug2026.xlsx
Gas pipelines,Researcher,J1285,1285,P2498,BL,CB
Gas pipelines,LastUpdated,K1285,1285,P2498,45691,46297
Gas pipelines,Fuel [ref],M1285,1285,P2498,,https://www.eia.gov/naturalgas/pipelines/EIA-NaturalGasPipelineProjects_Jan2019.xlsx
Gas pipelines,ConstructionYear,AC1285,1285,P2498,,2017
Gas pipelines,Construction [ref],AE1285,1285,P2498,,https://www.eia.gov/naturalgas/pipelines/EIA-NaturalGasPipelineProjects_May2018.xlsx
Gas pipelines,Start [ref],AL1285,1285,P2498,,https://www.eia.gov/naturalgas/pipelines/EIA-NaturalGasPipelineProjects_Jan2019.xlsx
Gas pipelines,Capacity [ref],AZ1285,1285,P2498,,https://www.eia.gov/naturalgas/pipelines/EIA-NaturalGasPipelineProjects_Jan2019.xlsx
Gas pipelines,Diameter [ref],BO1285,1285,P2498,,https://www.eia.gov/naturalgas/pipelines/EIA-NaturalGasPipelineProjects_Jan2019.xlsx
Gas pipelines,FuelSource,BQ1285,1285,P2498,,associated gas
Gas pipelines,FuelSource [ref],BR1285,1285,P2498,,https://www.eia.gov/naturalgas/pipelines/EIA-NaturalGasPipelineProjects_Jan2019.xlsx
Gas pipelines,Location [ref],CF1285,1285,P2498,,https://www.eia.gov/naturalgas/pipelines/EIA-NaturalGasPipelineProjects_Jan2019.xlsx
Gas pipelines,Status [ref],I1287,1287,P2500,,"https://www.eia.gov/naturalgas/pipelines/EIA-NaturalGasPipelineProjects.xlsx, https://www.blackbearllc.com/natural-gas-transmission"
Gas pipelines,Researcher,J1287,1287,P2500,HK,CB
Gas pipelines,LastUpdated,K1287,1287,P2500,45162,46297
Gas pipelines,Fuel [ref],M1287,1287,P2500,,"https://www.eia.gov/naturalgas/pipelines/EIA-NaturalGasPipelineProjects.xlsx, https://www.govinfo.gov/content/pkg/FR-2019-06-18/pdf/2019-12814.pdf"
Gas pipelines,PipelineType [ref],O1287,1287,P2500,,"https://www.blackbearllc.com/natural-gas-transmission, https://www.govinfo.gov/content/pkg/FR-2019-06-18/pdf/2019-12814.pdf"
Gas pipelines,ProposalYear,Z1287,1287,P2500,,2019
Gas pipelines,ProposalMonth,AA1287,1287,P2500,,6
Gas pipelines,Proposal [ref],AB1287,1287,P2500,,https://www.govinfo.gov/content/pkg/FR-2019-06-18/pdf/2019-12814.pdf
Gas pipelines,StartMonth1,AG1287,1287,P2500,,10
Gas pipelines,Start [ref],AL1287,1287,P2500,,https://www.eia.gov/naturalgas/pipelines/EIA-NaturalGasPipelineProjects.xlsx
Gas pipelines,Length [ref],BI1287,1287,P2500,,https://www.eia.gov/naturalgas/pipelines/EIA-NaturalGasPipelineProjects.xlsx
Gas pipelines,StartLocation,BS1287,1287,P2500,,Decatur
Gas pipelines,StartPrefecture/District,BT1287,1287,P2500,,Limestone County
Gas pipelines,EndLocation,BY1287,1287,P2500,,Huntsville
Gas pipelines,EndPrefecture/District,BZ1287,1287,P2500,,Madison County
Gas pipelines,Location [ref],CF1287,1287,P2500,,"https://www.govinfo.gov/content/pkg/FR-2019-06-18/pdf/2019-12814.pdf, https://www.pipelinesafetyinfo.com/user/file/Alabama/BBT%20AlaTenn%20LLC.pdf"
Gas pipelines,Status [ref],I1288,1288,P2501,,"https://www.sec.gov/Archives/edgar/data/1232384/000123238423000019/trp-12312022xnewsrelease.htm, https://www.eia.gov/naturalgas/pipelines/EIA-NaturalGasPipelineProjectsAug2026.xlsx"
Gas pipelines,Researcher,J1288,1288,P2501,BL,CB
Gas pipelines,LastUpdated,K1288,1288,P2501,45876,46297
Gas pipelines,Fuel [ref],M1288,1288,P2501,https://www.eia.gov/naturalgas/data.php#pipelines,"https://www.eia.gov/naturalgas/data.php#pipelines, https://www.federalregister.gov/documents/full_text/html/2020/07/08/2020-14663.html, https://www.tcenergy.com/siteassets/pdfs/natural-gas/alberta-xpress-project/tc-alberta-xpress-project-fact-sheet.pdf"
Gas pipelines,PipelineType [ref],O1288,1288,P2501,https://www.eia.gov/naturalgas/data.php#pipelines,"https://www.eia.gov/naturalgas/data.php#pipelines, https://www.federalregister.gov/documents/full_text/html/2020/07/08/2020-14663.html, https://www.tcenergy.com/operations/natural-gas/anr-pipeline/"
Gas pipelines,ProposalYear,Z1288,1288,P2501,,2020
Gas pipelines,ProposalMonth,AA1288,1288,P2501,,6
Gas pipelines,Proposal [ref],AB1288,1288,P2501,,"https://www.federalregister.gov/documents/full_text/html/2020/07/08/2020-14663.html, https://www.tcenergy.com/siteassets/pdfs/natural-gas/alberta-xpress-project/tc-alberta-xpress-project-fact-sheet.pdf"
Gas pipelines,ConstructionYear,AC1288,1288,P2501,,2022
Gas pipelines,Construction [ref],AE1288,1288,P2501,,"https://www.tcenergy.com/siteassets/pdfs/natural-gas/alberta-xpress-project/tc-alberta-xpress-project-fact-sheet.pdf, https://www.eia.gov/naturalgas/pipelines/EIA-NaturalGasPipelineProjects_Oct2022.xlsx"
Gas pipelines,Start [ref],AL1288,1288,P2501,,"https://www.sec.gov/Archives/edgar/data/1232384/000123238423000019/trp-12312022xnewsrelease.htm, https://www.eia.gov/naturalgas/pipelines/EIA-NaturalGasPipelineProjectsAug2026.xlsx"
Gas pipelines,Capacity [ref],AZ1288,1288,P2501,,"https://www.federalregister.gov/documents/full_text/html/2020/07/08/2020-14663.html, https://www.tcenergy.com/siteassets/pdfs/natural-gas/alberta-xpress-project/tc-alberta-xpress-project-fact-sheet.pdf, https://www.eia.gov/naturalgas/pipelines/EIA-NaturalGasPipelineProjectsAug2026.xlsx"
Gas pipelines,Length [ref],BI1288,1288,P2501,,"https://www.federalregister.gov/documents/full_text/html/2021/11/04/2021-24106.html, https://www.tcenergy.com/siteassets/pdfs/natural-gas/alberta-xpress-project/tc-alberta-xpress-project-fact-sheet.pdf"
Gas pipelines,FuelSource [ref],BR1288,1288,P2501,,"https://www.tcenergy.com/siteassets/pdfs/natural-gas/alberta-xpress-project/tc-alberta-xpress-project-fact-sheet.pdf, https://www.eia.gov/naturalgas/pipelines/EIA-NaturalGasPipelineProjectsAug2026.xlsx"
Gas pipelines,Location [ref],CF1288,1288,P2501,,"https://www.federalregister.gov/documents/full_text/html/2021/11/04/2021-24106.html, https://www.eia.gov/naturalgas/pipelines/EIA-NaturalGasPipelineProjectsAug2026.xlsx"
Gas pipelines,SegmentCost [ref],CM1288,1288,P2501,,"https://www.federalregister.gov/documents/full_text/html/2020/07/08/2020-14663.html, https://www.eia.gov/naturalgas/pipelines/EIA-NaturalGasPipelineProjectsAug2026.xlsx"
Gas pipelines,Status [ref],I1289,1289,P2502,,"https://www.constructionequipmentguide.com/appalachian-gateway-opened-on-time-budget/18932, https://www.prnewswire.com/news-releases/dominion-transmission-places-appalachian-gateway-project-into-service-168463726.html"
Gas pipelines,Researcher,J1289,1289,P2502,HK,CB
Gas pipelines,LastUpdated,K1289,1289,P2502,45174,46297
Gas pipelines,Fuel [ref],M1289,1289,P2502,,"https://www.federalregister.gov/documents/2011/04/07/2011-8246/dominion-transmission-inc-notice-of-availability-of-the-environmental-assessment-for-the-proposed, https://www.constructionequipmentguide.com/appalachian-gateway-opened-on-time-budget/18932"
Gas pipelines,ProposalYear,Z1289,1289,P2502,,2010
Gas pipelines,ProposalMonth,AA1289,1289,P2502,,6
Gas pipelines,Proposal [ref],AB1289,1289,P2502,,https://www.govinfo.gov/content/pkg/FR-2010-06-21/pdf/2010-14942.pdf
Gas pipelines,Construction [ref],AE1289,1289,P2502,,"https://journals.law.harvard.edu/elr/wp-content/uploads/sites/79/2023/04/HELR-Vol.-47.1-GockeAppendix.pdf, https://www.constructionequipmentguide.com/appalachian-gateway-opened-on-time-budget/18932"
Gas pipelines,StartMonth1,AG1289,1289,P2502,,9
Gas pipelines,Start [ref],AL1289,1289,P2502,,"https://www.prnewswire.com/news-releases/dominion-transmission-places-appalachian-gateway-project-into-service-168463726.html, https://www.constructionequipmentguide.com/appalachian-gateway-opened-on-time-budget/18932"
Gas pipelines,Capacity [ref],AZ1289,1289,P2502,,"https://www.federalregister.gov/documents/2011/04/07/2011-8246/dominion-transmission-inc-notice-of-availability-of-the-environmental-assessment-for-the-proposed, https://www.federalregister.gov/documents/2010/01/20/2010-916/dominion-transmission-inc-notice-of-public-scoping-meetings-for-the-appalachian-gateway-project"
Gas pipelines,Length [ref],BI1289,1289,P2502,,"https://www.federalregister.gov/documents/2010/01/20/2010-916/dominion-transmission-inc-notice-of-public-scoping-meetings-for-the-appalachian-gateway-project, https://www.federalregister.gov/documents/2011/04/07/2011-8246/dominion-transmission-inc-notice-of-availability-of-the-environmental-assessment-for-the-proposed"
Gas pipelines,SegmentCost [ref],CM1289,1289,P2502,,https://www.govinfo.gov/content/pkg/FR-2010-06-21/pdf/2010-14942.pdf
Gas pipelines,Status [ref],I1291,1291,P2509,,"https://pgjonline.com/news/2021/september/enbridge-s-cameron-extension-pipeline-project-nearing-completion, https://www.eia.gov/todayinenergy/detail.php?id=50376"
Gas pipelines,Researcher,J1291,1291,P2509,BL,CB
Gas pipelines,LastUpdated,K1291,1291,P2509,45441,46297
Gas pipelines,Fuel [ref],M1291,1291,P2509,,"https://www.ferc.gov/sites/default/files/2020-04/CP19-512-EA.pdf, https://pgjonline.com/news/2021/september/enbridge-s-cameron-extension-pipeline-project-nearing-completion"
Gas pipelines,PipelineType [ref],O1291,1291,P2509,,"https://www.ferc.gov/sites/default/files/2020-04/CP19-512-EA.pdf, https://www.enbridge.com/~/media/Enb/Documents/Factsheets/FS_EnergyInfrastructureAssets.pdf?la=en"
Gas pipelines,ProposalYear,Z1291,1291,P2509,,2019
Gas pipelines,ProposalMonth,AA1291,1291,P2509,,9
Gas pipelines,Proposal [ref],AB1291,1291,P2509,,https://www.federalregister.gov/documents/full_text/text/2019/10/16/2019-22522.txt
Gas pipelines,ConstructionYear,AC1291,1291,P2509,,2021
Gas pipelines,ConstructionMonth,AD1291,1291,P2509,,1
Gas pipelines,Construction [ref],AE1291,1291,P2509,,https://pgjonline.com/news/2021/september/enbridge-s-cameron-extension-pipeline-project-nearing-completion
Gas pipelines,Start [ref],AL1291,1291,P2509,,"https://www.eia.gov/naturalgas/pipelines/EIA-NaturalGasPipelineProjectsAug2026.xlsx, https://pgjonline.com/news/2021/september/enbridge-s-cameron-extension-pipeline-project-nearing-completion"
Gas pipelines,Capacity [ref],AZ1291,1291,P2509,,"https://www.federalregister.gov/documents/full_text/text/2019/10/16/2019-22522.txt, https://www.ferc.gov/sites/default/files/2020-04/CP19-512-EA.pdf, https://www.eia.gov/todayinenergy/detail.php?id=50376"
Gas pipelines,Length [ref],BI1291,1291,P2509,,"https://www.federalregister.gov/documents/full_text/text/2019/10/16/2019-22522.txt, https://www.ferc.gov/sites/default/files/2020-04/CP19-512-EA.pdf, https://www.eia.gov/naturalgas/pipelines/EIA-NaturalGasPipelineProjectsAug2026.xlsx"
Gas pipelines,StartLocation,BS1291,1291,P2509,,"Momentum Midstream receipt interconnect, Beauregard Parish"
Gas pipelines,EndLocation,BY1291,1291,P2509,,"TransCameron delivery interconnect, Cameron Parish"
Gas pipelines,Location [ref],CF1291,1291,P2509,,"https://www.ferc.gov/sites/default/files/2020-04/CP19-512-EA.pdf, https://www.federalregister.gov/documents/full_text/text/2019/10/16/2019-22522.txt"
Gas pipelines,SegmentCost [ref],CM1291,1291,P2509,,"https://www.federalregister.gov/documents/full_text/text/2019/10/16/2019-22522.txt, https://www.eia.gov/naturalgas/pipelines/EIA-NaturalGasPipelineProjectsAug2026.xlsx"
Gas pipelines,Status [ref],I1293,1293,P2516,,https://www.eia.gov/naturalgas/pipelines/EIA-NaturalGasPipelineProjectsAug2026.xlsx
Gas pipelines,Researcher,J1293,1293,P2516,BL,CB
Gas pipelines,LastUpdated,K1293,1293,P2516,44840,46297
Gas pipelines,Fuel [ref],M1293,1293,P2516,,"https://www.federalregister.gov/documents/2016/08/31/2016-20974/columbia-gas-transmission-llc-notice-of-application, https://www.eia.gov/naturalgas/pipelines/EIA-NaturalGasPipelineProjectsAug2026.xlsx"
Gas pipelines,ProposalYear,Z1293,1293,P2516,,2016
Gas pipelines,ProposalMonth,AA1293,1293,P2516,,8
Gas pipelines,Proposal [ref],AB1293,1293,P2516,,"https://www.federalregister.gov/documents/2016/08/31/2016-20974/columbia-gas-transmission-llc-notice-of-application, https://www.federalregister.gov/documents/2016/10/03/2016-23818/columbia-gas-transmission-llc-notice-of-intent-to-prepare-an-environmental-assessment-for-the"
Gas pipelines,Capacity [ref],AZ1293,1293,P2516,,"https://www.federalregister.gov/documents/2016/08/31/2016-20974/columbia-gas-transmission-llc-notice-of-application, https://www.eia.gov/naturalgas/pipelines/EIA-NaturalGasPipelineProjectsAug2026.xlsx"
Gas pipelines,Diameter,BM1293,1293,P2516,,8
Gas pipelines,DiameterUnits,BN1293,1293,P2516,,in
Gas pipelines,Diameter [ref],BO1293,1293,P2516,,https://www.federalregister.gov/documents/2016/08/31/2016-20974/columbia-gas-transmission-llc-notice-of-application
Gas pipelines,Location [ref],CF1293,1293,P2516,,"https://www.federalregister.gov/documents/2016/08/31/2016-20974/columbia-gas-transmission-llc-notice-of-application, https://www.eia.gov/naturalgas/pipelines/EIA-NaturalGasPipelineProjectsAug2026.xlsx"
Gas pipelines,SegmentCost,CJ1293,1293,P2516,,52387031
Gas pipelines,SegmentCostUnits,CK1293,1293,P2516,,USD
Gas pipelines,SegmentCostYear,CL1293,1293,P2516,,2016
Gas pipelines,SegmentCost [ref],CM1293,1293,P2516,,https://www.federalregister.gov/documents/2016/08/31/2016-20974/columbia-gas-transmission-llc-notice-of-application
Gas pipelines,Status [ref],I1294,1294,P2517,,"https://www.worldpipelines.com/project-news/29062020/cheyenne-connector-and-rockies-express-pipelines-back-in-service/, https://tallgrass.com/newsroom/press-releases/tallgrass-energy-announces-cheyenne-connector-pipeline-in-service-d-j-basin-supply-gains-first-firm-access-to-rockies-express-pipeline-through-rex-cheyenne-hub-enhancement-project"
Gas pipelines,Researcher,J1294,1294,P2517,HK,CB
Gas pipelines,LastUpdated,K1294,1294,P2517,45167,46297
Gas pipelines,Fuel [ref],M1294,1294,P2517,,"https://www.ferc.gov/sites/default/files/2020-07/09-2019-C-1.pdf, https://www.worldpipelines.com/project-news/29062020/cheyenne-connector-and-rockies-express-pipelines-back-in-service/"
Gas pipelines,PipelineType [ref],O1294,1294,P2517,,"https://www.ferc.gov/sites/default/files/2020-07/09-2019-C-1.pdf, https://en.wikipedia.org/wiki/Rockies_Express_Pipeline"
Gas pipelines,ProposalYear,Z1294,1294,P2517,,2018
Gas pipelines,ProposalMonth,AA1294,1294,P2517,,3
Gas pipelines,Proposal [ref],AB1294,1294,P2517,,https://www.ferc.gov/sites/default/files/2020-07/09-2019-C-1.pdf
Gas pipelines,ConstructionYear,AC1294,1294,P2517,,2019
Gas pipelines,ConstructionMonth,AD1294,1294,P2517,,10
Gas pipelines,Construction [ref],AE1294,1294,P2517,,https://primis.phmsa.dot.gov/enforcement-documents/32021001WL/32021001WL_Warning%20Letter_01112021_(20-178801)_text.pdf
Gas pipelines,Start [ref],AL1294,1294,P2517,,"https://tallgrass.com/newsroom/press-releases/tallgrass-energy-announces-cheyenne-connector-pipeline-in-service-d-j-basin-supply-gains-first-firm-access-to-rockies-express-pipeline-through-rex-cheyenne-hub-enhancement-project, https://www.worldpipelines.com/project-news/29062020/cheyenne-connector-and-rockies-express-pipelines-back-in-service/"
Gas pipelines,Capacity [ref],AZ1294,1294,P2517,,"https://www.ferc.gov/sites/default/files/2020-07/09-2019-C-1.pdf, https://www.worldpipelines.com/project-news/29062020/cheyenne-connector-and-rockies-express-pipelines-back-in-service/"
Gas pipelines,Length [ref],BI1294,1294,P2517,,"https://www.ferc.gov/sites/default/files/2020-07/09-2019-C-1.pdf, https://primis.phmsa.dot.gov/enforcement-documents/32021001WL/32021001WL_Warning%20Letter_01112021_(20-178801)_text.pdf"
Gas pipelines,FuelSource,BQ1294,1294,P2517,,DJ Basin (Denver-Julesburg Basin) natural gas production
Gas pipelines,FuelSource [ref],BR1294,1294,P2517,,"https://tallgrass.com/newsroom/press-releases/tallgrass-energy-announces-cheyenne-connector-pipeline-in-service-d-j-basin-supply-gains-first-firm-access-to-rockies-express-pipeline-through-rex-cheyenne-hub-enhancement-project, https://www.ferc.gov/sites/default/files/2020-07/09-2019-C-1.pdf"
Gas pipelines,Researcher,J1298,1298,P2522,HK,CB
Gas pipelines,LastUpdated,K1298,1298,P2522,45148,46297
Gas pipelines,Fuel [ref],M1298,1298,P2522,,https://aglaw.psu.edu/wp-content/uploads/2020/06/20150406184438-CP13-552-000.pdf
Gas pipelines,ProposalYear,Z1298,1298,P2522,,2013
Gas pipelines,ProposalMonth,AA1298,1298,P2522,,9
Gas pipelines,Proposal [ref],AB1298,1298,P2522,,"https://aglaw.psu.edu/wp-content/uploads/2020/06/20150406184438-CP13-552-000.pdf, https://policyintegrity.org/documents/20140918-3019.PDF"
Gas pipelines,Capacity [ref],AZ1298,1298,P2522,,"https://aglaw.psu.edu/wp-content/uploads/2020/06/20150406184438-CP13-552-000.pdf, https://www.federalregister.gov/documents/2014/12/23/2014-29956/sabine-pass-liquefaction-expansion-llc-sabine-pass-liquefaction-llc-sabine-pass-lng-lp-cheniere, https://www.eia.gov/naturalgas/pipelines/EIA-NaturalGasPipelineProjectsAug2026.xlsx"
Gas pipelines,Length [ref],BI1298,1298,P2522,,"https://www.federalregister.gov/documents/2014/12/23/2014-29956/sabine-pass-liquefaction-expansion-llc-sabine-pass-liquefaction-llc-sabine-pass-lng-lp-cheniere, https://www.eia.gov/naturalgas/pipelines/EIA-NaturalGasPipelineProjectsAug2026.xlsx, https://aglaw.psu.edu/wp-content/uploads/2020/06/20150406184438-CP13-552-000.pdf"
Gas pipelines,Location [ref],CF1298,1298,P2522,,"https://www.federalregister.gov/documents/2014/12/23/2014-29956/sabine-pass-liquefaction-expansion-llc-sabine-pass-liquefaction-llc-sabine-pass-lng-lp-cheniere, https://aglaw.psu.edu/wp-content/uploads/2020/06/20150406184438-CP13-552-000.pdf"
Gas pipelines,SegmentCost [ref],CM1298,1298,P2522,,"https://aglaw.psu.edu/wp-content/uploads/2020/06/20150406184438-CP13-552-000.pdf, https://www.eia.gov/naturalgas/pipelines/EIA-NaturalGasPipelineProjectsAug2026.xlsx"
Gas pipelines,Researcher,J1303,1303,P2530,BL,CB
Gas pipelines,LastUpdated,K1303,1303,P2530,45876,46297
Gas pipelines,Fuel [ref],M1303,1303,P2530,https://www.eia.gov/naturalgas/data.php#pipelines,"https://www.eia.gov/naturalgas/data.php#pipelines, https://www.eia.gov/naturalgas/pipelines/EIA-NaturalGasPipelineProjectsAug2026.xlsx"
Gas pipelines,PipelineType [ref],O1303,1303,P2530,https://www.eia.gov/naturalgas/data.php#pipelines,"https://www.eia.gov/naturalgas/data.php#pipelines, https://www.eia.gov/naturalgas/pipelines/EIA-NaturalGasPipelineProjectsAug2026.xlsx"
Gas pipelines,ProposalYear,Z1303,1303,P2530,,2020
Gas pipelines,ProposalMonth,AA1303,1303,P2530,,7
Gas pipelines,Proposal [ref],AB1303,1303,P2530,,https://www.eia.gov/naturalgas/pipelines/EIA-NaturalGasPipelineProjectsAug2026.xlsx
Gas pipelines,Capacity [ref],AZ1303,1303,P2530,,https://www.eia.gov/naturalgas/pipelines/EIA-NaturalGasPipelineProjectsAug2026.xlsx
Gas pipelines,Length [ref],BI1303,1303,P2530,,https://www.eia.gov/naturalgas/pipelines/EIA-NaturalGasPipelineProjectsAug2026.xlsx
Gas pipelines,StartState/Province,BU1303,1303,P2530,,Illinois
Gas pipelines,EndState/Province,CA1303,1303,P2530,,Illinois
Gas pipelines,Location [ref],CF1303,1303,P2530,,https://www.eia.gov/naturalgas/pipelines/EIA-NaturalGasPipelineProjectsAug2026.xlsx
Gas pipelines,SegmentCost,CJ1303,1303,P2530,,400000000.0
Gas pipelines,SegmentCostUnits,CK1303,1303,P2530,,USD
Gas pipelines,SegmentCostYear,CL1303,1303,P2530,,2022
Gas pipelines,SegmentCost [ref],CM1303,1303,P2530,,https://www.eia.gov/naturalgas/pipelines/EIA-NaturalGasPipelineProjectsAug2026.xlsx
Gas pipelines,Status [ref],I1304,1304,P2531,,"https://web.archive.org/web/20250718225048/https://rbnenergy.com/node/13321, https://www.nationalfuel.com/pipeline-storage/empire-pipeline/about-empire-pipeline/"
Gas pipelines,Researcher,J1304,1304,P2531,WA,CB
Gas pipelines,LastUpdated,K1304,1304,P2531,45183,46297
Gas pipelines,Fuel [ref],M1304,1304,P2531,,"https://web.archive.org/web/20250718225048/https://rbnenergy.com/node/13321, https://www.federalregister.gov/documents/2018/04/17/2018-07924/notice-of-intent-to-prepare-an-environmental-assessment-for-the-proposed-empire-pipeline-inc-empire"
Gas pipelines,ProposalYear,Z1304,1304,P2531,,2018
Gas pipelines,ProposalMonth,AA1304,1304,P2531,,2
Gas pipelines,Proposal [ref],AB1304,1304,P2531,,"https://www.federalregister.gov/documents/2018/04/17/2018-07924/notice-of-intent-to-prepare-an-environmental-assessment-for-the-proposed-empire-pipeline-inc-empire, https://www.nationalfuel.com/wp-content/uploads/2020/10/Empire_North_Project_Fact_Sheet-1.pdf"
Gas pipelines,Start [ref],AL1304,1304,P2531,,"https://web.archive.org/web/20250718225048/https://rbnenergy.com/node/13321, https://www.eia.gov/todayinenergy/detail.php?id=44856"
Gas pipelines,Capacity [ref],AZ1304,1304,P2531,,https://web.archive.org/web/20250718225048/https://rbnenergy.com/node/13321
Gas pipelines,Location [ref],CF1304,1304,P2531,,"https://web.archive.org/web/20250718225048/https://rbnenergy.com/node/13321, https://www.federalregister.gov/documents/2018/04/17/2018-07924/notice-of-intent-to-prepare-an-environmental-assessment-for-the-proposed-empire-pipeline-inc-empire"
Gas pipelines,SegmentCost [ref],CM1304,1304,P2531,,https://web.archive.org/web/20250718225048/https://rbnenergy.com/node/13321
Gas pipelines,Status,H1307,1307,P2538,construction,operating
Gas pipelines,Status [ref],I1307,1307,P2538,https://www.eia.gov/naturalgas/data.php#pipelines,"https://www.eia.gov/naturalgas/pipelines/EIA-NaturalGasPipelineProjectsAug2026.xlsx, https://pgjonline.com/news/2020/01-january/williams-completes-gateway-expansion-project-ahead-of-schedule, https://www.eia.gov/naturalgas/data.php#pipelines"
Gas pipelines,Researcher,J1307,1307,P2538,BL,CB
Gas pipelines,LastUpdated,K1307,1307,P2538,44848,46297
Gas pipelines,Fuel [ref],M1307,1307,P2538,https://www.eia.gov/naturalgas/data.php#pipelines,"https://www.eia.gov/naturalgas/data.php#pipelines, https://www.eia.gov/naturalgas/pipelines/EIA-NaturalGasPipelineProjectsAug2026.xlsx"
Gas pipelines,PipelineType [ref],O1307,1307,P2538,https://www.eia.gov/naturalgas/data.php#pipelines,"https://www.eia.gov/naturalgas/data.php#pipelines, https://www.eia.gov/naturalgas/pipelines/EIA-NaturalGasPipelineProjectsAug2026.xlsx"
Gas pipelines,ConstructionYear,AC1307,1307,P2538,,2019
Gas pipelines,Construction [ref],AE1307,1307,P2538,,https://www.eia.gov/naturalgas/pipelines/EIA-NaturalGasPipelineProjectsAug2026.xlsx
Gas pipelines,StartYear1,AF1307,1307,P2538,2022,2019
Gas pipelines,Start [ref],AL1307,1307,P2538,https://www.eia.gov/naturalgas/data.php#pipelines,"https://www.eia.gov/naturalgas/data.php#pipelines, https://www.eia.gov/naturalgas/pipelines/EIA-NaturalGasPipelineProjectsAug2026.xlsx"
Gas pipelines,Capacity [ref],AZ1307,1307,P2538,https://www.eia.gov/naturalgas/data.php#pipelines,"https://www.eia.gov/naturalgas/data.php#pipelines, https://www.eia.gov/naturalgas/pipelines/EIA-NaturalGasPipelineProjectsAug2026.xlsx"
Gas pipelines,Length [ref],BI1307,1307,P2538,https://www.eia.gov/naturalgas/data.php#pipelines,"https://www.eia.gov/naturalgas/data.php#pipelines, https://www.eia.gov/naturalgas/pipelines/EIA-NaturalGasPipelineProjectsAug2026.xlsx"
Gas pipelines,Status,H1310,1310,P2542,construction,operating
Gas pipelines,Status [ref],I1310,1310,P2542,,"https://gulfstreamgas.com/phase-vi/, https://www.eia.gov/naturalgas/pipelines/EIA-NaturalGasPipelineProjects_Oct2022.xlsx"
Gas pipelines,Researcher,J1310,1310,P2542,BL,CB
Gas pipelines,LastUpdated,K1310,1310,P2542,44845,46297
Gas pipelines,Fuel [ref],M1310,1310,P2542,,"https://www.eia.gov/naturalgas/pipelines/EIA-NaturalGasPipelineProjectsAug2026.xlsx, https://www.ferc.gov/sites/default/files/2020-04/CP19-475-EA.pdf"
Gas pipelines,ProposalYear,Z1310,1310,P2542,,2019
Gas pipelines,ProposalMonth,AA1310,1310,P2542,,6
Gas pipelines,Proposal [ref],AB1310,1310,P2542,,"https://www.ferc.gov/sites/default/files/2020-04/CP19-475-EA.pdf, https://www.federalregister.gov/documents/2019/06/21/2019-13234/gulfstream-natural-gas-system-llc-notice-of-application"
Gas pipelines,ConstructionYear,AC1310,1310,P2542,,2021
Gas pipelines,ConstructionMonth,AD1310,1310,P2542,,11
Gas pipelines,Construction [ref],AE1310,1310,P2542,,"https://www.ferc.gov/sites/default/files/2020-04/CP19-475-EA.pdf, https://www.ferc.gov/sites/default/files/2020-06/20200319141749-CP19-475-000.pdf"
Gas pipelines,StartMonth1,AG1310,1310,P2542,,7
Gas pipelines,Start [ref],AL1310,1310,P2542,,"https://gulfstreamgas.com/phase-vi/, https://www.eia.gov/naturalgas/pipelines/EIA-NaturalGasPipelineProjects_Oct2022.xlsx"
Gas pipelines,Capacity [ref],AZ1310,1310,P2542,,"https://www.ferc.gov/sites/default/files/2020-04/CP19-475-EA.pdf, https://www.eia.gov/naturalgas/pipelines/EIA-NaturalGasPipelineProjectsAug2026.xlsx"
Gas pipelines,Length [ref],BI1310,1310,P2542,,"https://gulfstreamgas.com/phase-vi/, https://www.eia.gov/naturalgas/pipelines/EIA-NaturalGasPipelineProjectsAug2026.xlsx, https://www.ferc.gov/sites/default/files/2020-04/CP19-475-EA.pdf"
Gas pipelines,Diameter [ref],BO1310,1310,P2542,,"https://gulfstreamgas.com/phase-vi/, https://www.eia.gov/naturalgas/pipelines/EIA-NaturalGasPipelineProjectsAug2026.xlsx"
Gas pipelines,StartLocation,BS1310,1310,P2542,,"Compressor Station 410, Coden"
Gas pipelines,StartPrefecture/District,BT1310,1310,P2542,,Mobile County
Gas pipelines,StartState/Province,BU1310,1310,P2542,,Alabama
Gas pipelines,EndLocation,BY1310,1310,P2542,,MP 3.9 tie-in
Gas pipelines,EndPrefecture/District,BZ1310,1310,P2542,,Mobile County
Gas pipelines,EndState/Province,CA1310,1310,P2542,,Alabama
Gas pipelines,Location [ref],CF1310,1310,P2542,,"https://www.ferc.gov/sites/default/files/2020-04/CP19-475-EA.pdf, https://www.eia.gov/naturalgas/pipelines/EIA-NaturalGasPipelineProjectsAug2026.xlsx"
Gas pipelines,Status [ref],I1313,1313,P2547,https://www.eia.gov/naturalgas/data.php#pipelines,"https://www.eia.gov/naturalgas/data.php#pipelines, https://www.eia.gov/naturalgas/pipelines/EIA-NaturalGasPipelineProjectsAug2026.xlsx"
Gas pipelines,Researcher,J1313,1313,P2547,IM,CB
Gas pipelines,LastUpdated,K1313,1313,P2547,45918,46297
Gas pipelines,Fuel [ref],M1313,1313,P2547,https://www.eia.gov/naturalgas/data.php#pipelines,"https://www.eia.gov/naturalgas/data.php#pipelines, https://www.eia.gov/naturalgas/pipelines/EIA-NaturalGasPipelineProjectsAug2026.xlsx"
Gas pipelines,ProposalYear,Z1313,1313,P2547,,2019
Gas pipelines,Proposal [ref],AB1313,1313,P2547,,https://www.eia.gov/naturalgas/pipelines/EIA-NaturalGasPipelineProjects_May2019.xlsx
Gas pipelines,Start [ref],AL1313,1313,P2547,,https://www.eia.gov/naturalgas/pipelines/EIA-NaturalGasPipelineProjectsAug2026.xlsx
Gas pipelines,Capacity [ref],AZ1313,1313,P2547,,https://www.eia.gov/naturalgas/pipelines/EIA-NaturalGasPipelineProjectsAug2026.xlsx
Gas pipelines,Length [ref],BI1313,1313,P2547,,https://www.eia.gov/naturalgas/pipelines/EIA-NaturalGasPipelineProjectsAug2026.xlsx
Gas pipelines,Diameter [ref],BO1313,1313,P2547,,https://www.eia.gov/naturalgas/pipelines/EIA-NaturalGasPipelineProjectsAug2026.xlsx
Gas pipelines,StartState/Province,BU1313,1313,P2547,,Texas
Gas pipelines,EndState/Province,CA1313,1313,P2547,,Louisiana
Gas pipelines,Location [ref],CF1313,1313,P2547,,https://www.eia.gov/naturalgas/pipelines/EIA-NaturalGasPipelineProjectsAug2026.xlsx
Gas pipelines,Status [ref],I1314,1314,P2551,,"https://www.eia.gov/naturalgas/pipelines/EIA-NaturalGasPipelineProjects.xlsx, https://www.nsenergybusiness.com/projects/leidy-south/"
Gas pipelines,Researcher,J1314,1314,P2551,HK,CB
Gas pipelines,LastUpdated,K1314,1314,P2551,45149,46297
Gas pipelines,Fuel [ref],M1314,1314,P2551,,"https://www.eia.gov/naturalgas/pipelines/EIA-NaturalGasPipelineProjects.xlsx, https://pgjonline.com/news/2020/07-july/williams-receives-approval-for-mid-atlantic-pipeline-expansion"
Gas pipelines,ProposalYear,Z1314,1314,P2551,,2019
Gas pipelines,ProposalMonth,AA1314,1314,P2551,,8
Gas pipelines,Proposal [ref],AB1314,1314,P2551,,https://www.nsenergybusiness.com/projects/leidy-south/
Gas pipelines,ConstructionYear,AC1314,1314,P2551,,2020
Gas pipelines,Construction [ref],AE1314,1314,P2551,,https://www.nsenergybusiness.com/projects/leidy-south/
Gas pipelines,Start [ref],AL1314,1314,P2551,,"https://www.eia.gov/naturalgas/pipelines/EIA-NaturalGasPipelineProjects.xlsx, https://www.nsenergybusiness.com/projects/leidy-south/, https://pgjonline.com/news/2020/07-july/williams-receives-approval-for-mid-atlantic-pipeline-expansion"
Gas pipelines,Capacity [ref],AZ1314,1314,P2551,,"https://www.eia.gov/naturalgas/pipelines/EIA-NaturalGasPipelineProjects.xlsx, https://pgjonline.com/news/2020/07-july/williams-receives-approval-for-mid-atlantic-pipeline-expansion"
Gas pipelines,Length [ref],BI1314,1314,P2551,,"https://www.eia.gov/naturalgas/pipelines/EIA-NaturalGasPipelineProjects.xlsx, https://pgjonline.com/news/2020/07-july/williams-receives-approval-for-mid-atlantic-pipeline-expansion"
Gas pipelines,Diameter [ref],BO1314,1314,P2551,,"https://www.eia.gov/naturalgas/pipelines/EIA-NaturalGasPipelineProjects.xlsx, https://www.nsenergybusiness.com/projects/leidy-south/"
Gas pipelines,FuelSource,BQ1314,1314,P2551,,"Marcellus, Utica"
Gas pipelines,FuelSource [ref],BR1314,1314,P2551,,"https://pgjonline.com/news/2020/07-july/williams-receives-approval-for-mid-atlantic-pipeline-expansion, https://www.nsenergybusiness.com/projects/leidy-south/"
Gas pipelines,SegmentCost [ref],CM1314,1314,P2551,,"https://www.eia.gov/naturalgas/pipelines/EIA-NaturalGasPipelineProjects.xlsx, https://www.nsenergybusiness.com/projects/leidy-south/"
Gas pipelines,Status,H1316,1316,P2553,proposed,operating
Gas pipelines,Status [ref],I1316,1316,P2553,,"https://www.eia.gov/naturalgas/pipelines/EIA-NaturalGasPipelineProjectsAug2026.xlsx, https://www.valleycenter.com/articles/lilac-road-work-nearing-completion/, https://www.valleycenter.com/articles/sdge-gas-line-project-nears-end/, https://www.sdge.com/major-projects/major-projects-pipeline-safety-enhancement-plan"
Gas pipelines,Researcher,J1316,1316,P2553,HK,CB
Gas pipelines,LastUpdated,K1316,1316,P2553,45149,46297
Gas pipelines,Fuel [ref],M1316,1316,P2553,,"https://www.sandiegouniontribune.com/business/energy-green/story/2020-02-06/line-1600-decision-by-the-cpuc, https://web.archive.org/web/20240418143346/https://www.sdgenews.com/article/sdge-start-upgrading-and-modernizing-natural-gas-pipeline-san-diego-safety-projects-will"
Gas pipelines,ProposalYear,Z1316,1316,P2553,,2019
Gas pipelines,ProposalMonth,AA1316,1316,P2553,,1
Gas pipelines,Proposal [ref],AB1316,1316,P2553,,"https://web.archive.org/web/20240418143346/https://www.sdgenews.com/article/sdge-start-upgrading-and-modernizing-natural-gas-pipeline-san-diego-safety-projects-will, https://www.sandiegouniontribune.com/business/energy-green/story/2020-02-06/line-1600-decision-by-the-cpuc"
Gas pipelines,ConstructionYear,AC1316,1316,P2553,,2020
Gas pipelines,ConstructionMonth,AD1316,1316,P2553,,2
Gas pipelines,Construction [ref],AE1316,1316,P2553,,"https://web.archive.org/web/20240418143346/https://www.sdgenews.com/article/sdge-start-upgrading-and-modernizing-natural-gas-pipeline-san-diego-safety-projects-will, https://www.sandiegouniontribune.com/business/energy-green/story/2020-02-06/line-1600-decision-by-the-cpuc"
Gas pipelines,Capacity [ref],AZ1316,1316,P2553,,https://www.eia.gov/naturalgas/pipelines/EIA-NaturalGasPipelineProjectsAug2026.xlsx
Gas pipelines,Diameter [ref],BO1316,1316,P2553,,https://www.eia.gov/naturalgas/pipelines/EIA-NaturalGasPipelineProjectsAug2026.xlsx
Gas pipelines,StartLocation,BS1316,1316,P2553,,Rainbow
Gas pipelines,StartPrefecture/District,BT1316,1316,P2553,,San Diego
Gas pipelines,EndLocation,BY1316,1316,P2553,,Mission Valley
Gas pipelines,Location [ref],CF1316,1316,P2553,,"https://web.archive.org/web/20240418143346/https://www.sdgenews.com/article/sdge-start-upgrading-and-modernizing-natural-gas-pipeline-san-diego-safety-projects-will, https://www.sandiegouniontribune.com/business/energy-green/story/2020-03-18/four-groups-join-fight-against-natural-gas-pipeline-project-along-i-15"
Gas pipelines,SegmentCost [ref],CM1316,1316,P2553,,"https://www.sandiegouniontribune.com/business/energy-green/story/2020-02-06/line-1600-decision-by-the-cpuc, https://www.eia.gov/naturalgas/pipelines/EIA-NaturalGasPipelineProjectsAug2026.xlsx"
Gas pipelines,Status,H1318,1318,P2556,construction,operating
Gas pipelines,Status [ref],I1318,1318,P2556,,"https://www.federalregister.gov/documents/full_text/text/2022/08/01/2022-16415.txt, https://www.eia.gov/naturalgas/pipelines/EIA-NaturalGasPipelineProjects_Oct2022.xlsx, https://www.naturalgasintel.com/news/tcs-louisiana-xpress-sees-slight-delay-for-one-compressor-to-expand-gulf-coast-lng-service/"
Gas pipelines,Researcher,J1318,1318,P2556,BL,CB
Gas pipelines,LastUpdated,K1318,1318,P2556,44840,46297
Gas pipelines,Fuel [ref],M1318,1318,P2556,,"https://www.ferc.gov/sites/default/files/2020-09/09-2020-C-6.pdf, https://www.eia.gov/naturalgas/pipelines/EIA-NaturalGasPipelineProjectsAug2026.xlsx"
Gas pipelines,ProposalYear,Z1318,1318,P2556,,2019
Gas pipelines,ProposalMonth,AA1318,1318,P2556,,7
Gas pipelines,Proposal [ref],AB1318,1318,P2556,,"https://www.ferc.gov/sites/default/files/2020-09/09-2020-C-6.pdf, https://www.eia.gov/naturalgas/pipelines/EIA-NaturalGasPipelineProjects_July2019.xlsx"
Gas pipelines,ConstructionYear,AC1318,1318,P2556,,2020
Gas pipelines,ConstructionMonth,AD1318,1318,P2556,,11
Gas pipelines,Construction [ref],AE1318,1318,P2556,,"https://www.tcenergy.com/siteassets/pdfs/natural-gas/louisiana-xpress-project/tc-louisiana-xpress-laxp-fact-sheet.pdf, https://www.eia.gov/naturalgas/pipelines/EIA-NaturalGasPipelineProjects_Jan2021.xlsx"
Gas pipelines,StartMonth1,AG1318,1318,P2556,,9
Gas pipelines,Start [ref],AL1318,1318,P2556,,"https://www.eia.gov/naturalgas/pipelines/EIA-NaturalGasPipelineProjects_Oct2022.xlsx, https://www.federalregister.gov/documents/full_text/text/2022/08/01/2022-16415.txt"
Gas pipelines,Capacity [ref],AZ1318,1318,P2556,,"https://www.ferc.gov/sites/default/files/2020-09/09-2020-C-6.pdf, https://www.eia.gov/naturalgas/pipelines/EIA-NaturalGasPipelineProjectsAug2026.xlsx"
Gas pipelines,Length [ref],BI1318,1318,P2556,,"https://www.ferc.gov/sites/default/files/2020-09/09-2020-C-6.pdf, https://www.tcenergy.com/siteassets/pdfs/natural-gas/louisiana-xpress-project/tc-louisiana-xpress-laxp-fact-sheet.pdf"
Gas pipelines,Location [ref],CF1318,1318,P2556,,"https://www.ferc.gov/sites/default/files/2020-09/09-2020-C-6.pdf, https://www.tcenergy.com/siteassets/pdfs/natural-gas/louisiana-xpress-project/tc-louisiana-xpress-laxp-fact-sheet.pdf"
Gas pipelines,SegmentCost [ref],CM1318,1318,P2556,,"https://www.ferc.gov/sites/default/files/2020-09/09-2020-C-6.pdf, https://www.eia.gov/naturalgas/pipelines/EIA-NaturalGasPipelineProjectsAug2026.xlsx"
Gas pipelines,Status [ref],I1319,1319,P2559,,"https://www.eia.gov/naturalgas/pipelines/EIA-NaturalGasPipelineProjectsAug2026.xlsx, https://www.federalregister.gov/documents/2026/02/23/2026-03548/magnolia-lng-llc-notice-of-request-for-extension-of-time"
Gas pipelines,Researcher,J1319,1319,P2559,BL,CB
Gas pipelines,LastUpdated,K1319,1319,P2559,45134,46297
Gas pipelines,Fuel [ref],M1319,1319,P2559,,"https://www.eia.gov/naturalgas/pipelines/EIA-NaturalGasPipelineProjectsAug2026.xlsx, https://www.federalregister.gov/documents/2014/08/18/2014-19464/kinder-morgan-louisiana-pipeline-llc-notice-of-intent-to-prepare-an-environmental-impact-statement"
Gas pipelines,ProposalYear,Z1319,1319,P2559,,2014
Gas pipelines,ProposalMonth,AA1319,1319,P2559,,6
Gas pipelines,Proposal [ref],AB1319,1319,P2559,,"https://www.energy.gov/sites/prod/files/2015/11/f27/EIS-0498_Magnolia_LNG_FEIS_(Nov_2015).pdf, https://www.federalregister.gov/documents/2014/08/18/2014-19464/kinder-morgan-louisiana-pipeline-llc-notice-of-intent-to-prepare-an-environmental-impact-statement"
Gas pipelines,Capacity [ref],AZ1319,1319,P2559,,"https://www.eia.gov/naturalgas/pipelines/EIA-NaturalGasPipelineProjectsAug2026.xlsx, https://www.energy.gov/sites/prod/files/2015/11/f27/EIS-0498_Magnolia_LNG_FEIS_(Nov_2015).pdf"
Gas pipelines,Location [ref],CF1319,1319,P2559,,"https://www.eia.gov/naturalgas/pipelines/EIA-NaturalGasPipelineProjectsAug2026.xlsx, https://www.energy.gov/sites/prod/files/2015/11/f27/EIS-0498_Magnolia_LNG_FEIS_(Nov_2015).pdf"
Gas pipelines,SegmentCost [ref],CM1319,1319,P2559,,https://www.eia.gov/naturalgas/pipelines/EIA-NaturalGasPipelineProjectsAug2026.xlsx
Gas pipelines,Status [ref],I1320,1320,P2560,,"https://www.sec.gov/Archives/edgar/data/1591763/000159176321000039/enbl2021-1qearningspressre.htm, https://www.eia.gov/naturalgas/pipelines/EIA-NaturalGasPipelineProjectsAug2026.xlsx"
Gas pipelines,Researcher,J1320,1320,P2560,BL,CB
Gas pipelines,LastUpdated,K1320,1320,P2560,44845,46297
Gas pipelines,Fuel [ref],M1320,1320,P2560,,"https://www.sec.gov/Archives/edgar/data/1591763/000159176321000039/enbl2021-1qearningspressre.htm, https://www.federalregister.gov/documents/2020/07/06/2020-14423/enable-gas-transmission-llc-notice-of-request-under-blanket-authorization"
Gas pipelines,ProposalYear,Z1320,1320,P2560,,2019
Gas pipelines,ProposalMonth,AA1320,1320,P2560,,10
Gas pipelines,Proposal [ref],AB1320,1320,P2560,,"https://www.sec.gov/Archives/edgar/data/1591763/000159176319000053/enbl2019-q3earnings.htm, https://www.federalregister.gov/documents/2020/07/06/2020-14423/enable-gas-transmission-llc-notice-of-request-under-blanket-authorization"
Gas pipelines,Capacity [ref],AZ1320,1320,P2560,,"https://www.sec.gov/Archives/edgar/data/1591763/000159176321000039/enbl2021-1qearningspressre.htm, https://www.eia.gov/naturalgas/pipelines/EIA-NaturalGasPipelineProjectsAug2026.xlsx"
Gas pipelines,SegmentCostYear,CL1320,1320,P2560,,2021
Gas pipelines,SegmentCost [ref],CM1320,1320,P2560,,https://www.eia.gov/naturalgas/pipelines/EIA-NaturalGasPipelineProjectsAug2026.xlsx
Gas pipelines,Status [ref],I1321,1321,P2561,https://www.eia.gov/naturalgas/data.php#pipelines,"https://www.eia.gov/naturalgas/data.php#pipelines, https://www.eia.gov/naturalgas/pipelines/EIA-NaturalGasPipelineProjectsAug2026.xlsx, https://bwpipelines.com/subsidiaries/gulf-south-pipeline-company/home"
Gas pipelines,Researcher,J1321,1321,P2561,IM,CB
Gas pipelines,LastUpdated,K1321,1321,P2561,45918,46297
Gas pipelines,Fuel [ref],M1321,1321,P2561,https://www.eia.gov/naturalgas/data.php#pipelines,"https://www.eia.gov/naturalgas/data.php#pipelines, https://www.eia.gov/naturalgas/pipelines/EIA-NaturalGasPipelineProjectsAug2026.xlsx, https://www.federalregister.gov/documents/2020/01/06/2019-28497/notice-of-request-under-blanket-authorization-gulf-south-pipeline-company-lp"
Gas pipelines,PipelineType [ref],O1321,1321,P2561,https://www.eia.gov/naturalgas/data.php#pipelines,"https://www.eia.gov/naturalgas/data.php#pipelines, https://www.federalregister.gov/documents/2020/01/06/2019-28497/notice-of-request-under-blanket-authorization-gulf-south-pipeline-company-lp, https://www.eia.gov/naturalgas/pipelines/EIA-NaturalGasPipelineProjectsAug2026.xlsx"
Gas pipelines,ProposalYear,Z1321,1321,P2561,,2019
Gas pipelines,ProposalMonth,AA1321,1321,P2561,,12
Gas pipelines,Proposal [ref],AB1321,1321,P2561,,"https://www.federalregister.gov/documents/2020/01/06/2019-28497/notice-of-request-under-blanket-authorization-gulf-south-pipeline-company-lp, https://www.eia.gov/naturalgas/pipelines/EIA-NaturalGasPipelineProjects_Jan2020.xlsx"
Gas pipelines,ConstructionYear,AC1321,1321,P2561,,2020
Gas pipelines,Construction [ref],AE1321,1321,P2561,,https://www.eia.gov/naturalgas/pipelines/EIA-NaturalGasPipelineProjects_Jan2021.xlsx
Gas pipelines,StartMonth1,AG1321,1321,P2561,,3
Gas pipelines,Start [ref],AL1321,1321,P2561,,"https://www.eia.gov/naturalgas/pipelines/EIA-NaturalGasPipelineProjects_Jul2021.xlsx, https://www.eia.gov/naturalgas/pipelines/EIA-NaturalGasPipelineProjectsAug2026.xlsx"
Gas pipelines,Delay [ref],AO1321,1321,P2561,,"https://www.eia.gov/naturalgas/pipelines/EIA-NaturalGasPipelineProjects_Jan2020.xlsx, https://www.eia.gov/naturalgas/pipelines/EIA-NaturalGasPipelineProjects_Jul2021.xlsx"
Gas pipelines,Capacity [ref],AZ1321,1321,P2561,,"https://www.ferc.gov/sites/default/files/2020-05/dec-energy-infrastructure.pdf, https://www.eia.gov/naturalgas/pipelines/EIA-NaturalGasPipelineProjectsAug2026.xlsx, https://www.federalregister.gov/documents/2020/01/06/2019-28497/notice-of-request-under-blanket-authorization-gulf-south-pipeline-company-lp"
Gas pipelines,Length [ref],BI1321,1321,P2561,,"https://www.federalregister.gov/documents/2020/01/06/2019-28497/notice-of-request-under-blanket-authorization-gulf-south-pipeline-company-lp, https://www.eia.gov/naturalgas/pipelines/EIA-NaturalGasPipelineProjectsAug2026.xlsx"
Gas pipelines,Location [ref],CF1321,1321,P2561,,"https://www.federalregister.gov/documents/2020/01/06/2019-28497/notice-of-request-under-blanket-authorization-gulf-south-pipeline-company-lp, https://www.eia.gov/naturalgas/pipelines/EIA-NaturalGasPipelineProjectsAug2026.xlsx"
Gas pipelines,Status [ref],I1322,1322,P2562,,"https://www.federalregister.gov/documents/2021/08/16/2021-17489/combined-notice-of-filings, https://www.eia.gov/naturalgas/pipelines/EIA-NaturalGasPipelineProjectsAug2026.xlsx"
Gas pipelines,Researcher,J1322,1322,P2562,BL,CB
Gas pipelines,LastUpdated,K1322,1322,P2562,45441,46297
Gas pipelines,Fuel [ref],M1322,1322,P2562,,"https://www.ferc.gov/sites/default/files/2020-10/10-2020-C-1_0.pdf, https://www.eia.gov/naturalgas/pipelines/EIA-NaturalGasPipelineProjectsAug2026.xlsx"
Gas pipelines,PipelineType [ref],O1322,1322,P2562,,"https://www.ferc.gov/sites/default/files/2020-10/10-2020-C-1_0.pdf, https://www.eia.gov/naturalgas/pipelines/EIA-NaturalGasPipelineProjectsAug2026.xlsx"
Gas pipelines,ProposalYear,Z1322,1322,P2562,,2019
Gas pipelines,ProposalMonth,AA1322,1322,P2562,,12
Gas pipelines,Proposal [ref],AB1322,1322,P2562,,"https://www.federalregister.gov/documents/2020/01/10/2020-00220/texas-eastern-transmission-lp-notice-of-application, https://www.ferc.gov/sites/default/files/2020-10/10-2020-C-1_0.pdf"
Gas pipelines,ConstructionYear,AC1322,1322,P2562,,2021
Gas pipelines,Construction [ref],AE1322,1322,P2562,,"https://www.ferc.gov/sites/default/files/2020-06/CP20-30-EA.pdf, https://www.eia.gov/naturalgas/pipelines/EIA-NaturalGasPipelineProjects_Jul2021.xlsx"
Gas pipelines,Capacity [ref],AZ1322,1322,P2562,,"https://www.ferc.gov/sites/default/files/2020-10/10-2020-C-1_0.pdf, https://www.eia.gov/naturalgas/pipelines/EIA-NaturalGasPipelineProjectsAug2026.xlsx"
Gas pipelines,Length [ref],BI1322,1322,P2562,,"https://www.ferc.gov/sites/default/files/2020-10/10-2020-C-1_0.pdf, https://www.eia.gov/naturalgas/pipelines/EIA-NaturalGasPipelineProjectsAug2026.xlsx"
Gas pipelines,Diameter [ref],BO1322,1322,P2562,,"https://www.ferc.gov/sites/default/files/2020-10/10-2020-C-1_0.pdf, https://www.eia.gov/naturalgas/pipelines/EIA-NaturalGasPipelineProjectsAug2026.xlsx"
Gas pipelines,StartPrefecture/District,BT1322,1322,P2562,,Middlesex County
Gas pipelines,EndPrefecture/District,BZ1322,1322,P2562,,Middlesex County
Gas pipelines,Location [ref],CF1322,1322,P2562,,"https://www.ferc.gov/sites/default/files/2020-10/10-2020-C-1_0.pdf, https://www.eia.gov/naturalgas/pipelines/EIA-NaturalGasPipelineProjectsAug2026.xlsx"
Gas pipelines,SegmentCost [ref],CM1322,1322,P2562,,"https://www.eia.gov/naturalgas/pipelines/EIA-NaturalGasPipelineProjectsAug2026.xlsx, https://www.ferc.gov/sites/default/files/2020-10/10-2020-C-1_0.pdf"
Gas pipelines,Status [ref],I1327,1327,P2568,,"https://www.naturalgasintel.com/ferc-oks-startup-of-u-s-mexico-norte-crossing-pipeline/, https://www.eia.gov/naturalgas/weekly/archivenew_ngwu/2013/06_20/"
Gas pipelines,Researcher,J1327,1327,P2568,GC,CB
Gas pipelines,LastUpdated,K1327,1327,P2568,45161,46297
Gas pipelines,Fuel [ref],M1327,1327,P2568,,"https://www.naturalgasintel.com/ferc-oks-startup-of-u-s-mexico-norte-crossing-pipeline/, https://www.govinfo.gov/content/pkg/FR-2012-05-18/pdf/2012-12074.pdf"
Gas pipelines,ProposalYear,Z1327,1327,P2568,,2012
Gas pipelines,ProposalMonth,AA1327,1327,P2568,,3
Gas pipelines,Proposal [ref],AB1327,1327,P2568,,"https://rextag.com/blogs/documents/104, https://www.govinfo.gov/content/pkg/FR-2012-05-18/pdf/2012-12074.pdf"
Gas pipelines,StartMonth1,AG1327,1327,P2568,,6
Gas pipelines,Start [ref],AL1327,1327,P2568,,"https://www.naturalgasintel.com/ferc-oks-startup-of-u-s-mexico-norte-crossing-pipeline/, https://www.eia.gov/naturalgas/weekly/archivenew_ngwu/2013/06_20/"
Gas pipelines,Capacity [ref],AZ1327,1327,P2568,,"https://www.govinfo.gov/content/pkg/FR-2012-05-18/pdf/2012-12074.pdf, https://www.naturalgasintel.com/ferc-oks-startup-of-u-s-mexico-norte-crossing-pipeline/, https://www.eia.gov/naturalgas/weekly/archivenew_ngwu/2013/06_20/"
Gas pipelines,Length [ref],BI1327,1327,P2568,,"https://www.govinfo.gov/content/pkg/FR-2012-05-18/pdf/2012-12074.pdf, https://www.naturalgasintel.com/ferc-oks-startup-of-u-s-mexico-norte-crossing-pipeline/"
Gas pipelines,Diameter [ref],BO1327,1327,P2568,,"https://www.govinfo.gov/content/pkg/FR-2012-05-18/pdf/2012-12074.pdf, https://www.naturalgasintel.com/ferc-oks-startup-of-u-s-mexico-norte-crossing-pipeline/"
Gas pipelines,StartLocation,BS1327,1327,P2568,,"El Paso County, Texas"
Gas pipelines,StartState/Province,BU1327,1327,P2568,,Texas
Gas pipelines,EndState/Province,CA1327,1327,P2568,,Chihuahua
Gas pipelines,Location [ref],CF1327,1327,P2568,,"https://www.govinfo.gov/content/pkg/FR-2012-05-18/pdf/2012-12074.pdf, https://www.eia.gov/naturalgas/weekly/archivenew_ngwu/2013/06_20/"
Gas pipelines,Status [ref],I1328,1328,P2569,,"https://pgjonline.com/news/2023/may/ferc-approves-tc-energys-us-mexico-north-baja-natural-gas-pipeline-expansion, https://www.eia.gov/naturalgas/pipelines/EIA-NaturalGasPipelineProjects.xlsx"
Gas pipelines,Researcher,J1328,1328,P2569,BL,CB
Gas pipelines,LastUpdated,K1328,1328,P2569,45134,46297
Gas pipelines,Fuel [ref],M1328,1328,P2569,,"https://cms.ferc.gov/sites/default/files/2020-09/cp20-27-000_EA_final_0.pdf, https://www.tcenergy.com/operations/natural-gas/north-baja-pipeline-system/"
Gas pipelines,ProposalMonth,AA1328,1328,P2569,,12
Gas pipelines,Proposal [ref],AB1328,1328,P2569,,https://www.federalregister.gov/documents/2020/01/07/2020-00017/north-baja-pipeline-llc-notice-of-application
Gas pipelines,Construction [ref],AE1328,1328,P2569,,https://pgjonline.com/news/2023/may/ferc-approves-tc-energys-us-mexico-north-baja-natural-gas-pipeline-expansion
Gas pipelines,Start [ref],AL1328,1328,P2569,,"https://pgjonline.com/news/2023/may/ferc-approves-tc-energys-us-mexico-north-baja-natural-gas-pipeline-expansion, https://www.eia.gov/naturalgas/pipelines/EIA-NaturalGasPipelineProjects.xlsx"
Gas pipelines,Delay [ref],AO1328,1328,P2569,,"https://cms.ferc.gov/sites/default/files/2020-09/cp20-27-000_EA_final_0.pdf, https://pgjonline.com/news/2023/may/ferc-approves-tc-energys-us-mexico-north-baja-natural-gas-pipeline-expansion"
Gas pipelines,Length [ref],BI1328,1328,P2569,,"https://cms.ferc.gov/sites/default/files/2020-09/cp20-27-000_EA_final_0.pdf, https://www.eia.gov/naturalgas/pipelines/EIA-NaturalGasPipelineProjects.xlsx"
Gas pipelines,Location [ref],CF1328,1328,P2569,,"https://www.federalregister.gov/documents/2020/01/07/2020-00017/north-baja-pipeline-llc-notice-of-application, https://www.tcenergy.com/operations/natural-gas/north-baja-pipeline-system/"
Gas pipelines,SegmentCost [ref],CM1328,1328,P2569,,"https://www.federalregister.gov/documents/2020/01/07/2020-00017/north-baja-pipeline-llc-notice-of-application, https://www.eia.gov/naturalgas/pipelines/EIA-NaturalGasPipelineProjects.xlsx"
Gas pipelines,Status [ref],I1329,1329,P2573,,https://www.sec.gov/Archives/edgar/data/1733998/000173399819000028/a991pressreleaseq22019.htm
Gas pipelines,Researcher,J1329,1329,P2573,HK,CB
Gas pipelines,LastUpdated,K1329,1329,P2573,45174,46297
Gas pipelines,Fuel [ref],M1329,1329,P2573,,"https://www.sec.gov/Archives/edgar/data/73020/000119312516728538/d195973dex991.htm, https://www.argusmedia.com/en/news-and-insights/latest-market-news/1412857-nw-natural-to-expand-oregon-gas-storage"
Gas pipelines,ProposalYear,Z1329,1329,P2573,,2015
Gas pipelines,ProposalMonth,AA1329,1329,P2573,,2
Gas pipelines,Proposal [ref],AB1329,1329,P2573,,https://www.sec.gov/Archives/edgar/data/73020/000007302015000004/a991.htm
Gas pipelines,ConstructionYear,AC1329,1329,P2573,,2016
Gas pipelines,ConstructionMonth,AD1329,1329,P2573,,10
Gas pipelines,Construction [ref],AE1329,1329,P2573,,"https://www.sec.gov/Archives/edgar/data/73020/000119312516728538/d195973dex991.htm, https://www.argusmedia.com/en/news-and-insights/latest-market-news/1412857-nw-natural-to-expand-oregon-gas-storage"
Gas pipelines,StartMonth1,AG1329,1329,P2573,,5
Gas pipelines,Start [ref],AL1329,1329,P2573,,"https://www.sec.gov/Archives/edgar/data/1733998/000173399819000028/a991pressreleaseq22019.htm, https://www.argusmedia.com/en/news-and-insights/latest-market-news/1412857-nw-natural-to-expand-oregon-gas-storage"
Gas pipelines,Capacity [ref],AZ1329,1329,P2573,,"https://www.sec.gov/Archives/edgar/data/73020/000119312516728538/d195973dex991.htm, https://www.argusmedia.com/en/news-and-insights/latest-market-news/1412857-nw-natural-to-expand-oregon-gas-storage"
Gas pipelines,Length [ref],BI1329,1329,P2573,,"https://www.sec.gov/Archives/edgar/data/73020/000119312516728538/d195973dex991.htm, https://www.argusmedia.com/en/news-and-insights/latest-market-news/1412857-nw-natural-to-expand-oregon-gas-storage"
Gas pipelines,Location [ref],CF1329,1329,P2573,,"https://www.sec.gov/Archives/edgar/data/73020/000119312516728538/d195973dex991.htm, https://www.argusmedia.com/en/news-and-insights/latest-market-news/1412857-nw-natural-to-expand-oregon-gas-storage"
Gas pipelines,Status [ref],I1332,1332,P2577,,https://www.eia.gov/todayinenergy/detail.php?id=44856
Gas pipelines,Researcher,J1332,1332,P2577,HK,CB
Gas pipelines,LastUpdated,K1332,1332,P2577,45154,46297
Gas pipelines,Fuel [ref],M1332,1332,P2577,,"https://www.eia.gov/todayinenergy/detail.php?id=44856, https://pipeline2.kindermorgan.com/Documents/EPNG/CP19-28_Northern_Delware_Basin_Exp_Project_Report_No.1-20190306094113.pdf"
Gas pipelines,StartMonth1,AG1332,1332,P2577,,2
Gas pipelines,Start [ref],AL1332,1332,P2577,,https://www.eia.gov/todayinenergy/detail.php?id=44856
Gas pipelines,Capacity [ref],AZ1332,1332,P2577,,https://www.eia.gov/todayinenergy/detail.php?id=44856
Gas pipelines,Length [ref],BI1332,1332,P2577,,"https://www.eia.gov/todayinenergy/detail.php?id=44856, https://pipeline2.kindermorgan.com/Documents/EPNG/CP19-28_Northern_Delware_Basin_Exp_Project_Report_No.1-20190306094113.pdf"
Gas pipelines,Diameter [ref],BO1332,1332,P2577,,"https://pipeline2.kindermorgan.com/Documents/EPNG/CP19-28_Northern_Delware_Basin_Exp_Project_Report_No.1-20190306094113.pdf, https://www.eia.gov/naturalgas/pipelines/EIA-NaturalGasPipelineProjects_Jan2020.xlsx"
Gas pipelines,Location [ref],CF1332,1332,P2577,,"https://www.eia.gov/naturalgas/pipelines/EIA-NaturalGasPipelineProjects_Jan2020.xlsx, https://pipeline2.kindermorgan.com/Documents/EPNG/CP19-28_Northern_Delware_Basin_Exp_Project_Report_No.1-20190306094113.pdf"
Gas pipelines,SegmentCost [ref],CM1332,1332,P2577,,https://www.eia.gov/naturalgas/pipelines/EIA-NaturalGasPipelineProjects_Jan2020.xlsx
Gas pipelines,Status [ref],I1336,1336,P2588,,"https://www.sec.gov/Archives/edgar/data/1075607/000162828021002955/ex99newsrelease.htm, https://www.federalregister.gov/documents/2026/07/29/2026-15292/portland-natural-gas-transmission-system-notice-of-request-under-blanket-authorization-and"
Gas pipelines,Researcher,J1336,1336,P2588,HK,CB
Gas pipelines,LastUpdated,K1336,1336,P2588,45141,46297
Gas pipelines,Fuel [ref],M1336,1336,P2588,,"https://www.federalregister.gov/documents/2018/07/09/2018-14558/portland-natural-gas-transmission-system-notice-of-applications, https://www.eia.gov/naturalgas/pipelines/EIA-NaturalGasPipelineProjectsAug2026.xlsx"
Gas pipelines,PipelineType [ref],O1336,1336,P2588,,"https://www.federalregister.gov/documents/2018/07/09/2018-14558/portland-natural-gas-transmission-system-notice-of-applications, https://www.eia.gov/naturalgas/pipelines/EIA-NaturalGasPipelineProjectsAug2026.xlsx"
Gas pipelines,ProposalYear,Z1336,1336,P2588,,2018
Gas pipelines,ProposalMonth,AA1336,1336,P2588,,6
Gas pipelines,Proposal [ref],AB1336,1336,P2588,,https://www.federalregister.gov/documents/2018/07/09/2018-14558/portland-natural-gas-transmission-system-notice-of-applications
Gas pipelines,StartMonth1,AG1336,1336,P2588,,11
Gas pipelines,Start [ref],AL1336,1336,P2588,,"https://www.sec.gov/Archives/edgar/data/1075607/000162828021002955/ex99newsrelease.htm, https://www.eia.gov/naturalgas/pipelines/EIA-NaturalGasPipelineProjectsAug2026.xlsx"
Gas pipelines,Capacity [ref],AZ1336,1336,P2588,,"https://www.federalregister.gov/documents/2018/07/09/2018-14558/portland-natural-gas-transmission-system-notice-of-applications, https://www.eia.gov/naturalgas/pipelines/EIA-NaturalGasPipelineProjectsAug2026.xlsx"
Gas pipelines,Length [ref],BI1336,1336,P2588,,"https://www.federalregister.gov/documents/2018/07/09/2018-14558/portland-natural-gas-transmission-system-notice-of-applications, https://www.federalregister.gov/documents/2018/12/10/2018-26660/portland-natural-gas-transmission-system-notice-of-availability-of-the-environmental-assessment-for"
Gas pipelines,Status [ref],I1337,1337,P2594,,"https://www.eia.gov/naturalgas/pipelines/EIA-NaturalGasPipelineProjects.xlsx, https://www.kindermorgan.com/Operations/Natural-Gas/Index"
Gas pipelines,Researcher,J1337,1337,P2594,BL,CB
Gas pipelines,LastUpdated,K1337,1337,P2594,44845,46297
Gas pipelines,Fuel [ref],M1337,1337,P2594,,"https://www.eia.gov/naturalgas/pipelines/EIA-NaturalGasPipelineProjects.xlsx, https://www.govinfo.gov/content/pkg/FR-2019-06-18/pdf/2019-12813.pdf"
Gas pipelines,ProposalYear,Z1337,1337,P2594,,2019
Gas pipelines,ProposalMonth,AA1337,1337,P2594,,5
Gas pipelines,Proposal [ref],AB1337,1337,P2594,,https://www.govinfo.gov/content/pkg/FR-2019-06-18/pdf/2019-12813.pdf
Gas pipelines,StartMonth1,AG1337,1337,P2594,,2
Gas pipelines,Start [ref],AL1337,1337,P2594,,"https://www.eia.gov/naturalgas/pipelines/EIA-NaturalGasPipelineProjects.xlsx, https://www.eia.gov/todayinenergy/detail.php?id=52478, https://www.eia.gov/naturalgas/weekly/archivenew_ngwu/2022/05_19/"
Gas pipelines,Capacity [ref],AZ1337,1337,P2594,,"https://www.eia.gov/naturalgas/pipelines/EIA-NaturalGasPipelineProjects.xlsx, https://www.govinfo.gov/content/pkg/FR-2019-06-18/pdf/2019-12813.pdf"
Gas pipelines,Diameter [ref],BO1337,1337,P2594,,"https://www.govinfo.gov/content/pkg/FR-2019-08-20/pdf/2019-17896.pdf, https://www.eia.gov/naturalgas/pipelines/EIA-NaturalGasPipelineProjects.xlsx"
Gas pipelines,StartLocation,BS1337,1337,P2594,,Columbia County mainline interconnect
Gas pipelines,StartPrefecture/District,BT1337,1337,P2594,,Columbia County
Gas pipelines,EndLocation,BY1337,1337,P2594,,"Seminole Generating Station, Palatka"
Gas pipelines,Location [ref],CF1337,1337,P2594,,"https://www.govinfo.gov/content/pkg/FR-2019-08-20/pdf/2019-17896.pdf, https://www.eia.gov/naturalgas/pipelines/EIA-NaturalGasPipelineProjects.xlsx"
Gas pipelines,SegmentCostYear,CL1337,1337,P2594,,2019
Gas pipelines,SegmentCost [ref],CM1337,1337,P2594,,"https://www.eia.gov/naturalgas/pipelines/EIA-NaturalGasPipelineProjects.xlsx, https://www.govinfo.gov/content/pkg/FR-2019-06-18/pdf/2019-12813.pdf"
Gas pipelines,Status [ref],I1343,1343,P2604,,"https://enerknol.com/rover-pipeline-gets-ferc-approval-to-increase-natural-gas-transportation-capacity/, https://marcellusdrilling.com/2026/04/rover-pipeline-capacity-cut-due-to-compressor-station-maintenance/"
Gas pipelines,Researcher,J1343,1343,P2604,HK,CB
Gas pipelines,LastUpdated,K1343,1343,P2604,45143,46297
Gas pipelines,Fuel [ref],M1343,1343,P2604,,"https://enerknol.com/rover-pipeline-gets-ferc-approval-to-increase-natural-gas-transportation-capacity/, https://marcellusdrilling.com/2020/01/rover-pipe-wants-to-flow-extra-175-mmcf-d-no-extra-cost-equipment/"
Gas pipelines,ProposalYear,Z1343,1343,P2604,,2020
Gas pipelines,Proposal [ref],AB1343,1343,P2604,,"https://marcellusdrilling.com/2020/01/rover-pipe-wants-to-flow-extra-175-mmcf-d-no-extra-cost-equipment/, https://enerknol.com/rover-pipeline-gets-ferc-approval-to-increase-natural-gas-transportation-capacity/"
Gas pipelines,Start [ref],AL1343,1343,P2604,,"https://enerknol.com/rover-pipeline-gets-ferc-approval-to-increase-natural-gas-transportation-capacity/, https://marcellusdrilling.com/2020/01/rover-pipe-wants-to-flow-extra-175-mmcf-d-no-extra-cost-equipment/"
Gas pipelines,Capacity [ref],AZ1343,1343,P2604,,"https://enerknol.com/rover-pipeline-gets-ferc-approval-to-increase-natural-gas-transportation-capacity/, https://marcellusdrilling.com/2020/01/rover-pipe-wants-to-flow-extra-175-mmcf-d-no-extra-cost-equipment/"
Gas pipelines,Length [ref],BI1343,1343,P2604,,"https://enerknol.com/rover-pipeline-gets-ferc-approval-to-increase-natural-gas-transportation-capacity/, https://marcellusdrilling.com/2020/01/rover-pipe-wants-to-flow-extra-175-mmcf-d-no-extra-cost-equipment/"
Gas pipelines,SegmentCost,CJ1343,1343,P2604,,0
Gas pipelines,SegmentCostUnits,CK1343,1343,P2604,,USD
Gas pipelines,SegmentCostYear,CL1343,1343,P2604,,2020
Gas pipelines,SegmentCost [ref],CM1343,1343,P2604,,"https://marcellusdrilling.com/2020/01/rover-pipe-wants-to-flow-extra-175-mmcf-d-no-extra-cost-equipment/, https://enerknol.com/rover-pipeline-gets-ferc-approval-to-increase-natural-gas-transportation-capacity/"
Gas pipelines,Status [ref],I1344,1344,P2605,https://www.eia.gov/naturalgas/data.php#pipelines,"https://www.eia.gov/naturalgas/data.php#pipelines, https://www.govinfo.gov/content/pkg/FR-2025-04-08/pdf/2025-06019.pdf, https://wwals.net/2026/08/25/denial-of-survey-consent-etc-kira-pollock-to-ferc-about-sabal-trail-expansion-project-2026-08-24/"
Gas pipelines,Researcher,J1344,1344,P2605,IM,CB
Gas pipelines,LastUpdated,K1344,1344,P2605,45922,46297
Gas pipelines,Fuel [ref],M1344,1344,P2605,https://www.eia.gov/naturalgas/data.php#pipelines,"https://www.eia.gov/naturalgas/data.php#pipelines, https://www.enbridge.com/~/media/Enb/Documents/Factsheets/FS_EnergyInfrastructureAssets.pdf?la=en, https://sabaltrailtransmission.com/about/"
Gas pipelines,PipelineType [ref],O1344,1344,P2605,https://www.eia.gov/naturalgas/data.php#pipelines,"https://www.eia.gov/naturalgas/data.php#pipelines, https://www.enbridge.com/~/media/Enb/Documents/Factsheets/FS_EnergyInfrastructureAssets.pdf?la=en, https://sabaltrailtransmission.com/about/"
Gas pipelines,ProposalYear,Z1344,1344,P2605,,2014
Gas pipelines,ProposalMonth,AA1344,1344,P2605,,11
Gas pipelines,Proposal [ref],AB1344,1344,P2605,,"https://www.govinfo.gov/content/pkg/FR-2014-12-11/html/2014-29049.htm, https://wwals.net/2014/12/19/wwals-moves-intervene-ferc-sabal-trail-pipeline/"
Gas pipelines,Start [ref],AL1344,1344,P2605,https://www.eia.gov/naturalgas/data.php#pipelines,"https://www.eia.gov/naturalgas/data.php#pipelines, https://www.govinfo.gov/content/pkg/FR-2025-04-08/pdf/2025-06019.pdf, https://wwals.net/2026/08/25/denial-of-survey-consent-etc-kira-pollock-to-ferc-about-sabal-trail-expansion-project-2026-08-24/"
Gas pipelines,Delay [ref],AO1344,1344,P2605,https://www.eia.gov/naturalgas/data.php#pipelines,"https://www.eia.gov/naturalgas/data.php#pipelines, https://www.govinfo.gov/content/pkg/FR-2021-04-20/html/2021-08073.htm, https://www.govinfo.gov/content/pkg/FR-2025-04-08/pdf/2025-06019.pdf, https://wwals.net/2026/08/25/denial-of-survey-consent-etc-kira-pollock-to-ferc-about-sabal-trail-expansion-project-2026-08-24/"
Gas pipelines,Length [ref],BI1344,1344,P2605,https://www.eia.gov/naturalgas/data.php#pipelines,"https://www.eia.gov/naturalgas/data.php#pipelines, https://www.govinfo.gov/content/pkg/FR-2025-04-08/pdf/2025-06019.pdf, https://www.govinfo.gov/content/pkg/FR-2021-04-20/html/2021-08073.htm"
Gas pipelines,Location [ref],CF1344,1344,P2605,https://www.eia.gov/naturalgas/data.php#pipelines,"https://www.eia.gov/naturalgas/data.php#pipelines, https://www.govinfo.gov/content/pkg/FR-2014-12-11/html/2014-29049.htm, https://www.naturalgasintel.com/news/ferc-oks-sabal-trail-related-florida-focused-pipeline-projects/"
Gas pipelines,Status [ref],I1351,1351,P2617,,"https://www.sec.gov/Archives/edgar/data/1506307/000150630720000058/kmi2020q28-kex991.htm, https://www.eia.gov/naturalgas/pipelines/EIA-NaturalGasPipelineProjectsAug2026.xlsx"
Gas pipelines,Researcher,J1351,1351,P2617,HK,CB
Gas pipelines,LastUpdated,K1351,1351,P2617,45154,46297
Gas pipelines,Fuel [ref],M1351,1351,P2617,,"https://www.govinfo.gov/content/pkg/FR-2018-08-15/pdf/2018-17542.pdf, https://www.sec.gov/Archives/edgar/data/1506307/000150630718000037/kmiq220188-kexh991.htm"
Gas pipelines,PipelineType [ref],O1351,1351,P2617,,"https://www.govinfo.gov/content/pkg/FR-2018-08-15/pdf/2018-17542.pdf, https://www.eia.gov/naturalgas/pipelines/EIA-NaturalGasPipelineProjectsAug2026.xlsx"
Gas pipelines,ProposalYear,Z1351,1351,P2617,,2018
Gas pipelines,ProposalMonth,AA1351,1351,P2617,,4
Gas pipelines,Proposal [ref],AB1351,1351,P2617,,"https://www.govinfo.gov/content/pkg/FR-2018-08-15/pdf/2018-17542.pdf, https://www.sec.gov/Archives/edgar/data/1506307/000150630718000037/kmiq220188-kexh991.htm"
Gas pipelines,ConstructionYear,AC1351,1351,P2617,,2019
Gas pipelines,ConstructionMonth,AD1351,1351,P2617,,12
Gas pipelines,Construction [ref],AE1351,1351,P2617,,"https://www.sec.gov/Archives/edgar/data/1506307/000150630720000002/kmi2019q48-kex991.htm, https://www.govinfo.gov/content/pkg/FR-2019-11-19/pdf/2019-25127.pdf"
Gas pipelines,StartMonth1,AG1351,1351,P2617,,7
Gas pipelines,Start [ref],AL1351,1351,P2617,,"https://www.sec.gov/Archives/edgar/data/1506307/000150630720000058/kmi2020q28-kex991.htm, https://www.eia.gov/todayinenergy/detail.php?id=44856"
Gas pipelines,Length [ref],BI1351,1351,P2617,,"https://www.govinfo.gov/content/pkg/FR-2018-11-20/pdf/2018-25285.pdf, https://www.eia.gov/naturalgas/pipelines/EIA-NaturalGasPipelineProjectsAug2026.xlsx"
Gas pipelines,Diameter [ref],BO1351,1351,P2617,,"https://www.govinfo.gov/content/pkg/FR-2018-11-20/pdf/2018-25285.pdf, https://www.eia.gov/naturalgas/pipelines/EIA-NaturalGasPipelineProjectsAug2026.xlsx"
Gas pipelines,FuelSource,BQ1351,1351,P2617,,"Waha Hub, Permian Basin"
Gas pipelines,FuelSource [ref],BR1351,1351,P2617,,https://www.eia.gov/todayinenergy/detail.php?id=44856
Gas pipelines,StartLocation,BS1351,1351,P2617,,El Paso County
Gas pipelines,StartState/Province,BU1351,1351,P2617,,Texas
Gas pipelines,EndLocation,BY1351,1351,P2617,,Hudspeth County
Gas pipelines,EndState/Province,CA1351,1351,P2617,,Texas
Gas pipelines,Location [ref],CF1351,1351,P2617,,https://www.govinfo.gov/content/pkg/FR-2018-11-20/pdf/2018-25285.pdf
Gas pipelines,Status [ref],I1352,1352,P2622,,https://www.cnn.com/2020/07/05/us/duke-dominion-energy-cancel-atlantic-coast-pipeline/index.html
Gas pipelines,Researcher,J1352,1352,P2622,BL,CB
Gas pipelines,LastUpdated,K1352,1352,P2622,44840,46297
Gas pipelines,Fuel [ref],M1352,1352,P2622,,https://www.eia.gov/naturalgas/pipelines/EIA-NaturalGasPipelineProjectsAug2026.xlsx
Gas pipelines,Capacity [ref],AZ1352,1352,P2622,,https://www.eia.gov/naturalgas/pipelines/EIA-NaturalGasPipelineProjectsAug2026.xlsx
Gas pipelines,Length [ref],BI1352,1352,P2622,,https://www.eia.gov/naturalgas/pipelines/EIA-NaturalGasPipelineProjectsAug2026.xlsx
Gas pipelines,Diameter [ref],BO1352,1352,P2622,,https://www.eia.gov/naturalgas/pipelines/EIA-NaturalGasPipelineProjectsAug2026.xlsx
Gas pipelines,StartState/Province,BU1352,1352,P2622,,PA
Gas pipelines,EndState/Province,CA1352,1352,P2622,,WV
Gas pipelines,Location [ref],CF1352,1352,P2622,,https://www.eia.gov/naturalgas/pipelines/EIA-NaturalGasPipelineProjectsAug2026.xlsx
Gas pipelines,SegmentCost,CJ1352,1352,P2622,,500000000.0
Gas pipelines,SegmentCostUnits,CK1352,1352,P2622,,USD
Gas pipelines,SegmentCost [ref],CM1352,1352,P2622,,https://www.eia.gov/naturalgas/pipelines/EIA-NaturalGasPipelineProjectsAug2026.xlsx
Gas pipelines,Status [ref],I1355,1355,P2627,,"https://www.eia.gov/naturalgas/pipelines/eia-naturalgaspipelineprojects.xlsx, https://naturalgasintel.com/news/related-transco-fgt-projects-clear-environmental-hurdle/"
Gas pipelines,Researcher,J1355,1355,P2627,BL,CB
Gas pipelines,LastUpdated,K1355,1355,P2627,44845,46297
Gas pipelines,Fuel [ref],M1355,1355,P2627,,"https://www.eia.gov/naturalgas/pipelines/eia-naturalgaspipelineprojects.xlsx, https://naturalgasintel.com/news/related-transco-fgt-projects-clear-environmental-hurdle/"
Gas pipelines,Start [ref],AL1355,1355,P2627,,"https://www.eia.gov/naturalgas/pipelines/eia-naturalgaspipelineprojects.xlsx, https://naturalgasintel.com/news/related-transco-fgt-projects-clear-environmental-hurdle/"
Gas pipelines,Capacity [ref],AZ1355,1355,P2627,,"https://www.eia.gov/naturalgas/pipelines/eia-naturalgaspipelineprojects.xlsx, https://naturalgasintel.com/news/related-transco-fgt-projects-clear-environmental-hurdle/"
Gas pipelines,Length [ref],BI1355,1355,P2627,,"https://www.eia.gov/naturalgas/pipelines/eia-naturalgaspipelineprojects.xlsx, https://www.federalregister.gov/documents/2010/04/16/2010-8707/florida-gas-transmission-company-llc-transcontinental-gas-pipe-line-company-llc-florida-gas"
Gas pipelines,Diameter [ref],BO1355,1355,P2627,,"https://www.eia.gov/naturalgas/pipelines/eia-naturalgaspipelineprojects.xlsx, https://www.federalregister.gov/documents/2010/04/16/2010-8707/florida-gas-transmission-company-llc-transcontinental-gas-pipe-line-company-llc-florida-gas"
Gas pipelines,FuelSource,BQ1355,1355,P2627,,"Gulf LNG Clean Energy import terminal, Pascagoula, MS (regasified LNG)"
Gas pipelines,FuelSource [ref],BR1355,1355,P2627,,"https://naturalgasintel.com/news/related-transco-fgt-projects-clear-environmental-hurdle/, https://www.federalregister.gov/documents/2010/04/16/2010-8707/florida-gas-transmission-company-llc-transcontinental-gas-pipe-line-company-llc-florida-gas"
Gas pipelines,SegmentCost [ref],CM1355,1355,P2627,,https://www.eia.gov/naturalgas/pipelines/eia-naturalgaspipelineprojects.xlsx
Gas pipelines,Status [ref],I1357,1357,P2630,,"https://www.eia.gov/naturalgas/pipelines/EIA-NaturalGasPipelineProjects_Jul2021.xlsx, https://web.archive.org/web/20231130175733/https://www.dominionenergy.com/projects-and-facilities/natural-gas-projects/west-loop-project"
Gas pipelines,Researcher,J1357,1357,P2630,HK,CB
Gas pipelines,LastUpdated,K1357,1357,P2630,45149,46297
Gas pipelines,Fuel [ref],M1357,1357,P2630,,https://www.eia.gov/naturalgas/pipelines/EIA-NaturalGasPipelineProjects_Jul2021.xlsx
Gas pipelines,ProposalYear,Z1357,1357,P2630,,2018
Gas pipelines,ProposalMonth,AA1357,1357,P2630,,10
Gas pipelines,Proposal [ref],AB1357,1357,P2630,,https://web.archive.org/web/20231130175733/https://www.dominionenergy.com/projects-and-facilities/natural-gas-projects/west-loop-project
Gas pipelines,ConstructionYear,AC1357,1357,P2630,,2020
Gas pipelines,Construction [ref],AE1357,1357,P2630,,"https://web.archive.org/web/20231130175733/https://www.dominionenergy.com/projects-and-facilities/natural-gas-projects/west-loop-project, https://www.eia.gov/naturalgas/pipelines/EIA-NaturalGasPipelineProjects_Jan2021.xlsx"
Gas pipelines,StartMonth1,AG1357,1357,P2630,,6
Gas pipelines,Start [ref],AL1357,1357,P2630,,https://www.eia.gov/naturalgas/pipelines/EIA-NaturalGasPipelineProjects_Jul2021.xlsx
Gas pipelines,Capacity [ref],AZ1357,1357,P2630,,"https://web.archive.org/web/20231130175733/https://www.dominionenergy.com/projects-and-facilities/natural-gas-projects/west-loop-project, https://www.eia.gov/naturalgas/pipelines/EIA-NaturalGasPipelineProjects_Jul2021.xlsx"
Gas pipelines,Length [ref],BI1357,1357,P2630,,"https://web.archive.org/web/20231130175733/https://www.dominionenergy.com/projects-and-facilities/natural-gas-projects/west-loop-project, https://www.eia.gov/naturalgas/pipelines/EIA-NaturalGasPipelineProjects_Jul2021.xlsx"
Gas pipelines,Diameter [ref],BO1357,1357,P2630,,"https://web.archive.org/web/20231130175733/https://www.dominionenergy.com/projects-and-facilities/natural-gas-projects/west-loop-project, https://www.eia.gov/naturalgas/pipelines/EIA-NaturalGasPipelineProjects_Jul2021.xlsx"
Gas pipelines,StartPrefecture/District,BT1357,1357,P2630,,Beaver County
Gas pipelines,EndPrefecture/District,BZ1357,1357,P2630,,Carroll County
Gas pipelines,Location [ref],CF1357,1357,P2630,,"https://web.archive.org/web/20231130175733/https://www.dominionenergy.com/projects-and-facilities/natural-gas-projects/west-loop-project, https://www.eia.gov/naturalgas/pipelines/EIA-NaturalGasPipelineProjects_Jul2021.xlsx"
Gas pipelines,Status [ref],I1361,1361,P2637,https://www.eia.gov/naturalgas/data.php#pipelines,"https://www.eia.gov/naturalgas/data.php#pipelines, https://www.eia.gov/naturalgas/pipelines/EIA-NaturalGasPipelineProjectsAug2026.xlsx, https://www.gulfsouthpl.com/about-us/subsidiaries/gulf-south-pipeline-company-lp/default.aspx"
Gas pipelines,Researcher,J1361,1361,P2637,IM,CB
Gas pipelines,LastUpdated,K1361,1361,P2637,45918,46297
Gas pipelines,Fuel [ref],M1361,1361,P2637,https://www.eia.gov/naturalgas/data.php#pipelines,"https://www.eia.gov/naturalgas/data.php#pipelines, https://www.gulfsouthpl.com/about-us/subsidiaries/gulf-south-pipeline-company-lp/default.aspx"
Gas pipelines,Start [ref],AL1361,1361,P2637,,https://www.eia.gov/naturalgas/pipelines/EIA-NaturalGasPipelineProjectsAug2026.xlsx
Gas pipelines,Capacity [ref],AZ1361,1361,P2637,,https://www.eia.gov/naturalgas/pipelines/EIA-NaturalGasPipelineProjectsAug2026.xlsx
Gas pipelines,Length [ref],BI1361,1361,P2637,,https://www.eia.gov/naturalgas/pipelines/EIA-NaturalGasPipelineProjectsAug2026.xlsx
Gas pipelines,Diameter [ref],BO1361,1361,P2637,,https://www.eia.gov/naturalgas/pipelines/EIA-NaturalGasPipelineProjectsAug2026.xlsx
Gas pipelines,Location [ref],CF1361,1361,P2637,,https://www.eia.gov/naturalgas/pipelines/EIA-NaturalGasPipelineProjectsAug2026.xlsx
Gas pipelines,SegmentCost [ref],CM1361,1361,P2637,,https://www.eia.gov/naturalgas/pipelines/EIA-NaturalGasPipelineProjectsAug2026.xlsx
Gas pipelines,Status [ref],I1363,1363,P2643,,https://s29.q4cdn.com/649265093/files/doc_financials/2023/q2/10Q-Q2.pdf
Gas pipelines,Researcher,J1363,1363,P2643,HK,CB
Gas pipelines,LastUpdated,K1363,1363,P2643,45152,46297
Gas pipelines,Fuel [ref],M1363,1363,P2643,,https://s29.q4cdn.com/649265093/files/doc_financials/2023/q2/10Q-Q2.pdf
Gas pipelines,Start [ref],AL1363,1363,P2643,,https://s29.q4cdn.com/649265093/files/doc_financials/2023/q2/10Q-Q2.pdf
Gas pipelines,Length [ref],BI1363,1363,P2643,,https://s29.q4cdn.com/649265093/files/doc_financials/2023/q2/10Q-Q2.pdf
Gas pipelines,FuelSource [ref],BR1363,1363,P2643,,https://s29.q4cdn.com/649265093/files/doc_financials/2023/q2/10Q-Q2.pdf
Gas pipelines,Researcher,J1366,1366,P2651,BL,CB
Gas pipelines,LastUpdated,K1366,1366,P2651,44845,46297
Gas pipelines,Fuel [ref],M1366,1366,P2651,,https://www.eia.gov/naturalgas/pipelines/EIA-NaturalGasPipelineProjectsAug2026.xlsx
Gas pipelines,Shelved [ref],AR1366,1366,P2651,,https://www.eia.gov/naturalgas/pipelines/EIA-NaturalGasPipelineProjectsAug2026.xlsx
Gas pipelines,Cancelled [ref],AT1366,1366,P2651,,https://www.eia.gov/naturalgas/pipelines/EIA-NaturalGasPipelineProjectsAug2026.xlsx
Gas pipelines,Capacity [ref],AZ1366,1366,P2651,,https://www.eia.gov/naturalgas/pipelines/EIA-NaturalGasPipelineProjectsAug2026.xlsx
Gas pipelines,Length [ref],BI1366,1366,P2651,,https://www.eia.gov/naturalgas/pipelines/EIA-NaturalGasPipelineProjectsAug2026.xlsx
Gas pipelines,Location [ref],CF1366,1366,P2651,,https://www.eia.gov/naturalgas/pipelines/EIA-NaturalGasPipelineProjectsAug2026.xlsx
Gas pipelines,Status [ref],I1397,1397,P2738,,"https://www.eia.gov/naturalgas/pipelines/EIA-NaturalGasPipelineProjectsAug2026.xlsx, https://fgttransfer.energytransfer.com/ipost/FGT/maps/system-map"
Gas pipelines,Researcher,J1397,1397,P2738,BL,CB
Gas pipelines,LastUpdated,K1397,1397,P2738,44845,46297
Gas pipelines,Fuel [ref],M1397,1397,P2738,,"https://www.govinfo.gov/content/pkg/FR-2018-08-07/pdf/2018-16819.pdf, https://www.ferc.gov/sites/default/files/2020-05/jul-energy-infrastructure.pdf"
Gas pipelines,ProposalYear,Z1397,1397,P2738,,2018
Gas pipelines,ProposalMonth,AA1397,1397,P2738,,7
Gas pipelines,Proposal [ref],AB1397,1397,P2738,,"https://www.govinfo.gov/content/pkg/FR-2018-08-07/pdf/2018-16819.pdf, https://www.ferc.gov/sites/default/files/2020-05/jul-energy-infrastructure.pdf"
Gas pipelines,ConstructionYear,AC1397,1397,P2738,,2018
Gas pipelines,Construction [ref],AE1397,1397,P2738,,"https://www.eia.gov/naturalgas/pipelines/EIA-NaturalGasPipelineProjectsAug2026.xlsx, https://www.govinfo.gov/content/pkg/FR-2018-08-07/pdf/2018-16819.pdf"
Gas pipelines,Start [ref],AL1397,1397,P2738,,"https://www.eia.gov/naturalgas/pipelines/EIA-NaturalGasPipelineProjectsAug2026.xlsx, https://www.ferc.gov/sites/default/files/2020-05/jul-energy-infrastructure.pdf"
Gas pipelines,Capacity [ref],AZ1397,1397,P2738,,"https://www.govinfo.gov/content/pkg/FR-2018-08-07/pdf/2018-16819.pdf, https://www.eia.gov/naturalgas/pipelines/EIA-NaturalGasPipelineProjectsAug2026.xlsx, https://www.ferc.gov/sites/default/files/2020-05/jul-energy-infrastructure.pdf"
Gas pipelines,Length [ref],BI1397,1397,P2738,,"https://www.ferc.gov/sites/default/files/2020-05/jul-energy-infrastructure.pdf, https://www.govinfo.gov/content/pkg/FR-2018-08-07/pdf/2018-16819.pdf"
Gas pipelines,SegmentCost,CJ1397,1397,P2738,,7000000
Gas pipelines,SegmentCostUnits,CK1397,1397,P2738,,USD
Gas pipelines,SegmentCostYear,CL1397,1397,P2738,,2018
Gas pipelines,SegmentCost [ref],CM1397,1397,P2738,,https://www.govinfo.gov/content/pkg/FR-2018-08-07/pdf/2018-16819.pdf
Gas pipelines,Researcher,J1666,1666,P3169,BL,CB
Gas pipelines,LastUpdated,K1666,1666,P3169,44841,46297
Gas pipelines,Fuel [ref],M1666,1666,P3169,,https://www.eia.gov/naturalgas/pipelines/EIA-NaturalGasPipelineProjectsAug2026.xlsx
Gas pipelines,Start [ref],AL1666,1666,P3169,,https://www.eia.gov/naturalgas/pipelines/EIA-NaturalGasPipelineProjectsAug2026.xlsx
Gas pipelines,Cancelled [ref],AT1666,1666,P3169,,https://www.eia.gov/naturalgas/pipelines/EIA-NaturalGasPipelineProjectsAug2026.xlsx
Gas pipelines,Capacity [ref],AZ1666,1666,P3169,,https://www.eia.gov/naturalgas/pipelines/EIA-NaturalGasPipelineProjectsAug2026.xlsx
Gas pipelines,LengthKnownUnits,BG1666,1666,P3169,km,mi
Gas pipelines,Length [ref],BI1666,1666,P3169,,https://www.eia.gov/naturalgas/pipelines/EIA-NaturalGasPipelineProjectsAug2026.xlsx
Gas pipelines,Status [ref],I1667,1667,P3170,,"https://web.archive.org/web/20210817221351/https://www.nmgco.com/en/infrastructure_updates, https://www.santafenewmexican.com/news/local_news/crews-removing-old-gas-pipeline-at-valles-caldera/article_4d46984e-bdce-11ed-959e-ab856f8dd4cc.html"
Gas pipelines,Researcher,J1667,1667,P3170,HK,CB
Gas pipelines,LastUpdated,K1667,1667,P3170,45154,46297
Gas pipelines,Fuel [ref],M1667,1667,P3170,,"https://www.nmgco.com/userfiles/files/5%204%2020%20Santa%20Fe%20Loop.pdf, https://www.santafenewmexican.com/news/local_news/crews-removing-old-gas-pipeline-at-valles-caldera/article_4d46984e-bdce-11ed-959e-ab856f8dd4cc.html"
Gas pipelines,PipelineType [ref],O1667,1667,P3170,,"https://www.nmgco.com/userfiles/files/5%204%2020%20Santa%20Fe%20Loop.pdf, https://www.eia.gov/naturalgas/pipelines/EIA-NaturalGasPipelineProjects.xlsx"
Gas pipelines,ConstructionYear,AC1667,1667,P3170,,2020
Gas pipelines,ConstructionMonth,AD1667,1667,P3170,,5
Gas pipelines,Construction [ref],AE1667,1667,P3170,,"https://www.nmgco.com/userfiles/files/5%204%2020%20Santa%20Fe%20Loop.pdf, https://web.archive.org/web/20211023181321/https://www.abqjournal.com/1458282/nm-gas-co-building-santa-fe-pipeline.html"
Gas pipelines,StartMonth1,AG1667,1667,P3170,,2
Gas pipelines,Start [ref],AL1667,1667,P3170,,"https://web.archive.org/web/20210817221351/https://www.nmgco.com/en/infrastructure_updates, https://www.eia.gov/naturalgas/pipelines/EIA-NaturalGasPipelineProjects.xlsx"
Gas pipelines,Diameter [ref],BO1667,1667,P3170,,"https://www.nmgco.com/userfiles/files/5%204%2020%20Santa%20Fe%20Loop.pdf, https://web.archive.org/web/20211023181321/https://www.abqjournal.com/1458282/nm-gas-co-building-santa-fe-pipeline.html, https://www.eia.gov/naturalgas/pipelines/EIA-NaturalGasPipelineProjects.xlsx"
Gas pipelines,StartLocation,BS1667,1667,P3170,,Bernalillo
Gas pipelines,EndLocation,BY1667,1667,P3170,,Santa Fe
Gas pipelines,Location [ref],CF1667,1667,P3170,,"https://www.nmgco.com/userfiles/files/5%204%2020%20Santa%20Fe%20Loop.pdf, https://web.archive.org/web/20211023181321/https://www.abqjournal.com/1458282/nm-gas-co-building-santa-fe-pipeline.html"
Gas pipelines,SegmentCostYear,CL1667,1667,P3170,,2020
Gas pipelines,SegmentCost [ref],CM1667,1667,P3170,,"https://nmgco.com/userfiles/files/SF%20Mainline%20Packet%20FINAL%203.pdf, https://www.eia.gov/naturalgas/pipelines/EIA-NaturalGasPipelineProjects.xlsx"
Gas pipelines,Status,H1677,1677,P3186,construction,operating
Gas pipelines,Status [ref],I1677,1677,P3186,,"https://www.tcenergy.com/siteassets/pdfs/natural-gas/grand-chenier-xpress/grand-chenier-xpress-fact-sheet.pdf, https://www.tcenergy.com/siteassets/pdfs/investors/reports-and-filings/regulatory-filings/2023/tce-2023-annual-information-form.pdf, https://www.eia.gov/naturalgas/pipelines/EIA-NaturalGasPipelineProjectsAug2026.xlsx"
Gas pipelines,Researcher,J1677,1677,P3186,BL,CB
Gas pipelines,LastUpdated,K1677,1677,P3186,45876,46297
Gas pipelines,Fuel [ref],M1677,1677,P3186,https://www.eia.gov/naturalgas/data.php#pipelines,"https://www.eia.gov/naturalgas/data.php#pipelines, https://www.ferc.gov/sites/default/files/2020-04/CP20-8-EA.pdf, https://www.tcenergy.com/siteassets/pdfs/natural-gas/grand-chenier-xpress/grand-chenier-xpress-fact-sheet.pdf"
Gas pipelines,PipelineType [ref],O1677,1677,P3186,https://www.eia.gov/naturalgas/data.php#pipelines,"https://www.eia.gov/naturalgas/data.php#pipelines, https://www.ferc.gov/sites/default/files/2020-04/CP20-8-EA.pdf, https://www.eia.gov/naturalgas/pipelines/EIA-NaturalGasPipelineProjectsAug2026.xlsx"
Gas pipelines,ProposalYear,Z1677,1677,P3186,,2019
Gas pipelines,ProposalMonth,AA1677,1677,P3186,,10
Gas pipelines,Proposal [ref],AB1677,1677,P3186,,"https://www.federalregister.gov/documents/2019/11/13/2019-24633/notice-of-application-anr-pipeline-company, https://www.tcenergy.com/siteassets/pdfs/natural-gas/grand-chenier-xpress/grand-chenier-xpress-fact-sheet.pdf"
Gas pipelines,ConstructionYear,AC1677,1677,P3186,,2020
Gas pipelines,ConstructionMonth,AD1677,1677,P3186,,12
Gas pipelines,Construction [ref],AE1677,1677,P3186,,"https://www.tcenergy.com/siteassets/pdfs/natural-gas/grand-chenier-xpress/grand-chenier-xpress-fact-sheet.pdf, https://www.ferc.gov/sites/default/files/2020-04/CP20-8-EA.pdf"
Gas pipelines,StartMonth1,AG1677,1677,P3186,,1
Gas pipelines,Start [ref],AL1677,1677,P3186,,"https://www.tcenergy.com/siteassets/pdfs/natural-gas/grand-chenier-xpress/grand-chenier-xpress-fact-sheet.pdf, https://www.eia.gov/naturalgas/pipelines/EIA-NaturalGasPipelineProjectsAug2026.xlsx"
Gas pipelines,Capacity [ref],AZ1677,1677,P3186,,"https://www.eia.gov/naturalgas/pipelines/EIA-NaturalGasPipelineProjectsAug2026.xlsx, https://www.ferc.gov/sites/default/files/2020-04/CP20-8-EA.pdf"
Gas pipelines,Length [ref],BI1677,1677,P3186,,"https://www.ferc.gov/sites/default/files/2020-04/CP20-8-EA.pdf, https://www.eia.gov/naturalgas/pipelines/EIA-NaturalGasPipelineProjectsAug2026.xlsx"
Gas pipelines,Location [ref],CF1677,1677,P3186,,"https://www.ferc.gov/sites/default/files/2020-04/CP20-8-EA.pdf, https://www.eia.gov/naturalgas/pipelines/EIA-NaturalGasPipelineProjectsAug2026.xlsx"
Gas pipelines,SegmentCost,CJ1677,1677,P3186,,200000000.0
Gas pipelines,SegmentCostUnits,CK1677,1677,P3186,,USD
Gas pipelines,SegmentCost [ref],CM1677,1677,P3186,,https://www.eia.gov/naturalgas/pipelines/EIA-NaturalGasPipelineProjectsAug2026.xlsx
Gas pipelines,Status [ref],I1681,1681,P3190,,"https://www.eia.gov/naturalgas/pipelines/EIA-NaturalGasPipelineProjects.xlsx, https://www.federalregister.gov/documents/2020/07/01/2020-14184/el-paso-natural-gas-company-llc-notice-of-request-under-blanket-authorization"
Gas pipelines,Researcher,J1681,1681,P3190,HK,CB
Gas pipelines,LastUpdated,K1681,1681,P3190,45154,46297
Gas pipelines,Fuel [ref],M1681,1681,P3190,,"https://www.eia.gov/naturalgas/pipelines/EIA-NaturalGasPipelineProjects.xlsx, https://www.federalregister.gov/documents/2020/07/01/2020-14184/el-paso-natural-gas-company-llc-notice-of-request-under-blanket-authorization"
Gas pipelines,ProposalYear,Z1681,1681,P3190,,2020
Gas pipelines,ProposalMonth,AA1681,1681,P3190,,6
Gas pipelines,Proposal [ref],AB1681,1681,P3190,,https://www.federalregister.gov/documents/2020/07/01/2020-14184/el-paso-natural-gas-company-llc-notice-of-request-under-blanket-authorization
Gas pipelines,StartMonth1,AG1681,1681,P3190,,2
Gas pipelines,Start [ref],AL1681,1681,P3190,,"https://www.eia.gov/naturalgas/pipelines/EIA-NaturalGasPipelineProjects.xlsx, https://web.archive.org/web/20220110150132/https://pipeline2.kindermorgan.com/Documents/EPNG/CP20-483_EPNG_Weekly_Environmental_Report_No._20-20210114151143.pdf"
Gas pipelines,Capacity [ref],AZ1681,1681,P3190,,https://www.eia.gov/naturalgas/pipelines/EIA-NaturalGasPipelineProjects.xlsx
Gas pipelines,Length [ref],BI1681,1681,P3190,,"https://www.federalregister.gov/documents/2020/07/01/2020-14184/el-paso-natural-gas-company-llc-notice-of-request-under-blanket-authorization, https://www.eia.gov/naturalgas/pipelines/EIA-NaturalGasPipelineProjects.xlsx"
Gas pipelines,Diameter [ref],BO1681,1681,P3190,,"https://www.federalregister.gov/documents/2020/07/01/2020-14184/el-paso-natural-gas-company-llc-notice-of-request-under-blanket-authorization, https://www.eia.gov/naturalgas/pipelines/EIA-NaturalGasPipelineProjects.xlsx"
Gas pipelines,SegmentCost [ref],CM1681,1681,P3190,,"https://www.federalregister.gov/documents/2020/07/01/2020-14184/el-paso-natural-gas-company-llc-notice-of-request-under-blanket-authorization, https://www.eia.gov/naturalgas/pipelines/EIA-NaturalGasPipelineProjects.xlsx"
Gas pipelines,Status [ref],I1682,1682,P3192,,"https://www.govinfo.gov/content/pkg/FR-2022-03-31/pdf/2022-06805.pdf, https://www.eia.gov/naturalgas/pipelines/EIA-NaturalGasPipelineProjects_Oct2022.xlsx"
Gas pipelines,Researcher,J1682,1682,P3192,BL,CB
Gas pipelines,LastUpdated,K1682,1682,P3192,44845,46297
Gas pipelines,Fuel [ref],M1682,1682,P3192,,"https://www.govinfo.gov/content/pkg/FR-2021-02-19/pdf/2021-03370.pdf, https://www.eia.gov/naturalgas/pipelines/EIA-NaturalGasPipelineProjectsAug2026.xlsx"
Gas pipelines,ProposalYear,Z1682,1682,P3192,,2021
Gas pipelines,ProposalMonth,AA1682,1682,P3192,,1
Gas pipelines,Proposal [ref],AB1682,1682,P3192,,"https://www.govinfo.gov/content/pkg/FR-2021-02-19/pdf/2021-03370.pdf, https://ecbpublishing.com/natural-gas-pipeline-extension-planned/"
Gas pipelines,Cancelled [ref],AT1682,1682,P3192,,"https://www.govinfo.gov/content/pkg/FR-2022-03-31/pdf/2022-06805.pdf, https://www.eia.gov/naturalgas/pipelines/EIA-NaturalGasPipelineProjects_Oct2022.xlsx"
Gas pipelines,Capacity [ref],AZ1682,1682,P3192,,"https://www.govinfo.gov/content/pkg/FR-2021-02-19/pdf/2021-03370.pdf, https://www.eia.gov/naturalgas/pipelines/EIA-NaturalGasPipelineProjectsAug2026.xlsx"
Gas pipelines,Length [ref],BI1682,1682,P3192,,"https://www.govinfo.gov/content/pkg/FR-2021-02-19/pdf/2021-03370.pdf, https://www.eia.gov/naturalgas/pipelines/EIA-NaturalGasPipelineProjectsAug2026.xlsx"
Gas pipelines,Diameter [ref],BO1682,1682,P3192,,"https://www.govinfo.gov/content/pkg/FR-2021-02-19/pdf/2021-03370.pdf, https://www.eia.gov/naturalgas/pipelines/EIA-NaturalGasPipelineProjectsAug2026.xlsx"
Gas pipelines,Location [ref],CF1682,1682,P3192,,"https://www.govinfo.gov/content/pkg/FR-2021-02-19/pdf/2021-03370.pdf, https://www.eia.gov/naturalgas/pipelines/EIA-NaturalGasPipelineProjectsAug2026.xlsx"
Gas pipelines,SegmentCost [ref],CM1682,1682,P3192,,"https://www.govinfo.gov/content/pkg/FR-2021-02-19/pdf/2021-03370.pdf, https://www.eia.gov/naturalgas/pipelines/EIA-NaturalGasPipelineProjectsAug2026.xlsx"
Gas pipelines,Status [ref],I1684,1684,P3194,https://www.eia.gov/naturalgas/data.php#pipelines,"https://www.eia.gov/naturalgas/data.php#pipelines, https://www.eia.gov/naturalgas/pipelines/EIA-NaturalGasPipelineProjectsAug2026.xlsx, https://www.ferc.gov/sites/default/files/2020-06/C-2-061820.pdf"
Gas pipelines,Researcher,J1684,1684,P3194,IM,CB
Gas pipelines,LastUpdated,K1684,1684,P3194,45918,46297
Gas pipelines,Fuel [ref],M1684,1684,P3194,https://www.eia.gov/naturalgas/data.php#pipelines,"https://www.eia.gov/naturalgas/data.php#pipelines, https://www.ferc.gov/sites/default/files/2020-06/C-2-061820.pdf, https://www.eia.gov/naturalgas/pipelines/EIA-NaturalGasPipelineProjectsAug2026.xlsx"
Gas pipelines,PipelineType [ref],O1684,1684,P3194,https://www.eia.gov/naturalgas/data.php#pipelines,"https://www.eia.gov/naturalgas/data.php#pipelines, https://www.ferc.gov/sites/default/files/2020-06/C-2-061820.pdf"
Gas pipelines,ProposalYear,Z1684,1684,P3194,,2019
Gas pipelines,ProposalMonth,AA1684,1684,P3194,,9
Gas pipelines,Proposal [ref],AB1684,1684,P3194,,"https://www.ferc.gov/sites/default/files/2020-06/C-2-061820.pdf, https://www.govinfo.gov/content/pkg/FR-2019-11-29/pdf/2019-25909.pdf"
Gas pipelines,ConstructionMonth,AD1684,1684,P3194,,12
Gas pipelines,Construction [ref],AE1684,1684,P3194,,"https://www.ferc.gov/sites/default/files/2020-04/CP19-517-EA.pdf, https://www.eia.gov/naturalgas/pipelines/EIA-NaturalGasPipelineProjectsAug2026.xlsx"
Gas pipelines,Start [ref],AL1684,1684,P3194,,https://www.eia.gov/naturalgas/pipelines/EIA-NaturalGasPipelineProjectsAug2026.xlsx
Gas pipelines,Capacity [ref],AZ1684,1684,P3194,,"https://www.eia.gov/naturalgas/pipelines/EIA-NaturalGasPipelineProjectsAug2026.xlsx, https://www.ferc.gov/sites/default/files/2020-06/C-2-061820.pdf"
Gas pipelines,Length [ref],BI1684,1684,P3194,,"https://www.eia.gov/naturalgas/pipelines/EIA-NaturalGasPipelineProjectsAug2026.xlsx, https://www.ferc.gov/sites/default/files/2020-06/C-2-061820.pdf"
Gas pipelines,Diameter [ref],BO1684,1684,P3194,,"https://www.eia.gov/naturalgas/pipelines/EIA-NaturalGasPipelineProjectsAug2026.xlsx, https://www.ferc.gov/sites/default/files/2020-06/C-2-061820.pdf"
Gas pipelines,FuelSource,BQ1684,1684,P3194,,Perryville Transportation Point and Petal Storage Complex (upstream receipt points on Gulf South's existing system)
Gas pipelines,FuelSource [ref],BR1684,1684,P3194,,https://www.ferc.gov/sites/default/files/2020-06/C-2-061820.pdf
Gas pipelines,Location [ref],CF1684,1684,P3194,,"https://www.ferc.gov/sites/default/files/2020-06/C-2-061820.pdf, https://www.ferc.gov/sites/default/files/2020-04/CP19-517-EA.pdf, https://www.eia.gov/naturalgas/pipelines/EIA-NaturalGasPipelineProjectsAug2026.xlsx"
Gas pipelines,SegmentCost [ref],CM1684,1684,P3194,,"https://www.eia.gov/naturalgas/pipelines/EIA-NaturalGasPipelineProjectsAug2026.xlsx, https://www.ferc.gov/sites/default/files/2020-06/C-2-061820.pdf"
Gas pipelines,Researcher,J1689,1689,P3199,BL,CB
Gas pipelines,LastUpdated,K1689,1689,P3199,44848,46297
Gas pipelines,Fuel [ref],M1689,1689,P3199,https://www.eia.gov/naturalgas/data.php#pipelines,"https://www.eia.gov/naturalgas/data.php#pipelines, https://www.eia.gov/naturalgas/pipelines/EIA-NaturalGasPipelineProjects_May2026.xlsx"
Gas pipelines,PipelineType [ref],O1689,1689,P3199,https://www.eia.gov/naturalgas/data.php#pipelines,"https://www.eia.gov/naturalgas/data.php#pipelines, https://www.eia.gov/naturalgas/pipelines/EIA-NaturalGasPipelineProjects_May2026.xlsx"
Gas pipelines,Start [ref],AL1689,1689,P3199,https://www.eia.gov/naturalgas/data.php#pipelines,"https://www.eia.gov/naturalgas/data.php#pipelines, https://www.eia.gov/naturalgas/pipelines/EIA-NaturalGasPipelineProjects_May2026.xlsx"
Gas pipelines,Capacity [ref],AZ1689,1689,P3199,https://www.eia.gov/naturalgas/data.php#pipelines,"https://www.eia.gov/naturalgas/data.php#pipelines, https://www.eia.gov/naturalgas/pipelines/EIA-NaturalGasPipelineProjects_May2026.xlsx"
Gas pipelines,Diameter,BM1689,1689,P3199,,42
Gas pipelines,DiameterUnits,BN1689,1689,P3199,,inches
Gas pipelines,Diameter [ref],BO1689,1689,P3199,,https://www.eia.gov/naturalgas/pipelines/EIA-NaturalGasPipelineProjects_May2026.xlsx
Gas pipelines,Location [ref],CF1689,1689,P3199,,https://www.eia.gov/naturalgas/pipelines/EIA-NaturalGasPipelineProjects_May2026.xlsx
Gas pipelines,Researcher,J1691,1691,P3201,BL,CB
Gas pipelines,LastUpdated,K1691,1691,P3201,44848,46297
Gas pipelines,Fuel [ref],M1691,1691,P3201,https://www.eia.gov/naturalgas/data.php#pipelines,"https://www.eia.gov/naturalgas/data.php#pipelines, https://www.eia.gov/naturalgas/pipelines/EIA-NaturalGasPipelineProjectsAug2026.xlsx"
Gas pipelines,PipelineType [ref],O1691,1691,P3201,https://www.eia.gov/naturalgas/data.php#pipelines,"https://www.eia.gov/naturalgas/data.php#pipelines, https://www.eia.gov/naturalgas/pipelines/EIA-NaturalGasPipelineProjectsAug2026.xlsx"
Gas pipelines,Delay [ref],AO1691,1691,P3201,,https://www.eia.gov/naturalgas/pipelines/EIA-NaturalGasPipelineProjectsAug2026.xlsx
Gas pipelines,Capacity [ref],AZ1691,1691,P3201,https://www.eia.gov/naturalgas/data.php#pipelines,"https://www.eia.gov/naturalgas/data.php#pipelines, https://www.eia.gov/naturalgas/pipelines/EIA-NaturalGasPipelineProjectsAug2026.xlsx"
Gas pipelines,Length [ref],BI1691,1691,P3201,https://www.eia.gov/naturalgas/data.php#pipelines,"https://www.eia.gov/naturalgas/data.php#pipelines, https://www.eia.gov/naturalgas/pipelines/EIA-NaturalGasPipelineProjectsAug2026.xlsx"
Gas pipelines,Location [ref],CF1691,1691,P3201,,https://www.eia.gov/naturalgas/pipelines/EIA-NaturalGasPipelineProjectsAug2026.xlsx
Gas pipelines,Status [ref],I1692,1692,P3202,,"https://www.eia.gov/naturalgas/pipelines/EIA-NaturalGasPipelineProjects.xlsx, https://web.archive.org/web/20200813175453/https://gascompressionmagazine.com/2020/02/14/bluewater-compression-project-moves-forward/"
Gas pipelines,Researcher,J1692,1692,P3202,HK,CB
Gas pipelines,LastUpdated,K1692,1692,P3202,45141,46297
Gas pipelines,Fuel [ref],M1692,1692,P3202,,"https://www.eia.gov/naturalgas/pipelines/EIA-NaturalGasPipelineProjects.xlsx, https://web.archive.org/web/20200813175453/https://gascompressionmagazine.com/2020/02/14/bluewater-compression-project-moves-forward/"
Gas pipelines,ProposalYear,Z1692,1692,P3202,,2019
Gas pipelines,ProposalMonth,AA1692,1692,P3202,,5
Gas pipelines,Proposal [ref],AB1692,1692,P3202,,https://web.archive.org/web/20200813175453/https://gascompressionmagazine.com/2020/02/14/bluewater-compression-project-moves-forward/
Gas pipelines,Capacity [ref],AZ1692,1692,P3202,,"https://www.eia.gov/naturalgas/pipelines/EIA-NaturalGasPipelineProjects.xlsx, https://web.archive.org/web/20200813175453/https://gascompressionmagazine.com/2020/02/14/bluewater-compression-project-moves-forward/"
Gas pipelines,Length [ref],BI1692,1692,P3202,,"https://www.eia.gov/naturalgas/pipelines/EIA-NaturalGasPipelineProjects.xlsx, https://web.archive.org/web/20200813175453/https://gascompressionmagazine.com/2020/02/14/bluewater-compression-project-moves-forward/"
Gas pipelines,SegmentCost [ref],CM1692,1692,P3202,,"https://www.eia.gov/naturalgas/pipelines/EIA-NaturalGasPipelineProjects.xlsx, https://web.archive.org/web/20200813175453/https://gascompressionmagazine.com/2020/02/14/bluewater-compression-project-moves-forward/"
Gas pipelines,Status [ref],I1710,1710,P3242,,https://www.eia.gov/naturalgas/pipelines/EIA-NaturalGasPipelineProjects_Jan2023.xlsx
Gas pipelines,Researcher,J1710,1710,P3242,BL,CB
Gas pipelines,LastUpdated,K1710,1710,P3242,44845,46297
Gas pipelines,Fuel [ref],M1710,1710,P3242,,https://www.eia.gov/naturalgas/pipelines/EIA-NaturalGasPipelineProjects_Jan2023.xlsx
Gas pipelines,Capacity [ref],AZ1710,1710,P3242,,https://www.eia.gov/naturalgas/pipelines/EIA-NaturalGasPipelineProjects_Jan2023.xlsx
Gas pipelines,Diameter [ref],BO1710,1710,P3242,,https://www.eia.gov/naturalgas/pipelines/EIA-NaturalGasPipelineProjects_Jan2023.xlsx
Gas pipelines,StartLocation,BS1710,1710,P3242,,Galveston County (FGT Mainline tap)
Gas pipelines,EndLocation,BY1710,1710,P3242,,"Galveston, Texas (delivery to a gas-fired power plant)"
Gas pipelines,Location [ref],CF1710,1710,P3242,,"https://www.eia.gov/naturalgas/pipelines/EIA-NaturalGasPipelineProjects_Jul2021.xlsx, https://www.eia.gov/naturalgas/pipelines/EIA-NaturalGasPipelineProjects_Jan2023.xlsx"
Gas pipelines,SegmentCost [ref],CM1710,1710,P3242,,https://www.eia.gov/naturalgas/pipelines/EIA-NaturalGasPipelineProjects_Jan2023.xlsx
Gas pipelines,Status [ref],I1717,1717,P3279,https://www.eia.gov/naturalgas/data.php#pipelines,"https://www.eia.gov/naturalgas/data.php#pipelines, https://www.eia.gov/naturalgas/pipelines/EIA-NaturalGasPipelineProjectsAug2026.xlsx"
Gas pipelines,Researcher,J1717,1717,P3279,IM,CB
Gas pipelines,LastUpdated,K1717,1717,P3279,45924,46297
Gas pipelines,Fuel [ref],M1717,1717,P3279,https://www.eia.gov/naturalgas/data.php#pipelines,"https://www.eia.gov/naturalgas/data.php#pipelines, https://www.eia.gov/naturalgas/pipelines/EIA-NaturalGasPipelineProjectsAug2026.xlsx"
Gas pipelines,Proposal [ref],AB1717,1717,P3279,,https://www.eia.gov/naturalgas/pipelines/EIA-NaturalGasPipelineProjects_Jan2022.xlsx
Gas pipelines,Delay [ref],AO1717,1717,P3279,https://www.eia.gov/naturalgas/data.php#pipelines,"https://www.eia.gov/naturalgas/data.php#pipelines, https://www.eia.gov/naturalgas/pipelines/EIA-NaturalGasPipelineProjectsAug2026.xlsx"
Gas pipelines,Capacity [ref],AZ1717,1717,P3279,https://www.eia.gov/naturalgas/data.php#pipelines,"https://www.eia.gov/naturalgas/data.php#pipelines, https://www.eia.gov/naturalgas/pipelines/EIA-NaturalGasPipelineProjects_Jan2022.xlsx, https://www.eia.gov/naturalgas/pipelines/EIA-NaturalGasPipelineProjectsAug2026.xlsx"
Gas pipelines,Length [ref],BI1717,1717,P3279,https://www.eia.gov/naturalgas/data.php#pipelines,"https://www.eia.gov/naturalgas/data.php#pipelines, https://www.eia.gov/naturalgas/pipelines/EIA-NaturalGasPipelineProjectsAug2026.xlsx"
Gas pipelines,Location [ref],CF1717,1717,P3279,https://www.eia.gov/naturalgas/data.php#pipelines,"https://www.eia.gov/naturalgas/data.php#pipelines, https://www.eia.gov/naturalgas/pipelines/EIA-NaturalGasPipelineProjectsAug2026.xlsx"
Gas pipelines,SegmentCost [ref],CM1717,1717,P3279,https://www.eia.gov/naturalgas/data.php#pipelines,"https://www.eia.gov/naturalgas/data.php#pipelines, https://www.eia.gov/naturalgas/pipelines/EIA-NaturalGasPipelineProjects_Jan2022.xlsx, https://www.eia.gov/naturalgas/pipelines/EIA-NaturalGasPipelineProjectsAug2026.xlsx"
Gas pipelines,Status [ref],I1718,1718,P3280,,"https://www.eia.gov/naturalgas/pipelines/EIA-NaturalGasPipelineProjectsAug2026.xlsx, https://www.pngts.com/press-insights/blog-post-title-one-xawhb"
Gas pipelines,Researcher,J1718,1718,P3280,HK,CB
Gas pipelines,LastUpdated,K1718,1718,P3280,45141,46297
Gas pipelines,Fuel [ref],M1718,1718,P3280,,https://www.eia.gov/naturalgas/pipelines/EIA-NaturalGasPipelineProjectsAug2026.xlsx
Gas pipelines,Construction [ref],AE1718,1718,P3280,,https://www.eia.gov/naturalgas/pipelines/EIA-NaturalGasPipelineProjectsAug2026.xlsx
Gas pipelines,Start [ref],AL1718,1718,P3280,,https://www.eia.gov/naturalgas/pipelines/EIA-NaturalGasPipelineProjectsAug2026.xlsx
Gas pipelines,Length [ref],BI1718,1718,P3280,,"https://www.eia.gov/naturalgas/pipelines/EIA-NaturalGasPipelineProjectsAug2026.xlsx, https://web.archive.org/web/20210419194339/https://gascompressionmagazine.com/2020/02/12/more-compression-for-westbrook-compressor-station/"
Gas pipelines,Location [ref],CF1718,1718,P3280,,https://web.archive.org/web/20210419194339/https://gascompressionmagazine.com/2020/02/12/more-compression-for-westbrook-compressor-station/
Gas pipelines,Status [ref],I1723,1723,P3293,,https://web.archive.org/web/20250817201146/https://www.hartenergy.com/news/energy-transfer-partners-completes-texas-independence-pipeline-62906
Gas pipelines,Researcher,J1723,1723,P3293,HK,CB
Gas pipelines,LastUpdated,K1723,1723,P3293,45156,46297
Gas pipelines,Fuel [ref],M1723,1723,P3293,,https://web.archive.org/web/20250817201146/https://www.hartenergy.com/news/energy-transfer-partners-completes-texas-independence-pipeline-62906
Gas pipelines,Construction [ref],AE1723,1723,P3293,,https://web.archive.org/web/20250817201146/https://www.hartenergy.com/news/energy-transfer-partners-completes-texas-independence-pipeline-62906
Gas pipelines,Start [ref],AL1723,1723,P3293,,https://web.archive.org/web/20250817201146/https://www.hartenergy.com/news/energy-transfer-partners-completes-texas-independence-pipeline-62906
Gas pipelines,Capacity [ref],AZ1723,1723,P3293,,https://web.archive.org/web/20250817201146/https://www.hartenergy.com/news/energy-transfer-partners-completes-texas-independence-pipeline-62906
Gas pipelines,Length [ref],BI1723,1723,P3293,,https://web.archive.org/web/20250817201146/https://www.hartenergy.com/news/energy-transfer-partners-completes-texas-independence-pipeline-62906
Gas pipelines,Diameter [ref],BO1723,1723,P3293,,https://web.archive.org/web/20250817201146/https://www.hartenergy.com/news/energy-transfer-partners-completes-texas-independence-pipeline-62906
Gas pipelines,Location [ref],CF1723,1723,P3293,,https://web.archive.org/web/20250817201146/https://www.hartenergy.com/news/energy-transfer-partners-completes-texas-independence-pipeline-62906
Gas pipelines,SegmentCost [ref],CM1723,1723,P3293,,https://web.archive.org/web/20250817201146/https://www.hartenergy.com/news/energy-transfer-partners-completes-texas-independence-pipeline-62906
Gas pipelines,Status [ref],I1725,1725,P3295,,"https://www.argusmedia.com/en/news/1253846-ferc-oks-start-of-elba-express-expansion, https://www.sec.gov/Archives/edgar/data/1506307/000150630726000011/kmi-2025x10kxexh211.htm"
Gas pipelines,Researcher,J1725,1725,P3295,HK,CB
Gas pipelines,LastUpdated,K1725,1725,P3295,45156,46297
Gas pipelines,Fuel [ref],M1725,1725,P3295,,"https://www.federalregister.gov/documents/2006/10/17/E6-17200/southern-lng-inc-elba-express-company-llc-southern-natural-gas-company-notice-of-applications, https://web.archive.org/web/20210211011144/https://www.rigzone.com/news/oil_gas/a/88687/el_pasos_elba_express_gas_pipeline_now_in_service/"
Gas pipelines,Proposal [ref],AB1725,1725,P3295,,https://www.federalregister.gov/documents/2006/10/17/E6-17200/southern-lng-inc-elba-express-company-llc-southern-natural-gas-company-notice-of-applications
Gas pipelines,StartMonth1,AG1725,1725,P3295,,3
Gas pipelines,Start [ref],AL1725,1725,P3295,,"https://www.sec.gov/Archives/edgar/data/1410838/000095012310028034/h71729exv99w3.htm, https://www.argusmedia.com/en/news/1253846-ferc-oks-start-of-elba-express-expansion"
Gas pipelines,Capacity [ref],AZ1725,1725,P3295,,"https://www.federalregister.gov/documents/2007/08/10/E7-15633/southern-lng-inc-elba-express-company-llc-southern-natural-gas-company-notice-of-availability-of-the, https://www.sec.gov/Archives/edgar/data/1410838/000095012310028034/h71729exv99w3.htm"
Gas pipelines,Length [ref],BI1725,1725,P3295,,"https://www.federalregister.gov/documents/2006/10/17/E6-17200/southern-lng-inc-elba-express-company-llc-southern-natural-gas-company-notice-of-applications, https://www.argusmedia.com/en/news/1253846-ferc-oks-start-of-elba-express-expansion"
Gas pipelines,Diameter [ref],BO1725,1725,P3295,,"https://www.federalregister.gov/documents/2006/10/17/E6-17200/southern-lng-inc-elba-express-company-llc-southern-natural-gas-company-notice-of-applications, https://www.sec.gov/Archives/edgar/data/1410838/000095012310028034/h71729exv99w3.htm"
Gas pipelines,Location [ref],CF1725,1725,P3295,,"https://www.federalregister.gov/documents/2006/10/17/E6-17200/southern-lng-inc-elba-express-company-llc-southern-natural-gas-company-notice-of-applications, https://pipeline2.kindermorgan.com/Documents/EEC/EEC_Segment_Pin_Map-20190625141410.pdf"
Gas pipelines,Status [ref],I1726,1726,P3296,https://www.eia.gov/naturalgas/data.php#pipelines,"https://www.eia.gov/naturalgas/data.php#pipelines, https://www.eia.gov/naturalgas/pipelines/EIA-NaturalGasPipelineProjects.xlsx, http://web.archive.org/web/20260217151408/https://www.williams.com/2019/01/04/gulf-connector-project-placed-into-service/"
Gas pipelines,Researcher,J1726,1726,P3296,BL,CB
Gas pipelines,LastUpdated,K1726,1726,P3296,44848,46297
Gas pipelines,Fuel [ref],M1726,1726,P3296,https://www.eia.gov/naturalgas/data.php#pipelines,"https://www.eia.gov/naturalgas/data.php#pipelines, https://www.eia.gov/naturalgas/pipelines/EIA-NaturalGasPipelineProjects.xlsx, https://www.federalregister.gov/documents/2016/08/31/2016-20975/transcontinental-gas-pipe-line-company-llc-notice-of-application"
Gas pipelines,PipelineType [ref],O1726,1726,P3296,https://www.eia.gov/naturalgas/data.php#pipelines,"https://www.eia.gov/naturalgas/data.php#pipelines, https://www.eia.gov/naturalgas/pipelines/EIA-NaturalGasPipelineProjects.xlsx, https://www.federalregister.gov/documents/2016/08/31/2016-20975/transcontinental-gas-pipe-line-company-llc-notice-of-application"
Gas pipelines,Start [ref],AL1726,1726,P3296,https://www.eia.gov/naturalgas/data.php#pipelines,"https://www.eia.gov/naturalgas/data.php#pipelines, https://www.eia.gov/naturalgas/pipelines/EIA-NaturalGasPipelineProjects.xlsx, http://web.archive.org/web/20260217151408/https://www.williams.com/2019/01/04/gulf-connector-project-placed-into-service/"
Gas pipelines,Length [ref],BI1726,1726,P3296,https://www.eia.gov/naturalgas/data.php#pipelines,"https://www.eia.gov/naturalgas/data.php#pipelines, https://www.eia.gov/naturalgas/pipelines/EIA-NaturalGasPipelineProjects.xlsx, https://www.federalregister.gov/documents/2016/08/31/2016-20975/transcontinental-gas-pipe-line-company-llc-notice-of-application"
Gas pipelines,Location [ref],CF1726,1726,P3296,,"https://www.sec.gov/Archives/edgar/data/107263/000010726319000007/wmb_20181231x10k.htm, https://www.eia.gov/naturalgas/pipelines/EIA-NaturalGasPipelineProjects.xlsx"
Gas pipelines,Status [ref],I1818,1818,P3584,,"https://www.wbienergy.com/projects/north-bakken/, https://cms.ferc.gov/sites/default/files/2020-12/CP20-52%20EA_DRAFT_FINAL.pdf"
Gas pipelines,Researcher,J1818,1818,P3584,BL,CB
Gas pipelines,LastUpdated,K1818,1818,P3584,44848,46297
Gas pipelines,Fuel [ref],M1818,1818,P3584,,"https://cms.ferc.gov/sites/default/files/2020-12/CP20-52%20EA_DRAFT_FINAL.pdf, https://www.wbienergy.com/projects/north-bakken/"
Gas pipelines,ProposalYear,Z1818,1818,P3584,,2020
Gas pipelines,ProposalMonth,AA1818,1818,P3584,,2
Gas pipelines,Proposal [ref],AB1818,1818,P3584,,https://cms.ferc.gov/sites/default/files/2020-12/CP20-52%20EA_DRAFT_FINAL.pdf
Gas pipelines,ConstructionMonth,AD1818,1818,P3584,,7
Gas pipelines,Construction [ref],AE1818,1818,P3584,,"https://www.wbienergy.com/projects/north-bakken/, https://www.minotdailynews.com/news/local-news/2021/07/construction-begins-on-north-bakken-expansion-pipeline/"
Gas pipelines,StartMonth1,AG1818,1818,P3584,,2
Gas pipelines,Start [ref],AL1818,1818,P3584,,https://www.wbienergy.com/projects/north-bakken/
Gas pipelines,Capacity [ref],AZ1818,1818,P3584,,"https://www.wbienergy.com/projects/north-bakken/, https://www.nsenergybusiness.com/projects/north-bakken-expansion-project/, https://cms.ferc.gov/sites/default/files/2020-12/CP20-52%20EA_DRAFT_FINAL.pdf"
Gas pipelines,Pressure,BA1818,1818,P3584,,1480
Gas pipelines,PressureUnits,BB1818,1818,P3584,,psig
Gas pipelines,Pressure [ref],BC1818,1818,P3584,,"https://cms.ferc.gov/sites/default/files/2020-12/CP20-52%20EA_DRAFT_FINAL.pdf, https://www.nsenergybusiness.com/projects/north-bakken-expansion-project/"
Gas pipelines,Length [ref],BI1818,1818,P3584,,"https://cms.ferc.gov/sites/default/files/2020-12/CP20-52%20EA_DRAFT_FINAL.pdf, https://www.wbienergy.com/projects/north-bakken/"
Gas pipelines,Diameter [ref],BO1818,1818,P3584,,"https://cms.ferc.gov/sites/default/files/2020-12/CP20-52%20EA_DRAFT_FINAL.pdf, https://www.wbienergy.com/projects/north-bakken/"
Gas pipelines,Location [ref],CF1818,1818,P3584,,"https://cms.ferc.gov/sites/default/files/2020-12/CP20-52%20EA_DRAFT_FINAL.pdf, https://www.wbienergy.com/projects/north-bakken/"
Gas pipelines,Status [ref],I1820,1820,P3586,,"https://www.wbienergy.com/projects/north-bakken/, https://www.kfyrtv.com/2022/02/09/completed-wbi-north-bakken-expansion-pipeline-improve-gas-capture-reduce-flaring/"
Gas pipelines,Researcher,J1820,1820,P3586,BL,CB
Gas pipelines,LastUpdated,K1820,1820,P3586,44848,46297
Gas pipelines,Fuel [ref],M1820,1820,P3586,,"https://cms.ferc.gov/sites/default/files/2020-12/CP20-52%20EA_DRAFT_FINAL.pdf, https://www.nsenergybusiness.com/projects/north-bakken-expansion-project/"
Gas pipelines,ProposalYear,Z1820,1820,P3586,,2020
Gas pipelines,ProposalMonth,AA1820,1820,P3586,,2
Gas pipelines,Proposal [ref],AB1820,1820,P3586,,"https://cms.ferc.gov/sites/default/files/2020-12/CP20-52%20EA_DRAFT_FINAL.pdf, https://www.federalregister.gov/documents/2020/03/03/2020-04321/wbi-energy-transmission-inc-notice-of-application"
Gas pipelines,ConstructionMonth,AD1820,1820,P3586,,7
Gas pipelines,Construction [ref],AE1820,1820,P3586,,"https://web.archive.org/web/20210729125558/https://www.willistonherald.com/news/oil_and_energy/wbi-starts-construction-of-north-bakken-expansion-and-more-things-to-know-this-week-in/article_7e162c48-efbf-11eb-af43-ef46ed13c6f0.html, https://www.wbienergy.com/projects/north-bakken/"
Gas pipelines,StartMonth1,AG1820,1820,P3586,,2
Gas pipelines,Start [ref],AL1820,1820,P3586,,"https://www.wbienergy.com/projects/north-bakken/, https://www.kfyrtv.com/2022/02/09/completed-wbi-north-bakken-expansion-pipeline-improve-gas-capture-reduce-flaring/, https://news.prairiepublic.org/local-news/2022-02-07/north-bakken-expansion-pipeline-now-operational"
Gas pipelines,Pressure,BA1820,1820,P3586,,700
Gas pipelines,PressureUnits,BB1820,1820,P3586,,psig
Gas pipelines,Pressure [ref],BC1820,1820,P3586,,https://cms.ferc.gov/sites/default/files/2020-12/CP20-52%20EA_DRAFT_FINAL.pdf
Gas pipelines,Length [ref],BI1820,1820,P3586,,"https://cms.ferc.gov/sites/default/files/2020-12/CP20-52%20EA_DRAFT_FINAL.pdf, https://www.nsenergybusiness.com/projects/north-bakken-expansion-project/"
Gas pipelines,Diameter [ref],BO1820,1820,P3586,,"https://cms.ferc.gov/sites/default/files/2020-12/CP20-52%20EA_DRAFT_FINAL.pdf, https://www.nsenergybusiness.com/projects/north-bakken-expansion-project/"
Gas pipelines,StartLocation,BS1820,1820,P3586,,Nesson Valve Setting
Gas pipelines,StartPrefecture/District,BT1820,1820,P3586,,Williams County
Gas pipelines,EndLocation,BY1820,1820,P3586,,Tioga Compressor Station
Gas pipelines,EndPrefecture/District,BZ1820,1820,P3586,,Williams County
Gas pipelines,Location [ref],CF1820,1820,P3586,,"https://cms.ferc.gov/sites/default/files/2020-12/CP20-52%20EA_DRAFT_FINAL.pdf, https://www.nsenergybusiness.com/projects/north-bakken-expansion-project/"
Gas pipelines,Status [ref],I1821,1821,P3587,,"https://www.wbienergy.com/projects/north-bakken/, https://www.eia.gov/naturalgas/pipelines/EIA-NaturalGasPipelineProjects.xlsx"
Gas pipelines,Researcher,J1821,1821,P3587,BL,CB
Gas pipelines,LastUpdated,K1821,1821,P3587,44848,46297
Gas pipelines,Fuel [ref],M1821,1821,P3587,,"https://cms.ferc.gov/sites/default/files/2020-12/CP20-52%20EA_DRAFT_FINAL.pdf, https://www.wbienergy.com/projects/north-bakken/"
Gas pipelines,ProposalYear,Z1821,1821,P3587,,2020
Gas pipelines,ProposalMonth,AA1821,1821,P3587,,2
Gas pipelines,Proposal [ref],AB1821,1821,P3587,,https://cms.ferc.gov/sites/default/files/2020-12/CP20-52%20EA_DRAFT_FINAL.pdf
Gas pipelines,ConstructionMonth,AD1821,1821,P3587,,7
Gas pipelines,Construction [ref],AE1821,1821,P3587,,"https://www.minotdailynews.com/news/local-news/2021/07/construction-begins-on-north-bakken-expansion-pipeline/, https://www.wbienergy.com/projects/north-bakken/"
Gas pipelines,StartMonth1,AG1821,1821,P3587,,2
Gas pipelines,Start [ref],AL1821,1821,P3587,,"https://www.wbienergy.com/projects/north-bakken/, https://www.eia.gov/naturalgas/pipelines/EIA-NaturalGasPipelineProjects.xlsx"
Gas pipelines,Pressure,BA1821,1821,P3587,,1480
Gas pipelines,PressureUnits,BB1821,1821,P3587,,psig
Gas pipelines,Pressure [ref],BC1821,1821,P3587,,https://cms.ferc.gov/sites/default/files/2020-12/CP20-52%20EA_DRAFT_FINAL.pdf
Gas pipelines,Length [ref],BI1821,1821,P3587,,https://cms.ferc.gov/sites/default/files/2020-12/CP20-52%20EA_DRAFT_FINAL.pdf
Gas pipelines,Diameter [ref],BO1821,1821,P3587,,https://cms.ferc.gov/sites/default/files/2020-12/CP20-52%20EA_DRAFT_FINAL.pdf
Gas pipelines,FuelSource,BQ1821,1821,P3587,,Hess Tioga Gas Plant
Gas pipelines,FuelSource [ref],BR1821,1821,P3587,,"https://cms.ferc.gov/sites/default/files/2020-12/CP20-52%20EA_DRAFT_FINAL.pdf, https://www.ogj.com/refining-processing/gas-processing/capacities/article/17272438/hess-completes-expansion-of-tioga-gas-plant-in-north-dakota"
Gas pipelines,Location [ref],CF1821,1821,P3587,,"https://cms.ferc.gov/sites/default/files/2020-12/CP20-52%20EA_DRAFT_FINAL.pdf, https://www.wbienergy.com/projects/north-bakken/"
Gas pipelines,Status [ref],I1822,1822,P3588,,"https://www.wbienergy.com/projects/north-bakken/, https://cms.ferc.gov/sites/default/files/2020-12/CP20-52%20EA_DRAFT_FINAL.pdf"
Gas pipelines,Researcher,J1822,1822,P3588,BL,CB
Gas pipelines,LastUpdated,K1822,1822,P3588,44848,46297
Gas pipelines,Fuel [ref],M1822,1822,P3588,,https://cms.ferc.gov/sites/default/files/2020-12/CP20-52%20EA_DRAFT_FINAL.pdf
Gas pipelines,ProposalYear,Z1822,1822,P3588,,2020
Gas pipelines,ProposalMonth,AA1822,1822,P3588,,2
Gas pipelines,Proposal [ref],AB1822,1822,P3588,,https://cms.ferc.gov/sites/default/files/2020-12/CP20-52%20EA_DRAFT_FINAL.pdf
Gas pipelines,ConstructionMonth,AD1822,1822,P3588,,7
Gas pipelines,Construction [ref],AE1822,1822,P3588,,"https://www.minotdailynews.com/news/local-news/2021/07/construction-begins-on-north-bakken-expansion-pipeline/, https://www.wbienergy.com/projects/north-bakken/"
Gas pipelines,StartMonth1,AG1822,1822,P3588,,2
Gas pipelines,Start [ref],AL1822,1822,P3588,,https://www.wbienergy.com/projects/north-bakken/
Gas pipelines,Capacity [ref],AZ1822,1822,P3588,,"https://www.wbienergy.com/projects/north-bakken/, https://www.minotdailynews.com/news/local-news/2021/07/construction-begins-on-north-bakken-expansion-pipeline/"
Gas pipelines,Pressure,BA1822,1822,P3588,,1480.0
Gas pipelines,PressureUnits,BB1822,1822,P3588,,psig
Gas pipelines,Pressure [ref],BC1822,1822,P3588,,https://cms.ferc.gov/sites/default/files/2020-12/CP20-52%20EA_DRAFT_FINAL.pdf
Gas pipelines,Length [ref],BI1822,1822,P3588,,https://cms.ferc.gov/sites/default/files/2020-12/CP20-52%20EA_DRAFT_FINAL.pdf
Gas pipelines,Diameter [ref],BO1822,1822,P3588,,https://cms.ferc.gov/sites/default/files/2020-12/CP20-52%20EA_DRAFT_FINAL.pdf
Gas pipelines,Location [ref],CF1822,1822,P3588,,"https://cms.ferc.gov/sites/default/files/2020-12/CP20-52%20EA_DRAFT_FINAL.pdf, https://www.wbienergy.com/projects/north-bakken/"
Gas pipelines,Status [ref],I1823,1823,P3589,https://www.eia.gov/naturalgas/data.php#pipelines,"https://www.eia.gov/naturalgas/data.php#pipelines, https://www.eia.gov/naturalgas/pipelines/EIA-NaturalGasPipelineProjectsAug2026.xlsx"
Gas pipelines,Researcher,J1823,1823,P3589,IM,CB
Gas pipelines,LastUpdated,K1823,1823,P3589,45926,46297
Gas pipelines,Fuel [ref],M1823,1823,P3589,https://www.eia.gov/naturalgas/data.php#pipelines,"https://www.eia.gov/naturalgas/data.php#pipelines, https://www.eia.gov/naturalgas/pipelines/EIA-NaturalGasPipelineProjectsAug2026.xlsx"
Gas pipelines,PipelineType [ref],O1823,1823,P3589,https://www.eia.gov/naturalgas/data.php#pipelines,"https://www.eia.gov/naturalgas/data.php#pipelines, https://www.eia.gov/naturalgas/pipelines/EIA-NaturalGasPipelineProjectsAug2026.xlsx"
Gas pipelines,Proposal [ref],AB1823,1823,P3589,,https://www.eia.gov/naturalgas/pipelines/EIA-NaturalGasPipelineProjectsAug2026.xlsx
Gas pipelines,Construction [ref],AE1823,1823,P3589,https://www.eia.gov/naturalgas/data.php#pipelines,"https://www.eia.gov/naturalgas/data.php#pipelines, https://www.eia.gov/naturalgas/pipelines/EIA-NaturalGasPipelineProjectsAug2026.xlsx"
Gas pipelines,Start [ref],AL1823,1823,P3589,https://www.eia.gov/naturalgas/data.php#pipelines,"https://www.eia.gov/naturalgas/data.php#pipelines, https://www.eia.gov/naturalgas/pipelines/EIA-NaturalGasPipelineProjectsAug2026.xlsx"
Gas pipelines,Delay [ref],AO1823,1823,P3589,https://www.eia.gov/naturalgas/data.php#pipelines,"https://www.eia.gov/naturalgas/data.php#pipelines, https://www.eia.gov/naturalgas/pipelines/EIA-NaturalGasPipelineProjectsAug2026.xlsx"
Gas pipelines,Diameter [ref],BO1823,1823,P3589,https://www.eia.gov/naturalgas/data.php#pipelines,"https://www.eia.gov/naturalgas/data.php#pipelines, https://www.eia.gov/naturalgas/pipelines/EIA-NaturalGasPipelineProjectsAug2026.xlsx, https://www.ogj.com/pipelines-transportation/lng/article/14196680/venture-global-to-develop-second-cameron-parish-lng-plant"
Gas pipelines,Location [ref],CF1823,1823,P3589,https://www.eia.gov/naturalgas/data.php#pipelines,"https://www.eia.gov/naturalgas/data.php#pipelines, https://www.eia.gov/naturalgas/pipelines/EIA-NaturalGasPipelineProjectsAug2026.xlsx, https://www.ogj.com/pipelines-transportation/lng/article/14196680/venture-global-to-develop-second-cameron-parish-lng-plant"
Gas pipelines,FID [ref],CR1823,1823,P3589,https://www.eia.gov/naturalgas/data.php#pipelines,"https://www.eia.gov/naturalgas/data.php#pipelines, https://www.eia.gov/naturalgas/pipelines/EIA-NaturalGasPipelineProjectsAug2026.xlsx"
Gas pipelines,Researcher,J1824,1824,P3590,BL,CB
Gas pipelines,LastUpdated,K1824,1824,P3590,45940,46297
Gas pipelines,Fuel [ref],M1824,1824,P3590,https://www.knoe.com/content/news/Port-Arthur-LNG-proposes-252-mile-pipeline-into-northeast-Louisiana-513194151.html,"https://www.knoe.com/content/news/Port-Arthur-LNG-proposes-252-mile-pipeline-into-northeast-Louisiana-513194151.html, https://www.federalregister.gov/documents/2019/09/12/2019-19752/notice-of-intent-to-prepare-an-environmental-impact-statement-for-the-planned-louisiana-connector"
Gas pipelines,PipelineType [ref],O1824,1824,P3590,https://www.knoe.com/content/news/Port-Arthur-LNG-proposes-252-mile-pipeline-into-northeast-Louisiana-513194151.html,"https://www.knoe.com/content/news/Port-Arthur-LNG-proposes-252-mile-pipeline-into-northeast-Louisiana-513194151.html, https://www.federalregister.gov/documents/2019/09/12/2019-19752/notice-of-intent-to-prepare-an-environmental-impact-statement-for-the-planned-louisiana-connector"
Gas pipelines,Proposal [ref],AB1824,1824,P3590,https://www.knoe.com/content/news/Port-Arthur-LNG-proposes-252-mile-pipeline-into-northeast-Louisiana-513194151.html,"https://www.knoe.com/content/news/Port-Arthur-LNG-proposes-252-mile-pipeline-into-northeast-Louisiana-513194151.html, https://www.federalregister.gov/documents/2019/09/12/2019-19752/notice-of-intent-to-prepare-an-environmental-impact-statement-for-the-planned-louisiana-connector"
Gas pipelines,Delay [ref],AO1824,1824,P3590,https://www.knoe.com/content/news/Port-Arthur-LNG-proposes-252-mile-pipeline-into-northeast-Louisiana-513194151.html,"https://www.knoe.com/content/news/Port-Arthur-LNG-proposes-252-mile-pipeline-into-northeast-Louisiana-513194151.html, https://web.archive.org/web/20210511105456/https://www.sempralng.com/port-arthur-pipeline-louisiana-connector-extension/"
Gas pipelines,Capacity,AX1824,1824,P3590,,2500.0
Gas pipelines,CapacityUnits,AY1824,1824,P3590,,MMcf/d
Gas pipelines,Capacity [ref],AZ1824,1824,P3590,,"https://www.federalregister.gov/documents/2019/09/12/2019-19752/notice-of-intent-to-prepare-an-environmental-impact-statement-for-the-planned-louisiana-connector, https://web.archive.org/web/20210511105456/https://www.sempralng.com/port-arthur-pipeline-louisiana-connector-extension/"
Gas pipelines,Diameter [ref],BO1824,1824,P3590,https://www.knoe.com/content/news/Port-Arthur-LNG-proposes-252-mile-pipeline-into-northeast-Louisiana-513194151.html,"https://www.knoe.com/content/news/Port-Arthur-LNG-proposes-252-mile-pipeline-into-northeast-Louisiana-513194151.html, https://www.federalregister.gov/documents/2019/09/12/2019-19752/notice-of-intent-to-prepare-an-environmental-impact-statement-for-the-planned-louisiana-connector, https://web.archive.org/web/20210511105456/https://www.sempralng.com/port-arthur-pipeline-louisiana-connector-extension/"
Gas pipelines,Location [ref],CF1824,1824,P3590,https://www.knoe.com/content/news/Port-Arthur-LNG-proposes-252-mile-pipeline-into-northeast-Louisiana-513194151.html,"https://www.knoe.com/content/news/Port-Arthur-LNG-proposes-252-mile-pipeline-into-northeast-Louisiana-513194151.html, https://www.federalregister.gov/documents/2019/09/12/2019-19752/notice-of-intent-to-prepare-an-environmental-impact-statement-for-the-planned-louisiana-connector, https://web.archive.org/web/20210511105456/https://www.sempralng.com/port-arthur-pipeline-louisiana-connector-extension/"
Gas pipelines,Status,H1884,1884,P3663,proposed,construction
Gas pipelines,Status [ref],I1884,1884,P3663,,"https://www.prnewswire.com/news-releases/caturus-announces-final-investment-decision-for-9-5-mtpa-commonwealth-lng-export-facility-in-cameron-la-302773264.html, https://www.kplctv.com/2026/05/16/13-billion-commonwealth-lng-breaks-ground-cameron-parish-with-energy-secretary-governor-hand/"
Gas pipelines,Researcher,J1884,1884,P3663,BL,CB
Gas pipelines,LastUpdated,K1884,1884,P3663,44756,46297
Gas pipelines,Fuel [ref],M1884,1884,P3663,,"https://web.archive.org/web/20220909160655/https://www.ferc.gov/news-events/news/ferc-staff-issues-final-environmental-impact-statement-commonwealth-lng-project, https://www.offshore-technology.com/projects/commonwealth-lng-terminal-louisiana-usa/"
Gas pipelines,ProposalYear,Z1884,1884,P3663,,2019
Gas pipelines,ProposalMonth,AA1884,1884,P3663,,8
Gas pipelines,Proposal [ref],AB1884,1884,P3663,,"https://www.federalregister.gov/documents/2019/09/09/2019-19428/commonwealth-lng-llc-notice-of-application, https://web.archive.org/web/20220420001722/https://www.spglobal.com/commodityinsights/en/market-insights/latest-news/natural-gas/082019-commonwealth-lng-files-ferc-permit-application-for-louisiana-export-facility"
Gas pipelines,ConstructionYear,AC1884,1884,P3663,,2026
Gas pipelines,ConstructionMonth,AD1884,1884,P3663,,5
Gas pipelines,Construction [ref],AE1884,1884,P3663,,"https://www.prnewswire.com/news-releases/caturus-announces-final-investment-decision-for-9-5-mtpa-commonwealth-lng-export-facility-in-cameron-la-302773264.html, https://www.kplctv.com/2026/05/16/13-billion-commonwealth-lng-breaks-ground-cameron-parish-with-energy-secretary-governor-hand/"
Gas pipelines,Capacity [ref],AZ1884,1884,P3663,,"https://web.archive.org/web/20220909160655/https://www.ferc.gov/news-events/news/ferc-staff-issues-final-environmental-impact-statement-commonwealth-lng-project, https://www.offshore-technology.com/projects/commonwealth-lng-terminal-louisiana-usa/"
Gas pipelines,Length [ref],BI1884,1884,P3663,,"https://web.archive.org/web/20220909160655/https://www.ferc.gov/news-events/news/ferc-staff-issues-final-environmental-impact-statement-commonwealth-lng-project, https://web.archive.org/web/20220420001722/https://www.spglobal.com/commodityinsights/en/market-insights/latest-news/natural-gas/082019-commonwealth-lng-files-ferc-permit-application-for-louisiana-export-facility"
Gas pipelines,FuelSource,BQ1884,1884,P3663,,"Kinetica Pipeline, EnLink Bridgeline Pipeline"
Gas pipelines,FuelSource [ref],BR1884,1884,P3663,,"https://web.archive.org/web/20220420001722/https://www.spglobal.com/commodityinsights/en/market-insights/latest-news/natural-gas/082019-commonwealth-lng-files-ferc-permit-application-for-louisiana-export-facility, https://www.offshore-technology.com/projects/commonwealth-lng-terminal-louisiana-usa/"
Gas pipelines,StartLocation,BS1884,1884,P3663,,Kinetica/EnLink Bridgeline pipeline interconnect
Gas pipelines,StartState/Province,BU1884,1884,P3663,,Louisiana
Gas pipelines,EndLocation,BY1884,1884,P3663,,Commonwealth LNG Terminal
Gas pipelines,EndState/Province,CA1884,1884,P3663,,Louisiana
Gas pipelines,Location [ref],CF1884,1884,P3663,,"https://web.archive.org/web/20220909160655/https://www.ferc.gov/news-events/news/ferc-staff-issues-final-environmental-impact-statement-commonwealth-lng-project, https://www.offshore-technology.com/projects/commonwealth-lng-terminal-louisiana-usa/"
Gas pipelines,FIDStatus,CP1884,1884,P3663,,FID
Gas pipelines,Status,H1886,1886,P3665,proposed,cancelled
Gas pipelines,Status [ref],I1886,1886,P3665,,"https://downloads.regulations.gov/MARAD-2019-0095-0038/attachment_1.pdf, https://earthworks.org/releases/floating-lng-terminal-gets-application-denied-amid-trumps-pro-lng-policies/"
Gas pipelines,Researcher,J1886,1886,P3665,HK,CB
Gas pipelines,LastUpdated,K1886,1886,P3665,45145,46297
Gas pipelines,Fuel [ref],M1886,1886,P3665,,"https://www.federalregister.gov/documents/2019/09/26/2019-20929/deepwater-port-license-application-west-delta-lng-llc, https://www.theadvocate.com/baton_rouge/news/business/deadline-looms-for-delayed-plaquemines-lng-port/article_d7aa9e78-b6e3-11ed-b30d-a3398637f651.html"
Gas pipelines,ProposalMonth,AA1886,1886,P3665,,8
Gas pipelines,Proposal [ref],AB1886,1886,P3665,,"https://downloads.regulations.gov/MARAD-2019-0095-0038/attachment_1.pdf, https://www.theadvocate.com/baton_rouge/news/business/deadline-looms-for-delayed-plaquemines-lng-port/article_d7aa9e78-b6e3-11ed-b30d-a3398637f651.html"
Gas pipelines,CancelledYear,AS1886,1886,P3665,,2025
Gas pipelines,ShelvedCancelledType,AW1886,1886,P3665,,confirmed
Gas pipelines,Capacity [ref],AZ1886,1886,P3665,,https://www.federalregister.gov/documents/2019/10/04/2019-21567/deepwater-port-license-application-west-delta-lng-llc
Gas pipelines,Pressure,BA1886,1886,P3665,,1000
Gas pipelines,PressureUnits,BB1886,1886,P3665,,psig
Gas pipelines,Pressure [ref],BC1886,1886,P3665,,https://downloads.regulations.gov/MARAD-2019-0095-0001/attachment_5.pdf
Gas pipelines,Length [ref],BI1886,1886,P3665,,https://www.federalregister.gov/documents/2019/10/04/2019-21567/deepwater-port-license-application-west-delta-lng-llc
Gas pipelines,Diameter [ref],BO1886,1886,P3665,,https://www.federalregister.gov/documents/2019/10/04/2019-21567/deepwater-port-license-application-west-delta-lng-llc
Gas pipelines,FuelSource,BQ1886,1886,P3665,,Venice Gas Complex
Gas pipelines,FuelSource [ref],BR1886,1886,P3665,,https://www.federalregister.gov/documents/2019/10/04/2019-21567/deepwater-port-license-application-west-delta-lng-llc
Gas pipelines,StartLocation,BS1886,1886,P3665,,Plaquemines Parish
Gas pipelines,EndLocation,BY1886,1886,P3665,,West Delta Block 44 (Gulf of Mexico OCS)
Gas pipelines,Location [ref],CF1886,1886,P3665,,https://www.federalregister.gov/documents/2019/10/04/2019-21567/deepwater-port-license-application-west-delta-lng-llc
Gas pipelines,Researcher,J1889,1889,P3669,BL,CB
Gas pipelines,LastUpdated,K1889,1889,P3669,44848,46297
Gas pipelines,Fuel [ref],M1889,1889,P3669,https://www.eia.gov/naturalgas/data.php#pipelines,"https://www.eia.gov/naturalgas/data.php#pipelines, https://www.eia.gov/naturalgas/pipelines/EIA-NaturalGasPipelineProjects_May2018.xlsx"
Gas pipelines,PipelineType [ref],O1889,1889,P3669,https://www.eia.gov/naturalgas/data.php#pipelines,"https://www.eia.gov/naturalgas/data.php#pipelines, https://www.eia.gov/naturalgas/pipelines/EIA-NaturalGasPipelineProjects_May2018.xlsx"
Gas pipelines,Proposal [ref],AB1889,1889,P3669,,https://www.eia.gov/naturalgas/pipelines/EIA-NaturalGasPipelineProjects_May2018.xlsx
Gas pipelines,Capacity,AX1889,1889,P3669,,2000
Gas pipelines,CapacityUnits,AY1889,1889,P3669,,MMcf/d
Gas pipelines,Capacity [ref],AZ1889,1889,P3669,,https://www.eia.gov/naturalgas/pipelines/EIA-NaturalGasPipelineProjects_May2018.xlsx
Gas pipelines,StartState/Province,BU1889,1889,P3669,,Ohio
Gas pipelines,EndState/Province,CA1889,1889,P3669,,Virginia
Gas pipelines,Location [ref],CF1889,1889,P3669,,https://www.eia.gov/naturalgas/pipelines/EIA-NaturalGasPipelineProjects_May2018.xlsx
Gas pipelines,SegmentCost,CJ1889,1889,P3669,,500000000.0
Gas pipelines,SegmentCostUnits,CK1889,1889,P3669,,USD
Gas pipelines,SegmentCostYear,CL1889,1889,P3669,,2018
Gas pipelines,SegmentCost [ref],CM1889,1889,P3669,,https://www.eia.gov/naturalgas/pipelines/EIA-NaturalGasPipelineProjects_May2018.xlsx
Gas pipelines,Researcher,J1891,1891,P3682,BL,CB
Gas pipelines,LastUpdated,K1891,1891,P3682,44848,46297
Gas pipelines,Fuel [ref],M1891,1891,P3682,,https://www.naturalgasworld.com/whistler-natural-gas-pipeline-starts-service-90911
Gas pipelines,Length [ref],BI1891,1891,P3682,,https://www.naturalgasworld.com/whistler-natural-gas-pipeline-starts-service-90911
Gas pipelines,Diameter [ref],BO1891,1891,P3682,,https://www.naturalgasworld.com/whistler-natural-gas-pipeline-starts-service-90911
Gas pipelines,Status [ref],I1892,1892,P3683,,https://www.eia.gov/naturalgas/pipelines/EIA-NaturalGasPipelineProjectsAug2026.xlsx
Gas pipelines,Researcher,J1892,1892,P3683,BL,CB
Gas pipelines,LastUpdated,K1892,1892,P3683,45691,46297
Gas pipelines,Fuel [ref],M1892,1892,P3683,,https://www.eia.gov/naturalgas/pipelines/EIA-NaturalGasPipelineProjectsAug2026.xlsx
Gas pipelines,Start [ref],AL1892,1892,P3683,,https://www.eia.gov/naturalgas/pipelines/EIA-NaturalGasPipelineProjectsAug2026.xlsx
Gas pipelines,Length [ref],BI1892,1892,P3683,,https://www.eia.gov/naturalgas/pipelines/EIA-NaturalGasPipelineProjectsAug2026.xlsx
Gas pipelines,Researcher,J1903,1903,P3887,AL,CB
Gas pipelines,LastUpdated,K1903,1903,P3887,45957,46297
Gas pipelines,Fuel [ref],M1903,1903,P3887,,https://www.eia.gov/naturalgas/pipelines/EIA-NaturalGasPipelineProjectsAug2026.xlsx
Gas pipelines,Proposal [ref],AB1903,1903,P3887,,https://www.bicmagazine.com/projects-expansions/midstream/whistler-pipeline-expansion-reaches-final-investment-decision/
Gas pipelines,ConstructionYear,AC1903,1903,P3887,,2023
Gas pipelines,Construction [ref],AE1903,1903,P3887,,https://www.eia.gov/naturalgas/pipelines/EIA-NaturalGasPipelineProjectsAug2026.xlsx
Gas pipelines,Start [ref],AL1903,1903,P3887,,https://pgjonline.com/news/2023/october/mplx-completes-whistler-pipeline-expansion-advances-permian-gas-processing-plant
Gas pipelines,Capacity [ref],AZ1903,1903,P3887,,https://pgjonline.com/news/2023/october/mplx-completes-whistler-pipeline-expansion-advances-permian-gas-processing-plant
Gas pipelines,Length [ref],BI1903,1903,P3887,,https://www.bicmagazine.com/projects-expansions/midstream/whistler-pipeline-expansion-reaches-final-investment-decision/
Gas pipelines,Location [ref],CF1903,1903,P3887,,https://www.bicmagazine.com/projects-expansions/midstream/whistler-pipeline-expansion-reaches-final-investment-decision/
Gas pipelines,FID [ref],CR1903,1903,P3887,,https://www.bicmagazine.com/projects-expansions/midstream/whistler-pipeline-expansion-reaches-final-investment-decision/
Gas pipelines,Status [ref],I1994,1994,P3995,,"https://www.vermontpublic.org/local-news/2025-01-09/neighbors-of-addison-county-gas-line-say-pipeline-problems-have-never-been-resolved, https://vtdigger.org/2019/12/11/report-finds-vermont-gas-pipeline-is-generally-in-compliance/"
Gas pipelines,Researcher,J1994,1994,P3995,BL,CB
Gas pipelines,LastUpdated,K1994,1994,P3995,44763,46297
Gas pipelines,Fuel [ref],M1994,1994,P3995,,"https://www.addisonindependent.com/2011/05/11/natural-gas-plan-wins-fans-2/, https://vermontbiz.com/news/2016/june/21/addison-gas-pipeline-cost-increases-78-percent-1656m"
Gas pipelines,Proposal [ref],AB1994,1994,P3995,,"https://www.vermontpublic.org/programs/2013-02-21/natural-gas-pipeline-proposed-for-addison-county, https://vermontbiz.com/news/2016/june/21/addison-gas-pipeline-cost-increases-78-percent-1656m"
Gas pipelines,ConstructionYear,AC1994,1994,P3995,,2014
Gas pipelines,Construction [ref],AE1994,1994,P3995,,"https://www.vermontpublic.org/vpr-news/2015-12-22/vermont-gas-customers-may-cover-some-pipeline-costs-even-if-project-is-canceled, https://vermontbiz.com/news/2016/june/21/addison-gas-pipeline-cost-increases-78-percent-1656m"
Gas pipelines,StartMonth1,AG1994,1994,P3995,,4
Gas pipelines,Start [ref],AL1994,1994,P3995,,"https://vtdigger.org/2019/12/11/report-finds-vermont-gas-pipeline-is-generally-in-compliance/, https://www.vermontpublic.org/vpr-news/2021-02-01/regulators-cite-multiple-issues-with-vermont-gas-pipeline-construction"
Gas pipelines,Delay [ref],AO1994,1994,P3995,,"https://www.vermontpublic.org/vpr-news/2015-12-22/vermont-gas-customers-may-cover-some-pipeline-costs-even-if-project-is-canceled, https://vermontbiz.com/news/2016/june/21/addison-gas-pipeline-cost-increases-78-percent-1656m"
Gas pipelines,Length [ref],BI1994,1994,P3995,,"https://vtdigger.org/2019/12/11/report-finds-vermont-gas-pipeline-is-generally-in-compliance/, https://vermontbiz.com/news/2016/june/21/addison-gas-pipeline-cost-increases-78-percent-1656m"
Gas pipelines,StartLocation,BS1994,1994,P3995,,Colchester
Gas pipelines,StartPrefecture/District,BT1994,1994,P3995,,Chittenden County
Gas pipelines,StartState/Province,BU1994,1994,P3995,,Vermont
Gas pipelines,EndLocation,BY1994,1994,P3995,,Middlebury
Gas pipelines,EndPrefecture/District,BZ1994,1994,P3995,,Addison County
Gas pipelines,EndState/Province,CA1994,1994,P3995,,Vermont
Gas pipelines,Location [ref],CF1994,1994,P3995,,"https://vtdigger.org/2019/12/11/report-finds-vermont-gas-pipeline-is-generally-in-compliance/, https://vermontbiz.com/news/2016/june/21/addison-gas-pipeline-cost-increases-78-percent-1656m"
Gas pipelines,SegmentCost,CJ1994,1994,P3995,,165600000.0
Gas pipelines,SegmentCostUnits,CK1994,1994,P3995,,USD
Gas pipelines,SegmentCostYear,CL1994,1994,P3995,,2016
Gas pipelines,SegmentCost [ref],CM1994,1994,P3995,,"https://vermontbiz.com/news/2016/june/21/addison-gas-pipeline-cost-increases-78-percent-1656m, https://vtdigger.org/2019/12/11/report-finds-vermont-gas-pipeline-is-generally-in-compliance/"
Gas pipelines,Status [ref],I2024,2024,P4028,,"https://www.govinfo.gov/content/pkg/FR-2016-12-30/pdf/2016-31659.pdf, https://naturalgasintel.com/fgt-expansion-to-serve-utility-chemicals-company, https://www.eia.gov/naturalgas/pipelines/eia-naturalgaspipelineprojects.xlsx"
Gas pipelines,Researcher,J2024,2024,P4028,BL,CB
Gas pipelines,LastUpdated,K2024,2024,P4028,44845,46297
Gas pipelines,Fuel [ref],M2024,2024,P4028,,"https://www.govinfo.gov/content/pkg/FR-2016-12-30/pdf/2016-31659.pdf, https://www.eia.gov/naturalgas/pipelines/eia-naturalgaspipelineprojects.xlsx"
Gas pipelines,ProposalYear,Z2024,2024,P4028,,2016
Gas pipelines,ProposalMonth,AA2024,2024,P4028,,12
Gas pipelines,Proposal [ref],AB2024,2024,P4028,,"https://www.govinfo.gov/content/pkg/FR-2016-12-30/pdf/2016-31659.pdf, https://naturalgasintel.com/fgt-expansion-to-serve-utility-chemicals-company"
Gas pipelines,StartMonth1,AG2024,2024,P4028,,10
Gas pipelines,Start [ref],AL2024,2024,P4028,,"https://naturalgasintel.com/fgt-expansion-to-serve-utility-chemicals-company, https://www.eia.gov/naturalgas/pipelines/eia-naturalgaspipelineprojects.xlsx"
Gas pipelines,Capacity [ref],AZ2024,2024,P4028,,"https://www.govinfo.gov/content/pkg/FR-2016-12-30/pdf/2016-31659.pdf, https://www.eia.gov/naturalgas/pipelines/eia-naturalgaspipelineprojects.xlsx"
Gas pipelines,Length [ref],BI2024,2024,P4028,,"https://www.govinfo.gov/content/pkg/FR-2016-12-30/pdf/2016-31659.pdf, https://www.eia.gov/naturalgas/pipelines/eia-naturalgaspipelineprojects.xlsx"
Gas pipelines,Diameter [ref],BO2024,2024,P4028,,"https://www.govinfo.gov/content/pkg/FR-2016-12-30/pdf/2016-31659.pdf, https://www.eia.gov/naturalgas/pipelines/eia-naturalgaspipelineprojects.xlsx"
Gas pipelines,StartLocation,BS2024,2024,P4028,,Santa Rosa County (downstream of Compressor Station 11)
Gas pipelines,StartState/Province,BU2024,2024,P4028,,Florida
Gas pipelines,EndLocation,BY2024,2024,P4028,,"Escambia County (new interconnection with Florida Public Utilities Co., near the Alabama/Florida border)"
Gas pipelines,EndState/Province,CA2024,2024,P4028,,Alabama
Gas pipelines,Location [ref],CF2024,2024,P4028,,"https://www.govinfo.gov/content/pkg/FR-2016-12-30/pdf/2016-31659.pdf, https://naturalgasintel.com/fgt-expansion-to-serve-utility-chemicals-company"
Gas pipelines,Status [ref],I2027,2027,P4031,,"https://www.eia.gov/naturalgas/pipelines/EIA-NaturalGasPipelineProjects.xlsx, https://www.govinfo.gov/content/pkg/FR-2019-02-14/pdf/2019-02345.pdf"
Gas pipelines,Researcher,J2027,2027,P4031,BL,CB
Gas pipelines,LastUpdated,K2027,2027,P4031,44845,46297
Gas pipelines,Fuel [ref],M2027,2027,P4031,,"https://www.govinfo.gov/content/pkg/FR-2007-02-26/pdf/E7-3215.pdf, https://www.eia.gov/naturalgas/pipelines/EIA-NaturalGasPipelineProjects.xlsx"
Gas pipelines,ProposalYear,Z2027,2027,P4031,,2007
Gas pipelines,ProposalMonth,AA2027,2027,P4031,,2
Gas pipelines,Proposal [ref],AB2027,2027,P4031,,https://www.govinfo.gov/content/pkg/FR-2007-02-26/pdf/E7-3215.pdf
Gas pipelines,Start [ref],AL2027,2027,P4031,,https://www.eia.gov/naturalgas/pipelines/EIA-NaturalGasPipelineProjects.xlsx
Gas pipelines,Capacity [ref],AZ2027,2027,P4031,,"https://www.govinfo.gov/content/pkg/FR-2007-02-26/pdf/E7-3215.pdf, https://www.eia.gov/naturalgas/pipelines/EIA-NaturalGasPipelineProjects.xlsx"
Gas pipelines,Diameter [ref],BO2027,2027,P4031,,"https://www.govinfo.gov/content/pkg/FR-2007-02-26/pdf/E7-3215.pdf, https://www.eia.gov/naturalgas/pipelines/EIA-NaturalGasPipelineProjects.xlsx"
Gas pipelines,StartState/Province,BU2027,2027,P4031,,Florida
Gas pipelines,EndState/Province,CA2027,2027,P4031,,Florida
Gas pipelines,Location [ref],CF2027,2027,P4031,,"https://www.govinfo.gov/content/pkg/FR-2007-02-26/pdf/E7-3215.pdf, https://www.eia.gov/naturalgas/pipelines/EIA-NaturalGasPipelineProjects.xlsx"
Gas pipelines,SegmentCost [ref],CM2027,2027,P4031,,"https://www.govinfo.gov/content/pkg/FR-2007-02-26/pdf/E7-3215.pdf, https://www.eia.gov/naturalgas/pipelines/EIA-NaturalGasPipelineProjects.xlsx"
Gas pipelines,Status [ref],I2028,2028,P4032,,"https://www.govinfo.gov/content/pkg/FR-2005-10-21/pdf/E5-5807.pdf, https://www.sec.gov/Archives/edgar/data/203248/000020324808000011/suform10k_123107.htm"
Gas pipelines,Researcher,J2028,2028,P4032,BL,CB
Gas pipelines,LastUpdated,K2028,2028,P4032,44845,46297
Gas pipelines,Fuel [ref],M2028,2028,P4032,,"https://www.govinfo.gov/content/pkg/FR-2005-10-21/pdf/E5-5807.pdf, https://www.sec.gov/Archives/edgar/data/203248/000020324808000011/suform10k_123107.htm"
Gas pipelines,ProposalYear,Z2028,2028,P4032,,2005
Gas pipelines,ProposalMonth,AA2028,2028,P4032,,10
Gas pipelines,Proposal [ref],AB2028,2028,P4032,,"https://www.govinfo.gov/content/pkg/FR-2005-10-21/pdf/E5-5807.pdf, https://www.sec.gov/Archives/edgar/data/203248/000020324808000011/suform10k_123107.htm"
Gas pipelines,ConstructionYear,AC2028,2028,P4032,,2006
Gas pipelines,ConstructionMonth,AD2028,2028,P4032,,11
Gas pipelines,Construction [ref],AE2028,2028,P4032,,"https://www.sec.gov/Archives/edgar/data/203248/000020324808000011/suform10k_123107.htm, https://www.govinfo.gov/content/pkg/FR-2006-04-14/pdf/E6-5561.pdf"
Gas pipelines,StartMonth1,AG2028,2028,P4032,,5
Gas pipelines,Start [ref],AL2028,2028,P4032,,"https://www.govinfo.gov/content/pkg/FR-2005-10-21/pdf/E5-5807.pdf, https://www.sec.gov/Archives/edgar/data/203248/000020324808000011/suform10k_123107.htm"
Gas pipelines,Length [ref],BI2028,2028,P4032,,"https://www.govinfo.gov/content/pkg/FR-2005-10-21/pdf/E5-5807.pdf, https://www.sec.gov/Archives/edgar/data/203248/000020324808000011/suform10k_123107.htm"
Gas pipelines,Diameter [ref],BO2028,2028,P4032,,"https://www.govinfo.gov/content/pkg/FR-2005-10-21/pdf/E5-5807.pdf, https://www.sec.gov/Archives/edgar/data/203248/000020324808000011/suform10k_123107.htm"
Gas pipelines,StartState/Province,BU2028,2028,P4032,,Florida
Gas pipelines,EndState/Province,CA2028,2028,P4032,,Florida
Gas pipelines,Location [ref],CF2028,2028,P4032,,"https://www.govinfo.gov/content/pkg/FR-2005-10-21/pdf/E5-5807.pdf, https://www.sec.gov/Archives/edgar/data/203248/000020324808000011/suform10k_123107.htm"
Gas pipelines,Status [ref],I2032,2032,P4036,,"https://www.eia.gov/naturalgas/pipelines/EIA-NaturalGasPipelineProjects_Jan2021.xlsx, http://fgttransfer.energytransfer.com/ipost/FGT/maps/system-map"
Gas pipelines,Researcher,J2032,2032,P4036,BL,CB
Gas pipelines,LastUpdated,K2032,2032,P4036,44845,46297
Gas pipelines,Fuel [ref],M2032,2032,P4036,,https://www.eia.gov/naturalgas/pipelines/EIA-NaturalGasPipelineProjects_Jan2021.xlsx
Gas pipelines,Start [ref],AL2032,2032,P4036,,https://www.eia.gov/naturalgas/pipelines/EIA-NaturalGasPipelineProjects_Jan2021.xlsx
Gas pipelines,Capacity [ref],AZ2032,2032,P4036,,https://www.eia.gov/naturalgas/pipelines/EIA-NaturalGasPipelineProjects_Jan2021.xlsx
Gas pipelines,Length [ref],BI2032,2032,P4036,,https://www.eia.gov/naturalgas/pipelines/EIA-NaturalGasPipelineProjects_Jan2021.xlsx
Gas pipelines,Diameter [ref],BO2032,2032,P4036,,https://www.eia.gov/naturalgas/pipelines/EIA-NaturalGasPipelineProjects_Jan2021.xlsx
Gas pipelines,StartState/Province,BU2032,2032,P4036,,Florida
Gas pipelines,EndState/Province,CA2032,2032,P4036,,Florida
Gas pipelines,Location [ref],CF2032,2032,P4036,,https://www.eia.gov/naturalgas/pipelines/EIA-NaturalGasPipelineProjects_Jan2021.xlsx
Gas pipelines,SegmentCost [ref],CM2032,2032,P4036,,https://www.eia.gov/naturalgas/pipelines/EIA-NaturalGasPipelineProjects_Jan2021.xlsx
Gas pipelines,Status [ref],I2036,2036,P4040,,"https://www.eia.gov/naturalgas/pipelines/EIA-NaturalGasPipelineProjects.xlsx, http://fgttransfer.energytransfer.com/ipost/FGT/maps/system-map"
Gas pipelines,Researcher,J2036,2036,P4040,BL,CB
Gas pipelines,LastUpdated,K2036,2036,P4040,44845,46297
Gas pipelines,Fuel [ref],M2036,2036,P4040,,"https://www.eia.gov/naturalgas/pipelines/EIA-NaturalGasPipelineProjects.xlsx, https://www.govinfo.gov/content/pkg/FR-1998-03-06/pdf/98-5779.pdf"
Gas pipelines,ProposalYear,Z2036,2036,P4040,,1998
Gas pipelines,ProposalMonth,AA2036,2036,P4040,,2
Gas pipelines,Proposal [ref],AB2036,2036,P4040,,https://www.govinfo.gov/content/pkg/FR-1998-03-06/pdf/98-5779.pdf
Gas pipelines,Start [ref],AL2036,2036,P4040,,"https://www.eia.gov/naturalgas/pipelines/EIA-NaturalGasPipelineProjects.xlsx, https://www.govinfo.gov/content/pkg/FR-1998-03-06/pdf/98-5779.pdf"
Gas pipelines,Capacity [ref],AZ2036,2036,P4040,,"https://www.eia.gov/naturalgas/pipelines/EIA-NaturalGasPipelineProjects.xlsx, https://www.govinfo.gov/content/pkg/FR-1998-03-06/pdf/98-5779.pdf"
Gas pipelines,Length [ref],BI2036,2036,P4040,,"https://www.eia.gov/naturalgas/pipelines/EIA-NaturalGasPipelineProjects.xlsx, https://www.govinfo.gov/content/pkg/FR-1998-03-06/pdf/98-5779.pdf"
Gas pipelines,StartState/Province,BU2036,2036,P4040,,Alabama
Gas pipelines,EndState/Province,CA2036,2036,P4040,,Alabama
Gas pipelines,Location [ref],CF2036,2036,P4040,,"https://www.govinfo.gov/content/pkg/FR-1998-03-06/pdf/98-5779.pdf, https://www.eia.gov/naturalgas/pipelines/EIA-NaturalGasPipelineProjects.xlsx"
Gas pipelines,SegmentCost [ref],CM2036,2036,P4040,,"https://www.eia.gov/naturalgas/pipelines/EIA-NaturalGasPipelineProjects.xlsx, https://www.govinfo.gov/content/pkg/FR-1998-03-06/pdf/98-5779.pdf"
Gas pipelines,Status [ref],I2046,2046,P4050,,"https://www.eia.gov/naturalgas/pipelines/EIA-NaturalGasPipelineProjects_Jan2020.xlsx, https://www.federalregister.gov/documents/2019/02/14/2019-02345/florida-gas-transmission-company-llc-notice-of-request-under-blanket-authorization"
Gas pipelines,Researcher,J2046,2046,P4050,BL,CB
Gas pipelines,LastUpdated,K2046,2046,P4050,44845,46297
Gas pipelines,Fuel [ref],M2046,2046,P4050,,"https://www.eia.gov/naturalgas/pipelines/EIA-NaturalGasPipelineProjects_Jan2020.xlsx, https://www.federalregister.gov/documents/2019/02/14/2019-02345/florida-gas-transmission-company-llc-notice-of-request-under-blanket-authorization"
Gas pipelines,ProposalYear,Z2046,2046,P4050,,2019
Gas pipelines,ProposalMonth,AA2046,2046,P4050,,1
Gas pipelines,Proposal [ref],AB2046,2046,P4050,,https://www.federalregister.gov/documents/2019/02/14/2019-02345/florida-gas-transmission-company-llc-notice-of-request-under-blanket-authorization
Gas pipelines,ConstructionYear,AC2046,2046,P4050,,2019
Gas pipelines,Construction [ref],AE2046,2046,P4050,,"https://www.federalregister.gov/documents/2019/02/14/2019-02345/florida-gas-transmission-company-llc-notice-of-request-under-blanket-authorization, https://www.eia.gov/naturalgas/pipelines/EIA-NaturalGasPipelineProjects_Jan2020.xlsx"
Gas pipelines,Start [ref],AL2046,2046,P4050,,"https://www.eia.gov/naturalgas/pipelines/EIA-NaturalGasPipelineProjects_Jan2020.xlsx, https://www.federalregister.gov/documents/2019/02/14/2019-02345/florida-gas-transmission-company-llc-notice-of-request-under-blanket-authorization"
Gas pipelines,Capacity [ref],AZ2046,2046,P4050,,"https://www.eia.gov/naturalgas/pipelines/EIA-NaturalGasPipelineProjects_Jan2020.xlsx, https://www.federalregister.gov/documents/2019/02/14/2019-02345/florida-gas-transmission-company-llc-notice-of-request-under-blanket-authorization"
Gas pipelines,Length [ref],BI2046,2046,P4050,,https://www.eia.gov/naturalgas/pipelines/EIA-NaturalGasPipelineProjects_Jan2020.xlsx
Gas pipelines,Diameter [ref],BO2046,2046,P4050,,https://www.eia.gov/naturalgas/pipelines/EIA-NaturalGasPipelineProjects_Jan2020.xlsx
Gas pipelines,StartState/Province,BU2046,2046,P4050,,Florida
Gas pipelines,EndState/Province,CA2046,2046,P4050,,Florida
Gas pipelines,Location [ref],CF2046,2046,P4050,,"https://www.eia.gov/naturalgas/pipelines/EIA-NaturalGasPipelineProjects_Jan2020.xlsx, https://www.federalregister.gov/documents/2019/02/14/2019-02345/florida-gas-transmission-company-llc-notice-of-request-under-blanket-authorization"
Gas pipelines,Status [ref],I2055,2055,P4059,https://www.eia.gov/naturalgas/data.php#pipelines,"https://www.eia.gov/naturalgas/data.php#pipelines, https://www.eia.gov/naturalgas/pipelines/EIA-NaturalGasPipelineProjectsAug2026.xlsx, https://kindermorgan.com/business/gas_pipelines/east/FGT"
Gas pipelines,Researcher,J2055,2055,P4059,AL,CB
Gas pipelines,LastUpdated,K2055,2055,P4059,45944,46297
Gas pipelines,Fuel [ref],M2055,2055,P4059,https://www.eia.gov/naturalgas/data.php#pipelines,"https://www.eia.gov/naturalgas/data.php#pipelines, https://www.federalregister.gov/documents/2021/11/15/2021-24831/florida-gas-transmission-company-llc-notice-of-request-under-blanket-authorization-and-establishing, https://kindermorgan.com/business/gas_pipelines/east/FGT"
Gas pipelines,PipelineType [ref],O2055,2055,P4059,https://www.eia.gov/naturalgas/data.php#pipelines,"https://www.eia.gov/naturalgas/data.php#pipelines, https://www.federalregister.gov/documents/2021/11/15/2021-24831/florida-gas-transmission-company-llc-notice-of-request-under-blanket-authorization-and-establishing, https://kindermorgan.com/business/gas_pipelines/east/FGT"
Gas pipelines,ProposalYear,Z2055,2055,P4059,,2021
Gas pipelines,ProposalMonth,AA2055,2055,P4059,,10
Gas pipelines,Proposal [ref],AB2055,2055,P4059,,https://www.federalregister.gov/documents/2021/11/15/2021-24831/florida-gas-transmission-company-llc-notice-of-request-under-blanket-authorization-and-establishing
Gas pipelines,Start [ref],AL2055,2055,P4059,https://www.eia.gov/naturalgas/data.php#pipelines,"https://www.eia.gov/naturalgas/data.php#pipelines, https://www.eia.gov/naturalgas/pipelines/EIA-NaturalGasPipelineProjectsAug2026.xlsx, https://www.federalregister.gov/documents/2021/11/15/2021-24831/florida-gas-transmission-company-llc-notice-of-request-under-blanket-authorization-and-establishing"
Gas pipelines,Length [ref],BI2055,2055,P4059,,"https://www.federalregister.gov/documents/2021/11/15/2021-24831/florida-gas-transmission-company-llc-notice-of-request-under-blanket-authorization-and-establishing, https://www.eia.gov/naturalgas/pipelines/EIA-NaturalGasPipelineProjectsAug2026.xlsx"
Gas pipelines,Location [ref],CF2055,2055,P4059,,"https://www.federalregister.gov/documents/2021/11/15/2021-24831/florida-gas-transmission-company-llc-notice-of-request-under-blanket-authorization-and-establishing, https://www.eia.gov/naturalgas/pipelines/EIA-NaturalGasPipelineProjectsAug2026.xlsx"
Gas pipelines,SegmentCost [ref],CM2055,2055,P4059,,https://www.eia.gov/naturalgas/pipelines/EIA-NaturalGasPipelineProjectsAug2026.xlsx
Gas pipelines,Status [ref],I2056,2056,P4060,,https://www.eia.gov/naturalgas/pipelines/EIA-NaturalGasPipelineProjects_Jan2023.xlsx
Gas pipelines,Researcher,J2056,2056,P4060,BL,CB
Gas pipelines,LastUpdated,K2056,2056,P4060,44845,46297
Gas pipelines,Fuel [ref],M2056,2056,P4060,,https://www.eia.gov/naturalgas/pipelines/EIA-NaturalGasPipelineProjects_Jan2023.xlsx
Gas pipelines,Start [ref],AL2056,2056,P4060,,https://www.eia.gov/naturalgas/pipelines/EIA-NaturalGasPipelineProjects_Jan2023.xlsx
Gas pipelines,Capacity [ref],AZ2056,2056,P4060,,https://www.eia.gov/naturalgas/pipelines/EIA-NaturalGasPipelineProjects_Jan2023.xlsx
Gas pipelines,Length [ref],BI2056,2056,P4060,,https://www.eia.gov/naturalgas/pipelines/EIA-NaturalGasPipelineProjects_Jan2023.xlsx
Gas pipelines,Location [ref],CF2056,2056,P4060,,https://www.eia.gov/naturalgas/pipelines/EIA-NaturalGasPipelineProjects_Jan2023.xlsx
Gas pipelines,SegmentCost [ref],CM2056,2056,P4060,,https://www.eia.gov/naturalgas/pipelines/EIA-NaturalGasPipelineProjects_Jan2023.xlsx
Gas pipelines,Status,H2349,2349,P4379,proposed,operating
Gas pipelines,Status [ref],I2349,2349,P4379,,"https://www.worldpipelines.com/project-news/15072024/adcc-pipeline-begins-commercial-service/, https://www.eia.gov/naturalgas/pipelines/EIA-NaturalGasPipelineProjects_Oct2024.xlsx"
Gas pipelines,Researcher,J2349,2349,P4379,BL,CB
Gas pipelines,LastUpdated,K2349,2349,P4379,45135,46297
Gas pipelines,Fuel [ref],M2349,2349,P4379,,https://www.worldpipelines.com/project-news/15072024/adcc-pipeline-begins-commercial-service/
Gas pipelines,StartMonth1,AG2349,2349,P4379,,7
Gas pipelines,Start [ref],AL2349,2349,P4379,,https://www.worldpipelines.com/project-news/15072024/adcc-pipeline-begins-commercial-service/
Gas pipelines,Capacity [ref],AZ2349,2349,P4379,,https://www.worldpipelines.com/project-news/15072024/adcc-pipeline-begins-commercial-service/
Gas pipelines,LengthKnown,BF2349,2349,P4379,,40
Gas pipelines,Length [ref],BI2349,2349,P4379,,https://www.worldpipelines.com/project-news/15072024/adcc-pipeline-begins-commercial-service/
Gas pipelines,Diameter [ref],BO2349,2349,P4379,,https://www.worldpipelines.com/project-news/15072024/adcc-pipeline-begins-commercial-service/
Gas pipelines,FuelSource [ref],BR2349,2349,P4379,,https://www.worldpipelines.com/project-news/15072024/adcc-pipeline-begins-commercial-service/
Gas pipelines,Location [ref],CF2349,2349,P4379,,https://www.worldpipelines.com/project-news/15072024/adcc-pipeline-begins-commercial-service/
Gas pipelines,Researcher,J2350,2350,P4380,BL,CB
Gas pipelines,LastUpdated,K2350,2350,P4380,45876,46297
Gas pipelines,ProposalYear,Z2350,2350,P4380,,2021
Gas pipelines,Proposal [ref],AB2350,2350,P4380,,https://www.eia.gov/naturalgas/pipelines/EIA-NaturalGasPipelineProjects_Jul2021.xlsx
Gas pipelines,Capacity,AX2350,2350,P4380,,0.0
Gas pipelines,Capacity [ref],AZ2350,2350,P4380,,https://www.eia.gov/naturalgas/pipelines/EIA-NaturalGasPipelineProjectsAug2026.xlsx
Gas pipelines,Diameter [ref],BO2350,2350,P4380,,https://www.eia.gov/naturalgas/pipelines/EIA-NaturalGasPipelineProjectsAug2026.xlsx
Gas pipelines,Location [ref],CF2350,2350,P4380,,https://www.eia.gov/naturalgas/pipelines/EIA-NaturalGasPipelineProjectsAug2026.xlsx
Gas pipelines,SegmentCost [ref],CM2350,2350,P4380,,https://www.eia.gov/naturalgas/pipelines/EIA-NaturalGasPipelineProjectsAug2026.xlsx
Gas pipelines,Status [ref],I2352,2352,P4382,,"https://www.federalregister.gov/documents/2018/02/07/2018-02384/combined-notice-of-filings, https://www.eia.gov/naturalgas/pipelines/EIA-NaturalGasPipelineProjectsAug2026.xlsx"
Gas pipelines,Researcher,J2352,2352,P4382,BL,CB
Gas pipelines,LastUpdated,K2352,2352,P4382,44831,46297
Gas pipelines,Fuel [ref],M2352,2352,P4382,,"https://www.federalregister.gov/documents/2016/02/09/2016-06772/dominion-carolina-gas-transmission-llc-notice-of-application, https://www.eia.gov/naturalgas/pipelines/EIA-NaturalGasPipelineProjectsAug2026.xlsx"
Gas pipelines,ProposalYear,Z2352,2352,P4382,,2016
Gas pipelines,ProposalMonth,AA2352,2352,P4382,,3
Gas pipelines,Proposal [ref],AB2352,2352,P4382,,"https://www.federalregister.gov/documents/2016/02/09/2016-06772/dominion-carolina-gas-transmission-llc-notice-of-application, https://www.sec.gov/Archives/edgar/data/1603286/000119312516579101/d194142d10q.htm"
Gas pipelines,StartMonth1,AG2352,2352,P4382,,2
Gas pipelines,Start [ref],AL2352,2352,P4382,,"https://www.eia.gov/naturalgas/pipelines/EIA-NaturalGasPipelineProjectsAug2026.xlsx, https://www.federalregister.gov/documents/2018/02/07/2018-02384/combined-notice-of-filings"
Gas pipelines,Capacity [ref],AZ2352,2352,P4382,,"https://www.federalregister.gov/documents/2016/02/09/2016-06772/dominion-carolina-gas-transmission-llc-notice-of-application, https://www.eia.gov/naturalgas/pipelines/EIA-NaturalGasPipelineProjectsAug2026.xlsx"
Gas pipelines,Length [ref],BI2352,2352,P4382,,"https://www.federalregister.gov/documents/2016/02/09/2016-06772/dominion-carolina-gas-transmission-llc-notice-of-application, https://www.eia.gov/naturalgas/pipelines/EIA-NaturalGasPipelineProjectsAug2026.xlsx"
Gas pipelines,Diameter [ref],BO2352,2352,P4382,,"https://www.federalregister.gov/documents/2016/02/09/2016-06772/dominion-carolina-gas-transmission-llc-notice-of-application, https://www.federalregister.gov/documents/2016/05/06/2016-25792/dominion-carolina-gas-transmission-llc-notice-of-availability-of-the-environmental-assessment-for"
Gas pipelines,Location [ref],CF2352,2352,P4382,,"https://www.federalregister.gov/documents/2016/02/09/2016-06772/dominion-carolina-gas-transmission-llc-notice-of-application, https://www.eia.gov/naturalgas/pipelines/EIA-NaturalGasPipelineProjectsAug2026.xlsx"
Gas pipelines,SegmentCost,CJ2352,2352,P4382,,119300000.0
Gas pipelines,SegmentCostUnits,CK2352,2352,P4382,,USD
Gas pipelines,SegmentCostYear,CL2352,2352,P4382,,2016
Gas pipelines,SegmentCost [ref],CM2352,2352,P4382,,"https://www.federalregister.gov/documents/2016/02/09/2016-06772/dominion-carolina-gas-transmission-llc-notice-of-application, https://www.eia.gov/naturalgas/pipelines/EIA-NaturalGasPipelineProjectsAug2026.xlsx"
Gas pipelines,Researcher,J2356,2356,P4420,BL,CB
Gas pipelines,LastUpdated,K2356,2356,P4420,44834,46297
Gas pipelines,Fuel [ref],M2356,2356,P4420,,"https://www.eia.gov/naturalgas/pipelines/EIA-NaturalGasPipelineProjectsAug2026.xlsx, https://www.bhegts.com/our-businesses/CGT"
Gas pipelines,ProposalYear,Z2356,2356,P4420,,2022
Gas pipelines,Proposal [ref],AB2356,2356,P4420,,https://www.eia.gov/naturalgas/pipelines/EIA-NaturalGasPipelineProjectsAug2026.xlsx
Gas pipelines,Start [ref],AL2356,2356,P4420,,"https://www.eia.gov/naturalgas/pipelines/EIA-NaturalGasPipelineProjectsAug2026.xlsx, https://dms.psc.sc.gov/Attachments/Matter/31fe8a18-4ee2-45dc-a615-327cdf1b6ce9"
Gas pipelines,Capacity [ref],AZ2356,2356,P4420,,"https://www.eia.gov/naturalgas/pipelines/EIA-NaturalGasPipelineProjectsAug2026.xlsx, https://dms.psc.sc.gov/Attachments/Matter/31fe8a18-4ee2-45dc-a615-327cdf1b6ce9"
Gas pipelines,Length [ref],BI2356,2356,P4420,,"https://www.eia.gov/naturalgas/pipelines/EIA-NaturalGasPipelineProjectsAug2026.xlsx, https://dms.psc.sc.gov/Attachments/Matter/31fe8a18-4ee2-45dc-a615-327cdf1b6ce9"
Gas pipelines,Location [ref],CF2356,2356,P4420,,"https://www.eia.gov/naturalgas/pipelines/EIA-NaturalGasPipelineProjectsAug2026.xlsx, https://dms.psc.sc.gov/Attachments/Matter/31fe8a18-4ee2-45dc-a615-327cdf1b6ce9"
Gas pipelines,SegmentCost [ref],CM2356,2356,P4420,,https://www.eia.gov/naturalgas/pipelines/EIA-NaturalGasPipelineProjectsAug2026.xlsx
Gas pipelines,Status,H2358,2358,P4446,proposed,operating
Gas pipelines,Status [ref],I2358,2358,P4446,,"https://www.eia.gov/naturalgas/pipelines/EIA-NaturalGasPipelineProjectsAug2026.xlsx, https://web.archive.org/web/20240117221105/https://www.tcenergy.com/operations/natural-gas/virginia-electrification-project/"
Gas pipelines,Researcher,J2358,2358,P4446,BL,CB
Gas pipelines,LastUpdated,K2358,2358,P4446,44840,46297
Gas pipelines,Fuel [ref],M2358,2358,P4446,,"https://www.eia.gov/naturalgas/pipelines/EIA-NaturalGasPipelineProjectsAug2026.xlsx, https://www.govinfo.gov/content/pkg/FR-2022-12-22/pdf/2022-27856.pdf"
Gas pipelines,ProposalYear,Z2358,2358,P4446,,2021
Gas pipelines,ProposalMonth,AA2358,2358,P4446,,9
Gas pipelines,Proposal [ref],AB2358,2358,P4446,,"https://web.archive.org/web/20230204023518/https://www.virginiamercury.com/2021/12/03/gas-pipeline-upgrades-planned-to-increase-capacity-to-hampton-roads/, https://www.govinfo.gov/content/pkg/FR-2022-02-09/pdf/2022-02700.pdf"
Gas pipelines,ConstructionYear,AC2358,2358,P4446,,2023
Gas pipelines,Construction [ref],AE2358,2358,P4446,,"https://web.archive.org/web/20240117221105/https://www.tcenergy.com/operations/natural-gas/virginia-electrification-project/, https://www.eia.gov/naturalgas/pipelines/EIA-NaturalGasPipelineProjectsAug2026.xlsx"
Gas pipelines,StartYear1,AF2358,2358,P4446,2022,2024
Gas pipelines,StartMonth1,AG2358,2358,P4446,,2
Gas pipelines,Start [ref],AL2358,2358,P4446,,"https://www.eia.gov/naturalgas/pipelines/EIA-NaturalGasPipelineProjectsAug2026.xlsx, https://web.archive.org/web/20240117221105/https://www.tcenergy.com/operations/natural-gas/virginia-electrification-project/"
Gas pipelines,Length [ref],BI2358,2358,P4446,,"https://www.govinfo.gov/content/pkg/FR-2022-12-22/pdf/2022-27856.pdf, https://web.archive.org/web/20240117221105/https://www.tcenergy.com/operations/natural-gas/virginia-electrification-project/"
Gas pipelines,Location [ref],CF2358,2358,P4446,,"https://www.govinfo.gov/content/pkg/FR-2022-12-22/pdf/2022-27856.pdf, https://web.archive.org/web/20230204023518/https://www.virginiamercury.com/2021/12/03/gas-pipeline-upgrades-planned-to-increase-capacity-to-hampton-roads/"
Gas pipelines,SegmentCost [ref],CM2358,2358,P4446,,https://www.eia.gov/naturalgas/pipelines/EIA-NaturalGasPipelineProjectsAug2026.xlsx
Gas pipelines,Researcher,J2360,2360,P4448,BL,CB
Gas pipelines,LastUpdated,K2360,2360,P4448,44840,46297
Gas pipelines,Fuel [ref],M2360,2360,P4448,,https://www.eia.gov/naturalgas/pipelines/EIA-NaturalGasPipelineProjectsAug2026.xlsx
Gas pipelines,Length [ref],BI2360,2360,P4448,,https://www.eia.gov/naturalgas/pipelines/EIA-NaturalGasPipelineProjectsAug2026.xlsx
Gas pipelines,Diameter [ref],BO2360,2360,P4448,,https://www.eia.gov/naturalgas/pipelines/EIA-NaturalGasPipelineProjectsAug2026.xlsx
Gas pipelines,Location [ref],CF2360,2360,P4448,,https://www.eia.gov/naturalgas/pipelines/EIA-NaturalGasPipelineProjectsAug2026.xlsx
Gas pipelines,SegmentCost [ref],CM2360,2360,P4448,,https://www.eia.gov/naturalgas/pipelines/EIA-NaturalGasPipelineProjectsAug2026.xlsx
Gas pipelines,Researcher,J2362,2362,P4450,BL,CB
Gas pipelines,LastUpdated,K2362,2362,P4450,44841,46297
Gas pipelines,Fuel [ref],M2362,2362,P4450,,"https://mi-psc.my.site.com/sfc/servlet.shepherd/version/download/068t000000RBr5NAAT, https://www.eia.gov/naturalgas/pipelines/EIA-NaturalGasPipelineProjectsAug2026.xlsx"
Gas pipelines,ProposalYear,Z2362,2362,P4450,,2021
Gas pipelines,ProposalMonth,AA2362,2362,P4450,,2
Gas pipelines,Proposal [ref],AB2362,2362,P4450,,https://mi-psc.my.site.com/sfc/servlet.shepherd/version/download/068t000000RBr5NAAT
Gas pipelines,ConstructionYear,AC2362,2362,P4450,,2022
Gas pipelines,Construction [ref],AE2362,2362,P4450,,https://adms.apps.lara.state.mi.us/Mpsc/ViewProposalForDecisionsDocument/340
Gas pipelines,Location [ref],CF2362,2362,P4450,,"https://mi-psc.my.site.com/sfc/servlet.shepherd/version/download/068t000000RBr5NAAT, https://www.michigan.gov/en/mpsc/commission/news-releases/2021/07/27/mpsc-approves-natural-gas-pipeline-project-that-will-improve-reliability-for-customers-in-northern-"
Gas pipelines,SegmentCost [ref],CM2362,2362,P4450,,"https://www.michigan.gov/en/mpsc/commission/news-releases/2021/07/27/mpsc-approves-natural-gas-pipeline-project-that-will-improve-reliability-for-customers-in-northern-, https://www.manisteenews.com/local-news/article/DTE-Energy-to-build-natural-gas-pipeline-in-16346512.php"
Gas pipelines,Researcher,J2363,2363,P4451,BL,CB
Gas pipelines,LastUpdated,K2363,2363,P4451,44841,46297
Gas pipelines,Fuel [ref],M2363,2363,P4451,,"https://mi-psc.my.site.com/sfc/servlet.shepherd/version/download/068t000000RBr5NAAT, https://www.eia.gov/naturalgas/pipelines/EIA-NaturalGasPipelineProjectsAug2026.xlsx"
Gas pipelines,ProposalYear,Z2363,2363,P4451,,2021
Gas pipelines,ProposalMonth,AA2363,2363,P4451,,2
Gas pipelines,Proposal [ref],AB2363,2363,P4451,,https://adms.apps.lara.state.mi.us/Mpsc/ViewProposalForDecisionsDocument/340
Gas pipelines,ConstructionYear,AC2363,2363,P4451,,2022
Gas pipelines,Construction [ref],AE2363,2363,P4451,,https://adms.apps.lara.state.mi.us/Mpsc/ViewProposalForDecisionsDocument/340
Gas pipelines,Location [ref],CF2363,2363,P4451,,"https://mi-psc.my.site.com/sfc/servlet.shepherd/version/download/068t000000RBr5NAAT, https://www.michigan.gov/en/mpsc/commission/news-releases/2021/07/27/mpsc-approves-natural-gas-pipeline-project-that-will-improve-reliability-for-customers-in-northern-"
Gas pipelines,SegmentCost [ref],CM2363,2363,P4451,,"https://mi-psc.my.site.com/sfc/servlet.shepherd/version/download/068t000000RBr5NAAT, https://www.manisteenews.com/local-news/article/DTE-Energy-to-build-natural-gas-pipeline-in-16346512.php"
Gas pipelines,Status [ref],I2364,2364,P4452,,https://www.eia.gov/naturalgas/pipelines/EIA-NaturalGasPipelineProjectsAug2026.xlsx
Gas pipelines,Researcher,J2364,2364,P4452,BL,CB
Gas pipelines,LastUpdated,K2364,2364,P4452,44841,46297
Gas pipelines,Fuel [ref],M2364,2364,P4452,,https://www.eia.gov/naturalgas/pipelines/EIA-NaturalGasPipelineProjectsAug2026.xlsx
Gas pipelines,ProposalYear,Z2364,2364,P4452,,2021
Gas pipelines,Proposal [ref],AB2364,2364,P4452,,https://www.eia.gov/naturalgas/pipelines/EIA-NaturalGasPipelineProjects_Oct2021.xlsx
Gas pipelines,Cancelled [ref],AT2364,2364,P4452,,https://www.eia.gov/naturalgas/pipelines/EIA-NaturalGasPipelineProjectsAug2026.xlsx
Gas pipelines,Length [ref],BI2364,2364,P4452,,https://www.eia.gov/naturalgas/pipelines/EIA-NaturalGasPipelineProjectsAug2026.xlsx
Gas pipelines,Location [ref],CF2364,2364,P4452,,https://www.eia.gov/naturalgas/pipelines/EIA-NaturalGasPipelineProjectsAug2026.xlsx
Gas pipelines,SegmentCost [ref],CM2364,2364,P4452,,https://www.eia.gov/naturalgas/pipelines/EIA-NaturalGasPipelineProjectsAug2026.xlsx
Gas pipelines,Status,H2365,2365,P4453,construction,operating
Gas pipelines,Status [ref],I2365,2365,P4453,,"https://www.eia.gov/naturalgas/pipelines/EIA-NaturalGasPipelineProjectsAug2026.xlsx, https://www.sec.gov/Archives/edgar/data/1276187/000127618723000008/et12312022ex991er.htm, https://www.energytransfer.com/ops_intrastate.aspx"
Gas pipelines,Researcher,J2365,2365,P4453,BL,CB
Gas pipelines,LastUpdated,K2365,2365,P4453,44845,46297
Gas pipelines,Fuel [ref],M2365,2365,P4453,,https://www.eia.gov/naturalgas/pipelines/EIA-NaturalGasPipelineProjectsAug2026.xlsx
Gas pipelines,Construction [ref],AE2365,2365,P4453,,https://www.eia.gov/naturalgas/pipelines/EIA-NaturalGasPipelineProjectsAug2026.xlsx
Gas pipelines,Start [ref],AL2365,2365,P4453,,https://www.eia.gov/naturalgas/pipelines/EIA-NaturalGasPipelineProjectsAug2026.xlsx
Gas pipelines,Capacity [ref],AZ2365,2365,P4453,,https://www.eia.gov/naturalgas/pipelines/EIA-NaturalGasPipelineProjectsAug2026.xlsx
Gas pipelines,Length [ref],BI2365,2365,P4453,,https://www.eia.gov/naturalgas/pipelines/EIA-NaturalGasPipelineProjectsAug2026.xlsx
Gas pipelines,Location [ref],CF2365,2365,P4453,,"https://www.eia.gov/naturalgas/pipelines/EIA-NaturalGasPipelineProjectsAug2026.xlsx, https://www.energytransfer.com/ops_intrastate.aspx"
Gas pipelines,Status,H2369,2369,P4457,proposed,operating
Gas pipelines,Status [ref],I2369,2369,P4457,,"https://www.eia.gov/naturalgas/pipelines/EIA-NaturalGasPipelineProjectsAug2026.xlsx, https://www.nexteraenergyresources.com/landowners/pipelines.html, https://power.mhi.com/regions/amer/news/20231023.html"
Gas pipelines,Researcher,J2369,2369,P4457,BL,CB
Gas pipelines,LastUpdated,K2369,2369,P4457,44848,46297
Gas pipelines,Fuel [ref],M2369,2369,P4457,,"https://www.pscpublicaccess.alabama.gov/pscpublicaccess/ViewFile.aspx?Id=551e03df-819c-494d-bbab-c36f60b16006, https://www.eia.gov/naturalgas/pipelines/EIA-NaturalGasPipelineProjectsAug2026.xlsx"
Gas pipelines,ProposalYear,Z2369,2369,P4457,,2019
Gas pipelines,ProposalMonth,AA2369,2369,P4457,,10
Gas pipelines,Proposal [ref],AB2369,2369,P4457,,"https://www.pscpublicaccess.alabama.gov/pscpublicaccess/ViewFile.aspx?Id=551e03df-819c-494d-bbab-c36f60b16006, https://www.eia.gov/naturalgas/pipelines/EIA-NaturalGasPipelineProjectsAug2026.xlsx"
Gas pipelines,ConstructionYear,AC2369,2369,P4457,,2021
Gas pipelines,ConstructionMonth,AD2369,2369,P4457,,1
Gas pipelines,Construction [ref],AE2369,2369,P4457,,https://web.archive.org/web/20230713140710/https://www.lowmanpipeline.com/project.html
Gas pipelines,StartYear1,AF2369,2369,P4457,,2022
Gas pipelines,StartMonth1,AG2369,2369,P4457,,7
Gas pipelines,Start [ref],AL2369,2369,P4457,,"https://www.eia.gov/naturalgas/pipelines/EIA-NaturalGasPipelineProjectsAug2026.xlsx, https://www.nexteraenergyresources.com/landowners/pipelines.html"
Gas pipelines,LengthKnown,BF2369,2369,P4457,,54.0
Gas pipelines,LengthKnownUnits,BG2369,2369,P4457,,mi
Gas pipelines,Length [ref],BI2369,2369,P4457,,"https://www.nexteraenergyresources.com/landowners/pipelines.html, https://www.pscpublicaccess.alabama.gov/pscpublicaccess/ViewFile.aspx?Id=551e03df-819c-494d-bbab-c36f60b16006, https://www.eia.gov/naturalgas/pipelines/EIA-NaturalGasPipelineProjectsAug2026.xlsx"
Gas pipelines,Diameter,BM2369,2369,P4457,,16.0
Gas pipelines,DiameterUnits,BN2369,2369,P4457,,in
Gas pipelines,Diameter [ref],BO2369,2369,P4457,,"https://www.pscpublicaccess.alabama.gov/pscpublicaccess/ViewFile.aspx?Id=551e03df-819c-494d-bbab-c36f60b16006, https://www.eia.gov/naturalgas/pipelines/EIA-NaturalGasPipelineProjectsAug2026.xlsx"
Gas pipelines,StartLocation,BS2369,2369,P4457,,"near Butler, Choctaw County"
Gas pipelines,EndLocation,BY2369,2369,P4457,,"Lowman Energy Center, near Leroy, Washington County"
Gas pipelines,Location [ref],CF2369,2369,P4457,,"https://www.pscpublicaccess.alabama.gov/pscpublicaccess/ViewFile.aspx?Id=551e03df-819c-494d-bbab-c36f60b16006, https://www.nexteraenergyresources.com/landowners/pipelines.html, https://web.archive.org/web/20230713140710/https://www.lowmanpipeline.com/project.html"
Gas pipelines,Status [ref],I2370,2370,P4458,https://www.eia.gov/naturalgas/data.php#pipelines,"https://www.eia.gov/naturalgas/data.php#pipelines, https://www.eia.gov/naturalgas/pipelines/EIA-NaturalGasPipelineProjectsAug2026.xlsx"
Gas pipelines,Researcher,J2370,2370,P4458,IM,CB
Gas pipelines,LastUpdated,K2370,2370,P4458,45917,46297
Gas pipelines,Fuel [ref],M2370,2370,P4458,https://www.eia.gov/naturalgas/data.php#pipelines,"https://www.eia.gov/naturalgas/data.php#pipelines, https://www.eia.gov/naturalgas/pipelines/EIA-NaturalGasPipelineProjectsAug2026.xlsx"
Gas pipelines,PipelineType [ref],O2370,2370,P4458,https://www.eia.gov/naturalgas/data.php#pipelines,"https://www.eia.gov/naturalgas/data.php#pipelines, https://www.eia.gov/naturalgas/pipelines/EIA-NaturalGasPipelineProjectsAug2026.xlsx"
Gas pipelines,ProposalYear,Z2370,2370,P4458,,2022
Gas pipelines,Proposal [ref],AB2370,2370,P4458,,https://www.eia.gov/naturalgas/pipelines/EIA-NaturalGasPipelineProjectsAug2026.xlsx
Gas pipelines,ConstructionYear,AC2370,2370,P4458,,2023
Gas pipelines,Construction [ref],AE2370,2370,P4458,,https://www.eia.gov/naturalgas/pipelines/EIA-NaturalGasPipelineProjectsAug2026.xlsx
Gas pipelines,Start [ref],AL2370,2370,P4458,https://www.eia.gov/naturalgas/data.php#pipelines,"https://www.eia.gov/naturalgas/data.php#pipelines, https://www.eia.gov/naturalgas/pipelines/EIA-NaturalGasPipelineProjectsAug2026.xlsx"
Gas pipelines,Capacity [ref],AZ2370,2370,P4458,https://www.eia.gov/naturalgas/data.php#pipelines,"https://www.eia.gov/naturalgas/data.php#pipelines, https://www.eia.gov/naturalgas/pipelines/EIA-NaturalGasPipelineProjectsAug2026.xlsx"
Gas pipelines,Length [ref],BI2370,2370,P4458,https://www.eia.gov/naturalgas/data.php#pipelines,"https://www.eia.gov/naturalgas/data.php#pipelines, https://www.eia.gov/naturalgas/pipelines/EIA-NaturalGasPipelineProjectsAug2026.xlsx"
Gas pipelines,FuelSource,BQ2370,2370,P4458,,natural gas
Gas pipelines,FuelSource [ref],BR2370,2370,P4458,,https://www.eia.gov/naturalgas/pipelines/EIA-NaturalGasPipelineProjectsAug2026.xlsx
Gas pipelines,StartLocation,BS2370,2370,P4458,,Wright County
Gas pipelines,Location [ref],CF2370,2370,P4458,https://www.eia.gov/naturalgas/data.php#pipelines,"https://www.eia.gov/naturalgas/data.php#pipelines, https://www.eia.gov/naturalgas/pipelines/EIA-NaturalGasPipelineProjectsAug2026.xlsx"
Gas pipelines,SegmentCost [ref],CM2370,2370,P4458,https://www.eia.gov/naturalgas/data.php#pipelines,"https://www.eia.gov/naturalgas/data.php#pipelines, https://www.eia.gov/naturalgas/pipelines/EIA-NaturalGasPipelineProjectsAug2026.xlsx"
Gas pipelines,Status [ref],I2372,2372,P4460,https://www.eia.gov/naturalgas/data.php#pipelines,"https://www.eia.gov/naturalgas/data.php#pipelines, https://www.eia.gov/naturalgas/pipelines/EIA-NaturalGasPipelineProjectsAug2026.xlsx"
Gas pipelines,Researcher,J2372,2372,P4460,IM,CB
Gas pipelines,LastUpdated,K2372,2372,P4460,45917,46297
Gas pipelines,Fuel [ref],M2372,2372,P4460,https://www.eia.gov/naturalgas/data.php#pipelines,"https://www.eia.gov/naturalgas/data.php#pipelines, https://www.eia.gov/naturalgas/pipelines/EIA-NaturalGasPipelineProjectsAug2026.xlsx"
Gas pipelines,PipelineType [ref],O2372,2372,P4460,https://www.eia.gov/naturalgas/data.php#pipelines,"https://www.eia.gov/naturalgas/data.php#pipelines, https://www.eia.gov/naturalgas/pipelines/EIA-NaturalGasPipelineProjectsAug2026.xlsx"
Gas pipelines,ProposalYear,Z2372,2372,P4460,,2022
Gas pipelines,Proposal [ref],AB2372,2372,P4460,,https://www.eia.gov/naturalgas/pipelines/EIA-NaturalGasPipelineProjectsAug2026.xlsx
Gas pipelines,ConstructionYear,AC2372,2372,P4460,,2023
Gas pipelines,Construction [ref],AE2372,2372,P4460,,https://www.eia.gov/naturalgas/pipelines/EIA-NaturalGasPipelineProjectsAug2026.xlsx
Gas pipelines,Start [ref],AL2372,2372,P4460,https://www.eia.gov/naturalgas/data.php#pipelines,"https://www.eia.gov/naturalgas/data.php#pipelines, https://www.eia.gov/naturalgas/pipelines/EIA-NaturalGasPipelineProjectsAug2026.xlsx"
Gas pipelines,Capacity [ref],AZ2372,2372,P4460,https://www.eia.gov/naturalgas/data.php#pipelines,"https://www.eia.gov/naturalgas/data.php#pipelines, https://www.eia.gov/naturalgas/pipelines/EIA-NaturalGasPipelineProjectsAug2026.xlsx"
Gas pipelines,Length [ref],BI2372,2372,P4460,https://www.eia.gov/naturalgas/data.php#pipelines,"https://www.eia.gov/naturalgas/data.php#pipelines, https://www.eia.gov/naturalgas/pipelines/EIA-NaturalGasPipelineProjectsAug2026.xlsx"
Gas pipelines,Diameter [ref],BO2372,2372,P4460,https://www.eia.gov/naturalgas/data.php#pipelines,"https://www.eia.gov/naturalgas/data.php#pipelines, https://www.eia.gov/naturalgas/pipelines/EIA-NaturalGasPipelineProjectsAug2026.xlsx"
Gas pipelines,FuelSource,BQ2372,2372,P4460,,natural gas
Gas pipelines,FuelSource [ref],BR2372,2372,P4460,,https://www.eia.gov/naturalgas/pipelines/EIA-NaturalGasPipelineProjectsAug2026.xlsx
Gas pipelines,Location [ref],CF2372,2372,P4460,https://www.eia.gov/naturalgas/data.php#pipelines,"https://www.eia.gov/naturalgas/data.php#pipelines, https://www.eia.gov/naturalgas/pipelines/EIA-NaturalGasPipelineProjectsAug2026.xlsx"
Gas pipelines,SegmentCost [ref],CM2372,2372,P4460,https://www.eia.gov/naturalgas/data.php#pipelines,"https://www.eia.gov/naturalgas/data.php#pipelines, https://www.eia.gov/naturalgas/pipelines/EIA-NaturalGasPipelineProjectsAug2026.xlsx"
Gas pipelines,Status [ref],I2967,2967,P5113,,https://dtmidstream.com/asset/leap-gathering-system/
Gas pipelines,Researcher,J2967,2967,P5113,AL,CB
Gas pipelines,LastUpdated,K2967,2967,P5113,45525,46297
Gas pipelines,Fuel,L2967,2967,P5113,Gas,natural gas
Gas pipelines,Fuel [ref],M2967,2967,P5113,,https://dtmidstream.com/asset/leap-gathering-system/
Gas pipelines,Start [ref],AL2967,2967,P5113,,https://www.eia.gov/naturalgas/pipelines/EIA-NaturalGasPipelineProjectsAug2026.xlsx
Gas pipelines,Capacity [ref],AZ2967,2967,P5113,,https://www.eia.gov/naturalgas/pipelines/EIA-NaturalGasPipelineProjectsAug2026.xlsx
Gas pipelines,Length [ref],BI2967,2967,P5113,,https://www.eia.gov/naturalgas/pipelines/EIA-NaturalGasPipelineProjectsAug2026.xlsx
Gas pipelines,DiameterUnits,BN2967,2967,P5113,in,inches
Gas pipelines,Diameter [ref],BO2967,2967,P5113,,https://www.eia.gov/naturalgas/pipelines/EIA-NaturalGasPipelineProjectsAug2026.xlsx
Gas pipelines,FuelSource,BQ2967,2967,P5113,,Haynesville Shale
Gas pipelines,FuelSource [ref],BR2967,2967,P5113,,https://dtmidstream.com/asset/leap-gathering-system/
Gas pipelines,EndLocation,BY2967,2967,P5113,Gillis Hub,Gillis
Gas pipelines,Location [ref],CF2967,2967,P5113,,https://dtmidstream.com/asset/leap-gathering-system/
Gas pipelines,Researcher,J2969,2969,P5115,AL,CB
Gas pipelines,LastUpdated,K2969,2969,P5115,45945,46297
Gas pipelines,Fuel [ref],M2969,2969,P5115,https://www.eia.gov/naturalgas/data.php#pipelines,"https://www.eia.gov/naturalgas/data.php#pipelines, https://naturalgasintel.com/news/williams-prevails-as-ferc-rules-louisiana-leg-system-a-natural-gas-gathering-pipe/, https://www.sec.gov/Archives/edgar/data/107263/000010726326000026/wmb-20260630.htm"
Gas pipelines,Capacity [ref],AZ2969,2969,P5115,,"https://www.eia.gov/naturalgas/pipelines/EIA-NaturalGasPipelineProjectsAug2026.xlsx, https://natlawreview.com/article/ferc-finds-williams-louisiana-energy-gateway-system-will-not-be-jurisdictional"
Gas pipelines,LengthKnown,BF2969,2969,P5115,,174
Gas pipelines,LengthKnownUnits,BG2969,2969,P5115,,mi
Gas pipelines,Length [ref],BI2969,2969,P5115,,"https://www.eia.gov/naturalgas/pipelines/EIA-NaturalGasPipelineProjectsAug2026.xlsx, https://natlawreview.com/article/ferc-finds-williams-louisiana-energy-gateway-system-will-not-be-jurisdictional"
Gas pipelines,Diameter [ref],BO2969,2969,P5115,https://www.eia.gov/naturalgas/data.php#pipelines,"https://www.eia.gov/naturalgas/data.php#pipelines, https://www.eia.gov/naturalgas/pipelines/EIA-NaturalGasPipelineProjectsAug2026.xlsx, https://natlawreview.com/article/ferc-finds-williams-louisiana-energy-gateway-system-will-not-be-jurisdictional"
Gas pipelines,FuelSource,BQ2969,2969,P5115,,Haynesville Shale
Gas pipelines,FuelSource [ref],BR2969,2969,P5115,,"https://naturalgasintel.com/news/williams-prevails-as-ferc-rules-louisiana-leg-system-a-natural-gas-gathering-pipe/, https://www.sec.gov/Archives/edgar/data/107263/000010726325000145/wmb-20250930.htm"
Gas pipelines,Location [ref],CF2969,2969,P5115,,"https://pgjonline.com/news/2025/july/williams-leg-pipeline-starts-up-boosting-haynesville-gas-flows-report-says, https://natlawreview.com/article/ferc-finds-williams-louisiana-energy-gateway-system-will-not-be-jurisdictional"
Gas pipelines,FID [ref],CR2969,2969,P5115,https://www.businesswire.com/news/home/20220629005249/en/Williams-Reaches-Final-Investment-Decision-on-Louisiana-Energy-Gateway-Project,"https://www.businesswire.com/news/home/20220629005249/en/Williams-Reaches-Final-Investment-Decision-on-Louisiana-Energy-Gateway-Project, https://web.archive.org/web/20220720141439/https://www.businesswire.com/news/home/20220629005249/en/Williams-Reaches-Final-Investment-Decision-on-Louisiana-Energy-Gateway-Project/, https://www.ogj.com/pipelines-transportation/pipelines/article/14278897/williams-makes-fid-on-louisiana-energy-gateway-project"
Gas pipelines,Status [ref],I3003,3003,P5415,https://www.eia.gov/naturalgas/data.php#pipelines,"https://www.eia.gov/naturalgas/data.php#pipelines, https://web.archive.org/web/20240420034940/https://www.enbridge.com/projects-and-infrastructure/projects/gator-express-meter-project, https://www.eia.gov/naturalgas/pipelines/EIA-NaturalGasPipelineProjectsAug2026.xlsx"
Gas pipelines,Researcher,J3003,3003,P5415,AL,CB
Gas pipelines,LastUpdated,K3003,3003,P5415,45519,46297
Gas pipelines,Fuel [ref],M3003,3003,P5415,,"https://web.archive.org/web/20240420034940/https://www.enbridge.com/projects-and-infrastructure/projects/gator-express-meter-project, https://www.eia.gov/naturalgas/pipelines/EIA-NaturalGasPipelineProjectsAug2026.xlsx"
Gas pipelines,PipelineType [ref],O3003,3003,P5415,,"https://web.archive.org/web/20240420034940/https://www.enbridge.com/projects-and-infrastructure/projects/gator-express-meter-project, https://www.eia.gov/naturalgas/pipelines/EIA-NaturalGasPipelineProjectsAug2026.xlsx"
Gas pipelines,Proposal [ref],AB3003,3003,P5415,,"https://www.eia.gov/naturalgas/pipelines/EIA-NaturalGasPipelineProjects_Jan2022.xlsx, https://web.archive.org/web/20240420034940/https://www.enbridge.com/projects-and-infrastructure/projects/gator-express-meter-project"
Gas pipelines,ConstructionYear,AC3003,3003,P5415,,2023
Gas pipelines,Construction [ref],AE3003,3003,P5415,,"https://web.archive.org/web/20240420034940/https://www.enbridge.com/projects-and-infrastructure/projects/gator-express-meter-project, https://web.archive.org/web/20250624011444/https://www.enbridge.com/~/media/Enb/Documents/Projects/Gator-Express/Gator-Project_Fact_Sheet-June-2022-FINAL.pdf?rev=457c04da942c4c6ebab2f70273d2d1d5&hash=8E190F9E16583A262AD7EF688DCE292C"
Gas pipelines,StartMonth1,AG3003,3003,P5415,,8
Gas pipelines,Start [ref],AL3003,3003,P5415,https://www.eia.gov/naturalgas/data.php#pipelines,"https://www.eia.gov/naturalgas/data.php#pipelines, https://www.eia.gov/naturalgas/pipelines/EIA-NaturalGasPipelineProjectsAug2026.xlsx, https://web.archive.org/web/20240420034940/https://www.enbridge.com/projects-and-infrastructure/projects/gator-express-meter-project"
Gas pipelines,Capacity [ref],AZ3003,3003,P5415,,"https://web.archive.org/web/20240420034940/https://www.enbridge.com/projects-and-infrastructure/projects/gator-express-meter-project, https://web.archive.org/web/20250624011444/https://www.enbridge.com/~/media/Enb/Documents/Projects/Gator-Express/Gator-Project_Fact_Sheet-June-2022-FINAL.pdf?rev=457c04da942c4c6ebab2f70273d2d1d5&hash=8E190F9E16583A262AD7EF688DCE292C, https://www.eia.gov/naturalgas/pipelines/EIA-NaturalGasPipelineProjectsAug2026.xlsx"
Gas pipelines,Length [ref],BI3003,3003,P5415,,"https://web.archive.org/web/20240420034940/https://www.enbridge.com/projects-and-infrastructure/projects/gator-express-meter-project, https://www.eia.gov/naturalgas/pipelines/EIA-NaturalGasPipelineProjectsAug2026.xlsx"
Gas pipelines,Diameter [ref],BO3003,3003,P5415,,"https://web.archive.org/web/20240420034940/https://www.enbridge.com/projects-and-infrastructure/projects/gator-express-meter-project, https://web.archive.org/web/20250624011444/https://www.enbridge.com/~/media/Enb/Documents/Projects/Gator-Express/Gator-Project_Fact_Sheet-June-2022-FINAL.pdf?rev=457c04da942c4c6ebab2f70273d2d1d5&hash=8E190F9E16583A262AD7EF688DCE292C"
Gas pipelines,StartLocation,BS3003,3003,P5415,,Texas Eastern Transmission's Line 40 (hot-tap interconnection)
Gas pipelines,EndLocation,BY3003,3003,P5415,,"Gator Express platform / M&R facilities, Plaquemines Parish"
Gas pipelines,Location [ref],CF3003,3003,P5415,,"https://web.archive.org/web/20240420034940/https://www.enbridge.com/projects-and-infrastructure/projects/gator-express-meter-project, https://web.archive.org/web/20250624011444/https://www.enbridge.com/~/media/Enb/Documents/Projects/Gator-Express/Gator-Project_Fact_Sheet-June-2022-FINAL.pdf?rev=457c04da942c4c6ebab2f70273d2d1d5&hash=8E190F9E16583A262AD7EF688DCE292C"
Gas pipelines,SegmentCost [ref],CM3003,3003,P5415,,https://www.eia.gov/naturalgas/pipelines/EIA-NaturalGasPipelineProjectsAug2026.xlsx
Gas pipelines,Status [ref],I3004,3004,P5416,https://www.eia.gov/naturalgas/data.php#pipelines,"https://www.eia.gov/naturalgas/data.php#pipelines, https://www.eia.gov/naturalgas/pipelines/EIA-NaturalGasPipelineProjectsAug2026.xlsx"
Gas pipelines,Researcher,J3004,3004,P5416,IM,CB
Gas pipelines,LastUpdated,K3004,3004,P5416,45924,46297
Gas pipelines,Fuel [ref],M3004,3004,P5416,https://www.eia.gov/naturalgas/data.php#pipelines,"https://www.eia.gov/naturalgas/data.php#pipelines, https://www.eia.gov/naturalgas/pipelines/EIA-NaturalGasPipelineProjectsAug2026.xlsx"
Gas pipelines,PipelineType [ref],O3004,3004,P5416,https://www.eia.gov/naturalgas/data.php#pipelines,"https://www.eia.gov/naturalgas/data.php#pipelines, https://www.eia.gov/naturalgas/pipelines/EIA-NaturalGasPipelineProjectsAug2026.xlsx"
Gas pipelines,Proposal [ref],AB3004,3004,P5416,,https://www.eia.gov/naturalgas/pipelines/EIA-NaturalGasPipelineProjectsAug2026.xlsx
Gas pipelines,Construction [ref],AE3004,3004,P5416,,https://www.eia.gov/naturalgas/pipelines/EIA-NaturalGasPipelineProjectsAug2026.xlsx
Gas pipelines,Start [ref],AL3004,3004,P5416,https://www.eia.gov/naturalgas/data.php#pipelines,"https://www.eia.gov/naturalgas/data.php#pipelines, https://www.eia.gov/naturalgas/pipelines/EIA-NaturalGasPipelineProjectsAug2026.xlsx"
Gas pipelines,Capacity [ref],AZ3004,3004,P5416,https://www.eia.gov/naturalgas/data.php#pipelines,"https://www.eia.gov/naturalgas/data.php#pipelines, https://www.eia.gov/naturalgas/pipelines/EIA-NaturalGasPipelineProjectsAug2026.xlsx"
Gas pipelines,Length [ref],BI3004,3004,P5416,https://www.eia.gov/naturalgas/data.php#pipelines,"https://www.eia.gov/naturalgas/data.php#pipelines, https://www.eia.gov/naturalgas/pipelines/EIA-NaturalGasPipelineProjectsAug2026.xlsx"
Gas pipelines,FuelSource [ref],BR3004,3004,P5416,https://www.eia.gov/naturalgas/data.php#pipelines,"https://www.eia.gov/naturalgas/data.php#pipelines, https://www.eia.gov/naturalgas/pipelines/EIA-NaturalGasPipelineProjectsAug2026.xlsx"
Gas pipelines,StartLocation,BS3004,3004,P5416,,Louisiana
Gas pipelines,Location [ref],CF3004,3004,P5416,https://www.eia.gov/naturalgas/data.php#pipelines,"https://www.eia.gov/naturalgas/data.php#pipelines, https://www.eia.gov/naturalgas/pipelines/EIA-NaturalGasPipelineProjectsAug2026.xlsx"
Gas pipelines,SegmentCost [ref],CM3004,3004,P5416,https://www.eia.gov/naturalgas/data.php#pipelines,"https://www.eia.gov/naturalgas/data.php#pipelines, https://www.eia.gov/naturalgas/pipelines/EIA-NaturalGasPipelineProjectsAug2026.xlsx"
Gas pipelines,Status,H3034,3034,P5516,proposed,shelved
Gas pipelines,Status [ref],I3034,3034,P5516,,"https://www.energy.gov/sites/default/files/2025-01/CE%20FLNG%20LLC%20-%20Notice%20of%20Dismissal%20-%20GC-FECM%20FINAL%2001-17-25.pdf, https://web.archive.org/web/20240417084250/https://www.cefcp-h2m.com/about-1"
Gas pipelines,Researcher,J3034,3034,P5516,BL,CB
Gas pipelines,LastUpdated,K3034,3034,P5516,45133,46297
Gas pipelines,Fuel [ref],M3034,3034,P5516,,"https://www.federalregister.gov/documents/2013/12/12/2013-29600/ce-flng-llc-ce-pipeline-llc-notice-of-intent-to-prepare-an-environmental-impact-statement-for-the, https://www.energy.gov/sites/default/files/2025-01/CE%20FLNG%20LLC%20-%20Notice%20of%20Dismissal%20-%20GC-FECM%20FINAL%2001-17-25.pdf"
Gas pipelines,PipelineType [ref],O3034,3034,P5516,,https://www.federalregister.gov/documents/2013/12/12/2013-29600/ce-flng-llc-ce-pipeline-llc-notice-of-intent-to-prepare-an-environmental-impact-statement-for-the
Gas pipelines,Proposal [ref],AB3034,3034,P5516,,"https://www.energy.gov/sites/default/files/2025-01/CE%20FLNG%20LLC%20-%20Notice%20of%20Dismissal%20-%20GC-FECM%20FINAL%2001-17-25.pdf, https://www.naturalgasintel.com/lng-export-import-terminal-proposals-advance-mostly/"
Gas pipelines,Delay [ref],AO3034,3034,P5516,,"https://www.energy.gov/sites/default/files/2025-01/CE%20FLNG%20LLC%20-%20Notice%20of%20Dismissal%20-%20GC-FECM%20FINAL%2001-17-25.pdf, https://web.archive.org/web/20240417084250/https://www.cefcp-h2m.com/about-1"
Gas pipelines,ShelvedYear,AQ3034,3034,P5516,,2016
Gas pipelines,ShelvedCancelledType,AW3034,3034,P5516,,confirmed
Gas pipelines,Capacity,AX3034,3034,P5516,,1070.0
Gas pipelines,CapacityUnits,AY3034,3034,P5516,,MMcf/d
Gas pipelines,Capacity [ref],AZ3034,3034,P5516,,"https://www.energy.gov/sites/default/files/2025-01/CE%20FLNG%20LLC%20-%20Notice%20of%20Dismissal%20-%20GC-FECM%20FINAL%2001-17-25.pdf, https://www.naturalgasintel.com/lng-export-import-terminal-proposals-advance-mostly/"
Gas pipelines,LengthKnown,BF3034,3034,P5516,,37.0
Gas pipelines,LengthKnownUnits,BG3034,3034,P5516,,mi
Gas pipelines,Length [ref],BI3034,3034,P5516,,https://www.federalregister.gov/documents/2013/12/12/2013-29600/ce-flng-llc-ce-pipeline-llc-notice-of-intent-to-prepare-an-environmental-impact-statement-for-the
Gas pipelines,Diameter,BM3034,3034,P5516,,42.0
Gas pipelines,DiameterUnits,BN3034,3034,P5516,,in
Gas pipelines,Diameter [ref],BO3034,3034,P5516,,"https://www.federalregister.gov/documents/2013/12/12/2013-29600/ce-flng-llc-ce-pipeline-llc-notice-of-intent-to-prepare-an-environmental-impact-statement-for-the, https://www.naturalgasintel.com/lng-export-import-terminal-proposals-advance-mostly/"
Gas pipelines,Location [ref],CF3034,3034,P5516,,"https://www.federalregister.gov/documents/2013/12/12/2013-29600/ce-flng-llc-ce-pipeline-llc-notice-of-intent-to-prepare-an-environmental-impact-statement-for-the, https://www.energy.gov/sites/default/files/2025-01/CE%20FLNG%20LLC%20-%20Notice%20of%20Dismissal%20-%20GC-FECM%20FINAL%2001-17-25.pdf"
Gas pipelines,Status,H3036,3036,P5519,proposed,operating
Gas pipelines,Status [ref],I3036,3036,P5519,,"https://www.federalregister.gov/documents/2024/10/03/2024-22852/combined-notice-of-filings, https://www.federalregister.gov/documents/2025/01/16/2025-01045/combined-notice-of-filings, https://www.eia.gov/naturalgas/pipelines/EIA-NaturalGasPipelineProjectsAug2026.xlsx, https://www.naturalgasintel.com/news/plaquemines-lng-pipeline-project-cleared-to-start-service/, https://www.eastdaley.com/media-and-news/plaquemines-lng-takes-first-gas-in-project-milestone"
Gas pipelines,Researcher,J3036,3036,P5519,BL,CB
Gas pipelines,LastUpdated,K3036,3036,P5519,45441,46297
Gas pipelines,Fuel [ref],M3036,3036,P5519,,"https://www.eia.gov/naturalgas/pipelines/EIA-NaturalGasPipelineProjectsAug2026.xlsx, https://www.federalregister.gov/documents/2021/12/01/2021-26131/texas-eastern-transmission-lp-notice-of-application-and-establishing-intervention-deadline"
Gas pipelines,PipelineType [ref],O3036,3036,P5519,,"https://www.federalregister.gov/documents/2021/12/01/2021-26131/texas-eastern-transmission-lp-notice-of-application-and-establishing-intervention-deadline, https://www.eia.gov/naturalgas/pipelines/EIA-NaturalGasPipelineProjectsAug2026.xlsx"
Gas pipelines,ProposalYear,Z3036,3036,P5519,,2021
Gas pipelines,ProposalMonth,AA3036,3036,P5519,,11
Gas pipelines,Proposal [ref],AB3036,3036,P5519,,https://www.federalregister.gov/documents/2021/12/01/2021-26131/texas-eastern-transmission-lp-notice-of-application-and-establishing-intervention-deadline
Gas pipelines,ConstructionYear,AC3036,3036,P5519,,2023
Gas pipelines,Construction [ref],AE3036,3036,P5519,,https://www.eia.gov/naturalgas/pipelines/EIA-NaturalGasPipelineProjectsAug2026.xlsx
Gas pipelines,StartMonth1,AG3036,3036,P5519,,10
Gas pipelines,Start [ref],AL3036,3036,P5519,,"https://www.federalregister.gov/documents/2024/10/03/2024-22852/combined-notice-of-filings, https://www.federalregister.gov/documents/2025/01/16/2025-01045/combined-notice-of-filings"
Gas pipelines,Capacity [ref],AZ3036,3036,P5519,,"https://www.federalregister.gov/documents/2021/12/01/2021-26131/texas-eastern-transmission-lp-notice-of-application-and-establishing-intervention-deadline, https://web.archive.org/web/20240722140816/https://www.enbridge.com/projects-and-infrastructure/projects/venice-extension-project, https://www.eia.gov/naturalgas/pipelines/EIA-NaturalGasPipelineProjectsAug2026.xlsx"
Gas pipelines,Length [ref],BI3036,3036,P5519,,"https://www.federalregister.gov/documents/2021/12/01/2021-26131/texas-eastern-transmission-lp-notice-of-application-and-establishing-intervention-deadline, https://www.federalregister.gov/documents/2023/02/24/2023-03836/texas-eastern-transmission-lp-notice-of-availability-of-the-final-environmental-impact-statement-for, https://web.archive.org/web/20240722140816/https://www.enbridge.com/projects-and-infrastructure/projects/venice-extension-project"
Gas pipelines,Location [ref],CF3036,3036,P5519,,"https://www.federalregister.gov/documents/2021/12/01/2021-26131/texas-eastern-transmission-lp-notice-of-application-and-establishing-intervention-deadline, https://www.federalregister.gov/documents/2023/02/24/2023-03836/texas-eastern-transmission-lp-notice-of-availability-of-the-final-environmental-impact-statement-for"
Gas pipelines,SegmentCost [ref],CM3036,3036,P5519,,"https://www.federalregister.gov/documents/2021/12/01/2021-26131/texas-eastern-transmission-lp-notice-of-application-and-establishing-intervention-deadline, https://www.eia.gov/naturalgas/pipelines/EIA-NaturalGasPipelineProjectsAug2026.xlsx"
Gas pipelines,Status [ref],I3037,3037,P5520,https://www.eia.gov/naturalgas/data.php#pipelines,"https://www.eia.gov/naturalgas/data.php#pipelines, https://www.eia.gov/naturalgas/pipelines/EIA-NaturalGasPipelineProjectsAug2026.xlsx"
Gas pipelines,Researcher,J3037,3037,P5520,IM,CB
Gas pipelines,LastUpdated,K3037,3037,P5520,45922,46297
Gas pipelines,Fuel [ref],M3037,3037,P5520,https://www.eia.gov/naturalgas/data.php#pipelines,"https://www.eia.gov/naturalgas/data.php#pipelines, https://www.eia.gov/naturalgas/pipelines/EIA-NaturalGasPipelineProjectsAug2026.xlsx"
Gas pipelines,PipelineType [ref],O3037,3037,P5520,https://www.eia.gov/naturalgas/data.php#pipelines,"https://www.eia.gov/naturalgas/data.php#pipelines, https://www.eia.gov/naturalgas/pipelines/EIA-NaturalGasPipelineProjectsAug2026.xlsx"
Gas pipelines,Proposal [ref],AB3037,3037,P5520,https://www.eia.gov/naturalgas/data.php#pipelines,"https://www.eia.gov/naturalgas/data.php#pipelines, https://elibrary.ferc.gov/eLibrary/search?docket=CP22-495"
Gas pipelines,ConstructionYear,AC3037,3037,P5520,,2024
Gas pipelines,Construction [ref],AE3037,3037,P5520,,https://www.eia.gov/naturalgas/pipelines/EIA-NaturalGasPipelineProjectsAug2026.xlsx
Gas pipelines,Start [ref],AL3037,3037,P5520,https://www.eia.gov/naturalgas/data.php#pipelines,"https://www.eia.gov/naturalgas/data.php#pipelines, https://www.eia.gov/naturalgas/pipelines/EIA-NaturalGasPipelineProjectsAug2026.xlsx"
Gas pipelines,Capacity [ref],AZ3037,3037,P5520,https://www.eia.gov/naturalgas/data.php#pipelines,"https://www.eia.gov/naturalgas/data.php#pipelines, https://www.eia.gov/naturalgas/pipelines/EIA-NaturalGasPipelineProjectsAug2026.xlsx"
Gas pipelines,LengthKnownUnits,BG3037,3037,P5520,km,mi
Gas pipelines,Length [ref],BI3037,3037,P5520,https://www.eia.gov/naturalgas/data.php#pipelines,https://www.eia.gov/naturalgas/pipelines/EIA-NaturalGasPipelineProjectsAug2026.xlsx
Gas pipelines,EndState/Province,CA3037,3037,P5520,Texas,Louisiana
Gas pipelines,Location [ref],CF3037,3037,P5520,https://www.eia.gov/naturalgas/data.php#pipelines,https://www.eia.gov/naturalgas/pipelines/EIA-NaturalGasPipelineProjectsAug2026.xlsx
Gas pipelines,Status [ref],I3062,3062,P5545,https://www.eia.gov/naturalgas/data.php#pipelines,"https://www.eia.gov/naturalgas/data.php#pipelines, https://www.eversource.com/content/residential/about/transmission-distribution/projects/western-massachusetts-natural-gas-reliability-project, https://www.wbur.org/news/2022/12/15/residents-rail-against-proposed-gas-pipeline-in-springfield-at-state-energy-siting-board-meeting, https://www.wbur.org/news/2023/07/28/eversource-springfield-gas-pipeline-mepa-environmental-reivew"
Gas pipelines,Researcher,J3062,3062,P5545,BL,CB
Gas pipelines,LastUpdated,K3062,3062,P5545,45938,46297
Gas pipelines,Fuel [ref],M3062,3062,P5545,https://www.eia.gov/naturalgas/data.php#pipelines,"https://www.eia.gov/naturalgas/data.php#pipelines, https://www.eversource.com/content/residential/about/transmission-distribution/projects/western-massachusetts-natural-gas-reliability-project, https://www.springfield-ma.gov/cos/fileadmin/uploads/2022/DPU_Eversource_Notice/WestMassGas_Public_Comment_Notice_Final_.pdf"
Gas pipelines,ProposalYear,Z3062,3062,P5545,,2017
Gas pipelines,Proposal [ref],AB3062,3062,P5545,,https://www.wbur.org/news/2022/12/15/residents-rail-against-proposed-gas-pipeline-in-springfield-at-state-energy-siting-board-meeting
Gas pipelines,Delay [ref],AO3062,3062,P5545,https://www.eia.gov/naturalgas/data.php#pipelines,"https://www.eia.gov/naturalgas/data.php#pipelines, https://www.wbur.org/news/2023/07/28/eversource-springfield-gas-pipeline-mepa-environmental-reivew, https://www.eversource.com/content/residential/about/transmission-distribution/projects/western-massachusetts-natural-gas-reliability-project"
Gas pipelines,Pressure,BA3062,3062,P5545,,200
Gas pipelines,PressureUnits,BB3062,3062,P5545,,psig
Gas pipelines,Pressure [ref],BC3062,3062,P5545,,https://www.springfield-ma.gov/cos/fileadmin/uploads/2022/DPU_Eversource_Notice/WestMassGas_Public_Comment_Notice_Final_.pdf
Gas pipelines,Diameter,BM3062,3062,P5545,,16
Gas pipelines,DiameterUnits,BN3062,3062,P5545,,in
Gas pipelines,Diameter [ref],BO3062,3062,P5545,,https://www.springfield-ma.gov/cos/fileadmin/uploads/2022/DPU_Eversource_Notice/WestMassGas_Public_Comment_Notice_Final_.pdf
Gas pipelines,Researcher,J3065,3065,P5548,AL,CB
Gas pipelines,LastUpdated,K3065,3065,P5548,45944,46297
Gas pipelines,Fuel [ref],M3065,3065,P5548,https://oilandgaswatch.org/pipeline/6491,"https://oilandgaswatch.org/pipeline/6491, https://www.federalregister.gov/documents/2023/08/16/2023-17612/florida-gas-transmission-company-llc-notice-of-schedule-for-the-preparation-of-an-environmental"
Gas pipelines,PipelineType [ref],O3065,3065,P5548,https://oilandgaswatch.org/pipeline/6491,"https://oilandgaswatch.org/pipeline/6491, https://www.federalregister.gov/documents/2023/08/16/2023-17612/florida-gas-transmission-company-llc-notice-of-schedule-for-the-preparation-of-an-environmental"
Gas pipelines,ProposalYear,Z3065,3065,P5548,,2023
Gas pipelines,ProposalMonth,AA3065,3065,P5548,,6
Gas pipelines,Proposal [ref],AB3065,3065,P5548,,"https://www.federalregister.gov/documents/2023/08/16/2023-17612/florida-gas-transmission-company-llc-notice-of-schedule-for-the-preparation-of-an-environmental, https://oilandgaswatch.org/pipeline/6491"
Gas pipelines,Capacity [ref],AZ3065,3065,P5548,https://oilandgaswatch.org/pipeline/6491,"https://oilandgaswatch.org/pipeline/6491, https://www.federalregister.gov/documents/2023/08/16/2023-17612/florida-gas-transmission-company-llc-notice-of-schedule-for-the-preparation-of-an-environmental"
Gas pipelines,Length [ref],BI3065,3065,P5548,https://oilandgaswatch.org/pipeline/6491,"https://oilandgaswatch.org/pipeline/6491, https://www.federalregister.gov/documents/2023/08/16/2023-17612/florida-gas-transmission-company-llc-notice-of-schedule-for-the-preparation-of-an-environmental"
Gas pipelines,Researcher,J3114,3114,P5600,HK,CB
Gas pipelines,LastUpdated,K3114,3114,P5600,45146,46297
Gas pipelines,Fuel [ref],M3114,3114,P5600,,https://www.eia.gov/todayinenergy/detail.php?id=50376
Gas pipelines,PipelineType [ref],O3114,3114,P5600,,https://www.eia.gov/todayinenergy/detail.php?id=50376
Gas pipelines,Length [ref],BI3114,3114,P5600,,https://www.eia.gov/todayinenergy/detail.php?id=50376
Gas pipelines,Location [ref],CF3114,3114,P5600,,https://www.eia.gov/todayinenergy/detail.php?id=50376
Gas pipelines,Status [ref],I3115,3115,P5601,,"https://climate.law.columbia.edu/sites/default/files/content/NE-Energy-Direct-Project-Notice-of-Withdrawal-of-Certificate-of-Application.pdf, https://www.boston.com/news/local-news/2016/04/20/kinder-morgan-suspends-work-northeast-direct-energy-gas-pipeline/, https://www.wamc.org/new-england-news/2016-04-21/northeast-pipeline-scrapped-after-two-years-of-work-and-opposition"
Gas pipelines,Researcher,J3115,3115,P5601,HK,CB
Gas pipelines,LastUpdated,K3115,3115,P5601,45146,46297
Gas pipelines,Fuel [ref],M3115,3115,P5601,,"https://s24.q4cdn.com/126708163/files/doc_financials/2024/q4/TGP_2024_Q4_GAAP-FS_Issued.pdf, https://www.boston.com/news/local-news/2016/04/20/kinder-morgan-suspends-work-northeast-direct-energy-gas-pipeline/"
Gas pipelines,PipelineType [ref],O3115,3115,P5601,,"https://s24.q4cdn.com/126708163/files/doc_financials/2024/q4/TGP_2024_Q4_GAAP-FS_Issued.pdf, https://www.sec.gov/Archives/edgar/data/0001506307/000150630716000072/kmi-2015x10k.htm"
Gas pipelines,Proposal [ref],AB3115,3115,P5601,,"https://ir.kindermorgan.com/news/news-details/2015/Tennessee-Gas-Pipeline-Files-Certificate-Application-for-Its-Proposed-Northeast-Energy-Direct-Project/default.aspx, https://nvdatabase.swarthmore.edu/content/massachusetts-residents-block-construction-kinder-morgan-northeast-energy-direct-pipeline-20"
Gas pipelines,Cancelled [ref],AT3115,3115,P5601,,"https://climate.law.columbia.edu/sites/default/files/content/NE-Energy-Direct-Project-Notice-of-Withdrawal-of-Certificate-of-Application.pdf, https://www.boston.com/news/local-news/2016/04/20/kinder-morgan-suspends-work-northeast-direct-energy-gas-pipeline/, https://www.wamc.org/new-england-news/2016-04-21/northeast-pipeline-scrapped-after-two-years-of-work-and-opposition"
Gas pipelines,Capacity [ref],AZ3115,3115,P5601,,"https://www.eia.gov/naturalgas/pipelines/EIA-NaturalGasPipelineProjectsAug2026.xlsx, https://ir.kindermorgan.com/news/news-details/2015/Tennessee-Gas-Pipeline-Files-Certificate-Application-for-Its-Proposed-Northeast-Energy-Direct-Project/default.aspx"
Gas pipelines,Length [ref],BI3115,3115,P5601,,"https://www.eia.gov/naturalgas/pipelines/EIA-NaturalGasPipelineProjectsAug2026.xlsx, https://nvdatabase.swarthmore.edu/content/massachusetts-residents-block-construction-kinder-morgan-northeast-energy-direct-pipeline-20"
Gas pipelines,SegmentCost [ref],CM3115,3115,P5601,,"https://www.eia.gov/naturalgas/pipelines/EIA-NaturalGasPipelineProjectsAug2026.xlsx, https://ir.kindermorgan.com/news/news-details/2015/Tennessee-Gas-Pipeline-Files-Certificate-Application-for-Its-Proposed-Northeast-Energy-Direct-Project/default.aspx"
Gas pipelines,Status [ref],I3295,3295,P5829,,"https://www.sec.gov/Archives/edgar/data/1569134/000156913418000016/tep2017123110k.htm, https://www.sec.gov/Archives/edgar/data/1633651/000163365120000013/tge2019123110k.htm"
Gas pipelines,Researcher,J3295,3295,P5829,HK,CB
Gas pipelines,LastUpdated,K3295,3295,P5829,45168,46297
Gas pipelines,Fuel [ref],M3295,3295,P5829,,https://www.sec.gov/Archives/edgar/data/1569134/000156913418000016/tep2017123110k.htm
Gas pipelines,PipelineType [ref],O3295,3295,P5829,,https://www.sec.gov/Archives/edgar/data/1569134/000156913418000016/tep2017123110k.htm
Gas pipelines,ConstructionYear,AC3295,3295,P5829,,2014
Gas pipelines,ConstructionMonth,AD3295,3295,P5829,,6
Gas pipelines,Construction [ref],AE3295,3295,P5829,,"https://www.sec.gov/Archives/edgar/data/86521/000008652115000046/sre10q06302015.htm, https://www.sec.gov/Archives/edgar/data/1569134/000156913418000016/tep2017123110k.htm"
Gas pipelines,Capacity [ref],AZ3295,3295,P5829,,"https://www.sec.gov/Archives/edgar/data/86521/000008652115000046/sre10q06302015.htm, https://en.wikipedia.org/wiki/Rockies_Express_Pipeline"
Gas pipelines,Status [ref],I3296,3296,P5830,,"https://www.eia.gov/naturalgas/pipelines/EIA-NaturalGasPipelineProjects.xlsx, https://www.sec.gov/Archives/edgar/data/1633651/000163365120000013/tge2019123110k.htm"
Gas pipelines,Researcher,J3296,3296,P5830,HK,CB
Gas pipelines,LastUpdated,K3296,3296,P5830,45168,46297
Gas pipelines,Fuel [ref],M3296,3296,P5830,,"https://www.sec.gov/Archives/edgar/data/1569134/000119312516563714/d177254dex992.htm, https://www.eia.gov/naturalgas/pipelines/EIA-NaturalGasPipelineProjects.xlsx"
Gas pipelines,PipelineType [ref],O3296,3296,P5830,,"https://www.eia.gov/naturalgas/pipelines/EIA-NaturalGasPipelineProjects.xlsx, https://www.sec.gov/Archives/edgar/data/1569134/000119312516563714/d177254dex992.htm"
Gas pipelines,ProposalYear,Z3296,3296,P5830,,2014
Gas pipelines,ProposalMonth,AA3296,3296,P5830,,6
Gas pipelines,Proposal [ref],AB3296,3296,P5830,,https://www.sec.gov/Archives/edgar/data/1569134/000119312516563714/d177254dex992.htm
Gas pipelines,ConstructionYear,AC3296,3296,P5830,,2015
Gas pipelines,ConstructionMonth,AD3296,3296,P5830,,3
Gas pipelines,Construction [ref],AE3296,3296,P5830,,https://www.sec.gov/Archives/edgar/data/1633651/000163365116000043/a991rex20151231gaapfinanci.htm
Gas pipelines,StartMonth1,AG3296,3296,P5830,,8
Gas pipelines,Start [ref],AL3296,3296,P5830,,"https://www.sec.gov/Archives/edgar/data/1633651/000163365116000043/a991rex20151231gaapfinanci.htm, https://en.wikipedia.org/wiki/Rockies_Express_Pipeline"
Gas pipelines,LengthKnown,BF3296,3296,P5830,,0.0
Gas pipelines,LengthKnownUnits,BG3296,3296,P5830,,km
Gas pipelines,Length [ref],BI3296,3296,P5830,,"https://www.sec.gov/Archives/edgar/data/1633651/000163365116000043/a991rex20151231gaapfinanci.htm, https://www.eia.gov/naturalgas/pipelines/EIA-NaturalGasPipelineProjects.xlsx"
Gas pipelines,Location [ref],CF3296,3296,P5830,,"https://www.sec.gov/Archives/edgar/data/1569134/000119312516563714/d177254dex992.htm, https://www.eia.gov/naturalgas/pipelines/EIA-NaturalGasPipelineProjects.xlsx"
Gas pipelines,SegmentCost [ref],CM3296,3296,P5830,,https://www.eia.gov/naturalgas/pipelines/EIA-NaturalGasPipelineProjects.xlsx
Gas pipelines,Status [ref],I3297,3297,P5831,,"https://www.sec.gov/Archives/edgar/data/1569134/000156913417000009/tep2016123110k.htm, https://www.eia.gov/naturalgas/pipelines/EIA-NaturalGasPipelineProjects.xlsx"
Gas pipelines,Researcher,J3297,3297,P5831,HK,CB
Gas pipelines,LastUpdated,K3297,3297,P5831,45168,46297
Gas pipelines,Fuel [ref],M3297,3297,P5831,,"https://www.sec.gov/Archives/edgar/data/1569134/000156913417000009/tep2016123110k.htm, https://www.eia.gov/naturalgas/pipelines/EIA-NaturalGasPipelineProjects.xlsx"
Gas pipelines,PipelineType [ref],O3297,3297,P5831,,https://www.sec.gov/Archives/edgar/data/1569134/000156913417000009/tep2016123110k.htm
Gas pipelines,ProposalYear,Z3297,3297,P5831,,2015
Gas pipelines,ProposalMonth,AA3297,3297,P5831,,3
Gas pipelines,Proposal [ref],AB3297,3297,P5831,,https://www.sec.gov/Archives/edgar/data/1569134/000156913417000009/tep2016123110k.htm
Gas pipelines,ConstructionYear,AC3297,3297,P5831,,2016
Gas pipelines,ConstructionMonth,AD3297,3297,P5831,,3
Gas pipelines,Construction [ref],AE3297,3297,P5831,,https://www.sec.gov/Archives/edgar/data/1569134/000156913417000009/tep2016123110k.htm
Gas pipelines,StartMonth1,AG3297,3297,P5831,,1
Gas pipelines,Start [ref],AL3297,3297,P5831,,"https://www.sec.gov/Archives/edgar/data/1569134/000156913417000009/tep2016123110k.htm, https://www.eia.gov/naturalgas/pipelines/EIA-NaturalGasPipelineProjects.xlsx"
Gas pipelines,Capacity [ref],AZ3297,3297,P5831,,"https://www.sec.gov/Archives/edgar/data/1569134/000156913417000009/tep2016123110k.htm, https://www.eia.gov/naturalgas/pipelines/EIA-NaturalGasPipelineProjects.xlsx"
Gas pipelines,LengthKnown,BF3297,3297,P5831,,0.0
Gas pipelines,LengthKnownUnits,BG3297,3297,P5831,,km
Gas pipelines,Length [ref],BI3297,3297,P5831,,"https://www.sec.gov/Archives/edgar/data/1569134/000156913417000009/tep2016123110k.htm, https://www.eia.gov/naturalgas/pipelines/EIA-NaturalGasPipelineProjects.xlsx"
Gas pipelines,Location [ref],CF3297,3297,P5831,,"https://www.eia.gov/naturalgas/pipelines/EIA-NaturalGasPipelineProjects.xlsx, https://www.sec.gov/Archives/edgar/data/1569134/000156913417000009/tep2016123110k.htm"
Gas pipelines,SegmentCost [ref],CM3297,3297,P5831,,"https://www.sec.gov/Archives/edgar/data/1633651/000119312516563753/d187459d8k.htm, https://www.eia.gov/naturalgas/pipelines/EIA-NaturalGasPipelineProjects.xlsx"
Gas pipelines,Status [ref],I3298,3298,P5832,,"https://www.federalregister.gov/documents/2012/09/12/2012-22402/combined-notice-of-filings, https://www.sec.gov/Archives/edgar/data/1373835/000119312512446621/d432256dex991.htm, https://www.federalregister.gov/documents/2025/06/02/2025-09918/texas-eastern-transmission-lp-notice-of-application-and-establishing-intervention-deadline"
Gas pipelines,Researcher,J3298,3298,P5832,BL,CB
Gas pipelines,LastUpdated,K3298,3298,P5832,45441,46297
Gas pipelines,Fuel [ref],M3298,3298,P5832,,"https://www.federalregister.gov/documents/2011/09/02/2011-22517/texas-eastern-transmission-lp-notice-of-availability-of-the-environmental-assessment-for-the, https://www.eia.gov/naturalgas/pipelines/EIA-NaturalGasPipelineProjectsAug2026.xlsx"
Gas pipelines,PipelineType [ref],O3298,3298,P5832,,"https://www.federalregister.gov/documents/2011/09/02/2011-22517/texas-eastern-transmission-lp-notice-of-availability-of-the-environmental-assessment-for-the, https://www.eia.gov/naturalgas/pipelines/EIA-NaturalGasPipelineProjectsAug2026.xlsx"
Gas pipelines,ProposalYear,Z3298,3298,P5832,,2010
Gas pipelines,Proposal [ref],AB3298,3298,P5832,,"https://www.federalregister.gov/documents/2011/02/11/2011-3160/texas-eastern-transmission-lp-notice-of-application, https://www.federalregister.gov/documents/2010/08/26/2010-21171/texas-eastern-transmission-lp-notice-of-intent-to-prepare-an-environmental-assessment-for-the"
Gas pipelines,StartMonth1,AG3298,3298,P5832,,11
Gas pipelines,Start [ref],AL3298,3298,P5832,,"https://www.federalregister.gov/documents/2012/09/12/2012-22402/combined-notice-of-filings, https://www.sec.gov/Archives/edgar/data/1373835/000119312512446621/d432256dex991.htm, https://www.eia.gov/naturalgas/pipelines/EIA-NaturalGasPipelineProjectsAug2026.xlsx"
Gas pipelines,Capacity [ref],AZ3298,3298,P5832,,"https://www.sec.gov/Archives/edgar/data/1373835/000119312512081966/d270754d10k.htm, https://www.eia.gov/naturalgas/pipelines/EIA-NaturalGasPipelineProjectsAug2026.xlsx"
Gas pipelines,Length [ref],BI3298,3298,P5832,,"https://www.federalregister.gov/documents/2011/09/02/2011-22517/texas-eastern-transmission-lp-notice-of-availability-of-the-environmental-assessment-for-the, https://www.eia.gov/naturalgas/pipelines/EIA-NaturalGasPipelineProjectsAug2026.xlsx"
Gas pipelines,Diameter [ref],BO3298,3298,P5832,,"https://www.federalregister.gov/documents/2011/09/02/2011-22517/texas-eastern-transmission-lp-notice-of-availability-of-the-environmental-assessment-for-the, https://www.pacodeandbulletin.gov/Display/pabull?file=%2Fsecure%2Fpabulletin%2Fdata%2Fvol41%2F41-26%2F1046b.html, https://www.eia.gov/naturalgas/pipelines/EIA-NaturalGasPipelineProjectsAug2026.xlsx"
Gas pipelines,FuelSource,BQ3298,3298,P5832,,Marcellus Shale
Gas pipelines,FuelSource [ref],BR3298,3298,P5832,,"https://www.sec.gov/Archives/edgar/data/1373835/000119312512081966/d270754d10k.htm, https://www.federalregister.gov/documents/2011/02/11/2011-3160/texas-eastern-transmission-lp-notice-of-application"
Gas pipelines,SegmentCostYear,CL3298,3298,P5832,,2011
Gas pipelines,SegmentCost [ref],CM3298,3298,P5832,,"https://www.federalregister.gov/documents/2011/06/30/2011-16470/texas-eastern-transmission-lp-notice-of-amendment, https://www.eia.gov/naturalgas/pipelines/EIA-NaturalGasPipelineProjectsAug2026.xlsx"
Gas pipelines,Status [ref],I3301,3301,P5835,,"https://www.federalregister.gov/documents/2021/10/05/2021-21703/combined-notice-of-filings, https://www.eia.gov/naturalgas/pipelines/EIA-NaturalGasPipelineProjectsAug2026.xlsx"
Gas pipelines,Researcher,J3301,3301,P5835,BL,CB
Gas pipelines,LastUpdated,K3301,3301,P5835,45441,46297
Gas pipelines,Fuel [ref],M3301,3301,P5835,,"https://www.ferc.gov/sites/default/files/2020-09/CP20-436%20Appalachia%20to%20Market%20Environmental%20Assessment.pdf, https://www.eia.gov/naturalgas/pipelines/EIA-NaturalGasPipelineProjectsAug2026.xlsx"
Gas pipelines,PipelineType [ref],O3301,3301,P5835,,"https://www.ferc.gov/sites/default/files/2020-09/CP20-436%20Appalachia%20to%20Market%20Environmental%20Assessment.pdf, https://www.eia.gov/naturalgas/pipelines/EIA-NaturalGasPipelineProjectsAug2026.xlsx"
Gas pipelines,ProposalYear,Z3301,3301,P5835,,2020
Gas pipelines,ProposalMonth,AA3301,3301,P5835,,5
Gas pipelines,Proposal [ref],AB3301,3301,P5835,,"https://www.federalregister.gov/documents/2020/05/15/2020-10460/texas-eastern-transmission-lp-notice-of-application, https://www.ferc.gov/sites/default/files/2020-09/CP20-436%20Appalachia%20to%20Market%20Environmental%20Assessment.pdf"
Gas pipelines,ConstructionYear,AC3301,3301,P5835,,2021
Gas pipelines,Construction [ref],AE3301,3301,P5835,,"https://www.ferc.gov/sites/default/files/2020-09/CP20-436%20Appalachia%20to%20Market%20Environmental%20Assessment.pdf, https://www.eia.gov/naturalgas/pipelines/EIA-NaturalGasPipelineProjects_Jul2021.xlsx"
Gas pipelines,StartMonth1,AG3301,3301,P5835,,11
Gas pipelines,Start [ref],AL3301,3301,P5835,,"https://www.federalregister.gov/documents/2021/10/05/2021-21703/combined-notice-of-filings, https://www.eia.gov/naturalgas/pipelines/EIA-NaturalGasPipelineProjectsAug2026.xlsx"
Gas pipelines,Capacity [ref],AZ3301,3301,P5835,,"https://www.ferc.gov/sites/default/files/2020-09/CP20-436%20Appalachia%20to%20Market%20Environmental%20Assessment.pdf, https://www.eia.gov/naturalgas/pipelines/EIA-NaturalGasPipelineProjectsAug2026.xlsx"
Gas pipelines,Diameter [ref],BO3301,3301,P5835,,"https://www.ferc.gov/sites/default/files/2020-09/CP20-436%20Appalachia%20to%20Market%20Environmental%20Assessment.pdf, https://www.eia.gov/naturalgas/pipelines/EIA-NaturalGasPipelineProjectsAug2026.xlsx"
Gas pipelines,FuelSource,BQ3301,3301,P5835,,Appalachian Basin
Gas pipelines,FuelSource [ref],BR3301,3301,P5835,,https://www.ferc.gov/sites/default/files/2020-09/CP20-436%20Appalachia%20to%20Market%20Environmental%20Assessment.pdf
Gas pipelines,StartPrefecture/District,BT3301,3301,P5835,,Westmoreland County
Gas pipelines,EndPrefecture/District,BZ3301,3301,P5835,,Westmoreland County
Gas pipelines,Location [ref],CF3301,3301,P5835,,"https://www.ferc.gov/sites/default/files/2020-09/CP20-436%20Appalachia%20to%20Market%20Environmental%20Assessment.pdf, https://www.eia.gov/naturalgas/pipelines/EIA-NaturalGasPipelineProjectsAug2026.xlsx"
Gas pipelines,SegmentCost [ref],CM3301,3301,P5835,,"https://www.federalregister.gov/documents/2020/05/15/2020-10460/texas-eastern-transmission-lp-notice-of-application, https://www.eia.gov/naturalgas/pipelines/EIA-NaturalGasPipelineProjectsAug2026.xlsx"
Gas pipelines,Status [ref],I3315,3315,P5849,,"https://naturalgasintel.com/news/ferc-clears-etc-tiger-pipeline-expansion-for-service/, https://tigertransfer.energytransfer.com/InfoPost/tariff/tiger/TigerTariff.pdf"
Gas pipelines,Researcher,J3315,3315,P5849,HK,CB
Gas pipelines,LastUpdated,K3315,3315,P5849,45168,46297
Gas pipelines,Fuel [ref],M3315,3315,P5849,,"https://www.federalregister.gov/documents/2010/07/06/2010-16282/etc-tiger-pipeline-llc-notice-of-application, https://tigertransfer.energytransfer.com/InfoPost/tariff/tiger/TigerTariff.pdf"
Gas pipelines,PipelineType [ref],O3315,3315,P5849,,"https://www.federalregister.gov/documents/2010/07/06/2010-16282/etc-tiger-pipeline-llc-notice-of-application, https://tigertransfer.energytransfer.com/InfoPost/tariff/tiger/TigerTariff.pdf"
Gas pipelines,ProposalYear,Z3315,3315,P5849,,2010
Gas pipelines,ProposalMonth,AA3315,3315,P5849,,6
Gas pipelines,Proposal [ref],AB3315,3315,P5849,,"https://www.federalregister.gov/documents/2010/07/06/2010-16282/etc-tiger-pipeline-llc-notice-of-application, https://www.offshore-technology.com/projects/etctigerpipelineproj/"
Gas pipelines,Construction [ref],AE3315,3315,P5849,,"https://www.offshore-technology.com/projects/etctigerpipelineproj/, https://naturalgasintel.com/news/ferc-clears-etc-tiger-pipeline-expansion-for-service/"
Gas pipelines,Start [ref],AL3315,3315,P5849,,"https://naturalgasintel.com/news/ferc-clears-etc-tiger-pipeline-expansion-for-service/, https://www.offshore-technology.com/projects/etctigerpipelineproj/"
Gas pipelines,Capacity [ref],AZ3315,3315,P5849,,"https://www.federalregister.gov/documents/2010/07/06/2010-16282/etc-tiger-pipeline-llc-notice-of-application, https://naturalgasintel.com/news/ferc-clears-etc-tiger-pipeline-expansion-for-service/"
Gas pipelines,Length [ref],BI3315,3315,P5849,,"https://www.federalregister.gov/documents/2010/08/18/2010-20451/etc-tiger-pipeline-llc-notice-of-intent-to-prepare-an-environmental-assessment-for-the-proposed-etc, https://naturalgasintel.com/news/ferc-clears-etc-tiger-pipeline-expansion-for-service/"
Gas pipelines,Diameter [ref],BO3315,3315,P5849,,"https://www.federalregister.gov/documents/2010/08/18/2010-20451/etc-tiger-pipeline-llc-notice-of-intent-to-prepare-an-environmental-assessment-for-the-proposed-etc, https://naturalgasintel.com/news/ferc-clears-etc-tiger-pipeline-expansion-for-service/"
Gas pipelines,FuelSource,BQ3315,3315,P5849,,Haynesville Shale
Gas pipelines,FuelSource [ref],BR3315,3315,P5849,,"https://www.naturalgasintel.com/energy-transfer-tiger-pipeline-gets-environmental-nod/, http://web.archive.org/web/20170506173918/http://ir.energytransfer.com/phoenix.zhtml?c=106094&p=irol-newsArticle&ID=1258504"
Gas pipelines,Location [ref],CF3315,3315,P5849,,"https://www.federalregister.gov/documents/2010/08/18/2010-20451/etc-tiger-pipeline-llc-notice-of-intent-to-prepare-an-environmental-assessment-for-the-proposed-etc, https://www.federalregister.gov/documents/2010/07/06/2010-16282/etc-tiger-pipeline-llc-notice-of-application"
Gas pipelines,SegmentCost [ref],CM3315,3315,P5849,,"https://www.offshore-technology.com/projects/etctigerpipelineproj/, https://naturalgasintel.com/news/ferc-clears-etc-tiger-pipeline-expansion-for-service/"
Gas pipelines,Status [ref],I3343,3343,P5881,,https://www.eia.gov/naturalgas/pipelines/EIA-NaturalGasPipelineProjectsAug2026.xlsx
Gas pipelines,Researcher,J3343,3343,P5881,HK,CB
Gas pipelines,LastUpdated,K3343,3343,P5881,45170,46297
Gas pipelines,Fuel [ref],M3343,3343,P5881,,"https://www.ogj.com/pipelines-transportation/pipelines/article/17209611/american-midstream-plans-open-season-for-magnolia-pipeline-extension, https://www.eia.gov/naturalgas/pipelines/EIA-NaturalGasPipelineProjectsAug2026.xlsx"
Gas pipelines,PipelineType [ref],O3343,3343,P5881,,https://www.ogj.com/pipelines-transportation/pipelines/article/17209611/american-midstream-plans-open-season-for-magnolia-pipeline-extension
Gas pipelines,Proposal [ref],AB3343,3343,P5881,,https://www.ogj.com/pipelines-transportation/pipelines/article/17209611/american-midstream-plans-open-season-for-magnolia-pipeline-extension
Gas pipelines,Start [ref],AL3343,3343,P5881,,https://www.ogj.com/pipelines-transportation/pipelines/article/17209611/american-midstream-plans-open-season-for-magnolia-pipeline-extension
Gas pipelines,Shelved [ref],AR3343,3343,P5881,,https://www.eia.gov/naturalgas/pipelines/EIA-NaturalGasPipelineProjects_Oct2019.xlsx
Gas pipelines,Capacity [ref],AZ3343,3343,P5881,,"https://www.ogj.com/pipelines-transportation/pipelines/article/17209611/american-midstream-plans-open-season-for-magnolia-pipeline-extension, https://www.eia.gov/naturalgas/pipelines/EIA-NaturalGasPipelineProjectsAug2026.xlsx"
Gas pipelines,Length [ref],BI3343,3343,P5881,,https://www.ogj.com/pipelines-transportation/pipelines/article/17209611/american-midstream-plans-open-season-for-magnolia-pipeline-extension
Gas pipelines,Location [ref],CF3343,3343,P5881,,https://www.eia.gov/naturalgas/pipelines/EIA-NaturalGasPipelineProjectsAug2026.xlsx
Gas pipelines,SegmentCost,CJ3343,3343,P5881,,45000000
Gas pipelines,SegmentCostUnits,CK3343,3343,P5881,,USD
Gas pipelines,SegmentCostYear,CL3343,3343,P5881,,2016
Gas pipelines,SegmentCost [ref],CM3343,3343,P5881,,https://www.eia.gov/naturalgas/pipelines/EIA-NaturalGasPipelineProjectsAug2026.xlsx
Gas pipelines,Status [ref],I3396,3396,P5939,https://www.eia.gov/naturalgas/data.php#pipelines,"https://www.eia.gov/naturalgas/data.php#pipelines, https://www.eia.gov/naturalgas/pipelines/EIA-NaturalGasPipelineProjectsAug2026.xlsx"
Gas pipelines,Researcher,J3396,3396,P5939,IM,CB
Gas pipelines,LastUpdated,K3396,3396,P5939,45918,46297
Gas pipelines,Fuel [ref],M3396,3396,P5939,https://www.eia.gov/naturalgas/data.php#pipelines,"https://www.eia.gov/naturalgas/data.php#pipelines, https://www.eia.gov/naturalgas/pipelines/EIA-NaturalGasPipelineProjectsAug2026.xlsx"
Gas pipelines,PipelineType [ref],O3396,3396,P5939,https://www.eia.gov/naturalgas/data.php#pipelines,"https://www.eia.gov/naturalgas/data.php#pipelines, https://www.eia.gov/naturalgas/pipelines/EIA-NaturalGasPipelineProjectsAug2026.xlsx"
Gas pipelines,Construction [ref],AE3396,3396,P5939,,https://www.eia.gov/naturalgas/pipelines/EIA-NaturalGasPipelineProjectsAug2026.xlsx
Gas pipelines,Start [ref],AL3396,3396,P5939,,https://www.eia.gov/naturalgas/pipelines/EIA-NaturalGasPipelineProjectsAug2026.xlsx
Gas pipelines,Capacity [ref],AZ3396,3396,P5939,,https://www.eia.gov/naturalgas/pipelines/EIA-NaturalGasPipelineProjectsAug2026.xlsx
Gas pipelines,Length [ref],BI3396,3396,P5939,,https://www.eia.gov/naturalgas/pipelines/EIA-NaturalGasPipelineProjectsAug2026.xlsx
Gas pipelines,Diameter [ref],BO3396,3396,P5939,,https://www.eia.gov/naturalgas/pipelines/EIA-NaturalGasPipelineProjectsAug2026.xlsx
Gas pipelines,StartState/Province,BU3396,3396,P5939,Mississippi,
Gas pipelines,SegmentCost [ref],CM3396,3396,P5939,,https://www.eia.gov/naturalgas/pipelines/EIA-NaturalGasPipelineProjectsAug2026.xlsx
Gas pipelines,Status [ref],I3421,3421,P5967,https://www.eia.gov/naturalgas/data.php#pipelines,"https://www.eia.gov/naturalgas/data.php#pipelines, https://www.eia.gov/naturalgas/pipelines/EIA-NaturalGasPipelineProjectsAug2026.xlsx"
Gas pipelines,Researcher,J3421,3421,P5967,IM,CB
Gas pipelines,LastUpdated,K3421,3421,P5967,45918,46297
Gas pipelines,Fuel [ref],M3421,3421,P5967,https://www.eia.gov/naturalgas/data.php#pipelines,"https://www.eia.gov/naturalgas/data.php#pipelines, https://www.eia.gov/naturalgas/pipelines/EIA-NaturalGasPipelineProjectsAug2026.xlsx"
Gas pipelines,PipelineType [ref],O3421,3421,P5967,https://www.eia.gov/naturalgas/data.php#pipelines,"https://www.eia.gov/naturalgas/data.php#pipelines, https://www.eia.gov/naturalgas/pipelines/EIA-NaturalGasPipelineProjectsAug2026.xlsx"
Gas pipelines,Start [ref],AL3421,3421,P5967,,https://www.eia.gov/naturalgas/pipelines/EIA-NaturalGasPipelineProjectsAug2026.xlsx
Gas pipelines,Capacity [ref],AZ3421,3421,P5967,,https://www.eia.gov/naturalgas/pipelines/EIA-NaturalGasPipelineProjectsAug2026.xlsx
Gas pipelines,Length [ref],BI3421,3421,P5967,,https://www.eia.gov/naturalgas/pipelines/EIA-NaturalGasPipelineProjectsAug2026.xlsx
Gas pipelines,Diameter [ref],BO3421,3421,P5967,,https://www.eia.gov/naturalgas/pipelines/EIA-NaturalGasPipelineProjectsAug2026.xlsx
Gas pipelines,Location [ref],CF3421,3421,P5967,,https://www.eia.gov/naturalgas/pipelines/EIA-NaturalGasPipelineProjectsAug2026.xlsx
Gas pipelines,SegmentCost [ref],CM3421,3421,P5967,,https://www.eia.gov/naturalgas/pipelines/EIA-NaturalGasPipelineProjectsAug2026.xlsx
Gas pipelines,Status [ref],I3422,3422,P5968,https://www.eia.gov/naturalgas/data.php#pipelines,"https://www.eia.gov/naturalgas/data.php#pipelines, https://www.eia.gov/naturalgas/pipelines/EIA-NaturalGasPipelineProjectsAug2026.xlsx"
Gas pipelines,Researcher,J3422,3422,P5968,IM,CB
Gas pipelines,LastUpdated,K3422,3422,P5968,45918,46297
Gas pipelines,Fuel [ref],M3422,3422,P5968,https://www.eia.gov/naturalgas/data.php#pipelines,"https://www.eia.gov/naturalgas/data.php#pipelines, https://www.eia.gov/naturalgas/pipelines/EIA-NaturalGasPipelineProjectsAug2026.xlsx"
Gas pipelines,PipelineType [ref],O3422,3422,P5968,https://www.eia.gov/naturalgas/data.php#pipelines,"https://www.eia.gov/naturalgas/data.php#pipelines, https://www.eia.gov/naturalgas/pipelines/EIA-NaturalGasPipelineProjectsAug2026.xlsx"
Gas pipelines,Start [ref],AL3422,3422,P5968,,https://www.eia.gov/naturalgas/pipelines/EIA-NaturalGasPipelineProjectsAug2026.xlsx
Gas pipelines,Capacity [ref],AZ3422,3422,P5968,,https://www.eia.gov/naturalgas/pipelines/EIA-NaturalGasPipelineProjectsAug2026.xlsx
Gas pipelines,SegmentCost [ref],CM3422,3422,P5968,,https://www.eia.gov/naturalgas/pipelines/EIA-NaturalGasPipelineProjectsAug2026.xlsx
Gas pipelines,Status [ref],I3423,3423,P5969,https://www.eia.gov/naturalgas/data.php#pipelines,"https://www.eia.gov/naturalgas/data.php#pipelines, https://www.eia.gov/naturalgas/pipelines/EIA-NaturalGasPipelineProjectsAug2026.xlsx"
Gas pipelines,Researcher,J3423,3423,P5969,IM,CB
Gas pipelines,LastUpdated,K3423,3423,P5969,45918,46297
Gas pipelines,Fuel [ref],M3423,3423,P5969,https://www.eia.gov/naturalgas/data.php#pipelines,"https://www.eia.gov/naturalgas/data.php#pipelines, https://www.eia.gov/naturalgas/pipelines/EIA-NaturalGasPipelineProjectsAug2026.xlsx"
Gas pipelines,PipelineType [ref],O3423,3423,P5969,https://www.eia.gov/naturalgas/data.php#pipelines,"https://www.eia.gov/naturalgas/data.php#pipelines, https://www.eia.gov/naturalgas/pipelines/EIA-NaturalGasPipelineProjectsAug2026.xlsx"
Gas pipelines,Start [ref],AL3423,3423,P5969,,https://www.eia.gov/naturalgas/pipelines/EIA-NaturalGasPipelineProjectsAug2026.xlsx
Gas pipelines,Capacity [ref],AZ3423,3423,P5969,,https://www.eia.gov/naturalgas/pipelines/EIA-NaturalGasPipelineProjectsAug2026.xlsx
Gas pipelines,Length [ref],BI3423,3423,P5969,,https://www.eia.gov/naturalgas/pipelines/EIA-NaturalGasPipelineProjectsAug2026.xlsx
Gas pipelines,Diameter [ref],BO3423,3423,P5969,,https://www.eia.gov/naturalgas/pipelines/EIA-NaturalGasPipelineProjectsAug2026.xlsx
Gas pipelines,Location [ref],CF3423,3423,P5969,,https://www.eia.gov/naturalgas/pipelines/EIA-NaturalGasPipelineProjectsAug2026.xlsx
Gas pipelines,SegmentCost [ref],CM3423,3423,P5969,,https://www.eia.gov/naturalgas/pipelines/EIA-NaturalGasPipelineProjectsAug2026.xlsx
Gas pipelines,Status [ref],I3428,3428,P5974,https://www.eia.gov/naturalgas/data.php#pipelines,"https://www.eia.gov/naturalgas/data.php#pipelines, https://www.eia.gov/naturalgas/pipelines/EIA-NaturalGasPipelineProjectsAug2026.xlsx"
Gas pipelines,Researcher,J3428,3428,P5974,IM,CB
Gas pipelines,LastUpdated,K3428,3428,P5974,45918,46297
Gas pipelines,Fuel [ref],M3428,3428,P5974,https://www.eia.gov/naturalgas/data.php#pipelines,"https://www.eia.gov/naturalgas/data.php#pipelines, https://www.eia.gov/naturalgas/pipelines/EIA-NaturalGasPipelineProjectsAug2026.xlsx"
Gas pipelines,PipelineType [ref],O3428,3428,P5974,https://www.eia.gov/naturalgas/data.php#pipelines,"https://www.eia.gov/naturalgas/data.php#pipelines, https://www.eia.gov/naturalgas/pipelines/EIA-NaturalGasPipelineProjectsAug2026.xlsx"
Gas pipelines,StartMonth1,AG3428,3428,P5974,,8
Gas pipelines,Start [ref],AL3428,3428,P5974,,https://www.eia.gov/naturalgas/pipelines/EIA-NaturalGasPipelineProjectsAug2026.xlsx
Gas pipelines,Capacity [ref],AZ3428,3428,P5974,,https://www.eia.gov/naturalgas/pipelines/EIA-NaturalGasPipelineProjectsAug2026.xlsx
Gas pipelines,Length [ref],BI3428,3428,P5974,,https://www.eia.gov/naturalgas/pipelines/EIA-NaturalGasPipelineProjectsAug2026.xlsx
Gas pipelines,Location [ref],CF3428,3428,P5974,,https://www.eia.gov/naturalgas/pipelines/EIA-NaturalGasPipelineProjectsAug2026.xlsx
Gas pipelines,SegmentCost [ref],CM3428,3428,P5974,,https://www.eia.gov/naturalgas/pipelines/EIA-NaturalGasPipelineProjectsAug2026.xlsx
Gas pipelines,Status [ref],I3429,3429,P5975,https://www.eia.gov/naturalgas/data.php#pipelines,"https://www.eia.gov/naturalgas/data.php#pipelines, https://www.eia.gov/naturalgas/pipelines/EIA-NaturalGasPipelineProjectsAug2026.xlsx"
Gas pipelines,Researcher,J3429,3429,P5975,IM,CB
Gas pipelines,LastUpdated,K3429,3429,P5975,45918,46297
Gas pipelines,Fuel [ref],M3429,3429,P5975,https://www.eia.gov/naturalgas/data.php#pipelines,"https://www.eia.gov/naturalgas/data.php#pipelines, https://www.eia.gov/naturalgas/pipelines/EIA-NaturalGasPipelineProjectsAug2026.xlsx"
Gas pipelines,PipelineType [ref],O3429,3429,P5975,https://www.eia.gov/naturalgas/data.php#pipelines,"https://www.eia.gov/naturalgas/data.php#pipelines, https://www.eia.gov/naturalgas/pipelines/EIA-NaturalGasPipelineProjectsAug2026.xlsx"
Gas pipelines,Start [ref],AL3429,3429,P5975,,https://www.eia.gov/naturalgas/pipelines/EIA-NaturalGasPipelineProjectsAug2026.xlsx
Gas pipelines,Capacity [ref],AZ3429,3429,P5975,,https://www.eia.gov/naturalgas/pipelines/EIA-NaturalGasPipelineProjectsAug2026.xlsx
Gas pipelines,Length [ref],BI3429,3429,P5975,,https://www.eia.gov/naturalgas/pipelines/EIA-NaturalGasPipelineProjectsAug2026.xlsx
Gas pipelines,Diameter [ref],BO3429,3429,P5975,,https://www.eia.gov/naturalgas/pipelines/EIA-NaturalGasPipelineProjectsAug2026.xlsx
Gas pipelines,Location [ref],CF3429,3429,P5975,,https://www.eia.gov/naturalgas/pipelines/EIA-NaturalGasPipelineProjectsAug2026.xlsx
Gas pipelines,Status [ref],I3430,3430,P5976,https://www.eia.gov/naturalgas/data.php#pipelines,"https://www.eia.gov/naturalgas/data.php#pipelines, https://www.eia.gov/naturalgas/pipelines/EIA-NaturalGasPipelineProjectsAug2026.xlsx"
Gas pipelines,Researcher,J3430,3430,P5976,IM,CB
Gas pipelines,LastUpdated,K3430,3430,P5976,45918,46297
Gas pipelines,Fuel [ref],M3430,3430,P5976,https://www.eia.gov/naturalgas/data.php#pipelines,"https://www.eia.gov/naturalgas/data.php#pipelines, https://www.eia.gov/naturalgas/pipelines/EIA-NaturalGasPipelineProjectsAug2026.xlsx"
Gas pipelines,PipelineType [ref],O3430,3430,P5976,https://www.eia.gov/naturalgas/data.php#pipelines,"https://www.eia.gov/naturalgas/data.php#pipelines, https://www.eia.gov/naturalgas/pipelines/EIA-NaturalGasPipelineProjectsAug2026.xlsx"
Gas pipelines,Start [ref],AL3430,3430,P5976,,https://www.eia.gov/naturalgas/pipelines/EIA-NaturalGasPipelineProjectsAug2026.xlsx
Gas pipelines,Capacity [ref],AZ3430,3430,P5976,,https://www.eia.gov/naturalgas/pipelines/EIA-NaturalGasPipelineProjectsAug2026.xlsx
Gas pipelines,Length [ref],BI3430,3430,P5976,,https://www.eia.gov/naturalgas/pipelines/EIA-NaturalGasPipelineProjectsAug2026.xlsx
Gas pipelines,Diameter [ref],BO3430,3430,P5976,,https://www.eia.gov/naturalgas/pipelines/EIA-NaturalGasPipelineProjectsAug2026.xlsx
Gas pipelines,Location [ref],CF3430,3430,P5976,,https://www.eia.gov/naturalgas/pipelines/EIA-NaturalGasPipelineProjectsAug2026.xlsx
Gas pipelines,SegmentCost [ref],CM3430,3430,P5976,,https://www.eia.gov/naturalgas/pipelines/EIA-NaturalGasPipelineProjectsAug2026.xlsx
Gas pipelines,Status [ref],I3455,3455,P6003,,"https://www.esng.com/our-natural-gas-projects/archives/del-mar-energy-pathway-project/, https://www.sec.gov/Archives/edgar/data/19745/000162828022003530/cpk-20211231.htm"
Gas pipelines,Researcher,J3455,3455,P6003,HK,CB
Gas pipelines,LastUpdated,K3455,3455,P6003,45182,46297
Gas pipelines,Fuel [ref],M3455,3455,P6003,,"https://www.ferc.gov/sites/default/files/2020-04/CP18-548-EA.pdf, https://www.esng.com/our-natural-gas-projects/archives/del-mar-energy-pathway-project/"
Gas pipelines,PipelineType [ref],O3455,3455,P6003,,"https://www.ferc.gov/sites/default/files/2020-04/CP18-548-EA.pdf, https://www.prnewswire.com/news-releases/eastern-shore-natural-gas-company-receives-positive-environmental-assessment-from-ferc-for-del-mar-energy-pathway-project-300844449.html"
Gas pipelines,ProposalYear,Z3455,3455,P6003,,2018
Gas pipelines,ProposalMonth,AA3455,3455,P6003,,September
Gas pipelines,Proposal [ref],AB3455,3455,P6003,,"https://www.ferc.gov/sites/default/files/2020-04/CP18-548-EA.pdf, https://www.esng.com/our-natural-gas-projects/archives/del-mar-energy-pathway-project/"
Gas pipelines,ConstructionYear,AC3455,3455,P6003,,2020
Gas pipelines,ConstructionMonth,AD3455,3455,P6003,,January
Gas pipelines,Construction [ref],AE3455,3455,P6003,,"https://www.esng.com/our-natural-gas-projects/archives/del-mar-energy-pathway-project/, https://www.sec.gov/Archives/edgar/data/19745/000162828022003530/cpk-20211231.htm"
Gas pipelines,Start [ref],AL3455,3455,P6003,,"https://www.esng.com/our-natural-gas-projects/archives/del-mar-energy-pathway-project/, https://www.sec.gov/Archives/edgar/data/19745/000162828022003530/cpk-20211231.htm"
Gas pipelines,Capacity [ref],AZ3455,3455,P6003,,"https://www.ferc.gov/sites/default/files/2020-04/CP18-548-EA.pdf, https://www.sec.gov/Archives/edgar/data/19745/000162828022003530/cpk-20211231.htm"
Gas pipelines,Length [ref],BI3455,3455,P6003,,"https://www.ferc.gov/sites/default/files/2020-04/CP18-548-EA.pdf, https://www.sec.gov/Archives/edgar/data/19745/000162828022003530/cpk-20211231.htm"
Gas pipelines,Diameter [ref],BO3455,3455,P6003,,https://www.ferc.gov/sites/default/files/2020-04/CP18-548-EA.pdf
Gas pipelines,Location [ref],CF3455,3455,P6003,,"https://www.ferc.gov/sites/default/files/2020-04/CP18-548-EA.pdf, https://www.esng.com/our-natural-gas-projects/archives/del-mar-energy-pathway-project/"
Gas pipelines,Researcher,J3456,3456,P6004,HK,CB
Gas pipelines,LastUpdated,K3456,3456,P6004,45182,46297
Gas pipelines,Fuel [ref],M3456,3456,P6004,,"https://web.archive.org/web/20230624075255/https://chickahominypipeline.com/about/, https://www.scc.virginia.gov/docketsearch/DOCS/5qr301!.PDF"
Gas pipelines,PipelineType [ref],O3456,3456,P6004,,"https://www.fractracker.org/2021/11/chickahominy-pipeline-project-tries-to-exploit-an-apparent-regulatory-loophole/, https://marcellusdrilling.com/2022/02/chickahominy-pipeline-project-in-central-va-hits-pause-button/"
Gas pipelines,ProposalYear,Z3456,3456,P6004,,2021
Gas pipelines,ProposalMonth,AA3456,3456,P6004,,7
Gas pipelines,Proposal [ref],AB3456,3456,P6004,,"https://pgjonline.com/news/2021/july/company-exploring-options-for-potential-gas-pipeline-in-virginia, https://www.fractracker.org/2021/11/chickahominy-pipeline-project-tries-to-exploit-an-apparent-regulatory-loophole/"
Gas pipelines,Shelved [ref],AR3456,3456,P6004,,"https://web.archive.org/web/20231129162648/https://www.hanovercounty.gov/1143/Chickahominy-Pipeline, https://web.archive.org/web/20230421183452/https://www.southernenvironment.org/press-release/chickahominy-pipeline-suspends-beleaguered-gas-project/, https://web.archive.org/web/20230926091954/https://www.virginiamercury.com/blog-va/chickahominy-pipeline-will-press-pause-on-project-crossing-five-central-va-counties/"
Gas pipelines,Length [ref],BI3456,3456,P6004,,"https://web.archive.org/web/20230624075255/https://chickahominypipeline.com/about/, https://web.archive.org/web/20230926091954/https://www.virginiamercury.com/blog-va/chickahominy-pipeline-will-press-pause-on-project-crossing-five-central-va-counties/"
Gas pipelines,Diameter,BM3456,3456,P6004,,24
Gas pipelines,DiameterUnits,BN3456,3456,P6004,,in
Gas pipelines,Diameter [ref],BO3456,3456,P6004,,"https://www.fractracker.org/2021/11/chickahominy-pipeline-project-tries-to-exploit-an-apparent-regulatory-loophole/, https://pgjonline.com/news/2021/july/company-exploring-options-for-potential-gas-pipeline-in-virginia, https://marcellusdrilling.com/2022/02/chickahominy-pipeline-project-in-central-va-hits-pause-button/"
Gas pipelines,FuelSource,BQ3456,3456,P6004,,Marcellus/Utica
Gas pipelines,FuelSource [ref],BR3456,3456,P6004,,https://marcellusdrilling.com/2022/02/chickahominy-pipeline-project-in-central-va-hits-pause-button/
Gas pipelines,Location [ref],CF3456,3456,P6004,,"https://web.archive.org/web/20230624075255/https://chickahominypipeline.com/about/, https://web.archive.org/web/20231129162648/https://www.hanovercounty.gov/1143/Chickahominy-Pipeline, https://web.archive.org/web/20230926091954/https://www.virginiamercury.com/blog-va/chickahominy-pipeline-will-press-pause-on-project-crossing-five-central-va-counties/"
Gas pipelines,Researcher,J3708,3708,P6843,IM,CB
Gas pipelines,LastUpdated,K3708,3708,P6843,45924,46297
Gas pipelines,Fuel [ref],M3708,3708,P6843,https://www.eia.gov/naturalgas/data.php#pipelines,"https://www.eia.gov/naturalgas/data.php#pipelines, https://dtmidstream.com/asset/leap-gathering-system/, https://www.eia.gov/naturalgas/pipelines/EIA-NaturalGasPipelineProjectsAug2026.xlsx"
Gas pipelines,ProposalYear,Z3708,3708,P6843,,2024
Gas pipelines,ProposalMonth,AA3708,3708,P6843,,2
Gas pipelines,Proposal [ref],AB3708,3708,P6843,,"https://naturalgasintel.com/news/dtm-looking-beyond-current-realities-in-natural-gas-market-to-expand-haynesville-leap-pipe/, https://www.eia.gov/naturalgas/pipelines/EIA-NaturalGasPipelineProjects_Jan2025.xlsx"
Gas pipelines,ConstructionYear,AC3708,3708,P6843,,2025
Gas pipelines,Construction [ref],AE3708,3708,P6843,,https://www.eia.gov/naturalgas/pipelines/EIA-NaturalGasPipelineProjects_Jul2025.xlsx
Gas pipelines,Capacity [ref],AZ3708,3708,P6843,https://www.eia.gov/naturalgas/data.php#pipelines,"https://www.eia.gov/naturalgas/data.php#pipelines, https://naturalgasintel.com/news/dt-midstream-sanctions-leap-phase-4-natural-gas-pipeline-expansion-for-haynesville-growth/, https://www.eia.gov/naturalgas/pipelines/EIA-NaturalGasPipelineProjectsAug2026.xlsx"
Gas pipelines,Length [ref],BI3708,3708,P6843,https://www.eia.gov/naturalgas/data.php#pipelines,"https://www.eia.gov/naturalgas/data.php#pipelines, https://www.ogj.com/pipelines-transportation/pipelines/article/55240028/dt-midstream-expanding-haynesville-marcellus-natural-gas-pipeline-systems, https://www.eia.gov/naturalgas/pipelines/EIA-NaturalGasPipelineProjects_Jul2025.xlsx"
Gas pipelines,FuelSource,BQ3708,3708,P6843,,Haynesville Shale
Gas pipelines,FuelSource [ref],BR3708,3708,P6843,,"https://dtmidstream.com/asset/leap-gathering-system/, https://naturalgasintel.com/news/dtm-looking-beyond-current-realities-in-natural-gas-market-to-expand-haynesville-leap-pipe/"
Gas pipelines,Location [ref],CF3708,3708,P6843,https://www.eia.gov/naturalgas/data.php#pipelines,"https://www.eia.gov/naturalgas/data.php#pipelines, https://dtmidstream.com/asset/leap-gathering-system/, https://naturalgasintel.com/news/dt-midstream-sanctions-leap-phase-4-natural-gas-pipeline-expansion-for-haynesville-growth/"
Gas pipelines,Researcher,J3775,3775,P7106,BL,CB
Gas pipelines,LastUpdated,K3775,3775,P7106,45582,46297
Gas pipelines,Fuel [ref],M3775,3775,P7106,https://www.power-eng.com/gas/new-projects-gas/permits-put-on-hold-for-planned-pipeline-to-fuel-a-new-tennessee-natural-gas-power-plant/,"https://www.power-eng.com/gas/new-projects-gas/permits-put-on-hold-for-planned-pipeline-to-fuel-a-new-tennessee-natural-gas-power-plant/, https://marcellusdrilling.com/2026/07/km-reports-tgp-cumberland-project-gas-pipe-in-tn-now-online/"
Gas pipelines,PipelineType [ref],O3775,3775,P7106,https://www.power-eng.com/gas/new-projects-gas/permits-put-on-hold-for-planned-pipeline-to-fuel-a-new-tennessee-natural-gas-power-plant/,"https://www.power-eng.com/gas/new-projects-gas/permits-put-on-hold-for-planned-pipeline-to-fuel-a-new-tennessee-natural-gas-power-plant/, https://www.eia.gov/naturalgas/pipelines/EIA-NaturalGasPipelineProjectsAug2026.xlsx"
Gas pipelines,Length [ref],BI3775,3775,P7106,https://www.power-eng.com/gas/new-projects-gas/permits-put-on-hold-for-planned-pipeline-to-fuel-a-new-tennessee-natural-gas-power-plant/,"https://www.power-eng.com/gas/new-projects-gas/permits-put-on-hold-for-planned-pipeline-to-fuel-a-new-tennessee-natural-gas-power-plant/, https://marcellusdrilling.com/2026/07/km-reports-tgp-cumberland-project-gas-pipe-in-tn-now-online/, https://www.eia.gov/naturalgas/pipelines/EIA-NaturalGasPipelineProjectsAug2026.xlsx"
Gas pipelines,StartState/Province,BU3775,3775,P7106,,Tennessee
Gas pipelines,EndState/Province,CA3775,3775,P7106,,Tennessee
Gas pipelines,Location [ref],CF3775,3775,P7106,,https://marcellusdrilling.com/2026/07/km-reports-tgp-cumberland-project-gas-pipe-in-tn-now-online/
Gas pipelines,Researcher,J4151,4151,P7771,IM,CB
Gas pipelines,LastUpdated,K4151,4151,P7771,45917,46297
Gas pipelines,Fuel [ref],M4151,4151,P7771,https://www.eia.gov/naturalgas/data.php#pipelines,"https://www.eia.gov/naturalgas/data.php#pipelines, https://www.eia.gov/naturalgas/pipelines/EIA-NaturalGasPipelineProjectsAug2026.xlsx"
Gas pipelines,Proposal [ref],AB4151,4151,P7771,https://www.eia.gov/naturalgas/data.php#pipelines,"https://www.eia.gov/naturalgas/data.php#pipelines, https://www.eia.gov/naturalgas/pipelines/EIA-NaturalGasPipelineProjectsAug2026.xlsx"
Gas pipelines,Capacity [ref],AZ4151,4151,P7771,https://www.eia.gov/naturalgas/data.php#pipelines,"https://www.eia.gov/naturalgas/data.php#pipelines, https://www.eia.gov/naturalgas/pipelines/EIA-NaturalGasPipelineProjectsAug2026.xlsx"
Gas pipelines,Length [ref],BI4151,4151,P7771,https://www.eia.gov/naturalgas/data.php#pipelines,"https://www.eia.gov/naturalgas/data.php#pipelines, https://www.eia.gov/naturalgas/pipelines/EIA-NaturalGasPipelineProjectsAug2026.xlsx"
Gas pipelines,StartLocation,BS4151,4151,P7771,,Andrews County
Gas pipelines,EndLocation,BY4151,4151,P7771,,Andrews County
Gas pipelines,Location [ref],CF4151,4151,P7771,https://www.eia.gov/naturalgas/data.php#pipelines,"https://www.eia.gov/naturalgas/data.php#pipelines, https://www.eia.gov/naturalgas/pipelines/EIA-NaturalGasPipelineProjectsAug2026.xlsx"
Gas pipelines,SegmentCost [ref],CM4151,4151,P7771,https://www.eia.gov/naturalgas/data.php#pipelines,"https://www.eia.gov/naturalgas/data.php#pipelines, https://www.eia.gov/naturalgas/pipelines/EIA-NaturalGasPipelineProjectsAug2026.xlsx"
Gas pipelines,Status,H4164,4164,P7784,proposed,construction
Gas pipelines,Status [ref],I4164,4164,P7784,https://www.eia.gov/naturalgas/data.php#pipelines,"https://bwpipelines.com/project/eunice-reliability, https://www.eia.gov/naturalgas/pipelines/EIA-NaturalGasPipelineProjectsAug2026.xlsx"
Gas pipelines,Researcher,J4164,4164,P7784,IM,CB
Gas pipelines,LastUpdated,K4164,4164,P7784,45918,46297
Gas pipelines,Fuel [ref],M4164,4164,P7784,https://www.eia.gov/naturalgas/data.php#pipelines,"https://www.eia.gov/naturalgas/data.php#pipelines, https://www.federalregister.gov/documents/2024/05/29/2024-11673/texas-gas-transmission-llc-gulf-pipeline-company-llc-notice-of-application-and-establishing, https://bwpipelines.com/project/eunice-reliability"
Gas pipelines,PipelineType [ref],O4164,4164,P7784,https://www.eia.gov/naturalgas/data.php#pipelines,"https://www.eia.gov/naturalgas/data.php#pipelines, https://bwpipelines.com/project/eunice-reliability, https://www.federalregister.gov/documents/2024/05/29/2024-11673/texas-gas-transmission-llc-gulf-pipeline-company-llc-notice-of-application-and-establishing"
Gas pipelines,ProposalYear,Z4164,4164,P7784,,2024
Gas pipelines,ProposalMonth,AA4164,4164,P7784,,5
Gas pipelines,Proposal [ref],AB4164,4164,P7784,,"https://www.federalregister.gov/documents/2024/05/29/2024-11673/texas-gas-transmission-llc-gulf-pipeline-company-llc-notice-of-application-and-establishing, https://bwpipelines.com/project/eunice-reliability"
Gas pipelines,ConstructionYear,AC4164,4164,P7784,,2025
Gas pipelines,ConstructionMonth,AD4164,4164,P7784,,9
Gas pipelines,Construction [ref],AE4164,4164,P7784,,"https://bwpipelines.com/project/eunice-reliability, https://www.eia.gov/naturalgas/pipelines/EIA-NaturalGasPipelineProjectsAug2026.xlsx"
Gas pipelines,Capacity [ref],AZ4164,4164,P7784,https://www.eia.gov/naturalgas/data.php#pipelines,"https://www.eia.gov/naturalgas/data.php#pipelines, https://bwpipelines.com/project/eunice-reliability, https://www.eia.gov/naturalgas/pipelines/EIA-NaturalGasPipelineProjectsAug2026.xlsx"
Gas pipelines,Length [ref],BI4164,4164,P7784,https://www.eia.gov/naturalgas/data.php#pipelines,"https://www.eia.gov/naturalgas/data.php#pipelines, https://bwpipelines.com/project/eunice-reliability, https://www.eia.gov/naturalgas/pipelines/EIA-NaturalGasPipelineProjectsAug2026.xlsx"
Gas pipelines,Location [ref],CF4164,4164,P7784,https://www.eia.gov/naturalgas/data.php#pipelines,"https://www.eia.gov/naturalgas/data.php#pipelines, https://bwpipelines.com/project/eunice-reliability, https://www.federalregister.gov/documents/2025/02/07/2025-02318/texas-gas-transmission-llc-gulf-south-pipeline-company-llc-notice-of-availability-of-the"
Gas pipelines,SegmentCost [ref],CM4164,4164,P7784,https://www.eia.gov/naturalgas/data.php#pipelines,"https://www.eia.gov/naturalgas/data.php#pipelines, https://www.eia.gov/naturalgas/pipelines/EIA-NaturalGasPipelineProjectsAug2026.xlsx"
Gas pipelines,FIDStatus,CP4164,4164,P7784,,FID
Gas pipelines,Status,H4165,4165,P7785,construction,operating
Gas pipelines,Status [ref],I4165,4165,P7785,https://www.eia.gov/naturalgas/data.php#pipelines,"https://www.federalregister.gov/documents/2026/04/13/2026-07123/mountainwest-overthrust-pipeline-llc-notice-of-motion-to-vacate-certificate-in-part, https://www.sec.gov/Archives/edgar/data/107263/000010726326000006/wmb-20251231.htm, https://www.eia.gov/naturalgas/pipelines/EIA-NaturalGasPipelineProjects_Jan2026.xlsx"
Gas pipelines,Researcher,J4165,4165,P7785,IM,CB
Gas pipelines,LastUpdated,K4165,4165,P7785,45919,46297
Gas pipelines,Fuel [ref],M4165,4165,P7785,https://www.eia.gov/naturalgas/data.php#pipelines,"https://www.eia.gov/naturalgas/data.php#pipelines, https://www.eia.gov/naturalgas/pipelines/EIA-NaturalGasPipelineProjects_Jan2026.xlsx, https://www.sec.gov/Archives/edgar/data/107263/000010726326000006/wmb-20251231.htm"
Gas pipelines,PipelineType [ref],O4165,4165,P7785,https://www.eia.gov/naturalgas/data.php#pipelines,"https://www.eia.gov/naturalgas/data.php#pipelines, https://www.sec.gov/Archives/edgar/data/107263/000010726326000006/wmb-20251231.htm, https://www.federalregister.gov/documents/2023/11/21/2023-25710/mountainwest-overthrust-pipeline-llc-notice-of-application-and-establishing-intervention-deadline"
Gas pipelines,ProposalYear,Z4165,4165,P7785,,2023
Gas pipelines,ProposalMonth,AA4165,4165,P7785,,11
Gas pipelines,Proposal [ref],AB4165,4165,P7785,,https://www.federalregister.gov/documents/2023/11/21/2023-25710/mountainwest-overthrust-pipeline-llc-notice-of-application-and-establishing-intervention-deadline
Gas pipelines,ConstructionYear,AC4165,4165,P7785,,2025
Gas pipelines,Construction [ref],AE4165,4165,P7785,,https://www.eia.gov/naturalgas/pipelines/EIA-NaturalGasPipelineProjects_Jan2026.xlsx
Gas pipelines,StartMonth1,AG4165,4165,P7785,,11
Gas pipelines,Start [ref],AL4165,4165,P7785,https://www.eia.gov/naturalgas/data.php#pipelines,"https://www.eia.gov/naturalgas/data.php#pipelines, https://www.eia.gov/naturalgas/pipelines/EIA-NaturalGasPipelineProjects_Jan2026.xlsx, https://www.sec.gov/Archives/edgar/data/107263/000010726326000006/wmb-20251231.htm, https://www.federalregister.gov/documents/2026/04/13/2026-07123/mountainwest-overthrust-pipeline-llc-notice-of-motion-to-vacate-certificate-in-part"
Gas pipelines,Capacity [ref],AZ4165,4165,P7785,https://www.eia.gov/naturalgas/data.php#pipelines,"https://www.eia.gov/naturalgas/data.php#pipelines, https://www.eia.gov/naturalgas/pipelines/EIA-NaturalGasPipelineProjects_Jan2026.xlsx, https://www.federalregister.gov/documents/2023/11/21/2023-25710/mountainwest-overthrust-pipeline-llc-notice-of-application-and-establishing-intervention-deadline"
Gas pipelines,Diameter,BM4165,4165,P7785,,24.0
Gas pipelines,DiameterUnits,BN4165,4165,P7785,,in
Gas pipelines,Diameter [ref],BO4165,4165,P7785,,https://www.eia.gov/naturalgas/pipelines/EIA-NaturalGasPipelineProjects_Jan2026.xlsx
Gas pipelines,StartLocation,BS4165,4165,P7785,,Wamsutter Interconnect
Gas pipelines,EndLocation,BY4165,4165,P7785,,Roberson Compressor Station (new Kern River Gas Transmission interconnect)
Gas pipelines,Location [ref],CF4165,4165,P7785,https://www.eia.gov/naturalgas/data.php#pipelines,"https://www.eia.gov/naturalgas/data.php#pipelines, https://www.federalregister.gov/documents/2026/04/13/2026-07123/mountainwest-overthrust-pipeline-llc-notice-of-motion-to-vacate-certificate-in-part, https://www.eia.gov/naturalgas/pipelines/EIA-NaturalGasPipelineProjectsAug2026.xlsx, https://web.archive.org/web/20251212192540/https://www.williams.com/expansion-project/mountainwest-overthrust-westbound-compression-expansion/"
Gas pipelines,SegmentCost [ref],CM4165,4165,P7785,https://www.eia.gov/naturalgas/data.php#pipelines,"https://www.eia.gov/naturalgas/data.php#pipelines, https://www.eia.gov/naturalgas/pipelines/EIA-NaturalGasPipelineProjects_Jan2026.xlsx, https://www.federalregister.gov/documents/2023/11/21/2023-25710/mountainwest-overthrust-pipeline-llc-notice-of-application-and-establishing-intervention-deadline"
Gas pipelines,Status [ref],I4177,4177,P7797,https://www.eia.gov/naturalgas/data.php#pipelines,"https://www.eia.gov/naturalgas/data.php#pipelines, https://www.govinfo.gov/content/pkg/FR-2025-06-24/pdf/2025-11578.pdf, https://www.eia.gov/naturalgas/pipelines/EIA-NaturalGasPipelineProjectsAug2026.xlsx, https://www.federalregister.gov/documents/2026/04/08/2026-06766/sabine-pass-liquefaction-llc-sabine-pass-liquefaction-stage-v-llc-sabine-crossing-pipeline-llc"
Gas pipelines,Researcher,J4177,4177,P7797,IM,CB
Gas pipelines,LastUpdated,K4177,4177,P7797,45922,46297
Gas pipelines,Fuel [ref],M4177,4177,P7797,https://www.eia.gov/naturalgas/data.php#pipelines,"https://www.eia.gov/naturalgas/data.php#pipelines, https://www.govinfo.gov/content/pkg/FR-2025-06-24/pdf/2025-11578.pdf, https://www.eia.gov/naturalgas/pipelines/EIA-NaturalGasPipelineProjectsAug2026.xlsx"
Gas pipelines,PipelineType [ref],O4177,4177,P7797,https://www.eia.gov/naturalgas/data.php#pipelines,"https://www.eia.gov/naturalgas/data.php#pipelines, https://www.govinfo.gov/content/pkg/FR-2025-06-24/pdf/2025-11578.pdf, https://www.eia.gov/naturalgas/pipelines/EIA-NaturalGasPipelineProjectsAug2026.xlsx"
Gas pipelines,Proposal [ref],AB4177,4177,P7797,https://www.eia.gov/naturalgas/data.php#pipelines,"https://www.eia.gov/naturalgas/data.php#pipelines, https://lngconnectionapi.cheniere.com/tempImages/CTPL-Open-Season.pdf, https://www.govinfo.gov/content/pkg/FR-2025-06-24/pdf/2025-11578.pdf, https://www.eia.gov/naturalgas/pipelines/EIA-NaturalGasPipelineProjectsAug2026.xlsx"
Gas pipelines,Start [ref],AL4177,4177,P7797,https://www.eia.gov/naturalgas/data.php#pipelines,"https://www.eia.gov/naturalgas/data.php#pipelines, https://lngconnectionapi.cheniere.com/tempImages/CTPL-Open-Season.pdf, https://www.eia.gov/naturalgas/pipelines/EIA-NaturalGasPipelineProjectsAug2026.xlsx"
Gas pipelines,Capacity [ref],AZ4177,4177,P7797,https://www.eia.gov/naturalgas/data.php#pipelines,"https://www.eia.gov/naturalgas/data.php#pipelines, https://lngconnectionapi.cheniere.com/tempImages/CTPL-Open-Season.pdf, https://www.eia.gov/naturalgas/pipelines/EIA-NaturalGasPipelineProjectsAug2026.xlsx, https://www.govinfo.gov/content/pkg/FR-2025-06-24/pdf/2025-11578.pdf"
Gas pipelines,Length [ref],BI4177,4177,P7797,https://www.eia.gov/naturalgas/data.php#pipelines,"https://www.eia.gov/naturalgas/data.php#pipelines, https://www.eia.gov/naturalgas/pipelines/EIA-NaturalGasPipelineProjectsAug2026.xlsx, https://lngconnectionapi.cheniere.com/tempImages/CTPL-Open-Season.pdf"
Gas pipelines,Location [ref],CF4177,4177,P7797,https://www.eia.gov/naturalgas/data.php#pipelines,"https://www.eia.gov/naturalgas/data.php#pipelines, https://www.govinfo.gov/content/pkg/FR-2025-06-24/pdf/2025-11578.pdf, https://lngconnectionapi.cheniere.com/tempImages/CTPL-Open-Season.pdf, https://www.eia.gov/naturalgas/pipelines/EIA-NaturalGasPipelineProjectsAug2026.xlsx"
Gas pipelines,SegmentCost,CJ4177,4177,P7797,,390269433.0
Gas pipelines,SegmentCostUnits,CK4177,4177,P7797,,USD
Gas pipelines,SegmentCostYear,CL4177,4177,P7797,,2025
Gas pipelines,SegmentCost [ref],CM4177,4177,P7797,,https://www.govinfo.gov/content/pkg/FR-2025-06-24/pdf/2025-11578.pdf
Gas pipelines,Status [ref],I4180,4180,P7800,https://www.eia.gov/naturalgas/data.php#pipelines,"https://www.eia.gov/naturalgas/data.php#pipelines, https://www.eia.gov/naturalgas/pipelines/EIA-NaturalGasPipelineProjectsAug2026.xlsx"
Gas pipelines,Researcher,J4180,4180,P7800,IM,CB
Gas pipelines,LastUpdated,K4180,4180,P7800,45922,46297
Gas pipelines,Fuel [ref],M4180,4180,P7800,https://www.eia.gov/naturalgas/data.php#pipelines,"https://www.eia.gov/naturalgas/data.php#pipelines, https://www.eia.gov/naturalgas/pipelines/EIA-NaturalGasPipelineProjectsAug2026.xlsx"
Gas pipelines,PipelineType [ref],O4180,4180,P7800,https://www.eia.gov/naturalgas/data.php#pipelines,"https://www.eia.gov/naturalgas/data.php#pipelines, https://www.eia.gov/naturalgas/pipelines/EIA-NaturalGasPipelineProjectsAug2026.xlsx"
Gas pipelines,Proposal [ref],AB4180,4180,P7800,https://www.eia.gov/naturalgas/data.php#pipelines,"https://www.eia.gov/naturalgas/data.php#pipelines, https://www.eia.gov/naturalgas/pipelines/EIA-NaturalGasPipelineProjects_Jul2025.xlsx"
Gas pipelines,Start [ref],AL4180,4180,P7800,https://www.eia.gov/naturalgas/data.php#pipelines,"https://www.eia.gov/naturalgas/data.php#pipelines, https://www.eia.gov/naturalgas/pipelines/EIA-NaturalGasPipelineProjectsAug2026.xlsx"
Gas pipelines,Capacity [ref],AZ4180,4180,P7800,https://www.eia.gov/naturalgas/data.php#pipelines,"https://www.eia.gov/naturalgas/data.php#pipelines, https://www.eia.gov/naturalgas/pipelines/EIA-NaturalGasPipelineProjectsAug2026.xlsx"
Gas pipelines,Length [ref],BI4180,4180,P7800,https://www.eia.gov/naturalgas/data.php#pipelines,"https://www.eia.gov/naturalgas/data.php#pipelines, https://www.eia.gov/naturalgas/pipelines/EIA-NaturalGasPipelineProjectsAug2026.xlsx"
Gas pipelines,Location [ref],CF4180,4180,P7800,https://www.eia.gov/naturalgas/data.php#pipelines,"https://www.eia.gov/naturalgas/data.php#pipelines, https://www.eia.gov/naturalgas/pipelines/EIA-NaturalGasPipelineProjectsAug2026.xlsx"
Gas pipelines,Researcher,J4181,4181,P7801,IM,CB
Gas pipelines,LastUpdated,K4181,4181,P7801,45923,46297
Gas pipelines,Fuel [ref],M4181,4181,P7801,https://www.eia.gov/naturalgas/data.php#pipelines,"https://www.eia.gov/naturalgas/data.php#pipelines, https://www.eia.gov/naturalgas/pipelines/EIA-NaturalGasPipelineProjectsAug2026.xlsx"
Gas pipelines,PipelineType [ref],O4181,4181,P7801,https://www.eia.gov/naturalgas/data.php#pipelines,"https://www.eia.gov/naturalgas/data.php#pipelines, https://www.eia.gov/naturalgas/pipelines/EIA-NaturalGasPipelineProjectsAug2026.xlsx"
Gas pipelines,Start [ref],AL4181,4181,P7801,https://www.eia.gov/naturalgas/data.php#pipelines,"https://www.eia.gov/naturalgas/data.php#pipelines, https://www.eia.gov/naturalgas/pipelines/EIA-NaturalGasPipelineProjectsAug2026.xlsx"
Gas pipelines,Capacity [ref],AZ4181,4181,P7801,https://www.eia.gov/naturalgas/data.php#pipelines,"https://www.eia.gov/naturalgas/data.php#pipelines, https://www.eia.gov/naturalgas/pipelines/EIA-NaturalGasPipelineProjectsAug2026.xlsx"
Gas pipelines,Length [ref],BI4181,4181,P7801,https://www.eia.gov/naturalgas/data.php#pipelines,"https://www.eia.gov/naturalgas/data.php#pipelines, https://www.eia.gov/naturalgas/pipelines/EIA-NaturalGasPipelineProjectsAug2026.xlsx"
Gas pipelines,Location [ref],CF4181,4181,P7801,https://www.eia.gov/naturalgas/data.php#pipelines,"https://www.eia.gov/naturalgas/data.php#pipelines, https://www.eia.gov/naturalgas/pipelines/EIA-NaturalGasPipelineProjectsAug2026.xlsx"
Gas pipelines,SegmentCost [ref],CM4181,4181,P7801,https://www.eia.gov/naturalgas/data.php#pipelines,"https://www.eia.gov/naturalgas/data.php#pipelines, https://www.eia.gov/naturalgas/pipelines/EIA-NaturalGasPipelineProjectsAug2026.xlsx"
Gas pipelines,Status,H4185,4185,P7805,construction,operating
Gas pipelines,Status [ref],I4185,4185,P7805,https://www.eia.gov/naturalgas/data.php#pipelines,"https://www.sec.gov/Archives/edgar/data/107263/000010726325000145/wmb-20250930.htm, https://www.eia.gov/naturalgas/pipelines/EIA-NaturalGasPipelineProjectsAug2026.xlsx"
Gas pipelines,Researcher,J4185,4185,P7805,IM,CB
Gas pipelines,LastUpdated,K4185,4185,P7805,45924,46297
Gas pipelines,Fuel [ref],M4185,4185,P7805,https://www.eia.gov/naturalgas/data.php#pipelines,"https://www.eia.gov/naturalgas/data.php#pipelines, https://www.sec.gov/Archives/edgar/data/107263/000010726325000145/wmb-20250930.htm, https://www.eia.gov/naturalgas/pipelines/EIA-NaturalGasPipelineProjectsAug2026.xlsx"
Gas pipelines,PipelineType [ref],O4185,4185,P7805,https://www.eia.gov/naturalgas/data.php#pipelines,"https://www.eia.gov/naturalgas/data.php#pipelines, https://www.sec.gov/Archives/edgar/data/107263/000010726325000145/wmb-20250930.htm, https://www.eia.gov/naturalgas/pipelines/EIA-NaturalGasPipelineProjectsAug2026.xlsx"
Gas pipelines,ProposalYear,Z4185,4185,P7805,,2023
Gas pipelines,ProposalMonth,AA4185,4185,P7805,,4
Gas pipelines,Proposal [ref],AB4185,4185,P7805,,"https://www.govinfo.gov/content/pkg/FR-2023-06-08/pdf/2023-12244.pdf, https://www.williams.com/wp-content/uploads/sites/8/2023/08/Williams_AlabamaGeorgiaConnector_Brochure_FINAL-DIGITAL-8.21.23-.pdf"
Gas pipelines,Construction [ref],AE4185,4185,P7805,https://www.eia.gov/naturalgas/data.php#pipelines,"https://www.eia.gov/naturalgas/data.php#pipelines, https://www.eia.gov/naturalgas/pipelines/EIA-NaturalGasPipelineProjects_Jul2025.xlsx"
Gas pipelines,StartMonth1,AG4185,4185,P7805,,10
Gas pipelines,Start [ref],AL4185,4185,P7805,https://www.eia.gov/naturalgas/data.php#pipelines,"https://www.eia.gov/naturalgas/data.php#pipelines, https://www.sec.gov/Archives/edgar/data/107263/000010726325000145/wmb-20250930.htm, https://www.eia.gov/naturalgas/pipelines/EIA-NaturalGasPipelineProjectsAug2026.xlsx"
Gas pipelines,Length [ref],BI4185,4185,P7805,https://www.eia.gov/naturalgas/data.php#pipelines,"https://www.eia.gov/naturalgas/data.php#pipelines, https://www.eia.gov/naturalgas/pipelines/EIA-NaturalGasPipelineProjectsAug2026.xlsx, https://www.williams.com/wp-content/uploads/sites/8/2023/08/Williams_AlabamaGeorgiaConnector_Brochure_FINAL-DIGITAL-8.21.23-.pdf"
Gas pipelines,Location [ref],CF4185,4185,P7805,https://www.eia.gov/naturalgas/data.php#pipelines,"https://www.eia.gov/naturalgas/data.php#pipelines, https://www.govinfo.gov/content/pkg/FR-2023-06-08/pdf/2023-12244.pdf, https://www.sec.gov/Archives/edgar/data/107263/000010726325000145/wmb-20250930.htm, https://www.williams.com/wp-content/uploads/sites/8/2023/08/Williams_AlabamaGeorgiaConnector_Brochure_FINAL-DIGITAL-8.21.23-.pdf"
Gas pipelines,SegmentCost [ref],CM4185,4185,P7805,https://www.eia.gov/naturalgas/data.php#pipelines,"https://www.eia.gov/naturalgas/data.php#pipelines, https://www.eia.gov/naturalgas/pipelines/EIA-NaturalGasPipelineProjectsAug2026.xlsx"
Gas pipelines,Status [ref],I4186,4186,P7806,https://www.eia.gov/naturalgas/data.php#pipelines,"https://www.eia.gov/naturalgas/data.php#pipelines, https://www.eia.gov/naturalgas/pipelines/EIA-NaturalGasPipelineProjectsAug2026.xlsx, https://www.sec.gov/Archives/edgar/data/19745/000162828026011753/cpk-20251231.htm"
Gas pipelines,Researcher,J4186,4186,P7806,IM,CB
Gas pipelines,LastUpdated,K4186,4186,P7806,45924,46297
Gas pipelines,Fuel [ref],M4186,4186,P7806,https://www.eia.gov/naturalgas/data.php#pipelines,"https://www.eia.gov/naturalgas/data.php#pipelines, https://www.eia.gov/naturalgas/pipelines/EIA-NaturalGasPipelineProjectsAug2026.xlsx, https://www.sec.gov/Archives/edgar/data/19745/000162828026011753/cpk-20251231.htm"
Gas pipelines,Proposal [ref],AB4186,4186,P7806,https://www.eia.gov/naturalgas/data.php#pipelines,"https://www.eia.gov/naturalgas/data.php#pipelines, https://www.sec.gov/Archives/edgar/data/19745/000162828026011753/cpk-20251231.htm, https://www.eia.gov/naturalgas/pipelines/EIA-NaturalGasPipelineProjectsAug2026.xlsx"
Gas pipelines,Start [ref],AL4186,4186,P7806,https://www.eia.gov/naturalgas/data.php#pipelines,"https://www.eia.gov/naturalgas/data.php#pipelines, https://www.eia.gov/naturalgas/pipelines/EIA-NaturalGasPipelineProjectsAug2026.xlsx, https://www.sec.gov/Archives/edgar/data/19745/000162828026011753/cpk-20251231.htm, https://www.prnewswire.com/news-releases/chesapeake-utilities-corporation-expands-energy-infrastructure-in-ohio-to-support-new-data-center-302499665.html"
Gas pipelines,Location [ref],CF4186,4186,P7806,https://www.eia.gov/naturalgas/data.php#pipelines,"https://www.eia.gov/naturalgas/data.php#pipelines, https://www.eia.gov/naturalgas/pipelines/EIA-NaturalGasPipelineProjectsAug2026.xlsx, https://www.sec.gov/Archives/edgar/data/19745/000162828026011753/cpk-20251231.htm, https://www.prnewswire.com/news-releases/chesapeake-utilities-corporation-expands-energy-infrastructure-in-ohio-to-support-new-data-center-302499665.html"
Gas pipelines,SegmentCost [ref],CM4186,4186,P7806,https://www.eia.gov/naturalgas/data.php#pipelines,"https://www.eia.gov/naturalgas/data.php#pipelines, https://www.eia.gov/naturalgas/pipelines/EIA-NaturalGasPipelineProjectsAug2026.xlsx, https://www.prnewswire.com/news-releases/chesapeake-utilities-corporation-expands-energy-infrastructure-in-ohio-to-support-new-data-center-302499665.html"
Gas pipelines,Status [ref],I4187,4187,P7807,https://www.eia.gov/naturalgas/data.php#pipelines,"https://www.eia.gov/naturalgas/data.php#pipelines, https://www.eia.gov/naturalgas/pipelines/EIA-NaturalGasPipelineProjectsAug2026.xlsx"
Gas pipelines,Researcher,J4187,4187,P7807,IM,CB
Gas pipelines,LastUpdated,K4187,4187,P7807,45924,46297
Gas pipelines,Fuel [ref],M4187,4187,P7807,https://www.eia.gov/naturalgas/data.php#pipelines,"https://www.eia.gov/naturalgas/data.php#pipelines, https://www.eia.gov/naturalgas/pipelines/EIA-NaturalGasPipelineProjectsAug2026.xlsx"
Gas pipelines,ProposalYear,Z4187,4187,P7807,,2023
Gas pipelines,ProposalMonth,AA4187,4187,P7807,,4
Gas pipelines,Proposal [ref],AB4187,4187,P7807,,https://www.eia.gov/naturalgas/pipelines/EIA-NaturalGasPipelineProjects_Apr2023.xlsx
Gas pipelines,Start [ref],AL4187,4187,P7807,https://www.eia.gov/naturalgas/data.php#pipelines,"https://www.eia.gov/naturalgas/data.php#pipelines, https://www.eia.gov/naturalgas/pipelines/EIA-NaturalGasPipelineProjectsAug2026.xlsx"
Gas pipelines,Capacity [ref],AZ4187,4187,P7807,https://www.eia.gov/naturalgas/data.php#pipelines,"https://www.eia.gov/naturalgas/data.php#pipelines, https://www.eia.gov/naturalgas/pipelines/EIA-NaturalGasPipelineProjectsAug2026.xlsx"
Gas pipelines,Length [ref],BI4187,4187,P7807,https://www.eia.gov/naturalgas/data.php#pipelines,"https://www.eia.gov/naturalgas/data.php#pipelines, https://www.eia.gov/naturalgas/pipelines/EIA-NaturalGasPipelineProjectsAug2026.xlsx"
Gas pipelines,FuelSource [ref],BR4187,4187,P7807,https://www.eia.gov/naturalgas/data.php#pipelines,"https://www.eia.gov/naturalgas/data.php#pipelines, https://www.eia.gov/naturalgas/pipelines/EIA-NaturalGasPipelineProjectsAug2026.xlsx"
Gas pipelines,Location [ref],CF4187,4187,P7807,https://www.eia.gov/naturalgas/data.php#pipelines,"https://www.eia.gov/naturalgas/data.php#pipelines, https://www.eia.gov/naturalgas/pipelines/EIA-NaturalGasPipelineProjectsAug2026.xlsx"
Gas pipelines,Status [ref],I4188,4188,P7808,https://www.eia.gov/naturalgas/data.php#pipelines,"https://www.eia.gov/naturalgas/data.php#pipelines, https://www.federalregister.gov/documents/2026/04/30/2026-08457/transcontinental-gas-pipe-line-company-llc-notice-of-request-under-blanket-authorization-and, https://www.eia.gov/naturalgas/pipelines/EIA-NaturalGasPipelineProjectsAug2026.xlsx"
Gas pipelines,Researcher,J4188,4188,P7808,IM,CB
Gas pipelines,LastUpdated,K4188,4188,P7808,45924,46297
Gas pipelines,Fuel [ref],M4188,4188,P7808,https://www.eia.gov/naturalgas/data.php#pipelines,"https://www.eia.gov/naturalgas/data.php#pipelines, https://www.federalregister.gov/documents/2026/04/30/2026-08457/transcontinental-gas-pipe-line-company-llc-notice-of-request-under-blanket-authorization-and, https://www.eia.gov/naturalgas/pipelines/EIA-NaturalGasPipelineProjectsAug2026.xlsx"
Gas pipelines,PipelineType [ref],O4188,4188,P7808,https://www.eia.gov/naturalgas/data.php#pipelines,"https://www.eia.gov/naturalgas/data.php#pipelines, https://www.federalregister.gov/documents/2026/04/30/2026-08457/transcontinental-gas-pipe-line-company-llc-notice-of-request-under-blanket-authorization-and, https://www.eia.gov/naturalgas/pipelines/EIA-NaturalGasPipelineProjectsAug2026.xlsx"
Gas pipelines,ProposalYear,Z4188,4188,P7808,,2024
Gas pipelines,Proposal [ref],AB4188,4188,P7808,,https://www.eia.gov/naturalgas/pipelines/EIA-NaturalGasPipelineProjects_Oct2024.xlsx
Gas pipelines,Capacity [ref],AZ4188,4188,P7808,https://www.eia.gov/naturalgas/data.php#pipelines,"https://www.eia.gov/naturalgas/data.php#pipelines, https://www.federalregister.gov/documents/2026/04/30/2026-08457/transcontinental-gas-pipe-line-company-llc-notice-of-request-under-blanket-authorization-and, https://www.eia.gov/naturalgas/pipelines/EIA-NaturalGasPipelineProjectsAug2026.xlsx"
Gas pipelines,Length [ref],BI4188,4188,P7808,https://www.eia.gov/naturalgas/data.php#pipelines,"https://www.eia.gov/naturalgas/data.php#pipelines, https://www.federalregister.gov/documents/2026/04/30/2026-08457/transcontinental-gas-pipe-line-company-llc-notice-of-request-under-blanket-authorization-and, https://www.eia.gov/naturalgas/pipelines/EIA-NaturalGasPipelineProjectsAug2026.xlsx"
Gas pipelines,SegmentCost,CJ4188,4188,P7808,,28700000.0
Gas pipelines,SegmentCostUnits,CK4188,4188,P7808,,USD
Gas pipelines,SegmentCostYear,CL4188,4188,P7808,,2026
Gas pipelines,SegmentCost [ref],CM4188,4188,P7808,,https://www.federalregister.gov/documents/2026/04/30/2026-08457/transcontinental-gas-pipe-line-company-llc-notice-of-request-under-blanket-authorization-and
Gas pipelines,Status [ref],I4192,4192,P7812,https://www.eia.gov/naturalgas/data.php#pipelines,"https://www.eia.gov/naturalgas/data.php#pipelines, https://www.eia.gov/naturalgas/pipelines/EIA-NaturalGasPipelineProjects_Jul2025.xlsx, https://www.federalregister.gov/documents/2025/06/10/2025-10487/northwest-pipeline-llc-notice-of-application-and-establishing-intervention-deadline"
Gas pipelines,Researcher,J4192,4192,P7812,IM,CB
Gas pipelines,LastUpdated,K4192,4192,P7812,45926,46297
Gas pipelines,Fuel [ref],M4192,4192,P7812,https://www.eia.gov/naturalgas/data.php#pipelines,"https://www.eia.gov/naturalgas/data.php#pipelines, https://www.federalregister.gov/documents/2025/06/10/2025-10487/northwest-pipeline-llc-notice-of-application-and-establishing-intervention-deadline, https://www.eia.gov/naturalgas/pipelines/EIA-NaturalGasPipelineProjects_Jul2025.xlsx"
Gas pipelines,PipelineType [ref],O4192,4192,P7812,https://www.eia.gov/naturalgas/data.php#pipelines,"https://www.eia.gov/naturalgas/data.php#pipelines, https://www.federalregister.gov/documents/2025/06/10/2025-10487/northwest-pipeline-llc-notice-of-application-and-establishing-intervention-deadline, https://www.eia.gov/naturalgas/pipelines/EIA-NaturalGasPipelineProjectsAug2026.xlsx"
Gas pipelines,ProposalYear,Z4192,4192,P7812,,2025
Gas pipelines,ProposalMonth,AA4192,4192,P7812,,5
Gas pipelines,Proposal [ref],AB4192,4192,P7812,,"https://www.federalregister.gov/documents/2025/06/10/2025-10487/northwest-pipeline-llc-notice-of-application-and-establishing-intervention-deadline, https://www.williams.com/expansion-project/wild-trail-project/"
Gas pipelines,Start [ref],AL4192,4192,P7812,https://www.eia.gov/naturalgas/data.php#pipelines,"https://www.eia.gov/naturalgas/data.php#pipelines, https://www.eia.gov/naturalgas/pipelines/EIA-NaturalGasPipelineProjectsAug2026.xlsx, https://www.williams.com/expansion-project/wild-trail-project/"
Gas pipelines,Capacity [ref],AZ4192,4192,P7812,https://www.eia.gov/naturalgas/data.php#pipelines,"https://www.eia.gov/naturalgas/data.php#pipelines, https://www.eia.gov/naturalgas/pipelines/EIA-NaturalGasPipelineProjectsAug2026.xlsx, https://www.federalregister.gov/documents/2025/06/10/2025-10487/northwest-pipeline-llc-notice-of-application-and-establishing-intervention-deadline"
Gas pipelines,Length [ref],BI4192,4192,P7812,https://www.eia.gov/naturalgas/data.php#pipelines,"https://www.eia.gov/naturalgas/data.php#pipelines, https://www.williams.com/expansion-project/wild-trail-project/, https://www.federalregister.gov/documents/2025/06/10/2025-10487/northwest-pipeline-llc-notice-of-application-and-establishing-intervention-deadline"
Gas pipelines,FuelSource,BQ4192,4192,P7812,,Piceance Basin
Gas pipelines,FuelSource [ref],BR4192,4192,P7812,,"https://www.williams.com/expansion-project/wild-trail-project/, https://www.eia.gov/naturalgas/pipelines/EIA-NaturalGasPipelineProjectsAug2026.xlsx"
Gas pipelines,Location [ref],CF4192,4192,P7812,https://www.eia.gov/naturalgas/data.php#pipelines,"https://www.eia.gov/naturalgas/data.php#pipelines, https://www.federalregister.gov/documents/2025/06/10/2025-10487/northwest-pipeline-llc-notice-of-application-and-establishing-intervention-deadline, https://www.eia.gov/naturalgas/pipelines/EIA-NaturalGasPipelineProjectsAug2026.xlsx"
Gas pipelines,SegmentCost,CJ4192,4192,P7812,,77298599.0
Gas pipelines,SegmentCostUnits,CK4192,4192,P7812,,USD
Gas pipelines,SegmentCostYear,CL4192,4192,P7812,,2025
Gas pipelines,SegmentCost [ref],CM4192,4192,P7812,,https://www.federalregister.gov/documents/2025/06/10/2025-10487/northwest-pipeline-llc-notice-of-application-and-establishing-intervention-deadline
Gas pipelines,Status [ref],I4193,4193,P7813,https://www.eia.gov/naturalgas/data.php#pipelines,"https://www.eia.gov/naturalgas/data.php#pipelines, https://www.eia.gov/naturalgas/pipelines/EIA-NaturalGasPipelineProjectsAug2026.xlsx, https://www.thompsonenergyexpert.com/news/texas-eastern-granted-authorization-for-a2m-iii-project"
Gas pipelines,Researcher,J4193,4193,P7813,IM,CB
Gas pipelines,LastUpdated,K4193,4193,P7813,45926,46297
Gas pipelines,Fuel [ref],M4193,4193,P7813,https://www.eia.gov/naturalgas/data.php#pipelines,"https://www.eia.gov/naturalgas/data.php#pipelines, https://www.eia.gov/naturalgas/pipelines/EIA-NaturalGasPipelineProjectsAug2026.xlsx, https://www.federalregister.gov/documents/2025/06/02/2025-09918/texas-eastern-transmission-lp-notice-of-application-and-establishing-intervention-deadline"
Gas pipelines,PipelineType [ref],O4193,4193,P7813,https://www.eia.gov/naturalgas/data.php#pipelines,"https://www.eia.gov/naturalgas/data.php#pipelines, https://www.eia.gov/naturalgas/pipelines/EIA-NaturalGasPipelineProjectsAug2026.xlsx, https://www.federalregister.gov/documents/2025/06/02/2025-09918/texas-eastern-transmission-lp-notice-of-application-and-establishing-intervention-deadline"
Gas pipelines,ProposalYear,Z4193,4193,P7813,,2025
Gas pipelines,ProposalMonth,AA4193,4193,P7813,,May
Gas pipelines,Proposal [ref],AB4193,4193,P7813,,"https://www.federalregister.gov/documents/2025/06/02/2025-09918/texas-eastern-transmission-lp-notice-of-application-and-establishing-intervention-deadline, https://www.eia.gov/naturalgas/pipelines/EIA-NaturalGasPipelineProjectsAug2026.xlsx"
Gas pipelines,ConstructionYear,AC4193,4193,P7813,,2027
Gas pipelines,ConstructionMonth,AD4193,4193,P7813,,March
Gas pipelines,Construction [ref],AE4193,4193,P7813,,"https://www.eia.gov/naturalgas/pipelines/EIA-NaturalGasPipelineProjectsAug2026.xlsx, https://www.enbridge.com/projects-and-infrastructure/projects/appalachia-to-market-iii-project"
Gas pipelines,Start [ref],AL4193,4193,P7813,https://www.eia.gov/naturalgas/data.php#pipelines,"https://www.eia.gov/naturalgas/data.php#pipelines, https://www.eia.gov/naturalgas/pipelines/EIA-NaturalGasPipelineProjectsAug2026.xlsx, https://www.enbridge.com/projects-and-infrastructure/projects/appalachia-to-market-iii-project"
Gas pipelines,Capacity [ref],AZ4193,4193,P7813,https://www.eia.gov/naturalgas/data.php#pipelines,"https://www.eia.gov/naturalgas/data.php#pipelines, https://www.eia.gov/naturalgas/pipelines/EIA-NaturalGasPipelineProjectsAug2026.xlsx, https://www.federalregister.gov/documents/2025/06/02/2025-09918/texas-eastern-transmission-lp-notice-of-application-and-establishing-intervention-deadline"
Gas pipelines,Diameter [ref],BO4193,4193,P7813,https://www.eia.gov/naturalgas/data.php#pipelines,"https://www.eia.gov/naturalgas/data.php#pipelines, https://www.federalregister.gov/documents/2025/06/02/2025-09918/texas-eastern-transmission-lp-notice-of-application-and-establishing-intervention-deadline, https://www.eia.gov/naturalgas/pipelines/EIA-NaturalGasPipelineProjectsAug2026.xlsx"
Gas pipelines,SegmentCost [ref],CM4193,4193,P7813,https://www.eia.gov/naturalgas/data.php#pipelines,"https://www.eia.gov/naturalgas/data.php#pipelines, https://www.eia.gov/naturalgas/pipelines/EIA-NaturalGasPipelineProjectsAug2026.xlsx, https://www.federalregister.gov/documents/2025/06/02/2025-09918/texas-eastern-transmission-lp-notice-of-application-and-establishing-intervention-deadline"
Gas pipelines,Researcher,J4194,4194,P7814,IM,CB
Gas pipelines,LastUpdated,K4194,4194,P7814,45926,46297
Gas pipelines,Fuel [ref],M4194,4194,P7814,https://www.eia.gov/naturalgas/data.php#pipelines,"https://www.eia.gov/naturalgas/data.php#pipelines, https://www.eia.gov/naturalgas/pipelines/EIA-NaturalGasPipelineProjects_Jul2025.xlsx"
Gas pipelines,PipelineType [ref],O4194,4194,P7814,https://www.eia.gov/naturalgas/data.php#pipelines,"https://www.eia.gov/naturalgas/data.php#pipelines, https://www.eia.gov/naturalgas/pipelines/EIA-NaturalGasPipelineProjectsAug2026.xlsx"
Gas pipelines,ProposalMonth,AA4194,4194,P7814,,July
Gas pipelines,Proposal [ref],AB4194,4194,P7814,https://www.eia.gov/naturalgas/data.php#pipelines,"https://www.eia.gov/naturalgas/data.php#pipelines, https://www.eia.gov/naturalgas/pipelines/EIA-NaturalGasPipelineProjects_Jul2025.xlsx"
Gas pipelines,ConstructionYear,AC4194,4194,P7814,,2026
Gas pipelines,ConstructionMonth,AD4194,4194,P7814,,September
Gas pipelines,Construction [ref],AE4194,4194,P7814,,https://www.eia.gov/naturalgas/pipelines/EIA-NaturalGasPipelineProjectsAug2026.xlsx
Gas pipelines,StartYear1,AF4194,4194,P7814,,2027
Gas pipelines,StartMonth1,AG4194,4194,P7814,,September
Gas pipelines,Start [ref],AL4194,4194,P7814,,https://www.eia.gov/naturalgas/pipelines/EIA-NaturalGasPipelineProjectsAug2026.xlsx
Gas pipelines,Capacity [ref],AZ4194,4194,P7814,https://www.eia.gov/naturalgas/data.php#pipelines,"https://www.eia.gov/naturalgas/data.php#pipelines, https://www.eia.gov/naturalgas/pipelines/EIA-NaturalGasPipelineProjectsAug2026.xlsx"
Gas pipelines,Length [ref],BI4194,4194,P7814,https://www.eia.gov/naturalgas/data.php#pipelines,"https://www.eia.gov/naturalgas/data.php#pipelines, https://www.eia.gov/naturalgas/pipelines/EIA-NaturalGasPipelineProjectsAug2026.xlsx"
Gas pipelines,Diameter [ref],BO4194,4194,P7814,https://www.eia.gov/naturalgas/data.php#pipelines,"https://www.eia.gov/naturalgas/data.php#pipelines, https://www.eia.gov/naturalgas/pipelines/EIA-NaturalGasPipelineProjectsAug2026.xlsx"
Gas pipelines,FuelSource,BQ4194,4194,P7814,,natural gas
Gas pipelines,FuelSource [ref],BR4194,4194,P7814,,https://www.eia.gov/naturalgas/pipelines/EIA-NaturalGasPipelineProjects_Jul2025.xlsx
Gas pipelines,Location [ref],CF4194,4194,P7814,https://www.eia.gov/naturalgas/data.php#pipelines,"https://www.eia.gov/naturalgas/data.php#pipelines, https://www.eia.gov/naturalgas/pipelines/EIA-NaturalGasPipelineProjectsAug2026.xlsx"
Gas pipelines,Status,H4195,4195,P7815,proposed,construction
Gas pipelines,Status [ref],I4195,4195,P7815,https://www.eia.gov/naturalgas/data.php#pipelines,"https://www.ogj.com/general-interest/government/news/55371919/ferc-approves-gulf-souths-261-million-gas-pipeline-capacity-expansion, https://www.eia.gov/naturalgas/pipelines/EIA-NaturalGasPipelineProjectsAug2026.xlsx, https://www.federalregister.gov/documents/2026/01/02/2025-24189/gulf-south-pipeline-company-llc-notice-of-availability-of-the-environmental-assessment-for-the"
Gas pipelines,Researcher,J4195,4195,P7815,IM,CB
Gas pipelines,LastUpdated,K4195,4195,P7815,45926,46297
Gas pipelines,PipelineType [ref],O4195,4195,P7815,https://www.eia.gov/naturalgas/data.php#pipelines,"https://www.eia.gov/naturalgas/data.php#pipelines, https://www.govinfo.gov/content/pkg/FR-2025-05-02/pdf/2025-07657.pdf, https://bwpipelines.com/subsidiaries/gulf-south-pipeline-company/home"
Gas pipelines,ConstructionYear,AC4195,4195,P7815,,2026
Gas pipelines,Construction [ref],AE4195,4195,P7815,,"https://www.eia.gov/naturalgas/pipelines/EIA-NaturalGasPipelineProjectsAug2026.xlsx, https://www.ogj.com/general-interest/government/news/55371919/ferc-approves-gulf-souths-261-million-gas-pipeline-capacity-expansion"
Gas pipelines,Capacity [ref],AZ4195,4195,P7815,https://www.eia.gov/naturalgas/data.php#pipelines,"https://www.eia.gov/naturalgas/data.php#pipelines, https://www.ogj.com/general-interest/government/news/55371919/ferc-approves-gulf-souths-261-million-gas-pipeline-capacity-expansion, https://www.eia.gov/naturalgas/pipelines/EIA-NaturalGasPipelineProjectsAug2026.xlsx, https://cdn.prod.website-files.com/689e03323710d1139f6cffd8/68cca866e22fa542aae64b48_SECURE%20Presentation_Hinds_Community%20Meeting%2001-30-25%20(Rev.%2001-28-25).pdf"
Gas pipelines,Length [ref],BI4195,4195,P7815,https://www.eia.gov/naturalgas/data.php#pipelines,"https://www.eia.gov/naturalgas/data.php#pipelines, https://www.eia.gov/naturalgas/pipelines/EIA-NaturalGasPipelineProjectsAug2026.xlsx, https://bwpipelines.com/project/secure-project"
Gas pipelines,Location [ref],CF4195,4195,P7815,https://www.eia.gov/naturalgas/data.php#pipelines,"https://www.eia.gov/naturalgas/data.php#pipelines, https://cdn.prod.website-files.com/689e03323710d1139f6cffd8/68cca866e22fa542aae64b48_SECURE%20Presentation_Hinds_Community%20Meeting%2001-30-25%20(Rev.%2001-28-25).pdf, https://www.ogj.com/general-interest/government/news/55371919/ferc-approves-gulf-souths-261-million-gas-pipeline-capacity-expansion"
Gas pipelines,Status [ref],I4203,4203,P7823,https://www.eia.gov/naturalgas/data.php#pipelines,"https://www.eia.gov/naturalgas/data.php#pipelines, https://www.eia.gov/naturalgas/pipelines/EIA-NaturalGasPipelineProjectsAug2026.xlsx, https://springcreekgas.com/"
Gas pipelines,Researcher,J4203,4203,P7823,AL,CB
Gas pipelines,LastUpdated,K4203,4203,P7823,45944,46297
Gas pipelines,Fuel [ref],M4203,4203,P7823,https://www.eia.gov/naturalgas/data.php#pipelines,"https://www.eia.gov/naturalgas/data.php#pipelines, https://www.eia.gov/naturalgas/pipelines/EIA-NaturalGasPipelineProjectsAug2026.xlsx, https://www.swgas.com/1409205757437/20190612_Spring-Creek-Application.pdf"
Gas pipelines,ProposalMonth,AA4203,4203,P7823,,6
Gas pipelines,Construction [ref],AE4203,4203,P7823,https://www.eia.gov/naturalgas/data.php#pipelines;,"https://www.eia.gov/naturalgas/data.php#pipelines;, https://www.eia.gov/naturalgas/pipelines/EIA-NaturalGasPipelineProjectsAug2026.xlsx"
Gas pipelines,Start [ref],AL4203,4203,P7823,https://www.eia.gov/naturalgas/data.php#pipelines,"https://www.eia.gov/naturalgas/data.php#pipelines, https://www.eia.gov/naturalgas/pipelines/EIA-NaturalGasPipelineProjectsAug2026.xlsx"
Gas pipelines,Length [ref],BI4203,4203,P7823,https://www.eia.gov/naturalgas/data.php#pipelines,"https://www.eia.gov/naturalgas/data.php#pipelines, https://www.eia.gov/naturalgas/pipelines/EIA-NaturalGasPipelineProjectsAug2026.xlsx, https://www.swgas.com/1409205757437/20190612_Spring-Creek-Application.pdf"
Gas pipelines,Location [ref],CF4203,4203,P7823,https://www.eia.gov/naturalgas/data.php#pipelines,"https://www.eia.gov/naturalgas/data.php#pipelines, https://www.eia.gov/naturalgas/pipelines/EIA-NaturalGasPipelineProjectsAug2026.xlsx, https://www.swgas.com/1409205757437/20190612_Spring-Creek-Application.pdf"
Gas pipelines,SegmentCost [ref],CM4203,4203,P7823,https://www.eia.gov/naturalgas/data.php#pipelines,"https://www.eia.gov/naturalgas/data.php#pipelines, https://www.eia.gov/naturalgas/pipelines/EIA-NaturalGasPipelineProjectsAug2026.xlsx, https://www.swgas.com/1409205757437/20190612_Spring-Creek-Application.pdf"
Gas pipelines,Researcher,J4204,4204,P7824,AL,CB
Gas pipelines,LastUpdated,K4204,4204,P7824,45944,46297
Gas pipelines,Fuel [ref],M4204,4204,P7824,https://www.eia.gov/naturalgas/data.php#pipelines,"https://www.eia.gov/naturalgas/data.php#pipelines, https://www.federalregister.gov/documents/2025/01/07/2025-00090/florida-gas-transmission-llc-notice-of-application-and-establishing-intervention-deadline, https://www.eia.gov/naturalgas/pipelines/EIA-NaturalGasPipelineProjects_Jan2026.xlsx"
Gas pipelines,PipelineType [ref],O4204,4204,P7824,https://www.eia.gov/naturalgas/data.php#pipelines,"https://www.eia.gov/naturalgas/data.php#pipelines, https://www.federalregister.gov/documents/2025/01/07/2025-00090/florida-gas-transmission-llc-notice-of-application-and-establishing-intervention-deadline, https://louisianapublicnotice.com/notices/473064"
Gas pipelines,ProposalYear,Z4204,4204,P7824,,2024
Gas pipelines,ProposalMonth,AA4204,4204,P7824,,12
Gas pipelines,Proposal [ref],AB4204,4204,P7824,,"https://www.federalregister.gov/documents/2025/01/07/2025-00090/florida-gas-transmission-llc-notice-of-application-and-establishing-intervention-deadline, https://www.eia.gov/naturalgas/pipelines/EIA-NaturalGasPipelineProjects_Jan2026.xlsx"
Gas pipelines,Construction [ref],AE4204,4204,P7824,https://www.eia.gov/naturalgas/data.php#pipelines,"https://www.eia.gov/naturalgas/data.php#pipelines, https://www.federalregister.gov/documents/2025/02/06/2025-02279/florida-gas-transmission-company-llc-notice-of-scoping-period-requesting-comments-on-environmental, https://www.eia.gov/naturalgas/pipelines/EIA-NaturalGasPipelineProjectsAug2026.xlsx"
Gas pipelines,Capacity [ref],AZ4204,4204,P7824,https://www.eia.gov/naturalgas/data.php#pipelines,"https://www.eia.gov/naturalgas/data.php#pipelines, https://www.federalregister.gov/documents/2025/01/07/2025-00090/florida-gas-transmission-llc-notice-of-application-and-establishing-intervention-deadline, https://www.eia.gov/naturalgas/pipelines/EIA-NaturalGasPipelineProjectsAug2026.xlsx"
Gas pipelines,Length [ref],BI4204,4204,P7824,https://www.eia.gov/naturalgas/data.php#pipelines,"https://www.eia.gov/naturalgas/data.php#pipelines, https://www.federalregister.gov/documents/2025/02/06/2025-02279/florida-gas-transmission-company-llc-notice-of-scoping-period-requesting-comments-on-environmental, https://louisianapublicnotice.com/notices/473064"
Gas pipelines,StartLocation,BS4204,4204,P7824,,Compressor Station 7.5
Gas pipelines,StartPrefecture/District,BT4204,4204,P7824,,St. Landry Parish
Gas pipelines,EndLocation,BY4204,4204,P7824,,Compressor Station 8
Gas pipelines,EndPrefecture/District,BZ4204,4204,P7824,,East Baton Rouge Parish
Gas pipelines,Location [ref],CF4204,4204,P7824,https://www.eia.gov/naturalgas/data.php#pipelines,"https://www.eia.gov/naturalgas/data.php#pipelines, https://www.federalregister.gov/documents/2025/02/06/2025-02279/florida-gas-transmission-company-llc-notice-of-scoping-period-requesting-comments-on-environmental, https://louisianapublicnotice.com/notices/473064"
Gas pipelines,SegmentCost,CJ4204,4204,P7824,,43357590.0
Gas pipelines,SegmentCostUnits,CK4204,4204,P7824,,USD
Gas pipelines,SegmentCostYear,CL4204,4204,P7824,,2024
Gas pipelines,SegmentCost [ref],CM4204,4204,P7824,,"https://www.federalregister.gov/documents/2025/01/07/2025-00090/florida-gas-transmission-llc-notice-of-application-and-establishing-intervention-deadline, https://www.eia.gov/naturalgas/pipelines/EIA-NaturalGasPipelineProjectsAug2026.xlsx"
Gas pipelines,Status [ref],I4206,4206,P7826,https://www.eia.gov/naturalgas/data.php#pipelines,"https://www.eia.gov/naturalgas/data.php#pipelines, https://www.eia.gov/naturalgas/pipelines/EIA-NaturalGasPipelineProjectsAug2026.xlsx"
Gas pipelines,Researcher,J4206,4206,P7826,AL,CB
Gas pipelines,LastUpdated,K4206,4206,P7826,45944,46297
Gas pipelines,Fuel [ref],M4206,4206,P7826,https://www.eia.gov/naturalgas/data.php#pipelines,"https://www.eia.gov/naturalgas/data.php#pipelines, https://www.eia.gov/naturalgas/pipelines/EIA-NaturalGasPipelineProjectsAug2026.xlsx"
Gas pipelines,PipelineType [ref],O4206,4206,P7826,https://www.eia.gov/naturalgas/data.php#pipelines,"https://www.eia.gov/naturalgas/data.php#pipelines, https://www.eia.gov/naturalgas/pipelines/EIA-NaturalGasPipelineProjectsAug2026.xlsx"
Gas pipelines,Start [ref],AL4206,4206,P7826,https://www.eia.gov/naturalgas/data.php#pipelines,"https://www.eia.gov/naturalgas/data.php#pipelines, https://www.eia.gov/naturalgas/pipelines/EIA-NaturalGasPipelineProjectsAug2026.xlsx"
Gas pipelines,Length [ref],BI4206,4206,P7826,https://www.eia.gov/naturalgas/data.php#pipelines,"https://www.eia.gov/naturalgas/data.php#pipelines, https://www.eia.gov/naturalgas/pipelines/EIA-NaturalGasPipelineProjectsAug2026.xlsx"
Gas pipelines,Location [ref],CF4206,4206,P7826,https://www.eia.gov/naturalgas/data.php#pipelines,"https://www.eia.gov/naturalgas/data.php#pipelines, https://www.eia.gov/naturalgas/pipelines/EIA-NaturalGasPipelineProjectsAug2026.xlsx"
Gas pipelines,SegmentCost [ref],CM4206,4206,P7826,https://www.eia.gov/naturalgas/data.php#pipelines,"https://www.eia.gov/naturalgas/data.php#pipelines, https://www.eia.gov/naturalgas/pipelines/EIA-NaturalGasPipelineProjectsAug2026.xlsx"
Gas pipelines,Status [ref],I4254,4254,P7999,https://ca.finance.yahoo.com/news/tc-energy-appalachia-supply-project-112249874.html,"https://ca.finance.yahoo.com/news/tc-energy-appalachia-supply-project-112249874.html, https://www.tcenergy.com/announcements/2026/2026-05-01-tc-energy-reports-strong-first-quarter-2026-operating-and-financial-results/, https://www.ogj.com/pipelines-transportation/pipelines/news/55375587/tc-energy-expanding-columbia-gas-system-with-800-mmcfd-appalachia-supply-project"
Gas pipelines,Researcher,J4254,4254,P7999,BL,CB
Gas pipelines,LastUpdated,K4254,4254,P7999,46150,46297
Gas pipelines,Fuel [ref],M4254,4254,P7999,https://ca.finance.yahoo.com/news/tc-energy-appalachia-supply-project-112249874.html,"https://ca.finance.yahoo.com/news/tc-energy-appalachia-supply-project-112249874.html, https://www.tcenergy.com/announcements/2026/2026-05-01-tc-energy-reports-strong-first-quarter-2026-operating-and-financial-results/, https://www.ogj.com/pipelines-transportation/pipelines/news/55375587/tc-energy-expanding-columbia-gas-system-with-800-mmcfd-appalachia-supply-project"
Gas pipelines,PipelineType [ref],O4254,4254,P7999,https://ca.finance.yahoo.com/news/tc-energy-appalachia-supply-project-112249874.html,"https://ca.finance.yahoo.com/news/tc-energy-appalachia-supply-project-112249874.html, https://www.tcenergy.com/announcements/2026/2026-05-01-tc-energy-reports-strong-first-quarter-2026-operating-and-financial-results/, https://www.ogj.com/pipelines-transportation/pipelines/news/55375587/tc-energy-expanding-columbia-gas-system-with-800-mmcfd-appalachia-supply-project"
Gas pipelines,ProposalYear,Z4254,4254,P7999,,2026
Gas pipelines,ProposalMonth,AA4254,4254,P7999,,5
Gas pipelines,Proposal [ref],AB4254,4254,P7999,,"https://www.tcenergy.com/announcements/2026/2026-05-01-tc-energy-reports-strong-first-quarter-2026-operating-and-financial-results/, https://www.ogj.com/pipelines-transportation/pipelines/news/55375587/tc-energy-expanding-columbia-gas-system-with-800-mmcfd-appalachia-supply-project"
Gas pipelines,StartYear1,AF4254,4254,P7999,,2030
Gas pipelines,Start [ref],AL4254,4254,P7999,,"https://www.tcenergy.com/announcements/2026/2026-05-01-tc-energy-reports-strong-first-quarter-2026-operating-and-financial-results/, https://www.ogj.com/pipelines-transportation/pipelines/news/55375587/tc-energy-expanding-columbia-gas-system-with-800-mmcfd-appalachia-supply-project"
Gas pipelines,Capacity,AX4254,4254,P7999,,800
Gas pipelines,CapacityUnits,AY4254,4254,P7999,,MMcf/d
Gas pipelines,Capacity [ref],AZ4254,4254,P7999,,"https://www.tcenergy.com/announcements/2026/2026-05-01-tc-energy-reports-strong-first-quarter-2026-operating-and-financial-results/, https://www.ogj.com/pipelines-transportation/pipelines/news/55375587/tc-energy-expanding-columbia-gas-system-with-800-mmcfd-appalachia-supply-project"
Gas pipelines,Location [ref],CF4254,4254,P7999,,"https://www.tcenergy.com/announcements/2026/2026-05-01-tc-energy-reports-strong-first-quarter-2026-operating-and-financial-results/, https://www.ogj.com/pipelines-transportation/pipelines/news/55375587/tc-energy-expanding-columbia-gas-system-with-800-mmcfd-appalachia-supply-project"
Gas pipelines,SegmentCost,CJ4254,4254,P7999,,1500000000
Gas pipelines,SegmentCostUnits,CK4254,4254,P7999,,USD
Gas pipelines,SegmentCostYear,CL4254,4254,P7999,,2026
Gas pipelines,SegmentCost [ref],CM4254,4254,P7999,,"https://www.tcenergy.com/announcements/2026/2026-05-01-tc-energy-reports-strong-first-quarter-2026-operating-and-financial-results/, https://www.ogj.com/pipelines-transportation/pipelines/news/55375587/tc-energy-expanding-columbia-gas-system-with-800-mmcfd-appalachia-supply-project"
