tab,column,cell,sheet_row,ProjectID,before,after
Pipeline operators/owners,Operator [ref],Q199,199,P0212,,"https://www.enbridge.com/~/media/Enb/Documents/Factsheets/FS_EnergyInfrastructureAssets.pdf?la=en, https://www.govinfo.gov/content/pkg/FR-2006-03-22/html/06-2829.htm"
Pipeline operators/owners,Operator,R199,199,P0212,,"M&N Operating Company, LLC"
Pipeline operators/owners,Owner [ref],U199,199,P0212,,"https://www.enbridge.com/~/media/Enb/Documents/Factsheets/FS_EnergyInfrastructureAssets.pdf?la=en, https://apps.cer-rec.gc.ca/PPS/en/pipeline-profiles/maritimes-northeast-pipeline"
Pipeline operators/owners,Operator [ref],Q202,202,P0215,,"https://web.archive.org/web/20240414111241/https://www.napipelines.com/kinder-morgan-to-expand-mier-monterrey-pipeline/, https://pipeline2.kindermorgan.com/Documents/KMMX/KMMX_Open_Season_Guideline.pdf"
Pipeline operators/owners,Owner [ref],U202,202,P0215,,https://web.archive.org/web/20240414111241/https://www.napipelines.com/kinder-morgan-to-expand-mier-monterrey-pipeline/
Pipeline operators/owners,Operator [ref],Q206,206,P0220,,"https://www.ferc.gov/sites/default/files/2020-08/CP16-10.pdf, https://www.eia.gov/naturalgas/pipelines/EIA-NaturalGasPipelineProjectsAug2026.xlsx"
Pipeline operators/owners,Operator,R206,206,P0220,,Mountain Valley Pipeline LLC
Pipeline operators/owners,Owner [ref],U206,206,P0220,,"https://www.ferc.gov/sites/default/files/2020-08/CP16-10.pdf, https://www.sec.gov/Archives/edgar/data/33213/000003321326000018/eqt-20251231.htm"
Pipeline operators/owners,Operator [ref],Q213,213,P0230,,"https://www.sec.gov/Archives/edgar/data/99250/000010726326000006/wmb-20251231.htm, https://www.eia.gov/naturalgas/pipelines/EIA-NaturalGasPipelineProjectsAug2026.xlsx"
Pipeline operators/owners,Operator,R213,213,P0230,,Northwest Pipeline LLC
Pipeline operators/owners,Owner [ref],U213,213,P0230,,"https://www.sec.gov/Archives/edgar/data/99250/000010726326000006/wmb-20251231.htm, https://www.eia.gov/naturalgas/pipelines/EIA-NaturalGasPipelineProjectsAug2026.xlsx"
Pipeline operators/owners,Owner [ref],U228,228,P0245,,https://www.eia.gov/naturalgas/pipelines/EIA-NaturalGasPipelineProjectsAug2026.xlsx
Pipeline operators/owners,Operator [ref],Q231,231,P0249,,"https://sabaltrailtransmission.com/about/, https://www.argusmedia.com/en/news-and-insights/latest-market-news/1478397-sabal-trail-gas-pipeline-to-start-service-tomorrow, https://www.enbridge.com/~/media/Enb/Documents/Factsheets/FS_EnergyInfrastructureAssets.pdf?la=en"
Pipeline operators/owners,Operator,R231,231,P0249,,Enbridge
Pipeline operators/owners,Owner [ref],U231,231,P0249,,"https://www.enbridge.com/~/media/Enb/Documents/Factsheets/FS_EnergyInfrastructureAssets.pdf?la=en, http://web.archive.org/web/20260829112132/https://www.phmsa.dot.gov/sites/phmsa.dot.gov/files/2023-10/2021-0052-Sabal-Trail-Class-1-3-FL-LOD.pdf, https://www.wctv.tv/content/news/32B-Sabal-Trail-pipeline-on-target-for-June-operation-414327613.html"
Pipeline operators/owners,Operator [ref],Q259,259,P0277,,https://en.wikipedia.org/wiki/Vector_Pipeline
Pipeline operators/owners,Operator,R259,259,P0277,,Enbridge Inc.
Pipeline operators/owners,Owner [ref],U259,259,P0277,,https://en.wikipedia.org/wiki/Vector_Pipeline
Pipeline operators/owners,Owner1,V259,259,P0277,Enbridge,Enbridge Inc.
Pipeline operators/owners,Owner1%,W259,259,P0277,0.6,100
Pipeline operators/owners,Operator [ref],Q267,267,P0285,,"https://www.eia.gov/naturalgas/pipelines/EIA-NaturalGasPipelineProjectsAug2026.xlsx, https://pgjonline.com/news/2018/02/open-season-begins-for-haynesville-global-access-pipeline"
Pipeline operators/owners,Operator,R267,267,P0285,,Haynesville Global Access Pipeline LLC
Pipeline operators/owners,Owner [ref],U267,267,P0285,,"https://www.eia.gov/naturalgas/pipelines/EIA-NaturalGasPipelineProjectsAug2026.xlsx, https://pgjonline.com/news/2018/02/open-season-begins-for-haynesville-global-access-pipeline"
Pipeline operators/owners,Operator [ref],Q268,268,P0286,,https://www.eia.gov/naturalgas/pipelines/EIA-NaturalGasPipelineProjectsAug2026.xlsx
Pipeline operators/owners,Owner [ref],U268,268,P0286,https://www.eia.gov/naturalgas/data.php,"https://www.eia.gov/naturalgas/data.php, https://www.eia.gov/naturalgas/pipelines/EIA-NaturalGasPipelineProjectsAug2026.xlsx"
Pipeline operators/owners,Operator [ref],Q269,269,P0287,,https://www.eia.gov/naturalgas/pipelines/EIA-NaturalGasPipelineProjects_Jan2026.xlsx
Pipeline operators/owners,Operator,R269,269,P0287,,Natural Gas Pipeline Company of America LLC
Pipeline operators/owners,Owner [ref],U269,269,P0287,,https://www.sec.gov/Archives/edgar/data/1506307/000150630726000011/kmi-20251231.htm
Pipeline operators/owners,Owner [ref],U271,271,P0289,,https://web.archive.org/web/20170417192655/https://www.reuters.com/article/us-namerico-partners-pipeline-idUSKBN1750CW/
Pipeline operators/owners,Owner [ref],U277,277,P0296,,"https://s3.amazonaws.com/pgj-wp-media/wp-content/uploads/2018/10/PN1018-Planned-Projects.pdf, https://www.fractracker.org/2018/09/proposed-delmarva-pipeline/, https://www.bayjournal.com/news/energy/pipeline-proposals-to-test-delmarva-s-appetite-for-natural-gas/article_2ca3191f-3467-593b-80b3-cdcf96cd709c.html, https://www.farmprogress.com/technology/190-mile-natural-gas-pipeline-planned-for-rural-delmarva"
Pipeline operators/owners,Operator [ref],Q280,280,P0300,,https://web.archive.org/web/20181223031624/http://www.fairbankspipelinecompany.com/
Pipeline operators/owners,Operator,R280,280,P0300,,Fairbanks Pipeline Company
Pipeline operators/owners,Owner [ref],U280,280,P0300,,https://web.archive.org/web/20181223031624/http://www.fairbankspipelinecompany.com/
Pipeline operators/owners,Owner1,V280,280,P0300,Fairbanks Pipeline Co,Fairbanks Pipeline Company
Pipeline operators/owners,Operator [ref],Q304,304,P0327,,"https://s3.amazonaws.com/pgj-wp-media/wp-content/uploads/2018/10/PN1018-Planned-Projects.pdf, https://www.eia.gov/naturalgas/pipelines/EIA-NaturalGasPipelineProjectsAug2026.xlsx"
Pipeline operators/owners,Owner [ref],U304,304,P0327,,https://www.sec.gov/Archives/edgar/data/107263/000010726324000019/wmb_20231231x10kxex21.htm
Pipeline operators/owners,Operator [ref],Q1529,1529,P2009,,"https://www.federalregister.gov/documents/2017/04/04/2017-06604/columbia-gas-transmission-llc-notice-of-application, https://www.eia.gov/naturalgas/pipelines/EIA-NaturalGasPipelineProjectsAug2026.xlsx"
Pipeline operators/owners,Operator,R1529,1529,P2009,,Columbia Gas Transmission LLC
Pipeline operators/owners,Owner [ref],U1529,1529,P2009,,"https://www.federalregister.gov/documents/2017/04/04/2017-06604/columbia-gas-transmission-llc-notice-of-application, https://www.eia.gov/naturalgas/pipelines/EIA-NaturalGasPipelineProjectsAug2026.xlsx"
Pipeline operators/owners,Operator [ref],Q1919,1919,P2523,,"https://www.eia.gov/naturalgas/pipelines/EIA-NaturalGasPipelineProjectsAug2026.xlsx, https://web.archive.org/web/20210507211601/http://delhiconnector.com/"
Pipeline operators/owners,Operator,R1919,1919,P2523,,Delhi Connector Pipeline LLC
Pipeline operators/owners,Owner [ref],U1919,1919,P2523,https://www.eia.gov/naturalgas/data.php#pipelines,"https://www.eia.gov/naturalgas/data.php#pipelines, https://www.eia.gov/naturalgas/pipelines/EIA-NaturalGasPipelineProjectsAug2026.xlsx, https://web.archive.org/web/20210507211601/http://delhiconnector.com/, https://www.sec.gov/Archives/edgar/data/61398/000104746920000741/a2240674z424b5.htm"
Pipeline operators/owners,Operator [ref],Q1922,1922,P2526,,"https://www.eia.gov/naturalgas/pipelines/EIA-NaturalGasPipelineProjectsAug2026.xlsx, https://www.akbizmag.com/industry/mining/donlin-gold-signs-up-for-alaska-lng-pipeline-gas/"
Pipeline operators/owners,Operator,R1922,1922,P2526,,"Donlin Gold, LLC"
Pipeline operators/owners,Owner [ref],U1922,1922,P2526,,"https://www.eia.gov/naturalgas/pipelines/EIA-NaturalGasPipelineProjectsAug2026.xlsx, https://www.akbizmag.com/industry/mining/donlin-gold-signs-up-for-alaska-lng-pipeline-gas/"
Pipeline operators/owners,Operator [ref],Q1933,1933,P2539,,"https://www.eia.gov/naturalgas/pipelines/EIA-NaturalGasPipelineProjectsAug2026.xlsx, https://www.goldenpasspipeline.com/"
Pipeline operators/owners,Operator,R1933,1933,P2539,,Golden Pass Pipeline LLC
Pipeline operators/owners,Owner [ref],U1933,1933,P2539,,"https://www.energy.gov/documents/gplng-do-fe-semi-annual-report-0401202512-88-lng-12-156-lngpdf, https://www.goldenpasspipeline.com/"
Pipeline operators/owners,Operator [ref],Q1937,1937,P2544,,"https://www.sec.gov/Archives/edgar/data/107263/000010726319000024/wmb2019063010q.htm, https://web.archive.org/web/20200813015331/https://investor.williams.com/press-releases/press-release-details/2020/Williams-Announces-Phase-II-of-Hillabee-Expansion-Now-in-Service/default.aspx"
Pipeline operators/owners,Operator,R1937,1937,P2544,,"Transcontinental Gas Pipe Line Company, LLC"
Pipeline operators/owners,Owner [ref],U1937,1937,P2544,,https://www.sec.gov/Archives/edgar/data/107263/000010726319000024/wmb2019063010q.htm
Pipeline operators/owners,Operator [ref],Q1938,1938,P2545,,"https://www.govinfo.gov/content/pkg/FR-2014-12-11/html/2014-29054.htm, https://www.eia.gov/naturalgas/pipelines/EIA-NaturalGasPipelineProjectsAug2026.xlsx"
Pipeline operators/owners,Operator,R1938,1938,P2545,,Transco
Pipeline operators/owners,Owner [ref],U1938,1938,P2545,,"https://www.govinfo.gov/content/pkg/FR-2014-12-11/html/2014-29054.htm, https://www.eia.gov/naturalgas/pipelines/EIA-NaturalGasPipelineProjectsAug2026.xlsx"
Pipeline operators/owners,Operator [ref],Q1944,1944,P2552,,"https://www.sandiegouniontribune.com/business/energy-green/story/2020-03-18/four-groups-join-fight-against-natural-gas-pipeline-project-along-i-15, https://web.archive.org/web/2023/https://www.phmsa.dot.gov/sites/phmsa.dot.gov/files/docs/standards-rulemaking/pipeline/interpretations/74296/san-diego-gas-and-electric-and-southern-california-gas-company-pi-20-0011-08-13-2020-part192-113.pdf"
Pipeline operators/owners,Operator,R1944,1944,P2552,,San Diego Gas & Electric
Pipeline operators/owners,Operator [ref],Q1954,1954,P2564,,https://southernstar.com/about-us/
Pipeline operators/owners,Operator,R1954,1954,P2564,,Southern Star Central Gas Pipeline Inc
Pipeline operators/owners,Operator [ref],Q1956,1956,P2566,,"https://www.spireenergy.com/spire-mogas-pipeline, https://www.eia.gov/naturalgas/pipelines/EIA-NaturalGasPipelineProjects_May2026.xlsx"
Pipeline operators/owners,Operator,R1956,1956,P2566,,Spire MoGas Pipeline LLC
Pipeline operators/owners,Owner [ref],U1956,1956,P2566,,"https://www.spireenergy.com/spire-mogas-pipeline, https://www.eia.gov/naturalgas/pipelines/EIA-NaturalGasPipelineProjects_May2026.xlsx"
Pipeline operators/owners,Owner [ref],U1957,1957,P2567,,https://www.equitransmidstream.com/mountain-valley-pipeline-mvp/
Pipeline operators/owners,Operator [ref],Q1963,1963,P2574,,https://www.eia.gov/naturalgas/pipelines/EIA-NaturalGasPipelineProjectsAug2026.xlsx
Pipeline operators/owners,Operator,R1963,1963,P2574,,Transco
Pipeline operators/owners,Owner [ref],U1963,1963,P2574,,https://www.eia.gov/naturalgas/pipelines/EIA-NaturalGasPipelineProjectsAug2026.xlsx
Pipeline operators/owners,Owner1,V1963,1963,P2574,Transco,Williams
Pipeline operators/owners,Operator [ref],Q1964,1964,P2575,,https://www.eia.gov/naturalgas/pipelines/EIA-NaturalGasPipelineProjects_Oct2025.xlsx
Pipeline operators/owners,Operator,R1964,1964,P2575,,National Fuel Gas Supply Corporation
Pipeline operators/owners,Owner [ref],U1964,1964,P2575,,https://www.eia.gov/naturalgas/pipelines/EIA-NaturalGasPipelineProjects_Oct2025.xlsx
Pipeline operators/owners,Owner1,V1964,1964,P2575,Empire Pipeline,National Fuel Gas Supply Corporation
Pipeline operators/owners,Operator [ref],Q1967,1967,P2579,,https://www.sec.gov/Archives/edgar/data/1081316/000108131626000003/bhe-20251231.htm
Pipeline operators/owners,Operator,R1967,1967,P2579,,Northern Natural Gas Company
Pipeline operators/owners,Owner [ref],U1967,1967,P2579,,https://www.sec.gov/Archives/edgar/data/1081316/000108131626000003/bhe-20251231.htm
Pipeline operators/owners,Owner1,V1967,1967,P2579,Northern Natural Gas,Berkshire Hathaway Energy
Pipeline operators/owners,Operator [ref],Q1970,1970,P2582,,https://www.eia.gov/naturalgas/pipelines/EIA-NaturalGasPipelineProjects_Oct2025.xlsx
Pipeline operators/owners,Operator,R1970,1970,P2582,,Kinder Morgan Energy Partners
Pipeline operators/owners,Owner [ref],U1970,1970,P2582,,https://www.sec.gov/Archives/edgar/data/1692787/000119312522002459/d177122ddefa14a.htm
Pipeline operators/owners,Operator [ref],Q1987,1987,P2600,,https://www.eia.gov/naturalgas/pipelines/EIA-NaturalGasPipelineProjectsAug2026.xlsx
Pipeline operators/owners,Operator,R1987,1987,P2600,,Transcontinental Gas Pipeline
Pipeline operators/owners,Owner [ref],U1987,1987,P2600,,https://www.eia.gov/naturalgas/pipelines/EIA-NaturalGasPipelineProjectsAug2026.xlsx
Pipeline operators/owners,Owner1,V1987,1987,P2600,Transco,Williams Companies
Pipeline operators/owners,Owner [ref],U1988,1988,P2601,https://www.eia.gov/naturalgas/data.php,"https://www.eia.gov/naturalgas/data.php, https://www.eia.gov/naturalgas/pipelines/EIA-NaturalGasPipelineProjectsAug2026.xlsx"
Pipeline operators/owners,Operator [ref],Q1989,1989,P2602,,https://www.eia.gov/naturalgas/pipelines/EIA-NaturalGasPipelineProjectsAug2026.xlsx
Pipeline operators/owners,Operator,R1989,1989,P2602,,Roadrunner Gas Transmission
Pipeline operators/owners,Owner [ref],U1989,1989,P2602,https://www.eia.gov/naturalgas/data.php,"https://www.eia.gov/naturalgas/data.php, https://www.eia.gov/naturalgas/pipelines/EIA-NaturalGasPipelineProjectsAug2026.xlsx"
Pipeline operators/owners,Operator [ref],Q1990,1990,P2603,,"https://web.archive.org/web/20230321195825/https://www.northernnaturalgas.com/expansionprojects/Pages/NorthernLights2019-Rochester.aspx, https://www.eia.gov/naturalgas/pipelines/EIA-NaturalGasPipelineProjectsAug2026.xlsx"
Pipeline operators/owners,Operator,R1990,1990,P2603,,Northern Natural Gas
Pipeline operators/owners,Owner [ref],U1990,1990,P2603,,"https://web.archive.org/web/20230321195825/https://www.northernnaturalgas.com/expansionprojects/Pages/NorthernLights2019-Rochester.aspx, https://www.eia.gov/naturalgas/pipelines/EIA-NaturalGasPipelineProjectsAug2026.xlsx"
Pipeline operators/owners,Operator [ref],Q2003,2003,P2616,,https://www.eia.gov/naturalgas/pipelines/EIA-NaturalGasPipelineProjectsAug2026.xlsx
Pipeline operators/owners,Operator,R2003,2003,P2616,,South Jersey Gas
Pipeline operators/owners,Owner [ref],U2003,2003,P2616,,https://www.eia.gov/naturalgas/pipelines/EIA-NaturalGasPipelineProjectsAug2026.xlsx
Pipeline operators/owners,Operator [ref],Q2014,2014,P2628,,https://www.federalregister.gov/documents/2019/04/24/2019-08216/equitrans-midstream-corporation-amended-notice-of-intent-to-prepare-an-environmental-assessment-for
Pipeline operators/owners,Operator,R2014,2014,P2628,,Equitrans Midstream Corp
Pipeline operators/owners,Owner [ref],U2014,2014,P2628,,https://www.federalregister.gov/documents/2019/04/24/2019-08216/equitrans-midstream-corporation-amended-notice-of-intent-to-prepare-an-environmental-assessment-for
Pipeline operators/owners,Operator [ref],Q2111,2111,P2733,,"https://www.sec.gov/Archives/edgar/data/0000099250/000009925017000009/tgpl_20170630x10q.htm, https://www.federalregister.gov/documents/2014/12/11/2014-29054/transcontinental-gas-pipe-line-company-llc-notice-of-application"
Pipeline operators/owners,Operator,R2111,2111,P2733,,"Transcontinental Gas Pipe Line Company, LLC"
Pipeline operators/owners,Owner [ref],U2111,2111,P2733,,"https://www.sec.gov/Archives/edgar/data/0000099250/000009925017000009/tgpl_20170630x10q.htm, https://www.federalregister.gov/documents/2014/12/11/2014-29054/transcontinental-gas-pipe-line-company-llc-notice-of-application"
Pipeline operators/owners,Operator [ref],Q2112,2112,P2734,,"https://www.northernnaturalgas.com/about-us/, https://www.eia.gov/naturalgas/pipelines/EIA-NaturalGasPipelineProjectsAug2026.xlsx"
Pipeline operators/owners,Operator,R2112,2112,P2734,,Northern Natural Gas
Pipeline operators/owners,Owner [ref],U2112,2112,P2734,,"https://www.northernnaturalgas.com/about-us/, https://www.eia.gov/naturalgas/pipelines/EIA-NaturalGasPipelineProjectsAug2026.xlsx"
Pipeline operators/owners,Operator [ref],Q2402,2402,P3160,,https://app.quotemedia.com/data/downloadFiling?webmasterId=90423&ref=116385942&type=HTML&symbol=MRGE&companyName=Mirage+Energy+Corp&formType=10-K&formDescription=Annual+report+pursuant+to+Section+13+or+15%28d%29&dateFiled=2022-01-21
Pipeline operators/owners,Operator,R2402,2402,P3160,,Mirage Energy
Pipeline operators/owners,Owner [ref],U2402,2402,P3160,,https://app.quotemedia.com/data/downloadFiling?webmasterId=90423&ref=116385942&type=HTML&symbol=MRGE&companyName=Mirage+Energy+Corp&formType=10-K&formDescription=Annual+report+pursuant+to+Section+13+or+15%28d%29&dateFiled=2022-01-21
Pipeline operators/owners,Operator [ref],Q2428,2428,P3187,,https://www.tcenergy.com/operations/natural-gas/anr-pipeline/
Pipeline operators/owners,Operator,R2428,2428,P3187,,ANR Pipeline Co
Pipeline operators/owners,Owner [ref],U2428,2428,P3187,https://www.eia.gov/naturalgas/data.php#pipelines,"https://www.eia.gov/naturalgas/data.php#pipelines, https://www.tcenergy.com/operations/natural-gas/anr-pipeline/"
Pipeline operators/owners,Owner [ref],U2436,2436,P3196,,https://www.eia.gov/naturalgas/pipelines/EIA-NaturalGasPipelineProjectsAug2026.xlsx
Pipeline operators/owners,Operator [ref],Q2437,2437,P3197,,"https://www.ferc.gov/sites/default/files/2020-10/cp20-21-000.pdf, https://www.eia.gov/naturalgas/pipelines/EIA-NaturalGasPipelineProjectsAug2026.xlsx"
Pipeline operators/owners,Operator,R2437,2437,P3197,,Port Arthur Pipeline LLC
Pipeline operators/owners,Owner [ref],U2437,2437,P3197,,"https://www.ferc.gov/sites/default/files/2020-10/cp20-21-000.pdf, https://www.eia.gov/naturalgas/pipelines/EIA-NaturalGasPipelineProjectsAug2026.xlsx"
Pipeline operators/owners,Operator [ref],Q2644,2644,P3664,,"https://www.eia.gov/naturalgas/pipelines/EIA-NaturalGasPipelineProjects_May2026.xlsx, https://aglaw.psu.edu/wp-content/uploads/2021/02/Lake-Charles-LNG-FERC-Order-Dec.-17-2015.pdf"
Pipeline operators/owners,Operator,R2644,2644,P3664,,"Trunkline Gas Company, LLC"
Pipeline operators/owners,Owner [ref],U2644,2644,P3664,,"https://aglaw.psu.edu/wp-content/uploads/2021/02/Lake-Charles-LNG-FERC-Order-Dec.-17-2015.pdf, https://www.eia.gov/naturalgas/pipelines/EIA-NaturalGasPipelineProjects_May2026.xlsx, https://www.sec.gov/Archives/edgar/data/1276187/000127618726000013/et-20251231.htm"
Pipeline operators/owners,Operator [ref],Q2846,2846,P3882,,https://www.eia.gov/naturalgas/pipelines/EIA-NaturalGasPipelineProjects_Oct2024.xlsx
Pipeline operators/owners,Operator,R2846,2846,P3882,,WhiteWater Midstream
Pipeline operators/owners,Owner [ref],U2846,2846,P3882,,"https://www.sec.gov/Archives/edgar/data/1552000/000155200026000009/mplx-20251231.htm, https://www.sec.gov/Archives/edgar/data/1552000/000155200023000008/mplx-20221231xex211.htm"
Pipeline operators/owners,Operator [ref],Q2848,2848,P3884,,https://www.kindermorgan.com/getmedia/b9325d90-2d5e-4b96-b609-a35d22cc23cd/PHP-Expansion-Project-Fact-Sheet-July-2022_-REV4.pdf
Pipeline operators/owners,Operator,R2848,2848,P3884,,Kinder Morgan
Pipeline operators/owners,Owner [ref],U2848,2848,P3884,,https://www.kindermorgan.com/getmedia/b9325d90-2d5e-4b96-b609-a35d22cc23cd/PHP-Expansion-Project-Fact-Sheet-July-2022_-REV4.pdf
Pipeline operators/owners,Operator [ref],Q2849,2849,P3885,,https://www.eia.gov/naturalgas/pipelines/EIA-NaturalGasPipelineProjectsAug2026.xlsx
Pipeline operators/owners,Operator,R2849,2849,P3885,,Energy Transfer
Pipeline operators/owners,Owner [ref],U2849,2849,P3885,,https://www.sec.gov/Archives/edgar/data/1276187/000127618726000013/et12312025ex211.htm
Pipeline operators/owners,Operator [ref],Q2850,2850,P3886,,"https://ir.kindermorgan.com/news/news-details/2022/Gulf-Coast-Express-Pipeline-Announces-Open-Season-for-Expansion-Project/default.aspx, https://www.eia.gov/naturalgas/pipelines/EIA-NaturalGasPipelineProjectsAug2026.xlsx"
Pipeline operators/owners,Owner [ref],U2850,2850,P3886,https://www.eia.gov/naturalgas/data.php#pipelines,"https://www.eia.gov/naturalgas/data.php#pipelines, https://www.eia.gov/naturalgas/pipelines/EIA-NaturalGasPipelineProjectsAug2026.xlsx, https://www.prnewswire.com/news-releases/arclight-completes-acquisition-of-a-25-interest-in-the-gulf-coast-express-pipeline-301549622.html"
Pipeline operators/owners,Operator [ref],Q2902,2902,P3942,,"https://ferc.gov/sites/default/files/2021-05/C-2.pdf, https://www.eia.gov/naturalgas/pipelines/EIA-NaturalGasPipelineProjectsAug2026.xlsx"
Pipeline operators/owners,Operator,R2902,2902,P3942,,Northern Natural Gas Company
Pipeline operators/owners,Owner [ref],U2902,2902,P3942,,"https://ferc.gov/sites/default/files/2021-05/C-2.pdf, https://www.eia.gov/naturalgas/pipelines/EIA-NaturalGasPipelineProjectsAug2026.xlsx"
Pipeline operators/owners,Operator [ref],Q2903,2903,P3943,,"https://web.archive.org/web/20240810202149/https://www.northernnaturalgas.com/Document%20Postings/2023_09_25_FERC_Order.pdf, https://www.eia.gov/naturalgas/pipelines/EIA-NaturalGasPipelineProjectsAug2026.xlsx"
Pipeline operators/owners,Operator,R2903,2903,P3943,,Northern Natural Gas Company
Pipeline operators/owners,Owner [ref],U2903,2903,P3943,,"https://web.archive.org/web/20240810202149/https://www.northernnaturalgas.com/Document%20Postings/2023_09_25_FERC_Order.pdf, https://www.eia.gov/naturalgas/pipelines/EIA-NaturalGasPipelineProjectsAug2026.xlsx"
Pipeline operators/owners,Operator [ref],Q3322,3322,P4455,,https://www.eia.gov/naturalgas/pipelines/EIA-NaturalGasPipelineProjectsAug2026.xlsx
Pipeline operators/owners,Owner [ref],U3322,3322,P4455,https://www.eia.gov/naturalgas/data.php#pipelines,"https://www.eia.gov/naturalgas/data.php#pipelines, https://www.eia.gov/naturalgas/pipelines/EIA-NaturalGasPipelineProjectsAug2026.xlsx, https://www.justice.gov/opa/blog/justice-department-secures-win-american-energy-crow-creek-natural-gas-pipeline"
Pipeline operators/owners,Operator [ref],Q3326,3326,P4459,,https://www.eia.gov/naturalgas/pipelines/EIA-NaturalGasPipelineProjectsAug2026.xlsx
Pipeline operators/owners,Operator,R3326,3326,P4459,,Northern Natural Gas Co
Pipeline operators/owners,Owner [ref],U3326,3326,P4459,,https://www.sec.gov/Archives/edgar/data/1081316/000108131626000003/bhe-20251231.htm
Pipeline operators/owners,Owner1,V3326,3326,P4459,Northern Natural Gas,Northern Natural Gas Co
Pipeline operators/owners,Operator [ref],Q3328,3328,P4461,,"https://www.federalregister.gov/documents/2020/07/20/2020-15628/northern-natural-gas-company-notice-of-application, https://www.eia.gov/naturalgas/pipelines/EIA-NaturalGasPipelineProjectsAug2026.xlsx"
Pipeline operators/owners,Operator,R3328,3328,P4461,,Northern Natural Gas Company
Pipeline operators/owners,Owner [ref],U3328,3328,P4461,,"https://www.federalregister.gov/documents/2020/07/20/2020-15628/northern-natural-gas-company-notice-of-application, https://www.eia.gov/naturalgas/pipelines/EIA-NaturalGasPipelineProjectsAug2026.xlsx"
Pipeline operators/owners,Operator [ref],Q3921,3921,P5101,,"https://www.sec.gov/Archives/edgar/data/110019/000011001922000004/nwp-20211231.htm, https://www.federalregister.gov/documents/2020/04/02/2020-06816/northwest-pipeline-llc-notice-of-extension-of-time-request"
Pipeline operators/owners,Operator,R3921,3921,P5101,,Northwest Pipeline LLC
Pipeline operators/owners,Owner [ref],U3921,3921,P5101,,https://www.sec.gov/Archives/edgar/data/110019/000011001922000004/nwp-20211231.htm
Pipeline operators/owners,Owner [ref],U3924,3924,P5114,,https://dtmidstream.com/asset/leap-gathering-system/
Pipeline operators/owners,Operator [ref],Q4201,4201,P5417,,https://www.eia.gov/naturalgas/pipelines/EIA-NaturalGasPipelineProjectsAug2026.xlsx
Pipeline operators/owners,Operator,R4201,4201,P5417,,Momentum Midstream
Pipeline operators/owners,Owner [ref],U4201,4201,P5417,,https://www.eia.gov/naturalgas/pipelines/EIA-NaturalGasPipelineProjectsAug2026.xlsx
Pipeline operators/owners,Owner1,V4201,4201,P5417,,Momentum Midstream
Pipeline operators/owners,Owner [ref],U4400,4400,P5627,,https://www.sec.gov/Archives/edgar/data/895728/000119312526049810/enb-ex21_1.htm
Pipeline operators/owners,Operator [ref],Q4421,4421,P5664,,"https://ir.oneok.com/news-and-events/press-releases/2022/12-20-2022-211548094, https://www.eia.gov/naturalgas/pipelines/EIA-NaturalGasPipelineProjectsAug2026.xlsx"
Pipeline operators/owners,Operator,R4421,4421,P5664,,ONEOK Inc
Pipeline operators/owners,Owner [ref],U4421,4421,P5664,,https://ir.oneok.com/news-and-events/press-releases/2022/12-20-2022-211548094
Pipeline operators/owners,Owner [ref],U4642,4642,P5926,,https://www.sec.gov/Archives/edgar/data/1336047/000133604726000004/bwp-20251231.htm
Pipeline operators/owners,Operator [ref],Q4647,4647,P5931,,https://www.eia.gov/naturalgas/pipelines/EIA-NaturalGasPipelineProjectsAug2026.xlsx
Pipeline operators/owners,Operator,R4647,4647,P5931,,Targa Resources
Pipeline operators/owners,Owner [ref],U4647,4647,P5931,https://finance.yahoo.com/news/targa-proceed-permian-basin-apex-173000147.html?guccounter=1,https://www.eia.gov/naturalgas/pipelines/EIA-NaturalGasPipelineProjectsAug2026.xlsx
Pipeline operators/owners,Owner1,V4647,4647,P5931,Terga Resources,Targa Resources
Pipeline operators/owners,Operator [ref],Q4648,4648,P5932,,https://www.gulfsouthpl.com/about-us/subsidiaries/gulf-south-pipeline-company-lp/default.aspx
Pipeline operators/owners,Operator,R4648,4648,P5932,,Gulf South Pipeline Company LP
Pipeline operators/owners,Owner [ref],U5188,5188,P6531,https://www.spglobal.com/commodityinsights/en/market-insights/latest-news/natural-gas/040524-690-mile-greenfield-permian-to-louisiana-natural-gas-pipeline-targets-2028-start,"https://www.spglobal.com/commodityinsights/en/market-insights/latest-news/natural-gas/040524-690-mile-greenfield-permian-to-louisiana-natural-gas-pipeline-targets-2028-start, https://www.eia.gov/naturalgas/pipelines/EIA-NaturalGasPipelineProjectsAug2026.xlsx, https://undergroundinfrastructure.com/news/2024/july/dela-express-moves-forward-with-690-mile-permian-to-louisiana-pipeline"
Pipeline operators/owners,Owner [ref],U5378,5378,P6773,,https://dtmidstream.com/asset/leap-gathering-system/
Pipeline operators/owners,Operator [ref],Q5404,5404,P6842,,"https://www.eia.gov/naturalgas/pipelines/EIA-NaturalGasPipelineProjectsAug2026.xlsx, https://dtmidstream.com/asset/leap-gathering-system/"
Pipeline operators/owners,Operator,R5404,5404,P6842,,DT Midstream
Pipeline operators/owners,Owner [ref],U5404,5404,P6842,,"https://www.eia.gov/naturalgas/pipelines/EIA-NaturalGasPipelineProjectsAug2026.xlsx, https://dtmidstream.com/asset/leap-gathering-system/"
Pipeline operators/owners,Operator [ref],Q5473,5473,P7108,,"https://www.eia.gov/naturalgas/pipelines/EIA-NaturalGasPipelineProjectsAug2026.xlsx, https://www.govinfo.gov/content/pkg/FR-2025-01-28/html/2025-01803.htm"
Pipeline operators/owners,Operator,R5473,5473,P7108,,Transco
Pipeline operators/owners,Owner [ref],U5473,5473,P7108,https://appvoices.org/2024/10/29/transco-expansion-ferc/,"https://appvoices.org/2024/10/29/transco-expansion-ferc/, https://www.eia.gov/naturalgas/pipelines/EIA-NaturalGasPipelineProjectsAug2026.xlsx"
Pipeline operators/owners,Operator [ref],Q5809,5809,P7454,,https://www.harvestmidstream.com/about-us/history/
Pipeline operators/owners,Owner [ref],U5809,5809,P7454,https://aws.state.ak.us/OnlinePublicNotices/Notices/View.aspx?id=174074,"https://aws.state.ak.us/OnlinePublicNotices/Notices/View.aspx?id=174074, https://dog.dnr.alaska.gov/Services/Pipeline/Kenai%20Kachemak"
Pipeline operators/owners,Operator [ref],Q6121,6121,P7772,,"https://www.northernnaturalgas.com/about-us/, https://www.eia.gov/naturalgas/pipelines/EIA-NaturalGasPipelineProjectsAug2026.xlsx"
Pipeline operators/owners,Owner [ref],U6121,6121,P7772,https://www.northernnaturalgas.com/aboutus/Pages/Overview.aspx,"https://www.northernnaturalgas.com/aboutus/Pages/Overview.aspx, https://www.northernnaturalgas.com/about-us/, https://www.eia.gov/naturalgas/pipelines/EIA-NaturalGasPipelineProjectsAug2026.xlsx"
Pipeline operators/owners,Operator [ref],Q6128,6128,P7779,,https://www.eia.gov/naturalgas/pipelines/EIA-NaturalGasPipelineProjectsAug2026.xlsx
Pipeline operators/owners,Owner [ref],U6128,6128,P7779,https://www.eia.gov/naturalgas/data.php#pipelines,"https://www.eia.gov/naturalgas/data.php#pipelines, https://www.eia.gov/naturalgas/pipelines/EIA-NaturalGasPipelineProjectsAug2026.xlsx"
Pipeline operators/owners,Operator [ref],Q6129,6129,P7780,,"https://www.federalregister.gov/documents/2025/02/18/2025-02711/gulf-south-pipeline-company-llc-notice-of-application-and-establishing-intervention-deadline, https://bwpipelines.com/subsidiaries/gulf-south-pipeline-company/home"
Pipeline operators/owners,Owner [ref],U6129,6129,P7780,https://www.eia.gov/naturalgas/data.php#pipelines,"https://www.eia.gov/naturalgas/data.php#pipelines, https://www.sec.gov/Archives/edgar/data/1336047/000133604722000025/bwp-20220630.htm, https://bwpipelines.com/subsidiaries/gulf-south-pipeline-company/home"
Pipeline operators/owners,Operator [ref],Q6139,6139,P7790,,"https://www.eia.gov/naturalgas/pipelines/EIA-NaturalGasPipelineProjectsAug2026.xlsx, https://www.williams.com/pipeline/northwest-pipeline/"
Pipeline operators/owners,Owner [ref],U6139,6139,P7790,https://www.williams.com/pipeline/northwest-pipeline/,"https://www.williams.com/pipeline/northwest-pipeline/, https://www.sec.gov/Archives/edgar/data/107263/000010726326000026/wmb-20260630.htm"
Pipeline operators/owners,Operator [ref],Q6141,6141,P7792,,https://www.eia.gov/naturalgas/pipelines/EIA-NaturalGasPipelineProjectsAug2026.xlsx
Pipeline operators/owners,Owner [ref],U6141,6141,P7792,https://www.eia.gov/naturalgas/data.php#pipelines,"https://www.eia.gov/naturalgas/data.php#pipelines, https://www.eia.gov/naturalgas/pipelines/EIA-NaturalGasPipelineProjectsAug2026.xlsx"
Pipeline operators/owners,Operator [ref],Q6142,6142,P7793,,https://www.eia.gov/naturalgas/pipelines/EIA-NaturalGasPipelineProjectsAug2026.xlsx
Pipeline operators/owners,Owner [ref],U6142,6142,P7793,https://www.eia.gov/naturalgas/data.php#pipelines,"https://www.eia.gov/naturalgas/data.php#pipelines, https://www.eia.gov/naturalgas/pipelines/EIA-NaturalGasPipelineProjectsAug2026.xlsx"
Pipeline operators/owners,Operator [ref],Q6143,6143,P7794,,https://www.eia.gov/naturalgas/pipelines/EIA-NaturalGasPipelineProjectsAug2026.xlsx
Pipeline operators/owners,Owner [ref],U6143,6143,P7794,https://www.eia.gov/naturalgas/data.php#pipelines,"https://www.eia.gov/naturalgas/data.php#pipelines, https://www.eia.gov/naturalgas/pipelines/EIA-NaturalGasPipelineProjectsAug2026.xlsx"
Pipeline operators/owners,Operator [ref],Q6145,6145,P7796,,https://www.eia.gov/naturalgas/pipelines/EIA-NaturalGasPipelineProjects_Jan2026.xlsx
Pipeline operators/owners,Owner [ref],U6145,6145,P7796,https://www.eia.gov/naturalgas/data.php#pipelines,"https://www.eia.gov/naturalgas/data.php#pipelines, https://www.eia.gov/naturalgas/pipelines/EIA-NaturalGasPipelineProjects_Jan2026.xlsx"
Pipeline operators/owners,Operator [ref],Q6147,6147,P7798,,https://www.eia.gov/naturalgas/pipelines/EIA-NaturalGasPipelineProjects_May2026.xlsx
Pipeline operators/owners,Owner [ref],U6147,6147,P7798,https://www.eia.gov/naturalgas/data.php#pipelines,"https://www.eia.gov/naturalgas/data.php#pipelines, https://www.eia.gov/naturalgas/pipelines/EIA-NaturalGasPipelineProjects_May2026.xlsx, https://www.cheniere.com/about/where-we-work/sabine-pass"
Pipeline operators/owners,Operator [ref],Q6158,6158,P7809,,https://www.eia.gov/naturalgas/pipelines/EIA-NaturalGasPipelineProjectsAug2026.xlsx
Pipeline operators/owners,Operator,R6158,6158,P7809,Tennessee Gas Pipeline Co LLC,East Tennessee Natural Gas
Pipeline operators/owners,Owner [ref],U6158,6158,P7809,https://www.eia.gov/naturalgas/data.php#pipelines,"https://www.eia.gov/naturalgas/data.php#pipelines, https://www.eia.gov/naturalgas/pipelines/EIA-NaturalGasPipelineProjectsAug2026.xlsx"
Pipeline operators/owners,Operator [ref],Q6159,6159,P7810,,"https://www.federalregister.gov/documents/2025/09/30/2025-18993/gulf-south-pipeline-company-llc-texas-gas-transmission-llc-notice-of-application-and-establishing, https://bwpipelines.com/subsidiaries/gulf-south-pipeline-company/home"
Pipeline operators/owners,Owner [ref],U6159,6159,P7810,https://www.eia.gov/naturalgas/data.php#pipelines,"https://www.eia.gov/naturalgas/data.php#pipelines, https://www.sec.gov/Archives/edgar/data/0001336047/000133604726000011/bwp-20260630.htm, https://loews.com/subsidiaries/boardwalk-pipelines/default.aspx"
Pipeline operators/owners,Operator [ref],Q6160,6160,P7811,,https://www.eia.gov/naturalgas/pipelines/EIA-NaturalGasPipelineProjectsAug2026.xlsx
Pipeline operators/owners,Owner [ref],U6160,6160,P7811,https://www.eia.gov/naturalgas/data.php#pipelines,"https://www.eia.gov/naturalgas/data.php#pipelines, https://www.eia.gov/naturalgas/pipelines/EIA-NaturalGasPipelineProjectsAug2026.xlsx"
Pipeline operators/owners,Operator [ref],Q6171,6171,P7822,,https://ir.oneok.com/news-and-events/press-releases/2022/12-20-2022-211548094
Pipeline operators/owners,Owner [ref],U6171,6171,P7822,https://www.eia.gov/naturalgas/data.php#pipelines,"https://www.eia.gov/naturalgas/data.php#pipelines, https://ir.oneok.com/news-and-events/press-releases/2022/12-20-2022-211548094"
Pipeline operators/owners,Owner [ref],U6174,6174,P7825,https://www.eia.gov/naturalgas/data.php#pipelines,"https://www.eia.gov/naturalgas/data.php#pipelines, https://www.eia.gov/naturalgas/pipelines/EIA-NaturalGasPipelineProjectsAug2026.xlsx"
Pipeline operators/owners,Operator [ref],Q6176,6176,P7827,,https://www.eia.gov/naturalgas/pipelines/EIA-NaturalGasPipelineProjectsAug2026.xlsx
Pipeline operators/owners,Owner [ref],U6176,6176,P7827,https://www.eia.gov/naturalgas/data.php#pipelines,"https://www.eia.gov/naturalgas/data.php#pipelines, https://www.eia.gov/naturalgas/pipelines/EIA-NaturalGasPipelineProjectsAug2026.xlsx"
Pipeline operators/owners,Operator [ref],Q6177,6177,P7828,https://www.rrc.texas.gov/media/sebd3xu5/2024-new-permits-as-of-12-4-2024.pdf,"https://www.rrc.texas.gov/media/sebd3xu5/2024-new-permits-as-of-12-4-2024.pdf, https://www.prnewswire.com/news-releases/blackcomb-pipeline-reaches-final-investment-decision-to-transport-growing-natural-gas-production-from-the-permian-basin-to-the-gulf-coast-region-302211609.html"
Pipeline operators/owners,Operator [ref],Q6180,6180,P7831,,"https://www.prnewswire.com/news-releases/pelican-pipeline-announces-capacity-expansion-302515218.html, https://www.eia.gov/naturalgas/pipelines/EIA-NaturalGasPipelineProjectsAug2026.xlsx"
Pipeline operators/owners,Operator,R6180,6180,P7831,,WhiteWater Midstream
Pipeline operators/owners,Operator [ref],Q6182,6182,P7833,,"https://pipelines.energytransfer.com/InfoPost/resources/documents/ETIH_South_Mississippi_Project_Open_Season.pdf, https://eastdaley.com/the-burner-tip/midstream-projects-compete-for-new-demand-in-southeast"
Pipeline operators/owners,Operator,R6182,6182,P7833,,Energy Transfer
Pipeline operators/owners,Owner [ref],U6182,6182,P7833,https://www.eia.gov/naturalgas/data.php#pipelines,"https://www.eia.gov/naturalgas/data.php#pipelines, https://pipelines.energytransfer.com/InfoPost/resources/documents/ETIH_South_Mississippi_Project_Open_Season.pdf, https://eastdaley.com/the-burner-tip/midstream-projects-compete-for-new-demand-in-southeast"
Pipeline operators/owners,Operator [ref],Q6183,6183,P7834,,https://www.eia.gov/naturalgas/pipelines/EIA-NaturalGasPipelineProjectsAug2026.xlsx
Pipeline operators/owners,Operator,R6183,6183,P7834,,Arm Energy Holdings LLC
Pipeline operators/owners,Owner [ref],U6183,6183,P7834,https://www.armenergy.com/news/arm-energy-and-pimco-annouce-2-3-billion-investment-in-mustang-express-pipeline/,"https://www.armenergy.com/news/arm-energy-and-pimco-annouce-2-3-billion-investment-in-mustang-express-pipeline/, https://www.eia.gov/naturalgas/pipelines/EIA-NaturalGasPipelineProjectsAug2026.xlsx"
Pipeline operators/owners,Owner [ref],U6184,6184,P7835,https://www.armenergy.com/news/arm-energy-and-pimco-annouce-2-3-billion-investment-in-mustang-express-pipeline/,"https://www.armenergy.com/news/arm-energy-and-pimco-annouce-2-3-billion-investment-in-mustang-express-pipeline/, https://www.eia.gov/naturalgas/pipelines/EIA-NaturalGasPipelineProjectsAug2026.xlsx"
Pipeline operators/owners,Operator [ref],Q6185,6185,P7836,,https://www.armenergy.com/news/arm-energy-and-pimco-annouce-2-3-billion-investment-in-mustang-express-pipeline/
Pipeline operators/owners,Operator,R6185,6185,P7836,,ARM Energy Holdings LLC
Pipeline operators/owners,Operator [ref],Q6186,6186,P7837,,https://ir.oneok.com/news-and-events/press-releases/2025/08-25-2025-124437084
Pipeline operators/owners,Operator,R6186,6186,P7837,,WhiteWater Midstream
Pipeline operators/owners,Operator [ref],Q6189,6189,P7840,,https://www.eia.gov/naturalgas/pipelines/EIA-NaturalGasPipelineProjects_May2026.xlsx
Pipeline operators/owners,Operator,R6189,6189,P7840,,"Transwestern Pipeline Company, LLC"
Pipeline operators/owners,Owner [ref],U6189,6189,P7840,,https://www.sec.gov/Archives/edgar/data/1276187/000127618726000013/et12312025ex211.htm
Pipeline operators/owners,Operator [ref],Q6199,6199,P7850,,"https://web.archive.org/web/20260516021700/https://www.targaresources.com/natural-gas-pipelines, https://www.eia.gov/naturalgas/pipelines/EIA-NaturalGasPipelineProjectsAug2026.xlsx"
Pipeline operators/owners,Owner [ref],U6199,6199,P7850,https://www.targaresources.com/news-releases/news-release-details/targa-resources-corp-announces-permian-growth-projects-and,"https://www.targaresources.com/news-releases/news-release-details/targa-resources-corp-announces-permian-growth-projects-and, https://web.archive.org/web/20260516021700/https://www.targaresources.com/natural-gas-pipelines, https://www.eia.gov/naturalgas/pipelines/EIA-NaturalGasPipelineProjectsAug2026.xlsx"
Pipeline operators/owners,Operator [ref],Q6202,6202,P7853,,https://www.eia.gov/naturalgas/pipelines/EIA-NaturalGasPipelineProjectsAug2026.xlsx
Pipeline operators/owners,Owner [ref],U6202,6202,P7853,https://www.targaresources.com/news-releases/news-release-details/targa-resources-corp-announces-permian-growth-projects-and; https://www.targaresources.com/static-files/8c3ab5dc-9abb-4152-8e45-61e8eddb4674,"https://www.targaresources.com/news-releases/news-release-details/targa-resources-corp-announces-permian-growth-projects-and; https://www.targaresources.com/static-files/8c3ab5dc-9abb-4152-8e45-61e8eddb4674, https://www.eia.gov/naturalgas/pipelines/EIA-NaturalGasPipelineProjectsAug2026.xlsx"
Pipeline operators/owners,Operator [ref],Q6203,6203,P7854,,https://www.eia.gov/naturalgas/pipelines/EIA-NaturalGasPipelineProjectsAug2026.xlsx
Pipeline operators/owners,Owner [ref],U6203,6203,P7854,https://www.targaresources.com/news-releases/news-release-details/targa-resources-corp-announces-permian-growth-projects-and; https://www.targaresources.com/static-files/8c3ab5dc-9abb-4152-8e45-61e8eddb4674,"https://www.targaresources.com/news-releases/news-release-details/targa-resources-corp-announces-permian-growth-projects-and; https://www.targaresources.com/static-files/8c3ab5dc-9abb-4152-8e45-61e8eddb4674, https://www.eia.gov/naturalgas/pipelines/EIA-NaturalGasPipelineProjectsAug2026.xlsx"
Pipeline operators/owners,Operator [ref],Q6204,6204,P7855,,"https://www.kindermorgan.com/Operations/Projects/SSE4-Project-Page, https://www2.kindermorgan.com/getmedia/459c0823-0069-442f-b170-8b4db74039d5/South-System-Expansion-4-Project-FAQ-For-Website.pdf"
Pipeline operators/owners,Operator,R6204,6204,P7855,,"Southern Natural Gas Company, L.L.C."
Pipeline operators/owners,Owner [ref],U6204,6204,P7855,https://www.kindermorgan.com/Operations/Projects/SSE4-Project-Page,"https://www.kindermorgan.com/Operations/Projects/SSE4-Project-Page, https://www2.kindermorgan.com/getmedia/459c0823-0069-442f-b170-8b4db74039d5/South-System-Expansion-4-Project-FAQ-For-Website.pdf, https://pgjonline.com/news/2026/august/ferc-approves-5-b-kinder-morgan-pipeline-expansion-to-boost-southeast-gas-supply"
Pipeline operators/owners,Operator [ref],Q6205,6205,P7856,,"https://www.greatbasingtc.com/, https://www.eia.gov/naturalgas/pipelines/EIA-NaturalGasPipelineProjectsAug2026.xlsx"
Pipeline operators/owners,Operator,R6205,6205,P7856,,Great Basin Gas Transmission Company
Pipeline operators/owners,Owner [ref],U6205,6205,P7856,,"https://www.greatbasingtc.com/, https://www.sec.gov/Archives/edgar/data/1692115/000169211526000062/swx-20251231.htm, https://www.eia.gov/naturalgas/pipelines/EIA-NaturalGasPipelineProjectsAug2026.xlsx"
Pipeline operators/owners,Owner1,V6205,6205,P7856,,Southwest Gas Corporation
Pipeline operators/owners,Owner1%,W6205,6205,P7856,,100.00%
Pipeline operators/owners,Operator [ref],Q6206,6206,P7857,,"https://greatbasingtcprojects.com/, https://www.federalregister.gov/documents/2023/05/19/2023-10738/great-basin-gas-transmission-company-notice-of-application-and"
Pipeline operators/owners,Operator,R6206,6206,P7857,,Great Basin Gas Transmission Company
Pipeline operators/owners,Owner [ref],U6206,6206,P7857,,"https://greatbasingtcprojects.com/, https://www.sec.gov/Archives/edgar/data/92416/000169211525000082/swx-20241231.htm"
Pipeline operators/owners,Owner1,V6206,6206,P7857,,Southwest Gas Corporation
Pipeline operators/owners,Owner1%,W6206,6206,P7857,,100.00%
Pipeline operators/owners,Operator [ref],Q6207,6207,P7858,,"https://www.govinfo.gov/content/pkg/FR-2026-03-18/pdf/2026-05271.pdf, https://greatbasingtcprojects.com/"
Pipeline operators/owners,Operator,R6207,6207,P7858,,Great Basin Gas Transmission Company
Pipeline operators/owners,Owner [ref],U6207,6207,P7858,,"https://gabbsfnas.greatbasingtcprojects.com/, https://www.sec.gov/Archives/edgar/data/1692115/000169211526000062/swx-20251231.htm"
Pipeline operators/owners,Owner1,V6207,6207,P7858,,Southwest Gas Corporation
Pipeline operators/owners,Owner1%,W6207,6207,P7858,,100
Pipeline operators/owners,Owner [ref],U6211,6211,P7862,https://producersmidstream.com/palo-duro-pipeline-project-notice-of-binding-open-season/,"https://producersmidstream.com/palo-duro-pipeline-project-notice-of-binding-open-season/, https://www.ogj.com/pipelines-transportation/pipelines/article/55300432/producers-midstream-launches-open-season-for-service-on-palo-duro-pipeline"
Pipeline operators/owners,Operator [ref],Q6212,6212,P7863,,"https://www.federalregister.gov/documents/2025/09/04/2025-16954/rockies-express-pipeline-llc-cheyenne-connector-llc-east-cheyenne-gas-storage-llc-notice-of, https://www.criticalenergyreliabilitylink.com/, https://www.eia.gov/naturalgas/pipelines/EIA-NaturalGasPipelineProjectsAug2026.xlsx"
Pipeline operators/owners,Operator,R6212,6212,P7863,,"Rockies Express Pipeline, LLC"
Pipeline operators/owners,Owner [ref],U6212,6212,P7863,https://www.federalregister.gov/documents/2025/09/04/2025-16954/rockies-express-pipeline-llc-cheyenne-connector-llc-east-cheyenne-gas-storage-llc-notice-of,"https://www.federalregister.gov/documents/2025/09/04/2025-16954/rockies-express-pipeline-llc-cheyenne-connector-llc-east-cheyenne-gas-storage-llc-notice-of, https://www.eia.gov/naturalgas/pipelines/EIA-NaturalGasPipelineProjectsAug2026.xlsx"
Gas pipelines,SegmentCost,CJ16,16,P0155,,5100000000.0
Gas pipelines,SegmentCostUnits,CK16,16,P0155,,USD
Gas pipelines,SegmentCost [ref],CM16,16,P0155,,https://www.eia.gov/naturalgas/pipelines/EIA-NaturalGasPipelineProjects_Jan2021.xlsx
Gas pipelines,Fuel [ref],M34,34,P0173,https://www.energy.gov/sites/prod/files/2018/11/f57/draft-eis-0531-port-delfin-lng-app-m-2016-07.pdf; https://www.energy.gov/sites/default/files/2018/11/f57/final-eis-0531-port-delfin-lng-main-volume-2016-11.pdf  ,"https://www.energy.gov/sites/prod/files/2018/11/f57/draft-eis-0531-port-delfin-lng-app-m-2016-07.pdf; https://www.energy.gov/sites/default/files/2018/11/f57/final-eis-0531-port-delfin-lng-main-volume-2016-11.pdf, https://www.oedigital.com/news/452668-delfin-proposes-first-gom-flng"
Gas pipelines,Delay [ref],AO34,34,P0173,https://lngprime.com/lng-terminals/delfin-seeks-doe-extension-for-flng-project/106901/ ,"https://lngprime.com/lng-terminals/delfin-seeks-doe-extension-for-flng-project/106901/, https://www.energy.gov/sites/default/files/2024-03/Delfin%20DOE%20Extension%20request%20(030124%20FINAL).pdf"
Gas pipelines,Location [ref],CF34,34,P0173,,https://www.energy.gov/sites/default/files/2018/11/f57/final-eis-0531-port-delfin-lng-main-volume-2016-11.pdf
Gas pipelines,Status [ref],I36,36,P0175,,"https://www.enbridge.com/~/media/Enb/Documents/Factsheets/FS_EnergyInfrastructureAssets.pdf?la=en, https://www.sec.gov/Archives/edgar/data/1513965/000151396516000218/exhibit995amidproforma.htm"
Gas pipelines,Fuel [ref],M36,36,P0175,,"https://www.enbridge.com/~/media/Enb/Documents/Factsheets/FS_EnergyInfrastructureAssets.pdf?la=en, https://naturalgasintel.com/news/bp-amoco-buying-another-third-of-destin/"
Gas pipelines,ProposalYear,Z36,36,P0175,,1996
Gas pipelines,Proposal [ref],AB36,36,P0175,,"https://naturalgasintel.com/news/bp-amoco-buying-another-third-of-destin/, https://www.govinfo.gov/content/pkg/FR-1997-11-13/pdf/97-29802.pdf"
Gas pipelines,ConstructionYear,AC36,36,P0175,,1997
Gas pipelines,ConstructionMonth,AD36,36,P0175,,12
Gas pipelines,Construction [ref],AE36,36,P0175,,https://naturalgasintel.com/news/bp-amoco-buying-another-third-of-destin/
Gas pipelines,StartMonth1,AG36,36,P0175,,9
Gas pipelines,Start [ref],AL36,36,P0175,,https://naturalgasintel.com/news/bp-amoco-buying-another-third-of-destin/
Gas pipelines,Capacity [ref],AZ36,36,P0175,,"https://www.enbridge.com/~/media/Enb/Documents/Factsheets/FS_EnergyInfrastructureAssets.pdf?la=en, https://www.sec.gov/Archives/edgar/data/1513965/000151396516000218/exhibit995amidproforma.htm, http://web.archive.org/web/20191121210035/https://www.naturalgasintel.com/articles/106193-american-midstream-building-natgas-pipeline-arsenal-in-gom"
Gas pipelines,Diameter [ref],BO36,36,P0175,,"https://www.enbridge.com/~/media/Enb/Documents/Factsheets/FS_EnergyInfrastructureAssets.pdf?la=en, https://naturalgasintel.com/news/bp-amoco-buying-another-third-of-destin/"
Gas pipelines,Status,H52,52,P0193,construction,operating
Gas pipelines,Status [ref],I52,52,P0193,https://www.eastdaley.com/media-and-news/plaquemines-lng-takes-first-gas-in-project-milestone,"https://www.eastdaley.com/media-and-news/plaquemines-lng-takes-first-gas-in-project-milestone, https://eastdaley.com/media-and-news/plaquemines-lng-start-lifts-kmi-enbridge-pipes, https://www.eia.gov/naturalgas/pipelines/EIA-NaturalGasPipelineProjectsAug2026.xlsx, https://naturalgasintel.com/news/portion-of-plaquemines-lngs-2-bcfd-pipeline-project-ready-for-service-venture-global-says/"
Gas pipelines,Fuel [ref],M52,52,P0193,,"https://www.eia.gov/naturalgas/pipelines/EIA-NaturalGasPipelineProjectsAug2026.xlsx, https://www.ferc.gov/sites/default/files/2020-06/20190930152330-CP17-66-000.pdf"
Gas pipelines,ProposalYear,Z52,52,P0193,,2017
Gas pipelines,ProposalMonth,AA52,52,P0193,,2
Gas pipelines,Proposal [ref],AB52,52,P0193,,"https://www.ferc.gov/sites/default/files/2020-06/20190930152330-CP17-66-000.pdf, https://www.federalregister.gov/documents/2017/03/22/2017-05671/venture-global-plaquemines-lng-llc-and-venture-global-gator-express-llc-notice-of-application"
Gas pipelines,StartMonth1,AG52,52,P0193,,11
Gas pipelines,Start [ref],AL52,52,P0193,https://www.eia.gov/naturalgas/data.php#pipelines ,"https://www.eia.gov/naturalgas/data.php#pipelines, https://www.eia.gov/naturalgas/pipelines/EIA-NaturalGasPipelineProjectsAug2026.xlsx, https://naturalgasintel.com/news/portion-of-plaquemines-lngs-2-bcfd-pipeline-project-ready-for-service-venture-global-says/"
Gas pipelines,Capacity [ref],AZ52,52,P0193,,"https://www.ferc.gov/sites/default/files/2020-06/20190930152330-CP17-66-000.pdf, https://www.eia.gov/naturalgas/pipelines/EIA-NaturalGasPipelineProjectsAug2026.xlsx"
Gas pipelines,Length [ref],BI52,52,P0193,,"https://www.ferc.gov/sites/default/files/2020-06/20190930152330-CP17-66-000.pdf, https://ventureglobal.com/venture-global-plaquemines/plaquemines-pipeline/, https://www.eia.gov/naturalgas/pipelines/EIA-NaturalGasPipelineProjectsAug2026.xlsx"
Gas pipelines,Diameter [ref],BO52,52,P0193,,"https://www.ferc.gov/sites/default/files/2020-06/20190930152330-CP17-66-000.pdf, https://ventureglobal.com/venture-global-plaquemines/plaquemines-pipeline/"
Gas pipelines,FuelSource [ref],BR52,52,P0193,,"https://www.ferc.gov/sites/default/files/2020-06/20190930152330-CP17-66-000.pdf, https://ventureglobal.com/venture-global-plaquemines/plaquemines-pipeline/"
Gas pipelines,Location [ref],CF52,52,P0193,,"https://www.ferc.gov/sites/default/files/2020-06/20190930152330-CP17-66-000.pdf, https://www.eia.gov/naturalgas/pipelines/EIA-NaturalGasPipelineProjectsAug2026.xlsx, https://ventureglobal.com/venture-global-plaquemines/plaquemines-pipeline/"
Gas pipelines,SegmentCost,CJ52,52,P0193,,172000000.0
Gas pipelines,SegmentCostUnits,CK52,52,P0193,,USD
Gas pipelines,SegmentCost [ref],CM52,52,P0193,,https://www.ferc.gov/sites/default/files/2020-06/20190930152330-CP17-66-000.pdf
Gas pipelines,Fuel [ref],M70,70,P0212,https://apps.cer-rec.gc.ca/PPS/en/pipeline-profiles/maritimes-northeast-pipeline,"https://apps.cer-rec.gc.ca/PPS/en/pipeline-profiles/maritimes-northeast-pipeline, https://www.enbridge.com/~/media/Enb/Documents/Factsheets/FS_EnergyInfrastructureAssets.pdf?la=en"
Gas pipelines,PipelineType [ref],O70,70,P0212,https://www.mnpp.com/US,"https://www.mnpp.com/US, https://www.offshore-technology.com/marketdata/maritimes-northeast-the-us-section-gas-pipeline-the-us/"
Gas pipelines,ProposalYear,Z70,70,P0212,,1996
Gas pipelines,Proposal [ref],AB70,70,P0212,,https://www.govinfo.gov/content/pkg/FR-1996-05-30/html/96-13485.htm
Gas pipelines,ConstructionYear,AC70,70,P0212,,1998
Gas pipelines,Construction [ref],AE70,70,P0212,,https://www.govinfo.gov/content/pkg/FR-1996-10-18/html/96-26768.htm
Gas pipelines,Pressure,BA70,70,P0212,,1440
Gas pipelines,PressureUnits,BB70,70,P0212,,psig
Gas pipelines,Pressure [ref],BC70,70,P0212,,https://www.govinfo.gov/content/pkg/FR-2006-03-22/html/06-2829.htm
Gas pipelines,Length [ref],BI70,70,P0212,https://www.enbridge.com/~/media/Enb/Documents/Factsheets/FS_EnergyInfrastructureAssets.pdf?la=en,"https://www.enbridge.com/~/media/Enb/Documents/Factsheets/FS_EnergyInfrastructureAssets.pdf?la=en, https://apps.cer-rec.gc.ca/PPS/en/pipeline-profiles/maritimes-northeast-pipeline, https://www.offshore-technology.com/marketdata/maritimes-northeast-the-us-section-gas-pipeline-the-us/"
Gas pipelines,Diameter [ref],BO70,70,P0212,https://www.mnpp.com/US,"https://www.mnpp.com/US, https://www.offshore-technology.com/marketdata/maritimes-northeast-the-us-section-gas-pipeline-the-us/, https://www.govinfo.gov/content/pkg/FR-2006-03-22/html/06-2829.htm"
Gas pipelines,FuelSource,BQ70,70,P0212,,Sable Offshore Energy Project
Gas pipelines,FuelSource [ref],BR70,70,P0212,,"https://www.govinfo.gov/content/pkg/FR-1996-05-30/html/96-13485.htm, https://apps.cer-rec.gc.ca/PPS/en/pipeline-profiles/maritimes-northeast-pipeline"
Gas pipelines,Location [ref],CF70,70,P0212,https://www.mnpp.com/US,"https://www.mnpp.com/US, https://apps.cer-rec.gc.ca/PPS/en/pipeline-profiles/maritimes-northeast-pipeline"
Gas pipelines,Status [ref],I73,73,P0215,,"https://www.kindermorgan.com/Operations/Natural-Gas/Index#tabs-intrastate, https://www.eleconomista.com.mx/estados/Buscan-ampliar-capacidad-de-gasoducto-en-NL-20180722-0093.html"
Gas pipelines,Fuel [ref],M73,73,P0215,,"https://www.ogj.com/general-interest/companies/article/17255333/kinder-morgans-miermonterrey-pipeline-in-operation, https://www.kindermorgan.com/Operations/Natural-Gas/Index#tabs-intrastate"
Gas pipelines,Start [ref],AL73,73,P0215,,"https://www.ogj.com/general-interest/companies/article/17255333/kinder-morgans-miermonterrey-pipeline-in-operation, https://web.archive.org/web/20240414111241/https://www.napipelines.com/kinder-morgan-to-expand-mier-monterrey-pipeline/"
Gas pipelines,Location [ref],CF73,73,P0215,,"https://www.kindermorgan.com/Operations/Natural-Gas/Index#tabs-intrastate, https://web.archive.org/web/20240414111241/https://www.napipelines.com/kinder-morgan-to-expand-mier-monterrey-pipeline/"
Gas pipelines,Status [ref],I77,77,P0220,https://www.rigzone.com/news/mountain_valley_gas_pipeline_starts_operation-20-jun-2024-177154-article/,"https://www.rigzone.com/news/mountain_valley_gas_pipeline_starts_operation-20-jun-2024-177154-article/, https://www.eia.gov/todayinenergy/detail.php?id=62323, https://www.sec.gov/Archives/edgar/data/33213/000003321326000018/eqt-20251231.htm"
Gas pipelines,Fuel [ref],M77,77,P0220,https://www.eia.gov/naturalgas/data.php#pipelines,"https://www.eia.gov/naturalgas/data.php#pipelines, https://www.ferc.gov/sites/default/files/2020-08/CP16-10.pdf, https://www.sec.gov/Archives/edgar/data/33213/000003321326000018/eqt-20251231.htm"
Gas pipelines,PipelineType [ref],O77,77,P0220,https://www.eia.gov/naturalgas/data.php#pipelines,"https://www.eia.gov/naturalgas/data.php#pipelines, https://www.ferc.gov/sites/default/files/2020-08/CP16-10.pdf, https://www.sec.gov/Archives/edgar/data/33213/000003321326000018/eqt-20251231.htm"
Gas pipelines,Proposal [ref],AB77,77,P0220,,"https://www.ferc.gov/sites/default/files/2020-08/CP16-10.pdf, https://cardinalnews.org/2024/04/30/mountain-valley-pipeline-final-cost-revised-up-to-7-85-billion/"
Gas pipelines,Construction [ref],AE77,77,P0220,,"https://www.rigzone.com/news/mountain_valley_gas_pipeline_starts_operation-20-jun-2024-177154-article/, https://www.vpm.org/news/2024-12-03/mountain-valley-pipelines-cost-10-billion/"
Gas pipelines,Start [ref],AL77,77,P0220,https://www.rigzone.com/news/mountain_valley_gas_pipeline_starts_operation-20-jun-2024-177154-article/ ,"https://www.rigzone.com/news/mountain_valley_gas_pipeline_starts_operation-20-jun-2024-177154-article/, https://www.eia.gov/todayinenergy/detail.php?id=62323, https://www.eia.gov/naturalgas/pipelines/EIA-NaturalGasPipelineProjectsAug2026.xlsx"
Gas pipelines,Delay [ref],AO77,77,P0220,,"https://cardinalnews.org/2024/04/30/mountain-valley-pipeline-final-cost-revised-up-to-7-85-billion/, https://www.rigzone.com/news/mountain_valley_gas_pipeline_starts_operation-20-jun-2024-177154-article/, https://www.vpm.org/news/2024-12-03/mountain-valley-pipelines-cost-10-billion/"
Gas pipelines,Capacity [ref],AZ77,77,P0220,,"https://www.ferc.gov/sites/default/files/2020-08/CP16-10.pdf, https://www.eia.gov/todayinenergy/detail.php?id=62323, https://www.sec.gov/Archives/edgar/data/33213/000003321326000018/eqt-20251231.htm"
Gas pipelines,Pressure,BA77,77,P0220,,1480.0
Gas pipelines,PressureUnits,BB77,77,P0220,,psig
Gas pipelines,Pressure [ref],BC77,77,P0220,,https://www.ferc.gov/sites/default/files/2020-08/CP16-10.pdf
Gas pipelines,Length [ref],BI77,77,P0220,https://www.eia.gov/naturalgas/data.php#pipelines,"https://www.eia.gov/naturalgas/data.php#pipelines, https://www.ferc.gov/sites/default/files/2020-08/CP16-10.pdf, https://www.eia.gov/todayinenergy/detail.php?id=62323, https://www.sec.gov/Archives/edgar/data/33213/000003321326000018/eqt-20251231.htm, https://www.eia.gov/naturalgas/pipelines/EIA-NaturalGasPipelineProjectsAug2026.xlsx"
Gas pipelines,Diameter [ref],BO77,77,P0220,https://www.rigzone.com/news/mountain_valley_gas_pipeline_starts_operation-20-jun-2024-177154-article/,"https://www.rigzone.com/news/mountain_valley_gas_pipeline_starts_operation-20-jun-2024-177154-article/, https://www.ferc.gov/sites/default/files/2020-08/CP16-10.pdf, https://www.sec.gov/Archives/edgar/data/33213/000003321326000018/eqt-20251231.htm"
Gas pipelines,FuelSource [ref],BR77,77,P0220,,"https://www.rigzone.com/news/mountain_valley_gas_pipeline_starts_operation-20-jun-2024-177154-article/, https://www.ferc.gov/sites/default/files/2020-08/CP16-10.pdf"
Gas pipelines,Location [ref],CF77,77,P0220,,"https://www.ferc.gov/sites/default/files/2020-08/CP16-10.pdf, https://www.eia.gov/todayinenergy/detail.php?id=62323, https://www.sec.gov/Archives/edgar/data/33213/000003321326000018/eqt-20251231.htm"
Gas pipelines,Status [ref],I84,84,P0230,https://www.williams.com/pipeline/northwest-pipeline/,"https://www.williams.com/pipeline/northwest-pipeline/, https://www.eia.gov/naturalgas/pipelines/EIA-NaturalGasPipelineProjectsAug2026.xlsx"
Gas pipelines,Fuel [ref],M84,84,P0230,https://www.williams.com/pipeline/northwest-pipeline/,"https://www.williams.com/pipeline/northwest-pipeline/, https://www.sec.gov/Archives/edgar/data/99250/000010726326000006/wmb-20251231.htm, https://rextag.com/pages/northwest-pipeline?srsltid=AfmBOoocqYCYH-GTN35CdUx3Cod1eDFRxZtnQw6nC57500iLfiLQzW9G"
Gas pipelines,PipelineType [ref],O84,84,P0230,https://www.williams.com/pipeline/northwest-pipeline/,"https://www.williams.com/pipeline/northwest-pipeline/, https://www.sec.gov/Archives/edgar/data/99250/000010726326000006/wmb-20251231.htm"
Gas pipelines,Capacity [ref],AZ84,84,P0230,https://www.williams.com/pipeline/northwest-pipeline/,"https://www.williams.com/pipeline/northwest-pipeline/, https://rextag.com/pages/northwest-pipeline?srsltid=AfmBOoocqYCYH-GTN35CdUx3Cod1eDFRxZtnQw6nC57500iLfiLQzW9G"
Gas pipelines,Length [ref],BI84,84,P0230,https://www.williams.com/pipeline/northwest-pipeline/,"https://www.williams.com/pipeline/northwest-pipeline/, https://rextag.com/pages/northwest-pipeline?srsltid=AfmBOoocqYCYH-GTN35CdUx3Cod1eDFRxZtnQw6nC57500iLfiLQzW9G"
Gas pipelines,Location [ref],CF84,84,P0230,https://rextag.com/pages/northwest-pipeline?srsltid=AfmBOoocqYCYH-GTN35CdUx3Cod1eDFRxZtnQw6nC57500iLfiLQzW9G,"https://rextag.com/pages/northwest-pipeline?srsltid=AfmBOoocqYCYH-GTN35CdUx3Cod1eDFRxZtnQw6nC57500iLfiLQzW9G, https://www.sec.gov/Archives/edgar/data/99250/000010726326000006/wmb-20251231.htm"
Gas pipelines,Status [ref],I91,91,P0237,https://www.eia.gov/naturalgas/data.php#pipelines,"https://www.eia.gov/naturalgas/data.php#pipelines, https://www.eia.gov/naturalgas/pipelines/EIA-NaturalGasPipelineProjectsAug2026.xlsx, https://www.opb.org/article/2021/12/01/jordan-cove-pipeline-terminal-project-abandoned-by-developers, https://web.archive.org/web/20250311092045/https://www.oregonlive.com/environment/2025/02/proponents-seek-to-revive-jordan-cove-lng-terminal-pipeline.html"
Gas pipelines,Fuel [ref],M91,91,P0237,https://www.eia.gov/naturalgas/data.php#pipelines,"https://www.eia.gov/naturalgas/data.php#pipelines, https://web.archive.org/web/20161228141909/https://ferc.gov/CalendarFiles/20160311154932-CP13-483-000.pdf, https://www.eia.gov/naturalgas/pipelines/EIA-NaturalGasPipelineProjectsAug2026.xlsx"
Gas pipelines,PipelineType [ref],O91,91,P0237,https://www.eia.gov/naturalgas/data.php#pipelines,"https://www.eia.gov/naturalgas/data.php#pipelines, https://web.archive.org/web/20161228141909/https://ferc.gov/CalendarFiles/20160311154932-CP13-483-000.pdf"
Gas pipelines,ProposalYear,Z91,91,P0237,,2013
Gas pipelines,ProposalMonth,AA91,91,P0237,,6
Gas pipelines,Proposal [ref],AB91,91,P0237,,https://web.archive.org/web/20161228141909/https://ferc.gov/CalendarFiles/20160311154932-CP13-483-000.pdf
Gas pipelines,DelayType,AN91,91,P0237,inferred,confirmed
Gas pipelines,Delay [ref],AO91,91,P0237,https://www.eia.gov/naturalgas/data.php#pipelines,"https://web.archive.org/web/20161228141909/https://ferc.gov/CalendarFiles/20160311154932-CP13-483-000.pdf, https://www.opb.org/article/2021/12/01/jordan-cove-pipeline-terminal-project-abandoned-by-developers"
Gas pipelines,Cancelled [ref],AT91,91,P0237,https://www.eia.gov/naturalgas/data.php#pipelines,"https://www.eia.gov/naturalgas/data.php#pipelines, https://www.eia.gov/naturalgas/pipelines/EIA-NaturalGasPipelineProjectsAug2026.xlsx, https://www.opb.org/article/2021/12/01/jordan-cove-pipeline-terminal-project-abandoned-by-developers, https://web.archive.org/web/20250311092045/https://www.oregonlive.com/environment/2025/02/proponents-seek-to-revive-jordan-cove-lng-terminal-pipeline.html"
Gas pipelines,Pressure,BA91,91,P0237,,1480
Gas pipelines,PressureUnits,BB91,91,P0237,,psig
Gas pipelines,Pressure [ref],BC91,91,P0237,,https://web.archive.org/web/20161228141909/https://ferc.gov/CalendarFiles/20160311154932-CP13-483-000.pdf
Gas pipelines,Length [ref],BI91,91,P0237,https://oilandgaswatch.org/pipeline/3345,"https://oilandgaswatch.org/pipeline/3345, https://www.eia.gov/naturalgas/pipelines/EIA-NaturalGasPipelineProjectsAug2026.xlsx, https://www.opb.org/article/2021/12/01/jordan-cove-pipeline-terminal-project-abandoned-by-developers"
Gas pipelines,Diameter [ref],BO91,91,P0237,https://oilandgaswatch.org/pipeline/3345,"https://oilandgaswatch.org/pipeline/3345, https://web.archive.org/web/20161228141909/https://ferc.gov/CalendarFiles/20160311154932-CP13-483-000.pdf, https://www.eia.gov/naturalgas/pipelines/EIA-NaturalGasPipelineProjectsAug2026.xlsx"
Gas pipelines,StartPrefecture/District,BT91,91,P0237,,Klamath County
Gas pipelines,EndPrefecture/District,BZ91,91,P0237,,Coos County
Gas pipelines,Location [ref],CF91,91,P0237,,"https://web.archive.org/web/20161228141909/https://ferc.gov/CalendarFiles/20160311154932-CP13-483-000.pdf, https://www.opb.org/article/2021/12/01/jordan-cove-pipeline-terminal-project-abandoned-by-developers"
Gas pipelines,SegmentCost,CJ91,91,P0237,,1740000000.0
Gas pipelines,SegmentCostUnits,CK91,91,P0237,,USD
Gas pipelines,SegmentCostYear,CL91,91,P0237,,2013
Gas pipelines,SegmentCost [ref],CM91,91,P0237,,"https://web.archive.org/web/20161228141909/https://ferc.gov/CalendarFiles/20160311154932-CP13-483-000.pdf, https://www.eia.gov/naturalgas/pipelines/EIA-NaturalGasPipelineProjectsAug2026.xlsx"
Gas pipelines,Start [ref],AL99,99,P0245,,https://www.eia.gov/naturalgas/pipelines/EIA-NaturalGasPipelineProjects_Jan2026.xlsx
Gas pipelines,Capacity [ref],AZ99,99,P0245,https://www.eia.gov/naturalgas/data.php#pipelines,"https://www.eia.gov/naturalgas/data.php#pipelines, https://www.eia.gov/naturalgas/pipelines/EIA-NaturalGasPipelineProjects_Jan2026.xlsx"
Gas pipelines,Length [ref],BI99,99,P0245,https://www.eia.gov/naturalgas/data.php#pipelines,"https://www.eia.gov/naturalgas/data.php#pipelines, https://www.eia.gov/naturalgas/pipelines/EIA-NaturalGasPipelineProjects_Jan2026.xlsx"
Gas pipelines,Location [ref],CF99,99,P0245,https://www.enbridge.com/projects-and-infrastructure/projects/rio-bravo-pipeline-project,"https://www.enbridge.com/projects-and-infrastructure/projects/rio-bravo-pipeline-project, https://www.eia.gov/naturalgas/pipelines/EIA-NaturalGasPipelineProjects_Jan2026.xlsx"
Gas pipelines,SegmentCost [ref],CM99,99,P0245,https://www.federalregister.gov/documents/2016/05/26/2016-12414/rio-grande-lng-llc-rio-bravo-pipeline-company-llc-notice-of-application,"https://www.federalregister.gov/documents/2016/05/26/2016-12414/rio-grande-lng-llc-rio-bravo-pipeline-company-llc-notice-of-application, https://www.eia.gov/naturalgas/pipelines/EIA-NaturalGasPipelineProjects_Jan2026.xlsx"
Gas pipelines,Status [ref],I102,102,P0249,,"https://www.eia.gov/todayinenergy/detail.php?id=31972, http://web.archive.org/web/20260829112132/https://www.phmsa.dot.gov/sites/phmsa.dot.gov/files/2023-10/2021-0052-Sabal-Trail-Class-1-3-FL-LOD.pdf"
Gas pipelines,Fuel [ref],M102,102,P0249,,"https://www.offshore-technology.com/projects/sabal-trail-transmission-project/, https://www.eia.gov/todayinenergy/detail.php?id=31972"
Gas pipelines,PipelineType [ref],O102,102,P0249,,"https://www.offshore-technology.com/projects/sabal-trail-transmission-project/, https://www.federalregister.gov/documents/2014/02/26/2014-04046/sabal-trail-transmission-llc-florida-southeast-connection-llc-transcontinental-gas-pipe-line-company"
Gas pipelines,ConstructionYear,AC102,102,P0249,,2016
Gas pipelines,ConstructionMonth,AD102,102,P0249,,9
Gas pipelines,Construction [ref],AE102,102,P0249,,"https://en.wikipedia.org/wiki/Sabal_Trail_Transmission_Pipeline, https://www.offshore-technology.com/projects/sabal-trail-transmission-project/"
Gas pipelines,Start [ref],AL102,102,P0249,,"https://www.eia.gov/todayinenergy/detail.php?id=31972, https://www.argusmedia.com/en/news-and-insights/latest-market-news/1478397-sabal-trail-gas-pipeline-to-start-service-tomorrow"
Gas pipelines,Length [ref],BI102,102,P0249,,"https://www.offshore-technology.com/projects/sabal-trail-transmission-project/, https://www.wctv.tv/content/news/32B-Sabal-Trail-pipeline-on-target-for-June-operation-414327613.html, https://www.enbridge.com/~/media/Enb/Documents/Factsheets/FS_EnergyInfrastructureAssets.pdf?la=en"
Gas pipelines,Diameter [ref],BO102,102,P0249,,"https://www.offshore-technology.com/projects/sabal-trail-transmission-project/, https://www.enbridge.com/~/media/Enb/Documents/Factsheets/FS_EnergyInfrastructureAssets.pdf?la=en"
Gas pipelines,Location [ref],CF102,102,P0249,,"https://www.offshore-technology.com/projects/sabal-trail-transmission-project/, http://web.archive.org/web/20260829112132/https://www.phmsa.dot.gov/sites/phmsa.dot.gov/files/2023-10/2021-0052-Sabal-Trail-Class-1-3-FL-LOD.pdf"
Gas pipelines,SegmentCost [ref],CM102,102,P0249,,"https://www.wctv.tv/content/news/32B-Sabal-Trail-pipeline-on-target-for-June-operation-414327613.html, https://news.duke-energy.com/releases/duke-energy-buys-7-5-of-previously-announced-sabal-trail-pipeline-that-will-meet-growing-need-for-natural-gas-in-southeast-u-s"
Gas pipelines,Status [ref],I124,124,P0271,https://www.eia.gov/naturalgas/data.php#pipelines,"https://www.eia.gov/naturalgas/data.php#pipelines, https://en.wikipedia.org/wiki/Transcontinental_Pipeline, https://www.williams.com/2021/05/06/critical-energy-infrastructure-to-power-americas-clean-energy-future/, https://marcellusdrilling.com/2025/12/transco-pipeline-turns-75-years-old-flows-16-of-u-s-natgas/"
Gas pipelines,Fuel [ref],M124,124,P0271,https://www.eia.gov/naturalgas/data.php#pipelines,"https://www.eia.gov/naturalgas/data.php#pipelines, https://en.wikipedia.org/wiki/Transcontinental_Pipeline, https://www.williams.com/2021/05/06/critical-energy-infrastructure-to-power-americas-clean-energy-future/"
Gas pipelines,PipelineType [ref],O124,124,P0271,https://www.eia.gov/naturalgas/data.php#pipelines,"https://www.eia.gov/naturalgas/data.php#pipelines, https://www.williams.com/2021/05/06/critical-energy-infrastructure-to-power-americas-clean-energy-future/, https://en.wikipedia.org/wiki/Transcontinental_Pipeline"
Gas pipelines,Start [ref],AL124,124,P0271,https://www.eia.gov/naturalgas/data.php#pipelines,"https://www.eia.gov/naturalgas/data.php#pipelines, https://en.wikipedia.org/wiki/Transcontinental_Pipeline"
Gas pipelines,Location [ref],CF124,124,P0271,,"https://www.williams.com/2021/05/06/critical-energy-infrastructure-to-power-americas-clean-energy-future/, https://rextag.com/pipeline/transcontinental-gas-pipeline"
Gas pipelines,Status [ref],I130,130,P0277,https://www.enbridge.com/~/media/Enb/Documents/Factsheets/FS_EnergyInfrastructureAssets.pdf?la=en,"https://www.enbridge.com/~/media/Enb/Documents/Factsheets/FS_EnergyInfrastructureAssets.pdf?la=en, https://en.wikipedia.org/wiki/Vector_Pipeline, https://www.offshore-technology.com/marketdata/vector-gas-pipeline-the"
Gas pipelines,Fuel [ref],M130,130,P0277,https://www.enbridge.com/~/media/Enb/Documents/Factsheets/FS_EnergyInfrastructureAssets.pdf?la=en,"https://www.enbridge.com/~/media/Enb/Documents/Factsheets/FS_EnergyInfrastructureAssets.pdf?la=en, https://en.wikipedia.org/wiki/Vector_Pipeline"
Gas pipelines,PipelineType [ref],O130,130,P0277,https://www.enbridge.com/~/media/Enb/Documents/Factsheets/FS_EnergyInfrastructureAssets.pdf?la=en,"https://www.enbridge.com/~/media/Enb/Documents/Factsheets/FS_EnergyInfrastructureAssets.pdf?la=en, https://en.wikipedia.org/wiki/Vector_Pipeline"
Gas pipelines,Proposal [ref],AB130,130,P0277,https://www.enbridge.com/~/media/Enb/Documents/Factsheets/FS_EnergyInfrastructureAssets.pdf?la=en,"https://www.enbridge.com/~/media/Enb/Documents/Factsheets/FS_EnergyInfrastructureAssets.pdf?la=en, https://en.wikipedia.org/wiki/Vector_Pipeline"
Gas pipelines,ConstructionYear,AC130,130,P0277,,1998
Gas pipelines,Construction [ref],AE130,130,P0277,,https://en.wikipedia.org/wiki/Vector_Pipeline
Gas pipelines,Start [ref],AL130,130,P0277,https://www.enbridge.com/~/media/Enb/Documents/Factsheets/FS_EnergyInfrastructureAssets.pdf?la=en,"https://www.enbridge.com/~/media/Enb/Documents/Factsheets/FS_EnergyInfrastructureAssets.pdf?la=en, https://en.wikipedia.org/wiki/Vector_Pipeline"
Gas pipelines,Capacity [ref],AZ130,130,P0277,https://www.enbridge.com/~/media/Enb/Documents/Factsheets/FS_EnergyInfrastructureAssets.pdf?la=en,"https://www.enbridge.com/~/media/Enb/Documents/Factsheets/FS_EnergyInfrastructureAssets.pdf?la=en, https://en.wikipedia.org/wiki/Vector_Pipeline"
Gas pipelines,Length [ref],BI130,130,P0277,https://www.enbridge.com/~/media/Enb/Documents/Factsheets/FS_EnergyInfrastructureAssets.pdf?la=en,"https://www.enbridge.com/~/media/Enb/Documents/Factsheets/FS_EnergyInfrastructureAssets.pdf?la=en, https://en.wikipedia.org/wiki/Vector_Pipeline"
Gas pipelines,Diameter [ref],BO130,130,P0277,https://www.enbridge.com/~/media/Enb/Documents/Factsheets/FS_EnergyInfrastructureAssets.pdf?la=en,"https://www.enbridge.com/~/media/Enb/Documents/Factsheets/FS_EnergyInfrastructureAssets.pdf?la=en, https://en.wikipedia.org/wiki/Vector_Pipeline"
Gas pipelines,EndLocation,BY130,130,P0277,Dawn,Ontario
Gas pipelines,EndState/Province,CA130,130,P0277,Ontario,Michigan
Gas pipelines,EndCountryOrArea,CB130,130,P0277,Canada,United States
Gas pipelines,Location [ref],CF130,130,P0277,https://www.enbridge.com/~/media/Enb/Documents/Factsheets/FS_EnergyInfrastructureAssets.pdf?la=en,https://en.wikipedia.org/wiki/Vector_Pipeline
Gas pipelines,SegmentCost [ref],CM130,130,P0277,https://www.eia.gov/naturalgas/data.php,"https://www.eia.gov/naturalgas/data.php, https://en.wikipedia.org/wiki/Vector_Pipeline"
Gas pipelines,Status [ref],I138,138,P0285,,https://www.eia.gov/naturalgas/pipelines/EIA-NaturalGasPipelineProjectsAug2026.xlsx
Gas pipelines,Fuel [ref],M138,138,P0285,https://www.oilandgas360.com/tellurian-announces-binding-open-seasons-for-the-haynesville-global-access-pipeline-and-the-delhi-connector-pipeline/,"https://www.oilandgas360.com/tellurian-announces-binding-open-seasons-for-the-haynesville-global-access-pipeline-and-the-delhi-connector-pipeline/, https://web.archive.org/web/20230204064910/https://rbnenergy.com/node/16996"
Gas pipelines,ProposalMonth,AA138,138,P0285,,2
Gas pipelines,Proposal [ref],AB138,138,P0285,https://www.eia.gov/naturalgas/data.php#pipelines,"https://www.eia.gov/naturalgas/data.php#pipelines, https://pgjonline.com/news/2018/02/open-season-begins-for-haynesville-global-access-pipeline, https://www.eia.gov/naturalgas/pipelines/EIA-NaturalGasPipelineProjectsAug2026.xlsx"
Gas pipelines,ConstructionYear,AC138,138,P0285,,2022
Gas pipelines,Construction [ref],AE138,138,P0285,,https://pgjonline.com/news/2018/02/open-season-begins-for-haynesville-global-access-pipeline
Gas pipelines,Start [ref],AL138,138,P0285,https://www.oilandgas360.com/tellurian-announces-binding-open-seasons-for-the-haynesville-global-access-pipeline-and-the-delhi-connector-pipeline/,"https://www.oilandgas360.com/tellurian-announces-binding-open-seasons-for-the-haynesville-global-access-pipeline-and-the-delhi-connector-pipeline/, https://pgjonline.com/news/2018/02/open-season-begins-for-haynesville-global-access-pipeline"
Gas pipelines,Delay [ref],AO138,138,P0285,https://www.eia.gov/naturalgas/data.php#pipelines,"https://www.eia.gov/naturalgas/data.php#pipelines, https://www.naturalgasintel.com/news/tellurian-cuts-driftwood-lng-costs-defers-haynesville-supply-pipeline/, https://web.archive.org/web/20201227012659/https://www.spglobal.com/platts/en/market-insights/latest-news/natural-gas/081220-tellurian-drops-three-gas-pipelines-from-first-phase-of-us-lng-export-project"
Gas pipelines,Shelved [ref],AR138,138,P0285,https://www.eia.gov/naturalgas/data.php#pipelines,"https://www.eia.gov/naturalgas/data.php#pipelines, https://www.naturalgasintel.com/news/tellurian-cuts-driftwood-lng-costs-defers-haynesville-supply-pipeline/, https://web.archive.org/web/20201227012659/https://www.spglobal.com/platts/en/market-insights/latest-news/natural-gas/081220-tellurian-drops-three-gas-pipelines-from-first-phase-of-us-lng-export-project"
Gas pipelines,Capacity [ref],AZ138,138,P0285,https://www.eia.gov/naturalgas/data.php#pipelines,"https://www.eia.gov/naturalgas/data.php#pipelines, https://pgjonline.com/news/2018/02/open-season-begins-for-haynesville-global-access-pipeline, https://www.eia.gov/naturalgas/pipelines/EIA-NaturalGasPipelineProjectsAug2026.xlsx"
Gas pipelines,Diameter [ref],BO138,138,P0285,https://web.archive.org/web/20240521195848/http://haynesvilleglobal.com/,"https://web.archive.org/web/20240521195848/http://haynesvilleglobal.com/, https://pgjonline.com/news/2018/02/open-season-begins-for-haynesville-global-access-pipeline, https://d1io3yog0oux5.cloudfront.net/_f62a5de29d8bfeb602c7d4f1649fb0c3/tellurianinc/db/284/2085/pdf/Corporate+presentation_Tellurian_January+2020_vFINAL.pdf"
Gas pipelines,FuelSource [ref],BR138,138,P0285,,https://pgjonline.com/news/2018/02/open-season-begins-for-haynesville-global-access-pipeline
Gas pipelines,Location [ref],CF138,138,P0285,,"https://pgjonline.com/news/2018/02/open-season-begins-for-haynesville-global-access-pipeline, https://www.eia.gov/naturalgas/pipelines/EIA-NaturalGasPipelineProjectsAug2026.xlsx"
Gas pipelines,SegmentCost [ref],CM138,138,P0285,https://d1io3yog0oux5.cloudfront.net/_f62a5de29d8bfeb602c7d4f1649fb0c3/tellurianinc/db/284/2085/pdf/Corporate+presentation_Tellurian_January+2020_vFINAL.pdf,"https://d1io3yog0oux5.cloudfront.net/_f62a5de29d8bfeb602c7d4f1649fb0c3/tellurianinc/db/284/2085/pdf/Corporate+presentation_Tellurian_January+2020_vFINAL.pdf, https://pgjonline.com/news/2018/02/open-season-begins-for-haynesville-global-access-pipeline"
Gas pipelines,Status [ref],I139,139,P0286,https://www.eia.gov/naturalgas/data.php,"https://www.eia.gov/naturalgas/data.php, https://www.eia.gov/naturalgas/pipelines/EIA-NaturalGasPipelineProjectsAug2026.xlsx"
Gas pipelines,Fuel [ref],M139,139,P0286,https://www.eia.gov/naturalgas/data.php,"https://www.eia.gov/naturalgas/data.php, https://www.eia.gov/naturalgas/pipelines/EIA-NaturalGasPipelineProjectsAug2026.xlsx"
Gas pipelines,PipelineType [ref],O139,139,P0286,https://www.eia.gov/naturalgas/data.php,"https://www.eia.gov/naturalgas/data.php, https://www.eia.gov/naturalgas/pipelines/EIA-NaturalGasPipelineProjectsAug2026.xlsx"
Gas pipelines,StartMonth1,AG139,139,P0286,3,2016
Gas pipelines,StartYear2,AH139,139,P0286,,2016
Gas pipelines,StartYear2Month,AI139,139,P0286,,2016
Gas pipelines,StartYear3,AJ139,139,P0286,,2016
Gas pipelines,StartYear3Month,AK139,139,P0286,,2016
Gas pipelines,Start [ref],AL139,139,P0286,https://www.eia.gov/naturalgas/data.php#pipelines,https://www.eia.gov/naturalgas/pipelines/EIA-NaturalGasPipelineProjectsAug2026.xlsx
Gas pipelines,Capacity [ref],AZ139,139,P0286,https://www.eia.gov/naturalgas/data.php,"https://www.eia.gov/naturalgas/data.php, https://www.eia.gov/naturalgas/pipelines/EIA-NaturalGasPipelineProjectsAug2026.xlsx"
Gas pipelines,DiameterUnits,BN139,139,P0286,in,30.0
Gas pipelines,Diameter [ref],BO139,139,P0286,https://www.eia.gov/naturalgas/data.php#pipelines,https://www.eia.gov/naturalgas/pipelines/EIA-NaturalGasPipelineProjectsAug2026.xlsx
Gas pipelines,FuelSource [ref],BR139,139,P0286,https://www.eia.gov/naturalgas/data.php#pipelines,"https://www.eia.gov/naturalgas/data.php#pipelines, https://www.eia.gov/naturalgas/pipelines/EIA-NaturalGasPipelineProjectsAug2026.xlsx"
Gas pipelines,StartState/Province,BU139,139,P0286,Texas,Waha->Texas
Gas pipelines,EndLocation,BY139,139,P0286,San Elizario,Waha->Texas
Gas pipelines,Location [ref],CF139,139,P0286,https://www.eia.gov/naturalgas/data.php#pipelines,https://www.eia.gov/naturalgas/pipelines/EIA-NaturalGasPipelineProjectsAug2026.xlsx
Gas pipelines,Fuel [ref],M140,140,P0287,https://www.eia.gov/naturalgas/data.php#pipelines,"https://www.eia.gov/naturalgas/data.php#pipelines, https://pipeline2.kindermorgan.com/Documents/NGPL/GCEP_Phase_3_Non_Binding_Open_Season_04_25_18-20180426092105.pdf"
Gas pipelines,PipelineType [ref],O140,140,P0287,https://www.eia.gov/naturalgas/data.php#pipelines,"https://www.eia.gov/naturalgas/data.php#pipelines, https://www.eia.gov/naturalgas/pipelines/EIA-NaturalGasPipelineProjects_Jan2026.xlsx"
Gas pipelines,Start [ref],AL140,140,P0287,https://www.eia.gov/naturalgas/data.php#pipelines,"https://www.eia.gov/naturalgas/data.php#pipelines, https://www.eia.gov/naturalgas/pipelines/EIA-NaturalGasPipelineProjects_Jan2026.xlsx"
Gas pipelines,Delay [ref],AO140,140,P0287,https://www.eia.gov/naturalgas/data.php#pipelines,"https://www.eia.gov/naturalgas/data.php#pipelines, https://www.eia.gov/naturalgas/pipelines/EIA-NaturalGasPipelineProjects_May2026.xlsx"
Gas pipelines,Capacity [ref],AZ140,140,P0287,https://www.eia.gov/naturalgas/data.php#pipelines,"https://www.eia.gov/naturalgas/data.php#pipelines, https://www.eia.gov/naturalgas/pipelines/EIA-NaturalGasPipelineProjects_Jan2026.xlsx, https://pipeline2.kindermorgan.com/Documents/NGPL/GCEP_Phase_3_Non_Binding_Open_Season_04_25_18-20180426092105.pdf"
Gas pipelines,Length [ref],BI140,140,P0287,https://www.eia.gov/naturalgas/data.php#pipelines,"https://www.eia.gov/naturalgas/data.php#pipelines, https://www.eia.gov/naturalgas/pipelines/EIA-NaturalGasPipelineProjects_Jan2026.xlsx, https://pipeline2.kindermorgan.com/Documents/NGPL/GCEP_Phase_3_Non_Binding_Open_Season_04_25_18-20180426092105.pdf"
Gas pipelines,SegmentCost [ref],CM140,140,P0287,https://www.eia.gov/naturalgas/data.php#pipelines,"https://www.eia.gov/naturalgas/data.php#pipelines, https://www.eia.gov/naturalgas/pipelines/EIA-NaturalGasPipelineProjects_Jan2026.xlsx"
Gas pipelines,Fuel [ref],M142,142,P0289,https://www.eia.gov/naturalgas/data.php#pipelines,"https://www.eia.gov/naturalgas/data.php#pipelines, https://web.archive.org/web/20170417192655/https://www.reuters.com/article/us-namerico-partners-pipeline-idUSKBN1750CW/"
Gas pipelines,PipelineType [ref],O142,142,P0289,https://www.eia.gov/naturalgas/data.php#pipelines,"https://www.eia.gov/naturalgas/data.php#pipelines, https://www.eia.gov/naturalgas/pipelines/EIA-NaturalGasPipelineProjectsAug2026.xlsx"
Gas pipelines,Proposal [ref],AB142,142,P0289,https://www.reuters.com/article/us-namerico-partners-pipeline-idUSKBN1750CW/,"https://www.reuters.com/article/us-namerico-partners-pipeline-idUSKBN1750CW/, https://web.archive.org/web/20170417192655/https://www.reuters.com/article/us-namerico-partners-pipeline-idUSKBN1750CW/"
Gas pipelines,Start [ref],AL142,142,P0289,https://www.reuters.com/article/us-namerico-partners-pipeline-idUSKBN1750CW/,"https://www.reuters.com/article/us-namerico-partners-pipeline-idUSKBN1750CW/, https://web.archive.org/web/20170417192655/https://www.reuters.com/article/us-namerico-partners-pipeline-idUSKBN1750CW/"
Gas pipelines,Capacity [ref],AZ142,142,P0289,https://www.eia.gov/naturalgas/data.php#pipelines,"https://www.eia.gov/naturalgas/data.php#pipelines, https://web.archive.org/web/20170417192655/https://www.reuters.com/article/us-namerico-partners-pipeline-idUSKBN1750CW/, https://www.eia.gov/naturalgas/pipelines/EIA-NaturalGasPipelineProjectsAug2026.xlsx"
Gas pipelines,Length [ref],BI142,142,P0289,https://www.eia.gov/naturalgas/data.php#pipelines,"https://www.eia.gov/naturalgas/data.php#pipelines, https://web.archive.org/web/20170417192655/https://www.reuters.com/article/us-namerico-partners-pipeline-idUSKBN1750CW/, https://www.eia.gov/naturalgas/pipelines/EIA-NaturalGasPipelineProjectsAug2026.xlsx"
Gas pipelines,Diameter,BM142,142,P0289,,42
Gas pipelines,DiameterUnits,BN142,142,P0289,,in
Gas pipelines,Diameter [ref],BO142,142,P0289,,https://www.eia.gov/naturalgas/pipelines/EIA-NaturalGasPipelineProjectsAug2026.xlsx
Gas pipelines,FuelSource [ref],BR142,142,P0289,https://www.eia.gov/naturalgas/data.php#pipelines,"https://www.eia.gov/naturalgas/data.php#pipelines, https://web.archive.org/web/20170417192655/https://www.reuters.com/article/us-namerico-partners-pipeline-idUSKBN1750CW/"
Gas pipelines,Location [ref],CF142,142,P0289,https://www.eia.gov/naturalgas/data.php#pipelines,"https://www.eia.gov/naturalgas/data.php#pipelines, https://web.archive.org/web/20170417192655/https://www.reuters.com/article/us-namerico-partners-pipeline-idUSKBN1750CW/"
Gas pipelines,Fuel [ref],M148,148,P0296,,"https://www.farmprogress.com/technology/190-mile-natural-gas-pipeline-planned-for-rural-delmarva, https://www.cecildaily.com/news/local_news/eastern-shore-pipeline-could-start-in-rising-sun/article_f309b8e8-23fe-5e4f-9042-805773aa6877.html, https://www.wboc.com/archive/pipeline-power-plant-in-the-works-of-bringing-natural-gas-to-eastern-shore/article_a56303ce-5d5a-5291-ba9d-04c1c6bce03f.html"
Gas pipelines,Delay [ref],AO148,148,P0296,,"https://www.farmprogress.com/technology/190-mile-natural-gas-pipeline-planned-for-rural-delmarva, https://www.bayjournal.com/news/energy/pipeline-proposals-to-test-delmarva-s-appetite-for-natural-gas/article_2ca3191f-3467-593b-80b3-cdcf96cd709c.html"
Gas pipelines,Location [ref],CF148,148,P0296,,"https://s3.amazonaws.com/pgj-wp-media/wp-content/uploads/2018/10/PN1018-Planned-Projects.pdf, https://www.farmprogress.com/technology/190-mile-natural-gas-pipeline-planned-for-rural-delmarva, https://www.cecildaily.com/news/local_news/eastern-shore-pipeline-could-start-in-rising-sun/article_f309b8e8-23fe-5e4f-9042-805773aa6877.html, https://www.bayjournal.com/news/energy/pipeline-proposals-to-test-delmarva-s-appetite-for-natural-gas/article_2ca3191f-3467-593b-80b3-cdcf96cd709c.html"
Gas pipelines,SegmentCost [ref],CM148,148,P0296,https://www.farmprogress.com/technology/190-mile-natural-gas-pipeline-planned-for-rural-delmarva ,"https://www.farmprogress.com/technology/190-mile-natural-gas-pipeline-planned-for-rural-delmarva, https://s3.amazonaws.com/pgj-wp-media/wp-content/uploads/2018/10/PN1018-Planned-Projects.pdf, https://www.bayjournal.com/news/energy/pipeline-proposals-to-test-delmarva-s-appetite-for-natural-gas/article_2ca3191f-3467-593b-80b3-cdcf96cd709c.html"
Gas pipelines,Fuel [ref],M151,151,P0300,https://web.archive.org/web/20180828195601/http://fairbankspipelinecompany.com/technical.html,"https://web.archive.org/web/20180828195601/http://fairbankspipelinecompany.com/technical.html, https://web.archive.org/web/20181223031624/http://www.fairbankspipelinecompany.com/"
Gas pipelines,PipelineType [ref],O151,151,P0300,https://web.archive.org/web/20180828195601/http://fairbankspipelinecompany.com/technical.html,"https://web.archive.org/web/20180828195601/http://fairbankspipelinecompany.com/technical.html, https://web.archive.org/web/20181223031624/http://www.fairbankspipelinecompany.com/"
Gas pipelines,Capacity [ref],AZ151,151,P0300,https://web.archive.org/web/20180828195601/http://fairbankspipelinecompany.com/technical.html,"https://web.archive.org/web/20180828195601/http://fairbankspipelinecompany.com/technical.html, https://web.archive.org/web/20181223031624/http://www.fairbankspipelinecompany.com/"
Gas pipelines,FuelSource [ref],BR151,151,P0300,https://web.archive.org/web/20180828195601/http://fairbankspipelinecompany.com/technical.html,"https://web.archive.org/web/20180828195601/http://fairbankspipelinecompany.com/technical.html, https://web.archive.org/web/20181223031624/http://www.fairbankspipelinecompany.com/"
Gas pipelines,Fuel [ref],M175,175,P0327,https://www.eia.gov/naturalgas/data.php#pipelines,"https://www.eia.gov/naturalgas/data.php#pipelines, https://www.eia.gov/naturalgas/pipelines/EIA-NaturalGasPipelineProjectsAug2026.xlsx"
Gas pipelines,PipelineType [ref],O175,175,P0327,https://www.eia.gov/naturalgas/data.php#pipelines,"https://www.eia.gov/naturalgas/data.php#pipelines, https://s3.amazonaws.com/pgj-wp-media/wp-content/uploads/2018/10/PN1018-Planned-Projects.pdf, https://www.eia.gov/todayinenergy/detail.php?id=41213"
Gas pipelines,Delay [ref],AO175,175,P0327,https://www.eia.gov/naturalgas/data.php#pipelines,"https://www.eia.gov/naturalgas/data.php#pipelines, https://www.eia.gov/naturalgas/pipelines/EIA-NaturalGasPipelineProjectsAug2026.xlsx"
Gas pipelines,Shelved [ref],AR175,175,P0327,https://www.eia.gov/naturalgas/data.php#pipelines,"https://www.eia.gov/naturalgas/data.php#pipelines, https://www.eia.gov/naturalgas/pipelines/EIA-NaturalGasPipelineProjectsAug2026.xlsx"
Gas pipelines,Capacity [ref],AZ175,175,P0327,https://www.eia.gov/naturalgas/data.php#pipelines,"https://www.eia.gov/naturalgas/data.php#pipelines, https://s3.amazonaws.com/pgj-wp-media/wp-content/uploads/2018/10/PN1018-Planned-Projects.pdf, https://www.eia.gov/naturalgas/pipelines/EIA-NaturalGasPipelineProjectsAug2026.xlsx"
Gas pipelines,FuelSource [ref],BR175,175,P0327,https://s3.amazonaws.com/pgj-wp-media/wp-content/uploads/2018/10/PN1018-Planned-Projects.pdf,"https://s3.amazonaws.com/pgj-wp-media/wp-content/uploads/2018/10/PN1018-Planned-Projects.pdf, https://www.eia.gov/naturalgas/pipelines/EIA-NaturalGasPipelineProjectsAug2026.xlsx"
Gas pipelines,Status [ref],I192,192,P0378,https://www.eia.gov/naturalgas/data.php#pipelines,"https://www.eia.gov/naturalgas/data.php#pipelines, https://finance.yahoo.com/news/kinder-morgans-gulf-coast-express-134401018.html"
Gas pipelines,Fuel [ref],M192,192,P0378,https://www.eia.gov/naturalgas/data.php#pipelines,"https://www.eia.gov/naturalgas/data.php#pipelines, https://finance.yahoo.com/news/kinder-morgans-gulf-coast-express-134401018.html"
Gas pipelines,PipelineType [ref],O192,192,P0378,https://www.eia.gov/naturalgas/data.php#pipelines,"https://www.eia.gov/naturalgas/data.php#pipelines, https://finance.yahoo.com/news/kinder-morgans-gulf-coast-express-134401018.html"
Gas pipelines,Construction [ref],AE192,192,P0378,https://www.kindermorgan.com/pages/business/gas_pipelines/projects/kmtp/,"https://www.kindermorgan.com/pages/business/gas_pipelines/projects/kmtp/, https://s3.amazonaws.com/pgj-wp-media/wp-content/uploads/2018/10/PN1018-Ongoing-Projects.pdf"
Gas pipelines,Capacity [ref],AZ192,192,P0378,https://www.eia.gov/naturalgas/data.php#pipelines,"https://www.eia.gov/naturalgas/data.php#pipelines, https://finance.yahoo.com/news/kinder-morgans-gulf-coast-express-134401018.html"
Gas pipelines,FuelSource [ref],BR192,192,P0378,https://www.kindermorgan.com/Operations/Projects/GCX-Expansion-Project,"https://www.kindermorgan.com/Operations/Projects/GCX-Expansion-Project, https://finance.yahoo.com/news/kinder-morgans-gulf-coast-express-134401018.html"
Gas pipelines,Location [ref],CF192,192,P0378,https://www.fractracker.org/2020/02/national-energy-petrochemical-map/,"https://www.fractracker.org/2020/02/national-energy-petrochemical-map/, https://finance.yahoo.com/news/kinder-morgans-gulf-coast-express-134401018.html"
Gas pipelines,Status [ref],I757,757,P1294,https://ir.energytransfer.com/news-releases/news-release-details/energy-transfer-announces-gulf-run-transmission-service,"https://ir.energytransfer.com/news-releases/news-release-details/energy-transfer-announces-gulf-run-transmission-service, https://web.archive.org/web/20231201162209/https://ir.energytransfer.com/news-releases/news-release-details/energy-transfer-announces-gulf-run-transmission-service, https://www.aogr.com/magazine/cover-story/new-pipeline-projects-feed-growing-gas-demand-alleviate-takeaway-constraints, https://www.eia.gov/naturalgas/pipelines/EIA-NaturalGasPipelineProjectsAug2026.xlsx"
Gas pipelines,Fuel [ref],M757,757,P1294,https://ir.energytransfer.com/news-releases/news-release-details/energy-transfer-announces-gulf-run-transmission-service,"https://ir.energytransfer.com/news-releases/news-release-details/energy-transfer-announces-gulf-run-transmission-service, https://aglaw.psu.edu/wp-content/uploads/2021/07/Order-FERC-Enable-Gulf-Run-Pipeline-June-1-2021.pdf, https://web.archive.org/web/20231201162209/https://ir.energytransfer.com/news-releases/news-release-details/energy-transfer-announces-gulf-run-transmission-service"
Gas pipelines,PipelineType [ref],O757,757,P1294,https://ir.energytransfer.com/news-releases/news-release-details/energy-transfer-announces-gulf-run-transmission-service,"https://ir.energytransfer.com/news-releases/news-release-details/energy-transfer-announces-gulf-run-transmission-service, https://aglaw.psu.edu/wp-content/uploads/2021/07/Order-FERC-Enable-Gulf-Run-Pipeline-June-1-2021.pdf, https://web.archive.org/web/20231201162209/https://ir.energytransfer.com/news-releases/news-release-details/energy-transfer-announces-gulf-run-transmission-service"
Gas pipelines,ProposalYear,Z757,757,P1294,,2018
Gas pipelines,ProposalMonth,AA757,757,P1294,,9
Gas pipelines,Proposal [ref],AB757,757,P1294,,"https://web.archive.org/web/20191215170752/https://www.businesswire.com/news/home/20180924005315/en/Enable-Midstream-Plans-New-Interstate-Natural-Gas, https://www.ogj.com/pipelines-transportation/lng/article/17296528/enable-midstream-plans-gulf-run-gas-pipeline-to-gulf-coast"
Gas pipelines,Construction [ref],AE757,757,P1294,,"https://www.sec.gov/Archives/edgar/data/1276187/000127618722000010/et12312021ex991er.htm, https://www.eia.gov/naturalgas/pipelines/EIA-NaturalGasPipelineProjects_Oct2022.xlsx"
Gas pipelines,Start [ref],AL757,757,P1294,https://ir.energytransfer.com/news-releases/news-release-details/energy-transfer-announces-gulf-run-transmission-service,"https://ir.energytransfer.com/news-releases/news-release-details/energy-transfer-announces-gulf-run-transmission-service, https://web.archive.org/web/20231201162209/https://ir.energytransfer.com/news-releases/news-release-details/energy-transfer-announces-gulf-run-transmission-service, https://energytransferfacts.com/blog/a-year-in-review-gulf-run-pipeline/, https://www.eia.gov/naturalgas/pipelines/EIA-NaturalGasPipelineProjectsAug2026.xlsx, https://www.ogj.com/pipelines-transportation/pipelines/article/14287206/energy-transfer-to-place-gulf-run-natural-gas-pipeline-in-service"
Gas pipelines,Capacity [ref],AZ757,757,P1294,https://ir.energytransfer.com/news-releases/news-release-details/energy-transfer-announces-gulf-run-transmission-service,"https://ir.energytransfer.com/news-releases/news-release-details/energy-transfer-announces-gulf-run-transmission-service, https://web.archive.org/web/20231201162209/https://ir.energytransfer.com/news-releases/news-release-details/energy-transfer-announces-gulf-run-transmission-service, https://www.aogr.com/magazine/cover-story/new-pipeline-projects-feed-growing-gas-demand-alleviate-takeaway-constraints, https://www.eia.gov/naturalgas/pipelines/EIA-NaturalGasPipelineProjectsAug2026.xlsx, https://aglaw.psu.edu/wp-content/uploads/2021/07/Order-FERC-Enable-Gulf-Run-Pipeline-June-1-2021.pdf"
Gas pipelines,Length [ref],BI757,757,P1294,https://ir.energytransfer.com/news-releases/news-release-details/energy-transfer-announces-gulf-run-transmission-service ,"https://ir.energytransfer.com/news-releases/news-release-details/energy-transfer-announces-gulf-run-transmission-service, https://web.archive.org/web/20231201162209/https://ir.energytransfer.com/news-releases/news-release-details/energy-transfer-announces-gulf-run-transmission-service, https://www.aogr.com/magazine/cover-story/new-pipeline-projects-feed-growing-gas-demand-alleviate-takeaway-constraints, https://aglaw.psu.edu/wp-content/uploads/2021/07/Order-FERC-Enable-Gulf-Run-Pipeline-June-1-2021.pdf, https://www.eia.gov/naturalgas/pipelines/EIA-NaturalGasPipelineProjectsAug2026.xlsx"
Gas pipelines,Diameter [ref],BO757,757,P1294,https://ir.energytransfer.com/news-releases/news-release-details/energy-transfer-announces-gulf-run-transmission-service,"https://ir.energytransfer.com/news-releases/news-release-details/energy-transfer-announces-gulf-run-transmission-service, https://web.archive.org/web/20231201162209/https://ir.energytransfer.com/news-releases/news-release-details/energy-transfer-announces-gulf-run-transmission-service, https://www.aogr.com/magazine/cover-story/new-pipeline-projects-feed-growing-gas-demand-alleviate-takeaway-constraints, https://aglaw.psu.edu/wp-content/uploads/2021/07/Order-FERC-Enable-Gulf-Run-Pipeline-June-1-2021.pdf, https://www.worldpipelines.com/project-news/03062021/enable-midstream-announces-ferc-approval-of-gulf-run-pipeline-project/"
Gas pipelines,FuelSource [ref],BR757,757,P1294,https://ir.energytransfer.com/news-releases/news-release-details/energy-transfer-announces-gulf-run-transmission-service,"https://ir.energytransfer.com/news-releases/news-release-details/energy-transfer-announces-gulf-run-transmission-service, https://web.archive.org/web/20231201162209/https://ir.energytransfer.com/news-releases/news-release-details/energy-transfer-announces-gulf-run-transmission-service, https://www.aogr.com/magazine/cover-story/new-pipeline-projects-feed-growing-gas-demand-alleviate-takeaway-constraints"
Gas pipelines,Location [ref],CF757,757,P1294,https://ir.energytransfer.com/news-releases/news-release-details/energy-transfer-announces-gulf-run-transmission-service,"https://ir.energytransfer.com/news-releases/news-release-details/energy-transfer-announces-gulf-run-transmission-service, https://aglaw.psu.edu/wp-content/uploads/2021/07/Order-FERC-Enable-Gulf-Run-Pipeline-June-1-2021.pdf, https://web.archive.org/web/20231201162209/https://ir.energytransfer.com/news-releases/news-release-details/energy-transfer-announces-gulf-run-transmission-service, https://www.aogr.com/magazine/cover-story/new-pipeline-projects-feed-growing-gas-demand-alleviate-takeaway-constraints"
Gas pipelines,Status [ref],I1061,1061,P2009,https://oilandgaswatch.org/pipeline/3288,"https://oilandgaswatch.org/pipeline/3288, https://pgjonline.com/news/2025/july/columbia-gas-transmission-brings-west-virginia-pipeline-expansion-online, https://www.eia.gov/naturalgas/pipelines/EIA-NaturalGasPipelineProjectsAug2026.xlsx"
Gas pipelines,Fuel [ref],M1061,1061,P2009,https://www.eia.gov/naturalgas/data.php#pipelines,"https://www.eia.gov/naturalgas/data.php#pipelines, https://www.tcenergy.com/siteassets/pdfs/natural-gas/eastern-panhandle-expansion-project/tce-easternpanhandleproject-factsheet.pdf, https://www.federalregister.gov/documents/2017/04/04/2017-06604/columbia-gas-transmission-llc-notice-of-application"
Gas pipelines,PipelineType [ref],O1061,1061,P2009,https://www.eia.gov/naturalgas/data.php#pipelines,"https://www.eia.gov/naturalgas/data.php#pipelines, https://www.federalregister.gov/documents/2017/04/04/2017-06604/columbia-gas-transmission-llc-notice-of-application, https://www.tcenergy.com/siteassets/pdfs/natural-gas/eastern-panhandle-expansion-project/tce-easternpanhandleproject-factsheet.pdf"
Gas pipelines,ProposalYear,Z1061,1061,P2009,,2017
Gas pipelines,ProposalMonth,AA1061,1061,P2009,,3
Gas pipelines,Proposal [ref],AB1061,1061,P2009,,"https://www.federalregister.gov/documents/2017/04/04/2017-06604/columbia-gas-transmission-llc-notice-of-application, https://pgjonline.com/news/2025/july/columbia-gas-transmission-brings-west-virginia-pipeline-expansion-online"
Gas pipelines,Construction [ref],AE1061,1061,P2009,https://oilandgaswatch.org/pipeline/3288,"https://oilandgaswatch.org/pipeline/3288, https://www.tcenergy.com/siteassets/pdfs/natural-gas/eastern-panhandle-expansion-project/tce-easternpanhandleproject-factsheet.pdf, https://pgjonline.com/news/2025/july/columbia-gas-transmission-brings-west-virginia-pipeline-expansion-online"
Gas pipelines,StartMonth1,AG1061,1061,P2009,,6
Gas pipelines,Start [ref],AL1061,1061,P2009,,"https://pgjonline.com/news/2025/july/columbia-gas-transmission-brings-west-virginia-pipeline-expansion-online, https://pgjonline.com/news/2025/november/costs-for-tc-energy-s-eastern-panhandle-expansion-double-after-drilling-legal-delays, https://www.eia.gov/naturalgas/pipelines/EIA-NaturalGasPipelineProjectsAug2026.xlsx"
Gas pipelines,Delay [ref],AO1061,1061,P2009,https://oilandgaswatch.org/pipeline/3288,"https://oilandgaswatch.org/pipeline/3288, https://www.tcenergy.com/siteassets/pdfs/natural-gas/eastern-panhandle-expansion-project/tce-easternpanhandleproject-factsheet.pdf, https://pgjonline.com/news/2025/november/costs-for-tc-energy-s-eastern-panhandle-expansion-double-after-drilling-legal-delays"
Gas pipelines,Length [ref],BI1061,1061,P2009,https://www.tcenergy.com/siteassets/pdfs/natural-gas/eastern-panhandle-expansion-project/tce-easternpanhandleproject-factsheet.pdf,"https://www.tcenergy.com/siteassets/pdfs/natural-gas/eastern-panhandle-expansion-project/tce-easternpanhandleproject-factsheet.pdf, https://www.federalregister.gov/documents/2017/04/04/2017-06604/columbia-gas-transmission-llc-notice-of-application"
Gas pipelines,Diameter [ref],BO1061,1061,P2009,https://www.tcenergy.com/siteassets/pdfs/natural-gas/eastern-panhandle-expansion-project/tce-easternpanhandleproject-factsheet.pdf,"https://www.tcenergy.com/siteassets/pdfs/natural-gas/eastern-panhandle-expansion-project/tce-easternpanhandleproject-factsheet.pdf, https://www.federalregister.gov/documents/2017/04/04/2017-06604/columbia-gas-transmission-llc-notice-of-application"
Gas pipelines,Location [ref],CF1061,1061,P2009,,"https://www.federalregister.gov/documents/2017/04/04/2017-06604/columbia-gas-transmission-llc-notice-of-application, https://www.tcenergy.com/siteassets/pdfs/natural-gas/eastern-panhandle-expansion-project/tce-easternpanhandleproject-factsheet.pdf"
Gas pipelines,SegmentCost,CJ1061,1061,P2009,,45600000.0
Gas pipelines,SegmentCostUnits,CK1061,1061,P2009,,USD
Gas pipelines,SegmentCostYear,CL1061,1061,P2009,,2025
Gas pipelines,SegmentCost [ref],CM1061,1061,P2009,,"https://www.eia.gov/naturalgas/pipelines/EIA-NaturalGasPipelineProjectsAug2026.xlsx, https://pgjonline.com/news/2025/november/costs-for-tc-energy-s-eastern-panhandle-expansion-double-after-drilling-legal-delays"
Gas pipelines,Status [ref],I1295,1295,P2518,https://www.eia.gov/naturalgas/data.php#pipelines,"https://www.eia.gov/naturalgas/data.php#pipelines, https://www.eia.gov/naturalgas/pipelines/EIA-NaturalGasPipelineProjects_Jul2021.xlsx"
Gas pipelines,Fuel [ref],M1295,1295,P2518,,"https://www.govinfo.gov/content/pkg/FR-2013-10-16/pdf/2013-24469.pdf, https://www.eia.gov/naturalgas/pipelines/EIA-NaturalGasPipelineProjects_May2018.xlsx"
Gas pipelines,ProposalYear,Z1295,1295,P2518,,2013
Gas pipelines,ProposalMonth,AA1295,1295,P2518,,10
Gas pipelines,Proposal [ref],AB1295,1295,P2518,,"https://www.govinfo.gov/content/pkg/FR-2013-10-16/pdf/2013-24469.pdf, https://www.local3news.com/proposed-gas-pipeline-drawing-opposition-in-ky/article_432602fe-7f5a-5730-85ec-a86bb66e79c7.html"
Gas pipelines,ConstructionYear,AC1295,1295,P2518,,2014
Gas pipelines,ConstructionMonth,AD1295,1295,P2518,,10
Gas pipelines,Construction [ref],AE1295,1295,P2518,,https://www.govinfo.gov/content/pkg/FR-2013-10-16/pdf/2013-24469.pdf
Gas pipelines,StartYear1,AF1295,1295,P2518,,2015
Gas pipelines,StartMonth1,AG1295,1295,P2518,,10
Gas pipelines,Start [ref],AL1295,1295,P2518,,"https://www.govinfo.gov/content/pkg/FR-2014-03-24/pdf/2014-06346.pdf, https://www.govinfo.gov/content/pkg/FR-2013-10-16/pdf/2013-24469.pdf"
Gas pipelines,Cancelled [ref],AT1295,1295,P2518,https://www.eia.gov/naturalgas/data.php#pipelines,"https://www.eia.gov/naturalgas/data.php#pipelines, https://www.eia.gov/naturalgas/pipelines/EIA-NaturalGasPipelineProjects_Jul2021.xlsx"
Gas pipelines,Capacity [ref],AZ1295,1295,P2518,,"https://www.govinfo.gov/content/pkg/FR-2014-03-24/pdf/2014-06346.pdf, https://www.eia.gov/naturalgas/pipelines/EIA-NaturalGasPipelineProjects_May2018.xlsx"
Gas pipelines,Length [ref],BI1295,1295,P2518,,"https://www.eia.gov/naturalgas/pipelines/EIA-NaturalGasPipelineProjects_May2018.xlsx, https://www.govinfo.gov/content/pkg/FR-2013-10-16/pdf/2013-24469.pdf"
Gas pipelines,Diameter [ref],BO1295,1295,P2518,,"https://www.eia.gov/naturalgas/pipelines/EIA-NaturalGasPipelineProjects_May2018.xlsx, https://www.govinfo.gov/content/pkg/FR-2014-03-24/pdf/2014-06346.pdf"
Gas pipelines,StartLocation,BS1295,1295,P2518,,Elkton (interconnect with Texas Gas Transmission's interstate mainline)
Gas pipelines,StartPrefecture/District,BT1295,1295,P2518,,Todd County
Gas pipelines,StartState/Province,BU1295,1295,P2518,Kentuky,Kentucky
Gas pipelines,EndLocation,BY1295,1295,P2518,,Clarksville
Gas pipelines,EndPrefecture/District,BZ1295,1295,P2518,,Montgomery County
Gas pipelines,EndState/Province,CA1295,1295,P2518,Tennesse,Tennessee
Gas pipelines,Location [ref],CF1295,1295,P2518,,"https://www.govinfo.gov/content/pkg/FR-2014-03-24/pdf/2014-06346.pdf, https://www.eia.gov/naturalgas/pipelines/EIA-NaturalGasPipelineProjects_May2018.xlsx"
Gas pipelines,SegmentCost,CJ1295,1295,P2518,,19600000.0
Gas pipelines,SegmentCostUnits,CK1295,1295,P2518,,USD
Gas pipelines,SegmentCostYear,CL1295,1295,P2518,,2014
Gas pipelines,SegmentCost [ref],CM1295,1295,P2518,,https://www.govinfo.gov/content/pkg/FR-2014-03-24/pdf/2014-06346.pdf
Gas pipelines,Status [ref],I1299,1299,P2523,https://www.eia.gov/naturalgas/data.php#pipelines,"https://www.eia.gov/naturalgas/data.php#pipelines, https://www.eia.gov/naturalgas/pipelines/EIA-NaturalGasPipelineProjects_Jul2025.xlsx, https://aegis-hedging.com/insights/two-haynesville-area-pipeline-projects-due-in-2021"
Gas pipelines,Fuel [ref],M1299,1299,P2523,https://www.eia.gov/naturalgas/data.php#pipelines,"https://www.eia.gov/naturalgas/data.php#pipelines, https://www.eia.gov/naturalgas/pipelines/EIA-NaturalGasPipelineProjectsAug2026.xlsx, https://aegis-hedging.com/insights/two-haynesville-area-pipeline-projects-due-in-2021"
Gas pipelines,PipelineType [ref],O1299,1299,P2523,https://www.eia.gov/naturalgas/data.php#pipelines,"https://www.eia.gov/naturalgas/data.php#pipelines, https://www.sec.gov/Archives/edgar/data/61398/000104746920000741/a2240674z424b5.htm, https://aegis-hedging.com/insights/two-haynesville-area-pipeline-projects-due-in-2021, https://www.eia.gov/naturalgas/pipelines/EIA-NaturalGasPipelineProjectsAug2026.xlsx"
Gas pipelines,Proposal [ref],AB1299,1299,P2523,https://www.oilandgas360.com/tellurian-announces-binding-open-seasons-for-the-haynesville-global-access-pipeline-and-the-delhi-connector-pipeline/,"https://www.oilandgas360.com/tellurian-announces-binding-open-seasons-for-the-haynesville-global-access-pipeline-and-the-delhi-connector-pipeline/, https://web.archive.org/web/20210507211601/http://delhiconnector.com/"
Gas pipelines,Construction [ref],AE1299,1299,P2523,https://www.oilandgas360.com/tellurian-announces-binding-open-seasons-for-the-haynesville-global-access-pipeline-and-the-delhi-connector-pipeline/,"https://www.oilandgas360.com/tellurian-announces-binding-open-seasons-for-the-haynesville-global-access-pipeline-and-the-delhi-connector-pipeline/, https://aegis-hedging.com/insights/two-haynesville-area-pipeline-projects-due-in-2021"
Gas pipelines,Start [ref],AL1299,1299,P2523,"https://www.eia.gov/naturalgas/data.php#pipelines, https://www.oilandgas360.com/tellurian-announces-binding-open-seasons-for-the-haynesville-global-access-pipeline-and-the-delhi-connector-pipeline/","https://www.eia.gov/naturalgas/data.php#pipelines, https://www.oilandgas360.com/tellurian-announces-binding-open-seasons-for-the-haynesville-global-access-pipeline-and-the-delhi-connector-pipeline/, https://aegis-hedging.com/insights/two-haynesville-area-pipeline-projects-due-in-2021, https://www.chron.com/business/energy/article/Tellurian-begins-booking-capacity-on-two-proposed-13804091.php, https://www.1012industryreport.com/oil-gas/tellurian-starts-booking-capacity-on-two-proposed-louisiana-pipelines/"
Gas pipelines,Delay [ref],AO1299,1299,P2523,https://www.eia.gov/naturalgas/data.php#pipelines,"https://www.eia.gov/naturalgas/data.php#pipelines, https://aegis-hedging.com/insights/two-haynesville-area-pipeline-projects-due-in-2021, https://www.eia.gov/naturalgas/pipelines/EIA-NaturalGasPipelineProjectsAug2026.xlsx"
Gas pipelines,Shelved [ref],AR1299,1299,P2523,https://www.eia.gov/naturalgas/data.php#pipelines,"https://www.eia.gov/naturalgas/data.php#pipelines, https://aegis-hedging.com/insights/two-haynesville-area-pipeline-projects-due-in-2021, https://www.eia.gov/naturalgas/pipelines/EIA-NaturalGasPipelineProjectsAug2026.xlsx"
Gas pipelines,Capacity [ref],AZ1299,1299,P2523,https://www.eia.gov/naturalgas/data.php#pipelines,"https://www.eia.gov/naturalgas/data.php#pipelines, https://aegis-hedging.com/insights/two-haynesville-area-pipeline-projects-due-in-2021, https://www.chron.com/business/energy/article/Tellurian-begins-booking-capacity-on-two-proposed-13804091.php, https://www.eia.gov/naturalgas/pipelines/EIA-NaturalGasPipelineProjectsAug2026.xlsx"
Gas pipelines,Length [ref],BI1299,1299,P2523,https://www.eia.gov/naturalgas/data.php#pipelines,"https://www.eia.gov/naturalgas/data.php#pipelines, https://aegis-hedging.com/insights/two-haynesville-area-pipeline-projects-due-in-2021, https://www.eia.gov/naturalgas/pipelines/EIA-NaturalGasPipelineProjectsAug2026.xlsx, https://web.archive.org/web/20210507211601/http://delhiconnector.com/, https://www.sec.gov/Archives/edgar/data/61398/000104746920000741/a2240674z424b5.htm"
Gas pipelines,Diameter [ref],BO1299,1299,P2523,https://www.eia.gov/naturalgas/data.php#pipelines,"https://www.eia.gov/naturalgas/data.php#pipelines, https://aegis-hedging.com/insights/two-haynesville-area-pipeline-projects-due-in-2021, https://www.chron.com/business/energy/article/Tellurian-begins-booking-capacity-on-two-proposed-13804091.php, https://web.archive.org/web/20210507211601/http://delhiconnector.com/"
Gas pipelines,EndLocation,BY1299,1299,P2523,,Gillis
Gas pipelines,Location [ref],CF1299,1299,P2523,https://www.eia.gov/naturalgas/data.php#pipelines,"https://www.eia.gov/naturalgas/data.php#pipelines, https://aegis-hedging.com/insights/two-haynesville-area-pipeline-projects-due-in-2021, https://www.chron.com/business/energy/article/Tellurian-begins-booking-capacity-on-two-proposed-13804091.php, https://www.eia.gov/naturalgas/pipelines/EIA-NaturalGasPipelineProjectsAug2026.xlsx, https://web.archive.org/web/20210507211601/http://delhiconnector.com/"
Gas pipelines,SegmentCost [ref],CM1299,1299,P2523,https://www.oilandgas360.com/tellurian-announces-binding-open-seasons-for-the-haynesville-global-access-pipeline-and-the-delhi-connector-pipeline/,"https://www.oilandgas360.com/tellurian-announces-binding-open-seasons-for-the-haynesville-global-access-pipeline-and-the-delhi-connector-pipeline/, https://www.chron.com/business/energy/article/Tellurian-begins-booking-capacity-on-two-proposed-13804091.php, https://www.1012industryreport.com/oil-gas/tellurian-starts-booking-capacity-on-two-proposed-louisiana-pipelines/"
Gas pipelines,Status [ref],I1300,1300,P2524,https://www.eia.gov/naturalgas/data.php#pipelines,"https://www.eia.gov/naturalgas/data.php#pipelines, https://www.eia.gov/naturalgas/pipelines/EIA-NaturalGasPipelineProjectsAug2026.xlsx"
Gas pipelines,Fuel [ref],M1300,1300,P2524,https://www.eia.gov/naturalgas/data.php#pipelines,"https://www.eia.gov/naturalgas/data.php#pipelines, https://www.eia.gov/naturalgas/pipelines/EIA-NaturalGasPipelineProjectsAug2026.xlsx"
Gas pipelines,PipelineType [ref],O1300,1300,P2524,https://www.eia.gov/naturalgas/data.php#pipelines,"https://www.eia.gov/naturalgas/data.php#pipelines, https://www.eia.gov/naturalgas/pipelines/EIA-NaturalGasPipelineProjectsAug2026.xlsx"
Gas pipelines,ProposalYear,Z1300,1300,P2524,,2017
Gas pipelines,Proposal [ref],AB1300,1300,P2524,,https://www.eia.gov/naturalgas/pipelines/EIA-NaturalGasPipelineProjects_May2018.xlsx
Gas pipelines,Shelved [ref],AR1300,1300,P2524,https://www.eia.gov/naturalgas/data.php#pipelines,"https://www.eia.gov/naturalgas/data.php#pipelines, https://www.eia.gov/naturalgas/pipelines/EIA-NaturalGasPipelineProjects_Oct2019.xlsx"
Gas pipelines,Cancelled [ref],AT1300,1300,P2524,https://www.eia.gov/naturalgas/data.php#pipelines,"https://www.eia.gov/naturalgas/data.php#pipelines, https://www.eia.gov/naturalgas/pipelines/EIA-NaturalGasPipelineProjectsJul2025.xlsx"
Gas pipelines,Capacity [ref],AZ1300,1300,P2524,https://www.eia.gov/naturalgas/data.php#pipelines,"https://www.eia.gov/naturalgas/data.php#pipelines, https://www.eia.gov/naturalgas/pipelines/EIA-NaturalGasPipelineProjectsAug2026.xlsx"
Gas pipelines,Length [ref],BI1300,1300,P2524,https://www.eia.gov/naturalgas/data.php#pipelines,"https://www.eia.gov/naturalgas/data.php#pipelines, https://www.eia.gov/naturalgas/pipelines/EIA-NaturalGasPipelineProjectsAug2026.xlsx"
Gas pipelines,SegmentCost [ref],CM1300,1300,P2524,https://www.eia.gov/naturalgas/data.php#pipelines,"https://www.eia.gov/naturalgas/data.php#pipelines, https://www.eia.gov/naturalgas/pipelines/EIA-NaturalGasPipelineProjectsAug2026.xlsx"
Gas pipelines,Fuel [ref],M1301,1301,P2526,https://www.eia.gov/naturalgas/data.php#pipelines,"https://www.eia.gov/naturalgas/data.php#pipelines, https://www.eia.gov/naturalgas/pipelines/EIA-NaturalGasPipelineProjectsAug2026.xlsx, https://www.adn.com/business-economy/2026/01/16/donlin-gold-expects-2027-final-decision-on-proposed-mine-and-multibillion-dollar-gas-pipeline/, https://www.akbizmag.com/industry/mining/donlin-gold-signs-up-for-alaska-lng-pipeline-gas/"
Gas pipelines,PipelineType [ref],O1301,1301,P2526,https://www.eia.gov/naturalgas/data.php#pipelines,"https://www.eia.gov/naturalgas/data.php#pipelines, https://www.eia.gov/naturalgas/pipelines/EIA-NaturalGasPipelineProjectsAug2026.xlsx, https://www.adn.com/business-economy/2026/01/16/donlin-gold-expects-2027-final-decision-on-proposed-mine-and-multibillion-dollar-gas-pipeline/"
Gas pipelines,Capacity [ref],AZ1301,1301,P2526,https://www.eia.gov/naturalgas/data.php#pipelines,"https://www.eia.gov/naturalgas/data.php#pipelines, https://www.eia.gov/naturalgas/pipelines/EIA-NaturalGasPipelineProjectsAug2026.xlsx"
Gas pipelines,Length [ref],BI1301,1301,P2526,https://www.eia.gov/naturalgas/data.php#pipelines,"https://www.eia.gov/naturalgas/data.php#pipelines, https://www.eia.gov/naturalgas/pipelines/EIA-NaturalGasPipelineProjectsAug2026.xlsx, https://www.adn.com/business-economy/2026/01/16/donlin-gold-expects-2027-final-decision-on-proposed-mine-and-multibillion-dollar-gas-pipeline/, https://www.akbizmag.com/industry/mining/donlin-gold-signs-up-for-alaska-lng-pipeline-gas/"
Gas pipelines,Diameter [ref],BO1301,1301,P2526,https://www.eia.gov/naturalgas/data.php#pipelines,"https://www.eia.gov/naturalgas/data.php#pipelines, https://www.eia.gov/naturalgas/pipelines/EIA-NaturalGasPipelineProjectsAug2026.xlsx"
Gas pipelines,Status [ref],I1305,1305,P2536,https://www.eia.gov/naturalgas/data.php#pipelines,"https://www.eia.gov/naturalgas/data.php#pipelines, https://www.eia.gov/naturalgas/pipelines/EIA-NaturalGasPipelineProjectsAug2026.xlsx, https://coeus-energy.com/tennessee-gas-pipeline-completes-evangeline-pass-expansion-project"
Gas pipelines,Fuel [ref],M1305,1305,P2536,https://www.eia.gov/naturalgas/data.php#pipelines,"https://www.eia.gov/naturalgas/data.php#pipelines, https://www.eia.gov/naturalgas/pipelines/EIA-NaturalGasPipelineProjectsAug2026.xlsx"
Gas pipelines,ProposalYear,Z1305,1305,P2536,,2020
Gas pipelines,ProposalMonth,AA1305,1305,P2536,,2
Gas pipelines,Proposal [ref],AB1305,1305,P2536,,https://www.federalregister.gov/documents/2020/04/23/2020-04023/tennessee-gas-pipeline-company-llc-notice-of-application
Gas pipelines,ConstructionYear,AC1305,1305,P2536,,2024
Gas pipelines,Construction [ref],AE1305,1305,P2536,,https://www.federalregister.gov/documents/2024/01/26/2024-02378/tennessee-gas-pipeline-company-llc-southern-natural-gas-company-llc-notice-of-requests-for
Gas pipelines,StartMonth1,AG1305,1305,P2536,,5
Gas pipelines,StartYear2,AH1305,1305,P2536,,2024
Gas pipelines,StartYear2Month,AI1305,1305,P2536,,7
Gas pipelines,Start [ref],AL1305,1305,P2536,https://www.eia.gov/naturalgas/data.php#pipelines,"https://www.eia.gov/naturalgas/data.php#pipelines, https://www.eia.gov/naturalgas/pipelines/EIA-NaturalGasPipelineProjectsAug2026.xlsx, https://coeus-energy.com/tennessee-gas-pipeline-completes-evangeline-pass-expansion-project"
Gas pipelines,DelayType,AN1305,1305,P2536,inferred,confirmed
Gas pipelines,Delay [ref],AO1305,1305,P2536,,https://www.federalregister.gov/documents/2024/01/26/2024-02378/tennessee-gas-pipeline-company-llc-southern-natural-gas-company-llc-notice-of-requests-for
Gas pipelines,Capacity [ref],AZ1305,1305,P2536,https://www.eia.gov/naturalgas/data.php#pipelines,"https://www.eia.gov/naturalgas/data.php#pipelines, https://www.eia.gov/naturalgas/pipelines/EIA-NaturalGasPipelineProjectsAug2026.xlsx, https://www.kindermorgan.com/getattachment/0fc83099-ad42-432d-b68e-1de01e899a26/evangeline_fact_sheet.pdf?lang=en-us"
Gas pipelines,Length [ref],BI1305,1305,P2536,https://www.eia.gov/naturalgas/data.php#pipelines,"https://www.eia.gov/naturalgas/data.php#pipelines, https://www.federalregister.gov/documents/2020/04/23/2020-04023/tennessee-gas-pipeline-company-llc-notice-of-application, https://www.kindermorgan.com/getattachment/0fc83099-ad42-432d-b68e-1de01e899a26/evangeline_fact_sheet.pdf?lang=en-us"
Gas pipelines,Diameter [ref],BO1305,1305,P2536,https://www.eia.gov/naturalgas/data.php#pipelines,"https://www.eia.gov/naturalgas/data.php#pipelines, https://www.federalregister.gov/documents/2020/04/23/2020-04023/tennessee-gas-pipeline-company-llc-notice-of-application, https://www.kindermorgan.com/getattachment/0fc83099-ad42-432d-b68e-1de01e899a26/evangeline_fact_sheet.pdf?lang=en-us"
Gas pipelines,FuelSource,BQ1305,1305,P2536,,Haynesville Shale
Gas pipelines,FuelSource [ref],BR1305,1305,P2536,,https://www.eia.gov/naturalgas/pipelines/EIA-NaturalGasPipelineProjectsAug2026.xlsx
Gas pipelines,StartLocation,BS1305,1305,P2536,,Toca
Gas pipelines,StartPrefecture/District,BT1305,1305,P2536,,St. Bernard Parish
Gas pipelines,EndLocation,BY1305,1305,P2536,,Grand Bayou
Gas pipelines,Location [ref],CF1305,1305,P2536,https://www.eia.gov/naturalgas/data.php#pipelines,"https://www.eia.gov/naturalgas/data.php#pipelines, https://www.federalregister.gov/documents/2020/04/23/2020-04023/tennessee-gas-pipeline-company-llc-notice-of-application, https://www.eia.gov/naturalgas/pipelines/EIA-NaturalGasPipelineProjectsAug2026.xlsx"
Gas pipelines,Status,H1308,1308,P2539,construction,operating
Gas pipelines,Status [ref],I1308,1308,P2539,https://www.eia.gov/naturalgas/data.php#pipelines,"https://www.eia.gov/naturalgas/pipelines/EIA-NaturalGasPipelineProjectsAug2026.xlsx, https://www.goldenpasspipeline.com/, https://www.eia.gov/naturalgas/data.php#pipelines, https://www.energy.gov/sites/default/files/2024-08/Public_GPLNG%20Request%20for%20Extension, %20Exhibit%202.pdf"
Gas pipelines,Fuel [ref],M1308,1308,P2539,https://www.eia.gov/naturalgas/data.php#pipelines,"https://www.eia.gov/naturalgas/data.php#pipelines, https://www.eia.gov/naturalgas/pipelines/EIA-NaturalGasPipelineProjectsAug2026.xlsx, https://www.goldenpasspipeline.com/"
Gas pipelines,PipelineType [ref],O1308,1308,P2539,https://www.eia.gov/naturalgas/data.php#pipelines,"https://www.eia.gov/naturalgas/data.php#pipelines, https://www.eia.gov/naturalgas/pipelines/EIA-NaturalGasPipelineProjectsAug2026.xlsx, https://www.energy.gov/documents/gplng-do-fe-semi-annual-report-0401202512-88-lng-12-156-lngpdf"
Gas pipelines,ProposalYear,Z1308,1308,P2539,,2014
Gas pipelines,ProposalMonth,AA1308,1308,P2539,,7
Gas pipelines,Proposal [ref],AB1308,1308,P2539,,https://www.energy.gov/documents/gplng-do-fe-semi-annual-report-0401202512-88-lng-12-156-lngpdf
Gas pipelines,ConstructionYear,AC1308,1308,P2539,,2022
Gas pipelines,Construction [ref],AE1308,1308,P2539,,https://www.goldenpasspipeline.com/
Gas pipelines,StartMonth1,AG1308,1308,P2539,,9
Gas pipelines,Start [ref],AL1308,1308,P2539,https://www.eia.gov/naturalgas/data.php#pipelines,"https://www.eia.gov/naturalgas/data.php#pipelines, https://www.eia.gov/naturalgas/pipelines/EIA-NaturalGasPipelineProjectsAug2026.xlsx, https://www.goldenpasspipeline.com/"
Gas pipelines,Delay [ref],AO1308,1308,P2539,https://www.eia.gov/naturalgas/data.php#pipelines,"https://www.eia.gov/naturalgas/data.php#pipelines, https://www.eia.gov/naturalgas/pipelines/EIA-NaturalGasPipelineProjectsAug2026.xlsx, https://www.enr.com/articles/59015-update-zachry-exits-big-texas-lng-project-in-deal-with-exxon-qatar-energy"
Gas pipelines,Capacity [ref],AZ1308,1308,P2539,https://www.eia.gov/naturalgas/data.php#pipelines,"https://www.eia.gov/naturalgas/data.php#pipelines, https://www.eia.gov/todayinenergy/detail.php?id=61062, https://www.eia.gov/naturalgas/pipelines/EIA-NaturalGasPipelineProjectsAug2026.xlsx"
Gas pipelines,Length [ref],BI1308,1308,P2539,https://www.eia.gov/naturalgas/data.php#pipelines,"https://www.eia.gov/naturalgas/data.php#pipelines, https://www.eia.gov/todayinenergy/detail.php?id=61062, https://www.goldenpasspipeline.com/"
Gas pipelines,Diameter [ref],BO1308,1308,P2539,https://www.eia.gov/naturalgas/data.php#pipelines,"https://www.eia.gov/naturalgas/data.php#pipelines, https://www.eia.gov/naturalgas/pipelines/EIA-NaturalGasPipelineProjectsAug2026.xlsx"
Gas pipelines,Location [ref],CF1308,1308,P2539,https://www.eia.gov/naturalgas/data.php#pipelines,"https://www.eia.gov/naturalgas/data.php#pipelines, https://www.eia.gov/todayinenergy/detail.php?id=61062, https://www.eia.gov/naturalgas/pipelines/EIA-NaturalGasPipelineProjectsAug2026.xlsx"
Gas pipelines,Status [ref],I1309,1309,P2541,,"https://www.eia.gov/naturalgas/pipelines/EIA-NaturalGasPipelineProjectsAug2026.xlsx, https://web.archive.org/web/20230204052201/https://rbnenergy.com/node/11661"
Gas pipelines,Fuel [ref],M1309,1309,P2541,,"https://www.eia.gov/naturalgas/pipelines/EIA-NaturalGasPipelineProjectsAug2026.xlsx, https://web.archive.org/web/20230204052201/https://rbnenergy.com/node/11661"
Gas pipelines,ProposalYear,Z1309,1309,P2541,,2019
Gas pipelines,ProposalMonth,AA1309,1309,P2541,,2
Gas pipelines,Proposal [ref],AB1309,1309,P2541,,https://www.federalregister.gov/documents/2019/03/14/2019-04671/natural-gas-company-of-america-llc-notice-of-application
Gas pipelines,Start [ref],AL1309,1309,P2541,,"https://www.eia.gov/naturalgas/pipelines/EIA-NaturalGasPipelineProjectsAug2026.xlsx, https://boereport.com/2020/10/21/kinder-morgan-announces-results-for-third-quarter-of-2020-maintains-0-2625-per-share-dividend/"
Gas pipelines,Capacity [ref],AZ1309,1309,P2541,,"https://www.eia.gov/naturalgas/pipelines/EIA-NaturalGasPipelineProjectsAug2026.xlsx, https://www.federalregister.gov/documents/2019/03/14/2019-04671/natural-gas-company-of-america-llc-notice-of-application"
Gas pipelines,Length [ref],BI1309,1309,P2541,,"https://www.federalregister.gov/documents/2019/03/14/2019-04671/natural-gas-company-of-america-llc-notice-of-application, https://www.eia.gov/naturalgas/pipelines/EIA-NaturalGasPipelineProjectsAug2026.xlsx"
Gas pipelines,Status [ref],I1311,1311,P2544,https://www.eia.gov/naturalgas/data.php#pipelines,"https://www.eia.gov/naturalgas/data.php#pipelines, https://web.archive.org/web/20200813015331/https://investor.williams.com/press-releases/press-release-details/2020/Williams-Announces-Phase-II-of-Hillabee-Expansion-Now-in-Service/default.aspx, https://www.sec.gov/Archives/edgar/data/107263/000010726319000024/wmb2019063010q.htm"
Gas pipelines,Fuel [ref],M1311,1311,P2544,https://www.eia.gov/naturalgas/data.php#pipelines,"https://www.eia.gov/naturalgas/data.php#pipelines, https://web.archive.org/web/20200813015331/https://investor.williams.com/press-releases/press-release-details/2020/Williams-Announces-Phase-II-of-Hillabee-Expansion-Now-in-Service/default.aspx"
Gas pipelines,PipelineType [ref],O1311,1311,P2544,https://www.eia.gov/naturalgas/data.php#pipelines,"https://www.eia.gov/naturalgas/data.php#pipelines, https://www.sec.gov/Archives/edgar/data/107263/000010726319000024/wmb2019063010q.htm"
Gas pipelines,ProposalYear,Z1311,1311,P2544,,2014
Gas pipelines,ProposalMonth,AA1311,1311,P2544,,11
Gas pipelines,Proposal [ref],AB1311,1311,P2544,,"https://www.govinfo.gov/content/pkg/FR-2014-12-11/html/2014-29054.htm, https://www.naturalgasintel.com/news/transco-seeks-ok-for-hillabee-expansion-to-sabal-trail/"
Gas pipelines,ConstructionYear,AC1311,1311,P2544,,2019
Gas pipelines,Construction [ref],AE1311,1311,P2544,,https://www.industrialinfo.com/iirenergy/industry-news/article/williams-moves-on-transco-expansions-despite-headwinds--276142
Gas pipelines,StartMonth1,AG1311,1311,P2544,,5
Gas pipelines,Start [ref],AL1311,1311,P2544,https://www.eia.gov/naturalgas/data.php#pipelines,"https://www.eia.gov/naturalgas/data.php#pipelines, https://web.archive.org/web/20200813015331/https://investor.williams.com/press-releases/press-release-details/2020/Williams-Announces-Phase-II-of-Hillabee-Expansion-Now-in-Service/default.aspx, https://www.sec.gov/Archives/edgar/data/107263/000010726319000024/wmb2019063010q.htm"
Gas pipelines,Capacity [ref],AZ1311,1311,P2544,https://www.eia.gov/naturalgas/data.php#pipelines,"https://www.eia.gov/naturalgas/data.php#pipelines, https://www.nsenergybusiness.com/projects/hillabee-expansion-project/, https://web.archive.org/web/20200813015331/https://investor.williams.com/press-releases/press-release-details/2020/Williams-Announces-Phase-II-of-Hillabee-Expansion-Now-in-Service/default.aspx"
Gas pipelines,Diameter [ref],BO1311,1311,P2544,https://www.eia.gov/naturalgas/data.php#pipelines,"https://www.eia.gov/naturalgas/data.php#pipelines, https://www.nsenergybusiness.com/projects/hillabee-expansion-project/"
Gas pipelines,Location [ref],CF1311,1311,P2544,,"https://www.nsenergybusiness.com/projects/hillabee-expansion-project/, https://web.archive.org/web/20200813015331/https://investor.williams.com/press-releases/press-release-details/2020/Williams-Announces-Phase-II-of-Hillabee-Expansion-Now-in-Service/default.aspx"
Gas pipelines,Fuel [ref],M1312,1312,P2545,https://www.eia.gov/naturalgas/data.php#pipelines,"https://www.eia.gov/naturalgas/data.php#pipelines, https://www.eia.gov/naturalgas/pipelines/EIA-NaturalGasPipelineProjectsAug2026.xlsx, https://www.govinfo.gov/content/pkg/FR-2014-12-11/html/2014-29054.htm"
Gas pipelines,PipelineType [ref],O1312,1312,P2545,https://www.eia.gov/naturalgas/data.php#pipelines,"https://www.eia.gov/naturalgas/data.php#pipelines, https://www.eia.gov/naturalgas/pipelines/EIA-NaturalGasPipelineProjectsAug2026.xlsx, https://www.govinfo.gov/content/pkg/FR-2021-04-20/html/2021-08071.htm"
Gas pipelines,ProposalYear,Z1312,1312,P2545,,2014
Gas pipelines,ProposalMonth,AA1312,1312,P2545,,11
Gas pipelines,Proposal [ref],AB1312,1312,P2545,,"https://www.govinfo.gov/content/pkg/FR-2014-12-11/html/2014-29054.htm, http://spectrabusters.org/2014/11/21/williams-company-formal-filling-cp15-16-for-hillabee-expansion-project/"
Gas pipelines,Delay [ref],AO1312,1312,P2545,https://www.eia.gov/naturalgas/data.php#pipelines,"https://www.eia.gov/naturalgas/data.php#pipelines, https://www.govinfo.gov/content/pkg/FR-2021-04-20/html/2021-08071.htm, https://www.eia.gov/naturalgas/pipelines/EIA-NaturalGasPipelineProjectsAug2026.xlsx"
Gas pipelines,Capacity [ref],AZ1312,1312,P2545,https://www.eia.gov/naturalgas/data.php#pipelines,"https://www.eia.gov/naturalgas/data.php#pipelines, https://www.eia.gov/naturalgas/pipelines/EIA-NaturalGasPipelineProjectsAug2026.xlsx, https://www.govinfo.gov/content/pkg/FR-2014-12-11/html/2014-29054.htm"
Gas pipelines,Length [ref],BI1312,1312,P2545,https://www.eia.gov/naturalgas/data.php#pipelines,"https://www.eia.gov/naturalgas/data.php#pipelines, https://www.govinfo.gov/content/pkg/FR-2021-04-20/html/2021-08071.htm, https://www.eia.gov/naturalgas/pipelines/EIA-NaturalGasPipelineProjectsAug2026.xlsx, https://www.nsenergybusiness.com/projects/hillabee-expansion-project/"
Gas pipelines,Diameter [ref],BO1312,1312,P2545,https://www.eia.gov/naturalgas/data.php#pipelines,"https://www.eia.gov/naturalgas/data.php#pipelines, https://www.eia.gov/naturalgas/pipelines/EIA-NaturalGasPipelineProjectsAug2026.xlsx, https://www.nsenergybusiness.com/projects/hillabee-expansion-project/"
Gas pipelines,Location [ref],CF1312,1312,P2545,https://www.eia.gov/naturalgas/data.php#pipelines,"https://www.eia.gov/naturalgas/data.php#pipelines, https://www.eia.gov/naturalgas/pipelines/EIA-NaturalGasPipelineProjectsAug2026.xlsx, https://www.govinfo.gov/content/pkg/FR-2014-12-11/html/2014-29054.htm"
Gas pipelines,Status [ref],I1315,1315,P2552,,"https://www.sandiegouniontribune.com/business/energy-green/story/2020-03-18/four-groups-join-fight-against-natural-gas-pipeline-project-along-i-15, https://www.sandiegouniontribune.com/business/energy-green/story/2020-02-06/line-1600-decision-by-the-cpuc"
Gas pipelines,Fuel [ref],M1315,1315,P2552,,"https://www.sandiegouniontribune.com/business/energy-green/story/2020-03-18/four-groups-join-fight-against-natural-gas-pipeline-project-along-i-15, https://www.sandiegouniontribune.com/business/energy-green/story/2020-02-06/line-1600-decision-by-the-cpuc"
Gas pipelines,ConstructionYear,AC1315,1315,P2552,,1949
Gas pipelines,Construction [ref],AE1315,1315,P2552,,"https://www.sandiegouniontribune.com/business/energy-green/story/2020-02-06/line-1600-decision-by-the-cpuc, https://web.archive.org/web/2023/https://www.phmsa.dot.gov/sites/phmsa.dot.gov/files/docs/standards-rulemaking/pipeline/interpretations/74296/san-diego-gas-and-electric-and-southern-california-gas-company-pi-20-0011-08-13-2020-part192-113.pdf"
Gas pipelines,Start [ref],AL1315,1315,P2552,,"https://www.sandiegouniontribune.com/business/energy-green/story/2020-03-18/four-groups-join-fight-against-natural-gas-pipeline-project-along-i-15, https://web.archive.org/web/2023/https://www.phmsa.dot.gov/sites/phmsa.dot.gov/files/docs/standards-rulemaking/pipeline/interpretations/74296/san-diego-gas-and-electric-and-southern-california-gas-company-pi-20-0011-08-13-2020-part192-113.pdf"
Gas pipelines,Pressure,BA1315,1315,P2552,,640
Gas pipelines,PressureUnits,BB1315,1315,P2552,,psig
Gas pipelines,Pressure [ref],BC1315,1315,P2552,,https://www.sdge.com/sites/default/files/SCGC-23_Confidential_Redacted_1.pdf
Gas pipelines,Length [ref],BI1315,1315,P2552,,"https://www.sandiegouniontribune.com/business/energy-green/story/2020-03-18/four-groups-join-fight-against-natural-gas-pipeline-project-along-i-15, https://web.archive.org/web/2023/https://www.phmsa.dot.gov/sites/phmsa.dot.gov/files/docs/standards-rulemaking/pipeline/interpretations/74296/san-diego-gas-and-electric-and-southern-california-gas-company-pi-20-0011-08-13-2020-part192-113.pdf, https://ia.cpuc.ca.gov/Environment/Info/ene/sandiego/Documents/PSRP_CPUC%20PEA%20DR%207%20Responses%20(03-06-18).pdf"
Gas pipelines,Diameter [ref],BO1315,1315,P2552,,"https://www.sandiegouniontribune.com/business/energy-green/story/2020-03-18/four-groups-join-fight-against-natural-gas-pipeline-project-along-i-15, https://web.archive.org/web/2023/https://www.phmsa.dot.gov/sites/phmsa.dot.gov/files/docs/standards-rulemaking/pipeline/interpretations/74296/san-diego-gas-and-electric-and-southern-california-gas-company-pi-20-0011-08-13-2020-part192-113.pdf, https://ia.cpuc.ca.gov/Environment/Info/ene/sandiego/Documents/PSRP_CPUC%20PEA%20DR%207%20Responses%20(03-06-18).pdf"
Gas pipelines,StartLocation,BS1315,1315,P2552,,Rainbow
Gas pipelines,StartState/Province,BU1315,1315,P2552,,California
Gas pipelines,EndLocation,BY1315,1315,P2552,,"Mission Valley, San Diego"
Gas pipelines,EndState/Province,CA1315,1315,P2552,,California
Gas pipelines,Location [ref],CF1315,1315,P2552,,"https://www.sandiegouniontribune.com/business/energy-green/story/2020-03-18/four-groups-join-fight-against-natural-gas-pipeline-project-along-i-15, https://web.archive.org/web/2023/https://www.phmsa.dot.gov/sites/phmsa.dot.gov/files/docs/standards-rulemaking/pipeline/interpretations/74296/san-diego-gas-and-electric-and-southern-california-gas-company-pi-20-0011-08-13-2020-part192-113.pdf"
Gas pipelines,Fuel [ref],M1323,1323,P2564,https://www.eia.gov/naturalgas/data.php#pipelines,"https://www.eia.gov/naturalgas/data.php#pipelines, https://www.eia.gov/naturalgas/pipelines/EIA-NaturalGasPipelineProjectsAug2026.xlsx"
Gas pipelines,PipelineType [ref],O1323,1323,P2564,https://www.eia.gov/naturalgas/data.php#pipelines,"https://www.eia.gov/naturalgas/data.php#pipelines, https://www.eia.gov/naturalgas/pipelines/EIA-NaturalGasPipelineProjectsAug2026.xlsx"
Gas pipelines,Start [ref],AL1323,1323,P2564,https://www.eia.gov/naturalgas/data.php#pipelines,"https://www.eia.gov/naturalgas/data.php#pipelines, https://www.eia.gov/naturalgas/pipelines/EIA-NaturalGasPipelineProjects_Jan2023.xlsx"
Gas pipelines,Delay [ref],AO1323,1323,P2564,https://www.eia.gov/naturalgas/data.php#pipelines,"https://www.eia.gov/naturalgas/data.php#pipelines, https://www.eia.gov/naturalgas/pipelines/EIA-NaturalGasPipelineProjectsAug2026.xlsx"
Gas pipelines,Length [ref],BI1323,1323,P2564,https://www.eia.gov/naturalgas/data.php#pipelines,"https://www.eia.gov/naturalgas/data.php#pipelines, https://www.eia.gov/naturalgas/pipelines/EIA-NaturalGasPipelineProjectsAug2026.xlsx"
Gas pipelines,FuelSource,BQ1323,1323,P2564,,SCOOP/STACK (Oklahoma shale)
Gas pipelines,FuelSource [ref],BR1323,1323,P2564,,https://www.eia.gov/naturalgas/pipelines/EIA-NaturalGasPipelineProjectsAug2026.xlsx
Gas pipelines,Status [ref],I1325,1325,P2566,https://www.eia.gov/naturalgas/data.php#pipelines,"https://www.eia.gov/naturalgas/data.php#pipelines, https://www.eia.gov/naturalgas/pipelines/EIA-NaturalGasPipelineProjects_May2026.xlsx"
Gas pipelines,Fuel [ref],M1325,1325,P2566,https://www.eia.gov/naturalgas/data.php#pipelines,"https://www.eia.gov/naturalgas/data.php#pipelines, https://www.eia.gov/naturalgas/pipelines/EIA-NaturalGasPipelineProjects_May2026.xlsx"
Gas pipelines,ProposalYear,Z1325,1325,P2566,,2025
Gas pipelines,ProposalMonth,AA1325,1325,P2566,,7
Gas pipelines,Proposal [ref],AB1325,1325,P2566,,https://www.eia.gov/naturalgas/pipelines/EIA-NaturalGasPipelineProjects_May2026.xlsx
Gas pipelines,Start [ref],AL1325,1325,P2566,https://www.eia.gov/naturalgas/data.php#pipelines,"https://www.eia.gov/naturalgas/data.php#pipelines, https://www.eia.gov/naturalgas/pipelines/EIA-NaturalGasPipelineProjects_May2026.xlsx"
Gas pipelines,Delay [ref],AO1325,1325,P2566,https://www.eia.gov/naturalgas/data.php#pipelines,"https://www.eia.gov/naturalgas/data.php#pipelines, https://www.eia.gov/naturalgas/pipelines/EIA-NaturalGasPipelineProjects_May2026.xlsx"
Gas pipelines,Capacity [ref],AZ1325,1325,P2566,https://www.eia.gov/naturalgas/data.php#pipelines,"https://www.eia.gov/naturalgas/data.php#pipelines, https://www.eia.gov/naturalgas/pipelines/EIA-NaturalGasPipelineProjects_May2026.xlsx"
Gas pipelines,Length [ref],BI1325,1325,P2566,https://www.eia.gov/naturalgas/data.php#pipelines,"https://www.eia.gov/naturalgas/data.php#pipelines, https://www.eia.gov/naturalgas/pipelines/EIA-NaturalGasPipelineProjects_May2026.xlsx"
Gas pipelines,Diameter,BM1325,1325,P2566,,"16, 24"
Gas pipelines,DiameterUnits,BN1325,1325,P2566,,in
Gas pipelines,Diameter [ref],BO1325,1325,P2566,,https://www.eia.gov/naturalgas/pipelines/EIA-NaturalGasPipelineProjects_May2026.xlsx
Gas pipelines,Location [ref],CF1325,1325,P2566,https://www.eia.gov/naturalgas/data.php#pipelines,"https://www.eia.gov/naturalgas/data.php#pipelines, https://www.eia.gov/naturalgas/pipelines/EIA-NaturalGasPipelineProjects_May2026.xlsx, https://www.spireenergy.com/spire-mogas-pipeline"
Gas pipelines,PipelineType [ref],O1326,1326,P2567,https://www.eia.gov/naturalgas/data.php#pipelines,"https://www.eia.gov/naturalgas/data.php#pipelines, https://www.eia.gov/naturalgas/pipelines/EIA-NaturalGasPipelineProjectsAug2026.xlsx"
Gas pipelines,ProposalYear,Z1326,1326,P2567,2014,2020
Gas pipelines,Proposal [ref],AB1326,1326,P2567,,https://www.eia.gov/naturalgas/pipelines/EIA-NaturalGasPipelineProjectsAug2026.xlsx
Gas pipelines,ConstructionYear,AC1326,1326,P2567,,2026
Gas pipelines,Construction [ref],AE1326,1326,P2567,,https://www.eia.gov/naturalgas/pipelines/EIA-NaturalGasPipelineProjectsAug2026.xlsx
Gas pipelines,Delay [ref],AO1326,1326,P2567,,https://www.eia.gov/naturalgas/pipelines/EIA-NaturalGasPipelineProjectsAug2026.xlsx
Gas pipelines,Capacity [ref],AZ1326,1326,P2567,https://www.eia.gov/naturalgas/data.php#pipelines ,"https://www.eia.gov/naturalgas/data.php#pipelines, https://www.eia.gov/naturalgas/pipelines/EIA-NaturalGasPipelineProjectsAug2026.xlsx"
Gas pipelines,LengthKnown,BF1326,1326,P2567,31,31.3
Gas pipelines,Length [ref],BI1326,1326,P2567,https://ncnewsline.com/2024/01/02/mvp-southgate-natural-gas-pipeline-will-no-longer-cross-alamance-county/,https://www.eia.gov/naturalgas/pipelines/EIA-NaturalGasPipelineProjectsAug2026.xlsx
Gas pipelines,StartLocation,BS1326,1326,P2567,Chatham,Pittsylvania County
Gas pipelines,EndLocation,BY1326,1326,P2567,Eden,Rockingham County
Gas pipelines,EndState/Province,CA1326,1326,P2567,North Caolina,North Carolina
Gas pipelines,Location [ref],CF1326,1326,P2567,https://www.eia.gov/naturalgas/data.php#pipelines,https://www.eia.gov/naturalgas/pipelines/EIA-NaturalGasPipelineProjectsAug2026.xlsx
Gas pipelines,Fuel [ref],M1330,1330,P2574,https://www.eia.gov/naturalgas/data.php#pipelines,"https://www.eia.gov/naturalgas/data.php#pipelines, https://www.eia.gov/naturalgas/pipelines/EIA-NaturalGasPipelineProjectsAug2026.xlsx"
Gas pipelines,PipelineType [ref],O1330,1330,P2574,https://www.eia.gov/naturalgas/data.php#pipelines,"https://www.eia.gov/naturalgas/data.php#pipelines, https://www.eia.gov/naturalgas/pipelines/EIA-NaturalGasPipelineProjectsAug2026.xlsx"
Gas pipelines,Delay [ref],AO1330,1330,P2574,,https://www.eia.gov/naturalgas/pipelines/EIA-NaturalGasPipelineProjectsAug2026.xlsx
Gas pipelines,Capacity [ref],AZ1330,1330,P2574,https://www.eia.gov/naturalgas/data.php#pipelines,"https://www.eia.gov/naturalgas/data.php#pipelines, https://www.eia.gov/naturalgas/pipelines/EIA-NaturalGasPipelineProjectsAug2026.xlsx"
Gas pipelines,Length [ref],BI1330,1330,P2574,https://www.eia.gov/naturalgas/data.php#pipelines,"https://www.eia.gov/naturalgas/data.php#pipelines, https://www.eia.gov/naturalgas/pipelines/EIA-NaturalGasPipelineProjectsAug2026.xlsx"
Gas pipelines,Diameter [ref],BO1330,1330,P2574,https://www.eia.gov/naturalgas/data.php#pipelines,"https://www.eia.gov/naturalgas/data.php#pipelines, https://www.eia.gov/naturalgas/pipelines/EIA-NaturalGasPipelineProjectsAug2026.xlsx"
Gas pipelines,Location [ref],CF1330,1330,P2574,,https://www.eia.gov/naturalgas/pipelines/EIA-NaturalGasPipelineProjectsAug2026.xlsx
Gas pipelines,SegmentCost [ref],CM1330,1330,P2574,https://www.eia.gov/naturalgas/data.php#pipelines,"https://www.eia.gov/naturalgas/data.php#pipelines, https://www.eia.gov/naturalgas/pipelines/EIA-NaturalGasPipelineProjectsAug2026.xlsx"
Gas pipelines,Fuel [ref],M1331,1331,P2575,https://oilandgaswatch.org/pipeline/3341,"https://oilandgaswatch.org/pipeline/3341, https://www.eia.gov/naturalgas/pipelines/EIA-NaturalGasPipelineProjects_Oct2025.xlsx"
Gas pipelines,PipelineType [ref],O1331,1331,P2575,https://oilandgaswatch.org/pipeline/3341,"https://oilandgaswatch.org/pipeline/3341, https://www.eia.gov/naturalgas/pipelines/EIA-NaturalGasPipelineProjects_Oct2025.xlsx"
Gas pipelines,Capacity [ref],AZ1331,1331,P2575,https://www.eia.gov/naturalgas/data.php,"https://www.eia.gov/naturalgas/data.php, https://www.eia.gov/naturalgas/pipelines/EIA-NaturalGasPipelineProjects_Oct2025.xlsx"
Gas pipelines,Length [ref],BI1331,1331,P2575,https://www.eia.gov/naturalgas/data.php,"https://www.eia.gov/naturalgas/data.php, https://www.eia.gov/naturalgas/pipelines/EIA-NaturalGasPipelineProjects_Oct2025.xlsx"
Gas pipelines,Diameter [ref],BO1331,1331,P2575,https://www.eia.gov/naturalgas/data.php,"https://www.eia.gov/naturalgas/data.php, https://www.eia.gov/naturalgas/pipelines/EIA-NaturalGasPipelineProjects_Oct2025.xlsx"
Gas pipelines,Location [ref],CF1331,1331,P2575,https://oilandgaswatch.org/pipeline/3341,"https://oilandgaswatch.org/pipeline/3341, https://www.eia.gov/naturalgas/pipelines/EIA-NaturalGasPipelineProjects_Oct2025.xlsx"
Gas pipelines,Status [ref],I1334,1334,P2579,https://www.brkenergy.com/our-businesses/northern-natural-gas,"https://www.brkenergy.com/our-businesses/northern-natural-gas, https://www.sec.gov/Archives/edgar/data/1081316/000108131626000003/bhe-20251231.htm"
Gas pipelines,Fuel [ref],M1334,1334,P2579,https://www.brkenergy.com/our-businesses/northern-natural-gas,"https://www.brkenergy.com/our-businesses/northern-natural-gas, https://www.sec.gov/Archives/edgar/data/1081316/000108131626000003/bhe-20251231.htm"
Gas pipelines,PipelineType [ref],O1334,1334,P2579,https://www.brkenergy.com/our-businesses/northern-natural-gas,"https://www.brkenergy.com/our-businesses/northern-natural-gas, https://www.sec.gov/Archives/edgar/data/1081316/000108131626000003/bhe-20251231.htm"
Gas pipelines,Location [ref],CF1334,1334,P2579,https://www.northernnaturalgas.com/aboutus/Pages/Overview.aspx,"https://www.northernnaturalgas.com/aboutus/Pages/Overview.aspx, https://www.sec.gov/Archives/edgar/data/1081316/000108131626000003/bhe-20251231.htm"
Gas pipelines,Fuel [ref],M1335,1335,P2582,https://www.eia.gov/naturalgas/data.php#pipelines,"https://www.eia.gov/naturalgas/data.php#pipelines, https://www.eia.gov/naturalgas/pipelines/EIA-NaturalGasPipelineProjects_Oct2025.xlsx"
Gas pipelines,PipelineType [ref],O1335,1335,P2582,https://www.eia.gov/naturalgas/data.php#pipelines,"https://www.eia.gov/naturalgas/data.php#pipelines, https://www.eia.gov/naturalgas/pipelines/EIA-NaturalGasPipelineProjects_Oct2025.xlsx"
Gas pipelines,Start [ref],AL1335,1335,P2582,https://www.eia.gov/naturalgas/data.php#pipelines,"https://www.eia.gov/naturalgas/data.php#pipelines, https://www.eia.gov/naturalgas/pipelines/EIA-NaturalGasPipelineProjects_Oct2025.xlsx"
Gas pipelines,Delay [ref],AO1335,1335,P2582,https://www.eia.gov/naturalgas/data.php#pipelines,"https://www.eia.gov/naturalgas/data.php#pipelines, https://www.eia.gov/naturalgas/pipelines/EIA-NaturalGasPipelineProjects_Oct2025.xlsx"
Gas pipelines,Capacity [ref],AZ1335,1335,P2582,https://www.eia.gov/naturalgas/data.php#pipelines,"https://www.eia.gov/naturalgas/data.php#pipelines, https://www.eia.gov/naturalgas/pipelines/EIA-NaturalGasPipelineProjects_Oct2025.xlsx"
Gas pipelines,Diameter,BM1335,1335,P2582,,42
Gas pipelines,DiameterUnits,BN1335,1335,P2582,,inches
Gas pipelines,Diameter [ref],BO1335,1335,P2582,,https://www.eia.gov/naturalgas/pipelines/EIA-NaturalGasPipelineProjects_Oct2025.xlsx
Gas pipelines,FuelSource [ref],BR1335,1335,P2582,,https://www.eia.gov/naturalgas/pipelines/EIA-NaturalGasPipelineProjects_Oct2025.xlsx
Gas pipelines,Location [ref],CF1335,1335,P2582,https://tankterminals.com/news/kinder-morgan-assess-options-for-permian-pass/,"https://tankterminals.com/news/kinder-morgan-assess-options-for-permian-pass/, https://www.eia.gov/naturalgas/pipelines/EIA-NaturalGasPipelineProjects_Oct2025.xlsx"
Gas pipelines,Fuel [ref],M1339,1339,P2600,https://www.eia.gov/naturalgas/data.php#pipelines,"https://www.eia.gov/naturalgas/data.php#pipelines, https://www.eia.gov/naturalgas/pipelines/EIA-NaturalGasPipelineProjectsAug2026.xlsx"
Gas pipelines,PipelineType [ref],O1339,1339,P2600,https://www.eia.gov/naturalgas/data.php#pipelines,"https://www.eia.gov/naturalgas/data.php#pipelines, https://www.eia.gov/naturalgas/pipelines/EIA-NaturalGasPipelineProjectsAug2026.xlsx"
Gas pipelines,ConstructionYear,AC1339,1339,P2600,,2022
Gas pipelines,Construction [ref],AE1339,1339,P2600,,https://www.eia.gov/naturalgas/pipelines/EIA-NaturalGasPipelineProjectsAug2026.xlsx
Gas pipelines,Diameter [ref],BO1339,1339,P2600,https://www.eia.gov/naturalgas/data.php#pipelines,"https://www.eia.gov/naturalgas/data.php#pipelines, https://www.eia.gov/naturalgas/pipelines/EIA-NaturalGasPipelineProjectsAug2026.xlsx"
Gas pipelines,FuelSource,BQ1339,1339,P2600,,natural gas
Gas pipelines,FuelSource [ref],BR1339,1339,P2600,,https://www.eia.gov/naturalgas/pipelines/EIA-NaturalGasPipelineProjectsAug2026.xlsx
Gas pipelines,Location [ref],CF1339,1339,P2600,,https://www.eia.gov/naturalgas/pipelines/EIA-NaturalGasPipelineProjectsAug2026.xlsx
Gas pipelines,SegmentCost [ref],CM1339,1339,P2600,https://www.eia.gov/naturalgas/data.php#pipelines,"https://www.eia.gov/naturalgas/data.php#pipelines, https://www.eia.gov/naturalgas/pipelines/EIA-NaturalGasPipelineProjectsAug2026.xlsx"
Gas pipelines,Status [ref],I1340,1340,P2601,https://www.eia.gov/naturalgas/data.php,"https://www.eia.gov/naturalgas/data.php, https://www.eia.gov/naturalgas/pipelines/EIA-NaturalGasPipelineProjectsAug2026.xlsx"
Gas pipelines,Fuel [ref],M1340,1340,P2601,https://www.eia.gov/naturalgas/data.php,"https://www.eia.gov/naturalgas/data.php, https://www.eia.gov/naturalgas/pipelines/EIA-NaturalGasPipelineProjectsAug2026.xlsx"
Gas pipelines,PipelineType [ref],O1340,1340,P2601,https://www.eia.gov/naturalgas/data.php,"https://www.eia.gov/naturalgas/data.php, https://www.eia.gov/naturalgas/pipelines/EIA-NaturalGasPipelineProjectsAug2026.xlsx"
Gas pipelines,Start [ref],AL1340,1340,P2601,https://www.eia.gov/naturalgas/data.php#pipelines,"https://www.eia.gov/naturalgas/data.php#pipelines, https://www.eia.gov/naturalgas/pipelines/EIA-NaturalGasPipelineProjectsAug2026.xlsx"
Gas pipelines,Length [ref],BI1340,1340,P2601,https://www.eia.gov/naturalgas/data.php#pipelines,"https://www.eia.gov/naturalgas/data.php#pipelines, https://www.eia.gov/naturalgas/pipelines/EIA-NaturalGasPipelineProjectsAug2026.xlsx"
Gas pipelines,Diameter [ref],BO1340,1340,P2601,https://www.eia.gov/naturalgas/data.php#pipelines,"https://www.eia.gov/naturalgas/data.php#pipelines, https://www.eia.gov/naturalgas/pipelines/EIA-NaturalGasPipelineProjectsAug2026.xlsx"
Gas pipelines,FuelSource [ref],BR1340,1340,P2601,https://www.eia.gov/naturalgas/data.php#pipelines,"https://www.eia.gov/naturalgas/data.php#pipelines, https://www.eia.gov/naturalgas/pipelines/EIA-NaturalGasPipelineProjectsAug2026.xlsx"
Gas pipelines,Location [ref],CF1340,1340,P2601,https://www.eia.gov/naturalgas/data.php#pipelines,"https://www.eia.gov/naturalgas/data.php#pipelines, https://www.eia.gov/naturalgas/pipelines/EIA-NaturalGasPipelineProjectsAug2026.xlsx"
Gas pipelines,SegmentCost [ref],CM1340,1340,P2601,https://www.eia.gov/naturalgas/data.php#pipelines,"https://www.eia.gov/naturalgas/data.php#pipelines, https://www.eia.gov/naturalgas/pipelines/EIA-NaturalGasPipelineProjectsAug2026.xlsx"
Gas pipelines,Fuel [ref],M1341,1341,P2602,https://www.eia.gov/naturalgas/data.php,"https://www.eia.gov/naturalgas/data.php, https://www.eia.gov/naturalgas/pipelines/EIA-NaturalGasPipelineProjectsAug2026.xlsx"
Gas pipelines,PipelineType [ref],O1341,1341,P2602,https://www.eia.gov/naturalgas/data.php,"https://www.eia.gov/naturalgas/data.php, https://www.eia.gov/naturalgas/pipelines/EIA-NaturalGasPipelineProjectsAug2026.xlsx"
Gas pipelines,ProposalYear,Z1341,1341,P2602,,2018
Gas pipelines,Proposal [ref],AB1341,1341,P2602,,https://www.eia.gov/naturalgas/pipelines/EIA-NaturalGasPipelineProjectsAug2026.xlsx
Gas pipelines,Shelved [ref],AR1341,1341,P2602,https://www.eia.gov/naturalgas/data.php,"https://www.eia.gov/naturalgas/data.php, https://www.eia.gov/naturalgas/pipelines/EIA-NaturalGasPipelineProjectsAug2026.xlsx"
Gas pipelines,Capacity [ref],AZ1341,1341,P2602,https://www.eia.gov/naturalgas/data.php,"https://www.eia.gov/naturalgas/data.php, https://www.eia.gov/naturalgas/pipelines/EIA-NaturalGasPipelineProjectsAug2026.xlsx"
Gas pipelines,Length [ref],BI1341,1341,P2602,https://www.eia.gov/naturalgas/data.php#pipelines,"https://www.eia.gov/naturalgas/data.php#pipelines, https://www.eia.gov/naturalgas/pipelines/EIA-NaturalGasPipelineProjectsAug2026.xlsx"
Gas pipelines,Diameter [ref],BO1341,1341,P2602,https://www.eia.gov/naturalgas/data.php#pipelines,"https://www.eia.gov/naturalgas/data.php#pipelines, https://www.eia.gov/naturalgas/pipelines/EIA-NaturalGasPipelineProjectsAug2026.xlsx"
Gas pipelines,Location [ref],CF1341,1341,P2602,https://www.eia.gov/naturalgas/data.php#pipelines,"https://www.eia.gov/naturalgas/data.php#pipelines, https://www.eia.gov/naturalgas/pipelines/EIA-NaturalGasPipelineProjectsAug2026.xlsx"
Gas pipelines,SegmentCost [ref],CM1341,1341,P2602,https://www.eia.gov/naturalgas/data.php#pipelines,"https://www.eia.gov/naturalgas/data.php#pipelines, https://www.eia.gov/naturalgas/pipelines/EIA-NaturalGasPipelineProjectsAug2026.xlsx"
Gas pipelines,Status [ref],I1342,1342,P2603,https://www.eia.gov/naturalgas/data.php#pipelines,"https://www.eia.gov/naturalgas/data.php#pipelines, https://web.archive.org/web/20230321195825/https://www.northernnaturalgas.com/expansionprojects/Pages/NorthernLights2019-Rochester.aspx, https://www.eia.gov/naturalgas/pipelines/EIA-NaturalGasPipelineProjectsAug2026.xlsx"
Gas pipelines,Fuel [ref],M1342,1342,P2603,https://www.eia.gov/naturalgas/data.php#pipelines,"https://www.eia.gov/naturalgas/data.php#pipelines, https://web.archive.org/web/20230321195825/https://www.northernnaturalgas.com/expansionprojects/Pages/NorthernLights2019-Rochester.aspx, https://www.eia.gov/naturalgas/pipelines/EIA-NaturalGasPipelineProjectsAug2026.xlsx"
Gas pipelines,PipelineType [ref],O1342,1342,P2603,https://www.eia.gov/naturalgas/data.php#pipelines,"https://www.eia.gov/naturalgas/data.php#pipelines, https://web.archive.org/web/20230321195825/https://www.northernnaturalgas.com/expansionprojects/Pages/NorthernLights2019-Rochester.aspx, https://www.eia.gov/naturalgas/pipelines/EIA-NaturalGasPipelineProjectsAug2026.xlsx"
Gas pipelines,ProposalYear,Z1342,1342,P2603,,2018
Gas pipelines,ProposalMonth,AA1342,1342,P2603,,7
Gas pipelines,Proposal [ref],AB1342,1342,P2603,,"https://web.archive.org/web/20230321195825/https://www.northernnaturalgas.com/expansionprojects/Pages/NorthernLights2019-Rochester.aspx, https://www.eia.gov/naturalgas/pipelines/EIA-NaturalGasPipelineProjects_Jan2019.xlsx"
Gas pipelines,ConstructionYear,AC1342,1342,P2603,,2019
Gas pipelines,Construction [ref],AE1342,1342,P2603,,"https://web.archive.org/web/20230321195825/https://www.northernnaturalgas.com/expansionprojects/Pages/NorthernLights2019-Rochester.aspx, https://www.eia.gov/naturalgas/pipelines/EIA-NaturalGasPipelineProjects_May2019.xlsx"
Gas pipelines,Start [ref],AL1342,1342,P2603,https://www.eia.gov/naturalgas/data.php#pipelines,"https://www.eia.gov/naturalgas/data.php#pipelines, https://web.archive.org/web/20230321195825/https://www.northernnaturalgas.com/expansionprojects/Pages/NorthernLights2019-Rochester.aspx, https://www.eia.gov/naturalgas/pipelines/EIA-NaturalGasPipelineProjectsAug2026.xlsx"
Gas pipelines,Capacity [ref],AZ1342,1342,P2603,https://www.eia.gov/naturalgas/data.php#pipelines,"https://www.eia.gov/naturalgas/data.php#pipelines, https://www.eia.gov/naturalgas/pipelines/EIA-NaturalGasPipelineProjectsAug2026.xlsx"
Gas pipelines,Length [ref],BI1342,1342,P2603,https://www.eia.gov/naturalgas/data.php#pipelines,"https://www.eia.gov/naturalgas/data.php#pipelines, https://web.archive.org/web/20230321195825/https://www.northernnaturalgas.com/expansionprojects/Pages/NorthernLights2019-Rochester.aspx, https://www.eia.gov/naturalgas/pipelines/EIA-NaturalGasPipelineProjectsAug2026.xlsx"
Gas pipelines,Diameter [ref],BO1342,1342,P2603,https://www.eia.gov/naturalgas/data.php#pipelines,"https://www.eia.gov/naturalgas/data.php#pipelines, https://web.archive.org/web/20230321195825/https://www.northernnaturalgas.com/expansionprojects/Pages/NorthernLights2019-Rochester.aspx, https://www.eia.gov/naturalgas/pipelines/EIA-NaturalGasPipelineProjectsAug2026.xlsx"
Gas pipelines,Location [ref],CF1342,1342,P2603,https://oilandgaswatch.org/pipeline/3343,"https://oilandgaswatch.org/pipeline/3343, https://web.archive.org/web/20230321195825/https://www.northernnaturalgas.com/expansionprojects/Pages/NorthernLights2019-Rochester.aspx, https://www.eia.gov/naturalgas/pipelines/EIA-NaturalGasPipelineProjectsAug2026.xlsx"
Gas pipelines,SegmentCost [ref],CM1342,1342,P2603,https://www.eia.gov/naturalgas/data.php#pipelines,"https://www.eia.gov/naturalgas/data.php#pipelines, https://www.eia.gov/naturalgas/pipelines/EIA-NaturalGasPipelineProjectsAug2026.xlsx"
Gas pipelines,Fuel [ref],M1350,1350,P2616,https://www.eia.gov/naturalgas/data.php,"https://www.eia.gov/naturalgas/data.php, https://www.eia.gov/naturalgas/pipelines/EIA-NaturalGasPipelineProjectsAug2026.xlsx"
Gas pipelines,PipelineType [ref],O1350,1350,P2616,https://www.eia.gov/naturalgas/data.php,"https://www.eia.gov/naturalgas/data.php, https://www.eia.gov/naturalgas/pipelines/EIA-NaturalGasPipelineProjectsAug2026.xlsx"
Gas pipelines,Shelved [ref],AR1350,1350,P2616,https://www.eia.gov/naturalgas/data.php,"https://www.eia.gov/naturalgas/data.php, https://www.eia.gov/naturalgas/pipelines/EIA-NaturalGasPipelineProjectsAug2026.xlsx"
Gas pipelines,Cancelled [ref],AT1350,1350,P2616,https://www.eia.gov/naturalgas/data.php,"https://www.eia.gov/naturalgas/data.php, https://www.eia.gov/naturalgas/pipelines/EIA-NaturalGasPipelineProjectsAug2026.xlsx"
Gas pipelines,Capacity [ref],AZ1350,1350,P2616,https://www.eia.gov/naturalgas/data.php,"https://www.eia.gov/naturalgas/data.php, https://www.eia.gov/naturalgas/pipelines/EIA-NaturalGasPipelineProjectsAug2026.xlsx"
Gas pipelines,Length [ref],BI1350,1350,P2616,https://www.eia.gov/naturalgas/data.php#pipelines,"https://www.eia.gov/naturalgas/data.php#pipelines, https://www.eia.gov/naturalgas/pipelines/EIA-NaturalGasPipelineProjectsAug2026.xlsx"
Gas pipelines,Diameter [ref],BO1350,1350,P2616,https://www.eia.gov/naturalgas/data.php,"https://www.eia.gov/naturalgas/data.php, https://www.eia.gov/naturalgas/pipelines/EIA-NaturalGasPipelineProjectsAug2026.xlsx"
Gas pipelines,Location [ref],CF1350,1350,P2616,https://www.eia.gov/naturalgas/data.php,"https://www.eia.gov/naturalgas/data.php, https://www.eia.gov/naturalgas/pipelines/EIA-NaturalGasPipelineProjectsAug2026.xlsx"
Gas pipelines,SegmentCost [ref],CM1350,1350,P2616,https://www.eia.gov/naturalgas/data.php,"https://www.eia.gov/naturalgas/data.php, https://www.eia.gov/naturalgas/pipelines/EIA-NaturalGasPipelineProjectsAug2026.xlsx"
Gas pipelines,Status [ref],I1354,1354,P2626,https://www.eia.gov/naturalgas/data.php#pipelines,"https://www.eia.gov/naturalgas/data.php#pipelines, https://www.eia.gov/naturalgas/pipelines/EIA-NaturalGasPipelineProjects_Jan2022.xlsx, https://www.eia.gov/naturalgas/pipelines/EIA-NaturalGasPipelineProjectsAug2026.xlsx"
Gas pipelines,Fuel [ref],M1354,1354,P2626,https://www.eia.gov/naturalgas/data.php#pipelines,"https://www.eia.gov/naturalgas/data.php#pipelines, https://bark-out.org/project/trail-west-pipeline/, https://www.eia.gov/naturalgas/pipelines/EIA-NaturalGasPipelineProjectsAug2026.xlsx"
Gas pipelines,PipelineType [ref],O1354,1354,P2626,https://www.eia.gov/naturalgas/data.php#pipelines,"https://www.eia.gov/naturalgas/data.php#pipelines, https://bark-out.org/project/trail-west-pipeline/, https://www.eia.gov/naturalgas/pipelines/EIA-NaturalGasPipelineProjectsAug2026.xlsx"
Gas pipelines,Start [ref],AL1354,1354,P2626,https://bark-out.org/project/trail-west-pipeline/,"https://bark-out.org/project/trail-west-pipeline/, https://www.sightline.org/2019/06/06/gas-industry-pnw-threats-despite-jay-inslee-opposition"
Gas pipelines,Length [ref],BI1354,1354,P2626,https://www.eia.gov/naturalgas/data.php#pipelines,"https://www.eia.gov/naturalgas/data.php#pipelines, https://www.eia.gov/naturalgas/pipelines/EIA-NaturalGasPipelineProjectsAug2026.xlsx"
Gas pipelines,Diameter [ref],BO1354,1354,P2626,https://www.eia.gov/naturalgas/data.php#pipelines,"https://www.eia.gov/naturalgas/data.php#pipelines, https://www.eia.gov/naturalgas/pipelines/EIA-NaturalGasPipelineProjectsAug2026.xlsx, https://bark-out.org/project/trail-west-pipeline/, https://www.sightline.org/2019/06/06/gas-industry-pnw-threats-despite-jay-inslee-opposition"
Gas pipelines,EndLocation,BY1354,1354,P2626,Portland,Molalla
Gas pipelines,SegmentCost [ref],CM1354,1354,P2626,https://www.eia.gov/naturalgas/data.php#pipelines,"https://www.eia.gov/naturalgas/data.php#pipelines, https://www.eia.gov/naturalgas/pipelines/EIA-NaturalGasPipelineProjectsAug2026.xlsx"
Gas pipelines,Status [ref],I1356,1356,P2628,https://oilandgaswatch.org/pipeline/3367,"https://oilandgaswatch.org/pipeline/3367, https://www.eia.gov/naturalgas/pipelines/EIA-NaturalGasPipelineProjectsAug2026.xlsx"
Gas pipelines,Fuel [ref],M1356,1356,P2628,https://www.eia.gov/naturalgas/data.php#pipelines,"https://www.eia.gov/naturalgas/data.php#pipelines, https://www.federalregister.gov/documents/2019/04/24/2019-08216/equitrans-midstream-corporation-amended-notice-of-intent-to-prepare-an-environmental-assessment-for"
Gas pipelines,PipelineType [ref],O1356,1356,P2628,https://www.eia.gov/naturalgas/data.php#pipelines,"https://www.eia.gov/naturalgas/data.php#pipelines, https://www.federalregister.gov/documents/2019/04/24/2019-08216/equitrans-midstream-corporation-amended-notice-of-intent-to-prepare-an-environmental-assessment-for"
Gas pipelines,Delay [ref],AO1356,1356,P2628,https://www.eia.gov/naturalgas/data.php#pipelines,"https://www.eia.gov/naturalgas/data.php#pipelines, https://www.eia.gov/naturalgas/pipelines/EIA-NaturalGasPipelineProjectsAug2026.xlsx"
Gas pipelines,Cancelled [ref],AT1356,1356,P2628,https://oilandgaswatch.org/pipeline/3367,"https://oilandgaswatch.org/pipeline/3367, https://www.eia.gov/naturalgas/pipelines/EIA-NaturalGasPipelineProjectsAug2026.xlsx"
Gas pipelines,Capacity [ref],AZ1356,1356,P2628,https://www.eia.gov/naturalgas/data.php#pipelines,"https://www.eia.gov/naturalgas/data.php#pipelines, https://www.eia.gov/naturalgas/pipelines/EIA-NaturalGasPipelineProjectsAug2026.xlsx"
Gas pipelines,Length [ref],BI1356,1356,P2628,https://www.eia.gov/naturalgas/data.php#pipelines,"https://www.eia.gov/naturalgas/data.php#pipelines, https://www.eia.gov/naturalgas/pipelines/EIA-NaturalGasPipelineProjectsAug2026.xlsx"
Gas pipelines,Diameter [ref],BO1356,1356,P2628,https://www.eia.gov/naturalgas/data.php#pipelines,"https://www.eia.gov/naturalgas/data.php#pipelines, https://www.eia.gov/naturalgas/pipelines/EIA-NaturalGasPipelineProjectsAug2026.xlsx"
Gas pipelines,EndState/Province,CA1356,1356,P2628,West Virgina,West Virginia
Gas pipelines,Location [ref],CF1356,1356,P2628,https://www.eia.gov/naturalgas/data.php#pipelines,https://www.eia.gov/naturalgas/pipelines/EIA-NaturalGasPipelineProjectsAug2026.xlsx
Gas pipelines,SegmentCost [ref],CM1356,1356,P2628,https://www.eia.gov/naturalgas/data.php#pipelines,"https://www.eia.gov/naturalgas/data.php#pipelines, https://www.eia.gov/naturalgas/pipelines/EIA-NaturalGasPipelineProjectsAug2026.xlsx"
Gas pipelines,Fuel [ref],M1394,1394,P2733,https://www.eia.gov/naturalgas/data.php#pipelines,"https://www.eia.gov/naturalgas/data.php#pipelines, https://www.nsenergybusiness.com/projects/hillabee-expansion-project/, https://www.ogj.com/pipelines-transportation/article/17249214/construction-nears-for-hillabee-expansion-project"
Gas pipelines,ProposalYear,Z1394,1394,P2733,,2014
Gas pipelines,ProposalMonth,AA1394,1394,P2733,,11
Gas pipelines,Proposal [ref],AB1394,1394,P2733,,"https://www.federalregister.gov/documents/2014/12/11/2014-29054/transcontinental-gas-pipe-line-company-llc-notice-of-application, http://spectrabusters.org/2014/11/21/williams-company-formal-filling-cp15-16-for-hillabee-expansion-project/"
Gas pipelines,ConstructionYear,AC1394,1394,P2733,,2016
Gas pipelines,ConstructionMonth,AD1394,1394,P2733,,5
Gas pipelines,Construction [ref],AE1394,1394,P2733,,"https://www.worldpipelines.com/project-news/14032016/williams-partners-to-begin-hillabee-expansion-construction-314/, https://www.ogj.com/pipelines-transportation/article/17249214/construction-nears-for-hillabee-expansion-project"
Gas pipelines,Capacity [ref],AZ1394,1394,P2733,https://www.eia.gov/naturalgas/data.php#pipelines,"https://www.eia.gov/naturalgas/data.php#pipelines, https://www.nsenergybusiness.com/projects/hillabee-expansion-project/, https://pgjonline.com/news/2017/07/first-phase-of-hillabee-expansion-completed"
Gas pipelines,Diameter,BM1394,1394,P2733,,"42, 48"
Gas pipelines,Diameter [ref],BO1394,1394,P2733,,https://www.nsenergybusiness.com/projects/hillabee-expansion-project/
Gas pipelines,Location [ref],CF1394,1394,P2733,,"https://www.ogj.com/pipelines-transportation/article/17249214/construction-nears-for-hillabee-expansion-project, https://www.nsenergybusiness.com/projects/hillabee-expansion-project/"
Gas pipelines,Status [ref],I1395,1395,P2734,https://www.eia.gov/naturalgas/data.php#pipelines,"https://www.eia.gov/naturalgas/data.php#pipelines, https://web.archive.org/web/20180630075855/https://www.ferc.gov/CalendarFiles/20170130140145-CP16-472-000.pdf, https://www.eia.gov/naturalgas/pipelines/EIA-NaturalGasPipelineProjectsAug2026.xlsx"
Gas pipelines,Fuel [ref],M1395,1395,P2734,https://www.eia.gov/naturalgas/data.php#pipelines,"https://www.eia.gov/naturalgas/data.php#pipelines, https://web.archive.org/web/20180630075855/https://www.ferc.gov/CalendarFiles/20170130140145-CP16-472-000.pdf, https://www.eia.gov/naturalgas/pipelines/EIA-NaturalGasPipelineProjectsAug2026.xlsx"
Gas pipelines,PipelineType [ref],O1395,1395,P2734,https://www.eia.gov/naturalgas/data.php#pipelines,"https://www.eia.gov/naturalgas/data.php#pipelines, https://web.archive.org/web/20180630075855/https://www.ferc.gov/CalendarFiles/20170130140145-CP16-472-000.pdf, https://www.eia.gov/naturalgas/pipelines/EIA-NaturalGasPipelineProjectsAug2026.xlsx"
Gas pipelines,ProposalYear,Z1395,1395,P2734,,2016
Gas pipelines,ProposalMonth,AA1395,1395,P2734,,6
Gas pipelines,Proposal [ref],AB1395,1395,P2734,,https://web.archive.org/web/20180630075855/https://www.ferc.gov/CalendarFiles/20170130140145-CP16-472-000.pdf
Gas pipelines,StartMonth1,AG1395,1395,P2734,,11
Gas pipelines,Start [ref],AL1395,1395,P2734,https://www.eia.gov/naturalgas/data.php#pipelines,"https://www.eia.gov/naturalgas/data.php#pipelines, https://web.archive.org/web/20180630075855/https://www.ferc.gov/CalendarFiles/20170130140145-CP16-472-000.pdf, https://www.eia.gov/naturalgas/pipelines/EIA-NaturalGasPipelineProjectsAug2026.xlsx"
Gas pipelines,Capacity [ref],AZ1395,1395,P2734,https://www.eia.gov/naturalgas/data.php#pipelines,"https://www.eia.gov/naturalgas/data.php#pipelines, https://web.archive.org/web/20180630075855/https://www.ferc.gov/CalendarFiles/20170130140145-CP16-472-000.pdf, https://www.eia.gov/naturalgas/pipelines/EIA-NaturalGasPipelineProjectsAug2026.xlsx"
Gas pipelines,Diameter [ref],BO1395,1395,P2734,https://www.eia.gov/naturalgas/data.php#pipelines,"https://www.eia.gov/naturalgas/data.php#pipelines, https://web.archive.org/web/20180630075855/https://www.ferc.gov/CalendarFiles/20170130140145-CP16-472-000.pdf, https://www.eia.gov/naturalgas/pipelines/EIA-NaturalGasPipelineProjectsAug2026.xlsx"
Gas pipelines,SegmentCost [ref],CM1395,1395,P2734,https://www.eia.gov/naturalgas/data.php#pipelines,"https://www.eia.gov/naturalgas/data.php#pipelines, https://www.eia.gov/naturalgas/pipelines/EIA-NaturalGasPipelineProjectsAug2026.xlsx"
Gas pipelines,Status [ref],I1396,1396,P2737,https://www.ogj.com/pipelines-transportation/lng/article/55296501/venture-global-withdraws-delta-lng-from-pre-filing-to-focus-on-plaquemines-expansion,"https://www.ogj.com/pipelines-transportation/lng/article/55296501/venture-global-withdraws-delta-lng-from-pre-filing-to-focus-on-plaquemines-expansion, https://www.offshore-technology.com/news/venture-global-withdraws-delta-lng-project/"
Gas pipelines,Fuel [ref],M1396,1396,P2737,https://www.eia.gov/naturalgas/data.php#pipelines,"https://www.eia.gov/naturalgas/data.php#pipelines, https://www.federalregister.gov/documents/2019/08/07/2019-16861/venture-global-delta-lng-llc-and-venture-global-delta-express-llc-notice-of-intent-to-prepare-an, https://www.theadvocate.com/baton_rouge/news/business/article_a309e57a-d654-11e9-bfaf-77e734ff81aa.html"
Gas pipelines,PipelineType [ref],O1396,1396,P2737,https://www.eia.gov/naturalgas/data.php#pipelines,"https://www.eia.gov/naturalgas/data.php#pipelines, https://www.federalregister.gov/documents/2019/08/07/2019-16861/venture-global-delta-lng-llc-and-venture-global-delta-express-llc-notice-of-intent-to-prepare-an, https://www.theadvocate.com/baton_rouge/news/business/article_a309e57a-d654-11e9-bfaf-77e734ff81aa.html"
Gas pipelines,Proposal [ref],AB1396,1396,P2737,https://energynews.us/2020/09/22/southeast/louisiana-lawmaker-paid-to-push-proposed-pipeline-through-black-indigenous-communities/,"https://energynews.us/2020/09/22/southeast/louisiana-lawmaker-paid-to-push-proposed-pipeline-through-black-indigenous-communities/, https://www.federalregister.gov/documents/2019/08/07/2019-16861/venture-global-delta-lng-llc-and-venture-global-delta-express-llc-notice-of-intent-to-prepare-an, https://www.theadvocate.com/baton_rouge/news/business/article_a309e57a-d654-11e9-bfaf-77e734ff81aa.html"
Gas pipelines,Start [ref],AL1396,1396,P2737,https://www.fractracker.org/2020/02/national-energy-petrochemical-map/,"https://www.fractracker.org/2020/02/national-energy-petrochemical-map/, https://naturalgasintel.com/news/venture-global-reveals-plans-for-third-louisiana-lng-terminal-targeting-2023-start-up/, https://www.theadvocate.com/baton_rouge/news/business/article_a309e57a-d654-11e9-bfaf-77e734ff81aa.html"
Gas pipelines,Shelved [ref],AR1396,1396,P2737,https://www.ogj.com/pipelines-transportation/lng/article/55296501/venture-global-withdraws-delta-lng-from-pre-filing-to-focus-on-plaquemines-expansion,"https://www.ogj.com/pipelines-transportation/lng/article/55296501/venture-global-withdraws-delta-lng-from-pre-filing-to-focus-on-plaquemines-expansion, https://www.offshore-technology.com/news/venture-global-withdraws-delta-lng-project/"
Gas pipelines,Capacity,AX1396,1396,P2737,,2000.0
Gas pipelines,CapacityUnits,AY1396,1396,P2737,,MMcf/d
Gas pipelines,Capacity [ref],AZ1396,1396,P2737,,https://www.eia.gov/naturalgas/pipelines/EIA-NaturalGasPipelineProjectsAug2026.xlsx
Gas pipelines,Length [ref],BI1396,1396,P2737,https://www.eia.gov/naturalgas/data.php#pipelines,"https://www.eia.gov/naturalgas/data.php#pipelines, https://www.federalregister.gov/documents/2019/08/07/2019-16861/venture-global-delta-lng-llc-and-venture-global-delta-express-llc-notice-of-intent-to-prepare-an, https://southerlymag.org/2020/09/17/public-records-show-a-louisiana-lawmaker-is-getting-paid-to-push-a-proposed-pipeline-through-black-indigenous-communities/"
Gas pipelines,Location [ref],CF1396,1396,P2737,https://oilandgaswatch.org/pipeline/3284,"https://oilandgaswatch.org/pipeline/3284, https://www.federalregister.gov/documents/2019/08/07/2019-16861/venture-global-delta-lng-llc-and-venture-global-delta-express-llc-notice-of-intent-to-prepare-an, https://www.theadvocate.com/baton_rouge/news/business/article_a309e57a-d654-11e9-bfaf-77e734ff81aa.html"
Gas pipelines,Status [ref],I1668,1668,P3171,https://www.tcenergy.com/operations/natural-gas/gas-transmission-northwest/,"https://www.tcenergy.com/operations/natural-gas/gas-transmission-northwest/, https://www.eia.gov/naturalgas/pipelines/EIA-NaturalGasPipelineProjectsAug2026.xlsx"
Gas pipelines,Fuel [ref],M1668,1668,P3171,https://www.tcenergy.com/operations/natural-gas/gas-transmission-northwest/,"https://www.tcenergy.com/operations/natural-gas/gas-transmission-northwest/, https://www.eia.gov/naturalgas/pipelines/EIA-NaturalGasPipelineProjectsAug2026.xlsx"
Gas pipelines,PipelineType [ref],O1668,1668,P3171,https://www.tcenergy.com/operations/natural-gas/gas-transmission-northwest/,"https://www.tcenergy.com/operations/natural-gas/gas-transmission-northwest/, http://tcplus.com/GTN, https://us-east-1.storage.xata.sh/m70jvtbk0kiboe951dh79h8oebcon23k"
Gas pipelines,Construction [ref],AE1668,1668,P3171,https://us-east-1.storage.xata.sh/m70jvtbk0kiboe951dh79h8oebcon23k,"https://us-east-1.storage.xata.sh/m70jvtbk0kiboe951dh79h8oebcon23k, https://www.eia.gov/naturalgas/pipelines/EIA-NaturalGasPipelineProjectsAug2026.xlsx"
Gas pipelines,Start [ref],AL1668,1668,P3171,https://www.tcenergy.com/operations/natural-gas/gas-transmission-northwest/,"https://www.tcenergy.com/operations/natural-gas/gas-transmission-northwest/, https://us-east-1.storage.xata.sh/m70jvtbk0kiboe951dh79h8oebcon23k, https://www.eia.gov/naturalgas/pipelines/EIA-NaturalGasPipelineProjectsAug2026.xlsx"
Gas pipelines,Capacity [ref],AZ1668,1668,P3171,https://bendbulletin.com/2023/10/20/feds-approve-gtn-xpress-natural-gas-pipeline-expansion/,"https://bendbulletin.com/2023/10/20/feds-approve-gtn-xpress-natural-gas-pipeline-expansion/, https://www.eia.gov/naturalgas/pipelines/EIA-NaturalGasPipelineProjectsAug2026.xlsx"
Gas pipelines,Length [ref],BI1668,1668,P3171,,"https://bendbulletin.com/2023/10/20/feds-approve-gtn-xpress-natural-gas-pipeline-expansion/, https://www.eia.gov/naturalgas/pipelines/EIA-NaturalGasPipelineProjectsAug2026.xlsx"
Gas pipelines,FuelSource [ref],BR1668,1668,P3171,https://tcplus.com/GTN,"https://tcplus.com/GTN, http://tcplus.com/GTN"
Gas pipelines,Fuel [ref],M1678,1678,P3187,https://www.eia.gov/naturalgas/data.php#pipelines,"https://www.eia.gov/naturalgas/data.php#pipelines, https://www.eia.gov/naturalgas/pipelines/EIA-NaturalGasPipelineProjectsAug2026.xlsx"
Gas pipelines,PipelineType [ref],O1678,1678,P3187,https://www.eia.gov/naturalgas/data.php#pipelines,"https://www.eia.gov/naturalgas/data.php#pipelines, https://www.eia.gov/naturalgas/pipelines/EIA-NaturalGasPipelineProjectsAug2026.xlsx"
Gas pipelines,Start [ref],AL1678,1678,P3187,,https://www.eia.gov/naturalgas/pipelines/EIA-NaturalGasPipelineProjectsAug2026.xlsx
Gas pipelines,LengthKnownUnits,BG1678,1678,P3187,km,mi
Gas pipelines,Length [ref],BI1678,1678,P3187,,https://www.tcenergy.com/operations/natural-gas/WRP/
Gas pipelines,Location [ref],CF1678,1678,P3187,,https://www.tcenergy.com/operations/natural-gas/WRP/
Gas pipelines,SegmentCost,CJ1678,1678,P3187,,5500000.0
Gas pipelines,SegmentCostUnits,CK1678,1678,P3187,,USD
Gas pipelines,SegmentCost [ref],CM1678,1678,P3187,,https://www.eia.gov/naturalgas/pipelines/EIA-NaturalGasPipelineProjectsAug2026.xlsx
Gas pipelines,Status [ref],I1679,1679,P3188,https://www.eia.gov/naturalgas/data.php#pipelines,"https://www.eia.gov/naturalgas/data.php#pipelines, https://www.eia.gov/naturalgas/pipelines/EIA-NaturalGasPipelineProjectsAug2026.xlsx, https://www.tcenergy.com/announcements/2025/2025-07-31-tc-energy-reports-strong-second-quarter-2025-operating-and-financial-results/"
Gas pipelines,Fuel [ref],M1679,1679,P3188,https://www.eia.gov/naturalgas/data.php#pipelines,"https://www.eia.gov/naturalgas/data.php#pipelines, https://www.federalregister.gov/documents/2020/10/15/2020-22779/columbia-gulf-transmission-llc-notice-of-application-and-establishing-intervention-deadline, https://www.eia.gov/naturalgas/pipelines/EIA-NaturalGasPipelineProjectsAug2026.xlsx"
Gas pipelines,ProposalYear,Z1679,1679,P3188,,2020
Gas pipelines,ProposalMonth,AA1679,1679,P3188,,9
Gas pipelines,Proposal [ref],AB1679,1679,P3188,,"https://www.federalregister.gov/documents/2020/10/15/2020-22779/columbia-gulf-transmission-llc-notice-of-application-and-establishing-intervention-deadline, https://www.eia.gov/naturalgas/pipelines/EIA-NaturalGasPipelineProjectsAug2026.xlsx"
Gas pipelines,ConstructionYear,AC1679,1679,P3188,,2024
Gas pipelines,Construction [ref],AE1679,1679,P3188,,"https://www.fisheries.noaa.gov/action/incidental-take-authorization-tc-energy-columbia-gulf-transmission-llcs-east-lateral-xpress, https://www.eia.gov/naturalgas/pipelines/EIA-NaturalGasPipelineProjects_Jan2024.xlsx"
Gas pipelines,StartMonth1,AG1679,1679,P3188,,5
Gas pipelines,Start [ref],AL1679,1679,P3188,https://www.eia.gov/naturalgas/data.php#pipelines,"https://www.eia.gov/naturalgas/data.php#pipelines, https://www.eia.gov/naturalgas/pipelines/EIA-NaturalGasPipelineProjectsAug2026.xlsx, https://www.tcenergy.com/announcements/2025/2025-07-31-tc-energy-reports-strong-second-quarter-2025-operating-and-financial-results/"
Gas pipelines,Capacity [ref],AZ1679,1679,P3188,https://www.eia.gov/naturalgas/data.php#pipelines,"https://www.eia.gov/naturalgas/data.php#pipelines, https://www.tcenergy.com/siteassets/pdfs/natural-gas/east-lateral-xpress-project/tc-east-lateral-xpress-fact-sheet.pdf, https://www.federalregister.gov/documents/2020/10/15/2020-22779/columbia-gulf-transmission-llc-notice-of-application-and-establishing-intervention-deadline, https://www.eia.gov/naturalgas/pipelines/EIA-NaturalGasPipelineProjects_Oct2025.xlsx"
Gas pipelines,Length [ref],BI1679,1679,P3188,https://www.eia.gov/naturalgas/data.php#pipelines,"https://www.eia.gov/naturalgas/data.php#pipelines, https://www.federalregister.gov/documents/2020/10/15/2020-22779/columbia-gulf-transmission-llc-notice-of-application-and-establishing-intervention-deadline, https://www.tcenergy.com/siteassets/pdfs/natural-gas/east-lateral-xpress-project/tc-east-lateral-xpress-fact-sheet.pdf, https://web.archive.org/web/20210517170909/https://gascompressionmagazine.com/2021/04/26/east-lateral-xpress-louisiana-compressor-project-gets-green-light/"
Gas pipelines,Diameter [ref],BO1679,1679,P3188,https://www.eia.gov/naturalgas/data.php#pipelines,"https://www.eia.gov/naturalgas/data.php#pipelines, https://www.federalregister.gov/documents/2020/10/15/2020-22779/columbia-gulf-transmission-llc-notice-of-application-and-establishing-intervention-deadline, https://www.tcenergy.com/siteassets/pdfs/natural-gas/east-lateral-xpress-project/tc-east-lateral-xpress-fact-sheet.pdf"
Gas pipelines,StartLocation,BS1679,1679,P3188,,"Columbia Gulf East Lateral EL-300, near Rayne"
Gas pipelines,EndLocation,BY1679,1679,P3188,,Plaquemines Parish meter station (Gator Express interconnect)
Gas pipelines,Location [ref],CF1679,1679,P3188,https://www.eia.gov/naturalgas/data.php#pipelines,"https://www.eia.gov/naturalgas/data.php#pipelines, https://www.tcenergy.com/siteassets/pdfs/natural-gas/east-lateral-xpress-project/tc-east-lateral-xpress-fact-sheet.pdf, https://www.federalregister.gov/documents/2020/10/15/2020-22779/columbia-gulf-transmission-llc-notice-of-application-and-establishing-intervention-deadline"
Gas pipelines,Fuel [ref],M1680,1680,P3189,https://www.eia.gov/naturalgas/data.php#pipelines,"https://www.eia.gov/naturalgas/data.php#pipelines, https://www.eia.gov/naturalgas/pipelines/EIA-NaturalGasPipelineProjectsAug2026.xlsx"
Gas pipelines,PipelineType [ref],O1680,1680,P3189,https://www.eia.gov/naturalgas/data.php#pipelines,"https://www.eia.gov/naturalgas/data.php#pipelines, https://www.eia.gov/naturalgas/pipelines/EIA-NaturalGasPipelineProjectsAug2026.xlsx"
Gas pipelines,Shelved [ref],AR1680,1680,P3189,,https://dis.puc.state.oh.us/DocumentRecord.aspx?DocID=606ea458-88fc-414d-9efd-ff65920cfdab
Gas pipelines,Length [ref],BI1680,1680,P3189,https://www.eia.gov/naturalgas/data.php#pipelines,"https://www.eia.gov/naturalgas/data.php#pipelines, https://www.eia.gov/naturalgas/pipelines/EIA-NaturalGasPipelineProjectsAug2026.xlsx"
Gas pipelines,Diameter [ref],BO1680,1680,P3189,https://www.eia.gov/naturalgas/data.php#pipelines,"https://www.eia.gov/naturalgas/data.php#pipelines, https://www.eia.gov/naturalgas/pipelines/EIA-NaturalGasPipelineProjectsAug2026.xlsx"
Gas pipelines,EndLocation,BY1680,1680,P3189,Maryville,Marysville
Gas pipelines,Location [ref],CF1680,1680,P3189,https://www.eia.gov/naturalgas/data.php#pipelines,https://www.eia.gov/naturalgas/pipelines/EIA-NaturalGasPipelineProjectsAug2026.xlsx
Gas pipelines,SegmentCost [ref],CM1680,1680,P3189,https://www.eia.gov/naturalgas/data.php#pipelines,"https://www.eia.gov/naturalgas/data.php#pipelines, https://www.eia.gov/naturalgas/pipelines/EIA-NaturalGasPipelineProjectsAug2026.xlsx"
Gas pipelines,Status [ref],I1683,1683,P3193,https://www.eastdaley.com/media-and-news/plaquemines-lng-takes-first-gas-in-project-milestone; https://naturalgasintel.com/news/portion-of-plaquemines-lngs-2-bcfd-pipeline-project-ready-for-service-venture-global-says/ ,"https://www.eastdaley.com/media-and-news/plaquemines-lng-takes-first-gas-in-project-milestone; https://naturalgasintel.com/news/portion-of-plaquemines-lngs-2-bcfd-pipeline-project-ready-for-service-venture-global-says/, https://www.sec.gov/Archives/edgar/data/2007855/000095012324007356/filename1.htm"
Gas pipelines,Fuel [ref],M1683,1683,P3193,,"https://www.ferc.gov/sites/default/files/2020-06/20190930152330-CP17-66-000.pdf, https://www.eia.gov/naturalgas/pipelines/EIA-NaturalGasPipelineProjectsAug2026.xlsx"
Gas pipelines,ProposalYear,Z1683,1683,P3193,,2017
Gas pipelines,ProposalMonth,AA1683,1683,P3193,,2
Gas pipelines,Proposal [ref],AB1683,1683,P3193,,"https://www.ferc.gov/sites/default/files/2020-06/20190930152330-CP17-66-000.pdf, https://www.federalregister.gov/documents/2017/03/22/2017-05671/venture-global-plaquemines-lng-llc-and-venture-global-gator-express-llc-notice-of-application"
Gas pipelines,StartMonth1,AG1683,1683,P3193,,5
Gas pipelines,Start [ref],AL1683,1683,P3193,https://naturalgasintel.com/news/portion-of-plaquemines-lngs-2-bcfd-pipeline-project-ready-for-service-venture-global-says/,"https://naturalgasintel.com/news/portion-of-plaquemines-lngs-2-bcfd-pipeline-project-ready-for-service-venture-global-says/, https://www.sec.gov/Archives/edgar/data/2007855/000095012324007356/filename1.htm, https://www.eia.gov/naturalgas/pipelines/EIA-NaturalGasPipelineProjectsAug2026.xlsx"
Gas pipelines,Capacity [ref],AZ1683,1683,P3193,,"https://www.ferc.gov/sites/default/files/2020-06/20190930152330-CP17-66-000.pdf, https://www.eia.gov/naturalgas/pipelines/EIA-NaturalGasPipelineProjectsAug2026.xlsx"
Gas pipelines,Length [ref],BI1683,1683,P3193,,"https://www.eia.gov/naturalgas/pipelines/EIA-NaturalGasPipelineProjectsAug2026.xlsx, https://www.ferc.gov/sites/default/files/2020-06/20190930152330-CP17-66-000.pdf"
Gas pipelines,Diameter [ref],BO1683,1683,P3193,,"https://www.ferc.gov/sites/default/files/2020-06/20190930152330-CP17-66-000.pdf, https://www.eia.gov/naturalgas/pipelines/EIA-NaturalGasPipelineProjectsAug2026.xlsx"
Gas pipelines,StartLocation,BS1683,1683,P3193,,Interconnection with Texas Eastern Transmission (Southwest Lateral TETCO)
Gas pipelines,StartState/Province,BU1683,1683,P3193,,Louisiana
Gas pipelines,Location [ref],CF1683,1683,P3193,,https://www.ferc.gov/sites/default/files/2020-06/20190930152330-CP17-66-000.pdf
Gas pipelines,SegmentCost,CJ1683,1683,P3193,,111000000.0
Gas pipelines,SegmentCostUnits,CK1683,1683,P3193,,USD
Gas pipelines,SegmentCost [ref],CM1683,1683,P3193,,https://www.ferc.gov/sites/default/files/2020-06/20190930152330-CP17-66-000.pdf
Gas pipelines,Status [ref],I1686,1686,P3196,,https://www.eia.gov/naturalgas/pipelines/EIA-NaturalGasPipelineProjectsAug2026.xlsx
Gas pipelines,Fuel [ref],M1686,1686,P3196,,https://www.eia.gov/naturalgas/pipelines/EIA-NaturalGasPipelineProjectsAug2026.xlsx
Gas pipelines,Cancelled [ref],AT1686,1686,P3196,,https://www.eia.gov/naturalgas/pipelines/EIA-NaturalGasPipelineProjectsAug2026.xlsx
Gas pipelines,Capacity [ref],AZ1686,1686,P3196,,https://www.eia.gov/naturalgas/pipelines/EIA-NaturalGasPipelineProjectsAug2026.xlsx
Gas pipelines,Length [ref],BI1686,1686,P3196,,https://www.eia.gov/naturalgas/pipelines/EIA-NaturalGasPipelineProjectsAug2026.xlsx
Gas pipelines,Diameter [ref],BO1686,1686,P3196,,https://www.eia.gov/naturalgas/pipelines/EIA-NaturalGasPipelineProjectsAug2026.xlsx
Gas pipelines,Location [ref],CF1686,1686,P3196,,https://www.eia.gov/naturalgas/pipelines/EIA-NaturalGasPipelineProjectsAug2026.xlsx
Gas pipelines,Fuel [ref],M1687,1687,P3197,https://www.eia.gov/naturalgas/data.php#pipelines,"https://www.eia.gov/naturalgas/data.php#pipelines, https://www.ferc.gov/sites/default/files/2020-10/cp20-21-000.pdf, https://semprainfrastructure.com/what-we-do/energy-networks/port-arthur-pipeline-louisiana-connector"
Gas pipelines,PipelineType [ref],O1687,1687,P3197,https://www.eia.gov/naturalgas/data.php#pipelines,"https://www.eia.gov/naturalgas/data.php#pipelines, https://www.ferc.gov/sites/default/files/2020-10/cp20-21-000.pdf, https://semprainfrastructure.com/what-we-do/energy-networks/port-arthur-pipeline-louisiana-connector"
Gas pipelines,Proposal [ref],AB1687,1687,P3197,https://www.federalregister.gov/documents/2023/10/13/2023-22693/port-arthur-pipeline-llc-notice-of-schedule-for-the-preparation-of-an-environmental-assessment-for,"https://www.federalregister.gov/documents/2023/10/13/2023-22693/port-arthur-pipeline-llc-notice-of-schedule-for-the-preparation-of-an-environmental-assessment-for, https://www.govinfo.gov/content/pkg/FR-2023-10-13/pdf/2023-22693.pdf"
Gas pipelines,Delay [ref],AO1687,1687,P3197,https://www.eia.gov/naturalgas/data.php#pipelines,"https://www.eia.gov/naturalgas/data.php#pipelines, https://www.ferc.gov/sites/default/files/2020-10/cp20-21-000.pdf, https://www.eia.gov/naturalgas/pipelines/EIA-NaturalGasPipelineProjectsAug2026.xlsx"
Gas pipelines,Capacity [ref],AZ1687,1687,P3197,https://www.eia.gov/naturalgas/data.php#pipelines,"https://www.eia.gov/naturalgas/data.php#pipelines, https://www.eia.gov/naturalgas/pipelines/EIA-NaturalGasPipelineProjectsAug2026.xlsx"
Gas pipelines,Length [ref],BI1687,1687,P3197,https://www.eia.gov/naturalgas/data.php#pipelines,"https://www.eia.gov/naturalgas/data.php#pipelines, https://www.ferc.gov/sites/default/files/2020-10/cp20-21-000.pdf, https://www.eia.gov/naturalgas/pipelines/EIA-NaturalGasPipelineProjectsAug2026.xlsx"
Gas pipelines,Location [ref],CF1687,1687,P3197,https://www.eia.gov/naturalgas/data.php#pipelines,"https://www.eia.gov/naturalgas/data.php#pipelines, https://www.ferc.gov/sites/default/files/2020-10/cp20-21-000.pdf, https://semprainfrastructure.com/what-we-do/energy-networks/port-arthur-pipeline-louisiana-connector"
Gas pipelines,SegmentCost [ref],CM1687,1687,P3197,,https://www.eia.gov/naturalgas/pipelines/EIA-NaturalGasPipelineProjectsAug2026.xlsx
Gas pipelines,Status [ref],I1719,1719,P3282,https://www.eia.gov/naturalgas/data.php#pipelines,"https://www.eia.gov/naturalgas/data.php#pipelines, https://www.eia.gov/naturalgas/pipelines/EIA-NaturalGasPipelineProjectsAug2026.xlsx, https://www.federalregister.gov/documents/2024/11/27/2024-27777/driftwood-pipeline-llc-notice-of-request-for-extension-of-time"
Gas pipelines,Fuel [ref],M1719,1719,P3282,https://www.eia.gov/naturalgas/data.php#pipelines,"https://www.eia.gov/naturalgas/data.php#pipelines, https://www.eia.gov/naturalgas/pipelines/EIA-NaturalGasPipelineProjectsAug2026.xlsx, https://www.federalregister.gov/documents/2021/07/07/2021-14468/driftwood-pipeline-llc-notice-of-application-and-establishing-intervention-deadline"
Gas pipelines,PipelineType [ref],O1719,1719,P3282,https://www.eia.gov/naturalgas/data.php#pipelines,"https://www.eia.gov/naturalgas/data.php#pipelines, https://www.federalregister.gov/documents/2021/07/07/2021-14468/driftwood-pipeline-llc-notice-of-application-and-establishing-intervention-deadline, https://www.eia.gov/naturalgas/pipelines/EIA-NaturalGasPipelineProjectsAug2026.xlsx"
Gas pipelines,ProposalYear,Z1719,1719,P3282,,2021
Gas pipelines,ProposalMonth,AA1719,1719,P3282,,6
Gas pipelines,Proposal [ref],AB1719,1719,P3282,,"https://www.federalregister.gov/documents/2021/07/07/2021-14468/driftwood-pipeline-llc-notice-of-application-and-establishing-intervention-deadline, https://www.williams.com/wp-content/uploads/sites/14/2026/03/Driftwood-Line-200-Project-Fact-Sheet.pdf"
Gas pipelines,ConstructionYear,AC1719,1719,P3282,,2026
Gas pipelines,Construction [ref],AE1719,1719,P3282,,"https://www.eia.gov/naturalgas/pipelines/EIA-NaturalGasPipelineProjectsAug2026.xlsx, https://www.williams.com/wp-content/uploads/sites/14/2026/03/Driftwood-Line-200-Project-Fact-Sheet.pdf"
Gas pipelines,Delay [ref],AO1719,1719,P3282,https://oilandgaswatch.org/pipeline/4199,"https://oilandgaswatch.org/pipeline/4199, https://www.federalregister.gov/documents/2024/11/27/2024-27777/driftwood-pipeline-llc-notice-of-request-for-extension-of-time, https://www.eia.gov/naturalgas/pipelines/EIA-NaturalGasPipelineProjectsAug2026.xlsx"
Gas pipelines,Capacity [ref],AZ1719,1719,P3282,https://www.eia.gov/naturalgas/data.php ,"https://www.eia.gov/naturalgas/data.php, https://www.eia.gov/naturalgas/pipelines/EIA-NaturalGasPipelineProjectsAug2026.xlsx"
Gas pipelines,Length [ref],BI1719,1719,P3282,https://cdxapps.epa.gov/cdx-enepa-II/public/action/eis/details?eisId=378210,"https://cdxapps.epa.gov/cdx-enepa-II/public/action/eis/details?eisId=378210, https://www.eia.gov/naturalgas/pipelines/EIA-NaturalGasPipelineProjectsAug2026.xlsx, https://www.williams.com/wp-content/uploads/sites/14/2026/03/Driftwood-Line-200-Project-Fact-Sheet.pdf"
Gas pipelines,EndPrefecture/District,BZ1719,1719,P3282,,Calcasieu Parish
Gas pipelines,Location [ref],CF1719,1719,P3282,https://www.eia.gov/naturalgas/data.php#pipelines,"https://www.eia.gov/naturalgas/data.php#pipelines, https://www.eia.gov/naturalgas/pipelines/EIA-NaturalGasPipelineProjectsAug2026.xlsx, https://www.federalregister.gov/documents/2021/07/07/2021-14468/driftwood-pipeline-llc-notice-of-application-and-establishing-intervention-deadline"
Gas pipelines,SegmentCost [ref],CM1719,1719,P3282,https://ir.tellurianinc.com/press-releases/detail/274/tellurians-driftwood-natural-gas-transmission-pipeline; https://www.eia.gov/naturalgas/data.php#pipelines,"https://ir.tellurianinc.com/press-releases/detail/274/tellurians-driftwood-natural-gas-transmission-pipeline; https://www.eia.gov/naturalgas/data.php#pipelines, https://www.eia.gov/naturalgas/pipelines/EIA-NaturalGasPipelineProjectsAug2026.xlsx"
Gas pipelines,Status,H1885,1885,P3664,construction,shelved
Gas pipelines,Status [ref],I1885,1885,P3664,https://www.eia.gov/naturalgas/data.php#pipelines,"https://www.sec.gov/Archives/edgar/data/1276187/000127618726000013/et-20251231.htm, https://www.energy.gov/documents/20260401lclng-export-doefe-ordernos32523868sarptirpdf, https://naturalgasintel.com/news/energy-transfer-drops-plans-for-lake-charles-lng-after-lengthy-battle-to-develop-project/, https://americanpress.com/2025/12/22/breaking-energy-transfer-suspends-lake-charles-lng-project/, https://www.eia.gov/naturalgas/data.php#pipelines, https://www.eia.gov/naturalgas/pipelines/EIA-NaturalGasPipelineProjects_Apr2025.xlsx"
Gas pipelines,Fuel [ref],M1885,1885,P3664,https://www.eia.gov/naturalgas/data.php#pipelines,"https://www.eia.gov/naturalgas/data.php#pipelines, https://aglaw.psu.edu/wp-content/uploads/2021/02/Lake-Charles-LNG-FERC-Order-Dec.-17-2015.pdf, https://www.eia.gov/naturalgas/pipelines/EIA-NaturalGasPipelineProjects_May2026.xlsx"
Gas pipelines,PipelineType [ref],O1885,1885,P3664,https://www.eia.gov/naturalgas/data.php#pipelines,"https://www.eia.gov/naturalgas/data.php#pipelines, https://aglaw.psu.edu/wp-content/uploads/2021/02/Lake-Charles-LNG-FERC-Order-Dec.-17-2015.pdf, https://www.eia.gov/naturalgas/pipelines/EIA-NaturalGasPipelineProjects_May2026.xlsx"
Gas pipelines,Proposal [ref],AB1885,1885,P3664,https://www.eia.gov/naturalgas/data.php#pipelines,"https://www.eia.gov/naturalgas/data.php#pipelines, https://aglaw.psu.edu/wp-content/uploads/2021/02/Lake-Charles-LNG-FERC-Order-Dec.-17-2015.pdf, https://www.eia.gov/naturalgas/pipelines/EIA-NaturalGasPipelineProjects_May2026.xlsx"
Gas pipelines,Start [ref],AL1885,1885,P3664,https://www.eia.gov/naturalgas/data.php#pipelines,"https://www.eia.gov/naturalgas/data.php#pipelines, https://www.eia.gov/naturalgas/pipelines/EIA-NaturalGasPipelineProjects_May2026.xlsx, https://www.energy.gov/documents/20260401lclng-export-doefe-ordernos32523868sarptirpdf"
Gas pipelines,Delay [ref],AO1885,1885,P3664,https://www.eia.gov/naturalgas/data.php#pipelines,"https://www.eia.gov/naturalgas/data.php#pipelines, https://www.eia.gov/naturalgas/pipelines/EIA-NaturalGasPipelineProjects_May2026.xlsx, https://www.energy.gov/documents/20260401lclng-export-doefe-ordernos32523868sarptirpdf"
Gas pipelines,ShelvedYear,AQ1885,1885,P3664,,2025
Gas pipelines,ShelvedCancelledType,AW1885,1885,P3664,,confirmed
Gas pipelines,Capacity [ref],AZ1885,1885,P3664,https://www.eia.gov/naturalgas/data.php#pipelines,"https://www.eia.gov/naturalgas/data.php#pipelines, https://aglaw.psu.edu/wp-content/uploads/2021/02/Lake-Charles-LNG-FERC-Order-Dec.-17-2015.pdf, https://www.eia.gov/naturalgas/pipelines/EIA-NaturalGasPipelineProjects_May2026.xlsx"
Gas pipelines,Length [ref],BI1885,1885,P3664,https://www.eia.gov/naturalgas/data.php#pipelines,"https://www.eia.gov/naturalgas/data.php#pipelines, https://aglaw.psu.edu/wp-content/uploads/2021/02/Lake-Charles-LNG-FERC-Order-Dec.-17-2015.pdf, https://www.eia.gov/naturalgas/pipelines/EIA-NaturalGasPipelineProjects_May2026.xlsx"
Gas pipelines,Diameter [ref],BO1885,1885,P3664,https://api.oilandgaswatch.org/d/15/5d/155d7463a0614dcea6290a241a622bd2.1651871525.pdf,"https://api.oilandgaswatch.org/d/15/5d/155d7463a0614dcea6290a241a622bd2.1651871525.pdf, https://aglaw.psu.edu/wp-content/uploads/2021/02/Lake-Charles-LNG-FERC-Order-Dec.-17-2015.pdf"
Gas pipelines,Location [ref],CF1885,1885,P3664,https://www.eia.gov/naturalgas/data.php#pipelines,"https://www.eia.gov/naturalgas/data.php#pipelines, https://aglaw.psu.edu/wp-content/uploads/2021/02/Lake-Charles-LNG-FERC-Order-Dec.-17-2015.pdf, https://www.energy.gov/documents/20260401lclng-export-doefe-ordernos32523868sarptirpdf, https://www.eia.gov/naturalgas/pipelines/EIA-NaturalGasPipelineProjects_May2026.xlsx"
Gas pipelines,Status [ref],I1899,1899,P3882,"https://www.hartenergy.com/exclusives/enlink-expects-matterhorn-line-operational-september-210062, https://www.bloomberg.com/news/articles/2024-10-01/permian-gas-starts-flowing-via-matterhorn-pipeline-in-texas","https://www.hartenergy.com/exclusives/enlink-expects-matterhorn-line-operational-september-210062, https://www.bloomberg.com/news/articles/2024-10-01/permian-gas-starts-flowing-via-matterhorn-pipeline-in-texas, https://www.eia.gov/naturalgas/pipelines/EIA-NaturalGasPipelineProjects_Oct2024.xlsx"
Gas pipelines,Fuel [ref],M1899,1899,P3882,,https://www.eia.gov/naturalgas/pipelines/EIA-NaturalGasPipelineProjects_Oct2024.xlsx
Gas pipelines,Start [ref],AL1899,1899,P3882,https://www.bloomberg.com/news/articles/2024-10-01/permian-gas-starts-flowing-via-matterhorn-pipeline-in-texas,"https://www.bloomberg.com/news/articles/2024-10-01/permian-gas-starts-flowing-via-matterhorn-pipeline-in-texas, https://www.eia.gov/naturalgas/pipelines/EIA-NaturalGasPipelineProjects_Oct2024.xlsx"
Gas pipelines,Capacity [ref],AZ1899,1899,P3882,,https://www.eia.gov/naturalgas/pipelines/EIA-NaturalGasPipelineProjects_Oct2024.xlsx
Gas pipelines,Diameter [ref],BO1899,1899,P3882,,https://www.eia.gov/naturalgas/pipelines/EIA-NaturalGasPipelineProjects_Oct2024.xlsx
Gas pipelines,FuelSource [ref],BR1899,1899,P3882,,https://www.eia.gov/naturalgas/pipelines/EIA-NaturalGasPipelineProjects_Oct2024.xlsx
Gas pipelines,EndLocation,BY1899,1899,P3882,,Katy
Gas pipelines,Location [ref],CF1899,1899,P3882,https://www.mrt.com/business/oil/article/matterhorn-express-pipeline-19613239.php ,"https://www.mrt.com/business/oil/article/matterhorn-express-pipeline-19613239.php, https://www.eia.gov/naturalgas/pipelines/EIA-NaturalGasPipelineProjects_Oct2024.xlsx"
Gas pipelines,Status [ref],I1900,1900,P3884,https://www.ogj.com/pipelines-transportation/pipelines/article/14302531/kinder-morgans-permian-highway-pipeline-expansion-enters-service,"https://www.ogj.com/pipelines-transportation/pipelines/article/14302531/kinder-morgans-permian-highway-pipeline-expansion-enters-service, https://www.eia.gov/naturalgas/pipelines/EIA-NaturalGasPipelineProjectsAug2026.xlsx"
Gas pipelines,Fuel [ref],M1900,1900,P3884,,https://www.eia.gov/naturalgas/pipelines/EIA-NaturalGasPipelineProjectsAug2026.xlsx
Gas pipelines,Proposal [ref],AB1900,1900,P3884,,https://www.eia.gov/naturalgas/pipelines/EIA-NaturalGasPipelineProjectsAug2026.xlsx
Gas pipelines,Start [ref],AL1900,1900,P3884,https://www.ogj.com/pipelines-transportation/pipelines/article/14302531/kinder-morgans-permian-highway-pipeline-expansion-enters-service,"https://www.ogj.com/pipelines-transportation/pipelines/article/14302531/kinder-morgans-permian-highway-pipeline-expansion-enters-service, https://www.eia.gov/naturalgas/pipelines/EIA-NaturalGasPipelineProjectsAug2026.xlsx"
Gas pipelines,Capacity [ref],AZ1900,1900,P3884,https://www.ogj.com/pipelines-transportation/pipelines/article/14302531/kinder-morgans-permian-highway-pipeline-expansion-enters-service,"https://www.ogj.com/pipelines-transportation/pipelines/article/14302531/kinder-morgans-permian-highway-pipeline-expansion-enters-service, https://www.eia.gov/naturalgas/pipelines/EIA-NaturalGasPipelineProjectsAug2026.xlsx"
Gas pipelines,Length [ref],BI1900,1900,P3884,https://www.kindermorgan.com/getmedia/b9325d90-2d5e-4b96-b609-a35d22cc23cd/PHP-Expansion-Project-Fact-Sheet-July-2022_-REV4.pdf,"https://www.kindermorgan.com/getmedia/b9325d90-2d5e-4b96-b609-a35d22cc23cd/PHP-Expansion-Project-Fact-Sheet-July-2022_-REV4.pdf, https://www.eia.gov/naturalgas/pipelines/EIA-NaturalGasPipelineProjectsAug2026.xlsx"
Gas pipelines,FuelSource [ref],BR1900,1900,P3884,,https://www.kindermorgan.com/getmedia/b9325d90-2d5e-4b96-b609-a35d22cc23cd/PHP-Expansion-Project-Fact-Sheet-July-2022_-REV4.pdf
Gas pipelines,SegmentCost [ref],CM1900,1900,P3884,,https://www.kindermorgan.com/getmedia/b9325d90-2d5e-4b96-b609-a35d22cc23cd/PHP-Expansion-Project-Fact-Sheet-July-2022_-REV4.pdf
Gas pipelines,FID [ref],CR1900,1900,P3884,,https://www.eia.gov/naturalgas/pipelines/EIA-NaturalGasPipelineProjectsAug2026.xlsx
Gas pipelines,Status,H1901,1901,P3885,construction,operating
Gas pipelines,Status [ref],I1901,1901,P3885,https://www.eia.gov/naturalgas/data.php#pipelines,"https://www.eia.gov/naturalgas/pipelines/EIA-NaturalGasPipelineProjectsAug2026.xlsx, https://www.sec.gov/Archives/edgar/data/0001276187/000127618726000033/ex991eterq22026.htm, https://www.eia.gov/naturalgas/data.php#pipelines"
Gas pipelines,Fuel [ref],M1901,1901,P3885,https://www.eia.gov/naturalgas/data.php#pipelines,"https://www.eia.gov/naturalgas/data.php#pipelines, https://www.eia.gov/naturalgas/pipelines/EIA-NaturalGasPipelineProjectsAug2026.xlsx"
Gas pipelines,PipelineType [ref],O1901,1901,P3885,https://www.eia.gov/naturalgas/data.php#pipelines,"https://www.eia.gov/naturalgas/data.php#pipelines, https://www.eia.gov/naturalgas/pipelines/EIA-NaturalGasPipelineProjectsAug2026.xlsx"
Gas pipelines,Proposal [ref],AB1901,1901,P3885,https://www.eia.gov/naturalgas/data.php#pipelines,"https://www.eia.gov/naturalgas/data.php#pipelines, https://www.eia.gov/naturalgas/pipelines/EIA-NaturalGasPipelineProjectsAug2026.xlsx"
Gas pipelines,Construction [ref],AE1901,1901,P3885,https://www.eia.gov/naturalgas/data.php#pipelines,"https://www.eia.gov/naturalgas/data.php#pipelines, https://www.eia.gov/naturalgas/pipelines/EIA-NaturalGasPipelineProjectsAug2026.xlsx"
Gas pipelines,Start [ref],AL1901,1901,P3885,https://www.eia.gov/naturalgas/data.php#pipelines,"https://www.eia.gov/naturalgas/data.php#pipelines, https://www.eia.gov/naturalgas/pipelines/EIA-NaturalGasPipelineProjectsAug2026.xlsx"
Gas pipelines,Length [ref],BI1901,1901,P3885,https://www.eia.gov/naturalgas/data.php#pipelines,"https://www.eia.gov/naturalgas/data.php#pipelines, https://www.eia.gov/naturalgas/pipelines/EIA-NaturalGasPipelineProjectsAug2026.xlsx"
Gas pipelines,Diameter [ref],BO1901,1901,P3885,https://www.eia.gov/naturalgas/data.php#pipelines,"https://www.eia.gov/naturalgas/data.php#pipelines, https://www.eia.gov/naturalgas/pipelines/EIA-NaturalGasPipelineProjectsAug2026.xlsx"
Gas pipelines,FuelSource [ref],BR1901,1901,P3885,https://www.ogj.com/pipelines-transportation/pipelines/article/14305366/energy-transfers-warrior-permian-natural-gas-pipeline-25-committed,"https://www.ogj.com/pipelines-transportation/pipelines/article/14305366/energy-transfers-warrior-permian-natural-gas-pipeline-25-committed, https://www.eia.gov/naturalgas/pipelines/EIA-NaturalGasPipelineProjectsAug2026.xlsx"
Gas pipelines,Location [ref],CF1901,1901,P3885,https://www.ogj.com/pipelines-transportation/pipelines/article/14305366/energy-transfers-warrior-permian-natural-gas-pipeline-25-committed; https://bhlawgroup.com/about-the-warrior-pipeline-project/; https://oilandgaswatch.org/pipeline/5092  ,"https://www.ogj.com/pipelines-transportation/pipelines/article/14305366/energy-transfers-warrior-permian-natural-gas-pipeline-25-committed; https://bhlawgroup.com/about-the-warrior-pipeline-project/; https://oilandgaswatch.org/pipeline/5092, https://www.eia.gov/naturalgas/pipelines/EIA-NaturalGasPipelineProjectsAug2026.xlsx"
Gas pipelines,SegmentCost [ref],CM1901,1901,P3885,https://www.eia.gov/naturalgas/data.php#pipelines,"https://www.eia.gov/naturalgas/data.php#pipelines, https://www.eia.gov/naturalgas/pipelines/EIA-NaturalGasPipelineProjectsAug2026.xlsx"
Gas pipelines,FID [ref],CR1901,1901,P3885,https://www.eia.gov/naturalgas/data.php#pipelines,"https://www.eia.gov/naturalgas/data.php#pipelines, https://www.eia.gov/naturalgas/pipelines/EIA-NaturalGasPipelineProjectsAug2026.xlsx"
Gas pipelines,Fuel [ref],M1902,1902,P3886,https://www.eia.gov/naturalgas/data.php#pipelines,"https://www.eia.gov/naturalgas/data.php#pipelines, https://www.eia.gov/naturalgas/pipelines/EIA-NaturalGasPipelineProjectsAug2026.xlsx"
Gas pipelines,PipelineType [ref],O1902,1902,P3886,https://www.eia.gov/naturalgas/data.php#pipelines,"https://www.eia.gov/naturalgas/data.php#pipelines, https://ir.kindermorgan.com/news/news-details/2022/Gulf-Coast-Express-Pipeline-Announces-Open-Season-for-Expansion-Project/default.aspx"
Gas pipelines,Proposal [ref],AB1902,1902,P3886,https://www.thebusinessresearchcompany.com/report/hydrogen-generation-global-market-report,"https://www.thebusinessresearchcompany.com/report/hydrogen-generation-global-market-report, https://ir.kindermorgan.com/news/news-details/2022/Gulf-Coast-Express-Pipeline-Announces-Open-Season-for-Expansion-Project/default.aspx"
Gas pipelines,Construction [ref],AE1902,1902,P3886,https://www.eia.gov/naturalgas/data.php#pipelines,"https://www.eia.gov/naturalgas/data.php#pipelines, https://www.eia.gov/naturalgas/pipelines/EIA-NaturalGasPipelineProjectsAug2026.xlsx"
Gas pipelines,Start [ref],AL1902,1902,P3886,https://www.eia.gov/naturalgas/data.php#pipelines,"https://www.eia.gov/naturalgas/data.php#pipelines, https://www.eia.gov/naturalgas/pipelines/EIA-NaturalGasPipelineProjectsAug2026.xlsx"
Gas pipelines,Delay [ref],AO1902,1902,P3886,,https://www.eia.gov/naturalgas/pipelines/EIA-NaturalGasPipelineProjectsAug2026.xlsx
Gas pipelines,Capacity [ref],AZ1902,1902,P3886,https://www.eia.gov/naturalgas/data.php#pipelines,"https://www.eia.gov/naturalgas/data.php#pipelines, https://www.eia.gov/naturalgas/pipelines/EIA-NaturalGasPipelineProjectsAug2026.xlsx"
Gas pipelines,Length [ref],BI1902,1902,P3886,https://www.eia.gov/naturalgas/data.php#pipelines,"https://www.eia.gov/naturalgas/data.php#pipelines, https://ir.kindermorgan.com/news/news-details/2022/Gulf-Coast-Express-Pipeline-Announces-Open-Season-for-Expansion-Project/default.aspx"
Gas pipelines,FuelSource [ref],BR1902,1902,P3886,https://www.kindermorgan.com/Operations/Projects/GCX-Expansion-Project,"https://www.kindermorgan.com/Operations/Projects/GCX-Expansion-Project, https://ir.kindermorgan.com/news/news-details/2022/Gulf-Coast-Express-Pipeline-Announces-Open-Season-for-Expansion-Project/default.aspx"
Gas pipelines,Location [ref],CF1902,1902,P3886,https://www.fractracker.org/2020/02/national-energy-petrochemical-map/,"https://www.fractracker.org/2020/02/national-energy-petrochemical-map/, https://ir.kindermorgan.com/news/news-details/2022/Gulf-Coast-Express-Pipeline-Announces-Open-Season-for-Expansion-Project/default.aspx"
Gas pipelines,SegmentCost [ref],CM1902,1902,P3886,https://www.eia.gov/naturalgas/data.php#pipelines,"https://www.eia.gov/naturalgas/data.php#pipelines, https://www.eia.gov/naturalgas/pipelines/EIA-NaturalGasPipelineProjectsAug2026.xlsx"
Gas pipelines,FID [ref],CR1902,1902,P3886,https://www.eia.gov/naturalgas/data.php#pipelines,"https://www.eia.gov/naturalgas/data.php#pipelines, https://www.eia.gov/naturalgas/pipelines/EIA-NaturalGasPipelineProjectsAug2026.xlsx"
Gas pipelines,Status [ref],I1948,1948,P3942,https://www.eia.gov/naturalgas/data.php#pipelines,"https://www.eia.gov/naturalgas/data.php#pipelines, https://ferc.gov/sites/default/files/2021-05/C-2.pdf, https://www.eia.gov/naturalgas/pipelines/EIA-NaturalGasPipelineProjectsAug2026.xlsx"
Gas pipelines,Fuel [ref],M1948,1948,P3942,https://www.eia.gov/naturalgas/data.php#pipelines,"https://www.eia.gov/naturalgas/data.php#pipelines, https://ferc.gov/sites/default/files/2021-05/C-2.pdf, https://www.eia.gov/naturalgas/pipelines/EIA-NaturalGasPipelineProjectsAug2026.xlsx"
Gas pipelines,PipelineType [ref],O1948,1948,P3942,https://www.eia.gov/naturalgas/data.php#pipelines,"https://www.eia.gov/naturalgas/data.php#pipelines, https://ferc.gov/sites/default/files/2021-05/C-2.pdf, https://www.eia.gov/naturalgas/pipelines/EIA-NaturalGasPipelineProjectsAug2026.xlsx"
Gas pipelines,ProposalYear,Z1948,1948,P3942,,2020
Gas pipelines,ProposalMonth,AA1948,1948,P3942,,7
Gas pipelines,Proposal [ref],AB1948,1948,P3942,,"https://ferc.gov/sites/default/files/2021-05/C-2.pdf, https://www.eia.gov/naturalgas/pipelines/EIA-NaturalGasPipelineProjects_Jan2021.xlsx"
Gas pipelines,ConstructionYear,AC1948,1948,P3942,,2021
Gas pipelines,Construction [ref],AE1948,1948,P3942,,"https://ferc.gov/sites/default/files/2021-05/C-2.pdf, https://www.eia.gov/naturalgas/pipelines/EIA-NaturalGasPipelineProjects_Jul2021.xlsx"
Gas pipelines,Start [ref],AL1948,1948,P3942,https://www.eia.gov/naturalgas/data.php#pipelines,"https://www.eia.gov/naturalgas/data.php#pipelines, https://www.eia.gov/naturalgas/pipelines/EIA-NaturalGasPipelineProjectsAug2026.xlsx"
Gas pipelines,Delay [ref],AO1948,1948,P3942,https://www.eia.gov/naturalgas/data.php#pipelines,"https://www.eia.gov/naturalgas/data.php#pipelines, https://ferc.gov/sites/default/files/2021-05/C-2.pdf, https://www.eia.gov/naturalgas/pipelines/EIA-NaturalGasPipelineProjectsAug2026.xlsx"
Gas pipelines,Capacity [ref],AZ1948,1948,P3942,https://www.eia.gov/naturalgas/data.php#pipelines,"https://www.eia.gov/naturalgas/data.php#pipelines, https://ferc.gov/sites/default/files/2021-05/C-2.pdf, https://www.eia.gov/naturalgas/pipelines/EIA-NaturalGasPipelineProjectsAug2026.xlsx"
Gas pipelines,Diameter [ref],BO1948,1948,P3942,https://www.eia.gov/naturalgas/data.php#pipelines,"https://www.eia.gov/naturalgas/data.php#pipelines, https://ferc.gov/sites/default/files/2021-05/C-2.pdf, https://www.eia.gov/naturalgas/pipelines/EIA-NaturalGasPipelineProjectsAug2026.xlsx"
Gas pipelines,Location [ref],CF1948,1948,P3942,https://www.eia.gov/naturalgas/data.php#pipelines,"https://www.eia.gov/naturalgas/data.php#pipelines, https://ferc.gov/sites/default/files/2021-05/C-2.pdf, https://www.eia.gov/naturalgas/pipelines/EIA-NaturalGasPipelineProjectsAug2026.xlsx"
Gas pipelines,SegmentCost [ref],CM1948,1948,P3942,https://www.eia.gov/naturalgas/data.php#pipelines,"https://www.eia.gov/naturalgas/data.php#pipelines, https://ferc.gov/sites/default/files/2021-05/C-2.pdf, https://www.eia.gov/naturalgas/pipelines/EIA-NaturalGasPipelineProjectsAug2026.xlsx"
Gas pipelines,Status [ref],I1949,1949,P3943,https://www.eia.gov/naturalgas/data.php#pipelines,"https://www.eia.gov/naturalgas/data.php#pipelines, https://web.archive.org/web/20240810202149/https://www.northernnaturalgas.com/Document%20Postings/2023_09_25_FERC_Order.pdf, https://www.eia.gov/naturalgas/pipelines/EIA-NaturalGasPipelineProjectsAug2026.xlsx"
Gas pipelines,Fuel [ref],M1949,1949,P3943,https://www.eia.gov/naturalgas/data.php#pipelines,"https://www.eia.gov/naturalgas/data.php#pipelines, https://web.archive.org/web/20240810202149/https://www.northernnaturalgas.com/Document%20Postings/2023_09_25_FERC_Order.pdf, https://www.eia.gov/naturalgas/pipelines/EIA-NaturalGasPipelineProjectsAug2026.xlsx"
Gas pipelines,PipelineType [ref],O1949,1949,P3943,https://www.eia.gov/naturalgas/data.php#pipelines,"https://www.eia.gov/naturalgas/data.php#pipelines, https://web.archive.org/web/20240810202149/https://www.northernnaturalgas.com/Document%20Postings/2023_09_25_FERC_Order.pdf, https://www.eia.gov/naturalgas/pipelines/EIA-NaturalGasPipelineProjectsAug2026.xlsx"
Gas pipelines,ProposalYear,Z1949,1949,P3943,,2022
Gas pipelines,ProposalMonth,AA1949,1949,P3943,,3
Gas pipelines,Proposal [ref],AB1949,1949,P3943,,"https://www.govinfo.gov/content/pkg/FR-2022-04-15/pdf/2022-08125.pdf, https://web.archive.org/web/20240810202149/https://www.northernnaturalgas.com/Document%20Postings/2023_09_25_FERC_Order.pdf"
Gas pipelines,ConstructionYear,AC1949,1949,P3943,,2024
Gas pipelines,ConstructionMonth,AD1949,1949,P3943,,5
Gas pipelines,Construction [ref],AE1949,1949,P3943,,https://web.archive.org/web/20241122165500/https://www.northernnaturalgas.com/Document%20Postings/2024_05_13_NL23_wkly_rpt2.pdf
Gas pipelines,Start [ref],AL1949,1949,P3943,https://www.eia.gov/naturalgas/data.php#pipelines,"https://www.eia.gov/naturalgas/data.php#pipelines, https://www.eia.gov/naturalgas/pipelines/EIA-NaturalGasPipelineProjectsAug2026.xlsx"
Gas pipelines,Delay [ref],AO1949,1949,P3943,https://www.eia.gov/naturalgas/data.php#pipelines,"https://www.eia.gov/naturalgas/data.php#pipelines, https://web.archive.org/web/20241122165500/https://www.northernnaturalgas.com/Document%20Postings/2024_05_13_NL23_wkly_rpt2.pdf, https://www.eia.gov/naturalgas/pipelines/EIA-NaturalGasPipelineProjectsAug2026.xlsx"
Gas pipelines,Capacity [ref],AZ1949,1949,P3943,https://www.eia.gov/naturalgas/data.php#pipelines,"https://www.eia.gov/naturalgas/data.php#pipelines, https://web.archive.org/web/20240810202149/https://www.northernnaturalgas.com/Document%20Postings/2023_09_25_FERC_Order.pdf, https://www.eia.gov/naturalgas/pipelines/EIA-NaturalGasPipelineProjectsAug2026.xlsx"
Gas pipelines,Location [ref],CF1949,1949,P3943,https://www.eia.gov/naturalgas/data.php#pipelines,"https://www.eia.gov/naturalgas/data.php#pipelines, https://web.archive.org/web/20240810202149/https://www.northernnaturalgas.com/Document%20Postings/2023_09_25_FERC_Order.pdf, https://www.eia.gov/naturalgas/pipelines/EIA-NaturalGasPipelineProjectsAug2026.xlsx"
Gas pipelines,SegmentCost [ref],CM1949,1949,P3943,https://www.eia.gov/naturalgas/data.php#pipelines,"https://www.eia.gov/naturalgas/data.php#pipelines, https://web.archive.org/web/20240810202149/https://www.northernnaturalgas.com/Document%20Postings/2023_09_25_FERC_Order.pdf, https://www.eia.gov/naturalgas/pipelines/EIA-NaturalGasPipelineProjectsAug2026.xlsx"
Gas pipelines,Status [ref],I2355,2355,P4416,,"https://www.naturalgasintel.com/news/falcons-worsham-steed-pipeline-begins-flowing-gas/, https://www.williams.com/pipeline/nortex-storage/"
Gas pipelines,Fuel [ref],M2355,2355,P4416,,"https://www.naturalgasintel.com/news/falcons-worsham-steed-pipeline-begins-flowing-gas/, https://www.williams.com/pipeline/nortex-storage/"
Gas pipelines,Start [ref],AL2355,2355,P4416,,https://www.naturalgasintel.com/news/falcons-worsham-steed-pipeline-begins-flowing-gas/
Gas pipelines,Capacity [ref],AZ2355,2355,P4416,https://www.naturalgasintel.com/news/falcons-worsham-steed-pipeline-begins-flowing-gas/,"https://www.naturalgasintel.com/news/falcons-worsham-steed-pipeline-begins-flowing-gas/, https://www.nortexmidstream.com/facilities"
Gas pipelines,Length [ref],BI2355,2355,P4416,,https://www.naturalgasintel.com/news/falcons-worsham-steed-pipeline-begins-flowing-gas/
Gas pipelines,Diameter [ref],BO2355,2355,P4416,,https://www.naturalgasintel.com/news/falcons-worsham-steed-pipeline-begins-flowing-gas/
Gas pipelines,Location [ref],CF2355,2355,P4416,,https://www.naturalgasintel.com/news/falcons-worsham-steed-pipeline-begins-flowing-gas/
Gas pipelines,Status,H2367,2367,P4455,proposed,construction
Gas pipelines,Status [ref],I2367,2367,P4455,https://www.eia.gov/naturalgas/data.php#pipelines,"https://www.justice.gov/opa/blog/justice-department-secures-win-american-energy-crow-creek-natural-gas-pipeline, https://pgjonline.com/news/2025/july/federal-court-greenlights-crow-creek-gas-pipeline-construction-in-idaho-wyoming"
Gas pipelines,Fuel [ref],M2367,2367,P4455,https://www.eia.gov/naturalgas/data.php#pipelines,"https://www.eia.gov/naturalgas/data.php#pipelines, https://www.justice.gov/opa/blog/justice-department-secures-win-american-energy-crow-creek-natural-gas-pipeline, https://www.eia.gov/naturalgas/pipelines/EIA-NaturalGasPipelineProjectsAug2026.xlsx"
Gas pipelines,PipelineType [ref],O2367,2367,P4455,https://www.eia.gov/naturalgas/data.php#pipelines,"https://www.eia.gov/naturalgas/data.php#pipelines, https://web.archive.org/web/20260313230614/https://www.permits.performance.gov/permitting-project/other-projects/crow-creek-pipeline-project, https://www.eia.gov/naturalgas/pipelines/EIA-NaturalGasPipelineProjectsAug2026.xlsx"
Gas pipelines,Construction [ref],AE2367,2367,P4455,https://www.justice.gov/opa/blog/justice-department-secures-win-american-energy-crow-creek-natural-gas-pipeline,"https://www.justice.gov/opa/blog/justice-department-secures-win-american-energy-crow-creek-natural-gas-pipeline, https://pgjonline.com/news/2025/july/federal-court-greenlights-crow-creek-gas-pipeline-construction-in-idaho-wyoming"
Gas pipelines,Capacity [ref],AZ2367,2367,P4455,https://www.eia.gov/naturalgas/data.php#pipelines,"https://www.eia.gov/naturalgas/data.php#pipelines, https://www.eia.gov/naturalgas/pipelines/EIA-NaturalGasPipelineProjectsAug2026.xlsx"
Gas pipelines,Length [ref],BI2367,2367,P4455,https://www.eia.gov/naturalgas/data.php#pipelines,"https://www.eia.gov/naturalgas/data.php#pipelines, https://www.eia.gov/naturalgas/pipelines/EIA-NaturalGasPipelineProjectsAug2026.xlsx"
Gas pipelines,Location [ref],CF2367,2367,P4455,https://www.permits.performance.gov/permitting-project/other-projects/crow-creek-pipeline-project,"https://www.permits.performance.gov/permitting-project/other-projects/crow-creek-pipeline-project, https://web.archive.org/web/20260313230614/https://www.permits.performance.gov/permitting-project/other-projects/crow-creek-pipeline-project, https://www.eia.gov/naturalgas/pipelines/EIA-NaturalGasPipelineProjectsAug2026.xlsx"
Gas pipelines,Status [ref],I2371,2371,P4459,https://www.eia.gov/naturalgas/data.php#pipelines,"https://www.eia.gov/naturalgas/data.php#pipelines, https://www.eia.gov/naturalgas/pipelines/EIA-NaturalGasPipelineProjectsAug2026.xlsx"
Gas pipelines,Fuel [ref],M2371,2371,P4459,https://www.eia.gov/naturalgas/data.php#pipelines,"https://www.eia.gov/naturalgas/data.php#pipelines, https://www.eia.gov/naturalgas/pipelines/EIA-NaturalGasPipelineProjectsAug2026.xlsx"
Gas pipelines,PipelineType [ref],O2371,2371,P4459,https://www.eia.gov/naturalgas/data.php#pipelines,"https://www.eia.gov/naturalgas/data.php#pipelines, https://www.eia.gov/naturalgas/pipelines/EIA-NaturalGasPipelineProjectsAug2026.xlsx"
Gas pipelines,ProposalYear,Z2371,2371,P4459,,2021
Gas pipelines,Proposal [ref],AB2371,2371,P4459,,https://www.eia.gov/naturalgas/pipelines/EIA-NaturalGasPipelineProjectsAug2026.xlsx
Gas pipelines,ConstructionYear,AC2371,2371,P4459,,2021
Gas pipelines,Construction [ref],AE2371,2371,P4459,,https://www.eia.gov/naturalgas/pipelines/EIA-NaturalGasPipelineProjectsAug2026.xlsx
Gas pipelines,Start [ref],AL2371,2371,P4459,https://www.eia.gov/naturalgas/data.php#pipelines,"https://www.eia.gov/naturalgas/data.php#pipelines, https://www.eia.gov/naturalgas/pipelines/EIA-NaturalGasPipelineProjectsAug2026.xlsx"
Gas pipelines,Capacity [ref],AZ2371,2371,P4459,https://www.eia.gov/naturalgas/data.php#pipelines,"https://www.eia.gov/naturalgas/data.php#pipelines, https://www.eia.gov/naturalgas/pipelines/EIA-NaturalGasPipelineProjectsAug2026.xlsx"
Gas pipelines,Length [ref],BI2371,2371,P4459,https://www.eia.gov/naturalgas/data.php#pipelines,"https://www.eia.gov/naturalgas/data.php#pipelines, https://www.eia.gov/naturalgas/pipelines/EIA-NaturalGasPipelineProjectsAug2026.xlsx"
Gas pipelines,Diameter [ref],BO2371,2371,P4459,https://www.eia.gov/naturalgas/data.php#pipelines,"https://www.eia.gov/naturalgas/data.php#pipelines, https://www.eia.gov/naturalgas/pipelines/EIA-NaturalGasPipelineProjectsAug2026.xlsx"
Gas pipelines,FuelSource,BQ2371,2371,P4459,,natural gas
Gas pipelines,FuelSource [ref],BR2371,2371,P4459,,https://www.eia.gov/naturalgas/pipelines/EIA-NaturalGasPipelineProjectsAug2026.xlsx
Gas pipelines,Location [ref],CF2371,2371,P4459,https://www.eia.gov/naturalgas/data.php#pipelines,"https://www.eia.gov/naturalgas/data.php#pipelines, https://www.eia.gov/naturalgas/pipelines/EIA-NaturalGasPipelineProjectsAug2026.xlsx"
Gas pipelines,SegmentCost [ref],CM2371,2371,P4459,https://www.eia.gov/naturalgas/data.php#pipelines,"https://www.eia.gov/naturalgas/data.php#pipelines, https://www.eia.gov/naturalgas/pipelines/EIA-NaturalGasPipelineProjectsAug2026.xlsx"
Gas pipelines,Status [ref],I2373,2373,P4461,https://www.eia.gov/naturalgas/data.php#pipelines,"https://www.eia.gov/naturalgas/data.php#pipelines, https://www.eia.gov/naturalgas/pipelines/EIA-NaturalGasPipelineProjectsAug2026.xlsx"
Gas pipelines,Fuel [ref],M2373,2373,P4461,https://www.eia.gov/naturalgas/data.php#pipelines,"https://www.eia.gov/naturalgas/data.php#pipelines, https://www.federalregister.gov/documents/2020/07/20/2020-15628/northern-natural-gas-company-notice-of-application, https://www.eia.gov/naturalgas/pipelines/EIA-NaturalGasPipelineProjectsAug2026.xlsx"
Gas pipelines,PipelineType [ref],O2373,2373,P4461,https://www.eia.gov/naturalgas/data.php#pipelines,"https://www.eia.gov/naturalgas/data.php#pipelines, https://www.federalregister.gov/documents/2020/07/20/2020-15628/northern-natural-gas-company-notice-of-application, https://www.eia.gov/naturalgas/pipelines/EIA-NaturalGasPipelineProjectsAug2026.xlsx"
Gas pipelines,ProposalYear,Z2373,2373,P4461,,2019
Gas pipelines,ProposalMonth,AA2373,2373,P4461,,7
Gas pipelines,Proposal [ref],AB2373,2373,P4461,,https://www.federalregister.gov/documents/2020/07/20/2020-15628/northern-natural-gas-company-notice-of-application
Gas pipelines,Start [ref],AL2373,2373,P4461,https://www.eia.gov/naturalgas/data.php#pipelines,"https://www.eia.gov/naturalgas/data.php#pipelines, https://www.eia.gov/naturalgas/pipelines/EIA-NaturalGasPipelineProjectsAug2026.xlsx"
Gas pipelines,Delay [ref],AO2373,2373,P4461,https://www.eia.gov/naturalgas/data.php#pipelines,"https://www.eia.gov/naturalgas/data.php#pipelines, https://www.eia.gov/naturalgas/pipelines/EIA-NaturalGasPipelineProjectsAug2026.xlsx"
Gas pipelines,Length [ref],BI2373,2373,P4461,https://www.eia.gov/naturalgas/data.php#pipelines,"https://www.eia.gov/naturalgas/data.php#pipelines, https://www.federalregister.gov/documents/2020/07/20/2020-15628/northern-natural-gas-company-notice-of-application, https://www.eia.gov/naturalgas/pipelines/EIA-NaturalGasPipelineProjectsAug2026.xlsx"
Gas pipelines,Diameter [ref],BO2373,2373,P4461,https://www.eia.gov/naturalgas/data.php#pipelines,"https://www.eia.gov/naturalgas/data.php#pipelines, https://www.federalregister.gov/documents/2020/07/20/2020-15628/northern-natural-gas-company-notice-of-application, https://www.eia.gov/naturalgas/pipelines/EIA-NaturalGasPipelineProjectsAug2026.xlsx"
Gas pipelines,Location [ref],CF2373,2373,P4461,https://www.eia.gov/naturalgas/data.php#pipelines,"https://www.eia.gov/naturalgas/data.php#pipelines, https://www.federalregister.gov/documents/2020/07/20/2020-15628/northern-natural-gas-company-notice-of-application, https://www.eia.gov/naturalgas/pipelines/EIA-NaturalGasPipelineProjectsAug2026.xlsx"
Gas pipelines,Status [ref],I2966,2966,P5101,https://www.eia.gov/naturalgas/data.php#pipelines,"https://www.eia.gov/naturalgas/data.php#pipelines, https://www.eia.gov/naturalgas/pipelines/EIA-NaturalGasPipelineProjectsAug2026.xlsx"
Gas pipelines,Fuel [ref],M2966,2966,P5101,https://www.eia.gov/naturalgas/data.php#pipelines,"https://www.eia.gov/naturalgas/data.php#pipelines, https://www.federalregister.gov/documents/2014/11/07/2014-26505/notice-of-application-northwest-pipeline-company-llc"
Gas pipelines,Proposal [ref],AB2966,2966,P5101,https://www.spglobal.com/marketintelligence/en/news-insights/latest-news-headlines/northwest-pipeline-gets-2-more-years-to-put-gas-lateral-in-service-58333711,"https://www.spglobal.com/marketintelligence/en/news-insights/latest-news-headlines/northwest-pipeline-gets-2-more-years-to-put-gas-lateral-in-service-58333711, https://www.federalregister.gov/documents/2020/04/02/2020-06816/northwest-pipeline-llc-notice-of-extension-of-time-request"
Gas pipelines,Start [ref],AL2966,2966,P5101,https://www.spglobal.com/marketintelligence/en/news-insights/latest-news-headlines/northwest-pipeline-gets-2-more-years-to-put-gas-lateral-in-service-58333711,"https://www.spglobal.com/marketintelligence/en/news-insights/latest-news-headlines/northwest-pipeline-gets-2-more-years-to-put-gas-lateral-in-service-58333711, https://www.federalregister.gov/documents/2020/04/02/2020-06816/northwest-pipeline-llc-notice-of-extension-of-time-request"
Gas pipelines,Delay [ref],AO2966,2966,P5101,https://www.spglobal.com/marketintelligence/en/news-insights/latest-news-headlines/northwest-pipeline-gets-2-more-years-to-put-gas-lateral-in-service-58333711,"https://www.spglobal.com/marketintelligence/en/news-insights/latest-news-headlines/northwest-pipeline-gets-2-more-years-to-put-gas-lateral-in-service-58333711, https://www.federalregister.gov/documents/2020/04/02/2020-06816/northwest-pipeline-llc-notice-of-extension-of-time-request"
Gas pipelines,Cancelled [ref],AT2966,2966,P5101,https://www.spglobal.com/marketintelligence/en/news-insights/latest-news-headlines/northwest-pipeline-gets-2-more-years-to-put-gas-lateral-in-service-58333711,"https://www.spglobal.com/marketintelligence/en/news-insights/latest-news-headlines/northwest-pipeline-gets-2-more-years-to-put-gas-lateral-in-service-58333711, https://www.eia.gov/naturalgas/pipelines/EIA-NaturalGasPipelineProjects_Jan2022.xlsx"
Gas pipelines,Capacity [ref],AZ2966,2966,P5101,https://www.eia.gov/naturalgas/data.php#pipelines,"https://www.eia.gov/naturalgas/data.php#pipelines, https://www.federalregister.gov/documents/2014/11/07/2014-26505/notice-of-application-northwest-pipeline-company-llc"
Gas pipelines,Length [ref],BI2966,2966,P5101,https://www.eia.gov/naturalgas/data.php#pipelines,"https://www.eia.gov/naturalgas/data.php#pipelines, https://www.federalregister.gov/documents/2014/11/07/2014-26505/notice-of-application-northwest-pipeline-company-llc, https://www.eia.gov/naturalgas/pipelines/EIA-NaturalGasPipelineProjectsAug2026.xlsx"
Gas pipelines,Diameter [ref],BO2966,2966,P5101,https://www.eia.gov/naturalgas/data.php#pipelines,"https://www.eia.gov/naturalgas/data.php#pipelines, https://www.federalregister.gov/documents/2014/11/07/2014-26505/notice-of-application-northwest-pipeline-company-llc, https://www.eia.gov/naturalgas/pipelines/EIA-NaturalGasPipelineProjectsAug2026.xlsx"
Gas pipelines,FuelSource,BQ2966,2966,P5101,,Natural Gas
Gas pipelines,FuelSource [ref],BR2966,2966,P5101,,https://www.federalregister.gov/documents/2014/11/07/2014-26505/notice-of-application-northwest-pipeline-company-llc
Gas pipelines,Location [ref],CF2966,2966,P5101,https://oilandgaswatch.org/pipeline/3307,"https://oilandgaswatch.org/pipeline/3307, https://www.federalregister.gov/documents/2014/11/07/2014-26505/notice-of-application-northwest-pipeline-company-llc"
Gas pipelines,SegmentCost [ref],CM2966,2966,P5101,https://www.eia.gov/naturalgas/data.php#pipelines,"https://www.eia.gov/naturalgas/data.php#pipelines, https://www.eia.gov/naturalgas/pipelines/EIA-NaturalGasPipelineProjectsAug2026.xlsx"
Gas pipelines,Fuel [ref],M2968,2968,P5114,,https://dtmidstream.com/asset/leap-gathering-system/
Gas pipelines,Start [ref],AL2968,2968,P5114,https://www.eia.gov/naturalgas/data.php#pipelines; https://naturalgasintel.com/news/dtm-looking-beyond-current-realities-in-natural-gas-market-to-expand-haynesville-leap-pipe/ ,"https://www.eia.gov/naturalgas/data.php#pipelines; https://naturalgasintel.com/news/dtm-looking-beyond-current-realities-in-natural-gas-market-to-expand-haynesville-leap-pipe/, https://www.eia.gov/naturalgas/pipelines/EIA-NaturalGasPipelineProjects_Oct2025.xlsx"
Gas pipelines,Capacity [ref],AZ2968,2968,P5114,https://www.eia.gov/naturalgas/data.php#pipelines; https://naturalgasintel.com/news/dtm-looking-beyond-current-realities-in-natural-gas-market-to-expand-haynesville-leap-pipe/ ,"https://www.eia.gov/naturalgas/data.php#pipelines; https://naturalgasintel.com/news/dtm-looking-beyond-current-realities-in-natural-gas-market-to-expand-haynesville-leap-pipe/, https://www.eia.gov/naturalgas/pipelines/EIA-NaturalGasPipelineProjects_Oct2025.xlsx"
Gas pipelines,Length [ref],BI2968,2968,P5114,,https://www.eia.gov/naturalgas/pipelines/EIA-NaturalGasPipelineProjects_Oct2025.xlsx
Gas pipelines,Location [ref],CF2968,2968,P5114,,https://dtmidstream.com/asset/leap-gathering-system/
Gas pipelines,Status [ref],I3005,3005,P5417,https://www.spglobal.com/commodityinsights/en/market-insights/latest-news/natural-gas/081224-two-large-haynesville-natural-gas-pipelines-target-late-2025-start ,"https://www.spglobal.com/commodityinsights/en/market-insights/latest-news/natural-gas/081224-two-large-haynesville-natural-gas-pipelines-target-late-2025-start, https://www.eia.gov/naturalgas/pipelines/EIA-NaturalGasPipelineProjectsAug2026.xlsx"
Gas pipelines,Fuel [ref],M3005,3005,P5417,https://www.spglobal.com/commodityinsights/en/market-insights/latest-news/natural-gas/081224-two-large-haynesville-natural-gas-pipelines-target-late-2025-start ,"https://www.spglobal.com/commodityinsights/en/market-insights/latest-news/natural-gas/081224-two-large-haynesville-natural-gas-pipelines-target-late-2025-start, https://www.eia.gov/naturalgas/pipelines/EIA-NaturalGasPipelineProjectsAug2026.xlsx"
Gas pipelines,PipelineType [ref],O3005,3005,P5417,https://www.spglobal.com/commodityinsights/en/market-insights/latest-news/natural-gas/081224-two-large-haynesville-natural-gas-pipelines-target-late-2025-start,"https://www.spglobal.com/commodityinsights/en/market-insights/latest-news/natural-gas/081224-two-large-haynesville-natural-gas-pipelines-target-late-2025-start, https://www.eia.gov/naturalgas/pipelines/EIA-NaturalGasPipelineProjectsAug2026.xlsx"
Gas pipelines,Construction [ref],AE3005,3005,P5417,https://www.spglobal.com/commodityinsights/en/market-insights/latest-news/natural-gas/081224-two-large-haynesville-natural-gas-pipelines-target-late-2025-start ,"https://www.spglobal.com/commodityinsights/en/market-insights/latest-news/natural-gas/081224-two-large-haynesville-natural-gas-pipelines-target-late-2025-start, https://www.eia.gov/naturalgas/pipelines/EIA-NaturalGasPipelineProjectsAug2026.xlsx"
Gas pipelines,Start [ref],AL3005,3005,P5417,https://www.spglobal.com/commodityinsights/en/market-insights/latest-news/natural-gas/081224-two-large-haynesville-natural-gas-pipelines-target-late-2025-start,"https://www.spglobal.com/commodityinsights/en/market-insights/latest-news/natural-gas/081224-two-large-haynesville-natural-gas-pipelines-target-late-2025-start, https://www.eia.gov/naturalgas/pipelines/EIA-NaturalGasPipelineProjectsAug2026.xlsx"
Gas pipelines,Capacity [ref],AZ3005,3005,P5417,https://www.eia.gov/naturalgas/data.php#pipelines,"https://www.eia.gov/naturalgas/data.php#pipelines, https://www.eia.gov/naturalgas/pipelines/EIA-NaturalGasPipelineProjectsAug2026.xlsx"
Gas pipelines,Length [ref],BI3005,3005,P5417,https://www.businesswire.com/news/home/20220629005249/en/Williams-Reaches-Final-Investment-Decision-on-Louisiana-Energy-Gateway-Project,"https://www.businesswire.com/news/home/20220629005249/en/Williams-Reaches-Final-Investment-Decision-on-Louisiana-Energy-Gateway-Project, https://www.eia.gov/naturalgas/pipelines/EIA-NaturalGasPipelineProjectsAug2026.xlsx"
Gas pipelines,FuelSource [ref],BR3005,3005,P5417,https://www.businesswire.com/news/home/20220629005249/en/Williams-Reaches-Final-Investment-Decision-on-Louisiana-Energy-Gateway-Project,"https://www.businesswire.com/news/home/20220629005249/en/Williams-Reaches-Final-Investment-Decision-on-Louisiana-Energy-Gateway-Project, https://www.eia.gov/naturalgas/pipelines/EIA-NaturalGasPipelineProjectsAug2026.xlsx"
Gas pipelines,SegmentCost [ref],CM3005,3005,P5417,https://naturalgasintel.com/news/energy-transfer-accused-of-blocking-rival-natural-gas-pipelines-restricting-haynesville-development/ ,"https://naturalgasintel.com/news/energy-transfer-accused-of-blocking-rival-natural-gas-pipelines-restricting-haynesville-development/, https://www.eia.gov/naturalgas/pipelines/EIA-NaturalGasPipelineProjectsAug2026.xlsx"
Gas pipelines,Status [ref],I3140,3140,P5627,https://www.eia.gov/naturalgas/data.php#pipelines,"https://www.eia.gov/naturalgas/data.php#pipelines, https://www.eia.gov/naturalgas/pipelines/EIA-NaturalGasPipelineProjectsAug2026.xlsx, https://www.enbridge.com/projects-and-infrastructure/projects/ridgeline-expansion-project"
Gas pipelines,Fuel [ref],M3140,3140,P5627,https://www.eia.gov/naturalgas/data.php#pipelines,"https://www.eia.gov/naturalgas/data.php#pipelines, https://www.eia.gov/naturalgas/pipelines/EIA-NaturalGasPipelineProjectsAug2026.xlsx"
Gas pipelines,PipelineType [ref],O3140,3140,P5627,https://www.eia.gov/naturalgas/data.php#pipelines,"https://www.eia.gov/naturalgas/data.php#pipelines, https://www.eia.gov/naturalgas/pipelines/EIA-NaturalGasPipelineProjectsAug2026.xlsx"
Gas pipelines,Proposal [ref],AB3140,3140,P5627,https://www.eia.gov/naturalgas/data.php#pipelines,"https://www.eia.gov/naturalgas/data.php#pipelines, https://www.eia.gov/naturalgas/pipelines/EIA-NaturalGasPipelineProjectsAug2026.xlsx"
Gas pipelines,Construction [ref],AE3140,3140,P5627,https://www.eia.gov/naturalgas/data.php#pipelines,"https://www.eia.gov/naturalgas/data.php#pipelines, https://www.eia.gov/naturalgas/pipelines/EIA-NaturalGasPipelineProjectsAug2026.xlsx, https://www.enbridge.com/projects-and-infrastructure/projects/ridgeline-expansion-project"
Gas pipelines,Start [ref],AL3140,3140,P5627,https://www.eia.gov/naturalgas/data.php#pipelines,"https://www.eia.gov/naturalgas/data.php#pipelines, https://www.eia.gov/naturalgas/pipelines/EIA-NaturalGasPipelineProjectsAug2026.xlsx, https://www.enbridge.com/projects-and-infrastructure/projects/ridgeline-expansion-project"
Gas pipelines,Capacity [ref],AZ3140,3140,P5627,https://www.eia.gov/naturalgas/data.php#pipelines,"https://www.eia.gov/naturalgas/data.php#pipelines, https://www.eia.gov/naturalgas/pipelines/EIA-NaturalGasPipelineProjectsAug2026.xlsx"
Gas pipelines,Length [ref],BI3140,3140,P5627,https://www.eia.gov/naturalgas/data.php#pipelines,"https://www.eia.gov/naturalgas/data.php#pipelines, https://www.eia.gov/naturalgas/pipelines/EIA-NaturalGasPipelineProjectsAug2026.xlsx"
Gas pipelines,Diameter [ref],BO3140,3140,P5627,https://www.eia.gov/naturalgas/data.php#pipelines,"https://www.eia.gov/naturalgas/data.php#pipelines, https://www.eia.gov/naturalgas/pipelines/EIA-NaturalGasPipelineProjectsAug2026.xlsx"
Gas pipelines,Location [ref],CF3140,3140,P5627,https://www.eia.gov/naturalgas/data.php#pipelines,"https://www.eia.gov/naturalgas/data.php#pipelines, https://www.eia.gov/naturalgas/pipelines/EIA-NaturalGasPipelineProjectsAug2026.xlsx"
Gas pipelines,SegmentCost [ref],CM3140,3140,P5627,https://www.eia.gov/naturalgas/data.php#pipelines,"https://www.eia.gov/naturalgas/data.php#pipelines, https://www.eia.gov/naturalgas/pipelines/EIA-NaturalGasPipelineProjectsAug2026.xlsx"
Gas pipelines,Fuel [ref],M3162,3162,P5664,https://www.eia.gov/naturalgas/data.php#pipelines,"https://www.eia.gov/naturalgas/data.php#pipelines, https://www.eia.gov/naturalgas/pipelines/EIA-NaturalGasPipelineProjectsAug2026.xlsx, https://ir.oneok.com/news-and-events/press-releases/2022/12-20-2022-211548094"
Gas pipelines,PipelineType [ref],O3162,3162,P5664,https://www.eia.gov/naturalgas/data.php#pipelines,"https://www.eia.gov/naturalgas/data.php#pipelines, https://www.eia.gov/naturalgas/pipelines/EIA-NaturalGasPipelineProjectsAug2026.xlsx, https://ir.oneok.com/news-and-events/press-releases/2022/12-20-2022-211548094"
Gas pipelines,DelayType,AN3162,3162,P5664,confirmed,inferred
Gas pipelines,Delay [ref],AO3162,3162,P5664,,https://www.eia.gov/naturalgas/pipelines/EIA-NaturalGasPipelineProjectsAug2026.xlsx
Gas pipelines,Capacity [ref],AZ3162,3162,P5664,https://www.eia.gov/naturalgas/data.php#pipelines,"https://www.eia.gov/naturalgas/data.php#pipelines, https://www.eia.gov/naturalgas/pipelines/EIA-NaturalGasPipelineProjectsAug2026.xlsx, https://ir.oneok.com/news-and-events/press-releases/2022/12-20-2022-211548094"
Gas pipelines,Length [ref],BI3162,3162,P5664,https://www.eia.gov/naturalgas/data.php#pipelines,"https://www.eia.gov/naturalgas/data.php#pipelines, https://www.eia.gov/naturalgas/pipelines/EIA-NaturalGasPipelineProjectsAug2026.xlsx, https://ir.oneok.com/news-and-events/press-releases/2022/12-20-2022-211548094"
Gas pipelines,Diameter [ref],BO3162,3162,P5664,https://www.eia.gov/naturalgas/data.php#pipelines,"https://www.eia.gov/naturalgas/data.php#pipelines, https://www.eia.gov/naturalgas/pipelines/EIA-NaturalGasPipelineProjectsAug2026.xlsx, https://ir.oneok.com/news-and-events/press-releases/2022/12-20-2022-211548094"
Gas pipelines,FuelSource [ref],BR3162,3162,P5664,,https://ir.oneok.com/news-and-events/press-releases/2022/12-20-2022-211548094
Gas pipelines,StartLocation,BS3162,3162,P5664,,Pecos
Gas pipelines,StartState/Province,BU3162,3162,P5664,Texas,TX
Gas pipelines,EndState/Province,CA3162,3162,P5664,Texas,TX
Gas pipelines,Location [ref],CF3162,3162,P5664,https://www.eia.gov/naturalgas/data.php#pipelines,"https://ir.oneok.com/news-and-events/press-releases/2022/12-20-2022-211548094, https://www.eia.gov/naturalgas/pipelines/EIA-NaturalGasPipelineProjectsAug2026.xlsx"
Gas pipelines,Fuel [ref],M3362,3362,P5905,https://www.eia.gov/naturalgas/data.php#pipelines,"https://www.eia.gov/naturalgas/data.php#pipelines, https://www.eia.gov/naturalgas/pipelines/EIA-NaturalGasPipelineProjectsAug2026.xlsx"
Gas pipelines,PipelineType [ref],O3362,3362,P5905,https://www.eia.gov/naturalgas/data.php#pipelines,"https://www.eia.gov/naturalgas/data.php#pipelines, https://www.eia.gov/naturalgas/pipelines/EIA-NaturalGasPipelineProjectsAug2026.xlsx"
Gas pipelines,ProposalYear,Z3362,3362,P5905,,2024
Gas pipelines,Proposal [ref],AB3362,3362,P5905,,https://www.eia.gov/naturalgas/pipelines/EIA-NaturalGasPipelineProjectsAug2026.xlsx
Gas pipelines,Construction [ref],AE3362,3362,P5905,https://www.eia.gov/naturalgas/data.php#pipelines,"https://www.eia.gov/naturalgas/data.php#pipelines, https://www.eia.gov/naturalgas/pipelines/EIA-NaturalGasPipelineProjectsAug2026.xlsx"
Gas pipelines,StartYear1,AF3362,3362,P5905,2026,2027
Gas pipelines,Start [ref],AL3362,3362,P5905,https://www.eia.gov/naturalgas/data.php#pipelines,https://www.eia.gov/naturalgas/pipelines/EIA-NaturalGasPipelineProjectsAug2026.xlsx
Gas pipelines,Capacity [ref],AZ3362,3362,P5905,https://www.eia.gov/naturalgas/data.php#pipelines,"https://www.eia.gov/naturalgas/data.php#pipelines, https://www.eia.gov/naturalgas/pipelines/EIA-NaturalGasPipelineProjectsAug2026.xlsx"
Gas pipelines,Length [ref],BI3362,3362,P5905,https://www.eia.gov/naturalgas/data.php#pipelines,"https://www.eia.gov/naturalgas/data.php#pipelines, https://www.eia.gov/naturalgas/pipelines/EIA-NaturalGasPipelineProjectsAug2026.xlsx"
Gas pipelines,Diameter [ref],BO3362,3362,P5905,https://www.eia.gov/naturalgas/data.php#pipelines,"https://www.eia.gov/naturalgas/data.php#pipelines, https://www.eia.gov/naturalgas/pipelines/EIA-NaturalGasPipelineProjectsAug2026.xlsx"
Gas pipelines,FuelSource,BQ3362,3362,P5905,,Permian Basin
Gas pipelines,FuelSource [ref],BR3362,3362,P5905,,https://www.eia.gov/naturalgas/pipelines/EIA-NaturalGasPipelineProjectsAug2026.xlsx
Gas pipelines,Status [ref],I3383,3383,P5926,https://www.eia.gov/naturalgas/data.php#pipelines,"https://www.eia.gov/naturalgas/data.php#pipelines, https://www.eia.gov/naturalgas/pipelines/EIA-NaturalGasPipelineProjectsAug2026.xlsx"
Gas pipelines,Fuel [ref],M3383,3383,P5926,https://www.eia.gov/naturalgas/data.php#pipelines,"https://www.eia.gov/naturalgas/data.php#pipelines, https://www.eia.gov/naturalgas/pipelines/EIA-NaturalGasPipelineProjectsAug2026.xlsx"
Gas pipelines,PipelineType [ref],O3383,3383,P5926,https://www.eia.gov/naturalgas/data.php#pipelines,"https://www.eia.gov/naturalgas/data.php#pipelines, https://www.eia.gov/naturalgas/pipelines/EIA-NaturalGasPipelineProjectsAug2026.xlsx"
Gas pipelines,Start [ref],AL3383,3383,P5926,,https://www.eia.gov/naturalgas/pipelines/EIA-NaturalGasPipelineProjectsAug2026.xlsx
Gas pipelines,Capacity [ref],AZ3383,3383,P5926,,https://www.eia.gov/naturalgas/pipelines/EIA-NaturalGasPipelineProjectsAug2026.xlsx
Gas pipelines,Length [ref],BI3383,3383,P5926,,https://www.eia.gov/naturalgas/pipelines/EIA-NaturalGasPipelineProjectsAug2026.xlsx
Gas pipelines,Diameter [ref],BO3383,3383,P5926,,https://www.eia.gov/naturalgas/pipelines/EIA-NaturalGasPipelineProjectsAug2026.xlsx
Gas pipelines,Location [ref],CF3383,3383,P5926,,https://www.eia.gov/naturalgas/pipelines/EIA-NaturalGasPipelineProjectsAug2026.xlsx
Gas pipelines,SegmentCost [ref],CM3383,3383,P5926,,https://www.eia.gov/naturalgas/pipelines/EIA-NaturalGasPipelineProjectsAug2026.xlsx
Gas pipelines,Fuel [ref],M3388,3388,P5931,https://finance.yahoo.com/news/targa-proceed-permian-basin-apex-173000147.html?guccounter=1,"https://finance.yahoo.com/news/targa-proceed-permian-basin-apex-173000147.html?guccounter=1, https://www.eia.gov/naturalgas/pipelines/EIA-NaturalGasPipelineProjectsAug2026.xlsx"
Gas pipelines,PipelineType [ref],O3388,3388,P5931,https://finance.yahoo.com/news/targa-proceed-permian-basin-apex-173000147.html?guccounter=1,"https://finance.yahoo.com/news/targa-proceed-permian-basin-apex-173000147.html?guccounter=1, https://www.eia.gov/naturalgas/pipelines/EIA-NaturalGasPipelineProjectsAug2026.xlsx"
Gas pipelines,Capacity [ref],AZ3388,3388,P5931,https://www.hartenergy.com/system/files/publication/2024/06/june-24-ogi-book.pdf; https://finance.yahoo.com/news/targa-proceed-permian-basin-apex-173000147.html?guccounter=1  ,"https://www.hartenergy.com/system/files/publication/2024/06/june-24-ogi-book.pdf; https://finance.yahoo.com/news/targa-proceed-permian-basin-apex-173000147.html?guccounter=1, https://www.eia.gov/naturalgas/pipelines/EIA-NaturalGasPipelineProjectsAug2026.xlsx"
Gas pipelines,Length [ref],BI3388,3388,P5931,https://www.hartenergy.com/system/files/publication/2024/06/june-24-ogi-book.pdf; https://finance.yahoo.com/news/targa-proceed-permian-basin-apex-173000147.html?guccounter=1  ,"https://www.hartenergy.com/system/files/publication/2024/06/june-24-ogi-book.pdf; https://finance.yahoo.com/news/targa-proceed-permian-basin-apex-173000147.html?guccounter=1, https://www.eia.gov/naturalgas/pipelines/EIA-NaturalGasPipelineProjectsAug2026.xlsx"
Gas pipelines,Diameter [ref],BO3388,3388,P5931,https://www.hartenergy.com/system/files/publication/2024/06/june-24-ogi-book.pdf; https://finance.yahoo.com/news/targa-proceed-permian-basin-apex-173000147.html?guccounter=1  ,"https://www.hartenergy.com/system/files/publication/2024/06/june-24-ogi-book.pdf; https://finance.yahoo.com/news/targa-proceed-permian-basin-apex-173000147.html?guccounter=1, https://www.eia.gov/naturalgas/pipelines/EIA-NaturalGasPipelineProjectsAug2026.xlsx"
Gas pipelines,FuelSource [ref],BR3388,3388,P5931,https://finance.yahoo.com/news/targa-proceed-permian-basin-apex-173000147.html?guccounter=1; https://www.eastdaley.com/media-and-news/targa-may-join-race-to-build-next-permian-pipeline  ,"https://finance.yahoo.com/news/targa-proceed-permian-basin-apex-173000147.html?guccounter=1; https://www.eastdaley.com/media-and-news/targa-may-join-race-to-build-next-permian-pipeline, https://www.eia.gov/naturalgas/pipelines/EIA-NaturalGasPipelineProjectsAug2026.xlsx"
Gas pipelines,Location [ref],CF3388,3388,P5931,https://www.goarbo.com/arview/permian-pipeline-moving-forward; https://pgjonline.com/magazine/2023/august-2023-vol-250-no-8/features/permian-operators-look-to-carry-the-load  ,"https://www.goarbo.com/arview/permian-pipeline-moving-forward; https://pgjonline.com/magazine/2023/august-2023-vol-250-no-8/features/permian-operators-look-to-carry-the-load, https://www.eia.gov/naturalgas/pipelines/EIA-NaturalGasPipelineProjectsAug2026.xlsx"
Gas pipelines,SegmentCost [ref],CM3388,3388,P5931,https://finance.yahoo.com/news/targa-proceed-permian-basin-apex-173000147.html?guccounter=1 ,"https://finance.yahoo.com/news/targa-proceed-permian-basin-apex-173000147.html?guccounter=1, https://www.eia.gov/naturalgas/pipelines/EIA-NaturalGasPipelineProjectsAug2026.xlsx"
Gas pipelines,Status [ref],I3389,3389,P5932,https://www.eia.gov/naturalgas/data.php#pipelines,"https://www.eia.gov/naturalgas/data.php#pipelines, https://www.eia.gov/naturalgas/pipelines/EIA-NaturalGasPipelineProjectsAug2026.xlsx, https://www.naturalgasintel.com/gulf-souths-southeast-expansion-enters-service/"
Gas pipelines,Fuel [ref],M3389,3389,P5932,https://www.eia.gov/naturalgas/data.php#pipelines,"https://www.eia.gov/naturalgas/data.php#pipelines, https://www.eia.gov/naturalgas/pipelines/EIA-NaturalGasPipelineProjectsAug2026.xlsx"
Gas pipelines,PipelineType [ref],O3389,3389,P5932,https://www.eia.gov/naturalgas/data.php#pipelines,"https://www.eia.gov/naturalgas/data.php#pipelines, https://www.eia.gov/naturalgas/pipelines/EIA-NaturalGasPipelineProjectsAug2026.xlsx"
Gas pipelines,Start [ref],AL3389,3389,P5932,,"https://www.naturalgasintel.com/gulf-souths-southeast-expansion-enters-service/, https://www.eia.gov/naturalgas/pipelines/EIA-NaturalGasPipelineProjectsAug2026.xlsx"
Gas pipelines,Capacity [ref],AZ3389,3389,P5932,,https://www.eia.gov/naturalgas/pipelines/EIA-NaturalGasPipelineProjectsAug2026.xlsx
Gas pipelines,Length [ref],BI3389,3389,P5932,,https://www.eia.gov/naturalgas/pipelines/EIA-NaturalGasPipelineProjectsAug2026.xlsx
Gas pipelines,Diameter [ref],BO3389,3389,P5932,,https://www.eia.gov/naturalgas/pipelines/EIA-NaturalGasPipelineProjectsAug2026.xlsx
Gas pipelines,FuelSource [ref],BR3389,3389,P5932,,https://www.naturalgasintel.com/gulf-south-has-southeastern-expansion-plans/
Gas pipelines,Location [ref],CF3389,3389,P5932,,https://www.eia.gov/naturalgas/pipelines/EIA-NaturalGasPipelineProjectsAug2026.xlsx
Gas pipelines,SegmentCost [ref],CM3389,3389,P5932,,https://www.eia.gov/naturalgas/pipelines/EIA-NaturalGasPipelineProjectsAug2026.xlsx
Gas pipelines,Status [ref],I3509,3509,P6531,https://www.spglobal.com/commodityinsights/en/market-insights/latest-news/natural-gas/040524-690-mile-greenfield-permian-to-louisiana-natural-gas-pipeline-targets-2028-start,"https://www.spglobal.com/commodityinsights/en/market-insights/latest-news/natural-gas/040524-690-mile-greenfield-permian-to-louisiana-natural-gas-pipeline-targets-2028-start, https://www.eia.gov/naturalgas/pipelines/EIA-NaturalGasPipelineProjectsAug2026.xlsx"
Gas pipelines,Fuel [ref],M3509,3509,P6531,https://www.spglobal.com/commodityinsights/en/market-insights/latest-news/natural-gas/040524-690-mile-greenfield-permian-to-louisiana-natural-gas-pipeline-targets-2028-start,"https://www.spglobal.com/commodityinsights/en/market-insights/latest-news/natural-gas/040524-690-mile-greenfield-permian-to-louisiana-natural-gas-pipeline-targets-2028-start, https://www.eia.gov/naturalgas/pipelines/EIA-NaturalGasPipelineProjectsAug2026.xlsx, https://undergroundinfrastructure.com/news/2024/july/dela-express-moves-forward-with-690-mile-permian-to-louisiana-pipeline"
Gas pipelines,PipelineType [ref],O3509,3509,P6531,https://www.spglobal.com/commodityinsights/en/market-insights/latest-news/natural-gas/040524-690-mile-greenfield-permian-to-louisiana-natural-gas-pipeline-targets-2028-start,"https://www.spglobal.com/commodityinsights/en/market-insights/latest-news/natural-gas/040524-690-mile-greenfield-permian-to-louisiana-natural-gas-pipeline-targets-2028-start, https://www.eia.gov/naturalgas/pipelines/EIA-NaturalGasPipelineProjectsAug2026.xlsx, https://www.ogj.com/pipelines-transportation/pipelines/article/55140085/dela-express-lets-feed-contract-to-wood-for-natural-gas-pipeline-project"
Gas pipelines,Background,U3509,3509,P6531,"The developer of a 2 Bcf/d interstate pipeline project to transport ""liquids-rich"" Permian natural gas to the Louisiana Gulf Coast has requested to initiate the prefiling review process with the US Federal Energy Regulatory Commission and is targeting a 2028 in-service date.

DeLa Express is an affiliate of private energy infrastructure firm Moss Lake Partners. The 42-inch, 690-mile pipeline would begin in the Delaware Basin at Loving County, Texas, and supply ""markets on the US Gulf Coast from Port Arthur, Texas, to Cameron Parish, Louisiana, including growing demand from liquified natural gas export facilities as well as Moss Lake's affiliated natural gas liquids export project, Hackberry NGL,"" it said April 2 in the prefiling request (PF24-4). It would terminate near Moss Bluff in Calcasieu Parish, Louisiana.

The prefiling process would allow DeLa Express to work with stakeholders to address any environmental issues before filing its FERC certificate application, DeLa Express said. It plans to hold an open season for the pipeline and contract with shippers during the prefiling process.

DeLa Express requested FERC issue a notice approving the use of the prefiling process by April 12. Under its anticipated timeline, it would file its certificate application with FERC in February 2025, receive its FERC certificate in April 2026, begin construction in June 2026 and place the facilities into service in July 2028.

The project will include four lateral supply pipelines in the Permian and a 6.2-mile delivery lateral in Calcasieu Parish. DeLa Express also plans to build eight greenfield compressor stations along the line with 65,000 horsepower each.

Over 95% of the pipeline route is collocated with or parallel to existing utility rights of way, DeLa Express said.","42-inch, 690-mile, 2 Bcf/d Permian-to-Louisiana pipeline; FERC prefiling PF24-4 (Apr 2024); targets 2028 in service."
Gas pipelines,Background [ref],V3509,3509,P6531,"https://www.spglobal.com/commodityinsights/en/market-insights/latest-news/natural-gas/040524-690-mile-greenfield-permian-to-louisiana-natural-gas-pipeline-targets-2028-start, https://pgjonline.com/news/2024/april/dela-express-690-mile-permian-to-louisiana-gas-pipeline-seeks-ferc-approval-targets-2028-launch","https://www.eia.gov/naturalgas/pipelines/EIA-NaturalGasPipelineProjectsAug2026.xlsx, https://undergroundinfrastructure.com/news/2024/july/dela-express-moves-forward-with-690-mile-permian-to-louisiana-pipeline"
Gas pipelines,Proposal [ref],AB3509,3509,P6531,https://www.spglobal.com/commodityinsights/en/market-insights/latest-news/natural-gas/040524-690-mile-greenfield-permian-to-louisiana-natural-gas-pipeline-targets-2028-start,"https://www.spglobal.com/commodityinsights/en/market-insights/latest-news/natural-gas/040524-690-mile-greenfield-permian-to-louisiana-natural-gas-pipeline-targets-2028-start, https://www.eia.gov/naturalgas/pipelines/EIA-NaturalGasPipelineProjectsAug2026.xlsx, https://undergroundinfrastructure.com/news/2024/april/dela-express-seeks-ferc-approval-for-permian-to-louisiana-gas-pipeline-project"
Gas pipelines,Start [ref],AL3509,3509,P6531,https://www.spglobal.com/commodityinsights/en/market-insights/latest-news/natural-gas/040524-690-mile-greenfield-permian-to-louisiana-natural-gas-pipeline-targets-2028-start,"https://www.spglobal.com/commodityinsights/en/market-insights/latest-news/natural-gas/040524-690-mile-greenfield-permian-to-louisiana-natural-gas-pipeline-targets-2028-start, https://www.eia.gov/naturalgas/pipelines/EIA-NaturalGasPipelineProjectsAug2026.xlsx, https://undergroundinfrastructure.com/news/2024/july/dela-express-moves-forward-with-690-mile-permian-to-louisiana-pipeline"
Gas pipelines,Capacity [ref],AZ3509,3509,P6531,https://www.ogj.com/pipelines-transportation/pipelines/article/55140085/dela-express-lets-feed-contract-to-wood-for-natural-gas-pipeline-project,"https://www.ogj.com/pipelines-transportation/pipelines/article/55140085/dela-express-lets-feed-contract-to-wood-for-natural-gas-pipeline-project, https://www.eia.gov/naturalgas/pipelines/EIA-NaturalGasPipelineProjectsAug2026.xlsx, https://undergroundinfrastructure.com/news/2024/july/dela-express-moves-forward-with-690-mile-permian-to-louisiana-pipeline"
Gas pipelines,Length [ref],BI3509,3509,P6531,https://www.spglobal.com/commodityinsights/en/market-insights/latest-news/natural-gas/040524-690-mile-greenfield-permian-to-louisiana-natural-gas-pipeline-targets-2028-start,"https://www.spglobal.com/commodityinsights/en/market-insights/latest-news/natural-gas/040524-690-mile-greenfield-permian-to-louisiana-natural-gas-pipeline-targets-2028-start, https://www.eia.gov/naturalgas/pipelines/EIA-NaturalGasPipelineProjectsAug2026.xlsx, https://undergroundinfrastructure.com/news/2024/july/dela-express-moves-forward-with-690-mile-permian-to-louisiana-pipeline"
Gas pipelines,Diameter [ref],BO3509,3509,P6531,https://www.spglobal.com/commodityinsights/en/market-insights/latest-news/natural-gas/040524-690-mile-greenfield-permian-to-louisiana-natural-gas-pipeline-targets-2028-start,"https://www.spglobal.com/commodityinsights/en/market-insights/latest-news/natural-gas/040524-690-mile-greenfield-permian-to-louisiana-natural-gas-pipeline-targets-2028-start, https://www.eia.gov/naturalgas/pipelines/EIA-NaturalGasPipelineProjectsAug2026.xlsx, https://undergroundinfrastructure.com/news/2024/july/dela-express-moves-forward-with-690-mile-permian-to-louisiana-pipeline"
Gas pipelines,Status [ref],I3542,3542,P6584,,https://www.ferc.gov/sites/default/files/2020-05/sep-energy-infrastructure_2.pdf
Gas pipelines,Stop [ref],AV3542,3542,P6584,https://www.naturalgasintel.com/news/ferc-oks-gom-system-abandonment-over-shipper-objections/; https://www.argusmedia.com/en/news-and-insights/latest-market-news/1320871-ferc-oks-offshore-pipeline-abandonment ,"https://www.naturalgasintel.com/news/ferc-oks-gom-system-abandonment-over-shipper-objections/; https://www.argusmedia.com/en/news-and-insights/latest-market-news/1320871-ferc-oks-offshore-pipeline-abandonment, https://www.ferc.gov/sites/default/files/2020-05/sep-energy-infrastructure_2.pdf"
Gas pipelines,Location [ref],CF3542,3542,P6584,,https://www.ferc.gov/sites/default/files/2020-05/sep-energy-infrastructure_2.pdf
Gas pipelines,Status [ref],I3680,3680,P6773,https://naturalgasintel.com/news/dtm-looking-beyond-current-realities-in-natural-gas-market-to-expand-haynesville-leap-pipe/,"https://naturalgasintel.com/news/dtm-looking-beyond-current-realities-in-natural-gas-market-to-expand-haynesville-leap-pipe/, https://dtmidstream.com/asset/leap-gathering-system/"
Gas pipelines,Fuel [ref],M3680,3680,P6773,,https://www.eia.gov/naturalgas/pipelines/EIA-NaturalGasPipelineProjects_Jan2024.xlsx
Gas pipelines,Start [ref],AL3680,3680,P6773,https://www.eia.gov/naturalgas/data.php#pipelines; https://naturalgasintel.com/news/dtm-looking-beyond-current-realities-in-natural-gas-market-to-expand-haynesville-leap-pipe/ ,"https://www.eia.gov/naturalgas/data.php#pipelines; https://naturalgasintel.com/news/dtm-looking-beyond-current-realities-in-natural-gas-market-to-expand-haynesville-leap-pipe/, https://www.eia.gov/naturalgas/pipelines/EIA-NaturalGasPipelineProjects_Jan2024.xlsx"
Gas pipelines,Capacity [ref],AZ3680,3680,P6773,https://www.eia.gov/naturalgas/data.php#pipelines; https://naturalgasintel.com/news/dtm-looking-beyond-current-realities-in-natural-gas-market-to-expand-haynesville-leap-pipe/ ,"https://www.eia.gov/naturalgas/data.php#pipelines; https://naturalgasintel.com/news/dtm-looking-beyond-current-realities-in-natural-gas-market-to-expand-haynesville-leap-pipe/, https://www.eia.gov/naturalgas/pipelines/EIA-NaturalGasPipelineProjects_Jan2024.xlsx"
Gas pipelines,Length [ref],BI3680,3680,P6773,,https://dtmidstream.com/asset/leap-gathering-system/
Gas pipelines,Location [ref],CF3680,3680,P6773,,https://dtmidstream.com/asset/leap-gathering-system/
Gas pipelines,Status [ref],I3707,3707,P6842,"https://www.spglobal.com/commodityinsights/en/market-insights/latest-news/natural-gas/081224-two-large-haynesville-natural-gas-pipelines-target-late-2025-start#:~:text=DT%20Midstream%20has%20been%20increasing,capacity%20to%201.9%20Bcf%2Fd.","https://www.spglobal.com/commodityinsights/en/market-insights/latest-news/natural-gas/081224-two-large-haynesville-natural-gas-pipelines-target-late-2025-start#:~:text=DT%20Midstream%20has%20been%20increasing, capacity%20to%201.9%20Bcf%2Fd., https://web.archive.org/web/20240916113843/https://www.spglobal.com/commodityinsights/en/market-insights/latest-news/natural-gas/081224-two-large-haynesville-natural-gas-pipelines-target-late-2025-start, https://www.eia.gov/naturalgas/pipelines/EIA-NaturalGasPipelineProjectsAug2026.xlsx"
Gas pipelines,Fuel [ref],M3707,3707,P6842,,"https://dtmidstream.com/asset/leap-gathering-system/, https://www.eia.gov/naturalgas/pipelines/EIA-NaturalGasPipelineProjectsAug2026.xlsx"
Gas pipelines,ConstructionYear,AC3707,3707,P6842,,2023
Gas pipelines,Construction [ref],AE3707,3707,P6842,,https://www.eia.gov/naturalgas/pipelines/EIA-NaturalGasPipelineProjectsAug2026.xlsx
Gas pipelines,Start [ref],AL3707,3707,P6842,"https://www.spglobal.com/commodityinsights/en/market-insights/latest-news/natural-gas/081224-two-large-haynesville-natural-gas-pipelines-target-late-2025-start#:~:text=DT%20Midstream%20has%20been%20increasing,capacity%20to%201.9%20Bcf%2Fd.","https://www.spglobal.com/commodityinsights/en/market-insights/latest-news/natural-gas/081224-two-large-haynesville-natural-gas-pipelines-target-late-2025-start#:~:text=DT%20Midstream%20has%20been%20increasing, capacity%20to%201.9%20Bcf%2Fd., https://web.archive.org/web/20240916113843/https://www.spglobal.com/commodityinsights/en/market-insights/latest-news/natural-gas/081224-two-large-haynesville-natural-gas-pipelines-target-late-2025-start, https://www.eia.gov/naturalgas/pipelines/EIA-NaturalGasPipelineProjectsAug2026.xlsx"
Gas pipelines,Capacity [ref],AZ3707,3707,P6842,https://www.eia.gov/naturalgas/data.php#pipelines,"https://www.eia.gov/naturalgas/data.php#pipelines, https://web.archive.org/web/20240916113843/https://www.spglobal.com/commodityinsights/en/market-insights/latest-news/natural-gas/081224-two-large-haynesville-natural-gas-pipelines-target-late-2025-start, https://www.eia.gov/naturalgas/pipelines/EIA-NaturalGasPipelineProjectsAug2026.xlsx"
Gas pipelines,Length [ref],BI3707,3707,P6842,,"https://www.eia.gov/naturalgas/pipelines/EIA-NaturalGasPipelineProjectsAug2026.xlsx, https://dtmidstream.com/asset/leap-gathering-system/"
Gas pipelines,Location [ref],CF3707,3707,P6842,,"https://web.archive.org/web/20240916113843/https://www.spglobal.com/commodityinsights/en/market-insights/latest-news/natural-gas/081224-two-large-haynesville-natural-gas-pipelines-target-late-2025-start, https://dtmidstream.com/asset/leap-gathering-system/"
Gas pipelines,Fuel [ref],M3776,3776,P7108,https://appvoices.org/2024/10/29/transco-expansion-ferc/,"https://appvoices.org/2024/10/29/transco-expansion-ferc/, https://www.eia.gov/naturalgas/pipelines/EIA-NaturalGasPipelineProjectsAug2026.xlsx"
Gas pipelines,PipelineType [ref],O3776,3776,P7108,https://appvoices.org/2024/10/29/transco-expansion-ferc/,"https://appvoices.org/2024/10/29/transco-expansion-ferc/, https://pgjonline.com/news/2026/january/transco-approved-to-build-55-mile-southeast-supply-enhancement-pipeline"
Gas pipelines,Proposal [ref],AB3776,3776,P7108,https://appvoices.org/2024/10/29/transco-expansion-ferc/,"https://appvoices.org/2024/10/29/transco-expansion-ferc/, https://www.govinfo.gov/content/pkg/FR-2025-01-28/html/2025-01803.htm"
Gas pipelines,Diameter [ref],BO3776,3776,P7108,https://appvoices.org/2024/10/29/transco-expansion-ferc/,"https://appvoices.org/2024/10/29/transco-expansion-ferc/, https://pgjonline.com/news/2026/january/transco-approved-to-build-55-mile-southeast-supply-enhancement-pipeline, https://www.eia.gov/naturalgas/pipelines/EIA-NaturalGasPipelineProjectsAug2026.xlsx"
Gas pipelines,Location [ref],CF3776,3776,P7108,https://appvoices.org/2024/10/29/transco-expansion-ferc/,"https://appvoices.org/2024/10/29/transco-expansion-ferc/, https://pgjonline.com/news/2026/january/transco-approved-to-build-55-mile-southeast-supply-enhancement-pipeline, https://www.guilfordcountync.gov/government/countywide-programs-and-initiatives/transco-pipeline-southeast-supply-enhancement-project, https://www.govinfo.gov/content/pkg/FR-2025-01-28/html/2025-01803.htm"
Gas pipelines,SegmentCost,CJ3776,3776,P7108,,1530000000.0
Gas pipelines,SegmentCostUnits,CK3776,3776,P7108,,USD
Gas pipelines,SegmentCostYear,CL3776,3776,P7108,,2026
Gas pipelines,SegmentCost [ref],CM3776,3776,P7108,,"https://www.eia.gov/naturalgas/pipelines/EIA-NaturalGasPipelineProjectsAug2026.xlsx, https://pgjonline.com/news/2026/january/transco-approved-to-build-55-mile-southeast-supply-enhancement-pipeline"
Gas pipelines,Status [ref],I3840,3840,P7454,https://www.npms.phmsa.dot.gov/,"https://www.npms.phmsa.dot.gov/, https://dog.dnr.alaska.gov/Services/Pipeline/Kenai%20Kachemak, https://www.harvestmidstream.com/about-us/history/"
Gas pipelines,Fuel [ref],M3840,3840,P7454,https://www.npms.phmsa.dot.gov/,"https://www.npms.phmsa.dot.gov/, https://dog.dnr.alaska.gov/Services/Pipeline/Kenai%20Kachemak, https://www.harvestmidstream.com/about-us/history/"
Gas pipelines,PipelineType [ref],O3840,3840,P7454,https://www.adn.com/energy/article/gas-companies-butt-heads-over-kenai-beluga-pipeline/2015/01/12/,"https://www.adn.com/energy/article/gas-companies-butt-heads-over-kenai-beluga-pipeline/2015/01/12/, https://dog.dnr.alaska.gov/Services/Pipeline/Kenai%20Kachemak"
Gas pipelines,Construction [ref],AE3840,3840,P7454,https://dog.dnr.alaska.gov/Services/Pipeline/Kenai%20Kachemak,"https://dog.dnr.alaska.gov/Services/Pipeline/Kenai%20Kachemak, https://www.eia.gov/naturalgas/pipelines/EIA-NaturalGasPipelineProjectsAug2026.xlsx"
Gas pipelines,Capacity,AX3840,3840,P7454,,120
Gas pipelines,CapacityUnits,AY3840,3840,P7454,,MMcf/d
Gas pipelines,Capacity [ref],AZ3840,3840,P7454,,https://www.eia.gov/naturalgas/pipelines/EIA-NaturalGasPipelineProjectsAug2026.xlsx
Gas pipelines,Pressure,BA3840,3840,P7454,,1480
Gas pipelines,PressureUnits,BB3840,3840,P7454,,psig
Gas pipelines,Pressure [ref],BC3840,3840,P7454,,https://dog.dnr.alaska.gov/Services/Pipeline/Kenai%20Kachemak
Gas pipelines,Length [ref],BI3840,3840,P7454,https://www.npms.phmsa.dot.gov/,"https://www.npms.phmsa.dot.gov/, https://dog.dnr.alaska.gov/Services/Pipeline/Kenai%20Kachemak"
Gas pipelines,Diameter [ref],BO3840,3840,P7454,https://www.npms.phmsa.dot.gov/,"https://www.npms.phmsa.dot.gov/, https://dog.dnr.alaska.gov/Services/Pipeline/Kenai%20Kachemak, https://www.eia.gov/naturalgas/pipelines/EIA-NaturalGasPipelineProjectsAug2026.xlsx"
Gas pipelines,Status [ref],I3848,3848,P7462,https://www.npms.phmsa.dot.gov/,"https://www.npms.phmsa.dot.gov/, https://dog.dnr.alaska.gov/Services/Pipeline/Nuiqsut%20Natural%20Gas"
Gas pipelines,PipelineType [ref],O3848,3848,P7462,https://www.npms.phmsa.dot.gov/,"https://www.npms.phmsa.dot.gov/, https://dog.dnr.alaska.gov/Documents/SPCS/Publications/LesseeAnnualReports/2013/2013AnnualReport-Nuiqsut.pdf"
Gas pipelines,Construction [ref],AE3848,3848,P7462,https://dog.dnr.alaska.gov/Services/Pipeline/Nuiqsut%20Natural%20Gas,"https://dog.dnr.alaska.gov/Services/Pipeline/Nuiqsut%20Natural%20Gas, https://dog.dnr.alaska.gov/Documents/SPCS/Publications/LesseeAnnualReports/2013/2013AnnualReport-Nuiqsut.pdf"
Gas pipelines,StartMonth1,AG3848,3848,P7462,,9
Gas pipelines,Length [ref],BI3848,3848,P7462,https://dog.dnr.alaska.gov/Documents/SPCS/Publications/LesseeAnnualReports/2013/2013AnnualReport-Nuiqsut.pdf,"https://dog.dnr.alaska.gov/Documents/SPCS/Publications/LesseeAnnualReports/2013/2013AnnualReport-Nuiqsut.pdf, https://dog.dnr.alaska.gov/Services/Pipeline/Nuiqsut%20Natural%20Gas"
Gas pipelines,Diameter [ref],BO3848,3848,P7462,https://dog.dnr.alaska.gov/Documents/SPCS/Publications/LesseeAnnualReports/2013/2013AnnualReport-Nuiqsut.pdf,"https://dog.dnr.alaska.gov/Documents/SPCS/Publications/LesseeAnnualReports/2013/2013AnnualReport-Nuiqsut.pdf, https://dog.dnr.alaska.gov/Services/Pipeline/Nuiqsut%20Natural%20Gas"
Gas pipelines,FuelSource,BQ3848,3848,P7462,,Alpine Development Project
Gas pipelines,FuelSource [ref],BR3848,3848,P7462,,"https://dog.dnr.alaska.gov/Documents/SPCS/Publications/LesseeAnnualReports/2013/2013AnnualReport-Nuiqsut.pdf, https://dog.dnr.alaska.gov/Services/Pipeline/Nuiqsut%20Natural%20Gas"
Gas pipelines,Construction [ref],AE3849,3849,P7463,https://dog.dnr.alaska.gov/Services/Pipeline/Northstar%20Gas,"https://dog.dnr.alaska.gov/Services/Pipeline/Northstar%20Gas, http://www.petroleumnews.com/pnads/231570264.shtml"
Gas pipelines,Start [ref],AL3849,3849,P7463,https://dog.dnr.alaska.gov/Services/Pipeline/Northstar%20Gas,"https://dog.dnr.alaska.gov/Services/Pipeline/Northstar%20Gas, http://www.petroleumnews.com/pnads/990852444.shtml"
Gas pipelines,Status [ref],I3851,3851,P7465,https://www.npms.phmsa.dot.gov/,"https://www.npms.phmsa.dot.gov/, https://alyeska-pipe.com/wp-content/uploads/2025/01/24-APSC-0352-FACTBOOK-UPDATE-FOR-WEB-FINAL1_AA.pdf"
Gas pipelines,Fuel [ref],M3851,3851,P7465,https://www.npms.phmsa.dot.gov/,"https://www.npms.phmsa.dot.gov/, https://alyeska-pipe.com/wp-content/uploads/2025/01/24-APSC-0352-FACTBOOK-UPDATE-FOR-WEB-FINAL1_AA.pdf, https://pubs.aina.ucalgary.ca/cpc/CPC5-389.pdf"
Gas pipelines,PipelineType [ref],O3851,3851,P7465,https://www.npms.phmsa.dot.gov/,"https://www.npms.phmsa.dot.gov/, https://pubs.aina.ucalgary.ca/cpc/CPC5-389.pdf"
Gas pipelines,ConstructionYear,AC3851,3851,P7465,,1975
Gas pipelines,Construction [ref],AE3851,3851,P7465,,https://pubs.aina.ucalgary.ca/cpc/CPC5-389.pdf
Gas pipelines,Pressure [ref],BC3851,3851,P7465,https://alyeska-pipe.com/wp-content/uploads/2025/01/24-APSC-0352-FACTBOOK-UPDATE-FOR-WEB-FINAL1_AA.pdf,"https://alyeska-pipe.com/wp-content/uploads/2025/01/24-APSC-0352-FACTBOOK-UPDATE-FOR-WEB-FINAL1_AA.pdf, https://pubs.aina.ucalgary.ca/cpc/CPC5-389.pdf"
Gas pipelines,Length [ref],BI3851,3851,P7465,https://alyeska-pipe.com/wp-content/uploads/2025/01/24-APSC-0352-FACTBOOK-UPDATE-FOR-WEB-FINAL1_AA.pdf,"https://alyeska-pipe.com/wp-content/uploads/2025/01/24-APSC-0352-FACTBOOK-UPDATE-FOR-WEB-FINAL1_AA.pdf, https://pubs.aina.ucalgary.ca/cpc/CPC5-389.pdf"
Gas pipelines,Diameter [ref],BO3851,3851,P7465,https://alyeska-pipe.com/wp-content/uploads/2025/01/24-APSC-0352-FACTBOOK-UPDATE-FOR-WEB-FINAL1_AA.pdf,"https://alyeska-pipe.com/wp-content/uploads/2025/01/24-APSC-0352-FACTBOOK-UPDATE-FOR-WEB-FINAL1_AA.pdf, https://pubs.aina.ucalgary.ca/cpc/CPC5-389.pdf"
Gas pipelines,Status,H4152,4152,P7772,construction,operating
Gas pipelines,Status [ref],I4152,4152,P7772,https://www.eia.gov/naturalgas/data.php#pipelines,"https://www.northernnaturalgas.com/expansion-projects/northern-lights/, https://www.eia.gov/naturalgas/pipelines/EIA-NaturalGasPipelineProjectsAug2026.xlsx"
Gas pipelines,Fuel [ref],M4152,4152,P7772,https://www.eia.gov/naturalgas/data.php#pipelines,"https://www.eia.gov/naturalgas/data.php#pipelines, https://www.northernnaturalgas.com/expansion-projects/northern-lights/, https://www.eia.gov/naturalgas/pipelines/EIA-NaturalGasPipelineProjectsAug2026.xlsx"
Gas pipelines,PipelineType [ref],O4152,4152,P7772,https://www.eia.gov/naturalgas/data.php#pipelines,"https://www.eia.gov/naturalgas/data.php#pipelines, https://www.northernnaturalgas.com/expansion-projects/northern-lights/, https://www.eia.gov/naturalgas/pipelines/EIA-NaturalGasPipelineProjectsAug2026.xlsx"
Gas pipelines,ProposalYear,Z4152,4152,P7772,,2024
Gas pipelines,ProposalMonth,AA4152,4152,P7772,,2
Gas pipelines,Proposal [ref],AB4152,4152,P7772,,"https://www.northernnaturalgas.com/expansion-projects/northern-lights/, https://www.eia.gov/naturalgas/pipelines/EIA-NaturalGasPipelineProjects_Apr2024.xlsx"
Gas pipelines,ConstructionMonth,AD4152,4152,P7772,,4
Gas pipelines,Construction [ref],AE4152,4152,P7772,https://www.eia.gov/naturalgas/data.php#pipelines,"https://www.eia.gov/naturalgas/data.php#pipelines, https://www.northernnaturalgas.com/expansion-projects/northern-lights/, https://www.eia.gov/naturalgas/pipelines/EIA-NaturalGasPipelineProjectsAug2026.xlsx"
Gas pipelines,Start [ref],AL4152,4152,P7772,https://www.eia.gov/naturalgas/data.php#pipelines,"https://www.eia.gov/naturalgas/data.php#pipelines, https://www.northernnaturalgas.com/expansion-projects/northern-lights/, https://www.eia.gov/naturalgas/pipelines/EIA-NaturalGasPipelineProjectsAug2026.xlsx"
Gas pipelines,Capacity [ref],AZ4152,4152,P7772,https://www.eia.gov/naturalgas/data.php#pipelines,"https://www.eia.gov/naturalgas/data.php#pipelines, https://www.eia.gov/naturalgas/pipelines/EIA-NaturalGasPipelineProjectsAug2026.xlsx"
Gas pipelines,Diameter [ref],BO4152,4152,P7772,https://www.eia.gov/naturalgas/data.php#pipelines,"https://www.eia.gov/naturalgas/data.php#pipelines, https://www.northernnaturalgas.com/expansion-projects/northern-lights/, https://www.eia.gov/naturalgas/pipelines/EIA-NaturalGasPipelineProjectsAug2026.xlsx"
Gas pipelines,Location [ref],CF4152,4152,P7772,https://www.eia.gov/naturalgas/data.php#pipelines,"https://www.eia.gov/naturalgas/data.php#pipelines, https://www.northernnaturalgas.com/expansion-projects/northern-lights/, https://www.eia.gov/naturalgas/pipelines/EIA-NaturalGasPipelineProjectsAug2026.xlsx"
Gas pipelines,SegmentCost [ref],CM4152,4152,P7772,https://www.eia.gov/naturalgas/data.php#pipelines,"https://www.eia.gov/naturalgas/data.php#pipelines, https://www.eia.gov/naturalgas/pipelines/EIA-NaturalGasPipelineProjectsAug2026.xlsx"
Gas pipelines,Fuel [ref],M4159,4159,P7779,https://www.eia.gov/naturalgas/data.php#pipelines,"https://www.eia.gov/naturalgas/data.php#pipelines, https://www.eia.gov/naturalgas/pipelines/EIA-NaturalGasPipelineProjectsAug2026.xlsx"
Gas pipelines,PipelineType [ref],O4159,4159,P7779,https://www.eia.gov/naturalgas/data.php#pipelines,"https://www.eia.gov/naturalgas/data.php#pipelines, https://www.eia.gov/naturalgas/pipelines/EIA-NaturalGasPipelineProjectsAug2026.xlsx"
Gas pipelines,Proposal [ref],AB4159,4159,P7779,https://www.eia.gov/naturalgas/data.php#pipelines,"https://www.eia.gov/naturalgas/data.php#pipelines, https://www.eia.gov/naturalgas/pipelines/EIA-NaturalGasPipelineProjectsAug2026.xlsx"
Gas pipelines,Start [ref],AL4159,4159,P7779,https://www.eia.gov/naturalgas/data.php#pipelines,"https://www.eia.gov/naturalgas/data.php#pipelines, https://www.eia.gov/naturalgas/pipelines/EIA-NaturalGasPipelineProjectsAug2026.xlsx"
Gas pipelines,Length [ref],BI4159,4159,P7779,https://www.eia.gov/naturalgas/data.php#pipelines,"https://www.eia.gov/naturalgas/data.php#pipelines, https://www.eia.gov/naturalgas/pipelines/EIA-NaturalGasPipelineProjectsAug2026.xlsx"
Gas pipelines,FuelSource [ref],BR4159,4159,P7779,https://www.hartenergy.com/exclusives/kinder-morgan-build-17b-texas-pipeline-serve-lng-sector-211752/,"https://www.hartenergy.com/exclusives/kinder-morgan-build-17b-texas-pipeline-serve-lng-sector-211752/, https://www.kindermorgan.com/Operations/Projects/Trident-Intrastate-Project"
Gas pipelines,Status [ref],I4160,4160,P7780,https://www.eia.gov/naturalgas/data.php#pipelines,"https://www.eia.gov/naturalgas/data.php#pipelines, https://www.eia.gov/naturalgas/pipelines/EIA-NaturalGasPipelineProjectsAug2026.xlsx, https://www.federalregister.gov/documents/2025/09/10/2025-17406/gulf-south-pipeline-company-notice-of-availability-of-the-environmental-assessment-for-the-proposed"
Gas pipelines,Fuel [ref],M4160,4160,P7780,https://www.eia.gov/naturalgas/data.php#pipelines,"https://www.eia.gov/naturalgas/data.php#pipelines, https://www.federalregister.gov/documents/2025/02/18/2025-02711/gulf-south-pipeline-company-llc-notice-of-application-and-establishing-intervention-deadline, https://www.eia.gov/naturalgas/pipelines/EIA-NaturalGasPipelineProjectsAug2026.xlsx"
Gas pipelines,PipelineType [ref],O4160,4160,P7780,https://www.eia.gov/naturalgas/data.php#pipelines,"https://www.eia.gov/naturalgas/data.php#pipelines, https://www.federalregister.gov/documents/2025/02/18/2025-02711/gulf-south-pipeline-company-llc-notice-of-application-and-establishing-intervention-deadline, https://www.eia.gov/naturalgas/pipelines/EIA-NaturalGasPipelineProjectsAug2026.xlsx"
Gas pipelines,Proposal [ref],AB4160,4160,P7780,https://www.bwpipelines.com/about-us/subsidiaries/gulf-south-pipeline-company-lp/expansions/current-projects/pluss-project/default.aspx,"https://www.bwpipelines.com/about-us/subsidiaries/gulf-south-pipeline-company-lp/expansions/current-projects/pluss-project/default.aspx, https://www.gulfsouthpl.com/about-us/subsidiaries/gulf-south-pipeline-company-lp/expansions/current-projects/pluss-project/timelines-updates/"
Gas pipelines,Start [ref],AL4160,4160,P7780,https://www.bwpipelines.com/about-us/subsidiaries/gulf-south-pipeline-company-lp/expansions/current-projects/pluss-project/default.aspx,"https://www.bwpipelines.com/about-us/subsidiaries/gulf-south-pipeline-company-lp/expansions/current-projects/pluss-project/default.aspx, https://www.eia.gov/naturalgas/pipelines/EIA-NaturalGasPipelineProjectsAug2026.xlsx, https://www.gulfsouthpl.com/about-us/subsidiaries/gulf-south-pipeline-company-lp/expansions/current-projects/pluss-project/timelines-updates/"
Gas pipelines,Capacity [ref],AZ4160,4160,P7780,https://www.eia.gov/naturalgas/data.php#pipelines,"https://www.eia.gov/naturalgas/data.php#pipelines, https://www.federalregister.gov/documents/2025/02/18/2025-02711/gulf-south-pipeline-company-llc-notice-of-application-and-establishing-intervention-deadline, https://www.eia.gov/naturalgas/pipelines/EIA-NaturalGasPipelineProjectsAug2026.xlsx"
Gas pipelines,Pressure,BA4160,4160,P7780,,1000
Gas pipelines,PressureUnits,BB4160,4160,P7780,,psi
Gas pipelines,Pressure [ref],BC4160,4160,P7780,,https://www.federalregister.gov/documents/2025/09/10/2025-17406/gulf-south-pipeline-company-notice-of-availability-of-the-environmental-assessment-for-the-proposed
Gas pipelines,Location [ref],CF4160,4160,P7780,https://www.bwpipelines.com/about-us/subsidiaries/gulf-south-pipeline-company-lp/expansions/current-projects/pluss-project/default.aspx,"https://www.bwpipelines.com/about-us/subsidiaries/gulf-south-pipeline-company-lp/expansions/current-projects/pluss-project/default.aspx, https://www.federalregister.gov/documents/2025/02/18/2025-02711/gulf-south-pipeline-company-llc-notice-of-application-and-establishing-intervention-deadline, https://www.gulfsouthpl.com/about-us/subsidiaries/gulf-south-pipeline-company-lp/expansions/current-projects/pluss-project/timelines-updates/"
Gas pipelines,SegmentCost,CJ4160,4160,P7780,,116900000.0
Gas pipelines,SegmentCostUnits,CK4160,4160,P7780,,USD
Gas pipelines,SegmentCostYear,CL4160,4160,P7780,,2025
Gas pipelines,SegmentCost [ref],CM4160,4160,P7780,,"https://www.federalregister.gov/documents/2025/02/18/2025-02711/gulf-south-pipeline-company-llc-notice-of-application-and-establishing-intervention-deadline, https://www.eia.gov/naturalgas/pipelines/EIA-NaturalGasPipelineProjectsAug2026.xlsx"
Gas pipelines,Status [ref],I4170,4170,P7790,https://www.eia.gov/naturalgas/data.php#pipelines,"https://www.eia.gov/naturalgas/data.php#pipelines, https://www.sec.gov/Archives/edgar/data/107263/000010726326000026/wmb-20260630.htm, https://www.eia.gov/naturalgas/pipelines/EIA-NaturalGasPipelineProjectsAug2026.xlsx"
Gas pipelines,Fuel [ref],M4170,4170,P7790,https://www.eia.gov/naturalgas/data.php#pipelines,"https://www.eia.gov/naturalgas/data.php#pipelines, https://www.eia.gov/naturalgas/pipelines/EIA-NaturalGasPipelineProjectsAug2026.xlsx, https://www.williams.com/expansion-project/kelso-beaver-reliability/"
Gas pipelines,ProposalYear,Z4170,4170,P7790,,2025
Gas pipelines,Proposal [ref],AB4170,4170,P7790,,"https://www.williams.com/expansion-project/kelso-beaver-reliability/, https://www.eia.gov/naturalgas/pipelines/EIA-NaturalGasPipelineProjectsAug2026.xlsx"
Gas pipelines,Start [ref],AL4170,4170,P7790,https://www.eia.gov/naturalgas/data.php#pipelines,"https://www.eia.gov/naturalgas/data.php#pipelines, https://www.sec.gov/Archives/edgar/data/107263/000010726326000026/wmb-20260630.htm, https://www.eia.gov/naturalgas/pipelines/EIA-NaturalGasPipelineProjectsAug2026.xlsx"
Gas pipelines,Capacity [ref],AZ4170,4170,P7790,https://www.eia.gov/naturalgas/data.php#pipelines,"https://www.eia.gov/naturalgas/data.php#pipelines, https://www.williams.com/expansion-project/kelso-beaver-reliability/, https://www.eia.gov/naturalgas/pipelines/EIA-NaturalGasPipelineProjectsAug2026.xlsx"
Gas pipelines,Length [ref],BI4170,4170,P7790,https://www.eia.gov/naturalgas/data.php#pipelines,"https://www.eia.gov/naturalgas/data.php#pipelines, https://www.williams.com/expansion-project/kelso-beaver-reliability/, https://www.eia.gov/naturalgas/pipelines/EIA-NaturalGasPipelineProjectsAug2026.xlsx"
Gas pipelines,FuelSource,BQ4170,4170,P7790,,North Mist Underground Storage Facility
Gas pipelines,FuelSource [ref],BR4170,4170,P7790,,"https://www.williams.com/expansion-project/kelso-beaver-reliability/, https://www.eia.gov/naturalgas/pipelines/EIA-NaturalGasPipelineProjectsAug2026.xlsx"
Gas pipelines,Location [ref],CF4170,4170,P7790,https://www.williams.com/wp-content/uploads/sites/8/2025/02/Kelso-Beaver-Reliability-Project-MAP.pdf,"https://www.williams.com/wp-content/uploads/sites/8/2025/02/Kelso-Beaver-Reliability-Project-MAP.pdf, https://www.eia.gov/naturalgas/pipelines/EIA-NaturalGasPipelineProjectsAug2026.xlsx"
Gas pipelines,Status [ref],I4172,4172,P7792,https://www.eia.gov/naturalgas/data.php#pipelines,"https://www.eia.gov/naturalgas/data.php#pipelines, https://www.eia.gov/naturalgas/pipelines/EIA-NaturalGasPipelineProjectsAug2026.xlsx"
Gas pipelines,Fuel [ref],M4172,4172,P7792,https://www.eia.gov/naturalgas/data.php#pipelines,"https://www.eia.gov/naturalgas/data.php#pipelines, https://www.eia.gov/naturalgas/pipelines/EIA-NaturalGasPipelineProjectsAug2026.xlsx"
Gas pipelines,PipelineType [ref],O4172,4172,P7792,https://www.eia.gov/naturalgas/data.php#pipelines,"https://www.eia.gov/naturalgas/data.php#pipelines, https://www.eia.gov/naturalgas/pipelines/EIA-NaturalGasPipelineProjectsAug2026.xlsx"
Gas pipelines,Start [ref],AL4172,4172,P7792,https://www.eia.gov/naturalgas/data.php#pipelines,"https://www.eia.gov/naturalgas/data.php#pipelines, https://www.eia.gov/naturalgas/pipelines/EIA-NaturalGasPipelineProjectsAug2026.xlsx"
Gas pipelines,Capacity [ref],AZ4172,4172,P7792,https://www.eia.gov/naturalgas/data.php#pipelines,"https://www.eia.gov/naturalgas/data.php#pipelines, https://www.eia.gov/naturalgas/pipelines/EIA-NaturalGasPipelineProjectsAug2026.xlsx"
Gas pipelines,Length [ref],BI4172,4172,P7792,https://www.eia.gov/naturalgas/data.php#pipelines,"https://www.eia.gov/naturalgas/data.php#pipelines, https://www.eia.gov/naturalgas/pipelines/EIA-NaturalGasPipelineProjectsAug2026.xlsx"
Gas pipelines,Diameter [ref],BO4172,4172,P7792,https://www.eia.gov/naturalgas/data.php#pipelines,"https://www.eia.gov/naturalgas/data.php#pipelines, https://www.eia.gov/naturalgas/pipelines/EIA-NaturalGasPipelineProjectsAug2026.xlsx"
Gas pipelines,Location [ref],CF4172,4172,P7792,https://www.eia.gov/naturalgas/data.php#pipelines,"https://www.eia.gov/naturalgas/data.php#pipelines, https://www.eia.gov/naturalgas/pipelines/EIA-NaturalGasPipelineProjectsAug2026.xlsx"
Gas pipelines,SegmentCost [ref],CM4172,4172,P7792,https://www.eia.gov/naturalgas/data.php#pipelines,"https://www.eia.gov/naturalgas/data.php#pipelines, https://www.eia.gov/naturalgas/pipelines/EIA-NaturalGasPipelineProjectsAug2026.xlsx"
Gas pipelines,Status [ref],I4173,4173,P7793,https://www.eia.gov/naturalgas/data.php#pipelines,"https://www.eia.gov/naturalgas/data.php#pipelines, https://www.eia.gov/naturalgas/pipelines/EIA-NaturalGasPipelineProjectsAug2026.xlsx"
Gas pipelines,Fuel [ref],M4173,4173,P7793,https://www.eia.gov/naturalgas/data.php#pipelines,"https://www.eia.gov/naturalgas/data.php#pipelines, https://www.eia.gov/naturalgas/pipelines/EIA-NaturalGasPipelineProjectsAug2026.xlsx"
Gas pipelines,PipelineType [ref],O4173,4173,P7793,https://www.eia.gov/naturalgas/data.php#pipelines,"https://www.eia.gov/naturalgas/data.php#pipelines, https://www.eia.gov/naturalgas/pipelines/EIA-NaturalGasPipelineProjectsAug2026.xlsx"
Gas pipelines,Proposal [ref],AB4173,4173,P7793,https://www.eia.gov/naturalgas/data.php#pipelines,"https://www.eia.gov/naturalgas/data.php#pipelines, https://www.eia.gov/naturalgas/pipelines/EIA-NaturalGasPipelineProjectsAug2026.xlsx"
Gas pipelines,Start [ref],AL4173,4173,P7793,https://www.eia.gov/naturalgas/data.php#pipelines,"https://www.eia.gov/naturalgas/data.php#pipelines, https://www.eia.gov/naturalgas/pipelines/EIA-NaturalGasPipelineProjectsAug2026.xlsx"
Gas pipelines,Capacity [ref],AZ4173,4173,P7793,https://www.eia.gov/naturalgas/data.php#pipelines,"https://www.eia.gov/naturalgas/data.php#pipelines, https://www.eia.gov/naturalgas/pipelines/EIA-NaturalGasPipelineProjectsAug2026.xlsx"
Gas pipelines,Length [ref],BI4173,4173,P7793,https://www.eia.gov/naturalgas/data.php#pipelines,"https://www.eia.gov/naturalgas/data.php#pipelines, https://www.eia.gov/naturalgas/pipelines/EIA-NaturalGasPipelineProjectsAug2026.xlsx"
Gas pipelines,Diameter [ref],BO4173,4173,P7793,https://www.eia.gov/naturalgas/data.php#pipelines,"https://www.eia.gov/naturalgas/data.php#pipelines, https://www.eia.gov/naturalgas/pipelines/EIA-NaturalGasPipelineProjectsAug2026.xlsx"
Gas pipelines,SegmentCost [ref],CM4173,4173,P7793,https://www.eia.gov/naturalgas/data.php#pipelines,"https://www.eia.gov/naturalgas/data.php#pipelines, https://www.eia.gov/naturalgas/pipelines/EIA-NaturalGasPipelineProjectsAug2026.xlsx"
Gas pipelines,Status [ref],I4174,4174,P7794,https://www.eia.gov/naturalgas/data.php#pipelines,"https://www.eia.gov/naturalgas/data.php#pipelines, https://www.eia.gov/naturalgas/pipelines/EIA-NaturalGasPipelineProjectsAug2026.xlsx"
Gas pipelines,Fuel [ref],M4174,4174,P7794,https://www.eia.gov/naturalgas/data.php#pipelines,"https://www.eia.gov/naturalgas/data.php#pipelines, https://www.eia.gov/naturalgas/pipelines/EIA-NaturalGasPipelineProjectsAug2026.xlsx"
Gas pipelines,PipelineType [ref],O4174,4174,P7794,https://www.eia.gov/naturalgas/data.php#pipelines,"https://www.eia.gov/naturalgas/data.php#pipelines, https://www.eia.gov/naturalgas/pipelines/EIA-NaturalGasPipelineProjectsAug2026.xlsx"
Gas pipelines,Proposal [ref],AB4174,4174,P7794,https://www.eia.gov/naturalgas/data.php#pipelines,"https://www.eia.gov/naturalgas/data.php#pipelines, https://www.eia.gov/naturalgas/pipelines/EIA-NaturalGasPipelineProjectsAug2026.xlsx"
Gas pipelines,StartYear1,AF4174,4174,P7794,,2030
Gas pipelines,Start [ref],AL4174,4174,P7794,,https://www.eia.gov/naturalgas/pipelines/EIA-NaturalGasPipelineProjectsAug2026.xlsx
Gas pipelines,Capacity [ref],AZ4174,4174,P7794,https://www.eia.gov/naturalgas/data.php#pipelines,"https://www.eia.gov/naturalgas/data.php#pipelines, https://www.eia.gov/naturalgas/pipelines/EIA-NaturalGasPipelineProjectsAug2026.xlsx"
Gas pipelines,LengthKnown,BF4174,4174,P7794,,265
Gas pipelines,LengthKnownUnits,BG4174,4174,P7794,,mi
Gas pipelines,Length [ref],BI4174,4174,P7794,,https://www.eia.gov/naturalgas/pipelines/EIA-NaturalGasPipelineProjectsAug2026.xlsx
Gas pipelines,FuelSource [ref],BR4174,4174,P7794,https://www.eia.gov/naturalgas/data.php#pipelines,"https://www.eia.gov/naturalgas/data.php#pipelines, https://www.eia.gov/naturalgas/pipelines/EIA-NaturalGasPipelineProjectsAug2026.xlsx"
Gas pipelines,Status,H4176,4176,P7796,proposed,construction
Gas pipelines,Status [ref],I4176,4176,P7796,https://www.eia.gov/naturalgas/data.php#pipelines,"https://www.eia.gov/naturalgas/pipelines/EIA-NaturalGasPipelineProjectsAug2026.xlsx, https://www.sec.gov/Archives/edgar/data/0001389170/000119312526337729/trgp-20260630.htm, https://www.eia.gov/naturalgas/data.php#pipelines, https://www.eia.gov/naturalgas/pipelines/EIA-NaturalGasPipelineProjects_Jan2026.xlsx"
Gas pipelines,Fuel [ref],M4176,4176,P7796,https://www.eia.gov/naturalgas/data.php#pipelines,"https://www.eia.gov/naturalgas/data.php#pipelines, https://www.eia.gov/naturalgas/pipelines/EIA-NaturalGasPipelineProjects_Jan2026.xlsx"
Gas pipelines,PipelineType [ref],O4176,4176,P7796,https://www.eia.gov/naturalgas/data.php#pipelines,"https://www.eia.gov/naturalgas/data.php#pipelines, https://www.eia.gov/naturalgas/pipelines/EIA-NaturalGasPipelineProjects_Jan2026.xlsx"
Gas pipelines,Proposal [ref],AB4176,4176,P7796,https://www.eia.gov/naturalgas/data.php#pipelines,"https://www.eia.gov/naturalgas/data.php#pipelines, https://www.eia.gov/naturalgas/pipelines/EIA-NaturalGasPipelineProjects_Jan2026.xlsx"
Gas pipelines,ConstructionYear,AC4176,4176,P7796,,2025
Gas pipelines,Construction [ref],AE4176,4176,P7796,,https://www.eia.gov/naturalgas/pipelines/EIA-NaturalGasPipelineProjectsAug2026.xlsx
Gas pipelines,Start [ref],AL4176,4176,P7796,https://www.eia.gov/naturalgas/data.php#pipelines,"https://www.eia.gov/naturalgas/data.php#pipelines, https://www.eia.gov/naturalgas/pipelines/EIA-NaturalGasPipelineProjects_Jan2026.xlsx"
Gas pipelines,Location [ref],CF4176,4176,P7796,https://www.eia.gov/naturalgas/data.php#pipelines,"https://www.eia.gov/naturalgas/data.php#pipelines, https://www.eia.gov/naturalgas/pipelines/EIA-NaturalGasPipelineProjects_Jan2026.xlsx"
Gas pipelines,Status [ref],I4178,4178,P7798,https://www.eia.gov/naturalgas/data.php#pipelines,"https://www.eia.gov/naturalgas/data.php#pipelines, https://www.eia.gov/naturalgas/pipelines/EIA-NaturalGasPipelineProjects_May2026.xlsx"
Gas pipelines,Fuel [ref],M4178,4178,P7798,https://www.eia.gov/naturalgas/data.php#pipelines,"https://www.eia.gov/naturalgas/data.php#pipelines, https://www.eia.gov/naturalgas/pipelines/EIA-NaturalGasPipelineProjects_May2026.xlsx, https://www.cheniere.com/about/where-we-work/sabine-pass"
Gas pipelines,PipelineType [ref],O4178,4178,P7798,https://www.eia.gov/naturalgas/data.php#pipelines,"https://www.eia.gov/naturalgas/data.php#pipelines, https://www.eia.gov/naturalgas/pipelines/EIA-NaturalGasPipelineProjects_May2026.xlsx, https://www.cheniere.com/about/where-we-work/sabine-pass"
Gas pipelines,Proposal [ref],AB4178,4178,P7798,https://www.eia.gov/naturalgas/data.php#pipelines,"https://www.eia.gov/naturalgas/data.php#pipelines, https://www.eia.gov/naturalgas/pipelines/EIA-NaturalGasPipelineProjects_May2026.xlsx"
Gas pipelines,ConstructionYear,AC4178,4178,P7798,,2025
Gas pipelines,Construction [ref],AE4178,4178,P7798,,https://www.eia.gov/naturalgas/pipelines/EIA-NaturalGasPipelineProjects_May2026.xlsx
Gas pipelines,Start [ref],AL4178,4178,P7798,https://www.eia.gov/naturalgas/data.php#pipelines,"https://www.eia.gov/naturalgas/data.php#pipelines, https://www.eia.gov/naturalgas/pipelines/EIA-NaturalGasPipelineProjects_May2026.xlsx"
Gas pipelines,Length [ref],BI4178,4178,P7798,https://www.eia.gov/naturalgas/data.php#pipelines,"https://www.eia.gov/naturalgas/data.php#pipelines, https://www.eia.gov/naturalgas/pipelines/EIA-NaturalGasPipelineProjects_May2026.xlsx, https://www.cheniere.com/about/where-we-work/sabine-pass"
Gas pipelines,Diameter [ref],BO4178,4178,P7798,https://www.eia.gov/naturalgas/data.php#pipelines,"https://www.eia.gov/naturalgas/data.php#pipelines, https://www.eia.gov/naturalgas/pipelines/EIA-NaturalGasPipelineProjects_May2026.xlsx, https://www.cheniere.com/about/where-we-work/sabine-pass"
Gas pipelines,Location [ref],CF4178,4178,P7798,https://www.eia.gov/naturalgas/data.php#pipelines,"https://www.eia.gov/naturalgas/data.php#pipelines, https://www.eia.gov/naturalgas/pipelines/EIA-NaturalGasPipelineProjects_May2026.xlsx, https://www.cheniere.com/about/where-we-work/sabine-pass"
Gas pipelines,Fuel [ref],M4189,4189,P7809,https://www.eia.gov/naturalgas/data.php#pipelines,"https://www.eia.gov/naturalgas/data.php#pipelines, https://www.eia.gov/naturalgas/pipelines/EIA-NaturalGasPipelineProjectsAug2026.xlsx"
Gas pipelines,PipelineType [ref],O4189,4189,P7809,https://www.eia.gov/naturalgas/data.php#pipelines,"https://www.eia.gov/naturalgas/data.php#pipelines, https://www.eia.gov/naturalgas/pipelines/EIA-NaturalGasPipelineProjectsAug2026.xlsx"
Gas pipelines,ProposalYear,Z4189,4189,P7809,,2023
Gas pipelines,Proposal [ref],AB4189,4189,P7809,,https://www.eia.gov/naturalgas/pipelines/EIA-NaturalGasPipelineProjectsAug2026.xlsx
Gas pipelines,ConstructionYear,AC4189,4189,P7809,2025,2024
Gas pipelines,Construction [ref],AE4189,4189,P7809,https://www.eia.gov/naturalgas/data.php#pipelines,https://www.enbridge.com/projects-and-infrastructure/public-awareness/east-tennessee-natural-gas-system-alignment-program
Gas pipelines,Capacity [ref],AZ4189,4189,P7809,https://www.eia.gov/naturalgas/data.php#pipelines,"https://www.eia.gov/naturalgas/data.php#pipelines, https://www.eia.gov/naturalgas/pipelines/EIA-NaturalGasPipelineProjectsAug2026.xlsx"
Gas pipelines,Diameter [ref],BO4189,4189,P7809,https://www.eia.gov/naturalgas/data.php#pipelines,"https://www.eia.gov/naturalgas/data.php#pipelines, https://www.eia.gov/naturalgas/pipelines/EIA-NaturalGasPipelineProjectsAug2026.xlsx"
Gas pipelines,FuelSource,BQ4189,4189,P7809,,natural gas
Gas pipelines,FuelSource [ref],BR4189,4189,P7809,,https://www.eia.gov/naturalgas/pipelines/EIA-NaturalGasPipelineProjectsAug2026.xlsx
Gas pipelines,EndState/Province,CA4189,4189,P7809,Virginia,North Carolina
Gas pipelines,Location [ref],CF4189,4189,P7809,https://www.eia.gov/naturalgas/data.php#pipelines,https://www.eia.gov/naturalgas/pipelines/EIA-NaturalGasPipelineProjectsAug2026.xlsx
Gas pipelines,SegmentCost [ref],CM4189,4189,P7809,https://www.eia.gov/naturalgas/data.php#pipelines,"https://www.eia.gov/naturalgas/data.php#pipelines, https://www.eia.gov/naturalgas/pipelines/EIA-NaturalGasPipelineProjectsAug2026.xlsx"
Gas pipelines,Status [ref],I4190,4190,P7810,https://www.eia.gov/naturalgas/data.php#pipelines,"https://www.eia.gov/naturalgas/data.php#pipelines, https://www.federalregister.gov/documents/2025/09/30/2025-18993/gulf-south-pipeline-company-llc-texas-gas-transmission-llc-notice-of-application-and-establishing, https://bwpipelines.com/project/kosciusko-junction-pipeline-project"
Gas pipelines,Fuel [ref],M4190,4190,P7810,https://www.eia.gov/naturalgas/data.php#pipelines,"https://www.eia.gov/naturalgas/data.php#pipelines, https://www.federalregister.gov/documents/2025/09/30/2025-18993/gulf-south-pipeline-company-llc-texas-gas-transmission-llc-notice-of-application-and-establishing, https://bwpipelines.com/project/kosciusko-junction-pipeline-project"
Gas pipelines,PipelineType [ref],O4190,4190,P7810,https://www.eia.gov/naturalgas/data.php#pipelines,"https://www.eia.gov/naturalgas/data.php#pipelines, https://www.federalregister.gov/documents/2025/09/30/2025-18993/gulf-south-pipeline-company-llc-texas-gas-transmission-llc-notice-of-application-and-establishing, https://bwpipelines.com/subsidiaries/gulf-south-pipeline-company/home"
Gas pipelines,Length [ref],BI4190,4190,P7810,https://www.eia.gov/naturalgas/data.php#pipelines,"https://www.eia.gov/naturalgas/data.php#pipelines, https://www.federalregister.gov/documents/2025/09/30/2025-18993/gulf-south-pipeline-company-llc-texas-gas-transmission-llc-notice-of-application-and-establishing, https://bwpipelines.com/project/kosciusko-junction-pipeline-project"
Gas pipelines,Diameter [ref],BO4190,4190,P7810,https://www.eia.gov/naturalgas/data.php#pipelines,"https://www.eia.gov/naturalgas/data.php#pipelines, https://www.federalregister.gov/documents/2025/09/30/2025-18993/gulf-south-pipeline-company-llc-texas-gas-transmission-llc-notice-of-application-and-establishing, https://bwpipelines.com/project/kosciusko-junction-pipeline-project"
Gas pipelines,FuelSource,BQ4190,4190,P7810,,Haynesville Shale; Marcellus/Utica; Fayetteville Shale
Gas pipelines,FuelSource [ref],BR4190,4190,P7810,,https://www.prnewswire.com/news-releases/boardwalk-makes-final-investment-decision-on-gulf-south-pipeline-company-llcs-kosci-junction-pipeline-project-302328554.html
Gas pipelines,Location [ref],CF4190,4190,P7810,https://www.eia.gov/naturalgas/data.php#pipelines,"https://www.eia.gov/naturalgas/data.php#pipelines, https://www.federalregister.gov/documents/2025/09/30/2025-18993/gulf-south-pipeline-company-llc-texas-gas-transmission-llc-notice-of-application-and-establishing, https://pgjonline.com/news/2025/december/gulf-south-s-111-mile-kosciusko-junction-pipeline-enters-federal-review"
Gas pipelines,SegmentCost,CJ4190,4190,P7810,,1031400000.0
Gas pipelines,SegmentCostUnits,CK4190,4190,P7810,,USD
Gas pipelines,SegmentCostYear,CL4190,4190,P7810,,2025
Gas pipelines,SegmentCost [ref],CM4190,4190,P7810,,https://www.federalregister.gov/documents/2025/09/30/2025-18993/gulf-south-pipeline-company-llc-texas-gas-transmission-llc-notice-of-application-and-establishing
Gas pipelines,Status,H4191,4191,P7811,proposed,construction
Gas pipelines,Status [ref],I4191,4191,P7811,https://www.eia.gov/naturalgas/data.php#pipelines,"https://www.eia.gov/naturalgas/pipelines/EIA-NaturalGasPipelineProjectsAug2026.xlsx, https://www.enbridge.com/stories/2026/august/enbridge-option-to-acquire-ttc-connector-pipeline-gulf-coast-connectivity-lng-exports, https://www.eia.gov/naturalgas/data.php#pipelines"
Gas pipelines,Fuel [ref],M4191,4191,P7811,https://www.eia.gov/naturalgas/data.php#pipelines,"https://www.eia.gov/naturalgas/data.php#pipelines, https://www.eia.gov/naturalgas/pipelines/EIA-NaturalGasPipelineProjectsAug2026.xlsx"
Gas pipelines,PipelineType [ref],O4191,4191,P7811,https://www.eia.gov/naturalgas/data.php#pipelines,"https://www.eia.gov/naturalgas/data.php#pipelines, https://www.eia.gov/naturalgas/pipelines/EIA-NaturalGasPipelineProjectsAug2026.xlsx"
Gas pipelines,Proposal [ref],AB4191,4191,P7811,https://www.eia.gov/naturalgas/data.php#pipelines,"https://www.eia.gov/naturalgas/data.php#pipelines, https://www.eia.gov/naturalgas/pipelines/EIA-NaturalGasPipelineProjectsAug2026.xlsx"
Gas pipelines,ConstructionYear,AC4191,4191,P7811,,2026
Gas pipelines,ConstructionMonth,AD4191,4191,P7811,,8
Gas pipelines,Construction [ref],AE4191,4191,P7811,,https://www.eia.gov/naturalgas/pipelines/EIA-NaturalGasPipelineProjectsAug2026.xlsx
Gas pipelines,Start [ref],AL4191,4191,P7811,https://www.eia.gov/naturalgas/data.php#pipelines,"https://www.eia.gov/naturalgas/data.php#pipelines, https://www.eia.gov/naturalgas/pipelines/EIA-NaturalGasPipelineProjectsAug2026.xlsx"
Gas pipelines,Capacity [ref],AZ4191,4191,P7811,https://www.eia.gov/naturalgas/data.php#pipelines,"https://www.eia.gov/naturalgas/data.php#pipelines, https://www.eia.gov/naturalgas/pipelines/EIA-NaturalGasPipelineProjectsAug2026.xlsx"
Gas pipelines,Length [ref],BI4191,4191,P7811,https://www.eia.gov/naturalgas/data.php#pipelines,"https://www.eia.gov/naturalgas/data.php#pipelines, https://www.eia.gov/naturalgas/pipelines/EIA-NaturalGasPipelineProjectsAug2026.xlsx"
Gas pipelines,Diameter,BM4191,4191,P7811,,20
Gas pipelines,DiameterUnits,BN4191,4191,P7811,,in
Gas pipelines,Diameter [ref],BO4191,4191,P7811,,https://www.eia.gov/naturalgas/pipelines/EIA-NaturalGasPipelineProjectsAug2026.xlsx
Gas pipelines,Location [ref],CF4191,4191,P7811,https://www.eia.gov/naturalgas/data.php#pipelines,"https://www.eia.gov/naturalgas/data.php#pipelines, https://www.eia.gov/naturalgas/pipelines/EIA-NaturalGasPipelineProjectsAug2026.xlsx"
Gas pipelines,Status [ref],I4202,4202,P7822,https://elibrary.ferc.gov/eLibrary/docketsheet?chklegadata=false&date_range=custom&date_type=filed_date&docket_number=cp23-29&dt_from=1960-01-01&dt_to=2025-10-13&pagenm=dsearch&search_type=docket&sub_docket=000&sub_docket_q=allsub,"https://elibrary.ferc.gov/eLibrary/docketsheet?chklegadata=false&date_range=custom&date_type=filed_date&docket_number=cp23-29&dt_from=1960-01-01&dt_to=2025-10-13&pagenm=dsearch&search_type=docket&sub_docket=000&sub_docket_q=allsub, https://ir.oneok.com/news-and-events/press-releases/2022/12-20-2022-211548094"
Gas pipelines,Fuel [ref],M4202,4202,P7822,https://www.eia.gov/naturalgas/data.php#pipelines,"https://www.eia.gov/naturalgas/data.php#pipelines, https://ir.oneok.com/news-and-events/press-releases/2022/12-20-2022-211548094"
Gas pipelines,PipelineType [ref],O4202,4202,P7822,https://www.eia.gov/naturalgas/data.php#pipelines,"https://www.eia.gov/naturalgas/data.php#pipelines, https://ir.oneok.com/news-and-events/press-releases/2022/12-20-2022-211548094"
Gas pipelines,ProposalYear,Z4202,4202,P7822,,2022
Gas pipelines,ProposalMonth,AA4202,4202,P7822,,12
Gas pipelines,Proposal [ref],AB4202,4202,P7822,,https://ir.oneok.com/news-and-events/press-releases/2022/12-20-2022-211548094
Gas pipelines,Construction [ref],AE4202,4202,P7822,https://www.eia.gov/naturalgas/data.php#pipelines,"https://www.eia.gov/naturalgas/data.php#pipelines, https://www.bnamericas.com/en/analysis/mexico-pacific-plans-saguaro-energia-final-investment-decision-this-year"
Gas pipelines,StartYear1,AF4202,4202,P7822,,2028
Gas pipelines,Start [ref],AL4202,4202,P7822,,https://www.eia.gov/naturalgas/pipelines/EIA-NaturalGasPipelineProjectsAug2026.xlsx
Gas pipelines,Length [ref],BI4202,4202,P7822,https://www.eia.gov/naturalgas/data.php#pipelines,"https://www.eia.gov/naturalgas/data.php#pipelines, https://www.eia.gov/naturalgas/pipelines/EIA-NaturalGasPipelineProjectsAug2026.xlsx"
Gas pipelines,Diameter [ref],BO4202,4202,P7822,https://www.eia.gov/naturalgas/data.php#pipelines,"https://www.eia.gov/naturalgas/data.php#pipelines, https://www.eia.gov/naturalgas/pipelines/EIA-NaturalGasPipelineProjectsAug2026.xlsx"
Gas pipelines,Location [ref],CF4202,4202,P7822,https://www.eia.gov/naturalgas/data.php#pipelines,"https://www.eia.gov/naturalgas/data.php#pipelines, https://ir.oneok.com/news-and-events/press-releases/2022/12-20-2022-211548094"
Gas pipelines,SegmentCost [ref],CM4202,4202,P7822,https://www.eia.gov/naturalgas/data.php#pipelines,"https://www.eia.gov/naturalgas/data.php#pipelines, https://www.eia.gov/naturalgas/pipelines/EIA-NaturalGasPipelineProjectsAug2026.xlsx"
Gas pipelines,Status [ref],I4205,4205,P7825,https://www.eia.gov/naturalgas/data.php#pipelines,"https://www.eia.gov/naturalgas/data.php#pipelines, https://www.eia.gov/naturalgas/pipelines/EIA-NaturalGasPipelineProjectsAug2026.xlsx"
Gas pipelines,Fuel [ref],M4205,4205,P7825,https://www.eia.gov/naturalgas/data.php#pipelines,"https://www.eia.gov/naturalgas/data.php#pipelines, https://www.eia.gov/naturalgas/pipelines/EIA-NaturalGasPipelineProjectsAug2026.xlsx"
Gas pipelines,PipelineType [ref],O4205,4205,P7825,https://www.eia.gov/naturalgas/data.php#pipelines,"https://www.eia.gov/naturalgas/data.php#pipelines, https://www.eia.gov/naturalgas/pipelines/EIA-NaturalGasPipelineProjectsAug2026.xlsx"
Gas pipelines,ConstructionYear,AC4205,4205,P7825,,2025
Gas pipelines,ConstructionMonth,AD4205,4205,P7825,,11
Gas pipelines,Construction [ref],AE4205,4205,P7825,,https://www.eia.gov/naturalgas/pipelines/EIA-NaturalGasPipelineProjectsAug2026.xlsx
Gas pipelines,Start [ref],AL4205,4205,P7825,https://www.eia.gov/naturalgas/data.php#pipelines,"https://www.eia.gov/naturalgas/data.php#pipelines, https://www.eia.gov/naturalgas/pipelines/EIA-NaturalGasPipelineProjectsAug2026.xlsx"
Gas pipelines,Capacity [ref],AZ4205,4205,P7825,https://www.eia.gov/naturalgas/data.php#pipelines,"https://www.eia.gov/naturalgas/data.php#pipelines, https://www.eia.gov/naturalgas/pipelines/EIA-NaturalGasPipelineProjectsAug2026.xlsx"
Gas pipelines,Length [ref],BI4205,4205,P7825,https://www.federalregister.gov/documents/2025/08/13/2025-15363/eastern-gas-transmission-and-storage-inc-notice-of-availability-of-the-environmental-assessment-for; https://www.eia.gov/naturalgas/data.php#pipelines ,"https://www.federalregister.gov/documents/2025/08/13/2025-15363/eastern-gas-transmission-and-storage-inc-notice-of-availability-of-the-environmental-assessment-for; https://www.eia.gov/naturalgas/data.php#pipelines, https://www.eia.gov/naturalgas/pipelines/EIA-NaturalGasPipelineProjectsAug2026.xlsx"
Gas pipelines,StartState/Province,BU4205,4205,P7825,,Pennsylvania
Gas pipelines,EndState/Province,CA4205,4205,P7825,,Virginia
Gas pipelines,Location [ref],CF4205,4205,P7825,https://www.federalregister.gov/documents/2025/08/13/2025-15363/eastern-gas-transmission-and-storage-inc-notice-of-availability-of-the-environmental-assessment-for; https://www.eia.gov/naturalgas/data.php#pipelines ,"https://www.federalregister.gov/documents/2025/08/13/2025-15363/eastern-gas-transmission-and-storage-inc-notice-of-availability-of-the-environmental-assessment-for; https://www.eia.gov/naturalgas/data.php#pipelines, https://www.eia.gov/naturalgas/pipelines/EIA-NaturalGasPipelineProjectsAug2026.xlsx"
Gas pipelines,Status,H4207,4207,P7827,proposed,construction
Gas pipelines,Status [ref],I4207,4207,P7827,https://www.eia.gov/naturalgas/data.php#pipelines,"https://www.eia.gov/naturalgas/pipelines/EIA-NaturalGasPipelineProjectsAug2026.xlsx, https://www.nationalfuel.com/pipeline-storage/tioga-pathway-project-overview/, https://www.eia.gov/naturalgas/data.php#pipelines"
Gas pipelines,Fuel [ref],M4207,4207,P7827,https://www.eia.gov/naturalgas/data.php#pipelines,"https://www.eia.gov/naturalgas/data.php#pipelines, https://www.eia.gov/naturalgas/pipelines/EIA-NaturalGasPipelineProjectsAug2026.xlsx"
Gas pipelines,PipelineType [ref],O4207,4207,P7827,https://www.eia.gov/naturalgas/data.php#pipelines,"https://www.eia.gov/naturalgas/data.php#pipelines, https://www.eia.gov/naturalgas/pipelines/EIA-NaturalGasPipelineProjectsAug2026.xlsx"
Gas pipelines,ProposalYear,Z4207,4207,P7827,,2024
Gas pipelines,ProposalMonth,AA4207,4207,P7827,,October
Gas pipelines,Proposal [ref],AB4207,4207,P7827,,https://www.eia.gov/naturalgas/pipelines/EIA-NaturalGasPipelineProjectsAug2026.xlsx
Gas pipelines,ConstructionYear,AC4207,4207,P7827,2025,2026
Gas pipelines,ConstructionMonth,AD4207,4207,P7827,,June
Gas pipelines,Start [ref],AL4207,4207,P7827,https://www.eia.gov/naturalgas/data.php#pipelines,"https://www.eia.gov/naturalgas/data.php#pipelines, https://www.eia.gov/naturalgas/pipelines/EIA-NaturalGasPipelineProjectsAug2026.xlsx"
Gas pipelines,Capacity [ref],AZ4207,4207,P7827,https://www.eia.gov/naturalgas/data.php#pipelines,"https://www.eia.gov/naturalgas/data.php#pipelines, https://www.eia.gov/naturalgas/pipelines/EIA-NaturalGasPipelineProjectsAug2026.xlsx"
Gas pipelines,Length [ref],BI4207,4207,P7827,https://www.eia.gov/naturalgas/data.php#pipelines,"https://www.eia.gov/naturalgas/data.php#pipelines, https://www.eia.gov/naturalgas/pipelines/EIA-NaturalGasPipelineProjectsAug2026.xlsx, https://www.nationalfuel.com/pipeline-storage/tioga-pathway-project-overview/"
Gas pipelines,FuelSource,BQ4207,4207,P7827,,Marcellus & Utica Shale
Gas pipelines,FuelSource [ref],BR4207,4207,P7827,,https://www.nationalfuel.com/pipeline-storage/tioga-pathway-project-overview/
Gas pipelines,Location [ref],CF4207,4207,P7827,https://www.eia.gov/naturalgas/data.php#pipelines,"https://www.eia.gov/naturalgas/data.php#pipelines, https://www.eia.gov/naturalgas/pipelines/EIA-NaturalGasPipelineProjectsAug2026.xlsx, https://www.nationalfuel.com/pipeline-storage/tioga-pathway-project-overview/"
Gas pipelines,SegmentCost [ref],CM4207,4207,P7827,https://www.eia.gov/naturalgas/data.php#pipelines,"https://www.eia.gov/naturalgas/data.php#pipelines, https://www.eia.gov/naturalgas/pipelines/EIA-NaturalGasPipelineProjectsAug2026.xlsx"
Gas pipelines,Status [ref],I4208,4208,P7828,https://www.reuters.com/business/energy/whitewater-partners-move-forward-with-blackcomb-pipeline-construction-2024-07-31/,"https://www.reuters.com/business/energy/whitewater-partners-move-forward-with-blackcomb-pipeline-construction-2024-07-31/, https://www.eia.gov/naturalgas/pipelines/EIA-NaturalGasPipelineProjectsAug2026.xlsx"
Gas pipelines,Fuel [ref],M4208,4208,P7828,https://blackcombpipeline.com/,"https://blackcombpipeline.com/, https://www.prnewswire.com/news-releases/blackcomb-pipeline-reaches-final-investment-decision-to-transport-growing-natural-gas-production-from-the-permian-basin-to-the-gulf-coast-region-302211609.html"
Gas pipelines,PipelineType [ref],O4208,4208,P7828,https://blackcombpipeline.com/,"https://blackcombpipeline.com/, https://www.prnewswire.com/news-releases/blackcomb-pipeline-reaches-final-investment-decision-to-transport-growing-natural-gas-production-from-the-permian-basin-to-the-gulf-coast-region-302211609.html"
Gas pipelines,Construction [ref],AE4208,4208,P7828,https://www.reuters.com/business/energy/whitewater-partners-move-forward-with-blackcomb-pipeline-construction-2024-07-31/,"https://www.reuters.com/business/energy/whitewater-partners-move-forward-with-blackcomb-pipeline-construction-2024-07-31/, https://www.eia.gov/naturalgas/pipelines/EIA-NaturalGasPipelineProjectsAug2026.xlsx"
Gas pipelines,Capacity [ref],AZ4208,4208,P7828,https://blackcombpipeline.com/,"https://blackcombpipeline.com/, https://www.prnewswire.com/news-releases/blackcomb-pipeline-reaches-final-investment-decision-to-transport-growing-natural-gas-production-from-the-permian-basin-to-the-gulf-coast-region-302211609.html, https://www.eia.gov/naturalgas/pipelines/EIA-NaturalGasPipelineProjectsAug2026.xlsx"
Gas pipelines,Length [ref],BI4208,4208,P7828,https://www.eia.gov/naturalgas/data.php#pipelines,"https://www.eia.gov/naturalgas/data.php#pipelines, https://www.prnewswire.com/news-releases/blackcomb-pipeline-reaches-final-investment-decision-to-transport-growing-natural-gas-production-from-the-permian-basin-to-the-gulf-coast-region-302211609.html, https://www.eia.gov/naturalgas/pipelines/EIA-NaturalGasPipelineProjectsAug2026.xlsx"
Gas pipelines,Diameter [ref],BO4208,4208,P7828,https://www.eia.gov/naturalgas/data.php#pipelines,"https://www.eia.gov/naturalgas/data.php#pipelines, https://www.prnewswire.com/news-releases/blackcomb-pipeline-reaches-final-investment-decision-to-transport-growing-natural-gas-production-from-the-permian-basin-to-the-gulf-coast-region-302211609.html, https://www.eia.gov/naturalgas/pipelines/EIA-NaturalGasPipelineProjectsAug2026.xlsx"
Gas pipelines,FuelSource [ref],BR4208,4208,P7828,https://www.eia.gov/naturalgas/data.php#pipelines,"https://www.eia.gov/naturalgas/data.php#pipelines, https://www.prnewswire.com/news-releases/blackcomb-pipeline-reaches-final-investment-decision-to-transport-growing-natural-gas-production-from-the-permian-basin-to-the-gulf-coast-region-302211609.html"
Gas pipelines,Location [ref],CF4208,4208,P7828,https://www.eia.gov/naturalgas/data.php#pipelines,"https://www.eia.gov/naturalgas/data.php#pipelines, https://www.prnewswire.com/news-releases/blackcomb-pipeline-reaches-final-investment-decision-to-transport-growing-natural-gas-production-from-the-permian-basin-to-the-gulf-coast-region-302211609.html"
Gas pipelines,Status [ref],I4211,4211,P7831,https://www.eia.gov/naturalgas/data.php#pipelines,"https://www.eia.gov/naturalgas/data.php#pipelines, https://www.eia.gov/naturalgas/pipelines/EIA-NaturalGasPipelineProjects_Jul2025.xlsx, https://www.eia.gov/naturalgas/pipelines/EIA-NaturalGasPipelineProjectsAug2026.xlsx"
Gas pipelines,Fuel [ref],M4211,4211,P7831,https://www.eia.gov/naturalgas/data.php#pipelines,"https://www.eia.gov/naturalgas/data.php#pipelines, https://www.prnewswire.com/news-releases/pelican-pipeline-reaches-final-investment-decision-302293391.html, https://www.eia.gov/naturalgas/pipelines/EIA-NaturalGasPipelineProjectsAug2026.xlsx"
Gas pipelines,PipelineType [ref],O4211,4211,P7831,https://www.eia.gov/naturalgas/data.php#pipelines,"https://www.eia.gov/naturalgas/data.php#pipelines, https://www.prnewswire.com/news-releases/pelican-pipeline-reaches-final-investment-decision-302293391.html, https://eastdaley.com/daley-note/whitewaters-pelican-project-tackles-louisiana-capacity-shortage"
Gas pipelines,Proposal [ref],AB4211,4211,P7831,https://www.prnewswire.com/news-releases/pelican-pipeline-reaches-final-investment-decision-302293391.html,"https://www.prnewswire.com/news-releases/pelican-pipeline-reaches-final-investment-decision-302293391.html, https://eastdaley.com/daley-note/whitewaters-pelican-project-tackles-louisiana-capacity-shortage"
Gas pipelines,Construction [ref],AE4211,4211,P7831,https://www.eia.gov/naturalgas/data.php#pipelines,"https://www.eia.gov/naturalgas/data.php#pipelines, https://www.eia.gov/naturalgas/pipelines/EIA-NaturalGasPipelineProjects_Jul2025.xlsx, https://www.eia.gov/naturalgas/pipelines/EIA-NaturalGasPipelineProjectsAug2026.xlsx"
Gas pipelines,Start [ref],AL4211,4211,P7831,https://www.eia.gov/naturalgas/data.php#pipelines,"https://www.eia.gov/naturalgas/data.php#pipelines, https://www.prnewswire.com/news-releases/pelican-pipeline-reaches-final-investment-decision-302293391.html, https://www.eia.gov/naturalgas/pipelines/EIA-NaturalGasPipelineProjectsAug2026.xlsx"
Gas pipelines,Length [ref],BI4211,4211,P7831,https://www.prnewswire.com/news-releases/pelican-pipeline-announces-capacity-expansion-302515218.html,"https://www.prnewswire.com/news-releases/pelican-pipeline-announces-capacity-expansion-302515218.html, https://www.prnewswire.com/news-releases/pelican-pipeline-reaches-final-investment-decision-302293391.html, https://www.eia.gov/naturalgas/pipelines/EIA-NaturalGasPipelineProjectsAug2026.xlsx"
Gas pipelines,Diameter [ref],BO4211,4211,P7831,https://www.prnewswire.com/news-releases/pelican-pipeline-announces-capacity-expansion-302515218.html,"https://www.prnewswire.com/news-releases/pelican-pipeline-announces-capacity-expansion-302515218.html, https://www.eia.gov/naturalgas/pipelines/EIA-NaturalGasPipelineProjectsAug2026.xlsx"
Gas pipelines,FuelSource,BQ4211,4211,P7831,,Haynesville Basin
Gas pipelines,FuelSource [ref],BR4211,4211,P7831,,"https://www.prnewswire.com/news-releases/pelican-pipeline-reaches-final-investment-decision-302293391.html, https://eastdaley.com/daley-note/whitewaters-pelican-project-tackles-louisiana-capacity-shortage"
Gas pipelines,StartLocation,BS4211,4211,P7831,,Williams
Gas pipelines,EndLocation,BY4211,4211,P7831,,Gillis Hub (near Ragley)
Gas pipelines,Location [ref],CF4211,4211,P7831,https://www.prnewswire.com/news-releases/pelican-pipeline-announces-capacity-expansion-302515218.html,"https://www.prnewswire.com/news-releases/pelican-pipeline-announces-capacity-expansion-302515218.html, https://www.prnewswire.com/news-releases/pelican-pipeline-reaches-final-investment-decision-302293391.html, https://eastdaley.com/daley-note/whitewaters-pelican-project-tackles-louisiana-capacity-shortage"
Gas pipelines,FID [ref],CR4211,4211,P7831,https://www.prnewswire.com/news-releases/pelican-pipeline-reaches-final-investment-decision-302293391.html,"https://www.prnewswire.com/news-releases/pelican-pipeline-reaches-final-investment-decision-302293391.html, https://eastdaley.com/daley-note/whitewaters-pelican-project-tackles-louisiana-capacity-shortage"
Gas pipelines,Status,H4212,4212,P7832,proposed,operating
Gas pipelines,Status [ref],I4212,4212,P7832,https://www.kindermorgan.com/Operations/Projects/Texas-Louisiana-Expansion-Project,"https://www.eia.gov/naturalgas/pipelines/EIA-NaturalGasPipelineProjectsAug2026.xlsx, https://web.archive.org/web/20260116221832/https://www.kindermorgan.com/Operations/Projects/Texas-Louisiana-Expansion-Project, https://aglaw.psu.edu/wp-content/uploads/2024/12/NGPL-FERC-Authorization-12.09.24.pdf"
Gas pipelines,Fuel [ref],M4212,4212,P7832,https://www.kindermorgan.com/Operations/Projects/Texas-Louisiana-Expansion-Project,"https://www.kindermorgan.com/Operations/Projects/Texas-Louisiana-Expansion-Project, https://web.archive.org/web/20260116221832/https://www.kindermorgan.com/Operations/Projects/Texas-Louisiana-Expansion-Project, https://aglaw.psu.edu/wp-content/uploads/2024/12/NGPL-FERC-Authorization-12.09.24.pdf"
Gas pipelines,PipelineType [ref],O4212,4212,P7832,https://www.kindermorgan.com/Operations/Projects/Texas-Louisiana-Expansion-Project,"https://www.kindermorgan.com/Operations/Projects/Texas-Louisiana-Expansion-Project, https://web.archive.org/web/20260116221832/https://www.kindermorgan.com/Operations/Projects/Texas-Louisiana-Expansion-Project, https://aglaw.psu.edu/wp-content/uploads/2024/12/NGPL-FERC-Authorization-12.09.24.pdf"
Gas pipelines,Proposal [ref],AB4212,4212,P7832,https://oilandgaswatch.org/pipeline/6195,"https://oilandgaswatch.org/pipeline/6195, https://aglaw.psu.edu/wp-content/uploads/2024/12/NGPL-FERC-Authorization-12.09.24.pdf, https://www.federalregister.gov/documents/2023/11/06/2023-24463/natural-gas-pipeline-company-of-america-llc-notice-of-application-and-establishing-intervention"
Gas pipelines,Start [ref],AL4212,4212,P7832,https://oilandgaswatch.org/pipeline/6195,"https://oilandgaswatch.org/pipeline/6195, https://web.archive.org/web/20260116221832/https://www.kindermorgan.com/Operations/Projects/Texas-Louisiana-Expansion-Project, https://www.eia.gov/naturalgas/pipelines/EIA-NaturalGasPipelineProjectsAug2026.xlsx"
Gas pipelines,Capacity [ref],AZ4212,4212,P7832,https://oilandgaswatch.org/pipeline/6195,"https://oilandgaswatch.org/pipeline/6195, https://aglaw.psu.edu/wp-content/uploads/2024/12/NGPL-FERC-Authorization-12.09.24.pdf, https://web.archive.org/web/20260116221832/https://www.kindermorgan.com/Operations/Projects/Texas-Louisiana-Expansion-Project"
Gas pipelines,Length [ref],BI4212,4212,P7832,,https://aglaw.psu.edu/wp-content/uploads/2024/12/NGPL-FERC-Authorization-12.09.24.pdf
Gas pipelines,FuelSource,BQ4212,4212,P7832,,Haynesville Shale (TexOk basin); Permian Basin and Eagle Ford Shale (South Texas basin)
Gas pipelines,FuelSource [ref],BR4212,4212,P7832,,"https://web.archive.org/web/20260116221832/https://www.kindermorgan.com/Operations/Projects/Texas-Louisiana-Expansion-Project, https://aglaw.psu.edu/wp-content/uploads/2024/12/NGPL-FERC-Authorization-12.09.24.pdf"
Gas pipelines,SegmentCost [ref],CM4212,4212,P7832,https://www.eia.gov/naturalgas/data.php#pipelines,"https://www.eia.gov/naturalgas/data.php#pipelines, https://aglaw.psu.edu/wp-content/uploads/2024/12/NGPL-FERC-Authorization-12.09.24.pdf, https://www.eia.gov/naturalgas/pipelines/EIA-NaturalGasPipelineProjectsAug2026.xlsx"
Gas pipelines,Status [ref],I4213,4213,P7833,https://pipelines.energytransfer.com/InfoPost/resources/documents/ETIH_South_Mississippi_Project_Open_Season.pdf,"https://pipelines.energytransfer.com/InfoPost/resources/documents/ETIH_South_Mississippi_Project_Open_Season.pdf, https://eastdaley.com/the-burner-tip/midstream-projects-compete-for-new-demand-in-southeast"
Gas pipelines,Fuel [ref],M4213,4213,P7833,https://pipelines.energytransfer.com/InfoPost/resources/documents/ETIH_South_Mississippi_Project_Open_Season.pdf,"https://pipelines.energytransfer.com/InfoPost/resources/documents/ETIH_South_Mississippi_Project_Open_Season.pdf, https://eastdaley.com/the-burner-tip/midstream-projects-compete-for-new-demand-in-southeast"
Gas pipelines,PipelineType [ref],O4213,4213,P7833,https://pipelines.energytransfer.com/InfoPost/resources/documents/ETIH_South_Mississippi_Project_Open_Season.pdf,"https://pipelines.energytransfer.com/InfoPost/resources/documents/ETIH_South_Mississippi_Project_Open_Season.pdf, https://eastdaley.com/the-burner-tip/midstream-projects-compete-for-new-demand-in-southeast"
Gas pipelines,Proposal [ref],AB4213,4213,P7833,https://pipelines.energytransfer.com/InfoPost/resources/documents/ETIH_South_Mississippi_Project_Open_Season.pdf,"https://pipelines.energytransfer.com/InfoPost/resources/documents/ETIH_South_Mississippi_Project_Open_Season.pdf, https://eastdaley.com/the-burner-tip/midstream-projects-compete-for-new-demand-in-southeast"
Gas pipelines,Start [ref],AL4213,4213,P7833,https://pipelines.energytransfer.com/InfoPost/resources/documents/ETIH_South_Mississippi_Project_Open_Season.pdf,"https://pipelines.energytransfer.com/InfoPost/resources/documents/ETIH_South_Mississippi_Project_Open_Season.pdf, https://eastdaley.com/the-burner-tip/midstream-projects-compete-for-new-demand-in-southeast"
Gas pipelines,Length [ref],BI4213,4213,P7833,https://www.eia.gov/naturalgas/data.php#pipelines,"https://www.eia.gov/naturalgas/data.php#pipelines, https://www.eia.gov/naturalgas/pipelines/EIA-NaturalGasPipelineProjectsAug2026.xlsx"
Gas pipelines,StartState/Province,BU4213,4213,P7833,,Texas
Gas pipelines,Location [ref],CF4213,4213,P7833,https://www.eia.gov/naturalgas/data.php#pipelines,"https://www.eia.gov/naturalgas/data.php#pipelines, https://pipelines.energytransfer.com/InfoPost/resources/documents/ETIH_South_Mississippi_Project_Open_Season.pdf, https://www.eia.gov/naturalgas/pipelines/EIA-NaturalGasPipelineProjectsAug2026.xlsx"
Gas pipelines,Length [ref],BI4214,4214,P7834,https://www.chron.com/gulf-coast/article/texas-pipeline-houston-katy-21099020.php,"https://www.chron.com/gulf-coast/article/texas-pipeline-houston-katy-21099020.php, https://www.eia.gov/naturalgas/pipelines/EIA-NaturalGasPipelineProjectsAug2026.xlsx"
Gas pipelines,Diameter [ref],BO4214,4214,P7834,https://www.armenergy.com/news/arm-energy-and-pimco-annouce-2-3-billion-investment-in-mustang-express-pipeline/,"https://www.armenergy.com/news/arm-energy-and-pimco-annouce-2-3-billion-investment-in-mustang-express-pipeline/, https://www.eia.gov/naturalgas/pipelines/EIA-NaturalGasPipelineProjectsAug2026.xlsx"
Gas pipelines,Location [ref],CF4214,4214,P7834,https://www.chron.com/gulf-coast/article/texas-pipeline-houston-katy-21099020.php,"https://www.chron.com/gulf-coast/article/texas-pipeline-houston-katy-21099020.php, https://www.armenergy.com/news/arm-energy-and-pimco-annouce-2-3-billion-investment-in-mustang-express-pipeline/"
Gas pipelines,Status [ref],I4215,4215,P7835,https://www.armenergy.com/news/arm-energy-and-pimco-annouce-2-3-billion-investment-in-mustang-express-pipeline/,"https://www.armenergy.com/news/arm-energy-and-pimco-annouce-2-3-billion-investment-in-mustang-express-pipeline/, https://www.eia.gov/naturalgas/pipelines/EIA-NaturalGasPipelineProjectsAug2026.xlsx"
Gas pipelines,Fuel [ref],M4215,4215,P7835,https://www.armenergy.com/news/arm-energy-and-pimco-annouce-2-3-billion-investment-in-mustang-express-pipeline/,"https://www.armenergy.com/news/arm-energy-and-pimco-annouce-2-3-billion-investment-in-mustang-express-pipeline/, https://www.eia.gov/naturalgas/pipelines/EIA-NaturalGasPipelineProjectsAug2026.xlsx"
Gas pipelines,PipelineType [ref],O4215,4215,P7835,https://www.armenergy.com/news/arm-energy-and-pimco-annouce-2-3-billion-investment-in-mustang-express-pipeline/,"https://www.armenergy.com/news/arm-energy-and-pimco-annouce-2-3-billion-investment-in-mustang-express-pipeline/, https://www.eia.gov/naturalgas/pipelines/EIA-NaturalGasPipelineProjectsAug2026.xlsx"
Gas pipelines,StartYear1,AF4215,4215,P7835,,2029
Gas pipelines,Start [ref],AL4215,4215,P7835,,https://www.eia.gov/naturalgas/pipelines/EIA-NaturalGasPipelineProjectsAug2026.xlsx
Gas pipelines,Length [ref],BI4215,4215,P7835,https://www.chron.com/gulf-coast/article/texas-pipeline-houston-katy-21099020.php,"https://www.chron.com/gulf-coast/article/texas-pipeline-houston-katy-21099020.php, https://www.eia.gov/naturalgas/pipelines/EIA-NaturalGasPipelineProjectsAug2026.xlsx"
Gas pipelines,Diameter [ref],BO4215,4215,P7835,https://www.armenergy.com/news/arm-energy-and-pimco-annouce-2-3-billion-investment-in-mustang-express-pipeline/,"https://www.armenergy.com/news/arm-energy-and-pimco-annouce-2-3-billion-investment-in-mustang-express-pipeline/, https://www.eia.gov/naturalgas/pipelines/EIA-NaturalGasPipelineProjectsAug2026.xlsx"
Gas pipelines,StartLocation,BS4215,4215,P7835,,Tres Palacios Storage
Gas pipelines,StartState/Province,BU4215,4215,P7835,,Texas
Gas pipelines,EndLocation,BY4215,4215,P7835,,Katy Hub
Gas pipelines,EndState/Province,CA4215,4215,P7835,,Texas
Gas pipelines,Location [ref],CF4215,4215,P7835,https://www.chron.com/gulf-coast/article/texas-pipeline-houston-katy-21099020.php,"https://www.chron.com/gulf-coast/article/texas-pipeline-houston-katy-21099020.php, https://www.eia.gov/naturalgas/pipelines/EIA-NaturalGasPipelineProjectsAug2026.xlsx"
Gas pipelines,Length [ref],BI4216,4216,P7836,https://www.armenergy.com/news/arm-energy-and-pimco-annouce-2-3-billion-investment-in-mustang-express-pipeline/,"https://www.armenergy.com/news/arm-energy-and-pimco-annouce-2-3-billion-investment-in-mustang-express-pipeline/, https://www.eia.gov/naturalgas/pipelines/EIA-NaturalGasPipelineProjectsAug2026.xlsx"
Gas pipelines,Diameter [ref],BO4216,4216,P7836,https://www.armenergy.com/news/arm-energy-and-pimco-annouce-2-3-billion-investment-in-mustang-express-pipeline/,"https://www.armenergy.com/news/arm-energy-and-pimco-annouce-2-3-billion-investment-in-mustang-express-pipeline/, https://www.eia.gov/naturalgas/pipelines/EIA-NaturalGasPipelineProjectsAug2026.xlsx"
Gas pipelines,StartLocation,BS4216,4216,P7836,,Spindletop
Gas pipelines,StartState/Province,BU4216,4216,P7836,,Texas
Gas pipelines,EndLocation,BY4216,4216,P7836,,Golden Triangle
Gas pipelines,EndState/Province,CA4216,4216,P7836,,Texas
Gas pipelines,Location [ref],CF4216,4216,P7836,https://www.chron.com/gulf-coast/article/texas-pipeline-houston-katy-21099020.php,"https://www.chron.com/gulf-coast/article/texas-pipeline-houston-katy-21099020.php, https://www.armenergy.com/news/arm-energy-and-pimco-annouce-2-3-billion-investment-in-mustang-express-pipeline/"
Gas pipelines,Start [ref],AL4217,4217,P7837,https://ir.oneok.com/news-and-events/press-releases/2025/08-25-2025-124437084,"https://ir.oneok.com/news-and-events/press-releases/2025/08-25-2025-124437084, https://www.eia.gov/naturalgas/pipelines/EIA-NaturalGasPipelineProjectsAug2026.xlsx"
Gas pipelines,Status [ref],I4220,4220,P7840,https://ir.energytransfer.com/news-releases/news-release-details/energy-transfer-announces-natural-gas-pipeline-project-serve,"https://ir.energytransfer.com/news-releases/news-release-details/energy-transfer-announces-natural-gas-pipeline-project-serve, https://www.eia.gov/naturalgas/pipelines/EIA-NaturalGasPipelineProjects_May2026.xlsx"
Gas pipelines,Fuel [ref],M4220,4220,P7840,https://ir.energytransfer.com/news-releases/news-release-details/energy-transfer-announces-natural-gas-pipeline-project-serve,"https://ir.energytransfer.com/news-releases/news-release-details/energy-transfer-announces-natural-gas-pipeline-project-serve, https://www.eia.gov/naturalgas/pipelines/EIA-NaturalGasPipelineProjects_May2026.xlsx"
Gas pipelines,PipelineType [ref],O4220,4220,P7840,https://ir.energytransfer.com/news-releases/news-release-details/energy-transfer-announces-natural-gas-pipeline-project-serve,"https://ir.energytransfer.com/news-releases/news-release-details/energy-transfer-announces-natural-gas-pipeline-project-serve, https://www.eia.gov/naturalgas/pipelines/EIA-NaturalGasPipelineProjects_May2026.xlsx"
Gas pipelines,Proposal [ref],AB4220,4220,P7840,https://ir.energytransfer.com/news-releases/news-release-details/energy-transfer-announces-natural-gas-pipeline-project-serve,"https://ir.energytransfer.com/news-releases/news-release-details/energy-transfer-announces-natural-gas-pipeline-project-serve, https://www.eia.gov/naturalgas/pipelines/EIA-NaturalGasPipelineProjects_Oct2025.xlsx"
Gas pipelines,Start [ref],AL4220,4220,P7840,https://ir.energytransfer.com/news-releases/news-release-details/energy-transfer-announces-natural-gas-pipeline-project-serve,"https://ir.energytransfer.com/news-releases/news-release-details/energy-transfer-announces-natural-gas-pipeline-project-serve, https://www.eia.gov/naturalgas/pipelines/EIA-NaturalGasPipelineProjects_May2026.xlsx"
Gas pipelines,Length [ref],BI4220,4220,P7840,https://www.businesswire.com/news/home/20250805241125/en/Energy-Transfer-Announces-Natural-Gas-Pipeline-Project-to-Serve-Growing-Southwestern-U.S.-Markets,"https://www.businesswire.com/news/home/20250805241125/en/Energy-Transfer-Announces-Natural-Gas-Pipeline-Project-to-Serve-Growing-Southwestern-U.S.-Markets, https://www.eia.gov/naturalgas/pipelines/EIA-NaturalGasPipelineProjects_May2026.xlsx"
Gas pipelines,Location [ref],CF4220,4220,P7840,https://www.businesswire.com/news/home/20250805241125/en/Energy-Transfer-Announces-Natural-Gas-Pipeline-Project-to-Serve-Growing-Southwestern-U.S.-Markets,"https://www.businesswire.com/news/home/20250805241125/en/Energy-Transfer-Announces-Natural-Gas-Pipeline-Project-to-Serve-Growing-Southwestern-U.S.-Markets, https://www.eia.gov/naturalgas/pipelines/EIA-NaturalGasPipelineProjects_May2026.xlsx"
Gas pipelines,Status [ref],I4230,4230,P7850,https://www.targaresources.com/static-files/8c3ab5dc-9abb-4152-8e45-61e8eddb4674; https://www.targaresources.com/static-files/3f119e57-5bac-4fd9-930f-8305620cd99d; https://www.ogj.com/refining-processing/gas-processing/news/55320579/targa-advances-permian-gas-pipeline-processing-expansion; https://www.targaresources.com/natural-gas-pipelines  ,"https://www.targaresources.com/static-files/8c3ab5dc-9abb-4152-8e45-61e8eddb4674; https://www.targaresources.com/static-files/3f119e57-5bac-4fd9-930f-8305620cd99d; https://www.ogj.com/refining-processing/gas-processing/news/55320579/targa-advances-permian-gas-pipeline-processing-expansion; https://www.targaresources.com/natural-gas-pipelines, https://web.archive.org/web/20251003075950/https://www.targaresources.com/static-files/8c3ab5dc-9abb-4152-8e45-61e8eddb4674, https://www.eia.gov/naturalgas/pipelines/EIA-NaturalGasPipelineProjectsAug2026.xlsx"
Gas pipelines,Fuel [ref],M4230,4230,P7850,https://www.targaresources.com/static-files/8c3ab5dc-9abb-4152-8e45-61e8eddb4674; https://www.targaresources.com/static-files/3f119e57-5bac-4fd9-930f-8305620cd99d ,"https://www.targaresources.com/static-files/8c3ab5dc-9abb-4152-8e45-61e8eddb4674; https://www.targaresources.com/static-files/3f119e57-5bac-4fd9-930f-8305620cd99d, https://web.archive.org/web/20260516021700/https://www.targaresources.com/natural-gas-pipelines, https://www.eia.gov/naturalgas/pipelines/EIA-NaturalGasPipelineProjectsAug2026.xlsx"
Gas pipelines,PipelineType [ref],O4230,4230,P7850,https://www.targaresources.com/static-files/8c3ab5dc-9abb-4152-8e45-61e8eddb4674; https://www.targaresources.com/static-files/3f119e57-5bac-4fd9-930f-8305620cd99d ,"https://www.targaresources.com/static-files/8c3ab5dc-9abb-4152-8e45-61e8eddb4674; https://www.targaresources.com/static-files/3f119e57-5bac-4fd9-930f-8305620cd99d, https://www.eia.gov/naturalgas/pipelines/EIA-NaturalGasPipelineProjectsAug2026.xlsx, https://www.sec.gov/Archives/edgar/data/1389170/000119312526337729/trgp-20260630.htm"
Gas pipelines,Start [ref],AL4230,4230,P7850,https://www.targaresources.com/static-files/3f119e57-5bac-4fd9-930f-8305620cd99d,"https://www.targaresources.com/static-files/3f119e57-5bac-4fd9-930f-8305620cd99d, https://www.eia.gov/naturalgas/pipelines/EIA-NaturalGasPipelineProjectsAug2026.xlsx, https://www.sec.gov/Archives/edgar/data/1389170/000119312525265621/trgp-ex99_1.htm"
Gas pipelines,Capacity,AX4230,4230,P7850,,750.0
Gas pipelines,CapacityUnits,AY4230,4230,P7850,,MMcf/d
Gas pipelines,Capacity [ref],AZ4230,4230,P7850,,https://www.eia.gov/naturalgas/pipelines/EIA-NaturalGasPipelineProjectsAug2026.xlsx
Gas pipelines,Length [ref],BI4230,4230,P7850,https://www.targaresources.com/static-files/8c3ab5dc-9abb-4152-8e45-61e8eddb4674,"https://www.targaresources.com/static-files/8c3ab5dc-9abb-4152-8e45-61e8eddb4674, https://web.archive.org/web/20251003075950/https://www.targaresources.com/static-files/8c3ab5dc-9abb-4152-8e45-61e8eddb4674, https://www.eia.gov/naturalgas/pipelines/EIA-NaturalGasPipelineProjectsAug2026.xlsx"
Gas pipelines,Diameter [ref],BO4230,4230,P7850,https://www.targaresources.com/static-files/8c3ab5dc-9abb-4152-8e45-61e8eddb4674,"https://www.targaresources.com/static-files/8c3ab5dc-9abb-4152-8e45-61e8eddb4674, https://web.archive.org/web/20251003075950/https://www.targaresources.com/static-files/8c3ab5dc-9abb-4152-8e45-61e8eddb4674, https://www.eia.gov/naturalgas/pipelines/EIA-NaturalGasPipelineProjectsAug2026.xlsx"
Gas pipelines,FuelSource [ref],BR4230,4230,P7850,https://www.targaresources.com/static-files/3f119e57-5bac-4fd9-930f-8305620cd99d,"https://www.targaresources.com/static-files/3f119e57-5bac-4fd9-930f-8305620cd99d, https://web.archive.org/web/20260516021700/https://www.targaresources.com/natural-gas-pipelines"
Gas pipelines,Fuel [ref],M4233,4233,P7853,https://www.targaresources.com/static-files/8c3ab5dc-9abb-4152-8e45-61e8eddb4674,"https://www.targaresources.com/static-files/8c3ab5dc-9abb-4152-8e45-61e8eddb4674, https://www.eia.gov/naturalgas/pipelines/EIA-NaturalGasPipelineProjectsAug2026.xlsx"
Gas pipelines,PipelineType [ref],O4233,4233,P7853,https://www.targaresources.com/static-files/8c3ab5dc-9abb-4152-8e45-61e8eddb4674,"https://www.targaresources.com/static-files/8c3ab5dc-9abb-4152-8e45-61e8eddb4674, https://www.eia.gov/naturalgas/pipelines/EIA-NaturalGasPipelineProjectsAug2026.xlsx"
Gas pipelines,Proposal [ref],AB4233,4233,P7853,https://www.targaresources.com/news-releases/news-release-details/targa-resources-corp-announces-permian-growth-projects-and,"https://www.targaresources.com/news-releases/news-release-details/targa-resources-corp-announces-permian-growth-projects-and, https://www.eia.gov/naturalgas/pipelines/EIA-NaturalGasPipelineProjectsAug2026.xlsx"
Gas pipelines,Start [ref],AL4233,4233,P7853,https://www.targaresources.com/static-files/8c3ab5dc-9abb-4152-8e45-61e8eddb4674,"https://www.targaresources.com/static-files/8c3ab5dc-9abb-4152-8e45-61e8eddb4674, https://www.eia.gov/naturalgas/pipelines/EIA-NaturalGasPipelineProjectsAug2026.xlsx"
Gas pipelines,Length [ref],BI4233,4233,P7853,https://www.targaresources.com/static-files/8c3ab5dc-9abb-4152-8e45-61e8eddb4674,"https://www.targaresources.com/static-files/8c3ab5dc-9abb-4152-8e45-61e8eddb4674, https://www.eia.gov/naturalgas/pipelines/EIA-NaturalGasPipelineProjectsAug2026.xlsx"
Gas pipelines,Location [ref],CF4233,4233,P7853,https://www.targaresources.com/static-files/8c3ab5dc-9abb-4152-8e45-61e8eddb4674,"https://www.targaresources.com/static-files/8c3ab5dc-9abb-4152-8e45-61e8eddb4674, https://www.eia.gov/naturalgas/pipelines/EIA-NaturalGasPipelineProjectsAug2026.xlsx"
Gas pipelines,Fuel [ref],M4234,4234,P7854,https://www.targaresources.com/static-files/8c3ab5dc-9abb-4152-8e45-61e8eddb4674,"https://www.targaresources.com/static-files/8c3ab5dc-9abb-4152-8e45-61e8eddb4674, https://www.eia.gov/naturalgas/pipelines/EIA-NaturalGasPipelineProjectsAug2026.xlsx, https://www.ogj.com/refining-processing/gas-processing/news/55320579/targa-advances-permian-gas-pipeline-processing-expansion"
Gas pipelines,PipelineType [ref],O4234,4234,P7854,https://www.targaresources.com/static-files/8c3ab5dc-9abb-4152-8e45-61e8eddb4674,"https://www.targaresources.com/static-files/8c3ab5dc-9abb-4152-8e45-61e8eddb4674, https://www.eia.gov/naturalgas/pipelines/EIA-NaturalGasPipelineProjectsAug2026.xlsx"
Gas pipelines,Length [ref],BI4234,4234,P7854,https://www.targaresources.com/static-files/8c3ab5dc-9abb-4152-8e45-61e8eddb4674,"https://www.targaresources.com/static-files/8c3ab5dc-9abb-4152-8e45-61e8eddb4674, https://www.eia.gov/naturalgas/pipelines/EIA-NaturalGasPipelineProjectsAug2026.xlsx"
Gas pipelines,Diameter [ref],BO4234,4234,P7854,https://www.targaresources.com/static-files/8c3ab5dc-9abb-4152-8e45-61e8eddb4674,"https://www.targaresources.com/static-files/8c3ab5dc-9abb-4152-8e45-61e8eddb4674, https://www.eia.gov/naturalgas/pipelines/EIA-NaturalGasPipelineProjectsAug2026.xlsx"
Gas pipelines,Status [ref],I4235,4235,P7855,https://www.kindermorgan.com/Operations/Projects/SSE4-Project-Page,"https://www.kindermorgan.com/Operations/Projects/SSE4-Project-Page, https://pgjonline.com/news/2026/august/ferc-approves-5-b-kinder-morgan-pipeline-expansion-to-boost-southeast-gas-supply"
Gas pipelines,Fuel [ref],M4235,4235,P7855,https://www.kindermorgan.com/getmedia/754010db-2fdd-4201-8c1f-0833a37ccbdb/FINAL-SSE4-Project-Fact-Sheet-2025-02-09.pdf,"https://www.kindermorgan.com/getmedia/754010db-2fdd-4201-8c1f-0833a37ccbdb/FINAL-SSE4-Project-Fact-Sheet-2025-02-09.pdf, https://pgjonline.com/news/2026/august/ferc-approves-5-b-kinder-morgan-pipeline-expansion-to-boost-southeast-gas-supply"
Gas pipelines,PipelineType [ref],O4235,4235,P7855,https://www.kindermorgan.com/getmedia/754010db-2fdd-4201-8c1f-0833a37ccbdb/FINAL-SSE4-Project-Fact-Sheet-2025-02-09.pdf,"https://www.kindermorgan.com/getmedia/754010db-2fdd-4201-8c1f-0833a37ccbdb/FINAL-SSE4-Project-Fact-Sheet-2025-02-09.pdf, https://www2.kindermorgan.com/getmedia/459c0823-0069-442f-b170-8b4db74039d5/South-System-Expansion-4-Project-FAQ-For-Website.pdf, https://pgjonline.com/news/2026/august/ferc-approves-5-b-kinder-morgan-pipeline-expansion-to-boost-southeast-gas-supply"
Gas pipelines,ProposalMonth,AA4235,4235,P7855,,10
Gas pipelines,Proposal [ref],AB4235,4235,P7855,https://www.kindermorgan.com/getmedia/754010db-2fdd-4201-8c1f-0833a37ccbdb/FINAL-SSE4-Project-Fact-Sheet-2025-02-09.pdf,"https://www.kindermorgan.com/getmedia/754010db-2fdd-4201-8c1f-0833a37ccbdb/FINAL-SSE4-Project-Fact-Sheet-2025-02-09.pdf, https://www.eia.gov/naturalgas/pipelines/EIA-NaturalGasPipelineProjects_Oct2024.xlsx"
Gas pipelines,StartYear2,AH4235,4235,P7855,,2029
Gas pipelines,Start [ref],AL4235,4235,P7855,https://www.kindermorgan.com/getmedia/754010db-2fdd-4201-8c1f-0833a37ccbdb/FINAL-SSE4-Project-Fact-Sheet-2025-02-09.pdf,"https://www.kindermorgan.com/getmedia/754010db-2fdd-4201-8c1f-0833a37ccbdb/FINAL-SSE4-Project-Fact-Sheet-2025-02-09.pdf, https://www2.kindermorgan.com/getmedia/459c0823-0069-442f-b170-8b4db74039d5/South-System-Expansion-4-Project-FAQ-For-Website.pdf, https://pgjonline.com/news/2026/august/ferc-approves-5-b-kinder-morgan-pipeline-expansion-to-boost-southeast-gas-supply"
Gas pipelines,Capacity [ref],AZ4235,4235,P7855,https://www.kindermorgan.com/getmedia/754010db-2fdd-4201-8c1f-0833a37ccbdb/FINAL-SSE4-Project-Fact-Sheet-2025-02-09.pdf,"https://www.kindermorgan.com/getmedia/754010db-2fdd-4201-8c1f-0833a37ccbdb/FINAL-SSE4-Project-Fact-Sheet-2025-02-09.pdf, https://pgjonline.com/news/2026/august/ferc-approves-5-b-kinder-morgan-pipeline-expansion-to-boost-southeast-gas-supply"
Gas pipelines,Length [ref],BI4235,4235,P7855,https://www.ferc.gov/industries-data/natural-gas/major-pipeline-projects-pending,"https://www.ferc.gov/industries-data/natural-gas/major-pipeline-projects-pending, https://www.kindermorgan.com/getmedia/754010db-2fdd-4201-8c1f-0833a37ccbdb/FINAL-SSE4-Project-Fact-Sheet-2025-02-09.pdf, https://pgjonline.com/news/2026/august/ferc-approves-5-b-kinder-morgan-pipeline-expansion-to-boost-southeast-gas-supply, https://news.oilandgaswatch.org/template/brief/kinder-morgan-plans-massive-natural-gas-pipeline-expansions-across-al-ga-ms"
Gas pipelines,Diameter [ref],BO4235,4235,P7855,https://www.kindermorgan.com/getmedia/754010db-2fdd-4201-8c1f-0833a37ccbdb/FINAL-SSE4-Project-Fact-Sheet-2025-02-09.pdf,"https://www.kindermorgan.com/getmedia/754010db-2fdd-4201-8c1f-0833a37ccbdb/FINAL-SSE4-Project-Fact-Sheet-2025-02-09.pdf, https://news.oilandgaswatch.org/template/brief/kinder-morgan-plans-massive-natural-gas-pipeline-expansions-across-al-ga-ms"
Gas pipelines,Location [ref],CF4235,4235,P7855,https://www.kindermorgan.com/getmedia/754010db-2fdd-4201-8c1f-0833a37ccbdb/FINAL-SSE4-Project-Fact-Sheet-2025-02-09.pdf,"https://www.kindermorgan.com/getmedia/754010db-2fdd-4201-8c1f-0833a37ccbdb/FINAL-SSE4-Project-Fact-Sheet-2025-02-09.pdf, https://pgjonline.com/news/2026/august/ferc-approves-5-b-kinder-morgan-pipeline-expansion-to-boost-southeast-gas-supply"
Gas pipelines,SegmentCost [ref],CM4235,4235,P7855,https://www.kindermorgan.com/Operations/Projects/SSE4-Project-Page,"https://www.kindermorgan.com/Operations/Projects/SSE4-Project-Page, https://www.kindermorgan.com/getmedia/754010db-2fdd-4201-8c1f-0833a37ccbdb/FINAL-SSE4-Project-Fact-Sheet-2025-02-09.pdf, https://pgjonline.com/news/2026/august/ferc-approves-5-b-kinder-morgan-pipeline-expansion-to-boost-southeast-gas-supply"
Gas pipelines,Status [ref],I4236,4236,P7856,https://www.greatbasingtc.com/,"https://www.greatbasingtc.com/, https://www.sec.gov/Archives/edgar/data/1692115/000169211526000062/swx-20251231.htm, https://www.eia.gov/naturalgas/pipelines/EIA-NaturalGasPipelineProjectsAug2026.xlsx"
Gas pipelines,PipelineType [ref],O4236,4236,P7856,https://www.greatbasingtc.com/,"https://www.greatbasingtc.com/, https://www.eia.gov/naturalgas/pipelines/EIA-NaturalGasPipelineProjectsAug2026.xlsx"
Gas pipelines,ConstructionYear,AC4236,4236,P7856,,1963
Gas pipelines,Construction [ref],AE4236,4236,P7856,,https://www.greatbasingtc.com/
Gas pipelines,Length [ref],BI4236,4236,P7856,https://www.pipelinesafetyinfo.com/user/file/Nevada/Great%20Basin%20Gas%20Transmission%20Company.pdf,"https://www.pipelinesafetyinfo.com/user/file/Nevada/Great%20Basin%20Gas%20Transmission%20Company.pdf, https://www.eia.gov/naturalgas/pipelines/EIA-NaturalGasPipelineProjectsAug2026.xlsx"
Gas pipelines,StartLocation,BS4236,4236,P7856,,Idaho-Nevada border
Gas pipelines,EndLocation,BY4236,4236,P7856,,Nevada-California border
Gas pipelines,Location [ref],CF4236,4236,P7856,https://www.greatbasingtc.com/,"https://www.greatbasingtc.com/, https://www.eia.gov/naturalgas/pipelines/EIA-NaturalGasPipelineProjectsAug2026.xlsx"
Gas pipelines,Fuel [ref],M4237,4237,P7857,https://greatbasingtcprojects.com/,"https://greatbasingtcprojects.com/, https://www.federalregister.gov/documents/2023/05/19/2023-10738/great-basin-gas-transmission-company-notice-of-application-and"
Gas pipelines,PipelineType [ref],O4237,4237,P7857,https://greatbasingtcprojects.com/,"https://greatbasingtcprojects.com/, https://www.federalregister.gov/documents/2023/05/19/2023-10738/great-basin-gas-transmission-company-notice-of-application-and"
Gas pipelines,ProposalYear,Z4237,4237,P7857,,2023
Gas pipelines,ProposalMonth,AA4237,4237,P7857,,5
Gas pipelines,Proposal [ref],AB4237,4237,P7857,,https://www.federalregister.gov/documents/2023/05/19/2023-10738/great-basin-gas-transmission-company-notice-of-application-and
Gas pipelines,Capacity,AX4237,4237,P7857,,5.67
Gas pipelines,CapacityUnits,AY4237,4237,P7857,,MMcf/d
Gas pipelines,Capacity [ref],AZ4237,4237,P7857,,https://www.federalregister.gov/documents/2023/05/19/2023-10738/great-basin-gas-transmission-company-notice-of-application-and
Gas pipelines,Length [ref],BI4237,4237,P7857,https://expansion2024.greatbasingtcprojects.com/apexpfr204/pfrproddb/pfruser_ws/r/exp24/hp?session=16855456207524,"https://expansion2024.greatbasingtcprojects.com/apexpfr204/pfrproddb/pfruser_ws/r/exp24/hp?session=16855456207524, https://expansion2024.greatbasingtcprojects.com/ords251/pfrprod/r/pfruser_ws/exp24/hp?session=1421675494080, https://www.federalregister.gov/documents/2023/05/19/2023-10738/great-basin-gas-transmission-company-notice-of-application-and, https://www.federalregister.gov/documents/2023/12/04/2023-26542/great-basin-gas-transmission-company-notice-of-availability-of-the-environmental-assessment-for-the"
Gas pipelines,Diameter [ref],BO4237,4237,P7857,https://expansion2024.greatbasingtcprojects.com/apexpfr204/pfrproddb/pfruser_ws/r/exp24/hp?session=16855456207524,"https://expansion2024.greatbasingtcprojects.com/apexpfr204/pfrproddb/pfruser_ws/r/exp24/hp?session=16855456207524, https://expansion2024.greatbasingtcprojects.com/ords251/pfrprod/r/pfruser_ws/exp24/hp?session=1421675494080, https://www.federalregister.gov/documents/2023/05/19/2023-10738/great-basin-gas-transmission-company-notice-of-application-and"
Gas pipelines,Location [ref],CF4237,4237,P7857,https://expansion2024.greatbasingtcprojects.com/apexpfr204/pfrproddb/pfruser_ws/r/exp24/hp?session=16855456207524,"https://expansion2024.greatbasingtcprojects.com/apexpfr204/pfrproddb/pfruser_ws/r/exp24/hp?session=16855456207524, https://expansion2024.greatbasingtcprojects.com/ords251/pfrprod/r/pfruser_ws/exp24/hp?session=1421675494080, https://www.federalregister.gov/documents/2023/05/19/2023-10738/great-basin-gas-transmission-company-notice-of-application-and"
Gas pipelines,SegmentCost,CJ4237,4237,P7857,,14940000.0
Gas pipelines,SegmentCostUnits,CK4237,4237,P7857,,USD
Gas pipelines,SegmentCostYear,CL4237,4237,P7857,,2023
Gas pipelines,SegmentCost [ref],CM4237,4237,P7857,,https://www.federalregister.gov/documents/2023/05/19/2023-10738/great-basin-gas-transmission-company-notice-of-application-and
Gas pipelines,Status [ref],I4238,4238,P7858,https://greatbasingtcprojects.com/,"https://greatbasingtcprojects.com/, https://www.govinfo.gov/content/pkg/FR-2026-03-18/pdf/2026-05271.pdf"
Gas pipelines,Fuel [ref],M4238,4238,P7858,https://greatbasingtcprojects.com/,"https://greatbasingtcprojects.com/, https://www.govinfo.gov/content/pkg/FR-2026-03-18/pdf/2026-05271.pdf"
Gas pipelines,PipelineType [ref],O4238,4238,P7858,https://greatbasingtcprojects.com/,"https://greatbasingtcprojects.com/, https://www.govinfo.gov/content/pkg/FR-2026-03-18/pdf/2026-05271.pdf"
Gas pipelines,Construction [ref],AE4238,4238,P7858,https://mcindependentnews.com/2025/10/legals-gabbs-lateral-naval-air-station-fallon-relocation-project-ferc-docket-no-cp25-551-000,"https://mcindependentnews.com/2025/10/legals-gabbs-lateral-naval-air-station-fallon-relocation-project-ferc-docket-no-cp25-551-000, https://mcindependentnews.com/2025/10/legals-gabbs-lateral-naval-air-station-fallon-relocation-project-ferc-docket-no-cp25-551-000/, https://gabbsfnas.greatbasingtcprojects.com/"
Gas pipelines,Start [ref],AL4238,4238,P7858,https://mcindependentnews.com/2025/10/legals-gabbs-lateral-naval-air-station-fallon-relocation-project-ferc-docket-no-cp25-551-000,"https://mcindependentnews.com/2025/10/legals-gabbs-lateral-naval-air-station-fallon-relocation-project-ferc-docket-no-cp25-551-000, https://mcindependentnews.com/2025/10/legals-gabbs-lateral-naval-air-station-fallon-relocation-project-ferc-docket-no-cp25-551-000/, https://gabbsfnas.greatbasingtcprojects.com/"
Gas pipelines,Capacity,AX4238,4238,P7858,,0
Gas pipelines,CapacityUnits,AY4238,4238,P7858,,MMcf/d
Gas pipelines,Capacity [ref],AZ4238,4238,P7858,,"https://www.govinfo.gov/content/pkg/FR-2026-03-18/pdf/2026-05271.pdf, https://gabbsfnas.greatbasingtcprojects.com/"
Gas pipelines,Length [ref],BI4238,4238,P7858,https://gabbsfnas.greatbasingtcprojects.com/apexpfr204/pfrproddb/f?p=EXP23:HP::::::,"https://gabbsfnas.greatbasingtcprojects.com/apexpfr204/pfrproddb/f?p=EXP23:HP::::::, https://www.govinfo.gov/content/pkg/FR-2026-03-18/pdf/2026-05271.pdf"
Gas pipelines,Diameter [ref],BO4238,4238,P7858,https://gabbsfnas.greatbasingtcprojects.com/apexpfr204/pfrproddb/f?p=EXP23:HP::::::,"https://gabbsfnas.greatbasingtcprojects.com/apexpfr204/pfrproddb/f?p=EXP23:HP::::::, https://www.govinfo.gov/content/pkg/FR-2026-03-18/pdf/2026-05271.pdf"
Gas pipelines,Location [ref],CF4238,4238,P7858,https://gabbsfnas.greatbasingtcprojects.com/apexpfr204/pfrproddb/f?p=EXP23:HP::::::,"https://gabbsfnas.greatbasingtcprojects.com/apexpfr204/pfrproddb/f?p=EXP23:HP::::::, https://www.govinfo.gov/content/pkg/FR-2026-03-18/pdf/2026-05271.pdf"
Gas pipelines,Fuel [ref],M4242,4242,P7862,"https://producersmidstream.com/palo-duro-pipeline-project-notice-of-binding-open-season/#:~:text=The%20proposed%20pipeline%20project%20will%20utilize%20existing,Waha%20residue%20markets%20in%20the%20Permian%20Basin.; https://www.ferc.gov/industries-data/natural-gas/major-pipeline-projects-pending ","https://producersmidstream.com/palo-duro-pipeline-project-notice-of-binding-open-season/#:~:text=The%20proposed%20pipeline%20project%20will%20utilize%20existing, Waha%20residue%20markets%20in%20the%20Permian%20Basin.; https://www.ferc.gov/industries-data/natural-gas/major-pipeline-projects-pending, https://www.ogj.com/pipelines-transportation/pipelines/article/55300432/producers-midstream-launches-open-season-for-service-on-palo-duro-pipeline"
Gas pipelines,PipelineType [ref],O4242,4242,P7862,"https://producersmidstream.com/palo-duro-pipeline-project-notice-of-binding-open-season/#:~:text=The%20proposed%20pipeline%20project%20will%20utilize%20existing,Waha%20residue%20markets%20in%20the%20Permian%20Basin.; https://www.ferc.gov/industries-data/natural-gas/major-pipeline-projects-pending ","https://producersmidstream.com/palo-duro-pipeline-project-notice-of-binding-open-season/#:~:text=The%20proposed%20pipeline%20project%20will%20utilize%20existing, Waha%20residue%20markets%20in%20the%20Permian%20Basin.; https://www.ferc.gov/industries-data/natural-gas/major-pipeline-projects-pending, https://www.ogj.com/pipelines-transportation/pipelines/article/55300432/producers-midstream-launches-open-season-for-service-on-palo-duro-pipeline"
Gas pipelines,Proposal [ref],AB4242,4242,P7862,"https://producersmidstream.com/palo-duro-pipeline-project-notice-of-binding-open-season/#:~:text=The%20proposed%20pipeline%20project%20will%20utilize%20existing,Waha%20residue%20markets%20in%20the%20Permian%20Basin.; https://www.ferc.gov/industries-data/natural-gas/major-pipeline-projects-pending ","https://producersmidstream.com/palo-duro-pipeline-project-notice-of-binding-open-season/#:~:text=The%20proposed%20pipeline%20project%20will%20utilize%20existing, Waha%20residue%20markets%20in%20the%20Permian%20Basin.; https://www.ferc.gov/industries-data/natural-gas/major-pipeline-projects-pending, https://www.ogj.com/pipelines-transportation/pipelines/article/55300432/producers-midstream-launches-open-season-for-service-on-palo-duro-pipeline"
Gas pipelines,Start [ref],AL4242,4242,P7862,"https://producersmidstream.com/palo-duro-pipeline-project-notice-of-binding-open-season/#:~:text=The%20proposed%20pipeline%20project%20will%20utilize%20existing,Waha%20residue%20markets%20in%20the%20Permian%20Basin.","https://producersmidstream.com/palo-duro-pipeline-project-notice-of-binding-open-season/#:~:text=The%20proposed%20pipeline%20project%20will%20utilize%20existing, Waha%20residue%20markets%20in%20the%20Permian%20Basin., https://www.ogj.com/pipelines-transportation/pipelines/article/55300432/producers-midstream-launches-open-season-for-service-on-palo-duro-pipeline"
Gas pipelines,Length [ref],BI4242,4242,P7862,"https://producersmidstream.com/palo-duro-pipeline-project-notice-of-binding-open-season/#:~:text=The%20proposed%20pipeline%20project%20will%20utilize%20existing,Waha%20residue%20markets%20in%20the%20Permian%20Basin.","https://producersmidstream.com/palo-duro-pipeline-project-notice-of-binding-open-season/#:~:text=The%20proposed%20pipeline%20project%20will%20utilize%20existing, Waha%20residue%20markets%20in%20the%20Permian%20Basin., https://www.ogj.com/pipelines-transportation/pipelines/article/55300432/producers-midstream-launches-open-season-for-service-on-palo-duro-pipeline"
Gas pipelines,Diameter [ref],BO4242,4242,P7862,"https://producersmidstream.com/palo-duro-pipeline-project-notice-of-binding-open-season/#:~:text=The%20proposed%20pipeline%20project%20will%20utilize%20existing,Waha%20residue%20markets%20in%20the%20Permian%20Basin.","https://producersmidstream.com/palo-duro-pipeline-project-notice-of-binding-open-season/#:~:text=The%20proposed%20pipeline%20project%20will%20utilize%20existing, Waha%20residue%20markets%20in%20the%20Permian%20Basin., https://www.ogj.com/pipelines-transportation/pipelines/article/55300432/producers-midstream-launches-open-season-for-service-on-palo-duro-pipeline"
Gas pipelines,Location [ref],CF4242,4242,P7862,"https://producersmidstream.com/palo-duro-pipeline-project-notice-of-binding-open-season/#:~:text=The%20proposed%20pipeline%20project%20will%20utilize%20existing,Waha%20residue%20markets%20in%20the%20Permian%20Basin.","https://producersmidstream.com/palo-duro-pipeline-project-notice-of-binding-open-season/#:~:text=The%20proposed%20pipeline%20project%20will%20utilize%20existing, Waha%20residue%20markets%20in%20the%20Permian%20Basin., https://www.ogj.com/pipelines-transportation/pipelines/article/55300432/producers-midstream-launches-open-season-for-service-on-palo-duro-pipeline"
Gas pipelines,Status [ref],I4243,4243,P7863,https://www.federalregister.gov/documents/2025/09/04/2025-16954/rockies-express-pipeline-llc-cheyenne-connector-llc-east-cheyenne-gas-storage-llc-notice-of; https://oilandgaswatch.org/pipeline/rec_d2vkf7p7uo67v8p3jg10 ,"https://www.federalregister.gov/documents/2025/09/04/2025-16954/rockies-express-pipeline-llc-cheyenne-connector-llc-east-cheyenne-gas-storage-llc-notice-of; https://oilandgaswatch.org/pipeline/rec_d2vkf7p7uo67v8p3jg10, https://www.eia.gov/naturalgas/pipelines/EIA-NaturalGasPipelineProjectsAug2026.xlsx"
Gas pipelines,Fuel [ref],M4243,4243,P7863,https://www.federalregister.gov/documents/2025/09/04/2025-16954/rockies-express-pipeline-llc-cheyenne-connector-llc-east-cheyenne-gas-storage-llc-notice-of,"https://www.federalregister.gov/documents/2025/09/04/2025-16954/rockies-express-pipeline-llc-cheyenne-connector-llc-east-cheyenne-gas-storage-llc-notice-of, https://www.eia.gov/naturalgas/pipelines/EIA-NaturalGasPipelineProjectsAug2026.xlsx"
Gas pipelines,PipelineType [ref],O4243,4243,P7863,https://www.federalregister.gov/documents/2025/09/04/2025-16954/rockies-express-pipeline-llc-cheyenne-connector-llc-east-cheyenne-gas-storage-llc-notice-of,"https://www.federalregister.gov/documents/2025/09/04/2025-16954/rockies-express-pipeline-llc-cheyenne-connector-llc-east-cheyenne-gas-storage-llc-notice-of, https://www.eia.gov/naturalgas/pipelines/EIA-NaturalGasPipelineProjectsAug2026.xlsx"
Gas pipelines,ProposalMonth,AA4243,4243,P7863,,8
Gas pipelines,ConstructionYear,AC4243,4243,P7863,,2027
Gas pipelines,Construction [ref],AE4243,4243,P7863,,https://www.criticalenergyreliabilitylink.com/
Gas pipelines,Capacity [ref],AZ4243,4243,P7863,https://oilandgaswatch.org/pipeline/rec_d2vkf7p7uo67v8p3jg10,"https://oilandgaswatch.org/pipeline/rec_d2vkf7p7uo67v8p3jg10, https://www.federalregister.gov/documents/2025/09/04/2025-16954/rockies-express-pipeline-llc-cheyenne-connector-llc-east-cheyenne-gas-storage-llc-notice-of, https://www.eia.gov/naturalgas/pipelines/EIA-NaturalGasPipelineProjectsAug2026.xlsx"
Gas pipelines,Length [ref],BI4243,4243,P7863,https://oilandgaswatch.org/pipeline/rec_d2vkf7p7uo67v8p3jg10,"https://oilandgaswatch.org/pipeline/rec_d2vkf7p7uo67v8p3jg10, https://www.federalregister.gov/documents/2025/09/04/2025-16954/rockies-express-pipeline-llc-cheyenne-connector-llc-east-cheyenne-gas-storage-llc-notice-of, https://www.eia.gov/naturalgas/pipelines/EIA-NaturalGasPipelineProjectsAug2026.xlsx"
Gas pipelines,Diameter [ref],BO4243,4243,P7863,https://oilandgaswatch.org/pipeline/rec_d2vkf7p7uo67v8p3jg10,"https://oilandgaswatch.org/pipeline/rec_d2vkf7p7uo67v8p3jg10, https://www.federalregister.gov/documents/2025/09/04/2025-16954/rockies-express-pipeline-llc-cheyenne-connector-llc-east-cheyenne-gas-storage-llc-notice-of"
Gas pipelines,Location [ref],CF4243,4243,P7863,https://www.criticalenergyreliabilitylink.com/#map,"https://www.criticalenergyreliabilitylink.com/#map, https://www.federalregister.gov/documents/2025/09/04/2025-16954/rockies-express-pipeline-llc-cheyenne-connector-llc-east-cheyenne-gas-storage-llc-notice-of, https://www.eia.gov/naturalgas/pipelines/EIA-NaturalGasPipelineProjectsAug2026.xlsx"
Gas pipelines,SegmentCost,CJ4243,4243,P7863,,639620000.0
Gas pipelines,SegmentCostUnits,CK4243,4243,P7863,,USD
Gas pipelines,SegmentCostYear,CL4243,4243,P7863,,2025
Gas pipelines,SegmentCost [ref],CM4243,4243,P7863,,https://www.federalregister.gov/documents/2025/09/04/2025-16954/rockies-express-pipeline-llc-cheyenne-connector-llc-east-cheyenne-gas-storage-llc-notice-of
