project_key,first_release,last_release,last_file,last_sheet,last_excel_row,n_releases,project_name,pipeline_operator_name,project_type,status,completed_date,year_in_service_date,state_s,beg_state,end_state,cost_millions,miles,additional_capacity_mmcf_d,pipeline_diameter_inches,pipeline_type,authority,docket_number,demand_served,website,status_history,year_in_service_date_history,cost_millions_history,miles_history,additional_capacity_mmcf_d_history,pipeline_diameter_inches_history,notes_latest,mi,region
2010 system enhancement project|wyoming interstate gas co,2018-05,2026-08,EIA-NaturalGasPipelineProjectsAug2026.xlsx,Historical Projects (1996-2024),664,28,2010 System Enhancement Project,Wyoming Interstate Gas Co,Expansion,Completed,2010-11-01,2010,WY,WY,WY,71,2.43,285,20,Interstate,FERC,CP10-13,,,Completed@2018-05,2010@2018-05,71@2018-05,2.43@2018-05,285@2018-05,20@2018-05,,2.43,west-ne-ak
2021 auburn a line abandonment and capacity replacement project|northern natural gas co,2021-07,2026-08,EIA-NaturalGasPipelineProjectsAug2026.xlsx,Historical Projects (1996-2024),1031,19,2021 Auburn A-line Abandonment and Capacity Replacement Project,Northern Natural Gas Co,Upgrade,Completed,2021-08-11,2021,NE,NE,NE,7.7,4.4,,8,Intrastate,FERC,CP20-479,,,Construction@2021-07 > Completed@2022-01,2021@2021-07,7.7@2021-07,4.4@2021-07,,8@2021-07,"Abandon in-place Auburn A-Line and construct a branch line loop in Lancaster and Otoe counties, Nebraska.",4.4,midcon-north
abandonment sale of stage coach lateral|tennessee gas pipeline co,2018-05,2026-08,EIA-NaturalGasPipelineProjectsAug2026.xlsx,Historical Projects (1996-2024),423,28,Abandonment (sale of) Stage Coach Lateral,Tennessee Gas Pipeline Co,Abandonment,Completed,2006-12-12,2006,"NY,PA",NY,PA,,24,-487,"24,30",Interstate,FERC,CP07-13,,,Completed@2018-05,2006@2018-05,,24@2018-05,-487@2018-05,"30,24@2018-05 > 24,30@2022-01",,24.0,west-ne-ak
acuna export crossing|west texas gas co,2018-05,2026-08,EIA-NaturalGasPipelineProjectsAug2026.xlsx,Historical Projects (1996-2024),337,28,Acuna Export Crossing,West Texas Gas Co,Lateral,Completed,2004-10-14,2004,"TX,MX",TX,MX,1.5,9,25,8,Interstate,FERC,CP02-97,,,Completed@2018-05,2004@2018-05,1.5@2018-05,9@2018-05,25@2018-05,8@2018-05,,9.0,tx-permian
adair southwest project|texas eastern transmission,2018-05,2026-08,EIA-NaturalGasPipelineProjectsAug2026.xlsx,Historical Projects (1996-2024),870,28,Adair Southwest Project,Texas Eastern Transmission,Reversal,Completed,2017-10-31,2017,"PA,WV,OH,KY",PA,KY,127,,200,,Interstate,FERC,CP16-3,,,Completed@2018-05,2017@2018-05,127@2018-05,,200@2018-05,,,,appalachian-se
additional capacity mmcf d|,2018-05,2026-08,EIA-NaturalGasPipelineProjectsAug2026.xlsx,Definitions,33,28,Additional Capacity (MMcf/d),,,,,,,,,,,,,,,,,,,,,,,,,,unassigned
agl international paper pipeline|atlanta gas light,2021-01,2026-08,EIA-NaturalGasPipelineProjectsAug2026.xlsx,Historical Projects (1996-2024),1034,20,AGL International Paper Pipeline,Atlanta Gas Light,Lateral,Completed,2021-08-31,2021,GA,GA,GA,22,9.3,11.8,12,Intrastate,GPSC,,Industrial,,Construction@2021-01 > Completed@2023-01,na@2021-01 > 2021@2021-07 > 2022@2022-01 > 2021@2023-01,22@2021-01,9.3@2021-01,11.8@2021-01,12@2021-01,"Build pipeline to the International Paper plant in Coosa, Georgia",9.3,appalachian-se
airport ii compression|gulf south pipeline,2018-05,2026-08,EIA-NaturalGasPipelineProjectsAug2026.xlsx,Historical Projects (1996-2024),687,28,AIRPORT II COMPRESSION,Gulf South Pipeline,Expansion,Completed,2011-04-30,2011,AL,AL,AL,,,54,,Interstate,FERC,CP10-502,,,Completed@2018-05,2011@2018-05,,,54@2018-05,,,,gulf
algonquin anp electric lateral|algonquin gas transmission,2018-05,2026-08,EIA-NaturalGasPipelineProjectsAug2026.xlsx,Historical Projects (1996-2024),178,28,Algonquin ANP Electric Lateral,Algonquin Gas Transmission,Lateral,Completed,2001-04-01,2001,MA,MA,MA,4.6,1,107,14,Interstate,FERC,CP98-100,,,Completed@2018-05,2001@2018-05,4.6@2018-05,1@2018-05,107@2018-05,14@2018-05,,1.0,west-ne-ak
algonquin cape cod lateral|algonquin gas transmission,2018-05,2026-08,EIA-NaturalGasPipelineProjectsAug2026.xlsx,Historical Projects (1996-2024),469,28,Algonquin Cape Cod Lateral,Algonquin Gas Transmission,Lateral,Completed,2007-12-01,2007,MA,MA,MA,15,3.8,38,18,Interstate,FERC,CP06-143,,,Completed@2018-05,2007@2018-05,15@2018-05,3.8@2018-05,38@2018-05,18@2018-05,,3.8,west-ne-ak
algonquin east to west ew2 expansion|algonquin gas transmission,2018-05,2026-08,EIA-NaturalGasPipelineProjectsAug2026.xlsx,Historical Projects (1996-2024),665,28,Algonquin East-to-West (EW2) Expansion,Algonquin Gas Transmission,Expansion,Completed,2010-11-01,2010,CT,CT,CT,45,2.6,281.5,36,Interstate,FERC,CP08-420,,,completed@2018-05 > Completed@2026-05,2010@2018-05,45@2018-05,2.6@2018-05,281.5@2018-05,36@2018-05,,2.6,west-ne-ak
algonquin electric load lateral|algonquin gas transmission,2018-05,2026-08,EIA-NaturalGasPipelineProjectsAug2026.xlsx,Historical Projects (1996-2024),38,28,Algonquin Electric Load Lateral,Algonquin Gas Transmission,Lateral,Completed,1997-10-15,1997,CT,CT,CT,15.1,8.4,82,20,Interstate,FERC,na,,,Completed@2018-05,1997@2018-05,15.1@2018-05,8.4@2018-05,82@2018-05,20@2018-05,,8.4,west-ne-ak
algonquin everett alternative project|algonquin gas transmission,2018-05,2026-08,EIA-NaturalGasPipelineProjectsAug2026.xlsx,Historical Projects (1996-2024),334,28,Algonquin Everett Alternative Project,Algonquin Gas Transmission,Expansion,Completed,2004-10-01,2004,MA,MA,MA,11.5,0.25,60,24,Interstate,FERC,CP04-67,,,Completed@2018-05,2004@2018-05,11.5@2018-05,0.25@2018-05,60@2018-05,24@2018-05,,0.25,west-ne-ak
algonquin fore river electric lateral|algonquin gas transmission,2018-05,2026-08,EIA-NaturalGasPipelineProjectsAug2026.xlsx,Historical Projects (1996-2024),221,28,Algonquin Fore River Electric Lateral,Algonquin Gas Transmission,Lateral,Completed,2001-12-15,2001,MA,MA,MA,32.02,0.5,140,24,Interstate,FERC,CP00-34,,,Completed@2018-05,2001@2018-05,32.02@2018-05,0.5@2018-05,140@2018-05,24@2018-05,,0.5,west-ne-ak
algonquin kleen energy lateral|algonquin gas transmission,2018-05,2026-08,EIA-NaturalGasPipelineProjectsAug2026.xlsx,Historical Projects (1996-2024),598,28,Algonquin Kleen Energy Lateral,Algonquin Gas Transmission,Lateral,Completed,2009-06-01,2009,CT,CT,CT,8.14,1.13,131,20,Interstate,FERC,CP08-462,,,Completed@2018-05,2009@2018-05,8.14@2018-05,1.13@2018-05,131@2018-05,20@2018-05,,1.13,west-ne-ak
algonquin lake road lateral|algonquin gas transmission,2018-05,2026-08,EIA-NaturalGasPipelineProjectsAug2026.xlsx,Historical Projects (1996-2024),153,28,Algonquin Lake Road Lateral,Algonquin Gas Transmission,Lateral,Completed,2000-08-01,2000,CT,CT,CT,4.7,2,140,16,Interstate,FERC,CP99-271,,,Completed@2018-05,2000@2018-05,4.7@2018-05,2@2018-05,140@2018-05,16@2018-05,,2.0,west-ne-ak
algonquin reliable affordable resilient enhancement project|algonquin gas transmission llc,2026-08,2026-08,EIA-NaturalGasPipelineProjectsAug2026.xlsx,Natural Gas Pipeline Projects,5,1,Algonquin Reliable Affordable Resilient Enhancement project,Algonquin Gas Transmission LLC,Expansion,Pre-applied,,2028,"MA,RI,CT",MA,CT,300,8.25,75,16,Interstate,FERC,,,Project website,Pre-applied@2026-08,2028@2026-08,300@2026-08,8.25@2026-08,75@2026-08,16@2026-08,"Upgrades targeted sections of the Algonquin Gas Transmission system within or adjacent to existing rights-of-way, with no new compressor stations. Includes replacement of approximately 8.25 miles of existing 16-inch transmission pipeline, with work planned in Mendon, Bellingham, Franklin, and Wrentham (MA) and Cumberland, Little Compton, Tiverton, and Burrillville (RI). FID reached September 2025.",8.25,west-ne-ak
algonquin tetco lambertville upgrade|algonquin gas transmission,2018-05,2026-08,EIA-NaturalGasPipelineProjectsAug2026.xlsx,Historical Projects (1996-2024),196,28,Algonquin/TETCO Lambertville Upgrade,Algonquin Gas Transmission,Expansion,Completed,2001-10-01,2001,NJ,NJ,NJ,6.7,,135,"26,30",Interstate,FERC,CP01-111,,,Completed@2018-05,2001@2018-05,6.7@2018-05,,135@2018-05,"30,26@2018-05 > 26,30@2022-01",,,west-ne-ak
allen compressor station modification project|enable gas transmission,2018-08,2026-08,EIA-NaturalGasPipelineProjectsAug2026.xlsx,Historical Projects (1996-2024),909,27,Allen Compressor Station Modification Project,Enable Gas Transmission,Expansion,Completed,2018-09-25,2018,OK,OK,OK,4.32,,20,,Interstate,FERC,CP18-490,,,Applied@2018-08 > Completed@2019-01,2018@2018-08,4.32@2018-08,,20@2018-08,,"Increase capacity on Enable system in Hughes County, OK",,midcon-north
ameren emrt big hollow project|enable mississippi river transmission llc,2026-05,2026-08,EIA-NaturalGasPipelineProjectsAug2026.xlsx,Natural Gas Pipeline Projects,6,2,Ameren-EMRT Big Hollow Project,Enable Mississippi River Transmission LLC,Lateral,Approved,,2028,"IL,MO",IL,MO,47.8,9.55,200,20,Interstate,FERC,,Electric,Federal Register,Applied@2026-05 > Approved@2026-08,2028@2026-05,47.8@2026-08,9.6@2026-05 > 9.55@2026-08,200@2026-05,20@2026-05,"9.6-mile 20-inch lateral from an interconnection at Mile Post 415.5 on EMRT's existing Mainline 2 (22-inch) and Mainline 3 (26-inch) in Monroe County, IL to the Big Hollow Energy Center site in Jefferson County, MO (on the site of the retired Rush Island coal plant). Supports an 800-MW gas-fired generation facility (with co-located 400-MW battery storage). Scope also includes a measurement and regulation station and appurtenant pipeline facilities (pig launcher, pig receiver, and hot taps on Mainlines 2 and 3). EMRT requested overall FERC approval by 11/1/2026 to meet a 4/1/2028 in-service date. Missouri PSC approved the Ameren project 2/11/2026. Environmental Assessment scheduled for release 4/10/2026; 90-day federal authorization decision deadline 7/9/2026.",9.55,midcon-north
anr link interprovincial pipeline system|anr pipeline,2018-05,2026-08,EIA-NaturalGasPipelineProjectsAug2026.xlsx,Historical Projects (1996-2024),9,28,ANR Link/Interprovincial Pipeline System,ANR Pipeline,New Pipeline,Completed,1996-11-01,1996,"MI,ON",MI,ON,15.3,12,150,24,Interstate,FERC,CP93-564/566,,,Completed@2018-05,1996@2018-05,15.3@2018-05,12@2018-05,150@2018-05,24@2018-05,,12.0,midcon-north
anr wi interconnection|north shore gas co,2018-05,2026-08,EIA-NaturalGasPipelineProjectsAug2026.xlsx,Historical Projects (1996-2024),123,28,ANR WI Interconnection,North Shore Gas Co,Expansion,Completed,1999-09-01,1999,"IL,WI",IL,WI,,12.4,40,10,Interstate,FERC,CP98-196,,,Completed@2018-05,1999@2018-05,,12.4@2018-05,40@2018-05,10@2018-05,,12.4,midcon-north
appalachian lease project teal phase 1|texas eastern transmission,2018-08,2026-08,EIA-NaturalGasPipelineProjectsAug2026.xlsx,Historical Projects (1996-2024),921,27,Appalachian Lease Project (TEAL) Phase 1,Texas Eastern Transmission,Lateral,Completed,2018-11-09,2018,OH,OH,OH,185,5,637.559,"30,36",Interstate,FERC,CP16-23,,https://www.enbridge.com/projects-and-infrastructure/projects/texas-eastern-appalachian-lease-project,Part Completed@2018-08 > Completed@2019-01,2018@2018-08,185@2018-08,5@2018-08,637.559@2018-08,"30,36@2018-08",Connects TETCO/supply to NEXUS pipeline; partial completion allows for deliveries to NEXUS for testing purposes,5.0,appalachian-se
appalachian reliability project|eastern gas transmission and storage,2025-10,2026-08,EIA-NaturalGasPipelineProjectsAug2026.xlsx,Natural Gas Pipeline Projects,10,4,Appalachian Reliability Project,Eastern Gas Transmission and Storage,Expansion,Approved,,2028,"PA,OH",PA,OH,,3.9,550,,Interstate,FERC,,,"Federal Register, https://aboutarp.com/",Applied@2025-10 > Approved@2026-08,2028@2025-10,,3.9@2025-10,550@2025-10,,"Approximately 3.9 miles of new pipeline plus modifications to existing compression and metering/regulation facilities in Armstrong, Greene, and Westmoreland Counties, PA, and Monroe County, OH. Adds a new receipt point in Armstrong County, PA for deliveries to Texas Eastern Pipeline (Westmoreland County, PA) and Rockies Express Pipeline (Monroe County, OH). FERC EA published 3/4/2026; public comment period through 3/30/2026. On June 18, 2026, Eastern Gas Transmission and Storage (EGTS) received a Certificate of Public Convenience and Necessity from the Federal Energy Regulatory Commission to construct, operate and maintain the Appalachian Reliability Project.",3.9,appalachian-se
atlantic sunrise project phase 1b|transcontinental gas pipeline,2018-05,2026-08,EIA-NaturalGasPipelineProjectsAug2026.xlsx,Historical Projects (1996-2024),899,28,Atlantic Sunrise Project Phase 1B,Transcontinental Gas Pipeline,Reversal,Completed,2018-06-01,2018,"PA,MD,VA,NC,SC,GA,AL",PA,AL,2600,,450,,Interstate,FERC,CP15-138,,http://www.1line.williams.com/Transco/files/presentations/2018CSSpringUpdate.pdf,Construction@2018-05 > Completed@2019-01,2018@2018-05,2600@2018-05,,450@2018-05,,Transco reversal to MS/AL; includes 850 MMcf/d additional takeaway capacity out of Marcellus,,appalachian-se
atlantic sunrise project phase ia|transcontinental gas pipeline,2018-05,2026-08,EIA-NaturalGasPipelineProjectsAug2026.xlsx,Historical Projects (1996-2024),883,28,Atlantic Sunrise Project Phase IA,Transcontinental Gas Pipeline,Reversal,Completed,,2017,"PA,MD,VA,NC,SC,GA,AL",PA,AL,2600,,400,,Interstate,FERC,CP15-138,,,Completed@2018-05,2017@2018-05,2600@2018-05,,400@2018-05,,Phase 1 in service (to VA),,appalachian-se
atlantic sunrise project phase ii|transcontinental gas pipeline,2018-05,2026-08,EIA-NaturalGasPipelineProjectsAug2026.xlsx,Historical Projects (1996-2024),911,28,Atlantic Sunrise Project Phase II,Transcontinental Gas Pipeline,Reversal,Completed,2018-10-04,2018,"PA,MD,VA,NC,SC,GA,AL",PA,AL,500,180,850,,Interstate,FERC,CP15-138,,http://www.1line.williams.com/Transco/files/presentations/2018CSSpringUpdate.pdf,Construction@2018-05 > Completed@2019-01,2018@2018-05,500@2018-05,180@2018-05,850@2018-05,,Transco reversal to MS/AL; includes 850 MMcf/d additional takeaway capacity out of Marcellus,180.0,appalachian-se
atmos enbridge x line expansion|atmos energy inc,2018-05,2026-08,EIA-NaturalGasPipelineProjectsAug2026.xlsx,Historical Projects (1996-2024),404,28,Atmos/Enbridge X-Line Expansion,Atmos Energy Inc,Expansion,Completed,2006-08-01,2006,TX,TX,TX,20,,150,36,Intrastate,State,na,,,Completed@2018-05,2006@2018-05,20@2018-05,,150@2018-05,36@2018-05,,,tx-permian
bailey east mine panel 11j project|texas eastern transmission,2021-07,2026-08,EIA-NaturalGasPipelineProjectsAug2026.xlsx,Historical Projects (1996-2024),1073,19,Bailey East Mine Panel 11J Project,Texas Eastern Transmission,Upgrade,Completed,2022-11-29,2022,WV,WV,WV,30.5,1.47,0,"30,36",Interstate,FERC,CP19-501,,,Construction@2021-07 > Completed@2023-01,2021@2021-07 > 2022@2022-01,30.5@2021-07,1.47@2021-07,0@2021-07,"30, 36@2021-07 > 30,36@2021-10",Excavate and replace pipelines to protect pipe during longwall mining.,1.47,appalachian-se
bakken xpress project|wyoming interstate company,2024-10,2026-08,EIA-NaturalGasPipelineProjectsAug2026.xlsx,Natural Gas Pipeline Projects,13,8,Bakken xPress Project,Wyoming Interstate Company,Expansion,Construction,,2026,"ND,WY",ND,WY,,na,300,,Interstate,FERC,,,Project website,Approved@2024-10 > Construction@2026-01,2026@2024-10,,na@2025-10,300@2025-10,,"Transports gas from existing receipt points on Northern Border's system in McKenzie and Williams Counties, ND to the Fort Union / WIC Interconnect on WIC's Medicine Bow Lateral in Converse County, WY (Bakken xPress leased capacity from the Bison XPress Project). Combined with the TC Energy Bison XPress, provides transport capacity to the Cheyenne Hub by reversing flows on the idle Bison pipeline. WIC executed binding precedent agreements with Hess Trading Corp (100,000 Dth/d) and ONEOK Rockies Midstream (200,000 Dth/d). In-service slipped from March to May 2026 per N.D. Pipeline Authority (Dec 19, 2025 press briefing).",,midcon-north
bay gas storage looping|energysouth gas co,2018-05,2026-08,EIA-NaturalGasPipelineProjectsAug2026.xlsx,Historical Projects (1996-2024),190,28,Bay Gas Storage Looping,EnergySouth Gas Co,Lateral,Completed,2001-07-22,2001,AL,AL,AL,,11,300,20,Interstate,FERC,CP02-229,,,Completed@2018-05,2001@2018-05,,11@2018-05,300@2018-05,20@2018-05,,11.0,gulf
bayonne delivery lateral project|transcontinental gas pipeline,2018-05,2026-08,EIA-NaturalGasPipelineProjectsAug2026.xlsx,Historical Projects (1996-2024),714,28,Bayonne Delivery Lateral Project,Transcontinental Gas Pipeline,Lateral,Completed,2012-04-04,2012,NJ,NJ,NJ,17,6.24,250,"14,20",Interstate,FERC,CP09-417,,,Completed@2018-05,2012@2018-05,17@2018-05,6.24@2018-05,250@2018-05,"20,14@2018-05 > 14,20@2022-01",,6.24,west-ne-ak
bayou choctaw storage headers|petrologistics natural gas storage,2018-05,2026-08,EIA-NaturalGasPipelineProjectsAug2026.xlsx,Historical Projects (1996-2024),601,28,Bayou Choctaw Storage Headers,PetroLogistics Natural Gas Storage,Lateral,Completed,2009-06-29,2009,LA,LA,LA,15,13.1,300,"16,20",Interstate,FERC,CP07-428,,,Completed@2018-05,2009@2018-05,15@2018-05,13.1@2018-05,300@2018-05,"24,16@2018-05 > 16,20@2022-01",,13.1,gulf
bayway lateral project|texas eastern transmission,2018-05,2026-08,EIA-NaturalGasPipelineProjectsAug2026.xlsx,Historical Projects (1996-2024),885,28,Bayway Lateral Project,Texas Eastern Transmission,Lateral,Completed,2018-01-03,2018,NJ,NJ,NJ,31,1,300,24,Interstate,FERC,CP16-473,,,Completed@2018-05,2018@2018-05,31@2018-05,1@2018-05,300@2018-05,24@2018-05,,1.0,west-ne-ak
bernville compression station project|texas eastern transmission,2021-01,2026-08,EIA-NaturalGasPipelineProjectsAug2026.xlsx,Historical Projects (1996-2024),1044,20,Bernville Compression Station Project,Texas Eastern Transmission,Upgrade,Completed,2021-11-03,2021,PA,PA,PA,,0,0,,Interstate,FERC,CP19-191,,,Construction@2021-01 > Completed@2022-01,2020@2021-01 > 2021@2021-07,,0@2021-01,0@2021-01,,Replace 2 compressor stations to comply with new PA environmental rules; compressors installed in 1958 and 1968,0.0,appalachian-se
bernville compressor station project|texas eastern transmission,2019-05,2020-03,EIA-NaturalGasPipelineProjects_March2020.xlsx,Natural Gas Pipeline Projects,15,5,Bernville Compressor Station Project,Texas Eastern Transmission,Upgrade,Applied,,2020,PA,PA,PA,,0,0,0,Interstate,FERC,CP19-191,,,Applied@2019-05,2020@2019-05,,0@2019-05,0@2019-05,0@2019-05,Replace 2 compressor stations to comply with new PA environmental rules; compressors installed in 1958 and 1968,0.0,appalachian-se
bi directional pipeline conversion|midwestern gas transmission co,2018-05,2026-08,EIA-NaturalGasPipelineProjectsAug2026.xlsx,Historical Projects (1996-2024),663,28,Bi-directional Pipeline Conversion,Midwestern Gas Transmission Co,Expansion,Completed,2010-10-30,2010,"IL,IN",IL,IN,3.84,,150,,Interstate,FERC,CP08-436,,,Completed@2018-05,2010@2018-05,3.84@2018-05,,150@2018-05,,,,midcon-north
big hollow project|enable mississippi river transmission llc,2025-10,2026-01,EIA-NaturalGasPipelineProjects_Jan2026.xlsx,Natural Gas Pipeline Projects,14,2,Big Hollow Project,Enable Mississippi River Transmission LLC,Lateral,Announced,,2028,"IL,MO",IL,MO,,10,200,20,Interstate,FERC,CP26-2,Power,Application for Certificate of Public Convenience,Announced@2025-10,2028@2025-10,,10@2025-10,200@2025-10,20@2025-10,"Lateral to support an 800-MW gas-fired power plant in Missouri. MRT filed an abbreviated application for a Natural Gas Act certificate (CP26-2), requesting approval by November 1, 2026, to meet an April 1, 2028, in-service date. The lateral will originate in Monroe County, Illinois, and terminate in Jefferson County, Missouri.",10.0,midcon-north
blacksville compressor station project|equitrans,2018-05,2026-08,EIA-NaturalGasPipelineProjectsAug2026.xlsx,Historical Projects (1996-2024),732,28,Blacksville Compressor Station Project,Equitrans,Expansion,Completed,2012-11-01,2012,"WV,PA",WV,PA,21.7,0,209,,Interstate,FERC,CP12-13,,,Completed@2018-05,2012@2018-05,21.7@2018-05,0@2018-05,209@2018-05,,,0.0,appalachian-se
blue mountain chisholm trail project|southern star central gas pipeline,2018-05,2026-08,EIA-NaturalGasPipelineProjectsAug2026.xlsx,Historical Projects (1996-2024),902,28,Blue Mountain Chisholm Trail Project,Southern Star Central Gas Pipeline,Lateral,Completed,2018-06-09,2018,OK,OK,OK,,4.7,150,12,Intrastate,FERC,CP18-17,,,Approved@2018-05 > Completed@2019-01,2018@2018-05,,4.7@2018-05,150@2018-05,12@2018-05,,4.7,midcon-north
bluewater gas storage link|bluewater gas storage,2018-05,2026-08,EIA-NaturalGasPipelineProjectsAug2026.xlsx,Historical Projects (1996-2024),737,28,Bluewater Gas Storage Link,Bluewater Gas Storage,Lateral,Completed,,2012,MI,MI,MI,,0.25,300,12,Interstate,FERC,CP12-51,,,Completed@2018-05,2012@2018-05,,0.25@2018-05,300@2018-05,12@2018-05,,0.25,midcon-north
bobcat storage expansion|port barre investments llc,2018-05,2026-08,EIA-NaturalGasPipelineProjectsAug2026.xlsx,Historical Projects (1996-2024),709,28,Bobcat Storage Expansion,Port Barre Investments LLC,Lateral,Completed,,2011,LA,LA,LA,30,12.6,1800,20,Interstate,FERC,CP09-19,,,Completed@2018-05,2011@2018-05,30@2018-05,12.6@2018-05,1800@2018-05,20@2018-05,,12.6,gulf
bossier loop phase 2|regency intrastate pipeline co,2018-05,2026-08,EIA-NaturalGasPipelineProjectsAug2026.xlsx,Historical Projects (1996-2024),437,28,Bossier Loop Phase 2,Regency Intrastate Pipeline Co,Expansion,Completed,2007-03-01,2007,LA,LA,LA,5,,100,,Intrastate,State,na,,,Completed@2018-05,2007@2018-05,5@2018-05,,100@2018-05,,,,gulf
broad run expansion project|tennessee gas pipeline co,2018-05,2026-08,EIA-NaturalGasPipelineProjectsAug2026.xlsx,Historical Projects (1996-2024),900,28,Broad Run Expansion Project,Tennessee Gas Pipeline Co,Expansion,Completed,2018-06-01,2018,"WV,KY,TN,MS,AL,LA",WV,LA,407,,200,,Interstate,FERC,CP15-77,,https://www.kindermorgan.com/pages/business/gas_pipelines/east/broadrun/,Part Completed@2018-05 > Completed@2018-08,2018@2018-05,407@2018-05,,200@2018-05,,Only 621 Bcf/d of new capacity; deliverability of only 800 MMcf/d to MS and 500 MMcf/d to LA,,appalachian-se
broad run flexibility project|tennessee gas pipeline co,2018-05,2026-08,EIA-NaturalGasPipelineProjectsAug2026.xlsx,Historical Projects (1996-2024),806,28,Broad Run Flexibility Project,Tennessee Gas Pipeline Co,Reversal,Completed,2015-11-01,2015,"WV,KY",WV,KY,407,,590,,Interstate,FERC,na,,,Completed@2018-05,2015@2018-05,407@2018-05,,590@2018-05,,,,appalachian-se
bushy park extension project|dominion energy carolina gas,2018-08,2026-08,EIA-NaturalGasPipelineProjectsAug2026.xlsx,Historical Projects (1996-2024),932,27,Bushy Park Extension Project,Dominion Energy Carolina Gas,Expansion,Completed,2018-12-09,2018,SC,SC,SC,1.6,0.46,20,8,Interstate,FERC,CP18-498,Industrial,,Applied@2018-08 > Completed@2019-10,2019@2018-08 > 2018@2019-10,1.6@2018-08,0.46@2018-08,20@2018-08,8@2018-08,New delivery point to Charleston International Manufacturing Center (outside of LDC),0.46,appalachian-se
cadeville storage headers|cadeville gas storage llc,2018-05,2026-08,EIA-NaturalGasPipelineProjectsAug2026.xlsx,Historical Projects (1996-2024),744,28,Cadeville Storage Headers,Cadeville Gas Storage LLC,Lateral,Completed,2013-04-03,2013,LA,LA,LA,,9.9,420,"16,20",Interstate,FERC,CP10-16,,,Completed@2018-05,2013@2018-05,,9.9@2018-05,420@2018-05,"16,24@2018-05 > 24,16@2021-10 > 16,20@2022-01",,9.9,gulf
cameron access project|columbia gulf transmission,2018-05,2026-08,EIA-NaturalGasPipelineProjectsAug2026.xlsx,Historical Projects (1996-2024),890,28,Cameron Access Project,Columbia Gulf Transmission,Reversal,Completed,2018-03-13,2018,LA,LA,LA,300,34,800,"30,36",Interstate,FERC,CP15-109,,,Completed@2018-05,2018@2018-05,300@2018-05,34@2018-05,800@2018-05,"36,30@2018-05 > 30,36@2022-01",Related to Cameron LNG,34.0,gulf
cannon falls ng pipeline project|greater minnesota transmission,2018-05,2026-08,EIA-NaturalGasPipelineProjectsAug2026.xlsx,Historical Projects (1996-2024),502,28,Cannon Falls NG Pipeline Project,Greater Minnesota Transmission,Lateral,Completed,2008-04-15,2008,MN,MN,MN,7.2,13,91.2,16,Intrastate,State,na,,,Completed@2018-05,2008@2018-05,7.2@2018-05,13@2018-05,91.2@2018-05,16@2018-05,,13.0,midcon-north
carnation project|texas gas transmission boardwalk,2026-05,2026-08,EIA-NaturalGasPipelineProjectsAug2026.xlsx,Natural Gas Pipeline Projects,22,2,Carnation Project,Texas Gas Transmission (Boardwalk),Expansion,Applied,,2027,OH,OH,OH,,0,170,"14,189 HP",Interstate,FERC,,Power / industrial (OH/KY/IN tri-state),Project website (Boardwalk Pipelines),Applied@2026-05,2027@2026-05,,0@2026-05,170@2026-05,"14,189 HP@2026-05","New 14,189 HP Solar Mars 100 compressor unit at Texas Gas's existing Crosby-Harrison Compressor Station in Hamilton County, Ohio, plus modifications to Mainline System Block Valve 64. Compressor-only; no new pipe. Adds 170,000 Dth/d of firm capacity to serve growing OH/KY/IN tri-state demand. Application filed 10/31/2025 in CP26-16; FERC Notice of Application 11/13/2025; scoping closed 1/2/2026.",0.0,appalachian-se
carolina market link|transcontinental gas pipeline,2023-10,2026-08,EIA-NaturalGasPipelineProjectsAug2026.xlsx,Historical Projects (1996-2024),1104,12,Carolina Market Link,Transcontinental Gas Pipeline,New Pipeline,Completed,2024-02-29,2024,NC,NC,NC,32.6,2.01,78,42,Interstate,FERC,CP23-487,Power,,Applied@2023-10 > Complete@2024-10 > Completed@2026-05,2024@2023-10,32.6@2023-10,2.01@2023-10,78@2023-10,42@2023-10,"Project area is approx 1.5 miles northwest of Welcome in Davidson County, NC; consists of a new pipeline extension loop of Transco's existing Mainline D pipeline and includes modifications to existing facilities. Project is to provide incremental year-round firm transportation capacity, serving Res/Comm demand in Mid-Atlantic. Precedent agreements with Patriots Energy Group (~65 mmcfd) and Duke Energy Carolinas (~13 mmcfd).",2.01,appalachian-se
cecil county expansion|eastern shore natural gas,2018-05,2026-08,EIA-NaturalGasPipelineProjectsAug2026.xlsx,Historical Projects (1996-2024),738,28,Cecil County Expansion,Eastern Shore Natural Gas,Expansion,Completed,,2012,"DE,MD",DE,MD,5.9,5,4.07,6,Interstate,FERC,CP11-303,,,Completed@2018-05,2012@2018-05,5.9@2018-05,5@2018-05,4.07@2018-05,6@2018-05,,5.0,appalachian-se
cedar station upgrade project|northern natural gas,2019-01,2020-03,EIA-NaturalGasPipelineProjects_March2020.xlsx,Historical Projects (1996-2019),55,6,Cedar Station Upgrade Project,Northern Natural Gas,Expansion,Completed,2018-11-15,2018,MN,MN,MN,50,8,,,Intrastate,FERC,CP16-487,,,Completed@2019-01,2018@2019-01,50@2019-01,8@2019-01,,,Increases pressure/volume of delivery to Black Dog Generating Station; updates to system,8.0,midcon-north
cedar station upgrade project|northern natural gas co,2021-01,2026-08,EIA-NaturalGasPipelineProjectsAug2026.xlsx,Historical Projects (1996-2024),924,20,Cedar Station Upgrade Project,Northern Natural Gas Co,Expansion,Completed,2018-11-15,2018,MN,MN,MN,50,8,,,Intrastate,FERC,CP16-487,,,Completed@2021-01,2018@2021-01,50@2021-01,8@2021-01,,,Increases pressure/volume of delivery to Black Dog Generating Station; updates to system,8.0,midcon-north
cegt carthage perryville line cp phase iv|centerpoint energy gas transmission,2018-05,2026-08,EIA-NaturalGasPipelineProjectsAug2026.xlsx,Historical Projects (1996-2024),638,28,CEGT Carthage/Perryville (Line CP) Phase IV,Centerpoint Energy Gas Transmission,Expansion,Completed,2010-02-01,2010,"TX,LA",TX,LA,68,,274,,Interstate,FERC,CP09-29,,,Completed@2018-05,2010@2018-05,68@2018-05,,274@2018-05,,,,tx-permian
cegt cove compressor station project|centerpoint energy gas transmission,2018-05,2026-08,EIA-NaturalGasPipelineProjectsAug2026.xlsx,Historical Projects (1996-2024),537,28,CEGT Cove Compressor Station Project,Centerpoint Energy Gas Transmission,Expansion,Completed,2008-11-01,2008,AR,AR,AR,26.26,,200,,Interstate,FERC,CP07-437,,,Completed@2018-05,2008@2018-05,26.26@2018-05,,200@2018-05,,,,midcon-north
cegt harrison supply lateral expansion|centerpoint energy gas transmission,2018-05,2026-08,EIA-NaturalGasPipelineProjectsAug2026.xlsx,Historical Projects (1996-2024),439,28,CEGT Harrison Supply Lateral Expansion,Centerpoint Energy Gas Transmission,Lateral,Completed,2007-03-15,2007,TX,TX,TX,12.7,14.4,60,16,Interstate,FERC,EM06-05,,,Completed@2018-05,2007@2018-05,12.7@2018-05,14.4@2018-05,60@2018-05,16@2018-05,,14.4,tx-permian
cegt line act 9|centerpoint energy gas transmission,2018-05,2026-08,EIA-NaturalGasPipelineProjectsAug2026.xlsx,Historical Projects (1996-2024),290,28,CEGT Line ACT-9,Centerpoint Energy Gas Transmission,Lateral,Completed,2003-09-01,2003,OK,OK,OK,1.45,0.5,240,20,Interstate,FERC,CP03-06,,,Completed@2018-05,2003@2018-05,1.45@2018-05,0.5@2018-05,240@2018-05,20@2018-05,,0.5,midcon-north
cegt line ad expansion project|centerpoint energy gas transmission,2018-05,2026-08,EIA-NaturalGasPipelineProjectsAug2026.xlsx,Historical Projects (1996-2024),379,28,CEGT Line AD Expansion Project,Centerpoint Energy Gas Transmission,Expansion,Completed,2005-11-30,2005,"OK,TX",OK,TX,31.9,,112.9,"24,42",Interstate,FERC,CP05-03,,,Completed@2018-05,2005@2018-05,31.9@2018-05,,112.9@2018-05,"42,24@2018-05 > 24,42@2022-01",,,midcon-north
cegt line j expansion|centerpoint energy gas transmission,2018-05,2026-08,EIA-NaturalGasPipelineProjectsAug2026.xlsx,Historical Projects (1996-2024),262,28,CEGT Line J Expansion,Centerpoint Energy Gas Transmission,Expansion,Completed,2002-12-01,2002,AR,AR,AR,7.8,,105,,Interstate,FERC,CP02-80,,,Completed@2018-05,2002@2018-05,7.8@2018-05,,105@2018-05,,,,midcon-north
cegt long lake compressor station project|centerpoint energy gas transmission,2018-05,2026-08,EIA-NaturalGasPipelineProjectsAug2026.xlsx,Historical Projects (1996-2024),603,28,CEGT Long Lake Compressor Station Project,Centerpoint Energy Gas Transmission,Expansion,Completed,2009-06-30,2009,LA,LA,LA,10,0.5,90,,Interstate,FERC,CP08-455,,,Completed@2018-05,2009@2018-05,10@2018-05,0.5@2018-05,90@2018-05,,,0.5,gulf
cegt round mountain expansion|centerpoint energy gas transmission,2018-05,2026-08,EIA-NaturalGasPipelineProjectsAug2026.xlsx,Historical Projects (1996-2024),389,28,CEGT Round Mountain Expansion,Centerpoint Energy Gas Transmission,Expansion,Completed,2006-01-05,2006,AR,AR,AR,5.98,,70,,Interstate,FERC,CP04-377,,,Completed@2018-05,2006@2018-05,5.98@2018-05,,70@2018-05,,,,midcon-north
cgt 2008 appalachian expansion|columbia gas transmission,2018-05,2026-08,EIA-NaturalGasPipelineProjectsAug2026.xlsx,Historical Projects (1996-2024),605,28,CGT 2008 Appalachian Expansion,Columbia Gas Transmission,Expansion,Completed,2009-07-01,2009,WV,WV,WV,40,,100,,Interstate,FERC,CP08-85,,,Completed@2018-05,2009@2018-05,40@2018-05,,100@2018-05,,,,appalachian-se
cgt cobb expansion project|nisource gas transmission storage,2018-05,2026-08,EIA-NaturalGasPipelineProjectsAug2026.xlsx,Historical Projects (1996-2024),647,28,CGT Cobb Expansion Project,NiSource Gas Transmission & Storage,Expansion,Completed,2010-05-17,2010,WV,WV,WV,16.1,1,27.6,16,Interstate,FERC,CP09-437,,,Completed@2018-05,2010@2018-05,16.1@2018-05,1@2018-05,27.6@2018-05,16@2018-05,,1.0,appalachian-se
cgt commonwealth pl expansion|columbia gas transmission,2018-05,2026-08,EIA-NaturalGasPipelineProjectsAug2026.xlsx,Historical Projects (1996-2024),32,28,CGT Commonwealth PL Expansion,Columbia Gas Transmission,Expansion,Completed,1997-07-01,1997,VA,VA,VA,0.39,,18,16,Interstate,FERC,na,,,Completed@2018-05,1997@2018-05,0.39@2018-05,,18@2018-05,16@2018-05,,,appalachian-se
cgt eastern market expansion|columbia gas transmission,2018-05,2026-08,EIA-NaturalGasPipelineProjectsAug2026.xlsx,Historical Projects (1996-2024),619,28,CGT Eastern Market Expansion,Columbia Gas Transmission,Expansion,Completed,2009-10-09,2009,VA,VA,VA,142.3,15.3,94,"26,36",Interstate,FERC,CP07-367,,,Completed@2018-05,2009@2018-05,142.3@2018-05,15.3@2018-05,94@2018-05,"36,26@2018-05 > 26,36@2022-01",,15.3,appalachian-se
cgt entergy electric laterals|columbia gulf transmission,2018-05,2026-08,EIA-NaturalGasPipelineProjectsAug2026.xlsx,Historical Projects (1996-2024),114,28,CGT Entergy Electric Laterals,Columbia Gulf Transmission,Lateral,Completed,1998-12-29,1998,LA,LA,LA,,9,98,16,Interstate,FERC,CP98-657,,,Completed@2018-05,1998@2018-05,,9@2018-05,98@2018-05,16@2018-05,,9.0,gulf
cgt hardy storage lateral|columbia gas transmission,2018-05,2026-08,EIA-NaturalGasPipelineProjectsAug2026.xlsx,Historical Projects (1996-2024),438,28,CGT Hardy Storage Lateral,Columbia Gas Transmission,Lateral,Completed,2007-03-01,2007,WV,WV,WV,48.6,13,175,20,Interstate,FERC,CP05-150,,,Completed@2018-05,2007@2018-05,48.6@2018-05,13@2018-05,175@2018-05,20@2018-05,,13.0,appalachian-se
cgt henry hub expansion|columbia gulf transmission,2018-05,2026-08,EIA-NaturalGasPipelineProjectsAug2026.xlsx,Historical Projects (1996-2024),493,28,CGT Henry Hub Expansion,Columbia Gulf Transmission,Expansion,Completed,2008-03-15,2008,LA,LA,LA,25,,230,,Interstate,FERC,na,,,Completed@2018-05,2008@2018-05,25@2018-05,,230@2018-05,,,,gulf
cgt line a 5 replacement|columbia gas transmission,2018-05,2026-08,EIA-NaturalGasPipelineProjectsAug2026.xlsx,Historical Projects (1996-2024),489,28,CGT Line A-5 Replacement,Columbia Gas Transmission,Expansion,Completed,2008-02-08,2008,NY,NY,NY,,8.8,,30,Interstate,FERC,CP98-151,,,Completed@2018-05,2008@2018-05,,8.8@2018-05,,30@2018-05,,8.8,west-ne-ak
cgt mainline expansion|columbia gulf transmission,2018-05,2026-08,EIA-NaturalGasPipelineProjectsAug2026.xlsx,Historical Projects (1996-2024),129,28,CGT Mainline Expansion,Columbia Gulf Transmission,Expansion,Completed,1999-11-01,1999,"LA,MS,TN,KY",LA,KY,37.68,,307,"30,36",Interstate,FERC,CP98-596,,,Completed@2018-05,1999@2018-05,37.68@2018-05,,307@2018-05,"36,30@2018-05 > 30,36@2022-01",,,gulf
cgt ohio 2002 expansion|columbia gas transmission,2018-05,2026-08,EIA-NaturalGasPipelineProjectsAug2026.xlsx,Historical Projects (1996-2024),243,28,CGT Ohio 2002 Expansion,Columbia Gas Transmission,Expansion,Completed,2002-07-01,2002,OH,OH,OH,10.6,,140,,Interstate,FERC,CP01-70,,,Completed@2018-05,2002@2018-05,10.6@2018-05,,140@2018-05,,,,appalachian-se
cgt rock springs expansion|columbia gas transmission,2018-05,2026-08,EIA-NaturalGasPipelineProjectsAug2026.xlsx,Historical Projects (1996-2024),318,28,CGT Rock Springs Expansion,Columbia Gas Transmission,Lateral,Completed,2003-12-10,2003,"PA,MD",PA,MD,29.2,9.3,263,"10,24",Interstate,FERC,CP02-142,,,Completed@2018-05,2003@2018-05,29.2@2018-05,9.3@2018-05,263@2018-05,"24,10@2018-05 > 10,24@2022-01",,9.3,appalachian-se
cgt tva electric laterals|columbia gas transmission,2018-05,2026-08,EIA-NaturalGasPipelineProjectsAug2026.xlsx,Historical Projects (1996-2024),85,28,CGT TVA Electric Laterals,Columbia Gas Transmission,Lateral,Completed,1998-11-01,1998,TN,TN,TN,0.89,2.3,240,12,Interstate,FERC,CP98-638,,,Completed@2018-05,1998@2018-05,0.89@2018-05,2.3@2018-05,240@2018-05,12@2018-05,,2.3,appalachian-se
cheyenne compressor station expansion project|wyoming interstate co llc,2018-08,2020-03,EIA-NaturalGasPipelineProjects_March2020.xlsx,Historical Projects (1996-2019),58,7,Cheyenne Compressor Station Expansion Project,Wyoming Interstate Co LLC,Expansion,Completed,2018-05-23,2018,"WY,CO",WY,CO,2.169,,222,,Interstate,FERC,CP18-117,,,Applied@2018-08 > Completed@2019-01,2018@2018-08,2.169@2018-08,,222@2018-08,,Additional compression to allow delivery to Cheyenne Hub,,west-ne-ak
cheyenne compressor station expansion project|wyoming interstate gas co,2021-01,2026-08,EIA-NaturalGasPipelineProjectsAug2026.xlsx,Historical Projects (1996-2024),897,20,Cheyenne Compressor Station Expansion Project,Wyoming Interstate Gas Co,Expansion,Completed,2018-05-23,2018,"WY,CO",WY,CO,2.169,,222,,Interstate,FERC,CP18-117,,,Completed@2021-01,2018@2021-01,2.169@2021-01,,222@2021-01,,Additional compression to allow delivery to Cheyenne Hub,,west-ne-ak
chicago market expansion project phase 1|nat gas p l co of america,2018-05,2026-08,EIA-NaturalGasPipelineProjectsAug2026.xlsx,Historical Projects (1996-2024),832,28,Chicago Market Expansion Project Phase 1,Nat Gas P L Co of America,Expansion,Completed,2016-11-01,2016,IL,IL,IL,50,,238,,Interstate,FERC,CP15-505,,,Completed@2018-05,2016@2018-05,50@2018-05,,238@2018-05,,,,midcon-north
chicago market expansion project phase 2|nat gas p l co of america,2018-05,2026-08,EIA-NaturalGasPipelineProjectsAug2026.xlsx,Historical Projects (1996-2024),938,28,Chicago Market Expansion Project Phase 2,Nat Gas P L Co of America,Expansion,On Hold,,2018,IL,IL,IL,50,,200,,Interstate,FERC,,,https://www.kindermorgan.com/business/gas_pipelines/central/chicago/,Announced@2018-05 > On Hold@2019-01,2018@2018-05,50@2018-05,,200@2018-05,,No updates since non-binding open season announcement in 2016,,midcon-north
chippewa export permit|empire pipeline,2018-05,2026-08,EIA-NaturalGasPipelineProjectsAug2026.xlsx,Historical Projects (1996-2024),676,28,Chippewa Export Permit,Empire Pipeline,Reversal,Completed,2010-09-16,2011,"NY,ON",NY,ON,0,,350,,Interstate,FERC,CP10-136,,,Completed@2018-05,2011@2018-05,0@2018-05,,350@2018-05,,,,west-ne-ak
cig 2018 line nos 5a and 5b expansion project|colorado interstate gas co,2021-01,2026-08,EIA-NaturalGasPipelineProjectsAug2026.xlsx,Historical Projects (1996-2024),895,20,CIG 2018 Line Nos. 5A and 5B Expansion Project,Colorado Interstate Gas Co,Expansion,Completed,2018-05-09,2018,CO,CO,CO,14.5,,230,,Interstate,FERC,CP18-94,,,Completed@2021-01,2018@2021-01,14.5@2021-01,,230@2021-01,,Brings additional supply from DJ Basin to Cheyenne Hub (545 MMcf/d total),,west-ne-ak
cig 2018 line nos 5a and 5b expansion project|colorado interstate gas co llc,2018-08,2020-03,EIA-NaturalGasPipelineProjects_March2020.xlsx,Historical Projects (1996-2019),60,7,CIG 2018 Line Nos. 5A and 5B Expansion Project,Colorado Interstate Gas Co LLC,Expansion,Completed,2018-05-09,2018,CO,CO,CO,14.5,,230,,Interstate,FERC,CP18-94,,,Approved@2018-08 > Completed@2019-01,2018@2018-08,14.5@2018-08,,230@2018-08,,Brings additional supply from DJ Basin to Cheyenne Hub (545 MMcf/d total),,west-ne-ak
cig cheyenne station upgrade|colorado interstate gas co,2018-05,2026-08,EIA-NaturalGasPipelineProjectsAug2026.xlsx,Historical Projects (1996-2024),350,28,CIG Cheyenne Station Upgrade,Colorado Interstate Gas Co,Expansion,Completed,2004-12-01,2004,CO,CO,CO,4.7,,120,,Interstate,FERC,CP03-301,,,Completed@2018-05,2004@2018-05,4.7@2018-05,,120@2018-05,,,,west-ne-ak
cig picketwire expansion|colorado interstate gas co,2018-05,2026-08,EIA-NaturalGasPipelineProjectsAug2026.xlsx,Historical Projects (1996-2024),159,28,CIG Picketwire Expansion,Colorado Interstate Gas Co,Expansion,Completed,2000-11-01,2000,CO,CO,CO,7,12.5,34,20,Interstate,FERC,na,,,Completed@2018-05,2000@2018-05,7@2018-05,12.5@2018-05,34@2018-05,20@2018-05,,12.5,west-ne-ak
cig raton basin 2007 expansion|colorado interstate gas co,2018-05,2026-08,EIA-NaturalGasPipelineProjectsAug2026.xlsx,Historical Projects (1996-2024),454,28,CIG Raton Basin 2007 Expansion,Colorado Interstate Gas Co,Expansion,Completed,2007-09-21,2007,"CO,KS,OK",CO,OK,11.89,11,29,,Interstate,FERC,CP07-103,,,Completed@2018-05,2007@2018-05,11.89@2018-05,11@2018-05,29@2018-05,,,11.0,west-ne-ak
cig valley line ii winter time enhancement|colorado interstate gas co,2018-05,2026-08,EIA-NaturalGasPipelineProjectsAug2026.xlsx,Historical Projects (1996-2024),312,28,CIG Valley Line II (winter-time enhancement),Colorado Interstate Gas Co,Expansion,Completed,2003-12-01,2003,CO,CO,CO,13.4,,42,,Interstate,FERC,CP03-07,,,Completed@2018-05,2003@2018-05,13.4@2018-05,,42@2018-05,,,,west-ne-ak
cig valley line iii summer time enhancement|colorado interstate gas co,2018-05,2026-08,EIA-NaturalGasPipelineProjectsAug2026.xlsx,Historical Projects (1996-2024),313,28,CIG Valley Line III (summer-time enhancement),Colorado Interstate Gas Co,Expansion,Completed,2003-12-01,2003,CO,CO,CO,9.76,,50,,Interstate,FERC,CP03-07,,,Completed@2018-05,2003@2018-05,9.76@2018-05,,50@2018-05,,,,west-ne-ak
cig wind river lateral 96 expansion|colorado interstate gas co,2018-05,2026-08,EIA-NaturalGasPipelineProjectsAug2026.xlsx,Historical Projects (1996-2024),27,28,CIG Wind River Lateral 96 Expansion,Colorado Interstate Gas Co,Expansion,Completed,1996-12-15,1996,WY,WY,WY,10.8,,28,36,Interstate,FERC,CP96-289,,,Completed@2018-05,1996@2018-05,10.8@2018-05,,28@2018-05,36@2018-05,,,west-ne-ak
cig wind river lateral 97 expansion|colorado interstate gas co,2018-05,2026-08,EIA-NaturalGasPipelineProjectsAug2026.xlsx,Historical Projects (1996-2024),34,28,CIG Wind River Lateral 97 Expansion,Colorado Interstate Gas Co,Expansion,Completed,1997-08-01,1997,WY,WY,WY,10.8,,40,36,Interstate,FERC,CP96-289,,,Completed@2018-05,1997@2018-05,10.8@2018-05,,40@2018-05,36@2018-05,,,west-ne-ak
clarence compressor|gulf south pipeline,2018-05,2026-08,EIA-NaturalGasPipelineProjectsAug2026.xlsx,Historical Projects (1996-2024),707,28,Clarence Compressor,Gulf South Pipeline,Expansion,Completed,2011-11-10,2011,LA,LA,LA,0,0,105,,Interstate,FERC,CP10-465,,,Completed@2018-05,2011@2018-05,0@2018-05,0@2018-05,105@2018-05,,,0.0,gulf
clarington project|dominion transmission,2018-05,2026-08,EIA-NaturalGasPipelineProjectsAug2026.xlsx,Historical Projects (1996-2024),831,28,Clarington Project,Dominion Transmission,Expansion,Completed,2016-10-19,2016,"WV,OH",WV,OH,77,0,250,,Interstate,FERC,CP14-496,,,Completed@2018-05,2016@2018-05,77@2018-05,0@2018-05,250@2018-05,,,0.0,appalachian-se
cng capstone project|dominion transmission,2018-05,2026-08,EIA-NaturalGasPipelineProjectsAug2026.xlsx,Historical Projects (1996-2024),208,28,CNG Capstone Project,Dominion Transmission,Expansion,Completed,2001-11-01,2001,"PA,NY",PA,NY,63.5,13.8,,30,Interstate,FERC,CP00-64,,,Completed@2018-05,2001@2018-05,63.5@2018-05,13.8@2018-05,,30@2018-05,,13.8,appalachian-se
cng pl 1 line 97 expansion|dominion transmission,2018-05,2026-08,EIA-NaturalGasPipelineProjectsAug2026.xlsx,Historical Projects (1996-2024),42,28,CNG PL-1 Line 97 Expansion,Dominion Transmission,Expansion,Completed,1997-11-01,1997,"PA,MD,VA",PA,VA,15.2,,19.5,30,Interstate,FERC,CP96-492,,,Completed@2018-05,1997@2018-05,15.2@2018-05,,19.5@2018-05,30@2018-05,,,appalachian-se
columbus 3 storage pipelines|bluewater gas storage,2021-01,2026-08,EIA-NaturalGasPipelineProjectsAug2026.xlsx,Historical Projects (1996-2024),338,20,Columbus 3 Storage Pipelines,Bluewater Gas Storage,Lateral,Completed,2004-11-01,2004,MI,MI,MI,2,1.6,700,20,Intrastate,State,na,,,Completed@2021-01,2004@2021-01,2@2021-01,1.6@2021-01,700@2021-01,20@2021-01,,1.6,midcon-north
columbus 3 storage pipelines|bluewater gas storage llc,2018-05,2020-03,EIA-NaturalGasPipelineProjects_March2020.xlsx,Historical Projects (1996-2019),630,8,Columbus 3 Storage Pipelines,Bluewater Gas Storage LLC,Lateral,Completed,2004-11-01,2004,MI,MI,MI,2,1.6,700,20,Intrastate,State,na,,,Completed@2018-05,2004@2018-05,2@2018-05,1.6@2018-05,700@2018-05,20@2018-05,,1.6,midcon-north
commonwealth energy connector project|transcontinental gas pipe line company llc,2025-07,2026-08,EIA-NaturalGasPipelineProjectsAug2026.xlsx,Historical Projects (1996-2024),1189,5,Commonwealth Energy Connector Project,"Transcontinental Gas Pipe Line Company, LLC",Expansion,Completed,2025-11-07,2025,VA,VA,VA,117.7,6.35,105,24,Interstate,FERC,CP22-502,LDC,FERC,Construction@2025-07 > Completed@2026-05,2025@2025-07,117.7@2025-07,6.35@2025-07,105@2025-07,24@2025-07,"Adds 33,000 horsepower of compression at a planned compressor station in Mecklenburg County, modifies the Emporia metering and regulating station, and adds additional looping pipe to increase capacity to Virginia Natural Gas.",6.35,appalachian-se
commonwealth energy connector project|transcontinental gas pipeline,2022-10,2025-04,EIA-NaturalGasPipelineProjects_Apr2025.xlsx,Natural Gas Pipeline Projects,17,11,Commonwealth Energy Connector Project,Transcontinental Gas Pipeline,Expansion,Construction,,2025,VA,VA,VA,117.7,6.35,105,24,Interstate,FERC,CP22-502,LDC,,Applied@2022-10 > Approved@2024-01 > Construction@2024-10,2025@2022-10,117.7@2022-10,6.35@2022-10,105@2022-10,24@2022-10,"Adds 33,000 horsepower of compression at a planned compressor station in Mecklenburg County, modify the Emporia metering and regulating station, and and add additional looping pipe to increase capacity to Virginia Natural Gas. Project enables Transco to provide firm transport service for Virginia Natural Gas Inc., an LDC.",6.35,appalachian-se
completed date|,2018-05,2026-08,EIA-NaturalGasPipelineProjectsAug2026.xlsx,Definitions,29,28,Completed Date,,,,,,,,,,,,,,,,,,,,,,,,,,unassigned
compressor station 261 upgrade project|tennessee gas pipeline co,2019-01,2020-01,EIA-NaturalGasPipelineProjects_Jan2020.xlsx,Natural Gas Pipeline Projects,23,5,Compressor Station 261 Upgrade Project,Tennessee Gas Pipeline Co,Expansion,Applied,,2020,"MA,CT",MA,CT,52,2.1,72.4,12,Interstate,FERC,CP19-7,,https://www.kindermorgan.com/pages/business/gas_pipelines/east/tgp/261_upgrade.aspx,Applied@2019-01,2020@2019-01,52@2019-01,2.1@2019-01,72.4@2019-01,12@2019-01,Additional capacity into New England market,2.1,west-ne-ak
compressor station expansion|scg pipeline inc,2018-05,2026-08,EIA-NaturalGasPipelineProjectsAug2026.xlsx,Historical Projects (1996-2024),43,28,Compressor Station Expansion,SCG Pipeline Inc,Expansion,Completed,1997-11-01,1997,SC,SC,SC,10,,200,,Intrastate,State,na,,,Completed@2018-05,1997@2018-05,10@2018-05,,200@2018-05,,,,appalachian-se
concord tilton expansion phase 1 2a|keyspan energy delivery inc,2018-05,2026-08,EIA-NaturalGasPipelineProjectsAug2026.xlsx,Historical Projects (1996-2024),347,28,Concord-Tilton Expansion Phase 1&2a,KeySpan Energy Delivery Inc,Expansion,Completed,2004-11-10,2004,NH,NH,NH,3.87,7,50,12,Intrastate,State,na,,,Completed@2018-05,2004@2018-05,3.87@2018-05,7@2018-05,50@2018-05,12@2018-05,,7.0,west-ne-ak
conemaugh river crossing replacement project|texas eastern transmission,2022-10,2026-08,EIA-NaturalGasPipelineProjectsAug2026.xlsx,Historical Projects (1996-2024),1087,16,Conemaugh River Crossing Replacement Project,Texas Eastern Transmission,Upgrade,Completed,2023-08-08,2023,PA,PA,PA,15,0.5,0,24,Interstate,FERC,CP22-201,,,Applied@2022-10 > Construction@2023-01 > Completed@2024-01,2022@2022-10 > 2023@2023-01,15@2022-10,0.5@2022-10,0@2022-10,24@2022-10,"Replace segment of Line 12 pipeline in Westmoreland and Indiana County, Pennsylvania. Project will have no impact on capacity",0.5,appalachian-se
connecticut expansion project|tennessee gas pipeline co,2018-05,2026-08,EIA-NaturalGasPipelineProjectsAug2026.xlsx,Historical Projects (1996-2024),872,28,Connecticut Expansion Project,Tennessee Gas Pipeline Co,Expansion,Completed,2017-11-01,2017,"NY,CT",NY,CT,85.6,13.3,72.1,"24,36",Interstate,FERC,CP14-529,,,Completed@2018-05,2017@2018-05,85.6@2018-05,13.3@2018-05,72.1@2018-05,"24,36@2018-05",,13.3,west-ne-ak
consumers oakland east portion|consumers energy inc,2018-05,2026-08,EIA-NaturalGasPipelineProjectsAug2026.xlsx,Historical Projects (1996-2024),376,28,Consumers Oakland East Portion,Consumers Energy Inc,New Pipeline,Completed,2005-11-05,2005,MI,MI,MI,27.74,11.3,135,36,Intrastate,State,na,,,Completed@2018-05,2005@2018-05,27.74@2018-05,11.3@2018-05,135@2018-05,36@2018-05,,11.3,midcon-north
cordova connector line|southern natural gas,2022-01,2026-08,EIA-NaturalGasPipelineProjectsAug2026.xlsx,Historical Projects (1996-2024),1080,17,Cordova Connector Line,Southern Natural Gas,Expansion,Completed,2022-12-01,2023,AL,AL,AL,15.1,2.2,25,8,Interstate,FERC,CP22-34,LDC,,Applied@2022-01 > Construction@2023-01 > completed@2024-01 > Completed@2026-05,2022@2022-01 > 2023@2023-01,15.1@2022-01,2.2@2022-01,25@2022-01,8@2022-01,Pipeline portion of project placed in service in Dec 2022; all remaining work completed in Mar 2023. Provide about 25 MMcf/d of capacity to Spire Alabama Inc.,2.2,gulf
cost millions|,2018-05,2026-08,EIA-NaturalGasPipelineProjectsAug2026.xlsx,Definitions,31,28,Cost (millions),,,,,,,,,,,,,,,,,,,,,,,,,,unassigned
cpv valley lateral project|millennium pipeline,2018-05,2026-08,EIA-NaturalGasPipelineProjectsAug2026.xlsx,Historical Projects (1996-2024),904,28,CPV Valley lateral project,Millennium Pipeline,Lateral,Completed,2018-07-09,2018,NY,NY,NY,40,8,130,16,Interstate,FERC,CP16-17/PF15-23,Electric,http://www.millenniumpipeline.com/valley-lateral-project/,Construction@2018-05 > Completed@2018-08,2018@2018-05,40@2018-05,8@2018-05,130@2018-05,16@2018-05,"Provides capacity to 630 MW new combined cycle power plant in Wawayanda, NY",8.0,west-ne-ak
crosstex north texas 2007 expansion|crosstex energy services,2018-05,2026-08,EIA-NaturalGasPipelineProjectsAug2026.xlsx,Historical Projects (1996-2024),443,28,CrossTex North Texas 2007 Expansion,Crosstex Energy Services,Expansion,Completed,2007-04-01,2007,TX,TX,TX,20,,125,24,Intrastate,State,na,,,Completed@2018-05,2007@2018-05,20@2018-05,,125@2018-05,24@2018-05,,,tx-permian
curryville compression expansion project|mogas energy llc,2018-05,2026-08,EIA-NaturalGasPipelineProjectsAug2026.xlsx,Historical Projects (1996-2024),591,28,Curryville Compression Expansion Project,MoGas Energy LLC,Expansion,Completed,2009-03-20,2009,MO,MO,MO,16.1,,,,Interstate,FERC,CP07-450,,,Completed@2018-05,2009@2018-05,16.1@2018-05,,,,,,midcon-north
dalton lateral expansion ii project|transcontinental gas pipeline,2024-10,2025-04,EIA-NaturalGasPipelineProjects_Apr2025.xlsx,Natural Gas Pipeline Projects,23,3,Dalton Lateral Expansion II Project,Transcontinental Gas Pipeline,Expansion,Announced,,2029,GA,GA,GA,,,500,,,,,,Announcement,Announced@2024-10,2029@2024-10,,,500@2024-10,,"Open Season, Oct 18-Nov 7, 2024. Project is an expansion of existing Dalton Lateral nat gas p/l system within Zone 4 and will consist of p/l looping and add'l compression.",,appalachian-se
dearborn county lateral|texas gas transmission llc,2026-08,2026-08,EIA-NaturalGasPipelineProjectsAug2026.xlsx,Natural Gas Pipeline Projects,37,1,Dearborn County Lateral,Texas Gas Transmission LLC,Lateral,Applied,,2028,"IN,KY,OH",IN,OH,86,12,265,20,Interstate,FERC,,,,Applied@2026-08,2028@2026-08,86@2026-08,12@2026-08,265@2026-08,20@2026-08,"12-mile, 20-inch lateral from Dearborn County, IN through Boone County, KY to Hamilton County, OH. Serves Vistra Corp's Miami Fort coal-to-gas conversion (1,020-MW plant, June 2028 commercial operation). Vistra/Dynegy committed to full 265,000 Dth/d under 13-year contract. FERC authorization requested by March 19, 2027. Filed May 29, 2026.",12.0,midcon-north
delta lateral project|transcontinental gas pipeline,2018-05,2026-08,EIA-NaturalGasPipelineProjectsAug2026.xlsx,Historical Projects (1996-2024),656,28,Delta Lateral Project,Transcontinental Gas Pipeline,Lateral,Completed,2010-10-07,2010,PA,PA,PA,12.5,3.5,208,16,Interstate,FERC,CP09-237,,,Completed@2018-05,2010@2018-05,12.5@2018-05,3.5@2018-05,208@2018-05,16@2018-05,,3.5,appalachian-se
demand served|,2020-01,2026-08,EIA-NaturalGasPipelineProjectsAug2026.xlsx,Definitions,37,22,Demand served,,,,,,,,,,,,,,,,,,,,,,,,,,unassigned
demicks lake cherry creek pipeline project|wbi energy transmission,2019-01,2026-08,EIA-NaturalGasPipelineProjectsAug2026.xlsx,Historical Projects (1996-2024),972,26,Demicks Lake-Cherry Creek Pipeline Project,WBI Energy Transmission,Lateral,Completed,2019-10-30,2019,ND,ND,ND,29.5,12.2,175,20,Interstate,FERC,CP19-27,,,Applied@2019-01 > Construction@2019-07 > Completed@2020-01,2019@2019-01,29.5@2019-01,12.2@2019-01,175@2019-01,20@2019-01,Takeaway capacity out of Bakken,12.2,midcon-north
diamond mountain compressor station project|wyoming interstate gas co,2018-05,2026-08,EIA-NaturalGasPipelineProjectsAug2026.xlsx,Historical Projects (1996-2024),670,28,Diamond Mountain Compressor Station Project.,Wyoming Interstate Gas Co,Expansion,Completed,2010-11-10,2010,"UT,WY",UT,WY,48.6,,180,,Interstate,FERC,CP09-449,,,Completed@2018-05,2010@2018-05,48.6@2018-05,,180@2018-05,,,,west-ne-ak
discovery market expansion|discovery gas transmission llc,2018-05,2026-08,EIA-NaturalGasPipelineProjectsAug2026.xlsx,Historical Projects (1996-2024),366,28,Discovery Market Expansion,Discovery Gas Transmission LLC,Expansion,Completed,2005-07-06,2005,"GM,LA",GM,LA,10.8,3,150,"16,20",Interstate,FERC,CP03-342,,,Completed@2018-05,2005@2018-05,10.8@2018-05,3@2018-05,150@2018-05,"16,20@2018-05",,3.0,gulf
dominion cove point east project|dominion cove point lng pl co,2018-05,2026-08,EIA-NaturalGasPipelineProjectsAug2026.xlsx,Historical Projects (1996-2024),358,28,Dominion Cove Point East Project,Dominion Cove Point LNG PL Co,Expansion,Completed,2005-04-29,2005,"VA,MD",VA,MD,43.5,,433,36,Interstate,FERC,CP03-74,,,Completed@2018-05,2005@2018-05,43.5@2018-05,,433@2018-05,36@2018-05,,,appalachian-se
dominion ellisburg liedy expansion|dominion transmission,2018-05,2026-08,EIA-NaturalGasPipelineProjectsAug2026.xlsx,Historical Projects (1996-2024),276,28,Dominion Ellisburg-Liedy Expansion,Dominion Transmission,Expansion,Completed,2002-11-15,2003,PA,PA,PA,10.3,,127,,Interstate,FERC,CP02-44,,,Completed@2018-05,2003@2018-05,10.3@2018-05,,127@2018-05,,,,appalachian-se
dominion keys energy center|dominion cove point lng pl co,2018-05,2026-08,EIA-NaturalGasPipelineProjectsAug2026.xlsx,Historical Projects (1996-2024),845,28,Dominion Keys Energy Center,Dominion Cove Point LNG PL Co,Expansion,Completed,2017-03-01,2017,"VA,MD",VA,MD,36.6,,107,,Interstate,FERC,CP15-24,,,Completed@2018-05,2017@2018-05,36.6@2018-05,,107@2018-05,,Feeds Dominion Cove Point for Keys Energy Project,,appalachian-se
dominion mid atlantic expansion|dominion transmission,2018-05,2026-08,EIA-NaturalGasPipelineProjectsAug2026.xlsx,Historical Projects (1996-2024),339,28,Dominion Mid-Atlantic Expansion,Dominion Transmission,Expansion,Completed,2004-11-01,2004,"WV,PA,VA",WV,VA,78,,217,,Interstate,FERC,CP03-41,,,Completed@2018-05,2004@2018-05,78@2018-05,,217@2018-05,,,,appalachian-se
dominion possum point lateral|dominion transmission,2018-05,2026-08,EIA-NaturalGasPipelineProjectsAug2026.xlsx,Historical Projects (1996-2024),256,28,Dominion Possum Point Lateral,Dominion Transmission,Lateral,Completed,2002-11-01,2002,VA,VA,VA,22.2,14,300,20,Intrastate,State,na,,,Completed@2018-05,2002@2018-05,22.2@2018-05,14@2018-05,300@2018-05,20@2018-05,,14.0,appalachian-se
dominion quantico compression expansion|dominion transmission,2018-05,2026-08,EIA-NaturalGasPipelineProjectsAug2026.xlsx,Historical Projects (1996-2024),623,28,Dominion Quantico Compression Expansion,Dominion Transmission,Expansion,Completed,2009-11-01,2009,VA,VA,VA,21.1,,180,,Interstate,FERC,CP07-31,,,Completed@2018-05,2009@2018-05,21.1@2018-05,,180@2018-05,,,,appalachian-se
driver residue pipeline|atlas pipeline mid continent westtex,2018-05,2026-08,EIA-NaturalGasPipelineProjectsAug2026.xlsx,Historical Projects (1996-2024),741,28,Driver Residue Pipeline,Atlas Pipeline Mid-Continent WestTex,Lateral,Completed,2013-02-14,2013,TX,TX,TX,0,10.2,,,Interstate,FERC,CP12-468,,,Completed@2018-05,2013@2018-05,0@2018-05,10.2@2018-05,,,,10.2,tx-permian
dte shelby pipeline|dte energy inc,2018-05,2026-08,EIA-NaturalGasPipelineProjectsAug2026.xlsx,Historical Projects (1996-2024),474,28,DTE Shelby Pipeline,DTE Energy Inc,New Pipeline,Completed,2007-12-03,2007,MI,MI,MI,5.1,4.5,100,20,Intrastate,State,MSPC U-15149,,,Completed@2018-05,2007@2018-05,5.1@2018-05,4.5@2018-05,100@2018-05,20@2018-05,,4.5,midcon-north
eagle pass export crossing|tidelands oil gas corp,2018-05,2026-08,EIA-NaturalGasPipelineProjectsAug2026.xlsx,Historical Projects (1996-2024),274,28,Eagle Pass Export Crossing,Tidelands Oil & Gas Corp,Expansion,Completed,2003-10-01,2002,"TX,MX",TX,MX,2,5,15,12,Interstate,FERC,CP02-74,,,Completed@2018-05,2002@2018-05,2@2018-05,5@2018-05,15@2018-05,12@2018-05,,5.0,tx-permian
east 300 upgrade project|tennessee gas pipeline co,2022-10,2026-08,EIA-NaturalGasPipelineProjectsAug2026.xlsx,Historical Projects (1996-2024),1096,16,East 300 Upgrade Project,Tennessee Gas Pipeline Co,Upgrade,Completed,2023-11-16,2023,"PA,NJ",PA,NJ,246.3,,115,,Interstate,FERC,CP20-493,,,Construction@2022-10 > Completed@2024-01,2022@2022-10 > 2023@2023-01,246.3@2022-10,,115@2022-10,,"Addition of new gas-fired compressor units at two existing compressor stations along Tennessee’s 300 Line system in Pennsylvania and New Jersey, as well as the construction of one new electric-driven compressor station located along Tennessee’s existing 300 Line system in New Jersey, boosting capacity to Consolidated Edison Company of New York, Inc",,appalachian-se
east cheyenne storage header|merchant energy partners llc,2018-05,2026-08,EIA-NaturalGasPipelineProjectsAug2026.xlsx,Historical Projects (1996-2024),713,28,East Cheyenne Storage Header,Merchant Energy Partners LLC,New Pipeline,Completed,2012-03-30,2012,CO,CO,CO,,3.5,500,"16,24",Interstate,FERC,CP10-34,,,Completed@2018-05,2012@2018-05,,3.5@2018-05,500@2018-05,"24,16@2018-05 > 16,24@2022-01",,3.5,west-ne-ak
east tenn upgrades|east tennessee nat gas co,2018-05,2026-08,EIA-NaturalGasPipelineProjectsAug2026.xlsx,Historical Projects (1996-2024),12,28,East Tenn Upgrades,East Tennessee Nat Gas Co,Expansion,Completed,1996-11-01,1996,"VA,TN",VA,TN,3,6,12,"12,16",Interstate,FERC,na,,,Completed@2018-05,1996@2018-05,3@2018-05,6@2018-05,12@2018-05,"16,12@2018-05 > 12,16@2022-01",,6.0,appalachian-se
eastern market access project|dominion cove point lng pl co,2018-05,2026-08,EIA-NaturalGasPipelineProjectsAug2026.xlsx,Historical Projects (1996-2024),965,28,Eastern Market Access Project,Dominion Cove Point LNG PL Co,Expansion,Completed,2019-08-30,2019,"MD,VA",MD,VA,147.3,,150,,Interstate,FERC,CP17-15,"LDC, Electric",https://www.dominionenergy.com/about-us/natural-gas-projects/eastern-market-access-project,Construction@2018-05 > Completed@2019-10,2018@2018-05 > 2019@2019-01,147.3@2018-05,,294@2018-05 > 150@2019-07,,Increased deliverability for Washington Gas Light Co. and Mattawoman Energy,,appalachian-se
eastern north carolina outer banks|eastern north carolina pl co,2018-05,2026-08,EIA-NaturalGasPipelineProjectsAug2026.xlsx,Historical Projects (1996-2024),367,28,Eastern North Carolina Outer Banks,Eastern North Carolina PL Co,Expansion,Completed,2005-10-01,2005,NC,NC,NC,5,10,30,6,Intrastate,State,na,,,Completed@2018-05,2005@2018-05,5@2018-05,10@2018-05,30@2018-05,6@2018-05,,10.0,appalachian-se
eastern shore 2003 5 expansion phase 1|eastern shore natural gas,2018-05,2026-08,EIA-NaturalGasPipelineProjectsAug2026.xlsx,Historical Projects (1996-2024),300,28,Eastern Shore 2003-5 Expansion Phase 1,Eastern Shore Natural Gas,Expansion,Completed,2003-11-01,2003,"PA,MD,DE",PA,DE,1.23,,3.8,16,Interstate,FERC,CP03-80,,,Completed@2018-05,2003@2018-05,1.23@2018-05,,3.8@2018-05,16@2018-05,,,appalachian-se
eastern shore 2003 5 expansion phase 2|eastern shore natural gas,2018-05,2026-08,EIA-NaturalGasPipelineProjectsAug2026.xlsx,Historical Projects (1996-2024),354,28,Eastern Shore 2003-5 Expansion Phase 2,Eastern Shore Natural Gas,Expansion,Completed,2004-12-14,2004,"PA,MD,DE",PA,DE,2.86,2.7,4.7,16,Interstate,FERC,CP03-80,,,Completed@2018-05,2004@2018-05,2.86@2018-05,2.7@2018-05,4.7@2018-05,16@2018-05,,2.7,appalachian-se
eastern system upgrade project|millennium pipeline,2018-05,2026-08,EIA-NaturalGasPipelineProjectsAug2026.xlsx,Historical Projects (1996-2024),952,28,Eastern System Upgrade Project,Millennium Pipeline,Expansion,Completed,2019-03-19,2019,NY,NY,NY,275,8,223,"30,36",Interstate,FERC,CP16-486,,http://www.millenniumpipeline.com/eastern-system-upgrade/,Construction@2018-05 > Part Completed@2019-05 > Completed@2019-10,2018@2018-05 > 2019@2019-01,275@2018-05,8@2018-05,223@2018-05,"30,36@2018-05",,8.0,west-ne-ak
edgemoor compressor station|dominion carolina gas transmission,2018-05,2026-08,EIA-NaturalGasPipelineProjectsAug2026.xlsx,Historical Projects (1996-2024),811,28,Edgemoor Compressor Station,Dominion Carolina Gas Transmission,Expansion,Completed,2015-12-01,2015,SC,SC,SC,35,,45,,Interstate,FERC,CP14-97,,,Completed@2018-05,2015@2018-05,35@2018-05,,45@2018-05,,,,appalachian-se
eec modification project|elba express co,2018-05,2026-08,EIA-NaturalGasPipelineProjectsAug2026.xlsx,Historical Projects (1996-2024),923,28,EEC Modification Project,Elba Express Co,Expansion,Completed,2018-11-14,2018,GA,GA,GA,114,,769,,Interstate,FERC,CP14-115,,,Construction@2018-05 > Completed@2019-01 > Construction@2019-05 > Completed@2019-07 > Construction@2019-07 > Completed@2019-10 > Construction@2019-10 > Completed@2020-01 > Construction@2020-01 > Completed@2020-03 > Construction@2020-03 > Completed@2021-01 > Construction@2021-01 > Completed@2021-07 > Construction@2021-07 > Completed@2021-10 > Construction@2021-10 > Completed@2022-01 > Construction@2022-01 > Completed@2022-10 > Construction@2022-10 > Completed@2023-01 > Construction@2023-01 > Completed@2023-04 > Construction@2023-04 > Completed@2023-07 > Construction@2023-07 > Completed@2023-10 > Construction@2023-10 > Completed@2024-01 > Construction@2024-01 > Completed@2024-04 > Construction@2024-04 > Completed@2024-07 > Construction@2024-07 > Completed@2024-10 > Construction@2024-10 > Completed@2025-01 > Construction@2025-01 > Completed@2025-04 > Construction@2025-04 > Completed@2025-07 > Construction@2025-10 > Completed@2025-10 > Construction@2026-01 > Completed@2026-01 > Construction@2026-05 > Completed@2026-05 > Construction@2026-08 > Completed@2026-08,2016@2018-05 > 2018@2018-05 > 2016@2018-08 > 2018@2018-08 > 2016@2019-01 > 2018@2019-01 > 2016@2019-05 > 2018@2019-07 > 2016@2019-07 > 2018@2019-10 > 2016@2019-10 > 2018@2020-01 > 2016@2020-01 > 2018@2020-03 > 2016@2020-03 > 2018@2021-01 > 2016@2021-01 > 2018@2021-07 > 2016@2021-07 > 2018@2021-10 > 2016@2021-10 > 2018@2022-01 > 2016@2022-01 > 2018@2022-10 > 2016@2022-10 > 2018@2023-01 > 2016@2023-01 > 2018@2023-04 > 2016@2023-04 > 2018@2023-07 > 2016@2023-07 > 2018@2023-10 > 2016@2023-10 > 2018@2024-01 > 2016@2024-01 > 2018@2024-04 > 2016@2024-04 > 2018@2024-07 > 2016@2024-07 > 2018@2024-10 > 2016@2024-10 > 2018@2025-01 > 2016@2025-01 > 2018@2025-04 > 2016@2025-04 > 2018@2025-07 > 2016@2025-10 > 2018@2025-10 > 2016@2026-01 > 2018@2026-01 > 2016@2026-05 > 2018@2026-05 > 2016@2026-08 > 2018@2026-08,114@2018-05,,769@2018-05,,Elba Island LNG supply,,appalachian-se
el paso copper mine douglas export|el paso natural gas,2018-05,2026-08,EIA-NaturalGasPipelineProjectsAug2026.xlsx,Historical Projects (1996-2024),122,28,El Paso Copper Mine/Douglas Export,El Paso Natural Gas,Expansion,Completed,1999-06-01,1999,"AZ,MX",AZ,MX,0.8,1,78,16,Interstate,FERC,CP98-357/359,,,Completed@2018-05,1999@2018-05,0.8@2018-05,1@2018-05,78@2018-05,16@2018-05,,1.0,west-ne-ak
el paso ductos de nogales project|el paso natural gas,2018-05,2026-08,EIA-NaturalGasPipelineProjectsAug2026.xlsx,Historical Projects (1996-2024),228,28,El Paso Ductos De Nogales Project,El Paso Natural Gas,Lateral,Completed,2002-02-26,2002,"AZ,MX",AZ,MX,0.42,1,8.5,"6,16",Interstate,FERC,CP01-41,,,Completed@2018-05,2002@2018-05,0.42@2018-05,1@2018-05,8.5@2018-05,"16,6@2018-05 > 6,16@2022-01",,1.0,west-ne-ak
el paso havasu crossover|el paso natural gas,2018-05,2026-08,EIA-NaturalGasPipelineProjectsAug2026.xlsx,Historical Projects (1996-2024),30,28,El Paso Havasu Crossover,El Paso Natural Gas,Expansion,Completed,1997-03-30,1997,AZ,AZ,AZ,19.6,,180,30,Interstate,FERC,CP96-321,,,Completed@2018-05,1997@2018-05,19.6@2018-05,,180@2018-05,30@2018-05,,,west-ne-ak
el paso picacho compressor station project|el paso natural gas,2018-05,2026-08,EIA-NaturalGasPipelineProjectsAug2026.xlsx,Historical Projects (1996-2024),563,28,El Paso Picacho Compressor Station Project,El Paso Natural Gas,Expansion,Completed,2008-12-01,2008,AZ,AZ,AZ,23.9,,30,,Interstate,FERC,CP07-448,,,Completed@2018-05,2008@2018-05,23.9@2018-05,,30@2018-05,,,,west-ne-ak
el paso pinnacle west lateral|el paso natural gas,2018-05,2026-08,EIA-NaturalGasPipelineProjectsAug2026.xlsx,Historical Projects (1996-2024),244,28,El Paso Pinnacle West Lateral,El Paso Natural Gas,Lateral,Completed,2002-07-01,2002,AZ,AZ,AZ,5.67,6,620,"20,24,26",Interstate,FERC,CP01-90,,,Completed@2018-05,2002@2018-05,5.67@2018-05,6@2018-05,620@2018-05,"26,24,20@2018-05 > 20,24,26@2022-01",,6.0,west-ne-ak
ellisburg to craigs project|dominion transmission,2018-05,2026-08,EIA-NaturalGasPipelineProjectsAug2026.xlsx,Historical Projects (1996-2024),727,28,Ellisburg to Craigs Project,Dominion Transmission,Abandonment,Completed,2012-10-30,2012,"PA,NY",PA,NY,45.7,7,-150,,Interstate,FERC,CP11-41,,,Completed@2018-05,2012@2018-05,45.7@2018-05,7@2018-05,-150@2018-05,,,7.0,appalachian-se
energy bridge connection line|excelerate energy llc,2018-05,2026-08,EIA-NaturalGasPipelineProjectsAug2026.xlsx,Historical Projects (1996-2024),357,28,Energy Bridge Connection Line,Excelerate Energy LLC,Expansion,Completed,2005-03-21,2005,GM,GM,GM,5,8,690,20,Interstate,MMS,na,,,Completed@2018-05,2005@2018-05,5@2018-05,8@2018-05,690@2018-05,20@2018-05,,8.0,gulf
eqt h 320 pipeline project|equitrans,2021-01,2026-08,EIA-NaturalGasPipelineProjectsAug2026.xlsx,Historical Projects (1996-2024),1152,20,EQT H-320 Pipeline Project,Equitrans,Lateral,Cancelled,,,WV,WV,WV,20.1,5,85,12,Intrastate,FERC,CP18-489,Electric,,Cancelled@2021-01,,20.1@2021-01,5@2021-01,85@2021-01,12@2021-01,FERC denied extension of time in July 2019 as no construction had started; was supposed to supply proposed 580 MW gas fired power plant,5.0,appalachian-se
eqt h 320 pipeline project|equitrans lp,2018-08,2020-03,EIA-NaturalGasPipelineProjects_March2020.xlsx,Historical Projects (1996-2019),985,7,EQT H-320 Pipeline Project,Equitrans LP,Lateral,Cancelled,,,WV,WV,WV,20.1,5,85,12,Intrastate,FERC,CP18-489,Electric,,Applied@2018-08 > Cancelled@2019-10,2020@2018-08 > na@2019-10,20.1@2018-08,5@2018-08,85@2018-08,12@2018-08,FERC denied extension of time in July 2019 as no construction had started; was supposed to supply proposed 580 MW gas fired power plant,5.0,appalachian-se
equitrans expansion project|equitrans,2021-01,2026-08,EIA-NaturalGasPipelineProjectsAug2026.xlsx,Historical Projects (1996-2024),962,20,Equitrans Expansion Project,Equitrans,Expansion,Completed,2019-07-30,2019,"PA,WV",PA,WV,,7.87,600,"6,12,16,20,24",Interstate,FERC,CP16-13,,http://equitransproject.com/,Completed@2021-01,2019@2021-01,,7.87@2021-01,600@2021-01,"6,12,16,20,24@2021-01",Takeaway capacity out of PA to WV; in conjunction with Mountain Valley,7.87,appalachian-se
equitrans expansion project|equitrans lp,2018-05,2020-03,EIA-NaturalGasPipelineProjects_March2020.xlsx,Historical Projects (1996-2019),9,8,Equitrans Expansion Project,Equitrans LP,Expansion,Completed,2019-07-30,2019,"PA,WV",PA,WV,,7.87,600,"6,12,16,20,24",Interstate,FERC,CP16-13,,http://equitransproject.com/,Construction@2018-05 > Completed@2019-10,2018@2018-05 > 2019@2019-01,,7.87@2018-05,600@2018-05,"6,12,16,20,24@2018-05",Takeaway capacity out of PA to WV; in conjunction with Mountain Valley,7.87,appalachian-se
eshore parkesburg expansion|eastern shore parkesburg line,2018-05,2026-08,EIA-NaturalGasPipelineProjectsAug2026.xlsx,Historical Projects (1996-2024),657,28,Eshore Parkesburg Expansion,Eastern Shore Parkesburg Line,Expansion,Completed,2010-10-16,2010,PA,PA,PA,19.4,8,40,16,Interstate,FERC,CP10-76,,,Completed@2018-05,2010@2018-05,19.4@2018-05,8@2018-05,40@2018-05,16@2018-05,,8.0,appalachian-se
et southeast boosier pipeline phase 2|energy transfer co,2018-05,2026-08,EIA-NaturalGasPipelineProjectsAug2026.xlsx,Historical Projects (1996-2024),540,28,ET Southeast Boosier Pipeline Phase 2,Energy Transfer Co,Expansion,Completed,2008-11-01,2008,TX,TX,TX,70,,400,24,Intrastate,State,na,,,Completed@2018-05,2008@2018-05,70@2018-05,,400@2018-05,24@2018-05,,,tx-permian
etenn cnx pressure increase|east tennessee nat gas co,2018-05,2026-08,EIA-NaturalGasPipelineProjectsAug2026.xlsx,Historical Projects (1996-2024),521,28,ETenn CNX Pressure Increase,East Tennessee Nat Gas Co,Expansion,Completed,2008-09-01,2008,"VA,NC",VA,NC,4.8,,90,,Interstate,FERC,CP08-35,,,Completed@2018-05,2008@2018-05,4.8@2018-05,,90@2018-05,,,,appalachian-se
etenn gateway project|east tennessee nat gas co,2018-05,2026-08,EIA-NaturalGasPipelineProjectsAug2026.xlsx,Historical Projects (1996-2024),205,28,ETenn Gateway Project,East Tennessee Nat Gas Co,Expansion,Completed,2001-10-30,2001,VA,VA,VA,2,,4,12,Interstate,FERC,CP01-92,,,Completed@2018-05,2001@2018-05,2@2018-05,,4@2018-05,12@2018-05,,,appalachian-se
etenn piedmont project|east tennessee nat gas co,2018-05,2026-08,EIA-NaturalGasPipelineProjectsAug2026.xlsx,Historical Projects (1996-2024),418,28,ETenn Piedmont Project,East Tennessee Nat Gas Co,Expansion,Completed,2006-12-01,2006,"TN,VA,NC",TN,NC,15.5,13,20,24,Interstate,FERC,CP01-415,,,Completed@2018-05,2006@2018-05,15.5@2018-05,13@2018-05,20@2018-05,24@2018-05,,13.0,appalachian-se
etenn virginia expansion|east tennessee nat gas co,2018-05,2026-08,EIA-NaturalGasPipelineProjectsAug2026.xlsx,Historical Projects (1996-2024),45,28,ETenn Virginia Expansion,East Tennessee Nat Gas Co,Expansion,Completed,1997-11-01,1997,"TN,VA",TN,VA,5.17,6,24,"12,30",Interstate,FERC,CP96-696,,,Completed@2018-05,1997@2018-05,5.17@2018-05,6@2018-05,24@2018-05,"20,12@2018-05 > 12,30@2022-01",,6.0,appalachian-se
ferc docket number|,2018-05,2026-08,EIA-NaturalGasPipelineProjectsAug2026.xlsx,Definitions,16,28,FERC Docket Number,,,,,,,,,,,,,,,,,,,,,,,,,,unassigned
fgt interconnect|dominion south pipeline co,2018-05,2026-08,EIA-NaturalGasPipelineProjectsAug2026.xlsx,Historical Projects (1996-2024),386,28,FGT Interconnect,Dominion South Pipeline Co,Expansion,Completed,2005-12-16,2005,TX,TX,TX,2.26,0.01,200,12,Interstate,FERC,CP05-76,,,Completed@2018-05,2005@2018-05,2.26@2018-05,0.01@2018-05,200@2018-05,12@2018-05,,0.01,tx-permian
fitchburg expansion project|tennessee gas pipeline co,2018-05,2026-08,EIA-NaturalGasPipelineProjectsAug2026.xlsx,Historical Projects (1996-2024),611,28,Fitchburg Expansion Project,Tennessee Gas Pipeline Co,Expansion,Completed,2009-08-28,2009,MA,MA,MA,23,5.15,12.3,12,Interstate,FERC,CP08-63,,,Completed@2018-05,2009@2018-05,23@2018-05,5.15@2018-05,12.3@2018-05,12@2018-05,,5.15,west-ne-ak
fox energy center natural gas lateral project|wisconsin public service,2019-01,2020-03,EIA-NaturalGasPipelineProjects_March2020.xlsx,Historical Projects (1996-2019),66,6,Fox Energy Center Natural Gas Lateral Project,Wisconsin Public Service,Lateral,Completed,2018-10-31,2018,WI,WI,WI,26.5,4.7,,20,Intrastate,PSC (WI),,,,Completed@2019-01,2018@2019-01,26.5@2019-01,4.7@2019-01,,20@2019-01,"Serves Fox Energy Center power plant; 20 in. pipe with MAOP of 1,000 psi.  Designed to give supply flexibility to plant, which is currently served only by ANR at volumes of 25.6 MMcf/d",4.7,midcon-north
fox energy center natural gas lateral project|wisconsin public service corp,2021-01,2026-08,EIA-NaturalGasPipelineProjectsAug2026.xlsx,Historical Projects (1996-2024),916,20,Fox Energy Center Natural Gas Lateral Project,Wisconsin Public Service Corp,Lateral,Completed,2018-10-31,2018,WI,WI,WI,26.5,4.7,,20,Intrastate,PSC (WI),,,,Completed@2021-01,2018@2021-01,26.5@2021-01,4.7@2021-01,,20@2021-01,"Serves Fox Energy Center power plant; 20 in. pipe with MAOP of 1,000 psi.  Designed to give supply flexibility to plant, which is currently served only by ANR at volumes of 25.6 MMcf/d",4.7,midcon-north
franklin to hastings expansion|kinder morgan interstate gas transmissio,2018-05,2020-03,EIA-NaturalGasPipelineProjects_March2020.xlsx,Historical Projects (1996-2019),282,8,Franklin to Hastings Expansion,Kinder Morgan Interstate Gas Transmissio,Expansion,Completed,2011-04-01,2011,NE,NE,NE,,11,,20,Interstate,FERC,CP10-472,,,Completed@2018-05,2011@2018-05,,11@2018-05,,20@2018-05,,11.0,midcon-north
franklin to hastings expansion|kinder morgan interstate gas transmission,2021-01,2026-08,EIA-NaturalGasPipelineProjectsAug2026.xlsx,Historical Projects (1996-2024),683,20,Franklin to Hastings Expansion,Kinder Morgan Interstate Gas Transmission,Expansion,Completed,2011-04-01,2011,NE,NE,NE,,11,,20,Interstate,FERC,CP10-472,,,Completed@2021-01,2011@2021-01,,11@2021-01,,20@2021-01,,11.0,midcon-north
freebird gas storage line|freebird gas storage llc,2018-05,2026-08,EIA-NaturalGasPipelineProjectsAug2026.xlsx,Historical Projects (1996-2024),400,28,Freebird Gas Storage Line,Freebird Gas Storage LLC,Lateral,Completed,2006-06-01,2006,AL,AL,AL,8,4.3,250,16,Interstate,FERC,CP05-29,,,Completed@2018-05,2006@2018-05,8@2018-05,4.3@2018-05,250@2018-05,16@2018-05,,4.3,gulf
gaines county crossover compressor station|northern natural gas,2018-05,2020-03,EIA-NaturalGasPipelineProjects_March2020.xlsx,Historical Projects (1996-2019),108,8,Gaines County Crossover Compressor Station,Northern Natural Gas,Expansion,Completed,2017-06-01,2017,TX,TX,TX,41,,210,,Interstate,FERC,CP15-552,,,Completed@2018-05,2017@2018-05,41@2018-05,,210@2018-05,,,,tx-permian
gaines county crossover compressor station|northern natural gas co,2021-01,2026-08,EIA-NaturalGasPipelineProjectsAug2026.xlsx,Historical Projects (1996-2024),853,20,Gaines County Crossover Compressor Station,Northern Natural Gas Co,Expansion,Completed,2017-06-01,2017,TX,TX,TX,41,,210,,Interstate,FERC,CP15-552,,,Completed@2021-01,2017@2021-01,41@2021-01,,210@2021-01,,,,tx-permian
garden state expansion phase 1|transcontinental gas pipeline,2018-05,2026-08,EIA-NaturalGasPipelineProjectsAug2026.xlsx,Historical Projects (1996-2024),866,28,Garden State Expansion Phase 1,Transcontinental Gas Pipeline,Expansion,Completed,2017-09-09,2017,NJ,NJ,NJ,26.7,,20,,Interstate,FERC,CP15-89,,,Completed@2018-05,2017@2018-05,26.7@2018-05,,20@2018-05,,,,west-ne-ak
garden state expansion phase 2|transcontinental gas pipeline,2018-05,2026-08,EIA-NaturalGasPipelineProjectsAug2026.xlsx,Historical Projects (1996-2024),891,28,Garden State Expansion Phase 2,Transcontinental Gas Pipeline,Expansion,Completed,2018-03-16,2018,NJ,NJ,NJ,116,,120,,Interstate,FERC,CP15-89,,,Completed@2018-05,2018@2018-05,116@2018-05,,120@2018-05,,,,west-ne-ak
giles county project|columbia gas transmission,2018-05,2026-08,EIA-NaturalGasPipelineProjectsAug2026.xlsx,Historical Projects (1996-2024),773,28,Giles County Project,Columbia Gas Transmission,Expansion,Completed,2014-09-24,2014,VA,VA,VA,,13,46,8,Interstate,FERC,CP13-125,,,Completed@2018-05,2014@2018-05,,13@2018-05,46@2018-05,8@2018-05,,13.0,appalachian-se
glt security loop project phase iii|great lakes gas trans ltd,2018-05,2026-08,EIA-NaturalGasPipelineProjectsAug2026.xlsx,Historical Projects (1996-2024),156,28,GLT Security Loop Project Phase III,Great Lakes Gas Trans LTD,Expansion,Completed,2000-10-18,2000,MI,MI,MI,11.1,14,,12,Interstate,FERC,CP98-143,,,Completed@2018-05,2000@2018-05,11.1@2018-05,14@2018-05,,12@2018-05,,14.0,midcon-north
glt security loop project phase i|great lakes gas trans ltd,2018-05,2026-08,EIA-NaturalGasPipelineProjectsAug2026.xlsx,Historical Projects (1996-2024),13,28,GLT Security Loop Project Phase I,Great Lakes Gas Trans LTD,Expansion,Completed,1996-11-01,1996,MI,MI,MI,17.4,13.8,5,36,Interstate,FERC,CP95-375,,,Completed@2018-05,1996@2018-05,17.4@2018-05,13.8@2018-05,5@2018-05,36@2018-05,,13.8,midcon-north
glt st clair looping|great lakes gas trans ltd,2018-05,2026-08,EIA-NaturalGasPipelineProjectsAug2026.xlsx,Historical Projects (1996-2024),24,28,GLT St Clair Looping,Great Lakes Gas Trans LTD,Expansion,Completed,1996-11-08,1996,"MI,ON",MI,ON,3.9,0.2,50,36,Interstate,FERC,CP96-26,,,Completed@2018-05,1996@2018-05,3.9@2018-05,0.2@2018-05,50@2018-05,36@2018-05,,0.2,midcon-north
grasslands south expansion project|wbi energy transmission,2023-01,2026-08,EIA-NaturalGasPipelineProjectsAug2026.xlsx,Historical Projects (1996-2024),1098,15,Grasslands South Expansion Project,WBI Energy Transmission,Lateral,Completed,2023-12-21,2023,"ND, MT, WY",ND,WY,30.7,15.3,94,12,Interstate,FERC,CP23-35,,,Applied@2023-01 > Completed@2024-01,2023@2023-01,30.7@2023-01,15.3@2023-01,94@2023-01,12@2023-01,"Will provide ncremental firm natural gas transportation capacity from a new receipt station at the existing ONEOK Bear Creek Plant in Dunn County, North Dakota (in Bakken Shale) to a new interconnect with Big Horn Gas in Sheridan County, Wyoming.",15.3,midcon-north
greenspring expansion project|eastern shore natural gas,2018-05,2026-08,EIA-NaturalGasPipelineProjectsAug2026.xlsx,Historical Projects (1996-2024),759,28,Greenspring Expansion Project,Eastern Shore Natural Gas,Expansion,Completed,2013-11-01,2013,DE,DE,DE,16.283,11,15,16,Interstate,FERC,CP12-461,,,Completed@2018-05,2013@2018-05,16.283@2018-05,11@2018-05,15@2018-05,16@2018-05,,11.0,appalachian-se
greyhawk north lateral phase i|wycoff gas storage co,2018-05,2026-08,EIA-NaturalGasPipelineProjectsAug2026.xlsx,Historical Projects (1996-2024),609,28,Greyhawk North Lateral Phase I,Wycoff Gas Storage Co,Lateral,Completed,2009-08-10,2009,NY,NY,NY,4.6,3.7,400,16,Interstate,FERC,CP03-33,,,Completed@2018-05,2009@2018-05,4.6@2018-05,3.7@2018-05,400@2018-05,16@2018-05,,3.7,west-ne-ak
gs five flags interconnect|gulf south pipeline,2018-05,2026-08,EIA-NaturalGasPipelineProjectsAug2026.xlsx,Historical Projects (1996-2024),107,28,GS Five Flags Interconnect,Gulf South Pipeline,Expansion,Completed,1998-11-25,1998,"AL,FL",AL,FL,0.6,5,25,10,Interstate,FERC,CP98-606,,,Completed@2018-05,1998@2018-05,0.6@2018-05,5@2018-05,25@2018-05,10@2018-05,,5.0,gulf
gulf lng pipeline|gulf lng pipeline llc,2018-05,2026-08,EIA-NaturalGasPipelineProjectsAug2026.xlsx,Historical Projects (1996-2024),698,28,Gulf LNG Pipeline,Gulf LNG Pipeline LLC,New Pipeline,Completed,2011-09-22,2011,MS,MS,MS,10,5.02,1500,36,Interstate,FERC,CP06-12/13/14,,,Completed@2018-05,2011@2018-05,10@2018-05,5.02@2018-05,1500@2018-05,36@2018-05,,5.02,gulf
gulf markets expansion phase 1 bi directional|texas eastern transmission,2018-05,2026-08,EIA-NaturalGasPipelineProjectsAug2026.xlsx,Historical Projects (1996-2024),830,28,Gulf Markets Expansion Phase 1 (bi-directional),Texas Eastern Transmission,Reversal,Completed,2016-10-04,2016,"PA,WV,OH,KY,TN,AL,MS,LA",PA,LA,149.1,,250,,Interstate,FERC,CP15-90,,,Completed@2018-05,2016@2018-05,149.1@2018-05,,250@2018-05,,,,appalachian-se
gulf markets expansion phase 2 bi directional|texas eastern transmission,2018-05,2026-08,EIA-NaturalGasPipelineProjectsAug2026.xlsx,Historical Projects (1996-2024),861,28,Gulf Markets Expansion Phase 2 (bi-directional),Texas Eastern Transmission,Reversal,Completed,2017-08-01,2017,"PA,WV,OH,KY,TN,AL,MS,LA",PA,LA,26.5,,400,,Interstate,FERC,CP15-90,,,Completed@2018-05,2017@2018-05,26.5@2018-05,,400@2018-05,,,,appalachian-se
gulf trace expansion project|transcontinental gas pipeline,2018-05,2026-08,EIA-NaturalGasPipelineProjectsAug2026.xlsx,Historical Projects (1996-2024),842,28,Gulf Trace Expansion Project,Transcontinental Gas Pipeline,Lateral,Completed,2017-01-01,2017,"MS,LA",MS,LA,278,7,1200,36,Interstate,FERC,CP15-29,,,Completed@2018-05,2017@2018-05,278@2018-05,7@2018-05,1200@2018-05,36@2018-05,Connect Transco to LNG demand in Texas,7.0,gulf
gulfstream martin connector|gulfstream natural gas system,2018-05,2026-08,EIA-NaturalGasPipelineProjectsAug2026.xlsx,Historical Projects (1996-2024),351,28,Gulfstream Martin Connector,Gulfstream Natural Gas System,Expansion,Completed,2004-12-01,2004,FL,FL,FL,13.6,5,350,30,Interstate,FERC,CP04-09,,,Completed@2018-05,2004@2018-05,13.6@2018-05,5@2018-05,350@2018-05,30@2018-05,,5.0,gulf
gulfstream phase vi expansion project|gulfstream natural gas system llc,2019-07,2026-08,EIA-NaturalGasPipelineProjectsAug2026.xlsx,Historical Projects (1996-2024),1062,24,Gulfstream Phase VI Expansion Project,Gulfstream Natural Gas System LLC,Expansion,Completed,2022-07-12,2022,"AL,FL",AL,FL,154.6,4,78,36,Interstate,FERC,CP19-475,Electric,,Applied@2019-07 > Approved@2021-01 > Construction@2021-07 > Completed@2022-10,2022@2019-07,154.6@2019-07,4@2019-07,78@2019-07,36@2019-07,Increase operating pressure on Gulfstream pipeline to serve Tampa Electric Company's Big Bend power plant,4.0,gulf
hancock compressor project|millennium pipeline,2018-05,2026-08,EIA-NaturalGasPipelineProjectsAug2026.xlsx,Historical Projects (1996-2024),765,28,Hancock compressor project,Millennium Pipeline,Expansion,Completed,2014-03-31,2014,NY,NY,NY,49,,107.5,,Interstate,FERC,CP13-14,,,Completed@2018-05,2014@2018-05,49@2018-05,,107.5@2018-05,,,,west-ne-ak
hi fields lateral|southeast supply header llc,2018-05,2026-08,EIA-NaturalGasPipelineProjectsAug2026.xlsx,Historical Projects (1996-2024),581,28,Hi Fields Lateral,Southeast Supply Header LLC,Lateral,Completed,2009-01-11,2009,"AL,MS",AL,MS,22.5,11,175,16,Interstate,FERC,CP07-44,,,Completed@2018-05,2009@2018-05,22.5@2018-05,11@2018-05,175@2018-05,16@2018-05,,11.0,gulf
high plains 2013 expansion project|colorado interstate gas co,2018-05,2026-08,EIA-NaturalGasPipelineProjectsAug2026.xlsx,Historical Projects (1996-2024),764,28,High Plains 2013 Expansion Project,Colorado Interstate Gas Co,Lateral,Completed,2014-03-11,2014,CO,CO,CO,25,7.75,225,24,Interstate,FERC,CP12-496,,,Completed@2018-05,2014@2018-05,25@2018-05,7.75@2018-05,225@2018-05,24@2018-05,,7.75,west-ne-ak
high plains kiowa lateral expanson project|colorado interstate gas co,2019-05,2026-08,EIA-NaturalGasPipelineProjectsAug2026.xlsx,Historical Projects (1996-2024),961,25,High Plains Kiowa Lateral Expanson Project,Colorado Interstate Gas Co,Expansion,Completed,2019-07-22,2019,CO,CO,CO,26.6,10,410,24,Interstate,FERC,CP19-56,,,Applied@2019-05 > Construction@2019-07 > Completed@2019-10,2019@2019-05,26.6@2019-05,10@2019-05,410@2019-05,24@2019-05,"Deliver natural gas from processing plant in Denver-Julesburg Basin to CIG hub in Weld, CO",10.0,west-ne-ak
holbrook expansion project|cameron interstate pipeline,2023-10,2026-08,EIA-NaturalGasPipelineProjectsAug2026.xlsx,Natural Gas Pipeline Projects,64,12,Holbrook Expansion Project,Cameron Interstate Pipeline,Expansion,Approved,,2027,LA,LA,LA,90,0,1079,,Interstate,FERC,,LNG,Project website,Applied@2023-10 > Approved@2024-10,2027@2023-10,90@2024-10,0@2025-10,1000@2023-10 > 1079@2024-10,,"Compressor-only expansion at the existing Holbrook Compressor Station (Calcasieu Parish, LA) on the Cameron Interstate Pipeline. Adds one 42,000-HP gas-fired turbine unit in a new building, one new 5,350-HP unit at the existing northern compressor building, and a ~1,100-foot, 36-inch header tying into the existing CIP mainline. Provides up to 1,079,000 Dth/d of incremental firm transportation, primarily as feed gas to the Cameron LNG terminal. FERC EA issued April 2024; certificate authorized; construction scheduled to start 2026.",0.0,gulf
horseshoe lake lateral a 334|mississippi river transmission,2018-05,2026-08,EIA-NaturalGasPipelineProjectsAug2026.xlsx,Historical Projects (1996-2024),359,28,Horseshoe Lake Lateral (A-334),Mississippi River Transmission,Lateral,Completed,2005-05-01,2005,IL,IL,IL,18.02,3.6,134,20,Interstate,FERC,CP04-346,,,Completed@2018-05,2005@2018-05,18.02@2018-05,3.6@2018-05,134@2018-05,20@2018-05,,3.6,midcon-north
hot spring lateral project|texas eastern transmission,2018-05,2026-08,EIA-NaturalGasPipelineProjectsAug2026.xlsx,Historical Projects (1996-2024),691,28,Hot Spring Lateral Project,Texas Eastern Transmission,Lateral,Completed,2011-06-15,2011,"TX,AR",TX,AR,38.124,8.4,112,16,Interstate,FERC,CP10-471,,,Completed@2018-05,2011@2018-05,38.124@2018-05,8.4@2018-05,112@2018-05,16@2018-05,,8.4,tx-permian
huntingdon connector|northwest pipeline llc,2026-08,2026-08,EIA-NaturalGasPipelineProjectsAug2026.xlsx,Natural Gas Pipeline Projects,66,1,Huntingdon Connector,"Northwest Pipeline, LLC",Expansion,Applied,,2026,WA,WA,WA,26.5,0,87,,Intrastate,FERC,,,Williams Presentation,Applied@2026-08,2026@2026-08,26.5@2026-08,0@2026-08,87@2026-08,,"Expansion of Williams' Northwest Pipeline increasing capacity from the Sumas, WA receipt point to delivery points along the system in Washington by upgrading 4 existing compressor stations. Q4 2026 in-service target pending regulatory approval.  Supportive EA issued 5/1/26.",0.0,west-ne-ak
huntingdon connector|williams,2025-10,2026-05,EIA-NaturalGasPipelineProjects_May2026.xlsx,Natural Gas Pipeline Projects,64,3,Huntingdon Connector,Williams,Expansion,Construction,,2026,WA,WA,WA,,0,87,,Intrastate,,,,Williams Presentation,Construction@2025-10,2026@2025-10,,0@2025-10,87@2025-10,,"Expansion of Williams' Northwest Pipeline increasing capacity from the Sumas, WA receipt point to delivery points along the system in Washington. Northwest Pipeline plans a prior-notice application with FERC in 2026; Q4 2026 in-service target pending regulatory approval.",0.0,west-ne-ak
intrastate pl link i|tennessee gas pipeline co,2018-05,2026-08,EIA-NaturalGasPipelineProjectsAug2026.xlsx,Historical Projects (1996-2024),88,28,Intrastate PL Link I,Tennessee Gas Pipeline Co,Expansion,Completed,1998-11-01,1998,TN,TN,TN,6,10,10,8,Intrastate,State,na,,,Completed@2018-05,1998@2018-05,6@2018-05,10@2018-05,10@2018-05,8@2018-05,,10.0,appalachian-se
iroquois 08 09 expansion phase 2|iroquois pipeline co,2018-05,2026-08,EIA-NaturalGasPipelineProjectsAug2026.xlsx,Historical Projects (1996-2024),582,28,Iroquois 08/09 Expansion Phase 2,Iroquois Pipeline Co,Expansion,Completed,2009-01-14,2009,CT,CT,CT,41.7,,80,,Interstate,FERC,CP07-457,,,Completed@2018-05,2009@2018-05,41.7@2018-05,,80@2018-05,,,,west-ne-ak
isp solution gas imports|interenergy sheffield process,2018-05,2026-08,EIA-NaturalGasPipelineProjectsAug2026.xlsx,Historical Projects (1996-2024),46,28,"ISP ""Solution"" Gas Imports",Interenergy Sheffield Process,Expansion,Completed,1997-11-01,1997,"SK,ND",SK,ND,1.3,1.2,3.3,8,Interstate,FERC,CP96-684,,,Completed@2018-05,1997@2018-05,1.3@2018-05,1.2@2018-05,3.3@2018-05,8@2018-05,,1.2,midcon-north
jl 47 loop project|questar pipeline,2018-05,2026-08,EIA-NaturalGasPipelineProjectsAug2026.xlsx,Historical Projects (1996-2024),753,28,JL 47 Loop Project,Questar Pipeline,Expansion,Completed,2013-09-05,2013,UT,UT,UT,14.8,14.7,62,16,Interstate,FERC,CP13-19,,,Completed@2018-05,2013@2018-05,14.8@2018-05,14.7@2018-05,62@2018-05,16@2018-05,,14.7,west-ne-ak
joint pipeline expansion sesh project|southeast supply header llc,2018-05,2026-08,EIA-NaturalGasPipelineProjectsAug2026.xlsx,Historical Projects (1996-2024),689,28,Joint Pipeline Expansion (SESH) Project,Southeast Supply Header LLC,Expansion,Completed,2011-06-01,2011,"LA,MS",LA,MS,69,,360,"42,36",Interstate,FERC,CP09-40,,,Completed@2018-05,2011@2018-05,69@2018-05,,360@2018-05,"42,36@2018-05",,,gulf
joliet xpress project|anr pipeline,2018-08,2026-08,EIA-NaturalGasPipelineProjectsAug2026.xlsx,Historical Projects (1996-2024),1154,27,Joliet XPress Project,ANR Pipeline,Expansion,Cancelled,,,"MB,MN,WI,MI,ON,IN,IL",MB,IL,,,2200,,Interstate,FERC,,,,On Hold@2018-08 > Cancelled@2019-10,na@2019-10,,,2200@2018-08,,UNSUCCESSFUL open season 5/16/18; segment 1 from Empress to new Emerson-3 on Transcanada; segment 2 can deliver to either St. Clair (MI-ON) or Joliet hub in IL,,midcon-north
jones island landfill gas project|milwaukee metropolitan sewerage,2018-05,2026-08,EIA-NaturalGasPipelineProjectsAug2026.xlsx,Historical Projects (1996-2024),712,28,Jones Island Landfill Gas Project,Milwaukee Metropolitan Sewerage,New Pipeline,Completed,2012-02-24,2012,WI,WI,WI,22,13.7,,,Intrastate,State,na,,,Completed@2018-05,2012@2018-05,22@2018-05,13.7@2018-05,,,,13.7,midcon-north
kb pipeline expansion|kb pipeline co,2018-05,2026-08,EIA-NaturalGasPipelineProjectsAug2026.xlsx,Historical Projects (1996-2024),445,28,KB Pipeline Expansion,KB Pipeline Co,Lateral,Completed,2007-05-01,2007,OR,OR,OR,0.5,0.1,,20,Interstate,FERC,CP01-421,,,Completed@2018-05,2007@2018-05,0.5@2018-05,0.1@2018-05,,20@2018-05,,0.1,west-ne-ak
keys energy project|dominion cove point lng pl co,2018-05,2026-08,EIA-NaturalGasPipelineProjectsAug2026.xlsx,Historical Projects (1996-2024),848,28,Keys Energy Project,Dominion Cove Point LNG PL Co,Expansion,Completed,2017-03-21,2017,"VA,MD",VA,MD,37,,107,,Interstate,FERC,CP15-24,,,Completed@2018-05,2017@2018-05,37@2018-05,,107@2018-05,,,,appalachian-se
kia motor lateral|city of lagrange,2018-05,2026-08,EIA-NaturalGasPipelineProjectsAug2026.xlsx,Historical Projects (1996-2024),614,28,Kia Motor Lateral,City of LaGrange,Lateral,Completed,2009-09-01,2009,GA,GA,GA,5.5,12.5,14,,Intrastate,State,na,,,Completed@2018-05,2009@2018-05,5.5@2018-05,12.5@2018-05,14@2018-05,,,12.5,appalachian-se
kings ranch argulles border cross|coral energy corp,2018-05,2026-08,EIA-NaturalGasPipelineProjectsAug2026.xlsx,Historical Projects (1996-2024),158,28,Kings Ranch/Argulles Border Cross,Coral Energy Corp,Expansion,Completed,2000-10-23,2000,"TX,MX",TX,MX,0.2,0.3,300,24,Interstate,FERC,CP99-564,,,Completed@2018-05,2000@2018-05,0.2@2018-05,0.3@2018-05,300@2018-05,24@2018-05,,0.3,tx-permian
km border pipeline expansion|kinder morgan border pipeline llc,2018-05,2026-08,EIA-NaturalGasPipelineProjectsAug2026.xlsx,Historical Projects (1996-2024),886,28,KM Border Pipeline Expansion,Kinder Morgan Border Pipeline LLC,Expansion,Completed,2018-02-20,2018,"TX,MX",TX,MX,,0.26,150,24,Interstate,FERC,CP17-474,,,Approved@2018-05 > Completed@2018-08,2018@2018-08,,0.26@2018-05,150@2018-05,24@2018-05,This connection feeds KM Mier Monterrey Pipeline,0.26,tx-permian
km chicago pipeline|kinder morgan illinois pl co,2018-05,2026-08,EIA-NaturalGasPipelineProjectsAug2026.xlsx,Historical Projects (1996-2024),479,28,KM Chicago Pipeline,Kinder Morgan Illinois PL Co,New Pipeline,Completed,2007-12-20,2007,IL,IL,IL,13.3,3.1,360,24,Interstate,FERC,CP06-455,,,Completed@2018-05,2007@2018-05,13.3@2018-05,3.1@2018-05,360@2018-05,24@2018-05,,3.1,midcon-north
km huntsman expansion|km interstate pipeline co,2018-05,2026-08,EIA-NaturalGasPipelineProjectsAug2026.xlsx,Historical Projects (1996-2024),328,28,KM Huntsman Expansion,KM Interstate Pipeline Co,Expansion,Completed,2004-06-01,2004,"CO,NE",CO,NE,26.9,,62,"8,12",Interstate,FERC,CP03-39,,,Completed@2018-05,2004@2018-05,26.9@2018-05,,62@2018-05,"12,8@2018-05 > 8,12@2022-01",,,west-ne-ak
km midcon roma export station|kinder morgan texas pipeline,2018-05,2026-08,EIA-NaturalGasPipelineProjectsAug2026.xlsx,Historical Projects (1996-2024),279,28,KM Midcon Roma Export Station,Kinder Morgan Texas Pipeline,Expansion,Completed,2003-03-20,2003,"TX,MX",TX,MX,0.5,0.2,375,30,Interstate,FERC,CP96-583,,,Completed@2018-05,2003@2018-05,0.5@2018-05,0.2@2018-05,375@2018-05,30@2018-05,,0.2,tx-permian
km midcon texas pipeline expansion|kinder morgan texas pipeline,2018-05,2026-08,EIA-NaturalGasPipelineProjectsAug2026.xlsx,Historical Projects (1996-2024),280,28,KM Midcon Texas Pipeline Expansion,Kinder Morgan Texas Pipeline,New Pipeline,Completed,2003-03-20,2003,TX,TX,TX,32,8.9,375,30,Interstate,FERC,CP96-140,,,Completed@2018-05,2003@2018-05,32@2018-05,8.9@2018-05,375@2018-05,30@2018-05,,8.9,tx-permian
km rex processing plant lateral|kinder morgan energy partners,2021-01,2026-08,EIA-NaturalGasPipelineProjectsAug2026.xlsx,Historical Projects (1996-2024),466,20,KM REX Processing Plant Lateral,Kinder Morgan Energy Partners,Lateral,Completed,2007-11-15,2007,WY,WY,WY,15.2,2.6,150,16,Interstate,FERC,CP07-383,,,Completed@2021-01,2007@2021-01,15.2@2021-01,2.6@2021-01,150@2021-01,16@2021-01,,2.6,west-ne-ak
km rex processing plant lateral|kinder morgan inc,2018-05,2020-03,EIA-NaturalGasPipelineProjects_March2020.xlsx,Historical Projects (1996-2019),514,8,KM REX Processing Plant Lateral,Kinder Morgan Inc,Lateral,Completed,2007-11-15,2007,WY,WY,WY,15.2,2.6,150,16,Interstate,FERC,CP07-383,,,Completed@2018-05,2007@2018-05,15.2@2018-05,2.6@2018-05,150@2018-05,16@2018-05,,2.6,west-ne-ak
kr kramer junction interconnect|kern river gas transmission,2018-05,2026-08,EIA-NaturalGasPipelineProjectsAug2026.xlsx,Historical Projects (1996-2024),230,28,KR Kramer Junction Interconnect,Kern River Gas Transmission,Expansion,Completed,2002-04-01,2002,CA,CA,CA,2.1,,500,20,Interstate,FERC,CP02-15,,,Completed@2018-05,2002@2018-05,2.1@2018-05,,500@2018-05,20@2018-05,,,west-ne-ak
kr mainline 2002 system expansion|kern river gas transmission,2018-05,2026-08,EIA-NaturalGasPipelineProjectsAug2026.xlsx,Historical Projects (1996-2024),245,28,KR Mainline 2002 System Expansion,Kern River Gas Transmission,Expansion,Completed,2002-07-01,2002,"WY,UT,NV,CA",WY,CA,80,,,36,Interstate,FERC,CP01-31,,,Completed@2018-05,2002@2018-05,80@2018-05,,,36@2018-05,,,west-ne-ak
kr moapa lateral|kern river gas transmission,2018-05,2026-08,EIA-NaturalGasPipelineProjectsAug2026.xlsx,Historical Projects (1996-2024),258,28,KR Moapa Lateral,Kern River Gas Transmission,Lateral,Completed,2002-11-01,2002,NV,NV,NV,3.8,3.54,219,16,Interstate,FERC,CP01-380,,,Completed@2018-05,2002@2018-05,3.8@2018-05,3.54@2018-05,219@2018-05,16@2018-05,,3.54,west-ne-ak
l 722 replacement project|columbia gas,2022-01,2026-08,EIA-NaturalGasPipelineProjectsAug2026.xlsx,Historical Projects (1996-2024),1072,17,L-722 Replacement Project,Columbia Gas,Upgrade,Completed,2022-11-17,2022,OH,OH,OH,2.15,0.0128788,0,"2,4",Interstate,FERC,CP22-32,,,Applied@2022-01 > Completed@2023-01,2022@2022-01,2.15@2022-01,0.0128788@2022-01,0@2022-01,"2,4@2022-01",Abandon in place aging L-722 pipeline and replace a segment of L-722 that was vulnerable,0.0128788,appalachian-se
lakeshore capacity improvement project pcip|wisconsin electric gas operations wego,2018-08,2026-08,EIA-NaturalGasPipelineProjectsAug2026.xlsx,Historical Projects (1996-2024),1000,27,Lakeshore Capacity Improvement Project (PCIP),Wisconsin Electric Gas Operations (WEGO),Lateral,Completed,2020-08-21,2020,WI,WI,WI,31,8.8,,24,Intrastate,PSC (WI),,LDC,https://psc.wi.gov/Pages/MajorCases/LakeshoreCapacityProject.aspx,Applied@2018-08 > Approved@2019-05 > Construction@2019-10 > Requested in Service@2021-01 > Completed@2021-07,2020@2018-08,29.7@2018-08 > 31@2021-01,8.8@2018-08,,24@2018-08,"Together with LLC, will supply natural gas to southeastern WI customers.  Currently using regasified LNG stored at nearby powerplant",8.8,midcon-north
lambertville east expansion project|texas eastern transmission,2018-05,2026-08,EIA-NaturalGasPipelineProjectsAug2026.xlsx,Historical Projects (1996-2024),973,28,Lambertville East Expansion Project,Texas Eastern Transmission,Expansion,Completed,2019-11-07,2019,NJ,NJ,NJ,,,60,,Interstate,FERC,CP18-26,LDC,,Applied@2018-05 > Approved@2019-01 > Construction@2019-07 > Completed@2020-01,2019@2018-05,,,60@2018-05,,,,west-ne-ak
lebanon extension project|texas eastern transmission,2018-05,2026-08,EIA-NaturalGasPipelineProjectsAug2026.xlsx,Historical Projects (1996-2024),860,28,Lebanon Extension Project,Texas Eastern Transmission,Reversal,Completed,2017-07-26,2017,"PA,OH",PA,OH,,,180,,Interstate,FERC,CP16-3,,,Completed@2018-05,2017@2018-05,,,180@2018-05,,,,appalachian-se
lebanon lateral 2017|anr pipeline,2018-05,2026-08,EIA-NaturalGasPipelineProjectsAug2026.xlsx,Historical Projects (1996-2024),1156,28,Lebanon lateral 2017,ANR Pipeline,Reversal,Cancelled,,,OH,OH,OH,,,,,Interstate,FERC,na,,,Cancelled@2018-05,na@2018-05,,,,,,,appalachian-se
lebanon lateral project|anr pipeline,2018-05,2026-08,EIA-NaturalGasPipelineProjectsAug2026.xlsx,Historical Projects (1996-2024),793,28,Lebanon lateral project,ANR Pipeline,Reversal,Completed,2015-05-01,2015,OH,OH,OH,156,,290,,Interstate,na,na,,,Completed@2018-05,2015@2018-05,156@2018-05,,290@2018-05,,,,appalachian-se
lebanon west ii|dominion transmission,2018-05,2026-08,EIA-NaturalGasPipelineProjectsAug2026.xlsx,Historical Projects (1996-2024),834,28,Lebanon West II,Dominion Transmission,Expansion,Completed,2016-11-01,2016,"PA,OH",PA,OH,111.8,,130,,Interstate,FERC,CP14-555,,,Completed@2018-05,2016@2018-05,111.8@2018-05,,130@2018-05,,,,appalachian-se
leidy north project|dominion energy transmission co,2021-01,2026-08,EIA-NaturalGasPipelineProjectsAug2026.xlsx,Historical Projects (1996-2024),999,20,Leidy North Project,Dominion Energy Transmission Co,Expansion,Completed,2020-08-18,2020,"PA,NY",PA,NY,0,,10,,Interstate,FERC,CP20-480,,,Approved@2021-01 > Completed@2023-01,2020@2021-01 > 2021@2021-07 > 2022@2022-01 > 2020@2023-01,0@2023-01,,10@2021-01,,Blanket certificate; uses existing horsepower to increase deliverability into Iroquois system,,appalachian-se
line 31 expansion project|enbridge texas eastern,2026-05,2026-08,EIA-NaturalGasPipelineProjectsAug2026.xlsx,Natural Gas Pipeline Projects,72,2,Line 31 Expansion Project,Enbridge (Texas Eastern),Expansion,Applied,,2028,MS,MS,MS,131,11.8,125,36,Interstate,FERC,,Electric,Project website,Applied@2026-05,2028@2026-05,131@2026-05,11.8@2026-05,125@2026-05,36@2026-05,"10.2-mile 36-inch Line 31 loop parallel to existing Lines 14/18 plus a 1.6-mile 16-inch Line 14-P Lateral to Entergy Mississippi's planned Traceview Advanced Power Station, with a new Ridgeland Compressor Station (3 × 1,500 HP gas-driven units) and meter/regulator station — all in Madison County, MS. Adds 125,000 Dth/d of firm capacity. Application filed 1/23/2026 (CP26-75); total cost $131M. Construction planned 8/2027; target in-service 9/2028.",11.8,gulf
line 57c lateral|pacific gas and electric co,2018-05,2026-08,EIA-NaturalGasPipelineProjectsAug2026.xlsx,Historical Projects (1996-2024),459,28,Line 57C Lateral,Pacific Gas and Electric Co,Lateral,Completed,2007-11-01,2007,CA,CA,CA,30,6.4,100,24,Intrastate,State,na,,,Completed@2018-05,2007@2018-05,30@2018-05,6.4@2018-05,100@2018-05,24@2018-05,,6.4,west-ne-ak
line knys uprate project|national fuel gas supply corp,2018-08,2026-08,EIA-NaturalGasPipelineProjectsAug2026.xlsx,Historical Projects (1996-2024),980,27,Line KNYS Uprate Project,National Fuel Gas Supply Corp,Expansion,Completed,2019-12-12,2019,"PA,NY",PA,NY,3.06,,15,,Interstate,FERC,CP18-491,,,Applied@2018-08 > Completed@2020-01,2019@2018-08,3.06@2018-08,,15@2018-08,,Increase deliverability to NY and PA counties,,appalachian-se
line n 2012 expansion|national fuel gas supply corp,2018-05,2026-08,EIA-NaturalGasPipelineProjectsAug2026.xlsx,Historical Projects (1996-2024),728,28,Line N 2012 Expansion,National Fuel Gas Supply Corp,Expansion,Completed,2012-10-31,2012,PA,PA,PA,35.823,4.85,150,24,Interstate,FERC,CP11-512,,,Completed@2018-05,2012@2018-05,35.823@2018-05,4.85@2018-05,150@2018-05,24@2018-05,,4.85,appalachian-se
line n to monaca project|national fuel gas supply corp,2018-08,2026-08,EIA-NaturalGasPipelineProjectsAug2026.xlsx,Historical Projects (1996-2024),974,27,Line N to Monaca Project,National Fuel Gas Supply Corp,Lateral,Completed,2019-11-12,2019,PA,PA,PA,20.2,4.5,133,12,Intrastate,FERC,CP18-135,Industrial,,Approved@2018-08 > Construction@2019-10 > Completed@2020-01,2019@2018-08,20.2@2018-08,4.5@2018-08,133@2018-08,12@2018-08,"Delivery point to Shell Petrochemicals Complex in Potter Township, PA",4.5,appalachian-se
line section 22 project|wbi energy transmission,2019-07,2026-08,EIA-NaturalGasPipelineProjectsAug2026.xlsx,Historical Projects (1996-2024),1035,24,Line Section 22 Project,WBI Energy Transmission,Expansion,Completed,2021-08-31,2021,MT,MT,MT,11.6,9.5,22.5,,Interstate,FERC,CP19-105,LDC,,Construction@2019-07 > Completed@2022-01,2019@2019-07 > 2020@2020-01 > 2021@2021-01,11.6@2021-01,9.5@2019-07,22.5@2019-07,,"Incremental capacity on WBI system on Line 22 between Elk Basin and Billings, MT",9.5,west-ne-ak
line sm 116 forced relocation project|tc energy,2021-07,2026-08,EIA-NaturalGasPipelineProjectsAug2026.xlsx,Historical Projects (1996-2024),1033,19,Line SM-116 Forced Relocation Project,TC Energy,Upgrade,Completed,2021-08-26,2021,WV,WV,WV,23.2,0.81,,20,Intrastate,FERC,CP20-28,,,Approved@2021-07 > Completed@2022-01,2021@2021-07,23.2@2021-07,0.81@2021-07,,20@2021-07,Relocate portion of existing line due to Central Appalachia Mining’s area surface and highwall mining at the Millseat Surface Mine,0.81,appalachian-se
line z20 modernization project|national fuel gas supply corp,2023-04,2026-08,EIA-NaturalGasPipelineProjectsAug2026.xlsx,Historical Projects (1996-2024),1091,14,Line Z20 Modernization Project,National Fuel Gas Supply Corp,Upgrade,Completed,2023-10-06,2023,PA,PA,PA,33.4,11.55,15,20,Interstate,FERC,CP23-17,,Final weekly environmental status report,Applied@2023-04 > Completed@2024-01,2023@2023-04,33.4@2023-04,11.55@2023-04,15@2023-04,20@2023-04,"Abandon portion of existing 12 inch LineZ20 pipe in Potter County, PA and replace with 20 inch pipe, increasing capacity",11.55,appalachian-se
lockridge to waha project|nat gas p l co of america,2018-08,2019-01,EIA-NaturalGasPipelineProjects_Jan2019.xlsx,Natural Gas Pipeline Projects,86,2,Lockridge to Waha Project,Nat Gas P L Co of America,Expansion,Announced,,2019,TX,TX,TX,,,500,,Intrastate,,,,,Announced@2018-08,2019@2018-08,,,500@2018-08,,Bring additional Permian production to Waha hub,,tx-permian
lodi kirby hills lateral|lodi storage inc,2018-05,2026-08,EIA-NaturalGasPipelineProjectsAug2026.xlsx,Historical Projects (1996-2024),410,28,Lodi (Kirby Hills) Lateral,Lodi Storage Inc,Lateral,Completed,2006-11-01,2006,CA,CA,CA,11,6,50,24,Intrastate,State,na,,,Completed@2018-05,2006@2018-05,11@2018-05,6@2018-05,50@2018-05,24@2018-05,,6.0,west-ne-ak
lone star expansion|tennessee gas pipeline co,2018-05,2026-08,EIA-NaturalGasPipelineProjectsAug2026.xlsx,Historical Projects (1996-2024),927,28,Lone Star Expansion,Tennessee Gas Pipeline Co,Expansion,Completed,2018-11-28,2018,"MS,LA,TX",MS,TX,132,,300,,Interstate,FERC,CP16-496,,,Approved@2018-05 > Construction@2018-08 > Completed@2019-01,2019@2018-05 > 2018@2019-05,123@2018-05 > 132@2018-08,,300@2018-05,,Agreement to feed Corpus Christi LNG,,gulf
long ridge lateral|equitrans midstream corporation,2019-10,2022-10,EIA-NaturalGasPipelineProjects_Oct2022.xlsx,Natural Gas Pipeline Projects,65,8,Long Ridge Lateral,Equitrans Midstream Corporation,Lateral,Applied,,2022,OH,OH,OH,130,1.8869318181818182,,12,Intrastate,OPSB,,Electric,,Applied@2019-10,2021@2019-10 > 2022@2022-01,130@2019-10,1.8869318181818182@2019-10,,12@2019-10,"Deliver natural gas to Long Ridge Energy Generation LLC (transmission line off of existing gathering system) in Monroe County, OH",1.8869318181818184,appalachian-se
loudon expansion project|east tennessee nat gas co,2018-05,2026-08,EIA-NaturalGasPipelineProjectsAug2026.xlsx,Historical Projects (1996-2024),824,28,Loudon Expansion Project,East Tennessee Nat Gas Co,Expansion,Completed,2016-09-01,2016,TN,TN,TN,53,10,40,12,Interstate,FERC,CP15-91,,,Completed@2018-05,2016@2018-05,53@2018-05,10@2018-05,40@2018-05,12@2018-05,,10.0,appalachian-se
lucerne pipeline|dcp midstream,2018-05,2026-08,EIA-NaturalGasPipelineProjectsAug2026.xlsx,Historical Projects (1996-2024),771,28,Lucerne pipeline,DCP Midstream,New Pipeline,Completed,2014-07-01,2014,CO,CO,CO,12,7.6,230,,Interstate,FERC,CP13-509,,,Completed@2018-05,2014@2018-05,12@2018-05,7.6@2018-05,230@2018-05,,,7.6,west-ne-ak
mainline 2010 system expansion|kern river gas transmission,2018-05,2026-08,EIA-NaturalGasPipelineProjectsAug2026.xlsx,Historical Projects (1996-2024),645,28,Mainline 2010 System Expansion,Kern River Gas Transmission,Expansion,Completed,2010-04-09,2010,"WY,NV",WY,NV,62.1,,145,36,Interstate,FERC,CP08-429,,,Completed@2018-05,2010@2018-05,62.1@2018-05,,145@2018-05,36@2018-05,,,west-ne-ak
malaga lateral project|transwestern pipeline,2018-05,2020-03,EIA-NaturalGasPipelineProjects_March2020.xlsx,Historical Projects (1996-2019),149,8,Malaga Lateral Project,Transwestern Pipeline,Lateral,Completed,2016-04-17,2016,NM,NM,NM,23,15,200,,Interstate,FERC,CP16-11,,,Completed@2018-05,2016@2018-05,23@2018-05,15@2018-05,200@2018-05,,,15.0,tx-permian
malaga lateral project|transwestern pipeline co,2021-01,2026-08,EIA-NaturalGasPipelineProjectsAug2026.xlsx,Historical Projects (1996-2024),816,20,Malaga Lateral Project,Transwestern Pipeline Co,Lateral,Completed,2016-04-17,2016,NM,NM,NM,23,15,200,,Interstate,FERC,CP16-11,,,Completed@2021-01,2016@2021-01,23@2021-01,15@2021-01,200@2021-01,,,15.0,tx-permian
maritimes northeast 2001 expansion|maritimes northeast pipeline,2018-05,2026-08,EIA-NaturalGasPipelineProjectsAug2026.xlsx,Historical Projects (1996-2024),216,28,Maritimes & Northeast 2001 Expansion,Maritimes & Northeast Pipeline,Expansion,Completed,2001-11-15,2001,"NB,ME",NB,ME,,,40,36,Interstate,FERC,CP01-154,,,Completed@2018-05,2001@2018-05,,,40@2018-05,36@2018-05,,,west-ne-ak
maritimes northeast veazie lateral|maritimes northeast pipeline,2018-05,2026-08,EIA-NaturalGasPipelineProjectsAug2026.xlsx,Historical Projects (1996-2024),132,28,Maritimes & Northeast Veazie Lateral,Maritimes & Northeast Pipeline,Lateral,Completed,1999-11-01,1999,ME,ME,ME,5.6,1.1,105,12,Interstate,FERC,CP98-797,,,Completed@2018-05,1999@2018-05,5.6@2018-05,1.1@2018-05,105@2018-05,12@2018-05,,1.1,west-ne-ak
markwest lea county expansion|markwest new mexico lp,2018-05,2026-08,EIA-NaturalGasPipelineProjectsAug2026.xlsx,Historical Projects (1996-2024),526,28,MarkWest Lea County Expansion,MarkWest New Mexico LP,Expansion,Completed,2008-09-15,2008,NM,NM,NM,3.2,3.16,110,16,Interstate,FERC,CP08-01,,,Completed@2018-05,2008@2018-05,3.2@2018-05,3.16@2018-05,110@2018-05,16@2018-05,,3.16,tx-permian
markwest pinnacle hobbs lateral expansion|markwest new mexico lp,2018-05,2026-08,EIA-NaturalGasPipelineProjectsAug2026.xlsx,Historical Projects (1996-2024),324,28,"MarkWest Pinnacle ""Hobbs"" Lateral Expansion",MarkWest New Mexico LP,Lateral,Completed,2004-04-01,2004,NM,NM,NM,0.56,2.4,124,12,Interstate,FERC,CP03-323,,,Completed@2018-05,2004@2018-05,0.56@2018-05,2.4@2018-05,124@2018-05,12@2018-05,,2.4,tx-permian
marquette branch line expansion project|northern natural gas,2018-08,2019-05,EIA-NaturalGasPipelineProjects_May2019.xlsx,Natural Gas Pipeline Projects,87,3,Marquette Branch Line Expansion Project,Northern Natural Gas,Expansion,Approved,,2019,MI,MI,MI,22.1,,24.6,,interstate,FERC,CP18-81,,,Approved@2018-08,2019@2018-08,22.1@2018-08,,24.6@2018-08,,Add delivery points to two power plants in Upper Michigan peninsula,,midcon-north
marquette branch line expansion project|northwest natural gas co,2019-07,2026-08,EIA-NaturalGasPipelineProjectsAug2026.xlsx,Historical Projects (1996-2024),970,24,Marquette Branch Line Expansion Project,Northwest Natural Gas Co,Expansion,Completed,2019-10-11,2019,MI,MI,MI,22.1,,24.6,,Interstate,FERC,CP18-81,Electric,,Approved@2019-07 > Construction@2019-10 > Completed@2020-01,2019@2019-07,22.1@2019-07,,24.6@2019-07,,Add delivery points to two power plants in Upper Michigan peninsula,,midcon-north
marshall county mine panels 19e and 20e projects|texas eastern transmission,2021-01,2026-08,EIA-NaturalGasPipelineProjectsAug2026.xlsx,Historical Projects (1996-2024),1069,20,Marshall County Mine Panels 19E and 20E Projects,Texas Eastern Transmission,Upgrade,Completed,2022-10-26,2022,WV,WV,WV,77,,,"26,30",Intrastate,FERC,CP19-509,,,Construction@2021-01 > Completed@2023-01,2021@2021-01 > 2022@2022-01,77@2021-01,,,"30, 26@2021-01 > 30,26@2021-10 > 26,30@2022-01","Excavate and elevate lines 10, 15, 25, and 30 in Marshall County, WV.",,appalachian-se
marshfield reduction project|anr pipeline,2018-05,2026-08,EIA-NaturalGasPipelineProjectsAug2026.xlsx,Historical Projects (1996-2024),733,28,Marshfield Reduction Project,ANR Pipeline,Expansion,Completed,2012-11-01,2012,WI,WI,WI,25.1,,101.1,,Interstate,FERC,CP11-539,,,Completed@2018-05,2012@2018-05,25.1@2018-05,,101.1@2018-05,,,,midcon-north
michcon renaissance line|michigan consolidated pl co,2018-05,2026-08,EIA-NaturalGasPipelineProjectsAug2026.xlsx,Historical Projects (1996-2024),225,28,MichCon Renaissance Line,Michigan Consolidated PL Co,Lateral,Completed,2002-01-31,2002,MI,MI,MI,,9.2,110,20,Intrastate,State,na,,,Completed@2018-05,2002@2018-05,,9.2@2018-05,110@2018-05,20@2018-05,,9.2,midcon-north
michcon sumpter extension pipeline project|michigan consolidated pl co,2018-05,2026-08,EIA-NaturalGasPipelineProjectsAug2026.xlsx,Historical Projects (1996-2024),608,28,MichCon Sumpter Extension Pipeline Project,Michigan Consolidated PL Co,Expansion,Completed,2009-08-02,2009,MI,MI,MI,61,15,214,24,Intrastate,State,MSPC U-15346,,,Completed@2018-05,2009@2018-05,61@2018-05,15@2018-05,214@2018-05,24@2018-05,,15.0,midcon-north
mid atlantic connector expansion|transcontinental gas pipeline,2018-05,2026-08,EIA-NaturalGasPipelineProjectsAug2026.xlsx,Historical Projects (1996-2024),742,28,Mid-Atlantic Connector Expansion,Transcontinental Gas Pipeline,Expansion,Completed,2013-02-22,2013,VA,VA,VA,55,1.44,142,42,Interstate,FERC,CP11-31,,,Completed@2018-05,2013@2018-05,55@2018-05,1.44@2018-05,142@2018-05,42@2018-05,,1.44,appalachian-se
midamerican des moines lateral|midamerican energy inc,2018-05,2026-08,EIA-NaturalGasPipelineProjectsAug2026.xlsx,Historical Projects (1996-2024),287,28,MidAmerican Des Moines Lateral,MidAmerican Energy Inc,Lateral,Completed,2003-06-01,2003,IA,IA,IA,1.5,13,175,20,Intrastate,State,na,,,Completed@2018-05,2003@2018-05,1.5@2018-05,13@2018-05,175@2018-05,20@2018-05,,13.0,midcon-north
midcoast system alternative|midcoast pipeline co,2018-05,2026-08,EIA-NaturalGasPipelineProjectsAug2026.xlsx,Historical Projects (1996-2024),47,28,MidCoast System Alternative,MidCoast Pipeline Co,Expansion,Completed,1997-11-01,1997,AL,AL,AL,1.8,,8.3,,Interstate,FERC,CP97-343,,,Completed@2018-05,1997@2018-05,1.8@2018-05,,8.3@2018-05,,,,gulf
midwest psi energy lateral project 2000 il in segm|midwestern gas transmission co,2018-05,2026-08,EIA-NaturalGasPipelineProjectsAug2026.xlsx,Historical Projects (1996-2024),183,28,MidWest PSI Energy Lateral Project 2000 IL-IN Segm,Midwestern Gas Transmission Co,Lateral,Completed,2001-05-31,2001,"IL,IN",IL,IN,8,9.2,215,20,Interstate,FERC,CP00-444,,,Completed@2018-05,2001@2018-05,8@2018-05,9.2@2018-05,215@2018-05,20@2018-05,,9.2,midcon-north
migc southern mainline expansion|migc inc,2018-05,2026-08,EIA-NaturalGasPipelineProjectsAug2026.xlsx,Historical Projects (1996-2024),91,28,MIGC Southern Mainline Expansion,MIGC Inc.,Expansion,Completed,1998-11-01,1998,WY,WY,WY,5.7,,40,,Interstate,FERC,CP98-125,,,Completed@2018-05,1998@2018-05,5.7@2018-05,,40@2018-05,,,,west-ne-ak
migc southern python expansion|migc inc,2018-05,2026-08,EIA-NaturalGasPipelineProjectsAug2026.xlsx,Historical Projects (1996-2024),491,28,MIGC Southern (Python) Expansion,MIGC Inc.,Expansion,Completed,2008-02-15,2008,WY,WY,WY,3.86,,45,,Interstate,FERC,CP07-178,,,Completed@2018-05,2008@2018-05,3.86@2018-05,,45@2018-05,,,,west-ne-ak
miles|,2018-05,2026-08,EIA-NaturalGasPipelineProjectsAug2026.xlsx,Definitions,32,28,Miles,,,,,,,,,,,,,,,,,,,,,,,,,,unassigned
minisink compressor project|millennium pipeline,2018-05,2026-08,EIA-NaturalGasPipelineProjectsAug2026.xlsx,Historical Projects (1996-2024),748,28,Minisink Compressor Project,Millennium Pipeline,Expansion,Completed,2013-06-01,2013,NY,NY,NY,44,0.1,225,36,Interstate,FERC,CP11-515,,,Completed@2018-05,2013@2018-05,44@2018-05,0.1@2018-05,225@2018-05,36@2018-05,,0.1,west-ne-ak
mississippi hub storage phase 1|mississippi hub llc,2018-05,2026-08,EIA-NaturalGasPipelineProjectsAug2026.xlsx,Historical Projects (1996-2024),572,28,Mississippi Hub Storage Phase 1,Mississippi Hub LLC,Lateral,Completed,2008-12-15,2008,MS,MS,MS,,11,1200,36,Interstate,FERC,CP07-4,,,Completed@2018-05,2008@2018-05,,11@2018-05,1200@2018-05,36@2018-05,,11.0,gulf
missouri interstate gas pipeline|missouri interstate gas llc,2018-05,2026-08,EIA-NaturalGasPipelineProjectsAug2026.xlsx,Historical Projects (1996-2024),271,28,Missouri Interstate Gas Pipeline,Missouri Interstate Gas LLC,Conversion,Completed,2002-12-15,2002,"IL,MO",IL,MO,13.4,5.6,20,12,Interstate,FERC,CP02-399,,,Completed@2018-05,2002@2018-05,13.4@2018-05,5.6@2018-05,20@2018-05,12@2018-05,,5.6,midcon-north
montana power import|canadian montana pipeline co,2018-05,2026-08,EIA-NaturalGasPipelineProjectsAug2026.xlsx,Historical Projects (1996-2024),126,28,Montana Power Import,Canadian-Montana Pipeline Co,New Pipeline,Completed,1999-10-28,1999,"SK,MT",SK,MT,0.5,4,10,8,Interstate,FERC,CP99-152,,,Completed@2018-05,1999@2018-05,0.5@2018-05,4@2018-05,10@2018-05,8@2018-05,,4.0,west-ne-ak
moss bluff 2011 storage header|spectra energy,2018-05,2026-08,EIA-NaturalGasPipelineProjectsAug2026.xlsx,Historical Projects (1996-2024),739,28,Moss Bluff 2011 Storage Header,Spectra Energy,Lateral,Completed,,2012,TX,TX,TX,,2.55,,30,Interstate,FERC,CP08-387,,,Completed@2018-05,2012@2018-05,,2.55@2018-05,,30@2018-05,,2.55,tx-permian
mountain pass lateral|kern river gas transmission,2018-05,2026-08,EIA-NaturalGasPipelineProjectsAug2026.xlsx,Historical Projects (1996-2024),716,28,Mountain Pass Lateral,Kern River Gas Transmission,Lateral,Completed,2012-05-15,2012,CA,CA,CA,15.7,8.6,24.27,8,Interstate,FERC,CP11-46,,,Completed@2018-05,2012@2018-05,15.7@2018-05,8.6@2018-05,24.27@2018-05,8@2018-05,,8.6,west-ne-ak
mpp project|tennessee gas pipeline co,2018-05,2026-08,EIA-NaturalGasPipelineProjectsAug2026.xlsx,Historical Projects (1996-2024),754,28,MPP Project,Tennessee Gas Pipeline Co,Expansion,Completed,2013-09-20,2013,PA,PA,PA,89,7.9,240,30,Interstate,FERC,CP12-28,,,Completed@2018-05,2013@2018-05,89@2018-05,7.9@2018-05,240@2018-05,30@2018-05,,7.9,appalachian-se
mustang draw i and mustang draw ii|energy transfer,2026-01,2026-05,EIA-NaturalGasPipelineProjects_May2026.xlsx,Natural Gas Pipeline Projects,83,2,Mustang Draw I and Mustang Draw II,Energy Transfer,Expansion,Proposed,,2026,TX,TX,TX,,0,550,,Intrastate,,,,Press release,Proposed@2026-01,2026@2026-01,,0@2026-05,250@2026-01 > 550@2026-05,,Mustang Draw I and II gas processing plants in Energy Transfer's Midland Basin system. Processing/plant assets rather than transmission pipeline. Mustang Draw I Processing Plant: ~275 million cubic feet per day (MMcf/d). Mustang Draw II Processing Plant: 275-280 MMcf/d.,0.0,tx-permian
mvp boost expansion|equitrans midstream corporation,2025-10,2025-10,EIA-NaturalGasPipelineProjects_Oct2025.xlsx,Natural Gas Pipeline Projects,82,1,MVP Boost Expansion,Equitrans Midstream Corporation,Expansion,Announced,,2029,VA,VA,VA,,0,500,,Intrastate,,,Power,2Q 2025 Investor Presentation,Announced@2025-10,2029@2025-10,,0@2025-10,500@2025-10,,"The project involves adding compression at existing stations and building a new compressor station, with a targeted in-service date of 2029. This expansion aims to meet growing demand for natural gas in the Southeast, particularly for data centers in Northern Virginia and electric utility demand.",0.0,appalachian-se
mvp boost expansion|mountain valley pipeline llc,2026-01,2026-08,EIA-NaturalGasPipelineProjectsAug2026.xlsx,Natural Gas Pipeline Projects,84,3,MVP Boost Expansion,"Mountain Valley Pipeline, LLC",Expansion,Applied,,2028,"WV,VA",WV,VA,,0,600,,Interstate,FERC,,Power,MVP Boost project website,Applied@2026-01,2028@2026-01,,0@2026-01,600@2026-01,,"Compression-only expansion of the 303-mile MVP Mainline (Wetzel County, WV to Pittsylvania County, VA). Adds compression at three existing stations in Wetzel, Braxton, and Fayette Counties, WV, plus one new compressor station in Montgomery County, VA. Increases MVP Mainline capacity by 600 MDth/d (from 2.0 to 2.6 Bcf/d). Fully subscribed by investment-grade utility shippers: Duke Energy (275 MMcf/d), Public Service Company of North Carolina (125 MMcf/d), and Virginia Power (200 MMcf/d). MVP Mainline JV owned by EQT, NextEra, Consolidated Edison, AltaGas, and RGC Resources. Application filed 10/23/2025; construction targeted winter 2026-27; in-service mid-2028.",0.0,appalachian-se
natrium to market project|dominion transmission,2018-05,2026-08,EIA-NaturalGasPipelineProjectsAug2026.xlsx,Historical Projects (1996-2024),783,28,Natrium to Market Project,Dominion Transmission,Expansion,Completed,2014-11-07,2014,"WV,PA",WV,PA,41.7,0,185,,Interstate,FERC,CP13-13,,,Completed@2018-05,2014@2018-05,41.7@2018-05,0@2018-05,185@2018-05,,,0.0,appalachian-se
naughton coal to gas conversion|williams,2025-10,2026-01,EIA-NaturalGasPipelineProjects_Jan2026.xlsx,Natural Gas Pipeline Projects,84,2,Naughton Coal-to-Gas Conversion,Williams,Expansion,Construction,,2026,WY,WY,WY,,0,98,,Intrastate,,,,"SEC filing, 2024 Annual Report",Construction@2025-10,2026@2025-10,,0@2025-10,98@2025-10,,"The Naughton Coal-to-Gas Conversion project on NWP’s existing natural gas transmission system will provide year-round transportation capacity to a power plant in southwest Wyoming. NWP plans to place the project into service as early as the second quarter of 2026, assuming timely receipt of all necessary regulatory approvals. The project is expected to increase capacity by 98 Mdth/d.",0.0,west-ne-ak
naughton coal to gas conversion|williams northwest pipeline,2026-05,2026-08,EIA-NaturalGasPipelineProjectsAug2026.xlsx,Natural Gas Pipeline Projects,86,2,Naughton Coal-to-Gas Conversion,Williams (Northwest Pipeline),Expansion,Construction,,2026,WY,WY,WY,,0,98,,Intrastate,,,power (PacifiCorp Naughton plant),"SEC filing, 2024 Annual Report",Construction@2026-05,2026@2026-05,,0@2026-05,98@2026-05,,"Expansion on Northwest Pipeline's existing system to deliver year-round transportation to PacifiCorp's Naughton plant near Kemmerer, which is converting Units 1 & 2 from coal to natural gas. Coal operations ceased 12/31/2025; gas operations anticipated spring 2026.",0.0,west-ne-ak
nb project 2000 ia il segment|northern border pipeline,2018-05,2026-08,EIA-NaturalGasPipelineProjectsAug2026.xlsx,Historical Projects (1996-2024),199,28,NB Project 2000 IA-IL Segment,Northern Border Pipeline,Expansion,Completed,2001-10-01,2001,"IA,IL",IA,IL,33,,195,30,Interstate,FERC,CP99-21,,,Completed@2018-05,2001@2018-05,33@2018-05,,195@2018-05,30@2018-05,,,midcon-north
nb project 2000 mt ia segment|northern border pipeline,2018-05,2026-08,EIA-NaturalGasPipelineProjectsAug2026.xlsx,Historical Projects (1996-2024),201,28,NB Project 2000 MT-IA Segment,Northern Border Pipeline,Expansion,Completed,2001-10-01,2001,"SK,ND,SD,IA,MN,IA",SK,IA,1,,0.99,"36,42",Interstate,FERC,CP99-21,,,Completed@2018-05,2001@2018-05,1@2018-05,,0.99@2018-05,"42,36@2018-05 > 36,42@2022-01",,,midcon-north
negasco interconnect|yankee gas services co,2018-05,2026-08,EIA-NaturalGasPipelineProjectsAug2026.xlsx,Historical Projects (1996-2024),340,28,NEGASCO Interconnect,Yankee Gas Services Co,Expansion,Completed,2004-11-01,2004,CT,CT,CT,5,9,4.97,"8,12",Interstate,FERC,CP04-02,,,Completed@2018-05,2004@2018-05,5@2018-05,9@2018-05,4.97@2018-05,"12,8@2018-05 > 8,12@2022-01",,9.0,west-ne-ak
neptune lng lateral|neptune lng llc,2018-05,2026-08,EIA-NaturalGasPipelineProjectsAug2026.xlsx,Historical Projects (1996-2024),533,28,Neptune LNG Lateral,Neptune LNG LLC,Lateral,Completed,2008-10-15,2008,MA,MA,MA,23,13,750,24,Interstate,Coast Guard,na,,,Completed@2018-05,2008@2018-05,23@2018-05,13@2018-05,750@2018-05,24@2018-05,,13.0,west-ne-ak
new lisbon 2020 expansion project|northern natural gas co,2020-01,2026-08,EIA-NaturalGasPipelineProjectsAug2026.xlsx,Historical Projects (1996-2024),1008,22,New Lisbon 2020 Expansion Project,Northern Natural Gas Co,Expansion,Completed,2020-10-29,2020,WI,WI,WI,24.6,7.4,15,8,Interstate,FERC,CP20-17,"LDC, Industrial",,Applied@2020-01 > Completed@2021-01,2020@2020-01,24.6@2020-01,7.4@2020-01,13.189@2020-01 > 15@2021-01,8@2020-01,Looping and new compression to increase deliverability in WI,7.4,midcon-north
new market project|dominion transmission,2018-05,2026-08,EIA-NaturalGasPipelineProjectsAug2026.xlsx,Historical Projects (1996-2024),873,28,New Market Project,Dominion Transmission,Expansion,Completed,2017-11-01,2017,"PA,NY",PA,NY,159,0,112,,Interstate,FERC,CP14-497,,,Completed@2018-05,2017@2018-05,159@2018-05,0@2018-05,112@2018-05,,,0.0,appalachian-se
new york bay expansion project|transcontinental gas pipeline,2018-05,2026-08,EIA-NaturalGasPipelineProjectsAug2026.xlsx,Historical Projects (1996-2024),868,28,New York Bay Expansion Project,Transcontinental Gas Pipeline,Expansion,Completed,2017-10-06,2017,"PA,NJ,NY",PA,NY,112,,115,,Interstate,FERC,CP15-527,,,Completed@2018-05,2017@2018-05,112@2018-05,,115@2018-05,,,,appalachian-se
nfgs am 60 line upgrade|national fuel gas supply corp,2018-05,2026-08,EIA-NaturalGasPipelineProjectsAug2026.xlsx,Historical Projects (1996-2024),161,28,NFGS AM-60 Line Upgrade,National Fuel Gas Supply Corp,Expansion,Completed,2000-11-01,2000,PA,PA,PA,11.4,,35,20,Interstate,FERC,CP00-91,,,Completed@2018-05,2000@2018-05,11.4@2018-05,,35@2018-05,20@2018-05,,,appalachian-se
nfgs ellisburg to leidy expansion|national fuel gas supply corp,2018-05,2026-08,EIA-NaturalGasPipelineProjectsAug2026.xlsx,Historical Projects (1996-2024),124,28,NFGS Ellisburg to Leidy Expansion,National Fuel Gas Supply Corp,Expansion,Completed,1999-09-01,1999,PA,PA,PA,0.11,,59,,Interstate,FERC,CP99-160,,,Completed@2018-05,1999@2018-05,0.11@2018-05,,59@2018-05,,,,appalachian-se
nfgs niagara expansion phase ii|national fuel gas supply corp,2018-05,2026-08,EIA-NaturalGasPipelineProjectsAug2026.xlsx,Historical Projects (1996-2024),92,28,NFGS Niagara Expansion Phase II,National Fuel Gas Supply Corp,Expansion,Completed,1998-11-01,1998,"NY,PA",NY,PA,5.1,,22,,Interstate,FERC,CP98-94,,,Completed@2018-05,1998@2018-05,5.1@2018-05,,22@2018-05,,,,west-ne-ak
ngpl a g cross haul expansion|nat gas p l co of america,2018-05,2026-08,EIA-NaturalGasPipelineProjectsAug2026.xlsx,Historical Projects (1996-2024),397,28,NGPL A/G Cross Haul Expansion,Nat Gas P L Co of America,Expansion,Completed,2006-04-30,2006,OK,OK,OK,10.4,,31,"30,36",Interstate,FERC,CP05-34,,,Completed@2018-05,2006@2018-05,10.4@2018-05,,31@2018-05,"36,30@2018-05 > 30,36@2022-01",,,midcon-north
ngpl a g line expansion|nat gas p l co of america,2018-05,2026-08,EIA-NaturalGasPipelineProjectsAug2026.xlsx,Historical Projects (1996-2024),431,28,NGPL A/G Line Expansion,Nat Gas P L Co of America,Expansion,Completed,2006-12-31,2006,TX,TX,TX,16,,139,30,Interstate,FERC,na,,,Completed@2018-05,2006@2018-05,16@2018-05,,139@2018-05,30@2018-05,,,tx-permian
ngpl amarillo line expansion|nat gas p l co of america,2018-05,2026-08,EIA-NaturalGasPipelineProjectsAug2026.xlsx,Historical Projects (1996-2024),93,28,NGPL Amarillo Line Expansion,Nat Gas P L Co of America,Expansion,Completed,1998-11-01,1998,"IA,IL",IA,IL,15,,110,36,Interstate,FERC,CP96-27,,,Completed@2018-05,1998@2018-05,15@2018-05,,110@2018-05,36@2018-05,,,midcon-north
ngpl amarillo upgrade|nat gas p l co of america,2018-05,2026-08,EIA-NaturalGasPipelineProjectsAug2026.xlsx,Historical Projects (1996-2024),94,28,NGPL Amarillo Upgrade,Nat Gas P L Co of America,Expansion,Completed,1998-11-01,1998,"OK,KS,TX,NE",OK,NE,32.8,14,-25,"24,36",Interstate,FERC,CP94-577,,,Completed@2018-05,1998@2018-05,32.8@2018-05,14@2018-05,-25@2018-05,"36,24@2018-05 > 24,36@2022-01",,14.0,midcon-north
ngpl indian basin expansion|nat gas p l co of america,2018-05,2026-08,EIA-NaturalGasPipelineProjectsAug2026.xlsx,Historical Projects (1996-2024),226,28,NGPL Indian Basin Expansion,Nat Gas P L Co of America,Expansion,Completed,2002-01-31,2002,NM,NM,NM,1.2,,60.1,20,Interstate,FERC,na,,,Completed@2018-05,2002@2018-05,1.2@2018-05,,60.1@2018-05,20@2018-05,,,tx-permian
ngpl louisiana gulf coast line expansion|nat gas p l co of america,2018-05,2026-08,EIA-NaturalGasPipelineProjectsAug2026.xlsx,Historical Projects (1996-2024),490,28,NGPL Louisiana/Gulf Coast Line Expansion,Nat Gas P L Co of America,Expansion,Completed,2008-02-14,2008,"TX,LA",TX,LA,69,4.5,200,36,Interstate,FERC,CP07-03,,,Completed@2018-05,2008@2018-05,69@2018-05,4.5@2018-05,200@2018-05,36@2018-05,,4.5,tx-permian
ngpl north lansing loop|nat gas p l co of america,2018-05,2026-08,EIA-NaturalGasPipelineProjectsAug2026.xlsx,Historical Projects (1996-2024),450,28,NGPL North Lansing Loop,Nat Gas P L Co of America,Lateral,Completed,2007-08-15,2007,TX,TX,TX,9.84,8.7,140,30,Interstate,FERC,CP05-405,,,Completed@2018-05,2007@2018-05,9.84@2018-05,8.7@2018-05,140@2018-05,30@2018-05,,8.7,tx-permian
ngpl segment one expansion|nat gas p l co of america,2018-05,2026-08,EIA-NaturalGasPipelineProjectsAug2026.xlsx,Historical Projects (1996-2024),395,28,NGPL Segment One Expansion,Nat Gas P L Co of America,Expansion,Completed,2006-04-15,2006,"TX,OK",TX,OK,10.6,,20,20,Interstate,FERC,CP05-34,,,Completed@2018-05,2006@2018-05,10.6@2018-05,,20@2018-05,20@2018-05,,,tx-permian
ngpl waha deliverability expansion project|nat gas p l co of america,2018-05,2026-08,EIA-NaturalGasPipelineProjectsAug2026.xlsx,Historical Projects (1996-2024),1160,28,NGPL Waha Deliverability Expansion Project,Nat Gas P L Co of America,Reversal,On Hold,,,"IL,IA,NE,KS,OK,TX",IL,TX,,,465,,Interstate,FERC,,,,Announced@2018-05 > On Hold@2019-10,2019@2018-05 > na@2019-10,,,465@2018-05,,,,midcon-north
niagara expansion project|tennessee gas pipeline co,2018-05,2026-08,EIA-NaturalGasPipelineProjectsAug2026.xlsx,Historical Projects (1996-2024),801,28,Niagara Expansion Project,Tennessee Gas Pipeline Co,Expansion,Completed,2015-10-01,2015,"NY,CN",NY,CN,27.5,3.1,158,30,Interstate,FERC,CP14-88,,,Completed@2018-05,2015@2018-05,27.5@2018-05,3.1@2018-05,158@2018-05,30@2018-05,,3.1,west-ne-ak
niagara mohawk expansion|niagara mohawk power co,2018-05,2026-08,EIA-NaturalGasPipelineProjectsAug2026.xlsx,Historical Projects (1996-2024),301,28,Niagara Mohawk Expansion,Niagara Mohawk Power Co,Lateral,Completed,2003-11-01,2003,NY,NY,NY,2,9.36,200,24,Intrastate,State,na,,,Completed@2018-05,2003@2018-05,2@2018-05,9.36@2018-05,200@2018-05,24@2018-05,,9.36,west-ne-ak
nng 1999 zone ef expansion|northern natural gas co,2018-05,2026-08,EIA-NaturalGasPipelineProjectsAug2026.xlsx,Historical Projects (1996-2024),133,28,NNG 1999 Zone EF Expansion,Northern Natural Gas Co,Expansion,Completed,1999-11-01,1999,MN,MN,MN,0.05,6,50,,Interstate,FERC,CP99-532,,,Completed@2018-05,1999@2018-05,0.05@2018-05,6@2018-05,50@2018-05,,,6.0,midcon-north
nng beatrice station expansion|northern natural gas co,2018-05,2026-08,EIA-NaturalGasPipelineProjectsAug2026.xlsx,Historical Projects (1996-2024),272,28,NNG Beatrice Station Expansion,Northern Natural Gas Co,Expansion,Completed,2002-12-15,2002,"NE,IA,MN",NE,MN,0.29,,90,24,Interstate,FERC,CP02-139,,,Completed@2018-05,2002@2018-05,0.29@2018-05,,90@2018-05,24@2018-05,,,midcon-north
nng bluff creek tomah expansion|northern natural gas co,2018-05,2026-08,EIA-NaturalGasPipelineProjectsAug2026.xlsx,Historical Projects (1996-2024),373,28,NNG Bluff Creek/Tomah Expansion,Northern Natural Gas Co,Expansion,Completed,2005-11-01,2005,MN,MN,MN,7.7,3.2,1.75,30,Interstate,FERC,CP05-49,,,Completed@2018-05,2005@2018-05,7.7@2018-05,3.2@2018-05,1.75@2018-05,30@2018-05,,3.2,midcon-north
nng east leg i expansion|northern natural gas co,2018-05,2026-08,EIA-NaturalGasPipelineProjectsAug2026.xlsx,Historical Projects (1996-2024),541,28,NNG East Leg I Expansion,Northern Natural Gas Co,Expansion,Completed,2008-11-01,2008,IA,IA,IA,6.89,8,12.5,"6,8,30",Interstate,FERC,CP08-95,,,Completed@2018-05,2008@2018-05,6.89@2018-05,8@2018-05,12.5@2018-05,"30,8,6@2018-05 > 6,8,30@2022-01",,8.0,midcon-north
nng elk river looping expansion|northern natural gas co,2018-05,2026-08,EIA-NaturalGasPipelineProjectsAug2026.xlsx,Historical Projects (1996-2024),172,28,NNG Elk River Looping Expansion,Northern Natural Gas Co,Expansion,Completed,2001-11-01,2000,MN,MN,MN,12.5,14.7,23.24,16,Interstate,FERC,CP99-191,,,Completed@2018-05,2000@2018-05,12.5@2018-05,14.7@2018-05,23.24@2018-05,16@2018-05,,14.7,midcon-north
nng ia il expansion|northern natural gas co,2018-05,2026-08,EIA-NaturalGasPipelineProjectsAug2026.xlsx,Historical Projects (1996-2024),14,28,NNG IA- IL Expansion,Northern Natural Gas Co,Expansion,Completed,1996-11-01,1996,"IA,IL",IA,IL,,,35.4,"20,30",Interstate,FERC,na,,,Completed@2018-05,1996@2018-05,,,35.4@2018-05,"30,20@2018-05 > 20,30@2022-01",,,midcon-north
nng line c d line expansion|northern natural gas co,2018-05,2026-08,EIA-NaturalGasPipelineProjectsAug2026.xlsx,Historical Projects (1996-2024),204,28,NNG Line C&D Line Expansion,Northern Natural Gas Co,Lateral,Completed,2001-10-19,2001,MN,MN,MN,8.1,5.6,40,30,Interstate,FERC,CP98-132,,,Completed@2018-05,2001@2018-05,8.1@2018-05,5.6@2018-05,40@2018-05,30@2018-05,,5.6,midcon-north
nng palmyra north expansion|northern natural gas co,2018-05,2026-08,EIA-NaturalGasPipelineProjectsAug2026.xlsx,Historical Projects (1996-2024),458,28,NNG Palmyra North Expansion,Northern Natural Gas Co,Expansion,Completed,2007-10-31,2007,"KS,SD,NE,IA",KS,IA,8.98,6,44.2,,Interstate,FERC,CP06-433,,,Completed@2018-05,2007@2018-05,8.98@2018-05,6@2018-05,44.2@2018-05,,,6.0,midcon-north
nng peak day 2000 expansion ii|northern natural gas co,2018-05,2026-08,EIA-NaturalGasPipelineProjectsAug2026.xlsx,Historical Projects (1996-2024),104,28,NNG Peak Day 2000 Expansion II,Northern Natural Gas Co,Expansion,Completed,1998-11-15,1998,MN,MN,MN,20,5,32,,Interstate,FERC,CP97-27,,,Completed@2018-05,1998@2018-05,20@2018-05,5@2018-05,32@2018-05,,,5.0,midcon-north
nng peak day 2000 iii|northern natural gas co,2018-05,2026-08,EIA-NaturalGasPipelineProjectsAug2026.xlsx,Historical Projects (1996-2024),134,28,NNG Peak Day 2000 III,Northern Natural Gas Co,Expansion,Completed,1999-11-01,1999,MN,MN,MN,1,,31,,Interstate,FERC,CP97-25,,,Completed@2018-05,1999@2018-05,1@2018-05,,31@2018-05,,,,midcon-north
nng peak day 2000 iv|northern natural gas co,2018-05,2026-08,EIA-NaturalGasPipelineProjectsAug2026.xlsx,Historical Projects (1996-2024),173,28,NNG Peak Day 2000 IV,Northern Natural Gas Co,Expansion,Completed,2001-11-01,2000,MN,MN,MN,0.5,,21,,Interstate,FERC,CP97-25,,,Completed@2018-05,2000@2018-05,0.5@2018-05,,21@2018-05,,,,midcon-north
nng peak day 2000 v|northern natural gas co,2018-05,2026-08,EIA-NaturalGasPipelineProjectsAug2026.xlsx,Historical Projects (1996-2024),188,28,NNG Peak Day 2000 V,Northern Natural Gas Co,Expansion,Completed,2001-07-15,2001,MN,MN,MN,2,15,20,16,Interstate,FERC,CP97-25,,,Completed@2018-05,2001@2018-05,2@2018-05,15@2018-05,20@2018-05,16@2018-05,,15.0,midcon-north
nng pleasant hill project|northern natural gas co,2018-05,2026-08,EIA-NaturalGasPipelineProjectsAug2026.xlsx,Historical Projects (1996-2024),341,28,NNG Pleasant Hill Project,Northern Natural Gas Co,Lateral,Completed,2004-11-01,2004,IA,IA,IA,4.06,2.6,96,16,Interstate,FERC,CP04-28,,,Completed@2018-05,2004@2018-05,4.06@2018-05,2.6@2018-05,96@2018-05,16@2018-05,,2.6,midcon-north
nng project max expansion|northern natural gas co,2018-05,2026-08,EIA-NaturalGasPipelineProjectsAug2026.xlsx,Historical Projects (1996-2024),302,28,NNG Project MAX Expansion,Northern Natural Gas Co,Expansion,Completed,2003-11-01,2003,MN,MN,MN,5.8,4.6,34.44,8,Interstate,FERC,CP02-436,,,Completed@2018-05,2003@2018-05,5.8@2018-05,4.6@2018-05,34.44@2018-05,8@2018-05,,4.6,midcon-north
nng west leg ii expansion|northern natural gas co,2018-05,2026-08,EIA-NaturalGasPipelineProjectsAug2026.xlsx,Historical Projects (1996-2024),542,28,NNG West Leg II Expansion,Northern Natural Gas Co,Expansion,Completed,2008-11-01,2008,NE,NE,NE,9.12,12,11,"8,30",Interstate,FERC,CP08-97,,,Completed@2018-05,2008@2018-05,9.12@2018-05,12@2018-05,11@2018-05,"30,8@2018-05 > 8,30@2022-01",,12.0,midcon-north
norte crossing project|el paso natural gas,2018-05,2026-08,EIA-NaturalGasPipelineProjectsAug2026.xlsx,Historical Projects (1996-2024),750,28,Norte Crossing Project,El Paso Natural Gas,New Pipeline,Completed,2013-06-07,2013,"TX,MX",TX,MX,,0.28,366,36,Interstate,FERC,CP12-96,,,Completed@2018-05,2013@2018-05,,0.28@2018-05,366@2018-05,36@2018-05,,0.28,tx-permian
north extension project|natural gas pipeline company of america llc,2025-10,2026-08,EIA-NaturalGasPipelineProjectsAug2026.xlsx,Natural Gas Pipeline Projects,89,4,North Extension Project,Natural Gas Pipeline Company of America LLC,Expansion,Applied,,2028,"IA,IL,WI",IA,WI,200,14.3,210,,Interstate,FERC,,,Open Season Announcement,Applied@2025-10,2028@2025-10,200@2025-10,14.3@2025-10,210@2025-10,,"Expansion adding 210,000 Dth/d of firm transport from an existing Iowa-Illinois Zone receipt point to a new interconnect in NGPL's Market Delivery Zone, via construction of a new ~14-mile lateral extending the system into Wisconsin and acquisition of off-system leased capacity. Pre-arranged shipper holds 185,000 Dth/d. Target in-service window October 2028 to March 2029.",14.3,midcon-north
north fork pipeline|anchor point energy llc,2018-05,2026-08,EIA-NaturalGasPipelineProjectsAug2026.xlsx,Historical Projects (1996-2024),685,28,North Fork Pipeline,Anchor Point Energy LLC,New Pipeline,Completed,2011-04-07,2011,AK,AK,AK,,7.4,48.685,,Intrastate,State,na,,,Completed@2018-05,2011@2018-05,,7.4@2018-05,48.685@2018-05,,,7.4,west-ne-ak
north la growth project|regency intrastate pipeline co,2018-05,2026-08,EIA-NaturalGasPipelineProjectsAug2026.xlsx,Historical Projects (1996-2024),448,28,North LA Growth Project,Regency Intrastate Pipeline Co,Expansion,Completed,2007-06-01,2007,LA,LA,LA,17,,200,,Intrastate,State,na,,,Completed@2018-05,2007@2018-05,17@2018-05,,200@2018-05,,,,gulf
north seattle delivery lateral expansion|puget sound energy,2018-05,2026-08,EIA-NaturalGasPipelineProjectsAug2026.xlsx,Historical Projects (1996-2024),734,28,North Seattle Delivery Lateral Expansion,Puget Sound Energy,Lateral,Completed,2012-11-01,2012,WA,WA,WA,,2.2,84.2,20,Interstate,FERC,CP11-520,,,Completed@2018-05,2012@2018-05,,2.2@2018-05,84.2@2018-05,20@2018-05,,2.2,west-ne-ak
north seattle lateral upgrade project|northwest pipeline co,2018-05,2026-08,EIA-NaturalGasPipelineProjectsAug2026.xlsx,Historical Projects (1996-2024),975,28,North Seattle Lateral Upgrade Project,Northwest Pipeline Co,Expansion,Completed,2019-11-14,2019,WA,WA,WA,47,7,159.299,8,Intrastate,FERC,CP17-441,LDC,http://co.williams.com/expansionprojects/north-seattle-lateral-upgrade-project/,Applied@2018-05 > Cancelled@2019-01 > Applied@2019-05 > Construction@2019-07 > Part Completed@2019-10 > Completed@2020-01,2019@2018-05,47@2019-05,7@2018-05,159.299@2019-05,20@2018-05 > 8@2019-05,Increase deliverability to LDCs in Seattle region,7.0,west-ne-ak
northcoast gas trans compression addition|somerset gas transmission inc,2018-05,2026-08,EIA-NaturalGasPipelineProjectsAug2026.xlsx,Historical Projects (1996-2024),283,28,NorthCoast Gas Trans Compression Addition,Somerset Gas Transmission Inc,Expansion,Completed,2003-05-01,2003,OH,OH,OH,2,,42,12,Intrastate,State,na,,,Completed@2018-05,2003@2018-05,2@2018-05,,42@2018-05,12@2018-05,,,appalachian-se
northeast connector|transcontinental gas pipeline,2018-05,2026-08,EIA-NaturalGasPipelineProjectsAug2026.xlsx,Historical Projects (1996-2024),784,28,Northeast Connector,Transcontinental Gas Pipeline,Expansion,Completed,2014-11-07,2014,"PA,NJ,NY",PA,NY,48.5,,100,,Interstate,FERC,CP13-132,,,Completed@2018-05,2014@2018-05,48.5@2018-05,,100@2018-05,,,,appalachian-se
northeast connexion new england|tennessee gas pipeline co,2018-05,2026-08,EIA-NaturalGasPipelineProjectsAug2026.xlsx,Historical Projects (1996-2024),460,28,Northeast ConneXion-New England,Tennessee Gas Pipeline Co,Expansion,Completed,2007-11-01,2007,"NY,MA",NY,MA,110.8,,136,24,Interstate,FERC,CP05-412,,,Completed@2018-05,2007@2018-05,110.8@2018-05,,136@2018-05,24@2018-05,,,west-ne-ak
northeast connexion ny nj|tennessee gas pipeline co,2018-05,2026-08,EIA-NaturalGasPipelineProjectsAug2026.xlsx,Historical Projects (1996-2024),413,28,Northeast ConneXion-NY/NJ,Tennessee Gas Pipeline Co,Expansion,Completed,2006-11-16,2006,"PA,NJ",PA,NJ,39,6,101,30,Interstate,FERC,CP05-355,,,Completed@2018-05,2006@2018-05,39@2018-05,6@2018-05,101@2018-05,30@2018-05,,6.0,appalachian-se
northeast supply diversification project|tennessee gas pipeline co,2018-05,2026-08,EIA-NaturalGasPipelineProjectsAug2026.xlsx,Historical Projects (1996-2024),726,28,Northeast Supply Diversification Project,Tennessee Gas Pipeline Co,Expansion,Completed,2012-10-19,2012,"PA,NY",PA,NY,100,7,250,30,Interstate,FERC,CP11-30,,,Completed@2018-05,2012@2018-05,100@2018-05,7@2018-05,250@2018-05,30@2018-05,,7.0,appalachian-se
northeast supply link project|transcontinental gas pipeline,2018-05,2026-08,EIA-NaturalGasPipelineProjectsAug2026.xlsx,Historical Projects (1996-2024),758,28,Northeast Supply Link Project,Transcontinental Gas Pipeline,Expansion,Completed,2013-10-28,2013,"PA,NJ",PA,NJ,390,12.5,250,"36,42",Interstate,FERC,CP12-30,,,Completed@2018-05,2013@2018-05,390@2018-05,12.5@2018-05,250@2018-05,"42,36@2018-05 > 36,42@2022-01",,12.5,appalachian-se
northern access 2015 project|national fuel gas supply corp,2018-05,2026-08,EIA-NaturalGasPipelineProjectsAug2026.xlsx,Historical Projects (1996-2024),813,28,Northern Access 2015 Project,National Fuel Gas Supply Corp,Expansion,Completed,2015-12-03,2015,NY,NY,NY,65.7,,140,,Interstate,FERC,CP14-100,,,Completed@2018-05,2015@2018-05,65.7@2018-05,,140@2018-05,,,,west-ne-ak
northern supply access project|texas gas transmission,2018-05,2026-08,EIA-NaturalGasPipelineProjectsAug2026.xlsx,Historical Projects (1996-2024),846,28,Northern Supply Access Project,Texas Gas Transmission,Reversal,Completed,2017-03-02,2017,"OH,IN,KY,TN,MS,LA",OH,LA,230,,284,,Interstate,FERC,CP15-513,,,Completed@2018-05,2017@2018-05,230@2018-05,,284@2018-05,,,,appalachian-se
notes|,2018-05,2026-08,EIA-NaturalGasPipelineProjectsAug2026.xlsx,Definitions,43,28,Notes:,,,,,,,,,,,,,,,,,,,,,,,,,,unassigned
nwpl columbia river gorge expansion|northwest pipeline co,2018-05,2026-08,EIA-NaturalGasPipelineProjectsAug2026.xlsx,Historical Projects (1996-2024),135,28,NWPL Columbia River Gorge Expansion,Northwest Pipeline Co,Expansion,Completed,1999-11-01,1999,"OR,WA",OR,WA,17,,51,"26,30",Interstate,FERC,CP98-554,,,Completed@2018-05,1999@2018-05,17@2018-05,,51@2018-05,"26,30@2018-05",,,west-ne-ak
nwpl everett delta lateral|northwest pipeline co,2018-05,2026-08,EIA-NaturalGasPipelineProjectsAug2026.xlsx,Historical Projects (1996-2024),342,28,NWPL Everett Delta Lateral,Northwest Pipeline Co,Expansion,Completed,2004-11-01,2004,WA,WA,WA,24.6,9.15,113.11,16,Interstate,FERC,CP01-49,,,Completed@2018-05,2004@2018-05,24.6@2018-05,9.15@2018-05,113.11@2018-05,16@2018-05,,9.15,west-ne-ak
nwpl ridges basin dam project|northwest pipeline co,2018-05,2026-08,EIA-NaturalGasPipelineProjectsAug2026.xlsx,Historical Projects (1996-2024),320,28,NWPL Ridges Basin Dam Project,Northwest Pipeline Co,Expansion,Completed,2003-12-15,2003,CO,CO,CO,16.9,6.9,,26,Interstate,FERC,CP02-423,,,Completed@2018-05,2003@2018-05,16.9@2018-05,6.9@2018-05,,26@2018-05,,6.9,west-ne-ak
nwpl white river project|northwest pipeline co,2018-05,2026-08,EIA-NaturalGasPipelineProjectsAug2026.xlsx,Historical Projects (1996-2024),365,28,NWPL White River Project,Northwest Pipeline Co,Expansion,Completed,2005-06-07,2005,WA,WA,WA,29.4,2,,"26,30",Interstate,FERC,CP03-32,,,Completed@2018-05,2005@2018-05,29.4@2018-05,2@2018-05,,"30,26@2018-05 > 26,30@2022-01",,2.0,west-ne-ak
ohio louisiana access project|texas gas transmission,2018-05,2026-08,EIA-NaturalGasPipelineProjectsAug2026.xlsx,Historical Projects (1996-2024),817,28,Ohio-Louisiana Access project,Texas Gas Transmission,Reversal,Completed,2016-05-27,2016,"OH,IN,KY,TN,MS,LA",OH,LA,115,,758,,Interstate,FERC,CP14-553,,,Completed@2018-05,2016@2018-05,115@2018-05,,758@2018-05,,,,appalachian-se
ohio valley hub line|ohio valley hub llc,2018-05,2026-08,EIA-NaturalGasPipelineProjectsAug2026.xlsx,Historical Projects (1996-2024),211,28,Ohio Valley Hub Line,Ohio Valley Hub LLC,Lateral,Completed,2001-11-01,2001,IN,IN,IN,,9.2,62,16,Interstate,FERC,CP01-129,,,Completed@2018-05,2001@2018-05,,9.2@2018-05,62@2018-05,16@2018-05,,9.2,midcon-north
okeechobee lateral project|florida southeast connection llc,2018-05,2026-08,EIA-NaturalGasPipelineProjectsAug2026.xlsx,Historical Projects (1996-2024),906,28,Okeechobee Lateral Project,Florida Southeast Connection LLC,Lateral,Completed,2018-08-30,2018,FL,FL,FL,30.1,5.2,400,20,Intrastate,FERC,CP17-463,Electric,https://www.floridasoutheastconnection.com/okeechobee-lateral-pipeline,Applied@2018-05 > Approved@2018-08 > Completed@2019-10,2019@2018-05 > 2018@2019-10,30.1@2018-08,5.2@2018-05,400@2018-05,20@2018-05,Delivers natural gas to powerplant,5.2,gulf
oneok eastbound expansion|oneok inc,2018-08,2026-08,EIA-NaturalGasPipelineProjectsAug2026.xlsx,Historical Projects (1996-2024),943,27,ONEOK Eastbound Expansion,ONEOK Inc.,Expansion,Completed,2019-02-01,2019,OK,OK,OK,,,150,,Intrastate,,,,http://ir.oneok.com/news-and-events/press-releases/2019/02-25-2019-211707239,Announced@2018-08 > Completed@2019-05,2019@2018-08,,,150@2018-08,,Takeaway from SCOOP/STACK processing plants to eastern OK interstate delivery point,,midcon-north
oneok westbound expansion|oneok inc,2018-08,2026-08,EIA-NaturalGasPipelineProjectsAug2026.xlsx,Historical Projects (1996-2024),944,27,ONEOK Westbound Expansion,ONEOK Inc.,Expansion,Completed,2019-02-01,2019,OK,OK,OK,,,100,,Intrastate,,,,http://ir.oneok.com/news-and-events/press-releases/2019/02-25-2019-211707239,Announced@2018-08 > Construction@2019-01 > Completed@2019-05,2018@2018-08 > 2019@2019-05,,,100@2018-08,,Takeaway from STACK area to western OK interestate delivery points,,midcon-north
oneok westtex expansion|oneok inc,2018-08,2026-08,EIA-NaturalGasPipelineProjectsAug2026.xlsx,Historical Projects (1996-2024),945,27,ONEOK WestTex Expansion,ONEOK Inc.,Expansion,Completed,2019-02-01,2019,TX,TX,TX,,3.447,300,20,Intrastate,TX RRC,,,http://ir.oneok.com/news-and-events/press-releases/2019/02-25-2019-211707239,Construction@2018-08 > Completed@2019-05,2019@2018-08,,3.447@2018-08,150@2018-08 > 300@2020-01,20@2018-08,Permian takeaway to Texas panhandle; filed construction permit with Texas RRC,3.447,tx-permian
orion project|tennessee gas pipeline co,2018-05,2026-08,EIA-NaturalGasPipelineProjectsAug2026.xlsx,Historical Projects (1996-2024),875,28,Orion Project,Tennessee Gas Pipeline Co,Expansion,Completed,2017-11-01,2017,PA,PA,PA,143,13,135,36,Interstate,FERC,CP16-4,,,Completed@2018-05,2017@2018-05,143@2018-05,13@2018-05,135@2018-05,36@2018-05,,13.0,appalachian-se
ozark standing rock compressor|ozark gas transmission co,2018-05,2026-08,EIA-NaturalGasPipelineProjectsAug2026.xlsx,Historical Projects (1996-2024),554,28,Ozark Standing Rock Compressor,Ozark Gas Transmission Co,Expansion,Completed,2008-11-15,2008,AR,AR,AR,18.8,,100,,Interstate,FERC,CP08-20,,,Completed@2018-05,2008@2018-05,18.8@2018-05,,100@2018-05,,,,midcon-north
paiute carson lateral upgrade|paiute pipeline,2018-05,2026-08,EIA-NaturalGasPipelineProjectsAug2026.xlsx,Historical Projects (1996-2024),304,28,Paiute Carson Lateral Upgrade,Paiute Pipeline,Expansion,Completed,2003-11-01,2003,NV,NV,NV,10.74,14.5,5.5,20,Interstate,FERC,CP03-31,,,Completed@2018-05,2003@2018-05,10.74@2018-05,14.5@2018-05,5.5@2018-05,20@2018-05,,14.5,west-ne-ak
paiute south tahoe lateral|paiute pipeline,2018-05,2026-08,EIA-NaturalGasPipelineProjectsAug2026.xlsx,Historical Projects (1996-2024),696,28,Paiute South Tahoe Lateral,Paiute Pipeline,Expansion,Completed,2011-09-19,2011,NV,NV,NV,2.387,0.9,,,Interstate,FERC,CP10-41,,,Completed@2018-05,2011@2018-05,2.387@2018-05,0.9@2018-05,,,,0.9,west-ne-ak
panhandle backhaul project|panhandle eastern pipeline co,2018-05,2026-08,EIA-NaturalGasPipelineProjectsAug2026.xlsx,Historical Projects (1996-2024),863,28,Panhandle Backhaul Project,Panhandle Eastern Pipeline Co,Reversal,Completed,2017-08-31,2017,"OH,IN,IL",OH,IL,58,,750,,Interstate,FERC,CP15-94,,https://www.kindermorgan.com/business/gas_pipelines/central/gulfcoast/,Part Completed@2018-05 > Completed@2018-08,2018@2018-05 > 2017@2019-01,58@2018-05,,750@2018-05,,Dependent on completion of Rover Phase 2,,appalachian-se
pe liberal 100 line bi directional project|panhandle eastern pipeline co,2018-05,2026-08,EIA-NaturalGasPipelineProjectsAug2026.xlsx,Historical Projects (1996-2024),433,28,PE Liberal 100-line Bi-directional Project,Panhandle Eastern Pipeline Co,Expansion,Completed,2007-01-01,2007,KS,KS,KS,4.96,,160,24,Interstate,FERC,CP06-50,,,Completed@2018-05,2007@2018-05,4.96@2018-05,,160@2018-05,24@2018-05,,,midcon-north
permian north expansion project|el paso natural gas,2018-08,2026-08,EIA-NaturalGasPipelineProjectsAug2026.xlsx,Historical Projects (1996-2024),931,27,Permian North Expansion Project,El Paso Natural Gas,Expansion,Completed,2018-12-05,2018,"TX,NM,AZ,CA",TX,CA,,,182,20,Interstate,FERC,CP18-522,,,Applied@2018-08 > Completed@2019-01,2018@2018-08,,,182@2018-08,20@2018-08,,,tx-permian
perryville storage laterals|perryville gas storage llc,2018-05,2026-08,EIA-NaturalGasPipelineProjectsAug2026.xlsx,Historical Projects (1996-2024),745,28,Perryville Storage Laterals,Perryville Gas Storage LLC,Lateral,Completed,2013-04-30,2013,LA,LA,LA,12,14.399999999999999,600,"24,36",Interstate,FERC,CP09-418,,,Completed@2018-05,2013@2018-05,12@2018-05,14.399999999999999@2018-05,600@2018-05,"24,36@2018-05 > 36,24@2021-10 > 24,36@2022-01",,14.4,gulf
pg e nw mainline expansion|gas transmission northwest,2018-05,2026-08,EIA-NaturalGasPipelineProjectsAug2026.xlsx,Historical Projects (1996-2024),95,28,PG&E-NW Mainline Expansion,Gas Transmission Northwest,Expansion,Completed,1998-11-01,1998,"BC,OR,CA",BC,CA,6,,74,36,Interstate,FERC,CP98-167,,,Completed@2018-05,1998@2018-05,6@2018-05,,74@2018-05,36@2018-05,,,west-ne-ak
pg e redwood path|pacific gas and electric co,2018-05,2026-08,EIA-NaturalGasPipelineProjectsAug2026.xlsx,Historical Projects (1996-2024),255,28,PG&E Redwood Path,Pacific Gas and Electric Co,Expansion,Completed,2002-10-01,2002,CA,CA,CA,39.5,14,180,42,Intrastate,State,na,,,Completed@2018-05,2002@2018-05,39.5@2018-05,14@2018-05,180@2018-05,42@2018-05,,14.0,west-ne-ak
pine prairie chalk line loop|pine prairie storage co,2018-05,2026-08,EIA-NaturalGasPipelineProjectsAug2026.xlsx,Historical Projects (1996-2024),710,28,Pine Prairie Chalk Line Loop,Pine Prairie Storage Co,Lateral,Completed,,2011,LA,LA,LA,15,5.3,900,24,Interstate,FERC,CP04-379,,,Completed@2018-05,2011@2018-05,15@2018-05,5.3@2018-05,900@2018-05,24@2018-05,,5.3,gulf
pine prairie energy center phase iv storage expansion|pine prairie energy center llc williams,2026-05,2026-05,EIA-NaturalGasPipelineProjects_May2026.xlsx,Natural Gas Pipeline Projects,100,1,Pine Prairie Energy Center Phase IV Storage Expansion,Pine Prairie Energy Center LLC (Williams),Expansion,Applied,,2028,LA,LA,LA,,,500,,Interstate,FERC,CP25-533,Utility / industrial storage,eLibrary: CP25-533,Applied@2026-05,2028@2026-05,,,500@2026-05,,"Phase IV expansion of Pine Prairie salt-dome storage in Evangeline Parish, LA. Adds a new ~10.8 Bcf working-gas cavern, 19,000 HP electric-motor compressor, short pipeline segments and auxiliary brine/filtration/dehydration facilities. Boosts injection capability +300 MMcf/d and withdrawal +500 MMcf/d. Application amends a prior 2018 certificate (vacating 2 of 7 previously approved caverns); restated total certified capacity ~87.2 Bcf (vs. 102.6 Bcf previously). Application filed in 2025 (CP25-533); FERC EA issued 1/23/2026 with no-significant-impact finding; final order expected by 6/1/2026; target in-service 10/1/2028.",,gulf
pipeline diameter|,2018-05,2026-08,EIA-NaturalGasPipelineProjectsAug2026.xlsx,Definitions,34,28,Pipeline Diameter,,,,,,,,,,,,,,,,,,,,,,,,,,unassigned
pipeline operator name|,2018-05,2026-08,EIA-NaturalGasPipelineProjectsAug2026.xlsx,Definitions,4,28,Pipeline Operator Name,,,,,,,,,,,,,,,,,,,,,,,,,,unassigned
pipeline type|,2018-05,2026-08,EIA-NaturalGasPipelineProjectsAug2026.xlsx,Definitions,13,28,Pipeline Type,,,,,,,,,,,,,,,,,,,,,,,,,,unassigned
plantation north expansion gas plant|kinderhawk,2026-05,2026-05,EIA-NaturalGasPipelineProjects_May2026.xlsx,Natural Gas Pipeline Projects,102,1,Plantation North Expansion Gas Plant,KinderHawk,Expansion,Announced,,2027,LA,LA,LA,500,0,1000,,Intrastate,,,,KM 2Q 2025 Financial Results,Announced@2026-05,2027@2026-05,500@2026-05,0@2026-05,1000@2026-05,,The Plantation North Gas Plant is a proposed gas processing plant that would be located in northwest Louisiana. Gathering system expansion (~$500M) on KinderHawk in northwest Louisiana Haynesville to add incremental gathering and processing capacity tied to Gulf Coast LNG demand. Kinder Morgan targets full in-service by late 2026; phased incremental capacity through the year.,0.0,gulf
plantation north expansion|kinderhawk,2025-10,2026-01,EIA-NaturalGasPipelineProjects_Jan2026.xlsx,Natural Gas Pipeline Projects,94,2,Plantation North Expansion,KinderHawk,Expansion,Announced,,2026,LA,LA,LA,500,0,1000,,Intrastate,,,,KM 2Q 2025 Financial Results,Announced@2025-10,2026@2025-10,500@2025-10,0@2025-10,1000@2025-10,,Extends gathering system supporting production growth in Haynesville to support LNG growth.,0.0,gulf
point of rocks west expansion project|overthrust pipeline,2021-07,2026-08,EIA-NaturalGasPipelineProjectsAug2026.xlsx,Historical Projects (1996-2024),1054,19,Point of Rocks West Expansion Project,Overthrust Pipeline,Expansion,Completed,2021-12-31,2021,WY,WY,WY,4.8,0.17,130,,Interstate,FERC,CP21-449,,,Applied@2021-07 > Completed@2022-01,2021@2022-01,4.8@2021-07,0.17@2021-07,130@2021-07,,"Additional piping and looping between two station areas in Lincoln County, Wyoming",0.17,west-ne-ak
pony express pipeline conversion project|km interstate pipeline co,2018-05,2026-08,EIA-NaturalGasPipelineProjectsAug2026.xlsx,Historical Projects (1996-2024),768,28,Pony Express Pipeline Conversion Project,KM Interstate Pipeline Co,Conversion,Completed,2014-05-02,2014,"WY,CO,NE,KS",WY,KS,,-500,-255,,Interstate,FERC,CP12-495,,,Completed@2018-05,2014@2018-05,,-500@2018-05,-255@2018-05,,,-500.0,west-ne-ak
portland xpress project phase 1 can to me|portland natural gas transmission system,2018-05,2026-08,EIA-NaturalGasPipelineProjectsAug2026.xlsx,Historical Projects (1996-2024),919,28,Portland Xpress Project Phase 1 (CAN to ME),Portland Natural Gas Transmission System,Expansion,Completed,2018-11-01,2018,"QU,NH,ME",QU,ME,80,,39.841,,Interstate,FERC,CP18-251,,http://www.pngts.com/expansion/,Applied@2018-05 > Completed@2019-01,2018@2018-05,80@2019-01,,39.841@2018-05,,Imports from Canada rose from 210 to 274.216 MMcf/d; no new construction,,west-ne-ak
portland xpress project phase 1 me to ma|portland natural gas transmission system,2018-05,2026-08,EIA-NaturalGasPipelineProjectsAug2026.xlsx,Historical Projects (1996-2024),920,28,Portland Xpress Project Phase 1 (ME to MA),Portland Natural Gas Transmission System,Expansion,Completed,2018-11-01,2018,"ME,NH,MA",ME,MA,,,1.641,,Interstate,FERC,CP18-251,,http://www.pngts.com/expansion/,Applied@2018-05 > Completed@2019-01,2018@2018-05,,,1.641@2018-05,,no new construction,,west-ne-ak
pratt compressor upgrade|equitrans,2018-05,2026-08,EIA-NaturalGasPipelineProjectsAug2026.xlsx,Historical Projects (1996-2024),655,28,Pratt Compressor Upgrade,Equitrans,Expansion,Completed,2010-09-25,2010,"WV,PA",WV,PA,,,77,,Interstate,FERC,CP10-46,,,Completed@2018-05,2010@2018-05,,,77@2018-05,,,,appalachian-se
princeton lateral project|northern border pipeline,2018-05,2026-08,EIA-NaturalGasPipelineProjectsAug2026.xlsx,Historical Projects (1996-2024),703,28,Princeton Lateral Project,Northern Border Pipeline,Expansion,Completed,2011-10-26,2011,IL,IL,IL,18.4,8.65,120,16,Interstate,FERC,CP10-468,,,Completed@2018-05,2011@2018-05,18.4@2018-05,8.65@2018-05,120@2018-05,16@2018-05,,8.65,midcon-north
project maple|algonquin gas transmission,2024-04,2026-01,EIA-NaturalGasPipelineProjects_Jan2026.xlsx,Natural Gas Pipeline Projects,95,8,Project Maple,Algonquin Gas Transmission,Expansion,Announced,,2029,"NY,MA",NY,MA,,na,750,,Interstate,FERC,,,Open Season Announcement,Announced@2024-04,2029@2024-04,,na@2025-10,750@2024-04,,"Open Season ended Nov 17, 2023. Project to increase supplies from Appalachia into New England by increasing capacity at the Ramapo receipt point in NY  (350-500 mmcfd), with possible expansion at the Salem receipt point in MA (250 mmcfd). Ramapo receipt pt interconnects with Millenium p/l; the Salem receipt pt interconnects with Maritimes and Northeast p/l. Both receipt points will offer delivery to existing meters on the Alqonquin mainline and/or laterals.",,west-ne-ak
project type|,2018-05,2026-08,EIA-NaturalGasPipelineProjectsAug2026.xlsx,Definitions,5,28,Project Type,,,,,,,,,,,,,,,,,,,,,,,,,,unassigned
questar fidlar station expansion|questar pipeline,2018-05,2026-08,EIA-NaturalGasPipelineProjectsAug2026.xlsx,Historical Projects (1996-2024),163,28,Questar Fidlar Station Expansion,Questar Pipeline,Expansion,Completed,2000-11-01,2000,UT,UT,UT,3.3,,280,,Interstate,FERC,CP00-41,,,Completed@2018-05,2000@2018-05,3.3@2018-05,,280@2018-05,,,,west-ne-ak
questar greasewood station|questar pipeline,2018-05,2026-08,EIA-NaturalGasPipelineProjectsAug2026.xlsx,Historical Projects (1996-2024),587,28,Questar Greasewood Station,Questar Pipeline,Expansion,Completed,2009-02-12,2009,"UT,CO",UT,CO,20.5,,122.5,,Interstate,FERC,CP08-405,,,Completed@2018-05,2009@2018-05,20.5@2018-05,,122.5@2018-05,,,,west-ne-ak
questar greesewood meeker expansion|questar pipeline,2018-05,2026-08,EIA-NaturalGasPipelineProjectsAug2026.xlsx,Historical Projects (1996-2024),486,28,Questar Greesewood/Meeker Expansion,Questar Pipeline,Expansion,Completed,2008-01-15,2008,"UT,CO",UT,CO,12,,75,24,Interstate,FERC,na,,,Completed@2018-05,2008@2018-05,12@2018-05,,75@2018-05,24@2018-05,,,west-ne-ak
questar jurisdictional tap line jtl 113|questar pipeline,2018-05,2026-08,EIA-NaturalGasPipelineProjectsAug2026.xlsx,Historical Projects (1996-2024),353,28,Questar Jurisdictional Tap Line (JTL) 113,Questar Pipeline,Lateral,Completed,2004-12-10,2004,UT,UT,UT,15.56,13.4,190,20,Interstate,FERC,CP04-335,,,Completed@2018-05,2004@2018-05,15.56@2018-05,13.4@2018-05,190@2018-05,20@2018-05,,13.4,west-ne-ak
questar kern expansion|questar pipeline,2018-05,2026-08,EIA-NaturalGasPipelineProjectsAug2026.xlsx,Historical Projects (1996-2024),284,28,Questar Kern Expansion,Questar Pipeline,Expansion,Completed,2003-05-01,2003,WY,WY,WY,0.5,,150,,Interstate,FERC,na,,,Completed@2018-05,2003@2018-05,0.5@2018-05,,150@2018-05,,,,west-ne-ak
questar lines 1 13 expansion|questar pipeline,2018-05,2026-08,EIA-NaturalGasPipelineProjectsAug2026.xlsx,Historical Projects (1996-2024),17,28,Questar Lines 1&13 Expansion,Questar Pipeline,Expansion,Completed,1996-11-01,1996,"WY,UT",WY,UT,0.18,,21,20,Interstate,FERC,CP96-627,,,Completed@2018-05,1996@2018-05,0.18@2018-05,,21@2018-05,20@2018-05,,,west-ne-ak
questar southern system expansion|questar pipeline,2018-05,2026-08,EIA-NaturalGasPipelineProjectsAug2026.xlsx,Historical Projects (1996-2024),277,28,Questar Southern System Expansion,Questar Pipeline,Expansion,Completed,2003-01-11,2003,CO,CO,CO,3.5,,90,,Interstate,FERC,na,,,Completed@2018-05,2003@2018-05,3.5@2018-05,,90@2018-05,,,,west-ne-ak
questar utah line 40 expansion|questar pipeline,2018-05,2026-08,EIA-NaturalGasPipelineProjectsAug2026.xlsx,Historical Projects (1996-2024),82,28,Questar Utah (Line 40) Expansion,Questar Pipeline,Expansion,Completed,1998-10-01,1998,UT,UT,UT,8.22,,55,20,Interstate,FERC,CP98-66,,,Completed@2018-05,1998@2018-05,8.22@2018-05,,55@2018-05,20@2018-05,,,west-ne-ak
rayne xpress project|columbia gulf transmission,2018-05,2026-08,EIA-NaturalGasPipelineProjectsAug2026.xlsx,Historical Projects (1996-2024),881,28,Rayne XPress Project,Columbia Gulf Transmission,Reversal,Completed,2017-12-01,2017,"KY,TN,MS,LA",KY,LA,400,,1100,,Interstate,FERC,CP15-539,,,Completed@2018-05,2017@2018-05,400@2018-05,,1100@2018-05,,,,appalachian-se
red river lateral|regency energy partners lp,2018-05,2026-08,EIA-NaturalGasPipelineProjectsAug2026.xlsx,Historical Projects (1996-2024),637,28,Red River Lateral,Regency Energy Partners LP,Expansion,Completed,2010-01-29,2010,LA,LA,LA,47,12.5,100,36,Intrastate,State,na,,,Completed@2018-05,2010@2018-05,47@2018-05,12.5@2018-05,100@2018-05,36@2018-05,,12.5,gulf
regent border station|regent resources ltd,2018-05,2026-08,EIA-NaturalGasPipelineProjectsAug2026.xlsx,Historical Projects (1996-2024),291,28,Regent Border Station,Regent Resources Ltd,Expansion,Completed,2003-09-01,2003,"AB,MT",AB,MT,0.2,4,20,4,Interstate,FERC,CP03-08,,,Completed@2018-05,2003@2018-05,0.2@2018-05,4@2018-05,20@2018-05,4@2018-05,,4.0,west-ne-ak
region s|,2018-05,2026-08,EIA-NaturalGasPipelineProjectsAug2026.xlsx,Definitions,36,28,Region(s),,,,,,,,,,,,,,,,,,,,,,,,,,unassigned
rex meeker to cheyenne expansion compressor|rockies express pipeline,2018-05,2026-08,EIA-NaturalGasPipelineProjectsAug2026.xlsx,Historical Projects (1996-2024),653,28,REX Meeker to Cheyenne Expansion Compressor,Rockies Express Pipeline,Expansion,Completed,2010-09-15,2010,"CO,WY",CO,WY,78,,200,,Interstate,FERC,CP09-58,,,Completed@2018-05,2010@2018-05,78@2018-05,,200@2018-05,,,,west-ne-ak
river neck to kingsburg project|dominion energy south carolina,2021-10,2022-10,EIA-NaturalGasPipelineProjects_Oct2022.xlsx,Natural Gas Pipeline Projects,106,3,River Neck to Kingsburg Project,Dominion Energy South Carolina,Expansion,Announced,,2022,SC,SC,SC,,15,,16,Intrastate,PSC SC,,,https://www.dominionenergy.com/projects-and-facilities/natural-gas-projects/river-neck-to-kingsburg-pipeline-project,Announced@2021-10,2022@2021-10,,15@2021-10,,16@2021-10,"Provide additional capacity and expand service in Florence, South Carolina",15.0,appalachian-se
rivervale south to market project|transcontinental gas pipeline,2018-08,2026-08,EIA-NaturalGasPipelineProjectsAug2026.xlsx,Historical Projects (1996-2024),967,27,Rivervale South to Market Project,Transcontinental Gas Pipeline,Expansion,Completed,2019-09-03,2019,NJ,NJ,NJ,127.6,0.61,190,42,Interstate,FERC,CP17-490,,,Applied@2018-08 > Construction@2019-01 > Part Completed@2019-07 > Completed@2019-10,2019@2018-08,127.6@2018-08,0.61@2018-08,190@2018-08,42@2018-08,Transfer supply from interconnect with TGP to Manhattan Meter Station and Mercer pool,0.61,west-ne-ak
rochester project|northwest natural gas co,2019-07,2019-07,EIA-NaturalGasPipelineProjects_July2019.xlsx,Natural Gas Pipeline Projects,127,1,Rochester Project,Northwest Natural Gas Co,Lateral,Construction,,2019,MN,MN,MN,31.416,12.3,37.093,16,,FERC,CP18-534,,http://www.northernnaturalgas.com/expansionprojects/Pages/NorthernLights2019-Rochester.aspx,Construction@2019-07,2019@2019-07,31.416@2019-07,12.3@2019-07,37.093@2019-07,16@2019-07,,12.3,midcon-north
rock springs expansion|transcontinental gas pipeline,2018-05,2026-08,EIA-NaturalGasPipelineProjectsAug2026.xlsx,Historical Projects (1996-2024),822,28,Rock Springs Expansion,Transcontinental Gas Pipeline,Lateral,Completed,2016-08-01,2016,"PA,MD",PA,MD,80,11,192,20,Interstate,FERC,CP14-504,,,Completed@2018-05,2016@2018-05,80@2018-05,11@2018-05,192@2018-05,20@2018-05,,11.0,appalachian-se
rose lake expansion project|tennessee gas pipeline co,2018-05,2026-08,EIA-NaturalGasPipelineProjectsAug2026.xlsx,Historical Projects (1996-2024),779,28,Rose Lake Expansion Project,Tennessee Gas Pipeline Co,Expansion,Completed,2014-10-27,2014,PA,PA,PA,92,0,230,,Interstate,FERC,CP13-3,,,Completed@2018-05,2014@2018-05,92@2018-05,0@2018-05,230@2018-05,,,0.0,appalachian-se
ryckman creek lateral loop project|northwest pipeline llc williams,2026-05,2026-08,EIA-NaturalGasPipelineProjectsAug2026.xlsx,Natural Gas Pipeline Projects,104,2,Ryckman Creek Lateral Loop Project,Northwest Pipeline LLC (Williams),Lateral,Applied,,2026,WY,WY,WY,,6.75,30,12,Intrastate,,,Storage (Spire Storage),Project website,Applied@2026-05,2026@2026-05,,6.75@2026-05,30@2026-05,12@2026-05,"Blanket-certificate lateral loop on Northwest's system: 6.75 miles of 12-inch looping pipeline plus modifications to the Kemmerer 98-4 Valve Site and the Spire Double D Meter Station, all in Uinta County, WY. Adds 30,278 Dth/d of firm transportation to and from the Double D meter station, which interconnects with the Spire Storage facility. Target in-service Q4 2026.",6.75,west-ne-ak
sabinsville to morrisville project|dominion transmission,2018-05,2026-08,EIA-NaturalGasPipelineProjectsAug2026.xlsx,Historical Projects (1996-2024),760,28,Sabinsville to Morrisville Project,Dominion Transmission,Expansion,Completed,2013-11-01,2013,PA,PA,PA,16.76,3.6,92,24,Interstate,FERC,CP12-20,,,Completed@2018-05,2013@2018-05,16.76@2018-05,3.6@2018-05,92@2018-05,24@2018-05,,3.6,appalachian-se
saguaro border facility|saguaro connector pipeline llc,2026-08,2026-08,EIA-NaturalGasPipelineProjectsAug2026.xlsx,Natural Gas Pipeline Projects,107,1,Saguaro - Border Facility,"Saguaro Connector Pipeline, LLC",Lateral,Approved,,2028,"TX,MX",TX,MX,9.5,0.1,2800 (total project),48,Interstate,FERC,,,FERC Order,Approved@2026-08,2028@2026-08,9.5@2026-08,0.1@2026-08,2800 (total project)@2026-08,48@2026-08,"~1,000-foot, 48-inch Section 3 border-crossing facility beneath the Rio Grande in Hudspeth County, TX, interconnecting ONEOK's intrastate Saguaro Connector with Sierra Madre Pipeline in Chihuahua, Mexico. Design capacity 2.834 Bcf/d. FERC Order issued February 2024; D.C. Circuit denied petition for review in 2025. On 4/10/2026 Saguaro filed a request for extension of time citing delays in Mexico LNG off-take (Mexico Pacific) and ongoing commercial negotiations; construction not yet started.",0.1,tx-permian
salem lateral project|algonquin gas transmission,2018-05,2026-08,EIA-NaturalGasPipelineProjectsAug2026.xlsx,Historical Projects (1996-2024),835,28,Salem Lateral Project,Algonquin Gas Transmission,Lateral,Completed,2016-11-30,2016,MA,MA,MA,63,1.2,115,16,Interstate,FERC,CP14-522,,,Completed@2018-05,2016@2018-05,63@2018-05,1.2@2018-05,115@2018-05,16@2018-05,,1.2,west-ne-ak
salt river landfill line|srg saltriver group inc,2018-05,2026-08,EIA-NaturalGasPipelineProjectsAug2026.xlsx,Historical Projects (1996-2024),384,28,Salt River Landfill Line,SRG (Saltriver Group) Inc,Lateral,Completed,2005-12-15,2005,AZ,AZ,AZ,2,3.2,1.7,12,Intrastate,State,na,,,Completed@2018-05,2005@2018-05,2@2018-05,3.2@2018-05,1.7@2018-05,12@2018-05,,3.2,west-ne-ak
saltville storage lateral|saltville gas storage co,2018-05,2026-08,EIA-NaturalGasPipelineProjectsAug2026.xlsx,Historical Projects (1996-2024),305,28,Saltville Storage Lateral,Saltville Gas Storage Co,Lateral,Completed,2003-11-01,2003,VA,VA,VA,5.39,6.7,550,24,Interstate,FERC,CP04-13,,,Completed@2018-05,2003@2018-05,5.39@2018-05,6.7@2018-05,550@2018-05,24@2018-05,,6.7,appalachian-se
samalayuca crossing|el paso natural gas,2018-05,2026-08,EIA-NaturalGasPipelineProjectsAug2026.xlsx,Historical Projects (1996-2024),751,28,Samalayuca Crossing,El Paso Natural Gas,Expansion,Completed,2013-08-01,2013,"TX,MX",TX,MX,,,237,,Interstate,FERC,CP12-74,,,Completed@2018-05,2013@2018-05,,,237@2018-05,,,,tx-permian
sdg e project vecinos|san diego gas elec co,2018-05,2026-08,EIA-NaturalGasPipelineProjectsAug2026.xlsx,Historical Projects (1996-2024),146,28,SDG&E Project Vecinos,San Diego Gas & Elec Co,Expansion,Completed,2000-02-01,2000,"CA,MX",CA,MX,7,5,300,30,Interstate,FERC,CP93-117,,,Completed@2018-05,2000@2018-05,7@2018-05,5@2018-05,300@2018-05,30@2018-05,,5.0,west-ne-ak
semco southern plant line|semco energy co,2018-05,2026-08,EIA-NaturalGasPipelineProjectsAug2026.xlsx,Historical Projects (1996-2024),212,28,Semco Southern Plant Line,Semco Energy Co,Lateral,Completed,2001-11-01,2001,MI,MI,MI,,5,120,,Intrastate,State,na,,,Completed@2018-05,2001@2018-05,,5@2018-05,120@2018-05,,,5.0,midcon-north
sesh expansion project|southeast supply header llc,2018-05,2026-08,EIA-NaturalGasPipelineProjectsAug2026.xlsx,Historical Projects (1996-2024),809,28,SESH Expansion Project,Southeast Supply Header LLC,Expansion,Completed,2015-11-12,2015,"MS,AL",MS,AL,47.8,,45,,Interstate,FERC,CP14-87,,,Completed@2018-05,2015@2018-05,47.8@2018-05,,45@2018-05,,,,gulf
shippingport lateral project|national fuel gas company nfg,2025-10,2026-01,EIA-NaturalGasPipelineProjects_Jan2026.xlsx,Natural Gas Pipeline Projects,106,2,Shippingport Lateral Project,"National Fuel Gas Company (NFG),",Lateral,Applied,,2026,PA,PA,PA,,7,190,,Intrastate,FERC,CP25-541,Power,FERC filing,Applied@2025-10,2026@2025-10,,7@2025-10,190@2025-10,,7-mile pipeline expansion off the Line N system in Western PA to feed natural gas to the Shippingport Power Station,7.0,appalachian-se
shippingport lateral project|national fuel gas supply corporation,2026-05,2026-08,EIA-NaturalGasPipelineProjectsAug2026.xlsx,Natural Gas Pipeline Projects,109,2,Shippingport Lateral Project,National Fuel Gas Supply Corporation,Lateral,Applied,,2026,PA,PA,PA,57.3,7.26,205,24,Intrastate,FERC,,Power,FERC filing,Applied@2026-05,2026@2026-05,57.3@2026-05,7.26@2026-05,205@2026-05,24@2026-05,"7.26 miles of 24-inch lateral off Line N with a new meter and regulator station in Beaver and Mercer Counties, PA, delivering 205,000 Dth/d of firm transportation to the new Shippingport Power Station (gas-fired conversion of the retired Bruce Mansfield coal plant). FERC received all required permits; on track for late 2026 in-service.",7.26,appalachian-se
sierra border station|sierra production co,2018-05,2026-08,EIA-NaturalGasPipelineProjectsAug2026.xlsx,Historical Projects (1996-2024),297,28,Sierra Border Station,Sierra Production Co,Expansion,Completed,2003-10-04,2003,"AB,MT",AB,MT,0.2,1.5,24,6,Interstate,FERC,CP01-416,,,Completed@2018-05,2003@2018-05,0.2@2018-05,1.5@2018-05,24@2018-05,6@2018-05,,1.5,west-ne-ak
socal 2001 expansion|southern california gas co,2018-05,2026-08,EIA-NaturalGasPipelineProjectsAug2026.xlsx,Historical Projects (1996-2024),223,28,SoCal 2001 Expansion,Southern California Gas Co,Expansion,Completed,2001-12-31,2001,CA,CA,CA,15,,175,,Intrastate,State,na,,,Completed@2018-05,2001@2018-05,15@2018-05,,175@2018-05,,,,west-ne-ak
socal calexico mexicali crossing|southern california gas co,2018-05,2026-08,EIA-NaturalGasPipelineProjectsAug2026.xlsx,Historical Projects (1996-2024),33,28,SoCal Calexico/Mexicali Crossing,Southern California Gas Co,Expansion,Completed,1997-07-01,1997,"CA,MX",CA,MX,0.25,1,25,16,Interstate,FERC,na,,,Completed@2018-05,1997@2018-05,0.25@2018-05,1@2018-05,25@2018-05,16@2018-05,,1.0,west-ne-ak
sonat cypress 2008 phase 2|southern natural gas co,2018-05,2026-08,EIA-NaturalGasPipelineProjectsAug2026.xlsx,Historical Projects (1996-2024),499,28,SONAT Cypress 2008 Phase 2,Southern Natural Gas Co,Expansion,Completed,2008-04-01,2008,GA,GA,GA,21,,100,,Interstate,FERC,CP05-388,,,Completed@2018-05,2008@2018-05,21@2018-05,,100@2018-05,,,,appalachian-se
sonat dallas lateral|southern natural gas co,2018-05,2026-08,EIA-NaturalGasPipelineProjectsAug2026.xlsx,Historical Projects (1996-2024),98,28,SONAT Dallas Lateral,Southern Natural Gas Co,Lateral,Completed,1998-11-01,1998,AL,AL,AL,4.2,3.3,34.9,30,Interstate,FERC,CP97-691,,,Completed@2018-05,1998@2018-05,4.2@2018-05,3.3@2018-05,34.9@2018-05,30@2018-05,,3.3,gulf
sonat north main loop replacement|southern natural gas co,2018-05,2026-08,EIA-NaturalGasPipelineProjectsAug2026.xlsx,Historical Projects (1996-2024),453,28,SONAT North Main Loop Replacement,Southern Natural Gas Co,Expansion,Completed,2007-09-17,2007,AL,AL,AL,10.4,9.61,,,Interstate,FERC,CP07-28,,,Completed@2018-05,2007@2018-05,10.4@2018-05,9.61@2018-05,,,,9.61,gulf
sonat north system expansion|southern natural gas co,2018-05,2026-08,EIA-NaturalGasPipelineProjectsAug2026.xlsx,Historical Projects (1996-2024),306,28,SONAT North System Expansion,Southern Natural Gas Co,Lateral,Completed,2003-11-01,2003,AL,AL,AL,24.9,5,33,"16,20,24",Interstate,FERC,CP01-161,,,Completed@2018-05,2003@2018-05,24.9@2018-05,5@2018-05,33@2018-05,"24,20,16@2018-05 > 16,20,24@2022-01",,5.0,gulf
sonat wrens station expansion|southern natural gas co,2018-05,2026-08,EIA-NaturalGasPipelineProjectsAug2026.xlsx,Historical Projects (1996-2024),217,28,SONAT Wrens Station Expansion,Southern Natural Gas Co,Expansion,Completed,2001-11-15,2001,GA,GA,GA,5.69,,20,,Interstate,FERC,CP00-231,,,Completed@2018-05,2001@2018-05,5.69@2018-05,,20@2018-05,,,,appalachian-se
sonatsouth ga expansion|southern natural gas co,2018-05,2026-08,EIA-NaturalGasPipelineProjectsAug2026.xlsx,Historical Projects (1996-2024),203,28,SONATSouth GA Expansion,Southern Natural Gas Co,Expansion,Completed,2001-10-18,2001,"AL,GA",AL,GA,6.2,7.1,17,16,Interstate,FERC,CP01-35,,,Completed@2018-05,2001@2018-05,6.2@2018-05,7.1@2018-05,17@2018-05,16@2018-05,,7.1,gulf
sonatsouthern zone 2 3 ga sc al|southern natural gas co,2018-05,2026-08,EIA-NaturalGasPipelineProjectsAug2026.xlsx,Historical Projects (1996-2024),99,28,SONATSouthern Zone 2&3 -GA-SC-AL,Southern Natural Gas Co,Expansion,Completed,1998-11-01,1998,"AL,TN,GA",AL,GA,52.2,10,65,"8,16,30",Interstate,FERC,CP97-526,,,Completed@2018-05,1998@2018-05,52.2@2018-05,10@2018-05,65@2018-05,"30,16,8@2018-05 > 8,16,30@2022-01",,10.0,gulf
south mist storage link phase iv|northwest natural gas co,2018-05,2026-08,EIA-NaturalGasPipelineProjectsAug2026.xlsx,Historical Projects (1996-2024),319,28,South Mist Storage Link Phase IV,Northwest Natural Gas Co,Lateral,Completed,2003-12-12,2003,OR,OR,OR,19,11.7,320,24,Intrastate,State,na,,,Completed@2018-05,2003@2018-05,19@2018-05,11.7@2018-05,320@2018-05,24@2018-05,,11.7,west-ne-ak
south seattle delivery lateral expansion|puget sound energy,2018-05,2026-08,EIA-NaturalGasPipelineProjectsAug2026.xlsx,Historical Projects (1996-2024),755,28,South Seattle Delivery Lateral Expansion,Puget Sound Energy,Lateral,Completed,2013-09-26,2013,WA,WA,WA,,4,75,16,Interstate,FERC,CP12-471,,,Completed@2018-05,2013@2018-05,,4@2018-05,75@2018-05,16@2018-05,,4.0,west-ne-ak
south system 2022 project|southern natural gas,2023-04,2026-08,EIA-NaturalGasPipelineProjectsAug2026.xlsx,Historical Projects (1996-2024),1079,14,South System 2022 Project,Southern Natural Gas,Expansion,Completed,2022-11-20,2023,"AL,GA",AL,GA,14.3,3,25.5,36,Interstate,FERC,CP22-23,,,Construction@2023-04 > Completed@2024-10,2023@2023-04 > 2024@2024-01 > 2023@2024-10,14.3@2023-04,3@2023-04,25.5@2023-04,36@2023-04,"3 miles of looping pipe to enable additional capacity serving Spire Alabama, Municipal Gas Authority of Georgia, and Southeast Alabama Gas District",3.0,gulf
south texas expansion project|enbridge energy pipeline co,2019-01,2026-08,EIA-NaturalGasPipelineProjectsAug2026.xlsx,Historical Projects (1996-2024),929,26,South Texas Expansion Project,Enbridge Energy Pipeline Co,Reversal,Completed,2018-11-28,2018,TX,TX,TX,137.3,,396,,Interstate,FERC,CP15-499,,https://www.enbridge.com/projects-and-infrastructure/projects/south-texas-expansion-project,Completed@2019-01,2018@2019-01,137.3@2019-01,,396@2019-01,,Additional capacity along entire TX Gulf Coast to supply Mexican market; CFE sole shipper; will connect to Valley Crossing/Texas-Tuxpan pipeline,,tx-permian
south texas expansion project|texas eastern transmission,2018-05,2018-08,EIA-NaturalGasPipelineProjects_Aug2018.xlsx,Natural Gas Pipeline Projects,145,2,South Texas Expansion Project,Texas Eastern Transmission,Reversal,Construction,,2018,"TX,MX",TX,MX,137.3,,396,,Interstate,FERC,CP15-499,,https://www.enbridge.com/projects-and-infrastructure/projects/south-texas-expansion-project,Construction@2018-05,2018@2018-05,137.3@2018-05,,396@2018-05,,Additional capacity along entire TX Gulf Coast to supply Mexican market,,tx-permian
south texas to houston market expansion project|kinder morgan tejas,2026-05,2026-08,EIA-NaturalGasPipelineProjectsAug2026.xlsx,Historical Projects (1996-2024),1198,2,South Texas to Houston Market Expansion Project,Kinder Morgan (Tejas),Expansion,Completed,2025-06-01,2025,TX,TX,TX,145,14,781,,Intrastate,,,LNG,KMI 2025 10-K,Completed@2026-05,2025@2026-05,145@2026-05,14@2026-05,781@2026-05,,Two-phase intrastate expansion on the Tejas mainline in Texas adding ~0.781 Bcf/d of capacity toward Houston-area markets. Phase 1 (compression-only) in service Feb 2025; Phase 2 (14 miles of looping) in service June 2025. Supported by long-term contracts.,14.0,tx-permian
south texas to houston market expansion project|kinder morgan tejas pipeline,2024-01,2026-01,EIA-NaturalGasPipelineProjects_Jan2026.xlsx,Natural Gas Pipeline Projects,109,9,South Texas to Houston Market Expansion Project,Kinder Morgan Tejas Pipeline,Expansion,Construction,,2026,TX,TX,TX,154,14,350,,Intrastate,,,LNG,"KM 3Q24 results
https://s24.q4cdn.com/126708163/files/doc_financials/2024/ar/KMI-2024-10K-Final-wo-Exhibits.pdf",Construction@2024-01,2024@2024-01 > 2025@2024-04 > 2026@2025-10,97@2024-01 > 154@2024-10,14@2025-10,350@2024-01 > 500@2024-10 > 350@2025-07,,"The project will add compression on its mainline to increase natural gas deliveries to Houston. Phase 1 (1Q25) adds compression, while Phase 2 (3Q25, definitive agreements signed) involves 14 miles of pipeline looping. Together, these projects provide approximately 0.5 Bcf/d to key markets.",14.0,tx-permian
south to north project|iroquois pipeline co,2018-05,2026-08,EIA-NaturalGasPipelineProjectsAug2026.xlsx,Historical Projects (1996-2024),1165,28,South to North project,Iroquois Pipeline Co,Reversal,On Hold,,,"NY,CN",NY,CN,55,0,650,,Interstate,FERC,,,http://www.iroquois.com/project/sono/SoNo_OpenSeasonBrochure_1_12_15.pdf,On Hold@2018-05,2018@2018-05 > na@2019-10,55@2018-05,0@2018-05,650@2018-05,,No updates available since 2015 and not on Iroquois's website; needs Constitution pipeline built,0.0,west-ne-ak
southeast energy corridor project|transcontinental gas pipeline,2022-10,2024-04,EIA-NaturalGasPipelineProjects_Apr2024.xlsx,Natural Gas Pipeline Projects,112,7,Southeast Energy Corridor Project,Transcontinental Gas Pipeline,Expansion,Approved,,2025,AL,AL,AL,154.9,1.9,150,42,Interstate,FERC,CP22-501,Power,FERC Order,Applied@2022-10 > Approved@2024-01,2025@2022-10,154.9@2022-10,1.9@2022-10,150@2022-10,42@2022-10,"1.9 miles of new pipe and an 11,110 HP compressor station in Chilton and Coosa Counties, AL to provide new capacity to serve Unit 5 of the Earnest C. Gaston power plant in Shelby Cty, AL.",1.9,gulf
southside connector distribution project|virginia natural gas,2019-01,2026-08,EIA-NaturalGasPipelineProjectsAug2026.xlsx,Historical Projects (1996-2024),951,26,Southside Connector Distribution Project,Virginia Natural Gas,New Pipeline,Completed,2019-03-01,2019,VA,VA,VA,,9,,24,Intrastate,,,LDC,https://www.virginianaturalgas.com/-/media/Files/VNG/Work%20in%20your%20neighborhood/Completed%20Projects/18270_VNG_SSConnector_Project_factsheet.pdf,Construction@2019-01 > Completed@2019-10,2019@2019-01,,9@2019-01,,24@2019-01,"Bring more natural gas from Southern Co. system from the north into Virgina markets for distribution; connects supplies between two regions.  As of Dec 2018, project 93% complete",9.0,appalachian-se
southwest delaware county extension|columbia gas of ohio,2018-05,2026-08,EIA-NaturalGasPipelineProjectsAug2026.xlsx,Historical Projects (1996-2024),470,28,Southwest Delaware County Extension,Columbia Gas of Ohio,Expansion,Completed,2007-12-01,2007,OH,OH,OH,13.5,10,100,16,Intrastate,State,na,,,Completed@2018-05,2007@2018-05,13.5@2018-05,10@2018-05,100@2018-05,16@2018-05,,10.0,appalachian-se
southwest louisiana supply project|tennessee gas pipeline co,2018-05,2026-08,EIA-NaturalGasPipelineProjectsAug2026.xlsx,Historical Projects (1996-2024),889,28,Southwest Louisiana Supply Project,Tennessee Gas Pipeline Co,Reversal,Completed,2018-03-09,2018,"KY,TN,MS,AR, LA",KY,LA,170,2.4,900,,Interstate,FERC,CP16-12,,https://www.kindermorgan.com/pages/business/gas_pipelines/east/swlouisianasupply/default.aspx,Completed@2018-05,2018@2018-05,170@2018-05,2.4@2018-05,900@2018-05,,Allows for bidirectional flow on line 800 (KY/TN to LA); supplies Cameron LNG,2.4,appalachian-se
sstar waynoka lateral|southern star central gas pipeline,2021-01,2026-08,EIA-NaturalGasPipelineProjectsAug2026.xlsx,Historical Projects (1996-2024),451,20,SSTAR Waynoka Lateral,Southern Star Central Gas Pipeline,Lateral,Completed,2007-09-01,2007,OK,OK,OK,11.2,14.5,175,20,Interstate,FERC,na,,,Completed@2021-01,2007@2021-01,11.2@2021-01,14.5@2021-01,175@2021-01,20@2021-01,,14.5,midcon-north
sstar waynoka lateral|southern star central pl co,2018-05,2020-03,EIA-NaturalGasPipelineProjects_March2020.xlsx,Historical Projects (1996-2019),535,8,SSTAR Waynoka Lateral,Southern Star Central PL Co,Lateral,Completed,2007-09-01,2007,OK,OK,OK,11.2,14.5,175,20,Interstate,FERC,na,,,Completed@2018-05,2007@2018-05,11.2@2018-05,14.5@2018-05,175@2018-05,20@2018-05,,14.5,midcon-north
st charles parish expansion project|gulf south pipeline,2018-05,2026-08,EIA-NaturalGasPipelineProjectsAug2026.xlsx,Historical Projects (1996-2024),917,28,St. Charles Parish Expansion Project,Gulf South Pipeline,Expansion,Completed,2018-10-31,2018,LA,LA,LA,29.7,1,133.33,24,Intrastate,FERC,CP16-478-000,,http://www.gulfsouthpl.com/ExpansionProjects.aspx?id=4294967564,Construction@2018-05 > Completed@2019-01,2018@2018-05,29.7@2018-05,1@2018-05,133.33@2018-05,24@2018-05,Connects to proposed 980 MW CC electric power plant,1.0,gulf
st charles project|dominion cove point lng pl co,2018-05,2026-08,EIA-NaturalGasPipelineProjectsAug2026.xlsx,Historical Projects (1996-2024),818,28,St. Charles Project,Dominion Cove Point LNG PL Co,Expansion,Completed,2016-05-27,2016,"VA,MD",VA,MD,31,,132,,Interstate,FERC,CP15-22,,,Completed@2018-05,2016@2018-05,31@2018-05,,132@2018-05,,,,appalachian-se
st james supply project|transcontinental gas pipeline,2018-05,2026-08,EIA-NaturalGasPipelineProjectsAug2026.xlsx,Historical Projects (1996-2024),955,28,St. James Supply Project,Transcontinental Gas Pipeline,Lateral,Completed,2019-04-02,2019,LA,LA,LA,33.5,0.72,162,20,Interstate,FERC,CP17-58,Industrial,,Approved@2018-05 > Construction@2018-08 > Completed@2019-05,2019@2018-05,33.5@2018-05,0.72@2018-05,162@2018-05,20@2018-05,Delivery to new methanol plant being constructied in St. James Parrish by Shangdog Yuhuang Chemical,0.72,gulf
stagecoach north lateral|central new york oil gas,2018-05,2026-08,EIA-NaturalGasPipelineProjectsAug2026.xlsx,Historical Projects (1996-2024),567,28,Stagecoach North Lateral,Central New York Oil & Gas,Lateral,Completed,2008-12-01,2008,NY,NY,NY,16,9,400,24,Interstate,FERC,CP06-64,,,Completed@2018-05,2008@2018-05,16@2018-05,9@2018-05,400@2018-05,24@2018-05,,9.0,west-ne-ak
stagecoach south lateral|central new york oil gas,2018-05,2026-08,EIA-NaturalGasPipelineProjectsAug2026.xlsx,Historical Projects (1996-2024),425,28,Stagecoach South Lateral,Central New York Oil & Gas,Lateral,Completed,2006-12-12,2006,NY,NY,NY,10,6,500,20,Interstate,FERC,CP06-64,,,Completed@2018-05,2006@2018-05,10@2018-05,6@2018-05,500@2018-05,20@2018-05,,6.0,west-ne-ak
stanfield south project|northwest pipeline llc,2026-01,2026-01,EIA-NaturalGasPipelineProjects_Jan2026.xlsx,Natural Gas Pipeline Projects,115,1,Stanfield South Project,"Northwest Pipeline, LLC",Expansion,Completed,2025-09-30,2025,"OR,ID",OR,ID,,0,80,,Interstate,,,,https://www.sec.gov/Archives/edgar/data/107263/000119312525057293/d877727dars.pdf,Completed@2026-01,2025@2026-01,,0@2026-01,80@2026-01,,Part of Northwest Pipeline Expansion;  will provide year-round transportation capacity from the Stanfield receipt point in Oregon to multiple delivery points in Idaho,0.0,west-ne-ak
stanfield south project|williams,2025-10,2025-10,EIA-NaturalGasPipelineProjects_Oct2025.xlsx,Natural Gas Pipeline Projects,122,1,Stanfield South Project,Williams,Expansion,Construction,,2025,OR,OR,OR,,0,80,,Intrastate,,,,https://www.sec.gov/Archives/edgar/data/107263/000119312525057293/d877727dars.pdf,Construction@2025-10,2025@2025-10,,0@2025-10,80@2025-10,,"The Stanfield South Project on NWP’s existing natural gas transmission system will provide year-round transportation capacity from the Stanfield receipt point in Oregon to multiple delivery points in Idaho. NWP plans to place the project into service as early as the fourth quarter of 2025, assuming timely receipt of all necessary regulatory approvals. The project is expected to increase capacity by 80 Mdth/d. This is part of the Northwest Pipeline expansion",0.0,west-ne-ak
stanfield south project|williams northwest pipeline,2026-05,2026-08,EIA-NaturalGasPipelineProjectsAug2026.xlsx,Historical Projects (1996-2024),1200,2,Stanfield South Project,Williams (Northwest Pipeline),Expansion,Completed,2025-09-30,2025,"OR,ID",OR,ID,,0,80,,Interstate,,,,NWN 2025 annual report (SEC),Completed@2026-05,2025@2026-05,,0@2026-05,80@2026-05,,"Component of Northwest Pipeline's bi-directional Expansion. Provides year-round transportation capacity from Stanfield receipt point in Oregon to multiple delivery points in Idaho. Placed in service September 30, 2025.",0.0,west-ne-ak
state s|,2018-05,2026-08,EIA-NaturalGasPipelineProjectsAug2026.xlsx,Definitions,35,28,State(s),,,,,,,,,,,,,,,,,,,,,,,,,,unassigned
stateline pipeline project|mdu resources group,2018-05,2026-08,EIA-NaturalGasPipelineProjectsAug2026.xlsx,Historical Projects (1996-2024),721,28,Stateline Pipeline Project,MDU Resources Group,Lateral,Completed,2012-08-01,2012,ND,ND,ND,,13,146,,Intrastate,State,na,,,Completed@2018-05,2012@2018-05,,13@2018-05,146@2018-05,,,13.0,midcon-north
station 230c project|tennessee gas pipeline co,2018-05,2026-08,EIA-NaturalGasPipelineProjectsAug2026.xlsx,Historical Projects (1996-2024),724,28,Station 230C Project,Tennessee Gas Pipeline Co,Expansion,Completed,2012-10-16,2012,"NY,ON",NY,ON,60,,320,,Interstate,FERC,CP11-133,,,Completed@2018-05,2012@2018-05,60@2018-05,,320@2018-05,,,,west-ne-ak
status|,2018-05,2026-08,EIA-NaturalGasPipelineProjectsAug2026.xlsx,Definitions,18,28,Status,,,,,,,,,,,,,,,,,,,,,,,,,,unassigned
sulphur springs compression project|anr pipeline,2018-05,2026-08,EIA-NaturalGasPipelineProjectsAug2026.xlsx,Historical Projects (1996-2024),803,28,Sulphur Springs Compression Project,ANR Pipeline,Expansion,Completed,2015-10-22,2015,"OH,IN",OH,IN,183,,134,,Interstate,FERC,CP14-514,,,Completed@2018-05,2015@2018-05,183@2018-05,,134@2018-05,,,,appalachian-se
susquehanna west project|tennessee gas pipeline co,2018-05,2026-08,EIA-NaturalGasPipelineProjectsAug2026.xlsx,Historical Projects (1996-2024),862,28,Susquehanna West Project,Tennessee Gas Pipeline Co,Reversal,Completed,2017-08-30,2017,PA,PA,PA,156.4,8,145,36,Interstate,FERC,CP15-148,,,Completed@2018-05,2017@2018-05,156.4@2018-05,8@2018-05,145@2018-05,36@2018-05,,8.0,appalachian-se
sweden valley project|dominion energy transmission co,2018-08,2026-08,EIA-NaturalGasPipelineProjectsAug2026.xlsx,Historical Projects (1996-2024),1167,27,Sweden Valley Project,Dominion Energy Transmission Co,Expansion,Cancelled,,,"PA,OH",PA,OH,49.877,4.9,120,"20,24",Interstate,FERC,CP18-45,,,Applied@2018-08 > Cancelled@2019-10,2019@2018-08 > na@2019-10,49.877@2018-08,4.9@2018-08,120@2018-08,"20,24@2018-08",Delivery to TGP in OH,4.9,appalachian-se
system reliability project|eastern shore natural gas,2018-05,2026-08,EIA-NaturalGasPipelineProjectsAug2026.xlsx,Historical Projects (1996-2024),859,28,System Reliability Project,Eastern Shore Natural Gas,Expansion,Completed,2017-06-15,2017,DE,DE,DE,32,10,,16,Interstate,FERC,CP15-498,,,Completed@2018-05,2017@2018-05,32@2018-05,10@2018-05,,16@2018-05,,10.0,appalachian-se
t w phillips bionol clearfield pipeline proj|t w phillips pipeline corp,2018-05,2026-08,EIA-NaturalGasPipelineProjectsAug2026.xlsx,Historical Projects (1996-2024),634,28,T.W. Phillips Bionol Clearfield Pipeline Proj,T.W. Phillips Pipeline Corp,New Pipeline,Completed,2010-01-08,2010,PA,PA,PA,7.1,8,11.2,6,Interstate,FERC,CP09-3,,,Completed@2018-05,2010@2018-05,7.1@2018-05,8@2018-05,11.2@2018-05,6@2018-05,,8.0,appalachian-se
tcpl 2008 eastern service expansion|transcanada pipeline ltd,2018-05,2026-08,EIA-NaturalGasPipelineProjectsAug2026.xlsx,Historical Projects (1996-2024),544,28,TCPL 2008 Eastern Service Expansion,TransCanada Pipeline LTD,Expansion,Completed,2008-11-01,2008,"QU,VT",QU,VT,15,4.1,10,12,Interstate,NEB of Canada,na,,,Completed@2018-05,2008@2018-05,15@2018-05,4.1@2018-05,10@2018-05,12@2018-05,,4.1,west-ne-ak
tcpl system expansion chippawa|transcanada pipeline ltd,2018-05,2026-08,EIA-NaturalGasPipelineProjectsAug2026.xlsx,Historical Projects (1996-2024),52,28,TCPL System Expansion (Chippawa)),TransCanada Pipeline LTD,Expansion,Completed,1997-11-01,1997,"ON,NY",ON,NY,,,48,20,Interstate,NEB of Canada,na,,,Completed@2018-05,1997@2018-05,,,48@2018-05,20@2018-05,,,west-ne-ak
tcpl system expansion iroquois|transcanada pipeline ltd,2018-05,2026-08,EIA-NaturalGasPipelineProjectsAug2026.xlsx,Historical Projects (1996-2024),53,28,TCPL System Expansion (Iroquois),TransCanada Pipeline LTD,Expansion,Completed,1997-11-01,1997,"QU,NY",QU,NY,,,24.9,24,Interstate,NEB of Canada,na,,,Completed@2018-05,1997@2018-05,,,24.9@2018-05,24@2018-05,,,west-ne-ak
tcpl system expansion niagara|transcanada pipeline ltd,2018-05,2026-08,EIA-NaturalGasPipelineProjectsAug2026.xlsx,Historical Projects (1996-2024),54,28,TCPL System Expansion (Niagara),TransCanada Pipeline LTD,Expansion,Completed,1997-11-01,1997,"QU,NY",QU,NY,,,39.1,24,Interstate,NEB of Canada,na,,,Completed@2018-05,1997@2018-05,,,39.1@2018-05,24@2018-05,,,west-ne-ak
tcpl system expansion noyes|transcanada pipeline ltd,2018-05,2026-08,EIA-NaturalGasPipelineProjectsAug2026.xlsx,Historical Projects (1996-2024),55,28,TCPL System Expansion (Noyes),TransCanada Pipeline LTD,Expansion,Completed,1997-11-01,1997,"SK,MN",SK,MN,,,56.4,,Interstate,NEB of Canada,na,,,Completed@2018-05,1997@2018-05,,,56.4@2018-05,,,,midcon-north
tenneco can east leidy extn|tennessee gas pipeline co,2018-05,2026-08,EIA-NaturalGasPipelineProjectsAug2026.xlsx,Historical Projects (1996-2024),286,28,Tenneco Can-East/Leidy Extn,Tennessee Gas Pipeline Co,Expansion,Completed,2003-05-15,2003,"PA,NY",PA,NY,9.7,,150,,Interstate,FERC,CP02-46,,,Completed@2018-05,2003@2018-05,9.7@2018-05,,150@2018-05,,,,appalachian-se
tenneco carthage lateral expansion|tennessee gas pipeline co,2018-05,2026-08,EIA-NaturalGasPipelineProjectsAug2026.xlsx,Historical Projects (1996-2024),599,28,Tenneco Carthage Lateral Expansion,Tennessee Gas Pipeline Co,Lateral,Completed,2009-06-01,2009,"TX,LA",TX,LA,42,1.1,100,12,Interstate,FERC,CP08-27,,,Completed@2018-05,2009@2018-05,42@2018-05,1.1@2018-05,100@2018-05,12@2018-05,,1.1,tx-permian
tenneco concord lateral expansion|tennessee gas pipeline co,2018-05,2026-08,EIA-NaturalGasPipelineProjectsAug2026.xlsx,Historical Projects (1996-2024),622,28,Tenneco Concord Lateral Expansion,Tennessee Gas Pipeline Co,Expansion,Completed,2009-10-30,2009,NH,NH,NH,20.4,,30,,Interstate,FERC,CP08-65,,,Completed@2018-05,2009@2018-05 > 2001@2018-05 > 2009@2018-08 > 2001@2018-08 > 2009@2019-01 > 2001@2019-01 > 2009@2019-05 > 2001@2019-05 > 2009@2019-07 > 2001@2019-07 > 2009@2019-10 > 2001@2019-10 > 2009@2020-01 > 2001@2020-01 > 2009@2020-03 > 2001@2020-03 > 2009@2021-01 > 2001@2021-01 > 2009@2021-07 > 2001@2021-07 > 2009@2021-10 > 2001@2021-10 > 2009@2022-01 > 2001@2022-01 > 2009@2022-10 > 2001@2022-10 > 2009@2023-01 > 2001@2023-01 > 2009@2023-04 > 2001@2023-04 > 2009@2023-07 > 2001@2023-07 > 2009@2023-10 > 2001@2023-10 > 2009@2024-01 > 2001@2024-01 > 2009@2024-04 > 2001@2024-04 > 2009@2024-07 > 2001@2024-07 > 2009@2024-10 > 2001@2024-10 > 2009@2025-01 > 2001@2025-01 > 2009@2025-04 > 2001@2025-04 > 2009@2025-07 > 2001@2025-10 > 2009@2025-10 > 2001@2026-01 > 2009@2026-01 > 2001@2026-05 > 2009@2026-05 > 2001@2026-08 > 2009@2026-08,20.4@2018-05 > 32.4@2018-05 > 20.4@2018-08 > 32.4@2018-08 > 20.4@2019-01 > 32.4@2019-01 > 20.4@2019-05 > 32.4@2019-05 > 20.4@2019-07 > 32.4@2019-07 > 20.4@2019-10 > 32.4@2019-10 > 20.4@2020-01 > 32.4@2020-01 > 20.4@2020-03 > 32.4@2020-03 > 20.4@2021-01 > 32.4@2021-01 > 20.4@2021-07 > 32.4@2021-07 > 20.4@2021-10 > 32.4@2021-10 > 20.4@2022-01 > 32.4@2022-01 > 20.4@2022-10 > 32.4@2022-10 > 20.4@2023-01 > 32.4@2023-01 > 20.4@2023-04 > 32.4@2023-04 > 20.4@2023-07 > 32.4@2023-07 > 20.4@2023-10 > 32.4@2023-10 > 20.4@2024-01 > 32.4@2024-01 > 20.4@2024-04 > 32.4@2024-04 > 20.4@2024-07 > 32.4@2024-07 > 20.4@2024-10 > 32.4@2024-10 > 20.4@2025-01 > 32.4@2025-01 > 20.4@2025-04 > 32.4@2025-04 > 20.4@2025-07 > 32.4@2025-10 > 20.4@2025-10 > 32.4@2026-01 > 20.4@2026-01 > 32.4@2026-05 > 20.4@2026-05 > 32.4@2026-08 > 20.4@2026-08,19.3@2018-05,30@2018-05 > 126@2018-05 > 30@2018-08 > 126@2018-08 > 30@2019-01 > 126@2019-01 > 30@2019-05 > 126@2019-05 > 30@2019-07 > 126@2019-07 > 30@2019-10 > 126@2019-10 > 30@2020-01 > 126@2020-01 > 30@2020-03 > 126@2020-03 > 30@2021-01 > 126@2021-01 > 30@2021-07 > 126@2021-07 > 30@2021-10 > 126@2021-10 > 30@2022-01 > 126@2022-01 > 30@2022-10 > 126@2022-10 > 30@2023-01 > 126@2023-01 > 30@2023-04 > 126@2023-04 > 30@2023-07 > 126@2023-07 > 30@2023-10 > 126@2023-10 > 30@2024-01 > 126@2024-01 > 30@2024-04 > 126@2024-04 > 30@2024-07 > 126@2024-07 > 30@2024-10 > 126@2024-10 > 30@2025-01 > 126@2025-01 > 30@2025-04 > 126@2025-04 > 30@2025-07 > 126@2025-10 > 30@2025-10 > 126@2026-01 > 30@2026-01 > 126@2026-05 > 30@2026-05 > 126@2026-08 > 30@2026-08,20@2018-05,,,west-ne-ak
tenneco deepwater link project|tennessee gas pipeline co,2018-05,2026-08,EIA-NaturalGasPipelineProjectsAug2026.xlsx,Historical Projects (1996-2024),449,28,Tenneco Deepwater Link Project,Tennessee Gas Pipeline Co,New Pipeline,Completed,2007-07-01,2007,GM,GM,GM,40,1,1000,"20,24",Interstate,FERC/MMS,CP05-100,,,Completed@2018-05,2007@2018-05,40@2018-05,1@2018-05,1000@2018-05,"24,20@2018-05 > 20,24@2022-01",,1.0,gulf
tenneco domac|tennessee gas pipeline co,2018-05,2026-08,EIA-NaturalGasPipelineProjectsAug2026.xlsx,Historical Projects (1996-2024),105,28,Tenneco /DOMAC,Tennessee Gas Pipeline Co,Expansion,Completed,1998-11-20,1998,MA,MA,MA,33.44,7.54,55,20,Interstate,FERC,CP96-164,,,Completed@2018-05,1998@2018-05,33.44@2018-05,7.54@2018-05,55@2018-05,20@2018-05,,7.54,west-ne-ak
tenneco eastern express 2000 zone 6|tennessee gas pipeline co,2018-05,2026-08,EIA-NaturalGasPipelineProjectsAug2026.xlsx,Historical Projects (1996-2024),181,28,Tenneco Eastern Express 2000 Zone 6,Tennessee Gas Pipeline Co,Expansion,Completed,2001-05-01,2001,"MA,NY,CT",MA,CT,28.1,,288,,Interstate,FERC,CP99-262,,,Completed@2018-05,2001@2018-05,28.1@2018-05,,288@2018-05,,,,west-ne-ak
tenneco lsp electric lateral|tennessee gas pipeline co,2018-05,2026-08,EIA-NaturalGasPipelineProjectsAug2026.xlsx,Historical Projects (1996-2024),142,28,Tenneco LSP Electric Lateral,Tennessee Gas Pipeline Co,Lateral,Completed,1999-12-01,1999,MS,MS,MS,0.23,3,216,,Interstate,FERC,CP98-770,,,Completed@2018-05,1999@2018-05,0.23@2018-05,3@2018-05,216@2018-05,,,3.0,gulf
tenneco reynosa pemex export|tennessee gas pipeline co,2018-05,2026-08,EIA-NaturalGasPipelineProjectsAug2026.xlsx,Historical Projects (1996-2024),125,28,Tenneco Reynosa/Pemex Export,Tennessee Gas Pipeline Co,Expansion,Completed,1999-09-15,1999,"TX,MX",TX,MX,15,9.5,215,24,Interstate,FERC,CP98-28,,,Completed@2018-05,1999@2018-05,15@2018-05,9.5@2018-05,215@2018-05,24@2018-05,,9.5,tx-permian
tenneco south pass 77 sys expansion|tennessee gas pipeline co,2018-05,2026-08,EIA-NaturalGasPipelineProjectsAug2026.xlsx,Historical Projects (1996-2024),79,28,Tenneco South Pass 77 Sys Expansion,Tennessee Gas Pipeline Co,Expansion,Completed,1998-07-01,1998,"GM,LA",GM,LA,0.12,,400,"12,26,36",Interstate,FERC,CP98-220,,,Completed@2018-05,1998@2018-05,0.12@2018-05,,400@2018-05,"36,26,12@2018-05 > 12,26,36@2022-01",,,gulf
tenneco south texas export|tennessee gas pipeline co,2018-05,2026-08,EIA-NaturalGasPipelineProjectsAug2026.xlsx,Historical Projects (1996-2024),289,28,Tenneco South Texas Export,Tennessee Gas Pipeline Co,Expansion,Completed,2003-07-01,2003,"TX,MX",TX,MX,39.8,9.3,312,"24,30",Interstate,FERC,CP02-116/117,,,Completed@2018-05,2003@2018-05,39.8@2018-05,9.3@2018-05,312@2018-05,"30,24@2018-05 > 24,30@2022-01",,9.3,tx-permian
tenneco tewksbury andover lateral|tennessee gas pipeline co,2018-05,2026-08,EIA-NaturalGasPipelineProjectsAug2026.xlsx,Historical Projects (1996-2024),369,28,Tenneco Tewksbury-Andover Lateral,Tennessee Gas Pipeline Co,Lateral,Completed,2005-10-07,2005,MA,MA,MA,7.7,5.31,25,8,Interstate,FERC,CP04-60,,,Completed@2018-05,2005@2018-05,7.7@2018-05,5.31@2018-05,25@2018-05,8@2018-05,,5.31,west-ne-ak
tenneco triple t extension|tennessee gas pipeline co,2018-05,2026-08,EIA-NaturalGasPipelineProjectsAug2026.xlsx,Historical Projects (1996-2024),452,28,Tenneco Triple-T Extension,Tennessee Gas Pipeline Co,Expansion,Completed,2007-09-14,2007,GM,GM,GM,22,6.23,200,24,Interstate,FERC,CP05-416,,,Completed@2018-05,2007@2018-05,22@2018-05,6.23@2018-05,200@2018-05,24@2018-05,,6.23,gulf
tetco beauregard interconnect modifications compressor booster station project|trunkline gas co,2025-01,2026-08,EIA-NaturalGasPipelineProjectsAug2026.xlsx,Historical Projects (1996-2024),1117,7,TETCO Beauregard Interconnect Modifications & Compressor Booster Station Project,Trunkline Gas Co,Expansion,Completed,2024-09-15,2024,LA,LA,LA,,,100,,Interstate,FERC,CP23-530,,,Completed@2025-01,2024@2025-01,,,100@2025-01,,"Project enhanced capabilities of an existing interconnection in Beauregard Parish, LA between Trunkline's and TETCo's pipeline systems. The capabilities include an increase in delivery pressure and an increase in the Interconnection's design capacity from 200 MMscf/d to 300 MMscf/d.",,gulf
tetco capacity expansion project|eastern shore natural gas,2018-05,2026-08,EIA-NaturalGasPipelineProjectsAug2026.xlsx,Historical Projects (1996-2024),841,28,TETCO Capacity Expansion Project,Eastern Shore Natural Gas,Expansion,Applied,,2016,PA,PA,PA,1.3,8,160,16,Interstate,FERC,CP16-6,,,Applied@2018-05 > Completed@2018-05 > Applied@2018-08 > Completed@2019-01 > Applied@2019-01 > Completed@2019-05 > Applied@2019-05 > Completed@2019-07 > Applied@2019-07 > Completed@2019-10 > Applied@2020-01 > Completed@2020-01 > Applied@2020-03 > Completed@2020-03 > Applied@2021-01 > Completed@2021-07 > Applied@2021-07 > Completed@2021-10 > Applied@2021-10 > Completed@2022-01 > Applied@2022-01 > Completed@2022-10 > Applied@2022-10 > Completed@2023-01 > Applied@2023-01 > Completed@2023-04 > Applied@2023-04 > Completed@2023-07 > Applied@2023-07 > Completed@2023-10 > Applied@2023-10 > Completed@2024-01 > Applied@2024-01 > Completed@2024-04 > Applied@2024-04 > Completed@2024-07 > Applied@2024-07 > Completed@2024-10 > Applied@2024-10 > Completed@2025-01 > Applied@2025-01 > Completed@2025-04 > Applied@2025-04 > Completed@2025-07 > Applied@2025-07 > Completed@2025-10 > Applied@2025-10 > Completed@2026-01 > Applied@2026-01 > Completed@2026-05 > Applied@2026-05 > Completed@2026-08 > Applied@2026-08,2016@2018-05,1.3@2018-05,8@2018-05,160@2018-05 > 53@2018-05 > 160@2018-08 > 53@2019-01 > 160@2019-01 > 53@2019-05 > 160@2019-05 > 53@2019-07 > 160@2019-07 > 53@2019-10 > 160@2020-01 > 53@2020-01 > 160@2020-03 > 53@2020-03 > 160@2021-01 > 53@2021-07 > 160@2021-07 > 53@2021-10 > 160@2021-10 > 53@2022-01 > 160@2022-01 > 53@2022-10 > 160@2022-10 > 53@2023-01 > 160@2023-01 > 53@2023-04 > 160@2023-04 > 53@2023-07 > 160@2023-07 > 53@2023-10 > 160@2023-10 > 53@2024-01 > 160@2024-01 > 53@2024-04 > 160@2024-04 > 53@2024-07 > 160@2024-07 > 53@2024-10 > 160@2024-10 > 53@2025-01 > 160@2025-01 > 53@2025-04 > 160@2025-04 > 53@2025-07 > 160@2025-07 > 53@2025-10 > 160@2025-10 > 53@2026-01 > 160@2026-01 > 53@2026-05 > 160@2026-05 > 53@2026-08 > 160@2026-08,16@2018-05,,8.0,appalachian-se
tetco cedar bayou lateral project|texas eastern transmission,2018-05,2026-08,EIA-NaturalGasPipelineProjectsAug2026.xlsx,Historical Projects (1996-2024),509,28,TETCO Cedar Bayou Lateral Project,Texas Eastern Transmission,Lateral,Completed,2008-05-28,2008,TX,TX,TX,16.5,3.79,360,20,Interstate,FERC,CP07-411,,,Completed@2018-05,2008@2018-05,16.5@2018-05,3.79@2018-05,360@2018-05,20@2018-05,,3.79,tx-permian
tetco cng lease expansion|texas eastern transmission,2018-05,2026-08,EIA-NaturalGasPipelineProjectsAug2026.xlsx,Historical Projects (1996-2024),137,28,TETCO CNG Lease Expansion,Texas Eastern Transmission,Expansion,Completed,1999-11-01,1999,PA,PA,PA,10.9,8.06,49,36,Interstate,FERC,CP96-606-001,,,Completed@2018-05,1999@2018-05,10.9@2018-05,8.06@2018-05,49@2018-05,36@2018-05,,8.06,appalachian-se
tetco flex x cng oxford storage|texas eastern transmission,2018-05,2026-08,EIA-NaturalGasPipelineProjectsAug2026.xlsx,Historical Projects (1996-2024),18,28,"TETCO Flex X, CNG/Oxford Storage",Texas Eastern Transmission,Lateral,Completed,1996-11-01,1996,PA,PA,PA,8.2,2.39,11.6,36,Interstate,FERC,CP95-74,,,Completed@2018-05,1996@2018-05,8.2@2018-05,2.39@2018-05,11.6@2018-05,36@2018-05,,2.39,appalachian-se
tetco freehold lateral|texas eastern transmission,2018-05,2026-08,EIA-NaturalGasPipelineProjectsAug2026.xlsx,Historical Projects (1996-2024),265,28,TETCO Freehold Lateral,Texas Eastern Transmission,Lateral,Completed,2002-12-01,2002,NJ,NJ,NJ,28,13,25,36,Interstate,FERC,CP02-17,,,Completed@2018-05,2002@2018-05,28@2018-05,13@2018-05,25@2018-05,36@2018-05,,13.0,west-ne-ak
tetco hanging rock lateral|texas eastern transmission,2018-05,2026-08,EIA-NaturalGasPipelineProjectsAug2026.xlsx,Historical Projects (1996-2024),266,28,TETCO Hanging Rock Lateral,Texas Eastern Transmission,Lateral,Completed,2002-12-01,2002,OH,OH,OH,15,9.6,289,24,Interstate,FERC,CP02-45,,,Completed@2018-05,2002@2018-05,15@2018-05,9.6@2018-05,289@2018-05,24@2018-05,,9.6,appalachian-se
tetco ironwood lateral|texas eastern transmission,2018-05,2026-08,EIA-NaturalGasPipelineProjectsAug2026.xlsx,Historical Projects (1996-2024),155,28,TETCO Ironwood Lateral,Texas Eastern Transmission,Lateral,Completed,2000-09-01,2000,PA,PA,PA,5.7,3.6,117,16,Interstate,FERC,CP99-621,,,Completed@2018-05,2000@2018-05,5.7@2018-05,3.6@2018-05,117@2018-05,16@2018-05,,3.6,appalachian-se
tetco itp phase i|texas eastern transmission,2018-05,2026-08,EIA-NaturalGasPipelineProjectsAug2026.xlsx,Historical Projects (1996-2024),19,28,TETCO ITP Phase I,Texas Eastern Transmission,Expansion,Completed,1996-11-01,1996,"OH,WV,PA,NJ",OH,NJ,34.72,,25,,Interstate,FERC,CP92-184,,,Completed@2018-05,1996@2018-05,34.72@2018-05,,25@2018-05,,,,appalachian-se
tetco liberty expansion|texas eastern transmission,2018-05,2026-08,EIA-NaturalGasPipelineProjectsAug2026.xlsx,Historical Projects (1996-2024),195,28,TETCO Liberty Expansion,Texas Eastern Transmission,Lateral,Completed,2001-09-30,2001,PA,PA,PA,21.5,5,82,12,Interstate,FERC,CP00-404,,,Completed@2018-05,2001@2018-05,21.5@2018-05,5@2018-05,82@2018-05,12@2018-05,,5.0,appalachian-se
tetco m 1 2004 expansion|texas eastern transmission,2018-05,2026-08,EIA-NaturalGasPipelineProjectsAug2026.xlsx,Historical Projects (1996-2024),345,28,TETCO M-1 2004 Expansion,Texas Eastern Transmission,Expansion,Completed,2004-11-01,2004,"TN,AL",TN,AL,27,6.8,57,36,Interstate,FERC,CP02-381,,,Completed@2018-05,2004@2018-05,27@2018-05,6.8@2018-05,57@2018-05,36@2018-05,,6.8,appalachian-se
tetco northern bridge project|texas eastern transmission,2018-05,2026-08,EIA-NaturalGasPipelineProjectsAug2026.xlsx,Historical Projects (1996-2024),621,28,TETCO Northern Bridge Project,Texas Eastern Transmission,Expansion,Completed,2009-10-26,2009,"OH,WV,PA",OH,PA,44.7,,150,,Interstate,FERC,CP08-100,,,Completed@2018-05,2009@2018-05,44.7@2018-05,,150@2018-05,,,,appalachian-se
tetco supply expansion project|eastern shore natural gas,2018-05,2026-08,EIA-NaturalGasPipelineProjectsAug2026.xlsx,Historical Projects (1996-2024),786,28,TETCO Supply Expansion Project,Eastern Shore Natural Gas,,Completed,2014-12-01,2014,PA,PA,PA,0.29,8,57,16,Interstate,FERC,,,,Completed@2018-05,2014@2018-05,0.29@2018-05,8@2018-05,57@2018-05,16@2018-05,,8.0,appalachian-se
tetco time ii expansion phase 2|texas eastern transmission,2018-05,2026-08,EIA-NaturalGasPipelineProjectsAug2026.xlsx,Historical Projects (1996-2024),545,28,TETCO TIME II Expansion Phase 2,Texas Eastern Transmission,Expansion,Completed,2008-11-01,2008,"OH,WV,PA,NJ",OH,NJ,53.6,10.27,150,36,Interstate,FERC,CP06-115,,,Completed@2018-05,2008@2018-05,53.6@2018-05,10.27@2018-05,150@2018-05,36@2018-05,,10.27,appalachian-se
tetco vermillion lateral|texas eastern transmission,2018-05,2026-08,EIA-NaturalGasPipelineProjectsAug2026.xlsx,Historical Projects (1996-2024),152,28,TETCO Vermillion Lateral,Texas Eastern Transmission,Lateral,Completed,2000-07-01,2000,"IL,IN",IL,IN,13,14,200,16,Interstate,FERC,CP00-67,,,Completed@2018-05,2000@2018-05,13@2018-05,14@2018-05,200@2018-05,16@2018-05,,14.0,midcon-north
tetco virginia natural expansion|texas eastern transmission,2018-05,2026-08,EIA-NaturalGasPipelineProjectsAug2026.xlsx,Historical Projects (1996-2024),39,28,TETCO Virginia Natural Expansion,Texas Eastern Transmission,Expansion,Completed,1997-10-15,1997,PA,PA,PA,,10,20,36,Interstate,FERC,CP96-606,,,Completed@2018-05,1997@2018-05,,10@2018-05,20@2018-05,36@2018-05,,10.0,appalachian-se
texas access project|kinder morgan louisiana pipeline llc,2025-10,2026-08,EIA-NaturalGasPipelineProjectsAug2026.xlsx,Natural Gas Pipeline Projects,118,4,Texas Access Project,Kinder Morgan Louisiana Pipeline LLC,Expansion,Applied,,2028,"TX,LA",TX,LA,112,3.05,1300,48,Interstate,FERC,,LNG,Project website,Applied@2025-10,2028@2025-10,112@2025-10,na@2025-10 > 3.05@2026-05,1000@2025-10 > 1300@2026-05,48@2026-05,"3.05 miles of 48-inch mainline extension from Jefferson County, TX into Cameron Parish, LA, plus short 42/36-inch interconnects to Trident Intrastate, the Texas Header and KMLP's Leg 1 and Leg 2 pipelines; new Woodside Interconnect in Calcasieu Parish, LA; metering modifications at Sabine Pass Metering Facility. Enables up to 1.3 Bcf/d of Texas gas to reach Southwest Louisiana LNG corridor via existing system paths. Anchor shipper Woodside Louisiana LNG signed 20-year, 1,000,000 Dth/d binding precedent agreement. Application filed 3/6/2026; target partial in-service January 2028, full in-service April 2028.",3.05,tx-permian
texas arkansas power project tapp|kinder morgan ngpl,2026-05,2026-08,EIA-NaturalGasPipelineProjectsAug2026.xlsx,Natural Gas Pipeline Projects,121,2,Texas-Arkansas Power Project (TAPP),Kinder Morgan (NGPL),Expansion,Applied,,2028,"TX,AR",TX,AR,,,400,"40,964 HP",Interstate,FERC,,Electric,KMI Texas-Arkansas Power project page,Applied@2026-05,2028@2026-05,,0@2026-05,400@2026-05,"40,964 HP@2026-05","Compression-only expansion (~40,964 HP, no new pipe) on NGPL's Gulf Coast Mainline in Randolph County, AR. Adds up to 400,000 Dth/d of firm transport under a precedent agreement with Arkansas Electric Cooperative Corporation (AECC) for its gas-fired plants in northern TX/AR. Application filed 12/18/2025 (CP26-46); FERC scoping 2/9/2026; EA schedule issued  3/9/2026 indicating 9/4/26 target for EA and 12/3//26 target for Approval.",,tx-permian
texas louisiana markets project|texas eastern transmission,2018-08,2026-08,EIA-NaturalGasPipelineProjectsAug2026.xlsx,Historical Projects (1996-2024),958,27,Texas-Louisiana Markets Project,Texas Eastern Transmission,Expansion,Completed,2019-05-31,2019,"LA,TX",LA,TX,16.5,,157.5,,Interstate,FERC,CP18-10,,,Approved@2018-08 > Construction@2019-05 > Completed@2019-07,2019@2018-08,16.5@2018-08,,157.5@2018-08,,Bring supplies from WLA to STX on TETCO system,,gulf
tgt greenville lateral expansion|texas gas transmission,2018-05,2026-08,EIA-NaturalGasPipelineProjectsAug2026.xlsx,Historical Projects (1996-2024),633,28,TGT Greenville Lateral Expansion,Texas Gas Transmission,Expansion,Completed,2010-01-03,2010,MS,MS,MS,162,,232,,Interstate,FERC,CP08-467,,,Completed@2018-05,2010@2018-05,162@2018-05,,232@2018-05,,,,gulf
tgt haughton expansion|texas gas transmission,2018-05,2026-08,EIA-NaturalGasPipelineProjectsAug2026.xlsx,Historical Projects (1996-2024),100,28,TGT Haughton Expansion,Texas Gas Transmission,Expansion,Completed,1998-11-01,1998,LA,LA,LA,5.98,,115,20,Interstate,FERC,CP97-656,,,Completed@2018-05,1998@2018-05,5.98@2018-05,,115@2018-05,20@2018-05,,,gulf
tioga area expansion project|dominion transmission,2018-05,2026-08,EIA-NaturalGasPipelineProjectsAug2026.xlsx,Historical Projects (1996-2024),757,28,Tioga Area Expansion Project,Dominion Transmission,Expansion,Completed,2013-10-03,2013,PA,PA,PA,67.2,15,270,24,Interstate,FERC,CP12-19,,,Completed@2018-05,2013@2018-05,67.2@2018-05,15@2018-05,270@2018-05,24@2018-05,,15.0,appalachian-se
tioga county extension project|empire pipeline,2018-05,2026-08,EIA-NaturalGasPipelineProjectsAug2026.xlsx,Historical Projects (1996-2024),708,28,Tioga County Extension Project,Empire Pipeline,New Pipeline,Completed,2011-11-20,2011,"PA,NY",PA,NY,46.76,15,350,24,Interstate,FERC,CP10-493,,,Completed@2018-05,2011@2018-05,46.76@2018-05,15@2018-05,350@2018-05,24@2018-05,,15.0,appalachian-se
tougaloo project|southern star central gas pipeline,2021-01,2026-08,EIA-NaturalGasPipelineProjectsAug2026.xlsx,Historical Projects (1996-2024),1126,20,Tougaloo Project,Southern Star Central Gas Pipeline,Expansion,Completed,2020-08-12,na,OK,OK,OK,13,,40,,Interstate,FERC,CP20-71,,,Applied@2021-01 > Completed@2021-07,na@2021-01,13@2021-01,,40@2021-01,,Takeaway capacity out of SCOOP/STACK and Permian Basin.  Add compressor station to bring supply into Southern Star System,,midcon-north
tpl 2002 sys expansion phase i|tuscarora pipeline co,2018-05,2026-08,EIA-NaturalGasPipelineProjectsAug2026.xlsx,Historical Projects (1996-2024),260,28,TPL 2002 Sys Expansion Phase I,Tuscarora Pipeline Co,Lateral,Completed,2002-11-20,2002,"OR,CA,NV",OR,NV,36,10.5,54,16,Interstate,FERC,CP01-153,,,Completed@2018-05,2002@2018-05,36@2018-05,10.5@2018-05,54@2018-05,16@2018-05,,10.5,west-ne-ak
transco 85 north expansion phase i|transcontinental gas pipeline,2018-05,2026-08,EIA-NaturalGasPipelineProjectsAug2026.xlsx,Historical Projects (1996-2024),650,28,Transco 85 North Expansion Phase I,Transcontinental Gas Pipeline,Expansion,Completed,2010-07-13,2010,NC,NC,NC,100,,90,,Interstate,FERC,CP09-57,,,Completed@2018-05,2010@2018-05,100@2018-05,,90@2018-05,,,,appalachian-se
transco basf lateral|transcontinental gas pipeline,2018-05,2026-08,EIA-NaturalGasPipelineProjectsAug2026.xlsx,Historical Projects (1996-2024),109,28,Transco BASF Lateral,Transcontinental Gas Pipeline,Expansion,Completed,1998-12-01,1998,SC,SC,SC,,2,4,4,Interstate,FERC,CP98-21,,,Completed@2018-05,1998@2018-05,,2@2018-05,4@2018-05,4@2018-05,,2.0,appalachian-se
transco central new jersey expansion project|transcontinental gas pipeline,2018-05,2026-08,EIA-NaturalGasPipelineProjectsAug2026.xlsx,Historical Projects (1996-2024),375,28,Transco Central New Jersey Expansion Project,Transcontinental Gas Pipeline,Expansion,Completed,2005-11-01,2005,NJ,NJ,NJ,12.4,3.7,105,36,Interstate,FERC,CP04-396,,,Completed@2018-05,2005@2018-05,12.4@2018-05,3.7@2018-05,105@2018-05,36@2018-05,,3.7,west-ne-ak
transco lateral interconnect|cove point lng pipeline co,2018-05,2026-08,EIA-NaturalGasPipelineProjectsAug2026.xlsx,Historical Projects (1996-2024),224,28,Transco Lateral Interconnect,Cove Point LNG Pipeline Co,Lateral,Completed,2001-12-31,2001,VA,VA,VA,11,2.14,1000,36,Interstate,FERC,CP01-156,,,Completed@2018-05,2001@2018-05,11@2018-05,2.14@2018-05,1000@2018-05,36@2018-05,,2.14,appalachian-se
transco mobile bay south expansion|transcontinental gas pipeline,2018-05,2026-08,EIA-NaturalGasPipelineProjectsAug2026.xlsx,Historical Projects (1996-2024),646,28,Transco Mobile Bay South Expansion,Transcontinental Gas Pipeline,Expansion,Completed,2010-05-01,2010,AL,AL,AL,36.903,,253.5,,Interstate,FERC,CP08-476,,,Completed@2018-05,2010@2018-05,36.903@2018-05,,253.5@2018-05,,,,gulf
transco pine needle lng link|transcontinental gas pipeline,2018-05,2026-08,EIA-NaturalGasPipelineProjectsAug2026.xlsx,Historical Projects (1996-2024),121,28,Transco Pine Needle LNG Link,Transcontinental Gas Pipeline,Lateral,Completed,1999-05-01,1999,NC,NC,NC,0.71,1,400,"10,20",Interstate,FERC,CP96-134,,,Completed@2018-05,1999@2018-05,0.71@2018-05,1@2018-05,400@2018-05,"20,10@2018-05 > 10,20@2022-01",,1.0,appalachian-se
transco pocono expansion|transcontinental gas pipeline,2018-05,2026-08,EIA-NaturalGasPipelineProjectsAug2026.xlsx,Historical Projects (1996-2024),70,28,Transco Pocono Expansion,Transcontinental Gas Pipeline,Expansion,Completed,1998-11-01,1997,PA,PA,PA,9.8,4.88,35,36,Interstate,FERC,CP97-328,,,Completed@2018-05,1997@2018-05,9.8@2018-05,4.88@2018-05,35@2018-05,36@2018-05,,4.88,appalachian-se
transco rockaway delivery project|transcontinental gas pipeline,2018-05,2026-08,EIA-NaturalGasPipelineProjectsAug2026.xlsx,Historical Projects (1996-2024),794,28,Transco Rockaway Delivery Project,Transcontinental Gas Pipeline,New Pipeline,Completed,2015-05-14,2015,NY,NY,NY,12,3.2,647,26,Interstate,FERC,CP13-36,,,Completed@2018-05,2015@2018-05,12@2018-05,3.2@2018-05,647@2018-05,26@2018-05,,3.2,west-ne-ak
transco sentinel expansion phase 2|transcontinental gas pipeline,2018-05,2026-08,EIA-NaturalGasPipelineProjectsAug2026.xlsx,Historical Projects (1996-2024),626,28,Transco Sentinel Expansion Phase 2,Transcontinental Gas Pipeline,Expansion,Completed,2009-11-01,2009,"PA,NJ",PA,NJ,229,14.1,102,42,Interstate,FERC,CP08-31,,,Completed@2018-05,2009@2018-05,229@2018-05,14.1@2018-05,102@2018-05,42@2018-05,,14.1,appalachian-se
transco sentinel expansion phase i|transcontinental gas pipeline,2018-05,2026-08,EIA-NaturalGasPipelineProjectsAug2026.xlsx,Historical Projects (1996-2024),574,28,Transco Sentinel Expansion Phase I,Transcontinental Gas Pipeline,Expansion,Completed,2008-12-15,2008,"PA,NJ",PA,NJ,33,3.87,40,42,Interstate,FERC,CP08-31,,,Completed@2018-05,2008@2018-05,33@2018-05,3.87@2018-05,40@2018-05,42@2018-05,,3.87,appalachian-se
transco sunbelt project|transcontinental gas pipeline,2018-05,2026-08,EIA-NaturalGasPipelineProjectsAug2026.xlsx,Historical Projects (1996-2024),57,28,Transco Sunbelt Project,Transcontinental Gas Pipeline,Expansion,Completed,1997-11-01,1997,"MS,GA,AL,SC",MS,SC,85,,145,42,Interstate,FERC,CP96-16,,,Completed@2018-05,1997@2018-05,85@2018-05,,145@2018-05,42@2018-05,,,gulf
transco trenton woodbury loop|transcontinental gas pipeline,2018-05,2026-08,EIA-NaturalGasPipelineProjectsAug2026.xlsx,Historical Projects (1996-2024),307,28,Transco Trenton-Woodbury Loop,Transcontinental Gas Pipeline,Expansion,Completed,2003-11-01,2003,"PA,NJ",PA,NJ,32.6,9.65,49,"24,36",Interstate,FERC,CP02-204,,,Completed@2018-05,2003@2018-05,32.6@2018-05,9.65@2018-05,49@2018-05,"36,24@2018-05 > 24,36@2022-01",,9.65,appalachian-se
tri west project|dominion energy transmission co,2021-01,2026-08,EIA-NaturalGasPipelineProjectsAug2026.xlsx,Historical Projects (1996-2024),1002,20,Tri-West Project,Dominion Energy Transmission Co,Expansion,Completed,2020-08-28,2020,"PA,OH",PA,OH,24,1.75,120,,Interstate,FERC,CP20-23,,https://www.dominionenergy.com/library/domcom/media/about-us/natural-gas-projects/tri-west-project-overview.pdf?modified=20200113182306&la=en,Completed@2021-01,2020@2021-01,24@2021-01,1.75@2021-01,120@2021-01,,Upgrading three compressor stations and new lateral in order to bring gas from PA to Midwest markets (deliver into Tennessee Gas Pipeline)(only construction in OH),1.75,appalachian-se
triad expansion project|tennessee gas pipeline co,2018-05,2026-08,EIA-NaturalGasPipelineProjectsAug2026.xlsx,Historical Projects (1996-2024),876,28,Triad Expansion Project,Tennessee Gas Pipeline Co,Expansion,Completed,2017-11-01,2017,PA,PA,PA,87.4,7,180,36,Interstate,FERC,CP15-520,,,Completed@2018-05,2017@2018-05,87.4@2018-05,7@2018-05,180@2018-05,36@2018-05,,7.0,appalachian-se
tw bloomfield station 02 expansion|transwestern pipeline co,2018-05,2026-08,EIA-NaturalGasPipelineProjectsAug2026.xlsx,Historical Projects (1996-2024),239,28,TW Bloomfield Station 02 Expansion,Transwestern Pipeline Co,Expansion,Completed,2002-06-01,2002,NM,NM,NM,0.03,,10,,Interstate,FERC,CP02-134,,,Completed@2018-05,2002@2018-05,0.03@2018-05,,10@2018-05,,,,tx-permian
tw bloomfield station 97 expansion|transwestern pipeline co,2018-05,2026-08,EIA-NaturalGasPipelineProjectsAug2026.xlsx,Historical Projects (1996-2024),63,28,TW Bloomfield Station 97 Expansion,Transwestern Pipeline Co,Expansion,Completed,1997-12-01,1997,NM,NM,NM,0.03,,26,,Interstate,FERC,CP97-286,,,Completed@2018-05,1997@2018-05,0.03@2018-05,,26@2018-05,,,,tx-permian
tw gallup expansion|transwestern pipeline co,2018-05,2026-08,EIA-NaturalGasPipelineProjectsAug2026.xlsx,Historical Projects (1996-2024),151,28,TW Gallup Expansion,Transwestern Pipeline Co,Expansion,Completed,2000-05-01,2000,"NM,CA",NM,CA,13,,136,30,Interstate,FERC,CP99-522,,,Completed@2018-05,2000@2018-05,13@2018-05,,136@2018-05,30@2018-05,,,tx-permian
tw red rock expansion|transwestern pipeline co,2018-05,2026-08,EIA-NaturalGasPipelineProjectsAug2026.xlsx,Historical Projects (1996-2024),241,28,TW Red Rock Expansion,Transwestern Pipeline Co,Expansion,Completed,2002-06-17,2002,"NM,AZ,CA",NM,CA,93.3,,120,30,Interstate,FERC,CP01-115,,,Completed@2018-05,2002@2018-05,93.3@2018-05,,120@2018-05,30@2018-05,,,tx-permian
tw rewheel project|transwestern pipeline co,2018-05,2026-08,EIA-NaturalGasPipelineProjectsAug2026.xlsx,Historical Projects (1996-2024),348,28,TW Rewheel Project,Transwestern Pipeline Co,Expansion,Completed,2004-11-19,2004,"NM,TX",NM,TX,0.25,,10,24,Interstate,FERC,CP05-04,,,Completed@2018-05,2004@2018-05,0.25@2018-05,,10@2018-05,24@2018-05,,,tx-permian
tw san juan eastward|transwestern pipeline co,2018-05,2026-08,EIA-NaturalGasPipelineProjectsAug2026.xlsx,Historical Projects (1996-2024),26,28,TW San Juan Eastward,Transwestern Pipeline Co,Expansion,Completed,1996-12-01,1996,"NM,TX",NM,TX,14.6,,170,30,Interstate,FERC,CP96-10,,,Completed@2018-05,1996@2018-05,14.6@2018-05,,170@2018-05,30@2018-05,,,tx-permian
tw san juan expansion b|transwestern pipeline co,2018-05,2026-08,EIA-NaturalGasPipelineProjectsAug2026.xlsx,Historical Projects (1996-2024),73,28,TW San Juan Expansion B,Transwestern Pipeline Co,Expansion,Completed,1998-04-01,1998,NM,NM,NM,5,,200,28,Interstate,FERC,CP97-516,,,Completed@2018-05,1998@2018-05,5@2018-05,,200@2018-05,28@2018-05,,,tx-permian
u s gypsum lateral|usg pipeline co,2018-05,2026-08,EIA-NaturalGasPipelineProjectsAug2026.xlsx,Historical Projects (1996-2024),113,28,U.S. Gypsum Lateral,USG Pipeline Co.,Lateral,Completed,1998-12-24,1998,"TN,AL",TN,AL,4,15,20.6,10,Interstate,FERC,CP97-202,,,Completed@2018-05,1998@2018-05,4@2018-05,15@2018-05,20.6@2018-05,10@2018-05,,15.0,appalachian-se
unh landfill gas to energy project|university new hampshire,2018-05,2026-08,EIA-NaturalGasPipelineProjectsAug2026.xlsx,Historical Projects (1996-2024),596,28,UNH Landfill gas-to-energy project,University New Hampshire,New Pipeline,Completed,2009-04-15,2009,NH,NH,NH,15,12.7,26,12,Intrastate,State,na,,,Completed@2018-05,2009@2018-05,15@2018-05,12.7@2018-05,26@2018-05,12@2018-05,,12.7,west-ne-ak
union gas 2007 expansion|union gas ltd,2018-05,2026-08,EIA-NaturalGasPipelineProjectsAug2026.xlsx,Historical Projects (1996-2024),463,28,Union Gas 2007 Expansion,Union Gas LTD,Expansion,Completed,2007-11-01,2007,ON,ON,ON,80,11,488,,Foreign,NEB of Canada,na,,,Completed@2018-05,2007@2018-05,80@2018-05,11@2018-05,488@2018-05,,,11.0,unassigned
union gas 2008 expansion|union gas ltd,2018-05,2026-08,EIA-NaturalGasPipelineProjectsAug2026.xlsx,Historical Projects (1996-2024),558,28,Union Gas 2008 Expansion,Union Gas LTD,Expansion,Completed,2008-11-15,2008,ON,ON,ON,,,485,,Foreign,NEB of Canada,na,,,Completed@2018-05,2008@2018-05,,,485@2018-05,,,,unassigned
uniontown to gas city expansion project u2gc bi directional|texas eastern transmission,2018-05,2026-08,EIA-NaturalGasPipelineProjectsAug2026.xlsx,Historical Projects (1996-2024),797,28,Uniontown to Gas City Expansion Project (U2GC) (bi-directional),Texas Eastern Transmission,Reversal,Completed,2015-08-28,2015,"PA,OH,IN",PA,IN,56,,425,,Interstate,FERC,CP14-104,,,Completed@2018-05,2015@2018-05,56@2018-05,,425@2018-05,,,,appalachian-se
utica access project|columbia gas transmission,2018-05,2026-08,EIA-NaturalGasPipelineProjectsAug2026.xlsx,Historical Projects (1996-2024),826,28,Utica Access Project,Columbia Gas Transmission,Lateral,Completed,2016-09-30,2016,WV,WV,WV,45,5,205,,Interstate,FERC,CP15-87,,,Completed@2018-05,2016@2018-05,45@2018-05,5@2018-05,205@2018-05,,,5.0,appalachian-se
utica backhaul transportation|tennessee gas pipeline co,2018-05,2026-08,EIA-NaturalGasPipelineProjectsAug2026.xlsx,Historical Projects (1996-2024),767,28,Utica Backhaul Transportation,Tennessee Gas Pipeline Co,Reversal,Completed,2014-04-01,2014,"OH,KY,TN,AL,MS",OH,MS,155.6,0,500,,Interstate,FERC,,,,Completed@2018-05,2014@2018-05,155.6@2018-05,0@2018-05,500@2018-05,,,0.0,appalachian-se
vepco warren county project|columbia gas transmission,2018-05,2026-08,EIA-NaturalGasPipelineProjectsAug2026.xlsx,Historical Projects (1996-2024),756,28,VEPCO-Warren County Project,Columbia Gas Transmission,Expansion,Completed,2013-10-01,2013,VA,VA,VA,34.3,2.5,246,24,Interstate,FERC,CP11-490,,,Completed@2018-05,2013@2018-05,34.3@2018-05,2.5@2018-05,246@2018-05,24@2018-05,,2.5,appalachian-se
viking fargo lateral expansion|viking gas transmission co,2018-05,2026-08,EIA-NaturalGasPipelineProjectsAug2026.xlsx,Historical Projects (1996-2024),618,28,Viking Fargo Lateral Expansion,Viking Gas Transmission Co,Expansion,Completed,2009-10-01,2009,"MN,ND",MN,ND,14.6,9.98,38,12,Interstate,FERC,CP09-69,,,Completed@2018-05,2009@2018-05,14.6@2018-05,9.98@2018-05,38@2018-05,12@2018-05,,9.98,midcon-north
viking northern looping a|viking gas transmission co,2018-05,2026-08,EIA-NaturalGasPipelineProjectsAug2026.xlsx,Historical Projects (1996-2024),21,28,Viking Northern Looping A,Viking Gas Transmission Co,Expansion,Completed,1996-11-01,1996,"MN,ND",MN,ND,,13.5,21,,Interstate,FERC,na,,,Completed@2018-05,1996@2018-05,,13.5@2018-05,21@2018-05,,,13.5,midcon-north
viking northern looping b|viking gas transmission co,2018-05,2026-08,EIA-NaturalGasPipelineProjectsAug2026.xlsx,Historical Projects (1996-2024),22,28,Viking Northern Looping B,Viking Gas Transmission Co,Expansion,Completed,1996-11-01,1996,"SK,ND,MN",SK,MN,8.4,13.5,19.4,24,Interstate,FERC,CP96-32,,,Completed@2018-05,1996@2018-05,8.4@2018-05,13.5@2018-05,19.4@2018-05,24@2018-05,,13.5,midcon-north
viking system integrity|viking gas transmission co,2018-05,2026-08,EIA-NaturalGasPipelineProjectsAug2026.xlsx,Historical Projects (1996-2024),202,28,Viking System Integrity,Viking Gas Transmission Co,Expansion,Completed,2001-10-12,2001,"SK,ND,MN",SK,MN,3.9,5.6,,24,Interstate,FERC,CP01-61,,,Completed@2018-05,2001@2018-05,3.9@2018-05,5.6@2018-05,,24@2018-05,,5.6,midcon-north
virginia southside expansion project ii|transcontinental gas pipeline,2018-05,2026-08,EIA-NaturalGasPipelineProjectsAug2026.xlsx,Historical Projects (1996-2024),882,28,Virginia Southside Expansion Project II,Transcontinental Gas Pipeline,Lateral,Completed,2017-12-04,2017,VA,VA,VA,190.8,4.9,250,24,Interstate,FERC,CP15-118,,,Completed@2018-05,2017@2018-05,190.8@2018-05,4.9@2018-05,250@2018-05,24@2018-05,,4.9,appalachian-se
vng suffolk no 3 meter station expansion project|columbia gas transmission,2019-05,2026-08,EIA-NaturalGasPipelineProjectsAug2026.xlsx,Historical Projects (1996-2024),1005,25,VNG Suffolk No. 3 Meter Station Expansion Project,Columbia Gas Transmission,Expansion,Completed,2020-10-06,2020,VA,VA,VA,5.6,,8.27,,Intrastate,FERC,CP19-51,LDC,,Applied@2019-05 > Construction@2019-07 > Completed@2021-01,2020@2019-05,6.3@2019-05 > 5.6@2021-07,,8.27@2019-05,,Increase deliverability to customers in SE Virginia,,appalachian-se
waha to mexico wahalajara system expansion|esentia energy systems,2026-05,2026-08,EIA-NaturalGasPipelineProjectsAug2026.xlsx,Natural Gas Pipeline Projects,134,2,Waha to Mexico (Wahalajara System Expansion),ESENTIA Energy Systems,Expansion,Construction,,2027,"TX, MX",TX,MX,,,300,,Cross-border,DOE/Presidential Permit,,Mexico industrial/power generation,Press release,Construction@2026-05,2027@2026-05,,,300@2026-05,,"Three-phase expansion of the Wahalajara cross-border system, which currently moves ~1.3 Bcf/d from the Waha header ~2,000 km across northern Mexico to Guadalajara. Total expansion +300 MMcf/d (~50% uplift to ~2 Bcf/d). Phase 1 (+150 MMcf/d) reached FID Sept 2025, fully sold, expected start Q1 2027. Phase 2 adds new 15 MW turbo-compression at San Juan CS (Chihuahua) and Aguascalientes CS via Siemens Energy; equipment arriving 2027, start early-to-mid 2028. Phase 3 (loops plus two new compressor stations) targeted 2029–2030. Cross-border infrastructure — Mexican portion not FERC-regulated; U.S. export authorization via DOE/Presidential Permit.",,tx-permian
wamsutter west expansion|dominion energy overthrust pipeline,2021-01,2026-08,EIA-NaturalGasPipelineProjectsAug2026.xlsx,Historical Projects (1996-2024),1009,20,Wamsutter West Expansion,Dominion Energy Overthrust Pipeline,Expansion,Completed,2020-11-01,2020,WY,WY,WY,5.4,,120,"12, 24",Interstate,FERC,CP20-448,,,Applied@2021-01 > Completed@2021-07,2020@2021-01,5.4@2021-01,,120@2021-01,"12, 24@2021-01","Increase deliverability from Overthurs pipeline to Kern River Gas Transportation at Opal, WY",,west-ne-ak
waynoka gas supply lateral project|southern star central gas pipeline,2018-05,2026-08,EIA-NaturalGasPipelineProjectsAug2026.xlsx,Historical Projects (1996-2024),1169,28,Waynoka Gas Supply Lateral Project,Southern Star Central Gas Pipeline,Expansion,Cancelled,,,OK,OK,OK,50,14,225,36,Interstate,FERC,CP14-15,,,Cancelled@2018-05,na@2018-05,50@2018-05,14@2018-05,225@2018-05,36@2018-05,,14.0,midcon-north
wb billy creek compressor expansion|williston basin interstate pl,2018-05,2026-08,EIA-NaturalGasPipelineProjectsAug2026.xlsx,Historical Projects (1996-2024),144,28,WB Billy Creek Compressor Expansion,Williston Basin Interstate PL,Expansion,Completed,1999-12-17,1999,WY,WY,WY,0.21,,7.5,,Interstate,FERC,CP99-242,,,Completed@2018-05,1999@2018-05,0.21@2018-05,,7.5@2018-05,,,,west-ne-ak
wb east west mondak subsystem expansion|williston basin interstate pl,2018-05,2026-08,EIA-NaturalGasPipelineProjectsAug2026.xlsx,Historical Projects (1996-2024),546,28,WB East/West Mondak Subsystem Expansion,Williston Basin Interstate PL,Expansion,Completed,2008-11-01,2008,"WY,ND",WY,ND,7.3,,40.8,,Interstate,FERC,CP08-154,,,Completed@2018-05,2008@2018-05,7.3@2018-05,,40.8@2018-05,,,,west-ne-ak
wb grasslands expansion iii|williston basin interstate pl,2018-05,2026-08,EIA-NaturalGasPipelineProjectsAug2026.xlsx,Historical Projects (1996-2024),613,28,WB Grasslands Expansion III,Williston Basin Interstate PL,Expansion,Completed,2009-08-31,2009,"MT,ND",MT,ND,28.3,,75,,Interstate,FERC,CP09-39,,,Completed@2018-05,2009@2018-05,28.3@2018-05,,75@2018-05,,,,west-ne-ak
wb grasslands expansion ii|williston basin interstate pl,2018-05,2026-08,EIA-NaturalGasPipelineProjectsAug2026.xlsx,Historical Projects (1996-2024),472,28,WB Grasslands Expansion II,Williston Basin Interstate PL,Expansion,Completed,2007-12-01,2007,"MT,ND",MT,ND,6,,41,,Interstate,FERC,CP07-131,,,Completed@2018-05,2007@2018-05,6@2018-05,,41@2018-05,,,,west-ne-ak
wb portal expansion import station|williston basin interstate pl,2018-05,2026-08,EIA-NaturalGasPipelineProjectsAug2026.xlsx,Historical Projects (1996-2024),139,28,WB Portal Expansion (Import Station),Williston Basin Interstate PL,Expansion,Completed,1999-11-10,1999,"SK,ND",SK,ND,,,18,,Interstate,FERC,CP92-741,,,Completed@2018-05,1999@2018-05,,,18@2018-05,,,,midcon-north
wb sheyenne expansion project|williston basin interstate pl,2018-05,2026-08,EIA-NaturalGasPipelineProjectsAug2026.xlsx,Historical Projects (1996-2024),534,28,WB Sheyenne Expansion Project,Williston Basin Interstate PL,Expansion,Completed,2008-10-15,2008,ND,ND,ND,7.5,1.1,10.5,8,Interstate,FERC,CP08-89,,,Completed@2018-05,2008@2018-05,7.5@2018-05,1.1@2018-05,10.5@2018-05,8@2018-05,,1.1,midcon-north
we fox valley lateral|we energies inc,2018-05,2026-08,EIA-NaturalGasPipelineProjectsAug2026.xlsx,Historical Projects (1996-2024),560,28,We Fox Valley Lateral,We Energies Inc,Lateral,Completed,2008-11-20,2008,WI,WI,WI,15,12.6,99.99,"12,16,20",Intrastate,State,na,,,Completed@2018-05,2008@2018-05,15@2018-05,12.6@2018-05,99.99@2018-05,"20,16,12@2018-05 > 12,16,20@2022-01",,12.6,midcon-north
we hartford westend lateral|we energies inc,2018-05,2026-08,EIA-NaturalGasPipelineProjectsAug2026.xlsx,Historical Projects (1996-2024),561,28,We Hartford/Westend Lateral,We Energies Inc,Lateral,Completed,2008-11-20,2008,WI,WI,WI,14,12.7,49.99,8,Intrastate,State,na,,,Completed@2018-05,2008@2018-05,14@2018-05,12.7@2018-05,49.99@2018-05,8@2018-05,,12.7,midcon-north
webb county extension project|kinder morgan texas pipeline,2024-10,2026-08,EIA-NaturalGasPipelineProjectsAug2026.xlsx,Historical Projects (1996-2024),1119,8,Webb County Extension Project,Kinder Morgan Texas Pipeline,Expansion,Completed,2024-09-30,2024,TX,TX,TX,158,,400,,Intrastate,TXRCC,,,Press Release,Complete@2024-10 > Completed@2026-05,2024@2024-10,158@2024-10,,400@2024-10,,"An expansion of KM's Texas Pipeline (KMTP), project delivers Eagle Ford natural gas from Webb Cty, TX, into KM's intrastate network.",,tx-permian
west leg 2014 expansion|northern natural gas,2018-05,2020-03,EIA-NaturalGasPipelineProjects_March2020.xlsx,Historical Projects (1996-2019),214,8,West Leg 2014 Expansion,Northern Natural Gas,Expansion,Completed,2014-09-12,2014,NE,NE,NE,70,7,88.4,20,Interstate,FERC,CP13-528,,,Completed@2018-05,2014@2018-05,70@2018-05,7@2018-05,88.4@2018-05,20@2018-05,,7.0,midcon-north
west leg 2014 expansion|northern natural gas co,2021-01,2026-08,EIA-NaturalGasPipelineProjectsAug2026.xlsx,Historical Projects (1996-2024),772,20,West Leg 2014 Expansion,Northern Natural Gas Co,Expansion,Completed,2014-09-12,2014,NE,NE,NE,70,7,88.4,20,Interstate,FERC,CP13-528,,,Completed@2021-01,2014@2021-01,70@2021-01,7@2021-01,88.4@2021-01,20@2021-01,,7.0,midcon-north
west leg 2015 expansion|northern natural gas,2018-05,2020-03,EIA-NaturalGasPipelineProjects_March2020.xlsx,Historical Projects (1996-2019),190,8,West Leg 2015 Expansion,Northern Natural Gas,Expansion,Completed,2015-10-31,2015,NE,NE,NE,16,13,31,,Interstate,FERC,CP15-61,,,Completed@2018-05,2015@2018-05,16@2018-05,13@2018-05,31@2018-05,,,13.0,midcon-north
west leg 2015 expansion|northern natural gas co,2021-01,2026-08,EIA-NaturalGasPipelineProjectsAug2026.xlsx,Historical Projects (1996-2024),805,20,West Leg 2015 Expansion,Northern Natural Gas Co,Expansion,Completed,2015-10-31,2015,NE,NE,NE,16,13,31,,Interstate,FERC,CP15-61,,,Completed@2021-01,2015@2021-01,16@2021-01,13@2021-01,31@2021-01,,,13.0,midcon-north
west loop project|dominion energy deti,2019-01,2019-07,EIA-NaturalGasPipelineProjects_July2019.xlsx,Natural Gas Pipeline Projects,156,3,West Loop Project,Dominion Energy (DETI),Expansion,Applied,,2021,"PA, OH",PA,OH,94.2,5.1,150,36,Interstate,FERC,CP19-26,,,Applied@2019-01,2021@2019-01,94.2@2019-01,5.1@2019-01,150@2019-01,36@2019-01,"Deliver gas from PA to 1 GW combined cycle power plant in Columbiana County, OH",5.1,appalachian-se
west loop project|dominion energy transmission co,2019-10,2026-08,EIA-NaturalGasPipelineProjectsAug2026.xlsx,Historical Projects (1996-2024),1026,23,West Loop Project,Dominion Energy Transmission Co,Expansion,Completed,2021-06-09,2021,"PA,OH",PA,OH,94.2,5.1,150,36,Interstate,FERC,CP19-26,Electric,https://www.dominionenergy.com/company/natural-gas-projects/west-loop,Applied@2019-10 > Construction@2020-03 > Completed@2021-07,2021@2019-10,94.2@2019-10,5.1@2019-10,150@2019-10,36@2019-10,"Deliver gas from PA to 1 GW combined cycle power plant in Columbiana County, OH",5.1,appalachian-se
west side expansion project smithfield iii|columbia gas transmission,2018-05,2026-08,EIA-NaturalGasPipelineProjectsAug2026.xlsx,Historical Projects (1996-2024),780,28,West Side Expansion Project (Smithfield III),Columbia Gas Transmission,Reversal,Completed,2014-10-27,2014,"PA,WV,KY",PA,KY,81,,444,,Interstate,FERC,CP13-477,,,Completed@2018-05,2014@2018-05,81@2018-05,,444@2018-05,,,,appalachian-se
west texas gas export expansion|west texas gas co,2018-05,2026-08,EIA-NaturalGasPipelineProjectsAug2026.xlsx,Historical Projects (1996-2024),278,28,West Texas Gas Export Expansion,West Texas Gas Co,Expansion,Completed,2003-02-14,2003,"TX,MX",TX,MX,0.25,1,8.8,12,Interstate,FERC,CP02-382,,,Completed@2018-05,2003@2018-05,0.25@2018-05,1@2018-05,8.8@2018-05,12@2018-05,,1.0,tx-permian
westex expansion|oneok westex pipeline,2018-05,2026-08,EIA-NaturalGasPipelineProjectsAug2026.xlsx,Historical Projects (1996-2024),829,28,WesTex Expansion,ONEOK WesTex Pipeline,Expansion,Completed,2016-10-01,2016,TX,TX,TX,70-100,,260,,Intrastate,FERC,,,,Completed@2018-05,2016@2018-05,70-100@2018-05,,260@2018-05,,,,tx-permian
white oak lateral project|eastern shore natural gas,2018-05,2026-08,EIA-NaturalGasPipelineProjectsAug2026.xlsx,Historical Projects (1996-2024),774,28,White Oak Lateral Project,Eastern Shore Natural Gas,Lateral,Completed,2014-09-30,2014,DE,DE,DE,11.2,5.5,55,16,Interstate,FERC,CP13-498,,,Completed@2018-05,2014@2018-05,11.2@2018-05,5.5@2018-05,55@2018-05,16@2018-05,,5.5,appalachian-se
white oak mainline expansion project|eastern shore natural gas,2018-05,2026-08,EIA-NaturalGasPipelineProjectsAug2026.xlsx,Historical Projects (1996-2024),847,28,White Oak Mainline Expansion Project,Eastern Shore Natural Gas,Expansion,Completed,2017-03-10,2017,"PA,MD,DE",PA,DE,35.211,7,45,16,Interstate,FERC,CP15-18,,,Completed@2018-05,2017@2018-05,35.211@2018-05,7@2018-05,45@2018-05,16@2018-05,,7.0,appalachian-se
white river header pipeline|questar pipeline,2018-05,2026-08,EIA-NaturalGasPipelineProjectsAug2026.xlsx,Historical Projects (1996-2024),559,28,White River Header Pipeline,Questar Pipeline,Expansion,Completed,2008-11-15,2008,CO,CO,CO,58,5.88,2565,30,Interstate,FERC,CP08-398,,,Completed@2018-05,2008@2018-05,58@2018-05,5.88@2018-05,2565@2018-05,30@2018-05,,5.88,west-ne-ak
wig douglas expansion project|wyoming interstate gas co,2018-05,2026-08,EIA-NaturalGasPipelineProjectsAug2026.xlsx,Historical Projects (1996-2024),604,28,WIG Douglas Expansion Project,Wyoming Interstate Gas Co,Expansion,Completed,2009-06-30,2009,"WY,CO",WY,CO,0.25,,55,,Interstate,FERC,CP08-468,,,Completed@2018-05,2009@2018-05,0.25@2018-05,,55@2018-05,,,,west-ne-ak
wig eastward expansion|wyoming interstate gas co,2018-05,2026-08,EIA-NaturalGasPipelineProjectsAug2026.xlsx,Historical Projects (1996-2024),36,28,WIG Eastward Expansion,Wyoming Interstate Gas Co,Expansion,Completed,1997-08-01,1997,"WY,CO",WY,CO,39.9,,192,36,Interstate,FERC,CP96-288,,,Completed@2018-05,1997@2018-05,39.9@2018-05,,192@2018-05,36@2018-05,,,west-ne-ak
wig echo springs lateral|wyoming interstate gas co,2018-05,2026-08,EIA-NaturalGasPipelineProjectsAug2026.xlsx,Historical Projects (1996-2024),346,28,WIG Echo Springs Lateral,Wyoming Interstate Gas Co,Lateral,Completed,2004-11-01,2004,WY,WY,WY,11.56,5.25,110,16,Interstate,FERC,CP04-90,,,Completed@2018-05,2004@2018-05,11.56@2018-05,5.25@2018-05,110@2018-05,16@2018-05,,5.25,west-ne-ak
wig laramie compressor expansion|wyoming interstate gas co,2018-05,2026-08,EIA-NaturalGasPipelineProjectsAug2026.xlsx,Historical Projects (1996-2024),83,28,WIG Laramie Compressor Expansion,Wyoming Interstate Gas Co,Expansion,Completed,1998-10-12,1998,WY,WY,WY,14.9,,52,,Interstate,FERC,CP98-128,,,Completed@2018-05,1998@2018-05,14.9@2018-05,,52@2018-05,,,,west-ne-ak
wig mainline expansion|wyoming interstate gas co,2018-05,2026-08,EIA-NaturalGasPipelineProjectsAug2026.xlsx,Historical Projects (1996-2024),488,28,WIG Mainline Expansion,Wyoming Interstate Gas Co,Expansion,Completed,2008-02-05,2008,WY,WY,WY,22.2,,150,,Interstate,FERC,CP07-14,,http://www.nexusgastransmission.com/content/project-overview-map,Completed@2018-05,2008@2018-05,22.2@2018-05,,150@2018-05,,,,west-ne-ak
wig medicine bow 00 expansion|wyoming interstate gas co,2018-05,2026-08,EIA-NaturalGasPipelineProjectsAug2026.xlsx,Historical Projects (1996-2024),149,28,WIG Medicine Bow 00 Expansion,Wyoming Interstate Gas Co,Expansion,Completed,2000-03-01,2000,"WY,CO",WY,CO,12.1,5.6,120,24,Interstate,FERC,CP99-624,,,Completed@2018-05,2000@2018-05,12.1@2018-05,5.6@2018-05,120@2018-05,24@2018-05,,5.6,west-ne-ak
wig medicine bow 08 expansion|wyoming interstate gas co,2018-05,2026-08,EIA-NaturalGasPipelineProjectsAug2026.xlsx,Historical Projects (1996-2024),535,28,WIG Medicine Bow 08 Expansion,Wyoming Interstate Gas Co,Expansion,Completed,2008-10-29,2008,"WY,CO",WY,CO,32,,330,,Interstate,FERC,CP07-395,,,Completed@2018-05,2008@2018-05,32@2018-05,,330@2018-05,,,,west-ne-ak
wig piceance expansion phase 1|wyoming interstate gas co,2018-05,2026-08,EIA-NaturalGasPipelineProjectsAug2026.xlsx,Historical Projects (1996-2024),577,28,WIG Piceance Expansion Phase 1,Wyoming Interstate Gas Co,Expansion,Completed,2008-12-24,2008,CO,CO,CO,45.6,,50,,Interstate,FERC,CP08-403,,,Completed@2018-05,2008@2018-05,45.6@2018-05,,50@2018-05,,,,west-ne-ak
willcox lateral 2013 expansion project|el paso natural gas,2018-05,2026-08,EIA-NaturalGasPipelineProjectsAug2026.xlsx,Historical Projects (1996-2024),743,28,Willcox Lateral 2013 Expansion Project,El Paso Natural Gas,Lateral,Completed,2013-03-27,2013,"AZ,MX",AZ,MX,23.1,0.1,185,,Interstate,FERC,CP12-6,,,Completed@2018-05,2013@2018-05,23.1@2018-05,0.1@2018-05,185@2018-05,,,0.1,west-ne-ak
williams ng ks mo expansion|williams gas pipelines central,2018-05,2026-08,EIA-NaturalGasPipelineProjectsAug2026.xlsx,Historical Projects (1996-2024),60,28,Williams NG KS-MO Expansion,Williams Gas Pipelines Central,Expansion,Completed,1997-11-01,1997,"KS,MO",KS,MO,6.1,12.5,21.3,20,Interstate,FERC,CP97-776,,,Completed@2018-05,1997@2018-05,6.1@2018-05,12.5@2018-05,21.3@2018-05,20@2018-05,,12.5,midcon-north
williams ng wy kn expansion|williams gas pipelines central,2018-05,2026-08,EIA-NaturalGasPipelineProjectsAug2026.xlsx,Historical Projects (1996-2024),68,28,Williams NG WY-KN Expansion,Williams Gas Pipelines Central,Expansion,Completed,1997-12-15,1997,"WY,CO,KS",WY,KS,9.2,,30,20,Interstate,FERC,CP97-07,,,Completed@2018-05,1997@2018-05,9.2@2018-05,,30@2018-05,20@2018-05,,,west-ne-ak
williams pleasant hill expansion|williams gas pipelines central,2018-05,2026-08,EIA-NaturalGasPipelineProjectsAug2026.xlsx,Historical Projects (1996-2024),182,28,Williams Pleasant Hill Expansion,Williams Gas Pipelines Central,Expansion,Completed,2001-05-29,2001,"KS,MO",KS,MO,,1.5,88.2,24,Interstate,FERC,CP00-82,,,Completed@2018-05,2001@2018-05,,1.5@2018-05,88.2@2018-05,24@2018-05,,1.5,midcon-north
wisconsin south expansion project|anr pipeline,2018-05,2026-08,EIA-NaturalGasPipelineProjectsAug2026.xlsx,Historical Projects (1996-2024),922,28,Wisconsin South Expansion Project,ANR Pipeline,Expansion,Completed,2018-11-11,2018,"IL,WI",IL,WI,57.7,0.5,231,24,Interstate,FERC,CP17-9,,,Approved@2018-05 > Completed@2019-01,2018@2018-05,57.7@2018-05,0.5@2018-05,231@2018-05,24@2018-05,,0.5,midcon-north
woodbridge lateral|transcontinental gas pipeline,2018-05,2026-08,EIA-NaturalGasPipelineProjectsAug2026.xlsx,Historical Projects (1996-2024),790,28,Woodbridge lateral,Transcontinental Gas Pipeline,Lateral,Completed,2015-03-26,2015,NJ,NJ,NJ,32,2.4,264,20,Interstate,FERC,CP14-18,,,Completed@2018-05,2015@2018-05,32@2018-05,2.4@2018-05,264@2018-05,20@2018-05,,2.4,west-ne-ak
wpsc chilton lateral|wisconsin public service corp,2018-05,2026-08,EIA-NaturalGasPipelineProjectsAug2026.xlsx,Historical Projects (1996-2024),547,28,WPSC Chilton Lateral,Wisconsin Public Service Corp,Lateral,Completed,2008-11-01,2008,WI,WI,WI,1,1,49.99,4,Intrastate,State,na,,,Completed@2018-05,2008@2018-05,1@2018-05,1@2018-05,49.99@2018-05,4@2018-05,,1.0,midcon-north
wpsc denmark lateral|wisconsin public service corp,2018-05,2026-08,EIA-NaturalGasPipelineProjectsAug2026.xlsx,Historical Projects (1996-2024),548,28,WPSC Denmark Lateral,Wisconsin Public Service Corp,Lateral,Completed,2008-11-01,2008,WI,WI,WI,15,14,99.99,12,Intrastate,State,na,,,Completed@2018-05,2008@2018-05,15@2018-05,14@2018-05,99.99@2018-05,12@2018-05,,14.0,midcon-north
wr mid continent hub link|western gas resources inc,2018-05,2026-08,EIA-NaturalGasPipelineProjectsAug2026.xlsx,Historical Projects (1996-2024),28,28,WR Mid-Continent Hub Link,Western Gas Resources Inc,Expansion,Completed,1996-12-31,1996,KS,KS,KS,10,9.2,55,16,Interstate,FERC,na,,,Completed@2018-05,1996@2018-05,10@2018-05,9.2@2018-05,55@2018-05,16@2018-05,,9.2,midcon-north
wt 0 compressor station project|energy transfer transwestern,2026-05,2026-05,EIA-NaturalGasPipelineProjects_May2026.xlsx,Natural Gas Pipeline Projects,144,1,WT-0 Compressor Station Project,Energy Transfer (Transwestern),Expansion,Approved,,2026,NM,NM,NM,52,0,80,"13,220 HP",Interstate,FERC,CP25-37,Power / utility markets,Federal Register,Approved@2026-05,2026@2026-05,52@2026-05,0@2026-05,80@2026-05,"13,220 HP@2026-05","New ~13,220 HP WT-0 Compressor Station in Chaves County, NM on Transwestern's West Texas Lateral, plus metering facilities and a tie-in to an existing 24-inch dual lateral. Adds 80,000 Dth/d of firm transport from West Texas Lateral Central Zone receipts to the Transwestern Panhandle Lateral (northbound capacity raised to 830,000 Dth/d system-wide). Application filed 12/20/2024 (CP25-37); FERC EA 8/1/2025; federal authorization deadline 10/30/2025.",0.0,tx-permian
wt 0 compressor station project|transwestern,2026-08,2026-08,EIA-NaturalGasPipelineProjectsAug2026.xlsx,Natural Gas Pipeline Projects,138,1,WT-0 Compressor Station Project,Transwestern,Expansion,Approved,,2026,NM,NM,NM,52,0,80,,Interstate,FERC,,Power / utility markets,Federal Register,Approved@2026-08,2026@2026-08,52@2026-08,0@2026-08,80@2026-08,,"New ~13,220 HP WT-0 Compressor Station in Chaves County, NM on Transwestern's West Texas Lateral, plus metering facilities and a tie-in to an existing 24-inch dual lateral. Adds 80,000 Dth/d of firm transport from West Texas Lateral Central Zone receipts to the Transwestern Panhandle Lateral (northbound capacity raised to 830,000 Dth/d system-wide). Application filed 12/20/2024 (CP25-37); FERC EA 8/1/2025; federal authorization deadline 10/30/2025.",0.0,tx-permian
wt 0 compressor station project|transwestern pipeline company llc,2025-10,2026-01,EIA-NaturalGasPipelineProjects_Jan2026.xlsx,Natural Gas Pipeline Projects,136,2,WT-0 Compressor Station Project,"Transwestern Pipeline Company, LLC",Expansion,Approved,,2026,NM,NM,NM,52,0,80,,Intrastate,FERC,CP25-37-000,,Federal Register,Approved@2025-10,2026@2025-10,52@2025-10,0@2025-10,80@2025-10,,"FERC approved Energy Transfer LP's $52 million Transwestern Pipeline expansion in Chaves County, New Mexico. The project includes a new 13,220-horsepower WT-0 compressor station, metering facilities, and a tie-in to an existing 24-inch dual lateral pipeline, adding 80,000 Dth/d of firm gas transportation and increasing northbound capacity from West Texas to 830,000 Dth/d.",0.0,tx-permian
year in service date|,2018-05,2026-08,EIA-NaturalGasPipelineProjectsAug2026.xlsx,Definitions,30,28,Year In Service Date,,,,,,,,,,,,,,,,,,,,,,,,,,unassigned
yorktown meter station upgrade|algonquin gas transmission,2019-05,2026-08,EIA-NaturalGasPipelineProjectsAug2026.xlsx,Historical Projects (1996-2024),1060,25,Yorktown Meter Station Upgrade,Algonquin Gas Transmission,Expansion,Completed,2022-03-10,2022,NY,NY,NY,13,,18,,Interstate,FERC,CP19-13,Utility,,Applied@2019-05 > Construction@2019-07 > Completed@2022-10,2020@2019-05 > 2022@2021-01,16@2019-05 > 13@2022-10,,21.478@2019-05 > 18@2022-10,,Increase deliverability at Yorktown M&R Station for ConEd utility (in Westchester Co.),,west-ne-ak
zone 3 expansion|southern natural gas co,2018-05,2026-08,EIA-NaturalGasPipelineProjectsAug2026.xlsx,Historical Projects (1996-2024),825,28,Zone 3 Expansion,Southern Natural Gas Co,Expansion,Completed,2016-09-02,2016,"GA,FL",GA,FL,300,,235,,Interstate,FERC,CP14-493,,,Completed@2018-05,2016@2018-05,300@2018-05,,235@2018-05,,,,appalachian-se
