SheetRow,ProjectID,RouteNotes_after,RouteRef_after
4,P0061,,http://www.doubleepipeline.com/Content/Maps/DoubleE191106.pdf
5,P0143,,https://www.enterpriseproducts.com/operations/system-map/?zm=6.8689906632401705&cx=-10342587.99&cy=3630331.16&flt=NaturalGasPipelinesServicesDisplay
10,P0149,,https://www.enbridge.com/~/media/Enb/Documents/Factsheets/FS_EnergyInfrastructureAssets.pdf?la=en
14,P0153,,https://www.xclmidstream.com/operations/
18,P0157,,https://www.enbridge.com/~/media/Enb/Documents/Factsheets/FS_EnergyInfrastructureAssets.pdf?la=en
19,P0158,,https://www.tcenergy.com/siteassets/pdfs/natural-gas/bison/tc-bison-pipeline-map.pdf
20,P0159,,https://bridgeline.enlink.com/wp-content/uploads/2019/12/Bridgeline_InterconnectMap_021315.pdf
21,P0160,,"https://www.tcenergy.com/siteassets/pdfs/natural-gas/canadian-mainline/transcanada-canadian-mainline-map.pdf, https://www.cer-rec.gc.ca/en/data-analysis/facilities-we-regulate/pipeline-profiles/natural-gas/pipeline-profiles-transcanadas-canadian-mainline.html"
23,P0162,,https://nsletconnect.energytransfer.com/ipost/MRT
24,P0163,,"https://www.enablemidstream.com/company/operations/ts/#:~:text=Enable%20Oklahoma%20Intrastate%20Transmission%20(EOIT,third%2Dparty%20interconnects%20across%20Oklahoma., https://pipelines.energytransfer.com/ipost/EOIT"
25,P0164,,https://www.enbridge.com/~/media/Enb/Documents/Factsheets/FS_EnergyInfrastructureAssets.pdf?la=en
26,P0165,,http://hienergyebb.azurewebsites.net/CHANDELEUR/Home
29,P0168,,https://pipeportal.kindermorgan.com/portalui/DefaultKM.aspx?TSP=CIGD
33,P0172,,https://www.tcenergy.com/siteassets/pdfs/natural-gas/crossroads/tc-crossroads-pipeline-map.pdf
36,P0175,,"https://www.enbridge.com/~/media/Enb/Documents/Factsheets/FS_EnergyInfrastructureAssets.pdf?la=en, http://hienergyebb.azurewebsites.net/DESTIN/Home"
40,P0179,,https://www.enbridge.com/~/media/Enb/Documents/Factsheets/FS_EnergyInfrastructureAssets.pdf?la=en
42,P0182,,https://www.friendsofthenanticoke.org/eastern-shore-pipeline
45,P0186,,http://mvpurchasing.com/mvpipelines/pipelines/
48,P0189,,https://feptransfer.energytransfer.com/ipost/FEP
50,P0191,,https://www.tcenergy.com/siteassets/pdfs/natural-gas/foothills-system/transcanada-foothills-system-map.pdf
51,P0192,,https://www.enbridge.com/~/media/Enb/Documents/Factsheets/FS_EnergyInfrastructureAssets.pdf?la=en
53,P0194,,https://www.tcenergy.com/siteassets/pdfs/natural-gas/great-lakes-gas-transmission/tc-great-lakes-gas-transmission-map.pdf
54,P0195,,https://www.oneok.com/gpl/-/media/ngp/gpl/gplsystemmap/gplsystemmap.ashx?la=en&hash=222765705BDE32E245BBA008D766D02A
55,P0196,,https://infopost.bwpipelines.com/Posting/DisplayPostingDocumentPage.aspx?PostingMenuItemID=33&tspid=2
58,P0199,,https://www.enbridge.com/~/media/Enb/Documents/Factsheets/FS_EnergyInfrastructureAssets.pdf?la=en
64,P0205,,https://www.iroquois.com/site/assets/files/1083/iroquois-pipeline-map-l2.pdf
66,P0208,,https://pipeline.tallgrassenergylp.com/Content/TIGT/TIGT_FERC_Web_Map.pdf
71,P0213,,https://pipeportal.kindermorgan.com/portalui/DefaultKM.aspx?TSP=MEP
72,P0214,,https://www.oneok.com/mgt/-/media/ngp/mgt/systemmap/mgt_mainline.ashx?la=en&hash=6AD6AADF9DCE25BF6713B1FF45B78850
74,P0216,,https://www.tcenergy.com/siteassets/pdfs/natural-gas/millennium-pipeline/tc-millennium-pipeline-map.pdf
75,P0217,,https://www.enbridge.com/~/media/Enb/Documents/Factsheets/FS_EnergyInfrastructureAssets.pdf?la=en
80,P0223,,https://www.enbridge.com/~/media/Enb/Documents/Factsheets/FS_EnergyInfrastructureAssets.pdf?la=en
82,P0225,,https://www.enbridge.com/~/media/Enb/Documents/Factsheets/FS_EnergyInfrastructureAssets.pdf?la=en
84,P0230,,https://www.nwga.org/wp-content/uploads/2015/07/Northwest-gas-inf-FINAL-Jul-2015.pdf
85,P0231,,https://www.tcenergy.com/SysSiteAssets/pdfs/natural-gas/gas-transmission-northwest/tc-gas-transmission-northwest-map.pdf
89,P0235,,https://www.psgincs.com/ohio-gulf-coast-pipeline-approval/
94,P0240,,"https://www.lehighvalleylive.com/news/2020/01/stymied-in-nj-penneast-proposes-building-gas-pipeline-only-into-lehigh-valley-for-now.html, https://www.hartenergy.com/news/penneast-kills-its-11-billion-natural-gas-pipeline-project-196415"
96,P0242,,https://www.tcenergy.com/siteassets/pdfs/natural-gas/portland-natural-gas-transmission-system/tc-portland-natural-gas-transmission-system-map.pdf
100,P0246,,https://pipeline.tallgrassenergylp.com/Content/REX/REX_FERC_Web_Map.pdf
102,P0249,,"https://www.enbridge.com/~/media/Enb/Documents/Factsheets/FS_EnergyInfrastructureAssets.pdf?la=en, https://infopost.enbridge.com/infopost/STTHome.asp?Pipe=STT"
103,P0250,,http://www.gasnom.com/ip/Sabine/map/
104,P0251,,https://sermessenger.energytransfer.com/ipost/SER/maps/west-area
105,P0252,,https://pipeportal.kindermorgan.com/portalui/DefaultKM.aspx?TSP=SNGD
108,P0255,,https://www.spireenergy.com/spire-stl-pipeline/project-history#projectmap
111,P0258,,https://pipeportal.kindermorgan.com/portalui/DefaultKMIntra.aspx?TSP=KMTJ
114,P0261,,https://www.enbridge.com/~/media/Enb/Documents/Factsheets/FS_EnergyInfrastructureAssets.pdf?la=en
116,P0263,,https://archive.kftc.org/sites/default/files/docs/resources/map_texas_gas_line_oh_to_la.pdf
118,P0265,,https://www.upi.com/Energy-News/2010/04/13/US-Tiger-gas-pipeline-gets-FERC-approval/52701271170726/
119,P0266,,https://pipeline.tallgrassenergylp.com/Content/TPC/TPC_FERC_Web_Map.pdf
120,P0267,,https://www.tcenergy.com/siteassets/pdfs/natural-gas/trans-quebec/transcanada-tqm-pipeline-map.pdf
122,P0269,,https://venturegloballng.com/project-calcasieu-pass/pipeline/
123,P0270,,https://pipeline2.kindermorgan.com/Documents/TCP/TCP_System_Map-20180308115906.pdf
128,P0275,,https://www.tcenergy.com/siteassets/pdfs/natural-gas/tuscarora-transmission-system/tc-tuscarora-gas-transmission-map.pdf
129,P0276,,https://www.enbridge.com/~/media/Enb/Documents/Factsheets/FS_EnergyInfrastructureAssets.pdf?la=en
131,P0278,,https://www.oneok.com/vgt/-/media/ngp/vgt/systemmap/vgtsystemmap.ashx?la=en&hash=22C56518D8D810C4229F3FB51359D2F6
135,P0282,,https://pipeportal.kindermorgan.com/PortalUI/DefaultKM.aspx?TSP=WICD
140,P0287,,https://www.kindermorgan.com/content/docs/gulf_coast_map.pdf
149,P0297,,https://www.duke-energy.com/home/natural-gas-projects/central-corridor-pipeline-ext
154,P0304,,https://www.mrt.com/business/oil/article/New-Magnum-Energy-Midstream-header-targets-13089442.php
177,P0329,,https://cdnsm5-hosted.civiclive.com/UserFiles/Servers/Server_9285172/File/Depts/Info%20for%20Residents/190906_T%20to%20B_Project_Weekly_Report.pdf
181,P0355,,https://triangleashrae.com/images/downloads/Meeting_Presentations/2018_02_13_mtg___natgas_update___presentation.pdf
182,P0359,,https://www.spglobal.com/commodityinsights/en/market-insights/latest-news/natural-gas/082219-cheyenne-hub-futures-bearish-despite-possible-connector-project-delays
187,P0373,,https://www.cheniere.com/where-we-work/cc-pipeline
189,P0375,,https://www.consumersenergy.com/company/natural-gas-operations/saginaw-trail-pipeline
224,P0437,,"https://www.dolphinenergy.com/sites/all/themes/dolphinenergy/assets/images/common/dolphin-project-map.jpg, https://www.limacharlienews.com/wp-content/uploads/2017/06/odgcegfejmlhppnd.jpg, http://eprints2.insa-strasbourg.fr/1444/2/Annexe_-_map_-_QatarOil_%26_Gas_Field_Map.pdf"
226,P0439,,https://www.maal.ly/%D8%AE%D8%B7-%D8%A3%D9%86%D8%A7%D8%A8%D9%8A%D8%A8-%D8%AC%D8%B1%D9%8A%D9%86-%D8%B3%D8%AA%D8%B1%D9%8A%D9%85-%D8%AE%D8%B7-%D8%A5%D9%86%D8%A7%D8%B1%D8%A9-%D8%A7%D9%8A%D8%B7%D8%A7%D9%84%D9%8A%D8%A7-%D9%85/
236,P0449,,https://drive.google.com/file/d/15MlsJ2awq8Zfjia7b9SBhHYCQzkbaPc9/view?usp=sharing
240,P0453,,https://pemedianetwork.com/petroleum-economist/articles/geopolitics/2022/gas-may-be-safe-in-algeria-spain-spat/
241,P0455,,"https://gulfpub-gisstg.esriemcs.com/pe_exxonmobil_dash/tabs/LNG.html, http://www.rompco.co.za/node/26"
243,P0457,,https://sebatproje.com.tr/en/portfolio/ite-anatolian-natural-gas-pipeline-project-ite/
245,P0459,,"https://worldmap.maps.arcgis.com/home/index.html, https://www.loc.gov/resource/g7421h.ct002142/?ciw=467&clip=3098,948,3608,1474&rot=0, https://4.bp.blogspot.com/-KAD3oMTUVRI/Wd2jqC60akI/AAAAAAAAIzc/N_EydhsmatgWaoKqIi9qAOWkEzAv5FIHwCLcBGAs/s640/Pipeline_Turkey-pipelines_TEKMOR.png, https://www.turkey-japan.com/business/category5/category5_404b.pdf"
246,P0460,,"https://en.wikipedia.org/wiki/Trans-Saharan_gas_pipeline, https://drive.google.com/file/d/1rcWax5-qAtuWwJGOiMHVLVSyGZmrdYKB/view?usp=sharing"
248,P0462,,"https://upload.wikimedia.org/wikipedia/commons/thumb/2/2f/Arab_Gas_Pipeline.svg/440px-Arab_Gas_Pipeline.svg.png, https://www.ingl.co.il/wp-content/uploads/2020/06/Natgaz_GeneralMap_Feb2020_ENG_FINAL.pdf"
250,P0464,,https://web.archive.org/web/20180404014634/http://www04.abb.com/global/seitp/seitp202.nsf/0/8820e4cfd7460271c1257b8e004bec94/$file/Sonatrach+pipeline+map.pdf
251,P0465,,https://web.archive.org/web/20180404014634/http://www04.abb.com/global/seitp/seitp202.nsf/0/8820e4cfd7460271c1257b8e004bec94/$file/Sonatrach+pipeline+map.pdf
253,P0467,,http://energy-cg.com/OPEC/Algeria/Algeria_NewFieldDev_Mar19b_reduce_Image1x1_EnergyConsutlingGroup_ppt.png
254,P0468,,https://web.archive.org/web/20180404014634/http://www04.abb.com/global/seitp/seitp202.nsf/0/8820e4cfd7460271c1257b8e004bec94/$file/Sonatrach+pipeline+map.pdf
256,P0470,,https://www.offshore-technology.com/marketdata/rhourd-ennous-hassi-r-mel-i-gas-pipeline-algeria/
257,P0471,,https://www.eni.com/content/dam/enicom/documents/eng/reports/2022/Ep-Maps-Fact-Book-2022.pdf
258,P0472,,https://hawilti.com/energy/upstream/breaking-cote-divoire-to-award-seven-new-oil-gas-blocks-to-murphy-oil-and-petroci/
262,P0477,,https://www.almasryalyoum.com/news/details/103848
263,P0479,,https://www.iene.eu/articlefiles/nikolaou%20part%20a%20cyprus%2019.pdf
264,P0480,,https://upload.wikimedia.org/wikipedia/commons/thumb/2/2f/Arab_Gas_Pipeline.svg/1200px-Arab_Gas_Pipeline.svg.png
267,P0483,,https://www.facebook.com/GtsmlyatAlmntqtAlshrqyt/photos/a.494782797243965/500132756708969/?_rdr
285,P0502,,http://eprints2.insa-strasbourg.fr/1444/2/Annexe_-_map_-_QatarOil_%26_Gas_Field_Map.pdf
286,P0503,,http://eprints2.insa-strasbourg.fr/1444/2/Annexe_-_map_-_QatarOil_%26_Gas_Field_Map.pdf
287,P0504,,http://eprints2.insa-strasbourg.fr/1444/2/Annexe_-_map_-_QatarOil_%26_Gas_Field_Map.pdf
288,P0505,,http://eprints2.insa-strasbourg.fr/1444/2/Annexe_-_map_-_QatarOil_%26_Gas_Field_Map.pdf
289,P0506,,http://eprints2.insa-strasbourg.fr/1444/2/Annexe_-_map_-_QatarOil_%26_Gas_Field_Map.pdf
290,P0507,,http://eprints2.insa-strasbourg.fr/1444/2/Annexe_-_map_-_QatarOil_%26_Gas_Field_Map.pdf
291,P0508,,http://eprints2.insa-strasbourg.fr/1444/2/Annexe_-_map_-_QatarOil_%26_Gas_Field_Map.pdf
292,P0509,,http://eprints2.insa-strasbourg.fr/1444/2/Annexe_-_map_-_QatarOil_%26_Gas_Field_Map.pdf
293,P0510,,http://eprints2.insa-strasbourg.fr/1444/2/Annexe_-_map_-_QatarOil_%26_Gas_Field_Map.pdf
294,P0511,,http://eprints2.insa-strasbourg.fr/1444/2/Annexe_-_map_-_QatarOil_%26_Gas_Field_Map.pdf
297,P0514,,https://theodora.com/pipelines/middle_east_pipelines_map.jpg
298,P0515,,https://theodora.com/pipelines/middle_east_pipelines_map.jpg
299,P0516,,https://theodora.com/pipelines/middle_east_pipelines_map.jpg
300,P0517,,https://theodora.com/pipelines/middle_east_pipelines_map.jpg
301,P0518,,https://theodora.com/pipelines/middle_east_pipelines_map.jpg
302,P0519,,https://theodora.com/pipelines/middle_east_pipelines_map.jpg
303,P0520,,"https://www.loc.gov/resource/g7421h.ct002142/?ciw=702&clip=3533,9052,638,502&rot=0"
304,P0522,,https://theodora.com/pipelines/middle_east_pipelines_map.jpg
305,P0523,,"https://www.loc.gov/resource/g7421h.ct002142/?ciw=406&clip=2532,9215,1324,778&rot=0"
306,P0681,,https://molgroup.info/storage/documents/publications/annual_reports/2010/book_mar10_eng_20110504.pdf
307,P0682,,https://www.gasunietransportservices.nl/en/network-operations/the-transmission-network
309,P0684,,https://img.offshore-mag.com/files/base/ebm/os/image/2020/05/baltic_pipe.5ec69f3f5f760.png?auto=format&dpr=2&w=720
321,P0696,,"https://www.icgb.eu/ci/igb_project1_hr.jpg, https://www.icgb.eu/ci/igb_project2.jpg"
333,P0708,,https://fas.org/sgp/crs/row/IF11177.pdf
338,P0713,,https://www.opal-gastransport.de/en/our-network
340,P0715,,https://www.gascade.de/fileadmin/downloads/GASCADE_Gasfernleitungsnetz_Ein-Ausspeisepkt_2203.pdf
356,P0732,,"https://secureservercdn.net/160.153.137.40/abg.ffd.myftpupload.com/wp-content/uploads/2015/01/MAIN-WS-TCP-map-Ver2.0b.jpg, https://energy-community.org/dam/jcr:931f2079-3c73-4ee6-8f1e-7ec940490dc9/List_Gas_PECI_032020.pdf, https://www.entsog.eu/sites/default/files/2019-05/ENTSOG_TYNDP_2018_MAP_A3landscape_TRA_901.pdf"
369,P0747,,"https://www.tornosnews.gr/en/files/ITGI_map_649497774.jpg, https://www.iene.eu/articlefiles/mezartasoglou.pdf"
380,P0760,,"https://gdb.polygraph.info/FEEDB45C-C38A-46A0-87D0-06E1E56F8461_w650_r0_s.jpg, https://fas.org/sgp/crs/row/IF11177.pdf, https://russiancouncil.ru/upload/teslapipe1.jpg"
399,P0784,,https://drive.google.com/file/d/13ssM3jcSSbifKLFdUiNr_ixtpLnrffor/view?usp=sharing
400,P0786,,https://www.energycharter.org/fileadmin/DocumentsMedia/Presentations/CBP-Ukraine_GTS.pdf
408,P0802,,https://www.gasconnect.at/en/network-information/our-network-in-detail/west-austria-pipeline
409,P0803,,"https://www.eastring.eu/img/eastring_map_vyrez_600px_2018.jpg, https://www.entsog.eu/sites/default/files/2019-05/ENTSOG_TYNDP_2018_MAP_A3landscape_TRA_901.pdf"
414,P0811,,https://oge.net/_Resources/Persistent/0/c/f/d/0cfd857ef64c41d39faff3c98b27bd619bae1929/20200625_OGE_Karte_Gasleitungen_DEU_CD2020_METG-1704x1137.jpg
431,P0843,,https://www.adb.org/sites/default/files/project-documents/35242/35242-013-pcr-en.pdf
433,P0845,,https://www.adb.org/sites/default/files/project-documents/35242/35242-013-pcr-en.pdf
434,P0846,,https://petrobangla.portal.gov.bd/sites/default/files/files/petrobangla.portal.gov.bd/annual_reports/035c1d34_7671_4477_9fc1_71659da2357f/2023-10-14-17-08-efda448681328c0e62f973d4451819ee.pdf
435,P0847,,https://www.adb.org/sites/default/files/project-documents/35242/35242-013-pcr-en.pdf
436,P0850,,https://www.adb.org/sites/default/files/project-documents/35242/35242-013-pcr-en.pdf
445,P0859,,https://www.adb.org/sites/default/files/project-documents/35242/35242-013-pcr-en.pdf
446,P0860,,https://www.adb.org/sites/default/files/project-documents/35242/35242-013-pcr-en.pdf
450,P0864,,https://gtcl.portal.gov.bd/sites/default/files/files/gtcl.portal.gov.bd/monthly_report/f77ce396_ccee_46c8_8157_c0667c8ea4c1/2024-03-24-06-39-34a3686bc6eb7675953326a048feb1f8.pdf
454,P0869,,https://www.adb.org/sites/default/files/project-documents/35242/35242-013-pcr-en.pdf
466,P0883,,https://www.adb.org/sites/default/files/project-documents/35242/35242-013-pcr-en.pdf
467,P0884,,https://www.adb.org/sites/default/files/project-documents/35242/35242-013-pcr-en.pdf
470,P0904,,https://gailonline.com/pdf/InvestorsZone/AnnualReports/AnnualReport2021ENG_New.pdf
471,P0905,,"http://environmentclearance.nic.in/writereaddata/Online/TOR/05_May_2016_173202517NBDB0Q5KBriefSummaryofprojectAnjar-Chotila.pdf, http://gspcgroup.com/documents/pagecontent/GSPL%20Gas%20Grid%2031.03.2019.pdf"
473,P0907,,https://gailonline.com/pdf/InvestorsZone/AnnualReports/AnnualReport2021ENG_New.pdf
474,P0908,,http://gspcgroup.com/documents/pagecontent/Map1.pdf
475,P0911,,https://gailonline.com/pdf/InvestorsZone/AnnualReports/AnnualReport2021ENG_New.pdf
476,P0912,,https://gailonline.com/pdf/InvestorsZone/AnnualReports/AnnualReport2021ENG_New.pdf
479,P0916,,"https://www.iploca.com/platform/content/element/10491/GAIL-Mr.A.Prasad.pdf, https://gailonline.com/pdf/InvestorsZone/AnnualReports/AnnualReport2021ENG_New.pdf"
481,P0919,,https://gailonline.com/pdf/InvestorsZone/AnnualReports/AnnualReport2021ENG_New.pdf
482,P0920,,http://schuckindia.org/india_news
483,P0921,,https://www.pngrb.gov.in/pdf/ngp/bid/bid13/Clarification05032019.pdf
484,P0922,,https://www.pngrb.gov.in/pdf/ngp/bid/bid7/Map-ETBPNMTPL.pdf
491,P0929,,https://www.pngrb.gov.in/pdf/ngp/Govt-Authorization/JHDBPL-03022018.pdf
498,P0936,,https://pngrb.gov.in/pdf/ngp/bid/bid11/Map-LJB-Bidding.pdf
499,P0937,,https://www.gidb.org/gas-pipeline-infrastructure
500,P0938,,http://www.gspcgroup.com/documents/pagecontent/Full_MBBVPL_Map.jpg
501,P0941,,http://gspcgroup.com/documents/pagecontent/Map1.pdf
504,P0953,,https://www.rgpl.co.in/shandol-phulpur-natural-gas-pipeline.html
508,P0958,,"https://migas.esdm.go.id/uploads/uploads/Isi-STATISTIK-2021---updated-oktober.pdf, https://migas.esdm.go.id/uploads/uploads/FA--Statistik-Semester-I-2022-LOW.pdf"
509,P0959,,"https://migas.esdm.go.id/uploads/uploads/Isi-STATISTIK-2021---updated-oktober.pdf, https://migas.esdm.go.id/uploads/uploads/FA--Statistik-Semester-I-2022-LOW.pdf"
510,P0960,,"https://migas.esdm.go.id/uploads/uploads/Isi-STATISTIK-2021---updated-oktober.pdf, https://migas.esdm.go.id/uploads/uploads/FA--Statistik-Semester-I-2022-LOW.pdf"
511,P0961,,"https://migas.esdm.go.id/uploads/uploads/Isi-STATISTIK-2021---updated-oktober.pdf, https://migas.esdm.go.id/uploads/uploads/FA--Statistik-Semester-I-2022-LOW.pdf"
514,P0964,,"https://www.linkedin.com/posts/oil-gas-lang-perdana-37b42039_cirebon-semarang-cisem-ii-gas-pipeline-activity-7327599220297728000-UWuA/, https://www.linkedin.com/posts/petromindo_gasnewsindonesia-indonesiagasnews-gasindonesianews-activity-7186647722337144832-ZE5C/"
516,P0966,,https://boskalis.com/media/hlpnzlen/indonesia_-_east_java_gas_pipeline.pdf
522,P0972,,https://iopscience.iop.org/article/10.1088/1757-899X/1053/1/012099/pdf
525,P0976,,https://iopscience.iop.org/article/10.1088/1757-899X/1053/1/012099/pdf
535,P0988,,https://www.adb.org/sites/default/files/project-document/80402/ln1357-pcr.pdf
537,P0991,,https://iopscience.iop.org/article/10.1088/1757-899X/1053/1/012099/pdf
538,P0992,,"https://www.spc.com.sg/our-business/ep/pipelines/#:~:text=The%20468%2Dkilometre%20Grissik%2DBatam,contract%20between%20Singapore%20and%20Indonesia"
550,P1004,,https://www.tokyo-gas.co.jp/Press_e/20160325-02e.pdf
551,P1005,,https://www.tokyo-gas.co.jp/Press_e/20160325-02e.pdf
552,P1006,,https://www.inpex.co.jp/english/business/japan/
553,P1007,,https://www.chuden.co.jp/english/corporate/releases/pressreleases/__icsFiles/afieldfile/2020/04/13/isebay.pdf
554,P1012,,https://www.tokyo-gas.co.jp/Press_e/20160325-02e.pdf
555,P1013,,https://www.tokyo-gas.co.jp/Press_e/20160325-02e.pdf
563,P1021,,https://www.tokyo-gas.co.jp/Press_e/20160325-02e.pdf
564,P1022,,https://www.tokyo-gas.co.jp/Press_e/20160325-02e.pdf
565,P1023,,https://www.inpex.co.jp/english/business/japan/
566,P1024,,https://www.tokyo-gas.co.jp/Press_e/20160325-02e.pdf
567,P1025,,https://www.japex.co.jp/uploads/pdf/JAPEX20150126_KoriyamaNorthPL_InOperation_e.pdf
568,P1026,,https://www.tokyo-gas.co.jp/Press_e/20160325-02e.pdf
570,P1028,,https://www.inpex.co.jp/english/business/japan/
572,P1030,,https://ir.shizuokagas.co.jp/en/information/information664466448656675981.html
574,P1032,,https://www.osakagas.co.jp/en/whatsnew/__icsFiles/afieldfile/2019/02/01/181128.pdf
575,P1033,,https://www.inpex.co.jp/english/business/japan/
576,P1034,,https://www.japex.co.jp/en/business/gassupply/pipelines/
577,P1036,,https://www.tokyo-gas.co.jp/Press_e/20160325-02e.pdf
578,P1037,,https://dcs.gamedios.com/iportal/CatalogViewInterfaceStartUpAction.do?method=startUp&mode=PAGE&volumeID=SBG00001&catalogId=19064380000&pageGroupId=1&designID=SBGD001&catalogCategoryId=&designConfirmFlg=
579,P1038,,https://www.inpex.co.jp/english/business/japan/
580,P1039,,https://www.inpex.co.jp/english/business/japan/
581,P1041,,https://www.tokyo-gas.co.jp/Press_e/20160325-02e.pdf
583,P1043,,https://www.tokyo-gas.co.jp/Press_e/20160325-02e.pdf
584,P1044,,https://www.inpex.co.jp/english/news/assets/pdf/e20100107.pdf
586,P1046,,https://www.inpex.co.jp/english/business/japan/
587,P1047,,https://www.inpex.co.jp/english/business/japan/
588,P1048,,https://www.inpex.co.jp/english/business/japan/
590,P1050,,https://www.japex.co.jp/en/business/gassupply/pipelines/
591,P1051,,https://www.inpex.co.jp/english/business/japan/
593,P1054,,https://www.japex.co.jp/en/business/gassupply/pipelines/
595,P1056,,https://www.tokyo-gas.co.jp/Press_e/20160325-02e.pdf
596,P1057,,https://www.inpex.co.jp/english/business/japan/
599,P1060,,https://www.japex.co.jp/en/business/gassupply/pipelines/
600,P1061,,https://www.tokyo-gas.co.jp/Press_e/20160325-02e.pdf
606,P1068,,https://www.ttm-jda.com/content/service/?lang=eng
607,P1071,,"https://sway.com/s/gb38GyBi7wZIuK3k/embed?accessible=true&host=dd, https://totalenergies.com/media/news/press-releases/myanmar-shareholders-moattama-gas-transportation-company-limited-vote"
608,P1072,,https://totalenergies.com/media/news/press-releases/myanmar-shareholders-moattama-gas-transportation-company-limited-vote
612,P1079,,https://www.industry.gov.au/data-and-publications/global-resources-strategy-commodity-report-liquefied-natural-gas/emerging-lng-markets/philippines
613,P1080,,https://www.industry.gov.au/data-and-publications/global-resources-strategy-commodity-report-liquefied-natural-gas/emerging-lng-markets/philippines
614,P1081,,"https://openjicareport.jica.go.jp/pdf/12057204_01.pdf, https://www.industry.gov.au/data-and-publications/global-resources-strategy-commodity-report-liquefied-natural-gas/emerging-lng-markets/philippines"
615,P1082,,https://www.industry.gov.au/data-and-publications/global-resources-strategy-commodity-report-liquefied-natural-gas/emerging-lng-markets/philippines
618,P1086,,"https://malampaya.com/technology/, https://www.doe.gov.ph/sites/default/files/pdf/announcements/b_bs_oimb_04_best_practices_disaster_preparedness_ingrf.pdf"
620,P1088,,https://www.industry.gov.au/data-and-publications/global-resources-strategy-commodity-report-liquefied-natural-gas/emerging-lng-markets/philippines
621,P1089,,https://www.industry.gov.au/data-and-publications/global-resources-strategy-commodity-report-liquefied-natural-gas/emerging-lng-markets/philippines
622,P1090,,https://www.industry.gov.au/data-and-publications/global-resources-strategy-commodity-report-liquefied-natural-gas/emerging-lng-markets/philippines
623,P1091,,https://www.industry.gov.au/data-and-publications/global-resources-strategy-commodity-report-liquefied-natural-gas/emerging-lng-markets/philippines
624,P1095,,https://gordoncheng.wordpress.com/2012/05/05/%E5%BE%9E%E5%A4%A7%E6%BD%AD%E3%80%81%E9%80%9A%E9%9C%84%E9%9B%BB%E5%BB%A0%E6%98%AF%E4%B8%8D%E6%98%AF%E3%80%8C%E8%9A%8A%E5%AD%90%E9%9B%BB%E5%BB%A0%E3%80%8D%E8%AB%87%E8%B5%B7%E7%87%83%E6%B0%A3%E7%99%BC/
627,P1098,,https://gordoncheng.wordpress.com/2012/05/05/%E5%BE%9E%E5%A4%A7%E6%BD%AD%E3%80%81%E9%80%9A%E9%9C%84%E9%9B%BB%E5%BB%A0%E6%98%AF%E4%B8%8D%E6%98%AF%E3%80%8C%E8%9A%8A%E5%AD%90%E9%9B%BB%E5%BB%A0%E3%80%8D%E8%AB%87%E8%B5%B7%E7%87%83%E6%B0%A3%E7%99%BC/
628,P1100,,https://www.pttplc.com/en/Media/Publications/Report.aspx
629,P1101,,https://www.downtoearth.org.in/coverage/project-disaster-23342
630,P1102,,https://www.pttplc.com/en/Media/Publications/Report.aspx
631,P1103,,https://www.pttplc.com/en/Media/Publications/Report.aspx
632,P1104,,https://www.pttplc.com/en/Media/Publications/Report.aspx
633,P1105,,https://www.pttplc.com/en/Media/Publications/Report.aspx
634,P1106,,https://www.pttplc.com/en/Media/Publications/Report.aspx
635,P1107,,https://www.pttplc.com/en/Media/Publications/Report.aspx
636,P1108,,https://www.pttplc.com/en/Media/Publications/Report.aspx
637,P1109,,https://www.pttplc.com/en/Media/Publications/Report.aspx
638,P1110,,https://www.pttplc.com/en/Media/Publications/Report.aspx
639,P1111,,https://www.pttplc.com/en/Media/Publications/Report.aspx
640,P1112,,https://www.pttplc.com/en/Media/Publications/Report.aspx
641,P1113,,https://www.pttplc.com/en/Media/Publications/Report.aspx
642,P1114,,https://www.pttplc.com/en/Media/Publications/Report.aspx
643,P1115,,http://www.trc-con.co.th/file_upload/ir/2016/09/Opportunity_Day-%207-Sep-16.pdf
644,P1116,,https://www.pttplc.com/en/Media/Publications/Report.aspx
645,P1117,,https://www.pttplc.com/en/Media/Publications/Report.aspx
646,P1118,,https://www.pttplc.com/en/Media/Publications/Report.aspx
647,P1119,,https://www.pttplc.com/en/Media/Publications/Report.aspx
648,P1121,,https://www.pttplc.com/en/Media/Publications/Report.aspx
649,P1122,,https://www.pttplc.com/en/Media/Publications/Report.aspx
650,P1123,,https://www.pttplc.com/en/Media/Publications/Report.aspx
655,P1129,,https://www.aer.gov.au/system/files/Dawson%20Valley%20pipeline%20final%20decision%20%2822%20August%202007%29.pdf
676,P1153,,https://jemena.com.au/getattachment/a7ac973a-1249-4963-8e60-f292842d6258/EGP-Map.aspx
692,P1171,,https://www.aemc.gov.au/sites/default/files/2018-07/Mortlake%20Pipeline%20map.pdf
705,P1185,,https://www.aemc.gov.au/sites/default/files/2018-07/South%20East%20CRS%20Delivery%20Points%20map.pdf
710,P1190,,https://www.tasmaniangaspipeline.com.au/google-map
712,P1192,,https://ntepa.nt.gov.au/__data/assets/pdf_file/0008/290627/TTPNOI.pdf
717,P1198,,https://narrabrigasproject.com.au/uploads/2017/03/5.-APA-Western-Slopes-Pipeline-Fact-Sheet.pdf
724,P1219,,https://docs.nopsema.gov.au/A680638
760,P1287,,"https://ide-energia.minenergia.cl/portal/apps/webappviewer/index.html?id=5c526a138b1449458e0667b2235d2b19; https://sig.enargas.gov.ar/arcgis/apps/webappviewer/index.html?id=9baac0b447af4d469a6ecf904167736c; https://cyt-ar.com.ar/cyt-ar/images/f/f5/Gasoductos_de_Argentina_en_2016.jpg, http://hrudnick.sitios.ing.uc.cl/alumno17/gnl/investigacion_rucik_insotroza.html"
770,P1313,,https://bit.ly/3iddlSx
773,P1321,,https://ec.europa.eu/energy/sites/ener/files/documents/hr-bih_gas_interconnection_8_10_19_cesec_south_interconnection_plinaco_and_bh_gas.pdf
779,P1330,,https://gascompressionmagazine.com/2019/10/11/compression-begins-on-romanias-brua-phase-1-project/
780,P1331,,https://fgsz.hu/file/documents/1/1529/2019_12_03_10_year_ndp_public_consultation.pdf
783,P1336,,"https://ec.europa.eu/energy/sites/ener/files/documents/pci_6_10_en_2017.pdf, https://energy-community.org/dam/jcr:931f2079-3c73-4ee6-8f1e-7ec940490dc9/List_Gas_PECI_032020.pdf"
786,P1341,,https://ec.europa.eu/energy/maps/pci_fiches/PciFiche_6.2.13.pdf
789,P1344,,https://www.snam.it/it/snam_per_abruzzo/rete_adriatica/progetto_strategico/
790,P1345,,http://www.igi-poseidon.com/en
792,P1347,,https://www.entsog.eu/sites/default/files/2021-07/TYNDP_2020_TRANSMISSION_map.pdf
796,P1351,,https://www.gaz-system.pl/en/transmission-system/eu-support/investments-co-financed-with-eu-funds/tworog-tworzen.html
798,P1353,,https://en.gaz-system.pl/our-investments/national-gas-transmission-system/strachocina-pogorska-wola/
800,P1359,,https://jemena.com.au/documents/pipeline/atlas-project-high-level-overview-map.aspx
802,P1362,,https://www.apa.com.au/about-apa/our-projects/galilee-moranbah-pipeline-project/
807,P1370,,https://www.enargas.gob.ar/secciones/informacion-geografica/Mapas/SistTranspDistrib/Transporte.pdf
810,P1374,,https://www.epe.gov.br/sites-pt/publicacoes-dados-abertos/publicacoes/PublicacoesArquivos/publicacao-434/PIPE%20-%20Plano%20Indicativo%20de%20Processamento%20e%20Escoamento%20de%20G%C3%A1s%20Natural.pdf
823,P1440,,"https://news.joins.com/article/21752721, https://www.hani.co.kr/arti/economy/economy_general/867271.html"
828,P1453,,https://link.springer.com/content/pdf/10.1057%2F9781137286154_6.pdf
848,P1487,,https://www.europeangashub.com/wp-content/uploads/attach_538.pdf
851,P1490,,https://www.nrgedge.net/project/lan-tay-and-lan-do-field-development
871,P1543,,https://www.tokyo-gas.co.jp/Press_e/20160325-02e.pdf
885,P1557,,https://www.tokyo-gas.co.jp/Press_e/20160325-02e.pdf
897,P1572,,https://www.enagas.es/content/dam/enagas/en/files/enagas-communication-room/publications/informe-sistema-gasista/2021-Spanish-Gas-System-Report.pdf
898,P1573,,https://www.enagas.es/content/dam/enagas/en/files/enagas-communication-room/publications/informe-sistema-gasista/2021-Spanish-Gas-System-Report.pdf
899,P1574,,https://www.enagas.es/content/dam/enagas/en/files/enagas-communication-room/publications/informe-sistema-gasista/2021-Spanish-Gas-System-Report.pdf
900,P1575,,https://www.enagas.es/content/dam/enagas/en/files/enagas-communication-room/publications/informe-sistema-gasista/2021-Spanish-Gas-System-Report.pdf
901,P1576,,https://www.enagas.es/content/dam/enagas/en/files/enagas-communication-room/publications/informe-sistema-gasista/2021-Spanish-Gas-System-Report.pdf
902,P1577,,https://www.enagas.es/content/dam/enagas/en/files/enagas-communication-room/publications/informe-sistema-gasista/2021-Spanish-Gas-System-Report.pdf
903,P1578,,https://www.enagas.es/content/dam/enagas/en/files/enagas-communication-room/publications/informe-sistema-gasista/2021-Spanish-Gas-System-Report.pdf
904,P1579,,https://www.enagas.es/content/dam/enagas/en/files/enagas-communication-room/publications/informe-sistema-gasista/2021-Spanish-Gas-System-Report.pdf
905,P1580,,https://www.enagas.es/content/dam/enagas/en/files/enagas-communication-room/publications/informe-sistema-gasista/2021-Spanish-Gas-System-Report.pdf
906,P1582,,https://www.enagas.es/content/dam/enagas/en/files/enagas-communication-room/publications/informe-sistema-gasista/2021-Spanish-Gas-System-Report.pdf
907,P1583,,https://www.enagas.es/content/dam/enagas/en/files/enagas-communication-room/publications/informe-sistema-gasista/2021-Spanish-Gas-System-Report.pdf
909,P1586,,https://www.enagas.es/content/dam/enagas/en/files/enagas-communication-room/publications/informe-sistema-gasista/2021-Spanish-Gas-System-Report.pdf
910,P1590,,https://www.enagas.es/content/dam/enagas/en/files/enagas-communication-room/publications/informe-sistema-gasista/2021-Spanish-Gas-System-Report.pdf
912,P1595,,https://www.enagas.es/content/dam/enagas/en/files/enagas-communication-room/publications/informe-sistema-gasista/2021-Spanish-Gas-System-Report.pdf
913,P1596,,https://www.enagas.es/content/dam/enagas/en/files/enagas-communication-room/publications/informe-sistema-gasista/2021-Spanish-Gas-System-Report.pdf
914,P1597,,https://www.enagas.es/content/dam/enagas/en/files/enagas-communication-room/publications/informe-sistema-gasista/2021-Spanish-Gas-System-Report.pdf
922,P1633,,https://theodora.com/pipelines/balkan_area_southeast_europe_pipelines_map-t.jpg
923,P1634,,http://www.geni.org/globalenergy/library/national_energy_grid/turkey/graphics/botasmap.gif
924,P1635,,https://www.theodora.com/pipelines/balkan_area_southeast_europe_pipelines_map.jpg
925,P1636,,http://www.geni.org/globalenergy/library/national_energy_grid/turkey/EnergyOverviewofTurkey.shtml
926,P1637,,https://theodora.com/pipelines/balkan_area_southeast_europe_pipelines_map.jpg
927,P1639,,https://upload.wikimedia.org/wikipedia/commons/c/ce/Oil_natural_gas_infrastructure.png?1596730264763
929,P1655,,https://www.enagas.es/content/dam/enagas/en/files/enagas-communication-room/publications/informe-sistema-gasista/2021-Spanish-Gas-System-Report.pdf
930,P1656,,https://www.enagas.es/content/dam/enagas/en/files/enagas-communication-room/publications/informe-sistema-gasista/2021-Spanish-Gas-System-Report.pdf
931,P1673,,https://www.ren.pt/files/2020-03/2020-03-31151639_f7664ca7-3a1a-4b25-9f46-2056eef44c33$$72f445d4-8e31-416a-bd01-d7b980134d0f$$cfe76813-0212-4746-9cd8-92083fe2500e$$storage_image$$pt$$1.jpg
932,P1674,,https://www.ren.pt/files/2020-03/2020-03-31151639_f7664ca7-3a1a-4b25-9f46-2056eef44c33$$72f445d4-8e31-416a-bd01-d7b980134d0f$$cfe76813-0212-4746-9cd8-92083fe2500e$$storage_image$$pt$$1.jpg
933,P1675,,https://www.ren.pt/files/2020-03/2020-03-31151639_f7664ca7-3a1a-4b25-9f46-2056eef44c33$$72f445d4-8e31-416a-bd01-d7b980134d0f$$cfe76813-0212-4746-9cd8-92083fe2500e$$storage_image$$pt$$1.jpg
934,P1676,,https://www.ren.pt/files/2020-03/2020-03-31151639_f7664ca7-3a1a-4b25-9f46-2056eef44c33$$72f445d4-8e31-416a-bd01-d7b980134d0f$$cfe76813-0212-4746-9cd8-92083fe2500e$$storage_image$$pt$$1.jpg
937,P1687,,https://www.gascade.de/fileadmin/downloads/GASCADE_Gasfernleitungsnetz_Ein-Ausspeisepkt_2203.pdf
938,P1688,,https://www.zeelink.de/wp-content/uploads/2017/09/ZEELINK_Karte_%C3%9Cbersicht_Variantenvergleich_0916.pdf
939,P1689,,https://centralmente.com/wp-content/uploads/2018/08/Foto-1-Tracciato-Gasdotto-Larino-Chieti.jpeg
940,P1690,,https://www.entsog.eu/sites/default/files/2021-07/TYNDP_2020_TRANSMISSION_map.pdf
941,P1691,,http://pianodecennale.snamretegas.it/2017/static/upload/fig/fig_16_br_massafra1.jpg
944,P1694,,https://ec.europa.eu/energy/maps/pci_fiches/PciFiche_6.8.2.pdf
945,P1695,,https://ec.europa.eu/energy/maps/pci_fiches/PciFiche_6.8.2.pdf
946,P1696,,https://ec.europa.eu/energy/maps/pci_fiches/PciFiche_6.8.2.pdf
950,P1702,,"https://www.transgaz.ro/sites/default/files/Downloads/non-technical_summary_for_the_black_sea_shore_podisor_pipeline_v2.pdf, https://www.transgaz.ro/sites/default/files/Downloads/2016.0629_-_conducta_marea_neagra_-_podisor_-_lb._ro.pdf"
952,P1706,,"https://www.entsog.eu/tyndp#entsog-ten-year-network-development-plan-2024, https://energy-community.org/dam/jcr:931f2079-3c73-4ee6-8f1e-7ec940490dc9/List_Gas_PECI_032020.pdf"
953,P1707,,https://www.entsog.eu/sites/default/files/2020-05/l_entsog_SC_GRIP_2019_15.pdf
957,P1712,,https://usea.org/sites/default/files/EE-NGP%20Catalog%20of%20Potential%20Eastern%20European%20Natural%20Gas%20Investment%20Projects%20in%20Support%20of%20the%20Three%20Seas%20Initiative.pdf
959,P1728,,https://www.albayan.ae/economy/2002-08-08-1.1341621
963,P1735,,https://www.yumpu.com/en/document/read/5305264/germany-vng-verbundnetz-gas-ag
966,P1773,,https://energy-community.org/dam/jcr:931f2079-3c73-4ee6-8f1e-7ec940490dc9/List_Gas_PECI_032020.pdf
969,P1805,,"https://ambergrid.lt/en/for-clients/transmission-system/gas-transmission-system-of-lithuania/645, https://www.ambergrid.lt/data/public/uploads/2023/01/zemelapis-eng.jpg"
973,P1831,,https://web.archive.org/web/20180404014634/http://www04.abb.com/global/seitp/seitp202.nsf/0/8820e4cfd7460271c1257b8e004bec94/$file/Sonatrach+pipeline+map.pdf
974,P1835,,https://sonatrach.com/wp-content/uploads/2022/01/DESCRIPTION-DU-RESEAU-DE-TRANSPORT-PAR-CANALISATION-DES-HYDROCARBURES-TARIF-DE-TRANSPORT-ANNEE-2022.pdf
975,P1836,,https://sonatrach.com/wp-content/uploads/2022/01/DESCRIPTION-DU-RESEAU-DE-TRANSPORT-PAR-CANALISATION-DES-HYDROCARBURES-TARIF-DE-TRANSPORT-ANNEE-2022.pdf
976,P1837,,https://www.aljazeera.net/ebusiness/2006/2/7/%D8%B3%D9%88%D9%86%D8%A7%D8%B7%D8%B1%D8%A7%D9%83-%D8%A7%D9%84%D8%AC%D8%B2%D8%A7%D8%A6%D8%B1%D9%8A%D8%A9-%D8%AA%D9%88%D9%82%D8%B9-%D8%A7%D8%AA%D9%81%D8%A7%D9%82%D9%8A%D8%A7%D8%AA-%D8%A8%D9%80240
995,P1862,,http://energy-cg.com/OPEC/Libya/Libya_OverviewMap_Jan16_Image1x1_EnergyConsutlingGroup_web.png
1058,P1950,,http://www.pdvsa.com/index.php?option=com_content&view=article&id=6530&Itemid=1170
1059,P1951,,http://www.pdvsa.com/index.php?option=com_content&view=article&id=6530&Itemid=1170
1060,P1952,,http://www.pdvsa.com/index.php?option=com_content&view=article&id=6530&Itemid=1170
1061,P1997,,https://www.naturalgasintel.com/rehearing-of-atlantic-bridge-flash-decision-denied-by-ferc/
1066,P2003,,https://www.esng.com/about/our-pipeline-assets/pipeline-zone-map/
1087,P2053,,https://sonatrach.com/wp-content/uploads/2022/01/DESCRIPTION-DU-RESEAU-DE-TRANSPORT-PAR-CANALISATION-DES-HYDROCARBURES-TARIF-DE-TRANSPORT-ANNEE-2022.pdf
1088,P2054,,"https://sonatrach.com/wp-content/uploads/2025/04/ENERGY-MAP-OF-ALGERIA-1.pdf, https://sonatrach.com/wp-content/uploads/2022/01/DESCRIPTION-DU-RESEAU-DE-TRANSPORT-PAR-CANALISATION-DES-HYDROCARBURES-TARIF-DE-TRANSPORT-ANNEE-2022.pdf"
1090,P2057,,http://www.grtg.dz/Media/upload/image/1574929334_Carte%20R%C3%A9seau%20GRTG%202019.jpg
1091,P2058,,"http://www.grtg.dz/Media/upload/image/1574929334_Carte%20R%C3%A9seau%20GRTG%202019.jpg, https://www.echoroukonline.com/%D8%B3%D9%88%D9%86%D8%A7%D8%B7%D8%B1%D8%A7%D9%83-%D8%AA%D9%86%D9%87%D9%8A-%D9%85%D8%B9%D8%A7%D9%86%D8%A7%D8%A9-%D8%B3%D9%83%D8%A7%D9%86-%D8%AA%D9%85%D9%86%D8%B1%D8%A7%D8%B3%D8%AA-%D9%85%D8%B9-%D8%A7"
1092,P2059,,"http://www.grtg.dz/Media/upload/image/1574929334_Carte%20R%C3%A9seau%20GRTG%202019.jpg, https://www.aps.dz/ar/economie/56650-2018-05-12-14-45-34"
1093,P2060,,http://www.grtg.dz/Media/upload/image/1574929334_Carte%20R%C3%A9seau%20GRTG%202019.jpg
1094,P2061,,http://www.grtg.dz/Media/upload/image/1574929334_Carte%20R%C3%A9seau%20GRTG%202019.jpg
1096,P2063,,"https://web.archive.org/web/20230731182118/https://www.enargas.gob.ar/secciones/informacion-geografica/Mapas/SistTranspDistrib/Transporte.pdf, https://www.enargas.gob.ar/secciones/informacion-geografica/Mapas/SistTranspDistrib/Transporte.pdf"
1097,P2064,,https://www.enargas.gob.ar/secciones/informacion-geografica/Mapas/SistTranspDistrib/Transporte.pdf
1098,P2065,,https://www.enargas.gob.ar/secciones/informacion-geografica/Mapas/SistTranspDistrib/Transporte.pdf
1100,P2068,,https://www.enargas.gob.ar/secciones/informacion-geografica/Mapas/SistTranspDistrib/Transporte.pdf
1104,P2072,,https://www.google.com/search?q=autralia+beyondie+sop+pipeline+route+map&tbm=isch&ved=2ahUKEwiP-Jvtj6XyAhUWiJ4KHS8eDOAQ2-cCegQIABAA&oq=autralia+beyondie+sop+pipeline+route+map&gs_lcp=CgNpbWcQA1DiRVjUcGCjc2gAcAB4AIABXYgBmxKSAQIzMZgBAKABAaoBC2d3cy13aXotaW1nwAEB&sclient=img&ei=R74RYc84lpD6BK-8sIAO&bih=985&biw=1724#imgrc=9DWlvp4o23YV1M
1112,P2085,,https://www.bulgartransgaz.bg/files/useruploads/files/amd/TYNDP%202020-2029%20EN.pdf
1113,P2086,,https://media.springernature.com/lw685/springer-static/image/chp%3A10.1007%2F698_2015_394/MediaObjects/324144_1_En_394_Fig2_HTML.gif
1114,P2087,,https://media.springernature.com/lw685/springer-static/image/chp%3A10.1007%2F698_2015_394/MediaObjects/324144_1_En_394_Fig2_HTML.gif
1116,P2089,,https://www.iene.gr/6thSEEED/articlefiles/sessionVII/Dimitrova-Achovski.pdf
1117,P2090,,https://www.bulgartransgaz.bg/files/useruploads/images/MAP_BTGAZ_Bolkan_530k_EN_2021.jpg
1119,P2097,,https://www.cer-rec.gc.ca/en/applications-hearings/view-applications-projects/north-montney/index.html
1121,P2099,,https://www.tcenergy.com/siteassets/pdfs/natural-gas/northern-border-pipeline/tc-northern-border-pipeline-map.pdf
1122,P2110,,https://docplayer.net/7351309-Alton-natural-gas-pipeline-environmental-assessment-registration.html
1129,P2191,,https://ec.europa.eu/inea/sites/inea/files/6.5.2-0015-hr-s-m-15_action_fiche_final.pdf
1132,P2197,,https://www.ingl.co.il/wp-content/uploads/2020/06/Natgaz_GeneralMap_Feb2020_ENG_FINAL.pdf
1133,P2199,,"https://www.offshore-energy.biz/e-guinea-noble-to-sanction-alen-gas-project-in-1h-2019/, https://www.spglobal.com/commodityinsights/en/ci/research-analysis/equatorial-guineas-gas-mega-hub-ignites-west-africas-lng-poten.html"
1134,P2201,,https://www.bayernets.de/en/infrastructure/network-development
1135,P2203,,https://www.osti.gov/etdeweb/servlets/purl/377716
1136,P2204,,https://www.grtgaz-deutschland.de/media/5v4dkwyc/longterm-capacity-demand-pdf.pdf
1141,P2209,,https://www.entsog.eu/sites/default/files/2020-05/l_entsog_SC_GRIP_2019_Annex_A_06.pdf
1142,P2210,,https://iocl.com/download/IndianOil-Annual-Report-2019-20.pdf
1144,P2212,,https://cgdindia.net/wp-content/uploads/2023/04/A-K-Mehrotra-day2-city-gas-distribution-in-india-february2023.pdf
1147,P2215,,https://pngrb.gov.in/pdf/ngp/bid/bid15/Map-06.11.2019.pdf
1148,P2216,,https://pngrb.gov.in/pdf/ngp/Govt-Authorization/Gail03062020.pdf
1152,P2227,,"https://www.botas.gov.tr/uploads/galeri/15-2019faalrap_2015.pdf, https://www.turkey-japan.com/business/category5/category5_404b.pdf"
1153,P2231,,https://www.opec.org/opec_web/static_files_project/media/downloads/publications/ASB2017_13062017.pdf
1157,P2235,,"http://pianodecennale.snamretegas.it/static/upload/201/2017-2026-decennale-web_eng.pdf, http://sinva.minambiente.it/mapviewer/index.html?collection=http://sinva.minambiente.it/WMC/Collection/VA/BF0A4141-F147-4AB1-A2E4-8D0A566DAB5D&v=full&l=it"
1158,P2236,,http://sinva.minambiente.it/mapviewer/index.html?collection=http://sinva.minambiente.it/WMC/Collection/VA/6AE73AA4-E412-43C2-9E57-98C30CDA3664&l=it
1159,P2237,,https://dcs.gamedios.com/iportal/CatalogViewInterfaceStartUpAction.do?method=startUp&mode=PAGE&volumeID=SBG00001&catalogId=19064380000&pageGroupId=1&designID=SBGD001&catalogCategoryId=&designConfirmFlg=
1160,P2239,,"https://ambergrid.lt/en/for-clients/transmission-system/gas-transmission-system-of-lithuania/645, https://www.ambergrid.lt/data/public/uploads/2023/01/zemelapis-eng.jpg"
1169,P2249,,https://hotcopper.com.au/data/announcements/ASX/3A561273_MRQ.pdf
1170,P2250,,https://m.engineeringnews.co.za/article/feasibility-study-under-way-for-5-billion-moz-based-gas-pipeline-2013-09-20/rep_id:4433
1172,P2252,,"https://www.offshore-technology.com/projects/zawtika-gulf-martaban-myanmar-burma/#:~:text=The%20Zawtika%20project%20is%20located,offshore%20of%20Burma%20(Myanmar), https://www.thaipbsworld.com/pipeline-leak-in-myanmar-forces-partial-suspension-of-natural-gas-supply-to-thailand/"
1173,P2253,,"https://www.offshore-technology.com/projects/zawtika-gulf-martaban-myanmar-burma/#:~:text=The%20Zawtika%20project%20is%20located,offshore%20of%20Burma%20(Myanmar), https://www.thaipbsworld.com/pipeline-leak-in-myanmar-forces-partial-suspension-of-natural-gas-supply-to-thailand/"
1175,P2256,,http://www.ijetmr.com/Articles/Vol6Iss4/02_IJETMR19_A04_1052.pdf
1176,P2258,,"https://www.sodir.no/en/facts/data-and-analysis/open-data/, https://www.norskpetroleum.no/en/?attachment_id=20693"
1178,P2265,,https://www.gaz-system.pl/en/our-investments/national-gas-transmission-system/goleniow-lwowek/
1179,P2266,,https://www.gaz-system.pl/en/our-investments/national-gas-transmission-system/goleniow-lwowek/
1180,P2267,,https://en.gaz-system.pl/our-investments/national-gas-transmission-system/lwowek-odolanow/
1181,P2270,,https://en.gaz-system.pl/our-investments/national-gas-transmission-system/rembelszczyzna-mory/
1182,P2271,,https://en.gaz-system.pl/our-investments/national-gas-transmission-system/skoczow-komorowice-oswiecim/
1183,P2272,,https://www.gaz-system.pl/en/transmission-system/investment-projects/key-connections/connection-of-the-pge-gryfino-power-plant.html
1184,P2273,,https://en.gaz-system.pl/our-investments/national-gas-transmission-system/tworog-kedzierzyn/
1185,P2275,,https://en.gaz-system.pl/our-investments/national-gas-transmission-system/zdzieszowice-wroclaw/
1186,P2276,,https://en.gaz-system.pl/fileadmin/pliki/inwestycje/Ulotki_Wro/mapka_czeszow-kielczow.png
1187,P2277,,https://www.ebrd.com/documents/environment/esia-49149-nts.pdf
1188,P2278,,https://www.spglobal.com/commodityinsights/en/market-insights/latest-news/natural-gas/081920-feature-moldova-set-for-gas-diversity-as-romania-links-launch-imminent
1231,P2358,,"https://thebarentsobserver.com/ru/promyshlennost-i-energiya/2021/12/novyy-gazoprovod-gazproma-v-obskoy-gube-vyzyvaet-ekologicheskie, https://energybase.ru/pipeline/novoportovskoe-ngkm-yamburg"
1265,P2459,,https://energybase.ru/pipeline/zapolyarnoe-noviy-urengoy
1266,P2462,,https://energy-community.org/dam/jcr:931f2079-3c73-4ee6-8f1e-7ec940490dc9/List_Gas_PECI_032020.pdf
1267,P2463,,https://www.iene.eu/articlefiles/topalovic.pdf
1269,P2466,,https://www.entsog.eu/sites/default/files/2020-05/l_entsog_SC_GRIP_2019_Annex_A_06.pdf
1270,P2467,,http://www.plinovodi.si/media/4763/plinovodi-tyndp-2019-2028_eng.pdf
1279,P2479,,https://gordoncheng.wordpress.com/2012/05/05/%E5%BE%9E%E5%A4%A7%E6%BD%AD%E3%80%81%E9%80%9A%E9%9C%84%E9%9B%BB%E5%BB%A0%E6%98%AF%E4%B8%8D%E6%98%AF%E3%80%8C%E8%9A%8A%E5%AD%90%E9%9B%BB%E5%BB%A0%E3%80%8D%E8%AB%87%E8%B5%B7%E7%87%83%E6%B0%A3%E7%99%BC/
1280,P2480,,https://gordoncheng.wordpress.com/2012/05/05/%E5%BE%9E%E5%A4%A7%E6%BD%AD%E3%80%81%E9%80%9A%E9%9C%84%E9%9B%BB%E5%BB%A0%E6%98%AF%E4%B8%8D%E6%98%AF%E3%80%8C%E8%9A%8A%E5%AD%90%E9%9B%BB%E5%BB%A0%E3%80%8D%E8%AB%87%E8%B5%B7%E7%87%83%E6%B0%A3%E7%99%BC/
1282,P2484,,https://www.pttplc.com/en/Media/Publications/Report.aspx
1284,P2486,,https://www.botas.gov.tr/uploads/galeri/15-2019faalrap_2015.pdf
1285,P2487,,https://www.botas.gov.tr/uploads/galeri/15-2019faalrap_2015.pdf
1287,P2489,,https://www.botas.gov.tr/uploads/galeri/15-2019faalrap_2015.pdf
1288,P2490,,https://www.botas.gov.tr/uploads/galeri/15-2019faalrap_2015.pdf
1291,P2493,,https://www.dolphinenergy.com/sites/all/themes/dolphinenergy/assets/images/common/dolphin-project-map.jpg
1292,P2494,,https://www.dolphinenergy.com/sites/all/themes/dolphinenergy/assets/images/common/dolphin-project-map.jpg
1294,P2496,,https://www.google.com/imgres?imgurl=https%3A%2F%2Fplan4ne.files.wordpress.com%2F2018%2F07%2Ftgpagawamupgradesmap1.jpg&imgrefurl=https%3A%2F%2Fplan4ne.wordpress.com%2Fabout%2Fcolumbia-gas-reliability-plan%2Ftennessee-gas-in-agawam%2F&tbnid=93Qu14neGPFJjM&vet=12ahUKEwjElq2Ryf3sAhUQ66wKHYyRCSoQMygDegQIARAw..i&docid=buwQVMD6mR4mXM&w=652&h=852&q=261%20Upgrades%20Project&ved=2ahUKEwjElq2Ryf3sAhUQ66wKHYyRCSoQMygDegQIARAw#imgrc=93Qu14neGPFJjM&imgdii=xXSzKYfgKiPanM
1295,P2497,,https://gascompressionmagazine.com/2020/03/20/acadiana-project-moves-forward/
1296,P2498,,https://targaresources.gcs-web.com/static-files/b77c60b5-2354-4334-9f47-e486ce975308
1297,P2499,,https://whitewatermidstream.com/assets/Carlsbad_Gateway_Overview.pdf
1300,P2502,,https://www.google.com/search?q=Appalachian+Gateway+Pipeline+map&tbm=isch&ved=2ahUKEwj4i7SZg9_rAhVLTa0KHVB2ATIQ2-cCegQIABAA&oq=Appalachian+Gateway+Pipeline+map&gs_lcp=CgNpbWcQA1Ds2RtY7NkbYMjfG2gAcAB4AIABTYgBTZIBATGYAQCgAQGqAQtnd3Mtd2l6LWltZ8ABAQ&sclient=img&ei=jVZaX7iREMuatQXQ7IWQAw&bih=1223&biw=1168#imgrc=5Y2UxIsaTOi3uM
1302,P2509,,https://www.google.com/search?q=Cameron+Extension+Project+map&tbm=isch&ved=2ahUKEwjoi4iRht_rAhWHWKwKHcwbC8EQ2-cCegQIABAA&oq=Cameron+Extension+Project+map&gs_lcp=CgNpbWcQA1CTgwdYk4MHYKeGB2gAcAB4AIABRIgBRJIBATGYAQCgAQGqAQtnd3Mtd2l6LWltZ8ABAQ&sclient=img&ei=oVlaX6i3BIexsQXMt6yIDA&bih=1223&biw=1168#imgrc=KlLykO2Hl3ujPM
1303,P2510,,https://www.oklahomaminerals.com/oklahoma-pipelines
1306,P2518,,https://www.cityofclarksville.com/DocumentCenter/View/626/2016-Clarksville-Community-Needs-Assessment-PDF
1307,P2519,,http://www.okenergytoday.com/2016/07/20082/
1308,P2521,,https://www.energy.gov/sites/prod/files/2019/09/f66/ea-2111-corpus-christi-lng-stage-3-2019-03.pdf
1309,P2522,,https://www.naturalgasintel.com/sabine-pass-trains-5-6-approved-by-ferc/
1310,P2523,,https://web.archive.org/web/20201128101438/http://delhiconnector.com/wp-content/uploads/2019/04/DCPL-Notice-of-Binding-Open-Season-FINAL.pdf
1311,P2524,,https://www.naturalgasintel.com/1-bcf-d-transco-expansion-would-take-marcellus-gas-to-northeast/
1313,P2529,,https://www.spglobal.com/marketintelligence/en/news-insights/trending/jxgnelah7bxbwkzcuhiv8q2
1315,P2531,,https://www.google.com/imgres?imgurl=https%3A%2F%2Fwww.natfuel.com%2FEMPIRE%2FMARKETINGNEWSOFFERS%2FOPENSEASONS%2Fimages%2Fclip_image004.jpg&imgrefurl=https%3A%2F%2Fwww.natfuel.com%2FEMPIRE%2FMARKETINGNEWSOFFERS%2FOPENSEASONS%2F006.ASP%3FOS_ID%3D6&tbnid=W1ov2PN0eDr-zM&vet=12ahUKEwi7ga7Dw_3sAhUH9qwKHaJRDCQQMygEegUIARCYAQ..i&docid=_a5rxncOz68vyM&w=576&h=390&q=Empire%20North%20Pipeline%20Expansion&ved=2ahUKEwi7ga7Dw_3sAhUH9qwKHaJRDCQQMygEegUIARCYAQ
1319,P2539,,https://goldenpasslng.com/operations/pipeline
1320,P2541,,https://www.kindermorgan.com/content/docs/gulf_coast_map.pdf
1322,P2544,,https://gascompressionmagazine.com/2016/08/31/transco-gets-approval-for-compressor-station-84/
1323,P2545,,https://gascompressionmagazine.com/2016/08/31/transco-gets-approval-for-compressor-station-84/
1325,P2551,,https://www.google.com/search?q=Leidy+South+Pipeline+map&tbm=isch&ved=2ahUKEwjIv_-Mvt_rAhUZNK0KHfe_AC4Q2-cCegQIABAA&oq=Leidy+South+Pipeline+map&gs_lcp=CgNpbWcQA1DaqQFY2qkBYK6wAWgAcAB4AIABR4gBR5IBATGYAQCgAQGqAQtnd3Mtd2l6LWltZ8ABAQ&sclient=img&ei=UJRaX8jXOJnotAX3_4LwAg&bih=1223&biw=1168#imgrc=IMfyrI2JnFnCuM
1326,P2552,,"https://www.sandiegouniontribune.com/business/energy-green/story/2020-03-18/four-groups-join-fight-against-natural-gas-pipeline-project-along-i-15, https://ia.cpuc.ca.gov/environment/info/ene/sandiego/Documents/Figure1NOPProject%20Overview.pdf"
1328,P2555,,https://www.spglobal.com/platts/en/market-insights/latest-news/natural-gas/053119-ngpl-permian-expansion-clears-environmental-hurdle-at-ferc
1330,P2559,,https://www.pinterest.com/pin/360780620132840807/;https://www.energy.gov/sites/prod/files/2015/11/f27/EIS-0498_Magnolia_LNG_FEIS_%28Nov_2015%29.pdf
1335,P2565,,http://mogaspipe.com/system-map/
1336,P2566,,http://mogaspipe.com/system-map/
1341,P2574,,https://citylimits.org/2024/05/14/williams-pipeline-saga-ends-but-the-fight-to-phase-out-gas-continues/?utm_source=substack&utm_medium=email
1348,P2594,,https://www.ferc.gov/sites/default/files/2020-04/CP19-474-EA.pdf
1349,P2597,,https://www.google.com/imgres?imgurl=https%3A%2F%2Frbnenergy.com%2Fsites%2Fdefault%2Ffiles%2Ffield%2Fimage%2FFig1a_SteadyEddy.PNG&imgrefurl=https%3A%2F%2Frbnenergy.com%2Frocking-steady-eddy-whitewater-midstreams-latest-permian-gas-pipeline-project&tbnid=Ea2k2mv14yc8pM&vet=12ahUKEwijhqzn9P3sAhVWcqwKHdkmCvMQMygCegUIARCUAQ..i&docid=Dgr6VY_J6TyTqM&w=1315&h=1130&q=red%20bluff%20express%20pipeline%20map&hl=en&ved=2ahUKEwijhqzn9P3sAhVWcqwKHdkmCvMQMygCegUIARCUAQ
1350,P2600,,https://www.williams.com/expansion-project/regional-energy-access/
1357,P2607,,https://www.google.com/imgres?imgurl=https%3A%2F%2Frbnenergy.com%2Fsites%2Fdefault%2Ffiles%2Ffield%2Fimage%2FTrain%2520Fig%25203.jpg&imgrefurl=https%3A%2F%2Frbnenergy.com%2Fhear-my-train-a-comin-new-pipelines-teeing-up-supply-for-more-trains-at-sabine-pass-lng&tbnid=u43bNVNtcrVAYM&vet=12ahUKEwjEi5uSz_3sAhUPbK0KHfzdClIQMygBegUIARCQAQ..i&docid=tFGlD16CsKz-cM&w=2000&h=1125&q=Sabine%20Pass%20Expansion%20Project%20Transcontinental&ved=2ahUKEwjEi5uSz_3sAhUPbK0KHfzdClIQMygBegUIARCQAQ
1362,P2617,,https://www.eia.gov/todayinenergy/detail.php?id=44856
1366,P2627,,https://www.nrc.gov/docs/ML1135/ML113540200.pdf
1371,P2636,,https://www.google.com/search?q=Wildcat+Gas+Pipeline+map+Anadarko+Basin&tbm=isch&ved=2ahUKEwjt2Zr5ueHrAhUNYqwKHVYYBNQQ2-cCegQIABAA&oq=Wildcat+Gas+Pipeline+map+Anadarko+Basin&gs_lcp=CgNpbWcQA1Cv5AZY3vgGYL_6BmgAcAB4AIABSogBngeSAQIxNZgBAKABAaoBC2d3cy13aXotaW1nwAEB&sclient=img&ei=ZZxbX62TCo3EsQXWsJCgDQ&bih=1223&biw=1122&hl=en#imgrc=NZDusk2eZ1rw5M
1373,P2640,,https://www.cbc.ca/news/canada/nova-scotia/bear-paw-natural-gas-pipeline-1.3705447
1374,P2643,,http://www.eagleclawmidstream.com/operations/
1376,P2650,,https://www.nationalobserver.com/2019/10/23/news/you-have-three-weeks-weigh-proposed-gas-pipeline
1380,P2699,,https://www.dorsch.de/projects/project/dproject/b52-omon-gas-pipeline-project-feed/show/Project/
1382,P2701,,https://www.meti.go.jp/meti_lib/report/H29FY/000594.pdf
1383,P2703,,https://drive.google.com/file/d/1zcgOT14YAE7gnAXZTgjngW9zdV4ZPGBC/view?usp=sharing
1384,P2705,,https://drive.google.com/file/d/1SU1IxSaIE_KN6TkCddFVof92sR3_ed4q/view?usp=sharing
1385,P2706,,"https://drive.google.com/file/d/1-2dZpqhKpo9WWfNfncCyQr6V2UvfoKNu/view?usp=sharing, https://ig.ft.com/gazprom-pipeline-power-of-siberia/"
1395,P2718,,https://1.bp.blogspot.com/_tUkHHCyk8_k/R-aUDgQSDRI/AAAAAAAAB-w/G6n4JBkKvZU/s1600-h/urucu+pvh.jpg
1397,P2720,,https://www.medallionmidstream.com/sites/medallion.dd/files/2020-02/mapMedallionDela20200213.pdf
1399,P2726,,https://www.entsog.eu/sites/default/files/2021-07/TYNDP_2020_TRANSMISSION_map.pdf
1400,P2727,,https://www.entsog.eu/sites/default/files/2021-07/TYNDP_2020_TRANSMISSION_map.pdf
1402,P2729,,https://gascompressionmagazine.com/2019/10/11/compression-begins-on-romanias-brua-phase-1-project/
1405,P2733,,https://gascompressionmagazine.com/2016/08/31/transco-gets-approval-for-compressor-station-84/
1412,P2747,,https://www.spglobal.com/commodityinsights/en/market-insights/latest-news/natural-gas/081920-feature-moldova-set-for-gas-diversity-as-romania-links-launch-imminent
1415,P2752,,https://www.pngrb.gov.in/pdf/public-notice/EoI23112020.pdf
1416,P2755,,https://www.snam.it/export/sites/snam-rp/repository-srg/file/en/business-services/Online_Processes/ReteSnamReteGas/information/national-grid/RNG_30giu2016_ENG-A3.pdf
1417,P2757,,https://www.snam.it/export/sites/snam-rp/repository-srg/file/en/business-services/Online_Processes/ReteSnamReteGas/information/national-grid/RNG_30giu2016_ENG-A3.pdf
1418,P2758,,https://www.snam.it/export/sites/snam-rp/repository-srg/file/en/business-services/Online_Processes/ReteSnamReteGas/information/national-grid/RNG_30giu2016_ENG-A3.pdf
1419,P2759,,https://www.snam.it/export/sites/snam-rp/repository-srg/file/en/business-services/Online_Processes/ReteSnamReteGas/information/national-grid/RNG_30giu2016_ENG-A3.pdf
1420,P2760,,https://www.snam.it/export/sites/snam-rp/repository-srg/file/en/business-services/Online_Processes/ReteSnamReteGas/information/national-grid/RNG_30giu2016_ENG-A3.pdf
1421,P2761,,https://www.desfa.gr/userfiles/5fd9503d-e7c5-4ed8-9993-a84700d05071/ethniko-systhma-agwgwn-fysikoy-aerioy-rev1.jpg
1422,P2762,,https://www.desfa.gr/userfiles/5fd9503d-e7c5-4ed8-9993-a84700d05071/ethniko-systhma-agwgwn-fysikoy-aerioy-rev1.jpg
1423,P2763,,https://www.gasunie.nl/en/gas-infrastructure/gas-transport
1424,P2767,,"https://www.enagas.es/stfls/EnagasImport/Ficheros/Comunicacion/Transmission,%20storage%20and%20regasification%20and%20infrastructure%20of%20Enag%C3%A1s%20catalogue.pdf, https://www.gastopowerjournal.com/markets/item/8583-spain-s-gas-demand-grows-11-6-in-may-driven-by-industry"
1425,P2773,,https://www.srbijagas.com/?page_id=2128
1426,P2774,,"https://www.enagas.es/stfls/EnagasImport/Ficheros/Comunicacion/Transmission,%20storage%20and%20regasification%20and%20infrastructure%20of%20Enag%C3%A1s%20catalogue.pdf, https://www.gastopowerjournal.com/markets/item/8583-spain-s-gas-demand-grows-11-6-in-may-driven-by-industry"
1427,P2776,,"https://www.enagas.es/stfls/EnagasImport/Ficheros/Comunicacion/Transmission,%20storage%20and%20regasification%20and%20infrastructure%20of%20Enag%C3%A1s%20catalogue.pdf, https://www.gastopowerjournal.com/markets/item/8583-spain-s-gas-demand-grows-11-6-in-may-driven-by-industry"
1428,P2777,,https://www.srbijagas.com/?page_id=2128
1431,P2781,,https://www.snam.it/export/sites/snam-rp/repository-srg/file/en/business-services/Online_Processes/ReteSnamReteGas/information/national-grid/RNG_30giu2016_ENG-A3.pdf
1432,P2782,,https://fgsz.hu/en/about-fgsz/company-history
1433,P2783,,https://fgsz.hu/en/about-fgsz/company-history
1434,P2784,,https://www.snam.it/export/sites/snam-rp/repository-srg/file/en/business-services/Online_Processes/ReteSnamReteGas/information/national-grid/RNG_30giu2016_ENG-A3.pdf
1435,P2789,,http://gmo-ni.com/assets/documents/Final-NIGCS-18-19-to-2027-28-3.12.18.pdf
1436,P2790,,https://www.snam.it/export/sites/snam-rp/repository-srg/file/en/business-services/Online_Processes/ReteSnamReteGas/information/national-grid/RNG_30giu2016_ENG-A3.pdf
1437,P2791,,"https://www.enagas.es/stfls/EnagasImport/Ficheros/Comunicacion/Transmission,%20storage%20and%20regasification%20and%20infrastructure%20of%20Enag%C3%A1s%20catalogue.pdf, https://www.gastopowerjournal.com/markets/item/8583-spain-s-gas-demand-grows-11-6-in-may-driven-by-industry"
1438,P2793,,https://www.gasunie.nl/en/gas-infrastructure/gas-transport
1439,P2795,,https://www.plinacro.hr/default.aspx?id=578
1440,P2796,,https://www.plinacro.hr/default.aspx?id=578
1441,P2797,,https://www.desfa.gr/userfiles/5fd9503d-e7c5-4ed8-9993-a84700d05071/ethniko-systhma-agwgwn-fysikoy-aerioy-rev1.jpg
1443,P2802,,https://www.eib.org/attachments/registers/79726902.pdf
1444,P2807,,"https://www.enagas.es/stfls/EnagasImport/Ficheros/Comunicacion/Transmission,%20storage%20and%20regasification%20and%20infrastructure%20of%20Enag%C3%A1s%20catalogue.pdf, https://www.gastopowerjournal.com/markets/item/8583-spain-s-gas-demand-grows-11-6-in-may-driven-by-industry"
1445,P2808,,https://www.snam.it/export/sites/snam-rp/repository-srg/file/en/business-services/Online_Processes/ReteSnamReteGas/information/national-grid/RNG_30giu2016_ENG-A3.pdf
1446,P2809,,https://www.snam.it/export/sites/snam-rp/repository-srg/file/en/business-services/Online_Processes/ReteSnamReteGas/information/national-grid/RNG_30giu2016_ENG-A3.pdf
1447,P2811,,https://www.snam.it/export/sites/snam-rp/repository-srg/file/en/business-services/Online_Processes/ReteSnamReteGas/information/national-grid/RNG_30giu2016_ENG-A3.pdf
1448,P2812,,https://www.snam.it/export/sites/snam-rp/repository-srg/file/en/business-services/Online_Processes/ReteSnamReteGas/information/national-grid/RNG_30giu2016_ENG-A3.pdf
1449,P2815,,"https://www.enagas.es/stfls/EnagasImport/Ficheros/Comunicacion/Transmission,%20storage%20and%20regasification%20and%20infrastructure%20of%20Enag%C3%A1s%20catalogue.pdf, https://www.gastopowerjournal.com/markets/item/8583-spain-s-gas-demand-grows-11-6-in-may-driven-by-industry"
1450,P2817,,https://www.snam.it/export/sites/snam-rp/repository-srg/file/en/business-services/Online_Processes/ReteSnamReteGas/information/national-grid/RNG_30giu2016_ENG-A3.pdf
1451,P2818,,https://www.snam.it/export/sites/snam-rp/repository-srg/file/en/business-services/Online_Processes/ReteSnamReteGas/information/national-grid/RNG_30giu2016_ENG-A3.pdf
1452,P2819,,https://www.snam.it/export/sites/snam-rp/repository-srg/file/en/business-services/Online_Processes/ReteSnamReteGas/information/national-grid/RNG_30giu2016_ENG-A3.pdf
1453,P2823,,https://www.snam.it/export/sites/snam-rp/repository-srg/file/en/business-services/Online_Processes/ReteSnamReteGas/information/national-grid/RNG_30giu2016_ENG-A3.pdf
1454,P2824,,https://www.gasdottitalia.it/en/file/2270/download?token=An9slMR1
1455,P2825,,https://www.snam.it/export/sites/snam-rp/repository-srg/file/en/business-services/Online_Processes/ReteSnamReteGas/information/national-grid/RNG_30giu2016_ENG-A3.pdf
1456,P2826,,https://www.snam.it/export/sites/snam-rp/repository-srg/file/en/business-services/Online_Processes/ReteSnamReteGas/information/national-grid/RNG_30giu2016_ENG-A3.pdf
1457,P2827,,https://www.snam.it/export/sites/snam-rp/repository-srg/file/en/business-services/Online_Processes/ReteSnamReteGas/information/national-grid/RNG_30giu2016_ENG-A3.pdf
1460,P2830,,"https://www.enagas.es/stfls/EnagasImport/Ficheros/Comunicacion/Transmission,%20storage%20and%20regasification%20and%20infrastructure%20of%20Enag%C3%A1s%20catalogue.pdf, https://www.gastopowerjournal.com/markets/item/8583-spain-s-gas-demand-grows-11-6-in-may-driven-by-industry"
1461,P2833,,"https://www.enagas.es/stfls/EnagasImport/Ficheros/Comunicacion/Transmission,%20storage%20and%20regasification%20and%20infrastructure%20of%20Enag%C3%A1s%20catalogue.pdf, https://www.gastopowerjournal.com/markets/item/8583-spain-s-gas-demand-grows-11-6-in-may-driven-by-industry"
1462,P2834,,https://www.snam.it/export/sites/snam-rp/repository-srg/file/en/business-services/Online_Processes/ReteSnamReteGas/information/national-grid/RNG_30giu2016_ENG-A3.pdf
1465,P2837,,https://www.snam.it/export/sites/snam-rp/repository-srg/file/en/business-services/Online_Processes/ReteSnamReteGas/information/national-grid/RNG_30giu2016_ENG-A3.pdf
1467,P2839,,https://www.snam.it/export/sites/snam-rp/repository-srg/file/en/business-services/Online_Processes/ReteSnamReteGas/information/national-grid/RNG_30giu2016_ENG-A3.pdf
1469,P2846,,https://bulgartransgaz.bg/en/pages/network-map-103.html
1470,P2848,,https://www.gasunie.nl/en/gas-infrastructure/gas-transport
1471,P2849,,https://www.gasunie.nl/en/gas-infrastructure/gas-transport
1472,P2852,,https://swi.gaz-system.pl/swi/public/#!/gis/map/preview?id=10059&lang=en
1473,P2853,,https://swi.gaz-system.pl/swi/public/#!/gis/map/preview?id=10059&lang=en
1476,P2856,,https://swi.gaz-system.pl/swi/public/#!/gis/map/preview?id=10059&lang=en
1477,P2857,,https://swi.gaz-system.pl/swi/public/#!/gis/map/preview?id=10059&lang=en
1478,P2858,,https://swi.gaz-system.pl/swi/public/#!/gis/map/preview?id=10059&lang=en
1479,P2859,,https://swi.gaz-system.pl/swi/public/#!/gis/map/preview?id=10059&lang=en
1480,P2860,,https://thyssengas.com/en/network-enquiries/transparency-information/network-maps.html
1481,P2861,,https://www.grtgaz-deutschland.de/en/system/files/dokumente/elkb_2011_en.pdf
1482,P2862,,https://www.gascade.de/fileadmin/downloads/GASCADE_Gas_Pipeline_Grid_entry-exit-points_191211.pdf
1483,P2865,,https://www.gasunie.nl/en/gas-infrastructure/gas-transport
1485,P2872,,https://www.snam.it/export/sites/snam-rp/repository-srg/file/en/business-services/Online_Processes/ReteSnamReteGas/information/national-grid/RNG_30giu2016_ENG-A3.pdf
1486,P2874,,https://www.bayernets.de/en/infrastructure/our-network/network-map
1487,P2876,,https://www.snam.it/export/sites/snam-rp/repository-srg/file/en/business-services/Online_Processes/ReteSnamReteGas/information/national-grid/RNG_30giu2016_ENG-A3.pdf
1488,P2877,,https://www.snam.it/export/sites/snam-rp/repository-srg/file/en/business-services/Online_Processes/ReteSnamReteGas/information/national-grid/RNG_30giu2016_ENG-A3.pdf
1489,P2879,,https://swi.gaz-system.pl/swi/public/#!/gis/map/preview?id=10059&lang=en
1490,P2882,,https://www.gasunie.nl/en/gas-infrastructure/gas-transport
1491,P2883,,https://www.snam.it/export/sites/snam-rp/repository-srg/file/en/business-services/Online_Processes/ReteSnamReteGas/information/national-grid/RNG_30giu2016_ENG-A3.pdf
1492,P2885,,https://fgsz.hu/en/about-fgsz/company-history
1493,P2886,,https://fgsz.hu/en/about-fgsz/company-history
1495,P2888,,https://swi.gaz-system.pl/swi/public/#!/gis/map/preview?id=10059&lang=en
1497,P2891,,https://www.gasum.com/globalassets/pdf-files/key-figures/avainluvut-2014/gasum_vsk14_en_144dpi_netti_sivuittain_kansilla_.pdf
1498,P2892,,https://swi.gaz-system.pl/swi/public/#!/gis/map/preview?id=10059&lang=en
1502,P2898,,"https://www.enagas.es/stfls/EnagasImport/Ficheros/Comunicacion/Transmission,%20storage%20and%20regasification%20and%20infrastructure%20of%20Enag%C3%A1s%20catalogue.pdf, https://www.gastopowerjournal.com/markets/item/8583-spain-s-gas-demand-grows-11-6-in-may-driven-by-industry"
1503,P2899,,https://bulgartransgaz.bg/en/pages/network-map-103.html
1504,P2900,,https://www.gasum.com/globalassets/pdf-files/key-figures/avainluvut-2014/gasum_vsk14_en_144dpi_netti_sivuittain_kansilla_.pdf
1505,P2901,,https://gasgrid.fi/en/gas-network/gas-transmission-network/
1506,P2902,,https://www.snam.it/export/sites/snam-rp/repository-srg/file/en/business-services/Online_Processes/ReteSnamReteGas/information/national-grid/RNG_30giu2016_ENG-A3.pdf
1510,P2907,,https://bulgartransgaz.bg/en/pages/network-map-103.html
1511,P2908,,https://www.desfa.gr/userfiles/5fd9503d-e7c5-4ed8-9993-a84700d05071/ethniko-systhma-agwgwn-fysikoy-aerioy-rev1.jpg
1512,P2910,,https://www.bayernets.de/en/infrastructure/our-network/network-map
1513,P2911,,https://elering.ee/en/gas-system
1514,P2912,,https://bulgartransgaz.bg/en/pages/network-map-103.html
1515,P2914,,"https://www.gastopowerjournal.com/markets/item/8583-spain-s-gas-demand-grows-11-6-in-may-driven-by-industry, http://www.grtgaz.com/fileadmin/plaquettes/fr/2019/Plan_decennal_2018-2027.pdf#page=24"
1516,P2916,,https://www.snam.it/export/sites/snam-rp/repository-srg/file/en/business-services/Online_Processes/ReteSnamReteGas/information/national-grid/RNG_30giu2016_ENG-A3.pdf
1517,P2917,,https://www.snam.it/export/sites/snam-rp/repository-srg/file/en/business-services/Online_Processes/ReteSnamReteGas/information/national-grid/RNG_30giu2016_ENG-A3.pdf
1519,P2920,,"http://members.igu.org/html/wgc2006pres/data/wgcppt/pdf/WOC%20Working%20Committees/WOC%202/Security%20of%20gas%20supply,%20the%20role%20of%20underground%20storage%20(UGS)/2.1CS.04.pdf"
1520,P2921,,https://www.gasunie.nl/en/gas-infrastructure/gas-transport
1522,P2926,,https://www.bayernets.de/en/infrastructure/our-network/network-map
1523,P2927,,https://www.plinacro.hr/default.aspx?id=578
1524,P2934,,"https://www.enagas.es/stfls/EnagasImport/Ficheros/Comunicacion/Transmission,%20storage%20and%20regasification%20and%20infrastructure%20of%20Enag%C3%A1s%20catalogue.pdf, https://www.gastopowerjournal.com/markets/item/8583-spain-s-gas-demand-grows-11-6-in-may-driven-by-industry"
1525,P2935,,http://www.grtgaz.com/fileadmin/plaquettes/fr/2019/Plan_decennal_2018-2027.pdf
1526,P2936,,https://www.snam.it/export/sites/snam-rp/repository-srg/file/en/business-services/Online_Processes/ReteSnamReteGas/information/national-grid/RNG_30giu2016_ENG-A3.pdf
1531,P2944,,https://www.gasum.com/globalassets/pdf-files/key-figures/avainluvut-2014/gasum_vsk14_en_144dpi_netti_sivuittain_kansilla_.pdf
1532,P2945,,https://www.gasum.com/globalassets/pdf-files/key-figures/avainluvut-2014/gasum_vsk14_en_144dpi_netti_sivuittain_kansilla_.pdf
1533,P2948,,https://www.transgaz.ro/sites/default/files/Art.1%20engleza_20.pdf
1535,P2950,,https://www.snam.it/export/sites/snam-rp/repository-srg/file/en/business-services/Online_Processes/ReteSnamReteGas/information/national-grid/RNG_30giu2016_ENG-A3.pdf
1536,P2951,,https://www.snam.it/export/sites/snam-rp/repository-srg/file/en/business-services/Online_Processes/ReteSnamReteGas/information/national-grid/RNG_30giu2016_ENG-A3.pdf
1537,P2953,,https://www.snam.it/export/sites/snam-rp/repository-srg/file/en/business-services/Online_Processes/ReteSnamReteGas/information/national-grid/RNG_30giu2016_ENG-A3.pdf
1538,P2954,,https://www.gasunie.nl/en/gas-infrastructure/gas-transport
1539,P2956,,https://www.snam.it/export/sites/snam-rp/repository-srg/file/en/business-services/Online_Processes/ReteSnamReteGas/information/national-grid/RNG_30giu2016_ENG-A3.pdf
1540,P2957,,https://www.snam.it/export/sites/snam-rp/repository-srg/file/en/business-services/Online_Processes/ReteSnamReteGas/information/national-grid/RNG_30giu2016_ENG-A3.pdf
1541,P2958,,https://www.snam.it/export/sites/snam-rp/repository-srg/file/en/business-services/Online_Processes/ReteSnamReteGas/information/national-grid/RNG_30giu2016_ENG-A3.pdf
1542,P2961,,http://www.grtgaz.com/fileadmin/plaquettes/fr/2019/Plan_decennal_2018-2027.pdf
1543,P2962,,https://www.snam.it/export/sites/snam-rp/repository-srg/file/en/business-services/Online_Processes/ReteSnamReteGas/information/national-grid/RNG_30giu2016_ENG-A3.pdf
1544,P2965,,https://www.snam.it/export/sites/snam-rp/repository-srg/file/en/business-services/Online_Processes/ReteSnamReteGas/information/national-grid/RNG_30giu2016_ENG-A3.pdf
1545,P2969,,https://www.snam.it/export/sites/snam-rp/repository-srg/file/en/business-services/Online_Processes/ReteSnamReteGas/information/national-grid/RNG_30giu2016_ENG-A3.pdf
1547,P2971,,https://www.snam.it/export/sites/snam-rp/repository-srg/file/en/business-services/Online_Processes/ReteSnamReteGas/information/national-grid/RNG_30giu2016_ENG-A3.pdf
1548,P2973,,https://fgsz.hu/en/about-fgsz/company-history
1552,P2981,,https://www.grtgaz-deutschland.de/en/system/files/dokumente/elkb_2011_en.pdf
1554,P2984,,https://www.gasunie.nl/en/gas-infrastructure/gas-transport
1555,P2985,,https://www.snam.it/export/sites/snam-rp/repository-srg/file/en/business-services/Online_Processes/ReteSnamReteGas/information/national-grid/RNG_30giu2016_ENG-A3.pdf
1556,P2986,,https://www.snam.it/export/sites/snam-rp/repository-srg/file/en/business-services/Online_Processes/ReteSnamReteGas/information/national-grid/RNG_30giu2016_ENG-A3.pdf
1557,P2987,,"https://www.enagas.es/stfls/EnagasImport/Ficheros/Comunicacion/Transmission,%20storage%20and%20regasification%20and%20infrastructure%20of%20Enag%C3%A1s%20catalogue.pdf, https://www.gastopowerjournal.com/markets/item/8583-spain-s-gas-demand-grows-11-6-in-may-driven-by-industry"
1558,P2988,,https://www.snam.it/export/sites/snam-rp/repository-srg/file/en/business-services/Online_Processes/ReteSnamReteGas/information/national-grid/RNG_30giu2016_ENG-A3.pdf
1559,P2989,,https://www.snam.it/export/sites/snam-rp/repository-srg/file/en/business-services/Online_Processes/ReteSnamReteGas/information/national-grid/RNG_30giu2016_ENG-A3.pdf
1560,P2990,,https://www.snam.it/export/sites/snam-rp/repository-srg/file/en/business-services/Online_Processes/ReteSnamReteGas/information/national-grid/RNG_30giu2016_ENG-A3.pdf
1561,P2991,,https://www.snam.it/export/sites/snam-rp/repository-srg/file/en/business-services/Online_Processes/ReteSnamReteGas/information/national-grid/RNG_30giu2016_ENG-A3.pdf
1562,P2992,,https://www.gasconnect.at/en/network-information/our-network-in-detail/penta-west-pipeline
1563,P2993,,https://bulgartransgaz.bg/files/useruploads/images/MAP_BTGAZ_Bolkan_530k_EN_2021.jpg
1567,P3000,,https://www.snam.it/export/sites/snam-rp/repository-srg/file/en/business-services/Online_Processes/ReteSnamReteGas/information/national-grid/RNG_30giu2016_ENG-A3.pdf
1568,P3001,,https://www.snam.it/export/sites/snam-rp/repository-srg/file/en/business-services/Online_Processes/ReteSnamReteGas/information/national-grid/RNG_30giu2016_ENG-A3.pdf
1569,P3003,,https://www.snam.it/export/sites/snam-rp/repository-srg/file/en/business-services/Online_Processes/ReteSnamReteGas/information/national-grid/RNG_30giu2016_ENG-A3.pdf
1570,P3006,,"https://www.enagas.es/stfls/EnagasImport/Ficheros/Comunicacion/Transmission,%20storage%20and%20regasification%20and%20infrastructure%20of%20Enag%C3%A1s%20catalogue.pdf, https://www.gastopowerjournal.com/markets/item/8583-spain-s-gas-demand-grows-11-6-in-may-driven-by-industry"
1573,P3009,,https://www.snam.it/export/sites/snam-rp/repository-srg/file/en/business-services/Online_Processes/ReteSnamReteGas/information/national-grid/RNG_30giu2016_ENG-A3.pdf
1574,P3010,,https://www.snam.it/export/sites/snam-rp/repository-srg/file/en/business-services/Online_Processes/ReteSnamReteGas/information/national-grid/RNG_30giu2016_ENG-A3.pdf
1575,P3011,,https://www.gasunie.nl/en/gas-infrastructure/gas-transport
1576,P3012,,https://www.gasunie.nl/en/gas-infrastructure/gas-transport
1577,P3013,,https://www.snam.it/export/sites/snam-rp/repository-srg/file/en/business-services/Online_Processes/ReteSnamReteGas/information/national-grid/RNG_30giu2016_ENG-A3.pdf
1578,P3014,,https://www.snam.it/export/sites/snam-rp/repository-srg/file/en/business-services/Online_Processes/ReteSnamReteGas/information/national-grid/RNG_30giu2016_ENG-A3.pdf
1579,P3015,,https://www.snam.it/export/sites/snam-rp/repository-srg/file/en/business-services/Online_Processes/ReteSnamReteGas/information/national-grid/RNG_30giu2016_ENG-A3.pdf
1580,P3017,,https://www.snam.it/export/sites/snam-rp/repository-srg/file/en/business-services/Online_Processes/ReteSnamReteGas/information/national-grid/RNG_30giu2016_ENG-A3.pdf
1581,P3019,,https://www.conexus.lv/uploads/filedir/Media/conexus_mid_term_strategy.pdf
1582,P3020,,https://www.plinacro.hr/default.aspx?id=578
1583,P3022,,https://www.snam.it/export/sites/snam-rp/repository-srg/file/en/business-services/Online_Processes/ReteSnamReteGas/information/national-grid/RNG_30giu2016_ENG-A3.pdf
1584,P3023,,https://www.snam.it/export/sites/snam-rp/repository-srg/file/en/business-services/Online_Processes/ReteSnamReteGas/information/national-grid/RNG_30giu2016_ENG-A3.pdf
1587,P3032,,https://www.snam.it/export/sites/snam-rp/repository-srg/file/en/business-services/Online_Processes/ReteSnamReteGas/information/national-grid/RNG_30giu2016_ENG-A3.pdf
1588,P3033,,"https://www.enagas.es/stfls/EnagasImport/Ficheros/Comunicacion/Transmission,%20storage%20and%20regasification%20and%20infrastructure%20of%20Enag%C3%A1s%20catalogue.pdf, https://www.gastopowerjournal.com/markets/item/8583-spain-s-gas-demand-grows-11-6-in-may-driven-by-industry"
1589,P3034,,https://www.bayernets.de/en/infrastructure/our-network/network-map
1590,P3035,,https://www.gasunie.nl/en/gas-infrastructure/gas-transport
1591,P3036,,https://www.gasunie.nl/en/gas-infrastructure/gas-transport
1592,P3037,,https://www.gasunie.nl/en/gas-infrastructure/gas-transport
1593,P3038,,https://www.snam.it/export/sites/snam-rp/repository-srg/file/en/business-services/Online_Processes/ReteSnamReteGas/information/national-grid/RNG_30giu2016_ENG-A3.pdf
1594,P3039,,https://www.plinacro.hr/default.aspx?id=578
1595,P3040,,https://www.srbijagas.com/?page_id=2128
1596,P3042,,https://www.gasunie.de/en/infrastructure/gasunie-netzwerk
1600,P3048,,https://bulgartransgaz.bg/en/pages/network-map-103.html
1601,P3053,,https://elering.ee/en/gas-system
1602,P3055,,https://www.snam.it/export/sites/snam-rp/repository-srg/file/en/business-services/Online_Processes/ReteSnamReteGas/information/national-grid/RNG_30giu2016_ENG-A3.pdf
1603,P3056,,https://www.snam.it/export/sites/snam-rp/repository-srg/file/en/business-services/Online_Processes/ReteSnamReteGas/information/national-grid/RNG_30giu2016_ENG-A3.pdf
1604,P3057,,https://www.snam.it/export/sites/snam-rp/repository-srg/file/en/business-services/Online_Processes/ReteSnamReteGas/information/national-grid/RNG_30giu2016_ENG-A3.pdf
1605,P3058,,https://www.snam.it/export/sites/snam-rp/repository-srg/file/en/business-services/Online_Processes/ReteSnamReteGas/information/national-grid/RNG_30giu2016_ENG-A3.pdf
1606,P3059,,"https://www.enagas.es/stfls/EnagasImport/Ficheros/Comunicacion/Transmission,%20storage%20and%20regasification%20and%20infrastructure%20of%20Enag%C3%A1s%20catalogue.pdf, https://www.gastopowerjournal.com/markets/item/8583-spain-s-gas-demand-grows-11-6-in-may-driven-by-industry"
1607,P3062,,http://www.grtgaz.com/fileadmin/plaquettes/fr/2019/Plan_decennal_2018-2027.pdf
1610,P3067,,"https://www.enagas.es/stfls/EnagasImport/Ficheros/Comunicacion/Transmission,%20storage%20and%20regasification%20and%20infrastructure%20of%20Enag%C3%A1s%20catalogue.pdf, https://www.gastopowerjournal.com/markets/item/8583-spain-s-gas-demand-grows-11-6-in-may-driven-by-industry"
1611,P3069,,https://fgsz.hu/en/about-fgsz/company-history
1612,P3070,,https://elering.ee/en/gas-system
1613,P3071,,https://www.snam.it/export/sites/snam-rp/repository-srg/file/en/business-services/Online_Processes/ReteSnamReteGas/information/national-grid/RNG_30giu2016_ENG-A3.pdf
1614,P3072,,https://www.snam.it/export/sites/snam-rp/repository-srg/file/en/business-services/Online_Processes/ReteSnamReteGas/information/national-grid/RNG_30giu2016_ENG-A3.pdf
1616,P3074,,https://www.snam.it/export/sites/snam-rp/repository-srg/file/en/business-services/Online_Processes/ReteSnamReteGas/information/national-grid/RNG_30giu2016_ENG-A3.pdf
1618,P3076,,https://www.snam.it/export/sites/snam-rp/repository-srg/file/en/business-services/Online_Processes/ReteSnamReteGas/information/national-grid/RNG_30giu2016_ENG-A3.pdf
1619,P3078,,"https://www.enagas.es/stfls/EnagasImport/Ficheros/Comunicacion/Transmission,%20storage%20and%20regasification%20and%20infrastructure%20of%20Enag%C3%A1s%20catalogue.pdf, https://www.gastopowerjournal.com/markets/item/8583-spain-s-gas-demand-grows-11-6-in-may-driven-by-industry"
1621,P3082,,https://www.gasunie.nl/en/gas-infrastructure/gas-transport
1622,P3085,,https://www.gasunie.nl/en/gas-infrastructure/gas-transport
1623,P3086,,https://www.gasunietransportservices.nl/uploads/fckconnector/6327f456-1aad-401b-b974-1c5933077cdb/2989913628/Gastransportkaart%20GTS%202015%20final.pdf?lang=nl
1624,P3087,,https://www.gasunietransportservices.nl/uploads/fckconnector/6327f456-1aad-401b-b974-1c5933077cdb/2989913628/Gastransportkaart%20GTS%202015%20final.pdf?lang=nl
1625,P3088,,https://swi.gaz-system.pl/swi/public/#!/gis/map/preview?id=10059&lang=en
1626,P3089,,https://swi.gaz-system.pl/swi/public/#!/gis/map/preview?id=10059&lang=en
1627,P3093,,"https://www.enagas.es/stfls/EnagasImport/Ficheros/Comunicacion/Transmission,%20storage%20and%20regasification%20and%20infrastructure%20of%20Enag%C3%A1s%20catalogue.pdf, https://www.gastopowerjournal.com/markets/item/8583-spain-s-gas-demand-grows-11-6-in-may-driven-by-industry"
1628,P3094,,"https://www.enagas.es/stfls/EnagasImport/Ficheros/Comunicacion/Transmission,%20storage%20and%20regasification%20and%20infrastructure%20of%20Enag%C3%A1s%20catalogue.pdf, https://www.gastopowerjournal.com/markets/item/8583-spain-s-gas-demand-grows-11-6-in-may-driven-by-industry"
1630,P3096,,https://www.snam.it/export/sites/snam-rp/repository-srg/file/en/business-services/Online_Processes/ReteSnamReteGas/information/national-grid/RNG_30giu2016_ENG-A3.pdf
1631,P3097,,https://www.snam.it/export/sites/snam-rp/repository-srg/file/en/business-services/Online_Processes/ReteSnamReteGas/information/national-grid/RNG_30giu2016_ENG-A3.pdf
1632,P3098,,https://www.gasunietransportservices.nl/uploads/fckconnector/6327f456-1aad-401b-b974-1c5933077cdb/2989913628/Gastransportkaart%20GTS%202015%20final.pdf?lang=nl
1633,P3099,,https://www.gasunietransportservices.nl/uploads/fckconnector/6327f456-1aad-401b-b974-1c5933077cdb/2989913628/Gastransportkaart%20GTS%202015%20final.pdf?lang=nl
1637,P3105,,https://www.snam.it/it/snam_per_abruzzo/rete_adriatica/progetto_strategico/
1638,P3106,,https://www.snam.it/it/snam_per_abruzzo/rete_adriatica/progetto_strategico/
1639,P3107,,https://www.snam.it/it/snam_per_abruzzo/rete_adriatica/progetto_strategico/
1640,P3108,,https://www.snam.it/it/snam_per_abruzzo/rete_adriatica/progetto_strategico/
1643,P3111,,https://gtcl.org.bd/gtcl_projects/construction-of-dhanua-elenga-and-bangabandhu-bridge-nalka-gas-transmission-pipeline/
1657,P3137,,https://ec.europa.eu/energy/maps/pci_fiches/PciFiche_6.9.1.pdf
1662,P3142,,http://www.pdvsa.com/index.php?option=com_content&view=article&id=6530&Itemid=1170&lang=es
1663,P3143,,http://www.pdvsa.com/index.php?option=com_content&view=article&id=6530&Itemid=1170&lang=es
1664,P3144,,http://www.pdvsa.com/index.php?option=com_content&view=article&id=6530&Itemid=1170&lang=es
1665,P3145,,http://www.pdvsa.com/index.php?option=com_content&view=article&id=6530&Itemid=1170&lang=es
1678,P3170,,https://www.nmgco.com/userfiles/files/SF%20Mainline%20Packet%20FINAL%203.pdf
1684,P3177,,"https://www.ssgc.com.pk/web/?page_id=90, https://www.pepl.com.pk/assets/images/downloads/Energy-MapA4-2020.pdf"
1696,P3195,,"https://www.nrcan.gc.ca/our-natural-resources/energy-sources-distribution/clean-fossil-fuels/pipelines/energy-pipeline-projects/2017-ngtl-system-expansion-project/19124, https://www.tcenergy.com/operations/natural-gas/2017-ngtl-expansion/"
1697,P3196,,"https://www.lehighvalleylive.com/news/2020/01/stymied-in-nj-penneast-proposes-building-gas-pipeline-only-into-lehigh-valley-for-now.html, https://www.hartenergy.com/news/penneast-kills-its-11-billion-natural-gas-pipeline-project-196415"
1712,P3215,,https://www.apa.com.au/about-apa/our-projects/northern-goldfields-interconnect/
1716,P3220,,https://www.bhegts.com/
1722,P3243,,https://www.gaz-system.pl/en/transmission-system/investment-projects/other-major-investment-projects/goleniow-ploty.html
1736,P3295,,https://pipeline2.kindermorgan.com/Documents/EEC/EEC_Segment_Pin_Map-20190625141410.pdf
1740,P3299,,https://gailonline.com/pdf/InvestorsZone/AnnualReports/AnnualReport2021ENG_New.pdf
1745,P3310,,https://www.pngrb.gov.in/pdf/ppp_dp/np_DP/NG-dedicated_Map_feb_02_02_2009.pdf
1755,P3341,,"https://songas.com/infrastructure/gas-transportation/, https://www.google.com/imgres?imgurl=https%3A%2F%2Fwww.researchgate.net%2Fprofile%2FMark-Henstridge%2Fpublication%2F340024949%2Ffigure%2Ffig1%2FAS%3A870786516660224%401584623092378%2FNatural-gas-offshore-Tanzania-Note-Representation-of-international-boundaries-and-names_Q640.jpg&imgrefurl=https%3A%2F%2Fwww.researchgate.net%2Ffigure%2FNatural-gas-offshore-Tanzania-Note-Representation-of-international-boundaries-and-names_fig1_340024949&tbnid=FIBC1_HvU9P1aM&vet=12ahUKEwji5eet1fzyAhWDpK0KHYpiDK4QMygDegUIARCeAQ..i&docid=5txpto29y8TIEM&w=640&h=640&q=proposed%20natural%20gas%20pipelines%20in%20tanzania%20-oil&ved=2ahUKEwji5eet1fzyAhWDpK0KHYpiDK4QMygDegUIARCeAQ"
1760,P3346,,"https://www.algomhor.com/435745, https://www.google.com/maps/place/30%C2%B008'43.0%22N+31%C2%B014'04.0%22E/@30.145278,31.2322553,17z/data=!3m1!4b1!4m5!3m4!1s0x0:0xf9ed88774fe03b3e!8m2!3d30.145278!4d31.234444, https://m.akhbarelyom.com/news/NewDetails/2916710/1/%D9%85%D8%AD%D8%A7%D9%81%D8%B8-%D8%A7%D9%84%D9%82%D9%84%D9%8A%D9%88%D8%A8%D9%8A%D8%A9-%D9%8A%D9%86%D8%A7%D9%82%D8%B4-%D8%AA%D9%86%D9%81%D9%8A%D8%B0-%D8%AE%D8%B7-%D8%BA%D8%A7%D8%B2--%D8%A7%D9%84%D9%86%D9%88%D8%A8%D8%A7%D8%B1%D9%8A%D8%A9-%D9%85%D9%8A%D8%AA-%D9%86%D9%85%D8%A7-, https://environmentalcivil.weebly.com/uploads/5/5/2/2/55228099/esia_executivesummary_noubaria_metnama_arabic_13062011.pdf"
1789,P3488,,https://usea.org/sites/default/files/EE-NGP%20Catalog%20of%20Potential%20Eastern%20European%20Natural%20Gas%20Investment%20Projects%20in%20Support%20of%20the%20Three%20Seas%20Initiative.pdf
1792,P3494,,https://www.iene.gr/6thSEEED/articlefiles/sessionVII/Dimitrova-Achovski.pdf
1813,P3529,,https://www.epe.gov.br/sites-pt/publicacoes-dados-abertos/publicacoes/PublicacoesArquivos/publicacao-434/PIPE%20-%20Plano%20Indicativo%20de%20Processamento%20e%20Escoamento%20de%20G%C3%A1s%20Natural.pdf
1826,P3543,,https://www.cepal.org/sites/default/files/presentation/files/final_final_cepal-presentacion_palacio_nacional_20-05-2019.pdf
1891,P3659,,https://www.youm7.com/story/2011/2/5/%D8%A8%D8%A7%D9%84%D8%B5%D9%88%D8%B1-%D8%A7%D9%84%D8%AA%D9%81%D8%A7%D8%B5%D9%8A%D9%84-%D8%A7%D9%84%D9%83%D8%A7%D9%85%D9%84%D8%A9-%D9%84%D9%85%D8%B3%D8%A7%D8%B1-%D8%AE%D8%B7%D9%89-%D8%A7%D9%84%D8%BA%D8%A7%D8%B2-%D8%A7%D9%84%D8%B9%D8%B1%D8%A8%D9%89-%D9%88%D8%A7%D9%84%D8%A5%D8%B3%D8%B1%D8%A7%D8%A6%D9%8A%D9%84%D9%89-%D8%A8%D8%B3%D9%8A%D9%86%D8%A7%D8%A1-%D9%8A%D8%A8%D8%AF%D8%A3/346711
1905,P3724,,"https://ambergrid.lt/en/for-clients/transmission-system/gas-transmission-system-of-lithuania/645, https://www.ambergrid.lt/data/public/uploads/2023/01/zemelapis-eng.jpg"
1907,P3854,,https://www.industry.gov.au/data-and-publications/global-resources-strategy-commodity-report-liquefied-natural-gas/emerging-lng-markets/philippines
1909,P3856,,https://www.kernrivergas.com/DesktopModules/KernRiver/Documents/ViewDocument.aspx?DocumentID=59
1911,P3884,,https://www.kindermorgan.com/Operations/Projects/PHP-Expansion-Project
1916,P3893,,https://elering.ee/en/article/gas-pipeline-connection-built-paldiski-elering-has-been-completed
1920,P3897,,"https://sonatrach.com/wp-content/uploads/2022/01/DESCRIPTION-DU-RESEAU-DE-TRANSPORT-PAR-CANALISATION-DES-HYDROCARBURES-TARIF-DE-TRANSPORT-ANNEE-2022.pdf, https://www.offshore-technology.com/marketdata/rhourd-ennous-hassi-r-mel-i-gas-pipeline-algeria/"
1921,P3898,,https://sonatrach.com/wp-content/uploads/2022/01/DESCRIPTION-DU-RESEAU-DE-TRANSPORT-PAR-CANALISATION-DES-HYDROCARBURES-TARIF-DE-TRANSPORT-ANNEE-2022.pdf
1922,P3899,,https://sonatrach.com/wp-content/uploads/2022/01/DESCRIPTION-DU-RESEAU-DE-TRANSPORT-PAR-CANALISATION-DES-HYDROCARBURES-TARIF-DE-TRANSPORT-ANNEE-2022.pdf
1923,P3900,,https://sonatrach.com/wp-content/uploads/2022/01/DESCRIPTION-DU-RESEAU-DE-TRANSPORT-PAR-CANALISATION-DES-HYDROCARBURES-TARIF-DE-TRANSPORT-ANNEE-2022.pdf
1924,P3901,,https://sonatrach.com/wp-content/uploads/2022/01/DESCRIPTION-DU-RESEAU-DE-TRANSPORT-PAR-CANALISATION-DES-HYDROCARBURES-TARIF-DE-TRANSPORT-ANNEE-2022.pdf
1925,P3902,,https://sonatrach.com/wp-content/uploads/2022/01/DESCRIPTION-DU-RESEAU-DE-TRANSPORT-PAR-CANALISATION-DES-HYDROCARBURES-TARIF-DE-TRANSPORT-ANNEE-2022.pdf
1926,P3903,,https://sonatrach.com/wp-content/uploads/2022/01/DESCRIPTION-DU-RESEAU-DE-TRANSPORT-PAR-CANALISATION-DES-HYDROCARBURES-TARIF-DE-TRANSPORT-ANNEE-2022.pdf
1928,P3905,,https://gailonline.com/pdf/InvestorsZone/AnnualReports/AnnualReport2021ENG_New.pdf
1929,P3906,,https://ueppcb.uk.gov.in/files/EXECUTIVE_SUMMARY_2.pdf
1930,P3909,,https://pngrb.gov.in/pdf/public-notice/GSPL02022021.pdf
1931,P3910,,https://pngrb.gov.in/pdf/public-notice/EOI04052018_1.pdf
1932,P3911,,https://pngrb.gov.in/pdf/public-notice/GSPL09072021.pdf
1935,P3914,,https://www.entsog.eu/sites/default/files/2021-07/TYNDP_2020_TRANSMISSION_map.pdf
1939,P3918,,https://gtcl.portal.gov.bd/sites/default/files/files/gtcl.portal.gov.bd/monthly_report/f77ce396_ccee_46c8_8157_c0667c8ea4c1/2024-03-24-06-39-34a3686bc6eb7675953326a048feb1f8.pdf
1940,P3919,,https://gtcl.portal.gov.bd/sites/default/files/files/gtcl.portal.gov.bd/monthly_report/f77ce396_ccee_46c8_8157_c0667c8ea4c1/2024-03-24-06-39-34a3686bc6eb7675953326a048feb1f8.pdf
1941,P3920,,https://petrobangla.portal.gov.bd/sites/default/files/files/petrobangla.portal.gov.bd/annual_reports/035c1d34_7671_4477_9fc1_71659da2357f/2023-10-14-17-08-efda448681328c0e62f973d4451819ee.pdf
1945,P3924,,"https://elikhbaria.dz/24135/, https://www.aps.dz/ar/regions/43870-2017-05-31-12-28-35, https://www.offshore-technology.com/marketdata/rhourd-ennous-hassi-r-mel-i-gas-pipeline-algeria/"
1948,P3930,,https://gate.ahram.org.eg/News/1367155.aspx
1949,P3931,,"https://www.masrawy.com/news/news_economy/details/2021/3/6/1982248/%D9%88%D8%B2%D9%8A%D8%B1-%D8%A7%D9%84%D8%A8%D8%AA%D8%B1%D9%88%D9%84-%D9%8A%D8%AA%D9%81%D9%82%D8%AF-%D9%85%D8%B4%D8%B1%D9%88%D8%B9-%D8%A5%D9%86%D8%B4%D8%A7%D8%A1-%D8%AE%D8%B7-%D8%BA%D8%A7%D8%B2-%D9%85%D8%AF%D9%8A%D9%86%D8%A9-%D8%A7%D9%84%D8%B9%D9%84%D9%85%D9%8A%D9%86-%D8%A7%D9%84%D8%AC%D8%AF%D9%8A%D8%AF%D8%A9-, https://sahafahn.com/show12449775.html"
1950,P3932,,https://petrojeteg.com/?project=2207
1951,P3933,,http://caspianbarrel.org/en/2018/08/bulgaria-expands-capacity-of-trans-balkan-gas-pipeline/
1953,P3935,,https://egyptoil-gas.com/wp-content/uploads/2020/03/The-Western-Desert-Egypt%E2%80%99s-Giant-Petroleum-Reservoir-.pdf
1954,P3936,,https://egyptoil-gas.com/wp-content/uploads/2020/03/The-Western-Desert-Egypt%E2%80%99s-Giant-Petroleum-Reservoir-.pdf
1955,P3937,,https://www.wepco-eg.com/ar/%D8%A7%D9%84%D8%B9%D9%85%D9%84%D9%8A%D8%A7%D8%AA/%D8%AD%D9%82%D9%84-%D8%A8%D8%AF%D8%B1/
1956,P3938,,https://www.wepco-eg.com/ar/%D8%A7%D9%84%D8%B9%D9%85%D9%84%D9%8A%D8%A7%D8%AA/%D8%AD%D9%82%D9%84-%D8%A8%D8%AF%D8%B1/
1957,P3939,,https://egyptoil-gas.com/wp-content/uploads/2020/03/The-Western-Desert-Egypt%E2%80%99s-Giant-Petroleum-Reservoir-.pdf
1959,P3941,,https://www.gaz-system.pl/en/transmission-system/investment-projects/other-major-investment-projects/lewin-brzeski-nysa.html
1968,P3950,,https://www.offshore-technology.com/projects/salman-oil-and-gas-field-persian-gulf/
1980,P3966,,https://pgjonline.com/magazine/2021/may-2021-vol-248-no-5/features/saudi-aramco-seeks-75-billion-loan-for-pipeline-investors
1984,P3970,,https://www.gasconnect.at/en/network-information/our-network-in-detail/sued-ost-pipeline
2001,P3988,,https://www.facebook.com/WahaOilC/posts/652777218722181?comment_id=653088235357746
2007,P3995,,https://www.wamc.org/new-england-news/2018-03-28/vermont-gas-agrees-to-independent-review-of-pipeline
2024,P4014,,"https://www.ssgc.com.pk/web/?page_id=90, https://www.pepl.com.pk/assets/images/downloads/Energy-MapA4-2020.pdf"
2025,P4015,,https://www.pepl.com.pk/assets/images/downloads/Energy-MapA4-2020.pdf
2026,P4016,,https://www.pepl.com.pk/assets/images/downloads/Energy-MapA4-2020.pdf
2027,P4017,,https://www.pepl.com.pk/assets/images/downloads/Energy-MapA4-2020.pdf
2028,P4018,,https://www.pepl.com.pk/assets/images/downloads/Energy-MapA4-2020.pdf
2029,P4019,,"https://www.ssgc.com.pk/web/?page_id=90, https://www.pepl.com.pk/assets/images/downloads/Energy-MapA4-2020.pdf"
2030,P4020,,"https://www.ssgc.com.pk/web/?page_id=90, https://www.pepl.com.pk/assets/images/downloads/Energy-MapA4-2020.pdf"
2031,P4021,,"https://www.ssgc.com.pk/web/?page_id=90, https://www.pepl.com.pk/assets/images/downloads/Energy-MapA4-2020.pdf"
2032,P4022,,"https://www.ssgc.com.pk/web/?page_id=90, https://www.pepl.com.pk/assets/images/downloads/Energy-MapA4-2020.pdf"
2033,P4023,,"https://www.ssgc.com.pk/web/?page_id=90, https://www.pepl.com.pk/assets/images/downloads/Energy-MapA4-2020.pdf"
2034,P4024,,"https://www.ssgc.com.pk/web/?page_id=90, https://www.pepl.com.pk/assets/images/downloads/Energy-MapA4-2020.pdf"
2035,P4025,,https://www.dolphinenergy.com/ar/operations
2050,P4041,,"https://saymar.org/wp/wp-content/uploads/2020/10/1485449570186424.pdf, https://www.independentarabia.com/node/186131/%D8%A7%D9%82%D8%AA%D8%B5%D8%A7%D8%AF/%D8%A7%D9%84%D8%A8%D8%AA%D8%B1%D9%88%D9%84-%D9%88%D8%A7%D9%84%D8%BA%D8%A7%D8%B2/%D8%A3%D9%86%D8%A8%D9%88%D8%A8-%D8%BA%D8%A7%D8%B2-%D8%AC%D8%AF%D9%8A%D8%AF-%D9%84%D8%AF%D8%B9%D9%85-%D9%82%D8%B7%D8%A7%D8%B9%D9%8A-%D8%A7%D9%84%D8%B7%D8%A7%D9%82%D8%A9-%D9%88%D8%A7%D9%84%D8%B5%D9%86%D8%A7%D8%B9%D8%A9-%D9%81%D9%8A-%D9%85%D8%AF%D9%86-%D8%B9%D8%B1%D8%A7%D9%82%D9%8A%D8%A9"
2055,P4046,,https://www.ebrd.com/documents/procurement/83635-2020-feasibility-study-update.pdf?blobnocache=true
2056,P4047,,"https://www.alarabiya.net/arab-and-world/iraq/2022/07/26/%D8%AD%D9%83%D9%88%D9%85%D8%A9-%D8%A7%D9%82%D9%84%D9%8A%D9%85-%D9%83%D8%B1%D8%AF%D8%B3%D8%AA%D8%A7%D9%86-%D8%A7%D9%84%D8%B9%D8%B1%D8%A7%D9%82-%D8%AA%D8%AF%D9%8A%D9%86-%D8%A7%D9%84%D9%87%D8%AC%D9%88%D9%85-%D8%B9%D9%84%D9%89-%D8%AD%D9%82%D9%84-%D9%83%D9%88%D8%B1%D9%85%D9%88%D8%B1-%D9%84%D9%84%D8%BA%D8%A7%D8%B2-%D9%81%D9%8A-%D8%A7%D9%84%D8%B3%D9%84%D9%8A%D9%85%D8%A7%D9%86%D9%8A%D8%A9،, https://www.rudawarabia.net/arabic/business/08022022"
2061,P4052,,https://www.ebrd.com/documents/procurement/83635-2020-feasibility-study-update.pdf?blobnocache=true
2062,P4053,,https://www.rudawarabia.net/arabic/business/08022022
2064,P4055,,https://www.ebrd.com/documents/procurement/83635-2020-feasibility-study-update.pdf?blobnocache=true
2066,P4057,,https://www.ebrd.com/documents/procurement/83635-2020-feasibility-study-update.pdf?blobnocache=true
2070,P4061,,https://iraqenergy.org/wp/wp-content/uploads/2018/11/Jafar-Dhia-Jafar-URUK.pdf?ec1e82&ec1e82
2078,P4070,,https://maps.fractracker.org/latest/?appid=05ccb4997a0c4bedb10a8d9a028243bc
2082,P4074,,"https://www.sngpl.com.pk/images/transmission/TransmissionMap042022L.jpg, https://www.pepl.com.pk/assets/images/downloads/Energy-MapA4-2020.pdf"
2083,P4075,,"https://www.sngpl.com.pk/images/transmission/TransmissionMap042022L.jpg, https://www.pepl.com.pk/assets/images/downloads/Energy-MapA4-2020.pdf"
2087,P4079,,"https://www.sngpl.com.pk/images/transmission/TransmissionMap042022L.jpg, https://www.pepl.com.pk/assets/images/downloads/Energy-MapA4-2020.pdf"
2092,P4087,,"https://www.sngpl.com.pk/images/transmission/TransmissionMap042022L.jpg, https://www.pepl.com.pk/assets/images/downloads/Energy-MapA4-2020.pdf"
2093,P4088,,"https://www.sngpl.com.pk/images/transmission/TransmissionMap042022L.jpg, https://www.pepl.com.pk/assets/images/downloads/Energy-MapA4-2020.pdf"
2094,P4089,,"https://www.sngpl.com.pk/images/transmission/TransmissionMap042022L.jpg, https://www.pepl.com.pk/assets/images/downloads/Energy-MapA4-2020.pdf"
2095,P4090,,"https://www.sngpl.com.pk/images/transmission/TransmissionMap042022L.jpg, https://www.pepl.com.pk/assets/images/downloads/Energy-MapA4-2020.pdf"
2096,P4091,,"https://www.sngpl.com.pk/images/transmission/TransmissionMap042022L.jpg, https://www.pepl.com.pk/assets/images/downloads/Energy-MapA4-2020.pdf"
2102,P4097,,"https://www.sngpl.com.pk/images/transmission/TransmissionMap042022L.jpg, https://www.pepl.com.pk/assets/images/downloads/Energy-MapA4-2020.pdf"
2103,P4098,,"https://www.sngpl.com.pk/images/transmission/TransmissionMap042022L.jpg, https://www.pepl.com.pk/assets/images/downloads/Energy-MapA4-2020.pdf"
2104,P4099,,"https://www.sngpl.com.pk/images/transmission/TransmissionMap042022L.jpg, https://www.pepl.com.pk/assets/images/downloads/Energy-MapA4-2020.pdf"
2105,P4100,,"https://www.sngpl.com.pk/images/transmission/TransmissionMap042022L.jpg, https://www.pepl.com.pk/assets/images/downloads/Energy-MapA4-2020.pdf"
2106,P4101,,"https://www.sngpl.com.pk/images/transmission/TransmissionMap042022L.jpg, https://www.pepl.com.pk/assets/images/downloads/Energy-MapA4-2020.pdf"
2107,P4102,,"https://www.sngpl.com.pk/images/transmission/TransmissionMap042022L.jpg, https://www.pepl.com.pk/assets/images/downloads/Energy-MapA4-2020.pdf"
2108,P4103,,"https://www.sngpl.com.pk/images/transmission/TransmissionMap042022L.jpg, https://www.pepl.com.pk/assets/images/downloads/Energy-MapA4-2020.pdf"
2109,P4104,,"https://www.sngpl.com.pk/images/transmission/TransmissionMap042022L.jpg, https://www.pepl.com.pk/assets/images/downloads/Energy-MapA4-2020.pdf"
2110,P4105,,"https://www.sngpl.com.pk/images/transmission/TransmissionMap042022L.jpg, https://www.pepl.com.pk/assets/images/downloads/Energy-MapA4-2020.pdf"
2111,P4106,,"https://www.sngpl.com.pk/images/transmission/TransmissionMap042022L.jpg, https://www.pepl.com.pk/assets/images/downloads/Energy-MapA4-2020.pdf"
2112,P4107,,"https://www.sngpl.com.pk/images/transmission/TransmissionMap042022L.jpg, https://www.pepl.com.pk/assets/images/downloads/Energy-MapA4-2020.pdf"
2113,P4108,,"https://www.sngpl.com.pk/images/transmission/TransmissionMap042022L.jpg, https://www.pepl.com.pk/assets/images/downloads/Energy-MapA4-2020.pdf"
2118,P4118,,https://www.creos-net.lu/creos-luxembourg/infrastructure/reseau-de-gaz-naturel.html
2119,P4119,,https://www.creos-net.lu/creos-luxembourg/infrastructure/reseau-de-gaz-naturel.html
2120,P4120,,https://www.creos-net.lu/creos-luxembourg/infrastructure/reseau-de-gaz-naturel.html
2121,P4121,,https://www.creos-net.lu/creos-luxembourg/infrastructure/reseau-de-gaz-naturel.html
2123,P4124,,"https://www.sngpl.com.pk/images/transmission/TransmissionMap042022L.jpg, https://www.pepl.com.pk/assets/images/downloads/Energy-MapA4-2020.pdf"
2124,P4128,,"https://www.sngpl.com.pk/images/transmission/TransmissionMap042022L.jpg, https://www.pepl.com.pk/assets/images/downloads/Energy-MapA4-2020.pdf"
2125,P4129,,"https://www.sngpl.com.pk/images/transmission/TransmissionMap042022L.jpg, https://www.pepl.com.pk/assets/images/downloads/Energy-MapA4-2020.pdf"
2129,P4133,,"https://www.sngpl.com.pk/images/transmission/TransmissionMap042022L.jpg, https://www.pepl.com.pk/assets/images/downloads/Energy-MapA4-2020.pdf"
2130,P4134,,"https://www.sngpl.com.pk/images/transmission/TransmissionMap042022L.jpg, https://www.pepl.com.pk/assets/images/downloads/Energy-MapA4-2020.pdf"
2131,P4135,,"https://www.sngpl.com.pk/images/transmission/TransmissionMap042022L.jpg, https://www.pepl.com.pk/assets/images/downloads/Energy-MapA4-2020.pdf"
2132,P4136,,"https://www.sngpl.com.pk/images/transmission/TransmissionMap042022L.jpg, https://www.pepl.com.pk/assets/images/downloads/Energy-MapA4-2020.pdf"
2133,P4137,,"https://www.sngpl.com.pk/images/transmission/TransmissionMap042022L.jpg, https://www.pepl.com.pk/assets/images/downloads/Energy-MapA4-2020.pdf"
2134,P4138,,"https://www.sngpl.com.pk/images/transmission/TransmissionMap042022L.jpg, https://www.pepl.com.pk/assets/images/downloads/Energy-MapA4-2020.pdf"
2135,P4139,,"https://www.sngpl.com.pk/images/transmission/TransmissionMap042022L.jpg, https://www.pepl.com.pk/assets/images/downloads/Energy-MapA4-2020.pdf"
2136,P4140,,"https://www.sngpl.com.pk/images/transmission/TransmissionMap042022L.jpg, https://www.pepl.com.pk/assets/images/downloads/Energy-MapA4-2020.pdf"
2137,P4141,,"https://www.sngpl.com.pk/images/transmission/TransmissionMap042022L.jpg, https://www.pepl.com.pk/assets/images/downloads/Energy-MapA4-2020.pdf"
2150,P4154,,https://www.qatargas.com/english/operations/lng-trains
2151,P4155,,https://www.qatargas.com/english/operations/lng-trains
2153,P4157,,"https://www.sngpl.com.pk/images/transmission/TransmissionMap042022L.jpg, https://www.pepl.com.pk/assets/images/downloads/Energy-MapA4-2020.pdf"
2154,P4158,,"https://www.sngpl.com.pk/images/transmission/TransmissionMap042022L.jpg, https://www.pepl.com.pk/assets/images/downloads/Energy-MapA4-2020.pdf"
2155,P4159,,"https://www.sngpl.com.pk/images/transmission/TransmissionMap042022L.jpg, https://www.pepl.com.pk/assets/images/downloads/Energy-MapA4-2020.pdf"
2156,P4161,,"https://www.sngpl.com.pk/images/transmission/TransmissionMap042022L.jpg, https://www.pepl.com.pk/assets/images/downloads/Energy-MapA4-2020.pdf"
2157,P4162,,"https://www.sngpl.com.pk/images/transmission/TransmissionMap042022L.jpg, https://www.pepl.com.pk/assets/images/downloads/Energy-MapA4-2020.pdf"
2158,P4163,,"https://www.sngpl.com.pk/images/transmission/TransmissionMap042022L.jpg, https://www.pepl.com.pk/assets/images/downloads/Energy-MapA4-2020.pdf"
2159,P4164,,"https://www.sngpl.com.pk/images/transmission/TransmissionMap042022L.jpg, https://www.pepl.com.pk/assets/images/downloads/Energy-MapA4-2020.pdf"
2160,P4165,,"https://www.sngpl.com.pk/images/transmission/TransmissionMap042022L.jpg, https://www.pepl.com.pk/assets/images/downloads/Energy-MapA4-2020.pdf"
2163,P4170,,"https://www.sngpl.com.pk/images/transmission/TransmissionMap042022L.jpg, https://www.pepl.com.pk/assets/images/downloads/Energy-MapA4-2020.pdf"
2166,P4173,,"https://www.sngpl.com.pk/images/transmission/TransmissionMap042022L.jpg, https://www.pepl.com.pk/assets/images/downloads/Energy-MapA4-2020.pdf"
2167,P4174,,"https://www.sngpl.com.pk/images/transmission/TransmissionMap042022L.jpg, https://www.pepl.com.pk/assets/images/downloads/Energy-MapA4-2020.pdf"
2168,P4175,,"https://www.sngpl.com.pk/images/transmission/TransmissionMap042022L.jpg, https://www.pepl.com.pk/assets/images/downloads/Energy-MapA4-2020.pdf"
2169,P4176,,"https://www.sngpl.com.pk/images/transmission/TransmissionMap042022L.jpg, https://www.pepl.com.pk/assets/images/downloads/Energy-MapA4-2020.pdf"
2170,P4177,,"https://www.sngpl.com.pk/images/transmission/TransmissionMap042022L.jpg, https://www.pepl.com.pk/assets/images/downloads/Energy-MapA4-2020.pdf"
2171,P4178,,"https://www.sngpl.com.pk/images/transmission/TransmissionMap042022L.jpg, https://www.pepl.com.pk/assets/images/downloads/Energy-MapA4-2020.pdf"
2172,P4179,,"https://www.sngpl.com.pk/images/transmission/TransmissionMap042022L.jpg, https://www.pepl.com.pk/assets/images/downloads/Energy-MapA4-2020.pdf"
2173,P4181,,"https://www.sngpl.com.pk/images/transmission/TransmissionMap042022L.jpg, https://www.pepl.com.pk/assets/images/downloads/Energy-MapA4-2020.pdf"
2174,P4182,,"https://www.sngpl.com.pk/images/transmission/TransmissionMap042022L.jpg, https://www.pepl.com.pk/assets/images/downloads/Energy-MapA4-2020.pdf"
2178,P4186,,https://www.cre.fr/en/Documents/Public-consultations/Market-consultation-on-the-development-of-gas-interconnection-capacity-between-France-and-Spain/download-consultation
2179,P4188,,https://www.grtgaz.com/sites/default/files/2020-12/Plan_decennal_2018-2027.pdf
2180,P4193,,https://www.grtgaz.com/sites/default/files/2020-12/Plan_decennal_2018-2027.pdf
2181,P4194,,https://www.grtgaz.com/sites/default/files/2020-12/Plan_decennal_2018-2027.pdf
2183,P4196,,https://www.enagas.es/content/dam/enagas/en/files/enagas-communication-room/publications/informe-sistema-gasista/2021-Spanish-Gas-System-Report.pdf
2184,P4197,,https://www.enagas.es/content/dam/enagas/en/files/enagas-communication-room/publications/informe-sistema-gasista/2021-Spanish-Gas-System-Report.pdf
2185,P4198,,https://www.enagas.es/content/dam/enagas/en/files/enagas-communication-room/publications/informe-sistema-gasista/2021-Spanish-Gas-System-Report.pdf
2186,P4199,,https://www.enagas.es/content/dam/enagas/en/files/enagas-communication-room/publications/informe-sistema-gasista/2021-Spanish-Gas-System-Report.pdf
2187,P4200,,https://www.enagas.es/content/dam/enagas/en/files/enagas-communication-room/publications/informe-sistema-gasista/2021-Spanish-Gas-System-Report.pdf
2192,P4205,,https://www.enagas.es/content/dam/enagas/en/files/enagas-communication-room/publications/informe-sistema-gasista/2021-Spanish-Gas-System-Report.pdf
2193,P4206,,https://www.enagas.es/content/dam/enagas/en/files/enagas-communication-room/publications/informe-sistema-gasista/2021-Spanish-Gas-System-Report.pdf
2195,P4208,,https://www.enagas.es/content/dam/enagas/en/files/enagas-communication-room/publications/informe-sistema-gasista/2021-Spanish-Gas-System-Report.pdf
2240,P4253,,https://www.pttplc.com/en/Media/Publications/Report.aspx
2241,P4254,,https://www.pttplc.com/en/Media/Publications/Report.aspx
2242,P4255,,https://www.pttplc.com/en/Media/Publications/Report.aspx
2243,P4256,,https://www.pttplc.com/en/Media/Publications/Report.aspx
2244,P4257,,https://www.pttplc.com/en/Media/Publications/Report.aspx
2245,P4258,,https://www.pttplc.com/en/Media/Publications/Report.aspx
2254,P4267,,https://drive.google.com/file/d/1CZyYQxRjRJLjmnK8MUfumKhHMKvv05t9/view?usp=sharing
2255,P4268,,https://drive.google.com/file/d/1fiGG-Km_s9m2nvw2ntiM1Nb4vq4Cx2qz/view?usp=sharing
2259,P4272,,https://www.japex.co.jp/en/business/gassupply/gasnetwork/
2367,P4415,,https://www.nortexmidstream.com/facilities
2368,P4416,,https://www.nortexmidstream.com/facilities
2370,P4425,,https://greenhysland.eu/mallorca/
2374,P4449,,https://www.manisteenews.com/local-news/article/DTE-Energy-to-build-natural-gas-pipeline-in-16346512.php
2375,P4450,,https://www.manisteenews.com/local-news/article/DTE-Energy-to-build-natural-gas-pipeline-in-16346512.php
2376,P4451,,https://www.manisteenews.com/local-news/article/DTE-Energy-to-build-natural-gas-pipeline-in-16346512.php
2382,P4457,,https://www.lowmanpipeline.com/project.html
2392,P4478,,https://archive.org/details/screenshot-2023-03-16-at-3.12.59-pm
2415,P4501,,http://sthjt.yn.gov.cn/hpgl/jsxmhjyxpj/xmslqk/201906/W020190624779542919407.pdf
2417,P4503,,https://web.archive.org/save/https://www.yn.gov.cn/zwgk/zcwj/zxwj/202102/t20210209_217052.html
2418,P4504,,https://web.archive.org/save/https://www.yn.gov.cn/zwgk/zcwj/zxwj/202102/t20210209_217052.html
2422,P4508,,https://web.archive.org/save/https://www.yn.gov.cn/zwgk/zcwj/zxwj/202102/t20210209_217052.html
2423,P4509,,https://web.archive.org/save/https://www.yn.gov.cn/zwgk/zcwj/zxwj/202102/t20210209_217052.html
2425,P4511,,https://web.archive.org/save/https://www.yn.gov.cn/zwgk/zcwj/zxwj/202102/t20210209_217052.html
2426,P4512,,https://web.archive.org/save/https://www.yn.gov.cn/zwgk/zcwj/zxwj/202102/t20210209_217052.html
2429,P4515,,https://web.archive.org/save/https://www.yn.gov.cn/zwgk/zcwj/zxwj/202102/t20210209_217052.html
2433,P4519,,https://web.archive.org/save/https://www.yn.gov.cn/zwgk/zcwj/zxwj/202102/t20210209_217052.html
2479,P4567,,https://web.archive.org/save/https://xbtrq.cn/upload/EditorGF/6369411795779532227346156.pdf
2480,P4568,,https://archive.org/details/p-4568-cnpc-sichuan
2481,P4570,,https://archive.org/details/p-4568-cnpc-sichuan
2482,P4572,,https://ia601603.us.archive.org/1/items/tienjin-gas-pipeline-route-map/Tienjin%20Gas%20Pipeline%20Route%20Map.pdf
2488,P4578,,https://ia601603.us.archive.org/1/items/tienjin-gas-pipeline-route-map/Tienjin%20Gas%20Pipeline%20Route%20Map.pdf
2489,P4579,,https://ia601603.us.archive.org/1/items/tienjin-gas-pipeline-route-map/Tienjin%20Gas%20Pipeline%20Route%20Map.pdf
2490,P4580,,"https://www.ndrc.gov.cn/fggz/fzzlgh/dffzgh/202104/P020210408558077118783.pdf, https://archive.org/details/p-4580-bengbu-hefei"
2491,P4582,,"https://www.ndrc.gov.cn/fggz/fzzlgh/dffzgh/202104/P020210408558077118783.pdf, https://archive.org/details/p-4582-chaohu-jiangbei"
2493,P4584,,https://archive.org/details/p-4584-fuyang-suzhou
2495,P4586,,"https://www.ndrc.gov.cn/fggz/fzzlgh/dffzgh/202104/P020210408558077118783.pdf, https://archive.org/details/p-4586-liuan-huoqiu-yingshang"
2496,P4588,,"https://sthjt.ah.gov.cn/sthjtOldfiles/userfiles/788/file/102204%E7%8E%AF%E5%B7%A2%E6%B9%96%E5%A4%A9%E7%84%B6%E6%B0%94%E9%AB%98%E5%8E%8B%E7%AE%A1%E7%BA%BF%E5%B7%A5%E7%A8%8B%E5%BA%90%E6%B1%9F-%E5%B7%A2%E6%B9%96%E6%AE%B5%E9%A1%B9%E7%9B%AE%E5%85%AC%E5%8F%82%E8%AF%B4%E6%98%8E.pdf  , http://www.ahhmhb.com/uploads/ueditor/file/20211126/1637912742293514.pdf, https://archive.org/details/p-4588-lujiang-wuwei"
2498,P4590,,"https://www.ndrc.gov.cn/fggz/fzzlgh/dffzgh/202104/P020210408558077118783.pdf, https://archive.org/details/p-4590-northeast-anhui-phase-i"
2501,P4593,,"https://www.ahtrq.com/upload/file/20210909/20210909100441_92221.pdf, https://archive.org/details/p-4593-suzhou-huaibei-xiaocounty-dangshan"
2503,P4595,,https://archive.org/details/p-4595-xuancheng-huangshan
2506,P4598,,"https://www.ndrc.gov.cn/fggz/fzzlgh/dffzgh/202104/P020210408558077118783.pdf, https://archive.org/details/p-4598-yingshang-bengbu"
2507,P4599,,"https://max.book118.com/html/2018/0522/167946183.shtm , https://www.ndrc.gov.cn/fggz/fzzlgh/dffzgh/202104/P020210408558077118783.pdf, https://archive.org/details/p-4599-jinan-yeji-jinzhai-pipeline"
2508,P4600,,"https://www.ndrc.gov.cn/fggz/fzzlgh/dffzgh/202104/P020210408558077118783.pdf, https://archive.org/details/p-4600-guzhen-lingbi-sixian"
2509,P4601,,"https://www.ndrc.gov.cn/fggz/fzzlgh/dffzgh/202104/P020210408558077118783.pdf, https://archive.org/details/p-4601-lubei-maya"
2516,P4608,,http://news.sohu.com/20051226/n241129684.shtml
2522,P4614,,"https://web.archive.org/save/https://i.ifeng.com/c/8E5SYfwsfCR, https://archive.org/details/2023-07-17-10.39.35"
2525,P4617,,https://archive.org/details/screenshot-2023-03-09-at-2.38.44-pm
2528,P4620,,https://archive.org/details/screenshot-2023-03-06-at-8.57.10-pm
2559,P4652,,"https://www.bidcenter.com.cn/newscontent-8988255-1.html, https://archive.org/details/p-4652-yushan-kunshan"
2564,P4657,,http://www.ce.cn/xwzx/gnsz/szyw/200708/31/t20070831_12753190.shtml
2603,P4701,,http://www.gdls.gov.cn/hdjlpt/yjzj/answer/16721
2624,P4723,,"https://www.pipechina.com.cn/front/tzgg/5984.html, http://rise.cnpc.com.cn/bjzyjs/wsgs/202204/c4c5fc6edb424ef7a08870fe43002a9c/files/c8fd1f08821f4934bba48ad2127284aa.pdf"
2628,P4727,,https://www.toutiao.com/w/1736329082400776/
2640,P4739,,http://news.sohu.com/20070402/n249128768.shtml
2641,P4740,,https://archive.org/details/kappframework-yuysgx11_202308
2646,P4745,,https://archive.org/details/2_20230818_202308
2659,P4759,,https://archive.org/details/dafeng-xuyi_202309
2663,P4763,,https://archive.org/details/haian-xinghua-gaoyou_202309
2664,P4764,,https://archive.org/details/lianshui-jiangsu
2665,P4765,,https://archive.org/details/lianyungang-suqian-xuzhou-jiangsu
2666,P4766,,https://archive.org/details/nantongpipeline-jiangsu_202309
2669,P4769,,https://archive.org/details/rugao-jiangsu
2670,P4770,,https://archive.org/details/xinghua-yangzhou-jiangsu_202309
2671,P4771,,https://archive.org/details/yanweigang-jiangsu
2672,P4772,,https://archive.org/details/zhaoji-liuzhuang-jiangsu_20230912
2673,P4773,,https://archive.org/details/xuzhou-suqian-huaian-yancheng-jiangsu
2707,P4807,,https://archive.org/details/screenshot-2023-03-22-at-2.49.11-pm
2712,P4812,,http://www.hnlt.com.cn/lantianchanye/lantianranqi/2013-01-17/11.html
2714,P4814,,http://www.hnlt.com.cn/lantianchanye/lantianranqi/2013-01-17/11.html
2718,P4818,,https://archive.org/details/screenshot-2023-03-21-at-11.46.39-am
2723,P4823,,http://www.hnltrq.com.cn/ltrq/vip_doc/3080768.html
2724,P4824,,https://web.archive.org/save/https://slt.henan.gov.cn/2020/08-17/1755203.html
2725,P4825,,"https://sthjt.henan.gov.cn/2022/06-15/2469820.html, https://oss.henan.gov.cn/typtfile/20201214/59d1870064fe42b2a5854f26e2e97829.pdf"
2726,P4826,,"https://dnr.henan.gov.cn/2021/02-25/2098183.html, https://oss.henan.gov.cn/typtfile/20210225/738b18874ff54566ba3e6aed8de33080.pdf"
2727,P4827,,"https://www.1688.com/pingjia/88cha/shangji/84a1ec25720169c7ddaec75f894c4e30.html, https://oss.henan.gov.cn/sbgt-wztipt/attachment/hnszrzyt/sitesources/hnszrzyt/upload/202009/20200908091009617.pdf"
2772,P4874,,https://archive.org/details/hubei-pipeline_202309
2784,P4886,,https://archive.org/details/guiyang-chenzhou-zixing-hunan
2787,P4889,,"http://img.zhuzhou.gov.cn/zzcms/DFS/file/2019/12/25/20191225170009831rzk4e9.pdf, https://archive.org/details/hengyang-yanling-phase-2-hunan"
2793,P4895,,https://web.archive.org/save/https://www.doc88.com/p-14761863654703.html
2821,P4924,,https://new.qq.com/omn/20191101/20191101A00OUV00.html?pc
2822,P4925,,https://archive.org/details/screenshot-2023-03-10-at-2.20.28-pm
2823,P4926,,https://archive.org/details/screenshot-2023-03-10-at-2.20.28-pm
2824,P4927,,https://archive.org/details/screenshot-2023-03-10-at-2.20.28-pm
2825,P4928,,https://archive.org/details/screenshot-2023-03-10-at-2.20.28-pm
2826,P4929,,https://archive.org/details/screenshot-2023-03-10-at-2.20.28-pm
2827,P4930,,https://archive.org/details/screenshot-2023-03-10-at-2.20.28-pm
2828,P4931,,https://archive.org/details/screenshot-2023-03-10-at-2.20.28-pm
2829,P4932,,https://archive.org/details/screenshot-2023-03-10-at-2.20.28-pm
2830,P4933,,https://archive.org/details/screenshot-2023-03-10-at-2.20.28-pm
2831,P4934,,https://archive.org/details/screenshot-2023-03-10-at-2.20.28-pm
2832,P4935,,https://archive.org/details/screenshot-2023-03-10-at-2.20.28-pm
2833,P4936,,https://archive.org/details/screenshot-2023-03-10-at-2.20.28-pm
2834,P4937,,https://archive.org/details/screenshot-2023-03-10-at-2.20.28-pm
2835,P4938,,https://archive.org/details/screenshot-2023-03-10-at-2.20.28-pm
2836,P4939,,https://archive.org/details/screenshot-2023-03-10-at-2.20.28-pm
2837,P4940,,https://archive.org/details/screenshot-2023-03-10-at-2.20.28-pm
2838,P4941,,https://archive.org/details/screenshot-2023-03-10-at-2.20.28-pm
2839,P4942,,https://archive.org/details/screenshot-2023-03-10-at-2.20.28-pm
2840,P4943,,https://archive.org/details/screenshot-2023-03-10-at-2.20.28-pm
2841,P4944,,https://archive.org/details/screenshot-2023-03-10-at-2.20.28-pm
2842,P4945,,https://archive.org/details/screenshot-2023-03-10-at-2.20.28-pm
2843,P4946,,https://archive.org/details/screenshot-2023-03-10-at-2.20.28-pm
2844,P4947,,https://archive.org/details/screenshot-2023-03-10-at-2.20.28-pm
2845,P4949,,https://archive.org/details/screenshot-2023-03-10-at-2.20.28-pm
2849,P4954,,https://www.qiannan.gov.cn/zwgk/zdlygk/sthj/sthjaqjg/202206/t20220614_74881408.html
2850,P4955,,https://web.archive.org/web/20250215201505/https://www.ndrc.gov.cn/xwdt/ztzl/nybzgzzl/gnjnybz/202102/t20210226_1268471_ext.html
2851,P4956,,https://archive.org/details/screenshot-2023-03-16-at-2.54.37-pm_202303
2870,P4976,,https://sthj.guizhou.gov.cn/zwgk/zdlyxx/hjpj/jsxmslgs/202212/t20221205_77880462.html
2873,P4979,,https://archive.org/details/20250729_20250729_1910
2874,P4980,,https://web.archive.org/save/https://bid.jszhaobiao.com/projectinfo-detail-164189548.html
2875,P4981,,https://archive.org/details/2025-07-29-1.25.20
2876,P4982,,https://archive.org/details/2025-07-29-1.25.20
2912,P5019,,https://web.archive.org/save/https://sthjj.cq.gov.cn/zwgk_249/zfxxgkzl/fdzdgknr/hjyxpj/pzgcxx/sljsxmhpxxgg/201901/P020230608562782342539.pdf
2913,P5020,,https://archive.org/details/p-5020-changshou-fuling-nanchuan
2918,P5025,,https://archive.org/details/p-5625-jiangjin-nanchuan
2925,P5032,,https://www.gov.cn/zhengce/content/2017-02/28/content_5171345.htm
2930,P5037,,https://www.gem.wiki/w/images/9/90/Shaanxi_Province_Gas_Pipeline_Plan_%E9%99%95%E8%A5%BF%E7%9C%81%E5%A4%A9%E7%84%B6%E6%B0%94%E8%BE%93%E6%B0%94%E7%AE%A1%E7%BD%91%E8%A7%84%E5%88%92%E5%9B%BE.jpg
2931,P5038,,http://free.chinabaogao.com/nengyuan/201712/121130B602017.html
2932,P5039,,https://www.gem.wiki/w/images/9/90/Shaanxi_Province_Gas_Pipeline_Plan_%E9%99%95%E8%A5%BF%E7%9C%81%E5%A4%A9%E7%84%B6%E6%B0%94%E8%BE%93%E6%B0%94%E7%AE%A1%E7%BD%91%E8%A7%84%E5%88%92%E5%9B%BE.jpg
2933,P5040,,https://www.gem.wiki/w/images/9/90/Shaanxi_Province_Gas_Pipeline_Plan_%E9%99%95%E8%A5%BF%E7%9C%81%E5%A4%A9%E7%84%B6%E6%B0%94%E8%BE%93%E6%B0%94%E7%AE%A1%E7%BD%91%E8%A7%84%E5%88%92%E5%9B%BE.jpg
2934,P5041,,https://www.gem.wiki/w/images/9/90/Shaanxi_Province_Gas_Pipeline_Plan_%E9%99%95%E8%A5%BF%E7%9C%81%E5%A4%A9%E7%84%B6%E6%B0%94%E8%BE%93%E6%B0%94%E7%AE%A1%E7%BD%91%E8%A7%84%E5%88%92%E5%9B%BE.jpg
2935,P5042,,https://www.gem.wiki/w/images/9/90/Shaanxi_Province_Gas_Pipeline_Plan_%E9%99%95%E8%A5%BF%E7%9C%81%E5%A4%A9%E7%84%B6%E6%B0%94%E8%BE%93%E6%B0%94%E7%AE%A1%E7%BD%91%E8%A7%84%E5%88%92%E5%9B%BE.jpg
2936,P5043,,https://www.gem.wiki/w/images/9/90/Shaanxi_Province_Gas_Pipeline_Plan_%E9%99%95%E8%A5%BF%E7%9C%81%E5%A4%A9%E7%84%B6%E6%B0%94%E8%BE%93%E6%B0%94%E7%AE%A1%E7%BD%91%E8%A7%84%E5%88%92%E5%9B%BE.jpg
2937,P5044,,https://www.doc88.com/p-37587009359408.html
2938,P5045,,https://www.doc88.com/p-37587009359408.html
2939,P5046,,https://web.archive.org/save/http://sndrc.shaanxi.gov.cn/fgwj/2009n/1017151nuQn63.htm
2940,P5047,,https://www.gem.wiki/w/images/9/90/Shaanxi_Province_Gas_Pipeline_Plan_%E9%99%95%E8%A5%BF%E7%9C%81%E5%A4%A9%E7%84%B6%E6%B0%94%E8%BE%93%E6%B0%94%E7%AE%A1%E7%BD%91%E8%A7%84%E5%88%92%E5%9B%BE.jpg
2941,P5048,,https://www.gem.wiki/w/images/9/90/Shaanxi_Province_Gas_Pipeline_Plan_%E9%99%95%E8%A5%BF%E7%9C%81%E5%A4%A9%E7%84%B6%E6%B0%94%E8%BE%93%E6%B0%94%E7%AE%A1%E7%BD%91%E8%A7%84%E5%88%92%E5%9B%BE.jpg
2942,P5049,,"https://www.shaanxi.gov.cn/zfxxgk/fdzdgknr/zcwj/nszfwj/szh/202506/t20250620_3534100.html, https://web.archive.org/save/https://www.ccpc360.com/xmzx686985.html"
2943,P5050,,https://web.archive.org/save/http://www.mianxian.gov.cn/mxzf/xwzx/jcdt/bmdt/202303/a6091ba3c4b54de28304c5688d1e95e2.shtml
2944,P5051,,https://www.gem.wiki/w/images/9/90/Shaanxi_Province_Gas_Pipeline_Plan_%E9%99%95%E8%A5%BF%E7%9C%81%E5%A4%A9%E7%84%B6%E6%B0%94%E8%BE%93%E6%B0%94%E7%AE%A1%E7%BD%91%E8%A7%84%E5%88%92%E5%9B%BE.jpg
2945,P5052,,"https://www.zbytb.com/s-zb-58119549.html, https://www.gem.wiki/w/images/9/90/Shaanxi_Province_Gas_Pipeline_Plan_%E9%99%95%E8%A5%BF%E7%9C%81%E5%A4%A9%E7%84%B6%E6%B0%94%E8%BE%93%E6%B0%94%E7%AE%A1%E7%BD%91%E8%A7%84%E5%88%92%E5%9B%BE.jpg"
2946,P5053,,https://www.gem.wiki/w/images/9/90/Shaanxi_Province_Gas_Pipeline_Plan_%E9%99%95%E8%A5%BF%E7%9C%81%E5%A4%A9%E7%84%B6%E6%B0%94%E8%BE%93%E6%B0%94%E7%AE%A1%E7%BD%91%E8%A7%84%E5%88%92%E5%9B%BE.jpg
2947,P5054,,https://www.gem.wiki/w/images/9/90/Shaanxi_Province_Gas_Pipeline_Plan_%E9%99%95%E8%A5%BF%E7%9C%81%E5%A4%A9%E7%84%B6%E6%B0%94%E8%BE%93%E6%B0%94%E7%AE%A1%E7%BD%91%E8%A7%84%E5%88%92%E5%9B%BE.jpg
2948,P5055,,https://www.gem.wiki/w/images/9/90/Shaanxi_Province_Gas_Pipeline_Plan_%E9%99%95%E8%A5%BF%E7%9C%81%E5%A4%A9%E7%84%B6%E6%B0%94%E8%BE%93%E6%B0%94%E7%AE%A1%E7%BD%91%E8%A7%84%E5%88%92%E5%9B%BE.jpg
2949,P5056,,"https://sthjt.shaanxi.gov.cn/xxgk/fdnr/zcwj/shpf/202306/t20230615_2993575.html, https://archive.org/details/2023-08-10-152252"
2951,P5058,,https://web.archive.org/save/https://www.doc88.com/p-81899608999762.html
2971,P5092,,https://web.archive.org/save/http://www.chinaeia.cn/content.aspx?id=850
2972,P5093,,https://web.archive.org/save/https://www.sohu.com/a/146227787_99896823
2982,P5115,,"https://rbnenergy.com/you-gotta-fight-for-your-right-of-way-legal-battles-could-hinder-feedgas-for-new-lng-terminals, https://www.spglobal.com/commodityinsights/en/market-insights/latest-news/natural-gas/062922-williams-takes-fid-on-louisiana-energy-gateway-in-step-forward-for-certified-lng-exports, https://naturalgasintel.com/news/energy-transfer-accused-of-blocking-rival-natural-gas-pipelines-restricting-haynesville-development/, https://naturalgasintel.com/news/momentums-haynesville-natural-gas-pipeline-moving-forward-after-energy-transfer-settlement/"
2987,P5302,,https://archive.org/details/p-5302-huximen
2989,P5304,,http://web.archive.org/web/20230303092159/http://y3.ifengimg.com/8ade7bd5808d47ea/2014/0423/ori_5357518d14ac8.jpeg
3003,P5318,,https://archive.org/details/screenshot-2023-03-24-at-3.48.24-pm
3009,P5407,,https://archive.org/details/20230717_20230717_1132
3012,P5411,,http://gspcgroup.com/documents/pagecontent/Map1.pdf
3013,P5412,,https://pngrb.gov.in/pdf/ngp/bid/bid17/SBID15032022.pdf
3014,P5413,,https://pngrb.gov.in/pdf/ngp/bid/bid18/SB-GJPL-26092022.pdf
3020,P5486,,"https://www.sngpl.com.pk/images/transmission/TransmissionMap042022L.jpg, https://www.pepl.com.pk/assets/images/downloads/Energy-MapA4-2020.pdf"
3027,P5496,,"https://archive.org/details/1680166098228151, http://www.rqb99.com/news/show.php?itemid=26702"
3035,P5504,,https://archive.org/details/2023-07-20-11.07.57
3037,P5506,,https://archive.org/details/a50f4bfbfbedab6481dc36a56a0928cb78311ef4
3044,P5513,,https://archive.org/details/2_20230724_202307
3046,P5515,,https://archive.org/details/2023-07-26-125321
3049,P5519,,https://www.enbridge.com/projects-and-infrastructure/projects/venice-extension-project
3052,P5522,,https://www.gasconnect.at/en/network-information/our-network-in-detail/west-austria-pipeline
3053,P5523,,https://www.reganosa.com/en/transmission-network
3054,P5524,,https://www.reganosa.com/en/transmission-network
3055,P5525,,https://www.reganosa.com/en/transmission-network
3056,P5526,,https://www.reganosa.com/en/transmission-network
3057,P5527,,https://www.plinovodi.si/media/5485/razvojni-na%C4%8Drt_2023-2032_razli%C4%8Dica-za-javno-posvetovanje_21042022.pdf
3058,P5528,,https://www.plinovodi.si/media/5485/razvojni-na%C4%8Drt_2023-2032_razli%C4%8Dica-za-javno-posvetovanje_21042022.pdf
3059,P5529,,https://www.plinovodi.si/media/5485/razvojni-na%C4%8Drt_2023-2032_razli%C4%8Dica-za-javno-posvetovanje_21042022.pdf
3060,P5530,,https://www.plinovodi.si/media/5485/razvojni-na%C4%8Drt_2023-2032_razli%C4%8Dica-za-javno-posvetovanje_21042022.pdf
3061,P5531,,https://www.plinovodi.si/media/5485/razvojni-na%C4%8Drt_2023-2032_razli%C4%8Dica-za-javno-posvetovanje_21042022.pdf
3062,P5532,,https://www.plinovodi.si/media/5485/razvojni-na%C4%8Drt_2023-2032_razli%C4%8Dica-za-javno-posvetovanje_21042022.pdf
3066,P5536,,https://nomagas.com.mk/wp-content/uploads/2023/04/map.png
3074,P5544,,"https://so.toutiao.com/search?dvpf=pc&source=search_subtab_switch&keyword=%E9%95%BF%E6%98%A5%E5%B8%82%E5%A4%96%E7%8E%AF%E7%BB%95%E5%9F%8E%E9%AB%98%E9%80%9F%E5%85%AC%E8%B7%AF&pd=atlas&action_type=search_subtab_switch&from=gallery&cur_tab_title=gallery&page_num=0&search_id=&image_keyword=%E9%95%BF%E6%98%A5%E5%B8%82%E5%A4%96%E7%8E%AF%E7%BB%95%E5%9F%8E%E9%AB%98%E9%80%9F%E5%85%AC%E8%B7%AF&image=https%3A%2F%2Fp3-search.byteimg.com%2Fobj%2Ftos-cn-i-qvj2lq49k0%2F53c4afd94cd24661aa87cfc7ec9a7fc5&search_json=%7B%22_signal%22%3A%22aHR0cHM6Ly9zZjMtdHRjZG4tdG9zLnBzdGF0cC5jb20vaW1nL3Rvcy1jbi1pLXF2ajJscTQ5azAvNTNjNGFmZDk0Y2QyNDY2MWFhODdjZmM3ZWM5YTdmYzV%2BY3MuanBlZw%3D%3D%22%7D, https://archive.org/details/451bd-18b-8ee-38f-35f-3ef-367a-01b-95782"
3081,P5554,,https://www.snam.it/export/sites/snam-rp/repository-srg/file/en/business-services/Online_Processes/ReteSnamReteGas/information/national-grid/RNG_30giu2016_ENG-A3.pdf
3082,P5555,,https://www.snam.it/export/sites/snam-rp/repository-srg/file/en/business-services/Online_Processes/ReteSnamReteGas/information/national-grid/RNG_30giu2016_ENG-A3.pdf
3084,P5557,,https://web.archive.org/web/20230803032024/http://sxtrq.huaxingas.com/2020_07/28_00/content-13554.html
3085,P5558,,https://web.archive.org/save/https://zjt.shanxi.gov.cn/zwgk/gsgg/gs/201505/t20150515_1877028.shtml
3086,P5559,,https://archive.org/details/2023-08-03-130523
3087,P5560,,https://archive.org/details/2023-08-03-141559
3088,P5561,,https://www.cbi360.net/gov/a318647.html
3089,P5562,,https://web.archive.org/web/20221022103431/http://www.lvliang.gov.cn/llxxgk/zfxxgk/xxgkml/ghjh_21562/202112/t20211224_1604743.html
3090,P5563,,https://web.archive.org/web/20221022103431/http://www.lvliang.gov.cn/llxxgk/zfxxgk/xxgkml/ghjh_21562/202112/t20211224_1604743.html
3091,P5564,,https://archive.org/details/2023-08-04-110932
3092,P5565,,https://pdf.dfcfw.com/pdf/H3_AP201912241372509834_1.pdf?1577200111000.pdf
3093,P5566,,https://web.archive.org/save/https://www.sohu.com/a/197539300_251884
3094,P5567,,https://web.archive.org/web/20230805095603/https://sthjt.shanxi.gov.cn/tfwj2/jinhuanhan2/202111/P020211114368742254598.pdf
3095,P5568,,https://web.archive.org/save/https://zjt.shanxi.gov.cn/zwgk/gsgg/gs/201811/t20181102_1879994.shtml
3096,P5569,,https://archive.org/details/4_20230805
3097,P5570,,"https://www.changzhi.gov.cn/xxgkml/zfxxgkml/szfgzbm/shjbhj/czsrmzf/zfwj_3465/202206/t20220602_2551413.shtml, https://www.mingyajia.com/new_content.php?id=55322"
3098,P5571,,https://archive.org/details/2023-08-06-215715
3099,P5572,,https://www.skxox.com/20170830/1947445604.html
3100,P5573,,https://web.archive.org/web/20230807020055/http://www.fanshi.gov.cn/fsxzw/zwgk/zdlyxxgk/hjbh/201809/t20180914_2414522.html
3101,P5574,,https://archive.org/details/20230807_20230807_0312
3102,P5575,,https://web.archive.org/web/20230808042358/https://zb.cbi360.net/10833368.html
3103,P5576,,https://archive.org/details/2023-08-07-153812
3104,P5577,,https://archive.org/details/2023-08-07-175021
3105,P5578,,https://web.archive.org/web/20221022103431/http://www.lvliang.gov.cn/llxxgk/zfxxgk/xxgkml/ghjh_21562/202112/t20211224_1604743.html
3106,P5579,,https://web.archive.org/save/https://zjt.shanxi.gov.cn/zwgk/gsgg/gs/201208/t20120810_1872700.shtml
3107,P5580,,https://web.archive.org/web/20221022103431/http://www.lvliang.gov.cn/llxxgk/zfxxgk/xxgkml/ghjh_21562/202112/t20211224_1604743.html
3108,P5581,,https://web.archive.org/web/20221022103431/http://www.lvliang.gov.cn/llxxgk/zfxxgk/xxgkml/ghjh_21562/202112/t20211224_1604743.html
3109,P5582,,https://web.archive.org/web/20230808134638/https://zrzyt.shanxi.gov.cn/zwgk/zwgkjbml/xzsp/jsxmydysjg/202109/t20210903_1849289.shtml
3110,P5583,,https://web.archive.org/web/20230809012059/https://oss.yanshougs.com/upload/20220624/d5c4f0d54df7b72341f33f9465bfeca6.pdf
3111,P5584,,"https://www.consultant.ru/document/cons_doc_LAW_179417/60116be763324b2f56152f5ccf8cdd04ad4ba74e/, https://drive.google.com/drive/folders/16UfbAwJ1jkak0EGID3WNaiwQzDUv71L8"
3115,P5588,,https://web.archive.org/web/20221022103431/http://www.lvliang.gov.cn/llxxgk/zfxxgk/xxgkml/ghjh_21562/202112/t20211224_1604743.html
3119,P5592,,https://archive.org/details/p-5592-guanqian-qingyang
3120,P5593,,https://archive.org/details/p-5593-luan-huoshan-branch
3121,P5594,,https://archive.org/details/p-5594-nanling-jingxian
3122,P5595,,https://archive.org/details/20230809_20230809_0456
3123,P5596,,https://archive.org/details/p-5596-bengbu-branch
3124,P5597,,"https://ia600509.us.archive.org/2/items/pages-from_202308/Pages%20from%20%E5%AE%89%E5%BE%BD%E7%9C%81%E8%83%BD%E6%BA%90%E5%8F%91%E5%B1%95%E5%8D%81%E5%9B%9B%E4%BA%94%E8%A7%84%E5%88%92.pdf, https://archive.org/details/p-5597-shouxian-huoqiu"
3129,P5602,,https://archive.org/details/p-5602-lixin-yingshang
3130,P5603,,https://archive.org/details/p-5603-branch-jiangnan
3131,P5604,,https://archive.org/details/p-5604-jiangnan-anhui
3132,P5605,,https://www.desfa.gr/userfiles/consultations/2023/Development_Plan_EN_2023_2032_final.pdf
3133,P5606,,https://www.desfa.gr/userfiles/consultations/2023/Development_Plan_EN_2023_2032_final.pdf
3140,P5613,,https://archive.org/details/p-5613-jiangbei
3144,P5617,,"https://archive.org/details/2023-08-10-193634, https://archive.org/details/2023-08-10-152252_202308"
3148,P5622,,"https://ia600509.us.archive.org/2/items/pages-from_202308/Pages%20from%20%E5%AE%89%E5%BE%BD%E7%9C%81%E8%83%BD%E6%BA%90%E5%8F%91%E5%B1%95%E5%8D%81%E5%9B%9B%E4%BA%94%E8%A7%84%E5%88%92.pdf, https://archive.org/details/p-5622-taihu-qianshan-branch"
3149,P5623,,"https://web.archive.org/web/20240809004220/https://m.zhaobiao.cn/rlxm/approved_v_ba57331bb0d278ef514fa3397d7bef89.html, https://archive.org/details/p-5623-dongzhi"
3150,P5624,,"https://ia600509.us.archive.org/2/items/pages-from_202308/Pages%20from%20%E5%AE%89%E5%BE%BD%E7%9C%81%E8%83%BD%E6%BA%90%E5%8F%91%E5%B1%95%E5%8D%81%E5%9B%9B%E4%BA%94%E8%A7%84%E5%88%92.pdf, https://archive.org/details/p-5624shitai"
3151,P5625,,https://archive.org/details/p-5625-dingyuan-fengyang
3158,P5635,,"https://www.zongyang.gov.cn/openness/OpennessContent/show/951277.html, https://archive.org/details/p-5628-huigong-zongyang"
3162,P5639,,https://web.archive.org/web/20230814021704/https://zjt.shanxi.gov.cn/zwgk/gsgg/gs/201310/t20131023_1875130.shtml
3163,P5640,,http://webcache.googleusercontent.com/search?q=cache:wtxTlU-cGVAJ:static.cninfo.com.cn/finalpage/2013-07-13/62831834.PDF&cd=2&hl=zh-TW&ct=clnk&gl=tw
3165,P5648,,"https://www.toutiao.com/article/7438417585332290088/?upstream_biz=doubao&source=m_redirect, https://archive.org/details/2023-08-14-171220"
3170,P5658,,"https://sthj.zgqingyang.gov.cn/zwgk/zfxxgkml/hpgs2sthj/content_22326, https://web.archive.org/save/http://www.qingyangwang.com.cn/content/2019-08/22/content_176262.htm"
3171,P5659,,https://archive.org/details/00-1_20230815
3172,P5660,,https://web.archive.org/save/https://www.ixueshu.com/h5/document/674fa6ad8a98c600d2c3c1739516f1be318947a18e7f9386.html
3173,P5661,,"https://ambergrid.lt/en/for-clients/transmission-system/gas-transmission-system-of-lithuania/645, https://www.ambergrid.lt/data/public/uploads/2023/01/zemelapis-eng.jpg"
3174,P5662,,"https://ambergrid.lt/en/for-clients/transmission-system/gas-transmission-system-of-lithuania/645, https://www.ambergrid.lt/data/public/uploads/2023/01/zemelapis-eng.jpg"
3225,P5719,,https://ia601304.us.archive.org/18/items/20250526_20250526_1351/%E5%A1%94%E5%9F%8E%E5%9C%B0%E5%8C%BA%E5%A4%A9%E7%84%B6%E6%B0%94%E5%88%A9%E6%B0%91%E5%B7%A5%E7%A8%8B%E7%8E%AF%E5%A2%83%E5%BD%B1%E5%93%8D%E6%8A%A5%E5%91%8A%EF%BC%88%E4%B8%8A%E6%8A%A5%E5%85%AC%E7%A4%BA%E7%89%88%EF%BC%89.pdf
3230,P5724,,https://archive.org/download/c7f5526c234f49ff8c3ba2f5af015339_485/c7f5526c234f49ff8c3ba2f5af015339_485.png
3231,P5725,,https://archive.org/details/2023-08-21-130212
3232,P5726,,https://web.archive.org/save/http://www.zgazxxw.com/zbpd/zbgg/201502/456830.php
3234,P5728,,https://ia802808.us.archive.org/0/items/2023-08-24-105058/%E5%B1%8F%E5%B9%95%E6%88%AA%E5%9B%BE%202023-08-24%20105058.png
3235,P5729,,https://web.archive.org/save/https://www.dljczb.com/xunjia/show-1827929/
3242,P5740,,https://ia800505.us.archive.org/18/items/p-5740-zhongzhou-shizhu/P5740%20Zhongzhou-shizhu.png
3264,P5765,,https://web.archive.org/save/https://www.bidcenter.com.cn/newscontent-19041504-1.html
3265,P5766,,https://archive.org/details/99160ef-030e-4cb-82b-870371456d-47ed-1
3272,P5773,,https://web.archive.org/save/https://www.bidcenter.com.cn/newscontent-19041504-1.html
3273,P5775,,https://web.archive.org/save/http://xzspj.sjz.gov.cn/col/1603258083788/2023/07/19/1689752490448.html
3296,P5802,,https://www.baike.com/wikiid/7258179448687493131?anchor=lv3j6cs91mu1
3325,P5846,,http://eprints2.insa-strasbourg.fr/1444/2/Annexe_-_map_-_QatarOil_%26_Gas_Field_Map.pdf
3339,P5864,,https://web.archive.org/save/https://www.doc88.com/p-18173778462751.html
3356,P5881,,https://www.napipelines.com/american-midstream-plans-magnolia-intrastate-pipeline-extension/
3367,P5897,,https://www.bulgartransgaz.bg/files/useruploads/images/MAP_BTGAZ_Bolkan_530k_EN_2021.jpg
3368,P5898,,https://bulgartransgaz.bg/en/pages/network-map-103.html
3369,P5899,,https://www.bulgartransgaz.bg/files/useruploads/images/MAP_BTGAZ_Bolkan_530k_EN_2021.jpg
3375,P5905,,https://blackfinpipeline.com/maps
3393,P5923,,"http://www.zjhby.com/news_show/2016.html, http://www.jiashan.gov.cn/art/2023/8/10/art_1229373860_5153612.html"
3396,P5926,,https://www.annualreports.com/HostedData/AnnualReportArchive/b/NYSE_BWP_2007.pdf
3402,P5932,,https://www.sec.gov/Archives/edgar/data/1262943/000119312506238043/d424b4.htm
3418,P5951,,"https://view.inews.qq.com/k/20230705A09TH700?no-redirect=1, https://web.chinamcloud.com/yhdst/sybtxw/62727676.shtml"
3426,P5959,,"https://qxb-img-osscache.qixin.com/bid/4ed8af8ecf511a06b2404473ac1d80bd.pdf, https://img.yichang.gov.cn/upload2020/2021/1206/20211206090516313.pdf"
3437,P5970,,https://gochetwynd.com/agendas/2017/2017-22-78788887/pages/documents/D-1.pdf
3453,P5986,,https://en.gaz-system.pl/our-investments/national-gas-transmission-system/strachocina-pogorska-wola/
3457,P5990,,https://www.baconsrebellion.com/app/uploads/2020/05/VNG-Header-project-map.pdf
3459,P5993,,https://archive.org/details/huadian-lianyung-jiangsu
3460,P5994,,https://archive.org/details/donghai-branch-jiangsu
3464,P5999,,https://archive.org/details/jingjiang-branch-jiangsu
3465,P6000,,"https://fzggw.jiangsu.gov.cn/art/2024/12/24/art_59371_1265.html, https://archive.org/details/xiangshui-branch-jiangsu"
3467,P6002,,https://www.gzzhijin.gov.cn/zfbm/zhxzzfj/zwgk/202301/t20230113_77926148.html
3468,P6003,,https://www.esng.com/wp-content/uploads/2021/12/map.pdf
3469,P6004,,https://www.hanovercounty.gov/DocumentCenter/View/6249/Chickahominy-Pipeline-Full
3470,P6005,,https://www.kineticallc.com/DOC/Maps/KineticaPartnersSystemMap.pdf
3507,P6235,,https://archive.org/details/2_20230724_202307
3530,P6539,,"https://www.opec.org/opec_web/static_files_project/media/downloads/publications/ASB2007.pdf, https://gloriousalgeria.dz/Ar/Achievements/show/73/%D8%AE%D8%B7%D9%88%D8%B7-%D8%A7%D9%86%D8%A7%D8%A8%D9%8A%D8%A8-%D9%86%D9%82%D9%84-%D8%A7%D9%84%D8%BA%D8%A7%D8%B2-%D8%A7%D9%86%D8%B1%D9%8A%D9%83%D9%88-%D9%85%D8%A7%D8%B7%D9%8A%D9%8A---%D8%A7%D9%84%D8%BA%D8%A7%D8%B2-%D8%A7%D9%84%D8%B7%D8%A8%D9%8A%D8%B9%D9%8A-%D8%A7%D9%84%D8%AC%D8%B2%D8%A7%D8%A6%D8%B1%D9%8A---%D8%A7%D8%B3%D8%AA%D8%B1%D8%A7%D8%AA%D9%8A%D8%AC%D9%8A%D8%A7%D8%AA-%D8%A7%D9%84%D8%AA%D8%B5%D8%AF%D9%8A%D8%B1-%D9%88%D8%A2%D9%81%D8%A7%D9%82-%D8%A7%D9%84%D9%85%D8%B3%D8%AA%D9%82%D8%A8%D9%84/, https://www.hydrocarbons-technology.com/projects/trans-med-pipeline/"
3532,P6561,,"https://www.opec.org/opec_web/static_files_project/media/downloads/publications/ASB2007.pdf, https://gloriousalgeria.dz/Ar/Achievements/show/73/%D8%AE%D8%B7%D9%88%D8%B7-%D8%A7%D9%86%D8%A7%D8%A8%D9%8A%D8%A8-%D9%86%D9%82%D9%84-%D8%A7%D9%84%D8%BA%D8%A7%D8%B2-%D8%A7%D9%86%D8%B1%D9%8A%D9%83%D9%88-%D9%85%D8%A7%D8%B7%D9%8A%D9%8A---%D8%A7%D9%84%D8%BA%D8%A7%D8%B2-%D8%A7%D9%84%D8%B7%D8%A8%D9%8A%D8%B9%D9%8A-%D8%A7%D9%84%D8%AC%D8%B2%D8%A7%D8%A6%D8%B1%D9%8A---%D8%A7%D8%B3%D8%AA%D8%B1%D8%A7%D8%AA%D9%8A%D8%AC%D9%8A%D8%A7%D8%AA-%D8%A7%D9%84%D8%AA%D8%B5%D8%AF%D9%8A%D8%B1-%D9%88%D8%A2%D9%81%D8%A7%D9%82-%D8%A7%D9%84%D9%85%D8%B3%D8%AA%D9%82%D8%A8%D9%84/, https://www.hydrocarbons-technology.com/projects/trans-med-pipeline/"
3535,P6564,,"https://www.opec.org/opec_web/static_files_project/media/downloads/publications/ASB2007.pdf, https://gloriousalgeria.dz/Ar/Achievements/show/73/%D8%AE%D8%B7%D9%88%D8%B7-%D8%A7%D9%86%D8%A7%D8%A8%D9%8A%D8%A8-%D9%86%D9%82%D9%84-%D8%A7%D9%84%D8%BA%D8%A7%D8%B2-%D8%A7%D9%86%D8%B1%D9%8A%D9%83%D9%88-%D9%85%D8%A7%D8%B7%D9%8A%D9%8A---%D8%A7%D9%84%D8%BA%D8%A7%D8%B2-%D8%A7%D9%84%D8%B7%D8%A8%D9%8A%D8%B9%D9%8A-%D8%A7%D9%84%D8%AC%D8%B2%D8%A7%D8%A6%D8%B1%D9%8A---%D8%A7%D8%B3%D8%AA%D8%B1%D8%A7%D8%AA%D9%8A%D8%AC%D9%8A%D8%A7%D8%AA-%D8%A7%D9%84%D8%AA%D8%B5%D8%AF%D9%8A%D8%B1-%D9%88%D8%A2%D9%81%D8%A7%D9%82-%D8%A7%D9%84%D9%85%D8%B3%D8%AA%D9%82%D8%A8%D9%84/, https://www.hydrocarbons-technology.com/projects/trans-med-pipeline/"
3556,P6585,,https://web.archive.org/save/https://fzggw.cq.gov.cn/zwgk/zfxxgkml/sphzbaxx/202301/t20230116_11508774.html
3558,P6587,,"https://fzggw.cq.gov.cn/zwgk/zfxxgkml/sphzbaxx/202404/t20240419_13142858.html, https://web.archive.org/save/https://fzggw.cq.gov.cn/zwgk/zfxxgkml/sphzbaxx/202404/t20240419_13142858.html"
3581,P6611,,https://www.infobae.com/movant/2024/05/09/vaca-muerta-paraguay-impulsa-gasoducto-para-conectar-el-yacimiento-con-brasil/
3606,P6646,,https://swarajyamag.com/infrastructure/pngrb-calls-for-tender-to-develop-875-km-natural-gas-pipeline-between-ennore-terminal-in-chennai-and-barshi-in-maharashtra
3635,P6676,,https://web.archive.org/web/20240819231907/http://www.taobei.gov.cn/hdjl/yjzj/202305/t20230531_963238.html
3700,P6805,,https://13188632.s21i.faiusr.com/61/3/ABUIABA9GAAgi_n-kgYotrWz2QE.pdf
3701,P6806,,https://yqcy.paperonce.org/Upload/PaperUpLoad/4a8c91af-51fd-4ae2-ad49-2ef18efcf785.pdf
3703,P6822,,https://www.hljzhaodong.gov.cn/zd/c52/202312/162817/files/%E8%82%87%E4%B8%9C%E5%B8%82%E5%8D%81%E5%9B%9B%E4%BA%94%E7%87%83%E6%B0%94%E4%B8%93%E9%A1%B9%E8%A7%84%E5%88%92%E4%BF%AE%E7%BC%96%EF%BC%882020%EF%BD%9E2025%E5%B9%B4%EF%BC%89%20%E7%AC%AC%E4%B8%80%E5%86%8C.pdf
3759,P6904,,https://www.bulgartransgaz.bg/files/useruploads/images/MAP_BTGAZ_Bolkan_530k_EN_2021.jpg
3910,P7509,,https://archive.org/details/2025-07-31-1.06.53
3928,P7527,,"https://sthjt.ah.gov.cn/sthjtOldfiles/userfiles/788/file/102204%E7%8E%AF%E5%B7%A2%E6%B9%96%E5%A4%A9%E7%84%B6%E6%B0%94%E9%AB%98%E5%8E%8B%E7%AE%A1%E7%BA%BF%E5%B7%A5%E7%A8%8B%E5%BA%90%E6%B1%9F-%E5%B7%A2%E6%B9%96%E6%AE%B5%E9%A1%B9%E7%9B%AE%E5%85%AC%E5%8F%82%E8%AF%B4%E6%98%8E.pdf, https://archive.org/details/p-4588-lujiang-wuwei"
3929,P7528,,"http://www.ahhmhb.com/uploads/ueditor/file/20211126/1637912742293514.pdf, https://archive.org/details/p-4588-lujiang-wuwei"
4109,P7710,,https://ec.europa.eu/energy/sites/ener/files/documents/hr-bih_gas_interconnection_8_10_19_cesec_south_interconnection_plinaco_and_bh_gas.pdf
4122,P7724,,https://energy-community.org/dam/jcr:931f2079-3c73-4ee6-8f1e-7ec940490dc9/List_Gas_PECI_032020.pdf
4160,P7762,,http://www.igi-poseidon.com/en
