{"type": "FeatureCollection", "features": [{"type": "Feature", "geometry": {"type": "LineString", "coordinates": [[29.840619, 30.941735], [29.766786, 30.942069], [29.606361, 30.710468], [27.97593, 29.740403], [27.505404, 29.738116], [27.455763, 29.566099]]}, "properties": {"source_map": "gasco2007", "source_file": "maps/source_mashreq_gas_initiative_2008.pdf", "source_page": 15, "source_title": "GASCO, Natural Gas Network, Nov. 2007", "legend_class": "existing_pl", "path_id": "g07-0000", "stroke_rgb": "#019901", "dashed": false, "geometry_source": "stroke", "length_km": 292.41, "georef_order": 2, "georef_source": "printed 1-degree graticule", "georef_loo_rmse_km": 2.153, "drawn_feature_offset_median_km": 14.0, "accuracy_tier": "low", "inside_egypt": true}}, {"type": "Feature", "geometry": {"type": "LineString", "coordinates": [[27.317846, 29.421215], [29.360149, 29.434432], [31.082284, 29.419557]]}, "properties": {"source_map": "gasco2007", "source_file": "maps/source_mashreq_gas_initiative_2008.pdf", "source_page": 15, "source_title": "GASCO, Natural Gas Network, Nov. 2007", "legend_class": "existing_pl", "path_id": "g07-0001", "stroke_rgb": "#019901", "dashed": false, "geometry_source": "stroke", "length_km": 365.29, "georef_order": 2, "georef_source": "printed 1-degree graticule", "georef_loo_rmse_km": 2.153, "drawn_feature_offset_median_km": 14.0, "accuracy_tier": "low", "inside_egypt": true}}, {"type": "Feature", "geometry": {"type": "LineString", "coordinates": [[27.392833, 30.962879], [27.388052, 31.066692]]}, "properties": {"source_map": "gasco2007", "source_file": "maps/source_mashreq_gas_initiative_2008.pdf", "source_page": 15, "source_title": "GASCO, Natural Gas Network, Nov. 2007", "legend_class": "existing_pl", "path_id": "g07-0002", "stroke_rgb": "#019901", "dashed": false, "geometry_source": "stroke", "length_km": 11.52, "georef_order": 2, "georef_source": "printed 1-degree graticule", "georef_loo_rmse_km": 2.153, "drawn_feature_offset_median_km": 14.0, "accuracy_tier": "low", "inside_egypt": true}}, {"type": "Feature", "geometry": {"type": "LineString", "coordinates": [[26.782376, 30.992482], [26.893718, 31.015948]]}, "properties": {"source_map": "gasco2007", "source_file": "maps/source_mashreq_gas_initiative_2008.pdf", "source_page": 15, "source_title": "GASCO, Natural Gas Network, Nov. 2007", "legend_class": "existing_pl", "path_id": "g07-0003", "stroke_rgb": "#019901", "dashed": false, "geometry_source": "stroke", "length_km": 10.95, "georef_order": 2, "georef_source": "printed 1-degree graticule", "georef_loo_rmse_km": 2.153, "drawn_feature_offset_median_km": 14.0, "accuracy_tier": "low", "inside_egypt": true}}, {"type": "Feature", "geometry": {"type": "LineString", "coordinates": [[26.952664, 31.063566], [27.04407, 31.190496]]}, "properties": {"source_map": "gasco2007", "source_file": "maps/source_mashreq_gas_initiative_2008.pdf", "source_page": 15, "source_title": "GASCO, Natural Gas Network, Nov. 2007", "legend_class": "existing_pl", "path_id": "g07-0004", "stroke_rgb": "#019901", "dashed": false, "geometry_source": "stroke", "length_km": 16.55, "georef_order": 2, "georef_source": "printed 1-degree graticule", "georef_loo_rmse_km": 2.153, "drawn_feature_offset_median_km": 14.0, "accuracy_tier": "low", "inside_egypt": true}}, {"type": "Feature", "geometry": {"type": "LineString", "coordinates": [[26.781564, 31.290013], [28.761262, 30.542227], [29.858874, 30.527512]]}, "properties": {"source_map": "gasco2007", "source_file": "maps/source_mashreq_gas_initiative_2008.pdf", "source_page": 15, "source_title": "GASCO, Natural Gas Network, Nov. 2007", "legend_class": "existing_pl", "path_id": "g07-0005", "stroke_rgb": "#019901", "dashed": false, "geometry_source": "stroke", "length_km": 311.94, "georef_order": 2, "georef_source": "printed 1-degree graticule", "georef_loo_rmse_km": 2.153, "drawn_feature_offset_median_km": 14.0, "accuracy_tier": "low", "inside_egypt": true}}, {"type": "Feature", "geometry": {"type": "LineString", "coordinates": [[27.261537, 29.523788], [27.136699, 29.514538]]}, "properties": {"source_map": "gasco2007", "source_file": "maps/source_mashreq_gas_initiative_2008.pdf", "source_page": 15, "source_title": "GASCO, Natural Gas Network, Nov. 2007", "legend_class": "existing_pl", "path_id": "g07-0006", "stroke_rgb": "#019901", "dashed": false, "geometry_source": "stroke", "length_km": 12.15, "georef_order": 2, "georef_source": "printed 1-degree graticule", "georef_loo_rmse_km": 2.153, "drawn_feature_offset_median_km": 14.0, "accuracy_tier": "low", "inside_egypt": true}}, {"type": "Feature", "geometry": {"type": "LineString", "coordinates": [[27.016577, 29.687358], [27.099978, 29.781681]]}, "properties": {"source_map": "gasco2007", "source_file": "maps/source_mashreq_gas_initiative_2008.pdf", "source_page": 15, "source_title": "GASCO, Natural Gas Network, Nov. 2007", "legend_class": "existing_pl", "path_id": "g07-0007", "stroke_rgb": "#019901", "dashed": false, "geometry_source": "stroke", "length_km": 13.21, "georef_order": 2, "georef_source": "printed 1-degree graticule", "georef_loo_rmse_km": 2.153, "drawn_feature_offset_median_km": 14.0, "accuracy_tier": "low", "inside_egypt": true}}, {"type": "Feature", "geometry": {"type": "LineString", "coordinates": [[27.813559, 29.36055], [27.78741, 29.424399]]}, "properties": {"source_map": "gasco2007", "source_file": "maps/source_mashreq_gas_initiative_2008.pdf", "source_page": 15, "source_title": "GASCO, Natural Gas Network, Nov. 2007", "legend_class": "existing_pl", "path_id": "g07-0008", "stroke_rgb": "#019901", "dashed": false, "geometry_source": "stroke", "length_km": 7.52, "georef_order": 2, "georef_source": "printed 1-degree graticule", "georef_loo_rmse_km": 2.153, "drawn_feature_offset_median_km": 14.0, "accuracy_tier": "low", "inside_egypt": true}}, {"type": "Feature", "geometry": {"type": "LineString", "coordinates": [[27.363756, 30.905181], [27.274903, 30.875224]]}, "properties": {"source_map": "gasco2007", "source_file": "maps/source_mashreq_gas_initiative_2008.pdf", "source_page": 15, "source_title": "GASCO, Natural Gas Network, Nov. 2007", "legend_class": "existing_pl", "path_id": "g07-0009", "stroke_rgb": "#019901", "dashed": false, "geometry_source": "stroke", "length_km": 9.12, "georef_order": 2, "georef_source": "printed 1-degree graticule", "georef_loo_rmse_km": 2.153, "drawn_feature_offset_median_km": 14.0, "accuracy_tier": "low", "inside_egypt": true}}, {"type": "Feature", "geometry": {"type": "LineString", "coordinates": [[27.207954, 30.88138], [26.98311, 31.013911]]}, "properties": {"source_map": "gasco2007", "source_file": "maps/source_mashreq_gas_initiative_2008.pdf", "source_page": 15, "source_title": "GASCO, Natural Gas Network, Nov. 2007", "legend_class": "existing_pl", "path_id": "g07-0010", "stroke_rgb": "#019901", "dashed": false, "geometry_source": "stroke", "length_km": 26.03, "georef_order": 2, "georef_source": "printed 1-degree graticule", "georef_loo_rmse_km": 2.153, "drawn_feature_offset_median_km": 14.0, "accuracy_tier": "low", "inside_egypt": true}}, {"type": "Feature", "geometry": {"type": "LineString", "coordinates": [[27.046197, 29.673592], [27.129604, 29.767891]]}, "properties": {"source_map": "gasco2007", "source_file": "maps/source_mashreq_gas_initiative_2008.pdf", "source_page": 15, "source_title": "GASCO, Natural Gas Network, Nov. 2007", "legend_class": "existing_pl", "path_id": "g07-0011", "stroke_rgb": "#019901", "dashed": false, "geometry_source": "stroke", "length_km": 13.21, "georef_order": 2, "georef_source": "printed 1-degree graticule", "georef_loo_rmse_km": 2.153, "drawn_feature_offset_median_km": 14.0, "accuracy_tier": "low", "inside_egypt": true}}, {"type": "Feature", "geometry": {"type": "LineString", "coordinates": [[27.064844, 29.659642], [27.491035, 29.709324]]}, "properties": {"source_map": "gasco2007", "source_file": "maps/source_mashreq_gas_initiative_2008.pdf", "source_page": 15, "source_title": "GASCO, Natural Gas Network, Nov. 2007", "legend_class": "existing_pl", "path_id": "g07-0012", "stroke_rgb": "#019901", "dashed": false, "geometry_source": "stroke", "length_km": 41.62, "georef_order": 2, "georef_source": "printed 1-degree graticule", "georef_loo_rmse_km": 2.153, "drawn_feature_offset_median_km": 14.0, "accuracy_tier": "low", "inside_egypt": true}}, {"type": "Feature", "geometry": {"type": "LineString", "coordinates": [[27.053424, 29.68442], [27.505441, 29.734518]]}, "properties": {"source_map": "gasco2007", "source_file": "maps/source_mashreq_gas_initiative_2008.pdf", "source_page": 15, "source_title": "GASCO, Natural Gas Network, Nov. 2007", "legend_class": "existing_pl", "path_id": "g07-0013", "stroke_rgb": "#019901", "dashed": false, "geometry_source": "stroke", "length_km": 44.09, "georef_order": 2, "georef_source": "printed 1-degree graticule", "georef_loo_rmse_km": 2.153, "drawn_feature_offset_median_km": 14.0, "accuracy_tier": "low", "inside_egypt": true}}, {"type": "Feature", "geometry": {"type": "LineString", "coordinates": [[27.284595, 29.438498], [26.938583, 31.005989]]}, "properties": {"source_map": "gasco2007", "source_file": "maps/source_mashreq_gas_initiative_2008.pdf", "source_page": 15, "source_title": "GASCO, Natural Gas Network, Nov. 2007", "legend_class": "existing_pl", "path_id": "g07-0014", "stroke_rgb": "#019901", "dashed": false, "geometry_source": "stroke", "length_km": 176.93, "georef_order": 2, "georef_source": "printed 1-degree graticule", "georef_loo_rmse_km": 2.153, "drawn_feature_offset_median_km": 14.0, "accuracy_tier": "low", "inside_egypt": true}}, {"type": "Feature", "geometry": {"type": "LineString", "coordinates": [[27.324719, 29.460585], [27.445302, 29.51599]]}, "properties": {"source_map": "gasco2007", "source_file": "maps/source_mashreq_gas_initiative_2008.pdf", "source_page": 15, "source_title": "GASCO, Natural Gas Network, Nov. 2007", "legend_class": "existing_pl", "path_id": "g07-0015", "stroke_rgb": "#019901", "dashed": false, "geometry_source": "stroke", "length_km": 13.21, "georef_order": 2, "georef_source": "printed 1-degree graticule", "georef_loo_rmse_km": 2.153, "drawn_feature_offset_median_km": 14.0, "accuracy_tier": "low", "inside_egypt": true}}, {"type": "Feature", "geometry": {"type": "LineString", "coordinates": [[26.924475, 30.185967], [27.13212, 30.135992]]}, "properties": {"source_map": "gasco2007", "source_file": "maps/source_mashreq_gas_initiative_2008.pdf", "source_page": 15, "source_title": "GASCO, Natural Gas Network, Nov. 2007", "legend_class": "under_study_pl", "path_id": "g07-0016", "stroke_rgb": "#FF0101", "dashed": true, "geometry_source": "stroke", "length_km": 20.76, "georef_order": 2, "georef_source": "printed 1-degree graticule", "georef_loo_rmse_km": 2.153, "drawn_feature_offset_median_km": 14.0, "accuracy_tier": "low", "inside_egypt": true}}, {"type": "Feature", "geometry": {"type": "LineString", "coordinates": [[29.211853, 30.74313], [29.211559, 30.671675], [29.466014, 30.671491], [29.514345, 30.732136], [29.750842, 30.799249], [29.844207, 30.927429]]}, "properties": {"source_map": "gasco2007", "source_file": "maps/source_mashreq_gas_initiative_2008.pdf", "source_page": 15, "source_title": "GASCO, Natural Gas Network, Nov. 2007", "legend_class": "existing_pl", "path_id": "g07-0017", "stroke_rgb": "#019901", "dashed": false, "geometry_source": "stroke", "length_km": 81.09, "georef_order": 2, "georef_source": "printed 1-degree graticule", "georef_loo_rmse_km": 2.153, "drawn_feature_offset_median_km": 14.0, "accuracy_tier": "low", "inside_egypt": true}}, {"type": "Feature", "geometry": {"type": "LineString", "coordinates": [[29.7323, 30.792165], [29.701702, 30.653041], [29.663941, 30.531804], [29.456677, 30.346691], [29.364795, 30.353933], [29.279865, 30.279042]]}, "properties": {"source_map": "gasco2007", "source_file": "maps/source_mashreq_gas_initiative_2008.pdf", "source_page": 15, "source_title": "GASCO, Natural Gas Network, Nov. 2007", "legend_class": "existing_pl", "path_id": "g07-0018", "stroke_rgb": "#019901", "dashed": false, "geometry_source": "stroke", "length_km": 78.73, "georef_order": 2, "georef_source": "printed 1-degree graticule", "georef_loo_rmse_km": 2.153, "drawn_feature_offset_median_km": 14.0, "accuracy_tier": "low", "inside_egypt": true}}, {"type": "Feature", "geometry": {"type": "LineString", "coordinates": [[29.445663, 30.346706], [29.434237, 30.286098]]}, "properties": {"source_map": "gasco2007", "source_file": "maps/source_mashreq_gas_initiative_2008.pdf", "source_page": 15, "source_title": "GASCO, Natural Gas Network, Nov. 2007", "legend_class": "existing_pl", "path_id": "g07-0019", "stroke_rgb": "#019901", "dashed": false, "geometry_source": "stroke", "length_km": 6.81, "georef_order": 2, "georef_source": "printed 1-degree graticule", "georef_loo_rmse_km": 2.153, "drawn_feature_offset_median_km": 14.0, "accuracy_tier": "low", "inside_egypt": true}}, {"type": "Feature", "geometry": {"type": "LineString", "coordinates": [[29.521697, 30.735677], [29.510979, 30.785746]]}, "properties": {"source_map": "gasco2007", "source_file": "maps/source_mashreq_gas_initiative_2008.pdf", "source_page": 15, "source_title": "GASCO, Natural Gas Network, Nov. 2007", "legend_class": "existing_pl", "path_id": "g07-0020", "stroke_rgb": "#019901", "dashed": false, "geometry_source": "stroke", "length_km": 5.64, "georef_order": 2, "georef_source": "printed 1-degree graticule", "georef_loo_rmse_km": 2.153, "drawn_feature_offset_median_km": 14.0, "accuracy_tier": "low", "inside_egypt": true}}, {"type": "Feature", "geometry": {"type": "LineString", "coordinates": [[29.690297, 30.606718], [29.763881, 30.606448]]}, "properties": {"source_map": "gasco2007", "source_file": "maps/source_mashreq_gas_initiative_2008.pdf", "source_page": 15, "source_title": "GASCO, Natural Gas Network, Nov. 2007", "legend_class": "existing_pl", "path_id": "g07-0021", "stroke_rgb": "#019901", "dashed": false, "geometry_source": "stroke", "length_km": 7.06, "georef_order": 2, "georef_source": "printed 1-degree graticule", "georef_loo_rmse_km": 2.153, "drawn_feature_offset_median_km": 14.0, "accuracy_tier": "low", "inside_egypt": true}}, {"type": "Feature", "geometry": {"type": "LineString", "coordinates": [[29.771893, 30.681365], [29.849281, 30.681027]]}, "properties": {"source_map": "gasco2007", "source_file": "maps/source_mashreq_gas_initiative_2008.pdf", "source_page": 15, "source_title": "GASCO, Natural Gas Network, Nov. 2007", "legend_class": "existing_pl", "path_id": "g07-0022", "stroke_rgb": "#019901", "dashed": false, "geometry_source": "stroke", "length_km": 7.42, "georef_order": 2, "georef_source": "printed 1-degree graticule", "georef_loo_rmse_km": 2.153, "drawn_feature_offset_median_km": 14.0, "accuracy_tier": "low", "inside_egypt": true}}, {"type": "Feature", "geometry": {"type": "LineString", "coordinates": [[29.925334, 30.927012], [30.039698, 30.926337]]}, "properties": {"source_map": "gasco2007", "source_file": "maps/source_mashreq_gas_initiative_2008.pdf", "source_page": 15, "source_title": "GASCO, Natural Gas Network, Nov. 2007", "legend_class": "existing_pl", "path_id": "g07-0023", "stroke_rgb": "#019901", "dashed": false, "geometry_source": "stroke", "length_km": 10.93, "georef_order": 2, "georef_source": "printed 1-degree graticule", "georef_loo_rmse_km": 2.153, "drawn_feature_offset_median_km": 14.0, "accuracy_tier": "low", "inside_egypt": true}}, {"type": "Feature", "geometry": {"type": "LineString", "coordinates": [[29.9146, 30.959218], [30.270111, 31.067547], [30.271354, 31.164012]]}, "properties": {"source_map": "gasco2007", "source_file": "maps/source_mashreq_gas_initiative_2008.pdf", "source_page": 15, "source_title": "GASCO, Natural Gas Network, Nov. 2007", "legend_class": "existing_pl", "path_id": "g07-0024", "stroke_rgb": "#019901", "dashed": false, "geometry_source": "stroke", "length_km": 46.71, "georef_order": 2, "georef_source": "printed 1-degree graticule", "georef_loo_rmse_km": 2.153, "drawn_feature_offset_median_km": 14.0, "accuracy_tier": "low", "inside_egypt": true}}, {"type": "Feature", "geometry": {"type": "LineString", "coordinates": [[29.344639, 30.732386], [29.344324, 30.671641]]}, "properties": {"source_map": "gasco2007", "source_file": "maps/source_mashreq_gas_initiative_2008.pdf", "source_page": 15, "source_title": "GASCO, Natural Gas Network, Nov. 2007", "legend_class": "existing_pl", "path_id": "g07-0025", "stroke_rgb": "#019901", "dashed": false, "geometry_source": "stroke", "length_km": 6.73, "georef_order": 2, "georef_source": "printed 1-degree graticule", "georef_loo_rmse_km": 2.153, "drawn_feature_offset_median_km": 14.0, "accuracy_tier": "low", "inside_egypt": true}}, {"type": "Feature", "geometry": {"type": "LineString", "coordinates": [[30.141682, 31.129247], [30.233149, 31.060701]]}, "properties": {"source_map": "gasco2007", "source_file": "maps/source_mashreq_gas_initiative_2008.pdf", "source_page": 15, "source_title": "GASCO, Natural Gas Network, Nov. 2007", "legend_class": "existing_pl", "path_id": "g07-0026", "stroke_rgb": "#019901", "dashed": false, "geometry_source": "stroke", "length_km": 11.57, "georef_order": 2, "georef_source": "printed 1-degree graticule", "georef_loo_rmse_km": 2.153, "drawn_feature_offset_median_km": 14.0, "accuracy_tier": "low", "inside_egypt": true}}, {"type": "Feature", "geometry": {"type": "LineString", "coordinates": [[30.059808, 31.076267], [30.114584, 31.022278]]}, "properties": {"source_map": "gasco2007", "source_file": "maps/source_mashreq_gas_initiative_2008.pdf", "source_page": 15, "source_title": "GASCO, Natural Gas Network, Nov. 2007", "legend_class": "existing_pl", "path_id": "g07-0027", "stroke_rgb": "#019901", "dashed": false, "geometry_source": "stroke", "length_km": 7.95, "georef_order": 2, "georef_source": "printed 1-degree graticule", "georef_loo_rmse_km": 2.153, "drawn_feature_offset_median_km": 14.0, "accuracy_tier": "low", "inside_egypt": true}}, {"type": "Feature", "geometry": {"type": "LineString", "coordinates": [[30.129863, 31.065023], [30.159063, 31.039805]]}, "properties": {"source_map": "gasco2007", "source_file": "maps/source_mashreq_gas_initiative_2008.pdf", "source_page": 15, "source_title": "GASCO, Natural Gas Network, Nov. 2007", "legend_class": "existing_pl", "path_id": "g07-0028", "stroke_rgb": "#019901", "dashed": false, "geometry_source": "stroke", "length_km": 3.95, "georef_order": 2, "georef_source": "printed 1-degree graticule", "georef_loo_rmse_km": 2.153, "drawn_feature_offset_median_km": 14.0, "accuracy_tier": "low", "inside_egypt": true}}, {"type": "Feature", "geometry": {"type": "LineString", "coordinates": [[30.029791, 31.029987], [30.059012, 31.004808]]}, "properties": {"source_map": "gasco2007", "source_file": "maps/source_mashreq_gas_initiative_2008.pdf", "source_page": 15, "source_title": "GASCO, Natural Gas Network, Nov. 2007", "legend_class": "existing_pl", "path_id": "g07-0029", "stroke_rgb": "#019901", "dashed": false, "geometry_source": "stroke", "length_km": 3.95, "georef_order": 2, "georef_source": "printed 1-degree graticule", "georef_loo_rmse_km": 2.153, "drawn_feature_offset_median_km": 14.0, "accuracy_tier": "low", "inside_egypt": true}}, {"type": "Feature", "geometry": {"type": "LineString", "coordinates": [[29.955941, 31.030435], [30.003531, 30.990855]]}, "properties": {"source_map": "gasco2007", "source_file": "maps/source_mashreq_gas_initiative_2008.pdf", "source_page": 15, "source_title": "GASCO, Natural Gas Network, Nov. 2007", "legend_class": "existing_pl", "path_id": "g07-0030", "stroke_rgb": "#019901", "dashed": false, "geometry_source": "stroke", "length_km": 6.32, "georef_order": 2, "georef_source": "printed 1-degree graticule", "georef_loo_rmse_km": 2.153, "drawn_feature_offset_median_km": 14.0, "accuracy_tier": "low", "inside_egypt": true}}, {"type": "Feature", "geometry": {"type": "LineString", "coordinates": [[29.896723, 31.016472], [29.944298, 30.973357]]}, "properties": {"source_map": "gasco2007", "source_file": "maps/source_mashreq_gas_initiative_2008.pdf", "source_page": 15, "source_title": "GASCO, Natural Gas Network, Nov. 2007", "legend_class": "existing_pl", "path_id": "g07-0031", "stroke_rgb": "#019901", "dashed": false, "geometry_source": "stroke", "length_km": 6.6, "georef_order": 2, "georef_source": "printed 1-degree graticule", "georef_loo_rmse_km": 2.153, "drawn_feature_offset_median_km": 14.0, "accuracy_tier": "low", "inside_egypt": true}}, {"type": "Feature", "geometry": {"type": "LineString", "coordinates": [[30.192363, 31.046715], [30.191403, 30.968113]]}, "properties": {"source_map": "gasco2007", "source_file": "maps/source_mashreq_gas_initiative_2008.pdf", "source_page": 15, "source_title": "GASCO, Natural Gas Network, Nov. 2007", "legend_class": "existing_pl", "path_id": "g07-0032", "stroke_rgb": "#019901", "dashed": false, "geometry_source": "stroke", "length_km": 8.72, "georef_order": 2, "georef_source": "printed 1-degree graticule", "georef_loo_rmse_km": 2.153, "drawn_feature_offset_median_km": 14.0, "accuracy_tier": "low", "inside_egypt": true}}, {"type": "Feature", "geometry": {"type": "LineString", "coordinates": [[30.188311, 31.014597], [30.247336, 31.014138]]}, "properties": {"source_map": "gasco2007", "source_file": "maps/source_mashreq_gas_initiative_2008.pdf", "source_page": 15, "source_title": "GASCO, Natural Gas Network, Nov. 2007", "legend_class": "existing_pl", "path_id": "g07-0033", "stroke_rgb": "#019901", "dashed": false, "geometry_source": "stroke", "length_km": 5.64, "georef_order": 2, "georef_source": "printed 1-degree graticule", "georef_loo_rmse_km": 2.153, "drawn_feature_offset_median_km": 14.0, "accuracy_tier": "low", "inside_egypt": true}}, {"type": "Feature", "geometry": {"type": "LineString", "coordinates": [[30.118372, 31.347451], [30.260672, 31.192656]]}, "properties": {"source_map": "gasco2007", "source_file": "maps/source_mashreq_gas_initiative_2008.pdf", "source_page": 15, "source_title": "GASCO, Natural Gas Network, Nov. 2007", "legend_class": "existing_pl", "path_id": "g07-0034", "stroke_rgb": "#019901", "dashed": false, "geometry_source": "stroke", "length_km": 21.87, "georef_order": 2, "georef_source": "printed 1-degree graticule", "georef_loo_rmse_km": 2.153, "drawn_feature_offset_median_km": 14.0, "accuracy_tier": "low", "inside_egypt": true}}, {"type": "Feature", "geometry": {"type": "LineString", "coordinates": [[29.99641, 31.366145], [30.114599, 31.343933]]}, "properties": {"source_map": "gasco2007", "source_file": "maps/source_mashreq_gas_initiative_2008.pdf", "source_page": 15, "source_title": "GASCO, Natural Gas Network, Nov. 2007", "legend_class": "existing_pl", "path_id": "g07-0035", "stroke_rgb": "#019901", "dashed": false, "geometry_source": "stroke", "length_km": 11.51, "georef_order": 2, "georef_source": "printed 1-degree graticule", "georef_loo_rmse_km": 2.153, "drawn_feature_offset_median_km": 14.0, "accuracy_tier": "low", "inside_egypt": true}}, {"type": "Feature", "geometry": {"type": "LineString", "coordinates": [[30.272046, 31.21756], [30.204796, 31.45404], [30.261129, 31.514398], [30.261314, 31.528657]]}, "properties": {"source_map": "gasco2007", "source_file": "maps/source_mashreq_gas_initiative_2008.pdf", "source_page": 15, "source_title": "GASCO, Natural Gas Network, Nov. 2007", "legend_class": "under_study_pl", "path_id": "g07-0036", "stroke_rgb": "#FF0101", "dashed": true, "geometry_source": "stroke", "length_km": 37.14, "georef_order": 2, "georef_source": "printed 1-degree graticule", "georef_loo_rmse_km": 2.153, "drawn_feature_offset_median_km": 14.0, "accuracy_tier": "low", "inside_egypt": true}}, {"type": "Feature", "geometry": {"type": "LineString", "coordinates": [[30.34808, 31.374204], [30.417726, 31.330618], [30.494339, 31.258375], [30.5003, 31.161908], [30.440375, 31.101739]]}, "properties": {"source_map": "gasco2007", "source_file": "maps/source_mashreq_gas_initiative_2008.pdf", "source_page": 15, "source_title": "GASCO, Natural Gas Network, Nov. 2007", "legend_class": "under_study_pl", "path_id": "g07-0037", "stroke_rgb": "#FF0101", "dashed": true, "geometry_source": "stroke", "length_km": 38.53, "georef_order": 2, "georef_source": "printed 1-degree graticule", "georef_loo_rmse_km": 2.153, "drawn_feature_offset_median_km": 14.0, "accuracy_tier": "low", "inside_egypt": true}}, {"type": "Feature", "geometry": {"type": "LineString", "coordinates": [[30.300834, 31.156603], [30.299802, 31.078001], [30.406768, 31.07351]]}, "properties": {"source_map": "gasco2007", "source_file": "maps/source_mashreq_gas_initiative_2008.pdf", "source_page": 15, "source_title": "GASCO, Natural Gas Network, Nov. 2007", "legend_class": "existing_pl", "path_id": "g07-0038", "stroke_rgb": "#019901", "dashed": false, "geometry_source": "stroke", "length_km": 18.94, "georef_order": 2, "georef_source": "printed 1-degree graticule", "georef_loo_rmse_km": 2.153, "drawn_feature_offset_median_km": 14.0, "accuracy_tier": "low", "inside_egypt": true}}, {"type": "Feature", "geometry": {"type": "LineString", "coordinates": [[30.43029, 31.173282], [30.429985, 31.151835], [30.299943, 31.088702]]}, "properties": {"source_map": "gasco2007", "source_file": "maps/source_mashreq_gas_initiative_2008.pdf", "source_page": 15, "source_title": "GASCO, Natural Gas Network, Nov. 2007", "legend_class": "existing_pl", "path_id": "g07-0039", "stroke_rgb": "#019901", "dashed": false, "geometry_source": "stroke", "length_km": 16.62, "georef_order": 2, "georef_source": "printed 1-degree graticule", "georef_loo_rmse_km": 2.153, "drawn_feature_offset_median_km": 14.0, "accuracy_tier": "low", "inside_egypt": true}}, {"type": "Feature", "geometry": {"type": "LineString", "coordinates": [[30.59062, 31.035917], [30.587257, 30.818181]]}, "properties": {"source_map": "gasco2007", "source_file": "maps/source_mashreq_gas_initiative_2008.pdf", "source_page": 15, "source_title": "GASCO, Natural Gas Network, Nov. 2007", "legend_class": "existing_pl", "path_id": "g07-0040", "stroke_rgb": "#019901", "dashed": false, "geometry_source": "stroke", "length_km": 24.14, "georef_order": 2, "georef_source": "printed 1-degree graticule", "georef_loo_rmse_km": 2.153, "drawn_feature_offset_median_km": 14.0, "accuracy_tier": "low", "inside_egypt": true}}, {"type": "Feature", "geometry": {"type": "LineString", "coordinates": [[30.450916, 31.065934], [30.55974, 30.946975], [30.736457, 30.941482], [30.920181, 30.921364]]}, "properties": {"source_map": "gasco2007", "source_file": "maps/source_mashreq_gas_initiative_2008.pdf", "source_page": 15, "source_title": "GASCO, Natural Gas Network, Nov. 2007", "legend_class": "existing_pl", "path_id": "g07-0041", "stroke_rgb": "#019901", "dashed": false, "geometry_source": "stroke", "length_km": 51.39, "georef_order": 2, "georef_source": "printed 1-degree graticule", "georef_loo_rmse_km": 2.153, "drawn_feature_offset_median_km": 14.0, "accuracy_tier": "low", "inside_egypt": true}}, {"type": "Feature", "geometry": {"type": "LineString", "coordinates": [[30.465145, 31.537535], [30.503689, 31.390559], [30.569315, 31.332684], [30.586451, 31.243166], [30.480964, 31.104946]]}, "properties": {"source_map": "gasco2007", "source_file": "maps/source_mashreq_gas_initiative_2008.pdf", "source_page": 15, "source_title": "GASCO, Natural Gas Network, Nov. 2007", "legend_class": "existing_pl", "path_id": "g07-0042", "stroke_rgb": "#019901", "dashed": false, "geometry_source": "stroke", "length_km": 54.04, "georef_order": 2, "georef_source": "printed 1-degree graticule", "georef_loo_rmse_km": 2.153, "drawn_feature_offset_median_km": 14.0, "accuracy_tier": "low", "inside_egypt": true}}, {"type": "Feature", "geometry": {"type": "LineString", "coordinates": [[30.567833, 31.475648], [30.566403, 31.382737], [30.616521, 31.278553], [30.608055, 31.210776], [30.480547, 31.076346]]}, "properties": {"source_map": "gasco2007", "source_file": "maps/source_mashreq_gas_initiative_2008.pdf", "source_page": 15, "source_title": "GASCO, Natural Gas Network, Nov. 2007", "legend_class": "existing_pl", "path_id": "g07-0043", "stroke_rgb": "#019901", "dashed": false, "geometry_source": "stroke", "length_km": 49.59, "georef_order": 2, "georef_source": "printed 1-degree graticule", "georef_loo_rmse_km": 2.153, "drawn_feature_offset_median_km": 14.0, "accuracy_tier": "low", "inside_egypt": true}}, {"type": "Feature", "geometry": {"type": "LineString", "coordinates": [[30.563011, 31.400645], [30.65601, 31.435328], [30.723038, 31.463168], [30.778775, 31.480344], [30.838439, 31.508215], [30.886977, 31.532602], [30.946476, 31.549655], [31.02439, 31.562872], [31.127687, 31.550576], [31.25275, 31.520055], [31.359031, 31.47899], [31.516441, 31.419069], [31.563904, 31.396738], [31.585493, 31.37495], [31.644439, 31.370239]]}, "properties": {"source_map": "gasco2007", "source_file": "maps/source_mashreq_gas_initiative_2008.pdf", "source_page": 15, "source_title": "GASCO, Natural Gas Network, Nov. 2007", "legend_class": "existing_pl", "path_id": "g07-0044", "stroke_rgb": "#019901", "dashed": false, "geometry_source": "stroke", "length_km": 111.3, "georef_order": 2, "georef_source": "printed 1-degree graticule", "georef_loo_rmse_km": 2.153, "drawn_feature_offset_median_km": 14.0, "accuracy_tier": "low", "inside_egypt": true}}, {"type": "Feature", "geometry": {"type": "LineString", "coordinates": [[31.432854, 31.313405], [31.430292, 31.199174]]}, "properties": {"source_map": "gasco2007", "source_file": "maps/source_mashreq_gas_initiative_2008.pdf", "source_page": 15, "source_title": "GASCO, Natural Gas Network, Nov. 2007", "legend_class": "existing_pl", "path_id": "g07-0045", "stroke_rgb": "#019901", "dashed": false, "geometry_source": "stroke", "length_km": 12.67, "georef_order": 2, "georef_source": "printed 1-degree graticule", "georef_loo_rmse_km": 2.153, "drawn_feature_offset_median_km": 14.0, "accuracy_tier": "low", "inside_egypt": true}}, {"type": "Feature", "geometry": {"type": "LineString", "coordinates": [[31.469666, 31.309144], [31.467637, 31.219902]]}, "properties": {"source_map": "gasco2007", "source_file": "maps/source_mashreq_gas_initiative_2008.pdf", "source_page": 15, "source_title": "GASCO, Natural Gas Network, Nov. 2007", "legend_class": "existing_pl", "path_id": "g07-0046", "stroke_rgb": "#019901", "dashed": false, "geometry_source": "stroke", "length_km": 9.9, "georef_order": 2, "georef_source": "printed 1-degree graticule", "georef_loo_rmse_km": 2.153, "drawn_feature_offset_median_km": 14.0, "accuracy_tier": "low", "inside_egypt": true}}, {"type": "Feature", "geometry": {"type": "LineString", "coordinates": [[31.451412, 31.316623], [31.448994, 31.209546]]}, "properties": {"source_map": "gasco2007", "source_file": "maps/source_mashreq_gas_initiative_2008.pdf", "source_page": 15, "source_title": "GASCO, Natural Gas Network, Nov. 2007", "legend_class": "existing_pl", "path_id": "g07-0047", "stroke_rgb": "#019901", "dashed": false, "geometry_source": "stroke", "length_km": 11.87, "georef_order": 2, "georef_source": "printed 1-degree graticule", "georef_loo_rmse_km": 2.153, "drawn_feature_offset_median_km": 14.0, "accuracy_tier": "low", "inside_egypt": true}}, {"type": "Feature", "geometry": {"type": "LineString", "coordinates": [[31.578334, 31.382227], [31.600936, 31.403208]]}, "properties": {"source_map": "gasco2007", "source_file": "maps/source_mashreq_gas_initiative_2008.pdf", "source_page": 15, "source_title": "GASCO, Natural Gas Network, Nov. 2007", "legend_class": "existing_pl", "path_id": "g07-0048", "stroke_rgb": "#019901", "dashed": false, "geometry_source": "stroke", "length_km": 3.17, "georef_order": 2, "georef_source": "printed 1-degree graticule", "georef_loo_rmse_km": 2.153, "drawn_feature_offset_median_km": 14.0, "accuracy_tier": "low", "inside_egypt": true}}, {"type": "Feature", "geometry": {"type": "LineString", "coordinates": [[31.65142, 31.355864], [31.503414, 31.333544]]}, "properties": {"source_map": "gasco2007", "source_file": "maps/source_mashreq_gas_initiative_2008.pdf", "source_page": 15, "source_title": "GASCO, Natural Gas Network, Nov. 2007", "legend_class": "existing_pl", "path_id": "g07-0049", "stroke_rgb": "#019901", "dashed": false, "geometry_source": "stroke", "length_km": 14.3, "georef_order": 2, "georef_source": "printed 1-degree graticule", "georef_loo_rmse_km": 2.153, "drawn_feature_offset_median_km": 14.0, "accuracy_tier": "low", "inside_egypt": true}}, {"type": "Feature", "geometry": {"type": "LineString", "coordinates": [[31.552271, 31.371962], [31.577489, 31.346495]]}, "properties": {"source_map": "gasco2007", "source_file": "maps/source_mashreq_gas_initiative_2008.pdf", "source_page": 15, "source_title": "GASCO, Natural Gas Network, Nov. 2007", "legend_class": "existing_pl", "path_id": "g07-0050", "stroke_rgb": "#019901", "dashed": false, "geometry_source": "stroke", "length_km": 3.71, "georef_order": 2, "georef_source": "printed 1-degree graticule", "georef_loo_rmse_km": 2.153, "drawn_feature_offset_median_km": 14.0, "accuracy_tier": "low", "inside_egypt": true}}, {"type": "Feature", "geometry": {"type": "LineString", "coordinates": [[31.471616, 31.394865], [31.493307, 31.376632], [31.51834, 31.340434]]}, "properties": {"source_map": "gasco2007", "source_file": "maps/source_mashreq_gas_initiative_2008.pdf", "source_page": 15, "source_title": "GASCO, Natural Gas Network, Nov. 2007", "legend_class": "existing_pl", "path_id": "g07-0051", "stroke_rgb": "#019901", "dashed": false, "geometry_source": "stroke", "length_km": 7.56, "georef_order": 2, "georef_source": "printed 1-degree graticule", "georef_loo_rmse_km": 2.153, "drawn_feature_offset_median_km": 14.0, "accuracy_tier": "low", "inside_egypt": true}}, {"type": "Feature", "geometry": {"type": "LineString", "coordinates": [[31.266667, 31.301884], [31.344785, 31.332751], [31.418472, 31.327956]]}, "properties": {"source_map": "gasco2007", "source_file": "maps/source_mashreq_gas_initiative_2008.pdf", "source_page": 15, "source_title": "GASCO, Natural Gas Network, Nov. 2007", "legend_class": "existing_pl", "path_id": "g07-0052", "stroke_rgb": "#019901", "dashed": false, "geometry_source": "stroke", "length_km": 15.22, "georef_order": 2, "georef_source": "printed 1-degree graticule", "georef_loo_rmse_km": 2.153, "drawn_feature_offset_median_km": 14.0, "accuracy_tier": "low", "inside_egypt": true}}, {"type": "Feature", "geometry": {"type": "LineString", "coordinates": [[31.357705, 31.418301], [31.359941, 31.350342]]}, "properties": {"source_map": "gasco2007", "source_file": "maps/source_mashreq_gas_initiative_2008.pdf", "source_page": 15, "source_title": "GASCO, Natural Gas Network, Nov. 2007", "legend_class": "existing_pl", "path_id": "g07-0053", "stroke_rgb": "#019901", "dashed": false, "geometry_source": "stroke", "length_km": 7.54, "georef_order": 2, "georef_source": "printed 1-degree graticule", "georef_loo_rmse_km": 2.153, "drawn_feature_offset_median_km": 14.0, "accuracy_tier": "low", "inside_egypt": true}}, {"type": "Feature", "geometry": {"type": "LineString", "coordinates": [[31.232288, 31.245286], [31.358148, 31.268237], [31.457895, 31.277209]]}, "properties": {"source_map": "gasco2007", "source_file": "maps/source_mashreq_gas_initiative_2008.pdf", "source_page": 15, "source_title": "GASCO, Natural Gas Network, Nov. 2007", "legend_class": "existing_pl", "path_id": "g07-0054", "stroke_rgb": "#019901", "dashed": false, "geometry_source": "stroke", "length_km": 21.81, "georef_order": 2, "georef_source": "printed 1-degree graticule", "georef_loo_rmse_km": 2.153, "drawn_feature_offset_median_km": 14.0, "accuracy_tier": "low", "inside_egypt": true}}, {"type": "Feature", "geometry": {"type": "LineString", "coordinates": [[31.485467, 31.194608], [31.544299, 31.189997], [31.545049, 31.222132]]}, "properties": {"source_map": "gasco2007", "source_file": "maps/source_mashreq_gas_initiative_2008.pdf", "source_page": 15, "source_title": "GASCO, Natural Gas Network, Nov. 2007", "legend_class": "existing_pl", "path_id": "g07-0055", "stroke_rgb": "#019901", "dashed": false, "geometry_source": "stroke", "length_km": 9.19, "georef_order": 2, "georef_source": "printed 1-degree graticule", "georef_loo_rmse_km": 2.153, "drawn_feature_offset_median_km": 14.0, "accuracy_tier": "low", "inside_egypt": true}}, {"type": "Feature", "geometry": {"type": "LineString", "coordinates": [[31.474127, 31.180571], [31.562441, 31.178985], [31.556164, 31.22547]]}, "properties": {"source_map": "gasco2007", "source_file": "maps/source_mashreq_gas_initiative_2008.pdf", "source_page": 15, "source_title": "GASCO, Natural Gas Network, Nov. 2007", "legend_class": "existing_pl", "path_id": "g07-0056", "stroke_rgb": "#019901", "dashed": false, "geometry_source": "stroke", "length_km": 13.61, "georef_order": 2, "georef_source": "printed 1-degree graticule", "georef_loo_rmse_km": 2.153, "drawn_feature_offset_median_km": 14.0, "accuracy_tier": "low", "inside_egypt": true}}, {"type": "Feature", "geometry": {"type": "LineString", "coordinates": [[31.459866, 31.2022], [31.424869, 31.120708]]}, "properties": {"source_map": "gasco2007", "source_file": "maps/source_mashreq_gas_initiative_2008.pdf", "source_page": 15, "source_title": "GASCO, Natural Gas Network, Nov. 2007", "legend_class": "existing_pl", "path_id": "g07-0057", "stroke_rgb": "#019901", "dashed": false, "geometry_source": "stroke", "length_km": 9.63, "georef_order": 2, "georef_source": "printed 1-degree graticule", "georef_loo_rmse_km": 2.153, "drawn_feature_offset_median_km": 14.0, "accuracy_tier": "low", "inside_egypt": true}}, {"type": "Feature", "geometry": {"type": "LineString", "coordinates": [[31.419098, 31.192211], [31.315516, 31.172512], [31.262236, 31.091271], [30.947839, 31.02447], [30.950171, 30.94949]]}, "properties": {"source_map": "gasco2007", "source_file": "maps/source_mashreq_gas_initiative_2008.pdf", "source_page": 15, "source_title": "GASCO, Natural Gas Network, Nov. 2007", "legend_class": "existing_pl", "path_id": "g07-0058", "stroke_rgb": "#019901", "dashed": false, "geometry_source": "stroke", "length_km": 59.68, "georef_order": 2, "georef_source": "printed 1-degree graticule", "georef_loo_rmse_km": 2.153, "drawn_feature_offset_median_km": 14.0, "accuracy_tier": "low", "inside_egypt": true}}, {"type": "Feature", "geometry": {"type": "LineString", "coordinates": [[31.273717, 31.112523], [31.473149, 30.977074]]}, "properties": {"source_map": "gasco2007", "source_file": "maps/source_mashreq_gas_initiative_2008.pdf", "source_page": 15, "source_title": "GASCO, Natural Gas Network, Nov. 2007", "legend_class": "under_study_pl", "path_id": "g07-0059", "stroke_rgb": "#FF0101", "dashed": true, "geometry_source": "stroke", "length_km": 24.25, "georef_order": 2, "georef_source": "printed 1-degree graticule", "georef_loo_rmse_km": 2.153, "drawn_feature_offset_median_km": 14.0, "accuracy_tier": "low", "inside_egypt": true}}, {"type": "Feature", "geometry": {"type": "LineString", "coordinates": [[29.89562, 30.527338], [30.268509, 30.364469], [30.639578, 30.172222], [30.928002, 29.731005], [31.122323, 29.422599]]}, "properties": {"source_map": "gasco2007", "source_file": "maps/source_mashreq_gas_initiative_2008.pdf", "source_page": 15, "source_title": "GASCO, Natural Gas Network, Nov. 2007", "legend_class": "existing_pl", "path_id": "g07-0060", "stroke_rgb": "#019901", "dashed": false, "geometry_source": "stroke", "length_km": 177.0, "georef_order": 2, "georef_source": "printed 1-degree graticule", "georef_loo_rmse_km": 2.153, "drawn_feature_offset_median_km": 14.0, "accuracy_tier": "low", "inside_egypt": true}}, {"type": "Feature", "geometry": {"type": "LineString", "coordinates": [[32.370309, 31.001093], [32.248581, 30.982601], [31.626735, 30.788859], [31.361208, 30.565236], [31.327963, 30.384035], [31.32982, 30.298467]]}, "properties": {"source_map": "gasco2007", "source_file": "maps/source_mashreq_gas_initiative_2008.pdf", "source_page": 15, "source_title": "GASCO, Natural Gas Network, Nov. 2007", "legend_class": "existing_pl", "path_id": "g07-0061", "stroke_rgb": "#019901", "dashed": false, "geometry_source": "stroke", "length_km": 140.38, "georef_order": 2, "georef_source": "printed 1-degree graticule", "georef_loo_rmse_km": 2.153, "drawn_feature_offset_median_km": 14.0, "accuracy_tier": "low", "inside_egypt": true}}, {"type": "Feature", "geometry": {"type": "LineString", "coordinates": [[34.132887, 31.163161], [33.990051, 31.079421], [33.80142, 31.03634], [33.52624, 31.024548], [33.20677, 31.006334], [33.017117, 31.033504], [32.936855, 31.046541], [32.736956, 30.991576], [32.531888, 31.004162], [32.369184, 31.086709], [32.37373, 30.872603], [32.404662, 30.682932], [32.408419, 30.565215], [32.395361, 30.497861], [32.485157, 30.328233], [32.527671, 30.287981], [32.596339, 30.268433], [32.622772, 30.182289], [32.634484, 30.093017], [32.644853, 29.964732], [32.711703, 29.895346], [32.720358, 29.827567]]}, "properties": {"source_map": "gasco2007", "source_file": "maps/source_mashreq_gas_initiative_2008.pdf", "source_page": 15, "source_title": "GASCO, Natural Gas Network, Nov. 2007", "legend_class": "existing_pl", "path_id": "g07-0062", "stroke_rgb": "#019901", "dashed": false, "geometry_source": "stroke", "length_km": 326.84, "georef_order": 2, "georef_source": "printed 1-degree graticule", "georef_loo_rmse_km": 2.153, "drawn_feature_offset_median_km": 14.0, "accuracy_tier": "low", "inside_egypt": true}}, {"type": "Feature", "geometry": {"type": "LineString", "coordinates": [[32.262484, 30.579381], [32.075004, 30.548033], [31.683278, 30.399255], [31.464917, 30.289178], [31.369359, 30.265771]]}, "properties": {"source_map": "gasco2007", "source_file": "maps/source_mashreq_gas_initiative_2008.pdf", "source_page": 15, "source_title": "GASCO, Natural Gas Network, Nov. 2007", "legend_class": "existing_pl", "path_id": "g07-0063", "stroke_rgb": "#019901", "dashed": false, "geometry_source": "stroke", "length_km": 93.23, "georef_order": 2, "georef_source": "printed 1-degree graticule", "georef_loo_rmse_km": 2.153, "drawn_feature_offset_median_km": 14.0, "accuracy_tier": "low", "inside_egypt": true}}, {"type": "Feature", "geometry": {"type": "LineString", "coordinates": [[32.172526, 31.276976], [32.163733, 31.227218]]}, "properties": {"source_map": "gasco2007", "source_file": "maps/source_mashreq_gas_initiative_2008.pdf", "source_page": 15, "source_title": "GASCO, Natural Gas Network, Nov. 2007", "legend_class": "existing_pl", "path_id": "g07-0064", "stroke_rgb": "#019901", "dashed": false, "geometry_source": "stroke", "length_km": 5.58, "georef_order": 2, "georef_source": "printed 1-degree graticule", "georef_loo_rmse_km": 2.153, "drawn_feature_offset_median_km": 14.0, "accuracy_tier": "low", "inside_egypt": true}}, {"type": "Feature", "geometry": {"type": "LineString", "coordinates": [[32.167802, 31.241418], [32.226017, 31.218616], [32.264889, 31.164207], [32.282569, 31.138746], [32.266765, 30.85023], [32.254642, 30.686538], [32.234396, 30.61925], [32.228545, 30.54457], [32.246976, 30.423019], [32.273243, 30.322703], [32.311495, 30.257713], [32.400482, 30.184366], [32.503805, 30.107087], [32.49538, 29.954313]]}, "properties": {"source_map": "gasco2007", "source_file": "maps/source_mashreq_gas_initiative_2008.pdf", "source_page": 15, "source_title": "GASCO, Natural Gas Network, Nov. 2007", "legend_class": "existing_pl", "path_id": "g07-0065", "stroke_rgb": "#019901", "dashed": false, "geometry_source": "stroke", "length_km": 157.66, "georef_order": 2, "georef_source": "printed 1-degree graticule", "georef_loo_rmse_km": 2.153, "drawn_feature_offset_median_km": 14.0, "accuracy_tier": "low", "inside_egypt": true}}, {"type": "Feature", "geometry": {"type": "LineString", "coordinates": [[32.431834, 31.092291], [32.430633, 31.053077]]}, "properties": {"source_map": "gasco2007", "source_file": "maps/source_mashreq_gas_initiative_2008.pdf", "source_page": 15, "source_title": "GASCO, Natural Gas Network, Nov. 2007", "legend_class": "existing_pl", "path_id": "g07-0066", "stroke_rgb": "#019901", "dashed": false, "geometry_source": "stroke", "length_km": 4.35, "georef_order": 2, "georef_source": "printed 1-degree graticule", "georef_loo_rmse_km": 2.153, "drawn_feature_offset_median_km": 14.0, "accuracy_tier": "low", "inside_egypt": true}}, {"type": "Feature", "geometry": {"type": "LineString", "coordinates": [[32.522131, 31.043606], [32.521013, 31.007994]]}, "properties": {"source_map": "gasco2007", "source_file": "maps/source_mashreq_gas_initiative_2008.pdf", "source_page": 15, "source_title": "GASCO, Natural Gas Network, Nov. 2007", "legend_class": "existing_pl", "path_id": "g07-0067", "stroke_rgb": "#019901", "dashed": false, "geometry_source": "stroke", "length_km": 3.95, "georef_order": 2, "georef_source": "printed 1-degree graticule", "georef_loo_rmse_km": 2.153, "drawn_feature_offset_median_km": 14.0, "accuracy_tier": "low", "inside_egypt": true}}, {"type": "Feature", "geometry": {"type": "LineString", "coordinates": [[30.941813, 30.896036], [30.95093, 30.792476], [31.058408, 30.648308], [31.187982, 30.521649], [31.296234, 30.441556], [31.300324, 30.288276]]}, "properties": {"source_map": "gasco2007", "source_file": "maps/source_mashreq_gas_initiative_2008.pdf", "source_page": 15, "source_title": "GASCO, Natural Gas Network, Nov. 2007", "legend_class": "existing_pl", "path_id": "g07-0068", "stroke_rgb": "#019901", "dashed": false, "geometry_source": "stroke", "length_km": 79.94, "georef_order": 2, "georef_source": "printed 1-degree graticule", "georef_loo_rmse_km": 2.153, "drawn_feature_offset_median_km": 14.0, "accuracy_tier": "low", "inside_egypt": true}}, {"type": "Feature", "geometry": {"type": "LineString", "coordinates": [[31.314116, 30.248859], [31.240047, 30.203744]]}, "properties": {"source_map": "gasco2007", "source_file": "maps/source_mashreq_gas_initiative_2008.pdf", "source_page": 15, "source_title": "GASCO, Natural Gas Network, Nov. 2007", "legend_class": "existing_pl", "path_id": "g07-0069", "stroke_rgb": "#019901", "dashed": false, "geometry_source": "stroke", "length_km": 8.71, "georef_order": 2, "georef_source": "printed 1-degree graticule", "georef_loo_rmse_km": 2.153, "drawn_feature_offset_median_km": 14.0, "accuracy_tier": "low", "inside_egypt": true}}, {"type": "Feature", "geometry": {"type": "LineString", "coordinates": [[31.288918, 30.26705], [31.171261, 30.236827], [31.077984, 30.141969], [30.971207, 29.901272], [31.133692, 29.447327]]}, "properties": {"source_map": "gasco2007", "source_file": "maps/source_mashreq_gas_initiative_2008.pdf", "source_page": 15, "source_title": "GASCO, Natural Gas Network, Nov. 2007", "legend_class": "existing_pl", "path_id": "g07-0070", "stroke_rgb": "#019901", "dashed": false, "geometry_source": "stroke", "length_km": 106.96, "georef_order": 2, "georef_source": "printed 1-degree graticule", "georef_loo_rmse_km": 2.153, "drawn_feature_offset_median_km": 14.0, "accuracy_tier": "low", "inside_egypt": true}}, {"type": "Feature", "geometry": {"type": "LineString", "coordinates": [[31.001024, 30.720437], [30.523714, 30.5049]]}, "properties": {"source_map": "gasco2007", "source_file": "maps/source_mashreq_gas_initiative_2008.pdf", "source_page": 15, "source_title": "GASCO, Natural Gas Network, Nov. 2007", "legend_class": "existing_pl", "path_id": "g07-0071", "stroke_rgb": "#019901", "dashed": false, "geometry_source": "stroke", "length_km": 51.63, "georef_order": 2, "georef_source": "printed 1-degree graticule", "georef_loo_rmse_km": 2.153, "drawn_feature_offset_median_km": 14.0, "accuracy_tier": "low", "inside_egypt": true}}, {"type": "Feature", "geometry": {"type": "LineString", "coordinates": [[30.954636, 30.792427], [30.902876, 30.778819]]}, "properties": {"source_map": "gasco2007", "source_file": "maps/source_mashreq_gas_initiative_2008.pdf", "source_page": 15, "source_title": "GASCO, Natural Gas Network, Nov. 2007", "legend_class": "existing_pl", "path_id": "g07-0072", "stroke_rgb": "#019901", "dashed": false, "geometry_source": "stroke", "length_km": 5.18, "georef_order": 2, "georef_source": "printed 1-degree graticule", "georef_loo_rmse_km": 2.153, "drawn_feature_offset_median_km": 14.0, "accuracy_tier": "low", "inside_egypt": true}}, {"type": "Feature", "geometry": {"type": "LineString", "coordinates": [[30.850467, 30.93294], [30.849839, 30.897226]]}, "properties": {"source_map": "gasco2007", "source_file": "maps/source_mashreq_gas_initiative_2008.pdf", "source_page": 15, "source_title": "GASCO, Natural Gas Network, Nov. 2007", "legend_class": "existing_pl", "path_id": "g07-0073", "stroke_rgb": "#019901", "dashed": false, "geometry_source": "stroke", "length_km": 3.96, "georef_order": 2, "georef_source": "printed 1-degree graticule", "georef_loo_rmse_km": 2.153, "drawn_feature_offset_median_km": 14.0, "accuracy_tier": "low", "inside_egypt": true}}, {"type": "Feature", "geometry": {"type": "LineString", "coordinates": [[31.206686, 31.077849], [31.260439, 31.00566]]}, "properties": {"source_map": "gasco2007", "source_file": "maps/source_mashreq_gas_initiative_2008.pdf", "source_page": 15, "source_title": "GASCO, Natural Gas Network, Nov. 2007", "legend_class": "existing_pl", "path_id": "g07-0074", "stroke_rgb": "#019901", "dashed": false, "geometry_source": "stroke", "length_km": 9.51, "georef_order": 2, "georef_source": "printed 1-degree graticule", "georef_loo_rmse_km": 2.153, "drawn_feature_offset_median_km": 14.0, "accuracy_tier": "low", "inside_egypt": true}}, {"type": "Feature", "geometry": {"type": "LineString", "coordinates": [[31.264986, 31.048406], [31.21639, 31.01343]]}, "properties": {"source_map": "gasco2007", "source_file": "maps/source_mashreq_gas_initiative_2008.pdf", "source_page": 15, "source_title": "GASCO, Natural Gas Network, Nov. 2007", "legend_class": "existing_pl", "path_id": "g07-0075", "stroke_rgb": "#019901", "dashed": false, "geometry_source": "stroke", "length_km": 6.05, "georef_order": 2, "georef_source": "printed 1-degree graticule", "georef_loo_rmse_km": 2.153, "drawn_feature_offset_median_km": 14.0, "accuracy_tier": "low", "inside_egypt": true}}, {"type": "Feature", "geometry": {"type": "LineString", "coordinates": [[31.466603, 30.363946], [31.464997, 30.292709]]}, "properties": {"source_map": "gasco2007", "source_file": "maps/source_mashreq_gas_initiative_2008.pdf", "source_page": 15, "source_title": "GASCO, Natural Gas Network, Nov. 2007", "legend_class": "existing_pl", "path_id": "g07-0076", "stroke_rgb": "#019901", "dashed": false, "geometry_source": "stroke", "length_km": 7.9, "georef_order": 2, "georef_source": "printed 1-degree graticule", "georef_loo_rmse_km": 2.153, "drawn_feature_offset_median_km": 14.0, "accuracy_tier": "low", "inside_egypt": true}}, {"type": "Feature", "geometry": {"type": "LineString", "coordinates": [[31.694232, 30.399048], [31.692491, 30.327835]]}, "properties": {"source_map": "gasco2007", "source_file": "maps/source_mashreq_gas_initiative_2008.pdf", "source_page": 15, "source_title": "GASCO, Natural Gas Network, Nov. 2007", "legend_class": "existing_pl", "path_id": "g07-0077", "stroke_rgb": "#019901", "dashed": false, "geometry_source": "stroke", "length_km": 7.9, "georef_order": 2, "georef_source": "printed 1-degree graticule", "georef_loo_rmse_km": 2.153, "drawn_feature_offset_median_km": 14.0, "accuracy_tier": "low", "inside_egypt": true}}, {"type": "Feature", "geometry": {"type": "LineString", "coordinates": [[31.984518, 30.585595], [31.982605, 30.514425]]}, "properties": {"source_map": "gasco2007", "source_file": "maps/source_mashreq_gas_initiative_2008.pdf", "source_page": 15, "source_title": "GASCO, Natural Gas Network, Nov. 2007", "legend_class": "existing_pl", "path_id": "g07-0078", "stroke_rgb": "#019901", "dashed": false, "geometry_source": "stroke", "length_km": 7.89, "georef_order": 2, "georef_source": "printed 1-degree graticule", "georef_loo_rmse_km": 2.153, "drawn_feature_offset_median_km": 14.0, "accuracy_tier": "low", "inside_egypt": true}}, {"type": "Feature", "geometry": {"type": "LineString", "coordinates": [[31.643655, 30.424933], [31.642713, 30.385744]]}, "properties": {"source_map": "gasco2007", "source_file": "maps/source_mashreq_gas_initiative_2008.pdf", "source_page": 15, "source_title": "GASCO, Natural Gas Network, Nov. 2007", "legend_class": "existing_pl", "path_id": "g07-0079", "stroke_rgb": "#019901", "dashed": false, "geometry_source": "stroke", "length_km": 4.35, "georef_order": 2, "georef_source": "printed 1-degree graticule", "georef_loo_rmse_km": 2.153, "drawn_feature_offset_median_km": 14.0, "accuracy_tier": "low", "inside_egypt": true}}, {"type": "Feature", "geometry": {"type": "LineString", "coordinates": [[31.550795, 30.366016], [31.549967, 30.330435]]}, "properties": {"source_map": "gasco2007", "source_file": "maps/source_mashreq_gas_initiative_2008.pdf", "source_page": 15, "source_title": "GASCO, Natural Gas Network, Nov. 2007", "legend_class": "existing_pl", "path_id": "g07-0080", "stroke_rgb": "#019901", "dashed": false, "geometry_source": "stroke", "length_km": 3.95, "georef_order": 2, "georef_source": "printed 1-degree graticule", "georef_loo_rmse_km": 2.153, "drawn_feature_offset_median_km": 14.0, "accuracy_tier": "low", "inside_egypt": true}}, {"type": "Feature", "geometry": {"type": "LineString", "coordinates": [[30.921135, 30.161854], [30.927419, 30.104784]]}, "properties": {"source_map": "gasco2007", "source_file": "maps/source_mashreq_gas_initiative_2008.pdf", "source_page": 15, "source_title": "GASCO, Natural Gas Network, Nov. 2007", "legend_class": "existing_pl", "path_id": "g07-0081", "stroke_rgb": "#019901", "dashed": false, "geometry_source": "stroke", "length_km": 6.36, "georef_order": 2, "georef_source": "printed 1-degree graticule", "georef_loo_rmse_km": 2.153, "drawn_feature_offset_median_km": 14.0, "accuracy_tier": "low", "inside_egypt": true}}, {"type": "Feature", "geometry": {"type": "LineString", "coordinates": [[30.865255, 30.105554], [31.0626, 30.103005]]}, "properties": {"source_map": "gasco2007", "source_file": "maps/source_mashreq_gas_initiative_2008.pdf", "source_page": 15, "source_title": "GASCO, Natural Gas Network, Nov. 2007", "legend_class": "existing_pl", "path_id": "g07-0082", "stroke_rgb": "#019901", "dashed": false, "geometry_source": "stroke", "length_km": 19.02, "georef_order": 2, "georef_source": "printed 1-degree graticule", "georef_loo_rmse_km": 2.153, "drawn_feature_offset_median_km": 14.0, "accuracy_tier": "low", "inside_egypt": true}}, {"type": "Feature", "geometry": {"type": "LineString", "coordinates": [[30.986608, 29.947306], [30.929001, 29.99081]]}, "properties": {"source_map": "gasco2007", "source_file": "maps/source_mashreq_gas_initiative_2008.pdf", "source_page": 15, "source_title": "GASCO, Natural Gas Network, Nov. 2007", "legend_class": "existing_pl", "path_id": "g07-0083", "stroke_rgb": "#019901", "dashed": false, "geometry_source": "stroke", "length_km": 7.36, "georef_order": 2, "georef_source": "printed 1-degree graticule", "georef_loo_rmse_km": 2.153, "drawn_feature_offset_median_km": 14.0, "accuracy_tier": "low", "inside_egypt": true}}, {"type": "Feature", "geometry": {"type": "LineString", "coordinates": [[32.471732, 29.894405], [32.450416, 29.791847], [32.438282, 29.753019], [32.337628, 29.666559], [32.339703, 29.492341], [32.5052, 29.335605], [32.556096, 29.227828], [32.537319, 29.206967], [32.479338, 29.318501], [32.30668, 29.478885], [32.312021, 29.660035], [32.320343, 29.695374], [32.420582, 29.767686], [32.442523, 29.891583]]}, "properties": {"source_map": "gasco2007", "source_file": "maps/source_mashreq_gas_initiative_2008.pdf", "source_page": 15, "source_title": "GASCO, Natural Gas Network, Nov. 2007", "legend_class": "existing_pl", "path_id": "g07-0084", "stroke_rgb": "#019901", "dashed": false, "geometry_source": "stroke", "length_km": 177.11, "georef_order": 2, "georef_source": "printed 1-degree graticule", "georef_loo_rmse_km": 2.153, "drawn_feature_offset_median_km": 14.0, "accuracy_tier": "low", "inside_egypt": true}}, {"type": "Feature", "geometry": {"type": "LineString", "coordinates": [[32.428792, 29.916816], [32.403196, 29.913911], [32.39232, 29.793259], [32.291655, 29.706753], [32.277729, 29.479554], [32.457082, 29.301289], [32.511815, 29.200559], [32.537431, 29.210544]]}, "properties": {"source_map": "gasco2007", "source_file": "maps/source_mashreq_gas_initiative_2008.pdf", "source_page": 15, "source_title": "GASCO, Natural Gas Network, Nov. 2007", "legend_class": "existing_pl", "path_id": "g07-0085", "stroke_rgb": "#019901", "dashed": false, "geometry_source": "stroke", "length_km": 96.22, "georef_order": 2, "georef_source": "printed 1-degree graticule", "georef_loo_rmse_km": 2.153, "drawn_feature_offset_median_km": 14.0, "accuracy_tier": "low", "inside_egypt": true}}, {"type": "Feature", "geometry": {"type": "LineString", "coordinates": [[32.426516, 29.842199], [32.335694, 29.84438]]}, "properties": {"source_map": "gasco2007", "source_file": "maps/source_mashreq_gas_initiative_2008.pdf", "source_page": 15, "source_title": "GASCO, Natural Gas Network, Nov. 2007", "legend_class": "existing_pl", "path_id": "g07-0086", "stroke_rgb": "#019901", "dashed": false, "geometry_source": "stroke", "length_km": 8.78, "georef_order": 2, "georef_source": "printed 1-degree graticule", "georef_loo_rmse_km": 2.153, "drawn_feature_offset_median_km": 14.0, "accuracy_tier": "low", "inside_egypt": true}}, {"type": "Feature", "geometry": {"type": "LineString", "coordinates": [[33.800483, 31.100576], [33.797794, 31.03647]]}, "properties": {"source_map": "gasco2007", "source_file": "maps/source_mashreq_gas_initiative_2008.pdf", "source_page": 15, "source_title": "GASCO, Natural Gas Network, Nov. 2007", "legend_class": "existing_pl", "path_id": "g07-0087", "stroke_rgb": "#019901", "dashed": false, "geometry_source": "stroke", "length_km": 7.11, "georef_order": 2, "georef_source": "printed 1-degree graticule", "georef_loo_rmse_km": 2.153, "drawn_feature_offset_median_km": 14.0, "accuracy_tier": "low", "inside_egypt": true}}, {"type": "Feature", "geometry": {"type": "LineString", "coordinates": [[33.949216, 31.06666], [33.942849, 30.835159], [33.858763, 30.834698]]}, "properties": {"source_map": "gasco2007", "source_file": "maps/source_mashreq_gas_initiative_2008.pdf", "source_page": 15, "source_title": "GASCO, Natural Gas Network, Nov. 2007", "legend_class": "existing_pl", "path_id": "g07-0088", "stroke_rgb": "#019901", "dashed": false, "geometry_source": "stroke", "length_km": 33.72, "georef_order": 2, "georef_source": "printed 1-degree graticule", "georef_loo_rmse_km": 2.153, "drawn_feature_offset_median_km": 14.0, "accuracy_tier": "low", "inside_egypt": true}}, {"type": "Feature", "geometry": {"type": "LineString", "coordinates": [[33.997317, 31.079149], [34.026004, 30.981793], [34.123384, 30.867585], [34.310912, 30.813918], [34.704691, 29.705379], [34.819266, 29.398591], [34.998037, 29.440362]]}, "properties": {"source_map": "gasco2007", "source_file": "maps/source_mashreq_gas_initiative_2008.pdf", "source_page": 15, "source_title": "GASCO, Natural Gas Network, Nov. 2007", "legend_class": "existing_pl", "path_id": "g07-0089", "stroke_rgb": "#019901", "dashed": false, "geometry_source": "stroke", "length_km": 228.08, "georef_order": 2, "georef_source": "printed 1-degree graticule", "georef_loo_rmse_km": 2.153, "drawn_feature_offset_median_km": 14.0, "accuracy_tier": "low", "inside_egypt": true}}, {"type": "Feature", "geometry": {"type": "LineString", "coordinates": [[31.350422, 30.23761], [31.480044, 30.149965], [31.498556, 30.000157], [31.491647, 29.857911], [31.481109, 29.552202], [31.376873, 29.436611]]}, "properties": {"source_map": "gasco2007", "source_file": "maps/source_mashreq_gas_initiative_2008.pdf", "source_page": 15, "source_title": "GASCO, Natural Gas Network, Nov. 2007", "legend_class": "existing_pl", "path_id": "g07-0090", "stroke_rgb": "#019901", "dashed": false, "geometry_source": "stroke", "length_km": 98.52, "georef_order": 2, "georef_source": "printed 1-degree graticule", "georef_loo_rmse_km": 2.153, "drawn_feature_offset_median_km": 14.0, "accuracy_tier": "low", "inside_egypt": true}}, {"type": "Feature", "geometry": {"type": "LineString", "coordinates": [[31.487119, 30.299456], [31.518787, 30.245466], [31.577736, 30.265811]]}, "properties": {"source_map": "gasco2007", "source_file": "maps/source_mashreq_gas_initiative_2008.pdf", "source_page": 15, "source_title": "GASCO, Natural Gas Network, Nov. 2007", "legend_class": "existing_pl", "path_id": "g07-0091", "stroke_rgb": "#019901", "dashed": false, "geometry_source": "stroke", "length_km": 12.82, "georef_order": 2, "georef_source": "printed 1-degree graticule", "georef_loo_rmse_km": 2.153, "drawn_feature_offset_median_km": 14.0, "accuracy_tier": "low", "inside_egypt": true}}, {"type": "Feature", "geometry": {"type": "LineString", "coordinates": [[31.317377, 30.231013], [31.313591, 30.053019]]}, "properties": {"source_map": "gasco2007", "source_file": "maps/source_mashreq_gas_initiative_2008.pdf", "source_page": 15, "source_title": "GASCO, Natural Gas Network, Nov. 2007", "legend_class": "existing_pl", "path_id": "g07-0092", "stroke_rgb": "#019901", "dashed": false, "geometry_source": "stroke", "length_km": 19.73, "georef_order": 2, "georef_source": "printed 1-degree graticule", "georef_loo_rmse_km": 2.153, "drawn_feature_offset_median_km": 14.0, "accuracy_tier": "low", "inside_egypt": true}}, {"type": "Feature", "geometry": {"type": "LineString", "coordinates": [[31.437597, 30.21125], [31.360198, 30.180468], [31.359504, 30.148428]]}, "properties": {"source_map": "gasco2007", "source_file": "maps/source_mashreq_gas_initiative_2008.pdf", "source_page": 15, "source_title": "GASCO, Natural Gas Network, Nov. 2007", "legend_class": "existing_pl", "path_id": "g07-0093", "stroke_rgb": "#019901", "dashed": false, "geometry_source": "stroke", "length_km": 11.75, "georef_order": 2, "georef_source": "printed 1-degree graticule", "georef_loo_rmse_km": 2.153, "drawn_feature_offset_median_km": 14.0, "accuracy_tier": "low", "inside_egypt": true}}, {"type": "Feature", "geometry": {"type": "LineString", "coordinates": [[32.802939, 31.100278], [32.74829, 31.00195]]}, "properties": {"source_map": "gasco2007", "source_file": "maps/source_mashreq_gas_initiative_2008.pdf", "source_page": 15, "source_title": "GASCO, Natural Gas Network, Nov. 2007", "legend_class": "under_study_pl", "path_id": "g07-0094", "stroke_rgb": "#FF0101", "dashed": true, "geometry_source": "stroke", "length_km": 12.09, "georef_order": 2, "georef_source": "printed 1-degree graticule", "georef_loo_rmse_km": 2.153, "drawn_feature_offset_median_km": 14.0, "accuracy_tier": "low", "inside_egypt": true}}, {"type": "Feature", "geometry": {"type": "LineString", "coordinates": [[32.168507, 31.394924], [32.169224, 31.291347]]}, "properties": {"source_map": "gasco2007", "source_file": "maps/source_mashreq_gas_initiative_2008.pdf", "source_page": 15, "source_title": "GASCO, Natural Gas Network, Nov. 2007", "legend_class": "existing_pl", "path_id": "g07-0095", "stroke_rgb": "#019901", "dashed": false, "geometry_source": "stroke", "length_km": 11.48, "georef_order": 2, "georef_source": "printed 1-degree graticule", "georef_loo_rmse_km": 2.153, "drawn_feature_offset_median_km": 14.0, "accuracy_tier": "low", "inside_egypt": true}}, {"type": "Feature", "geometry": {"type": "LineString", "coordinates": [[32.436582, 31.727803], [32.216237, 31.64387]]}, "properties": {"source_map": "gasco2007", "source_file": "maps/source_mashreq_gas_initiative_2008.pdf", "source_page": 15, "source_title": "GASCO, Natural Gas Network, Nov. 2007", "legend_class": "under_study_pl", "path_id": "g07-0096", "stroke_rgb": "#FF0101", "dashed": true, "geometry_source": "stroke", "length_km": 22.87, "georef_order": 2, "georef_source": "printed 1-degree graticule", "georef_loo_rmse_km": 2.153, "drawn_feature_offset_median_km": 14.0, "accuracy_tier": "low", "inside_egypt": true}}, {"type": "Feature", "geometry": {"type": "LineString", "coordinates": [[31.4189, 31.513667], [31.374885, 31.36085]]}, "properties": {"source_map": "gasco2007", "source_file": "maps/source_mashreq_gas_initiative_2008.pdf", "source_page": 15, "source_title": "GASCO, Natural Gas Network, Nov. 2007", "legend_class": "existing_pl", "path_id": "g07-0097", "stroke_rgb": "#019901", "dashed": false, "geometry_source": "stroke", "length_km": 17.45, "georef_order": 2, "georef_source": "printed 1-degree graticule", "georef_loo_rmse_km": 2.153, "drawn_feature_offset_median_km": 14.0, "accuracy_tier": "low", "inside_egypt": true}}, {"type": "Feature", "geometry": {"type": "LineString", "coordinates": [[30.517997, 30.865306], [30.587972, 30.864589]]}, "properties": {"source_map": "gasco2007", "source_file": "maps/source_mashreq_gas_initiative_2008.pdf", "source_page": 15, "source_title": "GASCO, Natural Gas Network, Nov. 2007", "legend_class": "existing_pl", "path_id": "g07-0098", "stroke_rgb": "#019901", "dashed": false, "geometry_source": "stroke", "length_km": 6.69, "georef_order": 2, "georef_source": "printed 1-degree graticule", "georef_loo_rmse_km": 2.153, "drawn_feature_offset_median_km": 14.0, "accuracy_tier": "low", "inside_egypt": true}}, {"type": "Feature", "geometry": {"type": "LineString", "coordinates": [[31.184492, 30.528846], [31.041527, 30.530902]]}, "properties": {"source_map": "gasco2007", "source_file": "maps/source_mashreq_gas_initiative_2008.pdf", "source_page": 15, "source_title": "GASCO, Natural Gas Network, Nov. 2007", "legend_class": "existing_pl", "path_id": "g07-0099", "stroke_rgb": "#019901", "dashed": false, "geometry_source": "stroke", "length_km": 13.72, "georef_order": 2, "georef_source": "printed 1-degree graticule", "georef_loo_rmse_km": 2.153, "drawn_feature_offset_median_km": 14.0, "accuracy_tier": "low", "inside_egypt": true}}, {"type": "Feature", "geometry": {"type": "LineString", "coordinates": [[30.705515, 30.175051], [30.62498, 30.175906]]}, "properties": {"source_map": "gasco2007", "source_file": "maps/source_mashreq_gas_initiative_2008.pdf", "source_page": 15, "source_title": "GASCO, Natural Gas Network, Nov. 2007", "legend_class": "existing_pl", "path_id": "g07-0100", "stroke_rgb": "#019901", "dashed": false, "geometry_source": "stroke", "length_km": 7.76, "georef_order": 2, "georef_source": "printed 1-degree graticule", "georef_loo_rmse_km": 2.153, "drawn_feature_offset_median_km": 14.0, "accuracy_tier": "low", "inside_egypt": true}}, {"type": "Feature", "geometry": {"type": "LineString", "coordinates": [[31.285109, 31.130176], [31.215169, 31.131285]]}, "properties": {"source_map": "gasco2007", "source_file": "maps/source_mashreq_gas_initiative_2008.pdf", "source_page": 15, "source_title": "GASCO, Natural Gas Network, Nov. 2007", "legend_class": "existing_pl", "path_id": "g07-0101", "stroke_rgb": "#019901", "dashed": false, "geometry_source": "stroke", "length_km": 6.67, "georef_order": 2, "georef_source": "printed 1-degree graticule", "georef_loo_rmse_km": 2.153, "drawn_feature_offset_median_km": 14.0, "accuracy_tier": "low", "inside_egypt": true}}, {"type": "Feature", "geometry": {"type": "LineString", "coordinates": [[31.292377, 30.43094], [31.244396, 30.413881]]}, "properties": {"source_map": "gasco2007", "source_file": "maps/source_mashreq_gas_initiative_2008.pdf", "source_page": 15, "source_title": "GASCO, Natural Gas Network, Nov. 2007", "legend_class": "existing_pl", "path_id": "g07-0102", "stroke_rgb": "#019901", "dashed": false, "geometry_source": "stroke", "length_km": 4.98, "georef_order": 2, "georef_source": "printed 1-degree graticule", "georef_loo_rmse_km": 2.153, "drawn_feature_offset_median_km": 14.0, "accuracy_tier": "low", "inside_egypt": true}}, {"type": "Feature", "geometry": {"type": "LineString", "coordinates": [[29.891989, 30.912887], [29.913326, 30.830634], [29.923588, 30.752071], [29.904206, 30.652173], [29.888778, 30.580854]]}, "properties": {"source_map": "gasco2007", "source_file": "maps/source_mashreq_gas_initiative_2008.pdf", "source_page": 15, "source_title": "GASCO, Natural Gas Network, Nov. 2007", "legend_class": "existing_pl", "path_id": "g07-0103", "stroke_rgb": "#019901", "dashed": false, "geometry_source": "stroke", "length_km": 37.38, "georef_order": 2, "georef_source": "printed 1-degree graticule", "georef_loo_rmse_km": 2.153, "drawn_feature_offset_median_km": 14.0, "accuracy_tier": "low", "inside_egypt": true}}, {"type": "Feature", "geometry": {"type": "LineString", "coordinates": [[31.90253, 31.372204], [31.834193, 31.295107]]}, "properties": {"source_map": "gasco2007", "source_file": "maps/source_mashreq_gas_initiative_2008.pdf", "source_page": 15, "source_title": "GASCO, Natural Gas Network, Nov. 2007", "legend_class": "existing_pl", "path_id": "g07-0104", "stroke_rgb": "#019901", "dashed": false, "geometry_source": "stroke", "length_km": 10.74, "georef_order": 2, "georef_source": "printed 1-degree graticule", "georef_loo_rmse_km": 2.153, "drawn_feature_offset_median_km": 14.0, "accuracy_tier": "low", "inside_egypt": true}}, {"type": "Feature", "geometry": {"type": "LineString", "coordinates": [[30.971207, 29.901272], [30.828555, 29.885237]]}, "properties": {"source_map": "gasco2007", "source_file": "maps/source_mashreq_gas_initiative_2008.pdf", "source_page": 15, "source_title": "GASCO, Natural Gas Network, Nov. 2007", "legend_class": "existing_pl", "path_id": "g07-0105", "stroke_rgb": "#019901", "dashed": false, "geometry_source": "stroke", "length_km": 13.89, "georef_order": 2, "georef_source": "printed 1-degree graticule", "georef_loo_rmse_km": 2.153, "drawn_feature_offset_median_km": 14.0, "accuracy_tier": "low", "inside_egypt": true}}, {"type": "Feature", "geometry": {"type": "LineString", "coordinates": [[31.594896, 30.839365], [31.659923, 30.795312]]}, "properties": {"source_map": "gasco2007", "source_file": "maps/source_mashreq_gas_initiative_2008.pdf", "source_page": 15, "source_title": "GASCO, Natural Gas Network, Nov. 2007", "legend_class": "existing_pl", "path_id": "g07-0106", "stroke_rgb": "#019901", "dashed": false, "geometry_source": "stroke", "length_km": 7.91, "georef_order": 2, "georef_source": "printed 1-degree graticule", "georef_loo_rmse_km": 2.153, "drawn_feature_offset_median_km": 14.0, "accuracy_tier": "low", "inside_egypt": true}}, {"type": "Feature", "geometry": {"type": "LineString", "coordinates": [[32.28948, 30.749878], [32.260157, 30.750571]]}, "properties": {"source_map": "gasco2007", "source_file": "maps/source_mashreq_gas_initiative_2008.pdf", "source_page": 15, "source_title": "GASCO, Natural Gas Network, Nov. 2007", "legend_class": "existing_pl", "path_id": "g07-0107", "stroke_rgb": "#019901", "dashed": false, "geometry_source": "stroke", "length_km": 2.81, "georef_order": 2, "georef_source": "printed 1-degree graticule", "georef_loo_rmse_km": 2.153, "drawn_feature_offset_median_km": 14.0, "accuracy_tier": "low", "inside_egypt": true}}, {"type": "Feature", "geometry": {"type": "LineString", "coordinates": [[32.279528, 30.661003], [32.246597, 30.661777]]}, "properties": {"source_map": "gasco2007", "source_file": "maps/source_mashreq_gas_initiative_2008.pdf", "source_page": 15, "source_title": "GASCO, Natural Gas Network, Nov. 2007", "legend_class": "existing_pl", "path_id": "g07-0108", "stroke_rgb": "#019901", "dashed": false, "geometry_source": "stroke", "length_km": 3.16, "georef_order": 2, "georef_source": "printed 1-degree graticule", "georef_loo_rmse_km": 2.153, "drawn_feature_offset_median_km": 14.0, "accuracy_tier": "low", "inside_egypt": true}}, {"type": "Feature", "geometry": {"type": "LineString", "coordinates": [[33.997317, 31.079149], [33.96563, 31.02328], [33.913851, 31.010915], [33.825513, 30.99985], [33.682209, 30.987117], [33.513447, 30.978611], [33.414412, 30.974746], [33.259914, 30.958361], [33.214107, 31.006105]]}, "properties": {"source_map": "gasco2007", "source_file": "maps/source_mashreq_gas_initiative_2008.pdf", "source_page": 15, "source_title": "GASCO, Natural Gas Network, Nov. 2007", "legend_class": "under_construction_pl", "path_id": "g07-0109", "stroke_rgb": "#3434FF", "dashed": true, "geometry_source": "stroke", "length_km": 81.67, "georef_order": 2, "georef_source": "printed 1-degree graticule", "georef_loo_rmse_km": 2.153, "drawn_feature_offset_median_km": 14.0, "accuracy_tier": "low", "inside_egypt": true}}, {"type": "Feature", "geometry": {"type": "LineString", "coordinates": [[30.472755, 31.04788], [30.384143, 30.77378], [30.447891, 30.598343], [30.558156, 30.600874], [30.582985, 30.539956]]}, "properties": {"source_map": "gasco2007", "source_file": "maps/source_mashreq_gas_initiative_2008.pdf", "source_page": 15, "source_title": "GASCO, Natural Gas Network, Nov. 2007", "legend_class": "under_construction_pl", "path_id": "g07-0110", "stroke_rgb": "#0101FF", "dashed": true, "geometry_source": "stroke", "length_km": 69.67, "georef_order": 2, "georef_source": "printed 1-degree graticule", "georef_loo_rmse_km": 2.153, "drawn_feature_offset_median_km": 14.0, "accuracy_tier": "low", "inside_egypt": true}}, {"type": "Feature", "geometry": {"type": "LineString", "coordinates": [[32.16414, 31.241502], [32.091476, 31.275284], [32.051575, 31.297551], [32.029929, 31.312326], [31.979065, 31.338431], [31.90982, 31.368509], [31.855329, 31.39819], [31.766844, 31.399992], [31.710829, 31.372558]]}, "properties": {"source_map": "gasco2007", "source_file": "maps/source_mashreq_gas_initiative_2008.pdf", "source_page": 15, "source_title": "GASCO, Natural Gas Network, Nov. 2007", "legend_class": "existing_pl", "path_id": "g07-0111", "stroke_rgb": "#019901", "dashed": false, "geometry_source": "stroke", "length_km": 48.75, "georef_order": 2, "georef_source": "printed 1-degree graticule", "georef_loo_rmse_km": 2.153, "drawn_feature_offset_median_km": 14.0, "accuracy_tier": "low", "inside_egypt": true}}, {"type": "Feature", "geometry": {"type": "LineString", "coordinates": [[32.226345, 30.975974], [32.229441, 31.082912], [32.226419, 31.104422], [32.202143, 31.154933], [32.151722, 31.191816], [32.164444, 31.252189]]}, "properties": {"source_map": "gasco2007", "source_file": "maps/source_mashreq_gas_initiative_2008.pdf", "source_page": 15, "source_title": "GASCO, Natural Gas Network, Nov. 2007", "legend_class": "under_construction_pl", "path_id": "g07-0112", "stroke_rgb": "#3434FF", "dashed": true, "geometry_source": "stroke", "length_km": 33.44, "georef_order": 2, "georef_source": "printed 1-degree graticule", "georef_loo_rmse_km": 2.153, "drawn_feature_offset_median_km": 14.0, "accuracy_tier": "low", "inside_egypt": true}}, {"type": "Feature", "geometry": {"type": "LineString", "coordinates": [[32.175258, 31.244785], [32.171611, 31.24487], [32.167496, 31.230671], [32.171204, 31.230586], [32.167395, 31.227134], [32.259473, 31.103643], [32.233904, 30.729767], [32.220673, 30.651643], [32.200044, 30.570169], [32.215542, 30.473601], [32.227498, 30.380745], [32.275165, 30.262098], [32.345861, 30.185683], [32.474106, 30.090052], [32.470042, 29.958471]]}, "properties": {"source_map": "gasco2007", "source_file": "maps/source_mashreq_gas_initiative_2008.pdf", "source_page": 15, "source_title": "GASCO, Natural Gas Network, Nov. 2007", "legend_class": "existing_pl", "path_id": "g07-0113", "stroke_rgb": "#019901", "dashed": false, "geometry_source": "stroke", "length_km": 155.47, "georef_order": 2, "georef_source": "printed 1-degree graticule", "georef_loo_rmse_km": 2.153, "drawn_feature_offset_median_km": 14.0, "accuracy_tier": "low", "inside_egypt": true}}, {"type": "Feature", "geometry": {"type": "LineString", "coordinates": [[31.431812, 31.26698], [31.512974, 31.269147], [31.53893, 31.275761]]}, "properties": {"source_map": "gasco2007", "source_file": "maps/source_mashreq_gas_initiative_2008.pdf", "source_page": 15, "source_title": "GASCO, Natural Gas Network, Nov. 2007", "legend_class": "existing_pl", "path_id": "g07-0114", "stroke_rgb": "#019901", "dashed": false, "geometry_source": "stroke", "length_km": 10.31, "georef_order": 2, "georef_source": "printed 1-degree graticule", "georef_loo_rmse_km": 2.153, "drawn_feature_offset_median_km": 14.0, "accuracy_tier": "low", "inside_egypt": true}}, {"type": "Feature", "geometry": {"type": "LineString", "coordinates": [[31.574616, 31.382296], [31.428166, 31.431339], [31.26709, 31.498366], [31.134795, 31.536215], [31.005576, 31.545282], [30.897797, 31.518143], [30.826859, 31.479737], [30.607362, 31.400162], [30.574198, 31.407673]]}, "properties": {"source_map": "gasco2007", "source_file": "maps/source_mashreq_gas_initiative_2008.pdf", "source_page": 15, "source_title": "GASCO, Natural Gas Network, Nov. 2007", "legend_class": "under_study_pl", "path_id": "g07-0115", "stroke_rgb": "#FF0101", "dashed": true, "geometry_source": "stroke", "length_km": 102.09, "georef_order": 2, "georef_source": "printed 1-degree graticule", "georef_loo_rmse_km": 2.153, "drawn_feature_offset_median_km": 14.0, "accuracy_tier": "low", "inside_egypt": true}}, {"type": "Feature", "geometry": {"type": "LineString", "coordinates": [[35.535858, 31.383077], [35.689237, 31.375361]]}, "properties": {"source_map": "gasco2007", "source_file": "maps/source_mashreq_gas_initiative_2008.pdf", "source_page": 15, "source_title": "GASCO, Natural Gas Network, Nov. 2007", "legend_class": "existing_pl", "path_id": "g07-0116", "stroke_rgb": "#019901", "dashed": false, "geometry_source": "stroke", "length_km": 14.62, "georef_order": 2, "georef_source": "printed 1-degree graticule", "georef_loo_rmse_km": 2.153, "drawn_feature_offset_median_km": 14.0, "accuracy_tier": "low", "inside_egypt": false}}, {"type": "Feature", "geometry": {"type": "LineString", "coordinates": [[35.571534, 31.559752], [35.765292, 31.549916]]}, "properties": {"source_map": "gasco2007", "source_file": "maps/source_mashreq_gas_initiative_2008.pdf", "source_page": 15, "source_title": "GASCO, Natural Gas Network, Nov. 2007", "legend_class": "existing_pl", "path_id": "g07-0117", "stroke_rgb": "#019901", "dashed": false, "geometry_source": "stroke", "length_km": 18.43, "georef_order": 2, "georef_source": "printed 1-degree graticule", "georef_loo_rmse_km": 2.153, "drawn_feature_offset_median_km": 14.0, "accuracy_tier": "low", "inside_egypt": false}}, {"type": "Feature", "geometry": {"type": "LineString", "coordinates": [[32.739075, 31.27692], [32.792101, 31.214752]]}, "properties": {"source_map": "gasco2007", "source_file": "maps/source_mashreq_gas_initiative_2008.pdf", "source_page": 15, "source_title": "GASCO, Natural Gas Network, Nov. 2007", "legend_class": "under_study_pl", "path_id": "g07-0118", "stroke_rgb": "#FF0101", "dashed": true, "geometry_source": "stroke", "length_km": 8.55, "georef_order": 2, "georef_source": "printed 1-degree graticule", "georef_loo_rmse_km": 2.153, "drawn_feature_offset_median_km": 14.0, "accuracy_tier": "low", "inside_egypt": true}}, {"type": "Feature", "geometry": {"type": "LineString", "coordinates": [[32.998211, 31.330161], [32.635168, 31.36184]]}, "properties": {"source_map": "gasco2007", "source_file": "maps/source_mashreq_gas_initiative_2008.pdf", "source_page": 15, "source_title": "GASCO, Natural Gas Network, Nov. 2007", "legend_class": "under_study_pl", "path_id": "g07-0119", "stroke_rgb": "#FF0101", "dashed": true, "geometry_source": "stroke", "length_km": 34.72, "georef_order": 2, "georef_source": "printed 1-degree graticule", "georef_loo_rmse_km": 2.153, "drawn_feature_offset_median_km": 14.0, "accuracy_tier": "low", "inside_egypt": true}}, {"type": "Feature", "geometry": {"type": "LineString", "coordinates": [[28.73563, 31.171289], [28.654, 31.19964], [28.550094, 31.23849]]}, "properties": {"source_map": "gasco2007", "source_file": "maps/source_mashreq_gas_initiative_2008.pdf", "source_page": 15, "source_title": "GASCO, Natural Gas Network, Nov. 2007", "legend_class": "under_study_pl", "path_id": "g07-0120", "stroke_rgb": "#FF0101", "dashed": true, "geometry_source": "stroke", "length_km": 19.19, "georef_order": 2, "georef_source": "printed 1-degree graticule", "georef_loo_rmse_km": 2.153, "drawn_feature_offset_median_km": 14.0, "accuracy_tier": "low", "inside_egypt": true}}, {"type": "Feature", "geometry": {"type": "LineString", "coordinates": [[28.490655, 31.263249], [28.405281, 31.241345], [28.301339, 31.212026]]}, "properties": {"source_map": "gasco2007", "source_file": "maps/source_mashreq_gas_initiative_2008.pdf", "source_page": 15, "source_title": "GASCO, Natural Gas Network, Nov. 2007", "legend_class": "under_study_pl", "path_id": "g07-0121", "stroke_rgb": "#FF0101", "dashed": true, "geometry_source": "stroke", "length_km": 18.91, "georef_order": 2, "georef_source": "printed 1-degree graticule", "georef_loo_rmse_km": 2.153, "drawn_feature_offset_median_km": 14.0, "accuracy_tier": "low", "inside_egypt": true}}, {"type": "Feature", "geometry": {"type": "LineString", "coordinates": [[32.222707, 30.976059], [32.163444, 30.571004]]}, "properties": {"source_map": "gasco2007", "source_file": "maps/source_mashreq_gas_initiative_2008.pdf", "source_page": 15, "source_title": "GASCO, Natural Gas Network, Nov. 2007", "legend_class": "existing_pl", "path_id": "g07-0122", "stroke_rgb": "#019901", "dashed": false, "geometry_source": "stroke", "length_km": 45.26, "georef_order": 2, "georef_source": "printed 1-degree graticule", "georef_loo_rmse_km": 2.153, "drawn_feature_offset_median_km": 14.0, "accuracy_tier": "low", "inside_egypt": true}}, {"type": "Feature", "geometry": {"type": "LineString", "coordinates": [[32.163343, 30.567458], [32.163444, 30.571004], [32.178669, 30.463772], [32.190653, 30.37086], [32.249328, 30.252033], [32.279123, 30.148092], [32.224665, 29.903865], [32.174045, 29.78761], [32.124312, 29.699816], [32.12343, 29.408407], [32.236447, 29.306462], [32.4687, 29.208659], [32.524723, 29.150483], [32.537066, 29.08277], [32.598031, 29.070607]]}, "properties": {"source_map": "gasco2007", "source_file": "maps/source_mashreq_gas_initiative_2008.pdf", "source_page": 15, "source_title": "GASCO, Natural Gas Network, Nov. 2007", "legend_class": "under_construction_pl", "path_id": "g07-0123", "stroke_rgb": "#0101FF", "dashed": true, "geometry_source": "stroke", "length_km": 196.38, "georef_order": 2, "georef_source": "printed 1-degree graticule", "georef_loo_rmse_km": 2.153, "drawn_feature_offset_median_km": 14.0, "accuracy_tier": "low", "inside_egypt": true}}, {"type": "Feature", "geometry": {"type": "LineString", "coordinates": [[27.315135, 29.963821], [27.187193, 29.87246]]}, "properties": {"source_map": "gasco2007", "source_file": "maps/source_mashreq_gas_initiative_2008.pdf", "source_page": 15, "source_title": "GASCO, Natural Gas Network, Nov. 2007", "legend_class": "existing_pl", "path_id": "g07-0124", "stroke_rgb": "#019901", "dashed": false, "geometry_source": "stroke", "length_km": 15.98, "georef_order": 2, "georef_source": "printed 1-degree graticule", "georef_loo_rmse_km": 2.153, "drawn_feature_offset_median_km": 14.0, "accuracy_tier": "low", "inside_egypt": true}}, {"type": "Feature", "geometry": {"type": "LineString", "coordinates": [[27.072134, 29.931269], [27.092014, 29.824391]]}, "properties": {"source_map": "gasco2007", "source_file": "maps/source_mashreq_gas_initiative_2008.pdf", "source_page": 15, "source_title": "GASCO, Natural Gas Network, Nov. 2007", "legend_class": "existing_pl", "path_id": "g07-0125", "stroke_rgb": "#019901", "dashed": false, "geometry_source": "stroke", "length_km": 12.0, "georef_order": 2, "georef_source": "printed 1-degree graticule", "georef_loo_rmse_km": 2.153, "drawn_feature_offset_median_km": 14.0, "accuracy_tier": "low", "inside_egypt": true}}, {"type": "Feature", "geometry": {"type": "LineString", "coordinates": [[32.16749, 31.359209], [32.080651, 31.282667]]}, "properties": {"source_map": "gasco2007", "source_file": "maps/source_mashreq_gas_initiative_2008.pdf", "source_page": 15, "source_title": "GASCO, Natural Gas Network, Nov. 2007", "legend_class": "existing_pl", "path_id": "g07-0126", "stroke_rgb": "#019901", "dashed": false, "geometry_source": "stroke", "length_km": 11.85, "georef_order": 2, "georef_source": "printed 1-degree graticule", "georef_loo_rmse_km": 2.153, "drawn_feature_offset_median_km": 14.0, "accuracy_tier": "low", "inside_egypt": true}}, {"type": "Feature", "geometry": {"type": "LineString", "coordinates": [[32.875806, 31.083995], [32.747816, 30.987682]]}, "properties": {"source_map": "gasco2007", "source_file": "maps/source_mashreq_gas_initiative_2008.pdf", "source_page": 15, "source_title": "GASCO, Natural Gas Network, Nov. 2007", "legend_class": "under_study_pl", "path_id": "g07-0127", "stroke_rgb": "#FF0101", "dashed": true, "geometry_source": "stroke", "length_km": 16.23, "georef_order": 2, "georef_source": "printed 1-degree graticule", "georef_loo_rmse_km": 2.153, "drawn_feature_offset_median_km": 14.0, "accuracy_tier": "low", "inside_egypt": true}}, {"type": "Feature", "geometry": {"type": "LineString", "coordinates": [[32.556175, 31.424657], [33.074491, 31.406438]]}, "properties": {"source_map": "gasco2007", "source_file": "maps/source_mashreq_gas_initiative_2008.pdf", "source_page": 15, "source_title": "GASCO, Natural Gas Network, Nov. 2007", "legend_class": "under_study_pl", "path_id": "g07-0128", "stroke_rgb": "#FF0101", "dashed": true, "geometry_source": "stroke", "length_km": 49.33, "georef_order": 2, "georef_source": "printed 1-degree graticule", "georef_loo_rmse_km": 2.153, "drawn_feature_offset_median_km": 14.0, "accuracy_tier": "low", "inside_egypt": true}}, {"type": "Feature", "geometry": {"type": "LineString", "coordinates": [[32.209999, 31.301094], [32.731359, 31.26644]]}, "properties": {"source_map": "gasco2007", "source_file": "maps/source_mashreq_gas_initiative_2008.pdf", "source_page": 15, "source_title": "GASCO, Natural Gas Network, Nov. 2007", "legend_class": "under_study_pl", "path_id": "g07-0129", "stroke_rgb": "#FF0101", "dashed": true, "geometry_source": "stroke", "length_km": 49.79, "georef_order": 2, "georef_source": "printed 1-degree graticule", "georef_loo_rmse_km": 2.153, "drawn_feature_offset_median_km": 14.0, "accuracy_tier": "low", "inside_egypt": true}}, {"type": "Feature", "geometry": {"type": "LineString", "coordinates": [[32.202641, 31.301266], [32.574782, 31.43125]]}, "properties": {"source_map": "gasco2007", "source_file": "maps/source_mashreq_gas_initiative_2008.pdf", "source_page": 15, "source_title": "GASCO, Natural Gas Network, Nov. 2007", "legend_class": "existing_pl", "path_id": "g07-0130", "stroke_rgb": "#019901", "dashed": false, "geometry_source": "stroke", "length_km": 38.23, "georef_order": 2, "georef_source": "printed 1-degree graticule", "georef_loo_rmse_km": 2.153, "drawn_feature_offset_median_km": 14.0, "accuracy_tier": "low", "inside_egypt": true}}, {"type": "Feature", "geometry": {"type": "LineString", "coordinates": [[32.202641, 31.301266], [32.587237, 31.359559]]}, "properties": {"source_map": "gasco2007", "source_file": "maps/source_mashreq_gas_initiative_2008.pdf", "source_page": 15, "source_title": "GASCO, Natural Gas Network, Nov. 2007", "legend_class": "existing_pl", "path_id": "g07-0131", "stroke_rgb": "#019901", "dashed": false, "geometry_source": "stroke", "length_km": 37.17, "georef_order": 2, "georef_source": "printed 1-degree graticule", "georef_loo_rmse_km": 2.153, "drawn_feature_offset_median_km": 14.0, "accuracy_tier": "low", "inside_egypt": true}}, {"type": "Feature", "geometry": {"type": "LineString", "coordinates": [[32.206454, 31.304777], [32.496764, 31.526163]]}, "properties": {"source_map": "gasco2007", "source_file": "maps/source_mashreq_gas_initiative_2008.pdf", "source_page": 15, "source_title": "GASCO, Natural Gas Network, Nov. 2007", "legend_class": "existing_pl", "path_id": "g07-0132", "stroke_rgb": "#019901", "dashed": false, "geometry_source": "stroke", "length_km": 36.94, "georef_order": 2, "georef_source": "printed 1-degree graticule", "georef_loo_rmse_km": 2.153, "drawn_feature_offset_median_km": 14.0, "accuracy_tier": "low", "inside_egypt": true}}, {"type": "Feature", "geometry": {"type": "LineString", "coordinates": [[32.489827, 31.540644], [32.435209, 31.56344]]}, "properties": {"source_map": "gasco2007", "source_file": "maps/source_mashreq_gas_initiative_2008.pdf", "source_page": 15, "source_title": "GASCO, Natural Gas Network, Nov. 2007", "legend_class": "existing_pl", "path_id": "g07-0133", "stroke_rgb": "#019901", "dashed": false, "geometry_source": "stroke", "length_km": 5.77, "georef_order": 2, "georef_source": "printed 1-degree graticule", "georef_loo_rmse_km": 2.153, "drawn_feature_offset_median_km": 14.0, "accuracy_tier": "low", "inside_egypt": true}}, {"type": "Feature", "geometry": {"type": "LineString", "coordinates": [[32.323015, 31.759199], [32.2276, 31.654306]]}, "properties": {"source_map": "gasco2007", "source_file": "maps/source_mashreq_gas_initiative_2008.pdf", "source_page": 15, "source_title": "GASCO, Natural Gas Network, Nov. 2007", "legend_class": "under_study_pl", "path_id": "g07-0134", "stroke_rgb": "#FF0101", "dashed": true, "geometry_source": "stroke", "length_km": 14.73, "georef_order": 2, "georef_source": "printed 1-degree graticule", "georef_loo_rmse_km": 2.153, "drawn_feature_offset_median_km": 14.0, "accuracy_tier": "low", "inside_egypt": true}}, {"type": "Feature", "geometry": {"type": "LineString", "coordinates": [[32.176396, 31.412582], [32.205081, 31.640531]]}, "properties": {"source_map": "gasco2007", "source_file": "maps/source_mashreq_gas_initiative_2008.pdf", "source_page": 15, "source_title": "GASCO, Natural Gas Network, Nov. 2007", "legend_class": "under_study_pl", "path_id": "g07-0135", "stroke_rgb": "#FF0101", "dashed": true, "geometry_source": "stroke", "length_km": 25.42, "georef_order": 2, "georef_source": "printed 1-degree graticule", "georef_loo_rmse_km": 2.153, "drawn_feature_offset_median_km": 14.0, "accuracy_tier": "low", "inside_egypt": true}}, {"type": "Feature", "geometry": {"type": "LineString", "coordinates": [[27.284409, 30.696369], [27.242066, 30.82462]]}, "properties": {"source_map": "gasco2007", "source_file": "maps/source_mashreq_gas_initiative_2008.pdf", "source_page": 15, "source_title": "GASCO, Natural Gas Network, Nov. 2007", "legend_class": "existing_pl", "path_id": "g07-0136", "stroke_rgb": "#019901", "dashed": false, "geometry_source": "stroke", "length_km": 14.79, "georef_order": 2, "georef_source": "printed 1-degree graticule", "georef_loo_rmse_km": 2.153, "drawn_feature_offset_median_km": 14.0, "accuracy_tier": "low", "inside_egypt": true}}, {"type": "Feature", "geometry": {"type": "LineString", "coordinates": [[27.277059, 30.689086], [26.957276, 30.999141]]}, "properties": {"source_map": "gasco2007", "source_file": "maps/source_mashreq_gas_initiative_2008.pdf", "source_page": 15, "source_title": "GASCO, Natural Gas Network, Nov. 2007", "legend_class": "under_study_pl", "path_id": "g07-0137", "stroke_rgb": "#FF0101", "dashed": true, "geometry_source": "stroke", "length_km": 46.02, "georef_order": 2, "georef_source": "printed 1-degree graticule", "georef_loo_rmse_km": 2.153, "drawn_feature_offset_median_km": 14.0, "accuracy_tier": "low", "inside_egypt": true}}, {"type": "Feature", "geometry": {"type": "LineString", "coordinates": [[29.783616, 30.752737], [29.85727, 30.752406]]}, "properties": {"source_map": "gasco2007", "source_file": "maps/source_mashreq_gas_initiative_2008.pdf", "source_page": 15, "source_title": "GASCO, Natural Gas Network, Nov. 2007", "legend_class": "existing_pl", "path_id": "g07-0138", "stroke_rgb": "#019901", "dashed": false, "geometry_source": "stroke", "length_km": 7.05, "georef_order": 2, "georef_source": "printed 1-degree graticule", "georef_loo_rmse_km": 2.153, "drawn_feature_offset_median_km": 14.0, "accuracy_tier": "low", "inside_egypt": true}}, {"type": "Feature", "geometry": {"type": "LineString", "coordinates": [[30.582876, 30.53281], [30.588804, 30.443599], [30.542616, 30.297912], [30.632314, 30.175831], [30.623596, 30.086856], [30.851377, 29.728326], [30.959687, 29.670097]]}, "properties": {"source_map": "gasco2007", "source_file": "maps/source_mashreq_gas_initiative_2008.pdf", "source_page": 15, "source_title": "GASCO, Natural Gas Network, Nov. 2007", "legend_class": "under_study_pl", "path_id": "g07-0139", "stroke_rgb": "#FF0101", "dashed": true, "geometry_source": "stroke", "length_km": 110.34, "georef_order": 2, "georef_source": "printed 1-degree graticule", "georef_loo_rmse_km": 2.153, "drawn_feature_offset_median_km": 14.0, "accuracy_tier": "low", "inside_egypt": true}}, {"type": "Feature", "geometry": {"type": "LineString", "coordinates": [[29.844341, 30.941717], [29.781314, 30.913414], [29.73644, 30.842207], [29.728688, 30.799336]]}, "properties": {"source_map": "gasco2007", "source_file": "maps/source_mashreq_gas_initiative_2008.pdf", "source_page": 15, "source_title": "GASCO, Natural Gas Network, Nov. 2007", "legend_class": "under_study_pl", "path_id": "g07-0140", "stroke_rgb": "#FF0101", "dashed": true, "geometry_source": "stroke", "length_km": 20.59, "georef_order": 2, "georef_source": "printed 1-degree graticule", "georef_loo_rmse_km": 2.153, "drawn_feature_offset_median_km": 14.0, "accuracy_tier": "low", "inside_egypt": true}}, {"type": "Feature", "geometry": {"type": "LineString", "coordinates": [[30.293169, 31.135216], [30.233733, 31.107153], [30.226378, 31.110754], [30.174574, 31.100451]]}, "properties": {"source_map": "gasco2007", "source_file": "maps/source_mashreq_gas_initiative_2008.pdf", "source_page": 15, "source_title": "GASCO, Natural Gas Network, Nov. 2007", "legend_class": "under_study_pl", "path_id": "g07-0141", "stroke_rgb": "#FF0101", "dashed": true, "geometry_source": "stroke", "length_km": 12.35, "georef_order": 2, "georef_source": "printed 1-degree graticule", "georef_loo_rmse_km": 2.153, "drawn_feature_offset_median_km": 14.0, "accuracy_tier": "low", "inside_egypt": true}}, {"type": "Feature", "geometry": {"type": "LineString", "coordinates": [[28.446214, 31.173529], [28.468447, 31.202313], [28.498119, 31.238232]]}, "properties": {"source_map": "gasco2007", "source_file": "maps/source_mashreq_gas_initiative_2008.pdf", "source_page": 15, "source_title": "GASCO, Natural Gas Network, Nov. 2007", "legend_class": "under_study_pl", "path_id": "g07-0142", "stroke_rgb": "#FF0101", "dashed": true, "geometry_source": "stroke", "length_km": 8.71, "georef_order": 2, "georef_source": "printed 1-degree graticule", "georef_loo_rmse_km": 2.153, "drawn_feature_offset_median_km": 14.0, "accuracy_tier": "low", "inside_egypt": true}}, {"type": "Feature", "geometry": {"type": "LineString", "coordinates": [[28.516658, 31.256282], [28.820981, 31.246674], [29.054596, 31.232833], [29.210213, 31.229281], [30.146491, 31.225711], [30.410827, 31.102018]]}, "properties": {"source_map": "gasco2007", "source_file": "maps/source_mashreq_gas_initiative_2008.pdf", "source_page": 15, "source_title": "GASCO, Natural Gas Network, Nov. 2007", "legend_class": "under_study_pl", "path_id": "g07-0143", "stroke_rgb": "#FF0101", "dashed": true, "geometry_source": "stroke", "length_km": 184.04, "georef_order": 2, "georef_source": "printed 1-degree graticule", "georef_loo_rmse_km": 2.153, "drawn_feature_offset_median_km": 14.0, "accuracy_tier": "low", "inside_egypt": true}}, {"type": "Feature", "geometry": {"type": "LineString", "coordinates": [[32.410178, 30.985827], [32.370201, 30.997499], [32.413768, 30.9822], [32.41007, 30.982292], [32.415179, 31.028492], [32.505327, 30.976296], [32.621941, 30.951834], [32.703738, 30.985334]]}, "properties": {"source_map": "gasco2007", "source_file": "maps/source_mashreq_gas_initiative_2008.pdf", "source_page": 15, "source_title": "GASCO, Natural Gas Network, Nov. 2007", "legend_class": "under_construction_pl", "path_id": "g07-0144", "stroke_rgb": "#3434FF", "dashed": true, "geometry_source": "stroke", "length_km": 44.52, "georef_order": 2, "georef_source": "printed 1-degree graticule", "georef_loo_rmse_km": 2.153, "drawn_feature_offset_median_km": 14.0, "accuracy_tier": "low", "inside_egypt": true}}, {"type": "Feature", "geometry": {"type": "LineString", "coordinates": [[30.940985, 29.645428], [30.811995, 29.341112]]}, "properties": {"source_map": "gasco2007", "source_file": "maps/source_mashreq_gas_initiative_2008.pdf", "source_page": 15, "source_title": "GASCO, Natural Gas Network, Nov. 2007", "legend_class": "existing_pl", "path_id": "g07-0145", "stroke_rgb": "#019901", "dashed": false, "geometry_source": "stroke", "length_km": 35.98, "georef_order": 2, "georef_source": "printed 1-degree graticule", "georef_loo_rmse_km": 2.153, "drawn_feature_offset_median_km": 14.0, "accuracy_tier": "low", "inside_egypt": true}}, {"type": "Feature", "geometry": {"type": "LineString", "coordinates": [[31.169409, 29.414821], [31.307327, 29.412805]]}, "properties": {"source_map": "gasco2007", "source_file": "maps/source_mashreq_gas_initiative_2008.pdf", "source_page": 15, "source_title": "GASCO, Natural Gas Network, Nov. 2007", "legend_class": "existing_pl", "path_id": "g07-0146", "stroke_rgb": "#019901", "dashed": false, "geometry_source": "stroke", "length_km": 13.39, "georef_order": 2, "georef_source": "printed 1-degree graticule", "georef_loo_rmse_km": 2.153, "drawn_feature_offset_median_km": 14.0, "accuracy_tier": "low", "inside_egypt": true}}, {"type": "Feature", "geometry": {"type": "LineString", "coordinates": [[31.189121, 29.492781], [31.198428, 29.414409]]}, "properties": {"source_map": "gasco2007", "source_file": "maps/source_mashreq_gas_initiative_2008.pdf", "source_page": 15, "source_title": "GASCO, Natural Gas Network, Nov. 2007", "legend_class": "existing_pl", "path_id": "g07-0147", "stroke_rgb": "#019901", "dashed": false, "geometry_source": "stroke", "length_km": 8.73, "georef_order": 2, "georef_source": "printed 1-degree graticule", "georef_loo_rmse_km": 2.153, "drawn_feature_offset_median_km": 14.0, "accuracy_tier": "low", "inside_egypt": true}}, {"type": "Feature", "geometry": {"type": "LineString", "coordinates": [[31.125368, 29.39409], [31.14203, 29.315713], [31.26877, 29.303198], [31.279818, 29.136107], [31.277604, 29.029555], [31.064829, 28.691731], [31.158096, 28.662156]]}, "properties": {"source_map": "gasco2007", "source_file": "maps/source_mashreq_gas_initiative_2008.pdf", "source_page": 15, "source_title": "GASCO, Natural Gas Network, Nov. 2007", "legend_class": "existing_pl", "path_id": "g07-0148", "stroke_rgb": "#019901", "dashed": false, "geometry_source": "stroke", "length_km": 104.09, "georef_order": 2, "georef_source": "printed 1-degree graticule", "georef_loo_rmse_km": 2.153, "drawn_feature_offset_median_km": 14.0, "accuracy_tier": "low", "inside_egypt": true}}, {"type": "Feature", "geometry": {"type": "LineString", "coordinates": [[33.190319, 28.016091], [33.122526, 28.018088], [32.904841, 28.445529], [32.778438, 28.636741], [32.620095, 28.970651], [32.619816, 29.073572], [32.583533, 29.067396], [32.587434, 28.964443], [32.745639, 28.623476], [32.831235, 28.497136], [32.904456, 28.537699]]}, "properties": {"source_map": "gasco2007", "source_file": "maps/source_mashreq_gas_initiative_2008.pdf", "source_page": 15, "source_title": "GASCO, Natural Gas Network, Nov. 2007", "legend_class": "existing_pl", "path_id": "g07-0149", "stroke_rgb": "#019901", "dashed": false, "geometry_source": "stroke", "length_km": 215.31, "georef_order": 2, "georef_source": "printed 1-degree graticule", "georef_loo_rmse_km": 2.153, "drawn_feature_offset_median_km": 14.0, "accuracy_tier": "low", "inside_egypt": true}}, {"type": "Feature", "geometry": {"type": "LineString", "coordinates": [[32.555984, 29.224295], [32.605146, 29.066848]]}, "properties": {"source_map": "gasco2007", "source_file": "maps/source_mashreq_gas_initiative_2008.pdf", "source_page": 15, "source_title": "GASCO, Natural Gas Network, Nov. 2007", "legend_class": "existing_pl", "path_id": "g07-0150", "stroke_rgb": "#019901", "dashed": false, "geometry_source": "stroke", "length_km": 18.09, "georef_order": 2, "georef_source": "printed 1-degree graticule", "georef_loo_rmse_km": 2.153, "drawn_feature_offset_median_km": 14.0, "accuracy_tier": "low", "inside_egypt": true}}, {"type": "Feature", "geometry": {"type": "LineString", "coordinates": [[32.647124, 28.913215], [31.36012, 28.996348], [31.300237, 29.075399]]}, "properties": {"source_map": "gasco2007", "source_file": "maps/source_mashreq_gas_initiative_2008.pdf", "source_page": 15, "source_title": "GASCO, Natural Gas Network, Nov. 2007", "legend_class": "existing_pl", "path_id": "g07-0151", "stroke_rgb": "#019901", "dashed": false, "geometry_source": "stroke", "length_km": 136.32, "georef_order": 2, "georef_source": "printed 1-degree graticule", "georef_loo_rmse_km": 2.153, "drawn_feature_offset_median_km": 14.0, "accuracy_tier": "low", "inside_egypt": true}}, {"type": "Feature", "geometry": {"type": "LineString", "coordinates": [[32.59434, 29.067123], [32.408043, 28.997194]]}, "properties": {"source_map": "gasco2007", "source_file": "maps/source_mashreq_gas_initiative_2008.pdf", "source_page": 15, "source_title": "GASCO, Natural Gas Network, Nov. 2007", "legend_class": "existing_pl", "path_id": "g07-0152", "stroke_rgb": "#019901", "dashed": false, "geometry_source": "stroke", "length_km": 19.73, "georef_order": 2, "georef_source": "printed 1-degree graticule", "georef_loo_rmse_km": 2.153, "drawn_feature_offset_median_km": 14.0, "accuracy_tier": "low", "inside_egypt": true}}, {"type": "Feature", "geometry": {"type": "LineString", "coordinates": [[32.40511, 29.018569], [32.409869, 29.057506], [32.316064, 29.059706]]}, "properties": {"source_map": "gasco2007", "source_file": "maps/source_mashreq_gas_initiative_2008.pdf", "source_page": 15, "source_title": "GASCO, Natural Gas Network, Nov. 2007", "legend_class": "existing_pl", "path_id": "g07-0153", "stroke_rgb": "#019901", "dashed": false, "geometry_source": "stroke", "length_km": 13.48, "georef_order": 2, "georef_source": "printed 1-degree graticule", "georef_loo_rmse_km": 2.153, "drawn_feature_offset_median_km": 14.0, "accuracy_tier": "low", "inside_egypt": true}}, {"type": "Feature", "geometry": {"type": "LineString", "coordinates": [[32.48591, 29.297003], [32.388286, 29.299363]]}, "properties": {"source_map": "gasco2007", "source_file": "maps/source_mashreq_gas_initiative_2008.pdf", "source_page": 15, "source_title": "GASCO, Natural Gas Network, Nov. 2007", "legend_class": "existing_pl", "path_id": "g07-0154", "stroke_rgb": "#019901", "dashed": false, "geometry_source": "stroke", "length_km": 9.49, "georef_order": 2, "georef_source": "printed 1-degree graticule", "georef_loo_rmse_km": 2.153, "drawn_feature_offset_median_km": 14.0, "accuracy_tier": "low", "inside_egypt": true}}, {"type": "Feature", "geometry": {"type": "LineString", "coordinates": [[32.303297, 29.486084], [32.234474, 29.487662]]}, "properties": {"source_map": "gasco2007", "source_file": "maps/source_mashreq_gas_initiative_2008.pdf", "source_page": 15, "source_title": "GASCO, Natural Gas Network, Nov. 2007", "legend_class": "existing_pl", "path_id": "g07-0155", "stroke_rgb": "#019901", "dashed": false, "geometry_source": "stroke", "length_km": 6.68, "georef_order": 2, "georef_source": "printed 1-degree graticule", "georef_loo_rmse_km": 2.153, "drawn_feature_offset_median_km": 14.0, "accuracy_tier": "low", "inside_egypt": true}}, {"type": "Feature", "geometry": {"type": "LineString", "coordinates": [[32.211404, 29.5699], [32.309296, 29.567659]]}, "properties": {"source_map": "gasco2007", "source_file": "maps/source_mashreq_gas_initiative_2008.pdf", "source_page": 15, "source_title": "GASCO, Natural Gas Network, Nov. 2007", "legend_class": "existing_pl", "path_id": "g07-0156", "stroke_rgb": "#019901", "dashed": false, "geometry_source": "stroke", "length_km": 9.49, "georef_order": 2, "georef_source": "printed 1-degree graticule", "georef_loo_rmse_km": 2.153, "drawn_feature_offset_median_km": 14.0, "accuracy_tier": "low", "inside_egypt": true}}, {"type": "Feature", "geometry": {"type": "LineString", "coordinates": [[32.319818, 29.677627], [32.229096, 29.679719]]}, "properties": {"source_map": "gasco2007", "source_file": "maps/source_mashreq_gas_initiative_2008.pdf", "source_page": 15, "source_title": "GASCO, Natural Gas Network, Nov. 2007", "legend_class": "existing_pl", "path_id": "g07-0157", "stroke_rgb": "#019901", "dashed": false, "geometry_source": "stroke", "length_km": 8.78, "georef_order": 2, "georef_source": "printed 1-degree graticule", "georef_loo_rmse_km": 2.153, "drawn_feature_offset_median_km": 14.0, "accuracy_tier": "low", "inside_egypt": true}}, {"type": "Feature", "geometry": {"type": "LineString", "coordinates": [[32.312021, 29.660035], [32.239501, 29.661708]]}, "properties": {"source_map": "gasco2007", "source_file": "maps/source_mashreq_gas_initiative_2008.pdf", "source_page": 15, "source_title": "GASCO, Natural Gas Network, Nov. 2007", "legend_class": "existing_pl", "path_id": "g07-0158", "stroke_rgb": "#019901", "dashed": false, "geometry_source": "stroke", "length_km": 7.02, "georef_order": 2, "georef_source": "printed 1-degree graticule", "georef_loo_rmse_km": 2.153, "drawn_feature_offset_median_km": 14.0, "accuracy_tier": "low", "inside_egypt": true}}, {"type": "Feature", "geometry": {"type": "LineString", "coordinates": [[32.390925, 29.747041], [32.260226, 29.750114]]}, "properties": {"source_map": "gasco2007", "source_file": "maps/source_mashreq_gas_initiative_2008.pdf", "source_page": 15, "source_title": "GASCO, Natural Gas Network, Nov. 2007", "legend_class": "existing_pl", "path_id": "g07-0159", "stroke_rgb": "#019901", "dashed": false, "geometry_source": "stroke", "length_km": 12.65, "georef_order": 2, "georef_source": "printed 1-degree graticule", "georef_loo_rmse_km": 2.153, "drawn_feature_offset_median_km": 14.0, "accuracy_tier": "low", "inside_egypt": true}}, {"type": "Feature", "geometry": {"type": "LineString", "coordinates": [[35.001293, 29.4331], [35.084004, 29.42934]]}, "properties": {"source_map": "gasco2007", "source_file": "maps/source_mashreq_gas_initiative_2008.pdf", "source_page": 15, "source_title": "GASCO, Natural Gas Network, Nov. 2007", "legend_class": "existing_pl", "path_id": "g07-0160", "stroke_rgb": "#01CC01", "dashed": false, "geometry_source": "stroke", "length_km": 8.04, "georef_order": 2, "georef_source": "printed 1-degree graticule", "georef_loo_rmse_km": 2.153, "drawn_feature_offset_median_km": 14.0, "accuracy_tier": "low", "inside_egypt": false}}, {"type": "Feature", "geometry": {"type": "LineString", "coordinates": [[31.482721, 29.783365], [31.431718, 29.784212]]}, "properties": {"source_map": "gasco2007", "source_file": "maps/source_mashreq_gas_initiative_2008.pdf", "source_page": 15, "source_title": "GASCO, Natural Gas Network, Nov. 2007", "legend_class": "existing_pl", "path_id": "g07-0161", "stroke_rgb": "#019901", "dashed": false, "geometry_source": "stroke", "length_km": 4.93, "georef_order": 2, "georef_source": "printed 1-degree graticule", "georef_loo_rmse_km": 2.153, "drawn_feature_offset_median_km": 14.0, "accuracy_tier": "low", "inside_egypt": true}}, {"type": "Feature", "geometry": {"type": "LineString", "coordinates": [[31.453573, 29.783851], [31.451428, 29.687833], [31.411419, 29.688487]]}, "properties": {"source_map": "gasco2007", "source_file": "maps/source_mashreq_gas_initiative_2008.pdf", "source_page": 15, "source_title": "GASCO, Natural Gas Network, Nov. 2007", "legend_class": "existing_pl", "path_id": "g07-0162", "stroke_rgb": "#019901", "dashed": false, "geometry_source": "stroke", "length_km": 14.52, "georef_order": 2, "georef_source": "printed 1-degree graticule", "georef_loo_rmse_km": 2.153, "drawn_feature_offset_median_km": 14.0, "accuracy_tier": "low", "inside_egypt": true}}, {"type": "Feature", "geometry": {"type": "LineString", "coordinates": [[31.481109, 29.552202], [31.604106, 29.52881], [31.599905, 29.504001]]}, "properties": {"source_map": "gasco2007", "source_file": "maps/source_mashreq_gas_initiative_2008.pdf", "source_page": 15, "source_title": "GASCO, Natural Gas Network, Nov. 2007", "legend_class": "existing_pl", "path_id": "g07-0163", "stroke_rgb": "#019901", "dashed": false, "geometry_source": "stroke", "length_km": 14.98, "georef_order": 2, "georef_source": "printed 1-degree graticule", "georef_loo_rmse_km": 2.153, "drawn_feature_offset_median_km": 14.0, "accuracy_tier": "low", "inside_egypt": true}}, {"type": "Feature", "geometry": {"type": "LineString", "coordinates": [[31.485767, 29.758413], [31.674947, 29.755089], [31.670678, 29.730271]]}, "properties": {"source_map": "gasco2007", "source_file": "maps/source_mashreq_gas_initiative_2008.pdf", "source_page": 15, "source_title": "GASCO, Natural Gas Network, Nov. 2007", "legend_class": "existing_pl", "path_id": "g07-0164", "stroke_rgb": "#019901", "dashed": false, "geometry_source": "stroke", "length_km": 21.08, "georef_order": 2, "georef_source": "printed 1-degree graticule", "georef_loo_rmse_km": 2.153, "drawn_feature_offset_median_km": 14.0, "accuracy_tier": "low", "inside_egypt": true}}, {"type": "Feature", "geometry": {"type": "LineString", "coordinates": [[31.483114, 29.64106], [31.621255, 29.638674]]}, "properties": {"source_map": "gasco2007", "source_file": "maps/source_mashreq_gas_initiative_2008.pdf", "source_page": 15, "source_title": "GASCO, Natural Gas Network, Nov. 2007", "legend_class": "existing_pl", "path_id": "g07-0165", "stroke_rgb": "#019901", "dashed": false, "geometry_source": "stroke", "length_km": 13.38, "georef_order": 2, "georef_source": "printed 1-degree graticule", "georef_loo_rmse_km": 2.153, "drawn_feature_offset_median_km": 14.0, "accuracy_tier": "low", "inside_egypt": true}}, {"type": "Feature", "geometry": {"type": "LineString", "coordinates": [[31.478227, 29.584249], [31.554508, 29.582956]]}, "properties": {"source_map": "gasco2007", "source_file": "maps/source_mashreq_gas_initiative_2008.pdf", "source_page": 15, "source_title": "GASCO, Natural Gas Network, Nov. 2007", "legend_class": "existing_pl", "path_id": "g07-0166", "stroke_rgb": "#019901", "dashed": false, "geometry_source": "stroke", "length_km": 7.39, "georef_order": 2, "georef_source": "printed 1-degree graticule", "georef_loo_rmse_km": 2.153, "drawn_feature_offset_median_km": 14.0, "accuracy_tier": "low", "inside_egypt": true}}, {"type": "Feature", "geometry": {"type": "LineString", "coordinates": [[31.576724, 29.75685], [31.575727, 29.714202]]}, "properties": {"source_map": "gasco2007", "source_file": "maps/source_mashreq_gas_initiative_2008.pdf", "source_page": 15, "source_title": "GASCO, Natural Gas Network, Nov. 2007", "legend_class": "existing_pl", "path_id": "g07-0167", "stroke_rgb": "#019901", "dashed": false, "geometry_source": "stroke", "length_km": 4.73, "georef_order": 2, "georef_source": "printed 1-degree graticule", "georef_loo_rmse_km": 2.153, "drawn_feature_offset_median_km": 14.0, "accuracy_tier": "low", "inside_egypt": true}}, {"type": "Feature", "geometry": {"type": "LineString", "coordinates": [[30.77672, 27.426677], [30.779992, 27.408902], [31.323098, 26.900857], [31.798986, 26.329132], [31.970294, 26.128733], [32.194256, 25.948323], [32.331316, 25.945458], [32.50317, 26.047242], [32.58822, 26.066391], [32.663055, 25.987134], [32.648082, 25.850252], [32.540096, 25.764853], [32.354303, 25.652914], [32.324547, 25.593778], [32.515868, 25.209985], [32.772557, 25.056415], [32.815622, 24.781632], [32.793109, 24.627823], [32.793807, 24.442011], [32.757782, 24.295684], [32.760923, 24.285127], [32.753646, 24.274807]]}, "properties": {"source_map": "gasco2007", "source_file": "maps/source_mashreq_gas_initiative_2008.pdf", "source_page": 15, "source_title": "GASCO, Natural Gas Network, Nov. 2007", "legend_class": "under_construction_pl", "path_id": "g07-0168", "stroke_rgb": "#343499", "dashed": true, "geometry_source": "stroke", "length_km": 496.25, "georef_order": 2, "georef_source": "printed 1-degree graticule", "georef_loo_rmse_km": 2.153, "drawn_feature_offset_median_km": 14.0, "accuracy_tier": "low", "inside_egypt": true}}, {"type": "Feature", "geometry": {"type": "LineString", "coordinates": [[32.522733, 25.54368], [32.367432, 25.504957]]}, "properties": {"source_map": "gasco2007", "source_file": "maps/source_mashreq_gas_initiative_2008.pdf", "source_page": 15, "source_title": "GASCO, Natural Gas Network, Nov. 2007", "legend_class": "under_study_pl", "path_id": "g07-0169", "stroke_rgb": "#FF0101", "dashed": true, "geometry_source": "stroke", "length_km": 16.19, "georef_order": 2, "georef_source": "printed 1-degree graticule", "georef_loo_rmse_km": 2.153, "drawn_feature_offset_median_km": 14.0, "accuracy_tier": "low", "inside_egypt": true}}, {"type": "Feature", "geometry": {"type": "LineString", "coordinates": [[33.245382, 28.630519], [32.929815, 28.544023]]}, "properties": {"source_map": "gasco2007", "source_file": "maps/source_mashreq_gas_initiative_2008.pdf", "source_page": 15, "source_title": "GASCO, Natural Gas Network, Nov. 2007", "legend_class": "existing_pl", "path_id": "g07-0170", "stroke_rgb": "#019901", "dashed": false, "geometry_source": "stroke", "length_km": 32.32, "georef_order": 2, "georef_source": "printed 1-degree graticule", "georef_loo_rmse_km": 2.153, "drawn_feature_offset_median_km": 14.0, "accuracy_tier": "low", "inside_egypt": true}}, {"type": "Feature", "geometry": {"type": "LineString", "coordinates": [[33.327719, 28.52879], [33.248603, 28.619804], [33.269049, 28.686484], [33.242156, 28.736988], [33.222495, 28.787201], [33.208728, 28.901082], [33.207592, 28.968473], [33.12032, 29.045565]]}, "properties": {"source_map": "gasco2007", "source_file": "maps/source_mashreq_gas_initiative_2008.pdf", "source_page": 15, "source_title": "GASCO, Natural Gas Network, Nov. 2007", "legend_class": "existing_pl", "path_id": "g07-0171", "stroke_rgb": "#019901", "dashed": false, "geometry_source": "stroke", "length_km": 64.66, "georef_order": 2, "georef_source": "printed 1-degree graticule", "georef_loo_rmse_km": 2.153, "drawn_feature_offset_median_km": 14.0, "accuracy_tier": "low", "inside_egypt": true}}, {"type": "Feature", "geometry": {"type": "LineString", "coordinates": [[33.227547, 29.021104], [33.162223, 29.008872]]}, "properties": {"source_map": "gasco2007", "source_file": "maps/source_mashreq_gas_initiative_2008.pdf", "source_page": 15, "source_title": "GASCO, Natural Gas Network, Nov. 2007", "legend_class": "existing_pl", "path_id": "g07-0172", "stroke_rgb": "#019901", "dashed": false, "geometry_source": "stroke", "length_km": 6.51, "georef_order": 2, "georef_source": "printed 1-degree graticule", "georef_loo_rmse_km": 2.153, "drawn_feature_offset_median_km": 14.0, "accuracy_tier": "low", "inside_egypt": true}}, {"type": "Feature", "geometry": {"type": "LineString", "coordinates": [[33.298624, 28.898329], [33.205231, 28.904705]]}, "properties": {"source_map": "gasco2007", "source_file": "maps/source_mashreq_gas_initiative_2008.pdf", "source_page": 15, "source_title": "GASCO, Natural Gas Network, Nov. 2007", "legend_class": "existing_pl", "path_id": "g07-0173", "stroke_rgb": "#019901", "dashed": false, "geometry_source": "stroke", "length_km": 9.14, "georef_order": 2, "georef_source": "printed 1-degree graticule", "georef_loo_rmse_km": 2.153, "drawn_feature_offset_median_km": 14.0, "accuracy_tier": "low", "inside_egypt": true}}, {"type": "Feature", "geometry": {"type": "LineString", "coordinates": [[33.325951, 28.766309], [33.232715, 28.772695]]}, "properties": {"source_map": "gasco2007", "source_file": "maps/source_mashreq_gas_initiative_2008.pdf", "source_page": 15, "source_title": "GASCO, Natural Gas Network, Nov. 2007", "legend_class": "existing_pl", "path_id": "g07-0174", "stroke_rgb": "#019901", "dashed": false, "geometry_source": "stroke", "length_km": 9.13, "georef_order": 2, "georef_source": "printed 1-degree graticule", "georef_loo_rmse_km": 2.153, "drawn_feature_offset_median_km": 14.0, "accuracy_tier": "low", "inside_egypt": true}}, {"type": "Feature", "geometry": {"type": "LineString", "coordinates": [[33.122901, 28.127732], [33.208819, 28.033215], [33.217732, 27.887911]]}, "properties": {"source_map": "gasco2007", "source_file": "maps/source_mashreq_gas_initiative_2008.pdf", "source_page": 15, "source_title": "GASCO, Natural Gas Network, Nov. 2007", "legend_class": "existing_pl", "path_id": "g07-0175", "stroke_rgb": "#019901", "dashed": false, "geometry_source": "stroke", "length_km": 29.58, "georef_order": 2, "georef_source": "printed 1-degree graticule", "georef_loo_rmse_km": 2.153, "drawn_feature_offset_median_km": 14.0, "accuracy_tier": "low", "inside_egypt": true}}, {"type": "Feature", "geometry": {"type": "LineString", "coordinates": [[33.209585, 28.15], [33.219558, 28.032894]]}, "properties": {"source_map": "gasco2007", "source_file": "maps/source_mashreq_gas_initiative_2008.pdf", "source_page": 15, "source_title": "GASCO, Natural Gas Network, Nov. 2007", "legend_class": "existing_pl", "path_id": "g07-0176", "stroke_rgb": "#019901", "dashed": false, "geometry_source": "stroke", "length_km": 13.01, "georef_order": 2, "georef_source": "printed 1-degree graticule", "georef_loo_rmse_km": 2.153, "drawn_feature_offset_median_km": 14.0, "accuracy_tier": "low", "inside_egypt": true}}, {"type": "Feature", "geometry": {"type": "LineString", "coordinates": [[33.292097, 27.684126], [33.285114, 27.687858], [33.20967, 27.863395]]}, "properties": {"source_map": "gasco2007", "source_file": "maps/source_mashreq_gas_initiative_2008.pdf", "source_page": 15, "source_title": "GASCO, Natural Gas Network, Nov. 2007", "legend_class": "under_study_pl", "path_id": "g07-0177", "stroke_rgb": "#FF0101", "dashed": true, "geometry_source": "stroke", "length_km": 21.63, "georef_order": 2, "georef_source": "printed 1-degree graticule", "georef_loo_rmse_km": 2.153, "drawn_feature_offset_median_km": 14.0, "accuracy_tier": "low", "inside_egypt": true}}, {"type": "Feature", "geometry": {"type": "LineString", "coordinates": [[33.423201, 27.757861], [33.449677, 27.887837]]}, "properties": {"source_map": "gasco2007", "source_file": "maps/source_mashreq_gas_initiative_2008.pdf", "source_page": 15, "source_title": "GASCO, Natural Gas Network, Nov. 2007", "legend_class": "existing_pl", "path_id": "g07-0178", "stroke_rgb": "#019901", "dashed": false, "geometry_source": "stroke", "length_km": 14.64, "georef_order": 2, "georef_source": "printed 1-degree graticule", "georef_loo_rmse_km": 2.153, "drawn_feature_offset_median_km": 14.0, "accuracy_tier": "low", "inside_egypt": true}}, {"type": "Feature", "geometry": {"type": "LineString", "coordinates": [[33.506434, 27.790528], [33.46422, 27.894446]]}, "properties": {"source_map": "gasco2007", "source_file": "maps/source_mashreq_gas_initiative_2008.pdf", "source_page": 15, "source_title": "GASCO, Natural Gas Network, Nov. 2007", "legend_class": "existing_pl", "path_id": "g07-0179", "stroke_rgb": "#019901", "dashed": false, "geometry_source": "stroke", "length_km": 12.24, "georef_order": 2, "georef_source": "printed 1-degree graticule", "georef_loo_rmse_km": 2.153, "drawn_feature_offset_median_km": 14.0, "accuracy_tier": "low", "inside_egypt": true}}, {"type": "Feature", "geometry": {"type": "LineString", "coordinates": [[33.749875, 27.817761], [33.449814, 27.891339], [33.226712, 28.032679]]}, "properties": {"source_map": "gasco2007", "source_file": "maps/source_mashreq_gas_initiative_2008.pdf", "source_page": 15, "source_title": "GASCO, Natural Gas Network, Nov. 2007", "legend_class": "existing_pl", "path_id": "g07-0180", "stroke_rgb": "#019901", "dashed": false, "geometry_source": "stroke", "length_km": 57.63, "georef_order": 2, "georef_source": "printed 1-degree graticule", "georef_loo_rmse_km": 2.153, "drawn_feature_offset_median_km": 14.0, "accuracy_tier": "low", "inside_egypt": true}}, {"type": "Feature", "geometry": {"type": "LineString", "coordinates": [[33.256973, 28.36448], [33.193736, 28.302635], [33.113734, 28.170516]]}, "properties": {"source_map": "gasco2007", "source_file": "maps/source_mashreq_gas_initiative_2008.pdf", "source_page": 15, "source_title": "GASCO, Natural Gas Network, Nov. 2007", "legend_class": "existing_pl", "path_id": "g07-0181", "stroke_rgb": "#019901", "dashed": false, "geometry_source": "stroke", "length_km": 25.86, "georef_order": 2, "georef_source": "printed 1-degree graticule", "georef_loo_rmse_km": 2.153, "drawn_feature_offset_median_km": 14.0, "accuracy_tier": "low", "inside_egypt": true}}, {"type": "Feature", "geometry": {"type": "LineString", "coordinates": [[33.31102, 28.277874], [33.12037, 28.15615]]}, "properties": {"source_map": "gasco2007", "source_file": "maps/source_mashreq_gas_initiative_2008.pdf", "source_page": 15, "source_title": "GASCO, Natural Gas Network, Nov. 2007", "legend_class": "existing_pl", "path_id": "g07-0182", "stroke_rgb": "#019901", "dashed": false, "geometry_source": "stroke", "length_km": 23.07, "georef_order": 2, "georef_source": "printed 1-degree graticule", "georef_loo_rmse_km": 2.153, "drawn_feature_offset_median_km": 14.0, "accuracy_tier": "low", "inside_egypt": true}}, {"type": "Feature", "geometry": {"type": "LineString", "coordinates": [[33.601459, 27.232767], [33.530611, 27.235075]]}, "properties": {"source_map": "gasco2007", "source_file": "maps/source_mashreq_gas_initiative_2008.pdf", "source_page": 15, "source_title": "GASCO, Natural Gas Network, Nov. 2007", "legend_class": "under_study_pl", "path_id": "g07-0183", "stroke_rgb": "#FF0101", "dashed": true, "geometry_source": "stroke", "length_km": 7.02, "georef_order": 2, "georef_source": "printed 1-degree graticule", "georef_loo_rmse_km": 2.153, "drawn_feature_offset_median_km": 14.0, "accuracy_tier": "low", "inside_egypt": true}}, {"type": "Feature", "geometry": {"type": "LineString", "coordinates": [[32.986918, 28.432642], [32.918095, 28.413283]]}, "properties": {"source_map": "gasco2007", "source_file": "maps/source_mashreq_gas_initiative_2008.pdf", "source_page": 15, "source_title": "GASCO, Natural Gas Network, Nov. 2007", "legend_class": "existing_pl", "path_id": "g07-0184", "stroke_rgb": "#019901", "dashed": false, "geometry_source": "stroke", "length_km": 7.08, "georef_order": 2, "georef_source": "printed 1-degree graticule", "georef_loo_rmse_km": 2.153, "drawn_feature_offset_median_km": 14.0, "accuracy_tier": "low", "inside_egypt": true}}, {"type": "Feature", "geometry": {"type": "LineString", "coordinates": [[31.021993, 28.330498], [30.892366, 28.332001]]}, "properties": {"source_map": "gasco2007", "source_file": "maps/source_mashreq_gas_initiative_2008.pdf", "source_page": 15, "source_title": "GASCO, Natural Gas Network, Nov. 2007", "legend_class": "under_construction_pl", "path_id": "g07-0185", "stroke_rgb": "#343499", "dashed": true, "geometry_source": "stroke", "length_km": 12.71, "georef_order": 2, "georef_source": "printed 1-degree graticule", "georef_loo_rmse_km": 2.153, "drawn_feature_offset_median_km": 14.0, "accuracy_tier": "low", "inside_egypt": true}}, {"type": "Feature", "geometry": {"type": "LineString", "coordinates": [[30.948396, 28.24275], [30.822469, 28.244129]]}, "properties": {"source_map": "gasco2007", "source_file": "maps/source_mashreq_gas_initiative_2008.pdf", "source_page": 15, "source_title": "GASCO, Natural Gas Network, Nov. 2007", "legend_class": "under_construction_pl", "path_id": "g07-0186", "stroke_rgb": "#343499", "dashed": true, "geometry_source": "stroke", "length_km": 12.36, "georef_order": 2, "georef_source": "printed 1-degree graticule", "georef_loo_rmse_km": 2.153, "drawn_feature_offset_median_km": 14.0, "accuracy_tier": "low", "inside_egypt": true}}, {"type": "Feature", "geometry": {"type": "LineString", "coordinates": [[30.67087, 28.217289], [30.650233, 28.281289]]}, "properties": {"source_map": "gasco2007", "source_file": "maps/source_mashreq_gas_initiative_2008.pdf", "source_page": 15, "source_title": "GASCO, Natural Gas Network, Nov. 2007", "legend_class": "under_study_pl", "path_id": "g07-0187", "stroke_rgb": "#FF0101", "dashed": true, "geometry_source": "stroke", "length_km": 7.38, "georef_order": 2, "georef_source": "printed 1-degree graticule", "georef_loo_rmse_km": 2.153, "drawn_feature_offset_median_km": 14.0, "accuracy_tier": "low", "inside_egypt": true}}, {"type": "Feature", "geometry": {"type": "LineString", "coordinates": [[31.507856, 26.742925], [31.454565, 26.740155]]}, "properties": {"source_map": "gasco2007", "source_file": "maps/source_mashreq_gas_initiative_2008.pdf", "source_page": 15, "source_title": "GASCO, Natural Gas Network, Nov. 2007", "legend_class": "under_study_pl", "path_id": "g07-0188", "stroke_rgb": "#FF0101", "dashed": true, "geometry_source": "stroke", "length_km": 5.31, "georef_order": 2, "georef_source": "printed 1-degree graticule", "georef_loo_rmse_km": 2.153, "drawn_feature_offset_median_km": 14.0, "accuracy_tier": "low", "inside_egypt": true}}, {"type": "Feature", "geometry": {"type": "LineString", "coordinates": [[31.530455, 26.643741], [31.402883, 26.645604]]}, "properties": {"source_map": "gasco2007", "source_file": "maps/source_mashreq_gas_initiative_2008.pdf", "source_page": 15, "source_title": "GASCO, Natural Gas Network, Nov. 2007", "legend_class": "under_study_pl", "path_id": "g07-0189", "stroke_rgb": "#FF0101", "dashed": true, "geometry_source": "stroke", "length_km": 12.7, "georef_order": 2, "georef_source": "printed 1-degree graticule", "georef_loo_rmse_km": 2.153, "drawn_feature_offset_median_km": 14.0, "accuracy_tier": "low", "inside_egypt": true}}, {"type": "Feature", "geometry": {"type": "LineString", "coordinates": [[32.689693, 26.049842], [32.605332, 26.051887]]}, "properties": {"source_map": "gasco2007", "source_file": "maps/source_mashreq_gas_initiative_2008.pdf", "source_page": 15, "source_title": "GASCO, Natural Gas Network, Nov. 2007", "legend_class": "under_study_pl", "path_id": "g07-0190", "stroke_rgb": "#FF0101", "dashed": true, "geometry_source": "stroke", "length_km": 8.45, "georef_order": 2, "georef_source": "printed 1-degree graticule", "georef_loo_rmse_km": 2.153, "drawn_feature_offset_median_km": 14.0, "accuracy_tier": "low", "inside_egypt": true}}, {"type": "Feature", "geometry": {"type": "LineString", "coordinates": [[32.5813, 26.070047], [32.931306, 26.226739], [32.969552, 26.113038]]}, "properties": {"source_map": "gasco2007", "source_file": "maps/source_mashreq_gas_initiative_2008.pdf", "source_page": 15, "source_title": "GASCO, Natural Gas Network, Nov. 2007", "legend_class": "under_study_pl", "path_id": "g07-0191", "stroke_rgb": "#FF0101", "dashed": true, "geometry_source": "stroke", "length_km": 52.23, "georef_order": 2, "georef_source": "printed 1-degree graticule", "georef_loo_rmse_km": 2.153, "drawn_feature_offset_median_km": 14.0, "accuracy_tier": "low", "inside_egypt": true}}, {"type": "Feature", "geometry": {"type": "LineString", "coordinates": [[32.421553, 29.799604], [32.269042, 29.803218]]}, "properties": {"source_map": "gasco2007", "source_file": "maps/source_mashreq_gas_initiative_2008.pdf", "source_page": 15, "source_title": "GASCO, Natural Gas Network, Nov. 2007", "legend_class": "existing_pl", "path_id": "g07-0192", "stroke_rgb": "#019901", "dashed": false, "geometry_source": "stroke", "length_km": 14.75, "georef_order": 2, "georef_source": "printed 1-degree graticule", "georef_loo_rmse_km": 2.153, "drawn_feature_offset_median_km": 14.0, "accuracy_tier": "low", "inside_egypt": true}}, {"type": "Feature", "geometry": {"type": "LineString", "coordinates": [[33.823299, 26.946503], [33.75461, 26.910049]]}, "properties": {"source_map": "gasco2007", "source_file": "maps/source_mashreq_gas_initiative_2008.pdf", "source_page": 15, "source_title": "GASCO, Natural Gas Network, Nov. 2007", "legend_class": "under_study_pl", "path_id": "g07-0193", "stroke_rgb": "#FF0101", "dashed": true, "geometry_source": "stroke", "length_km": 7.93, "georef_order": 2, "georef_source": "printed 1-degree graticule", "georef_loo_rmse_km": 2.153, "drawn_feature_offset_median_km": 14.0, "accuracy_tier": "low", "inside_egypt": true}}, {"type": "Feature", "geometry": {"type": "LineString", "coordinates": [[31.068477, 28.695263], [30.973724, 28.646701], [30.917228, 28.516134], [30.912468, 28.448817], [30.89612, 28.339065], [30.815745, 28.272587], [30.825815, 28.229901], [30.674125, 28.195976], [30.755181, 27.865705]]}, "properties": {"source_map": "gasco2007", "source_file": "maps/source_mashreq_gas_initiative_2008.pdf", "source_page": 15, "source_title": "GASCO, Natural Gas Network, Nov. 2007", "legend_class": "under_construction_pl", "path_id": "g07-0194", "stroke_rgb": "#0101CC", "dashed": true, "geometry_source": "stroke", "length_km": 114.39, "georef_order": 2, "georef_source": "printed 1-degree graticule", "georef_loo_rmse_km": 2.153, "drawn_feature_offset_median_km": 14.0, "accuracy_tier": "low", "inside_egypt": true}}, {"type": "Feature", "geometry": {"type": "LineString", "coordinates": [[33.065527, 28.023247], [32.824181, 28.500898]]}, "properties": {"source_map": "gasco2007", "source_file": "maps/source_mashreq_gas_initiative_2008.pdf", "source_page": 15, "source_title": "GASCO, Natural Gas Network, Nov. 2007", "legend_class": "under_study_pl", "path_id": "g07-0195", "stroke_rgb": "#FF0101", "dashed": true, "geometry_source": "stroke", "length_km": 57.99, "georef_order": 2, "georef_source": "printed 1-degree graticule", "georef_loo_rmse_km": 2.153, "drawn_feature_offset_median_km": 14.0, "accuracy_tier": "low", "inside_egypt": true}}, {"type": "Feature", "geometry": {"type": "LineString", "coordinates": [[34.808804, 29.406162], [34.744501, 29.274056], [34.714191, 29.243419], [34.721408, 29.172135], [34.703347, 29.098426], [34.664323, 29.036241], [34.64438, 28.923612], [34.632167, 28.821308], [34.598535, 28.719983], [34.553324, 28.601396], [34.516373, 28.503695], [34.442789, 28.38629], [34.39635, 28.235941], [34.348396, 28.128176], [34.390804, 27.967303], [34.312117, 27.885521], [34.325858, 27.874391], [34.297288, 27.872]]}, "properties": {"source_map": "gasco2007", "source_file": "maps/source_mashreq_gas_initiative_2008.pdf", "source_page": 15, "source_title": "GASCO, Natural Gas Network, Nov. 2007", "legend_class": "existing_pl", "path_id": "g07-0196", "stroke_rgb": "#019901", "dashed": false, "geometry_source": "stroke", "length_km": 185.46, "georef_order": 2, "georef_source": "printed 1-degree graticule", "georef_loo_rmse_km": 2.153, "drawn_feature_offset_median_km": 14.0, "accuracy_tier": "low", "inside_egypt": true}}, {"type": "Feature", "geometry": {"type": "LineString", "coordinates": [[30.77672, 27.426677], [30.757899, 27.812607]]}, "properties": {"source_map": "gasco2007", "source_file": "maps/source_mashreq_gas_initiative_2008.pdf", "source_page": 15, "source_title": "GASCO, Natural Gas Network, Nov. 2007", "legend_class": "under_construction_pl", "path_id": "g07-0197", "stroke_rgb": "#0101CC", "dashed": true, "geometry_source": "stroke", "length_km": 42.81, "georef_order": 2, "georef_source": "printed 1-degree graticule", "georef_loo_rmse_km": 2.153, "drawn_feature_offset_median_km": 14.0, "accuracy_tier": "low", "inside_egypt": true}}, {"type": "Feature", "geometry": {"type": "LineString", "coordinates": [[34.311953, 27.882006], [34.081239, 27.820082]]}, "properties": {"source_map": "gasco2007", "source_file": "maps/source_mashreq_gas_initiative_2008.pdf", "source_page": 15, "source_title": "GASCO, Natural Gas Network, Nov. 2007", "legend_class": "under_study_pl", "path_id": "g07-0198", "stroke_rgb": "#FF0101", "dashed": true, "geometry_source": "stroke", "length_km": 23.74, "georef_order": 2, "georef_source": "printed 1-degree graticule", "georef_loo_rmse_km": 2.153, "drawn_feature_offset_median_km": 14.0, "accuracy_tier": "low", "inside_egypt": true}}, {"type": "Feature", "geometry": {"type": "LineString", "coordinates": [[33.537568, 27.23129], [33.547193, 27.206282], [33.201561, 27.739847], [33.033138, 28.017096], [33.111701, 28.014836]]}, "properties": {"source_map": "gasco2007", "source_file": "maps/source_mashreq_gas_initiative_2008.pdf", "source_page": 15, "source_title": "GASCO, Natural Gas Network, Nov. 2007", "legend_class": "existing_pl", "path_id": "g07-0199", "stroke_rgb": "#019901", "dashed": false, "geometry_source": "stroke", "length_km": 113.86, "georef_order": 2, "georef_source": "printed 1-degree graticule", "georef_loo_rmse_km": 2.153, "drawn_feature_offset_median_km": 14.0, "accuracy_tier": "low", "inside_egypt": true}}, {"type": "Feature", "geometry": {"type": "LineString", "coordinates": [[33.874649, 26.57804], [33.828195, 26.812289]]}, "properties": {"source_map": "gasco2007", "source_file": "maps/source_mashreq_gas_initiative_2008.pdf", "source_page": 15, "source_title": "GASCO, Natural Gas Network, Nov. 2007", "legend_class": "under_study_pl", "path_id": "g07-0200", "stroke_rgb": "#FF0101", "dashed": true, "geometry_source": "stroke", "length_km": 26.36, "georef_order": 2, "georef_source": "printed 1-degree graticule", "georef_loo_rmse_km": 2.153, "drawn_feature_offset_median_km": 14.0, "accuracy_tier": "low", "inside_egypt": true}}, {"type": "Feature", "geometry": {"type": "LineString", "coordinates": [[30.984452, 29.630638], [30.898929, 29.325878], [31.090331, 29.081928], [31.27484, 29.072238]]}, "properties": {"source_map": "gasco2007", "source_file": "maps/source_mashreq_gas_initiative_2008.pdf", "source_page": 15, "source_title": "GASCO, Natural Gas Network, Nov. 2007", "legend_class": "existing_pl", "path_id": "g07-0201", "stroke_rgb": "#019901", "dashed": false, "geometry_source": "stroke", "length_km": 85.61, "georef_order": 2, "georef_source": "printed 1-degree graticule", "georef_loo_rmse_km": 2.153, "drawn_feature_offset_median_km": 14.0, "accuracy_tier": "low", "inside_egypt": true}}, {"type": "Feature", "geometry": {"type": "LineString", "coordinates": [[33.751884, 27.609135], [33.660023, 27.711251], [33.467614, 27.890771]]}, "properties": {"source_map": "gasco2007", "source_file": "maps/source_mashreq_gas_initiative_2008.pdf", "source_page": 15, "source_title": "GASCO, Natural Gas Network, Nov. 2007", "legend_class": "under_study_pl", "path_id": "g07-0202", "stroke_rgb": "#FF0101", "dashed": true, "geometry_source": "stroke", "length_km": 41.98, "georef_order": 2, "georef_source": "printed 1-degree graticule", "georef_loo_rmse_km": 2.153, "drawn_feature_offset_median_km": 14.0, "accuracy_tier": "low", "inside_egypt": true}}, {"type": "Feature", "geometry": {"type": "LineString", "coordinates": [[30.718643, 27.597028], [30.815135, 27.589034], [31.086933, 27.578954]]}, "properties": {"source_map": "gasco2007", "source_file": "maps/source_mashreq_gas_initiative_2008.pdf", "source_page": 15, "source_title": "GASCO, Natural Gas Network, Nov. 2007", "legend_class": "under_study_pl", "path_id": "g07-0203", "stroke_rgb": "#FF0101", "dashed": true, "geometry_source": "stroke", "length_km": 36.43, "georef_order": 2, "georef_source": "printed 1-degree graticule", "georef_loo_rmse_km": 2.153, "drawn_feature_offset_median_km": 14.0, "accuracy_tier": "low", "inside_egypt": true}}, {"type": "Feature", "geometry": {"type": "LineString", "coordinates": [[30.709379, 27.462641], [30.773746, 27.46205], [30.805867, 27.458234]]}, "properties": {"source_map": "gasco2007", "source_file": "maps/source_mashreq_gas_initiative_2008.pdf", "source_page": 15, "source_title": "GASCO, Natural Gas Network, Nov. 2007", "legend_class": "under_study_pl", "path_id": "g07-0204", "stroke_rgb": "#FF0101", "dashed": true, "geometry_source": "stroke", "length_km": 9.57, "georef_order": 2, "georef_source": "printed 1-degree graticule", "georef_loo_rmse_km": 2.153, "drawn_feature_offset_median_km": 14.0, "accuracy_tier": "low", "inside_egypt": true}}, {"type": "Feature", "geometry": {"type": "LineString", "coordinates": [[31.02656, 27.604436], [31.02617, 27.583183]]}, "properties": {"source_map": "gasco2007", "source_file": "maps/source_mashreq_gas_initiative_2008.pdf", "source_page": 15, "source_title": "GASCO, Natural Gas Network, Nov. 2007", "legend_class": "under_study_pl", "path_id": "g07-0205", "stroke_rgb": "#FF0101", "dashed": true, "geometry_source": "stroke", "length_km": 2.36, "georef_order": 2, "georef_source": "printed 1-degree graticule", "georef_loo_rmse_km": 2.153, "drawn_feature_offset_median_km": 14.0, "accuracy_tier": "low", "inside_egypt": true}}, {"type": "Feature", "geometry": {"type": "LineString", "coordinates": [[33.547475, 27.213333], [33.654414, 27.054547], [33.827748, 26.801756]]}, "properties": {"source_map": "gasco2007", "source_file": "maps/source_mashreq_gas_initiative_2008.pdf", "source_page": 15, "source_title": "GASCO, Natural Gas Network, Nov. 2007", "legend_class": "under_study_pl", "path_id": "g07-0206", "stroke_rgb": "#FF0101", "dashed": true, "geometry_source": "stroke", "length_km": 53.42, "georef_order": 2, "georef_source": "printed 1-degree graticule", "georef_loo_rmse_km": 2.153, "drawn_feature_offset_median_km": 14.0, "accuracy_tier": "low", "inside_egypt": true}}, {"type": "Feature", "geometry": {"type": "LineString", "coordinates": [[31.968228, 26.452948], [31.771374, 26.354276]]}, "properties": {"source_map": "gasco2007", "source_file": "maps/source_mashreq_gas_initiative_2008.pdf", "source_page": 15, "source_title": "GASCO, Natural Gas Network, Nov. 2007", "legend_class": "under_study_pl", "path_id": "g07-0207", "stroke_rgb": "#FF0101", "dashed": true, "geometry_source": "stroke", "length_km": 22.48, "georef_order": 2, "georef_source": "printed 1-degree graticule", "georef_loo_rmse_km": 2.153, "drawn_feature_offset_median_km": 14.0, "accuracy_tier": "low", "inside_egypt": true}}, {"type": "Feature", "geometry": {"type": "LineString", "coordinates": [[32.318802, 26.118213], [32.388265, 25.96886]]}, "properties": {"source_map": "gasco2007", "source_file": "maps/source_mashreq_gas_initiative_2008.pdf", "source_page": 15, "source_title": "GASCO, Natural Gas Network, Nov. 2007", "legend_class": "under_study_pl", "path_id": "g07-0208", "stroke_rgb": "#FF0101", "dashed": true, "geometry_source": "stroke", "length_km": 17.95, "georef_order": 2, "georef_source": "printed 1-degree graticule", "georef_loo_rmse_km": 2.153, "drawn_feature_offset_median_km": 14.0, "accuracy_tier": "low", "inside_egypt": true}}, {"type": "Feature", "geometry": {"type": "LineString", "coordinates": [[32.226139, 30.968845], [32.295357, 30.949375], [32.324772, 30.95228], [32.351707, 30.994399]]}, "properties": {"source_map": "gasco2007", "source_file": "maps/source_mashreq_gas_initiative_2008.pdf", "source_page": 15, "source_title": "GASCO, Natural Gas Network, Nov. 2007", "legend_class": "under_construction_pl", "path_id": "g07-0209", "stroke_rgb": "#0101FF", "dashed": true, "geometry_source": "stroke", "length_km": 15.12, "georef_order": 2, "georef_source": "printed 1-degree graticule", "georef_loo_rmse_km": 2.153, "drawn_feature_offset_median_km": 14.0, "accuracy_tier": "low", "inside_egypt": true}}, {"type": "Feature", "geometry": {"type": "LineString", "coordinates": [[32.149227, 31.234691], [32.112466, 31.235527], [32.036607, 31.287201], [31.963938, 31.324459], [31.898033, 31.340159], [31.858706, 31.387421]]}, "properties": {"source_map": "gasco2007", "source_file": "maps/source_mashreq_gas_initiative_2008.pdf", "source_page": 15, "source_title": "GASCO, Natural Gas Network, Nov. 2007", "legend_class": "under_study_pl", "path_id": "g07-0210", "stroke_rgb": "#FF0101", "dashed": true, "geometry_source": "stroke", "length_km": 33.73, "georef_order": 2, "georef_source": "printed 1-degree graticule", "georef_loo_rmse_km": 2.153, "drawn_feature_offset_median_km": 14.0, "accuracy_tier": "low", "inside_egypt": true}}, {"type": "Feature", "geometry": {"type": "LineString", "coordinates": [[31.825909, 31.402398], [31.751816, 31.389592], [31.732424, 31.35069], [31.702798, 31.344113], [31.65853, 31.344968], [31.640205, 31.348919], [31.578503, 31.389383]]}, "properties": {"source_map": "gasco2007", "source_file": "maps/source_mashreq_gas_initiative_2008.pdf", "source_page": 15, "source_title": "GASCO, Natural Gas Network, Nov. 2007", "legend_class": "under_study_pl", "path_id": "g07-0211", "stroke_rgb": "#FF0101", "dashed": true, "geometry_source": "stroke", "length_km": 28.19, "georef_order": 2, "georef_source": "printed 1-degree graticule", "georef_loo_rmse_km": 2.153, "drawn_feature_offset_median_km": 14.0, "accuracy_tier": "low", "inside_egypt": true}}, {"type": "Feature", "geometry": {"type": "LineString", "coordinates": [[31.455553, 31.337996], [31.44842, 31.348821], [31.470153, 31.330595], [31.469748, 31.312759], [31.462942, 31.337865], [31.430382, 31.366982], [31.419429, 31.370774], [31.419828, 31.388628], [31.431745, 31.427719]]}, "properties": {"source_map": "gasco2007", "source_file": "maps/source_mashreq_gas_initiative_2008.pdf", "source_page": 15, "source_title": "GASCO, Natural Gas Network, Nov. 2007", "legend_class": "under_study_pl", "path_id": "g07-0212", "stroke_rgb": "#FF0101", "dashed": true, "geometry_source": "stroke", "length_km": 21.16, "georef_order": 2, "georef_source": "printed 1-degree graticule", "georef_loo_rmse_km": 2.153, "drawn_feature_offset_median_km": 14.0, "accuracy_tier": "low", "inside_egypt": true}}, {"type": "Feature", "geometry": {"type": "LineString", "coordinates": [[33.026434, 24.162805], [33.041044, 24.281501], [32.775234, 24.298807]]}, "properties": {"source_map": "gasco2007", "source_file": "maps/source_mashreq_gas_initiative_2008.pdf", "source_page": 15, "source_title": "GASCO, Natural Gas Network, Nov. 2007", "legend_class": "under_study_pl", "path_id": "g07-0213", "stroke_rgb": "#FF0101", "dashed": true, "geometry_source": "stroke", "length_km": 40.28, "georef_order": 2, "georef_source": "printed 1-degree graticule", "georef_loo_rmse_km": 2.153, "drawn_feature_offset_median_km": 14.0, "accuracy_tier": "low", "inside_egypt": true}}, {"type": "Feature", "geometry": {"type": "LineString", "coordinates": [[29.858684, 30.902355], [29.845468, 30.670291], [29.900625, 30.659345]]}, "properties": {"source_map": "gasco2007", "source_file": "maps/source_mashreq_gas_initiative_2008.pdf", "source_page": 15, "source_title": "GASCO, Natural Gas Network, Nov. 2007", "legend_class": "existing_pl", "path_id": "g07-0214", "stroke_rgb": "#019901", "dashed": false, "geometry_source": "stroke", "length_km": 31.18, "georef_order": 2, "georef_source": "printed 1-degree graticule", "georef_loo_rmse_km": 2.153, "drawn_feature_offset_median_km": 14.0, "accuracy_tier": "low", "inside_egypt": true}}, {"type": "Feature", "geometry": {"type": "LineString", "coordinates": [[29.877244, 30.909406], [29.863024, 30.580977]]}, "properties": {"source_map": "gasco2007", "source_file": "maps/source_mashreq_gas_initiative_2008.pdf", "source_page": 15, "source_title": "GASCO, Natural Gas Network, Nov. 2007", "legend_class": "existing_pl", "path_id": "g07-0215", "stroke_rgb": "#019901", "dashed": false, "geometry_source": "stroke", "length_km": 36.44, "georef_order": 2, "georef_source": "printed 1-degree graticule", "georef_loo_rmse_km": 2.153, "drawn_feature_offset_median_km": 14.0, "accuracy_tier": "low", "inside_egypt": true}}, {"type": "Feature", "geometry": {"type": "LineString", "coordinates": [[26.900924, 29.303233], [27.255567, 29.41306]]}, "properties": {"source_map": "gasco2007", "source_file": "maps/source_mashreq_gas_initiative_2008.pdf", "source_page": 15, "source_title": "GASCO, Natural Gas Network, Nov. 2007", "legend_class": "under_study_pl", "path_id": "g07-0216", "stroke_rgb": "#FF0101", "dashed": true, "geometry_source": "stroke", "length_km": 36.52, "georef_order": 2, "georef_source": "printed 1-degree graticule", "georef_loo_rmse_km": 2.153, "drawn_feature_offset_median_km": 14.0, "accuracy_tier": "low", "inside_egypt": true}}, {"type": "Feature", "geometry": {"type": "LineString", "coordinates": [[27.443157, 30.766666], [27.397296, 30.894862]]}, "properties": {"source_map": "gasco2007", "source_file": "maps/source_mashreq_gas_initiative_2008.pdf", "source_page": 15, "source_title": "GASCO, Natural Gas Network, Nov. 2007", "legend_class": "under_study_pl", "path_id": "g07-0217", "stroke_rgb": "#FF0101", "dashed": true, "geometry_source": "stroke", "length_km": 14.87, "georef_order": 2, "georef_source": "printed 1-degree graticule", "georef_loo_rmse_km": 2.153, "drawn_feature_offset_median_km": 14.0, "accuracy_tier": "low", "inside_egypt": true}}, {"type": "Feature", "geometry": {"type": "LineString", "coordinates": [[26.511088, 29.519989], [26.987732, 29.643948]]}, "properties": {"source_map": "gasco2007", "source_file": "maps/source_mashreq_gas_initiative_2008.pdf", "source_page": 15, "source_title": "GASCO, Natural Gas Network, Nov. 2007", "legend_class": "under_study_pl", "path_id": "g07-0218", "stroke_rgb": "#FF0101", "dashed": true, "geometry_source": "stroke", "length_km": 48.18, "georef_order": 2, "georef_source": "printed 1-degree graticule", "georef_loo_rmse_km": 2.153, "drawn_feature_offset_median_km": 14.0, "accuracy_tier": "low", "inside_egypt": true}}, {"type": "Feature", "geometry": {"type": "LineString", "coordinates": [[31.507856, 26.742925], [31.454565, 26.740155]]}, "properties": {"source_map": "gasco2007", "source_file": "maps/source_mashreq_gas_initiative_2008.pdf", "source_page": 15, "source_title": "GASCO, Natural Gas Network, Nov. 2007", "legend_class": "under_study_pl", "path_id": "g07-0219", "stroke_rgb": "#FF0101", "dashed": true, "geometry_source": "stroke", "length_km": 5.31, "georef_order": 2, "georef_source": "printed 1-degree graticule", "georef_loo_rmse_km": 2.153, "drawn_feature_offset_median_km": 14.0, "accuracy_tier": "low", "inside_egypt": true}}, {"type": "Feature", "geometry": {"type": "LineString", "coordinates": [[31.530455, 26.643741], [31.402883, 26.645604]]}, "properties": {"source_map": "gasco2007", "source_file": "maps/source_mashreq_gas_initiative_2008.pdf", "source_page": 15, "source_title": "GASCO, Natural Gas Network, Nov. 2007", "legend_class": "under_study_pl", "path_id": "g07-0220", "stroke_rgb": "#FF0101", "dashed": true, "geometry_source": "stroke", "length_km": 12.7, "georef_order": 2, "georef_source": "printed 1-degree graticule", "georef_loo_rmse_km": 2.153, "drawn_feature_offset_median_km": 14.0, "accuracy_tier": "low", "inside_egypt": true}}, {"type": "Feature", "geometry": {"type": "LineString", "coordinates": [[31.968228, 26.452948], [31.771374, 26.354276]]}, "properties": {"source_map": "gasco2007", "source_file": "maps/source_mashreq_gas_initiative_2008.pdf", "source_page": 15, "source_title": "GASCO, Natural Gas Network, Nov. 2007", "legend_class": "under_study_pl", "path_id": "g07-0221", "stroke_rgb": "#FF0101", "dashed": true, "geometry_source": "stroke", "length_km": 22.48, "georef_order": 2, "georef_source": "printed 1-degree graticule", "georef_loo_rmse_km": 2.153, "drawn_feature_offset_median_km": 14.0, "accuracy_tier": "low", "inside_egypt": true}}, {"type": "Feature", "geometry": {"type": "LineString", "coordinates": [[34.995486, 29.460003], [35.160158, 29.910711], [35.307719, 30.5263], [35.444539, 30.861635], [35.486003, 31.14656], [35.590668, 31.703402]]}, "properties": {"source_map": "gasco2007", "source_file": "maps/source_mashreq_gas_initiative_2008.pdf", "source_page": 15, "source_title": "GASCO, Natural Gas Network, Nov. 2007", "legend_class": "existing_pl", "path_id": "g07-0222", "stroke_rgb": "#019901", "dashed": false, "geometry_source": "fill_centerline", "length_km": 255.94, "georef_order": 2, "georef_source": "printed 1-degree graticule", "georef_loo_rmse_km": 2.153, "drawn_feature_offset_median_km": 14.0, "accuracy_tier": "low", "inside_egypt": false}}, {"type": "Feature", "geometry": {"type": "LineString", "coordinates": [[34.119928, 31.184078], [34.135525, 31.260067], [34.151175, 31.336513], [34.189127, 31.402111], [34.246671, 31.456957], [34.304019, 31.511553], [34.361183, 31.566138], [34.41886, 31.620921], [34.476124, 31.675716], [34.533646, 31.730467], [34.603101, 31.797316]]}, "properties": {"source_map": "gasco2007", "source_file": "maps/source_mashreq_gas_initiative_2008.pdf", "source_page": 15, "source_title": "GASCO, Natural Gas Network, Nov. 2007", "legend_class": "under_study_pl", "path_id": "g07-0223", "stroke_rgb": "#FF0101", "dashed": true, "geometry_source": "fill_dash_chain", "length_km": 84.13, "georef_order": 2, "georef_source": "printed 1-degree graticule", "georef_loo_rmse_km": 2.153, "drawn_feature_offset_median_km": 14.0, "accuracy_tier": "low", "inside_egypt": false}}]}
